x,y,z
0.000000,0.000000,0.000000e+00
0.012658,0.000000,0.000000e+00
0.025316,0.000000,0.000000e+00
0.037975,0.000000,0.000000e+00
0.050633,0.000000,0.000000e+00
0.063291,0.000000,0.000000e+00
0.075949,0.000000,0.000000e+00
0.088608,0.000000,0.000000e+00
0.101266,0.000000,0.000000e+00
0.113924,0.000000,0.000000e+00
0.126582,0.000000,0.000000e+00
0.139241,0.000000,0.000000e+00
0.151899,0.000000,0.000000e+00
0.164557,0.000000,0.000000e+00
0.177215,0.000000,0.000000e+00
0.189873,0.000000,0.000000e+00
0.202532,0.000000,0.000000e+00
0.215190,0.000000,0.000000e+00
0.227848,0.000000,0.000000e+00
0.240506,0.000000,0.000000e+00
0.253165,0.000000,0.000000e+00
0.265823,0.000000,0.000000e+00
0.278481,0.000000,0.000000e+00
0.291139,0.000000,0.000000e+00
0.303797,0.000000,0.000000e+00
0.316456,0.000000,0.000000e+00
0.329114,0.000000,0.000000e+00
0.341772,0.000000,0.000000e+00
0.354430,0.000000,0.000000e+00
0.367089,0.000000,0.000000e+00
0.379747,0.000000,0.000000e+00
0.392405,0.000000,0.000000e+00
0.405063,0.000000,0.000000e+00
0.417722,0.000000,0.000000e+00
0.430380,0.000000,0.000000e+00
0.443038,0.000000,0.000000e+00
0.455696,0.000000,0.000000e+00
0.468354,0.000000,0.000000e+00
0.481013,0.000000,0.000000e+00
0.493671,0.000000,0.000000e+00
0.506329,0.000000,0.000000e+00
0.518987,0.000000,0.000000e+00
0.531646,0.000000,0.000000e+00
0.544304,0.000000,0.000000e+00
0.556962,0.000000,0.000000e+00
0.569620,0.000000,0.000000e+00
0.582278,0.000000,0.000000e+00
0.594937,0.000000,0.000000e+00
0.607595,0.000000,0.000000e+00
0.620253,0.000000,0.000000e+00
0.632911,0.000000,0.000000e+00
0.645570,0.000000,0.000000e+00
0.658228,0.000000,0.000000e+00
0.670886,0.000000,0.000000e+00
0.683544,0.000000,0.000000e+00
0.696203,0.000000,0.000000e+00
0.708861,0.000000,0.000000e+00
0.721519,0.000000,0.000000e+00
0.734177,0.000000,0.000000e+00
0.746835,0.000000,0.000000e+00
0.759494,0.000000,0.000000e+00
0.772152,0.000000,0.000000e+00
0.784810,0.000000,0.000000e+00
0.797468,0.000000,0.000000e+00
0.810127,0.000000,0.000000e+00
0.822785,0.000000,0.000000e+00
0.835443,0.000000,0.000000e+00
0.848101,0.000000,0.000000e+00
0.860759,0.000000,0.000000e+00
0.873418,0.000000,0.000000e+00
0.886076,0.000000,0.000000e+00
0.898734,0.000000,0.000000e+00
0.911392,0.000000,0.000000e+00
0.924051,0.000000,0.000000e+00
0.936709,0.000000,0.000000e+00
0.949367,0.000000,0.000000e+00
0.962025,0.000000,0.000000e+00
0.974684,0.000000,0.000000e+00
0.987342,0.000000,0.000000e+00
1.000000,0.000000,0.000000e+00
0.000000,0.012658,0.000000e+00
0.012658,0.012658,4.148619e-06
0.025316,0.012658,9.000122e-06
0.037975,0.012658,1.455451e-05
0.050633,0.012658,2.081178e-05
0.063291,0.012658,2.777194e-05
0.075949,0.012658,3.543498e-05
0.088608,0.012658,4.380090e-05
0.101266,0.012658,5.286971e-05
0.113924,0.012658,6.264140e-05
0.126582,0.012658,7.311598e-05
0.139241,0.012658,8.429344e-05
0.151899,0.012658,9.617378e-05
0.164557,0.012658,1.087570e-04
0.177215,0.012658,1.220431e-04
0.189873,0.012658,1.360321e-04
0.202532,0.012658,1.507240e-04
0.215190,0.012658,1.661188e-04
0.227848,0.012658,1.822164e-04
0.240506,0.012658,1.990169e-04
0.253165,0.012658,2.165204e-04
0.265823,0.012658,2.357944e-04
0.278481,0.012658,2.591402e-04
0.291139,0.012658,2.866357e-04
0.303797,0.012658,3.182810e-04
0.316456,0.012658,3.540762e-04
0.329114,0.012658,3.940211e-04
0.341772,0.012658,4.381158e-04
0.354430,0.012658,4.863603e-04
0.367089,0.012658,5.426266e-04
0.379747,0.012658,6.135745e-04
0.392405,0.012658,6.993194e-04
0.405063,0.012658,7.998612e-04
0.417722,0.012658,9.190321e-04
0.430380,0.012658,1.075214e-03
0.443038,0.012658,1.270812e-03
0.455696,0.012658,1.514198e-03
0.468354,0.012658,1.827494e-03
0.481013,0.012658,2.211220e-03
0.493671,0.012658,2.658878e-03
0.506329,0.012658,3.133806e-03
0.518987,0.012658,3.576551e-03
0.531646,0.012658,3.960934e-03
0.544304,0.012658,4.276553e-03
0.556962,0.012658,4.521510e-03
0.569620,0.012658,4.710790e-03
0.582278,0.012658,4.868807e-03
0.594937,0.012658,4.995904e-03
0.607595,0.012658,5.092729e-03
0.620253,0.012658,5.173562e-03
0.632911,0.012658,5.244256e-03
0.645570,0.012658,5.304811e-03
0.658228,0.012658,5.355227e-03
0.670886,0.012658,5.397519e-03
0.683544,0.012658,5.435789e-03
0.696203,0.012658,5.470158e-03
0.708861,0.012658,5.500625e-03
0.721519,0.012658,5.527191e-03
0.734177,0.012658,5.550601e-03
0.746835,0.012658,5.572239e-03
0.759494,0.012658,5.592135e-03
0.772152,0.012658,5.610290e-03
0.784810,0.012658,5.626703e-03
0.797468,0.012658,5.641508e-03
0.810127,0.012658,5.655326e-03
0.822785,0.012658,5.668238e-03
0.835443,0.012658,5.680241e-03
0.848101,0.012658,5.691337e-03
0.860759,0.012658,5.701528e-03
0.873418,0.012658,5.711056e-03
0.886076,0.012658,5.720062e-03
0.898734,0.012658,5.728546e-03
0.911392,0.012658,5.736509e-03
0.924051,0.012658,5.743950e-03
0.936709,0.012658,5.750907e-03
0.949367,0.012658,5.757529e-03
0.962025,0.012658,5.763830e-03
0.974684,0.012658,5.769811e-03
0.987342,0.012658,5.775471e-03
1.000000,0.012658,5.780811e-03
0.000000,0.025316,0.000000e+00
0.012658,0.025316,8.911545e-06
0.025316,0.025316,1.935363e-05
0.037975,0.025316,3.132627e-05
0.050633,0.025316,4.482944e-05
0.063291,0.025316,5.986316e-05
0.075949,0.025316,7.642743e-05
0.088608,0.025316,9.452224e-05
0.101266,0.025316,1.141476e-04
0.113924,0.025316,1.353035e-04
0.126582,0.025316,1.579899e-04
0.139241,0.025316,1.822069e-04
0.151899,0.025316,2.079544e-04
0.164557,0.025316,2.352325e-04
0.177215,0.025316,2.640411e-04
0.189873,0.025316,2.943803e-04
0.202532,0.025316,3.262500e-04
0.215190,0.025316,3.596502e-04
0.227848,0.025316,3.945810e-04
0.240506,0.025316,4.310424e-04
0.253165,0.025316,4.690343e-04
0.265823,0.025316,5.108791e-04
0.278481,0.025316,5.615817e-04
0.291139,0.025316,6.213121e-04
0.303797,0.025316,6.900701e-04
0.316456,0.025316,7.678559e-04
0.329114,0.025316,8.546693e-04
0.341772,0.025316,9.505104e-04
0.354430,0.025316,1.055379e-03
0.367089,0.025316,1.177691e-03
0.379747,0.025316,1.331921e-03
0.392405,0.025316,1.518318e-03
0.405063,0.025316,1.736884e-03
0.417722,0.025316,1.995935e-03
0.430380,0.025316,2.335364e-03
0.443038,0.025316,2.760390e-03
0.455696,0.025316,3.289172e-03
0.468354,0.025316,3.969684e-03
0.481013,0.025316,4.803047e-03
0.493671,0.025316,5.775133e-03
0.506329,0.025316,6.806392e-03
0.518987,0.025316,7.767826e-03
0.531646,0.025316,8.602628e-03
0.544304,0.025316,9.288194e-03
0.556962,0.025316,9.820400e-03
0.569620,0.025316,1.023175e-02
0.582278,0.025316,1.057519e-02
0.594937,0.025316,1.085148e-02
0.607595,0.025316,1.106201e-02
0.620253,0.025316,1.123779e-02
0.632911,0.025316,1.139151e-02
0.645570,0.025316,1.152319e-02
0.658228,0.025316,1.163282e-02
0.670886,0.025316,1.172478e-02
0.683544,0.025316,1.180799e-02
0.696203,0.025316,1.188271e-02
0.708861,0.025316,1.194894e-02
0.721519,0.025316,1.200668e-02
0.734177,0.025316,1.205755e-02
0.746835,0.025316,1.210457e-02
0.759494,0.025316,1.214780e-02
0.772152,0.025316,1.218724e-02
0.784810,0.025316,1.222290e-02
0.797468,0.025316,1.225505e-02
0.810127,0.025316,1.228506e-02
0.822785,0.025316,1.231310e-02
0.835443,0.025316,1.233917e-02
0.848101,0.025316,1.236327e-02
0.860759,0.025316,1.238540e-02
0.873418,0.025316,1.240608e-02
0.886076,0.025316,1.242564e-02
0.898734,0.025316,1.244406e-02
0.911392,0.025316,1.246135e-02
0.924051,0.025316,1.247751e-02
0.936709,0.025316,1.249261e-02
0.949367,0.025316,1.250699e-02
0.962025,0.025316,1.252066e-02
0.974684,0.025316,1.253364e-02
0.987342,0.025316,1.254593e-02
1.000000,0.025316,1.255751e-02
0.000000,0.037975,0.000000e+00
0.012658,0.037975,1.428878e-05
0.025316,0.037975,3.106054e-05
0.037975,0.037975,5.031527e-05
0.050633,0.037975,7.205299e-05
0.063291,0.037975,9.627369e-05
0.075949,0.037975,1.229774e-04
0.088608,0.037975,1.521640e-04
0.101266,0.037975,1.838337e-04
0.113924,0.037975,2.179863e-04
0.126582,0.037975,2.546219e-04
0.139241,0.037975,2.937404e-04
0.151899,0.037975,3.353420e-04
0.164557,0.037975,3.794265e-04
0.177215,0.037975,4.259940e-04
0.189873,0.037975,4.750445e-04
0.202532,0.037975,5.265780e-04
0.215190,0.037975,5.805944e-04
0.227848,0.037975,6.370939e-04
0.240506,0.037975,6.960763e-04
0.253165,0.037975,7.575417e-04
0.265823,0.037975,8.252540e-04
0.278481,0.037975,9.073247e-04
0.291139,0.037975,1.004029e-03
0.303797,0.037975,1.115367e-03
0.316456,0.037975,1.241339e-03
0.329114,0.037975,1.381945e-03
0.341772,0.037975,1.537184e-03
0.354430,0.037975,1.707057e-03
0.367089,0.037975,1.905194e-03
0.379747,0.037975,2.155039e-03
0.392405,0.037975,2.456997e-03
0.405063,0.037975,2.811070e-03
0.417722,0.037975,3.230710e-03
0.430380,0.037975,3.780450e-03
0.443038,0.037975,4.468735e-03
0.455696,0.037975,5.324920e-03
0.468354,0.037975,6.426571e-03
0.481013,0.037975,7.775480e-03
0.493671,0.037975,9.348766e-03
0.506329,0.037975,1.101776e-02
0.518987,0.037975,1.257382e-02
0.531646,0.037975,1.392508e-02
0.544304,0.037975,1.503492e-02
0.556962,0.037975,1.589667e-02
0.569620,0.037975,1.656288e-02
0.582278,0.037975,1.711916e-02
0.594937,0.037975,1.756673e-02
0.607595,0.037975,1.790784e-02
0.620253,0.037975,1.819267e-02
0.632911,0.037975,1.844177e-02
0.645570,0.037975,1.865514e-02
0.658228,0.037975,1.883277e-02
0.670886,0.037975,1.898178e-02
0.683544,0.037975,1.911659e-02
0.696203,0.037975,1.923764e-02
0.708861,0.037975,1.934493e-02
0.721519,0.037975,1.943845e-02
0.734177,0.037975,1.952085e-02
0.746835,0.037975,1.959699e-02
0.759494,0.037975,1.966699e-02
0.772152,0.037975,1.973086e-02
0.784810,0.037975,1.978858e-02
0.797468,0.037975,1.984063e-02
0.810127,0.037975,1.988921e-02
0.822785,0.037975,1.993460e-02
0.835443,0.037975,1.997679e-02
0.848101,0.037975,2.001579e-02
0.860759,0.037975,2.005160e-02
0.873418,0.037975,2.008508e-02
0.886076,0.037975,2.011673e-02
0.898734,0.037975,2.014654e-02
0.911392,0.037975,2.017452e-02
0.924051,0.037975,2.020067e-02
0.936709,0.037975,2.022511e-02
0.949367,0.037975,2.024837e-02
0.962025,0.037975,2.027050e-02
0.974684,0.037975,2.029150e-02
0.987342,0.037975,2.031136e-02
1.000000,0.037975,2.033010e-02
0.000000,0.050633,0.000000e+00
0.012658,0.050633,2.028032e-05
0.025316,0.050633,4.412083e-05
0.037975,0.050633,7.152153e-05
0.050633,0.050633,1.024824e-04
0.063291,0.050633,1.370035e-04
0.075949,0.050633,1.750848e-04
0.088608,0.050633,2.167262e-04
0.101266,0.050633,2.619279e-04
0.113924,0.050633,3.106897e-04
0.126582,0.050633,3.630118e-04
0.139241,0.050633,4.188940e-04
0.151899,0.050633,4.783364e-04
0.164557,0.050633,5.413390e-04
0.177215,0.050633,6.079018e-04
0.189873,0.050633,6.780248e-04
0.202532,0.050633,7.517080e-04
0.215190,0.050633,8.289514e-04
0.227848,0.050633,9.097549e-04
0.240506,0.050633,9.941187e-04
0.253165,0.050633,1.082043e-03
0.265823,0.050633,1.178919e-03
0.278481,0.050633,1.296369e-03
0.291139,0.050633,1.434787e-03
0.303797,0.050633,1.594172e-03
0.316456,0.050633,1.774526e-03
0.329114,0.050633,1.975847e-03
0.341772,0.050633,2.198136e-03
0.354430,0.050633,2.441393e-03
0.367089,0.050633,2.725134e-03
0.379747,0.050633,3.082928e-03
0.392405,0.050633,3.515356e-03
0.405063,0.050633,4.022417e-03
0.417722,0.050633,4.623355e-03
0.430380,0.050633,5.410472e-03
0.443038,0.050633,6.395846e-03
0.455696,0.050633,7.621444e-03
0.468354,0.050633,9.198154e-03
0.481013,0.050633,1.112852e-02
0.493671,0.050633,1.337978e-02
0.506329,0.050633,1.576790e-02
0.518987,0.050633,1.799455e-02
0.531646,0.050633,1.992829e-02
0.544304,0.050633,2.151674e-02
0.556962,0.050633,2.275032e-02
0.569620,0.050633,2.370418e-02
0.582278,0.050633,2.450071e-02
0.594937,0.050633,2.514164e-02
0.607595,0.050633,2.563023e-02
0.620253,0.050633,2.603822e-02
0.632911,0.050633,2.639502e-02
0.645570,0.050633,2.670065e-02
0.658228,0.050633,2.695509e-02
0.670886,0.050633,2.716852e-02
0.683544,0.050633,2.736161e-02
0.696203,0.050633,2.753497e-02
0.708861,0.050633,2.768861e-02
0.721519,0.050633,2.782253e-02
0.734177,0.050633,2.794049e-02
0.746835,0.050633,2.804951e-02
0.759494,0.050633,2.814972e-02
0.772152,0.050633,2.824113e-02
0.784810,0.050633,2.832375e-02
0.797468,0.050633,2.839825e-02
0.810127,0.050633,2.846777e-02
0.822785,0.050633,2.853272e-02
0.835443,0.050633,2.859310e-02
0.848101,0.050633,2.864890e-02
0.860759,0.050633,2.870015e-02
0.873418,0.050633,2.874805e-02
0.886076,0.050633,2.879333e-02
0.898734,0.050633,2.883599e-02
0.911392,0.050633,2.887602e-02
0.924051,0.050633,2.891343e-02
0.936709,0.050633,2.894840e-02
0.949367,0.050633,2.898168e-02
0.962025,0.050633,2.901334e-02
0.974684,0.050633,2.904337e-02
0.987342,0.050633,2.907179e-02
1.000000,0.050633,2.909858e-02
0.000000,0.063291,0.000000e+00
0.012658,0.063291,2.688616e-05
0.025316,0.063291,5.853451e-05
0.037975,0.063291,9.494503e-05
0.050633,0.063291,1.361177e-04
0.063291,0.063291,1.820526e-04
0.075949,0.063291,2.327497e-04
0.088608,0.063291,2.882089e-04
0.101266,0.063291,3.484303e-04
0.113924,0.063291,4.134139e-04
0.126582,0.063291,4.831597e-04
0.139241,0.063291,5.576676e-04
0.151899,0.063291,6.369377e-04
0.164557,0.063291,7.209700e-04
0.177215,0.063291,8.097645e-04
0.189873,0.063291,9.033212e-04
0.202532,0.063291,1.001640e-03
0.215190,0.063291,1.104721e-03
0.227848,0.063291,1.212564e-03
0.240506,0.063291,1.325170e-03
0.253165,0.063291,1.442537e-03
0.265823,0.063291,1.571875e-03
0.278481,0.063291,1.728715e-03
0.291139,0.063291,1.913585e-03
0.303797,0.063291,2.126486e-03
0.316456,0.063291,2.367416e-03
0.329114,0.063291,2.636377e-03
0.341772,0.063291,2.933367e-03
0.354430,0.063291,3.258388e-03
0.367089,0.063291,3.637513e-03
0.379747,0.063291,4.115589e-03
0.392405,0.063291,4.693394e-03
0.405063,0.063291,5.370926e-03
0.417722,0.063291,6.173871e-03
0.430380,0.063291,7.225430e-03
0.443038,0.063291,8.541724e-03
0.455696,0.063291,1.017874e-02
0.468354,0.063291,1.228443e-02
0.481013,0.063291,1.486216e-02
0.493671,0.063291,1.786816e-02
0.506329,0.063291,2.105683e-02
0.518987,0.063291,2.402999e-02
0.531646,0.063291,2.661226e-02
0.544304,0.063291,2.873364e-02
0.556962,0.063291,3.038135e-02
0.569620,0.063291,3.165564e-02
0.582278,0.063291,3.271984e-02
0.594937,0.063291,3.357623e-02
0.607595,0.063291,3.422916e-02
0.620253,0.063291,3.477443e-02
0.632911,0.063291,3.525128e-02
0.645570,0.063291,3.565973e-02
0.658228,0.063291,3.599978e-02
0.670886,0.063291,3.628500e-02
0.683544,0.063291,3.654303e-02
0.696203,0.063291,3.677469e-02
0.708861,0.063291,3.697998e-02
0.721519,0.063291,3.715890e-02
0.734177,0.063291,3.731649e-02
0.746835,0.063291,3.746211e-02
0.759494,0.063291,3.759597e-02
0.772152,0.063291,3.771807e-02
0.784810,0.063291,3.782842e-02
0.797468,0.063291,3.792790e-02
0.810127,0.063291,3.802074e-02
0.822785,0.063291,3.810748e-02
0.835443,0.063291,3.818810e-02
0.848101,0.063291,3.826261e-02
0.860759,0.063291,3.833103e-02
0.873418,0.063291,3.839499e-02
0.886076,0.063291,3.845545e-02
0.898734,0.063291,3.851240e-02
0.911392,0.063291,3.856585e-02
0.924051,0.063291,3.861580e-02
0.936709,0.063291,3.866249e-02
0.949367,0.063291,3.870692e-02
0.962025,0.063291,3.874918e-02
0.974684,0.063291,3.878927e-02
0.987342,0.063291,3.882719e-02
1.000000,0.063291,3.886294e-02
0.000000,0.075949,0.000000e+00
0.012658,0.075949,3.410632e-05
0.025316,0.075949,7.430158e-05
0.037975,0.075949,1.205858e-04
0.050633,0.075949,1.729589e-04
0.063291,0.075949,2.314210e-04
0.075949,0.075949,2.959720e-04
0.088608,0.075949,3.666120e-04
0.101266,0.075949,4.433409e-04
0.113924,0.075949,5.261587e-04
0.126582,0.075949,6.150655e-04
0.139241,0.075949,7.100612e-04
0.151899,0.075949,8.111459e-04
0.164557,0.075949,9.183195e-04
0.177215,0.075949,1.031582e-03
0.189873,0.075949,1.150934e-03
0.202532,0.075949,1.276374e-03
0.215190,0.075949,1.407903e-03
0.227848,0.075949,1.545522e-03
0.240506,0.075949,1.689229e-03
0.253165,0.075949,1.839025e-03
0.265823,0.075949,2.004120e-03
0.278481,0.075949,2.204362e-03
0.291139,0.075949,2.440424e-03
0.303797,0.075949,2.712307e-03
0.316456,0.075949,3.020010e-03
0.329114,0.075949,3.363533e-03
0.341772,0.075949,3.742877e-03
0.354430,0.075949,4.158041e-03
0.367089,0.075949,4.642329e-03
0.379747,0.075949,5.253022e-03
0.392405,0.075949,5.991111e-03
0.405063,0.075949,6.856597e-03
0.417722,0.075949,7.882258e-03
0.430380,0.075949,9.225324e-03
0.443038,0.075949,1.090637e-02
0.455696,0.075949,1.299682e-02
0.468354,0.075949,1.568541e-02
0.481013,0.075949,1.897642e-02
0.493671,0.075949,2.281393e-02
0.506329,0.075949,2.688454e-02
0.518987,0.075949,3.068016e-02
0.531646,0.075949,3.397700e-02
0.544304,0.075949,3.668563e-02
0.556962,0.075949,3.878976e-02
0.569620,0.075949,4.041728e-02
0.582278,0.075949,4.177654e-02
0.594937,0.075949,4.287049e-02
0.607595,0.075949,4.370465e-02
0.620253,0.075949,4.440129e-02
0.632911,0.075949,4.501054e-02
0.645570,0.075949,4.553238e-02
0.658228,0.075949,4.596683e-02
0.670886,0.075949,4.633122e-02
0.683544,0.075949,4.666086e-02
0.696203,0.075949,4.695680e-02
0.708861,0.075949,4.721903e-02
0.721519,0.075949,4.744756e-02
0.734177,0.075949,4.764883e-02
0.746835,0.075949,4.783481e-02
0.759494,0.075949,4.800576e-02
0.772152,0.075949,4.816168e-02
0.784810,0.075949,4.830257e-02
0.797468,0.075949,4.842959e-02
0.810127,0.075949,4.854813e-02
0.822785,0.075949,4.865886e-02
0.835443,0.075949,4.876179e-02
0.848101,0.075949,4.885691e-02
0.860759,0.075949,4.894426e-02
0.873418,0.075949,4.902591e-02
0.886076,0.075949,4.910308e-02
0.898734,0.075949,4.917578e-02
0.911392,0.075949,4.924402e-02
0.924051,0.075949,4.930777e-02
0.936709,0.075949,4.936738e-02
0.949367,0.075949,4.942409e-02
0.962025,0.075949,4.947802e-02
0.974684,0.075949,4.952919e-02
0.987342,0.075949,4.957758e-02
1.000000,0.075949,4.962320e-02
0.000000,0.088608,0.000000e+00
0.012658,0.088608,4.194078e-05
0.025316,0.088608,9.142204e-05
0.037975,0.088608,1.484438e-04
0.050633,0.088608,2.130060e-04
0.063291,0.088608,2.851087e-04
0.075949,0.088608,3.647519e-04
0.088608,0.088608,4.519355e-04
0.101266,0.088608,5.466597e-04
0.113924,0.088608,6.489243e-04
0.126582,0.088608,7.587294e-04
0.139241,0.088608,8.760749e-04
0.151899,0.088608,1.000961e-03
0.164557,0.088608,1.133388e-03
0.177215,0.088608,1.273355e-03
0.189873,0.088608,1.420862e-03
0.202532,0.088608,1.575910e-03
0.215190,0.088608,1.738498e-03
0.227848,0.088608,1.908627e-03
0.240506,0.088608,2.086297e-03
0.253165,0.088608,2.271507e-03
0.265823,0.088608,2.475656e-03
0.278481,0.088608,2.723311e-03
0.291139,0.088608,3.015304e-03
0.303797,0.088608,3.351636e-03
0.316456,0.088608,3.732307e-03
0.329114,0.088608,4.157317e-03
0.341772,0.088608,4.626666e-03
0.354430,0.088608,5.140353e-03
0.367089,0.088608,5.739583e-03
0.379747,0.088608,6.495226e-03
0.392405,0.088608,7.408509e-03
0.405063,0.088608,8.479430e-03
0.417722,0.088608,9.748517e-03
0.430380,0.088608,1.141015e-02
0.443038,0.088608,1.348978e-02
0.455696,0.088608,1.607567e-02
0.468354,0.088608,1.940108e-02
0.481013,0.088608,2.347128e-02
0.493671,0.088608,2.821707e-02
0.506329,0.088608,3.325102e-02
0.518987,0.088608,3.794505e-02
0.531646,0.088608,4.202249e-02
0.544304,0.088608,4.537271e-02
0.556962,0.088608,4.797556e-02
0.569620,0.088608,4.998909e-02
0.582278,0.088608,5.167083e-02
0.594937,0.088608,5.302442e-02
0.607595,0.088608,5.405669e-02
0.620253,0.088608,5.491883e-02
0.632911,0.088608,5.567280e-02
0.645570,0.088608,5.631860e-02
0.658228,0.088608,5.685624e-02
0.670886,0.088608,5.730718e-02
0.683544,0.088608,5.771510e-02
0.696203,0.088608,5.808130e-02
0.708861,0.088608,5.840577e-02
0.721519,0.088608,5.868852e-02
0.734177,0.088608,5.893752e-02
0.746835,0.088608,5.916760e-02
0.759494,0.088608,5.937907e-02
0.772152,0.088608,5.957194e-02
0.784810,0.088608,5.974621e-02
0.797468,0.088608,5.990332e-02
0.810127,0.088608,6.004992e-02
0.822785,0.088608,6.018687e-02
0.835443,0.088608,6.031416e-02
0.848101,0.088608,6.043180e-02
0.860759,0.088608,6.053982e-02
0.873418,0.088608,6.064079e-02
0.886076,0.088608,6.073623e-02
0.898734,0.088608,6.082613e-02
0.911392,0.088608,6.091051e-02
0.924051,0.088608,6.098935e-02
0.936709,0.088608,6.106306e-02
0.949367,0.088608,6.113318e-02
0.962025,0.088608,6.119987e-02
0.974684,0.088608,6.126313e-02
0.987342,0.088608,6.132295e-02
1.000000,0.088608,6.137934e-02
0.000000,0.101266,0.000000e+00
0.012658,0.101266,5.038955e-05
0.025316,0.101266,1.098959e-04
0.037975,0.101266,1.785190e-04
0.050633,0.101266,2.562589e-04
0.063291,0.101266,3.431157e-04
0.075949,0.101266,4.390892e-04
0.088608,0.101266,5.441795e-04
0.101266,0.101266,6.583866e-04
0.113924,0.101266,7.817105e-04
0.126582,0.101266,9.141512e-04
0.139241,0.101266,1.055709e-03
0.151899,0.101266,1.206383e-03
0.164557,0.101266,1.366174e-03
0.177215,0.101266,1.535082e-03
0.189873,0.101266,1.713107e-03
0.202532,0.101266,1.900248e-03
0.215190,0.101266,2.096506e-03
0.227848,0.101266,2.301881e-03
0.240506,0.101266,2.516373e-03
0.253165,0.101266,2.739982e-03
0.265823,0.101266,2.986482e-03
0.278481,0.101266,3.285561e-03
0.291139,0.101266,3.638224e-03
0.303797,0.101266,4.044473e-03
0.316456,0.101266,4.504308e-03
0.329114,0.101266,5.017728e-03
0.341772,0.101266,5.584733e-03
0.354430,0.101266,6.205324e-03
0.367089,0.101266,6.929276e-03
0.379747,0.101266,7.842202e-03
0.392405,0.101266,8.945585e-03
0.405063,0.101266,1.023943e-02
0.417722,0.101266,1.177265e-02
0.430380,0.101266,1.377992e-02
0.443038,0.101266,1.629196e-02
0.455696,0.101266,1.941529e-02
0.468354,0.101266,2.343145e-02
0.481013,0.101266,2.834674e-02
0.493671,0.101266,3.407759e-02
0.506329,0.101266,4.015629e-02
0.518987,0.101266,4.582467e-02
0.531646,0.101266,5.074873e-02
0.544304,0.101266,5.479488e-02
0.556962,0.101266,5.793873e-02
0.569620,0.101266,6.037107e-02
0.582278,0.101266,6.240270e-02
0.594937,0.101266,6.403802e-02
0.607595,0.101266,6.528528e-02
0.620253,0.101266,6.632702e-02
0.632911,0.101266,6.723806e-02
0.645570,0.101266,6.801839e-02
0.658228,0.101266,6.866802e-02
0.670886,0.101266,6.921288e-02
0.683544,0.101266,6.970575e-02
0.696203,0.101266,7.014819e-02
0.708861,0.101266,7.054020e-02
0.721519,0.101266,7.088177e-02
0.734177,0.101266,7.118256e-02
0.746835,0.101266,7.146048e-02
0.759494,0.101266,7.171591e-02
0.772152,0.101266,7.194887e-02
0.784810,0.101266,7.215935e-02
0.797468,0.101266,7.234908e-02
0.810127,0.101266,7.252613e-02
0.822785,0.101266,7.269151e-02
0.835443,0.101266,7.284523e-02
0.848101,0.101266,7.298728e-02
0.860759,0.101266,7.311772e-02
0.873418,0.101266,7.323965e-02
0.886076,0.101266,7.335489e-02
0.898734,0.101266,7.346345e-02
0.911392,0.101266,7.356533e-02
0.924051,0.101266,7.366054e-02
0.936709,0.101266,7.374954e-02
0.949367,0.101266,7.383421e-02
0.962025,0.101266,7.391472e-02
0.974684,0.101266,7.399109e-02
0.987342,0.101266,7.406330e-02
1.000000,0.101266,7.413137e-02
0.000000,0.113924,0.000000e+00
0.012658,0.113924,5.945262e-05
0.025316,0.113924,1.297231e-04
0.037975,0.113924,2.108115e-04
0.050633,0.113924,3.027178e-04
0.063291,0.113924,4.054419e-04
0.075949,0.113924,5.189840e-04
0.088608,0.113924,6.433439e-04
0.101266,0.113924,7.785217e-04
0.113924,0.113924,9.245174e-04
0.126582,0.113924,1.081331e-03
0.139241,0.113924,1.248962e-03
0.151899,0.113924,1.427412e-03
0.164557,0.113924,1.616679e-03
0.177215,0.113924,1.816764e-03
0.189873,0.113924,2.027667e-03
0.202532,0.113924,2.249388e-03
0.215190,0.113924,2.481927e-03
0.227848,0.113924,2.725283e-03
0.240506,0.113924,2.979458e-03
0.253165,0.113924,3.244450e-03
0.265823,0.113924,3.536599e-03
0.278481,0.113924,3.891112e-03
0.291139,0.113924,4.309185e-03
0.303797,0.113924,4.790819e-03
0.316456,0.113924,5.336012e-03
0.329114,0.113924,5.944766e-03
0.341772,0.113924,6.617080e-03
0.354430,0.113924,7.352953e-03
0.367089,0.113924,8.211406e-03
0.379747,0.113924,9.293950e-03
0.392405,0.113924,1.060234e-02
0.405063,0.113924,1.213658e-02
0.417722,0.113924,1.395465e-02
0.430380,0.113924,1.633462e-02
0.443038,0.113924,1.931290e-02
0.455696,0.113924,2.301569e-02
0.468354,0.113924,2.777651e-02
0.481013,0.113924,3.360281e-02
0.493671,0.113924,4.039549e-02
0.506329,0.113924,4.760034e-02
0.518987,0.113924,5.431901e-02
0.531646,0.113924,6.015574e-02
0.544304,0.113924,6.495213e-02
0.556962,0.113924,6.867928e-02
0.569620,0.113924,7.156321e-02
0.582278,0.113924,7.397215e-02
0.594937,0.113924,7.591129e-02
0.607595,0.113924,7.739042e-02
0.620253,0.113924,7.862587e-02
0.632911,0.113924,7.970631e-02
0.645570,0.113924,8.063174e-02
0.658228,0.113924,8.140216e-02
0.670886,0.113924,8.204832e-02
0.683544,0.113924,8.263281e-02
0.696203,0.113924,8.315747e-02
0.708861,0.113924,8.362231e-02
0.721519,0.113924,8.402731e-02
0.734177,0.113924,8.438395e-02
0.746835,0.113924,8.471345e-02
0.759494,0.113924,8.501629e-02
0.772152,0.113924,8.529246e-02
0.784810,0.113924,8.554197e-02
0.797468,0.113924,8.576688e-02
0.810127,0.113924,8.597674e-02
0.822785,0.113924,8.617278e-02
0.835443,0.113924,8.635499e-02
0.848101,0.113924,8.652336e-02
0.860759,0.113924,8.667797e-02
0.873418,0.113924,8.682247e-02
0.886076,0.113924,8.695906e-02
0.898734,0.113924,8.708773e-02
0.911392,0.113924,8.720849e-02
0.924051,0.113924,8.732133e-02
0.936709,0.113924,8.742681e-02
0.949367,0.113924,8.752716e-02
0.962025,0.113924,8.762257e-02
0.974684,0.113924,8.771307e-02
0.987342,0.113924,8.779864e-02
1.000000,0.113924,8.787929e-02
0.000000,0.126582,0.000000e+00
0.012658,0.126582,6.913000e-05
0.025316,0.126582,1.509038e-04
0.037975,0.126582,2.453213e-04
0.050633,0.126582,3.523825e-04
0.063291,0.126582,4.720875e-04
0.075949,0.126582,6.044363e-04
0.088608,0.126582,7.494288e-04
0.101266,0.126582,9.070650e-04
0.113924,0.126582,1.077345e-03
0.126582,0.126582,1.260269e-03
0.139241,0.126582,1.455836e-03
0.151899,0.126582,1.664047e-03
0.164557,0.126582,1.884902e-03
0.177215,0.126582,2.118401e-03
0.189873,0.126582,2.364544e-03
0.202532,0.126582,2.623330e-03
0.215190,0.126582,2.894760e-03
0.227848,0.126582,3.178834e-03
0.240506,0.126582,3.475551e-03
0.253165,0.126582,3.784912e-03
0.265823,0.126582,4.126005e-03
0.278481,0.126582,4.539965e-03
0.291139,0.126582,5.028187e-03
0.303797,0.126582,5.590672e-03
0.316456,0.126582,6.227420e-03
0.329114,0.126582,6.938431e-03
0.341772,0.126582,7.723705e-03
0.354430,0.126582,8.583241e-03
0.367089,0.126582,9.585974e-03
0.379747,0.126582,1.085047e-02
0.392405,0.126582,1.237878e-02
0.405063,0.126582,1.417090e-02
0.417722,0.126582,1.629452e-02
0.430380,0.126582,1.907426e-02
0.443038,0.126582,2.255261e-02
0.455696,0.126582,2.687687e-02
0.468354,0.126582,3.243627e-02
0.481013,0.126582,3.923949e-02
0.493671,0.126582,4.717076e-02
0.506329,0.126582,5.558317e-02
0.518987,0.126582,6.342807e-02
0.531646,0.126582,7.024351e-02
0.544304,0.126582,7.584447e-02
0.556962,0.126582,8.019722e-02
0.569620,0.126582,8.356553e-02
0.582278,0.126582,8.637918e-02
0.594937,0.126582,8.864423e-02
0.607595,0.126582,9.037211e-02
0.620253,0.126582,9.181539e-02
0.632911,0.126582,9.307757e-02
0.645570,0.126582,9.415867e-02
0.658228,0.126582,9.505867e-02
0.670886,0.126582,9.581350e-02
0.683544,0.126582,9.649628e-02
0.696203,0.126582,9.710915e-02
0.708861,0.126582,9.765210e-02
0.721519,0.126582,9.812515e-02
0.734177,0.126582,9.854168e-02
0.746835,0.126582,9.892651e-02
0.759494,0.126582,9.928019e-02
0.772152,0.126582,9.960271e-02
0.784810,0.126582,9.989409e-02
0.797468,0.126582,1.001567e-01
0.810127,0.126582,1.004018e-01
0.822785,0.126582,1.006307e-01
0.835443,0.126582,1.008434e-01
0.848101,0.126582,1.010400e-01
0.860759,0.126582,1.012205e-01
0.873418,0.126582,1.013893e-01
0.886076,0.126582,1.015487e-01
0.898734,0.126582,1.016990e-01
0.911392,0.126582,1.018400e-01
0.924051,0.126582,1.019717e-01
0.936709,0.126582,1.020949e-01
0.949367,0.126582,1.022120e-01
0.962025,0.126582,1.023234e-01
0.974684,0.126582,1.024291e-01
0.987342,0.126582,1.025290e-01
1.000000,0.126582,1.026231e-01
0.000000,0.139241,0.000000e+00
0.012658,0.139241,7.942169e-05
0.025316,0.139241,1.734378e-04
0.037975,0.139241,2.820482e-04
0.050633,0.139241,4.052531e-04
0.063291,0.139241,5.430524e-04
0.075949,0.139241,6.954460e-04
0.088608,0.139241,8.624340e-04
0.101266,0.139241,1.044016e-03
0.113924,0.139241,1.240193e-03
0.126582,0.139241,1.450964e-03
0.139241,0.139241,1.676330e-03
0.151899,0.139241,1.916290e-03
0.164557,0.139241,2.170844e-03
0.177215,0.139241,2.439993e-03
0.189873,0.139241,2.723736e-03
0.202532,0.139241,3.022074e-03
0.215190,0.139241,3.335006e-03
0.227848,0.139241,3.662532e-03
0.240506,0.139241,4.004653e-03
0.253165,0.139241,4.361368e-03
0.265823,0.139241,4.754702e-03
0.278481,0.139241,5.232119e-03
0.291139,0.139241,5.795229e-03
0.303797,0.139241,6.444034e-03
0.316456,0.139241,7.178532e-03
0.329114,0.139241,7.998723e-03
0.341772,0.139241,8.904609e-03
0.354430,0.139241,9.896188e-03
0.367089,0.139241,1.105298e-02
0.379747,0.139241,1.251176e-02
0.392405,0.139241,1.427489e-02
0.405063,0.139241,1.634238e-02
0.417722,0.139241,1.879226e-02
0.430380,0.139241,2.199883e-02
0.443038,0.139241,2.601108e-02
0.455696,0.139241,3.099882e-02
0.468354,0.139241,3.741073e-02
0.481013,0.139241,4.525677e-02
0.493671,0.139241,5.440342e-02
0.506329,0.139241,6.410477e-02
0.518987,0.139241,7.315185e-02
0.531646,0.139241,8.101204e-02
0.544304,0.139241,8.747190e-02
0.556962,0.139241,9.249253e-02
0.569620,0.139241,9.637801e-02
0.582278,0.139241,9.962379e-02
0.594937,0.139241,1.022368e-01
0.607595,0.139241,1.042304e-01
0.620253,0.139241,1.058956e-01
0.632911,0.139241,1.073518e-01
0.645570,0.139241,1.085992e-01
0.658228,0.139241,1.096375e-01
0.670886,0.139241,1.105084e-01
0.683544,0.139241,1.112962e-01
0.696203,0.139241,1.120032e-01
0.708861,0.139241,1.126296e-01
0.721519,0.139241,1.131753e-01
0.734177,0.139241,1.136558e-01
0.746835,0.139241,1.140997e-01
0.759494,0.139241,1.145076e-01
0.772152,0.139241,1.148796e-01
0.784810,0.139241,1.152157e-01
0.797468,0.139241,1.155186e-01
0.810127,0.139241,1.158012e-01
0.822785,0.139241,1.160652e-01
0.835443,0.139241,1.163106e-01
0.848101,0.139241,1.165373e-01
0.860759,0.139241,1.167455e-01
0.873418,0.139241,1.169400e-01
0.886076,0.139241,1.171240e-01
0.898734,0.139241,1.172972e-01
0.911392,0.139241,1.174598e-01
0.924051,0.139241,1.176117e-01
0.936709,0.139241,1.177537e-01
0.949367,0.139241,1.178888e-01
0.962025,0.139241,1.180173e-01
0.974684,0.139241,1.181391e-01
0.987342,0.139241,1.182543e-01
1.000000,0.139241,1.183628e-01
0.000000,0.151899,0.000000e+00
0.012658,0.151899,9.032769e-05
0.025316,0.151899,1.973252e-04
0.037975,0.151899,3.209925e-04
0.050633,0.151899,4.613296e-04
0.063291,0.151899,6.183365e-04
0.075949,0.151899,7.920132e-04
0.088608,0.151899,9.823598e-04
0.101266,0.151899,1.189376e-03
0.113924,0.151899,1.413062e-03
0.126582,0.151899,1.653418e-03
0.139241,0.151899,1.910444e-03
0.151899,0.151899,2.184140e-03
0.164557,0.151899,2.474505e-03
0.177215,0.151899,2.781540e-03
0.189873,0.151899,3.105245e-03
0.202532,0.151899,3.445620e-03
0.215190,0.151899,3.802664e-03
0.227848,0.151899,4.176379e-03
0.240506,0.151899,4.566763e-03
0.253165,0.151899,4.973817e-03
0.265823,0.151899,5.422689e-03
0.278481,0.151899,5.967574e-03
0.291139,0.151899,6.610312e-03
0.303797,0.151899,7.350903e-03
0.316456,0.151899,8.189347e-03
0.329114,0.151899,9.125643e-03
0.341772,0.151899,1.015979e-02
0.354430,0.151899,1.129179e-02
0.367089,0.151899,1.261242e-02
0.379747,0.151899,1.427782e-02
0.392405,0.151899,1.629069e-02
0.405063,0.151899,1.865103e-02
0.417722,0.151899,2.144787e-02
0.430380,0.151899,2.510834e-02
0.443038,0.151899,2.968833e-02
0.455696,0.151899,3.538155e-02
0.468354,0.151899,4.269989e-02
0.481013,0.151899,5.165466e-02
0.493671,0.151899,6.209345e-02
0.506329,0.151899,7.316516e-02
0.518987,0.151899,8.349036e-02
0.531646,0.151899,9.246133e-02
0.544304,0.151899,9.983442e-02
0.556962,0.151899,1.055652e-01
0.569620,0.151899,1.100007e-01
0.582278,0.151899,1.137060e-01
0.594937,0.151899,1.166891e-01
0.607595,0.151899,1.189652e-01
0.620253,0.151899,1.208664e-01
0.632911,0.151899,1.225291e-01
0.645570,0.151899,1.239532e-01
0.658228,0.151899,1.251388e-01
0.670886,0.151899,1.261331e-01
0.683544,0.151899,1.270324e-01
0.696203,0.151899,1.278397e-01
0.708861,0.151899,1.285548e-01
0.721519,0.151899,1.291777e-01
0.734177,0.151899,1.297262e-01
0.746835,0.151899,1.302329e-01
0.759494,0.151899,1.306986e-01
0.772152,0.151899,1.311232e-01
0.784810,0.151899,1.315068e-01
0.797468,0.151899,1.318525e-01
0.810127,0.151899,1.321751e-01
0.822785,0.151899,1.324764e-01
0.835443,0.151899,1.327564e-01
0.848101,0.151899,1.330151e-01
0.860759,0.151899,1.332527e-01
0.873418,0.151899,1.334748e-01
0.886076,0.151899,1.336847e-01
0.898734,0.151899,1.338824e-01
0.911392,0.151899,1.340679e-01
0.924051,0.151899,1.342413e-01
0.936709,0.151899,1.344034e-01
0.949367,0.151899,1.345576e-01
0.962025,0.151899,1.347041e-01
0.974684,0.151899,1.348431e-01
0.987342,0.151899,1.349746e-01
1.000000,0.151899,1.350984e-01
0.000000,0.164557,0.000000e+00
0.012658,0.164557,1.018480e-04
0.025316,0.164557,2.225660e-04
0.037975,0.164557,3.621540e-04
0.050633,0.164557,5.206120e-04
0.063291,0.164557,6.979400e-04
0.075949,0.164557,8.941379e-04
0.088608,0.164557,1.109206e-03
0.101266,0.164557,1.343144e-03
0.113924,0.164557,1.595952e-03
0.126582,0.164557,1.867630e-03
0.139241,0.164557,2.158178e-03
0.151899,0.164557,2.467596e-03
0.164557,0.164557,2.795884e-03
0.177215,0.164557,3.143042e-03
0.189873,0.164557,3.509070e-03
0.202532,0.164557,3.893968e-03
0.215190,0.164557,4.297736e-03
0.227848,0.164557,4.720374e-03
0.240506,0.164557,5.161882e-03
0.253165,0.164557,5.622260e-03
0.265823,0.164557,6.129967e-03
0.278481,0.164557,6.746331e-03
0.291139,0.164557,7.473436e-03
0.303797,0.164557,8.311281e-03
0.316456,0.164557,9.259865e-03
0.329114,0.164557,1.031919e-02
0.341772,0.164557,1.148925e-02
0.354430,0.164557,1.277006e-02
0.367089,0.164557,1.426431e-02
0.379747,0.164557,1.614866e-02
0.392405,0.164557,1.842616e-02
0.405063,0.164557,2.109683e-02
0.417722,0.164557,2.426136e-02
0.430380,0.164557,2.840279e-02
0.443038,0.164557,3.358434e-02
0.455696,0.164557,4.002505e-02
0.468354,0.164557,4.830373e-02
0.481013,0.164557,5.843316e-02
0.493671,0.164557,7.024085e-02
0.506329,0.164557,8.276433e-02
0.518987,0.164557,9.444360e-02
0.531646,0.164557,1.045914e-01
0.544304,0.164557,1.129320e-01
0.556962,0.164557,1.194153e-01
0.569620,0.164557,1.244335e-01
0.582278,0.164557,1.286257e-01
0.594937,0.164557,1.320011e-01
0.607595,0.164557,1.345765e-01
0.620253,0.164557,1.367279e-01
0.632911,0.164557,1.386094e-01
0.645570,0.164557,1.402208e-01
0.658228,0.164557,1.415624e-01
0.670886,0.164557,1.426875e-01
0.683544,0.164557,1.437051e-01
0.696203,0.164557,1.446185e-01
0.708861,0.164557,1.454276e-01
0.721519,0.164557,1.461324e-01
0.734177,0.164557,1.467530e-01
0.746835,0.164557,1.473263e-01
0.759494,0.164557,1.478531e-01
0.772152,0.164557,1.483334e-01
0.784810,0.164557,1.487674e-01
0.797468,0.164557,1.491584e-01
0.810127,0.164557,1.495233e-01
0.822785,0.164557,1.498641e-01
0.835443,0.164557,1.501809e-01
0.848101,0.164557,1.504736e-01
0.860759,0.164557,1.507423e-01
0.873418,0.164557,1.509935e-01
0.886076,0.164557,1.512309e-01
0.898734,0.164557,1.514545e-01
0.911392,0.164557,1.516644e-01
0.924051,0.164557,1.518605e-01
0.936709,0.164557,1.520439e-01
0.949367,0.164557,1.522182e-01
0.962025,0.164557,1.523840e-01
0.974684,0.164557,1.525412e-01
0.987342,0.164557,1.526898e-01
1.000000,0.164557,1.528299e-01
0.000000,0.177215,0.000000e+00
0.012658,0.177215,1.139826e-04
0.025316,0.177215,2.491602e-04
0.037975,0.177215,4.055327e-04
0.050633,0.177215,5.831002e-04
0.063291,0.177215,7.818627e-04
0.075949,0.177215,1.001820e-03
0.088608,0.177215,1.242973e-03
0.101266,0.177215,1.505320e-03
0.113924,0.177215,1.788862e-03
0.126582,0.177215,2.093600e-03
0.139241,0.177215,2.419532e-03
0.151899,0.177215,2.766659e-03
0.164557,0.177215,3.134981e-03
0.177215,0.177215,3.524499e-03
0.189873,0.177215,3.935211e-03
0.202532,0.177215,4.367118e-03
0.215190,0.177215,4.820220e-03
0.227848,0.177215,5.294517e-03
0.240506,0.177215,5.790009e-03
0.253165,0.177215,6.306696e-03
0.265823,0.177215,6.876534e-03
0.278481,0.177215,7.568390e-03
0.291139,0.177215,8.384600e-03
0.303797,0.177215,9.325166e-03
0.316456,0.177215,1.039009e-02
0.329114,0.177215,1.157936e-02
0.341772,0.177215,1.289299e-02
0.354430,0.177215,1.433098e-02
0.367089,0.177215,1.600863e-02
0.379747,0.177215,1.812426e-02
0.392405,0.177215,2.068132e-02
0.405063,0.177215,2.367980e-02
0.417722,0.177215,2.723271e-02
0.430380,0.177215,3.188217e-02
0.443038,0.177215,3.769911e-02
0.455696,0.177215,4.492932e-02
0.468354,0.177215,5.422228e-02
0.481013,0.177215,6.559226e-02
0.493671,0.177215,7.884564e-02
0.506329,0.177215,9.290228e-02
0.518987,0.177215,1.060116e-01
0.531646,0.177215,1.174022e-01
0.544304,0.177215,1.267647e-01
0.556962,0.177215,1.340428e-01
0.569620,0.177215,1.396765e-01
0.582278,0.177215,1.443831e-01
0.594937,0.177215,1.481727e-01
0.607595,0.177215,1.510644e-01
0.620253,0.177215,1.534801e-01
0.632911,0.177215,1.555926e-01
0.645570,0.177215,1.574020e-01
0.658228,0.177215,1.589083e-01
0.670886,0.177215,1.601716e-01
0.683544,0.177215,1.613142e-01
0.696203,0.177215,1.623397e-01
0.708861,0.177215,1.632481e-01
0.721519,0.177215,1.640395e-01
0.734177,0.177215,1.647361e-01
0.746835,0.177215,1.653797e-01
0.759494,0.177215,1.659711e-01
0.772152,0.177215,1.665104e-01
0.784810,0.177215,1.669974e-01
0.797468,0.177215,1.674364e-01
0.810127,0.177215,1.678460e-01
0.822785,0.177215,1.682286e-01
0.835443,0.177215,1.685841e-01
0.848101,0.177215,1.689126e-01
0.860759,0.177215,1.692143e-01
0.873418,0.177215,1.694962e-01
0.886076,0.177215,1.697626e-01
0.898734,0.177215,1.700137e-01
0.911392,0.177215,1.702492e-01
0.924051,0.177215,1.704693e-01
0.936709,0.177215,1.706751e-01
0.949367,0.177215,1.708708e-01
0.962025,0.177215,1.710569e-01
0.974684,0.177215,1.712333e-01
0.987342,0.177215,1.714001e-01
1.000000,0.177215,1.715572e-01
0.000000,0.189873,0.000000e+00
0.012658,0.189873,1.267315e-04
0.025316,0.189873,2.771077e-04
0.037975,0.189873,4.511287e-04
0.050633,0.189873,6.487943e-04
0.063291,0.189873,8.701047e-04
0.075949,0.189873,1.115060e-03
0.088608,0.189873,1.383660e-03
0.101266,0.189873,1.675904e-03
0.113924,0.189873,1.991793e-03
0.126582,0.189873,2.331327e-03
0.139241,0.189873,2.694506e-03
0.151899,0.189873,3.081329e-03
0.164557,0.189873,3.491797e-03
0.177215,0.189873,3.925910e-03
0.189873,0.189873,4.383668e-03
0.202532,0.189873,4.865070e-03
0.215190,0.189873,5.370117e-03
0.227848,0.189873,5.898808e-03
0.240506,0.189873,6.451145e-03
0.253165,0.189873,7.027126e-03
0.265823,0.189873,7.662392e-03
0.278481,0.189873,8.433750e-03
0.291139,0.189873,9.343805e-03
0.303797,0.189873,1.039256e-02
0.316456,0.189873,1.158001e-02
0.329114,0.189873,1.290616e-02
0.341772,0.189873,1.437101e-02
0.354430,0.189873,1.597456e-02
0.367089,0.189873,1.784539e-02
0.379747,0.189873,2.020464e-02
0.392405,0.189873,2.305615e-02
0.405063,0.189873,2.639993e-02
0.417722,0.189873,3.036194e-02
0.430380,0.189873,3.554649e-02
0.443038,0.189873,4.203265e-02
0.455696,0.189873,5.009437e-02
0.468354,0.189873,6.045552e-02
0.481013,0.189873,7.313197e-02
0.493671,0.189873,8.790780e-02
0.506329,0.189873,1.035790e-01
0.518987,0.189873,1.181942e-01
0.531646,0.189873,1.308937e-01
0.544304,0.189873,1.413325e-01
0.556962,0.189873,1.494476e-01
0.569620,0.189873,1.557296e-01
0.582278,0.189873,1.609780e-01
0.594937,0.189873,1.652040e-01
0.607595,0.189873,1.684289e-01
0.620253,0.189873,1.711229e-01
0.632911,0.189873,1.734789e-01
0.645570,0.189873,1.754968e-01
0.658228,0.189873,1.771767e-01
0.670886,0.189873,1.785855e-01
0.683544,0.189873,1.798597e-01
0.696203,0.189873,1.810034e-01
0.708861,0.189873,1.820164e-01
0.721519,0.189873,1.828988e-01
0.734177,0.189873,1.836756e-01
0.746835,0.189873,1.843932e-01
0.759494,0.189873,1.850527e-01
0.772152,0.189873,1.856539e-01
0.784810,0.189873,1.861970e-01
0.797468,0.189873,1.866864e-01
0.810127,0.189873,1.871431e-01
0.822785,0.189873,1.875696e-01
0.835443,0.189873,1.879660e-01
0.848101,0.189873,1.883323e-01
0.860759,0.189873,1.886685e-01
0.873418,0.189873,1.889828e-01
0.886076,0.189873,1.892799e-01
0.898734,0.189873,1.895597e-01
0.911392,0.189873,1.898224e-01
0.924051,0.189873,1.900678e-01
0.936709,0.189873,1.902972e-01
0.949367,0.189873,1.905153e-01
0.962025,0.189873,1.907227e-01
0.974684,0.189873,1.909194e-01
0.987342,0.189873,1.911053e-01
1.000000,0.189873,1.912805e-01
0.000000,0.202532,0.000000e+00
0.012658,0.202532,1.400947e-04
0.025316,0.202532,3.064087e-04
0.037975,0.202532,4.989419e-04
0.050633,0.202532,7.176944e-04
0.063291,0.202532,9.626660e-04
0.075949,0.202532,1.233857e-03
0.088608,0.202532,1.531267e-03
0.101266,0.202532,1.854896e-03
0.113924,0.202532,2.204745e-03
0.126582,0.202532,2.580813e-03
0.139241,0.202532,2.983100e-03
0.151899,0.202532,3.411606e-03
0.164557,0.202532,3.866332e-03
0.177215,0.202532,4.347277e-03
0.189873,0.202532,4.854441e-03
0.202532,0.202532,5.387824e-03
0.215190,0.202532,5.947426e-03
0.227848,0.202532,6.533248e-03
0.240506,0.202532,7.145289e-03
0.253165,0.202532,7.783549e-03
0.265823,0.202532,8.487540e-03
0.278481,0.202532,9.342411e-03
0.291139,0.202532,1.035105e-02
0.303797,0.202532,1.151346e-02
0.316456,0.202532,1.282964e-02
0.329114,0.202532,1.429959e-02
0.341772,0.202532,1.592331e-02
0.354430,0.202532,1.770080e-02
0.367089,0.202532,1.977458e-02
0.379747,0.202532,2.238979e-02
0.392405,0.202532,2.555067e-02
0.405063,0.202532,2.925722e-02
0.417722,0.202532,3.364904e-02
0.430380,0.202532,3.939575e-02
0.443038,0.202532,4.658496e-02
0.455696,0.202532,5.552020e-02
0.468354,0.202532,6.700346e-02
0.481013,0.202532,8.105229e-02
0.493671,0.202532,9.742734e-02
0.506329,0.202532,1.147945e-01
0.518987,0.202532,1.309916e-01
0.531646,0.202532,1.450661e-01
0.544304,0.202532,1.566354e-01
0.556962,0.202532,1.656298e-01
0.569620,0.202532,1.725930e-01
0.582278,0.202532,1.784105e-01
0.594937,0.202532,1.830950e-01
0.607595,0.202532,1.866699e-01
0.620253,0.202532,1.896564e-01
0.632911,0.202532,1.922681e-01
0.645570,0.202532,1.945051e-01
0.658228,0.202532,1.963674e-01
0.670886,0.202532,1.979291e-01
0.683544,0.202532,1.993417e-01
0.696203,0.202532,2.006094e-01
0.708861,0.202532,2.017323e-01
0.721519,0.202532,2.027104e-01
0.734177,0.202532,2.035714e-01
0.746835,0.202532,2.043668e-01
0.759494,0.202532,2.050977e-01
0.772152,0.202532,2.057641e-01
0.784810,0.202532,2.063661e-01
0.797468,0.202532,2.069085e-01
0.810127,0.202532,2.074146e-01
0.822785,0.202532,2.078873e-01
0.835443,0.202532,2.083266e-01
0.848101,0.202532,2.087325e-01
0.860759,0.202532,2.091052e-01
0.873418,0.202532,2.094535e-01
0.886076,0.202532,2.097827e-01
0.898734,0.202532,2.100928e-01
0.911392,0.202532,2.103838e-01
0.924051,0.202532,2.106558e-01
0.936709,0.202532,2.109100e-01
0.949367,0.202532,2.111518e-01
0.962025,0.202532,2.113816e-01
0.974684,0.202532,2.115995e-01
0.987342,0.202532,2.118055e-01
1.000000,0.202532,2.119996e-01
0.000000,0.215190,0.000000e+00
0.012658,0.215190,1.540723e-04
0.025316,0.215190,3.370631e-04
0.037975,0.215190,5.489724e-04
0.050633,0.215190,7.898003e-04
0.063291,0.215190,1.059547e-03
0.075949,0.215190,1.358212e-03
0.088608,0.215190,1.685795e-03
0.101266,0.215190,2.042297e-03
0.113924,0.215190,2.427717e-03
0.126582,0.215190,2.842056e-03
0.139241,0.215190,3.285314e-03
0.151899,0.215190,3.757490e-03
0.164557,0.215190,4.258585e-03
0.177215,0.215190,4.788598e-03
0.189873,0.215190,5.347530e-03
0.202532,0.215190,5.935380e-03
0.215190,0.215190,6.552148e-03
0.227848,0.215190,7.197836e-03
0.240506,0.215190,7.872442e-03
0.253165,0.215190,8.575966e-03
0.265823,0.215190,9.351978e-03
0.278481,0.215190,1.029437e-02
0.291139,0.215190,1.140634e-02
0.303797,0.215190,1.268787e-02
0.316456,0.215190,1.413897e-02
0.329114,0.215190,1.575965e-02
0.341772,0.215190,1.754989e-02
0.354430,0.215190,1.950970e-02
0.367089,0.215190,2.179622e-02
0.379747,0.215190,2.467971e-02
0.392405,0.215190,2.816486e-02
0.405063,0.215190,3.225167e-02
0.417722,0.215190,3.709401e-02
0.430380,0.215190,4.342994e-02
0.443038,0.215190,5.135604e-02
0.455696,0.215190,6.120680e-02
0.468354,0.215190,7.386610e-02
0.481013,0.215190,8.935321e-02
0.493671,0.215190,1.074043e-01
0.506329,0.215190,1.265488e-01
0.518987,0.215190,1.444038e-01
0.531646,0.215190,1.599191e-01
0.544304,0.215190,1.726733e-01
0.556962,0.215190,1.825894e-01
0.569620,0.215190,1.902665e-01
0.582278,0.215190,1.966806e-01
0.594937,0.215190,2.018456e-01
0.607595,0.215190,2.057874e-01
0.620253,0.215190,2.090805e-01
0.632911,0.215190,2.119604e-01
0.645570,0.215190,2.144270e-01
0.658228,0.215190,2.164804e-01
0.670886,0.215190,2.182025e-01
0.683544,0.215190,2.197600e-01
0.696203,0.215190,2.211578e-01
0.708861,0.215190,2.223959e-01
0.721519,0.215190,2.234743e-01
0.734177,0.215190,2.244236e-01
0.746835,0.215190,2.253005e-01
0.759494,0.215190,2.261063e-01
0.772152,0.215190,2.268410e-01
0.784810,0.215190,2.275046e-01
0.797468,0.215190,2.281026e-01
0.810127,0.215190,2.286605e-01
0.822785,0.215190,2.291816e-01
0.835443,0.215190,2.296658e-01
0.848101,0.215190,2.301133e-01
0.860759,0.215190,2.305241e-01
0.873418,0.215190,2.309081e-01
0.886076,0.215190,2.312710e-01
0.898734,0.215190,2.316128e-01
0.911392,0.215190,2.319336e-01
0.924051,0.215190,2.322334e-01
0.936709,0.215190,2.325137e-01
0.949367,0.215190,2.327801e-01
0.962025,0.215190,2.330335e-01
0.974684,0.215190,2.332737e-01
0.987342,0.215190,2.335007e-01
1.000000,0.215190,2.337147e-01
0.000000,0.227848,0.000000e+00
0.012658,0.227848,1.686641e-04
0.025316,0.227848,3.690708e-04
0.037975,0.227848,6.012201e-04
0.050633,0.227848,8.651120e-04
0.063291,0.227848,1.160747e-03
0.075949,0.227848,1.488124e-03
0.088608,0.227848,1.847243e-03
0.101266,0.227848,2.238106e-03
0.113924,0.227848,2.660711e-03
0.126582,0.227848,3.115058e-03
0.139241,0.227848,3.601148e-03
0.151899,0.227848,4.118981e-03
0.164557,0.227848,4.668556e-03
0.177215,0.227848,5.249874e-03
0.189873,0.227848,5.862935e-03
0.202532,0.227848,6.507738e-03
0.215190,0.227848,7.184283e-03
0.227848,0.227848,7.892572e-03
0.240506,0.227848,8.632603e-03
0.253165,0.227848,9.404376e-03
0.265823,0.227848,1.025571e-02
0.278481,0.227848,1.128964e-02
0.291139,0.227848,1.250966e-02
0.303797,0.227848,1.391579e-02
0.316456,0.227848,1.550801e-02
0.329114,0.227848,1.728633e-02
0.341772,0.227848,1.925074e-02
0.354430,0.227848,2.140126e-02
0.367089,0.227848,2.391029e-02
0.379747,0.227848,2.707440e-02
0.392405,0.227848,3.089874e-02
0.405063,0.227848,3.538329e-02
0.417722,0.227848,4.069685e-02
0.430380,0.227848,4.764906e-02
0.443038,0.227848,5.634588e-02
0.455696,0.227848,6.715418e-02
0.468354,0.227848,8.104343e-02
0.481013,0.227848,9.803473e-02
0.493671,0.227848,1.178386e-01
0.506329,0.227848,1.388419e-01
0.518987,0.227848,1.584306e-01
0.531646,0.227848,1.754530e-01
0.544304,0.227848,1.894464e-01
0.556962,0.227848,2.003264e-01
0.569620,0.227848,2.087501e-01
0.582278,0.227848,2.157883e-01
0.594937,0.227848,2.214559e-01
0.607595,0.227848,2.257815e-01
0.620253,0.227848,2.293953e-01
0.632911,0.227848,2.325557e-01
0.645570,0.227848,2.352625e-01
0.658228,0.227848,2.375159e-01
0.670886,0.227848,2.394056e-01
0.683544,0.227848,2.411147e-01
0.696203,0.227848,2.426486e-01
0.708861,0.227848,2.440072e-01
0.721519,0.227848,2.451905e-01
0.734177,0.227848,2.462321e-01
0.746835,0.227848,2.471943e-01
0.759494,0.227848,2.480785e-01
0.772152,0.227848,2.488846e-01
0.784810,0.227848,2.496127e-01
0.797468,0.227848,2.502687e-01
0.810127,0.227848,2.508808e-01
0.822785,0.227848,2.514525e-01
0.835443,0.227848,2.519838e-01
0.848101,0.227848,2.524747e-01
0.860759,0.227848,2.529254e-01
0.873418,0.227848,2.533466e-01
0.886076,0.227848,2.537448e-01
0.898734,0.227848,2.541198e-01
0.911392,0.227848,2.544718e-01
0.924051,0.227848,2.548007e-01
0.936709,0.227848,2.551081e-01
0.949367,0.227848,2.554004e-01
0.962025,0.227848,2.556784e-01
0.974684,0.227848,2.559419e-01
0.987342,0.227848,2.561909e-01
1.000000,0.227848,2.564256e-01
0.000000,0.240506,0.000000e+00
0.012658,0.240506,1.838703e-04
0.025316,0.240506,4.024320e-04
0.037975,0.240506,6.556851e-04
0.050633,0.240506,9.436297e-04
0.063291,0.240506,1.266266e-03
0.075949,0.240506,1.623593e-03
0.088608,0.240506,2.015612e-03
0.101266,0.240506,2.442323e-03
0.113924,0.240506,2.903724e-03
0.126582,0.240506,3.399818e-03
0.139241,0.240506,3.930602e-03
0.151899,0.240506,4.496079e-03
0.164557,0.240506,5.096246e-03
0.177215,0.240506,5.731105e-03
0.189873,0.240506,6.400656e-03
0.202532,0.240506,7.104898e-03
0.215190,0.240506,7.843831e-03
0.227848,0.240506,8.617456e-03
0.240506,0.240506,9.425772e-03
0.253165,0.240506,1.026878e-02
0.265823,0.240506,1.119873e-02
0.278481,0.240506,1.232820e-02
0.291139,0.240506,1.366103e-02
0.303797,0.240506,1.519721e-02
0.316456,0.240506,1.693675e-02
0.329114,0.240506,1.887964e-02
0.341772,0.240506,2.102588e-02
0.354430,0.240506,2.337547e-02
0.367089,0.240506,2.611680e-02
0.379747,0.240506,2.957387e-02
0.392405,0.240506,3.375229e-02
0.405063,0.240506,3.865206e-02
0.417722,0.240506,4.445756e-02
0.430380,0.240506,5.205312e-02
0.443038,0.240506,6.155448e-02
0.455696,0.240506,7.336233e-02
0.468354,0.240506,8.853546e-02
0.481013,0.240506,1.070969e-01
0.493671,0.240506,1.287302e-01
0.506329,0.240506,1.516737e-01
0.518987,0.240506,1.730722e-01
0.531646,0.240506,1.916676e-01
0.544304,0.240506,2.069545e-01
0.556962,0.240506,2.188407e-01
0.569620,0.240506,2.280440e-01
0.582278,0.240506,2.357335e-01
0.594937,0.240506,2.419259e-01
0.607595,0.240506,2.466522e-01
0.620253,0.240506,2.506008e-01
0.632911,0.240506,2.540539e-01
0.645570,0.240506,2.570115e-01
0.658228,0.240506,2.594736e-01
0.670886,0.240506,2.615384e-01
0.683544,0.240506,2.634059e-01
0.696203,0.240506,2.650818e-01
0.708861,0.240506,2.665661e-01
0.721519,0.240506,2.678590e-01
0.734177,0.240506,2.689970e-01
0.746835,0.240506,2.700482e-01
0.759494,0.240506,2.710142e-01
0.772152,0.240506,2.718948e-01
0.784810,0.240506,2.726902e-01
0.797468,0.240506,2.734069e-01
0.810127,0.240506,2.740755e-01
0.822785,0.240506,2.747001e-01
0.835443,0.240506,2.752805e-01
0.848101,0.240506,2.758167e-01
0.860759,0.240506,2.763090e-01
0.873418,0.240506,2.767692e-01
0.886076,0.240506,2.772041e-01
0.898734,0.240506,2.776138e-01
0.911392,0.240506,2.779982e-01
0.924051,0.240506,2.783575e-01
0.936709,0.240506,2.786933e-01
0.949367,0.240506,2.790127e-01
0.962025,0.240506,2.793163e-01
0.974684,0.240506,2.796041e-01
0.987342,0.240506,2.798761e-01
1.000000,0.240506,2.801324e-01
0.000000,0.253165,0.000000e+00
0.012658,0.253165,1.999485e-04
0.025316,0.253165,4.377153e-04
0.037975,0.253165,7.133004e-04
0.050633,0.253165,1.026704e-03
0.063291,0.253165,1.377926e-03
0.075949,0.253165,1.766966e-03
0.088608,0.253165,2.193824e-03
0.101266,0.253165,2.658500e-03
0.113924,0.253165,3.160995e-03
0.126582,0.253165,3.701309e-03
0.139241,0.253165,4.279440e-03
0.151899,0.253165,4.895390e-03
0.164557,0.253165,5.549158e-03
0.177215,0.253165,6.240744e-03
0.189873,0.253165,6.970149e-03
0.202532,0.253165,7.737372e-03
0.215190,0.253165,8.542413e-03
0.227848,0.253165,9.385273e-03
0.240506,0.253165,1.026595e-02
0.253165,0.253165,1.118445e-02
0.265823,0.253165,1.219771e-02
0.278481,0.253165,1.342844e-02
0.291139,0.253165,1.488081e-02
0.303797,0.253165,1.655483e-02
0.316456,0.253165,1.845049e-02
0.329114,0.253165,2.056779e-02
0.341772,0.253165,2.290673e-02
0.354430,0.253165,2.546731e-02
0.367089,0.253165,2.845483e-02
0.379747,0.253165,3.222240e-02
0.392405,0.253165,3.677612e-02
0.405063,0.253165,4.211601e-02
0.417722,0.253165,4.844294e-02
0.430380,0.253165,5.672044e-02
0.443038,0.253165,6.707461e-02
0.455696,0.253165,7.994197e-02
0.468354,0.253165,9.647599e-02
0.481013,0.253165,1.167017e-01
0.493671,0.253165,1.402744e-01
0.506329,0.253165,1.652745e-01
0.518987,0.253165,1.885913e-01
0.531646,0.253165,2.088541e-01
0.544304,0.253165,2.255122e-01
0.556962,0.253165,2.384650e-01
0.569620,0.253165,2.484945e-01
0.582278,0.253165,2.568745e-01
0.594937,0.253165,2.636231e-01
0.607595,0.253165,2.687741e-01
0.620253,0.253165,2.730776e-01
0.632911,0.253165,2.768411e-01
0.645570,0.253165,2.800645e-01
0.658228,0.253165,2.827478e-01
0.670886,0.253165,2.849982e-01
0.683544,0.253165,2.870334e-01
0.696203,0.253165,2.888598e-01
0.708861,0.253165,2.904775e-01
0.721519,0.253165,2.918864e-01
0.734177,0.253165,2.931266e-01
0.746835,0.253165,2.942721e-01
0.759494,0.253165,2.953248e-01
0.772152,0.253165,2.962844e-01
0.784810,0.253165,2.971511e-01
0.797468,0.253165,2.979321e-01
0.810127,0.253165,2.986607e-01
0.822785,0.253165,2.993412e-01
0.835443,0.253165,2.999736e-01
0.848101,0.253165,3.005580e-01
0.860759,0.253165,3.010944e-01
0.873418,0.253165,3.015958e-01
0.886076,0.253165,3.020696e-01
0.898734,0.253165,3.025160e-01
0.911392,0.253165,3.029350e-01
0.924051,0.253165,3.033264e-01
0.936709,0.253165,3.036923e-01
0.949367,0.253165,3.040403e-01
0.962025,0.253165,3.043711e-01
0.974684,0.253165,3.046847e-01
0.987342,0.253165,3.049811e-01
1.000000,0.253165,3.052603e-01
0.000000,0.265823,0.000000e+00
0.012658,0.265823,2.190863e-04
0.025316,0.265823,4.797474e-04
0.037975,0.265823,7.819835e-04
0.050633,0.265823,1.125794e-03
0.063291,0.265823,1.511180e-03
0.075949,0.265823,1.938141e-03
0.088608,0.265823,2.406676e-03
0.101266,0.265823,2.916786e-03
0.113924,0.265823,3.468472e-03
0.126582,0.265823,4.061732e-03
0.139241,0.265823,4.696566e-03
0.151899,0.265823,5.372976e-03
0.164557,0.265823,6.090961e-03
0.177215,0.265823,6.850520e-03
0.189873,0.265823,7.651655e-03
0.202532,0.265823,8.494364e-03
0.215190,0.265823,9.378648e-03
0.227848,0.265823,1.030451e-02
0.240506,0.265823,1.127194e-02
0.253165,0.265823,1.228095e-02
0.265823,0.265823,1.339410e-02
0.278481,0.265823,1.474622e-02
0.291139,0.265823,1.634189e-02
0.303797,0.265823,1.818110e-02
0.316456,0.265823,2.026386e-02
0.329114,0.265823,2.259017e-02
0.341772,0.265823,2.516003e-02
0.354430,0.265823,2.797344e-02
0.367089,0.265823,3.125601e-02
0.379747,0.265823,3.539584e-02
0.392405,0.265823,4.039962e-02
0.405063,0.265823,4.626738e-02
0.417722,0.265823,5.321980e-02
0.430380,0.265823,6.231558e-02
0.443038,0.265823,7.369324e-02
0.455696,0.265823,8.783243e-02
0.468354,0.265823,1.060005e-01
0.481013,0.265823,1.282249e-01
0.493671,0.265823,1.541268e-01
0.506329,0.265823,1.815972e-01
0.518987,0.265823,2.072179e-01
0.531646,0.265823,2.294832e-01
0.544304,0.265823,2.477875e-01
0.556962,0.265823,2.620207e-01
0.569620,0.265823,2.730418e-01
0.582278,0.265823,2.822504e-01
0.594937,0.265823,2.896663e-01
0.607595,0.265823,2.953266e-01
0.620253,0.265823,3.000557e-01
0.632911,0.265823,3.041913e-01
0.645570,0.265823,3.077334e-01
0.658228,0.265823,3.106820e-01
0.670886,0.265823,3.131547e-01
0.683544,0.265823,3.153910e-01
0.696203,0.265823,3.173979e-01
0.708861,0.265823,3.191754e-01
0.721519,0.265823,3.207235e-01
0.734177,0.265823,3.220861e-01
0.746835,0.265823,3.233447e-01
0.759494,0.265823,3.245013e-01
0.772152,0.265823,3.255556e-01
0.784810,0.265823,3.265079e-01
0.797468,0.265823,3.273659e-01
0.810127,0.265823,3.281664e-01
0.822785,0.265823,3.289140e-01
0.835443,0.265823,3.296088e-01
0.848101,0.265823,3.302508e-01
0.860759,0.265823,3.308402e-01
0.873418,0.265823,3.313910e-01
0.886076,0.265823,3.319116e-01
0.898734,0.265823,3.324021e-01
0.911392,0.265823,3.328623e-01
0.924051,0.265823,3.332924e-01
0.936709,0.265823,3.336945e-01
0.949367,0.265823,3.340768e-01
0.962025,0.265823,3.344402e-01
0.974684,0.265823,3.347847e-01
0.987342,0.265823,3.351104e-01
1.000000,0.265823,3.354172e-01
0.000000,0.278481,0.000000e+00
0.012658,0.278481,2.417810e-04
0.025316,0.278481,5.296258e-04
0.037975,0.278481,8.635345e-04
0.050633,0.278481,1.243507e-03
0.063291,0.278481,1.669543e-03
0.075949,0.278481,2.141643e-03
0.088608,0.278481,2.659807e-03
0.101266,0.278481,3.224035e-03
0.113924,0.278481,3.834327e-03
0.126582,0.278481,4.490682e-03
0.139241,0.278481,5.193101e-03
0.151899,0.278481,5.941584e-03
0.164557,0.278481,6.736131e-03
0.177215,0.278481,7.576742e-03
0.189873,0.278481,8.463417e-03
0.202532,0.278481,9.396155e-03
0.215190,0.278481,1.037496e-02
0.227848,0.278481,1.139982e-02
0.240506,0.278481,1.247075e-02
0.253165,0.278481,1.358775e-02
0.265823,0.278481,1.482007e-02
0.278481,0.278481,1.631698e-02
0.291139,0.278481,1.808355e-02
0.303797,0.278481,2.011979e-02
0.316456,0.278481,2.242568e-02
0.329114,0.278481,2.500123e-02
0.341772,0.278481,2.784644e-02
0.354430,0.278481,3.096131e-02
0.367089,0.278481,3.459575e-02
0.379747,0.278481,3.917964e-02
0.392405,0.278481,4.472042e-02
0.405063,0.278481,5.121807e-02
0.417722,0.278481,5.891702e-02
0.430380,0.278481,6.898964e-02
0.443038,0.278481,8.158934e-02
0.455696,0.278481,9.724731e-02
0.468354,0.278481,1.173671e-01
0.481013,0.278481,1.419792e-01
0.493671,0.278481,1.706640e-01
0.506329,0.278481,2.010857e-01
0.518987,0.278481,2.294592e-01
0.531646,0.278481,2.541165e-01
0.544304,0.278481,2.743873e-01
0.556962,0.278481,2.901496e-01
0.569620,0.278481,3.023545e-01
0.582278,0.278481,3.125522e-01
0.594937,0.278481,3.207645e-01
0.607595,0.278481,3.270327e-01
0.620253,0.278481,3.322695e-01
0.632911,0.278481,3.368491e-01
0.645570,0.278481,3.407713e-01
0.658228,0.278481,3.440363e-01
0.670886,0.278481,3.467743e-01
0.683544,0.278481,3.492505e-01
0.696203,0.278481,3.514726e-01
0.708861,0.278481,3.534407e-01
0.721519,0.278481,3.551547e-01
0.734177,0.278481,3.566634e-01
0.746835,0.278481,3.580570e-01
0.759494,0.278481,3.593374e-01
0.772152,0.278481,3.605048e-01
0.784810,0.278481,3.615590e-01
0.797468,0.278481,3.625090e-01
0.810127,0.278481,3.633952e-01
0.822785,0.278481,3.642230e-01
0.835443,0.278481,3.649923e-01
0.848101,0.278481,3.657030e-01
0.860759,0.278481,3.663555e-01
0.873418,0.278481,3.669654e-01
0.886076,0.278481,3.675418e-01
0.898734,0.278481,3.680848e-01
0.911392,0.278481,3.685944e-01
0.924051,0.278481,3.690706e-01
0.936709,0.278481,3.695158e-01
0.949367,0.278481,3.699391e-01
0.962025,0.278481,3.703416e-01
0.974684,0.278481,3.707231e-01
0.987342,0.278481,3.710837e-01
1.000000,0.278481,3.714235e-01
0.000000,0.291139,0.000000e+00
0.012658,0.291139,2.680326e-04
0.025316,0.291139,5.873505e-04
0.037975,0.291139,9.579535e-04
0.050633,0.291139,1.379842e-03
0.063291,0.291139,1.853015e-03
0.075949,0.291139,2.377474e-03
0.088608,0.291139,2.953218e-03
0.101266,0.291139,3.580247e-03
0.113924,0.291139,4.258561e-03
0.126582,0.291139,4.988160e-03
0.139241,0.291139,5.769045e-03
0.151899,0.291139,6.601215e-03
0.164557,0.291139,7.484670e-03
0.177215,0.291139,8.419410e-03
0.189873,0.291139,9.405435e-03
0.202532,0.291139,1.044275e-02
0.215190,0.291139,1.153134e-02
0.227848,0.291139,1.267122e-02
0.240506,0.291139,1.386239e-02
0.253165,0.291139,1.510484e-02
0.265823,0.291139,1.647561e-02
0.278481,0.291139,1.814073e-02
0.291139,0.291139,2.010582e-02
0.303797,0.291139,2.237089e-02
0.316456,0.291139,2.493593e-02
0.329114,0.291139,2.780095e-02
0.341772,0.291139,3.096595e-02
0.354430,0.291139,3.443092e-02
0.367089,0.291139,3.847405e-02
0.379747,0.291139,4.357382e-02
0.392405,0.291139,4.973850e-02
0.405063,0.291139,5.696810e-02
0.417722,0.291139,6.553460e-02
0.430380,0.291139,7.674263e-02
0.443038,0.291139,9.076290e-02
0.455696,0.291139,1.081866e-01
0.468354,0.291139,1.305758e-01
0.481013,0.291139,1.579646e-01
0.493671,0.291139,1.898859e-01
0.506329,0.291139,2.237402e-01
0.518987,0.291139,2.553150e-01
0.531646,0.291139,2.827540e-01
0.544304,0.291139,3.053115e-01
0.556962,0.291139,3.228514e-01
0.569620,0.291139,3.364326e-01
0.582278,0.291139,3.477800e-01
0.594937,0.291139,3.569179e-01
0.607595,0.291139,3.638924e-01
0.620253,0.291139,3.697191e-01
0.632911,0.291139,3.748144e-01
0.645570,0.291139,3.791784e-01
0.658228,0.291139,3.828109e-01
0.670886,0.291139,3.858570e-01
0.683544,0.291139,3.886118e-01
0.696203,0.291139,3.910839e-01
0.708861,0.291139,3.932734e-01
0.721519,0.291139,3.951802e-01
0.734177,0.291139,3.968585e-01
0.746835,0.291139,3.984088e-01
0.759494,0.291139,3.998332e-01
0.772152,0.291139,4.011318e-01
0.784810,0.291139,4.023046e-01
0.797468,0.291139,4.033613e-01
0.810127,0.291139,4.043472e-01
0.822785,0.291139,4.052681e-01
0.835443,0.291139,4.061239e-01
0.848101,0.291139,4.069145e-01
0.860759,0.291139,4.076404e-01
0.873418,0.291139,4.083189e-01
0.886076,0.291139,4.089602e-01
0.898734,0.291139,4.095643e-01
0.911392,0.291139,4.101312e-01
0.924051,0.291139,4.106611e-01
0.936709,0.291139,4.111563e-01
0.949367,0.291139,4.116274e-01
0.962025,0.291139,4.120751e-01
0.974684,0.291139,4.124997e-01
0.987342,0.291139,4.129010e-01
1.000000,0.291139,4.132791e-01
0.000000,0.303797,0.000000e+00
0.012658,0.303797,2.978412e-04
0.025316,0.303797,6.529214e-04
0.037975,0.303797,1.065240e-03
0.050633,0.303797,1.534799e-03
0.063291,0.303797,2.061596e-03
0.075949,0.303797,2.645632e-03
0.088608,0.303797,3.286907e-03
0.101266,0.303797,3.985421e-03
0.113924,0.303797,4.741174e-03
0.126582,0.303797,5.554166e-03
0.139241,0.303797,6.424397e-03
0.151899,0.303797,7.351867e-03
0.164557,0.303797,8.336575e-03
0.177215,0.303797,9.378523e-03
0.189873,0.303797,1.047771e-02
0.202532,0.303797,1.163414e-02
0.215190,0.303797,1.284780e-02
0.227848,0.303797,1.411870e-02
0.240506,0.303797,1.544685e-02
0.253165,0.303797,1.683223e-02
0.265823,0.303797,1.836074e-02
0.278481,0.303797,2.021746e-02
0.291139,0.303797,2.240868e-02
0.303797,0.303797,2.493441e-02
0.316456,0.303797,2.779463e-02
0.329114,0.303797,3.098935e-02
0.341772,0.303797,3.451857e-02
0.354430,0.303797,3.838228e-02
0.367089,0.303797,4.289091e-02
0.379747,0.303797,4.857837e-02
0.392405,0.303797,5.545388e-02
0.405063,0.303797,6.351747e-02
0.417722,0.303797,7.307254e-02
0.430380,0.303797,8.557454e-02
0.443038,0.303797,1.012139e-01
0.455696,0.303797,1.206503e-01
0.468354,0.303797,1.456267e-01
0.481013,0.303797,1.761810e-01
0.493671,0.303797,2.117925e-01
0.506329,0.303797,2.495607e-01
0.518987,0.303797,2.847854e-01
0.531646,0.303797,3.153959e-01
0.544304,0.303797,3.405601e-01
0.556962,0.303797,3.601263e-01
0.569620,0.303797,3.752760e-01
0.582278,0.303797,3.879336e-01
0.594937,0.303797,3.981264e-01
0.607595,0.303797,4.059056e-01
0.620253,0.303797,4.124044e-01
0.632911,0.303797,4.180874e-01
0.645570,0.303797,4.229544e-01
0.658228,0.303797,4.270056e-01
0.670886,0.303797,4.304027e-01
0.683544,0.303797,4.334749e-01
0.696203,0.303797,4.362318e-01
0.708861,0.303797,4.386734e-01
0.721519,0.303797,4.407998e-01
0.734177,0.303797,4.426714e-01
0.746835,0.303797,4.444002e-01
0.759494,0.303797,4.459887e-01
0.772152,0.303797,4.474368e-01
0.784810,0.303797,4.487446e-01
0.797468,0.303797,4.499230e-01
0.810127,0.303797,4.510224e-01
0.822785,0.303797,4.520493e-01
0.835443,0.303797,4.530036e-01
0.848101,0.303797,4.538854e-01
0.860759,0.303797,4.546949e-01
0.873418,0.303797,4.554515e-01
0.886076,0.303797,4.561667e-01
0.898734,0.303797,4.568404e-01
0.911392,0.303797,4.574728e-01
0.924051,0.303797,4.580637e-01
0.936709,0.303797,4.586161e-01
0.949367,0.303797,4.591415e-01
0.962025,0.303797,4.596410e-01
0.974684,0.303797,4.601146e-01
0.987342,0.303797,4.605623e-01
1.000000,0.303797,4.609842e-01
0.000000,0.316456,0.000000e+00
0.012658,0.316456,3.312067e-04
0.025316,0.316456,7.263385e-04
0.037975,0.316456,1.185395e-03
0.050633,0.316456,1.708378e-03
0.063291,0.316456,2.295285e-03
0.075949,0.316456,2.946117e-03
0.088608,0.316456,3.660875e-03
0.101266,0.316456,4.439558e-03
0.113924,0.316456,5.282166e-03
0.126582,0.316456,6.188699e-03
0.139241,0.316456,7.159157e-03
0.151899,0.316456,8.193540e-03
0.164557,0.316456,9.291849e-03
0.177215,0.316456,1.045408e-02
0.189873,0.316456,1.168024e-02
0.202532,0.316456,1.297033e-02
0.215190,0.316456,1.432433e-02
0.227848,0.316456,1.574227e-02
0.240506,0.316456,1.722413e-02
0.253165,0.316456,1.876991e-02
0.265823,0.316456,2.047544e-02
0.278481,0.316456,2.254718e-02
0.291139,0.316456,2.499215e-02
0.303797,0.316456,2.781034e-02
0.316456,0.316456,3.100176e-02
0.329114,0.316456,3.456641e-02
0.341772,0.316456,3.850429e-02
0.354430,0.316456,4.281539e-02
0.367089,0.316456,4.784633e-02
0.379747,0.316456,5.419328e-02
0.392405,0.316456,6.186656e-02
0.405063,0.316456,7.086617e-02
0.417722,0.316456,8.153084e-02
0.430380,0.316456,9.548538e-02
0.443038,0.316456,1.129424e-01
0.455696,0.316456,1.346385e-01
0.468354,0.316456,1.625197e-01
0.481013,0.316456,1.966286e-01
0.493671,0.316456,2.363839e-01
0.506329,0.316456,2.785470e-01
0.518987,0.316456,3.178704e-01
0.531646,0.316456,3.520420e-01
0.544304,0.316456,3.801330e-01
0.556962,0.316456,4.019743e-01
0.569620,0.316456,4.188847e-01
0.582278,0.316456,4.330132e-01
0.594937,0.316456,4.443899e-01
0.607595,0.316456,4.530723e-01
0.620253,0.316456,4.603254e-01
0.632911,0.316456,4.666679e-01
0.645570,0.316456,4.720996e-01
0.658228,0.316456,4.766206e-01
0.670886,0.316456,4.804115e-01
0.683544,0.316456,4.838398e-01
0.696203,0.316456,4.869162e-01
0.708861,0.316456,4.896409e-01
0.721519,0.316456,4.920137e-01
0.734177,0.316456,4.941021e-01
0.746835,0.316456,4.960312e-01
0.759494,0.316456,4.978037e-01
0.772152,0.316456,4.994197e-01
0.784810,0.316456,5.008791e-01
0.797468,0.316456,5.021940e-01
0.810127,0.316456,5.034208e-01
0.822785,0.316456,5.045667e-01
0.835443,0.316456,5.056316e-01
0.848101,0.316456,5.066156e-01
0.860759,0.316456,5.075190e-01
0.873418,0.316456,5.083633e-01
0.886076,0.316456,5.091614e-01
0.898734,0.316456,5.099133e-01
0.911392,0.316456,5.106190e-01
0.924051,0.316456,5.112785e-01
0.936709,0.316456,5.118951e-01
0.949367,0.316456,5.124815e-01
0.962025,0.316456,5.130390e-01
0.974684,0.316456,5.135677e-01
0.987342,0.316456,5.140676e-01
1.000000,0.316456,5.145386e-01
0.000000,0.329114,0.000000e+00
0.012658,0.329114,3.681291e-04
0.025316,0.329114,8.076019e-04
0.037975,0.329114,1.318418e-03
0.050633,0.329114,1.900579e-03
0.063291,0.329114,2.554083e-03
0.075949,0.329114,3.278931e-03
0.088608,0.329114,4.075122e-03
0.101266,0.329114,4.942657e-03
0.113924,0.329114,5.881537e-03
0.126582,0.329114,6.891759e-03
0.139241,0.329114,7.973326e-03
0.151899,0.329114,9.126236e-03
0.164557,0.329114,1.035049e-02
0.177215,0.329114,1.164609e-02
0.189873,0.329114,1.301303e-02
0.202532,0.329114,1.445132e-02
0.215190,0.329114,1.596094e-02
0.227848,0.329114,1.754192e-02
0.240506,0.329114,1.919423e-02
0.253165,0.329114,2.091789e-02
0.265823,0.329114,2.281971e-02
0.278481,0.329114,2.512988e-02
0.291139,0.329114,2.785620e-02
0.303797,0.329114,3.099869e-02
0.316456,0.329114,3.455734e-02
0.329114,0.329114,3.853214e-02
0.341772,0.329114,4.292311e-02
0.354430,0.329114,4.773024e-02
0.367089,0.329114,5.334030e-02
0.379747,0.329114,6.041856e-02
0.392405,0.329114,6.897653e-02
0.405063,0.329114,7.901420e-02
0.417722,0.329114,9.090950e-02
0.430380,0.329114,1.064751e-01
0.443038,0.329114,1.259483e-01
0.455696,0.329114,1.501510e-01
0.468354,0.329114,1.812548e-01
0.481013,0.329114,2.193073e-01
0.493671,0.329114,2.636600e-01
0.506329,0.329114,3.106993e-01
0.518987,0.329114,3.545700e-01
0.531646,0.329114,3.926923e-01
0.544304,0.329114,4.240304e-01
0.556962,0.329114,4.483953e-01
0.569620,0.329114,4.672588e-01
0.582278,0.329114,4.830186e-01
0.594937,0.329114,4.957086e-01
0.607595,0.329114,5.053926e-01
0.620253,0.329114,5.134822e-01
0.632911,0.329114,5.205559e-01
0.645570,0.329114,5.266138e-01
0.658228,0.329114,5.316558e-01
0.670886,0.329114,5.358833e-01
0.683544,0.329114,5.397065e-01
0.696203,0.329114,5.431372e-01
0.708861,0.329114,5.461757e-01
0.721519,0.329114,5.488217e-01
0.734177,0.329114,5.511506e-01
0.746835,0.329114,5.533018e-01
0.759494,0.329114,5.552785e-01
0.772152,0.329114,5.570805e-01
0.784810,0.329114,5.587079e-01
0.797468,0.329114,5.601742e-01
0.810127,0.329114,5.615423e-01
0.822785,0.329114,5.628202e-01
0.835443,0.329114,5.640078e-01
0.848101,0.329114,5.651051e-01
0.860759,0.329114,5.661126e-01
0.873418,0.329114,5.670542e-01
0.886076,0.329114,5.679443e-01
0.898734,0.329114,5.687829e-01
0.911392,0.329114,5.695700e-01
0.924051,0.329114,5.703055e-01
0.936709,0.329114,5.709932e-01
0.949367,0.329114,5.716473e-01
0.962025,0.329114,5.722693e-01
0.974684,0.329114,5.728591e-01
0.987342,0.329114,5.734168e-01
1.000000,0.329114,5.739424e-01
0.000000,0.341772,0.000000e+00
0.012658,0.341772,4.086084e-04
0.025316,0.341772,8.967115e-04
0.037975,0.341772,1.464309e-03
0.050633,0.341772,2.111402e-03
0.063291,0.341772,2.837989e-03
0.075949,0.341772,3.644071e-03
0.088608,0.341772,4.529648e-03
0.101266,0.341772,5.494720e-03
0.113924,0.341772,6.539286e-03
0.126582,0.341772,7.663347e-03
0.139241,0.341772,8.866903e-03
0.151899,0.341772,1.014995e-02
0.164557,0.341772,1.151250e-02
0.177215,0.341772,1.295454e-02
0.189873,0.341772,1.447607e-02
0.202532,0.341772,1.607710e-02
0.215190,0.341772,1.775763e-02
0.227848,0.341772,1.951765e-02
0.240506,0.341772,2.135716e-02
0.253165,0.341772,2.327617e-02
0.265823,0.341772,2.539357e-02
0.278481,0.341772,2.796556e-02
0.291139,0.341772,3.100086e-02
0.303797,0.341772,3.449946e-02
0.316456,0.341772,3.846135e-02
0.329114,0.341772,4.288655e-02
0.341772,0.341772,4.777504e-02
0.354430,0.341772,5.312683e-02
0.367089,0.341772,5.937284e-02
0.379747,0.341772,6.725421e-02
0.392405,0.341772,7.678379e-02
0.405063,0.341772,8.796157e-02
0.417722,0.341772,1.012085e-01
0.430380,0.341772,1.185438e-01
0.443038,0.341772,1.402317e-01
0.455696,0.341772,1.671880e-01
0.468354,0.341772,2.018321e-01
0.481013,0.341772,2.442170e-01
0.493671,0.341772,2.936208e-01
0.506329,0.341772,3.460175e-01
0.518987,0.341772,3.948842e-01
0.531646,0.341772,4.373469e-01
0.544304,0.341772,4.722521e-01
0.556962,0.341772,4.993894e-01
0.569620,0.341772,5.203982e-01
0.582278,0.341772,5.379500e-01
0.594937,0.341772,5.520824e-01
0.607595,0.341772,5.628665e-01
0.620253,0.341772,5.718747e-01
0.632911,0.341772,5.797515e-01
0.645570,0.341772,5.864970e-01
0.658228,0.341772,5.921111e-01
0.670886,0.341772,5.968182e-01
0.683544,0.341772,6.010750e-01
0.696203,0.341772,6.048949e-01
0.708861,0.341772,6.082779e-01
0.721519,0.341772,6.112240e-01
0.734177,0.341772,6.138169e-01
0.746835,0.341772,6.162121e-01
0.759494,0.341772,6.184128e-01
0.772152,0.341772,6.204192e-01
0.784810,0.341772,6.222312e-01
0.797468,0.341772,6.238638e-01
0.810127,0.341772,6.253871e-01
0.822785,0.341772,6.268099e-01
0.835443,0.341772,6.281322e-01
0.848101,0.341772,6.293540e-01
0.860759,0.341772,6.304757e-01
0.873418,0.341772,6.315242e-01
0.886076,0.341772,6.325154e-01
0.898734,0.341772,6.334492e-01
0.911392,0.341772,6.343256e-01
0.924051,0.341772,6.351448e-01
0.936709,0.341772,6.359106e-01
0.949367,0.341772,6.366391e-01
0.962025,0.341772,6.373318e-01
0.974684,0.341772,6.379888e-01
0.987342,0.341772,6.386100e-01
1.000000,0.341772,6.391955e-01
0.000000,0.354430,0.000000e+00
0.012658,0.354430,4.526446e-04
0.025316,0.354430,9.936674e-04
0.037975,0.354430,1.623068e-03
0.050633,0.354430,2.340847e-03
0.063291,0.354430,3.147005e-03
0.075949,0.354430,4.041540e-03
0.088608,0.354430,5.024453e-03
0.101266,0.354430,6.095745e-03
0.113924,0.354430,7.255415e-03
0.126582,0.354430,8.503463e-03
0.139241,0.354430,9.839889e-03
0.151899,0.354430,1.126469e-02
0.164557,0.354430,1.277788e-02
0.177215,0.354430,1.437944e-02
0.189873,0.354430,1.606938e-02
0.202532,0.354430,1.784769e-02
0.215190,0.354430,1.971439e-02
0.227848,0.354430,2.166946e-02
0.240506,0.354430,2.371291e-02
0.253165,0.354430,2.584474e-02
0.265823,0.354430,2.819699e-02
0.278481,0.354430,3.105423e-02
0.291139,0.354430,3.442611e-02
0.303797,0.354430,3.831264e-02
0.316456,0.354430,4.271381e-02
0.329114,0.354430,4.762962e-02
0.341772,0.354430,5.306007e-02
0.354430,0.354430,5.900517e-02
0.367089,0.354430,6.594393e-02
0.379747,0.354430,7.470023e-02
0.392405,0.354430,8.528834e-02
0.405063,0.354430,9.770827e-02
0.417722,0.354430,1.124279e-01
0.430380,0.354430,1.316914e-01
0.443038,0.354430,1.557926e-01
0.455696,0.354430,1.857493e-01
0.468354,0.354430,2.242514e-01
0.481013,0.354430,2.713579e-01
0.493671,0.354430,3.262663e-01
0.506329,0.354430,3.845016e-01
0.518987,0.354430,4.388130e-01
0.531646,0.354430,4.860058e-01
0.544304,0.354430,5.247983e-01
0.556962,0.354430,5.549565e-01
0.569620,0.354430,5.783030e-01
0.582278,0.354430,5.978074e-01
0.594937,0.354430,6.135113e-01
0.607595,0.354430,6.254939e-01
0.620253,0.354430,6.355029e-01
0.632911,0.354430,6.442547e-01
0.645570,0.354430,6.517493e-01
0.658228,0.354430,6.579867e-01
0.670886,0.354430,6.632161e-01
0.683544,0.354430,6.679453e-01
0.696203,0.354430,6.721891e-01
0.708861,0.354430,6.759474e-01
0.721519,0.354430,6.792204e-01
0.734177,0.354430,6.821011e-01
0.746835,0.354430,6.847619e-01
0.759494,0.354430,6.872069e-01
0.772152,0.354430,6.894358e-01
0.784810,0.354430,6.914488e-01
0.797468,0.354430,6.932626e-01
0.810127,0.354430,6.949549e-01
0.822785,0.354430,6.965356e-01
0.835443,0.354430,6.980047e-01
0.848101,0.354430,6.993622e-01
0.860759,0.354430,7.006085e-01
0.873418,0.354430,7.017734e-01
0.886076,0.354430,7.028746e-01
0.898734,0.354430,7.039122e-01
0.911392,0.354430,7.048860e-01
0.924051,0.354430,7.057962e-01
0.936709,0.354430,7.066472e-01
0.949367,0.354430,7.074567e-01
0.962025,0.354430,7.082266e-01
0.974684,0.354430,7.089567e-01
0.987342,0.354430,7.096472e-01
1.000000,0.354430,7.102980e-01
0.000000,0.367089,0.000000e+00
0.012658,0.367089,5.042157e-04
0.025316,0.367089,1.107224e-03
0.037975,0.367089,1.809026e-03
0.050633,0.367089,2.609620e-03
0.063291,0.367089,3.509008e-03
0.075949,0.367089,4.507188e-03
0.088608,0.367089,5.604161e-03
0.101266,0.367089,6.799927e-03
0.113924,0.367089,8.094486e-03
0.126582,0.367089,9.487837e-03
0.139241,0.367089,1.097998e-02
0.151899,0.367089,1.257092e-02
0.164557,0.367089,1.426065e-02
0.177215,0.367089,1.604917e-02
0.189873,0.367089,1.793649e-02
0.202532,0.367089,1.992260e-02
0.215190,0.367089,2.200750e-02
0.227848,0.367089,2.419120e-02
0.240506,0.367089,2.647368e-02
0.253165,0.367089,2.885496e-02
0.265823,0.367089,3.148252e-02
0.278481,0.367089,3.467420e-02
0.291139,0.367089,3.844077e-02
0.303797,0.367089,4.278225e-02
0.316456,0.367089,4.769863e-02
0.329114,0.367089,5.318992e-02
0.341772,0.367089,5.925610e-02
0.354430,0.367089,6.589719e-02
0.367089,0.367089,7.364861e-02
0.379747,0.367089,8.343128e-02
0.392405,0.367089,9.526114e-02
0.405063,0.367089,1.091382e-01
0.417722,0.367089,1.255853e-01
0.430380,0.367089,1.471106e-01
0.443038,0.367089,1.740423e-01
0.455696,0.367089,2.075182e-01
0.468354,0.367089,2.505448e-01
0.481013,0.367089,3.031884e-01
0.493671,0.367089,3.645522e-01
0.506329,0.367089,4.296344e-01
0.518987,0.367089,4.903307e-01
0.531646,0.367089,5.430706e-01
0.544304,0.367089,5.864218e-01
0.556962,0.367089,6.201230e-01
0.569620,0.367089,6.462114e-01
0.582278,0.367089,6.680058e-01
0.594937,0.367089,6.855529e-01
0.607595,0.367089,6.989413e-01
0.620253,0.367089,7.101241e-01
0.632911,0.367089,7.199022e-01
0.645570,0.367089,7.282753e-01
0.658228,0.367089,7.352436e-01
0.670886,0.367089,7.410857e-01
0.683544,0.367089,7.463689e-01
0.696203,0.367089,7.511098e-01
0.708861,0.367089,7.553084e-01
0.721519,0.367089,7.589648e-01
0.734177,0.367089,7.621828e-01
0.746835,0.367089,7.651554e-01
0.759494,0.367089,7.678867e-01
0.772152,0.367089,7.703767e-01
0.784810,0.367089,7.726255e-01
0.797468,0.367089,7.746518e-01
0.810127,0.367089,7.765424e-01
0.822785,0.367089,7.783083e-01
0.835443,0.367089,7.799495e-01
0.848101,0.367089,7.814660e-01
0.860759,0.367089,7.828584e-01
0.873418,0.367089,7.841599e-01
0.886076,0.367089,7.853902e-01
0.898734,0.367089,7.865494e-01
0.911392,0.367089,7.876375e-01
0.924051,0.367089,7.886544e-01
0.936709,0.367089,7.896053e-01
0.949367,0.367089,7.905099e-01
0.962025,0.367089,7.913702e-01
0.974684,0.367089,7.921861e-01
0.987342,0.367089,7.929578e-01
1.000000,0.367089,7.936853e-01
0.000000,0.379747,0.000000e+00
0.012658,0.379747,5.697888e-04
0.025316,0.379747,1.251615e-03
0.037975,0.379747,2.045480e-03
0.050633,0.379747,2.951382e-03
0.063291,0.379747,3.969322e-03
0.075949,0.379747,5.099300e-03
0.088608,0.379747,6.341315e-03
0.101266,0.379747,7.695369e-03
0.113924,0.379747,9.161460e-03
0.126582,0.379747,1.073959e-02
0.139241,0.379747,1.242976e-02
0.151899,0.379747,1.423196e-02
0.164557,0.379747,1.614620e-02
0.177215,0.379747,1.817248e-02
0.189873,0.379747,2.031080e-02
0.202532,0.379747,2.256116e-02
0.215190,0.379747,2.492355e-02
0.227848,0.379747,2.739798e-02
0.240506,0.379747,2.998445e-02
0.253165,0.379747,3.268296e-02
0.265823,0.379747,3.566068e-02
0.278481,0.379747,3.927791e-02
0.291139,0.379747,4.354688e-02
0.303797,0.379747,4.846757e-02
0.316456,0.379747,5.404000e-02
0.329114,0.379747,6.026416e-02
0.341772,0.379747,6.714005e-02
0.354430,0.379747,7.466767e-02
0.367089,0.379747,8.345424e-02
0.379747,0.379747,9.454417e-02
0.392405,0.379747,1.079555e-01
0.405063,0.379747,1.236883e-01
0.417722,0.379747,1.423354e-01
0.430380,0.379747,1.667404e-01
0.443038,0.379747,1.972753e-01
0.455696,0.379747,2.352306e-01
0.468354,0.379747,2.840156e-01
0.481013,0.379747,3.437053e-01
0.493671,0.379747,4.132834e-01
0.506329,0.379747,4.870776e-01
0.518987,0.379747,5.558983e-01
0.531646,0.379747,6.156969e-01
0.544304,0.379747,6.648497e-01
0.556962,0.379747,7.030605e-01
0.569620,0.379747,7.326391e-01
0.582278,0.379747,7.573488e-01
0.594937,0.379747,7.772425e-01
0.607595,0.379747,7.924206e-01
0.620253,0.379747,8.050980e-01
0.632911,0.379747,8.161825e-01
0.645570,0.379747,8.256743e-01
0.658228,0.379747,8.335732e-01
0.670886,0.379747,8.401953e-01
0.683544,0.379747,8.461838e-01
0.696203,0.379747,8.515577e-01
0.708861,0.379747,8.563168e-01
0.721519,0.379747,8.604613e-01
0.734177,0.379747,8.641090e-01
0.746835,0.379747,8.674784e-01
0.759494,0.379747,8.705743e-01
0.772152,0.379747,8.733967e-01
0.784810,0.379747,8.759458e-01
0.797468,0.379747,8.782425e-01
0.810127,0.379747,8.803855e-01
0.822785,0.379747,8.823872e-01
0.835443,0.379747,8.842475e-01
0.848101,0.379747,8.859666e-01
0.860759,0.379747,8.875449e-01
0.873418,0.379747,8.890202e-01
0.886076,0.379747,8.904149e-01
0.898734,0.379747,8.917290e-01
0.911392,0.379747,8.929625e-01
0.924051,0.379747,8.941153e-01
0.936709,0.379747,8.951933e-01
0.949367,0.379747,8.962188e-01
0.962025,0.379747,8.971942e-01
0.974684,0.379747,8.981194e-01
0.987342,0.379747,8.989944e-01
1.000000,0.379747,8.998192e-01
0.000000,0.392405,0.000000e+00
0.012658,0.392405,6.494543e-04
0.025316,0.392405,1.427040e-03
0.037975,0.392405,2.332756e-03
0.050633,0.392405,3.366603e-03
0.063291,0.392405,4.528582e-03
0.075949,0.392405,5.818691e-03
0.088608,0.392405,7.236931e-03
0.101266,0.392405,8.783303e-03
0.113924,0.392405,1.045780e-02
0.126582,0.392405,1.226044e-02
0.139241,0.392405,1.419120e-02
0.151899,0.392405,1.625010e-02
0.164557,0.392405,1.843712e-02
0.177215,0.392405,2.075228e-02
0.189873,0.392405,2.319557e-02
0.202532,0.392405,2.576699e-02
0.215190,0.392405,2.846654e-02
0.227848,0.392405,3.129422e-02
0.240506,0.392405,3.425003e-02
0.253165,0.392405,3.733398e-02
0.265823,0.392405,4.073721e-02
0.278481,0.392405,4.487171e-02
0.291139,0.392405,4.975144e-02
0.303797,0.392405,5.537641e-02
0.316456,0.392405,6.174662e-02
0.329114,0.392405,6.886207e-02
0.341772,0.392405,7.672276e-02
0.354430,0.392405,8.532869e-02
0.367089,0.392405,9.537435e-02
0.379747,0.392405,1.080542e-01
0.392405,0.392405,1.233890e-01
0.405063,0.392405,1.413788e-01
0.417722,0.392405,1.627012e-01
0.430380,0.392405,1.906078e-01
0.443038,0.392405,2.255238e-01
0.455696,0.392405,2.689248e-01
0.468354,0.392405,3.247098e-01
0.481013,0.392405,3.929646e-01
0.493671,0.392405,4.725272e-01
0.506329,0.392405,5.569105e-01
0.518987,0.392405,6.356062e-01
0.531646,0.392405,7.039849e-01
0.544304,0.392405,7.601900e-01
0.556962,0.392405,8.038831e-01
0.569620,0.392405,8.377053e-01
0.582278,0.392405,8.659595e-01
0.594937,0.392405,8.887064e-01
0.607595,0.392405,9.060606e-01
0.620253,0.392405,9.205552e-01
0.632911,0.392405,9.332285e-01
0.645570,0.392405,9.440804e-01
0.658228,0.392405,9.531109e-01
0.670886,0.392405,9.606814e-01
0.683544,0.392405,9.675276e-01
0.696203,0.392405,9.736711e-01
0.708861,0.392405,9.791118e-01
0.721519,0.392405,9.838498e-01
0.734177,0.392405,9.880199e-01
0.746835,0.392405,9.918718e-01
0.759494,0.392405,9.954111e-01
0.772152,0.392405,9.986378e-01
0.784810,0.392405,1.001552e+00
0.797468,0.392405,1.004177e+00
0.810127,0.392405,1.006627e+00
0.822785,0.392405,1.008916e+00
0.835443,0.392405,1.011043e+00
0.848101,0.392405,1.013008e+00
0.860759,0.392405,1.014812e+00
0.873418,0.392405,1.016499e+00
0.886076,0.392405,1.018094e+00
0.898734,0.392405,1.019596e+00
0.911392,0.392405,1.021006e+00
0.924051,0.392405,1.022324e+00
0.936709,0.392405,1.023557e+00
0.949367,0.392405,1.024729e+00
0.962025,0.392405,1.025844e+00
0.974684,0.392405,1.026902e+00
0.987342,0.392405,1.027903e+00
1.000000,0.392405,1.028846e+00
0.000000,0.405063,0.000000e+00
0.012658,0.405063,7.432122e-04
0.025316,0.405063,1.633497e-03
0.037975,0.405063,2.670854e-03
0.050633,0.405063,3.855284e-03
0.063291,0.405063,5.186786e-03
0.075949,0.405063,6.665361e-03
0.088608,0.405063,8.291008e-03
0.101266,0.405063,1.006373e-02
0.113924,0.405063,1.198352e-02
0.126582,0.405063,1.405039e-02
0.139241,0.405063,1.626432e-02
0.151899,0.405063,1.862533e-02
0.164557,0.405063,2.113342e-02
0.177215,0.405063,2.378857e-02
0.189873,0.405063,2.659080e-02
0.202532,0.405063,2.954010e-02
0.215190,0.405063,3.263647e-02
0.227848,0.405063,3.587992e-02
0.240506,0.405063,3.927043e-02
0.253165,0.405063,4.280802e-02
0.265823,0.405063,4.671212e-02
0.278481,0.405063,5.145558e-02
0.291139,0.405063,5.705447e-02
0.303797,0.405063,6.350878e-02
0.316456,0.405063,7.081851e-02
0.329114,0.405063,7.898367e-02
0.341772,0.405063,8.800425e-02
0.354430,0.405063,9.788026e-02
0.367089,0.405063,1.094089e-01
0.379747,0.405063,1.239615e-01
0.392405,0.405063,1.415617e-01
0.405063,0.405063,1.622095e-01
0.417722,0.405063,1.866828e-01
0.430380,0.405063,2.187128e-01
0.443038,0.405063,2.587876e-01
0.455696,0.405063,3.086009e-01
0.468354,0.405063,3.726275e-01
0.481013,0.405063,4.509662e-01
0.493671,0.405063,5.422834e-01
0.506329,0.405063,6.391330e-01
0.518987,0.405063,7.294544e-01
0.531646,0.405063,8.079344e-01
0.544304,0.405063,8.724427e-01
0.556962,0.405063,9.225909e-01
0.569620,0.405063,9.614099e-01
0.582278,0.405063,9.938379e-01
0.594937,0.405063,1.019944e+00
0.607595,0.405063,1.039861e+00
0.620253,0.405063,1.056496e+00
0.632911,0.405063,1.071040e+00
0.645570,0.405063,1.083494e+00
0.658228,0.405063,1.093857e+00
0.670886,0.405063,1.102544e+00
0.683544,0.405063,1.110400e+00
0.696203,0.405063,1.117450e+00
0.708861,0.405063,1.123693e+00
0.721519,0.405063,1.129130e+00
0.734177,0.405063,1.133916e+00
0.746835,0.405063,1.138336e+00
0.759494,0.405063,1.142397e+00
0.772152,0.405063,1.146100e+00
0.784810,0.405063,1.149444e+00
0.797468,0.405063,1.152457e+00
0.810127,0.405063,1.155268e+00
0.822785,0.405063,1.157894e+00
0.835443,0.405063,1.160335e+00
0.848101,0.405063,1.162590e+00
0.860759,0.405063,1.164661e+00
0.873418,0.405063,1.166596e+00
0.886076,0.405063,1.168426e+00
0.898734,0.405063,1.170150e+00
0.911392,0.405063,1.171768e+00
0.924051,0.405063,1.173281e+00
0.936709,0.405063,1.174695e+00
0.949367,0.405063,1.176041e+00
0.962025,0.405063,1.177321e+00
0.974684,0.405063,1.178535e+00
0.987342,0.405063,1.179684e+00
1.000000,0.405063,1.180766e+00
0.000000,0.417722,0.000000e+00
0.012658,0.417722,8.518004e-04
0.025316,0.417722,1.872605e-03
0.037975,0.417722,3.062415e-03
0.050633,0.417722,4.421229e-03
0.063291,0.417722,5.949048e-03
0.075949,0.417722,7.645871e-03
0.088608,0.417722,9.511699e-03
0.101266,0.417722,1.154653e-02
0.113924,0.417722,1.375037e-02
0.126582,0.417722,1.612321e-02
0.139241,0.417722,1.866506e-02
0.151899,0.417722,2.137591e-02
0.164557,0.417722,2.425576e-02
0.177215,0.417722,2.730462e-02
0.189873,0.417722,3.052249e-02
0.202532,0.417722,3.390936e-02
0.215190,0.417722,3.746523e-02
0.227848,0.417722,4.119011e-02
0.240506,0.417722,4.508399e-02
0.253165,0.417722,4.914688e-02
0.265823,0.417722,5.363097e-02
0.278481,0.417722,5.907976e-02
0.291139,0.417722,6.551170e-02
0.303797,0.417722,7.292679e-02
0.316456,0.417722,8.132502e-02
0.329114,0.417722,9.070640e-02
0.341772,0.417722,1.010709e-01
0.354430,0.417722,1.124186e-01
0.367089,0.417722,1.256657e-01
0.379747,0.417722,1.423880e-01
0.392405,0.417722,1.626130e-01
0.405063,0.417722,1.863405e-01
0.417722,0.417722,2.144642e-01
0.430380,0.417722,2.512712e-01
0.443038,0.417722,2.973223e-01
0.455696,0.417722,3.545634e-01
0.468354,0.417722,4.281366e-01
0.481013,0.417722,5.181555e-01
0.493671,0.417722,6.230877e-01
0.506329,0.417722,7.343765e-01
0.518987,0.417722,8.381634e-01
0.531646,0.417722,9.283436e-01
0.544304,0.417722,1.002470e+00
0.556962,0.417722,1.060095e+00
0.569620,0.417722,1.104703e+00
0.582278,0.417722,1.141966e+00
0.594937,0.417722,1.171964e+00
0.607595,0.417722,1.194850e+00
0.620253,0.417722,1.213964e+00
0.632911,0.417722,1.230675e+00
0.645570,0.417722,1.244984e+00
0.658228,0.417722,1.256891e+00
0.670886,0.417722,1.266872e+00
0.683544,0.417722,1.275898e+00
0.696203,0.417722,1.283998e+00
0.708861,0.417722,1.291171e+00
0.721519,0.417722,1.297418e+00
0.734177,0.417722,1.302916e+00
0.746835,0.417722,1.307995e+00
0.759494,0.417722,1.312661e+00
0.772152,0.417722,1.316915e+00
0.784810,0.417722,1.320757e+00
0.797468,0.417722,1.324219e+00
0.810127,0.417722,1.327448e+00
0.822785,0.417722,1.330466e+00
0.835443,0.417722,1.333270e+00
0.848101,0.417722,1.335861e+00
0.860759,0.417722,1.338240e+00
0.873418,0.417722,1.340464e+00
0.886076,0.417722,1.342566e+00
0.898734,0.417722,1.344547e+00
0.911392,0.417722,1.346407e+00
0.924051,0.417722,1.348145e+00
0.936709,0.417722,1.349770e+00
0.949367,0.417722,1.351316e+00
0.962025,0.417722,1.352787e+00
0.974684,0.417722,1.354182e+00
0.987342,0.417722,1.355501e+00
1.000000,0.417722,1.356745e+00
0.000000,0.430380,0.000000e+00
0.012658,0.430380,9.942080e-04
0.025316,0.430380,2.186002e-03
0.037975,0.430380,3.575383e-03
0.050633,0.430380,5.162350e-03
0.063291,0.430380,6.946903e-03
0.075949,0.430380,8.929042e-03
0.088608,0.430380,1.110877e-02
0.101266,0.430380,1.348608e-02
0.113924,0.430380,1.606098e-02
0.126582,0.430380,1.883346e-02
0.139241,0.430380,2.180353e-02
0.151899,0.430380,2.497119e-02
0.164557,0.430380,2.833643e-02
0.177215,0.430380,3.189926e-02
0.189873,0.430380,3.565968e-02
0.202532,0.430380,3.961768e-02
0.215190,0.430380,4.377327e-02
0.227848,0.430380,4.812645e-02
0.240506,0.430380,5.267721e-02
0.253165,0.430380,5.742555e-02
0.265823,0.430380,6.266670e-02
0.278481,0.430380,6.903684e-02
0.291139,0.430380,7.655758e-02
0.303797,0.430380,8.522890e-02
0.316456,0.430380,9.505081e-02
0.329114,0.430380,1.060233e-01
0.341772,0.430380,1.181464e-01
0.354430,0.430380,1.314201e-01
0.367089,0.430380,1.469157e-01
0.379747,0.430380,1.664762e-01
0.392405,0.430380,1.901334e-01
0.405063,0.430380,2.178872e-01
0.417722,0.430380,2.507831e-01
0.430380,0.430380,2.938348e-01
0.443038,0.430380,3.476985e-01
0.455696,0.430380,4.146501e-01
0.468354,0.430380,5.007032e-01
0.481013,0.430380,6.059907e-01
0.493671,0.430380,7.287202e-01
0.506329,0.430380,8.588833e-01
0.518987,0.430380,9.802722e-01
0.531646,0.430380,1.085747e+00
0.544304,0.430380,1.172446e+00
0.556962,0.430380,1.239845e+00
0.569620,0.430380,1.292019e+00
0.582278,0.430380,1.335602e+00
0.594937,0.430380,1.370688e+00
0.607595,0.430380,1.397454e+00
0.620253,0.430380,1.419808e+00
0.632911,0.430380,1.439353e+00
0.645570,0.430380,1.456087e+00
0.658228,0.430380,1.470012e+00
0.670886,0.430380,1.481685e+00
0.683544,0.430380,1.492241e+00
0.696203,0.430380,1.501714e+00
0.708861,0.430380,1.510103e+00
0.721519,0.430380,1.517409e+00
0.734177,0.430380,1.523838e+00
0.746835,0.430380,1.529778e+00
0.759494,0.430380,1.535235e+00
0.772152,0.430380,1.540210e+00
0.784810,0.430380,1.544703e+00
0.797468,0.430380,1.548751e+00
0.810127,0.430380,1.552528e+00
0.822785,0.430380,1.556057e+00
0.835443,0.430380,1.559336e+00
0.848101,0.430380,1.562366e+00
0.860759,0.430380,1.565149e+00
0.873418,0.430380,1.567750e+00
0.886076,0.430380,1.570208e+00
0.898734,0.430380,1.572525e+00
0.911392,0.430380,1.574700e+00
0.924051,0.430380,1.576732e+00
0.936709,0.430380,1.578633e+00
0.949367,0.430380,1.580441e+00
0.962025,0.430380,1.582161e+00
0.974684,0.430380,1.583793e+00
0.987342,0.430380,1.585336e+00
1.000000,0.430380,1.586791e+00
0.000000,0.443038,0.000000e+00
0.012658,0.443038,1.178767e-03
0.025316,0.443038,2.591957e-03
0.037975,0.443038,4.239571e-03
0.050633,0.443038,6.121607e-03
0.063291,0.443038,8.238067e-03
0.075949,0.443038,1.058895e-02
0.088608,0.443038,1.317426e-02
0.101266,0.443038,1.599399e-02
0.113924,0.443038,1.904814e-02
0.126582,0.443038,2.233672e-02
0.139241,0.443038,2.585971e-02
0.151899,0.443038,2.961714e-02
0.164557,0.443038,3.360898e-02
0.177215,0.443038,3.783525e-02
0.189873,0.443038,4.229594e-02
0.202532,0.443038,4.699106e-02
0.215190,0.443038,5.192060e-02
0.227848,0.443038,5.708456e-02
0.240506,0.443038,6.248295e-02
0.253165,0.443038,6.811575e-02
0.265823,0.443038,7.433398e-02
0.278481,0.443038,8.189400e-02
0.291139,0.443038,9.082150e-02
0.303797,0.443038,1.011165e-01
0.316456,0.443038,1.127789e-01
0.329114,0.443038,1.258089e-01
0.341772,0.443038,1.402063e-01
0.354430,0.443038,1.559712e-01
0.367089,0.443038,1.743751e-01
0.379747,0.443038,1.976048e-01
0.392405,0.443038,2.256984e-01
0.405063,0.443038,2.586557e-01
0.417722,0.443038,2.977181e-01
0.430380,0.443038,3.488397e-01
0.443038,0.443038,4.127997e-01
0.455696,0.443038,4.923002e-01
0.468354,0.443038,5.944809e-01
0.481013,0.443038,7.194995e-01
0.493671,0.443038,8.652274e-01
0.506329,0.443038,1.019780e+00
0.518987,0.443038,1.163915e+00
0.531646,0.443038,1.289155e+00
0.544304,0.443038,1.392100e+00
0.556962,0.443038,1.472130e+00
0.569620,0.443038,1.534080e+00
0.582278,0.443038,1.585830e+00
0.594937,0.443038,1.627489e+00
0.607595,0.443038,1.659269e+00
0.620253,0.443038,1.685811e+00
0.632911,0.443038,1.709016e+00
0.645570,0.443038,1.728886e+00
0.658228,0.443038,1.745419e+00
0.670886,0.443038,1.759278e+00
0.683544,0.443038,1.771812e+00
0.696203,0.443038,1.783059e+00
0.708861,0.443038,1.793019e+00
0.721519,0.443038,1.801693e+00
0.734177,0.443038,1.809327e+00
0.746835,0.443038,1.816379e+00
0.759494,0.443038,1.822858e+00
0.772152,0.443038,1.828765e+00
0.784810,0.443038,1.834099e+00
0.797468,0.443038,1.838906e+00
0.810127,0.443038,1.843391e+00
0.822785,0.443038,1.847580e+00
0.835443,0.443038,1.851473e+00
0.848101,0.443038,1.855071e+00
0.860759,0.443038,1.858375e+00
0.873418,0.443038,1.861463e+00
0.886076,0.443038,1.864382e+00
0.898734,0.443038,1.867133e+00
0.911392,0.443038,1.869715e+00
0.924051,0.443038,1.872128e+00
0.936709,0.443038,1.874385e+00
0.949367,0.443038,1.876532e+00
0.962025,0.443038,1.878574e+00
0.974684,0.443038,1.880511e+00
0.987342,0.443038,1.882344e+00
1.000000,0.443038,1.884071e+00
0.000000,0.455696,0.000000e+00
0.012658,0.455696,1.405703e-03
0.025316,0.455696,3.090965e-03
0.037975,0.455696,5.055784e-03
0.050633,0.455696,7.300161e-03
0.063291,0.455696,9.824096e-03
0.075949,0.455696,1.262759e-02
0.088608,0.455696,1.571064e-02
0.101266,0.455696,1.907325e-02
0.113924,0.455696,2.271541e-02
0.126582,0.455696,2.663714e-02
0.139241,0.455696,3.083842e-02
0.151899,0.455696,3.531926e-02
0.164557,0.455696,4.007966e-02
0.177215,0.455696,4.511962e-02
0.189873,0.455696,5.043913e-02
0.202532,0.455696,5.603820e-02
0.215190,0.455696,6.191683e-02
0.227848,0.455696,6.807502e-02
0.240506,0.455696,7.451276e-02
0.253165,0.455696,8.123007e-02
0.265823,0.455696,8.864652e-02
0.278481,0.455696,9.766636e-02
0.291139,0.455696,1.083203e-01
0.303797,0.455696,1.206083e-01
0.316456,0.455696,1.345304e-01
0.329114,0.455696,1.500865e-01
0.341772,0.455696,1.672768e-01
0.354430,0.455696,1.861011e-01
0.367089,0.455696,2.080762e-01
0.379747,0.455696,2.358108e-01
0.392405,0.455696,2.693501e-01
0.405063,0.455696,3.086941e-01
0.417722,0.455696,3.553248e-01
0.430380,0.455696,4.163510e-01
0.443038,0.455696,4.927028e-01
0.455696,0.455696,5.876053e-01
0.468354,0.455696,7.095806e-01
0.481013,0.455696,8.588164e-01
0.493671,0.455696,1.032771e+00
0.506329,0.455696,1.217258e+00
0.518987,0.455696,1.389311e+00
0.531646,0.455696,1.538809e+00
0.544304,0.455696,1.661694e+00
0.556962,0.455696,1.757225e+00
0.569620,0.455696,1.831174e+00
0.582278,0.455696,1.892946e+00
0.594937,0.455696,1.942673e+00
0.607595,0.455696,1.980606e+00
0.620253,0.455696,2.012286e+00
0.632911,0.455696,2.039985e+00
0.645570,0.455696,2.063702e+00
0.658228,0.455696,2.083437e+00
0.670886,0.455696,2.099980e+00
0.683544,0.455696,2.114941e+00
0.696203,0.455696,2.128365e+00
0.708861,0.455696,2.140255e+00
0.721519,0.455696,2.150608e+00
0.734177,0.455696,2.159720e+00
0.746835,0.455696,2.168137e+00
0.759494,0.455696,2.175871e+00
0.772152,0.455696,2.182922e+00
0.784810,0.455696,2.189289e+00
0.797468,0.455696,2.195026e+00
0.810127,0.455696,2.200380e+00
0.822785,0.455696,2.205380e+00
0.835443,0.455696,2.210027e+00
0.848101,0.455696,2.214322e+00
0.860759,0.455696,2.218265e+00
0.873418,0.455696,2.221951e+00
0.886076,0.455696,2.225435e+00
0.898734,0.455696,2.228719e+00
0.911392,0.455696,2.231801e+00
0.924051,0.455696,2.234681e+00
0.936709,0.455696,2.237375e+00
0.949367,0.455696,2.239938e+00
0.962025,0.455696,2.242375e+00
0.974684,0.455696,2.244688e+00
0.987342,0.455696,2.246875e+00
1.000000,0.455696,2.248937e+00
0.000000,0.468354,0.000000e+00
0.012658,0.468354,1.693072e-03
0.025316,0.468354,3.722531e-03
0.037975,0.468354,6.088377e-03
0.050633,0.468354,8.790610e-03
0.063291,0.468354,1.182923e-02
0.075949,0.468354,1.520424e-02
0.088608,0.468354,1.891563e-02
0.101266,0.468354,2.296342e-02
0.113924,0.468354,2.734759e-02
0.126582,0.468354,3.206814e-02
0.139241,0.468354,3.712509e-02
0.151899,0.468354,4.251842e-02
0.164557,0.468354,4.824813e-02
0.177215,0.468354,5.431424e-02
0.189873,0.468354,6.071673e-02
0.202532,0.468354,6.745561e-02
0.215190,0.468354,7.453088e-02
0.227848,0.468354,8.194253e-02
0.240506,0.468354,8.969057e-02
0.253165,0.468354,9.777500e-02
0.265823,0.468354,1.067023e-01
0.278481,0.468354,1.175639e-01
0.291139,0.468354,1.303969e-01
0.303797,0.468354,1.452012e-01
0.316456,0.468354,1.619769e-01
0.329114,0.468354,1.807240e-01
0.341772,0.468354,2.014425e-01
0.354430,0.468354,2.241323e-01
0.367089,0.468354,2.506189e-01
0.379747,0.468354,2.840420e-01
0.392405,0.468354,3.244561e-01
0.405063,0.468354,3.718610e-01
0.417722,0.468354,4.280430e-01
0.430380,0.468354,5.015698e-01
0.443038,0.468354,5.935627e-01
0.455696,0.468354,7.079073e-01
0.468354,0.468354,8.548714e-01
0.481013,0.468354,1.034681e+00
0.493671,0.468354,1.244273e+00
0.506329,0.468354,1.466557e+00
0.518987,0.468354,1.673858e+00
0.531646,0.468354,1.853984e+00
0.544304,0.468354,2.002041e+00
0.556962,0.468354,2.117137e+00
0.569620,0.468354,2.206228e+00
0.582278,0.468354,2.280648e+00
0.594937,0.468354,2.340556e+00
0.607595,0.468354,2.386256e+00
0.620253,0.468354,2.424423e+00
0.632911,0.468354,2.457793e+00
0.645570,0.468354,2.486366e+00
0.658228,0.468354,2.510143e+00
0.670886,0.468354,2.530075e+00
0.683544,0.468354,2.548099e+00
0.696203,0.468354,2.564274e+00
0.708861,0.468354,2.578598e+00
0.721519,0.468354,2.591072e+00
0.734177,0.468354,2.602050e+00
0.746835,0.468354,2.612191e+00
0.759494,0.468354,2.621508e+00
0.772152,0.468354,2.630003e+00
0.784810,0.468354,2.637674e+00
0.797468,0.468354,2.644587e+00
0.810127,0.468354,2.651036e+00
0.822785,0.468354,2.657060e+00
0.835443,0.468354,2.662660e+00
0.848101,0.468354,2.667833e+00
0.860759,0.468354,2.672584e+00
0.873418,0.468354,2.677025e+00
0.886076,0.468354,2.681223e+00
0.898734,0.468354,2.685178e+00
0.911392,0.468354,2.688891e+00
0.924051,0.468354,2.692362e+00
0.936709,0.468354,2.695608e+00
0.949367,0.468354,2.698695e+00
0.962025,0.468354,2.701632e+00
0.974684,0.468354,2.704418e+00
0.987342,0.468354,2.707053e+00
1.000000,0.468354,2.709537e+00
0.000000,0.481013,0.000000e+00
0.012658,0.481013,2.052270e-03
0.025316,0.481013,4.511596e-03
0.037975,0.481013,7.377977e-03
0.050633,0.481013,1.065141e-02
0.063291,0.481013,1.433191e-02
0.075949,0.481013,1.841945e-02
0.088608,0.481013,2.291406e-02
0.101266,0.481013,2.781571e-02
0.113924,0.481013,3.312443e-02
0.126582,0.481013,3.884019e-02
0.139241,0.481013,4.496302e-02
0.151899,0.481013,5.149290e-02
0.164557,0.481013,5.842983e-02
0.177215,0.481013,6.577382e-02
0.189873,0.481013,7.352487e-02
0.202532,0.481013,8.168297e-02
0.215190,0.481013,9.024813e-02
0.227848,0.481013,9.922034e-02
0.240506,0.481013,1.085996e-01
0.253165,0.481013,1.183859e-01
0.265823,0.481013,1.291944e-01
0.278481,0.481013,1.423504e-01
0.291139,0.481013,1.578990e-01
0.303797,0.481013,1.758403e-01
0.316456,0.481013,1.961741e-01
0.329114,0.481013,2.189005e-01
0.341772,0.481013,2.440194e-01
0.354430,0.481013,2.715310e-01
0.367089,0.481013,3.036444e-01
0.379747,0.481013,3.441595e-01
0.392405,0.481013,3.931420e-01
0.405063,0.481013,4.505920e-01
0.417722,0.481013,5.186752e-01
0.430380,0.481013,6.077797e-01
0.443038,0.481013,7.192649e-01
0.455696,0.481013,8.578407e-01
0.468354,0.481013,1.035952e+00
0.481013,0.481013,1.253873e+00
0.493671,0.481013,1.507891e+00
0.506329,0.481013,1.777296e+00
0.518987,0.481013,2.028542e+00
0.531646,0.481013,2.246846e+00
0.544304,0.481013,2.426279e+00
0.556962,0.481013,2.565756e+00
0.569620,0.481013,2.673715e+00
0.582278,0.481013,2.763895e+00
0.594937,0.481013,2.836491e+00
0.607595,0.481013,2.891869e+00
0.620253,0.481013,2.938119e+00
0.632911,0.481013,2.978558e+00
0.645570,0.481013,3.013184e+00
0.658228,0.481013,3.041999e+00
0.670886,0.481013,3.066155e+00
0.683544,0.481013,3.087999e+00
0.696203,0.481013,3.107601e+00
0.708861,0.481013,3.124960e+00
0.721519,0.481013,3.140077e+00
0.734177,0.481013,3.153381e+00
0.746835,0.481013,3.165670e+00
0.759494,0.481013,3.176962e+00
0.772152,0.481013,3.187256e+00
0.784810,0.481013,3.196553e+00
0.797468,0.481013,3.204930e+00
0.810127,0.481013,3.212746e+00
0.822785,0.481013,3.220047e+00
0.835443,0.481013,3.226832e+00
0.848101,0.481013,3.233102e+00
0.860759,0.481013,3.238859e+00
0.873418,0.481013,3.244240e+00
0.886076,0.481013,3.249328e+00
0.898734,0.481013,3.254121e+00
0.911392,0.481013,3.258621e+00
0.924051,0.481013,3.262827e+00
0.936709,0.481013,3.266760e+00
0.949367,0.481013,3.270502e+00
0.962025,0.481013,3.274061e+00
0.974684,0.481013,3.277438e+00
0.987342,0.481013,3.280631e+00
1.000000,0.481013,3.283642e+00
0.000000,0.493671,0.000000e+00
0.012658,0.493671,2.466901e-03
0.025316,0.493671,5.422182e-03
0.037975,0.493671,8.865844e-03
0.050633,0.493671,1.279789e-02
0.063291,0.493671,1.721831e-02
0.075949,0.493671,2.212711e-02
0.088608,0.493671,2.752429e-02
0.101266,0.493671,3.340985e-02
0.113924,0.493671,3.978380e-02
0.126582,0.493671,4.664612e-02
0.139241,0.493671,5.399682e-02
0.151899,0.493671,6.183591e-02
0.164557,0.493671,7.016337e-02
0.177215,0.493671,7.897921e-02
0.189873,0.493671,8.828344e-02
0.202532,0.493671,9.807604e-02
0.215190,0.493671,1.083570e-01
0.227848,0.493671,1.191264e-01
0.240506,0.493671,1.303841e-01
0.253165,0.493671,1.421303e-01
0.265823,0.493671,1.551052e-01
0.278481,0.493671,1.709045e-01
0.291139,0.493671,1.895825e-01
0.303797,0.493671,2.111390e-01
0.316456,0.493671,2.355740e-01
0.329114,0.493671,2.628877e-01
0.341772,0.493671,2.930800e-01
0.354430,0.493671,3.261508e-01
0.367089,0.493671,3.647511e-01
0.379747,0.493671,4.134403e-01
0.392405,0.493671,4.722974e-01
0.405063,0.493671,5.413224e-01
0.417722,0.493671,6.231187e-01
0.430380,0.493671,7.301735e-01
0.443038,0.493671,8.641210e-01
0.455696,0.493671,1.030620e+00
0.468354,0.493671,1.244626e+00
0.481013,0.493671,1.506464e+00
0.493671,0.493671,1.811675e+00
0.506329,0.493671,2.135382e+00
0.518987,0.493671,2.437268e+00
0.531646,0.493671,2.699570e+00
0.544304,0.493671,2.915158e+00
0.556962,0.493671,3.082731e+00
0.569620,0.493671,3.212429e+00
0.582278,0.493671,3.320770e+00
0.594937,0.493671,3.407985e+00
0.607595,0.493671,3.474516e+00
0.620253,0.493671,3.530082e+00
0.632911,0.493671,3.578666e+00
0.645570,0.493671,3.620268e+00
0.658228,0.493671,3.654889e+00
0.670886,0.493671,3.683913e+00
0.683544,0.493671,3.710159e+00
0.696203,0.493671,3.733711e+00
0.708861,0.493671,3.754568e+00
0.721519,0.493671,3.772730e+00
0.734177,0.493671,3.788714e+00
0.746835,0.493671,3.803479e+00
0.759494,0.493671,3.817045e+00
0.772152,0.493671,3.829414e+00
0.784810,0.493671,3.840584e+00
0.797468,0.493671,3.850649e+00
0.810127,0.493671,3.860040e+00
0.822785,0.493671,3.868811e+00
0.835443,0.493671,3.876964e+00
0.848101,0.493671,3.884497e+00
0.860759,0.493671,3.891414e+00
0.873418,0.493671,3.897879e+00
0.886076,0.493671,3.903992e+00
0.898734,0.493671,3.909751e+00
0.911392,0.493671,3.915157e+00
0.924051,0.493671,3.920211e+00
0.936709,0.493671,3.924936e+00
0.949367,0.493671,3.929432e+00
0.962025,0.493671,3.933708e+00
0.974684,0.493671,3.937765e+00
0.987342,0.493671,3.941602e+00
1.000000,0.493671,3.945220e+00
0.000000,0.506329,0.000000e+00
0.012658,0.506329,2.907847e-03
0.025316,0.506329,6.390441e-03
0.037975,0.506329,1.044778e-02
0.050633,0.506329,1.507987e-02
0.063291,0.506329,2.028671e-02
0.075949,0.506329,2.606829e-02
0.088608,0.506329,3.242462e-02
0.101266,0.506329,3.935570e-02
0.113924,0.506329,4.686153e-02
0.126582,0.506329,5.494210e-02
0.139241,0.506329,6.359742e-02
0.151899,0.506329,7.282749e-02
0.164557,0.506329,8.263230e-02
0.177215,0.506329,9.301187e-02
0.189873,0.506329,1.039662e-01
0.202532,0.506329,1.154952e-01
0.215190,0.506329,1.275990e-01
0.227848,0.506329,1.402776e-01
0.240506,0.506329,1.535309e-01
0.253165,0.506329,1.673589e-01
0.265823,0.506329,1.826355e-01
0.278481,0.506329,2.012434e-01
0.291139,0.506329,2.232467e-01
0.303797,0.506329,2.486453e-01
0.316456,0.506329,2.774392e-01
0.329114,0.506329,3.096284e-01
0.341772,0.506329,3.452130e-01
0.354430,0.506329,3.841929e-01
0.367089,0.506329,4.296880e-01
0.379747,0.506329,4.870646e-01
0.392405,0.506329,5.564157e-01
0.405063,0.506329,6.377411e-01
0.417722,0.506329,7.341094e-01
0.430380,0.506329,8.602396e-01
0.443038,0.506329,1.018058e+00
0.455696,0.506329,1.214231e+00
0.468354,0.506329,1.466379e+00
0.481013,0.506329,1.774885e+00
0.493671,0.506329,2.134490e+00
0.506329,0.506329,2.515894e+00
0.518987,0.506329,2.871589e+00
0.531646,0.506329,3.180643e+00
0.544304,0.506329,3.434651e+00
0.556962,0.506329,3.632081e+00
0.569620,0.506329,3.784881e+00
0.582278,0.506329,3.912519e+00
0.594937,0.506329,4.015270e+00
0.607595,0.506329,4.093653e+00
0.620253,0.506329,4.159118e+00
0.632911,0.506329,4.216358e+00
0.645570,0.506329,4.265374e+00
0.658228,0.506329,4.306165e+00
0.670886,0.506329,4.340362e+00
0.683544,0.506329,4.371287e+00
0.696203,0.506329,4.399036e+00
0.708861,0.506329,4.423610e+00
0.721519,0.506329,4.445008e+00
0.734177,0.506329,4.463841e+00
0.746835,0.506329,4.481236e+00
0.759494,0.506329,4.497220e+00
0.772152,0.506329,4.511793e+00
0.784810,0.506329,4.524954e+00
0.797468,0.506329,4.536812e+00
0.810127,0.506329,4.547877e+00
0.822785,0.506329,4.558212e+00
0.835443,0.506329,4.567817e+00
0.848101,0.506329,4.576693e+00
0.860759,0.506329,4.584842e+00
0.873418,0.506329,4.592459e+00
0.886076,0.506329,4.599660e+00
0.898734,0.506329,4.606446e+00
0.911392,0.506329,4.612816e+00
0.924051,0.506329,4.618770e+00
0.936709,0.506329,4.624337e+00
0.949367,0.506329,4.629634e+00
0.962025,0.506329,4.634672e+00
0.974684,0.506329,4.639452e+00
0.987342,0.506329,4.643972e+00
1.000000,0.506329,4.648234e+00
0.000000,0.518987,0.000000e+00
0.012658,0.518987,3.325263e-03
0.025316,0.518987,7.307133e-03
0.037975,0.518987,1.194561e-02
0.050633,0.518987,1.724069e-02
0.063291,0.518987,2.319239e-02
0.075949,0.518987,2.980068e-02
0.088608,0.518987,3.706559e-02
0.101266,0.518987,4.498710e-02
0.113924,0.518987,5.356522e-02
0.126582,0.518987,6.279994e-02
0.139241,0.518987,7.269128e-02
0.151899,0.518987,8.323922e-02
0.164557,0.518987,9.444376e-02
0.177215,0.518987,1.063049e-01
0.189873,0.518987,1.188227e-01
0.202532,0.518987,1.319970e-01
0.215190,0.518987,1.458280e-01
0.227848,0.518987,1.603156e-01
0.240506,0.518987,1.754598e-01
0.253165,0.518987,1.912606e-01
0.265823,0.518987,2.087179e-01
0.278481,0.518987,2.299867e-01
0.291139,0.518987,2.551401e-01
0.303797,0.518987,2.841781e-01
0.316456,0.518987,3.171007e-01
0.329114,0.518987,3.539079e-01
0.341772,0.518987,3.945996e-01
0.354430,0.518987,4.391760e-01
0.367089,0.518987,4.912014e-01
0.379747,0.518987,5.568068e-01
0.392405,0.518987,6.360982e-01
0.405063,0.518987,7.290757e-01
0.417722,0.518987,8.392483e-01
0.430380,0.518987,9.834482e-01
0.443038,0.518987,1.163878e+00
0.455696,0.518987,1.388161e+00
0.468354,0.518987,1.676440e+00
0.481013,0.518987,2.029154e+00
0.493671,0.518987,2.440289e+00
0.506329,0.518987,2.876350e+00
0.518987,0.518987,3.283020e+00
0.531646,0.518987,3.636362e+00
0.544304,0.518987,3.926765e+00
0.556962,0.518987,4.152476e+00
0.569620,0.518987,4.327160e+00
0.582278,0.518987,4.473080e+00
0.594937,0.518987,4.590548e+00
0.607595,0.518987,4.680158e+00
0.620253,0.518987,4.755000e+00
0.632911,0.518987,4.820440e+00
0.645570,0.518987,4.876478e+00
0.658228,0.518987,4.923114e+00
0.670886,0.518987,4.962212e+00
0.683544,0.518987,4.997568e+00
0.696203,0.518987,5.029293e+00
0.708861,0.518987,5.057388e+00
0.721519,0.518987,5.081852e+00
0.734177,0.518987,5.103383e+00
0.746835,0.518987,5.123270e+00
0.759494,0.518987,5.141544e+00
0.772152,0.518987,5.158205e+00
0.784810,0.518987,5.173251e+00
0.797468,0.518987,5.186809e+00
0.810127,0.518987,5.199459e+00
0.822785,0.518987,5.211275e+00
0.835443,0.518987,5.222256e+00
0.848101,0.518987,5.232403e+00
0.860759,0.518987,5.241720e+00
0.873418,0.518987,5.250429e+00
0.886076,0.518987,5.258662e+00
0.898734,0.518987,5.266419e+00
0.911392,0.518987,5.273702e+00
0.924051,0.518987,5.280508e+00
0.936709,0.518987,5.286874e+00
0.949367,0.518987,5.292929e+00
0.962025,0.518987,5.298690e+00
0.974684,0.518987,5.304154e+00
0.987342,0.518987,5.309322e+00
1.000000,0.518987,5.314195e+00
0.000000,0.531646,0.000000e+00
0.012658,0.531646,3.680702e-03
0.025316,0.531646,8.087974e-03
0.037975,0.531646,1.322181e-02
0.050633,0.531646,1.908223e-02
0.063291,0.531646,2.566921e-02
0.075949,0.531646,3.298276e-02
0.088608,0.531646,4.102288e-02
0.101266,0.531646,4.978957e-02
0.113924,0.531646,5.928283e-02
0.126582,0.531646,6.950266e-02
0.139241,0.531646,8.044906e-02
0.151899,0.531646,9.212203e-02
0.164557,0.531646,1.045216e-01
0.177215,0.531646,1.176477e-01
0.189873,0.531646,1.315004e-01
0.202532,0.531646,1.460796e-01
0.215190,0.531646,1.613854e-01
0.227848,0.531646,1.774178e-01
0.240506,0.531646,1.941768e-01
0.253165,0.531646,2.116623e-01
0.265823,0.531646,2.309818e-01
0.278481,0.531646,2.545218e-01
0.291139,0.531646,2.823633e-01
0.303797,0.531646,3.145062e-01
0.316456,0.531646,3.509507e-01
0.329114,0.531646,3.916967e-01
0.341772,0.531646,4.367441e-01
0.354430,0.531646,4.860930e-01
0.367089,0.531646,5.436879e-01
0.379747,0.531646,6.163130e-01
0.392405,0.531646,7.040859e-01
0.405063,0.531646,8.070065e-01
0.417722,0.531646,9.289596e-01
0.430380,0.531646,1.088579e+00
0.443038,0.531646,1.288303e+00
0.455696,0.531646,1.536569e+00
0.468354,0.531646,1.855678e+00
0.481013,0.531646,2.246112e+00
0.493671,0.531646,2.701215e+00
0.506329,0.531646,3.183913e+00
0.518987,0.531646,3.634074e+00
0.531646,0.531646,4.025204e+00
0.544304,0.531646,4.346661e+00
0.556962,0.531646,4.596506e+00
0.569620,0.531646,4.789865e+00
0.582278,0.531646,4.951385e+00
0.594937,0.531646,5.081412e+00
0.607595,0.531646,5.180602e+00
0.620253,0.531646,5.263446e+00
0.632911,0.531646,5.335882e+00
0.645570,0.531646,5.397912e+00
0.658228,0.531646,5.449534e+00
0.670886,0.531646,5.492813e+00
0.683544,0.531646,5.531950e+00
0.696203,0.531646,5.567068e+00
0.708861,0.531646,5.598167e+00
0.721519,0.531646,5.625247e+00
0.734177,0.531646,5.649080e+00
0.746835,0.531646,5.671094e+00
0.759494,0.531646,5.691322e+00
0.772152,0.531646,5.709764e+00
0.784810,0.531646,5.726420e+00
0.797468,0.531646,5.741427e+00
0.810127,0.531646,5.755430e+00
0.822785,0.531646,5.768509e+00
0.835443,0.531646,5.780665e+00
0.848101,0.531646,5.791897e+00
0.860759,0.531646,5.802210e+00
0.873418,0.531646,5.811849e+00
0.886076,0.531646,5.820963e+00
0.898734,0.531646,5.829550e+00
0.911392,0.531646,5.837611e+00
0.924051,0.531646,5.845146e+00
0.936709,0.531646,5.852191e+00
0.949367,0.531646,5.858895e+00
0.962025,0.531646,5.865271e+00
0.974684,0.531646,5.871320e+00
0.987342,0.531646,5.877041e+00
1.000000,0.531646,5.882434e+00
0.000000,0.544304,0.000000e+00
0.012658,0.544304,3.971396e-03
0.025316,0.544304,8.726846e-03
0.037975,0.544304,1.426635e-02
0.050633,0.544304,2.058991e-02
0.063291,0.544304,2.769752e-02
0.075949,0.544304,3.558919e-02
0.088608,0.544304,4.426492e-02
0.101266,0.544304,5.372470e-02
0.113924,0.544304,6.396853e-02
0.126582,0.544304,7.499642e-02
0.139241,0.544304,8.680836e-02
0.151899,0.544304,9.940436e-02
0.164557,0.544304,1.127844e-01
0.177215,0.544304,1.269485e-01
0.189873,0.544304,1.418967e-01
0.202532,0.544304,1.576289e-01
0.215190,0.544304,1.741452e-01
0.227848,0.544304,1.914455e-01
0.240506,0.544304,2.095299e-01
0.253165,0.544304,2.283983e-01
0.265823,0.544304,2.492461e-01
0.278481,0.544304,2.746492e-01
0.291139,0.544304,3.046950e-01
0.303797,0.544304,3.393835e-01
0.316456,0.544304,3.787148e-01
0.329114,0.544304,4.226888e-01
0.341772,0.544304,4.713055e-01
0.354430,0.544304,5.245649e-01
0.367089,0.544304,5.867236e-01
0.379747,0.544304,6.651031e-01
0.392405,0.544304,7.598300e-01
0.405063,0.544304,8.709043e-01
0.417722,0.544304,1.002518e+00
0.430380,0.544304,1.174782e+00
0.443038,0.544304,1.390326e+00
0.455696,0.544304,1.658258e+00
0.468354,0.544304,2.002643e+00
0.481013,0.544304,2.424004e+00
0.493671,0.544304,2.915157e+00
0.506329,0.544304,3.436089e+00
0.518987,0.544304,3.921907e+00
0.531646,0.544304,4.344016e+00
0.544304,0.544304,4.690935e+00
0.556962,0.544304,4.960570e+00
0.569620,0.544304,5.169246e+00
0.582278,0.544304,5.343558e+00
0.594937,0.544304,5.483884e+00
0.607595,0.544304,5.590930e+00
0.620253,0.544304,5.680335e+00
0.632911,0.544304,5.758508e+00
0.645570,0.544304,5.825450e+00
0.658228,0.544304,5.881162e+00
0.670886,0.544304,5.927869e+00
0.683544,0.544304,5.970105e+00
0.696203,0.544304,6.008005e+00
0.708861,0.544304,6.041567e+00
0.721519,0.544304,6.070792e+00
0.734177,0.544304,6.096513e+00
0.746835,0.544304,6.120271e+00
0.759494,0.544304,6.142101e+00
0.772152,0.544304,6.162003e+00
0.784810,0.544304,6.179978e+00
0.797468,0.544304,6.196174e+00
0.810127,0.544304,6.211286e+00
0.822785,0.544304,6.225401e+00
0.835443,0.544304,6.238519e+00
0.848101,0.544304,6.250641e+00
0.860759,0.544304,6.261771e+00
0.873418,0.544304,6.272174e+00
0.886076,0.544304,6.282009e+00
0.898734,0.544304,6.291277e+00
0.911392,0.544304,6.299976e+00
0.924051,0.544304,6.308107e+00
0.936709,0.544304,6.315711e+00
0.949367,0.544304,6.322945e+00
0.962025,0.544304,6.329827e+00
0.974684,0.544304,6.336354e+00
0.987342,0.544304,6.342529e+00
1.000000,0.544304,6.348350e+00
0.000000,0.556962,0.000000e+00
0.012658,0.556962,4.201820e-03
0.025316,0.556962,9.233494e-03
0.037975,0.556962,1.509502e-02
0.050633,0.556962,2.178641e-02
0.063291,0.556962,2.930764e-02
0.075949,0.556962,3.765874e-02
0.088608,0.556962,4.683968e-02
0.101266,0.556962,5.685048e-02
0.113924,0.556962,6.769114e-02
0.126582,0.556962,7.936165e-02
0.139241,0.556962,9.186201e-02
0.151899,0.556962,1.051922e-01
0.164557,0.556962,1.193523e-01
0.177215,0.556962,1.343422e-01
0.189873,0.556962,1.501620e-01
0.202532,0.556962,1.668117e-01
0.215190,0.556962,1.842911e-01
0.227848,0.556962,2.026005e-01
0.240506,0.556962,2.217397e-01
0.253165,0.556962,2.417087e-01
0.265823,0.556962,2.637726e-01
0.278481,0.556962,2.906575e-01
0.291139,0.556962,3.224557e-01
0.303797,0.556962,3.591675e-01
0.316456,0.556962,4.007926e-01
0.329114,0.556962,4.473313e-01
0.341772,0.556962,4.987834e-01
0.354430,0.556962,5.551489e-01
0.367089,0.556962,6.209332e-01
0.379747,0.556962,7.038854e-01
0.392405,0.556962,8.041397e-01
0.405063,0.556962,9.216960e-01
0.417722,0.556962,1.060991e+00
0.430380,0.556962,1.243306e+00
0.443038,0.556962,1.471427e+00
0.455696,0.556962,1.754990e+00
0.468354,0.556962,2.119465e+00
0.481013,0.556962,2.565405e+00
0.493671,0.556962,3.085208e+00
0.506329,0.556962,3.636525e+00
0.518987,0.556962,4.150679e+00
0.531646,0.556962,4.597411e+00
0.544304,0.556962,4.964567e+00
0.556962,0.556962,5.249933e+00
0.569620,0.556962,5.470785e+00
0.582278,0.556962,5.655269e+00
0.594937,0.556962,5.803782e+00
0.607595,0.556962,5.917074e+00
0.620253,0.556962,6.011695e+00
0.632911,0.556962,6.094429e+00
0.645570,0.556962,6.165276e+00
0.658228,0.556962,6.224237e+00
0.670886,0.556962,6.273669e+00
0.683544,0.556962,6.318370e+00
0.696203,0.556962,6.358480e+00
0.708861,0.556962,6.394000e+00
0.721519,0.556962,6.424930e+00
0.734177,0.556962,6.452151e+00
0.746835,0.556962,6.477295e+00
0.759494,0.556962,6.500399e+00
0.772152,0.556962,6.521463e+00
0.784810,0.556962,6.540486e+00
0.797468,0.556962,6.557627e+00
0.810127,0.556962,6.573620e+00
0.822785,0.556962,6.588558e+00
0.835443,0.556962,6.602442e+00
0.848101,0.556962,6.615271e+00
0.860759,0.556962,6.627050e+00
0.873418,0.556962,6.638060e+00
0.886076,0.556962,6.648469e+00
0.898734,0.556962,6.658277e+00
0.911392,0.556962,6.667484e+00
0.924051,0.556962,6.676089e+00
0.936709,0.556962,6.684137e+00
0.949367,0.556962,6.691793e+00
0.962025,0.556962,6.699075e+00
0.974684,0.556962,6.705984e+00
0.987342,0.556962,6.712518e+00
1.000000,0.556962,6.718679e+00
0.000000,0.569620,0.000000e+00
0.012658,0.569620,4.376405e-03
0.025316,0.569620,9.617622e-03
0.037975,0.569620,1.572365e-02
0.050633,0.569620,2.269449e-02
0.063291,0.569620,3.053015e-02
0.075949,0.569620,3.923061e-02
0.088608,0.569620,4.879589e-02
0.101266,0.569620,5.922598e-02
0.113924,0.569620,7.052089e-02
0.126582,0.569620,8.268060e-02
0.139241,0.569620,9.570513e-02
0.151899,0.569620,1.095945e-01
0.164557,0.569620,1.243486e-01
0.177215,0.569620,1.399676e-01
0.189873,0.569620,1.564514e-01
0.202532,0.569620,1.738000e-01
0.215190,0.569620,1.920134e-01
0.227848,0.569620,2.110916e-01
0.240506,0.569620,2.310346e-01
0.253165,0.569620,2.518424e-01
0.265823,0.569620,2.748329e-01
0.278481,0.569620,3.028458e-01
0.291139,0.569620,3.359775e-01
0.303797,0.569620,3.742281e-01
0.316456,0.569620,4.175975e-01
0.329114,0.569620,4.660857e-01
0.341772,0.569620,5.196928e-01
0.354430,0.569620,5.784188e-01
0.367089,0.569620,6.469587e-01
0.379747,0.569620,7.333881e-01
0.392405,0.569620,8.378468e-01
0.405063,0.569620,9.603349e-01
0.417722,0.569620,1.105475e+00
0.430380,0.569620,1.295438e+00
0.443038,0.569620,1.533125e+00
0.455696,0.569620,1.828580e+00
0.468354,0.569620,2.208335e+00
0.481013,0.569620,2.672969e+00
0.493671,0.569620,3.214561e+00
0.506329,0.569620,3.788984e+00
0.518987,0.569620,4.324689e+00
0.531646,0.569620,4.790146e+00
0.544304,0.569620,5.172696e+00
0.556962,0.569620,5.470031e+00
0.569620,0.569620,5.700148e+00
0.582278,0.569620,5.892371e+00
0.594937,0.569620,6.047114e+00
0.607595,0.569620,6.165158e+00
0.620253,0.569620,6.263748e+00
0.632911,0.569620,6.349952e+00
0.645570,0.569620,6.423770e+00
0.658228,0.569620,6.485204e+00
0.670886,0.569620,6.536707e+00
0.683544,0.569620,6.583282e+00
0.696203,0.569620,6.625075e+00
0.708861,0.569620,6.662084e+00
0.721519,0.569620,6.694311e+00
0.734177,0.569620,6.722673e+00
0.746835,0.569620,6.748872e+00
0.759494,0.569620,6.772944e+00
0.772152,0.569620,6.794891e+00
0.784810,0.569620,6.814712e+00
0.797468,0.569620,6.832571e+00
0.810127,0.569620,6.849235e+00
0.822785,0.569620,6.864800e+00
0.835443,0.569620,6.879266e+00
0.848101,0.569620,6.892633e+00
0.860759,0.569620,6.904905e+00
0.873418,0.569620,6.916377e+00
0.886076,0.569620,6.927222e+00
0.898734,0.569620,6.937442e+00
0.911392,0.569620,6.947034e+00
0.924051,0.569620,6.956001e+00
0.936709,0.569620,6.964385e+00
0.949367,0.569620,6.972363e+00
0.962025,0.569620,6.979950e+00
0.974684,0.569620,6.987148e+00
0.987342,0.569620,6.993957e+00
1.000000,0.569620,7.000376e+00
0.000000,0.582278,0.000000e+00
0.012658,0.582278,4.520408e-03
0.025316,0.582278,9.934557e-03
0.037975,0.582278,1.624244e-02
0.050633,0.582278,2.344407e-02
0.063291,0.582278,3.153944e-02
0.075949,0.582278,4.052855e-02
0.088608,0.582278,5.041139e-02
0.101266,0.582278,6.118798e-02
0.113924,0.582278,7.285831e-02
0.126582,0.582278,8.542237e-02
0.139241,0.582278,9.888018e-02
0.151899,0.582278,1.132317e-01
0.164557,0.582278,1.284770e-01
0.177215,0.582278,1.446160e-01
0.189873,0.582278,1.616488e-01
0.202532,0.582278,1.795753e-01
0.215190,0.582278,1.983955e-01
0.227848,0.582278,2.181095e-01
0.240506,0.582278,2.387173e-01
0.253165,0.582278,2.602187e-01
0.265823,0.582278,2.839752e-01
0.278481,0.582278,3.129205e-01
0.291139,0.582278,3.471540e-01
0.303797,0.582278,3.866759e-01
0.316456,0.582278,4.314861e-01
0.329114,0.582278,4.815846e-01
0.341772,0.582278,5.369714e-01
0.354430,0.582278,5.976465e-01
0.367089,0.582278,6.684620e-01
0.379747,0.582278,7.577635e-01
0.392405,0.582278,8.656954e-01
0.405063,0.582278,9.922578e-01
0.417722,0.582278,1.142226e+00
0.430380,0.582278,1.338507e+00
0.443038,0.582278,1.584099e+00
0.455696,0.582278,1.889377e+00
0.468354,0.582278,2.281756e+00
0.481013,0.582278,2.761834e+00
0.493671,0.582278,3.321426e+00
0.506329,0.582278,3.914938e+00
0.518987,0.582278,4.468445e+00
0.531646,0.582278,4.949372e+00
0.544304,0.582278,5.344639e+00
0.556962,0.582278,5.651861e+00
0.569620,0.582278,5.889633e+00
0.582278,0.582278,6.088251e+00
0.594937,0.582278,6.248142e+00
0.607595,0.582278,6.370112e+00
0.620253,0.582278,6.471981e+00
0.632911,0.582278,6.561052e+00
0.645570,0.582278,6.637325e+00
0.658228,0.582278,6.700801e+00
0.670886,0.582278,6.754017e+00
0.683544,0.582278,6.802140e+00
0.696203,0.582278,6.845322e+00
0.708861,0.582278,6.883562e+00
0.721519,0.582278,6.916860e+00
0.734177,0.582278,6.946165e+00
0.746835,0.582278,6.973235e+00
0.759494,0.582278,6.998108e+00
0.772152,0.582278,7.020784e+00
0.784810,0.582278,7.041264e+00
0.797468,0.582278,7.059717e+00
0.810127,0.582278,7.076935e+00
0.822785,0.582278,7.093017e+00
0.835443,0.582278,7.107964e+00
0.848101,0.582278,7.121775e+00
0.860759,0.582278,7.134456e+00
0.873418,0.582278,7.146309e+00
0.886076,0.582278,7.157515e+00
0.898734,0.582278,7.168074e+00
0.911392,0.582278,7.177985e+00
0.924051,0.582278,7.187250e+00
0.936709,0.582278,7.195913e+00
0.949367,0.582278,7.204156e+00
0.962025,0.582278,7.211996e+00
0.974684,0.582278,7.219433e+00
0.987342,0.582278,7.226467e+00
1.000000,0.582278,7.233099e+00
0.000000,0.594937,0.000000e+00
0.012658,0.594937,4.637854e-03
0.025316,0.594937,1.019311e-02
0.037975,0.594937,1.666577e-02
0.050633,0.594937,2.405583e-02
0.063291,0.594937,3.236330e-02
0.075949,0.594937,4.158816e-02
0.088608,0.594937,5.173043e-02
0.101266,0.594937,6.279011e-02
0.113924,0.594937,7.476718e-02
0.126582,0.594937,8.766166e-02
0.139241,0.594937,1.014735e-01
0.151899,0.594937,1.162028e-01
0.164557,0.594937,1.318495e-01
0.177215,0.594937,1.484136e-01
0.189873,0.594937,1.658951e-01
0.202532,0.594937,1.842940e-01
0.215190,0.594937,2.036103e-01
0.227848,0.594937,2.238440e-01
0.240506,0.594937,2.449951e-01
0.253165,0.594937,2.670636e-01
0.265823,0.594937,2.914463e-01
0.278481,0.594937,3.211534e-01
0.291139,0.594937,3.562870e-01
0.303797,0.594937,3.968471e-01
0.316456,0.594937,4.428338e-01
0.329114,0.594937,4.942471e-01
0.341772,0.594937,5.510868e-01
0.354430,0.594937,6.133531e-01
0.367089,0.594937,6.860264e-01
0.379747,0.594937,7.776729e-01
0.392405,0.594937,8.884409e-01
0.405063,0.594937,1.018330e+00
0.417722,0.594937,1.172242e+00
0.430380,0.594937,1.373683e+00
0.443038,0.594937,1.625730e+00
0.455696,0.594937,1.939030e+00
0.468354,0.594937,2.341719e+00
0.481013,0.594937,2.834409e+00
0.493671,0.594937,3.408702e+00
0.506329,0.594937,4.017804e+00
0.518987,0.594937,4.585850e+00
0.531646,0.594937,5.079412e+00
0.544304,0.594937,5.485065e+00
0.556962,0.594937,5.800362e+00
0.569620,0.594937,6.044386e+00
0.582278,0.594937,6.248226e+00
0.594937,0.594937,6.412321e+00
0.607595,0.594937,6.537499e+00
0.620253,0.594937,6.642046e+00
0.632911,0.594937,6.733458e+00
0.645570,0.594937,6.811737e+00
0.658228,0.594937,6.876881e+00
0.670886,0.594937,6.931495e+00
0.683544,0.594937,6.980882e+00
0.696203,0.594937,7.025199e+00
0.708861,0.594937,7.064444e+00
0.721519,0.594937,7.098617e+00
0.734177,0.594937,7.128693e+00
0.746835,0.594937,7.156474e+00
0.759494,0.594937,7.182001e+00
0.772152,0.594937,7.205273e+00
0.784810,0.594937,7.226290e+00
0.797468,0.594937,7.245228e+00
0.810127,0.594937,7.262898e+00
0.822785,0.594937,7.279403e+00
0.835443,0.594937,7.294743e+00
0.848101,0.594937,7.308917e+00
0.860759,0.594937,7.321931e+00
0.873418,0.594937,7.334095e+00
0.886076,0.594937,7.345596e+00
0.898734,0.594937,7.356432e+00
0.911392,0.594937,7.366604e+00
0.924051,0.594937,7.376112e+00
0.936709,0.594937,7.385003e+00
0.949367,0.594937,7.393462e+00
0.962025,0.594937,7.401508e+00
0.974684,0.594937,7.409141e+00
0.987342,0.594937,7.416360e+00
1.000000,0.594937,7.423166e+00
0.000000,0.607595,0.000000e+00
0.012658,0.607595,4.728782e-03
0.025316,0.607595,1.039337e-02
0.037975,0.607595,1.699377e-02
0.050633,0.607595,2.452998e-02
0.063291,0.607595,3.300200e-02
0.075949,0.607595,4.240983e-02
0.088608,0.607595,5.275347e-02
0.101266,0.607595,6.403292e-02
0.113924,0.607595,7.624817e-02
0.126582,0.607595,8.939924e-02
0.139241,0.607595,1.034861e-01
0.151899,0.607595,1.185088e-01
0.164557,0.607595,1.344673e-01
0.177215,0.607595,1.513616e-01
0.189873,0.607595,1.691917e-01
0.202532,0.607595,1.879576e-01
0.215190,0.607595,2.076594e-01
0.227848,0.607595,2.282969e-01
0.240506,0.607595,2.498703e-01
0.253165,0.607595,2.723794e-01
0.265823,0.607595,2.972487e-01
0.278481,0.607595,3.275473e-01
0.291139,0.607595,3.633795e-01
0.303797,0.607595,4.047453e-01
0.316456,0.607595,4.516446e-01
0.329114,0.607595,5.040775e-01
0.341772,0.607595,5.620440e-01
0.354430,0.607595,6.255441e-01
0.367089,0.607595,6.996579e-01
0.379747,0.607595,7.931232e-01
0.392405,0.607595,9.060912e-01
0.405063,0.607595,1.038562e+00
0.417722,0.607595,1.195533e+00
0.430380,0.607595,1.400978e+00
0.443038,0.607595,1.658032e+00
0.455696,0.607595,1.977557e+00
0.468354,0.607595,2.388244e+00
0.481013,0.607595,2.890720e+00
0.493671,0.607595,3.476419e+00
0.506329,0.607595,4.097618e+00
0.518987,0.607595,4.676946e+00
0.531646,0.607595,5.180310e+00
0.544304,0.607595,5.594022e+00
0.556962,0.607595,5.915585e+00
0.569620,0.607595,6.164460e+00
0.582278,0.607595,6.372352e+00
0.594937,0.607595,6.539709e+00
0.607595,0.607595,6.667376e+00
0.620253,0.607595,6.774001e+00
0.632911,0.607595,6.867231e+00
0.645570,0.607595,6.947065e+00
0.658228,0.607595,7.013504e+00
0.670886,0.607595,7.069203e+00
0.683544,0.607595,7.119572e+00
0.696203,0.607595,7.164768e+00
0.708861,0.607595,7.204793e+00
0.721519,0.607595,7.239646e+00
0.734177,0.607595,7.270319e+00
0.746835,0.607595,7.298652e+00
0.759494,0.607595,7.324686e+00
0.772152,0.607595,7.348420e+00
0.784810,0.607595,7.369855e+00
0.797468,0.607595,7.389170e+00
0.810127,0.607595,7.407191e+00
0.822785,0.607595,7.424023e+00
0.835443,0.607595,7.439667e+00
0.848101,0.607595,7.454123e+00
0.860759,0.607595,7.467396e+00
0.873418,0.607595,7.479802e+00
0.886076,0.607595,7.491531e+00
0.898734,0.607595,7.502582e+00
0.911392,0.607595,7.512957e+00
0.924051,0.607595,7.522653e+00
0.936709,0.607595,7.531721e+00
0.949367,0.607595,7.540348e+00
0.962025,0.607595,7.548554e+00
0.974684,0.607595,7.556338e+00
0.987342,0.607595,7.563701e+00
1.000000,0.607595,7.570642e+00
0.000000,0.620253,0.000000e+00
0.012658,0.620253,4.803011e-03
0.025316,0.620253,1.055690e-02
0.037975,0.620253,1.726167e-02
0.050633,0.620253,2.491731e-02
0.063291,0.620253,3.352383e-02
0.075949,0.620253,4.308122e-02
0.088608,0.620253,5.358950e-02
0.101266,0.620253,6.504865e-02
0.113924,0.620253,7.745867e-02
0.126582,0.620253,9.081958e-02
0.139241,0.620253,1.051314e-01
0.151899,0.620253,1.203940e-01
0.164557,0.620253,1.366076e-01
0.177215,0.620253,1.537720e-01
0.189873,0.620253,1.718873e-01
0.202532,0.620253,1.909534e-01
0.215190,0.620253,2.109705e-01
0.227848,0.620253,2.319384e-01
0.240506,0.620253,2.538572e-01
0.253165,0.620253,2.767269e-01
0.265823,0.620253,3.019941e-01
0.278481,0.620253,3.327764e-01
0.291139,0.620253,3.691796e-01
0.303797,0.620253,4.112038e-01
0.316456,0.620253,4.588489e-01
0.329114,0.620253,5.121149e-01
0.341772,0.620253,5.710019e-01
0.354430,0.620253,6.355097e-01
0.367089,0.620253,7.108002e-01
0.379747,0.620253,8.057514e-01
0.392405,0.620253,9.205169e-01
0.405063,0.620253,1.055097e+00
0.417722,0.620253,1.214568e+00
0.430380,0.620253,1.423284e+00
0.443038,0.620253,1.684431e+00
0.455696,0.620253,2.009041e+00
0.468354,0.620253,2.426265e+00
0.481013,0.620253,2.936739e+00
0.493671,0.620253,3.531760e+00
0.506329,0.620253,4.162846e+00
0.518987,0.620253,4.751393e+00
0.531646,0.620253,5.262769e+00
0.544304,0.620253,5.683067e+00
0.556962,0.620253,6.009750e+00
0.569620,0.620253,6.262589e+00
0.582278,0.620253,6.473793e+00
0.594937,0.620253,6.643817e+00
0.607595,0.620253,6.773517e+00
0.620253,0.620253,6.881841e+00
0.632911,0.620253,6.976556e+00
0.645570,0.620253,7.057662e+00
0.658228,0.620253,7.125158e+00
0.670886,0.620253,7.181744e+00
0.683544,0.620253,7.232915e+00
0.696203,0.620253,7.278831e+00
0.708861,0.620253,7.319493e+00
0.721519,0.620253,7.354901e+00
0.734177,0.620253,7.386062e+00
0.746835,0.620253,7.414846e+00
0.759494,0.620253,7.441295e+00
0.772152,0.620253,7.465407e+00
0.784810,0.620253,7.487184e+00
0.797468,0.620253,7.506805e+00
0.810127,0.620253,7.525113e+00
0.822785,0.620253,7.542213e+00
0.835443,0.620253,7.558107e+00
0.848101,0.620253,7.572793e+00
0.860759,0.620253,7.586276e+00
0.873418,0.620253,7.598880e+00
0.886076,0.620253,7.610796e+00
0.898734,0.620253,7.622023e+00
0.911392,0.620253,7.632563e+00
0.924051,0.620253,7.642414e+00
0.936709,0.620253,7.651626e+00
0.949367,0.620253,7.660390e+00
0.962025,0.620253,7.668726e+00
0.974684,0.620253,7.676634e+00
0.987342,0.620253,7.684114e+00
1.000000,0.620253,7.691166e+00
0.000000,0.632911,0.000000e+00
0.012658,0.632911,4.868084e-03
0.025316,0.632911,1.070025e-02
0.037975,0.632911,1.749649e-02
0.050633,0.632911,2.525681e-02
0.063291,0.632911,3.398120e-02
0.075949,0.632911,4.366968e-02
0.088608,0.632911,5.432223e-02
0.101266,0.632911,6.593886e-02
0.113924,0.632911,7.851957e-02
0.126582,0.632911,9.206436e-02
0.139241,0.632911,1.065732e-01
0.151899,0.632911,1.220462e-01
0.164557,0.632911,1.384832e-01
0.177215,0.632911,1.558843e-01
0.189873,0.632911,1.742495e-01
0.202532,0.632911,1.935787e-01
0.215190,0.632911,2.138721e-01
0.227848,0.632911,2.351295e-01
0.240506,0.632911,2.573510e-01
0.253165,0.632911,2.805365e-01
0.265823,0.632911,3.061524e-01
0.278481,0.632911,3.373585e-01
0.291139,0.632911,3.742620e-01
0.303797,0.632911,4.168630e-01
0.316456,0.632911,4.651614e-01
0.329114,0.632911,5.191572e-01
0.341772,0.632911,5.788504e-01
0.354430,0.632911,6.442411e-01
0.367089,0.632911,7.205623e-01
0.379747,0.632911,8.168150e-01
0.392405,0.632911,9.331550e-01
0.405063,0.632911,1.069582e+00
0.417722,0.632911,1.231243e+00
0.430380,0.632911,1.442825e+00
0.443038,0.632911,1.707557e+00
0.455696,0.632911,2.036623e+00
0.468354,0.632911,2.459574e+00
0.481013,0.632911,2.977053e+00
0.493671,0.632911,3.580242e+00
0.506329,0.632911,4.219989e+00
0.518987,0.632911,4.816614e+00
0.531646,0.632911,5.335009e+00
0.544304,0.632911,5.761076e+00
0.556962,0.632911,6.092245e+00
0.569620,0.632911,6.348557e+00
0.582278,0.632911,6.562662e+00
0.594937,0.632911,6.735021e+00
0.607595,0.632911,6.866503e+00
0.620253,0.632911,6.976315e+00
0.632911,0.632911,7.072331e+00
0.645570,0.632911,7.154551e+00
0.658228,0.632911,7.222974e+00
0.670886,0.632911,7.280337e+00
0.683544,0.632911,7.332210e+00
0.696203,0.632911,7.378757e+00
0.708861,0.632911,7.419977e+00
0.721519,0.632911,7.455870e+00
0.734177,0.632911,7.487460e+00
0.746835,0.632911,7.516639e+00
0.759494,0.632911,7.543450e+00
0.772152,0.632911,7.567894e+00
0.784810,0.632911,7.589969e+00
0.797468,0.632911,7.609860e+00
0.810127,0.632911,7.628419e+00
0.822785,0.632911,7.645755e+00
0.835443,0.632911,7.661866e+00
0.848101,0.632911,7.676753e+00
0.860759,0.632911,7.690422e+00
0.873418,0.632911,7.703199e+00
0.886076,0.632911,7.715278e+00
0.898734,0.632911,7.726660e+00
0.911392,0.632911,7.737344e+00
0.924051,0.632911,7.747330e+00
0.936709,0.632911,7.756669e+00
0.949367,0.632911,7.765553e+00
0.962025,0.632911,7.774004e+00
0.974684,0.632911,7.782021e+00
0.987342,0.632911,7.789603e+00
1.000000,0.632911,7.796752e+00
0.000000,0.645570,0.000000e+00
0.012658,0.645570,4.924001e-03
0.025316,0.645570,1.082341e-02
0.037975,0.645570,1.769824e-02
0.050633,0.645570,2.554848e-02
0.063291,0.645570,3.437413e-02
0.075949,0.645570,4.417520e-02
0.088608,0.645570,5.495168e-02
0.101266,0.645570,6.670357e-02
0.113924,0.645570,7.943087e-02
0.126582,0.645570,9.313359e-02
0.139241,0.645570,1.078117e-01
0.151899,0.645570,1.234653e-01
0.164557,0.645570,1.400942e-01
0.177215,0.645570,1.576986e-01
0.189873,0.645570,1.762784e-01
0.202532,0.645570,1.958336e-01
0.215190,0.645570,2.163642e-01
0.227848,0.645570,2.378702e-01
0.240506,0.645570,2.603516e-01
0.253165,0.645570,2.838085e-01
0.265823,0.645570,3.097238e-01
0.278481,0.645570,3.412938e-01
0.291139,0.645570,3.786268e-01
0.303797,0.645570,4.217229e-01
0.316456,0.645570,4.705821e-01
0.329114,0.645570,5.252044e-01
0.341772,0.645570,5.855897e-01
0.354430,0.645570,6.517381e-01
0.367089,0.645570,7.289441e-01
0.379747,0.645570,8.263139e-01
0.392405,0.645570,9.440053e-01
0.405063,0.645570,1.082018e+00
0.417722,0.645570,1.245559e+00
0.430380,0.645570,1.459600e+00
0.443038,0.645570,1.727410e+00
0.455696,0.645570,2.060301e+00
0.468354,0.645570,2.488168e+00
0.481013,0.645570,3.011663e+00
0.493671,0.645570,3.621864e+00
0.506329,0.645570,4.269047e+00
0.518987,0.645570,4.872608e+00
0.531646,0.645570,5.397029e+00
0.544304,0.645570,5.828050e+00
0.556962,0.645570,6.163070e+00
0.569620,0.645570,6.422363e+00
0.582278,0.645570,6.638958e+00
0.594937,0.645570,6.813322e+00
0.607595,0.645570,6.946333e+00
0.620253,0.645570,7.057423e+00
0.632911,0.645570,7.154556e+00
0.645570,0.645570,7.237732e+00
0.658228,0.645570,7.306951e+00
0.670886,0.645570,7.364981e+00
0.683544,0.645570,7.417457e+00
0.696203,0.645570,7.464545e+00
0.708861,0.645570,7.506244e+00
0.721519,0.645570,7.542555e+00
0.734177,0.645570,7.574512e+00
0.746835,0.645570,7.604030e+00
0.759494,0.645570,7.631153e+00
0.772152,0.645570,7.655881e+00
0.784810,0.645570,7.678213e+00
0.797468,0.645570,7.698335e+00
0.810127,0.645570,7.717110e+00
0.822785,0.645570,7.734646e+00
0.835443,0.645570,7.750945e+00
0.848101,0.645570,7.766006e+00
0.860759,0.645570,7.779833e+00
0.873418,0.645570,7.792759e+00
0.886076,0.645570,7.804978e+00
0.898734,0.645570,7.816492e+00
0.911392,0.645570,7.827300e+00
0.924051,0.645570,7.837403e+00
0.936709,0.645570,7.846850e+00
0.949367,0.645570,7.855838e+00
0.962025,0.645570,7.864387e+00
0.974684,0.645570,7.872497e+00
0.987342,0.645570,7.880167e+00
1.000000,0.645570,7.887399e+00
0.000000,0.658228,0.000000e+00
0.012658,0.658228,4.970761e-03
0.025316,0.658228,1.092640e-02
0.037975,0.658228,1.786693e-02
0.050633,0.658228,2.579233e-02
0.063291,0.658228,3.470262e-02
0.075949,0.658228,4.459778e-02
0.088608,0.658228,5.547783e-02
0.101266,0.658228,6.734276e-02
0.113924,0.658228,8.019257e-02
0.126582,0.658228,9.402726e-02
0.139241,0.658228,1.088468e-01
0.151899,0.658228,1.246513e-01
0.164557,0.658228,1.414406e-01
0.177215,0.658228,1.592148e-01
0.189873,0.658228,1.779739e-01
0.202532,0.658228,1.977179e-01
0.215190,0.658228,2.184468e-01
0.227848,0.658228,2.401605e-01
0.240506,0.658228,2.628592e-01
0.253165,0.658228,2.865427e-01
0.265823,0.658228,3.127082e-01
0.278481,0.658228,3.445821e-01
0.291139,0.658228,3.822738e-01
0.303797,0.658228,4.257835e-01
0.316456,0.658228,4.751110e-01
0.329114,0.658228,5.302564e-01
0.341772,0.658228,5.912197e-01
0.354430,0.658228,6.580009e-01
0.367089,0.658228,7.359456e-01
0.379747,0.658228,8.342483e-01
0.392405,0.658228,9.530680e-01
0.405063,0.658228,1.092405e+00
0.417722,0.658228,1.257515e+00
0.430380,0.658228,1.473610e+00
0.443038,0.658228,1.743990e+00
0.455696,0.658228,2.080076e+00
0.468354,0.658228,2.512049e+00
0.481013,0.658228,3.040569e+00
0.493671,0.658228,3.656626e+00
0.506329,0.658228,4.310021e+00
0.518987,0.658228,4.919375e+00
0.531646,0.658228,5.448830e+00
0.544304,0.658228,5.883988e+00
0.556962,0.658228,6.222224e+00
0.569620,0.658228,6.484007e+00
0.582278,0.658228,6.702682e+00
0.594937,0.658228,6.878720e+00
0.607595,0.658228,7.013009e+00
0.620253,0.658228,7.125165e+00
0.632911,0.658228,7.223231e+00
0.645570,0.658228,7.307205e+00
0.658228,0.658228,7.377089e+00
0.670886,0.658228,7.435675e+00
0.683544,0.658228,7.488655e+00
0.696203,0.658228,7.536195e+00
0.708861,0.658228,7.578295e+00
0.721519,0.658228,7.614954e+00
0.734177,0.658228,7.647218e+00
0.746835,0.658228,7.677019e+00
0.759494,0.658228,7.704403e+00
0.772152,0.658228,7.729368e+00
0.784810,0.658228,7.751914e+00
0.797468,0.658228,7.772229e+00
0.810127,0.658228,7.791184e+00
0.822785,0.658228,7.808889e+00
0.835443,0.658228,7.825344e+00
0.848101,0.658228,7.840549e+00
0.860759,0.658228,7.854510e+00
0.873418,0.658228,7.867559e+00
0.886076,0.658228,7.879896e+00
0.898734,0.658228,7.891520e+00
0.911392,0.658228,7.902432e+00
0.924051,0.658228,7.912632e+00
0.936709,0.658228,7.922169e+00
0.949367,0.658228,7.931244e+00
0.962025,0.658228,7.939875e+00
0.974684,0.658228,7.948062e+00
0.987342,0.658228,7.955807e+00
1.000000,0.658228,7.963108e+00
0.000000,0.670886,0.000000e+00
0.012658,0.670886,5.009863e-03
0.025316,0.670886,1.101251e-02
0.037975,0.670886,1.800795e-02
0.050633,0.670886,2.599617e-02
0.063291,0.670886,3.497718e-02
0.075949,0.670886,4.495098e-02
0.088608,0.670886,5.591756e-02
0.101266,0.670886,6.787693e-02
0.113924,0.670886,8.082909e-02
0.126582,0.670886,9.477403e-02
0.139241,0.670886,1.097118e-01
0.151899,0.670886,1.256423e-01
0.164557,0.670886,1.425656e-01
0.177215,0.670886,1.604817e-01
0.189873,0.670886,1.793906e-01
0.202532,0.670886,1.992922e-01
0.215190,0.670886,2.201867e-01
0.227848,0.670886,2.420739e-01
0.240506,0.670886,2.649539e-01
0.253165,0.670886,2.888268e-01
0.265823,0.670886,3.152012e-01
0.278481,0.670886,3.473289e-01
0.291139,0.670886,3.853202e-01
0.303797,0.670886,4.291751e-01
0.316456,0.670886,4.788936e-01
0.329114,0.670886,5.344757e-01
0.341772,0.670886,5.959215e-01
0.354430,0.670886,6.632308e-01
0.367089,0.670886,7.417921e-01
0.379747,0.670886,8.408733e-01
0.392405,0.670886,9.606349e-01
0.405063,0.670886,1.101077e+00
0.417722,0.670886,1.267497e+00
0.430380,0.670886,1.485306e+00
0.443038,0.670886,1.757831e+00
0.455696,0.670886,2.096584e+00
0.468354,0.670886,2.531986e+00
0.481013,0.670886,3.064701e+00
0.493671,0.670886,3.685648e+00
0.506329,0.670886,4.344231e+00
0.518987,0.670886,4.958422e+00
0.531646,0.670886,5.492079e+00
0.544304,0.670886,5.930691e+00
0.556962,0.670886,6.271613e+00
0.569620,0.670886,6.535474e+00
0.582278,0.670886,6.755885e+00
0.594937,0.670886,6.933321e+00
0.607595,0.670886,7.068676e+00
0.620253,0.670886,7.181723e+00
0.632911,0.670886,7.280567e+00
0.645570,0.670886,7.365209e+00
0.658228,0.670886,7.435647e+00
0.670886,0.670886,7.494698e+00
0.683544,0.670886,7.548099e+00
0.696203,0.670886,7.596016e+00
0.708861,0.670886,7.638450e+00
0.721519,0.670886,7.675400e+00
0.734177,0.670886,7.707920e+00
0.746835,0.670886,7.737958e+00
0.759494,0.670886,7.765559e+00
0.772152,0.670886,7.790722e+00
0.784810,0.670886,7.813447e+00
0.797468,0.670886,7.833923e+00
0.810127,0.670886,7.853029e+00
0.822785,0.670886,7.870874e+00
0.835443,0.670886,7.887460e+00
0.848101,0.670886,7.902785e+00
0.860759,0.670886,7.916857e+00
0.873418,0.670886,7.930010e+00
0.886076,0.670886,7.942444e+00
0.898734,0.670886,7.954161e+00
0.911392,0.670886,7.965160e+00
0.924051,0.670886,7.975440e+00
0.936709,0.670886,7.985053e+00
0.949367,0.670886,7.994200e+00
0.962025,0.670886,8.002899e+00
0.974684,0.670886,8.011152e+00
0.987342,0.670886,8.018958e+00
1.000000,0.670886,8.026317e+00
0.000000,0.683544,0.000000e+00
0.012658,0.683544,5.045212e-03
0.025316,0.683544,1.109035e-02
0.037975,0.683544,1.813540e-02
0.050633,0.683544,2.618037e-02
0.063291,0.683544,3.522527e-02
0.075949,0.683544,4.527008e-02
0.088608,0.683544,5.631482e-02
0.101266,0.683544,6.835947e-02
0.113924,0.683544,8.140405e-02
0.126582,0.683544,9.544855e-02
0.139241,0.683544,1.104930e-01
0.151899,0.683544,1.265373e-01
0.164557,0.683544,1.435816e-01
0.177215,0.683544,1.616257e-01
0.189873,0.683544,1.806698e-01
0.202532,0.683544,2.007139e-01
0.215190,0.683544,2.217578e-01
0.227848,0.683544,2.438017e-01
0.240506,0.683544,2.668454e-01
0.253165,0.683544,2.908891e-01
0.265823,0.683544,3.174522e-01
0.278481,0.683544,3.498090e-01
0.291139,0.683544,3.880707e-01
0.303797,0.683544,4.322373e-01
0.316456,0.683544,4.823088e-01
0.329114,0.683544,5.382852e-01
0.341772,0.683544,6.001665e-01
0.354430,0.683544,6.679526e-01
0.367089,0.683544,7.470706e-01
0.379747,0.683544,8.468547e-01
0.392405,0.683544,9.674664e-01
0.405063,0.683544,1.108906e+00
0.417722,0.683544,1.276508e+00
0.430380,0.683544,1.495866e+00
0.443038,0.683544,1.770327e+00
0.455696,0.683544,2.111488e+00
0.468354,0.683544,2.549985e+00
0.481013,0.683544,3.086487e+00
0.493671,0.683544,3.711849e+00
0.506329,0.683544,4.375115e+00
0.518987,0.683544,4.993672e+00
0.531646,0.683544,5.531124e+00
0.544304,0.683544,5.972855e+00
0.556962,0.683544,6.316200e+00
0.569620,0.683544,6.581937e+00
0.582278,0.683544,6.803916e+00
0.594937,0.683544,6.982614e+00
0.607595,0.683544,7.118931e+00
0.620253,0.683544,7.232783e+00
0.632911,0.683544,7.332330e+00
0.645570,0.683544,7.417573e+00
0.658228,0.683544,7.488512e+00
0.670886,0.683544,7.547983e+00
0.683544,0.683544,7.601763e+00
0.696203,0.683544,7.650021e+00
0.708861,0.683544,7.692757e+00
0.721519,0.683544,7.729970e+00
0.734177,0.683544,7.762720e+00
0.746835,0.683544,7.792972e+00
0.759494,0.683544,7.820769e+00
0.772152,0.683544,7.846111e+00
0.784810,0.683544,7.868998e+00
0.797468,0.683544,7.889619e+00
0.810127,0.683544,7.908861e+00
0.822785,0.683544,7.926833e+00
0.835443,0.683544,7.943536e+00
0.848101,0.683544,7.958971e+00
0.860759,0.683544,7.973142e+00
0.873418,0.683544,7.986389e+00
0.886076,0.683544,7.998912e+00
0.898734,0.683544,8.010712e+00
0.911392,0.683544,8.021789e+00
0.924051,0.683544,8.032142e+00
0.936709,0.683544,8.041824e+00
0.949367,0.683544,8.051035e+00
0.962025,0.683544,8.059796e+00
0.974684,0.683544,8.068108e+00
0.987342,0.683544,8.075969e+00
1.000000,0.683544,8.083381e+00
0.000000,0.696203,0.000000e+00
0.012658,0.696203,5.077013e-03
0.025316,0.696203,1.116035e-02
0.037975,0.696203,1.825001e-02
0.050633,0.696203,2.634599e-02
0.063291,0.696203,3.544830e-02
0.075949,0.696203,4.555693e-02
0.088608,0.696203,5.667188e-02
0.101266,0.696203,6.879316e-02
0.113924,0.696203,8.192076e-02
0.126582,0.696203,9.605468e-02
0.139241,0.696203,1.111949e-01
0.151899,0.696203,1.273415e-01
0.164557,0.696203,1.444944e-01
0.177215,0.696203,1.626536e-01
0.189873,0.696203,1.818191e-01
0.202532,0.696203,2.019910e-01
0.215190,0.696203,2.231692e-01
0.227848,0.696203,2.453537e-01
0.240506,0.696203,2.685445e-01
0.253165,0.696203,2.927417e-01
0.265823,0.696203,3.194741e-01
0.278481,0.696203,3.520367e-01
0.291139,0.696203,3.905412e-01
0.303797,0.696203,4.349877e-01
0.316456,0.696203,4.853762e-01
0.329114,0.696203,5.417067e-01
0.341772,0.696203,6.039791e-01
0.354430,0.696203,6.721936e-01
0.367089,0.696203,7.518115e-01
0.379747,0.696203,8.522268e-01
0.392405,0.696203,9.736021e-01
0.405063,0.696203,1.115937e+00
0.417722,0.696203,1.284602e+00
0.430380,0.696203,1.505349e+00
0.443038,0.696203,1.781550e+00
0.455696,0.696203,2.124873e+00
0.468354,0.696203,2.566150e+00
0.481013,0.696203,3.106053e+00
0.493671,0.696203,3.735381e+00
0.506329,0.696203,4.402851e+00
0.518987,0.696203,5.025331e+00
0.531646,0.696203,5.566190e+00
0.544304,0.696203,6.010721e+00
0.556962,0.696203,6.356244e+00
0.569620,0.696203,6.623666e+00
0.582278,0.696203,6.847053e+00
0.594937,0.696203,7.026883e+00
0.607595,0.696203,7.164066e+00
0.620253,0.696203,7.278639e+00
0.632911,0.696203,7.378817e+00
0.645570,0.696203,7.464601e+00
0.658228,0.696203,7.535989e+00
0.670886,0.696203,7.595838e+00
0.683544,0.696203,7.649959e+00
0.696203,0.696203,7.698523e+00
0.708861,0.696203,7.741529e+00
0.721519,0.696203,7.778978e+00
0.734177,0.696203,7.811936e+00
0.746835,0.696203,7.842380e+00
0.759494,0.696203,7.870353e+00
0.772152,0.696203,7.895855e+00
0.784810,0.696203,7.918887e+00
0.797468,0.696203,7.939640e+00
0.810127,0.696203,7.959003e+00
0.822785,0.696203,7.977089e+00
0.835443,0.696203,7.993898e+00
0.848101,0.696203,8.009431e+00
0.860759,0.696203,8.023692e+00
0.873418,0.696203,8.037022e+00
0.886076,0.696203,8.049625e+00
0.898734,0.696203,8.061500e+00
0.911392,0.696203,8.072647e+00
0.924051,0.696203,8.083066e+00
0.936709,0.696203,8.092809e+00
0.949367,0.696203,8.102078e+00
0.962025,0.696203,8.110895e+00
0.974684,0.696203,8.119259e+00
0.987342,0.696203,8.127171e+00
1.000000,0.696203,8.134629e+00
0.000000,0.708861,0.000000e+00
0.012658,0.708861,5.105264e-03
0.025316,0.708861,1.122252e-02
0.037975,0.708861,1.835178e-02
0.050633,0.708861,2.649303e-02
0.063291,0.708861,3.564627e-02
0.075949,0.708861,4.581151e-02
0.088608,0.708861,5.698875e-02
0.101266,0.708861,6.917798e-02
0.113924,0.708861,8.237921e-02
0.126582,0.708861,9.659243e-02
0.139241,0.708861,1.118177e-01
0.151899,0.708861,1.280549e-01
0.164557,0.708861,1.453041e-01
0.177215,0.708861,1.635653e-01
0.189873,0.708861,1.828385e-01
0.202532,0.708861,2.031237e-01
0.215190,0.708861,2.244209e-01
0.227848,0.708861,2.467300e-01
0.240506,0.708861,2.700512e-01
0.253165,0.708861,2.943844e-01
0.265823,0.708861,3.212669e-01
0.278481,0.708861,3.540119e-01
0.291139,0.708861,3.927317e-01
0.303797,0.708861,4.374263e-01
0.316456,0.708861,4.880959e-01
0.329114,0.708861,5.447403e-01
0.341772,0.708861,6.073595e-01
0.354430,0.708861,6.759536e-01
0.367089,0.708861,7.560148e-01
0.379747,0.708861,8.569897e-01
0.392405,0.708861,9.790419e-01
0.405063,0.708861,1.122171e+00
0.417722,0.708861,1.291777e+00
0.430380,0.708861,1.513757e+00
0.443038,0.708861,1.791500e+00
0.455696,0.708861,2.136740e+00
0.468354,0.708861,2.580481e+00
0.481013,0.708861,3.123399e+00
0.493671,0.708861,3.756242e+00
0.506329,0.708861,4.427440e+00
0.518987,0.708861,5.053397e+00
0.531646,0.708861,5.597277e+00
0.544304,0.708861,6.044291e+00
0.556962,0.708861,6.391744e+00
0.569620,0.708861,6.660660e+00
0.582278,0.708861,6.885294e+00
0.594937,0.708861,7.066130e+00
0.607595,0.708861,7.204078e+00
0.620253,0.708861,7.319292e+00
0.632911,0.708861,7.420030e+00
0.645570,0.708861,7.506292e+00
0.658228,0.708861,7.578080e+00
0.670886,0.708861,7.638262e+00
0.683544,0.708861,7.692686e+00
0.696203,0.708861,7.741521e+00
0.708861,0.708861,7.784767e+00
0.721519,0.708861,7.822425e+00
0.734177,0.708861,7.855567e+00
0.746835,0.708861,7.886181e+00
0.759494,0.708861,7.914310e+00
0.772152,0.708861,7.939955e+00
0.784810,0.708861,7.963116e+00
0.797468,0.708861,7.983984e+00
0.810127,0.708861,8.003455e+00
0.822785,0.708861,8.021642e+00
0.835443,0.708861,8.038546e+00
0.848101,0.708861,8.054165e+00
0.860759,0.708861,8.068505e+00
0.873418,0.708861,8.081910e+00
0.886076,0.708861,8.094583e+00
0.898734,0.708861,8.106524e+00
0.911392,0.708861,8.117733e+00
0.924051,0.708861,8.128211e+00
0.936709,0.708861,8.138008e+00
0.949367,0.708861,8.147330e+00
0.962025,0.708861,8.156196e+00
0.974684,0.708861,8.164607e+00
0.987342,0.708861,8.172562e+00
1.000000,0.708861,8.180062e+00
0.000000,0.721519,0.000000e+00
0.012658,0.721519,5.129965e-03
0.025316,0.721519,1.127687e-02
0.037975,0.721519,1.844071e-02
0.050633,0.721519,2.662148e-02
0.063291,0.721519,3.581919e-02
0.075949,0.721519,4.603384e-02
0.088608,0.721519,5.726543e-02
0.101266,0.721519,6.951395e-02
0.113924,0.721519,8.277941e-02
0.126582,0.721519,9.706180e-02
0.139241,0.721519,1.123611e-01
0.151899,0.721519,1.286774e-01
0.164557,0.721519,1.460106e-01
0.177215,0.721519,1.643608e-01
0.189873,0.721519,1.837278e-01
0.202532,0.721519,2.041118e-01
0.215190,0.721519,2.255128e-01
0.227848,0.721519,2.479307e-01
0.240506,0.721519,2.713655e-01
0.253165,0.721519,2.958173e-01
0.265823,0.721519,3.228307e-01
0.278481,0.721519,3.557346e-01
0.291139,0.721519,3.946421e-01
0.303797,0.721519,4.395532e-01
0.316456,0.721519,4.904678e-01
0.329114,0.721519,5.473859e-01
0.341772,0.721519,6.103076e-01
0.354430,0.721519,6.792328e-01
0.367089,0.721519,7.596805e-01
0.379747,0.721519,8.611434e-01
0.392405,0.721519,9.837858e-01
0.405063,0.721519,1.127608e+00
0.417722,0.721519,1.298034e+00
0.430380,0.721519,1.521089e+00
0.443038,0.721519,1.800177e+00
0.455696,0.721519,2.147088e+00
0.468354,0.721519,2.592978e+00
0.481013,0.721519,3.138526e+00
0.493671,0.721519,3.774433e+00
0.506329,0.721519,4.448882e+00
0.518987,0.721519,5.077871e+00
0.531646,0.721519,5.624384e+00
0.544304,0.721519,6.073564e+00
0.556962,0.721519,6.422700e+00
0.569620,0.721519,6.692919e+00
0.582278,0.721519,6.918641e+00
0.594937,0.721519,7.100353e+00
0.607595,0.721519,7.238970e+00
0.620253,0.721519,7.354741e+00
0.632911,0.721519,7.455967e+00
0.645570,0.721519,7.542648e+00
0.658228,0.721519,7.614783e+00
0.670886,0.721519,7.675257e+00
0.683544,0.721519,7.729944e+00
0.696203,0.721519,7.779015e+00
0.708861,0.721519,7.822471e+00
0.721519,0.721519,7.860311e+00
0.734177,0.721519,7.893614e+00
0.746835,0.721519,7.924376e+00
0.759494,0.721519,7.952641e+00
0.772152,0.721519,7.978410e+00
0.784810,0.721519,8.001683e+00
0.797468,0.721519,8.022652e+00
0.810127,0.721519,8.042218e+00
0.822785,0.721519,8.060493e+00
0.835443,0.721519,8.077478e+00
0.848101,0.721519,8.093173e+00
0.860759,0.721519,8.107583e+00
0.873418,0.721519,8.121053e+00
0.886076,0.721519,8.133787e+00
0.898734,0.721519,8.145786e+00
0.911392,0.721519,8.157049e+00
0.924051,0.721519,8.167577e+00
0.936709,0.721519,8.177422e+00
0.949367,0.721519,8.186789e+00
0.962025,0.721519,8.195698e+00
0.974684,0.721519,8.204150e+00
0.987342,0.721519,8.212144e+00
1.000000,0.721519,8.219680e+00
0.000000,0.734177,0.000000e+00
0.012658,0.734177,5.151746e-03
0.025316,0.734177,1.132477e-02
0.037975,0.734177,1.851907e-02
0.050633,0.734177,2.673465e-02
0.063291,0.734177,3.597151e-02
0.075949,0.734177,4.622964e-02
0.088608,0.734177,5.750905e-02
0.101266,0.734177,6.980974e-02
0.113924,0.734177,8.313171e-02
0.126582,0.734177,9.747495e-02
0.139241,0.734177,1.128395e-01
0.151899,0.734177,1.292253e-01
0.164557,0.734177,1.466323e-01
0.177215,0.734177,1.650607e-01
0.189873,0.734177,1.845103e-01
0.202532,0.734177,2.049812e-01
0.215190,0.734177,2.264734e-01
0.227848,0.734177,2.489869e-01
0.240506,0.734177,2.725216e-01
0.253165,0.734177,2.970777e-01
0.265823,0.734177,3.242061e-01
0.278481,0.734177,3.572499e-01
0.291139,0.734177,3.963225e-01
0.303797,0.734177,4.414238e-01
0.316456,0.734177,4.925539e-01
0.329114,0.734177,5.497128e-01
0.341772,0.734177,6.129004e-01
0.354430,0.734177,6.821168e-01
0.367089,0.734177,7.629045e-01
0.379747,0.734177,8.647965e-01
0.392405,0.734177,9.879580e-01
0.405063,0.734177,1.132389e+00
0.417722,0.734177,1.303537e+00
0.430380,0.734177,1.527537e+00
0.443038,0.734177,1.807807e+00
0.455696,0.734177,2.156189e+00
0.468354,0.734177,2.603968e+00
0.481013,0.734177,3.151828e+00
0.493671,0.734177,3.790431e+00
0.506329,0.734177,4.467739e+00
0.518987,0.734177,5.099393e+00
0.531646,0.734177,5.648223e+00
0.544304,0.734177,6.099307e+00
0.556962,0.734177,6.449923e+00
0.569620,0.734177,6.721287e+00
0.582278,0.734177,6.947967e+00
0.594937,0.734177,7.130449e+00
0.607595,0.734177,7.269653e+00
0.620253,0.734177,7.385916e+00
0.632911,0.734177,7.487571e+00
0.645570,0.734177,7.574619e+00
0.658228,0.734177,7.647059e+00
0.670886,0.734177,7.707790e+00
0.683544,0.734177,7.762708e+00
0.696203,0.734177,7.811988e+00
0.708861,0.734177,7.855628e+00
0.721519,0.734177,7.893629e+00
0.734177,0.734177,7.927072e+00
0.746835,0.734177,7.957965e+00
0.759494,0.734177,7.986350e+00
0.772152,0.734177,8.012228e+00
0.784810,0.734177,8.035599e+00
0.797468,0.734177,8.056657e+00
0.810127,0.734177,8.076306e+00
0.822785,0.734177,8.094659e+00
0.835443,0.734177,8.111716e+00
0.848101,0.734177,8.127477e+00
0.860759,0.734177,8.141948e+00
0.873418,0.734177,8.155475e+00
0.886076,0.734177,8.168263e+00
0.898734,0.734177,8.180313e+00
0.911392,0.734177,8.191624e+00
0.924051,0.734177,8.202196e+00
0.936709,0.734177,8.212083e+00
0.949367,0.734177,8.221489e+00
0.962025,0.734177,8.230436e+00
0.974684,0.734177,8.238924e+00
0.987342,0.734177,8.246952e+00
1.000000,0.734177,8.254520e+00
0.000000,0.746835,0.000000e+00
0.012658,0.746835,5.171881e-03
0.025316,0.746835,1.136905e-02
0.037975,0.746835,1.859149e-02
0.050633,0.746835,2.683923e-02
0.063291,0.746835,3.611224e-02
0.075949,0.746835,4.641054e-02
0.088608,0.746835,5.773412e-02
0.101266,0.746835,7.008299e-02
0.113924,0.746835,8.345714e-02
0.126582,0.746835,9.785657e-02
0.139241,0.746835,1.132813e-01
0.151899,0.746835,1.297313e-01
0.164557,0.746835,1.472066e-01
0.177215,0.746835,1.657071e-01
0.189873,0.746835,1.852330e-01
0.202532,0.746835,2.057841e-01
0.215190,0.746835,2.273605e-01
0.227848,0.746835,2.499622e-01
0.240506,0.746835,2.735892e-01
0.253165,0.746835,2.982415e-01
0.265823,0.746835,3.254762e-01
0.278481,0.746835,3.586491e-01
0.291139,0.746835,3.978740e-01
0.303797,0.746835,4.431510e-01
0.316456,0.746835,4.944801e-01
0.329114,0.746835,5.518613e-01
0.341772,0.746835,6.152945e-01
0.354430,0.746835,6.847798e-01
0.367089,0.746835,7.658814e-01
0.379747,0.746835,8.681698e-01
0.392405,0.746835,9.918105e-01
0.405063,0.746835,1.136804e+00
0.417722,0.746835,1.308619e+00
0.430380,0.746835,1.533491e+00
0.443038,0.746835,1.814853e+00
0.455696,0.746835,2.164592e+00
0.468354,0.746835,2.614116e+00
0.481013,0.746835,3.164111e+00
0.493671,0.746835,3.805203e+00
0.506329,0.746835,4.485150e+00
0.518987,0.746835,5.119266e+00
0.531646,0.746835,5.670235e+00
0.544304,0.746835,6.123077e+00
0.556962,0.746835,6.475060e+00
0.569620,0.746835,6.747482e+00
0.582278,0.746835,6.975045e+00
0.594937,0.746835,7.158238e+00
0.607595,0.746835,7.297985e+00
0.620253,0.746835,7.414701e+00
0.632911,0.746835,7.516752e+00
0.645570,0.746835,7.604139e+00
0.658228,0.746835,7.676862e+00
0.670886,0.746835,7.737829e+00
0.683544,0.746835,7.792962e+00
0.696203,0.746835,7.842433e+00
0.708861,0.746835,7.886243e+00
0.721519,0.746835,7.924392e+00
0.734177,0.746835,7.957966e+00
0.746835,0.746835,7.988979e+00
0.759494,0.746835,8.017475e+00
0.772152,0.746835,8.043454e+00
0.784810,0.746835,8.066916e+00
0.797468,0.746835,8.088056e+00
0.810127,0.746835,8.107781e+00
0.822785,0.746835,8.126205e+00
0.835443,0.746835,8.143329e+00
0.848101,0.746835,8.159151e+00
0.860759,0.746835,8.173679e+00
0.873418,0.746835,8.187258e+00
0.886076,0.746835,8.200096e+00
0.898734,0.746835,8.212193e+00
0.911392,0.746835,8.223548e+00
0.924051,0.746835,8.234162e+00
0.936709,0.746835,8.244087e+00
0.949367,0.746835,8.253530e+00
0.962025,0.746835,8.262512e+00
0.974684,0.746835,8.271033e+00
0.987342,0.746835,8.279092e+00
1.000000,0.746835,8.286690e+00
0.000000,0.759494,0.000000e+00
0.012658,0.759494,5.190410e-03
0.025316,0.759494,1.140978e-02
0.037975,0.759494,1.865811e-02
0.050633,0.759494,2.693541e-02
0.063291,0.759494,3.624167e-02
0.075949,0.759494,4.657689e-02
0.088608,0.759494,5.794107e-02
0.101266,0.759494,7.033421e-02
0.113924,0.759494,8.375631e-02
0.126582,0.759494,9.820738e-02
0.139241,0.759494,1.136874e-01
0.151899,0.759494,1.301964e-01
0.164557,0.759494,1.477344e-01
0.177215,0.759494,1.663013e-01
0.189873,0.759494,1.858971e-01
0.202532,0.759494,2.065220e-01
0.215190,0.759494,2.281758e-01
0.227848,0.759494,2.508585e-01
0.240506,0.759494,2.745703e-01
0.253165,0.759494,2.993109e-01
0.265823,0.759494,3.266433e-01
0.278481,0.759494,3.599347e-01
0.291139,0.759494,3.992997e-01
0.303797,0.759494,4.447382e-01
0.316456,0.759494,4.962501e-01
0.329114,0.759494,5.538356e-01
0.341772,0.759494,6.174945e-01
0.354430,0.759494,6.872269e-01
0.367089,0.759494,7.686170e-01
0.379747,0.759494,8.712695e-01
0.392405,0.759494,9.953506e-01
0.405063,0.759494,1.140860e+00
0.417722,0.759494,1.313288e+00
0.430380,0.759494,1.538962e+00
0.443038,0.759494,1.821327e+00
0.455696,0.759494,2.172314e+00
0.468354,0.759494,2.623441e+00
0.481013,0.759494,3.175398e+00
0.493671,0.759494,3.818777e+00
0.506329,0.759494,4.501150e+00
0.518987,0.759494,5.137527e+00
0.531646,0.759494,5.690462e+00
0.544304,0.759494,6.144920e+00
0.556962,0.759494,6.498158e+00
0.569620,0.759494,6.771552e+00
0.582278,0.759494,6.999927e+00
0.594937,0.759494,7.183774e+00
0.607595,0.759494,7.324019e+00
0.620253,0.759494,7.441151e+00
0.632911,0.759494,7.543567e+00
0.645570,0.759494,7.631266e+00
0.658228,0.759494,7.704248e+00
0.670886,0.759494,7.765433e+00
0.683544,0.759494,7.820762e+00
0.696203,0.759494,7.870410e+00
0.708861,0.759494,7.914376e+00
0.721519,0.759494,7.952661e+00
0.734177,0.759494,7.986355e+00
0.746835,0.759494,8.017478e+00
0.759494,0.759494,8.046076e+00
0.772152,0.759494,8.072147e+00
0.784810,0.759494,8.095693e+00
0.797468,0.759494,8.116909e+00
0.810127,0.759494,8.136704e+00
0.822785,0.759494,8.155194e+00
0.835443,0.759494,8.172378e+00
0.848101,0.759494,8.188257e+00
0.860759,0.759494,8.202837e+00
0.873418,0.759494,8.216465e+00
0.886076,0.759494,8.229348e+00
0.898734,0.759494,8.241488e+00
0.911392,0.759494,8.252884e+00
0.924051,0.759494,8.263536e+00
0.936709,0.759494,8.273496e+00
0.949367,0.759494,8.282973e+00
0.962025,0.759494,8.291987e+00
0.974684,0.759494,8.300537e+00
0.987342,0.759494,8.308625e+00
1.000000,0.759494,8.316251e+00
0.000000,0.772152,0.000000e+00
0.012658,0.772152,5.207330e-03
0.025316,0.772152,1.144697e-02
0.037975,0.772152,1.871893e-02
0.050633,0.772152,2.702320e-02
0.063291,0.772152,3.635978e-02
0.075949,0.772152,4.672867e-02
0.088608,0.772152,5.812988e-02
0.101266,0.772152,7.056340e-02
0.113924,0.772152,8.402923e-02
0.126582,0.772152,9.852738e-02
0.139241,0.772152,1.140578e-01
0.151899,0.772152,1.306206e-01
0.164557,0.772152,1.482157e-01
0.177215,0.772152,1.668431e-01
0.189873,0.772152,1.865028e-01
0.202532,0.772152,2.071948e-01
0.215190,0.772152,2.289192e-01
0.227848,0.772152,2.516758e-01
0.240506,0.772152,2.754648e-01
0.253165,0.772152,3.002861e-01
0.265823,0.772152,3.277073e-01
0.278481,0.772152,3.611069e-01
0.291139,0.772152,4.005995e-01
0.303797,0.772152,4.461852e-01
0.316456,0.772152,4.978639e-01
0.329114,0.772152,5.556356e-01
0.341772,0.772152,6.195003e-01
0.354430,0.772152,6.894581e-01
0.367089,0.772152,7.711112e-01
0.379747,0.772152,8.740957e-01
0.392405,0.772152,9.985784e-01
0.405063,0.772152,1.144559e+00
0.417722,0.772152,1.317545e+00
0.430380,0.772152,1.543950e+00
0.443038,0.772152,1.827231e+00
0.455696,0.772152,2.179354e+00
0.468354,0.772152,2.631943e+00
0.481013,0.772152,3.185689e+00
0.493671,0.772152,3.831153e+00
0.506329,0.772152,4.515737e+00
0.518987,0.772152,5.154177e+00
0.531646,0.772152,5.708904e+00
0.544304,0.772152,6.164835e+00
0.556962,0.772152,6.519218e+00
0.569620,0.772152,6.793498e+00
0.582278,0.772152,7.022613e+00
0.594937,0.772152,7.207056e+00
0.607595,0.772152,7.347756e+00
0.620253,0.772152,7.465268e+00
0.632911,0.772152,7.568015e+00
0.645570,0.772152,7.655998e+00
0.658228,0.772152,7.729217e+00
0.670886,0.772152,7.790600e+00
0.683544,0.772152,7.846109e+00
0.696203,0.772152,7.895917e+00
0.708861,0.772152,7.940026e+00
0.721519,0.772152,7.978435e+00
0.734177,0.772152,8.012238e+00
0.746835,0.772152,8.043462e+00
0.759494,0.772152,8.072152e+00
0.772152,0.772152,8.098308e+00
0.784810,0.772152,8.121930e+00
0.797468,0.772152,8.143215e+00
0.810127,0.772152,8.163074e+00
0.822785,0.772152,8.181624e+00
0.835443,0.772152,8.198864e+00
0.848101,0.772152,8.214794e+00
0.860759,0.772152,8.229421e+00
0.873418,0.772152,8.243093e+00
0.886076,0.772152,8.256019e+00
0.898734,0.772152,8.268198e+00
0.911392,0.772152,8.279630e+00
0.924051,0.772152,8.290316e+00
0.936709,0.772152,8.300309e+00
0.949367,0.772152,8.309817e+00
0.962025,0.772152,8.318860e+00
0.974684,0.772152,8.327438e+00
0.987342,0.772152,8.335552e+00
1.000000,0.772152,8.343202e+00
0.000000,0.784810,0.000000e+00
0.012658,0.784810,5.222643e-03
0.025316,0.784810,1.148062e-02
0.037975,0.784810,1.877394e-02
0.050633,0.784810,2.710259e-02
0.063291,0.784810,3.646658e-02
0.075949,0.784810,4.686590e-02
0.088608,0.784810,5.830057e-02
0.101266,0.784810,7.077056e-02
0.113924,0.784810,8.427590e-02
0.126582,0.784810,9.881657e-02
0.139241,0.784810,1.143926e-01
0.151899,0.784810,1.310039e-01
0.164557,0.784810,1.486506e-01
0.177215,0.784810,1.673326e-01
0.189873,0.784810,1.870500e-01
0.202532,0.784810,2.078027e-01
0.215190,0.784810,2.295907e-01
0.227848,0.784810,2.524141e-01
0.240506,0.784810,2.762728e-01
0.253165,0.784810,3.011668e-01
0.265823,0.784810,3.286684e-01
0.278481,0.784810,3.621656e-01
0.291139,0.784810,4.017735e-01
0.303797,0.784810,4.474921e-01
0.316456,0.784810,4.993214e-01
0.329114,0.784810,5.572614e-01
0.341772,0.784810,6.213120e-01
0.354430,0.784810,6.914733e-01
0.367089,0.784810,7.733640e-01
0.379747,0.784810,8.766485e-01
0.392405,0.784810,1.001494e+00
0.405063,0.784810,1.147900e+00
0.417722,0.784810,1.321390e+00
0.430380,0.784810,1.548456e+00
0.443038,0.784810,1.832562e+00
0.455696,0.784810,2.185713e+00
0.468354,0.784810,2.639623e+00
0.481013,0.784810,3.194984e+00
0.493671,0.784810,3.842331e+00
0.506329,0.784810,4.528913e+00
0.518987,0.784810,5.169216e+00
0.531646,0.784810,5.725561e+00
0.544304,0.784810,6.182822e+00
0.556962,0.784810,6.538239e+00
0.569620,0.784810,6.813320e+00
0.582278,0.784810,7.043104e+00
0.594937,0.784810,7.228084e+00
0.607595,0.784810,7.369195e+00
0.620253,0.784810,7.487050e+00
0.632911,0.784810,7.590097e+00
0.645570,0.784810,7.678337e+00
0.658228,0.784810,7.751769e+00
0.670886,0.784810,7.813331e+00
0.683544,0.784810,7.869002e+00
0.696203,0.784810,7.918956e+00
0.708861,0.784810,7.963193e+00
0.721519,0.784810,8.001714e+00
0.734177,0.784810,8.035616e+00
0.746835,0.784810,8.066931e+00
0.759494,0.784810,8.095704e+00
0.772152,0.784810,8.121937e+00
0.784810,0.784810,8.145628e+00
0.797468,0.784810,8.166974e+00
0.810127,0.784810,8.186891e+00
0.822785,0.784810,8.205495e+00
0.835443,0.784810,8.222786e+00
0.848101,0.784810,8.238763e+00
0.860759,0.784810,8.253432e+00
0.873418,0.784810,8.267144e+00
0.886076,0.784810,8.280107e+00
0.898734,0.784810,8.292322e+00
0.911392,0.784810,8.303788e+00
0.924051,0.784810,8.314505e+00
0.936709,0.784810,8.324527e+00
0.949367,0.784810,8.334062e+00
0.962025,0.784810,8.343131e+00
0.974684,0.784810,8.351735e+00
0.987342,0.784810,8.359873e+00
1.000000,0.784810,8.367545e+00
0.000000,0.797468,0.000000e+00
0.012658,0.797468,5.236463e-03
0.025316,0.797468,1.151098e-02
0.037975,0.797468,1.882356e-02
0.050633,0.797468,2.717419e-02
0.063291,0.797468,3.656288e-02
0.075949,0.797468,4.698963e-02
0.088608,0.797468,5.845443e-02
0.101266,0.797468,7.095729e-02
0.113924,0.797468,8.449821e-02
0.126582,0.797468,9.907718e-02
0.139241,0.797468,1.146942e-01
0.151899,0.797468,1.313493e-01
0.164557,0.797468,1.490424e-01
0.177215,0.797468,1.677736e-01
0.189873,0.797468,1.875429e-01
0.202532,0.797468,2.083502e-01
0.215190,0.797468,2.301956e-01
0.227848,0.797468,2.530790e-01
0.240506,0.797468,2.770005e-01
0.253165,0.797468,3.019600e-01
0.265823,0.797468,3.295339e-01
0.278481,0.797468,3.631191e-01
0.291139,0.797468,4.028308e-01
0.303797,0.797468,4.486692e-01
0.316456,0.797468,5.006341e-01
0.329114,0.797468,5.587256e-01
0.341772,0.797468,6.229436e-01
0.354430,0.797468,6.932883e-01
0.367089,0.797468,7.753931e-01
0.379747,0.797468,8.789476e-01
0.392405,0.797468,1.004120e+00
0.405063,0.797468,1.150909e+00
0.417722,0.797468,1.324854e+00
0.430380,0.797468,1.552514e+00
0.443038,0.797468,1.837364e+00
0.455696,0.797468,2.191440e+00
0.468354,0.797468,2.646539e+00
0.481013,0.797468,3.203355e+00
0.493671,0.797468,3.852398e+00
0.506329,0.797468,4.540779e+00
0.518987,0.797468,5.182760e+00
0.531646,0.797468,5.740564e+00
0.544304,0.797468,6.199022e+00
0.556962,0.797468,6.555371e+00
0.569620,0.797468,6.831172e+00
0.582278,0.797468,7.061558e+00
0.594937,0.797468,7.247024e+00
0.607595,0.797468,7.388504e+00
0.620253,0.797468,7.506667e+00
0.632911,0.797468,7.609985e+00
0.645570,0.797468,7.698456e+00
0.658228,0.797468,7.772080e+00
0.670886,0.797468,7.833804e+00
0.683544,0.797468,7.889620e+00
0.696203,0.797468,7.939705e+00
0.708861,0.797468,7.984058e+00
0.721519,0.797468,8.022680e+00
0.734177,0.797468,8.056670e+00
0.746835,0.797468,8.088067e+00
0.759494,0.797468,8.116916e+00
0.772152,0.797468,8.143217e+00
0.784810,0.797468,8.166970e+00
0.797468,0.797468,8.188373e+00
0.810127,0.797468,8.208342e+00
0.822785,0.797468,8.226995e+00
0.835443,0.797468,8.244331e+00
0.848101,0.797468,8.260349e+00
0.860759,0.797468,8.275057e+00
0.873418,0.797468,8.288805e+00
0.886076,0.797468,8.301802e+00
0.898734,0.797468,8.314049e+00
0.911392,0.797468,8.325545e+00
0.924051,0.797468,8.336290e+00
0.936709,0.797468,8.346338e+00
0.949367,0.797468,8.355898e+00
0.962025,0.797468,8.364991e+00
0.974684,0.797468,8.373618e+00
0.987342,0.797468,8.381777e+00
1.000000,0.797468,8.389469e+00
0.000000,0.810127,0.000000e+00
0.012658,0.810127,5.249362e-03
0.025316,0.810127,1.153932e-02
0.037975,0.810127,1.886987e-02
0.050633,0.810127,2.724101e-02
0.063291,0.810127,3.665274e-02
0.075949,0.810127,4.710507e-02
0.088608,0.810127,5.859798e-02
0.101266,0.810127,7.113150e-02
0.113924,0.810127,8.470560e-02
0.126582,0.810127,9.932030e-02
0.139241,0.810127,1.149756e-01
0.151899,0.810127,1.316715e-01
0.164557,0.810127,1.494079e-01
0.177215,0.810127,1.681850e-01
0.189873,0.810127,1.880027e-01
0.202532,0.810127,2.088609e-01
0.215190,0.810127,2.307598e-01
0.227848,0.810127,2.536992e-01
0.240506,0.810127,2.776793e-01
0.253165,0.810127,3.026999e-01
0.265823,0.810127,3.303412e-01
0.278481,0.810127,3.640084e-01
0.291139,0.810127,4.038169e-01
0.303797,0.810127,4.497669e-01
0.316456,0.810127,5.018584e-01
0.329114,0.810127,5.600912e-01
0.341772,0.810127,6.244655e-01
0.354430,0.810127,6.949812e-01
0.367089,0.810127,7.772857e-01
0.379747,0.810127,8.810922e-01
0.392405,0.810127,1.006569e+00
0.405063,0.810127,1.153716e+00
0.417722,0.810127,1.328084e+00
0.430380,0.810127,1.556299e+00
0.443038,0.810127,1.841844e+00
0.455696,0.810127,2.196782e+00
0.468354,0.810127,2.652990e+00
0.481013,0.810127,3.211164e+00
0.493671,0.810127,3.861789e+00
0.506329,0.810127,4.551848e+00
0.518987,0.810127,5.195394e+00
0.531646,0.810127,5.754557e+00
0.544304,0.810127,6.214134e+00
0.556962,0.810127,6.571351e+00
0.569620,0.810127,6.847825e+00
0.582278,0.810127,7.078772e+00
0.594937,0.810127,7.264690e+00
0.607595,0.810127,7.406515e+00
0.620253,0.810127,7.524966e+00
0.632911,0.810127,7.628535e+00
0.645570,0.810127,7.717222e+00
0.658228,0.810127,7.791026e+00
0.670886,0.810127,7.852900e+00
0.683544,0.810127,7.908852e+00
0.696203,0.810127,7.959059e+00
0.708861,0.810127,8.003520e+00
0.721519,0.810127,8.042236e+00
0.734177,0.810127,8.076309e+00
0.746835,0.810127,8.107783e+00
0.759494,0.810127,8.136702e+00
0.772152,0.810127,8.163068e+00
0.784810,0.810127,8.186878e+00
0.797468,0.810127,8.208333e+00
0.810127,0.810127,8.228351e+00
0.822785,0.810127,8.247049e+00
0.835443,0.810127,8.264427e+00
0.848101,0.810127,8.280485e+00
0.860759,0.810127,8.295228e+00
0.873418,0.810127,8.309009e+00
0.886076,0.810127,8.322038e+00
0.898734,0.810127,8.334315e+00
0.911392,0.810127,8.345839e+00
0.924051,0.810127,8.356611e+00
0.936709,0.810127,8.366683e+00
0.949367,0.810127,8.376267e+00
0.962025,0.810127,8.385382e+00
0.974684,0.810127,8.394029e+00
0.987342,0.810127,8.402208e+00
1.000000,0.810127,8.409919e+00
0.000000,0.822785,0.000000e+00
0.012658,0.822785,5.261419e-03
0.025316,0.822785,1.156580e-02
0.037975,0.822785,1.891314e-02
0.050633,0.822785,2.730344e-02
0.063291,0.822785,3.673670e-02
0.075949,0.822785,4.721293e-02
0.088608,0.822785,5.873211e-02
0.101266,0.822785,7.129426e-02
0.113924,0.822785,8.489936e-02
0.126582,0.822785,9.954743e-02
0.139241,0.822785,1.152385e-01
0.151899,0.822785,1.319725e-01
0.164557,0.822785,1.497494e-01
0.177215,0.822785,1.685693e-01
0.189873,0.822785,1.884322e-01
0.202532,0.822785,2.093380e-01
0.215190,0.822785,2.312868e-01
0.227848,0.822785,2.542786e-01
0.240506,0.822785,2.783133e-01
0.253165,0.822785,3.033910e-01
0.265823,0.822785,3.310953e-01
0.278481,0.822785,3.648390e-01
0.291139,0.822785,4.047381e-01
0.303797,0.822785,4.507924e-01
0.316456,0.822785,5.030021e-01
0.329114,0.822785,5.613670e-01
0.341772,0.822785,6.258872e-01
0.354430,0.822785,6.965628e-01
0.367089,0.822785,7.790538e-01
0.379747,0.822785,8.830958e-01
0.392405,0.822785,1.008857e+00
0.405063,0.822785,1.156338e+00
0.417722,0.822785,1.331102e+00
0.430380,0.822785,1.559835e+00
0.443038,0.822785,1.846028e+00
0.455696,0.822785,2.201773e+00
0.468354,0.822785,2.659017e+00
0.481013,0.822785,3.218459e+00
0.493671,0.822785,3.870562e+00
0.506329,0.822785,4.562189e+00
0.518987,0.822785,5.207197e+00
0.531646,0.822785,5.767630e+00
0.544304,0.822785,6.228251e+00
0.556962,0.822785,6.586280e+00
0.569620,0.822785,6.863382e+00
0.582278,0.822785,7.094854e+00
0.594937,0.822785,7.281194e+00
0.607595,0.822785,7.423341e+00
0.620253,0.822785,7.542062e+00
0.632911,0.822785,7.645866e+00
0.645570,0.822785,7.734754e+00
0.658228,0.822785,7.808726e+00
0.670886,0.822785,7.870740e+00
0.683544,0.822785,7.926819e+00
0.696203,0.822785,7.977140e+00
0.708861,0.822785,8.021702e+00
0.721519,0.822785,8.060506e+00
0.734177,0.822785,8.094657e+00
0.746835,0.822785,8.126202e+00
0.759494,0.822785,8.155187e+00
0.772152,0.822785,8.181612e+00
0.784810,0.822785,8.205477e+00
0.797468,0.822785,8.226980e+00
0.810127,0.822785,8.247044e+00
0.822785,0.822785,8.265784e+00
0.835443,0.822785,8.283202e+00
0.848101,0.822785,8.299296e+00
0.860759,0.822785,8.314073e+00
0.873418,0.822785,8.327885e+00
0.886076,0.822785,8.340944e+00
0.898734,0.822785,8.353248e+00
0.911392,0.822785,8.364798e+00
0.924051,0.822785,8.375594e+00
0.936709,0.822785,8.385690e+00
0.949367,0.822785,8.395295e+00
0.962025,0.822785,8.404431e+00
0.974684,0.822785,8.413098e+00
0.987342,0.822785,8.421296e+00
1.000000,0.822785,8.429024e+00
0.000000,0.835443,0.000000e+00
0.012658,0.835443,5.272632e-03
0.025316,0.835443,1.159043e-02
0.037975,0.835443,1.895338e-02
0.050633,0.835443,2.736150e-02
0.063291,0.835443,3.681477e-02
0.075949,0.835443,4.731321e-02
0.088608,0.835443,5.885681e-02
0.101266,0.835443,7.144558e-02
0.113924,0.835443,8.507950e-02
0.126582,0.835443,9.975858e-02
0.139241,0.835443,1.154828e-01
0.151899,0.835443,1.322522e-01
0.164557,0.835443,1.500668e-01
0.177215,0.835443,1.689265e-01
0.189873,0.835443,1.888314e-01
0.202532,0.835443,2.097815e-01
0.215190,0.835443,2.317767e-01
0.227848,0.835443,2.548171e-01
0.240506,0.835443,2.789026e-01
0.253165,0.835443,3.040333e-01
0.265823,0.835443,3.317961e-01
0.278481,0.835443,3.656111e-01
0.291139,0.835443,4.055942e-01
0.303797,0.835443,4.517456e-01
0.316456,0.835443,5.040651e-01
0.329114,0.835443,5.625528e-01
0.341772,0.835443,6.272088e-01
0.354430,0.835443,6.980329e-01
0.367089,0.835443,7.806974e-01
0.379747,0.835443,8.849583e-01
0.392405,0.835443,1.010985e+00
0.405063,0.835443,1.158776e+00
0.417722,0.835443,1.333908e+00
0.430380,0.835443,1.563122e+00
0.443038,0.835443,1.849918e+00
0.455696,0.835443,2.206413e+00
0.468354,0.835443,2.664620e+00
0.481013,0.835443,3.225241e+00
0.493671,0.835443,3.878718e+00
0.506329,0.835443,4.571802e+00
0.518987,0.835443,5.218169e+00
0.531646,0.835443,5.779783e+00
0.544304,0.835443,6.241374e+00
0.556962,0.835443,6.600157e+00
0.569620,0.835443,6.877843e+00
0.582278,0.835443,7.109803e+00
0.594937,0.835443,7.296536e+00
0.607595,0.835443,7.438983e+00
0.620253,0.835443,7.557953e+00
0.632911,0.835443,7.661976e+00
0.645570,0.835443,7.751051e+00
0.658228,0.835443,7.825179e+00
0.670886,0.835443,7.887324e+00
0.683544,0.835443,7.943521e+00
0.696203,0.835443,7.993948e+00
0.708861,0.835443,8.038604e+00
0.721519,0.835443,8.077490e+00
0.734177,0.835443,8.111713e+00
0.746835,0.835443,8.143324e+00
0.759494,0.835443,8.172370e+00
0.772152,0.835443,8.198851e+00
0.784810,0.835443,8.222766e+00
0.797468,0.835443,8.244314e+00
0.810127,0.835443,8.264420e+00
0.822785,0.835443,8.283200e+00
0.835443,0.835443,8.300654e+00
0.848101,0.835443,8.316782e+00
0.860759,0.835443,8.331590e+00
0.873418,0.835443,8.345432e+00
0.886076,0.835443,8.358518e+00
0.898734,0.835443,8.370848e+00
0.911392,0.835443,8.382423e+00
0.924051,0.835443,8.393242e+00
0.936709,0.835443,8.403359e+00
0.949367,0.835443,8.412984e+00
0.962025,0.835443,8.422139e+00
0.974684,0.835443,8.430824e+00
0.987342,0.835443,8.439039e+00
1.000000,0.835443,8.446784e+00
0.000000,0.848101,0.000000e+00
0.012658,0.848101,5.283003e-03
0.025316,0.848101,1.161320e-02
0.037975,0.848101,1.899059e-02
0.050633,0.848101,2.741517e-02
0.063291,0.848101,3.688695e-02
0.075949,0.848101,4.740592e-02
0.088608,0.848101,5.897209e-02
0.101266,0.848101,7.158545e-02
0.113924,0.848101,8.524600e-02
0.126582,0.848101,9.995375e-02
0.139241,0.848101,1.157087e-01
0.151899,0.848101,1.325108e-01
0.164557,0.848101,1.503602e-01
0.177215,0.848101,1.692567e-01
0.189873,0.848101,1.892004e-01
0.202532,0.848101,2.101913e-01
0.215190,0.848101,2.322294e-01
0.227848,0.848101,2.553147e-01
0.240506,0.848101,2.794472e-01
0.253165,0.848101,3.046269e-01
0.265823,0.848101,3.324438e-01
0.278481,0.848101,3.663245e-01
0.291139,0.848101,4.063854e-01
0.303797,0.848101,4.526264e-01
0.316456,0.848101,5.050475e-01
0.329114,0.848101,5.636487e-01
0.341772,0.848101,6.284301e-01
0.354430,0.848101,6.993916e-01
0.367089,0.848101,7.822164e-01
0.379747,0.848101,8.866797e-01
0.392405,0.848101,1.012951e+00
0.405063,0.848101,1.161029e+00
0.417722,0.848101,1.336501e+00
0.430380,0.848101,1.566161e+00
0.443038,0.848101,1.853514e+00
0.455696,0.848101,2.210701e+00
0.468354,0.848101,2.669799e+00
0.481013,0.848101,3.231509e+00
0.493671,0.848101,3.886256e+00
0.506329,0.848101,4.580687e+00
0.518987,0.848101,5.228310e+00
0.531646,0.848101,5.791016e+00
0.544304,0.848101,6.253504e+00
0.556962,0.848101,6.612984e+00
0.569620,0.848101,6.891209e+00
0.582278,0.848101,7.123620e+00
0.594937,0.848101,7.310715e+00
0.607595,0.848101,7.453439e+00
0.620253,0.848101,7.572641e+00
0.632911,0.848101,7.676866e+00
0.645570,0.848101,7.766115e+00
0.658228,0.848101,7.840386e+00
0.670886,0.848101,7.902652e+00
0.683544,0.848101,7.958959e+00
0.696203,0.848101,8.009483e+00
0.708861,0.848101,8.054226e+00
0.721519,0.848101,8.093187e+00
0.734177,0.848101,8.127477e+00
0.746835,0.848101,8.159149e+00
0.759494,0.848101,8.188252e+00
0.772152,0.848101,8.214784e+00
0.784810,0.848101,8.238746e+00
0.797468,0.848101,8.260336e+00
0.810127,0.848101,8.280481e+00
0.822785,0.848101,8.299297e+00
0.835443,0.848101,8.316785e+00
0.848101,0.848101,8.332945e+00
0.860759,0.848101,8.347781e+00
0.873418,0.848101,8.361650e+00
0.886076,0.848101,8.374761e+00
0.898734,0.848101,8.387116e+00
0.911392,0.848101,8.398713e+00
0.924051,0.848101,8.409552e+00
0.936709,0.848101,8.419689e+00
0.949367,0.848101,8.429333e+00
0.962025,0.848101,8.438506e+00
0.974684,0.848101,8.447208e+00
0.987342,0.848101,8.455439e+00
1.000000,0.848101,8.463199e+00
0.000000,0.860759,0.000000e+00
0.012658,0.860759,5.292533e-03
0.025316,0.860759,1.163413e-02
0.037975,0.860759,1.902478e-02
0.050633,0.860759,2.746449e-02
0.063291,0.860759,3.695326e-02
0.075949,0.860759,4.749108e-02
0.088608,0.860759,5.907797e-02
0.101266,0.860759,7.171391e-02
0.113924,0.860759,8.539892e-02
0.126582,0.860759,1.001330e-01
0.139241,0.860759,1.159161e-01
0.151899,0.860759,1.327483e-01
0.164557,0.860759,1.506295e-01
0.177215,0.860759,1.695598e-01
0.189873,0.860759,1.895392e-01
0.202532,0.860759,2.105676e-01
0.215190,0.860759,2.326451e-01
0.227848,0.860759,2.557716e-01
0.240506,0.860759,2.799472e-01
0.253165,0.860759,3.051718e-01
0.265823,0.860759,3.330384e-01
0.278481,0.860759,3.669796e-01
0.291139,0.860759,4.071118e-01
0.303797,0.860759,4.534351e-01
0.316456,0.860759,5.059495e-01
0.329114,0.860759,5.646550e-01
0.341772,0.860759,6.295516e-01
0.354430,0.860759,7.006393e-01
0.367089,0.860759,7.836114e-01
0.379747,0.860759,8.882605e-01
0.392405,0.860759,1.014756e+00
0.405063,0.860759,1.163098e+00
0.417722,0.860759,1.338883e+00
0.430380,0.860759,1.568951e+00
0.443038,0.860759,1.856816e+00
0.455696,0.860759,2.214639e+00
0.468354,0.860759,2.674555e+00
0.481013,0.860759,3.237265e+00
0.493671,0.860759,3.893178e+00
0.506329,0.860759,4.588846e+00
0.518987,0.860759,5.237623e+00
0.531646,0.860759,5.801330e+00
0.544304,0.860759,6.264642e+00
0.556962,0.860759,6.624763e+00
0.569620,0.860759,6.903484e+00
0.582278,0.860759,7.136308e+00
0.594937,0.860759,7.323737e+00
0.607595,0.860759,7.466715e+00
0.620253,0.860759,7.586129e+00
0.632911,0.860759,7.690540e+00
0.645570,0.860759,7.779947e+00
0.658228,0.860759,7.854351e+00
0.670886,0.860759,7.916728e+00
0.683544,0.860759,7.973135e+00
0.696203,0.860759,8.023749e+00
0.708861,0.860759,8.068572e+00
0.721519,0.860759,8.107603e+00
0.734177,0.860759,8.141953e+00
0.746835,0.860759,8.173682e+00
0.759494,0.860759,8.202836e+00
0.772152,0.860759,8.229415e+00
0.784810,0.860759,8.253420e+00
0.797468,0.860759,8.275048e+00
0.810127,0.860759,8.295229e+00
0.822785,0.860759,8.314079e+00
0.835443,0.860759,8.331598e+00
0.848101,0.860759,8.347787e+00
0.860759,0.860759,8.362650e+00
0.873418,0.860759,8.376543e+00
0.886076,0.860759,8.389678e+00
0.898734,0.860759,8.402054e+00
0.911392,0.860759,8.413672e+00
0.924051,0.860759,8.424531e+00
0.936709,0.860759,8.434685e+00
0.949367,0.860759,8.444346e+00
0.962025,0.860759,8.453536e+00
0.974684,0.860759,8.462253e+00
0.987342,0.860759,8.470499e+00
1.000000,0.860759,8.478273e+00
0.000000,0.873418,0.000000e+00
0.012658,0.873418,5.301438e-03
0.025316,0.873418,1.165368e-02
0.037975,0.873418,1.905671e-02
0.050633,0.873418,2.751055e-02
0.063291,0.873418,3.701519e-02
0.075949,0.873418,4.757063e-02
0.088608,0.873418,5.917687e-02
0.101266,0.873418,7.183391e-02
0.113924,0.873418,8.554175e-02
0.126582,0.873418,1.003004e-01
0.139241,0.873418,1.161098e-01
0.151899,0.873418,1.329701e-01
0.164557,0.873418,1.508811e-01
0.177215,0.873418,1.698430e-01
0.189873,0.873418,1.898556e-01
0.202532,0.873418,2.109190e-01
0.215190,0.873418,2.330333e-01
0.227848,0.873418,2.561983e-01
0.240506,0.873418,2.804142e-01
0.253165,0.873418,3.056808e-01
0.265823,0.873418,3.335938e-01
0.278481,0.873418,3.675913e-01
0.291139,0.873418,4.077902e-01
0.303797,0.873418,4.541905e-01
0.316456,0.873418,5.067920e-01
0.329114,0.873418,5.655949e-01
0.341772,0.873418,6.305992e-01
0.354430,0.873418,7.018047e-01
0.367089,0.873418,7.849145e-01
0.379747,0.873418,8.897372e-01
0.392405,0.873418,1.016443e+00
0.405063,0.873418,1.165031e+00
0.417722,0.873418,1.341107e+00
0.430380,0.873418,1.571558e+00
0.443038,0.873418,1.859901e+00
0.455696,0.873418,2.218318e+00
0.468354,0.873418,2.678998e+00
0.481013,0.873418,3.242642e+00
0.493671,0.873418,3.899645e+00
0.506329,0.873418,4.596468e+00
0.518987,0.873418,5.246322e+00
0.531646,0.873418,5.810967e+00
0.544304,0.873418,6.275048e+00
0.556962,0.873418,6.635767e+00
0.569620,0.873418,6.914951e+00
0.582278,0.873418,7.148162e+00
0.594937,0.873418,7.335902e+00
0.607595,0.873418,7.479118e+00
0.620253,0.873418,7.598730e+00
0.632911,0.873418,7.703314e+00
0.645570,0.873418,7.792870e+00
0.658228,0.873418,7.867398e+00
0.670886,0.873418,7.929878e+00
0.683544,0.873418,7.986378e+00
0.696203,0.873418,8.037077e+00
0.708861,0.873418,8.081974e+00
0.721519,0.873418,8.121069e+00
0.734177,0.873418,8.155476e+00
0.746835,0.873418,8.187258e+00
0.759494,0.873418,8.216461e+00
0.772152,0.873418,8.243085e+00
0.784810,0.873418,8.267129e+00
0.797468,0.873418,8.288793e+00
0.810127,0.873418,8.309008e+00
0.822785,0.873418,8.327889e+00
0.835443,0.873418,8.345437e+00
0.848101,0.873418,8.361652e+00
0.860759,0.873418,8.376540e+00
0.873418,0.873418,8.390456e+00
0.886076,0.873418,8.403613e+00
0.898734,0.873418,8.416010e+00
0.911392,0.873418,8.427647e+00
0.924051,0.873418,8.438524e+00
0.936709,0.873418,8.448695e+00
0.949367,0.873418,8.458372e+00
0.962025,0.873418,8.467577e+00
0.974684,0.873418,8.476309e+00
0.987342,0.873418,8.484568e+00
1.000000,0.873418,8.492355e+00
0.000000,0.886076,0.000000e+00
0.012658,0.886076,5.309853e-03
0.025316,0.886076,1.167215e-02
0.037975,0.886076,1.908690e-02
0.050633,0.886076,2.755409e-02
0.063291,0.886076,3.707373e-02
0.075949,0.886076,4.764582e-02
0.088608,0.886076,5.927035e-02
0.101266,0.886076,7.194732e-02
0.113924,0.886076,8.567675e-02
0.126582,0.886076,1.004586e-01
0.139241,0.886076,1.162929e-01
0.151899,0.886076,1.331797e-01
0.164557,0.886076,1.511189e-01
0.177215,0.886076,1.701106e-01
0.189873,0.886076,1.901547e-01
0.202532,0.886076,2.112512e-01
0.215190,0.886076,2.334002e-01
0.227848,0.886076,2.566016e-01
0.240506,0.886076,2.808555e-01
0.253165,0.886076,3.061619e-01
0.265823,0.886076,3.341186e-01
0.278481,0.886076,3.681695e-01
0.291139,0.886076,4.084315e-01
0.303797,0.886076,4.549044e-01
0.316456,0.886076,5.075884e-01
0.329114,0.886076,5.664834e-01
0.341772,0.886076,6.315894e-01
0.354430,0.886076,7.029065e-01
0.367089,0.886076,7.861464e-01
0.379747,0.886076,8.911333e-01
0.392405,0.886076,1.018037e+00
0.405063,0.886076,1.166859e+00
0.417722,0.886076,1.343211e+00
0.430380,0.886076,1.574023e+00
0.443038,0.886076,1.862818e+00
0.455696,0.886076,2.221797e+00
0.468354,0.886076,2.683198e+00
0.481013,0.886076,3.247727e+00
0.493671,0.886076,3.905759e+00
0.506329,0.886076,4.603675e+00
0.518987,0.886076,5.254548e+00
0.531646,0.886076,5.820078e+00
0.544304,0.886076,6.284887e+00
0.556962,0.886076,6.646171e+00
0.569620,0.886076,6.925793e+00
0.582278,0.886076,7.159370e+00
0.594937,0.886076,7.347404e+00
0.607595,0.886076,7.490844e+00
0.620253,0.886076,7.610644e+00
0.632911,0.886076,7.715392e+00
0.645570,0.886076,7.805088e+00
0.658228,0.886076,7.879733e+00
0.670886,0.886076,7.942311e+00
0.683544,0.886076,7.998900e+00
0.696203,0.886076,8.049678e+00
0.708861,0.886076,8.094645e+00
0.721519,0.886076,8.133802e+00
0.734177,0.886076,8.168263e+00
0.746835,0.886076,8.200095e+00
0.759494,0.886076,8.229343e+00
0.772152,0.886076,8.256008e+00
0.784810,0.886076,8.280090e+00
0.797468,0.886076,8.301789e+00
0.810127,0.886076,8.322035e+00
0.822785,0.886076,8.340946e+00
0.835443,0.886076,8.358521e+00
0.848101,0.886076,8.374762e+00
0.860759,0.886076,8.389673e+00
0.873418,0.886076,8.403611e+00
0.886076,0.886076,8.416788e+00
0.898734,0.886076,8.429204e+00
0.911392,0.886076,8.440860e+00
0.924051,0.886076,8.451754e+00
0.936709,0.886076,8.461941e+00
0.949367,0.886076,8.471634e+00
0.962025,0.886076,8.480853e+00
0.974684,0.886076,8.489598e+00
0.987342,0.886076,8.497871e+00
1.000000,0.886076,8.505669e+00
0.000000,0.898734,0.000000e+00
0.012658,0.898734,5.317780e-03
0.025316,0.898734,1.168956e-02
0.037975,0.898734,1.911533e-02
0.050633,0.898734,2.759510e-02
0.063291,0.898734,3.712887e-02
0.075949,0.898734,4.771663e-02
0.088608,0.898734,5.935840e-02
0.101266,0.898734,7.205415e-02
0.113924,0.898734,8.580391e-02
0.126582,0.898734,1.006077e-01
0.139241,0.898734,1.164654e-01
0.151899,0.898734,1.333772e-01
0.164557,0.898734,1.513429e-01
0.177215,0.898734,1.703626e-01
0.189873,0.898734,1.904364e-01
0.202532,0.898734,2.115641e-01
0.215190,0.898734,2.337458e-01
0.227848,0.898734,2.569816e-01
0.240506,0.898734,2.812713e-01
0.253165,0.898734,3.066150e-01
0.265823,0.898734,3.346130e-01
0.278481,0.898734,3.687142e-01
0.291139,0.898734,4.090355e-01
0.303797,0.898734,4.555770e-01
0.316456,0.898734,5.083387e-01
0.329114,0.898734,5.673205e-01
0.341772,0.898734,6.325225e-01
0.354430,0.898734,7.039446e-01
0.367089,0.898734,7.873071e-01
0.379747,0.898734,8.924488e-01
0.392405,0.898734,1.019540e+00
0.405063,0.898734,1.168581e+00
0.417722,0.898734,1.345193e+00
0.430380,0.898734,1.576345e+00
0.443038,0.898734,1.865566e+00
0.455696,0.898734,2.225075e+00
0.468354,0.898734,2.687157e+00
0.481013,0.898734,3.252518e+00
0.493671,0.898734,3.911521e+00
0.506329,0.898734,4.610466e+00
0.518987,0.898734,5.262300e+00
0.531646,0.898734,5.828663e+00
0.544304,0.898734,6.294158e+00
0.556962,0.898734,6.655975e+00
0.569620,0.898734,6.936009e+00
0.582278,0.898734,7.169931e+00
0.594937,0.898734,7.358243e+00
0.607595,0.898734,7.501894e+00
0.620253,0.898734,7.621871e+00
0.632911,0.898734,7.726773e+00
0.645570,0.898734,7.816602e+00
0.658228,0.898734,7.891356e+00
0.670886,0.898734,7.954027e+00
0.683544,0.898734,8.010699e+00
0.696203,0.898734,8.061552e+00
0.708861,0.898734,8.106586e+00
0.721519,0.898734,8.145801e+00
0.734177,0.898734,8.180312e+00
0.746835,0.898734,8.212191e+00
0.759494,0.898734,8.241483e+00
0.772152,0.898734,8.268187e+00
0.784810,0.898734,8.292304e+00
0.797468,0.898734,8.314035e+00
0.810127,0.898734,8.334311e+00
0.822785,0.898734,8.353249e+00
0.835443,0.898734,8.370851e+00
0.848101,0.898734,8.387116e+00
0.860759,0.898734,8.402049e+00
0.873418,0.898734,8.416007e+00
0.886076,0.898734,8.429204e+00
0.898734,0.898734,8.441639e+00
0.911392,0.898734,8.453311e+00
0.924051,0.898734,8.464221e+00
0.936709,0.898734,8.474424e+00
0.949367,0.898734,8.484130e+00
0.962025,0.898734,8.493363e+00
0.974684,0.898734,8.502121e+00
0.987342,0.898734,8.510406e+00
1.000000,0.898734,8.518216e+00
0.000000,0.911392,0.000000e+00
0.012658,0.911392,5.325219e-03
0.025316,0.911392,1.170589e-02
0.037975,0.911392,1.914201e-02
0.050633,0.911392,2.763359e-02
0.063291,0.911392,3.718061e-02
0.075949,0.911392,4.778309e-02
0.088608,0.911392,5.944102e-02
0.101266,0.911392,7.215440e-02
0.113924,0.911392,8.592323e-02
0.126582,0.911392,1.007475e-01
0.139241,0.911392,1.166272e-01
0.151899,0.911392,1.335624e-01
0.164557,0.911392,1.515531e-01
0.177215,0.911392,1.705992e-01
0.189873,0.911392,1.907007e-01
0.202532,0.911392,2.118577e-01
0.215190,0.911392,2.340701e-01
0.227848,0.911392,2.573380e-01
0.240506,0.911392,2.816614e-01
0.253165,0.911392,3.070402e-01
0.265823,0.911392,3.350770e-01
0.278481,0.911392,3.692253e-01
0.291139,0.911392,4.096024e-01
0.303797,0.911392,4.562082e-01
0.316456,0.911392,5.090428e-01
0.329114,0.911392,5.681061e-01
0.341772,0.911392,6.333982e-01
0.354430,0.911392,7.049190e-01
0.367089,0.911392,7.883967e-01
0.379747,0.911392,8.936837e-01
0.392405,0.911392,1.020951e+00
0.405063,0.911392,1.170197e+00
0.417722,0.911392,1.347054e+00
0.430380,0.911392,1.578525e+00
0.443038,0.911392,1.868146e+00
0.455696,0.911392,2.228152e+00
0.468354,0.911392,2.690873e+00
0.481013,0.911392,3.257016e+00
0.493671,0.911392,3.916931e+00
0.506329,0.911392,4.616842e+00
0.518987,0.911392,5.269577e+00
0.531646,0.911392,5.836724e+00
0.544304,0.911392,6.302862e+00
0.556962,0.911392,6.665179e+00
0.569620,0.911392,6.945601e+00
0.582278,0.911392,7.179846e+00
0.594937,0.911392,7.368418e+00
0.607595,0.911392,7.512268e+00
0.620253,0.911392,7.632411e+00
0.632911,0.911392,7.737458e+00
0.645570,0.911392,7.827411e+00
0.658228,0.911392,7.902269e+00
0.670886,0.911392,7.965026e+00
0.683544,0.911392,8.021777e+00
0.696203,0.911392,8.072700e+00
0.708861,0.911392,8.117796e+00
0.721519,0.911392,8.157065e+00
0.734177,0.911392,8.191624e+00
0.746835,0.911392,8.223547e+00
0.759494,0.911392,8.252879e+00
0.772152,0.911392,8.279621e+00
0.784810,0.911392,8.303771e+00
0.797468,0.911392,8.325532e+00
0.810127,0.911392,8.345836e+00
0.822785,0.911392,8.364801e+00
0.835443,0.911392,8.382427e+00
0.848101,0.911392,8.398714e+00
0.860759,0.911392,8.413667e+00
0.873418,0.911392,8.427645e+00
0.886076,0.911392,8.440860e+00
0.898734,0.911392,8.453312e+00
0.911392,0.911392,8.465000e+00
0.924051,0.911392,8.475926e+00
0.936709,0.911392,8.486142e+00
0.949367,0.911392,8.495862e+00
0.962025,0.911392,8.505108e+00
0.974684,0.911392,8.513878e+00
0.987342,0.911392,8.522174e+00
1.000000,0.911392,8.529995e+00
0.000000,0.924051,0.000000e+00
0.012658,0.924051,5.332168e-03
0.025316,0.924051,1.172115e-02
0.037975,0.924051,1.916694e-02
0.050633,0.924051,2.766954e-02
0.063291,0.924051,3.722895e-02
0.075949,0.924051,4.784518e-02
0.088608,0.924051,5.951821e-02
0.101266,0.924051,7.224806e-02
0.113924,0.924051,8.603471e-02
0.126582,0.924051,1.008782e-01
0.139241,0.924051,1.167785e-01
0.151899,0.924051,1.337356e-01
0.164557,0.924051,1.517495e-01
0.177215,0.924051,1.708202e-01
0.189873,0.924051,1.909477e-01
0.202532,0.924051,2.121320e-01
0.215190,0.924051,2.343732e-01
0.227848,0.924051,2.576711e-01
0.240506,0.924051,2.820259e-01
0.253165,0.924051,3.074375e-01
0.265823,0.924051,3.355105e-01
0.278481,0.924051,3.697029e-01
0.291139,0.924051,4.101321e-01
0.303797,0.924051,4.567980e-01
0.316456,0.924051,5.097008e-01
0.329114,0.924051,5.688403e-01
0.341772,0.924051,6.342167e-01
0.354430,0.924051,7.058298e-01
0.367089,0.924051,7.894152e-01
0.379747,0.924051,8.948380e-01
0.392405,0.924051,1.022269e+00
0.405063,0.924051,1.171708e+00
0.417722,0.924051,1.348793e+00
0.430380,0.924051,1.580564e+00
0.443038,0.924051,1.870558e+00
0.455696,0.924051,2.231029e+00
0.468354,0.924051,2.694347e+00
0.481013,0.924051,3.261221e+00
0.493671,0.924051,3.921987e+00
0.506329,0.924051,4.622803e+00
0.518987,0.924051,5.276380e+00
0.531646,0.924051,5.844259e+00
0.544304,0.924051,6.310999e+00
0.556962,0.924051,6.673784e+00
0.569620,0.924051,6.954567e+00
0.582278,0.924051,7.189115e+00
0.594937,0.924051,7.377930e+00
0.607595,0.924051,7.521966e+00
0.620253,0.924051,7.642264e+00
0.632911,0.924051,7.747447e+00
0.645570,0.924051,7.837516e+00
0.658228,0.924051,7.912470e+00
0.670886,0.924051,7.975308e+00
0.683544,0.924051,8.032132e+00
0.696203,0.924051,8.083122e+00
0.708861,0.924051,8.128276e+00
0.721519,0.924051,8.167595e+00
0.734177,0.924051,8.202199e+00
0.746835,0.924051,8.234163e+00
0.759494,0.924051,8.263533e+00
0.772152,0.924051,8.290309e+00
0.784810,0.924051,8.314491e+00
0.797468,0.924051,8.336279e+00
0.810127,0.924051,8.356609e+00
0.822785,0.924051,8.375599e+00
0.835443,0.924051,8.393248e+00
0.848101,0.924051,8.409556e+00
0.860759,0.924051,8.424529e+00
0.873418,0.924051,8.438525e+00
0.886076,0.924051,8.451756e+00
0.898734,0.924051,8.464224e+00
0.911392,0.924051,8.475928e+00
0.924051,0.924051,8.486867e+00
0.936709,0.924051,8.497097e+00
0.949367,0.924051,8.506830e+00
0.962025,0.924051,8.516087e+00
0.974684,0.924051,8.524869e+00
0.987342,0.924051,8.533176e+00
1.000000,0.924051,8.541007e+00
0.000000,0.936709,0.000000e+00
0.012658,0.936709,5.338664e-03
0.025316,0.936709,1.173541e-02
0.037975,0.936709,1.919023e-02
0.050633,0.936709,2.770314e-02
0.063291,0.936709,3.727413e-02
0.075949,0.936709,4.790320e-02
0.088608,0.936709,5.959035e-02
0.101266,0.936709,7.233558e-02
0.113924,0.936709,8.613889e-02
0.126582,0.936709,1.010003e-01
0.139241,0.936709,1.169198e-01
0.151899,0.936709,1.338973e-01
0.164557,0.936709,1.519329e-01
0.177215,0.936709,1.710267e-01
0.189873,0.936709,1.911785e-01
0.202532,0.936709,2.123883e-01
0.215190,0.936709,2.346563e-01
0.227848,0.936709,2.579823e-01
0.240506,0.936709,2.823664e-01
0.253165,0.936709,3.078086e-01
0.265823,0.936709,3.359155e-01
0.278481,0.936709,3.701491e-01
0.291139,0.936709,4.106270e-01
0.303797,0.936709,4.573492e-01
0.316456,0.936709,5.103157e-01
0.329114,0.936709,5.695265e-01
0.341772,0.936709,6.349816e-01
0.354430,0.936709,7.066810e-01
0.367089,0.936709,7.903672e-01
0.379747,0.936709,8.959171e-01
0.392405,0.936709,1.023502e+00
0.405063,0.936709,1.173121e+00
0.417722,0.936709,1.350419e+00
0.430380,0.936709,1.582469e+00
0.443038,0.936709,1.872813e+00
0.455696,0.936709,2.233718e+00
0.468354,0.936709,2.697595e+00
0.481013,0.936709,3.265152e+00
0.493671,0.936709,3.926715e+00
0.506329,0.936709,4.628375e+00
0.518987,0.936709,5.282740e+00
0.531646,0.936709,5.851303e+00
0.544304,0.936709,6.318606e+00
0.556962,0.936709,6.681828e+00
0.569620,0.936709,6.962950e+00
0.582278,0.936709,7.197780e+00
0.594937,0.936709,7.386823e+00
0.607595,0.936709,7.531033e+00
0.620253,0.936709,7.651475e+00
0.632911,0.936709,7.756785e+00
0.645570,0.936709,7.846963e+00
0.658228,0.936709,7.922008e+00
0.670886,0.936709,7.984921e+00
0.683544,0.936709,8.041814e+00
0.696203,0.936709,8.092865e+00
0.708861,0.936709,8.138073e+00
0.721519,0.936709,8.177440e+00
0.734177,0.936709,8.212086e+00
0.746835,0.936709,8.244088e+00
0.759494,0.936709,8.273494e+00
0.772152,0.936709,8.300302e+00
0.784810,0.936709,8.324513e+00
0.797468,0.936709,8.346328e+00
0.810127,0.936709,8.366682e+00
0.822785,0.936709,8.385694e+00
0.835443,0.936709,8.403364e+00
0.848101,0.936709,8.419692e+00
0.860759,0.936709,8.434683e+00
0.873418,0.936709,8.448696e+00
0.886076,0.936709,8.461944e+00
0.898734,0.936709,8.474427e+00
0.911392,0.936709,8.486144e+00
0.924051,0.936709,8.497097e+00
0.936709,0.936709,8.507339e+00
0.949367,0.936709,8.517083e+00
0.962025,0.936709,8.526352e+00
0.974684,0.936709,8.535144e+00
0.987342,0.936709,8.543461e+00
1.000000,0.936709,8.551302e+00
0.000000,0.949367,0.000000e+00
0.012658,0.949367,5.344850e-03
0.025316,0.949367,1.174899e-02
0.037975,0.949367,1.921241e-02
0.050633,0.949367,2.773512e-02
0.063291,0.949367,3.731711e-02
0.075949,0.949367,4.795839e-02
0.088608,0.949367,5.965896e-02
0.101266,0.949367,7.241881e-02
0.113924,0.949367,8.623795e-02
0.126582,0.949367,1.011164e-01
0.139241,0.949367,1.170541e-01
0.151899,0.949367,1.340511e-01
0.164557,0.949367,1.521074e-01
0.177215,0.949367,1.712229e-01
0.189873,0.949367,1.913978e-01
0.202532,0.949367,2.126319e-01
0.215190,0.949367,2.349254e-01
0.227848,0.949367,2.582781e-01
0.240506,0.949367,2.826901e-01
0.253165,0.949367,3.081614e-01
0.265823,0.949367,3.363004e-01
0.278481,0.949367,3.705731e-01
0.291139,0.949367,4.110974e-01
0.303797,0.949367,4.578731e-01
0.316456,0.949367,5.109003e-01
0.329114,0.949367,5.701790e-01
0.341772,0.949367,6.357091e-01
0.354430,0.949367,7.074907e-01
0.367089,0.949367,7.912727e-01
0.379747,0.949367,8.969436e-01
0.392405,0.949367,1.024674e+00
0.405063,0.949367,1.174465e+00
0.417722,0.949367,1.351966e+00
0.430380,0.949367,1.584282e+00
0.443038,0.949367,1.874958e+00
0.455696,0.949367,2.236276e+00
0.468354,0.949367,2.700685e+00
0.481013,0.949367,3.268891e+00
0.493671,0.949367,3.931212e+00
0.506329,0.949367,4.633676e+00
0.518987,0.949367,5.288790e+00
0.531646,0.949367,5.858005e+00
0.544304,0.949367,6.325842e+00
0.556962,0.949367,6.689481e+00
0.569620,0.949367,6.970925e+00
0.582278,0.949367,7.206024e+00
0.594937,0.949367,7.395283e+00
0.607595,0.949367,7.539658e+00
0.620253,0.949367,7.660238e+00
0.632911,0.949367,7.765669e+00
0.645570,0.949367,7.855949e+00
0.658228,0.949367,7.931080e+00
0.670886,0.949367,7.994066e+00
0.683544,0.949367,8.051024e+00
0.696203,0.949367,8.102133e+00
0.708861,0.949367,8.147393e+00
0.721519,0.949367,8.186805e+00
0.734177,0.949367,8.221490e+00
0.746835,0.949367,8.253530e+00
0.759494,0.949367,8.282969e+00
0.772152,0.949367,8.309807e+00
0.784810,0.949367,8.334046e+00
0.797468,0.949367,8.355886e+00
0.810127,0.949367,8.376264e+00
0.822785,0.949367,8.395298e+00
0.835443,0.949367,8.412988e+00
0.848101,0.949367,8.429334e+00
0.860759,0.949367,8.444343e+00
0.873418,0.949367,8.458372e+00
0.886076,0.949367,8.471635e+00
0.898734,0.949367,8.484132e+00
0.911392,0.949367,8.495863e+00
0.924051,0.949367,8.506828e+00
0.936709,0.949367,8.517082e+00
0.949367,0.949367,8.526837e+00
0.962025,0.949367,8.536116e+00
0.974684,0.949367,8.544919e+00
0.987342,0.949367,8.553245e+00
1.000000,0.949367,8.561095e+00
0.000000,0.962025,0.000000e+00
0.012658,0.962025,5.350743e-03
0.025316,0.962025,1.176192e-02
0.037975,0.962025,1.923352e-02
0.050633,0.962025,2.776555e-02
0.063291,0.962025,3.735801e-02
0.075949,0.962025,4.801091e-02
0.088608,0.962025,5.972423e-02
0.101266,0.962025,7.249798e-02
0.113924,0.962025,8.633216e-02
0.126582,0.962025,1.012268e-01
0.139241,0.962025,1.171818e-01
0.151899,0.962025,1.341973e-01
0.164557,0.962025,1.522732e-01
0.177215,0.962025,1.714095e-01
0.189873,0.962025,1.916063e-01
0.202532,0.962025,2.128635e-01
0.215190,0.962025,2.351811e-01
0.227848,0.962025,2.585592e-01
0.240506,0.962025,2.829976e-01
0.253165,0.962025,3.084965e-01
0.265823,0.962025,3.366661e-01
0.278481,0.962025,3.709761e-01
0.291139,0.962025,4.115444e-01
0.303797,0.962025,4.583710e-01
0.316456,0.962025,5.114560e-01
0.329114,0.962025,5.707992e-01
0.341772,0.962025,6.364008e-01
0.354430,0.962025,7.082606e-01
0.367089,0.962025,7.921340e-01
0.379747,0.962025,8.979199e-01
0.392405,0.962025,1.025790e+00
0.405063,0.962025,1.175743e+00
0.417722,0.962025,1.353438e+00
0.430380,0.962025,1.586006e+00
0.443038,0.962025,1.876999e+00
0.455696,0.962025,2.238710e+00
0.468354,0.962025,2.703623e+00
0.481013,0.962025,3.272449e+00
0.493671,0.962025,3.935490e+00
0.506329,0.962025,4.638718e+00
0.518987,0.962025,5.294545e+00
0.531646,0.962025,5.864379e+00
0.544304,0.962025,6.332726e+00
0.556962,0.962025,6.696760e+00
0.569620,0.962025,6.978510e+00
0.582278,0.962025,7.213864e+00
0.594937,0.962025,7.403330e+00
0.607595,0.962025,7.547862e+00
0.620253,0.962025,7.668573e+00
0.632911,0.962025,7.774118e+00
0.645570,0.962025,7.864497e+00
0.658228,0.962025,7.939710e+00
0.670886,0.962025,8.002764e+00
0.683544,0.962025,8.059784e+00
0.696203,0.962025,8.110949e+00
0.708861,0.962025,8.156258e+00
0.721519,0.962025,8.195713e+00
0.734177,0.962025,8.230436e+00
0.746835,0.962025,8.262510e+00
0.759494,0.962025,8.291981e+00
0.772152,0.962025,8.318849e+00
0.784810,0.962025,8.343114e+00
0.797468,0.962025,8.364978e+00
0.810127,0.962025,8.385378e+00
0.822785,0.962025,8.404433e+00
0.835443,0.962025,8.422142e+00
0.848101,0.962025,8.438506e+00
0.860759,0.962025,8.453531e+00
0.873418,0.962025,8.467575e+00
0.886076,0.962025,8.480853e+00
0.898734,0.962025,8.493363e+00
0.911392,0.962025,8.505107e+00
0.924051,0.962025,8.516084e+00
0.936709,0.962025,8.526349e+00
0.949367,0.962025,8.536115e+00
0.962025,0.962025,8.545404e+00
0.974684,0.962025,8.554217e+00
0.987342,0.962025,8.562552e+00
1.000000,0.962025,8.570410e+00
0.000000,0.974684,0.000000e+00
0.012658,0.974684,5.356343e-03
0.025316,0.974684,1.177420e-02
0.037975,0.974684,1.925356e-02
0.050633,0.974684,2.779444e-02
0.063291,0.974684,3.739683e-02
0.075949,0.974684,4.806074e-02
0.088608,0.974684,5.978615e-02
0.101266,0.974684,7.257308e-02
0.113924,0.974684,8.642152e-02
0.126582,0.974684,1.013315e-01
0.139241,0.974684,1.173029e-01
0.151899,0.974684,1.343359e-01
0.164557,0.974684,1.524304e-01
0.177215,0.974684,1.715864e-01
0.189873,0.974684,1.918039e-01
0.202532,0.974684,2.130829e-01
0.215190,0.974684,2.354235e-01
0.227848,0.974684,2.588255e-01
0.240506,0.974684,2.832891e-01
0.253165,0.974684,3.088141e-01
0.265823,0.974684,3.370126e-01
0.278481,0.974684,3.713579e-01
0.291139,0.974684,4.119680e-01
0.303797,0.974684,4.588430e-01
0.316456,0.974684,5.119827e-01
0.329114,0.974684,5.713873e-01
0.341772,0.974684,6.370567e-01
0.354430,0.974684,7.089909e-01
0.367089,0.974684,7.929510e-01
0.379747,0.974684,8.988461e-01
0.392405,0.974684,1.026848e+00
0.405063,0.974684,1.176956e+00
0.417722,0.974684,1.354833e+00
0.430380,0.974684,1.587642e+00
0.443038,0.974684,1.878934e+00
0.455696,0.974684,2.241019e+00
0.468354,0.974684,2.706412e+00
0.481013,0.974684,3.275823e+00
0.493671,0.974684,3.939548e+00
0.506329,0.974684,4.643501e+00
0.518987,0.974684,5.300005e+00
0.531646,0.974684,5.870427e+00
0.544304,0.974684,6.339256e+00
0.556962,0.974684,6.703666e+00
0.569620,0.974684,6.985706e+00
0.582278,0.974684,7.221303e+00
0.594937,0.974684,7.410964e+00
0.607595,0.974684,7.555645e+00
0.620253,0.974684,7.676481e+00
0.632911,0.974684,7.782135e+00
0.645570,0.974684,7.872607e+00
0.658228,0.974684,7.947897e+00
0.670886,0.974684,8.011016e+00
0.683544,0.974684,8.068095e+00
0.696203,0.974684,8.119312e+00
0.708861,0.974684,8.164669e+00
0.721519,0.974684,8.204164e+00
0.734177,0.974684,8.238923e+00
0.746835,0.974684,8.271030e+00
0.759494,0.974684,8.300532e+00
0.772152,0.974684,8.327427e+00
0.784810,0.974684,8.351718e+00
0.797468,0.974684,8.373604e+00
0.810127,0.974684,8.394025e+00
0.822785,0.974684,8.413099e+00
0.835443,0.974684,8.430827e+00
0.848101,0.974684,8.447208e+00
0.860759,0.974684,8.462248e+00
0.873418,0.974684,8.476307e+00
0.886076,0.974684,8.489598e+00
0.898734,0.974684,8.502121e+00
0.911392,0.974684,8.513877e+00
0.924051,0.974684,8.524866e+00
0.936709,0.974684,8.535141e+00
0.949367,0.974684,8.544917e+00
0.962025,0.974684,8.554216e+00
0.974684,0.974684,8.563038e+00
0.987342,0.974684,8.571381e+00
1.000000,0.974684,8.579248e+00
0.000000,0.987342,0.000000e+00
0.012658,0.987342,5.361650e-03
0.025316,0.987342,1.178583e-02
0.037975,0.987342,1.927255e-02
0.050633,0.987342,2.782179e-02
0.063291,0.987342,3.743357e-02
0.075949,0.987342,4.810788e-02
0.088608,0.987342,5.984473e-02
0.101266,0.987342,7.264410e-02
0.113924,0.987342,8.650601e-02
0.126582,0.987342,1.014305e-01
0.139241,0.987342,1.174174e-01
0.151899,0.987342,1.344669e-01
0.164557,0.987342,1.525790e-01
0.177215,0.987342,1.717535e-01
0.189873,0.987342,1.919906e-01
0.202532,0.987342,2.132903e-01
0.215190,0.987342,2.356524e-01
0.227848,0.987342,2.590771e-01
0.240506,0.987342,2.835644e-01
0.253165,0.987342,3.091141e-01
0.265823,0.987342,3.373399e-01
0.278481,0.987342,3.717186e-01
0.291139,0.987342,4.123682e-01
0.303797,0.987342,4.592889e-01
0.316456,0.987342,5.124806e-01
0.329114,0.987342,5.719432e-01
0.341772,0.987342,6.376768e-01
0.354430,0.987342,7.096814e-01
0.367089,0.987342,7.937237e-01
0.379747,0.987342,8.997222e-01
0.392405,0.987342,1.027849e+00
0.405063,0.987342,1.178103e+00
0.417722,0.987342,1.356154e+00
0.430380,0.987342,1.589189e+00
0.443038,0.987342,1.880765e+00
0.455696,0.987342,2.243202e+00
0.468354,0.987342,2.709049e+00
0.481013,0.987342,3.279015e+00
0.493671,0.987342,3.943387e+00
0.506329,0.987342,4.648026e+00
0.518987,0.987342,5.305170e+00
0.531646,0.987342,5.876147e+00
0.544304,0.987342,6.345434e+00
0.556962,0.987342,6.710198e+00
0.569620,0.987342,6.992513e+00
0.582278,0.987342,7.228340e+00
0.594937,0.987342,7.418185e+00
0.607595,0.987342,7.563007e+00
0.620253,0.987342,7.683961e+00
0.632911,0.987342,7.789718e+00
0.645570,0.987342,7.880278e+00
0.658228,0.987342,7.955641e+00
0.670886,0.987342,8.018822e+00
0.683544,0.987342,8.075957e+00
0.696203,0.987342,8.127224e+00
0.708861,0.987342,8.172625e+00
0.721519,0.987342,8.212158e+00
0.734177,0.987342,8.246951e+00
0.746835,0.987342,8.279090e+00
0.759494,0.987342,8.308620e+00
0.772152,0.987342,8.335542e+00
0.784810,0.987342,8.359856e+00
0.797468,0.987342,8.381763e+00
0.810127,0.987342,8.402204e+00
0.822785,0.987342,8.421297e+00
0.835443,0.987342,8.439042e+00
0.848101,0.987342,8.455439e+00
0.860759,0.987342,8.470494e+00
0.873418,0.987342,8.484566e+00
0.886076,0.987342,8.497870e+00
0.898734,0.987342,8.510406e+00
0.911392,0.987342,8.522173e+00
0.924051,0.987342,8.533172e+00
0.936709,0.987342,8.543458e+00
0.949367,0.987342,8.553244e+00
0.962025,0.987342,8.562552e+00
0.974684,0.987342,8.571381e+00
0.987342,0.987342,8.579733e+00
1.000000,0.987342,8.587607e+00
0.000000,1.000000,0.000000e+00
0.012658,1.000000,5.366664e-03
0.025316,1.000000,1.179682e-02
0.037975,1.000000,1.929046e-02
0.050633,1.000000,2.784760e-02
0.063291,1.000000,3.746823e-02
0.075949,1.000000,4.815235e-02
0.088608,1.000000,5.989996e-02
0.101266,1.000000,7.271106e-02
0.113924,1.000000,8.658565e-02
0.126582,1.000000,1.015237e-01
0.139241,1.000000,1.175253e-01
0.151899,1.000000,1.345904e-01
0.164557,1.000000,1.527189e-01
0.177215,1.000000,1.719110e-01
0.189873,1.000000,1.921665e-01
0.202532,1.000000,2.134855e-01
0.215190,1.000000,2.358681e-01
0.227848,1.000000,2.593141e-01
0.240506,1.000000,2.838236e-01
0.253165,1.000000,3.093966e-01
0.265823,1.000000,3.376480e-01
0.278481,1.000000,3.720581e-01
0.291139,1.000000,4.127451e-01
0.303797,1.000000,4.597089e-01
0.316456,1.000000,5.129495e-01
0.329114,1.000000,5.724669e-01
0.341772,1.000000,6.382612e-01
0.354430,1.000000,7.103323e-01
0.367089,1.000000,7.944521e-01
0.379747,1.000000,9.005482e-01
0.392405,1.000000,1.028792e+00
0.405063,1.000000,1.179185e+00
0.417722,1.000000,1.357399e+00
0.430380,1.000000,1.590647e+00
0.443038,1.000000,1.882492e+00
0.455696,1.000000,2.245261e+00
0.468354,1.000000,2.711535e+00
0.481013,1.000000,3.282025e+00
0.493671,1.000000,3.947006e+00
0.506329,1.000000,4.652293e+00
0.518987,1.000000,5.310039e+00
0.531646,1.000000,5.881541e+00
0.544304,1.000000,6.351258e+00
0.556962,1.000000,6.716357e+00
0.569620,1.000000,6.998931e+00
0.582278,1.000000,7.234974e+00
0.594937,1.000000,7.424993e+00
0.607595,1.000000,7.569948e+00
0.620253,1.000000,7.691013e+00
0.632911,1.000000,7.796867e+00
0.645570,1.000000,7.887510e+00
0.658228,1.000000,7.962943e+00
0.670886,1.000000,8.026182e+00
0.683544,1.000000,8.083369e+00
0.696203,1.000000,8.134683e+00
0.708861,1.000000,8.180126e+00
0.721519,1.000000,8.219696e+00
0.734177,1.000000,8.254521e+00
0.746835,1.000000,8.286688e+00
0.759494,1.000000,8.316246e+00
0.772152,1.000000,8.343192e+00
0.784810,1.000000,8.367528e+00
0.797468,1.000000,8.389456e+00
0.810127,1.000000,8.409916e+00
0.822785,1.000000,8.429026e+00
0.835443,1.000000,8.446788e+00
0.848101,1.000000,8.463200e+00
0.860759,1.000000,8.478268e+00
0.873418,1.000000,8.492353e+00
0.886076,1.000000,8.505670e+00
0.898734,1.000000,8.518217e+00
0.911392,1.000000,8.529995e+00
0.924051,1.000000,8.541004e+00
0.936709,1.000000,8.551299e+00
0.949367,1.000000,8.561094e+00
0.962025,1.000000,8.570411e+00
0.974684,1.000000,8.579248e+00
0.987342,1.000000,8.587608e+00
1.000000,1.000000,8.595489e+00
