x,y,z
0.000000,0.000000,0.000000e+00
0.012658,0.000000,0.000000e+00
0.025316,0.000000,0.000000e+00
0.037975,0.000000,0.000000e+00
0.050633,0.000000,0.000000e+00
0.063291,0.000000,0.000000e+00
0.075949,0.000000,0.000000e+00
0.088608,0.000000,0.000000e+00
0.101266,0.000000,0.000000e+00
0.113924,0.000000,0.000000e+00
0.126582,0.000000,0.000000e+00
0.139241,0.000000,0.000000e+00
0.151899,0.000000,0.000000e+00
0.164557,0.000000,0.000000e+00
0.177215,0.000000,0.000000e+00
0.189873,0.000000,0.000000e+00
0.202532,0.000000,0.000000e+00
0.215190,0.000000,0.000000e+00
0.227848,0.000000,0.000000e+00
0.240506,0.000000,0.000000e+00
0.253165,0.000000,0.000000e+00
0.265823,0.000000,0.000000e+00
0.278481,0.000000,0.000000e+00
0.291139,0.000000,0.000000e+00
0.303797,0.000000,0.000000e+00
0.316456,0.000000,0.000000e+00
0.329114,0.000000,0.000000e+00
0.341772,0.000000,0.000000e+00
0.354430,0.000000,0.000000e+00
0.367089,0.000000,0.000000e+00
0.379747,0.000000,0.000000e+00
0.392405,0.000000,0.000000e+00
0.405063,0.000000,0.000000e+00
0.417722,0.000000,0.000000e+00
0.430380,0.000000,0.000000e+00
0.443038,0.000000,0.000000e+00
0.455696,0.000000,0.000000e+00
0.468354,0.000000,0.000000e+00
0.481013,0.000000,0.000000e+00
0.493671,0.000000,0.000000e+00
0.506329,0.000000,0.000000e+00
0.518987,0.000000,0.000000e+00
0.531646,0.000000,0.000000e+00
0.544304,0.000000,0.000000e+00
0.556962,0.000000,0.000000e+00
0.569620,0.000000,0.000000e+00
0.582278,0.000000,0.000000e+00
0.594937,0.000000,0.000000e+00
0.607595,0.000000,0.000000e+00
0.620253,0.000000,0.000000e+00
0.632911,0.000000,0.000000e+00
0.645570,0.000000,0.000000e+00
0.658228,0.000000,0.000000e+00
0.670886,0.000000,0.000000e+00
0.683544,0.000000,0.000000e+00
0.696203,0.000000,0.000000e+00
0.708861,0.000000,0.000000e+00
0.721519,0.000000,0.000000e+00
0.734177,0.000000,0.000000e+00
0.746835,0.000000,0.000000e+00
0.759494,0.000000,0.000000e+00
0.772152,0.000000,0.000000e+00
0.784810,0.000000,0.000000e+00
0.797468,0.000000,0.000000e+00
0.810127,0.000000,0.000000e+00
0.822785,0.000000,0.000000e+00
0.835443,0.000000,0.000000e+00
0.848101,0.000000,0.000000e+00
0.860759,0.000000,0.000000e+00
0.873418,0.000000,0.000000e+00
0.886076,0.000000,0.000000e+00
0.898734,0.000000,0.000000e+00
0.911392,0.000000,0.000000e+00
0.924051,0.000000,0.000000e+00
0.936709,0.000000,0.000000e+00
0.949367,0.000000,0.000000e+00
0.962025,0.000000,0.000000e+00
0.974684,0.000000,0.000000e+00
0.987342,0.000000,0.000000e+00
1.000000,0.000000,0.000000e+00
0.000000,0.012658,0.000000e+00
0.012658,0.012658,2.134531e-05
0.025316,0.012658,4.467564e-05
0.037975,0.012658,6.999098e-05
0.050633,0.012658,9.729134e-05
0.063291,0.012658,1.265767e-04
0.075949,0.012658,1.578471e-04
0.088608,0.012658,1.911025e-04
0.101266,0.012658,2.263429e-04
0.113924,0.012658,2.635683e-04
0.126582,0.012658,3.027788e-04
0.139241,0.012658,3.439742e-04
0.151899,0.012658,3.871547e-04
0.164557,0.012658,4.323202e-04
0.177215,0.012658,4.795029e-04
0.189873,0.012658,5.310256e-04
0.202532,0.012658,5.883195e-04
0.215190,0.012658,6.513845e-04
0.227848,0.012658,7.202207e-04
0.240506,0.012658,7.948280e-04
0.253165,0.012658,8.752064e-04
0.265823,0.012658,9.613560e-04
0.278481,0.012658,1.053351e-03
0.291139,0.012658,1.156072e-03
0.303797,0.012658,1.272456e-03
0.316456,0.012658,1.402503e-03
0.329114,0.012658,1.546212e-03
0.341772,0.012658,1.703584e-03
0.354430,0.012658,1.877258e-03
0.367089,0.012658,2.078108e-03
0.379747,0.012658,2.307310e-03
0.392405,0.012658,2.564866e-03
0.405063,0.012658,2.851559e-03
0.417722,0.012658,3.179965e-03
0.430380,0.012658,3.554468e-03
0.443038,0.012658,3.975066e-03
0.455696,0.012658,4.441286e-03
0.468354,0.012658,4.952283e-03
0.481013,0.012658,5.505805e-03
0.493671,0.012658,6.081618e-03
0.506329,0.012658,6.670649e-03
0.518987,0.012658,7.244959e-03
0.531646,0.012658,7.798440e-03
0.544304,0.012658,8.311576e-03
0.556962,0.012658,8.776845e-03
0.569620,0.012658,9.194613e-03
0.582278,0.012658,9.569040e-03
0.594937,0.012658,9.901295e-03
0.607595,0.012658,1.019138e-02
0.620253,0.012658,1.044296e-02
0.632911,0.012658,1.066961e-02
0.645570,0.012658,1.087260e-02
0.658228,0.012658,1.105192e-02
0.670886,0.012658,1.120787e-02
0.683544,0.012658,1.134838e-02
0.696203,0.012658,1.147701e-02
0.708861,0.012658,1.159379e-02
0.721519,0.012658,1.169871e-02
0.734177,0.012658,1.179214e-02
0.746835,0.012658,1.187822e-02
0.759494,0.012658,1.195810e-02
0.772152,0.012658,1.203176e-02
0.784810,0.012658,1.209922e-02
0.797468,0.012658,1.216056e-02
0.810127,0.012658,1.221763e-02
0.822785,0.012658,1.227122e-02
0.835443,0.012658,1.232131e-02
0.848101,0.012658,1.236791e-02
0.860759,0.012658,1.241102e-02
0.873418,0.012658,1.245128e-02
0.886076,0.012658,1.248944e-02
0.898734,0.012658,1.252550e-02
0.911392,0.012658,1.255945e-02
0.924051,0.012658,1.259129e-02
0.936709,0.012658,1.262115e-02
0.949367,0.012658,1.264958e-02
0.962025,0.012658,1.267666e-02
0.974684,0.012658,1.270240e-02
0.987342,0.012658,1.272679e-02
1.000000,0.012658,1.274984e-02
0.000000,0.025316,0.000000e+00
0.012658,0.025316,4.456613e-05
0.025316,0.025316,9.327787e-05
0.037975,0.025316,1.461352e-04
0.050633,0.025316,2.031381e-04
0.063291,0.025316,2.642867e-04
0.075949,0.025316,3.295808e-04
0.088608,0.025316,3.990206e-04
0.101266,0.025316,4.726060e-04
0.113924,0.025316,5.503369e-04
0.126582,0.025316,6.322135e-04
0.139241,0.025316,7.182357e-04
0.151899,0.025316,8.084034e-04
0.164557,0.025316,9.027168e-04
0.177215,0.025316,1.001243e-03
0.189873,0.025316,1.108834e-03
0.202532,0.025316,1.228478e-03
0.215190,0.025316,1.360175e-03
0.227848,0.025316,1.503925e-03
0.240506,0.025316,1.659729e-03
0.253165,0.025316,1.827587e-03
0.265823,0.025316,2.007497e-03
0.278481,0.025316,2.199616e-03
0.291139,0.025316,2.414137e-03
0.303797,0.025316,2.657193e-03
0.316456,0.025316,2.928783e-03
0.329114,0.025316,3.228909e-03
0.341772,0.025316,3.557569e-03
0.354430,0.025316,3.920276e-03
0.367089,0.025316,4.339739e-03
0.379747,0.025316,4.818419e-03
0.392405,0.025316,5.356316e-03
0.405063,0.025316,5.955065e-03
0.417722,0.025316,6.640933e-03
0.430380,0.025316,7.423070e-03
0.443038,0.025316,8.301477e-03
0.455696,0.025316,9.275163e-03
0.468354,0.025316,1.034236e-02
0.481013,0.025316,1.149837e-02
0.493671,0.025316,1.270093e-02
0.506329,0.025316,1.393109e-02
0.518987,0.025316,1.513051e-02
0.531646,0.025316,1.628643e-02
0.544304,0.025316,1.735810e-02
0.556962,0.025316,1.832980e-02
0.569620,0.025316,1.920229e-02
0.582278,0.025316,1.998427e-02
0.594937,0.025316,2.067818e-02
0.607595,0.025316,2.128401e-02
0.620253,0.025316,2.180943e-02
0.632911,0.025316,2.228277e-02
0.645570,0.025316,2.270670e-02
0.658228,0.025316,2.308121e-02
0.670886,0.025316,2.340691e-02
0.683544,0.025316,2.370034e-02
0.696203,0.025316,2.396899e-02
0.708861,0.025316,2.421286e-02
0.721519,0.025316,2.443197e-02
0.734177,0.025316,2.462709e-02
0.746835,0.025316,2.480686e-02
0.759494,0.025316,2.497367e-02
0.772152,0.025316,2.512752e-02
0.784810,0.025316,2.526839e-02
0.797468,0.025316,2.539648e-02
0.810127,0.025316,2.551568e-02
0.822785,0.025316,2.562758e-02
0.835443,0.025316,2.573219e-02
0.848101,0.025316,2.582951e-02
0.860759,0.025316,2.591953e-02
0.873418,0.025316,2.600362e-02
0.886076,0.025316,2.608332e-02
0.898734,0.025316,2.615861e-02
0.911392,0.025316,2.622951e-02
0.924051,0.025316,2.629601e-02
0.936709,0.025316,2.635836e-02
0.949367,0.025316,2.641774e-02
0.962025,0.025316,2.647430e-02
0.974684,0.025316,2.652805e-02
0.987342,0.025316,2.657899e-02
1.000000,0.025316,2.662711e-02
0.000000,0.037975,0.000000e+00
0.012658,0.037975,6.966245e-05
0.025316,0.037975,1.458067e-04
0.037975,0.037975,2.284327e-04
0.050633,0.037975,3.175404e-04
0.063291,0.037975,4.131300e-04
0.075949,0.037975,5.152013e-04
0.088608,0.037975,6.237543e-04
0.101266,0.037975,7.387892e-04
0.113924,0.037975,8.603058e-04
0.126582,0.037975,9.883042e-04
0.139241,0.037975,1.122784e-03
0.151899,0.037975,1.263746e-03
0.164557,0.037975,1.411190e-03
0.177215,0.037975,1.565221e-03
0.189873,0.037975,1.733424e-03
0.202532,0.037975,1.920474e-03
0.215190,0.037975,2.126371e-03
0.227848,0.037975,2.351114e-03
0.240506,0.037975,2.594704e-03
0.253165,0.037975,2.857140e-03
0.265823,0.037975,3.138423e-03
0.278481,0.037975,3.438796e-03
0.291139,0.037975,3.774195e-03
0.303797,0.037975,4.154210e-03
0.316456,0.037975,4.578842e-03
0.329114,0.037975,5.048090e-03
0.341772,0.037975,5.561954e-03
0.354430,0.037975,6.129053e-03
0.367089,0.037975,6.784895e-03
0.379747,0.037975,7.533326e-03
0.392405,0.037975,8.374348e-03
0.405063,0.037975,9.310518e-03
0.417722,0.037975,1.038290e-02
0.430380,0.037975,1.160581e-02
0.443038,0.037975,1.297923e-02
0.455696,0.037975,1.450163e-02
0.468354,0.037975,1.617023e-02
0.481013,0.037975,1.797769e-02
0.493671,0.037975,1.985793e-02
0.506329,0.037975,2.178132e-02
0.518987,0.037975,2.365666e-02
0.531646,0.037975,2.546398e-02
0.544304,0.037975,2.713957e-02
0.556962,0.037975,2.865886e-02
0.569620,0.037975,3.002304e-02
0.582278,0.037975,3.124570e-02
0.594937,0.037975,3.233065e-02
0.607595,0.037975,3.327789e-02
0.620253,0.037975,3.409940e-02
0.632911,0.037975,3.483949e-02
0.645570,0.037975,3.550232e-02
0.658228,0.037975,3.608788e-02
0.670886,0.037975,3.659711e-02
0.683544,0.037975,3.705588e-02
0.696203,0.037975,3.747592e-02
0.708861,0.037975,3.785722e-02
0.721519,0.037975,3.819978e-02
0.734177,0.037975,3.850485e-02
0.746835,0.037975,3.878593e-02
0.759494,0.037975,3.904673e-02
0.772152,0.037975,3.928726e-02
0.784810,0.037975,3.950752e-02
0.797468,0.037975,3.970777e-02
0.810127,0.037975,3.989413e-02
0.822785,0.037975,4.006909e-02
0.835443,0.037975,4.023264e-02
0.848101,0.037975,4.038480e-02
0.860759,0.037975,4.052555e-02
0.873418,0.037975,4.065702e-02
0.886076,0.037975,4.078161e-02
0.898734,0.037975,4.089934e-02
0.911392,0.037975,4.101019e-02
0.924051,0.037975,4.111416e-02
0.936709,0.037975,4.121165e-02
0.949367,0.037975,4.130448e-02
0.962025,0.037975,4.139292e-02
0.974684,0.037975,4.147695e-02
0.987342,0.037975,4.155659e-02
1.000000,0.037975,4.163182e-02
0.000000,0.050633,0.000000e+00
0.012658,0.050633,9.663428e-05
0.025316,0.050633,2.022621e-04
0.037975,0.050633,3.168834e-04
0.050633,0.050633,4.404982e-04
0.063291,0.050633,5.731065e-04
0.075949,0.050633,7.147084e-04
0.088608,0.050633,8.653037e-04
0.101266,0.050633,1.024893e-03
0.113924,0.050633,1.193475e-03
0.126582,0.050633,1.371051e-03
0.139241,0.050633,1.557620e-03
0.151899,0.050633,1.753183e-03
0.164557,0.050633,1.957740e-03
0.177215,0.050633,2.171436e-03
0.189873,0.050633,2.404797e-03
0.202532,0.050633,2.664309e-03
0.215190,0.050633,2.949973e-03
0.227848,0.050633,3.261787e-03
0.240506,0.050633,3.599752e-03
0.253165,0.050633,3.963868e-03
0.265823,0.050633,4.354135e-03
0.278481,0.050633,4.770890e-03
0.291139,0.050633,5.236245e-03
0.303797,0.050633,5.763508e-03
0.316456,0.050633,6.352678e-03
0.329114,0.050633,7.003755e-03
0.341772,0.050633,7.716739e-03
0.354430,0.050633,8.503590e-03
0.367089,0.050633,9.413574e-03
0.379747,0.050633,1.045203e-02
0.392405,0.050633,1.161896e-02
0.405063,0.050633,1.291792e-02
0.417722,0.050633,1.440587e-02
0.430380,0.050633,1.610268e-02
0.443038,0.050633,1.800833e-02
0.455696,0.050633,2.012069e-02
0.468354,0.050633,2.243590e-02
0.481013,0.050633,2.494377e-02
0.493671,0.050633,2.755262e-02
0.506329,0.050633,3.022135e-02
0.518987,0.050633,3.282339e-02
0.531646,0.050633,3.533108e-02
0.544304,0.050633,3.765599e-02
0.556962,0.050633,3.976403e-02
0.569620,0.050633,4.165686e-02
0.582278,0.050633,4.335332e-02
0.594937,0.050633,4.485871e-02
0.607595,0.050633,4.617302e-02
0.620253,0.050633,4.731288e-02
0.632911,0.050633,4.833976e-02
0.645570,0.050633,4.925944e-02
0.658228,0.050633,5.007191e-02
0.670886,0.050633,5.077846e-02
0.683544,0.050633,5.141501e-02
0.696203,0.050633,5.199780e-02
0.708861,0.050633,5.252685e-02
0.721519,0.050633,5.300215e-02
0.734177,0.050633,5.342542e-02
0.746835,0.050633,5.381541e-02
0.759494,0.050633,5.417726e-02
0.772152,0.050633,5.451099e-02
0.784810,0.050633,5.481658e-02
0.797468,0.050633,5.509443e-02
0.810127,0.050633,5.535300e-02
0.822785,0.050633,5.559574e-02
0.835443,0.050633,5.582267e-02
0.848101,0.050633,5.603377e-02
0.860759,0.050633,5.622906e-02
0.873418,0.050633,5.641147e-02
0.886076,0.050633,5.658434e-02
0.898734,0.050633,5.674768e-02
0.911392,0.050633,5.690148e-02
0.924051,0.050633,5.704574e-02
0.936709,0.050633,5.718100e-02
0.949367,0.050633,5.730981e-02
0.962025,0.050633,5.743251e-02
0.974684,0.050633,5.754910e-02
0.987342,0.050633,5.765959e-02
1.000000,0.050633,5.776397e-02
0.000000,0.063291,0.000000e+00
0.012658,0.063291,1.254816e-04
0.025316,0.063291,2.626441e-04
0.037975,0.063291,4.114873e-04
0.050633,0.063291,5.720114e-04
0.063291,0.063291,7.442164e-04
0.075949,0.063291,9.281021e-04
0.088608,0.063291,1.123669e-03
0.101266,0.063291,1.330916e-03
0.113924,0.063291,1.549844e-03
0.126582,0.063291,1.780453e-03
0.139241,0.063291,2.022743e-03
0.151899,0.063291,2.276714e-03
0.164557,0.063291,2.542366e-03
0.177215,0.063291,2.819888e-03
0.189873,0.063291,3.122952e-03
0.202532,0.063291,3.459983e-03
0.215190,0.063291,3.830980e-03
0.227848,0.063291,4.235944e-03
0.240506,0.063291,4.674873e-03
0.253165,0.063291,5.147769e-03
0.265823,0.063291,5.654631e-03
0.278481,0.063291,6.195897e-03
0.291139,0.063291,6.800288e-03
0.303797,0.063291,7.485087e-03
0.316456,0.063291,8.250292e-03
0.329114,0.063291,9.095905e-03
0.341772,0.063291,1.002193e-02
0.354430,0.063291,1.104389e-02
0.367089,0.063291,1.222578e-02
0.379747,0.063291,1.357454e-02
0.392405,0.063291,1.509016e-02
0.405063,0.063291,1.677727e-02
0.417722,0.063291,1.870984e-02
0.430380,0.063291,2.091368e-02
0.443038,0.063291,2.338878e-02
0.455696,0.063291,2.613233e-02
0.468354,0.063291,2.913936e-02
0.481013,0.063291,3.239660e-02
0.493671,0.063291,3.578500e-02
0.506329,0.063291,3.925117e-02
0.518987,0.063291,4.263072e-02
0.531646,0.063291,4.588774e-02
0.544304,0.063291,4.890735e-02
0.556962,0.063291,5.164530e-02
0.569620,0.063291,5.410375e-02
0.582278,0.063291,5.630714e-02
0.594937,0.063291,5.826236e-02
0.607595,0.063291,5.996941e-02
0.620253,0.063291,6.144987e-02
0.632911,0.063291,6.278360e-02
0.645570,0.063291,6.397808e-02
0.658228,0.063291,6.503331e-02
0.670886,0.063291,6.595098e-02
0.683544,0.063291,6.677772e-02
0.696203,0.063291,6.753465e-02
0.708861,0.063291,6.822177e-02
0.721519,0.063291,6.883908e-02
0.734177,0.063291,6.938881e-02
0.746835,0.063291,6.989531e-02
0.759494,0.063291,7.036528e-02
0.772152,0.063291,7.079871e-02
0.784810,0.063291,7.119560e-02
0.797468,0.063291,7.155646e-02
0.810127,0.063291,7.189227e-02
0.822785,0.063291,7.220754e-02
0.835443,0.063291,7.250226e-02
0.848101,0.063291,7.277643e-02
0.860759,0.063291,7.303006e-02
0.873418,0.063291,7.326697e-02
0.886076,0.063291,7.349149e-02
0.898734,0.063291,7.370363e-02
0.911392,0.063291,7.390338e-02
0.924051,0.063291,7.409075e-02
0.936709,0.063291,7.426642e-02
0.949367,0.063291,7.443371e-02
0.962025,0.063291,7.459307e-02
0.974684,0.063291,7.474450e-02
0.987342,0.063291,7.488799e-02
1.000000,0.063291,7.502355e-02
0.000000,0.075949,0.000000e+00
0.012658,0.075949,1.562045e-04
0.025316,0.075949,3.269526e-04
0.037975,0.075949,5.122445e-04
0.050633,0.075949,7.120801e-04
0.063291,0.075949,9.264595e-04
0.075949,0.075949,1.155383e-03
0.088608,0.075949,1.398849e-03
0.101266,0.075949,1.656860e-03
0.113924,0.075949,1.929414e-03
0.126582,0.075949,2.216512e-03
0.139241,0.075949,2.518154e-03
0.151899,0.075949,2.834339e-03
0.164557,0.075949,3.165068e-03
0.177215,0.075949,3.510577e-03
0.189873,0.075949,3.887890e-03
0.202532,0.075949,4.307496e-03
0.215190,0.075949,4.769394e-03
0.227848,0.075949,5.273585e-03
0.240506,0.075949,5.820068e-03
0.253165,0.075949,6.408844e-03
0.265823,0.075949,7.039913e-03
0.278481,0.075949,7.713819e-03
0.291139,0.075949,8.466324e-03
0.303797,0.075949,9.318946e-03
0.316456,0.075949,1.027168e-02
0.329114,0.075949,1.132454e-02
0.341772,0.075949,1.247751e-02
0.354430,0.075949,1.374994e-02
0.367089,0.075949,1.522151e-02
0.379747,0.075949,1.690084e-02
0.392405,0.075949,1.878795e-02
0.405063,0.075949,2.088856e-02
0.417722,0.075949,2.329482e-02
0.430380,0.075949,2.603882e-02
0.443038,0.075949,2.912057e-02
0.455696,0.075949,3.253657e-02
0.468354,0.075949,3.628062e-02
0.481013,0.075949,4.033620e-02
0.493671,0.075949,4.455508e-02
0.506329,0.075949,4.887078e-02
0.518987,0.075949,5.307865e-02
0.531646,0.075949,5.713394e-02
0.544304,0.075949,6.089366e-02
0.556962,0.075949,6.430269e-02
0.569620,0.075949,6.736370e-02
0.582278,0.075949,7.010715e-02
0.594937,0.075949,7.254160e-02
0.607595,0.075949,7.466704e-02
0.620253,0.075949,7.651036e-02
0.632911,0.075949,7.817098e-02
0.645570,0.075949,7.965822e-02
0.658228,0.075949,8.097209e-02
0.670886,0.075949,8.211466e-02
0.683544,0.075949,8.314402e-02
0.696203,0.075949,8.408645e-02
0.708861,0.075949,8.494197e-02
0.721519,0.075949,8.571056e-02
0.734177,0.075949,8.639501e-02
0.746835,0.075949,8.702563e-02
0.759494,0.075949,8.761077e-02
0.772152,0.075949,8.815042e-02
0.784810,0.075949,8.864457e-02
0.797468,0.075949,8.909386e-02
0.810127,0.075949,8.951196e-02
0.822785,0.075949,8.990448e-02
0.835443,0.075949,9.027142e-02
0.848101,0.075949,9.061279e-02
0.860759,0.075949,9.092857e-02
0.873418,0.075949,9.122353e-02
0.886076,0.075949,9.150307e-02
0.898734,0.075949,9.176720e-02
0.911392,0.075949,9.201590e-02
0.924051,0.075949,9.224919e-02
0.936709,0.075949,9.246791e-02
0.949367,0.075949,9.267620e-02
0.962025,0.075949,9.287461e-02
0.974684,0.075949,9.306314e-02
0.987342,0.075949,9.324180e-02
1.000000,0.075949,9.341057e-02
0.000000,0.088608,0.000000e+00
0.012658,0.088608,1.888028e-04
0.025316,0.088608,3.951878e-04
0.037975,0.088608,6.191550e-04
0.050633,0.088608,8.607043e-04
0.063291,0.088608,1.119836e-03
0.075949,0.088608,1.396550e-03
0.088608,0.088608,1.690846e-03
0.101266,0.088608,2.002724e-03
0.113924,0.088608,2.332184e-03
0.126582,0.088608,2.679227e-03
0.139241,0.088608,3.043851e-03
0.151899,0.088608,3.426058e-03
0.164557,0.088608,3.825847e-03
0.177215,0.088608,4.243504e-03
0.189873,0.088608,4.699610e-03
0.202532,0.088608,5.206847e-03
0.215190,0.088608,5.765213e-03
0.227848,0.088608,6.374709e-03
0.240506,0.088608,7.035336e-03
0.253165,0.088608,7.747093e-03
0.265823,0.088608,8.509980e-03
0.278481,0.088608,9.324656e-03
0.291139,0.088608,1.023435e-02
0.303797,0.088608,1.126509e-02
0.316456,0.088608,1.241685e-02
0.329114,0.088608,1.368966e-02
0.341772,0.088608,1.508350e-02
0.354430,0.088608,1.662176e-02
0.367089,0.088608,1.840076e-02
0.379747,0.088608,2.043094e-02
0.392405,0.088608,2.271231e-02
0.405063,0.088608,2.525180e-02
0.417722,0.088608,2.816079e-02
0.430380,0.088608,3.147810e-02
0.443038,0.088608,3.520370e-02
0.455696,0.088608,3.933340e-02
0.468354,0.088608,4.385967e-02
0.481013,0.088608,4.876255e-02
0.493671,0.088608,5.386284e-02
0.506329,0.088608,5.908018e-02
0.518987,0.088608,6.416716e-02
0.531646,0.088608,6.906971e-02
0.544304,0.088608,7.361492e-02
0.556962,0.088608,7.773618e-02
0.569620,0.088608,8.143673e-02
0.582278,0.088608,8.475335e-02
0.594937,0.088608,8.769642e-02
0.607595,0.088608,9.026593e-02
0.620253,0.088608,9.249436e-02
0.632911,0.088608,9.450192e-02
0.645570,0.088608,9.629988e-02
0.658228,0.088608,9.788823e-02
0.670886,0.088608,9.926950e-02
0.683544,0.088608,1.005139e-01
0.696203,0.088608,1.016532e-01
0.708861,0.088608,1.026874e-01
0.721519,0.088608,1.036166e-01
0.734177,0.088608,1.044440e-01
0.746835,0.088608,1.052064e-01
0.759494,0.088608,1.059137e-01
0.772152,0.088608,1.065661e-01
0.784810,0.088608,1.071635e-01
0.797468,0.088608,1.077066e-01
0.810127,0.088608,1.082121e-01
0.822785,0.088608,1.086866e-01
0.835443,0.088608,1.091302e-01
0.848101,0.088608,1.095428e-01
0.860759,0.088608,1.099246e-01
0.873418,0.088608,1.102811e-01
0.886076,0.088608,1.106191e-01
0.898734,0.088608,1.109384e-01
0.911392,0.088608,1.112390e-01
0.924051,0.088608,1.115211e-01
0.936709,0.088608,1.117855e-01
0.949367,0.088608,1.120373e-01
0.962025,0.088608,1.122771e-01
0.974684,0.088608,1.125050e-01
0.987342,0.088608,1.127210e-01
1.000000,0.088608,1.129250e-01
0.000000,0.101266,0.000000e+00
0.012658,0.101266,2.232766e-04
0.025316,0.101266,4.673495e-04
0.037975,0.101266,7.322186e-04
0.050633,0.101266,1.017884e-03
0.063291,0.101266,1.324346e-03
0.075949,0.101266,1.651603e-03
0.088608,0.101266,1.999657e-03
0.101266,0.101266,2.368508e-03
0.113924,0.101266,2.758154e-03
0.126582,0.101266,3.168597e-03
0.139241,0.101266,3.599836e-03
0.151899,0.101266,4.051871e-03
0.164557,0.101266,4.524703e-03
0.177215,0.101266,5.018668e-03
0.189873,0.101266,5.558113e-03
0.202532,0.101266,6.158036e-03
0.215190,0.101266,6.818438e-03
0.227848,0.101266,7.539318e-03
0.240506,0.101266,8.320677e-03
0.253165,0.101266,9.162515e-03
0.265823,0.101266,1.006483e-02
0.278481,0.101266,1.102841e-02
0.291139,0.101266,1.210437e-02
0.303797,0.101266,1.332351e-02
0.316456,0.101266,1.468580e-02
0.329114,0.101266,1.619126e-02
0.341772,0.101266,1.783989e-02
0.354430,0.101266,1.965933e-02
0.367089,0.101266,2.176353e-02
0.379747,0.101266,2.416484e-02
0.392405,0.101266,2.686326e-02
0.405063,0.101266,2.986699e-02
0.417722,0.101266,3.330777e-02
0.430380,0.101266,3.723150e-02
0.443038,0.101266,4.163819e-02
0.455696,0.101266,4.652282e-02
0.468354,0.101266,5.187651e-02
0.481013,0.101266,5.767566e-02
0.493671,0.101266,6.370830e-02
0.506329,0.101266,6.987937e-02
0.518987,0.101266,7.589627e-02
0.531646,0.101266,8.169502e-02
0.544304,0.101266,8.707113e-02
0.556962,0.101266,9.194578e-02
0.569620,0.101266,9.632282e-02
0.582278,0.101266,1.002458e-01
0.594937,0.101266,1.037268e-01
0.607595,0.101266,1.067661e-01
0.620253,0.101266,1.094019e-01
0.632911,0.101266,1.117764e-01
0.645570,0.101266,1.139030e-01
0.658228,0.101266,1.157817e-01
0.670886,0.101266,1.174155e-01
0.683544,0.101266,1.188874e-01
0.696203,0.101266,1.202349e-01
0.708861,0.101266,1.214582e-01
0.721519,0.101266,1.225572e-01
0.734177,0.101266,1.235358e-01
0.746835,0.101266,1.244375e-01
0.759494,0.101266,1.252742e-01
0.772152,0.101266,1.260458e-01
0.784810,0.101266,1.267524e-01
0.797468,0.101266,1.273948e-01
0.810127,0.101266,1.279926e-01
0.822785,0.101266,1.285538e-01
0.835443,0.101266,1.290785e-01
0.848101,0.101266,1.295666e-01
0.860759,0.101266,1.300181e-01
0.873418,0.101266,1.304398e-01
0.886076,0.101266,1.308395e-01
0.898734,0.101266,1.312172e-01
0.911392,0.101266,1.315728e-01
0.924051,0.101266,1.319064e-01
0.936709,0.101266,1.322191e-01
0.949367,0.101266,1.325169e-01
0.962025,0.101266,1.328006e-01
0.974684,0.101266,1.330702e-01
0.987342,0.101266,1.333256e-01
1.000000,0.101266,1.335669e-01
0.000000,0.113924,0.000000e+00
0.012658,0.113924,2.596260e-04
0.025316,0.113924,5.434379e-04
0.037975,0.113924,8.514356e-04
0.050633,0.113924,1.183619e-03
0.063291,0.113924,1.539989e-03
0.075949,0.113924,1.920544e-03
0.088608,0.113924,2.325285e-03
0.101266,0.113924,2.754212e-03
0.113924,0.113924,3.207325e-03
0.126582,0.113924,3.684624e-03
0.139241,0.113924,4.186108e-03
0.151899,0.113924,4.711778e-03
0.164557,0.113924,5.261635e-03
0.177215,0.113924,5.836070e-03
0.189873,0.113924,6.463398e-03
0.202532,0.113924,7.161064e-03
0.215190,0.113924,7.929068e-03
0.227848,0.113924,8.767411e-03
0.240506,0.113924,9.676092e-03
0.253165,0.113924,1.065511e-02
0.265823,0.113924,1.170447e-02
0.278481,0.113924,1.282507e-02
0.291139,0.113924,1.407639e-02
0.303797,0.113924,1.549421e-02
0.316456,0.113924,1.707853e-02
0.329114,0.113924,1.882935e-02
0.341772,0.113924,2.074667e-02
0.354430,0.113924,2.286266e-02
0.367089,0.113924,2.530983e-02
0.379747,0.113924,2.810254e-02
0.392405,0.113924,3.124079e-02
0.405063,0.113924,3.473413e-02
0.417722,0.113924,3.873575e-02
0.430380,0.113924,4.329905e-02
0.443038,0.113924,4.842401e-02
0.455696,0.113924,5.410483e-02
0.468354,0.113924,6.033115e-02
0.481013,0.113924,6.707553e-02
0.493671,0.113924,7.409145e-02
0.506329,0.113924,8.126836e-02
0.518987,0.113924,8.826598e-02
0.531646,0.113924,9.500989e-02
0.544304,0.113924,1.012623e-01
0.556962,0.113924,1.069315e-01
0.569620,0.113924,1.120220e-01
0.582278,0.113924,1.165843e-01
0.594937,0.113924,1.206328e-01
0.607595,0.113924,1.241675e-01
0.620253,0.113924,1.272329e-01
0.632911,0.113924,1.299945e-01
0.645570,0.113924,1.324677e-01
0.658228,0.113924,1.346526e-01
0.670886,0.113924,1.365527e-01
0.683544,0.113924,1.382644e-01
0.696203,0.113924,1.398316e-01
0.708861,0.113924,1.412543e-01
0.721519,0.113924,1.425323e-01
0.734177,0.113924,1.436705e-01
0.746835,0.113924,1.447191e-01
0.759494,0.113924,1.456921e-01
0.772152,0.113924,1.465895e-01
0.784810,0.113924,1.474112e-01
0.797468,0.113924,1.481583e-01
0.810127,0.113924,1.488535e-01
0.822785,0.113924,1.495062e-01
0.835443,0.113924,1.501163e-01
0.848101,0.113924,1.506840e-01
0.860759,0.113924,1.512091e-01
0.873418,0.113924,1.516995e-01
0.886076,0.113924,1.521644e-01
0.898734,0.113924,1.526036e-01
0.911392,0.113924,1.530171e-01
0.924051,0.113924,1.534051e-01
0.936709,0.113924,1.537688e-01
0.949367,0.113924,1.541152e-01
0.962025,0.113924,1.544451e-01
0.974684,0.113924,1.547586e-01
0.987342,0.113924,1.550556e-01
1.000000,0.113924,1.553362e-01
0.000000,0.126582,0.000000e+00
0.012658,0.126582,2.978509e-04
0.025316,0.126582,6.234528e-04
0.037975,0.126582,9.768057e-04
0.050633,0.126582,1.357910e-03
0.063291,0.126582,1.766765e-03
0.075949,0.126582,2.203371e-03
0.088608,0.126582,2.667728e-03
0.101266,0.126582,3.159836e-03
0.113924,0.126582,3.679696e-03
0.126582,0.126582,4.227306e-03
0.139241,0.126582,4.802667e-03
0.151899,0.126582,5.405780e-03
0.164557,0.126582,6.036643e-03
0.177215,0.126582,6.695709e-03
0.189873,0.126582,7.415465e-03
0.202532,0.126582,8.215931e-03
0.215190,0.126582,9.097105e-03
0.227848,0.126582,1.005899e-02
0.240506,0.126582,1.110158e-02
0.253165,0.126582,1.222488e-02
0.265823,0.126582,1.342889e-02
0.278481,0.126582,1.471465e-02
0.291139,0.126582,1.615039e-02
0.303797,0.126582,1.777719e-02
0.316456,0.126582,1.959503e-02
0.329114,0.126582,2.160392e-02
0.341772,0.126582,2.380386e-02
0.354430,0.126582,2.623176e-02
0.367089,0.126582,2.903966e-02
0.379747,0.126582,3.224404e-02
0.392405,0.126582,3.584491e-02
0.405063,0.126582,3.985321e-02
0.417722,0.126582,4.444473e-02
0.430380,0.126582,4.968072e-02
0.443038,0.126582,5.556118e-02
0.455696,0.126582,6.207943e-02
0.468354,0.126582,6.922359e-02
0.481013,0.126582,7.696216e-02
0.493671,0.126582,8.501228e-02
0.506329,0.126582,9.324714e-02
0.518987,0.126582,1.012763e-01
0.531646,0.126582,1.090143e-01
0.544304,0.126582,1.161884e-01
0.556962,0.126582,1.226933e-01
0.569620,0.126582,1.285342e-01
0.582278,0.126582,1.337691e-01
0.594937,0.126582,1.384144e-01
0.607595,0.126582,1.424701e-01
0.620253,0.126582,1.459874e-01
0.632911,0.126582,1.491561e-01
0.645570,0.126582,1.519939e-01
0.658228,0.126582,1.545009e-01
0.670886,0.126582,1.566810e-01
0.683544,0.126582,1.586450e-01
0.696203,0.126582,1.604432e-01
0.708861,0.126582,1.620756e-01
0.721519,0.126582,1.635420e-01
0.734177,0.126582,1.648479e-01
0.746835,0.126582,1.660511e-01
0.759494,0.126582,1.671675e-01
0.772152,0.126582,1.681971e-01
0.784810,0.126582,1.691399e-01
0.797468,0.126582,1.699971e-01
0.810127,0.126582,1.707948e-01
0.822785,0.126582,1.715437e-01
0.835443,0.126582,1.722438e-01
0.848101,0.126582,1.728951e-01
0.860759,0.126582,1.734976e-01
0.873418,0.126582,1.740603e-01
0.886076,0.126582,1.745937e-01
0.898734,0.126582,1.750976e-01
0.911392,0.126582,1.755721e-01
0.924051,0.126582,1.760172e-01
0.936709,0.126582,1.764346e-01
0.949367,0.126582,1.768320e-01
0.962025,0.126582,1.772105e-01
0.974684,0.126582,1.775702e-01
0.987342,0.126582,1.779110e-01
1.000000,0.126582,1.782330e-01
0.000000,0.139241,0.000000e+00
0.012658,0.139241,3.379512e-04
0.025316,0.139241,7.073943e-04
0.037975,0.139241,1.108329e-03
0.050633,0.139241,1.540756e-03
0.063291,0.139241,2.004674e-03
0.075949,0.139241,2.500085e-03
0.088608,0.139241,3.026987e-03
0.101266,0.139241,3.585381e-03
0.113924,0.139241,4.175267e-03
0.126582,0.139241,4.796644e-03
0.139241,0.139241,5.449514e-03
0.151899,0.139241,6.133875e-03
0.164557,0.139241,6.849728e-03
0.177215,0.139241,7.597585e-03
0.189873,0.139241,8.414315e-03
0.202532,0.139241,9.322636e-03
0.215190,0.139241,1.032255e-02
0.227848,0.139241,1.141405e-02
0.240506,0.139241,1.259714e-02
0.253165,0.139241,1.387182e-02
0.265823,0.139241,1.523810e-02
0.278481,0.139241,1.669714e-02
0.291139,0.139241,1.832639e-02
0.303797,0.139241,2.017245e-02
0.316456,0.139241,2.223531e-02
0.329114,0.139241,2.451498e-02
0.341772,0.139241,2.701145e-02
0.354430,0.139241,2.976661e-02
0.367089,0.139241,3.295300e-02
0.379747,0.139241,3.658934e-02
0.392405,0.139241,4.067561e-02
0.405063,0.139241,4.522424e-02
0.417722,0.139241,5.043472e-02
0.430380,0.139241,5.637653e-02
0.443038,0.139241,6.304969e-02
0.455696,0.139241,7.044662e-02
0.468354,0.139241,7.855381e-02
0.481013,0.139241,8.733554e-02
0.493671,0.139241,9.647081e-02
0.506329,0.139241,1.058157e-01
0.518987,0.139241,1.149272e-01
0.531646,0.139241,1.237083e-01
0.544304,0.139241,1.318494e-01
0.556962,0.139241,1.392312e-01
0.569620,0.139241,1.458595e-01
0.582278,0.139241,1.518001e-01
0.594937,0.139241,1.570716e-01
0.607595,0.139241,1.616740e-01
0.620253,0.139241,1.656654e-01
0.632911,0.139241,1.692613e-01
0.645570,0.139241,1.724816e-01
0.658228,0.139241,1.753265e-01
0.670886,0.139241,1.778005e-01
0.683544,0.139241,1.800293e-01
0.696203,0.139241,1.820698e-01
0.708861,0.139241,1.839222e-01
0.721519,0.139241,1.855863e-01
0.734177,0.139241,1.870682e-01
0.746835,0.139241,1.884336e-01
0.759494,0.139241,1.897004e-01
0.772152,0.139241,1.908688e-01
0.784810,0.139241,1.919386e-01
0.797468,0.139241,1.929114e-01
0.810127,0.139241,1.938166e-01
0.822785,0.139241,1.946664e-01
0.835443,0.139241,1.954608e-01
0.848101,0.139241,1.961999e-01
0.860759,0.139241,1.968835e-01
0.873418,0.139241,1.975222e-01
0.886076,0.139241,1.981274e-01
0.898734,0.139241,1.986992e-01
0.911392,0.139241,1.992377e-01
0.924051,0.139241,1.997428e-01
0.936709,0.139241,2.002164e-01
0.949367,0.139241,2.006674e-01
0.962025,0.139241,2.010969e-01
0.974684,0.139241,2.015051e-01
0.987342,0.139241,2.018919e-01
1.000000,0.139241,2.022572e-01
0.000000,0.151899,0.000000e+00
0.012658,0.151899,3.799271e-04
0.025316,0.151899,7.952624e-04
0.037975,0.151899,1.246006e-03
0.050633,0.151899,1.732157e-03
0.063291,0.151899,2.253717e-03
0.075949,0.151899,2.810685e-03
0.088608,0.151899,3.403061e-03
0.101266,0.151899,4.030846e-03
0.113924,0.151899,4.694038e-03
0.126582,0.151899,5.392639e-03
0.139241,0.151899,6.126647e-03
0.151899,0.151899,6.896064e-03
0.164557,0.151899,7.700890e-03
0.177215,0.151899,8.541699e-03
0.189873,0.151899,9.459947e-03
0.202532,0.151899,1.048118e-02
0.215190,0.151899,1.160540e-02
0.227848,0.151899,1.283259e-02
0.240506,0.151899,1.416278e-02
0.253165,0.151899,1.559594e-02
0.265823,0.151899,1.713209e-02
0.278481,0.151899,1.877255e-02
0.291139,0.151899,2.060439e-02
0.303797,0.151899,2.267999e-02
0.316456,0.151899,2.499937e-02
0.329114,0.151899,2.756252e-02
0.341772,0.151899,3.036944e-02
0.354430,0.151899,3.346722e-02
0.367089,0.151899,3.704987e-02
0.379747,0.151899,4.113843e-02
0.392405,0.151899,4.573289e-02
0.405063,0.151899,5.084722e-02
0.417722,0.151899,5.670570e-02
0.430380,0.151899,6.338648e-02
0.443038,0.151899,7.088955e-02
0.455696,0.151899,7.920640e-02
0.468354,0.151899,8.832184e-02
0.481013,0.151899,9.819568e-02
0.493671,0.151899,1.084670e-01
0.506329,0.151899,1.189741e-01
0.518987,0.151899,1.292186e-01
0.531646,0.151899,1.390918e-01
0.544304,0.151899,1.482454e-01
0.556962,0.151899,1.565453e-01
0.569620,0.151899,1.639979e-01
0.582278,0.151899,1.706773e-01
0.594937,0.151899,1.766044e-01
0.607595,0.151899,1.817791e-01
0.620253,0.151899,1.862670e-01
0.632911,0.151899,1.903100e-01
0.645570,0.151899,1.939308e-01
0.658228,0.151899,1.971295e-01
0.670886,0.151899,1.999111e-01
0.683544,0.151899,2.024171e-01
0.696203,0.151899,2.047114e-01
0.708861,0.151899,2.067941e-01
0.721519,0.151899,2.086651e-01
0.734177,0.151899,2.103313e-01
0.746835,0.151899,2.118664e-01
0.759494,0.151899,2.132908e-01
0.772152,0.151899,2.146044e-01
0.784810,0.151899,2.158073e-01
0.797468,0.151899,2.169010e-01
0.810127,0.151899,2.179187e-01
0.822785,0.151899,2.188742e-01
0.835443,0.151899,2.197674e-01
0.848101,0.151899,2.205983e-01
0.860759,0.151899,2.213670e-01
0.873418,0.151899,2.220850e-01
0.886076,0.151899,2.227655e-01
0.898734,0.151899,2.234085e-01
0.911392,0.151899,2.240139e-01
0.924051,0.151899,2.245818e-01
0.936709,0.151899,2.251143e-01
0.949367,0.151899,2.256213e-01
0.962025,0.151899,2.261043e-01
0.974684,0.151899,2.265632e-01
0.987342,0.151899,2.269981e-01
1.000000,0.151899,2.274088e-01
0.000000,0.164557,0.000000e+00
0.012658,0.164557,4.237785e-04
0.025316,0.164557,8.870570e-04
0.037975,0.164557,1.389836e-03
0.050633,0.164557,1.932114e-03
0.063291,0.164557,2.513893e-03
0.075949,0.164557,3.135172e-03
0.088608,0.164557,3.795951e-03
0.101266,0.164557,4.496230e-03
0.113924,0.164557,5.236010e-03
0.126582,0.164557,6.015289e-03
0.139241,0.164557,6.834068e-03
0.151899,0.164557,7.692348e-03
0.164557,0.164557,8.590128e-03
0.177215,0.164557,9.528049e-03
0.189873,0.164557,1.055236e-02
0.202532,0.164557,1.169156e-02
0.215190,0.164557,1.294565e-02
0.227848,0.164557,1.431462e-02
0.240506,0.164557,1.579848e-02
0.253165,0.164557,1.739723e-02
0.265823,0.164557,1.911087e-02
0.278481,0.164557,2.094087e-02
0.291139,0.164557,2.298437e-02
0.303797,0.164557,2.529982e-02
0.316456,0.164557,2.788721e-02
0.329114,0.164557,3.074655e-02
0.341772,0.164557,3.387783e-02
0.354430,0.164557,3.733359e-02
0.367089,0.164557,4.133027e-02
0.379747,0.164557,4.589133e-02
0.392405,0.164557,5.101676e-02
0.405063,0.164557,5.672215e-02
0.417722,0.164557,6.325769e-02
0.430380,0.164557,7.071056e-02
0.443038,0.164557,7.908076e-02
0.455696,0.164557,8.835877e-02
0.468354,0.164557,9.852765e-02
0.481013,0.164557,1.095426e-01
0.493671,0.164557,1.210009e-01
0.506329,0.164557,1.327222e-01
0.518987,0.164557,1.441507e-01
0.531646,0.164557,1.551649e-01
0.544304,0.164557,1.653764e-01
0.556962,0.164557,1.746354e-01
0.569620,0.164557,1.829493e-01
0.582278,0.164557,1.904007e-01
0.594937,0.164557,1.970127e-01
0.607595,0.164557,2.027855e-01
0.620253,0.164557,2.077920e-01
0.632911,0.164557,2.123022e-01
0.645570,0.164557,2.163415e-01
0.658228,0.164557,2.199099e-01
0.670886,0.164557,2.230129e-01
0.683544,0.164557,2.258085e-01
0.696203,0.164557,2.283679e-01
0.708861,0.164557,2.306912e-01
0.721519,0.164557,2.327785e-01
0.734177,0.164557,2.346372e-01
0.746835,0.164557,2.363497e-01
0.759494,0.164557,2.379386e-01
0.772152,0.164557,2.394040e-01
0.784810,0.164557,2.407459e-01
0.797468,0.164557,2.419659e-01
0.810127,0.164557,2.431013e-01
0.822785,0.164557,2.441671e-01
0.835443,0.164557,2.451636e-01
0.848101,0.164557,2.460905e-01
0.860759,0.164557,2.469480e-01
0.873418,0.164557,2.477490e-01
0.886076,0.164557,2.485081e-01
0.898734,0.164557,2.492253e-01
0.911392,0.164557,2.499007e-01
0.924051,0.164557,2.505343e-01
0.936709,0.164557,2.511283e-01
0.949367,0.164557,2.516939e-01
0.962025,0.164557,2.522327e-01
0.974684,0.164557,2.527446e-01
0.987342,0.164557,2.532297e-01
1.000000,0.164557,2.536879e-01
0.000000,0.177215,0.000000e+00
0.012658,0.177215,4.709597e-04
0.025316,0.177215,9.858235e-04
0.037975,0.177215,1.544591e-03
0.050633,0.177215,2.147263e-03
0.063291,0.177215,2.793839e-03
0.075949,0.177215,3.484319e-03
0.088608,0.177215,4.218703e-03
0.101266,0.177215,4.996991e-03
0.113924,0.177215,5.819182e-03
0.126582,0.177215,6.685278e-03
0.139241,0.177215,7.595278e-03
0.151899,0.177215,8.549182e-03
0.164557,0.177215,9.546990e-03
0.177215,0.177215,1.058942e-02
0.189873,0.177215,1.172787e-02
0.202532,0.177215,1.299401e-02
0.215190,0.177215,1.438786e-02
0.227848,0.177215,1.590940e-02
0.240506,0.177215,1.755864e-02
0.253165,0.177215,1.933557e-02
0.265823,0.177215,2.124021e-02
0.278481,0.177215,2.327418e-02
0.291139,0.177215,2.554546e-02
0.303797,0.177215,2.811901e-02
0.316456,0.177215,3.099483e-02
0.329114,0.177215,3.417291e-02
0.341772,0.177215,3.765326e-02
0.354430,0.177215,4.149427e-02
0.367089,0.177215,4.593651e-02
0.379747,0.177215,5.100606e-02
0.392405,0.177215,5.670292e-02
0.405063,0.177215,6.304441e-02
0.417722,0.177215,7.030860e-02
0.430380,0.177215,7.859241e-02
0.443038,0.177215,8.789584e-02
0.455696,0.177215,9.820829e-02
0.468354,0.177215,1.095109e-01
0.481013,0.177215,1.217539e-01
0.493671,0.177215,1.344898e-01
0.506329,0.177215,1.475180e-01
0.518987,0.177215,1.602206e-01
0.531646,0.177215,1.724628e-01
0.544304,0.177215,1.838128e-01
0.556962,0.177215,1.941042e-01
0.569620,0.177215,2.033450e-01
0.582278,0.177215,2.116271e-01
0.594937,0.177215,2.189764e-01
0.607595,0.177215,2.253928e-01
0.620253,0.177215,2.309574e-01
0.632911,0.177215,2.359705e-01
0.645570,0.177215,2.404601e-01
0.658228,0.177215,2.444262e-01
0.670886,0.177215,2.478752e-01
0.683544,0.177215,2.509824e-01
0.696203,0.177215,2.538271e-01
0.708861,0.177215,2.564095e-01
0.721519,0.177215,2.587294e-01
0.734177,0.177215,2.607952e-01
0.746835,0.177215,2.626986e-01
0.759494,0.177215,2.644647e-01
0.772152,0.177215,2.660935e-01
0.784810,0.177215,2.675849e-01
0.797468,0.177215,2.689409e-01
0.810127,0.177215,2.702028e-01
0.822785,0.177215,2.713875e-01
0.835443,0.177215,2.724949e-01
0.848101,0.177215,2.735252e-01
0.860759,0.177215,2.744783e-01
0.873418,0.177215,2.753685e-01
0.886076,0.177215,2.762123e-01
0.898734,0.177215,2.770095e-01
0.911392,0.177215,2.777602e-01
0.924051,0.177215,2.784643e-01
0.936709,0.177215,2.791245e-01
0.949367,0.177215,2.797532e-01
0.962025,0.177215,2.803521e-01
0.974684,0.177215,2.809210e-01
0.987342,0.177215,2.814602e-01
1.000000,0.177215,2.819695e-01
0.000000,0.189873,0.000000e+00
0.012658,0.189873,5.232436e-04
0.025316,0.189873,1.095274e-03
0.037975,0.189873,1.716090e-03
0.050633,0.189873,2.385692e-03
0.063291,0.189873,3.104081e-03
0.075949,0.189873,3.871256e-03
0.088608,0.189873,4.687217e-03
0.101266,0.189873,5.551965e-03
0.113924,0.189873,6.465498e-03
0.126582,0.189873,7.427818e-03
0.139241,0.189873,8.438925e-03
0.151899,0.189873,9.498817e-03
0.164557,0.189873,1.060750e-02
0.177215,0.189873,1.176575e-02
0.189873,0.189873,1.303071e-02
0.202532,0.189873,1.443757e-02
0.215190,0.189873,1.598632e-02
0.227848,0.189873,1.767697e-02
0.240506,0.189873,1.950951e-02
0.253165,0.189873,2.148395e-02
0.265823,0.189873,2.360029e-02
0.278481,0.189873,2.586035e-02
0.291139,0.189873,2.838410e-02
0.303797,0.189873,3.124373e-02
0.316456,0.189873,3.443924e-02
0.329114,0.189873,3.797063e-02
0.341772,0.189873,4.183790e-02
0.354430,0.189873,4.610594e-02
0.367089,0.189873,5.104208e-02
0.379747,0.189873,5.667528e-02
0.392405,0.189873,6.300556e-02
0.405063,0.189873,7.005216e-02
0.417722,0.189873,7.812409e-02
0.430380,0.189873,8.732903e-02
0.443038,0.189873,9.766698e-02
0.455696,0.189873,1.091262e-01
0.468354,0.189873,1.216857e-01
0.481013,0.189873,1.352902e-01
0.493671,0.189873,1.494424e-01
0.506329,0.189873,1.639192e-01
0.518987,0.189873,1.780345e-01
0.531646,0.189873,1.916381e-01
0.544304,0.189873,2.042502e-01
0.556962,0.189873,2.156860e-01
0.569620,0.189873,2.259544e-01
0.582278,0.189873,2.351574e-01
0.594937,0.189873,2.433239e-01
0.607595,0.189873,2.504537e-01
0.620253,0.189873,2.566371e-01
0.632911,0.189873,2.622075e-01
0.645570,0.189873,2.671963e-01
0.658228,0.189873,2.716034e-01
0.670886,0.189873,2.754358e-01
0.683544,0.189873,2.788884e-01
0.696203,0.189873,2.820494e-01
0.708861,0.189873,2.849188e-01
0.721519,0.189873,2.874966e-01
0.734177,0.189873,2.897921e-01
0.746835,0.189873,2.919071e-01
0.759494,0.189873,2.938695e-01
0.772152,0.189873,2.956793e-01
0.784810,0.189873,2.973365e-01
0.797468,0.189873,2.988432e-01
0.810127,0.189873,3.002454e-01
0.822785,0.189873,3.015617e-01
0.835443,0.189873,3.027923e-01
0.848101,0.189873,3.039371e-01
0.860759,0.189873,3.049961e-01
0.873418,0.189873,3.059854e-01
0.886076,0.189873,3.069229e-01
0.898734,0.189873,3.078087e-01
0.911392,0.189873,3.086428e-01
0.924051,0.189873,3.094253e-01
0.936709,0.189873,3.101589e-01
0.949367,0.189873,3.108575e-01
0.962025,0.189873,3.115229e-01
0.974684,0.189873,3.121552e-01
0.987342,0.189873,3.127543e-01
1.000000,0.189873,3.133202e-01
0.000000,0.202532,0.000000e+00
0.012658,0.202532,5.806345e-04
0.025316,0.202532,1.215416e-03
0.037975,0.202532,1.904345e-03
0.050633,0.202532,2.647421e-03
0.063291,0.202532,3.444644e-03
0.075949,0.202532,4.296015e-03
0.088608,0.202532,5.201533e-03
0.101266,0.202532,6.161198e-03
0.113924,0.202532,7.175010e-03
0.126582,0.202532,8.242969e-03
0.139241,0.202532,9.365076e-03
0.151899,0.202532,1.054133e-02
0.164557,0.202532,1.177173e-02
0.177215,0.202532,1.305716e-02
0.189873,0.202532,1.446101e-02
0.202532,0.202532,1.602235e-02
0.215190,0.202532,1.774117e-02
0.227848,0.202532,1.961747e-02
0.240506,0.202532,2.165126e-02
0.253165,0.202532,2.384254e-02
0.265823,0.202532,2.619130e-02
0.278481,0.202532,2.869957e-02
0.291139,0.202532,3.150051e-02
0.303797,0.202532,3.467423e-02
0.316456,0.202532,3.822073e-02
0.329114,0.202532,4.214003e-02
0.341772,0.202532,4.643210e-02
0.354430,0.202532,5.116899e-02
0.367089,0.202532,5.664738e-02
0.379747,0.202532,6.289945e-02
0.392405,0.202532,6.992520e-02
0.405063,0.202532,7.774598e-02
0.417722,0.202532,8.670478e-02
0.430380,0.202532,9.692111e-02
0.443038,0.202532,1.083950e-01
0.455696,0.202532,1.211133e-01
0.468354,0.202532,1.350530e-01
0.481013,0.202532,1.501524e-01
0.493671,0.202532,1.658597e-01
0.506329,0.202532,1.819274e-01
0.518987,0.202532,1.975938e-01
0.531646,0.202532,2.126922e-01
0.544304,0.202532,2.266902e-01
0.556962,0.202532,2.393826e-01
0.569620,0.202532,2.507792e-01
0.582278,0.202532,2.609935e-01
0.594937,0.202532,2.700572e-01
0.607595,0.202532,2.779704e-01
0.620253,0.202532,2.848331e-01
0.632911,0.202532,2.910155e-01
0.645570,0.202532,2.965523e-01
0.658228,0.202532,3.014435e-01
0.670886,0.202532,3.056969e-01
0.683544,0.202532,3.095287e-01
0.696203,0.202532,3.130370e-01
0.708861,0.202532,3.162215e-01
0.721519,0.202532,3.190825e-01
0.734177,0.202532,3.216301e-01
0.746835,0.202532,3.239774e-01
0.759494,0.202532,3.261553e-01
0.772152,0.202532,3.281639e-01
0.784810,0.202532,3.300031e-01
0.797468,0.202532,3.316753e-01
0.810127,0.202532,3.332315e-01
0.822785,0.202532,3.346924e-01
0.835443,0.202532,3.360582e-01
0.848101,0.202532,3.373287e-01
0.860759,0.202532,3.385041e-01
0.873418,0.202532,3.396019e-01
0.886076,0.202532,3.406424e-01
0.898734,0.202532,3.416256e-01
0.911392,0.202532,3.425513e-01
0.924051,0.202532,3.434197e-01
0.936709,0.202532,3.442339e-01
0.949367,0.202532,3.450093e-01
0.962025,0.202532,3.457478e-01
0.974684,0.202532,3.464496e-01
0.987342,0.202532,3.471145e-01
1.000000,0.202532,3.477427e-01
0.000000,0.215190,0.000000e+00
0.012658,0.215190,6.431322e-04
0.025316,0.215190,1.346251e-03
0.037975,0.215190,2.109357e-03
0.050633,0.215190,2.932450e-03
0.063291,0.215190,3.815530e-03
0.075949,0.215190,4.758596e-03
0.088608,0.215190,5.761650e-03
0.101266,0.215190,6.824690e-03
0.113924,0.215190,7.947717e-03
0.126582,0.215190,9.130731e-03
0.139241,0.215190,1.037373e-02
0.151899,0.215190,1.167672e-02
0.164557,0.215190,1.303969e-02
0.177215,0.215190,1.446363e-02
0.189873,0.215190,1.601876e-02
0.202532,0.215190,1.774835e-02
0.215190,0.215190,1.965240e-02
0.227848,0.215190,2.173092e-02
0.240506,0.215190,2.398389e-02
0.253165,0.215190,2.641133e-02
0.265823,0.215190,2.901324e-02
0.278481,0.215190,3.179185e-02
0.291139,0.215190,3.489469e-02
0.303797,0.215190,3.841051e-02
0.316456,0.215190,4.233931e-02
0.329114,0.215190,4.668109e-02
0.341772,0.215190,5.143586e-02
0.354430,0.215190,5.668340e-02
0.367089,0.215190,6.275243e-02
0.379747,0.215190,6.967857e-02
0.392405,0.215190,7.746183e-02
0.405063,0.215190,8.612586e-02
0.417722,0.215190,9.605067e-02
0.430380,0.215190,1.073687e-01
0.443038,0.215190,1.200799e-01
0.455696,0.215190,1.341698e-01
0.468354,0.215190,1.496127e-01
0.481013,0.215190,1.663406e-01
0.493671,0.215190,1.837419e-01
0.506329,0.215190,2.015426e-01
0.518987,0.215190,2.188985e-01
0.531646,0.215190,2.356253e-01
0.544304,0.215190,2.511329e-01
0.556962,0.215190,2.651940e-01
0.569620,0.215190,2.778196e-01
0.582278,0.215190,2.891353e-01
0.594937,0.215190,2.991763e-01
0.607595,0.215190,3.079428e-01
0.620253,0.215190,3.155454e-01
0.632911,0.215190,3.223943e-01
0.645570,0.215190,3.285281e-01
0.658228,0.215190,3.339466e-01
0.670886,0.215190,3.386585e-01
0.683544,0.215190,3.429034e-01
0.696203,0.215190,3.467898e-01
0.708861,0.215190,3.503177e-01
0.721519,0.215190,3.534870e-01
0.734177,0.215190,3.563092e-01
0.746835,0.215190,3.589095e-01
0.759494,0.215190,3.613222e-01
0.772152,0.215190,3.635473e-01
0.784810,0.215190,3.655848e-01
0.797468,0.215190,3.674372e-01
0.810127,0.215190,3.691611e-01
0.822785,0.215190,3.707795e-01
0.835443,0.215190,3.722925e-01
0.848101,0.215190,3.737000e-01
0.860759,0.215190,3.750020e-01
0.873418,0.215190,3.762182e-01
0.886076,0.215190,3.773709e-01
0.898734,0.215190,3.784600e-01
0.911392,0.215190,3.794856e-01
0.924051,0.215190,3.804476e-01
0.936709,0.215190,3.813496e-01
0.949367,0.215190,3.822086e-01
0.962025,0.215190,3.830268e-01
0.974684,0.215190,3.838042e-01
0.987342,0.215190,3.845409e-01
1.000000,0.215190,3.852368e-01
0.000000,0.227848,0.000000e+00
0.012658,0.227848,7.107369e-04
0.025316,0.227848,1.487779e-03
0.037975,0.227848,2.331126e-03
0.050633,0.227848,3.240779e-03
0.063291,0.227848,4.216736e-03
0.075949,0.227848,5.258999e-03
0.088608,0.227848,6.367567e-03
0.101266,0.227848,7.542441e-03
0.113924,0.227848,8.783619e-03
0.126582,0.227848,1.009110e-02
0.139241,0.227848,1.146489e-02
0.151899,0.227848,1.290499e-02
0.164557,0.227848,1.441139e-02
0.177215,0.227848,1.598517e-02
0.189873,0.227848,1.770395e-02
0.202532,0.227848,1.961557e-02
0.215190,0.227848,2.172002e-02
0.227848,0.227848,2.401730e-02
0.240506,0.227848,2.650740e-02
0.253165,0.227848,2.919034e-02
0.265823,0.227848,3.206611e-02
0.278481,0.227848,3.513719e-02
0.291139,0.227848,3.856664e-02
0.303797,0.227848,4.245256e-02
0.316456,0.227848,4.679496e-02
0.329114,0.227848,5.159383e-02
0.341772,0.227848,5.684918e-02
0.354430,0.227848,6.264919e-02
0.367089,0.227848,6.935722e-02
0.379747,0.227848,7.701264e-02
0.392405,0.227848,8.561545e-02
0.405063,0.227848,9.519181e-02
0.417722,0.227848,1.061618e-01
0.430380,0.227848,1.186717e-01
0.443038,0.227848,1.327216e-01
0.455696,0.227848,1.482955e-01
0.468354,0.227848,1.653649e-01
0.481013,0.227848,1.838547e-01
0.493671,0.227848,2.030889e-01
0.506329,0.227848,2.227646e-01
0.518987,0.227848,2.419486e-01
0.531646,0.227848,2.604372e-01
0.544304,0.227848,2.775781e-01
0.556962,0.227848,2.931202e-01
0.569620,0.227848,3.070755e-01
0.582278,0.227848,3.195829e-01
0.594937,0.227848,3.306813e-01
0.607595,0.227848,3.403708e-01
0.620253,0.227848,3.487739e-01
0.632911,0.227848,3.563441e-01
0.645570,0.227848,3.631236e-01
0.658228,0.227848,3.691126e-01
0.670886,0.227848,3.743206e-01
0.683544,0.227848,3.790124e-01
0.696203,0.227848,3.833080e-01
0.708861,0.227848,3.872072e-01
0.721519,0.227848,3.907102e-01
0.734177,0.227848,3.938295e-01
0.746835,0.227848,3.967035e-01
0.759494,0.227848,3.993702e-01
0.772152,0.227848,4.018295e-01
0.784810,0.227848,4.040815e-01
0.797468,0.227848,4.061289e-01
0.810127,0.227848,4.080343e-01
0.822785,0.227848,4.098231e-01
0.835443,0.227848,4.114953e-01
0.848101,0.227848,4.130509e-01
0.860759,0.227848,4.144900e-01
0.873418,0.227848,4.158343e-01
0.886076,0.227848,4.171083e-01
0.898734,0.227848,4.183121e-01
0.911392,0.227848,4.194457e-01
0.924051,0.227848,4.205090e-01
0.936709,0.227848,4.215060e-01
0.949367,0.227848,4.224554e-01
0.962025,0.227848,4.233598e-01
0.974684,0.227848,4.242191e-01
0.987342,0.227848,4.250334e-01
1.000000,0.227848,4.258027e-01
0.000000,0.240506,0.000000e+00
0.012658,0.240506,7.834484e-04
0.025316,0.240506,1.639999e-03
0.037975,0.240506,2.569652e-03
0.050633,0.240506,3.572407e-03
0.063291,0.240506,4.648265e-03
0.075949,0.240506,5.797225e-03
0.088608,0.240506,7.019287e-03
0.101266,0.240506,8.314451e-03
0.113924,0.240506,9.682717e-03
0.126582,0.240506,1.112409e-02
0.139241,0.240506,1.263856e-02
0.151899,0.240506,1.422613e-02
0.164557,0.240506,1.588681e-02
0.177215,0.240506,1.762177e-02
0.189873,0.240506,1.951660e-02
0.202532,0.240506,2.162402e-02
0.215190,0.240506,2.394402e-02
0.227848,0.240506,2.647661e-02
0.240506,0.240506,2.922179e-02
0.253165,0.240506,3.217956e-02
0.265823,0.240506,3.534991e-02
0.278481,0.240506,3.873560e-02
0.291139,0.240506,4.251637e-02
0.303797,0.240506,4.680040e-02
0.316456,0.240506,5.158769e-02
0.329114,0.240506,5.687824e-02
0.341772,0.240506,6.267205e-02
0.354430,0.240506,6.906635e-02
0.367089,0.240506,7.646175e-02
0.379747,0.240506,8.490165e-02
0.392405,0.240506,9.438606e-02
0.405063,0.240506,1.049438e-01
0.417722,0.240506,1.170381e-01
0.430380,0.240506,1.308302e-01
0.443038,0.240506,1.463202e-01
0.455696,0.240506,1.634904e-01
0.468354,0.240506,1.823096e-01
0.481013,0.240506,2.026948e-01
0.493671,0.240506,2.239008e-01
0.506329,0.240506,2.455935e-01
0.518987,0.240506,2.667442e-01
0.531646,0.240506,2.871280e-01
0.544304,0.240506,3.060260e-01
0.556962,0.240506,3.231611e-01
0.569620,0.240506,3.385469e-01
0.582278,0.240506,3.523362e-01
0.594937,0.240506,3.645721e-01
0.607595,0.240506,3.752546e-01
0.620253,0.240506,3.845189e-01
0.632911,0.240506,3.928647e-01
0.645570,0.240506,4.003390e-01
0.658228,0.240506,4.069416e-01
0.670886,0.240506,4.126833e-01
0.683544,0.240506,4.178558e-01
0.696203,0.240506,4.225914e-01
0.708861,0.240506,4.268902e-01
0.721519,0.240506,4.307520e-01
0.734177,0.240506,4.341909e-01
0.746835,0.240506,4.373594e-01
0.759494,0.240506,4.402992e-01
0.772152,0.240506,4.430105e-01
0.784810,0.240506,4.454932e-01
0.797468,0.240506,4.477504e-01
0.810127,0.240506,4.498509e-01
0.822785,0.240506,4.518230e-01
0.835443,0.240506,4.536665e-01
0.848101,0.240506,4.553816e-01
0.860759,0.240506,4.569681e-01
0.873418,0.240506,4.584501e-01
0.886076,0.240506,4.598547e-01
0.898734,0.240506,4.611818e-01
0.911392,0.240506,4.624315e-01
0.924051,0.240506,4.636038e-01
0.936709,0.240506,4.647030e-01
0.949367,0.240506,4.657497e-01
0.962025,0.240506,4.667468e-01
0.974684,0.240506,4.676943e-01
0.987342,0.240506,4.685921e-01
1.000000,0.240506,4.694403e-01
0.000000,0.253165,0.000000e+00
0.012658,0.253165,8.612669e-04
0.025316,0.253165,1.802912e-03
0.037975,0.253165,2.824935e-03
0.050633,0.253165,3.927336e-03
0.063291,0.253165,5.110115e-03
0.075949,0.253165,6.373272e-03
0.088608,0.253165,7.716807e-03
0.101266,0.253165,9.140720e-03
0.113924,0.253165,1.064501e-02
0.126582,0.253165,1.222968e-02
0.139241,0.253165,1.389473e-02
0.151899,0.253165,1.564015e-02
0.164557,0.253165,1.746596e-02
0.177215,0.253165,1.937344e-02
0.189873,0.253165,2.145670e-02
0.202532,0.253165,2.377369e-02
0.215190,0.253165,2.632441e-02
0.227848,0.253165,2.910887e-02
0.240506,0.253165,3.212706e-02
0.253165,0.253165,3.537899e-02
0.265823,0.253165,3.886465e-02
0.278481,0.253165,4.258706e-02
0.291139,0.253165,4.674387e-02
0.303797,0.253165,5.145402e-02
0.316456,0.253165,5.671750e-02
0.329114,0.253165,6.253432e-02
0.341772,0.253165,6.890447e-02
0.354430,0.253165,7.593488e-02
0.367089,0.253165,8.406601e-02
0.379747,0.253165,9.334561e-02
0.392405,0.253165,1.037737e-01
0.405063,0.253165,1.153819e-01
0.417722,0.253165,1.286796e-01
0.430380,0.253165,1.438442e-01
0.443038,0.253165,1.608756e-01
0.455696,0.253165,1.797546e-01
0.468354,0.253165,2.004468e-01
0.481013,0.253165,2.228609e-01
0.493671,0.253165,2.461776e-01
0.506329,0.253165,2.700293e-01
0.518987,0.253165,2.932851e-01
0.531646,0.253165,3.156977e-01
0.544304,0.253165,3.364765e-01
0.556962,0.253165,3.553169e-01
0.569620,0.253165,3.722338e-01
0.582278,0.253165,3.873952e-01
0.594937,0.253165,4.008487e-01
0.607595,0.253165,4.125941e-01
0.620253,0.253165,4.227801e-01
0.632911,0.253165,4.319563e-01
0.645570,0.253165,4.401741e-01
0.658228,0.253165,4.474336e-01
0.670886,0.253165,4.537464e-01
0.683544,0.253165,4.594335e-01
0.696203,0.253165,4.646402e-01
0.708861,0.253165,4.693665e-01
0.721519,0.253165,4.736125e-01
0.734177,0.253165,4.773935e-01
0.746835,0.253165,4.808771e-01
0.759494,0.253165,4.841094e-01
0.772152,0.253165,4.870903e-01
0.784810,0.253165,4.898199e-01
0.797468,0.253165,4.923017e-01
0.810127,0.253165,4.946111e-01
0.822785,0.253165,4.967793e-01
0.835443,0.253165,4.988063e-01
0.848101,0.253165,5.006919e-01
0.860759,0.253165,5.024363e-01
0.873418,0.253165,5.040657e-01
0.886076,0.253165,5.056099e-01
0.898734,0.253165,5.070691e-01
0.911392,0.253165,5.084432e-01
0.924051,0.253165,5.097321e-01
0.936709,0.253165,5.109406e-01
0.949367,0.253165,5.120915e-01
0.962025,0.253165,5.131879e-01
0.974684,0.253165,5.142297e-01
0.987342,0.253165,5.152169e-01
1.000000,0.253165,5.161496e-01
0.000000,0.265823,0.000000e+00
0.012658,0.265823,9.442332e-04
0.025316,0.265823,1.976603e-03
0.037975,0.265823,3.097109e-03
0.050633,0.265823,4.305751e-03
0.063291,0.265823,5.602530e-03
0.075949,0.265823,6.987445e-03
0.088608,0.265823,8.460496e-03
0.101266,0.265823,1.002168e-02
0.113924,0.265823,1.167101e-02
0.126582,0.265823,1.340847e-02
0.139241,0.265823,1.523406e-02
0.151899,0.265823,1.714780e-02
0.164557,0.265823,1.914967e-02
0.177215,0.265823,2.124110e-02
0.189873,0.265823,2.352527e-02
0.202532,0.265823,2.606571e-02
0.215190,0.265823,2.886244e-02
0.227848,0.265823,3.191545e-02
0.240506,0.265823,3.522474e-02
0.253165,0.265823,3.879031e-02
0.265823,0.265823,4.261217e-02
0.278481,0.265823,4.669361e-02
0.291139,0.265823,5.125137e-02
0.303797,0.265823,5.641587e-02
0.316456,0.265823,6.218709e-02
0.329114,0.265823,6.856505e-02
0.341772,0.265823,7.554974e-02
0.354430,0.265823,8.325841e-02
0.367089,0.265823,9.217403e-02
0.379747,0.265823,1.023490e-01
0.392405,0.265823,1.137832e-01
0.405063,0.265823,1.265116e-01
0.417722,0.265823,1.410924e-01
0.430380,0.265823,1.577205e-01
0.443038,0.265823,1.763956e-01
0.455696,0.265823,1.970967e-01
0.468354,0.265823,2.197860e-01
0.481013,0.265823,2.443636e-01
0.493671,0.265823,2.699309e-01
0.506329,0.265823,2.960849e-01
0.518987,0.265823,3.215855e-01
0.531646,0.265823,3.461613e-01
0.544304,0.265823,3.689457e-01
0.556962,0.265823,3.896045e-01
0.569620,0.265823,4.081539e-01
0.582278,0.265823,4.247785e-01
0.594937,0.265823,4.395302e-01
0.607595,0.265823,4.524090e-01
0.620253,0.265823,4.635778e-01
0.632911,0.265823,4.736393e-01
0.645570,0.265823,4.826500e-01
0.658228,0.265823,4.906099e-01
0.670886,0.265823,4.975317e-01
0.683544,0.265823,5.037674e-01
0.696203,0.265823,5.094764e-01
0.708861,0.265823,5.146587e-01
0.721519,0.265823,5.193143e-01
0.734177,0.265823,5.234600e-01
0.746835,0.265823,5.272796e-01
0.759494,0.265823,5.308236e-01
0.772152,0.265823,5.340921e-01
0.784810,0.265823,5.370851e-01
0.797468,0.265823,5.398062e-01
0.810127,0.265823,5.423384e-01
0.822785,0.265823,5.447158e-01
0.835443,0.265823,5.469382e-01
0.848101,0.265823,5.490058e-01
0.860759,0.265823,5.509184e-01
0.873418,0.265823,5.527050e-01
0.886076,0.265823,5.543983e-01
0.898734,0.265823,5.559982e-01
0.911392,0.265823,5.575049e-01
0.924051,0.265823,5.589182e-01
0.936709,0.265823,5.602433e-01
0.949367,0.265823,5.615053e-01
0.962025,0.265823,5.627075e-01
0.974684,0.265823,5.638498e-01
0.987342,0.265823,5.649324e-01
1.000000,0.265823,5.659552e-01
0.000000,0.278481,0.000000e+00
0.012658,0.278481,1.036310e-03
0.025316,0.278481,2.169369e-03
0.037975,0.278481,3.399177e-03
0.050633,0.278481,4.725733e-03
0.063291,0.278481,6.149039e-03
0.075949,0.278481,7.669093e-03
0.088608,0.278481,9.285896e-03
0.101266,0.278481,1.099945e-02
0.113924,0.278481,1.280975e-02
0.126582,0.278481,1.471680e-02
0.139241,0.278481,1.672059e-02
0.151899,0.278481,1.882114e-02
0.164557,0.278481,2.101844e-02
0.177215,0.278481,2.331405e-02
0.189873,0.278481,2.582122e-02
0.202532,0.278481,2.860969e-02
0.215190,0.278481,3.167948e-02
0.227848,0.278481,3.503058e-02
0.240506,0.278481,3.866299e-02
0.253165,0.278481,4.257671e-02
0.265823,0.278481,4.677175e-02
0.278481,0.278481,5.125172e-02
0.291139,0.278481,5.625454e-02
0.303797,0.278481,6.192336e-02
0.316456,0.278481,6.825819e-02
0.329114,0.278481,7.525903e-02
0.341772,0.278481,8.292587e-02
0.354430,0.278481,9.138742e-02
0.367089,0.278481,1.011738e-01
0.379747,0.278481,1.123426e-01
0.392405,0.278481,1.248938e-01
0.405063,0.278481,1.388654e-01
0.417722,0.278481,1.548706e-01
0.430380,0.278481,1.731231e-01
0.443038,0.278481,1.936227e-01
0.455696,0.278481,2.163462e-01
0.468354,0.278481,2.412524e-01
0.481013,0.278481,2.682312e-01
0.493671,0.278481,2.962966e-01
0.506329,0.278481,3.250061e-01
0.518987,0.278481,3.529982e-01
0.531646,0.278481,3.799752e-01
0.544304,0.278481,4.049856e-01
0.556962,0.278481,4.276627e-01
0.569620,0.278481,4.480243e-01
0.582278,0.278481,4.662730e-01
0.594937,0.278481,4.824657e-01
0.607595,0.278481,4.966026e-01
0.620253,0.278481,5.088623e-01
0.632911,0.278481,5.199066e-01
0.645570,0.278481,5.297974e-01
0.658228,0.278481,5.385347e-01
0.670886,0.278481,5.461325e-01
0.683544,0.278481,5.529772e-01
0.696203,0.278481,5.592437e-01
0.708861,0.278481,5.649321e-01
0.721519,0.278481,5.700423e-01
0.734177,0.278481,5.745929e-01
0.746835,0.278481,5.787855e-01
0.759494,0.278481,5.826756e-01
0.772152,0.278481,5.862633e-01
0.784810,0.278481,5.895485e-01
0.797468,0.278481,5.925353e-01
0.810127,0.278481,5.953149e-01
0.822785,0.278481,5.979244e-01
0.835443,0.278481,6.003639e-01
0.848101,0.278481,6.026333e-01
0.860759,0.278481,6.047327e-01
0.873418,0.278481,6.066938e-01
0.886076,0.278481,6.085525e-01
0.898734,0.278481,6.103087e-01
0.911392,0.278481,6.119624e-01
0.924051,0.278481,6.135138e-01
0.936709,0.278481,6.149684e-01
0.949367,0.278481,6.163536e-01
0.962025,0.278481,6.176733e-01
0.974684,0.278481,6.189273e-01
0.987342,0.278481,6.201157e-01
1.000000,0.278481,6.212385e-01
0.000000,0.291139,0.000000e+00
0.012658,0.291139,1.140111e-03
0.025316,0.291139,2.386682e-03
0.037975,0.291139,3.739714e-03
0.050633,0.291139,5.199205e-03
0.063291,0.291139,6.765158e-03
0.075949,0.291139,8.437570e-03
0.088608,0.291139,1.021644e-02
0.101266,0.291139,1.210178e-02
0.113924,0.291139,1.409357e-02
0.126582,0.291139,1.619182e-02
0.139241,0.291139,1.839654e-02
0.151899,0.291139,2.070771e-02
0.164557,0.291139,2.312535e-02
0.177215,0.291139,2.565117e-02
0.189873,0.291139,2.840977e-02
0.202532,0.291139,3.147790e-02
0.215190,0.291139,3.485557e-02
0.227848,0.291139,3.854277e-02
0.240506,0.291139,4.253951e-02
0.253165,0.291139,4.684578e-02
0.265823,0.291139,5.146159e-02
0.278481,0.291139,5.639092e-02
0.291139,0.291139,6.189557e-02
0.303797,0.291139,6.813306e-02
0.316456,0.291139,7.510338e-02
0.329114,0.291139,8.280655e-02
0.341772,0.291139,9.124256e-02
0.354430,0.291139,1.005530e-01
0.367089,0.291139,1.113213e-01
0.379747,0.291139,1.236107e-01
0.392405,0.291139,1.374211e-01
0.405063,0.291139,1.527947e-01
0.417722,0.291139,1.704059e-01
0.430380,0.291139,1.904898e-01
0.443038,0.291139,2.130464e-01
0.455696,0.291139,2.380502e-01
0.468354,0.291139,2.654557e-01
0.481013,0.291139,2.951419e-01
0.493671,0.291139,3.260237e-01
0.506329,0.291139,3.576143e-01
0.518987,0.291139,3.884155e-01
0.531646,0.291139,4.180997e-01
0.544304,0.291139,4.456199e-01
0.556962,0.291139,4.705725e-01
0.569620,0.291139,4.929773e-01
0.582278,0.291139,5.130570e-01
0.594937,0.291139,5.308746e-01
0.607595,0.291139,5.464299e-01
0.620253,0.291139,5.599196e-01
0.632911,0.291139,5.720720e-01
0.645570,0.291139,5.829552e-01
0.658228,0.291139,5.925691e-01
0.670886,0.291139,6.009291e-01
0.683544,0.291139,6.084605e-01
0.696203,0.291139,6.153556e-01
0.708861,0.291139,6.216147e-01
0.721519,0.291139,6.272375e-01
0.734177,0.291139,6.322445e-01
0.746835,0.291139,6.368577e-01
0.759494,0.291139,6.411381e-01
0.772152,0.291139,6.450856e-01
0.784810,0.291139,6.487004e-01
0.797468,0.291139,6.519868e-01
0.810127,0.291139,6.550452e-01
0.822785,0.291139,6.579165e-01
0.835443,0.291139,6.606006e-01
0.848101,0.291139,6.630978e-01
0.860759,0.291139,6.654078e-01
0.873418,0.291139,6.675656e-01
0.886076,0.291139,6.696107e-01
0.898734,0.291139,6.715431e-01
0.911392,0.291139,6.733628e-01
0.924051,0.291139,6.750698e-01
0.936709,0.291139,6.766703e-01
0.949367,0.291139,6.781946e-01
0.962025,0.291139,6.796467e-01
0.974684,0.291139,6.810265e-01
0.987342,0.291139,6.823342e-01
1.000000,0.291139,6.835697e-01
0.000000,0.303797,0.000000e+00
0.012658,0.303797,1.255635e-03
0.025316,0.303797,2.628541e-03
0.037975,0.303797,4.118719e-03
0.050633,0.303797,5.726167e-03
0.063291,0.303797,7.450886e-03
0.075949,0.303797,9.292876e-03
0.088608,0.303797,1.125214e-02
0.101266,0.303797,1.332867e-02
0.113924,0.303797,1.552247e-02
0.126582,0.303797,1.783355e-02
0.139241,0.303797,2.026189e-02
0.151899,0.303797,2.280751e-02
0.164557,0.303797,2.547040e-02
0.177215,0.303797,2.825246e-02
0.189873,0.303797,3.129092e-02
0.202532,0.303797,3.467034e-02
0.215190,0.303797,3.839071e-02
0.227848,0.303797,4.245203e-02
0.240506,0.303797,4.685430e-02
0.253165,0.303797,5.159753e-02
0.265823,0.303797,5.668170e-02
0.278481,0.303797,6.211123e-02
0.291139,0.303797,6.817447e-02
0.303797,0.303797,7.504495e-02
0.316456,0.303797,8.272267e-02
0.329114,0.303797,9.120762e-02
0.341772,0.303797,1.004998e-01
0.354430,0.303797,1.107552e-01
0.367089,0.303797,1.226165e-01
0.379747,0.303797,1.361532e-01
0.392405,0.303797,1.513654e-01
0.405063,0.303797,1.682994e-01
0.417722,0.303797,1.876981e-01
0.430380,0.303797,2.098207e-01
0.443038,0.303797,2.346669e-01
0.455696,0.303797,2.622087e-01
0.468354,0.303797,2.923960e-01
0.481013,0.303797,3.250957e-01
0.493671,0.303797,3.591122e-01
0.506329,0.303797,3.939095e-01
0.518987,0.303797,4.278373e-01
0.531646,0.303797,4.605346e-01
0.544304,0.303797,4.908483e-01
0.556962,0.303797,5.183338e-01
0.569620,0.303797,5.430127e-01
0.582278,0.303797,5.651307e-01
0.594937,0.303797,5.847567e-01
0.607595,0.303797,6.018909e-01
0.620253,0.303797,6.167498e-01
0.632911,0.303797,6.301356e-01
0.645570,0.303797,6.421234e-01
0.658228,0.303797,6.527130e-01
0.670886,0.303797,6.619215e-01
0.683544,0.303797,6.702172e-01
0.696203,0.303797,6.778121e-01
0.708861,0.303797,6.847064e-01
0.721519,0.303797,6.908998e-01
0.734177,0.303797,6.964149e-01
0.746835,0.303797,7.014963e-01
0.759494,0.303797,7.062110e-01
0.772152,0.303797,7.105592e-01
0.784810,0.303797,7.145407e-01
0.797468,0.303797,7.181607e-01
0.810127,0.303797,7.215294e-01
0.822785,0.303797,7.246920e-01
0.835443,0.303797,7.276486e-01
0.848101,0.303797,7.303991e-01
0.860759,0.303797,7.329436e-01
0.873418,0.303797,7.353204e-01
0.886076,0.303797,7.375730e-01
0.898734,0.303797,7.397015e-01
0.911392,0.303797,7.417059e-01
0.924051,0.303797,7.435861e-01
0.936709,0.303797,7.453491e-01
0.949367,0.303797,7.470281e-01
0.962025,0.303797,7.486275e-01
0.974684,0.303797,7.501475e-01
0.987342,0.303797,7.515879e-01
1.000000,0.303797,7.529489e-01
0.000000,0.316456,0.000000e+00
0.012658,0.316456,1.382883e-03
0.025316,0.316456,2.894947e-03
0.037975,0.316456,4.536192e-03
0.050633,0.316456,6.306618e-03
0.063291,0.316456,8.206224e-03
0.075949,0.316456,1.023501e-02
0.088608,0.316456,1.239298e-02
0.101266,0.316456,1.468013e-02
0.113924,0.316456,1.709646e-02
0.126582,0.316456,1.964197e-02
0.139241,0.316456,2.231666e-02
0.151899,0.316456,2.512053e-02
0.164557,0.316456,2.805359e-02
0.177215,0.316456,3.111792e-02
0.189873,0.316456,3.446468e-02
0.202532,0.316456,3.818701e-02
0.215190,0.316456,4.228490e-02
0.227848,0.316456,4.675835e-02
0.240506,0.316456,5.160737e-02
0.253165,0.316456,5.683195e-02
0.265823,0.316456,6.243209e-02
0.278481,0.316456,6.841263e-02
0.291139,0.316456,7.509124e-02
0.303797,0.316456,8.265904e-02
0.316456,0.316456,9.111604e-02
0.329114,0.316456,1.004622e-01
0.341772,0.316456,1.106976e-01
0.354430,0.316456,1.219940e-01
0.367089,0.316456,1.350593e-01
0.379747,0.316456,1.499701e-01
0.392405,0.316456,1.667265e-01
0.405063,0.316456,1.853795e-01
0.417722,0.316456,2.067475e-01
0.430380,0.316456,2.311157e-01
0.443038,0.316456,2.584841e-01
0.455696,0.316456,2.888217e-01
0.468354,0.316456,3.220734e-01
0.481013,0.316456,3.580925e-01
0.493671,0.316456,3.955621e-01
0.506329,0.316456,4.338918e-01
0.518987,0.316456,4.712637e-01
0.531646,0.316456,5.072802e-01
0.544304,0.316456,5.406710e-01
0.556962,0.316456,5.709466e-01
0.569620,0.316456,5.981307e-01
0.582278,0.316456,6.224939e-01
0.594937,0.316456,6.441122e-01
0.607595,0.316456,6.629856e-01
0.620253,0.316456,6.793529e-01
0.632911,0.316456,6.940975e-01
0.645570,0.316456,7.073020e-01
0.658228,0.316456,7.189666e-01
0.670886,0.316456,7.291098e-01
0.683544,0.316456,7.382474e-01
0.696203,0.316456,7.466133e-01
0.708861,0.316456,7.542072e-01
0.721519,0.316456,7.610293e-01
0.734177,0.316456,7.671041e-01
0.746835,0.316456,7.727012e-01
0.759494,0.316456,7.778944e-01
0.772152,0.316456,7.826839e-01
0.784810,0.316456,7.870695e-01
0.797468,0.316456,7.910569e-01
0.810127,0.316456,7.947675e-01
0.822785,0.316456,7.982511e-01
0.835443,0.316456,8.015077e-01
0.848101,0.316456,8.045374e-01
0.860759,0.316456,8.073401e-01
0.873418,0.316456,8.099581e-01
0.886076,0.316456,8.124394e-01
0.898734,0.316456,8.147839e-01
0.911392,0.316456,8.169917e-01
0.924051,0.316456,8.190628e-01
0.936709,0.316456,8.210047e-01
0.949367,0.316456,8.228541e-01
0.962025,0.316456,8.246159e-01
0.974684,0.316456,8.262902e-01
0.987342,0.316456,8.278769e-01
1.000000,0.316456,8.293759e-01
0.000000,0.329114,0.000000e+00
0.012658,0.329114,1.521855e-03
0.025316,0.329114,3.185900e-03
0.037975,0.329114,4.992134e-03
0.050633,0.329114,6.940558e-03
0.063291,0.329114,9.031172e-03
0.075949,0.329114,1.126398e-02
0.088608,0.329114,1.363897e-02
0.101266,0.329114,1.615615e-02
0.113924,0.329114,1.881553e-02
0.126582,0.329114,2.161709e-02
0.139241,0.329114,2.456084e-02
0.151899,0.329114,2.764678e-02
0.164557,0.329114,3.087492e-02
0.177215,0.329114,3.424755e-02
0.189873,0.329114,3.793104e-02
0.202532,0.329114,4.202790e-02
0.215190,0.329114,4.653814e-02
0.227848,0.329114,5.146173e-02
0.240506,0.329114,5.679870e-02
0.253165,0.329114,6.254904e-02
0.265823,0.329114,6.871274e-02
0.278481,0.329114,7.529514e-02
0.291139,0.329114,8.264587e-02
0.303797,0.329114,9.097532e-02
0.316456,0.329114,1.002835e-01
0.329114,0.329114,1.105704e-01
0.341772,0.329114,1.218360e-01
0.354430,0.329114,1.342694e-01
0.367089,0.329114,1.486498e-01
0.379747,0.329114,1.650615e-01
0.392405,0.329114,1.835045e-01
0.405063,0.329114,2.040350e-01
0.417722,0.329114,2.275538e-01
0.430380,0.329114,2.543748e-01
0.443038,0.329114,2.844980e-01
0.455696,0.329114,3.178893e-01
0.468354,0.329114,3.544878e-01
0.481013,0.329114,3.941324e-01
0.493671,0.329114,4.353734e-01
0.506329,0.329114,4.775611e-01
0.518987,0.329114,5.186946e-01
0.531646,0.329114,5.583362e-01
0.544304,0.329114,5.950880e-01
0.556962,0.329114,6.284109e-01
0.569620,0.329114,6.583312e-01
0.582278,0.329114,6.851466e-01
0.594937,0.329114,7.089409e-01
0.607595,0.329114,7.297141e-01
0.620253,0.329114,7.477288e-01
0.632911,0.329114,7.639575e-01
0.645570,0.329114,7.784911e-01
0.658228,0.329114,7.913297e-01
0.670886,0.329114,8.024938e-01
0.683544,0.329114,8.125512e-01
0.696203,0.329114,8.217590e-01
0.708861,0.329114,8.301172e-01
0.721519,0.329114,8.376259e-01
0.734177,0.329114,8.443121e-01
0.746835,0.329114,8.504724e-01
0.759494,0.329114,8.561883e-01
0.772152,0.329114,8.614598e-01
0.784810,0.329114,8.662868e-01
0.797468,0.329114,8.706754e-01
0.810127,0.329114,8.747594e-01
0.822785,0.329114,8.785936e-01
0.835443,0.329114,8.821780e-01
0.848101,0.329114,8.855126e-01
0.860759,0.329114,8.885973e-01
0.873418,0.329114,8.914788e-01
0.886076,0.329114,8.942098e-01
0.898734,0.329114,8.967903e-01
0.911392,0.329114,8.992203e-01
0.924051,0.329114,9.014998e-01
0.936709,0.329114,9.036372e-01
0.949367,0.329114,9.056727e-01
0.962025,0.329114,9.076119e-01
0.974684,0.329114,9.094546e-01
0.987342,0.329114,9.112010e-01
1.000000,0.329114,9.128510e-01
0.000000,0.341772,0.000000e+00
0.012658,0.341772,1.674316e-03
0.025316,0.341772,3.505096e-03
0.037975,0.341772,5.492340e-03
0.050633,0.341772,7.636046e-03
0.063291,0.341772,9.936217e-03
0.075949,0.341772,1.239285e-02
0.088608,0.341772,1.500595e-02
0.101266,0.341772,1.777551e-02
0.113924,0.341772,2.070153e-02
0.126582,0.341772,2.378402e-02
0.139241,0.341772,2.702297e-02
0.151899,0.341772,3.041838e-02
0.164557,0.341772,3.397026e-02
0.177215,0.341772,3.768114e-02
0.189873,0.341772,4.173409e-02
0.202532,0.341772,4.624188e-02
0.215190,0.341772,5.120452e-02
0.227848,0.341772,5.662200e-02
0.240506,0.341772,6.249434e-02
0.253165,0.341772,6.882153e-02
0.265823,0.341772,7.560357e-02
0.278481,0.341772,8.284631e-02
0.291139,0.341772,9.093450e-02
0.303797,0.341772,1.000996e-01
0.316456,0.341772,1.103417e-01
0.329114,0.341772,1.216607e-01
0.341772,0.341772,1.340567e-01
0.354430,0.341772,1.477377e-01
0.367089,0.341772,1.635609e-01
0.379747,0.341772,1.816193e-01
0.392405,0.341772,2.019129e-01
0.405063,0.341772,2.245034e-01
0.417722,0.341772,2.503820e-01
0.430380,0.341772,2.798941e-01
0.443038,0.341772,3.130397e-01
0.455696,0.341772,3.497812e-01
0.468354,0.341772,3.900518e-01
0.481013,0.341772,4.336740e-01
0.493671,0.341772,4.790529e-01
0.506329,0.341772,5.254733e-01
0.518987,0.341772,5.707337e-01
0.531646,0.341772,6.143527e-01
0.544304,0.341772,6.547918e-01
0.556962,0.341772,6.914581e-01
0.569620,0.341772,7.243805e-01
0.582278,0.341772,7.538864e-01
0.594937,0.341772,7.800681e-01
0.607595,0.341772,8.029256e-01
0.620253,0.341772,8.227479e-01
0.632911,0.341772,8.406049e-01
0.645570,0.341772,8.565967e-01
0.658228,0.341772,8.707235e-01
0.670886,0.341772,8.830077e-01
0.683544,0.341772,8.940741e-01
0.696203,0.341772,9.042057e-01
0.708861,0.341772,9.134025e-01
0.721519,0.341772,9.216645e-01
0.734177,0.341772,9.290215e-01
0.746835,0.341772,9.357999e-01
0.759494,0.341772,9.420892e-01
0.772152,0.341772,9.478895e-01
0.784810,0.341772,9.532008e-01
0.797468,0.341772,9.580297e-01
0.810127,0.341772,9.625234e-01
0.822785,0.341772,9.667423e-01
0.835443,0.341772,9.706862e-01
0.848101,0.341772,9.743553e-01
0.860759,0.341772,9.777496e-01
0.873418,0.341772,9.809202e-01
0.886076,0.341772,9.839251e-01
0.898734,0.341772,9.867645e-01
0.911392,0.341772,9.894383e-01
0.924051,0.341772,9.919465e-01
0.936709,0.341772,9.942983e-01
0.949367,0.341772,9.965380e-01
0.962025,0.341772,9.986717e-01
0.974684,0.341772,1.000699e+00
0.987342,0.341772,1.002621e+00
1.000000,0.341772,1.004436e+00
0.000000,0.354430,0.000000e+00
0.012658,0.354430,1.849834e-03
0.025316,0.354430,3.872568e-03
0.037975,0.354430,6.068199e-03
0.050633,0.354430,8.436730e-03
0.063291,0.354430,1.097816e-02
0.075949,0.354430,1.369249e-02
0.088608,0.354430,1.657971e-02
0.101266,0.354430,1.963984e-02
0.113924,0.354430,2.287286e-02
0.126582,0.354430,2.627878e-02
0.139241,0.354430,2.985760e-02
0.151899,0.354430,3.360932e-02
0.164557,0.354430,3.753394e-02
0.177215,0.354430,4.163426e-02
0.189873,0.354430,4.611257e-02
0.202532,0.354430,5.109350e-02
0.215190,0.354430,5.657704e-02
0.227848,0.354430,6.256319e-02
0.240506,0.354430,6.905197e-02
0.253165,0.354430,7.604335e-02
0.265823,0.354430,8.353736e-02
0.278481,0.354430,9.154046e-02
0.291139,0.354430,1.004778e-01
0.303797,0.354430,1.106051e-01
0.316456,0.354430,1.219225e-01
0.329114,0.354430,1.344299e-01
0.341772,0.354430,1.481274e-01
0.354430,0.354430,1.632448e-01
0.367089,0.354430,1.807294e-01
0.379747,0.354430,2.006838e-01
0.392405,0.354430,2.231081e-01
0.405063,0.354430,2.480705e-01
0.417722,0.354430,2.766662e-01
0.430380,0.354430,3.092768e-01
0.443038,0.354430,3.459024e-01
0.455696,0.354430,3.865014e-01
0.468354,0.354430,4.310000e-01
0.481013,0.354430,4.792019e-01
0.493671,0.354430,5.293450e-01
0.506329,0.354430,5.806390e-01
0.518987,0.354430,6.306512e-01
0.531646,0.354430,6.788495e-01
0.544304,0.354430,7.235342e-01
0.556962,0.354430,7.640501e-01
0.569620,0.354430,8.004290e-01
0.582278,0.354430,8.330327e-01
0.594937,0.354430,8.619633e-01
0.607595,0.354430,8.872206e-01
0.620253,0.354430,9.091241e-01
0.632911,0.354430,9.288559e-01
0.645570,0.354430,9.465268e-01
0.658228,0.354430,9.621367e-01
0.670886,0.354430,9.757106e-01
0.683544,0.354430,9.879388e-01
0.696203,0.354430,9.991341e-01
0.708861,0.354430,1.009296e+00
0.721519,0.354430,1.018426e+00
0.734177,0.354430,1.026555e+00
0.746835,0.354430,1.034045e+00
0.759494,0.354430,1.040995e+00
0.772152,0.354430,1.047404e+00
0.784810,0.354430,1.053273e+00
0.797468,0.354430,1.058609e+00
0.810127,0.354430,1.063574e+00
0.822785,0.354430,1.068236e+00
0.835443,0.354430,1.072594e+00
0.848101,0.354430,1.076648e+00
0.860759,0.354430,1.080399e+00
0.873418,0.354430,1.083902e+00
0.886076,0.354430,1.087223e+00
0.898734,0.354430,1.090360e+00
0.911392,0.354430,1.093314e+00
0.924051,0.354430,1.096086e+00
0.936709,0.354430,1.098685e+00
0.949367,0.354430,1.101160e+00
0.962025,0.354430,1.103517e+00
0.974684,0.354430,1.105758e+00
0.987342,0.354430,1.107881e+00
1.000000,0.354430,1.109887e+00
0.000000,0.367089,0.000000e+00
0.012658,0.367089,2.049843e-03
0.025316,0.367089,4.291316e-03
0.037975,0.367089,6.724418e-03
0.050633,0.367089,9.349151e-03
0.063291,0.367089,1.216551e-02
0.075949,0.367089,1.517350e-02
0.088608,0.367089,1.837313e-02
0.101266,0.367089,2.176438e-02
0.113924,0.367089,2.534726e-02
0.126582,0.367089,2.912177e-02
0.139241,0.367089,3.308791e-02
0.151899,0.367089,3.724568e-02
0.164557,0.367089,4.159508e-02
0.177215,0.367089,4.613922e-02
0.189873,0.367089,5.110229e-02
0.202532,0.367089,5.662243e-02
0.215190,0.367089,6.269962e-02
0.227848,0.367089,6.933387e-02
0.240506,0.367089,7.652519e-02
0.253165,0.367089,8.427356e-02
0.265823,0.367089,9.257900e-02
0.278481,0.367089,1.014487e-01
0.291139,0.367089,1.113538e-01
0.303797,0.367089,1.225778e-01
0.316456,0.367089,1.351207e-01
0.329114,0.367089,1.489825e-01
0.341772,0.367089,1.641632e-01
0.354430,0.367089,1.809177e-01
0.367089,0.367089,2.002957e-01
0.379747,0.367089,2.224110e-01
0.392405,0.367089,2.472637e-01
0.405063,0.367089,2.749292e-01
0.417722,0.367089,3.066215e-01
0.430380,0.367089,3.427634e-01
0.443038,0.367089,3.833550e-01
0.455696,0.367089,4.283503e-01
0.468354,0.367089,4.776673e-01
0.481013,0.367089,5.310886e-01
0.493671,0.367089,5.866613e-01
0.506329,0.367089,6.435095e-01
0.518987,0.367089,6.989370e-01
0.531646,0.367089,7.523543e-01
0.544304,0.367089,8.018776e-01
0.556962,0.367089,8.467806e-01
0.569620,0.367089,8.870988e-01
0.582278,0.367089,9.232331e-01
0.594937,0.367089,9.552964e-01
0.607595,0.367089,9.832888e-01
0.620253,0.367089,1.007564e+00
0.632911,0.367089,1.029433e+00
0.645570,0.367089,1.049017e+00
0.658228,0.367089,1.066317e+00
0.670886,0.367089,1.081361e+00
0.683544,0.367089,1.094913e+00
0.696203,0.367089,1.107321e+00
0.708861,0.367089,1.118583e+00
0.721519,0.367089,1.128701e+00
0.734177,0.367089,1.137711e+00
0.746835,0.367089,1.146012e+00
0.759494,0.367089,1.153714e+00
0.772152,0.367089,1.160817e+00
0.784810,0.367089,1.167321e+00
0.797468,0.367089,1.173235e+00
0.810127,0.367089,1.178738e+00
0.822785,0.367089,1.183905e+00
0.835443,0.367089,1.188734e+00
0.848101,0.367089,1.193228e+00
0.860759,0.367089,1.197384e+00
0.873418,0.367089,1.201267e+00
0.886076,0.367089,1.204947e+00
0.898734,0.367089,1.208424e+00
0.911392,0.367089,1.211699e+00
0.924051,0.367089,1.214770e+00
0.936709,0.367089,1.217650e+00
0.949367,0.367089,1.220393e+00
0.962025,0.367089,1.223006e+00
0.974684,0.367089,1.225489e+00
0.987342,0.367089,1.227842e+00
1.000000,0.367089,1.230065e+00
0.000000,0.379747,0.000000e+00
0.012658,0.379747,2.274342e-03
0.025316,0.379747,4.761341e-03
0.037975,0.379747,7.460997e-03
0.050633,0.379747,1.037331e-02
0.063291,0.379747,1.349828e-02
0.075949,0.379747,1.683591e-02
0.088608,0.379747,2.038619e-02
0.101266,0.379747,2.414913e-02
0.113924,0.379747,2.812473e-02
0.126582,0.379747,3.231298e-02
0.139241,0.379747,3.671389e-02
0.151899,0.379747,4.132746e-02
0.164557,0.379747,4.615369e-02
0.177215,0.379747,5.119602e-02
0.189873,0.379747,5.670325e-02
0.202532,0.379747,6.282867e-02
0.215190,0.379747,6.957227e-02
0.227848,0.379747,7.693405e-02
0.240506,0.379747,8.491401e-02
0.253165,0.379747,9.351216e-02
0.265823,0.379747,1.027285e-01
0.278481,0.379747,1.125710e-01
0.291139,0.379747,1.235624e-01
0.303797,0.379747,1.360175e-01
0.316456,0.379747,1.499361e-01
0.329114,0.379747,1.653184e-01
0.341772,0.379747,1.821642e-01
0.354430,0.379747,2.007564e-01
0.367089,0.379747,2.222599e-01
0.379747,0.379747,2.468009e-01
0.392405,0.379747,2.743794e-01
0.405063,0.379747,3.050795e-01
0.417722,0.379747,3.402478e-01
0.430380,0.379747,3.803538e-01
0.443038,0.379747,4.253975e-01
0.455696,0.379747,4.753278e-01
0.468354,0.379747,5.300538e-01
0.481013,0.379747,5.893341e-01
0.493671,0.379747,6.510017e-01
0.506329,0.379747,7.140847e-01
0.518987,0.379747,7.755913e-01
0.531646,0.379747,8.348672e-01
0.544304,0.379747,8.898219e-01
0.556962,0.379747,9.396498e-01
0.569620,0.379747,9.843900e-01
0.582278,0.379747,1.024487e+00
0.594937,0.379747,1.060068e+00
0.607595,0.379747,1.091130e+00
0.620253,0.379747,1.118068e+00
0.632911,0.379747,1.142335e+00
0.645570,0.379747,1.164067e+00
0.658228,0.379747,1.183265e+00
0.670886,0.379747,1.199959e+00
0.683544,0.379747,1.214997e+00
0.696203,0.379747,1.228766e+00
0.708861,0.379747,1.241264e+00
0.721519,0.379747,1.252491e+00
0.734177,0.379747,1.262489e+00
0.746835,0.379747,1.271700e+00
0.759494,0.379747,1.280247e+00
0.772152,0.379747,1.288129e+00
0.784810,0.379747,1.295347e+00
0.797468,0.379747,1.301909e+00
0.810127,0.379747,1.308015e+00
0.822785,0.379747,1.313749e+00
0.835443,0.379747,1.319108e+00
0.848101,0.379747,1.324094e+00
0.860759,0.379747,1.328707e+00
0.873418,0.379747,1.333015e+00
0.886076,0.379747,1.337099e+00
0.898734,0.379747,1.340957e+00
0.911392,0.379747,1.344591e+00
0.924051,0.379747,1.347999e+00
0.936709,0.379747,1.351195e+00
0.949367,0.379747,1.354239e+00
0.962025,0.379747,1.357138e+00
0.974684,0.379747,1.359894e+00
0.987342,0.379747,1.362505e+00
1.000000,0.379747,1.364972e+00
0.000000,0.392405,0.000000e+00
0.012658,0.392405,2.523356e-03
0.025316,0.392405,5.282693e-03
0.037975,0.392405,8.278013e-03
0.050633,0.392405,1.150932e-02
0.063291,0.392405,1.497660e-02
0.075949,0.392405,1.867987e-02
0.088608,0.392405,2.261912e-02
0.101266,0.392405,2.679435e-02
0.113924,0.392405,3.120556e-02
0.126582,0.392405,3.585276e-02
0.139241,0.392405,4.073593e-02
0.151899,0.392405,4.585510e-02
0.164557,0.392405,5.121024e-02
0.177215,0.392405,5.680520e-02
0.189873,0.392405,6.291604e-02
0.202532,0.392405,6.971288e-02
0.215190,0.392405,7.719570e-02
0.227848,0.392405,8.536452e-02
0.240506,0.392405,9.421932e-02
0.253165,0.392405,1.037601e-01
0.265823,0.392405,1.139869e-01
0.278481,0.392405,1.249085e-01
0.291139,0.392405,1.371051e-01
0.303797,0.392405,1.509258e-01
0.316456,0.392405,1.663705e-01
0.329114,0.392405,1.834393e-01
0.341772,0.392405,2.021322e-01
0.354430,0.392405,2.227629e-01
0.367089,0.392405,2.466241e-01
0.379747,0.392405,2.738560e-01
0.392405,0.392405,3.044584e-01
0.405063,0.392405,3.385245e-01
0.417722,0.392405,3.775488e-01
0.430380,0.392405,4.220521e-01
0.443038,0.392405,4.720344e-01
0.455696,0.392405,5.274390e-01
0.468354,0.392405,5.881649e-01
0.481013,0.392405,6.539445e-01
0.493671,0.392405,7.223731e-01
0.506329,0.392405,7.923723e-01
0.518987,0.392405,8.606221e-01
0.531646,0.392405,9.263967e-01
0.544304,0.392405,9.873765e-01
0.556962,0.392405,1.042667e+00
0.569620,0.392405,1.092313e+00
0.582278,0.392405,1.136807e+00
0.594937,0.392405,1.176288e+00
0.607595,0.392405,1.210756e+00
0.620253,0.392405,1.240647e+00
0.632911,0.392405,1.267575e+00
0.645570,0.392405,1.291690e+00
0.658228,0.392405,1.312993e+00
0.670886,0.392405,1.331516e+00
0.683544,0.392405,1.348204e+00
0.696203,0.392405,1.363482e+00
0.708861,0.392405,1.377350e+00
0.721519,0.392405,1.389808e+00
0.734177,0.392405,1.400902e+00
0.746835,0.392405,1.411123e+00
0.759494,0.392405,1.420607e+00
0.772152,0.392405,1.429353e+00
0.784810,0.392405,1.437362e+00
0.797468,0.392405,1.444644e+00
0.810127,0.392405,1.451420e+00
0.822785,0.392405,1.457782e+00
0.835443,0.392405,1.463729e+00
0.848101,0.392405,1.469261e+00
0.860759,0.392405,1.474380e+00
0.873418,0.392405,1.479161e+00
0.886076,0.392405,1.483692e+00
0.898734,0.392405,1.487973e+00
0.911392,0.392405,1.492005e+00
0.924051,0.392405,1.495787e+00
0.936709,0.392405,1.499334e+00
0.949367,0.392405,1.502711e+00
0.962025,0.392405,1.505928e+00
0.974684,0.392405,1.508986e+00
0.987342,0.392405,1.511883e+00
1.000000,0.392405,1.514620e+00
0.000000,0.405063,0.000000e+00
0.012658,0.405063,2.806969e-03
0.025316,0.405063,5.876486e-03
0.037975,0.405063,9.208553e-03
0.050633,0.405063,1.280317e-02
0.063291,0.405063,1.666033e-02
0.075949,0.405063,2.078005e-02
0.088608,0.405063,2.516231e-02
0.101266,0.405063,2.980713e-02
0.113924,0.405063,3.471449e-02
0.126582,0.405063,3.988440e-02
0.139241,0.405063,4.531686e-02
0.151899,0.405063,5.101187e-02
0.164557,0.405063,5.696943e-02
0.177215,0.405063,6.319380e-02
0.189873,0.405063,6.999215e-02
0.202532,0.405063,7.755373e-02
0.215190,0.405063,8.587856e-02
0.227848,0.405063,9.496662e-02
0.240506,0.405063,1.048179e-01
0.253165,0.405063,1.154324e-01
0.265823,0.405063,1.268102e-01
0.278481,0.405063,1.389611e-01
0.291139,0.405063,1.525304e-01
0.303797,0.405063,1.679066e-01
0.316456,0.405063,1.850896e-01
0.329114,0.405063,2.040794e-01
0.341772,0.405063,2.248762e-01
0.354430,0.405063,2.478288e-01
0.367089,0.405063,2.743755e-01
0.379747,0.405063,3.046722e-01
0.392405,0.405063,3.387188e-01
0.405063,0.405063,3.766190e-01
0.417722,0.405063,4.200353e-01
0.430380,0.405063,4.695473e-01
0.443038,0.405063,5.251549e-01
0.455696,0.405063,5.867950e-01
0.468354,0.405063,6.543553e-01
0.481013,0.405063,7.275380e-01
0.493671,0.405063,8.036677e-01
0.506329,0.405063,8.815448e-01
0.518987,0.405063,9.574756e-01
0.531646,0.405063,1.030653e+00
0.544304,0.405063,1.098495e+00
0.556962,0.405063,1.160009e+00
0.569620,0.405063,1.215242e+00
0.582278,0.405063,1.264743e+00
0.594937,0.405063,1.308667e+00
0.607595,0.405063,1.347015e+00
0.620253,0.405063,1.380270e+00
0.632911,0.405063,1.410228e+00
0.645570,0.405063,1.437057e+00
0.658228,0.405063,1.460757e+00
0.670886,0.405063,1.481366e+00
0.683544,0.405063,1.499931e+00
0.696203,0.405063,1.516928e+00
0.708861,0.405063,1.532357e+00
0.721519,0.405063,1.546217e+00
0.734177,0.405063,1.558560e+00
0.746835,0.405063,1.569931e+00
0.759494,0.405063,1.580482e+00
0.772152,0.405063,1.590213e+00
0.784810,0.405063,1.599123e+00
0.797468,0.405063,1.607224e+00
0.810127,0.405063,1.614763e+00
0.822785,0.405063,1.621840e+00
0.835443,0.405063,1.628457e+00
0.848101,0.405063,1.634612e+00
0.860759,0.405063,1.640306e+00
0.873418,0.405063,1.645626e+00
0.886076,0.405063,1.650667e+00
0.898734,0.405063,1.655430e+00
0.911392,0.405063,1.659916e+00
0.924051,0.405063,1.664123e+00
0.936709,0.405063,1.668069e+00
0.949367,0.405063,1.671826e+00
0.962025,0.405063,1.675406e+00
0.974684,0.405063,1.678807e+00
0.987342,0.405063,1.682030e+00
1.000000,0.405063,1.685076e+00
0.000000,0.417722,0.000000e+00
0.012658,0.417722,3.133468e-03
0.025316,0.417722,6.560069e-03
0.037975,0.417722,1.027980e-02
0.050633,0.417722,1.429267e-02
0.063291,0.417722,1.859867e-02
0.075949,0.417722,2.319780e-02
0.088608,0.417722,2.809007e-02
0.101266,0.417722,3.327546e-02
0.113924,0.417722,3.875399e-02
0.126582,0.417722,4.452566e-02
0.139241,0.417722,5.059045e-02
0.151899,0.417722,5.694838e-02
0.164557,0.417722,6.359944e-02
0.177215,0.417722,7.054840e-02
0.189873,0.417722,7.813822e-02
0.202532,0.417722,8.658023e-02
0.215190,0.417722,9.587443e-02
0.227848,0.417722,1.060208e-01
0.240506,0.417722,1.170194e-01
0.253165,0.417722,1.288701e-01
0.265823,0.417722,1.415731e-01
0.278481,0.417722,1.551392e-01
0.291139,0.417722,1.702890e-01
0.303797,0.417722,1.874561e-01
0.316456,0.417722,2.066404e-01
0.329114,0.417722,2.278419e-01
0.341772,0.417722,2.510607e-01
0.354430,0.417722,2.766865e-01
0.367089,0.417722,3.063249e-01
0.379747,0.417722,3.401501e-01
0.392405,0.417722,3.781620e-01
0.405063,0.417722,4.204762e-01
0.417722,0.417722,4.689491e-01
0.430380,0.417722,5.242275e-01
0.443038,0.417722,5.863116e-01
0.455696,0.417722,6.551307e-01
0.468354,0.417722,7.305596e-01
0.481013,0.417722,8.122656e-01
0.493671,0.417722,8.972619e-01
0.506329,0.417722,9.842090e-01
0.518987,0.417722,1.068983e+00
0.531646,0.417722,1.150683e+00
0.544304,0.417722,1.226427e+00
0.556962,0.417722,1.295105e+00
0.569620,0.417722,1.356770e+00
0.582278,0.417722,1.412037e+00
0.594937,0.417722,1.461077e+00
0.607595,0.417722,1.503890e+00
0.620253,0.417722,1.541018e+00
0.632911,0.417722,1.574465e+00
0.645570,0.417722,1.604419e+00
0.658228,0.417722,1.630879e+00
0.670886,0.417722,1.653887e+00
0.683544,0.417722,1.674614e+00
0.696203,0.417722,1.693591e+00
0.708861,0.417722,1.710817e+00
0.721519,0.417722,1.726291e+00
0.734177,0.417722,1.740071e+00
0.746835,0.417722,1.752767e+00
0.759494,0.417722,1.764546e+00
0.772152,0.417722,1.775410e+00
0.784810,0.417722,1.785358e+00
0.797468,0.417722,1.794403e+00
0.810127,0.417722,1.802819e+00
0.822785,0.417722,1.810721e+00
0.835443,0.417722,1.818108e+00
0.848101,0.417722,1.824980e+00
0.860759,0.417722,1.831338e+00
0.873418,0.417722,1.837276e+00
0.886076,0.417722,1.842904e+00
0.898734,0.417722,1.848223e+00
0.911392,0.417722,1.853231e+00
0.924051,0.417722,1.857929e+00
0.936709,0.417722,1.862333e+00
0.949367,0.417722,1.866528e+00
0.962025,0.417722,1.870525e+00
0.974684,0.417722,1.874322e+00
0.987342,0.417722,1.877921e+00
1.000000,0.417722,1.881321e+00
0.000000,0.430380,0.000000e+00
0.012658,0.430380,3.502854e-03
0.025316,0.430380,7.333442e-03
0.037975,0.430380,1.149176e-02
0.050633,0.430380,1.597782e-02
0.063291,0.430380,2.079160e-02
0.075949,0.430380,2.593312e-02
0.088608,0.430380,3.140238e-02
0.101266,0.430380,3.719936e-02
0.113924,0.430380,4.332408e-02
0.126582,0.430380,4.977653e-02
0.139241,0.430380,5.655672e-02
0.151899,0.430380,6.366464e-02
0.164557,0.430380,7.110029e-02
0.177215,0.430380,7.886900e-02
0.189873,0.430380,8.735426e-02
0.202532,0.430380,9.679236e-02
0.215190,0.430380,1.071833e-01
0.227848,0.430380,1.185271e-01
0.240506,0.430380,1.308237e-01
0.253165,0.430380,1.440732e-01
0.265823,0.430380,1.582755e-01
0.278481,0.430380,1.734430e-01
0.291139,0.430380,1.903810e-01
0.303797,0.430380,2.095743e-01
0.316456,0.430380,2.310229e-01
0.329114,0.430380,2.547267e-01
0.341772,0.430380,2.806858e-01
0.354430,0.430380,3.093360e-01
0.367089,0.430380,3.424724e-01
0.379747,0.430380,3.802897e-01
0.392405,0.430380,4.227878e-01
0.405063,0.430380,4.700960e-01
0.417722,0.430380,5.242899e-01
0.430380,0.430380,5.860927e-01
0.443038,0.430380,6.555044e-01
0.455696,0.430380,7.324462e-01
0.468354,0.430380,8.167778e-01
0.481013,0.430380,9.081275e-01
0.493671,0.430380,1.003156e+00
0.506329,0.430380,1.100365e+00
0.518987,0.430380,1.195145e+00
0.531646,0.430380,1.286488e+00
0.544304,0.430380,1.371172e+00
0.556962,0.430380,1.447955e+00
0.569620,0.430380,1.516899e+00
0.582278,0.430380,1.578688e+00
0.594937,0.430380,1.633516e+00
0.607595,0.430380,1.681382e+00
0.620253,0.430380,1.722892e+00
0.632911,0.430380,1.760286e+00
0.645570,0.430380,1.793774e+00
0.658228,0.430380,1.823357e+00
0.670886,0.430380,1.849081e+00
0.683544,0.430380,1.872254e+00
0.696203,0.430380,1.893470e+00
0.708861,0.430380,1.912729e+00
0.721519,0.430380,1.930030e+00
0.734177,0.430380,1.945435e+00
0.746835,0.430380,1.959629e+00
0.759494,0.430380,1.972799e+00
0.772152,0.430380,1.984945e+00
0.784810,0.430380,1.996067e+00
0.797468,0.430380,2.006179e+00
0.810127,0.430380,2.015589e+00
0.822785,0.430380,2.024424e+00
0.835443,0.430380,2.032683e+00
0.848101,0.430380,2.040366e+00
0.860759,0.430380,2.047473e+00
0.873418,0.430380,2.054113e+00
0.886076,0.430380,2.060405e+00
0.898734,0.430380,2.066351e+00
0.911392,0.430380,2.071950e+00
0.924051,0.430380,2.077203e+00
0.936709,0.430380,2.082127e+00
0.949367,0.430380,2.086817e+00
0.962025,0.430380,2.091285e+00
0.974684,0.430380,2.095531e+00
0.987342,0.430380,2.099554e+00
1.000000,0.430380,2.103356e+00
0.000000,0.443038,0.000000e+00
0.012658,0.443038,3.915336e-03
0.025316,0.443038,8.197041e-03
0.037975,0.443038,1.284512e-02
0.050633,0.443038,1.785956e-02
0.063291,0.443038,2.324037e-02
0.075949,0.443038,2.898756e-02
0.088608,0.443038,3.510111e-02
0.101266,0.443038,4.158103e-02
0.113924,0.443038,4.842732e-02
0.126582,0.443038,5.563998e-02
0.139241,0.443038,6.321901e-02
0.151899,0.443038,7.116441e-02
0.164557,0.443038,7.947618e-02
0.177215,0.443038,8.816027e-02
0.189873,0.443038,9.764544e-02
0.202532,0.443038,1.081959e-01
0.215190,0.443038,1.198116e-01
0.227848,0.443038,1.324925e-01
0.240506,0.443038,1.462387e-01
0.253165,0.443038,1.610502e-01
0.265823,0.443038,1.769269e-01
0.278481,0.443038,1.938826e-01
0.291139,0.443038,2.128177e-01
0.303797,0.443038,2.342737e-01
0.316456,0.443038,2.582508e-01
0.329114,0.443038,2.847490e-01
0.341772,0.443038,3.137682e-01
0.354430,0.443038,3.457957e-01
0.367089,0.443038,3.828383e-01
0.379747,0.443038,4.251135e-01
0.392405,0.443038,4.726214e-01
0.405063,0.443038,5.255065e-01
0.417722,0.443038,5.860891e-01
0.430380,0.443038,6.551777e-01
0.443038,0.443038,7.327723e-01
0.455696,0.443038,8.187848e-01
0.468354,0.443038,9.130585e-01
0.481013,0.443038,1.015178e+00
0.493671,0.443038,1.121409e+00
0.506329,0.443038,1.230078e+00
0.518987,0.443038,1.336032e+00
0.531646,0.443038,1.438144e+00
0.544304,0.443038,1.532811e+00
0.556962,0.443038,1.618647e+00
0.569620,0.443038,1.695718e+00
0.582278,0.443038,1.764791e+00
0.594937,0.443038,1.826082e+00
0.607595,0.443038,1.879590e+00
0.620253,0.443038,1.925993e+00
0.632911,0.443038,1.967795e+00
0.645570,0.443038,2.005231e+00
0.658228,0.443038,2.038301e+00
0.670886,0.443038,2.067056e+00
0.683544,0.443038,2.092962e+00
0.696203,0.443038,2.116678e+00
0.708861,0.443038,2.138207e+00
0.721519,0.443038,2.157547e+00
0.734177,0.443038,2.174769e+00
0.746835,0.443038,2.190636e+00
0.759494,0.443038,2.205359e+00
0.772152,0.443038,2.218937e+00
0.784810,0.443038,2.231370e+00
0.797468,0.443038,2.242673e+00
0.810127,0.443038,2.253193e+00
0.822785,0.443038,2.263069e+00
0.835443,0.443038,2.272301e+00
0.848101,0.443038,2.280890e+00
0.860759,0.443038,2.288835e+00
0.873418,0.443038,2.296257e+00
0.886076,0.443038,2.303292e+00
0.898734,0.443038,2.309938e+00
0.911392,0.443038,2.316198e+00
0.924051,0.443038,2.322069e+00
0.936709,0.443038,2.327574e+00
0.949367,0.443038,2.332817e+00
0.962025,0.443038,2.337812e+00
0.974684,0.443038,2.342558e+00
0.987342,0.443038,2.347056e+00
1.000000,0.443038,2.351305e+00
0.000000,0.455696,0.000000e+00
0.012658,0.455696,4.373353e-03
0.025316,0.455696,9.155973e-03
0.037975,0.455696,1.434786e-02
0.050633,0.455696,1.994901e-02
0.063291,0.455696,2.595944e-02
0.075949,0.455696,3.237912e-02
0.088608,0.455696,3.920808e-02
0.101266,0.455696,4.644630e-02
0.113924,0.455696,5.409379e-02
0.126582,0.455696,6.215055e-02
0.139241,0.455696,7.061657e-02
0.151899,0.455696,7.949187e-02
0.164557,0.455696,8.877642e-02
0.177215,0.455696,9.847690e-02
0.189873,0.455696,1.090723e-01
0.202532,0.455696,1.208579e-01
0.215190,0.455696,1.338335e-01
0.227848,0.455696,1.479993e-01
0.240506,0.455696,1.633552e-01
0.253165,0.455696,1.799012e-01
0.265823,0.455696,1.976373e-01
0.278481,0.455696,2.165788e-01
0.291139,0.455696,2.377314e-01
0.303797,0.455696,2.617001e-01
0.316456,0.455696,2.884849e-01
0.329114,0.455696,3.180859e-01
0.341772,0.455696,3.505031e-01
0.354430,0.455696,3.862806e-01
0.367089,0.455696,4.276605e-01
0.379747,0.455696,4.748858e-01
0.392405,0.455696,5.279565e-01
0.405063,0.455696,5.870341e-01
0.417722,0.455696,6.547107e-01
0.430380,0.455696,7.318896e-01
0.443038,0.455696,8.185707e-01
0.455696,0.455696,9.146557e-01
0.468354,0.455696,1.019969e+00
0.481013,0.455696,1.134047e+00
0.493671,0.455696,1.252719e+00
0.506329,0.455696,1.374114e+00
0.518987,0.455696,1.492476e+00
0.531646,0.455696,1.606546e+00
0.544304,0.455696,1.712299e+00
0.556962,0.455696,1.808187e+00
0.569620,0.455696,1.894283e+00
0.582278,0.455696,1.971444e+00
0.594937,0.455696,2.039911e+00
0.607595,0.455696,2.099685e+00
0.620253,0.455696,2.151521e+00
0.632911,0.455696,2.198218e+00
0.645570,0.455696,2.240036e+00
0.658228,0.455696,2.276978e+00
0.670886,0.455696,2.309100e+00
0.683544,0.455696,2.338039e+00
0.696203,0.455696,2.364532e+00
0.708861,0.455696,2.388582e+00
0.721519,0.455696,2.410187e+00
0.734177,0.455696,2.429425e+00
0.746835,0.455696,2.447150e+00
0.759494,0.455696,2.463596e+00
0.772152,0.455696,2.478764e+00
0.784810,0.455696,2.492653e+00
0.797468,0.455696,2.505280e+00
0.810127,0.455696,2.517031e+00
0.822785,0.455696,2.528064e+00
0.835443,0.455696,2.538377e+00
0.848101,0.455696,2.547972e+00
0.860759,0.455696,2.556848e+00
0.873418,0.455696,2.565139e+00
0.886076,0.455696,2.572997e+00
0.898734,0.455696,2.580422e+00
0.911392,0.455696,2.587414e+00
0.924051,0.455696,2.593973e+00
0.936709,0.455696,2.600123e+00
0.949367,0.455696,2.605980e+00
0.962025,0.455696,2.611559e+00
0.974684,0.455696,2.616861e+00
0.987342,0.455696,2.621886e+00
1.000000,0.455696,2.626633e+00
0.000000,0.468354,0.000000e+00
0.012658,0.468354,4.877606e-03
0.025316,0.468354,1.021170e-02
0.037975,0.468354,1.600229e-02
0.050633,0.468354,2.224937e-02
0.063291,0.468354,2.895294e-02
0.075949,0.468354,3.611301e-02
0.088608,0.468354,4.372956e-02
0.101266,0.468354,5.180260e-02
0.113924,0.468354,6.033214e-02
0.126582,0.468354,6.931817e-02
0.139241,0.468354,7.876069e-02
0.151899,0.468354,8.865969e-02
0.164557,0.468354,9.901519e-02
0.177215,0.468354,1.098346e-01
0.189873,0.468354,1.216523e-01
0.202532,0.468354,1.347976e-01
0.215190,0.468354,1.492706e-01
0.227848,0.468354,1.650710e-01
0.240506,0.468354,1.821991e-01
0.253165,0.468354,2.006548e-01
0.265823,0.468354,2.204381e-01
0.278481,0.468354,2.415660e-01
0.291139,0.468354,2.651601e-01
0.303797,0.468354,2.918952e-01
0.316456,0.468354,3.217713e-01
0.329114,0.468354,3.547884e-01
0.341772,0.468354,3.909464e-01
0.354430,0.468354,4.308525e-01
0.367089,0.468354,4.770076e-01
0.379747,0.468354,5.296826e-01
0.392405,0.468354,5.888777e-01
0.405063,0.468354,6.547728e-01
0.417722,0.468354,7.302596e-01
0.430380,0.468354,8.163455e-01
0.443038,0.468354,9.130306e-01
0.455696,0.468354,1.020205e+00
0.468354,0.468354,1.137674e+00
0.481013,0.468354,1.264918e+00
0.493671,0.468354,1.397286e+00
0.506329,0.468354,1.532693e+00
0.518987,0.468354,1.664715e+00
0.531646,0.468354,1.791951e+00
0.544304,0.468354,1.909910e+00
0.556962,0.468354,2.016864e+00
0.569620,0.468354,2.112896e+00
0.582278,0.468354,2.198962e+00
0.594937,0.468354,2.275331e+00
0.607595,0.468354,2.342002e+00
0.620253,0.468354,2.399820e+00
0.632911,0.468354,2.451904e+00
0.645570,0.468354,2.498549e+00
0.658228,0.468354,2.539753e+00
0.670886,0.468354,2.575582e+00
0.683544,0.468354,2.607860e+00
0.696203,0.468354,2.637411e+00
0.708861,0.468354,2.664235e+00
0.721519,0.468354,2.688333e+00
0.734177,0.468354,2.709792e+00
0.746835,0.468354,2.729562e+00
0.759494,0.468354,2.747907e+00
0.772152,0.468354,2.764825e+00
0.784810,0.468354,2.780316e+00
0.797468,0.468354,2.794401e+00
0.810127,0.468354,2.807508e+00
0.822785,0.468354,2.819814e+00
0.835443,0.468354,2.831317e+00
0.848101,0.468354,2.842019e+00
0.860759,0.468354,2.851919e+00
0.873418,0.468354,2.861167e+00
0.886076,0.468354,2.869932e+00
0.898734,0.468354,2.878214e+00
0.911392,0.468354,2.886013e+00
0.924051,0.468354,2.893329e+00
0.936709,0.468354,2.900189e+00
0.949367,0.468354,2.906722e+00
0.962025,0.468354,2.912945e+00
0.974684,0.468354,2.918859e+00
0.987342,0.468354,2.924463e+00
1.000000,0.468354,2.929758e+00
0.000000,0.481013,0.000000e+00
0.012658,0.481013,5.422858e-03
0.025316,0.481013,1.135327e-02
0.037975,0.481013,1.779123e-02
0.050633,0.481013,2.473674e-02
0.063291,0.481013,3.218980e-02
0.075949,0.481013,4.015041e-02
0.088608,0.481013,4.861857e-02
0.101266,0.481013,5.759429e-02
0.113924,0.481013,6.707755e-02
0.126582,0.481013,7.706837e-02
0.139241,0.481013,8.756673e-02
0.151899,0.481013,9.857265e-02
0.164557,0.481013,1.100861e-01
0.177215,0.481013,1.221154e-01
0.189873,0.481013,1.352548e-01
0.202532,0.481013,1.498704e-01
0.215190,0.481013,1.659623e-01
0.227848,0.481013,1.835304e-01
0.240506,0.481013,2.025748e-01
0.253165,0.481013,2.230955e-01
0.265823,0.481013,2.450925e-01
0.278481,0.481013,2.685847e-01
0.291139,0.481013,2.948189e-01
0.303797,0.481013,3.245454e-01
0.316456,0.481013,3.577640e-01
0.329114,0.481013,3.944749e-01
0.341772,0.481013,4.346780e-01
0.354430,0.481013,4.790483e-01
0.367089,0.481013,5.303667e-01
0.379747,0.481013,5.889345e-01
0.392405,0.481013,6.547517e-01
0.405063,0.481013,7.280187e-01
0.417722,0.481013,8.119506e-01
0.430380,0.481013,9.076679e-01
0.443038,0.481013,1.015170e+00
0.455696,0.481013,1.134336e+00
0.468354,0.481013,1.264948e+00
0.481013,0.481013,1.406430e+00
0.493671,0.481013,1.553608e+00
0.506329,0.481013,1.704165e+00
0.518987,0.481013,1.850960e+00
0.531646,0.481013,1.992431e+00
0.544304,0.481013,2.123589e+00
0.556962,0.481013,2.242510e+00
0.569620,0.481013,2.349286e+00
0.582278,0.481013,2.444981e+00
0.594937,0.481013,2.529893e+00
0.607595,0.481013,2.604023e+00
0.620253,0.481013,2.668308e+00
0.632911,0.481013,2.726219e+00
0.645570,0.481013,2.778081e+00
0.658228,0.481013,2.823894e+00
0.670886,0.481013,2.863732e+00
0.683544,0.481013,2.899620e+00
0.696203,0.481013,2.932477e+00
0.708861,0.481013,2.962302e+00
0.721519,0.481013,2.989096e+00
0.734177,0.481013,3.012955e+00
0.746835,0.481013,3.034937e+00
0.759494,0.481013,3.055334e+00
0.772152,0.481013,3.074144e+00
0.784810,0.481013,3.091369e+00
0.797468,0.481013,3.107030e+00
0.810127,0.481013,3.121603e+00
0.822785,0.481013,3.135285e+00
0.835443,0.481013,3.148076e+00
0.848101,0.481013,3.159975e+00
0.860759,0.481013,3.170983e+00
0.873418,0.481013,3.181266e+00
0.886076,0.481013,3.191011e+00
0.898734,0.481013,3.200219e+00
0.911392,0.481013,3.208891e+00
0.924051,0.481013,3.217025e+00
0.936709,0.481013,3.224653e+00
0.949367,0.481013,3.231916e+00
0.962025,0.481013,3.238836e+00
0.974684,0.481013,3.245412e+00
0.987342,0.481013,3.251643e+00
1.000000,0.481013,3.257531e+00
0.000000,0.493671,0.000000e+00
0.012658,0.493671,5.989610e-03
0.025316,0.493671,1.253984e-02
0.037975,0.493671,1.965069e-02
0.050633,0.493671,2.732216e-02
0.063291,0.493671,3.555426e-02
0.075949,0.493671,4.434697e-02
0.088608,0.493671,5.370030e-02
0.101266,0.493671,6.361426e-02
0.113924,0.493671,7.408883e-02
0.126582,0.493671,8.512403e-02
0.139241,0.493671,9.671984e-02
0.151899,0.493671,1.088763e-01
0.164557,0.493671,1.215933e-01
0.177215,0.493671,1.348801e-01
0.189873,0.493671,1.493932e-01
0.202532,0.493671,1.655371e-01
0.215190,0.493671,1.833118e-01
0.227848,0.493671,2.027173e-01
0.240506,0.493671,2.237536e-01
0.253165,0.493671,2.464208e-01
0.265823,0.493671,2.707188e-01
0.278481,0.493671,2.966685e-01
0.291139,0.493671,3.256470e-01
0.303797,0.493671,3.584828e-01
0.316456,0.493671,3.951758e-01
0.329114,0.493671,4.357261e-01
0.341772,0.493671,4.801338e-01
0.354430,0.493671,5.291443e-01
0.367089,0.493671,5.858295e-01
0.379747,0.493671,6.505224e-01
0.392405,0.493671,7.232230e-01
0.405063,0.493671,8.041525e-01
0.417722,0.493671,8.968625e-01
0.430380,0.493671,1.002591e+00
0.443038,0.493671,1.121337e+00
0.455696,0.493671,1.252967e+00
0.468354,0.493671,1.397240e+00
0.481013,0.493671,1.553519e+00
0.493671,0.493671,1.716092e+00
0.506329,0.493671,1.882396e+00
0.518987,0.493671,2.044544e+00
0.531646,0.493671,2.200813e+00
0.544304,0.493671,2.345690e+00
0.556962,0.493671,2.477048e+00
0.569620,0.493671,2.594992e+00
0.582278,0.493671,2.700695e+00
0.594937,0.493671,2.794488e+00
0.607595,0.493671,2.876370e+00
0.620253,0.493671,2.947377e+00
0.632911,0.493671,3.011344e+00
0.645570,0.493671,3.068630e+00
0.658228,0.493671,3.119234e+00
0.670886,0.493671,3.163238e+00
0.683544,0.493671,3.202879e+00
0.696203,0.493671,3.239172e+00
0.708861,0.493671,3.272116e+00
0.721519,0.493671,3.301712e+00
0.734177,0.493671,3.328067e+00
0.746835,0.493671,3.352348e+00
0.759494,0.493671,3.374878e+00
0.772152,0.493671,3.395656e+00
0.784810,0.493671,3.414682e+00
0.797468,0.493671,3.431980e+00
0.810127,0.493671,3.448078e+00
0.822785,0.493671,3.463191e+00
0.835443,0.493671,3.477320e+00
0.848101,0.493671,3.490463e+00
0.860759,0.493671,3.502623e+00
0.873418,0.493671,3.513981e+00
0.886076,0.493671,3.524745e+00
0.898734,0.493671,3.534917e+00
0.911392,0.493671,3.544495e+00
0.924051,0.493671,3.553480e+00
0.936709,0.493671,3.561905e+00
0.949367,0.493671,3.569929e+00
0.962025,0.493671,3.577572e+00
0.974684,0.493671,3.584836e+00
0.987342,0.493671,3.591719e+00
1.000000,0.493671,3.598222e+00
0.000000,0.506329,0.000000e+00
0.012658,0.506329,6.569263e-03
0.025316,0.506329,1.375342e-02
0.037975,0.506329,2.155248e-02
0.050633,0.506329,2.996643e-02
0.063291,0.506329,3.899528e-02
0.075949,0.506329,4.863902e-02
0.088608,0.506329,5.889766e-02
0.101266,0.506329,6.977120e-02
0.113924,0.506329,8.125963e-02
0.126582,0.506329,9.336296e-02
0.139241,0.506329,1.060812e-01
0.151899,0.506329,1.194143e-01
0.164557,0.506329,1.333623e-01
0.177215,0.506329,1.479352e-01
0.189873,0.506329,1.638533e-01
0.202532,0.506329,1.815602e-01
0.215190,0.506329,2.010560e-01
0.227848,0.506329,2.223407e-01
0.240506,0.506329,2.454143e-01
0.253165,0.506329,2.702767e-01
0.265823,0.506329,2.969281e-01
0.278481,0.506329,3.253914e-01
0.291139,0.506329,3.571766e-01
0.303797,0.506329,3.931925e-01
0.316456,0.506329,4.334390e-01
0.329114,0.506329,4.779162e-01
0.341772,0.506329,5.266241e-01
0.354430,0.506329,5.803804e-01
0.367089,0.506329,6.425547e-01
0.379747,0.506329,7.135121e-01
0.392405,0.506329,7.932526e-01
0.405063,0.506329,8.820189e-01
0.417722,0.506329,9.837068e-01
0.430380,0.506329,1.099674e+00
0.443038,0.506329,1.229920e+00
0.455696,0.506329,1.374297e+00
0.468354,0.506329,1.532542e+00
0.481013,0.506329,1.703956e+00
0.493671,0.506329,1.882272e+00
0.506329,0.506329,2.064681e+00
0.518987,0.506329,2.242532e+00
0.531646,0.506329,2.413935e+00
0.544304,0.506329,2.572842e+00
0.556962,0.506329,2.716922e+00
0.569620,0.506329,2.846287e+00
0.582278,0.506329,2.962226e+00
0.594937,0.506329,3.065101e+00
0.607595,0.506329,3.154912e+00
0.620253,0.506329,3.232795e+00
0.632911,0.506329,3.302956e+00
0.645570,0.506329,3.365788e+00
0.658228,0.506329,3.421293e+00
0.670886,0.506329,3.469557e+00
0.683544,0.506329,3.513037e+00
0.696203,0.506329,3.552844e+00
0.708861,0.506329,3.588979e+00
0.721519,0.506329,3.621441e+00
0.734177,0.506329,3.650347e+00
0.746835,0.506329,3.676980e+00
0.759494,0.506329,3.701692e+00
0.772152,0.506329,3.724482e+00
0.784810,0.506329,3.745350e+00
0.797468,0.506329,3.764324e+00
0.810127,0.506329,3.781980e+00
0.822785,0.506329,3.798557e+00
0.835443,0.506329,3.814054e+00
0.848101,0.506329,3.828470e+00
0.860759,0.506329,3.841807e+00
0.873418,0.506329,3.854265e+00
0.886076,0.506329,3.866072e+00
0.898734,0.506329,3.877228e+00
0.911392,0.506329,3.887734e+00
0.924051,0.506329,3.897590e+00
0.936709,0.506329,3.906830e+00
0.949367,0.506329,3.915631e+00
0.962025,0.506329,3.924015e+00
0.974684,0.506329,3.931981e+00
0.987342,0.506329,3.939531e+00
1.000000,0.506329,3.946664e+00
0.000000,0.518987,0.000000e+00
0.012658,0.518987,7.135624e-03
0.025316,0.518987,1.493918e-02
0.037975,0.518987,2.341066e-02
0.050633,0.518987,3.255007e-02
0.063291,0.518987,4.235741e-02
0.075949,0.518987,5.283268e-02
0.088608,0.518987,6.397588e-02
0.101266,0.518987,7.578701e-02
0.113924,0.518987,8.826607e-02
0.126582,0.518987,1.014131e-01
0.139241,0.518987,1.152280e-01
0.151899,0.518987,1.297108e-01
0.164557,0.518987,1.448616e-01
0.177215,0.518987,1.606912e-01
0.189873,0.518987,1.779820e-01
0.202532,0.518987,1.972161e-01
0.215190,0.518987,2.183936e-01
0.227848,0.518987,2.415143e-01
0.240506,0.518987,2.665785e-01
0.253165,0.518987,2.935859e-01
0.265823,0.518987,3.225367e-01
0.278481,0.518987,3.534558e-01
0.291139,0.518987,3.879834e-01
0.303797,0.518987,4.271065e-01
0.316456,0.518987,4.708250e-01
0.329114,0.518987,5.191390e-01
0.341772,0.518987,5.720484e-01
0.354430,0.518987,6.304418e-01
0.367089,0.518987,6.979793e-01
0.379747,0.518987,7.750575e-01
0.392405,0.518987,8.616766e-01
0.405063,0.518987,9.581001e-01
0.417722,0.518987,1.068560e+00
0.430380,0.518987,1.194531e+00
0.443038,0.518987,1.336013e+00
0.455696,0.518987,1.492845e+00
0.468354,0.518987,1.664742e+00
0.481013,0.518987,1.850944e+00
0.493671,0.518987,2.044644e+00
0.506329,0.518987,2.242788e+00
0.518987,0.518987,2.435983e+00
0.531646,0.518987,2.622173e+00
0.544304,0.518987,2.794789e+00
0.556962,0.518987,2.951298e+00
0.569620,0.518987,3.091823e+00
0.582278,0.518987,3.217764e+00
0.594937,0.518987,3.329513e+00
0.607595,0.518987,3.427071e+00
0.620253,0.518987,3.511672e+00
0.632911,0.518987,3.587884e+00
0.645570,0.518987,3.656137e+00
0.658228,0.518987,3.716429e+00
0.670886,0.518987,3.768856e+00
0.683544,0.518987,3.816087e+00
0.696203,0.518987,3.859328e+00
0.708861,0.518987,3.898579e+00
0.721519,0.518987,3.933841e+00
0.734177,0.518987,3.965241e+00
0.746835,0.518987,3.994172e+00
0.759494,0.518987,4.021015e+00
0.772152,0.518987,4.045771e+00
0.784810,0.518987,4.068440e+00
0.797468,0.518987,4.089050e+00
0.810127,0.518987,4.108230e+00
0.822785,0.518987,4.126236e+00
0.835443,0.518987,4.143070e+00
0.848101,0.518987,4.158730e+00
0.860759,0.518987,4.173217e+00
0.873418,0.518987,4.186750e+00
0.886076,0.518987,4.199575e+00
0.898734,0.518987,4.211694e+00
0.911392,0.518987,4.223106e+00
0.924051,0.518987,4.233812e+00
0.936709,0.518987,4.243850e+00
0.949367,0.518987,4.253410e+00
0.962025,0.518987,4.262516e+00
0.974684,0.518987,4.271170e+00
0.987342,0.518987,4.279371e+00
1.000000,0.518987,4.287120e+00
0.000000,0.531646,0.000000e+00
0.012658,0.531646,7.681383e-03
0.025316,0.531646,1.608180e-02
0.037975,0.531646,2.520126e-02
0.050633,0.531646,3.503975e-02
0.063291,0.531646,4.559728e-02
0.075949,0.531646,5.687384e-02
0.088608,0.531646,6.886944e-02
0.101266,0.531646,8.158408e-02
0.113924,0.531646,9.501776e-02
0.126582,0.531646,1.091705e-01
0.139241,0.531646,1.240422e-01
0.151899,0.531646,1.396330e-01
0.164557,0.531646,1.559428e-01
0.177215,0.531646,1.729834e-01
0.189873,0.531646,1.915970e-01
0.202532,0.531646,2.123028e-01
0.215190,0.531646,2.351008e-01
0.227848,0.531646,2.599909e-01
0.240506,0.531646,2.869731e-01
0.253165,0.531646,3.160475e-01
0.265823,0.531646,3.472140e-01
0.278481,0.531646,3.804996e-01
0.291139,0.531646,4.176698e-01
0.303797,0.531646,4.597870e-01
0.316456,0.531646,5.068512e-01
0.329114,0.531646,5.588624e-01
0.341772,0.531646,6.158207e-01
0.354430,0.531646,6.786824e-01
0.367089,0.531646,7.513879e-01
0.379747,0.531646,8.343644e-01
0.392405,0.531646,9.276119e-01
0.405063,0.531646,1.031414e+00
0.417722,0.531646,1.150327e+00
0.430380,0.531646,1.285938e+00
0.443038,0.531646,1.438247e+00
0.455696,0.531646,1.607082e+00
0.468354,0.531646,1.792134e+00
0.481013,0.531646,1.992587e+00
0.493671,0.531646,2.201110e+00
0.506329,0.531646,2.414419e+00
0.518987,0.531646,2.622399e+00
0.531646,0.531646,2.822839e+00
0.544304,0.531646,3.008665e+00
0.556962,0.531646,3.177152e+00
0.569620,0.531646,3.328431e+00
0.582278,0.531646,3.464009e+00
0.594937,0.531646,3.584310e+00
0.607595,0.531646,3.689333e+00
0.620253,0.531646,3.780407e+00
0.632911,0.531646,3.862452e+00
0.645570,0.531646,3.935927e+00
0.658228,0.531646,4.000832e+00
0.670886,0.531646,4.057272e+00
0.683544,0.531646,4.108116e+00
0.696203,0.531646,4.154666e+00
0.708861,0.531646,4.196921e+00
0.721519,0.531646,4.234882e+00
0.734177,0.531646,4.268685e+00
0.746835,0.531646,4.299829e+00
0.759494,0.531646,4.328726e+00
0.772152,0.531646,4.355377e+00
0.784810,0.531646,4.379780e+00
0.797468,0.531646,4.401968e+00
0.810127,0.531646,4.422615e+00
0.822785,0.531646,4.442000e+00
0.835443,0.531646,4.460121e+00
0.848101,0.531646,4.476980e+00
0.860759,0.531646,4.492576e+00
0.873418,0.531646,4.507144e+00
0.886076,0.531646,4.520951e+00
0.898734,0.531646,4.533997e+00
0.911392,0.531646,4.546283e+00
0.924051,0.531646,4.557808e+00
0.936709,0.531646,4.568614e+00
0.949367,0.531646,4.578905e+00
0.962025,0.531646,4.588709e+00
0.974684,0.531646,4.598025e+00
0.987342,0.531646,4.606854e+00
1.000000,0.531646,4.615195e+00
0.000000,0.544304,0.000000e+00
0.012658,0.544304,8.184858e-03
0.025316,0.544304,1.713590e-02
0.037975,0.544304,2.685314e-02
0.050633,0.544304,3.733656e-02
0.063291,0.544304,4.858616e-02
0.075949,0.544304,6.060196e-02
0.088608,0.544304,7.338394e-02
0.101266,0.544304,8.693211e-02
0.113924,0.544304,1.012465e-01
0.126582,0.544304,1.163270e-01
0.139241,0.544304,1.321738e-01
0.151899,0.544304,1.487867e-01
0.164557,0.544304,1.661658e-01
0.177215,0.544304,1.843235e-01
0.189873,0.544304,2.041576e-01
0.202532,0.544304,2.262211e-01
0.215190,0.544304,2.505140e-01
0.227848,0.544304,2.770363e-01
0.240506,0.544304,3.057880e-01
0.253165,0.544304,3.367691e-01
0.265823,0.544304,3.699796e-01
0.278481,0.544304,4.054482e-01
0.291139,0.544304,4.450562e-01
0.303797,0.544304,4.899355e-01
0.316456,0.544304,5.400861e-01
0.329114,0.544304,5.955081e-01
0.341772,0.544304,6.562015e-01
0.354430,0.544304,7.231854e-01
0.367089,0.544304,8.006587e-01
0.379747,0.544304,8.890765e-01
0.392405,0.544304,9.884387e-01
0.405063,0.544304,1.099048e+00
0.417722,0.544304,1.225759e+00
0.430380,0.544304,1.370263e+00
0.443038,0.544304,1.532561e+00
0.455696,0.544304,1.712468e+00
0.468354,0.544304,1.909656e+00
0.481013,0.544304,2.123254e+00
0.493671,0.544304,2.345454e+00
0.506329,0.544304,2.572751e+00
0.518987,0.544304,2.794371e+00
0.531646,0.544304,3.007956e+00
0.544304,0.544304,3.205969e+00
0.556962,0.544304,3.385505e+00
0.569620,0.544304,3.546705e+00
0.582278,0.544304,3.691174e+00
0.594937,0.544304,3.819364e+00
0.607595,0.544304,3.931274e+00
0.620253,0.544304,4.028320e+00
0.632911,0.544304,4.115745e+00
0.645570,0.544304,4.194038e+00
0.658228,0.544304,4.263199e+00
0.670886,0.544304,4.323340e+00
0.683544,0.544304,4.377518e+00
0.696203,0.544304,4.427121e+00
0.708861,0.544304,4.472147e+00
0.721519,0.544304,4.512597e+00
0.734177,0.544304,4.548616e+00
0.746835,0.544304,4.581803e+00
0.759494,0.544304,4.612595e+00
0.772152,0.544304,4.640993e+00
0.784810,0.544304,4.666997e+00
0.797468,0.544304,4.690639e+00
0.810127,0.544304,4.712641e+00
0.822785,0.544304,4.733297e+00
0.835443,0.544304,4.752607e+00
0.848101,0.544304,4.770571e+00
0.860759,0.544304,4.787189e+00
0.873418,0.544304,4.802713e+00
0.886076,0.544304,4.817425e+00
0.898734,0.544304,4.831327e+00
0.911392,0.544304,4.844419e+00
0.924051,0.544304,4.856699e+00
0.936709,0.544304,4.868214e+00
0.949367,0.544304,4.879180e+00
0.962025,0.544304,4.889627e+00
0.974684,0.544304,4.899554e+00
0.987342,0.544304,4.908962e+00
1.000000,0.544304,4.917850e+00
0.000000,0.556962,0.000000e+00
0.012658,0.556962,8.643335e-03
0.025316,0.556962,1.809580e-02
0.037975,0.556962,2.835739e-02
0.050633,0.556962,3.942811e-02
0.063291,0.556962,5.130796e-02
0.075949,0.556962,6.399694e-02
0.088608,0.556962,7.749505e-02
0.101266,0.556962,9.180229e-02
0.113924,0.556962,1.069187e-01
0.126582,0.556962,1.228442e-01
0.139241,0.556962,1.395788e-01
0.151899,0.556962,1.571225e-01
0.164557,0.556962,1.754754e-01
0.177215,0.556962,1.946506e-01
0.189873,0.556962,2.155960e-01
0.202532,0.556962,2.388959e-01
0.215190,0.556962,2.645501e-01
0.227848,0.556962,2.925587e-01
0.240506,0.556962,3.229217e-01
0.253165,0.556962,3.556391e-01
0.265823,0.556962,3.907108e-01
0.278481,0.556962,4.281673e-01
0.291139,0.556962,4.699950e-01
0.303797,0.556962,5.173895e-01
0.316456,0.556962,5.703507e-01
0.329114,0.556962,6.288786e-01
0.341772,0.556962,6.929733e-01
0.354430,0.556962,7.637110e-01
0.367089,0.556962,8.455260e-01
0.379747,0.556962,9.388988e-01
0.392405,0.556962,1.043829e+00
0.405063,0.556962,1.160637e+00
0.417722,0.556962,1.294449e+00
0.430380,0.556962,1.447052e+00
0.443038,0.556962,1.618445e+00
0.455696,0.556962,1.808435e+00
0.468354,0.556962,2.016674e+00
0.481013,0.556962,2.242243e+00
0.493671,0.556962,2.476895e+00
0.506329,0.556962,2.716931e+00
0.518987,0.556962,2.950971e+00
0.531646,0.556962,3.176527e+00
0.544304,0.556962,3.385637e+00
0.556962,0.556962,3.575235e+00
0.569620,0.556962,3.745469e+00
0.582278,0.556962,3.898034e+00
0.594937,0.556962,4.033407e+00
0.607595,0.556962,4.151589e+00
0.620253,0.556962,4.254074e+00
0.632911,0.556962,4.346398e+00
0.645570,0.556962,4.429078e+00
0.658228,0.556962,4.502115e+00
0.670886,0.556962,4.565626e+00
0.683544,0.556962,4.622841e+00
0.696203,0.556962,4.675223e+00
0.708861,0.556962,4.722772e+00
0.721519,0.556962,4.765489e+00
0.734177,0.556962,4.803527e+00
0.746835,0.556962,4.838573e+00
0.759494,0.556962,4.871091e+00
0.772152,0.556962,4.901081e+00
0.784810,0.556962,4.928542e+00
0.797468,0.556962,4.953509e+00
0.810127,0.556962,4.976744e+00
0.822785,0.556962,4.998557e+00
0.835443,0.556962,5.018949e+00
0.848101,0.556962,5.037920e+00
0.860759,0.556962,5.055470e+00
0.873418,0.556962,5.071863e+00
0.886076,0.556962,5.087401e+00
0.898734,0.556962,5.102082e+00
0.911392,0.556962,5.115906e+00
0.924051,0.556962,5.128875e+00
0.936709,0.556962,5.141035e+00
0.949367,0.556962,5.152616e+00
0.962025,0.556962,5.163648e+00
0.974684,0.556962,5.174132e+00
0.987342,0.556962,5.184067e+00
1.000000,0.556962,5.193454e+00
0.000000,0.569620,0.000000e+00
0.012658,0.569620,9.057055e-03
0.025316,0.569620,1.896199e-02
0.037975,0.569620,2.971481e-02
0.050633,0.569620,4.131551e-02
0.063291,0.569620,5.376408e-02
0.075949,0.569620,6.706054e-02
0.088608,0.569620,8.120489e-02
0.101266,0.569620,9.619711e-02
0.113924,0.569620,1.120372e-01
0.126582,0.569620,1.287252e-01
0.139241,0.569620,1.462611e-01
0.151899,0.569620,1.646448e-01
0.164557,0.569620,1.838764e-01
0.177215,0.569620,2.039697e-01
0.189873,0.569620,2.259181e-01
0.202532,0.569620,2.503336e-01
0.215190,0.569620,2.772163e-01
0.227848,0.569620,3.065660e-01
0.240506,0.569620,3.383830e-01
0.253165,0.569620,3.726670e-01
0.265823,0.569620,4.094182e-01
0.278481,0.569620,4.486683e-01
0.291139,0.569620,4.924990e-01
0.303797,0.569620,5.421630e-01
0.316456,0.569620,5.976604e-01
0.329114,0.569620,6.589910e-01
0.341772,0.569620,7.261549e-01
0.354430,0.569620,8.002800e-01
0.367089,0.569620,8.860128e-01
0.379747,0.569620,9.838569e-01
0.392405,0.569620,1.093812e+00
0.405063,0.569620,1.216214e+00
0.417722,0.569620,1.356433e+00
0.430380,0.569620,1.516344e+00
0.443038,0.569620,1.695944e+00
0.455696,0.569620,1.895032e+00
0.468354,0.569620,2.113242e+00
0.481013,0.569620,2.349614e+00
0.493671,0.569620,2.595502e+00
0.506329,0.569620,2.847033e+00
0.518987,0.569620,3.092280e+00
0.531646,0.569620,3.328637e+00
0.544304,0.569620,3.547761e+00
0.556962,0.569620,3.746437e+00
0.569620,0.569620,3.924823e+00
0.582278,0.569620,4.084694e+00
0.594937,0.569620,4.226550e+00
0.607595,0.569620,4.350391e+00
0.620253,0.569620,4.457783e+00
0.632911,0.569620,4.554528e+00
0.645570,0.569620,4.641168e+00
0.658228,0.569620,4.717702e+00
0.670886,0.569620,4.784254e+00
0.683544,0.569620,4.844209e+00
0.696203,0.569620,4.899099e+00
0.708861,0.569620,4.948925e+00
0.721519,0.569620,4.993687e+00
0.734177,0.569620,5.033547e+00
0.746835,0.569620,5.070271e+00
0.759494,0.569620,5.104347e+00
0.772152,0.569620,5.135772e+00
0.784810,0.569620,5.164548e+00
0.797468,0.569620,5.190711e+00
0.810127,0.569620,5.215058e+00
0.822785,0.569620,5.237916e+00
0.835443,0.569620,5.259285e+00
0.848101,0.569620,5.279164e+00
0.860759,0.569620,5.297555e+00
0.873418,0.569620,5.314733e+00
0.886076,0.569620,5.331014e+00
0.898734,0.569620,5.346398e+00
0.911392,0.569620,5.360885e+00
0.924051,0.569620,5.374475e+00
0.936709,0.569620,5.387217e+00
0.949367,0.569620,5.399353e+00
0.962025,0.569620,5.410913e+00
0.974684,0.569620,5.421899e+00
0.987342,0.569620,5.432310e+00
1.000000,0.569620,5.442146e+00
0.000000,0.582278,0.000000e+00
0.012658,0.582278,9.426344e-03
0.025316,0.582278,1.973516e-02
0.037975,0.582278,3.092645e-02
0.050633,0.582278,4.300021e-02
0.063291,0.582278,5.595645e-02
0.075949,0.582278,6.979515e-02
0.088608,0.582278,8.451633e-02
0.101266,0.582278,1.001200e-01
0.113924,0.582278,1.166061e-01
0.126582,0.582278,1.339747e-01
0.139241,0.582278,1.522258e-01
0.151899,0.582278,1.713593e-01
0.164557,0.582278,1.913753e-01
0.177215,0.582278,2.122882e-01
0.189873,0.582278,2.351317e-01
0.202532,0.582278,2.605431e-01
0.215190,0.582278,2.885222e-01
0.227848,0.582278,3.190691e-01
0.240506,0.582278,3.521837e-01
0.253165,0.582278,3.878661e-01
0.265823,0.582278,4.261163e-01
0.278481,0.582278,4.669673e-01
0.291139,0.582278,5.125858e-01
0.303797,0.582278,5.642755e-01
0.316456,0.582278,6.220365e-01
0.329114,0.582278,6.858687e-01
0.341772,0.582278,7.557722e-01
0.354430,0.582278,8.329209e-01
0.367089,0.582278,9.221506e-01
0.379747,0.582278,1.023986e+00
0.392405,0.582278,1.138426e+00
0.405063,0.582278,1.265820e+00
0.417722,0.582278,1.411759e+00
0.430380,0.582278,1.578192e+00
0.443038,0.582278,1.765118e+00
0.455696,0.582278,1.972326e+00
0.468354,0.582278,2.199437e+00
0.481013,0.582278,2.445449e+00
0.493671,0.582278,2.701367e+00
0.506329,0.582278,2.963157e+00
0.518987,0.582278,3.218407e+00
0.531646,0.582278,3.464404e+00
0.544304,0.582278,3.692465e+00
0.556962,0.582278,3.899245e+00
0.569620,0.582278,4.084908e+00
0.582278,0.582278,4.251299e+00
0.594937,0.582278,4.398941e+00
0.607595,0.582278,4.527833e+00
0.620253,0.582278,4.639606e+00
0.632911,0.582278,4.740297e+00
0.645570,0.582278,4.830471e+00
0.658228,0.582278,4.910127e+00
0.670886,0.582278,4.979394e+00
0.683544,0.582278,5.041794e+00
0.696203,0.582278,5.098923e+00
0.708861,0.582278,5.150781e+00
0.721519,0.582278,5.197369e+00
0.734177,0.582278,5.238854e+00
0.746835,0.582278,5.277077e+00
0.759494,0.582278,5.312542e+00
0.772152,0.582278,5.345249e+00
0.784810,0.582278,5.375199e+00
0.797468,0.582278,5.402429e+00
0.810127,0.582278,5.427769e+00
0.822785,0.582278,5.451560e+00
0.835443,0.582278,5.473800e+00
0.848101,0.582278,5.494490e+00
0.860759,0.582278,5.513630e+00
0.873418,0.582278,5.531510e+00
0.886076,0.582278,5.548455e+00
0.898734,0.582278,5.564466e+00
0.911392,0.582278,5.579544e+00
0.924051,0.582278,5.593688e+00
0.936709,0.582278,5.606950e+00
0.949367,0.582278,5.619581e+00
0.962025,0.582278,5.631613e+00
0.974684,0.582278,5.643046e+00
0.987342,0.582278,5.653882e+00
1.000000,0.582278,5.664119e+00
0.000000,0.594937,0.000000e+00
0.012658,0.594937,9.751205e-03
0.025316,0.594937,2.041531e-02
0.037975,0.594937,3.199233e-02
0.050633,0.594937,4.448224e-02
0.063291,0.594937,5.788506e-02
0.075949,0.594937,7.220078e-02
0.088608,0.594937,8.742940e-02
0.101266,0.594937,1.035709e-01
0.113924,0.594937,1.206254e-01
0.126582,0.594937,1.385927e-01
0.139241,0.594937,1.574729e-01
0.151899,0.594937,1.772661e-01
0.164557,0.594937,1.979721e-01
0.177215,0.594937,2.196059e-01
0.189873,0.594937,2.432370e-01
0.202532,0.594937,2.695243e-01
0.215190,0.594937,2.984680e-01
0.227848,0.594937,3.300679e-01
0.240506,0.594937,3.643240e-01
0.253165,0.594937,4.012365e-01
0.265823,0.594937,4.408052e-01
0.278481,0.594937,4.830643e-01
0.291139,0.594937,5.302553e-01
0.303797,0.594937,5.837269e-01
0.316456,0.594937,6.434791e-01
0.329114,0.594937,7.095119e-01
0.341772,0.594937,7.818254e-01
0.354430,0.594937,8.616337e-01
0.367089,0.594937,9.539397e-01
0.379747,0.594937,1.059285e+00
0.392405,0.594937,1.177671e+00
0.405063,0.594937,1.309457e+00
0.417722,0.594937,1.460427e+00
0.430380,0.594937,1.632597e+00
0.443038,0.594937,1.825967e+00
0.455696,0.594937,2.040318e+00
0.468354,0.594937,2.275257e+00
0.481013,0.594937,2.529750e+00
0.493671,0.594937,2.794489e+00
0.506329,0.594937,3.065304e+00
0.518987,0.594937,3.329353e+00
0.531646,0.594937,3.583829e+00
0.544304,0.594937,3.819752e+00
0.556962,0.594937,4.033660e+00
0.569620,0.594937,4.225722e+00
0.582278,0.594937,4.397850e+00
0.594937,0.594937,4.550582e+00
0.607595,0.594937,4.683917e+00
0.620253,0.594937,4.799544e+00
0.632911,0.594937,4.903706e+00
0.645570,0.594937,4.996988e+00
0.658228,0.594937,5.079391e+00
0.670886,0.594937,5.151045e+00
0.683544,0.594937,5.215596e+00
0.696203,0.594937,5.274695e+00
0.708861,0.594937,5.328341e+00
0.721519,0.594937,5.376535e+00
0.734177,0.594937,5.419450e+00
0.746835,0.594937,5.458990e+00
0.759494,0.594937,5.495678e+00
0.772152,0.594937,5.529513e+00
0.784810,0.594937,5.560495e+00
0.797468,0.594937,5.588664e+00
0.810127,0.594937,5.614878e+00
0.822785,0.594937,5.639488e+00
0.835443,0.594937,5.662495e+00
0.848101,0.594937,5.683899e+00
0.860759,0.594937,5.703699e+00
0.873418,0.594937,5.722194e+00
0.886076,0.594937,5.739724e+00
0.898734,0.594937,5.756287e+00
0.911392,0.594937,5.771885e+00
0.924051,0.594937,5.786516e+00
0.936709,0.594937,5.800236e+00
0.949367,0.594937,5.813301e+00
0.962025,0.594937,5.825748e+00
0.974684,0.594937,5.837576e+00
0.987342,0.594937,5.848785e+00
1.000000,0.594937,5.859375e+00
0.000000,0.607595,0.000000e+00
0.012658,0.607595,1.003300e-02
0.025316,0.607595,2.100529e-02
0.037975,0.607595,3.291689e-02
0.050633,0.607595,4.576778e-02
0.063291,0.607595,5.955798e-02
0.075949,0.607595,7.428747e-02
0.088608,0.607595,8.995627e-02
0.101266,0.607595,1.065644e-01
0.113924,0.607595,1.241118e-01
0.126582,0.607595,1.425985e-01
0.139241,0.607595,1.620245e-01
0.151899,0.607595,1.823897e-01
0.164557,0.607595,2.036943e-01
0.177215,0.607595,2.259535e-01
0.189873,0.607595,2.502677e-01
0.202532,0.607595,2.773149e-01
0.215190,0.607595,3.070951e-01
0.227848,0.607595,3.396083e-01
0.240506,0.607595,3.748546e-01
0.253165,0.607595,4.128339e-01
0.265823,0.607595,4.535462e-01
0.278481,0.607595,4.970266e-01
0.291139,0.607595,5.455815e-01
0.303797,0.607595,6.005986e-01
0.316456,0.607595,6.620779e-01
0.329114,0.607595,7.300194e-01
0.341772,0.607595,8.044232e-01
0.354430,0.607595,8.865385e-01
0.367089,0.607595,9.815127e-01
0.379747,0.607595,1.089904e+00
0.392405,0.607595,1.211711e+00
0.405063,0.607595,1.347306e+00
0.417722,0.607595,1.502640e+00
0.430380,0.607595,1.679787e+00
0.443038,0.607595,1.878746e+00
0.455696,0.607595,2.099291e+00
0.468354,0.607595,2.341021e+00
0.481013,0.607595,2.602868e+00
0.493671,0.607595,2.875259e+00
0.506329,0.607595,3.153900e+00
0.518987,0.607595,3.425580e+00
0.531646,0.607595,3.687411e+00
0.544304,0.607595,3.930152e+00
0.556962,0.607595,4.150243e+00
0.569620,0.607595,4.347856e+00
0.582278,0.607595,4.524959e+00
0.594937,0.607595,4.682105e+00
0.607595,0.607595,4.819295e+00
0.620253,0.607595,4.938264e+00
0.632911,0.607595,5.045437e+00
0.645570,0.607595,5.141416e+00
0.658228,0.607595,5.226200e+00
0.670886,0.607595,5.299926e+00
0.683544,0.607595,5.366343e+00
0.696203,0.607595,5.427150e+00
0.708861,0.607595,5.482347e+00
0.721519,0.607595,5.531934e+00
0.734177,0.607595,5.576089e+00
0.746835,0.607595,5.616772e+00
0.759494,0.607595,5.654520e+00
0.772152,0.607595,5.689333e+00
0.784810,0.607595,5.721211e+00
0.797468,0.607595,5.750194e+00
0.810127,0.607595,5.777166e+00
0.822785,0.607595,5.802487e+00
0.835443,0.607595,5.826159e+00
0.848101,0.607595,5.848181e+00
0.860759,0.607595,5.868554e+00
0.873418,0.607595,5.887584e+00
0.886076,0.607595,5.905620e+00
0.898734,0.607595,5.922662e+00
0.911392,0.607595,5.938711e+00
0.924051,0.607595,5.953765e+00
0.936709,0.607595,5.967881e+00
0.949367,0.607595,5.981324e+00
0.962025,0.607595,5.994131e+00
0.974684,0.607595,6.006300e+00
0.987342,0.607595,6.017833e+00
1.000000,0.607595,6.028729e+00
0.000000,0.620253,0.000000e+00
0.012658,0.620253,1.028503e-02
0.025316,0.620253,2.153297e-02
0.037975,0.620253,3.374381e-02
0.050633,0.620253,4.691756e-02
0.063291,0.620253,6.105423e-02
0.075949,0.620253,7.615380e-02
0.088608,0.620253,9.221627e-02
0.101266,0.620253,1.092417e-01
0.113924,0.620253,1.272300e-01
0.126582,0.620253,1.461812e-01
0.139241,0.620253,1.660953e-01
0.151899,0.620253,1.869723e-01
0.164557,0.620253,2.088122e-01
0.177215,0.620253,2.316307e-01
0.189873,0.620253,2.565558e-01
0.202532,0.620253,2.842826e-01
0.215190,0.620253,3.148110e-01
0.227848,0.620253,3.481411e-01
0.240506,0.620253,3.842728e-01
0.253165,0.620253,4.232061e-01
0.265823,0.620253,4.649412e-01
0.278481,0.620253,5.095139e-01
0.291139,0.620253,5.592886e-01
0.303797,0.620253,6.156878e-01
0.316456,0.620253,6.787118e-01
0.329114,0.620253,7.483603e-01
0.341772,0.620253,8.246334e-01
0.354430,0.620253,9.088120e-01
0.367089,0.620253,1.006172e+00
0.379747,0.620253,1.117287e+00
0.392405,0.620253,1.242155e+00
0.405063,0.620253,1.381157e+00
0.417722,0.620253,1.540393e+00
0.430380,0.620253,1.721990e+00
0.443038,0.620253,1.925947e+00
0.455696,0.620253,2.152033e+00
0.468354,0.620253,2.399836e+00
0.481013,0.620253,2.668261e+00
0.493671,0.620253,2.947494e+00
0.506329,0.620253,3.233135e+00
0.518987,0.620253,3.511640e+00
0.531646,0.620253,3.780048e+00
0.544304,0.620253,4.028887e+00
0.556962,0.620253,4.254506e+00
0.569620,0.620253,4.457084e+00
0.582278,0.620253,4.638637e+00
0.594937,0.620253,4.799731e+00
0.607595,0.620253,4.940368e+00
0.620253,0.620253,5.062326e+00
0.632911,0.620253,5.172192e+00
0.645570,0.620253,5.270582e+00
0.658228,0.620253,5.357497e+00
0.670886,0.620253,5.433075e+00
0.683544,0.620253,5.501161e+00
0.696203,0.620253,5.563495e+00
0.708861,0.620253,5.620079e+00
0.721519,0.620253,5.670912e+00
0.734177,0.620253,5.716177e+00
0.746835,0.620253,5.757882e+00
0.759494,0.620253,5.796579e+00
0.772152,0.620253,5.832266e+00
0.784810,0.620253,5.864945e+00
0.797468,0.620253,5.894656e+00
0.810127,0.620253,5.922305e+00
0.822785,0.620253,5.948263e+00
0.835443,0.620253,5.972530e+00
0.848101,0.620253,5.995105e+00
0.860759,0.620253,6.015989e+00
0.873418,0.620253,6.035498e+00
0.886076,0.620253,6.053987e+00
0.898734,0.620253,6.071457e+00
0.911392,0.620253,6.087909e+00
0.924051,0.620253,6.103342e+00
0.936709,0.620253,6.117812e+00
0.949367,0.620253,6.131593e+00
0.962025,0.620253,6.144721e+00
0.974684,0.620253,6.157196e+00
0.987342,0.620253,6.169019e+00
1.000000,0.620253,6.180188e+00
0.000000,0.632911,0.000000e+00
0.012658,0.632911,1.051069e-02
0.025316,0.632911,2.200542e-02
0.037975,0.632911,3.448420e-02
0.050633,0.632911,4.794702e-02
0.063291,0.632911,6.239388e-02
0.075949,0.632911,7.782479e-02
0.088608,0.632911,9.423975e-02
0.101266,0.632911,1.116387e-01
0.113924,0.632911,1.300218e-01
0.126582,0.632911,1.493889e-01
0.139241,0.632911,1.697400e-01
0.151899,0.632911,1.910752e-01
0.164557,0.632911,2.133944e-01
0.177215,0.632911,2.367137e-01
0.189873,0.632911,2.621858e-01
0.202532,0.632911,2.905209e-01
0.215190,0.632911,3.217192e-01
0.227848,0.632911,3.557806e-01
0.240506,0.632911,3.927050e-01
0.253165,0.632911,4.324926e-01
0.265823,0.632911,4.751432e-01
0.278481,0.632911,5.206938e-01
0.291139,0.632911,5.715605e-01
0.303797,0.632911,6.291972e-01
0.316456,0.632911,6.936040e-01
0.329114,0.632911,7.647808e-01
0.341772,0.632911,8.427276e-01
0.354430,0.632911,9.287534e-01
0.367089,0.632911,1.028250e+00
0.379747,0.632911,1.141803e+00
0.392405,0.632911,1.269411e+00
0.405063,0.632911,1.411463e+00
0.417722,0.632911,1.574193e+00
0.430380,0.632911,1.759774e+00
0.443038,0.632911,1.968207e+00
0.455696,0.632911,2.199253e+00
0.468354,0.632911,2.452492e+00
0.481013,0.632911,2.726806e+00
0.493671,0.632911,3.012165e+00
0.506329,0.632911,3.304073e+00
0.518987,0.632911,3.588688e+00
0.531646,0.632911,3.862984e+00
0.544304,0.632911,4.117282e+00
0.556962,0.632911,4.347852e+00
0.569620,0.632911,4.554875e+00
0.582278,0.632911,4.740410e+00
0.594937,0.632911,4.905040e+00
0.607595,0.632911,5.048762e+00
0.620253,0.632911,5.173396e+00
0.632911,0.632911,5.285673e+00
0.645570,0.632911,5.386222e+00
0.658228,0.632911,5.475045e+00
0.670886,0.632911,5.552281e+00
0.683544,0.632911,5.621861e+00
0.696203,0.632911,5.685563e+00
0.708861,0.632911,5.743389e+00
0.721519,0.632911,5.795337e+00
0.734177,0.632911,5.841596e+00
0.746835,0.632911,5.884216e+00
0.759494,0.632911,5.923761e+00
0.772152,0.632911,5.960232e+00
0.784810,0.632911,5.993628e+00
0.797468,0.632911,6.023991e+00
0.810127,0.632911,6.052246e+00
0.822785,0.632911,6.078774e+00
0.835443,0.632911,6.103573e+00
0.848101,0.632911,6.126644e+00
0.860759,0.632911,6.147986e+00
0.873418,0.632911,6.167922e+00
0.886076,0.632911,6.186817e+00
0.898734,0.632911,6.204671e+00
0.911392,0.632911,6.221484e+00
0.924051,0.632911,6.237255e+00
0.936709,0.632911,6.252043e+00
0.949367,0.632911,6.266126e+00
0.962025,0.632911,6.279542e+00
0.974684,0.632911,6.292291e+00
0.987342,0.632911,6.304373e+00
1.000000,0.632911,6.315788e+00
0.000000,0.645570,0.000000e+00
0.012658,0.645570,1.070997e-02
0.025316,0.645570,2.242266e-02
0.037975,0.645570,3.513805e-02
0.050633,0.645570,4.885615e-02
0.063291,0.645570,6.357695e-02
0.075949,0.645570,7.930047e-02
0.088608,0.645570,9.602669e-02
0.101266,0.645570,1.137556e-01
0.113924,0.645570,1.324873e-01
0.126582,0.645570,1.522216e-01
0.139241,0.645570,1.729587e-01
0.151899,0.645570,1.946984e-01
0.164557,0.645570,2.174409e-01
0.177215,0.645570,2.412024e-01
0.189873,0.645570,2.671575e-01
0.202532,0.645570,2.960300e-01
0.215190,0.645570,3.278197e-01
0.227848,0.645570,3.625269e-01
0.240506,0.645570,4.001514e-01
0.253165,0.645570,4.406932e-01
0.265823,0.645570,4.841523e-01
0.278481,0.645570,5.305664e-01
0.291139,0.645570,5.823973e-01
0.303797,0.645570,6.411268e-01
0.316456,0.645570,7.067546e-01
0.329114,0.645570,7.792809e-01
0.341772,0.645570,8.587057e-01
0.354430,0.645570,9.463626e-01
0.367089,0.645570,1.047746e+00
0.379747,0.645570,1.163451e+00
0.392405,0.645570,1.293479e+00
0.405063,0.645570,1.438224e+00
0.417722,0.645570,1.604040e+00
0.430380,0.645570,1.793139e+00
0.443038,0.645570,2.005523e+00
0.455696,0.645570,2.240949e+00
0.468354,0.645570,2.498989e+00
0.481013,0.645570,2.778503e+00
0.493671,0.645570,3.069272e+00
0.506329,0.645570,3.366713e+00
0.518987,0.645570,3.656724e+00
0.531646,0.645570,3.936220e+00
0.544304,0.645570,4.195339e+00
0.556962,0.645570,4.430279e+00
0.569620,0.645570,4.641227e+00
0.582278,0.645570,4.830280e+00
0.594937,0.645570,4.998031e+00
0.607595,0.645570,5.144478e+00
0.620253,0.645570,5.271476e+00
0.632911,0.645570,5.385881e+00
0.645570,0.645570,5.488337e+00
0.658228,0.645570,5.578844e+00
0.670886,0.645570,5.657544e+00
0.683544,0.645570,5.728444e+00
0.696203,0.645570,5.793354e+00
0.708861,0.645570,5.852276e+00
0.721519,0.645570,5.905209e+00
0.734177,0.645570,5.952345e+00
0.746835,0.645570,5.995773e+00
0.759494,0.645570,6.036068e+00
0.772152,0.645570,6.073230e+00
0.784810,0.645570,6.107259e+00
0.797468,0.645570,6.138198e+00
0.810127,0.645570,6.166989e+00
0.822785,0.645570,6.194020e+00
0.835443,0.645570,6.219289e+00
0.848101,0.645570,6.242797e+00
0.860759,0.645570,6.264544e+00
0.873418,0.645570,6.284859e+00
0.886076,0.645570,6.304112e+00
0.898734,0.645570,6.322304e+00
0.911392,0.645570,6.339435e+00
0.924051,0.645570,6.355506e+00
0.936709,0.645570,6.370574e+00
0.949367,0.645570,6.384924e+00
0.962025,0.645570,6.398594e+00
0.974684,0.645570,6.411585e+00
0.987342,0.645570,6.423896e+00
1.000000,0.645570,6.435527e+00
0.000000,0.658228,0.000000e+00
0.012658,0.658228,1.088289e-02
0.025316,0.658228,2.278469e-02
0.037975,0.658228,3.570539e-02
0.050633,0.658228,4.964498e-02
0.063291,0.658228,6.460348e-02
0.075949,0.658228,8.058088e-02
0.088608,0.658228,9.757718e-02
0.101266,0.658228,1.155924e-01
0.113924,0.658228,1.346265e-01
0.126582,0.658228,1.546795e-01
0.139241,0.658228,1.757514e-01
0.151899,0.658228,1.978422e-01
0.164557,0.658228,2.209519e-01
0.177215,0.658228,2.450971e-01
0.189873,0.658228,2.714713e-01
0.202532,0.658228,3.008099e-01
0.215190,0.658228,3.331128e-01
0.227848,0.658228,3.683802e-01
0.240506,0.658228,4.066120e-01
0.253165,0.658228,4.478083e-01
0.265823,0.658228,4.919689e-01
0.278481,0.658228,5.391320e-01
0.291139,0.658228,5.917995e-01
0.303797,0.658228,6.514769e-01
0.316456,0.658228,7.181642e-01
0.329114,0.658228,7.918613e-01
0.341772,0.658228,8.725683e-01
0.354430,0.658228,9.616404e-01
0.367089,0.658228,1.064660e+00
0.379747,0.658228,1.182234e+00
0.392405,0.658228,1.314360e+00
0.405063,0.658228,1.461442e+00
0.417722,0.658228,1.629935e+00
0.430380,0.658228,1.822087e+00
0.443038,0.658228,2.037899e+00
0.455696,0.658228,2.277125e+00
0.468354,0.658228,2.539329e+00
0.481013,0.658228,2.823355e+00
0.493671,0.658228,3.118817e+00
0.506329,0.658228,3.421059e+00
0.518987,0.658228,3.715751e+00
0.531646,0.658228,3.999758e+00
0.544304,0.658228,4.263059e+00
0.556962,0.658228,4.501792e+00
0.569620,0.658228,4.716145e+00
0.582278,0.658228,4.908250e+00
0.594937,0.658228,5.078708e+00
0.607595,0.658228,5.227520e+00
0.620253,0.658228,5.356568e+00
0.632911,0.658228,5.472821e+00
0.645570,0.658228,5.576931e+00
0.658228,0.658228,5.668898e+00
0.670886,0.658228,5.748870e+00
0.683544,0.658228,5.820913e+00
0.696203,0.658228,5.886872e+00
0.708861,0.658228,5.946745e+00
0.721519,0.658228,6.000533e+00
0.734177,0.658228,6.048429e+00
0.746835,0.658228,6.092558e+00
0.759494,0.658228,6.133504e+00
0.772152,0.658228,6.171266e+00
0.784810,0.658228,6.205845e+00
0.797468,0.658228,6.237283e+00
0.810127,0.658228,6.266539e+00
0.822785,0.658228,6.294006e+00
0.835443,0.658228,6.319683e+00
0.848101,0.658228,6.343570e+00
0.860759,0.658228,6.365669e+00
0.873418,0.658228,6.386311e+00
0.886076,0.658228,6.405875e+00
0.898734,0.658228,6.424360e+00
0.911392,0.658228,6.441768e+00
0.924051,0.658228,6.458098e+00
0.936709,0.658228,6.473410e+00
0.949367,0.658228,6.487991e+00
0.962025,0.658228,6.501883e+00
0.974684,0.658228,6.515083e+00
0.987342,0.658228,6.527592e+00
1.000000,0.658228,6.539411e+00
0.000000,0.670886,0.000000e+00
0.012658,0.670886,1.103656e-02
0.025316,0.670886,2.310641e-02
0.037975,0.670886,3.620955e-02
0.050633,0.670886,5.034598e-02
0.063291,0.670886,6.551569e-02
0.075949,0.670886,8.171870e-02
0.088608,0.670886,9.895500e-02
0.101266,0.670886,1.172246e-01
0.113924,0.670886,1.365275e-01
0.126582,0.670886,1.568636e-01
0.139241,0.670886,1.782331e-01
0.151899,0.670886,2.006358e-01
0.164557,0.670886,2.240718e-01
0.177215,0.670886,2.485580e-01
0.189873,0.670886,2.753045e-01
0.202532,0.670886,3.050573e-01
0.215190,0.670886,3.378163e-01
0.227848,0.670886,3.735815e-01
0.240506,0.670886,4.123530e-01
0.253165,0.670886,4.541306e-01
0.265823,0.670886,4.989145e-01
0.278481,0.670886,5.467433e-01
0.291139,0.670886,6.001541e-01
0.303797,0.670886,6.606739e-01
0.316456,0.670886,7.283024e-01
0.329114,0.670886,8.030399e-01
0.341772,0.670886,8.848862e-01
0.354430,0.670886,9.752157e-01
0.367089,0.670886,1.079690e+00
0.379747,0.670886,1.198923e+00
0.392405,0.670886,1.332915e+00
0.405063,0.670886,1.482073e+00
0.417722,0.670886,1.652944e+00
0.430380,0.670886,1.847808e+00
0.443038,0.670886,2.066666e+00
0.455696,0.670886,2.309269e+00
0.468354,0.670886,2.575174e+00
0.481013,0.670886,2.863209e+00
0.493671,0.670886,3.162841e+00
0.506329,0.670886,3.469349e+00
0.518987,0.670886,3.768200e+00
0.531646,0.670886,4.056215e+00
0.544304,0.670886,4.323233e+00
0.556962,0.670886,4.565336e+00
0.569620,0.670886,4.782714e+00
0.582278,0.670886,4.977531e+00
0.594937,0.670886,5.150395e+00
0.607595,0.670886,5.301308e+00
0.620253,0.670886,5.432177e+00
0.632911,0.670886,5.550071e+00
0.645570,0.670886,5.655651e+00
0.658228,0.670886,5.748917e+00
0.670886,0.670886,5.830017e+00
0.683544,0.670886,5.903078e+00
0.696203,0.670886,5.969968e+00
0.708861,0.670886,6.030686e+00
0.721519,0.670886,6.085233e+00
0.734177,0.670886,6.133806e+00
0.746835,0.670886,6.178558e+00
0.759494,0.670886,6.220082e+00
0.772152,0.670886,6.258377e+00
0.784810,0.670886,6.293443e+00
0.797468,0.670886,6.325325e+00
0.810127,0.670886,6.354995e+00
0.822785,0.670886,6.382849e+00
0.835443,0.670886,6.408889e+00
0.848101,0.670886,6.433113e+00
0.860759,0.670886,6.455524e+00
0.873418,0.670886,6.476457e+00
0.886076,0.670886,6.496297e+00
0.898734,0.670886,6.515044e+00
0.911392,0.670886,6.532698e+00
0.924051,0.670886,6.549258e+00
0.936709,0.670886,6.564785e+00
0.949367,0.670886,6.579573e+00
0.962025,0.670886,6.593660e+00
0.974684,0.670886,6.607047e+00
0.987342,0.670886,6.619733e+00
1.000000,0.670886,6.631719e+00
0.000000,0.683544,0.000000e+00
0.012658,0.683544,1.117718e-02
0.025316,0.683544,2.340081e-02
0.037975,0.683544,3.667090e-02
0.050633,0.683544,5.098744e-02
0.063291,0.683544,6.635043e-02
0.075949,0.683544,8.275988e-02
0.088608,0.683544,1.002158e-01
0.101266,0.683544,1.187181e-01
0.113924,0.683544,1.382669e-01
0.126582,0.683544,1.588622e-01
0.139241,0.683544,1.805039e-01
0.151899,0.683544,2.031921e-01
0.164557,0.683544,2.269267e-01
0.177215,0.683544,2.517248e-01
0.189873,0.683544,2.788121e-01
0.202532,0.683544,3.089439e-01
0.215190,0.683544,3.421202e-01
0.227848,0.683544,3.783409e-01
0.240506,0.683544,4.176061e-01
0.253165,0.683544,4.599158e-01
0.265823,0.683544,5.052700e-01
0.278481,0.683544,5.537078e-01
0.291139,0.683544,6.077988e-01
0.303797,0.683544,6.690893e-01
0.316456,0.683544,7.375792e-01
0.329114,0.683544,8.132685e-01
0.341772,0.683544,8.961573e-01
0.354430,0.683544,9.876373e-01
0.367089,0.683544,1.093442e+00
0.379747,0.683544,1.214194e+00
0.392405,0.683544,1.349893e+00
0.405063,0.683544,1.500950e+00
0.417722,0.683544,1.673997e+00
0.430380,0.683544,1.871344e+00
0.443038,0.683544,2.092989e+00
0.455696,0.683544,2.338681e+00
0.468354,0.683544,2.607973e+00
0.481013,0.683544,2.899676e+00
0.493671,0.683544,3.203124e+00
0.506329,0.683544,3.513535e+00
0.518987,0.683544,3.816192e+00
0.531646,0.683544,4.107875e+00
0.544304,0.683544,4.378294e+00
0.556962,0.683544,4.623479e+00
0.569620,0.683544,4.843626e+00
0.582278,0.683544,5.040924e+00
0.594937,0.683544,5.215991e+00
0.607595,0.683544,5.368825e+00
0.620253,0.683544,5.501362e+00
0.632911,0.683544,5.620757e+00
0.645570,0.683544,5.727682e+00
0.658228,0.683544,5.822136e+00
0.670886,0.683544,5.904269e+00
0.683544,0.683544,5.978261e+00
0.696203,0.683544,6.046003e+00
0.708861,0.683544,6.107494e+00
0.721519,0.683544,6.162736e+00
0.734177,0.683544,6.211927e+00
0.746835,0.683544,6.257250e+00
0.759494,0.683544,6.299302e+00
0.772152,0.683544,6.338085e+00
0.784810,0.683544,6.373598e+00
0.797468,0.683544,6.405886e+00
0.810127,0.683544,6.435934e+00
0.822785,0.683544,6.464143e+00
0.835443,0.683544,6.490514e+00
0.848101,0.683544,6.515047e+00
0.860759,0.683544,6.537743e+00
0.873418,0.683544,6.558943e+00
0.886076,0.683544,6.579036e+00
0.898734,0.683544,6.598021e+00
0.911392,0.683544,6.615900e+00
0.924051,0.683544,6.632671e+00
0.936709,0.683544,6.648396e+00
0.949367,0.683544,6.663372e+00
0.962025,0.683544,6.677639e+00
0.974684,0.683544,6.691196e+00
0.987342,0.683544,6.704044e+00
1.000000,0.683544,6.716182e+00
0.000000,0.696203,0.000000e+00
0.012658,0.696203,1.130475e-02
0.025316,0.696203,2.366789e-02
0.037975,0.696203,3.708943e-02
0.050633,0.696203,5.156936e-02
0.063291,0.696203,6.710769e-02
0.075949,0.696203,8.370441e-02
0.088608,0.696203,1.013595e-01
0.101266,0.696203,1.200730e-01
0.113924,0.696203,1.398449e-01
0.126582,0.696203,1.606752e-01
0.139241,0.696203,1.825639e-01
0.151899,0.696203,2.055110e-01
0.164557,0.696203,2.295165e-01
0.177215,0.696203,2.545976e-01
0.189873,0.696203,2.819940e-01
0.202532,0.696203,3.124696e-01
0.215190,0.696203,3.460244e-01
0.227848,0.696203,3.826584e-01
0.240506,0.696203,4.223715e-01
0.253165,0.696203,4.651638e-01
0.265823,0.696203,5.110353e-01
0.278481,0.696203,5.600255e-01
0.291139,0.696203,6.147335e-01
0.303797,0.696203,6.767231e-01
0.316456,0.696203,7.459944e-01
0.329114,0.696203,8.225472e-01
0.341772,0.696203,9.063816e-01
0.354430,0.696203,9.989054e-01
0.367089,0.696203,1.105918e+00
0.379747,0.696203,1.228047e+00
0.392405,0.696203,1.365293e+00
0.405063,0.696203,1.518075e+00
0.417722,0.696203,1.693096e+00
0.430380,0.696203,1.892693e+00
0.443038,0.696203,2.116867e+00
0.455696,0.696203,2.365362e+00
0.468354,0.696203,2.637726e+00
0.481013,0.696203,2.932756e+00
0.493671,0.696203,3.239666e+00
0.506329,0.696203,3.553618e+00
0.518987,0.696203,3.859727e+00
0.531646,0.696203,4.154738e+00
0.544304,0.696203,4.428241e+00
0.556962,0.696203,4.676224e+00
0.569620,0.696203,4.898882e+00
0.582278,0.696203,5.098431e+00
0.594937,0.696203,5.275494e+00
0.607595,0.696203,5.430073e+00
0.620253,0.696203,5.564121e+00
0.632911,0.696203,5.684879e+00
0.645570,0.696203,5.793024e+00
0.658228,0.696203,5.888555e+00
0.670886,0.696203,5.971626e+00
0.683544,0.696203,6.046462e+00
0.696203,0.696203,6.114976e+00
0.708861,0.696203,6.177169e+00
0.721519,0.696203,6.233041e+00
0.734177,0.696203,6.282794e+00
0.746835,0.696203,6.328633e+00
0.759494,0.696203,6.371166e+00
0.772152,0.696203,6.410391e+00
0.784810,0.696203,6.446309e+00
0.797468,0.696203,6.478966e+00
0.810127,0.696203,6.509356e+00
0.822785,0.696203,6.537887e+00
0.835443,0.696203,6.564559e+00
0.848101,0.696203,6.589372e+00
0.860759,0.696203,6.612327e+00
0.873418,0.696203,6.633769e+00
0.886076,0.696203,6.654090e+00
0.898734,0.696203,6.673293e+00
0.911392,0.696203,6.691375e+00
0.924051,0.696203,6.708338e+00
0.936709,0.696203,6.724242e+00
0.949367,0.696203,6.739389e+00
0.962025,0.696203,6.753818e+00
0.974684,0.696203,6.767530e+00
0.987342,0.696203,6.780524e+00
1.000000,0.696203,6.792801e+00
0.000000,0.708861,0.000000e+00
0.012658,0.708861,1.141927e-02
0.025316,0.708861,2.390765e-02
0.037975,0.708861,3.746514e-02
0.050633,0.708861,5.209174e-02
0.063291,0.708861,6.778746e-02
0.075949,0.708861,8.455230e-02
0.088608,0.708861,1.023862e-01
0.101266,0.708861,1.212893e-01
0.113924,0.708861,1.412615e-01
0.126582,0.708861,1.623028e-01
0.139241,0.708861,1.844132e-01
0.151899,0.708861,2.075927e-01
0.164557,0.708861,2.318413e-01
0.177215,0.708861,2.571764e-01
0.189873,0.708861,2.848503e-01
0.202532,0.708861,3.156345e-01
0.215190,0.708861,3.495290e-01
0.227848,0.708861,3.865339e-01
0.240506,0.708861,4.266490e-01
0.253165,0.708861,4.698746e-01
0.265823,0.708861,5.162104e-01
0.278481,0.708861,5.656966e-01
0.291139,0.708861,6.209584e-01
0.303797,0.708861,6.835755e-01
0.316456,0.708861,7.535480e-01
0.329114,0.708861,8.308759e-01
0.341772,0.708861,9.155591e-01
0.354430,0.708861,1.009020e+00
0.367089,0.708861,1.117115e+00
0.379747,0.708861,1.240481e+00
0.392405,0.708861,1.379117e+00
0.405063,0.708861,1.533445e+00
0.417722,0.708861,1.710239e+00
0.430380,0.708861,1.911857e+00
0.443038,0.708861,2.138300e+00
0.455696,0.708861,2.389311e+00
0.468354,0.708861,2.664432e+00
0.481013,0.708861,2.962449e+00
0.493671,0.708861,3.272466e+00
0.506329,0.708861,3.589597e+00
0.518987,0.708861,3.898805e+00
0.531646,0.708861,4.196803e+00
0.544304,0.708861,4.473075e+00
0.556962,0.708861,4.723568e+00
0.569620,0.708861,4.948481e+00
0.582278,0.708861,5.150050e+00
0.594937,0.708861,5.328906e+00
0.607595,0.708861,5.485050e+00
0.620253,0.708861,5.620456e+00
0.632911,0.708861,5.742436e+00
0.645570,0.708861,5.851676e+00
0.658228,0.708861,5.948175e+00
0.670886,0.708861,6.032087e+00
0.683544,0.708861,6.107680e+00
0.696203,0.708861,6.176888e+00
0.708861,0.708861,6.239711e+00
0.721519,0.708861,6.296149e+00
0.734177,0.708861,6.346405e+00
0.746835,0.708861,6.392709e+00
0.759494,0.708861,6.435672e+00
0.772152,0.708861,6.475294e+00
0.784810,0.708861,6.511576e+00
0.797468,0.708861,6.544563e+00
0.810127,0.708861,6.575261e+00
0.822785,0.708861,6.604081e+00
0.835443,0.708861,6.631023e+00
0.848101,0.708861,6.656088e+00
0.860759,0.708861,6.679274e+00
0.873418,0.708861,6.700934e+00
0.886076,0.708861,6.721461e+00
0.898734,0.708861,6.740858e+00
0.911392,0.708861,6.759123e+00
0.924051,0.708861,6.776258e+00
0.936709,0.708861,6.792323e+00
0.949367,0.708861,6.807623e+00
0.962025,0.708861,6.822199e+00
0.974684,0.708861,6.836050e+00
0.987342,0.708861,6.849175e+00
1.000000,0.708861,6.861576e+00
0.000000,0.721519,0.000000e+00
0.012658,0.721519,1.152077e-02
0.025316,0.721519,2.412016e-02
0.037975,0.721519,3.779815e-02
0.050633,0.721519,5.255476e-02
0.063291,0.721519,6.838998e-02
0.075949,0.721519,8.530381e-02
0.088608,0.721519,1.032963e-01
0.101266,0.721519,1.223673e-01
0.113924,0.721519,1.425170e-01
0.126582,0.721519,1.637452e-01
0.139241,0.721519,1.860521e-01
0.151899,0.721519,2.094376e-01
0.164557,0.721519,2.339017e-01
0.177215,0.721519,2.594620e-01
0.189873,0.721519,2.873818e-01
0.202532,0.721519,3.184395e-01
0.215190,0.721519,3.526351e-01
0.227848,0.721519,3.899687e-01
0.240506,0.721519,4.304402e-01
0.253165,0.721519,4.740496e-01
0.265823,0.721519,5.207970e-01
0.278481,0.721519,5.707227e-01
0.291139,0.721519,6.264753e-01
0.303797,0.721519,6.896486e-01
0.316456,0.721519,7.602426e-01
0.329114,0.721519,8.382574e-01
0.341772,0.721519,9.236928e-01
0.354430,0.721519,1.017984e+00
0.367089,0.721519,1.127040e+00
0.379747,0.721519,1.251501e+00
0.392405,0.721519,1.391369e+00
0.405063,0.721519,1.547068e+00
0.417722,0.721519,1.725431e+00
0.430380,0.721519,1.928841e+00
0.443038,0.721519,2.157295e+00
0.455696,0.721519,2.410536e+00
0.468354,0.721519,2.688101e+00
0.481013,0.721519,2.988766e+00
0.493671,0.721519,3.301536e+00
0.506329,0.721519,3.621484e+00
0.518987,0.721519,3.933439e+00
0.531646,0.721519,4.234084e+00
0.544304,0.721519,4.512810e+00
0.556962,0.721519,4.765528e+00
0.569620,0.721519,4.992438e+00
0.582278,0.721519,5.195798e+00
0.594937,0.721519,5.376243e+00
0.607595,0.721519,5.533774e+00
0.620253,0.721519,5.670383e+00
0.632911,0.721519,5.793447e+00
0.645570,0.721519,5.903657e+00
0.658228,0.721519,6.001013e+00
0.670886,0.721519,6.085671e+00
0.683544,0.721519,6.161936e+00
0.696203,0.721519,6.231759e+00
0.708861,0.721519,6.295140e+00
0.721519,0.721519,6.352079e+00
0.734177,0.721519,6.402782e+00
0.746835,0.721519,6.449497e+00
0.759494,0.721519,6.492841e+00
0.772152,0.721519,6.532816e+00
0.784810,0.721519,6.569420e+00
0.797468,0.721519,6.602700e+00
0.810127,0.721519,6.633671e+00
0.822785,0.721519,6.662746e+00
0.835443,0.721519,6.689928e+00
0.848101,0.721519,6.715215e+00
0.860759,0.721519,6.738608e+00
0.873418,0.721519,6.760459e+00
0.886076,0.721519,6.781169e+00
0.898734,0.721519,6.800738e+00
0.911392,0.721519,6.819166e+00
0.924051,0.721519,6.836453e+00
0.936709,0.721519,6.852661e+00
0.949367,0.721519,6.868097e+00
0.962025,0.721519,6.882802e+00
0.974684,0.721519,6.896776e+00
0.987342,0.721519,6.910018e+00
1.000000,0.721519,6.922529e+00
0.000000,0.734177,0.000000e+00
0.012658,0.734177,1.161309e-02
0.025316,0.734177,2.431343e-02
0.037975,0.734177,3.810102e-02
0.050633,0.734177,5.297586e-02
0.063291,0.734177,6.893795e-02
0.075949,0.734177,8.598728e-02
0.088608,0.734177,1.041239e-01
0.101266,0.734177,1.233477e-01
0.113924,0.734177,1.436588e-01
0.126582,0.734177,1.650571e-01
0.139241,0.734177,1.875427e-01
0.151899,0.734177,2.111155e-01
0.164557,0.734177,2.357756e-01
0.177215,0.734177,2.615406e-01
0.189873,0.734177,2.896840e-01
0.202532,0.734177,3.209904e-01
0.215190,0.734177,3.554599e-01
0.227848,0.734177,3.930924e-01
0.240506,0.734177,4.338879e-01
0.253165,0.734177,4.778465e-01
0.265823,0.734177,5.249681e-01
0.278481,0.734177,5.752935e-01
0.291139,0.734177,6.314924e-01
0.303797,0.734177,6.951715e-01
0.316456,0.734177,7.663307e-01
0.329114,0.734177,8.449701e-01
0.341772,0.734177,9.310897e-01
0.354430,0.734177,1.026135e+00
0.367089,0.734177,1.136065e+00
0.379747,0.734177,1.261523e+00
0.392405,0.734177,1.402511e+00
0.405063,0.734177,1.559456e+00
0.417722,0.734177,1.739248e+00
0.430380,0.734177,1.944286e+00
0.443038,0.734177,2.174570e+00
0.455696,0.734177,2.429838e+00
0.468354,0.734177,2.709626e+00
0.481013,0.734177,3.012698e+00
0.493671,0.734177,3.327973e+00
0.506329,0.734177,3.650483e+00
0.518987,0.734177,3.964935e+00
0.531646,0.734177,4.267987e+00
0.544304,0.734177,4.548945e+00
0.556962,0.734177,4.803687e+00
0.569620,0.734177,5.032414e+00
0.582278,0.734177,5.237403e+00
0.594937,0.734177,5.419293e+00
0.607595,0.734177,5.578085e+00
0.620253,0.734177,5.715788e+00
0.632911,0.734177,5.839837e+00
0.645570,0.734177,5.950930e+00
0.658228,0.734177,6.049066e+00
0.670886,0.734177,6.134401e+00
0.683544,0.734177,6.211277e+00
0.696203,0.734177,6.281659e+00
0.708861,0.734177,6.345548e+00
0.721519,0.734177,6.402943e+00
0.734177,0.734177,6.454051e+00
0.746835,0.734177,6.501140e+00
0.759494,0.734177,6.544832e+00
0.772152,0.734177,6.585127e+00
0.784810,0.734177,6.622024e+00
0.797468,0.734177,6.655571e+00
0.810127,0.734177,6.686789e+00
0.822785,0.734177,6.716098e+00
0.835443,0.734177,6.743497e+00
0.848101,0.734177,6.768986e+00
0.860759,0.734177,6.792567e+00
0.873418,0.734177,6.814593e+00
0.886076,0.734177,6.835469e+00
0.898734,0.734177,6.855194e+00
0.911392,0.734177,6.873770e+00
0.924051,0.734177,6.891195e+00
0.936709,0.734177,6.907533e+00
0.949367,0.734177,6.923093e+00
0.962025,0.734177,6.937915e+00
0.974684,0.734177,6.952001e+00
0.987342,0.734177,6.965349e+00
1.000000,0.734177,6.977961e+00
0.000000,0.746835,0.000000e+00
0.012658,0.746835,1.169879e-02
0.025316,0.746835,2.449284e-02
0.037975,0.746835,3.838216e-02
0.050633,0.746835,5.336674e-02
0.063291,0.746835,6.944659e-02
0.075949,0.746835,8.662171e-02
0.088608,0.746835,1.048921e-01
0.101266,0.746835,1.242577e-01
0.113924,0.746835,1.447187e-01
0.126582,0.746835,1.662748e-01
0.139241,0.746835,1.889263e-01
0.151899,0.746835,2.126730e-01
0.164557,0.746835,2.375150e-01
0.177215,0.746835,2.634700e-01
0.189873,0.746835,2.918210e-01
0.202532,0.746835,3.233583e-01
0.215190,0.746835,3.580819e-01
0.227848,0.746835,3.959919e-01
0.240506,0.746835,4.370882e-01
0.253165,0.746835,4.813709e-01
0.265823,0.746835,5.288399e-01
0.278481,0.746835,5.795362e-01
0.291139,0.746835,6.361494e-01
0.303797,0.746835,7.002980e-01
0.316456,0.746835,7.719819e-01
0.329114,0.746835,8.512011e-01
0.341772,0.746835,9.379556e-01
0.354430,0.746835,1.033702e+00
0.367089,0.746835,1.144442e+00
0.379747,0.746835,1.270825e+00
0.392405,0.746835,1.412852e+00
0.405063,0.746835,1.570955e+00
0.417722,0.746835,1.752073e+00
0.430380,0.746835,1.958622e+00
0.443038,0.746835,2.190604e+00
0.455696,0.746835,2.447755e+00
0.468354,0.746835,2.729605e+00
0.481013,0.746835,3.034912e+00
0.493671,0.746835,3.352512e+00
0.506329,0.746835,3.677400e+00
0.518987,0.746835,3.994171e+00
0.531646,0.746835,4.299457e+00
0.544304,0.746835,4.582487e+00
0.556962,0.746835,4.839107e+00
0.569620,0.746835,5.069521e+00
0.582278,0.746835,5.276021e+00
0.594937,0.746835,5.459252e+00
0.607595,0.746835,5.619215e+00
0.620253,0.746835,5.757933e+00
0.632911,0.746835,5.882898e+00
0.645570,0.746835,5.994810e+00
0.658228,0.746835,6.093669e+00
0.670886,0.746835,6.179633e+00
0.683544,0.746835,6.257076e+00
0.696203,0.746835,6.327977e+00
0.708861,0.746835,6.392337e+00
0.721519,0.746835,6.450155e+00
0.734177,0.746835,6.501641e+00
0.746835,0.746835,6.549077e+00
0.759494,0.746835,6.593091e+00
0.772152,0.746835,6.633683e+00
0.784810,0.746835,6.670852e+00
0.797468,0.746835,6.704646e+00
0.810127,0.746835,6.736095e+00
0.822785,0.746835,6.765619e+00
0.835443,0.746835,6.793221e+00
0.848101,0.746835,6.818898e+00
0.860759,0.746835,6.842652e+00
0.873418,0.746835,6.864841e+00
0.886076,0.746835,6.885871e+00
0.898734,0.746835,6.905742e+00
0.911392,0.746835,6.924454e+00
0.924051,0.746835,6.942008e+00
0.936709,0.746835,6.958466e+00
0.949367,0.746835,6.974141e+00
0.962025,0.746835,6.989073e+00
0.974684,0.746835,7.003262e+00
0.987342,0.746835,7.016709e+00
1.000000,0.746835,7.029414e+00
0.000000,0.759494,0.000000e+00
0.012658,0.759494,1.177786e-02
0.025316,0.759494,2.465838e-02
0.037975,0.759494,3.864157e-02
0.050633,0.759494,5.372741e-02
0.063291,0.759494,6.991592e-02
0.075949,0.759494,8.720710e-02
0.088608,0.759494,1.056009e-01
0.101266,0.759494,1.250974e-01
0.113924,0.759494,1.456966e-01
0.126582,0.759494,1.673984e-01
0.139241,0.759494,1.902029e-01
0.151899,0.759494,2.141100e-01
0.164557,0.759494,2.391199e-01
0.177215,0.759494,2.652503e-01
0.189873,0.759494,2.937927e-01
0.202532,0.759494,3.255431e-01
0.215190,0.759494,3.605012e-01
0.227848,0.759494,3.986672e-01
0.240506,0.759494,4.400411e-01
0.253165,0.759494,4.846227e-01
0.265823,0.759494,5.324123e-01
0.278481,0.759494,5.834509e-01
0.291139,0.759494,6.404464e-01
0.303797,0.759494,7.050281e-01
0.316456,0.759494,7.771960e-01
0.329114,0.759494,8.569502e-01
0.341772,0.759494,9.442906e-01
0.354430,0.759494,1.040684e+00
0.367089,0.759494,1.152171e+00
0.379747,0.759494,1.279408e+00
0.392405,0.759494,1.422395e+00
0.405063,0.759494,1.581565e+00
0.417722,0.759494,1.763906e+00
0.430380,0.759494,1.971850e+00
0.443038,0.759494,2.205399e+00
0.455696,0.759494,2.464286e+00
0.468354,0.759494,2.748040e+00
0.481013,0.759494,3.055409e+00
0.493671,0.759494,3.375153e+00
0.506329,0.759494,3.702235e+00
0.518987,0.759494,4.021146e+00
0.531646,0.759494,4.328494e+00
0.544304,0.759494,4.613435e+00
0.556962,0.759494,4.871788e+00
0.569620,0.759494,5.103758e+00
0.582278,0.759494,5.311653e+00
0.594937,0.759494,5.496121e+00
0.607595,0.759494,5.657165e+00
0.620253,0.759494,5.796820e+00
0.632911,0.759494,5.922628e+00
0.645570,0.759494,6.035296e+00
0.658228,0.759494,6.134823e+00
0.670886,0.759494,6.221368e+00
0.683544,0.759494,6.299334e+00
0.696203,0.759494,6.370714e+00
0.708861,0.759494,6.435508e+00
0.721519,0.759494,6.493717e+00
0.734177,0.759494,6.545551e+00
0.746835,0.759494,6.593307e+00
0.759494,0.759494,6.637618e+00
0.772152,0.759494,6.678484e+00
0.784810,0.759494,6.715905e+00
0.797468,0.759494,6.749927e+00
0.810127,0.759494,6.781588e+00
0.822785,0.759494,6.811312e+00
0.835443,0.759494,6.839099e+00
0.848101,0.759494,6.864950e+00
0.860759,0.759494,6.888865e+00
0.873418,0.759494,6.911204e+00
0.886076,0.759494,6.932375e+00
0.898734,0.759494,6.952381e+00
0.911392,0.759494,6.971219e+00
0.924051,0.759494,6.988891e+00
0.936709,0.759494,7.005461e+00
0.949367,0.759494,7.021241e+00
0.962025,0.759494,7.036274e+00
0.974684,0.759494,7.050560e+00
0.987342,0.759494,7.064097e+00
1.000000,0.759494,7.076888e+00
0.000000,0.772152,0.000000e+00
0.012658,0.772152,1.185031e-02
0.025316,0.772152,2.481006e-02
0.037975,0.772152,3.887924e-02
0.050633,0.772152,5.405787e-02
0.063291,0.772152,7.034593e-02
0.075949,0.772152,8.774344e-02
0.088608,0.772152,1.062504e-01
0.101266,0.772152,1.258668e-01
0.113924,0.772152,1.465926e-01
0.126582,0.772152,1.684278e-01
0.139241,0.772152,1.913725e-01
0.151899,0.772152,2.154267e-01
0.164557,0.772152,2.405903e-01
0.177215,0.772152,2.668813e-01
0.189873,0.772152,2.955993e-01
0.202532,0.772152,3.275448e-01
0.215190,0.772152,3.627178e-01
0.227848,0.772152,4.011184e-01
0.240506,0.772152,4.427464e-01
0.253165,0.772152,4.876021e-01
0.265823,0.772152,5.356853e-01
0.278481,0.772152,5.870375e-01
0.291139,0.772152,6.443832e-01
0.303797,0.772152,7.093618e-01
0.316456,0.772152,7.819732e-01
0.329114,0.772152,8.622175e-01
0.341772,0.772152,9.500947e-01
0.354430,0.772152,1.047080e+00
0.367089,0.772152,1.159253e+00
0.379747,0.772152,1.287272e+00
0.392405,0.772152,1.431137e+00
0.405063,0.772152,1.591286e+00
0.417722,0.772152,1.774747e+00
0.430380,0.772152,1.983970e+00
0.443038,0.772152,2.218954e+00
0.455696,0.772152,2.479432e+00
0.468354,0.772152,2.764930e+00
0.481013,0.772152,3.074187e+00
0.493671,0.772152,3.395897e+00
0.506329,0.772152,3.724990e+00
0.518987,0.772152,4.045860e+00
0.531646,0.772152,4.355097e+00
0.544304,0.772152,4.641789e+00
0.556962,0.772152,4.901731e+00
0.569620,0.772152,5.135126e+00
0.582278,0.772152,5.344298e+00
0.594937,0.772152,5.529901e+00
0.607595,0.772152,5.691934e+00
0.620253,0.772152,5.832448e+00
0.632911,0.772152,5.959029e+00
0.645570,0.772152,6.072390e+00
0.658228,0.772152,6.172528e+00
0.670886,0.772152,6.259605e+00
0.683544,0.772152,6.338050e+00
0.696203,0.772152,6.409869e+00
0.708861,0.772152,6.475062e+00
0.721519,0.772152,6.533628e+00
0.734177,0.772152,6.585780e+00
0.746835,0.772152,6.633830e+00
0.759494,0.772152,6.678414e+00
0.772152,0.772152,6.719531e+00
0.784810,0.772152,6.757181e+00
0.797468,0.772152,6.791413e+00
0.810127,0.772152,6.823268e+00
0.822785,0.772152,6.853175e+00
0.835443,0.772152,6.881133e+00
0.848101,0.772152,6.907143e+00
0.860759,0.772152,6.931205e+00
0.873418,0.772152,6.953681e+00
0.886076,0.772152,6.974983e+00
0.898734,0.772152,6.995111e+00
0.911392,0.772152,7.014065e+00
0.924051,0.772152,7.031846e+00
0.936709,0.772152,7.048517e+00
0.949367,0.772152,7.064395e+00
0.962025,0.772152,7.079520e+00
0.974684,0.772152,7.093893e+00
0.987342,0.772152,7.107514e+00
1.000000,0.772152,7.120383e+00
0.000000,0.784810,0.000000e+00
0.012658,0.784810,1.191613e-02
0.025316,0.784810,2.494786e-02
0.037975,0.784810,3.909519e-02
0.050633,0.784810,5.435811e-02
0.063291,0.784810,7.073663e-02
0.075949,0.784810,8.823074e-02
0.088608,0.784810,1.068404e-01
0.101266,0.784810,1.265657e-01
0.113924,0.784810,1.474066e-01
0.126582,0.784810,1.693631e-01
0.139241,0.784810,1.924352e-01
0.151899,0.784810,2.166229e-01
0.164557,0.784810,2.419262e-01
0.177215,0.784810,2.683632e-01
0.189873,0.784810,2.972406e-01
0.202532,0.784810,3.293634e-01
0.215190,0.784810,3.647316e-01
0.227848,0.784810,4.033453e-01
0.240506,0.784810,4.452044e-01
0.253165,0.784810,4.903089e-01
0.265823,0.784810,5.386589e-01
0.278481,0.784810,5.902960e-01
0.291139,0.784810,6.479599e-01
0.303797,0.784810,7.132990e-01
0.316456,0.784810,7.863134e-01
0.329114,0.784810,8.670030e-01
0.341772,0.784810,9.553678e-01
0.354430,0.784810,1.052892e+00
0.367089,0.784810,1.165687e+00
0.379747,0.784810,1.294416e+00
0.392405,0.784810,1.439080e+00
0.405063,0.784810,1.600117e+00
0.417722,0.784810,1.784597e+00
0.430380,0.784810,1.994980e+00
0.443038,0.784810,2.231268e+00
0.455696,0.784810,2.493192e+00
0.468354,0.784810,2.780274e+00
0.481013,0.784810,3.091248e+00
0.493671,0.784810,3.414744e+00
0.506329,0.784810,3.745662e+00
0.518987,0.784810,4.068314e+00
0.531646,0.784810,4.379267e+00
0.544304,0.784810,4.667550e+00
0.556962,0.784810,4.928934e+00
0.569620,0.784810,5.163625e+00
0.582278,0.784810,5.373958e+00
0.594937,0.784810,5.560591e+00
0.607595,0.784810,5.723523e+00
0.620253,0.784810,5.864816e+00
0.632911,0.784810,5.992101e+00
0.645570,0.784810,6.106090e+00
0.658228,0.784810,6.206785e+00
0.670886,0.784810,6.294345e+00
0.683544,0.784810,6.373225e+00
0.696203,0.784810,6.445443e+00
0.708861,0.784810,6.510997e+00
0.721519,0.784810,6.569889e+00
0.734177,0.784810,6.622330e+00
0.746835,0.784810,6.670647e+00
0.759494,0.784810,6.715478e+00
0.772152,0.784810,6.756823e+00
0.784810,0.784810,6.794682e+00
0.797468,0.784810,6.829104e+00
0.810127,0.784810,6.861136e+00
0.822785,0.784810,6.891209e+00
0.835443,0.784810,6.919322e+00
0.848101,0.784810,6.945476e+00
0.860759,0.784810,6.969671e+00
0.873418,0.784810,6.992272e+00
0.886076,0.784810,7.013692e+00
0.898734,0.784810,7.033932e+00
0.911392,0.784810,7.052992e+00
0.924051,0.784810,7.070871e+00
0.936709,0.784810,7.087635e+00
0.949367,0.784810,7.103601e+00
0.962025,0.784810,7.118810e+00
0.974684,0.784810,7.133263e+00
0.987342,0.784810,7.146959e+00
1.000000,0.784810,7.159900e+00
0.000000,0.797468,0.000000e+00
0.012658,0.797468,1.197638e-02
0.025316,0.797468,2.507399e-02
0.037975,0.797468,3.929284e-02
0.050633,0.797468,5.463291e-02
0.063291,0.797468,7.109421e-02
0.075949,0.797468,8.867673e-02
0.088608,0.797468,1.073805e-01
0.101266,0.797468,1.272055e-01
0.113924,0.797468,1.481517e-01
0.126582,0.797468,1.702191e-01
0.139241,0.797468,1.934078e-01
0.151899,0.797468,2.177177e-01
0.164557,0.797468,2.431489e-01
0.177215,0.797468,2.697194e-01
0.189873,0.797468,2.987427e-01
0.202532,0.797468,3.310278e-01
0.215190,0.797468,3.665747e-01
0.227848,0.797468,4.053834e-01
0.240506,0.797468,4.474539e-01
0.253165,0.797468,4.927862e-01
0.265823,0.797468,5.413804e-01
0.278481,0.797468,5.932783e-01
0.291139,0.797468,6.512334e-01
0.303797,0.797468,7.169025e-01
0.316456,0.797468,7.902856e-01
0.329114,0.797468,8.713827e-01
0.341772,0.797468,9.601939e-01
0.354430,0.797468,1.058210e+00
0.367089,0.797468,1.171575e+00
0.379747,0.797468,1.300955e+00
0.392405,0.797468,1.446349e+00
0.405063,0.797468,1.608200e+00
0.417722,0.797468,1.793611e+00
0.430380,0.797468,2.005058e+00
0.443038,0.797468,2.242539e+00
0.455696,0.797468,2.505786e+00
0.468354,0.797468,2.794318e+00
0.481013,0.797468,3.106863e+00
0.493671,0.797468,3.431992e+00
0.506329,0.797468,3.764583e+00
0.518987,0.797468,4.088864e+00
0.531646,0.797468,4.401388e+00
0.544304,0.797468,4.691127e+00
0.556962,0.797468,4.953831e+00
0.569620,0.797468,5.189707e+00
0.582278,0.797468,5.401103e+00
0.594937,0.797468,5.588678e+00
0.607595,0.797468,5.752434e+00
0.620253,0.797468,5.894441e+00
0.632911,0.797468,6.022368e+00
0.645570,0.797468,6.136933e+00
0.658228,0.797468,6.238137e+00
0.670886,0.797468,6.326139e+00
0.683544,0.797468,6.405418e+00
0.696203,0.797468,6.478000e+00
0.708861,0.797468,6.543886e+00
0.721519,0.797468,6.603075e+00
0.734177,0.797468,6.655781e+00
0.746835,0.797468,6.704342e+00
0.759494,0.797468,6.749399e+00
0.772152,0.797468,6.790953e+00
0.784810,0.797468,6.829004e+00
0.797468,0.797468,6.863599e+00
0.810127,0.797468,6.895793e+00
0.822785,0.797468,6.926018e+00
0.835443,0.797468,6.954273e+00
0.848101,0.797468,6.980560e+00
0.860759,0.797468,7.004877e+00
0.873418,0.797468,7.027592e+00
0.886076,0.797468,7.049120e+00
0.898734,0.797468,7.069462e+00
0.911392,0.797468,7.088618e+00
0.924051,0.797468,7.106588e+00
0.936709,0.797468,7.123436e+00
0.949367,0.797468,7.139483e+00
0.962025,0.797468,7.154769e+00
0.974684,0.797468,7.169295e+00
0.987342,0.797468,7.183060e+00
1.000000,0.797468,7.196066e+00
0.000000,0.810127,0.000000e+00
0.012658,0.810127,1.203298e-02
0.025316,0.810127,2.519247e-02
0.037975,0.810127,3.947849e-02
0.050633,0.810127,5.489103e-02
0.063291,0.810127,7.143010e-02
0.075949,0.810127,8.909568e-02
0.088608,0.810127,1.078878e-01
0.101266,0.810127,1.278064e-01
0.113924,0.810127,1.488516e-01
0.126582,0.810127,1.710232e-01
0.139241,0.810127,1.943214e-01
0.151899,0.810127,2.187461e-01
0.164557,0.810127,2.442974e-01
0.177215,0.810127,2.709934e-01
0.189873,0.810127,3.001537e-01
0.202532,0.810127,3.325913e-01
0.215190,0.810127,3.683060e-01
0.227848,0.810127,4.072979e-01
0.240506,0.810127,4.495670e-01
0.253165,0.810127,4.951133e-01
0.265823,0.810127,5.439368e-01
0.278481,0.810127,5.960797e-01
0.291139,0.810127,6.543083e-01
0.303797,0.810127,7.202874e-01
0.316456,0.810127,7.940169e-01
0.329114,0.810127,8.754969e-01
0.341772,0.810127,9.647273e-01
0.354430,0.810127,1.063206e+00
0.367089,0.810127,1.177107e+00
0.379747,0.810127,1.307097e+00
0.392405,0.810127,1.453177e+00
0.405063,0.810127,1.615793e+00
0.417722,0.810127,1.802079e+00
0.430380,0.810127,2.014524e+00
0.443038,0.810127,2.253126e+00
0.455696,0.810127,2.517616e+00
0.468354,0.810127,2.807510e+00
0.481013,0.810127,3.121531e+00
0.493671,0.810127,3.448195e+00
0.506329,0.810127,3.782355e+00
0.518987,0.810127,4.108168e+00
0.531646,0.810127,4.422167e+00
0.544304,0.810127,4.713274e+00
0.556962,0.810127,4.977218e+00
0.569620,0.810127,5.214208e+00
0.582278,0.810127,5.426602e+00
0.594937,0.810127,5.615063e+00
0.607595,0.810127,5.779591e+00
0.620253,0.810127,5.922269e+00
0.632911,0.810127,6.050800e+00
0.645570,0.810127,6.165906e+00
0.658228,0.810127,6.267587e+00
0.670886,0.810127,6.356005e+00
0.683544,0.810127,6.435658e+00
0.696203,0.810127,6.508583e+00
0.708861,0.810127,6.574780e+00
0.721519,0.810127,6.634248e+00
0.734177,0.810127,6.687203e+00
0.746835,0.810127,6.735993e+00
0.759494,0.810127,6.781264e+00
0.772152,0.810127,6.823014e+00
0.784810,0.810127,6.861244e+00
0.797468,0.810127,6.896003e+00
0.810127,0.810127,6.928348e+00
0.822785,0.810127,6.958716e+00
0.835443,0.810127,6.987105e+00
0.848101,0.810127,7.013515e+00
0.860759,0.810127,7.037947e+00
0.873418,0.810127,7.060769e+00
0.886076,0.810127,7.082399e+00
0.898734,0.810127,7.102838e+00
0.911392,0.810127,7.122084e+00
0.924051,0.810127,7.140138e+00
0.936709,0.810127,7.157067e+00
0.949367,0.810127,7.173189e+00
0.962025,0.810127,7.188547e+00
0.974684,0.810127,7.203141e+00
0.987342,0.810127,7.216972e+00
1.000000,0.810127,7.230039e+00
0.000000,0.822785,0.000000e+00
0.012658,0.822785,1.208596e-02
0.025316,0.822785,2.530339e-02
0.037975,0.822785,3.965230e-02
0.050633,0.822785,5.513268e-02
0.063291,0.822785,7.174454e-02
0.075949,0.822785,8.948788e-02
0.088608,0.822785,1.083627e-01
0.101266,0.822785,1.283690e-01
0.113924,0.822785,1.495067e-01
0.126582,0.822785,1.717760e-01
0.139241,0.822785,1.951767e-01
0.151899,0.822785,2.197089e-01
0.164557,0.822785,2.453726e-01
0.177215,0.822785,2.721861e-01
0.189873,0.822785,3.014747e-01
0.202532,0.822785,3.340549e-01
0.215190,0.822785,3.699268e-01
0.227848,0.822785,4.090902e-01
0.240506,0.822785,4.515452e-01
0.253165,0.822785,4.972918e-01
0.265823,0.822785,5.463301e-01
0.278481,0.822785,5.987023e-01
0.291139,0.822785,6.571870e-01
0.303797,0.822785,7.234563e-01
0.316456,0.822785,7.975101e-01
0.329114,0.822785,8.793484e-01
0.341772,0.822785,9.689713e-01
0.354430,0.822785,1.067884e+00
0.367089,0.822785,1.182285e+00
0.379747,0.822785,1.312847e+00
0.392405,0.822785,1.459570e+00
0.405063,0.822785,1.622901e+00
0.417722,0.822785,1.810006e+00
0.430380,0.822785,2.023386e+00
0.443038,0.822785,2.263038e+00
0.455696,0.822785,2.528691e+00
0.468354,0.822785,2.819861e+00
0.481013,0.822785,3.135262e+00
0.493671,0.822785,3.463364e+00
0.506329,0.822785,3.798994e+00
0.518987,0.822785,4.126239e+00
0.531646,0.822785,4.441620e+00
0.544304,0.822785,4.734008e+00
0.556962,0.822785,4.999113e+00
0.569620,0.822785,5.237146e+00
0.582278,0.822785,5.450473e+00
0.594937,0.822785,5.639763e+00
0.607595,0.822785,5.805016e+00
0.620253,0.822785,5.948321e+00
0.632911,0.822785,6.077418e+00
0.645570,0.822785,6.193030e+00
0.658228,0.822785,6.295158e+00
0.670886,0.822785,6.383965e+00
0.683544,0.822785,6.463969e+00
0.696203,0.822785,6.537215e+00
0.708861,0.822785,6.603702e+00
0.721519,0.822785,6.663433e+00
0.734177,0.822785,6.716620e+00
0.746835,0.822785,6.765625e+00
0.759494,0.822785,6.811094e+00
0.772152,0.822785,6.853028e+00
0.784810,0.822785,6.891427e+00
0.797468,0.822785,6.926338e+00
0.810127,0.822785,6.958826e+00
0.822785,0.822785,6.989327e+00
0.835443,0.822785,7.017841e+00
0.848101,0.822785,7.044368e+00
0.860759,0.822785,7.068907e+00
0.873418,0.822785,7.091830e+00
0.886076,0.822785,7.113555e+00
0.898734,0.822785,7.134083e+00
0.911392,0.822785,7.153414e+00
0.924051,0.822785,7.171548e+00
0.936709,0.822785,7.188551e+00
0.949367,0.822785,7.204743e+00
0.962025,0.822785,7.220169e+00
0.974684,0.822785,7.234828e+00
0.987342,0.822785,7.248720e+00
1.000000,0.822785,7.261844e+00
0.000000,0.835443,0.000000e+00
0.012658,0.835443,1.213533e-02
0.025316,0.835443,2.540674e-02
0.037975,0.835443,3.981425e-02
0.050633,0.835443,5.535786e-02
0.063291,0.835443,7.203755e-02
0.075949,0.835443,8.985334e-02
0.088608,0.835443,1.088052e-01
0.101266,0.835443,1.288932e-01
0.113924,0.835443,1.501173e-01
0.126582,0.835443,1.724774e-01
0.139241,0.835443,1.959737e-01
0.151899,0.835443,2.206060e-01
0.164557,0.835443,2.463744e-01
0.177215,0.835443,2.732974e-01
0.189873,0.835443,3.027056e-01
0.202532,0.835443,3.354188e-01
0.215190,0.835443,3.714370e-01
0.227848,0.835443,4.107603e-01
0.240506,0.835443,4.533885e-01
0.253165,0.835443,4.993218e-01
0.265823,0.835443,5.485602e-01
0.278481,0.835443,6.011461e-01
0.291139,0.835443,6.598694e-01
0.303797,0.835443,7.264091e-01
0.316456,0.835443,8.007651e-01
0.329114,0.835443,8.829374e-01
0.341772,0.835443,9.729260e-01
0.354430,0.835443,1.072242e+00
0.367089,0.835443,1.187110e+00
0.379747,0.835443,1.318205e+00
0.392405,0.835443,1.465527e+00
0.405063,0.835443,1.629524e+00
0.417722,0.835443,1.817393e+00
0.430380,0.835443,2.031643e+00
0.443038,0.835443,2.272274e+00
0.455696,0.835443,2.539011e+00
0.468354,0.835443,2.831369e+00
0.481013,0.835443,3.148058e+00
0.493671,0.835443,3.477498e+00
0.506329,0.835443,3.814498e+00
0.518987,0.835443,4.143079e+00
0.531646,0.835443,4.459747e+00
0.544304,0.835443,4.753328e+00
0.556962,0.835443,5.019515e+00
0.569620,0.835443,5.258519e+00
0.582278,0.835443,5.472718e+00
0.594937,0.835443,5.662780e+00
0.607595,0.835443,5.828707e+00
0.620253,0.835443,5.972597e+00
0.632911,0.835443,6.102221e+00
0.645570,0.835443,6.218305e+00
0.658228,0.835443,6.320850e+00
0.670886,0.835443,6.410019e+00
0.683544,0.835443,6.490349e+00
0.696203,0.835443,6.563894e+00
0.708861,0.835443,6.630653e+00
0.721519,0.835443,6.690627e+00
0.734177,0.835443,6.744032e+00
0.746835,0.835443,6.793237e+00
0.759494,0.835443,6.838892e+00
0.772152,0.835443,6.880997e+00
0.784810,0.835443,6.919552e+00
0.797468,0.835443,6.954606e+00
0.810127,0.835443,6.987227e+00
0.822785,0.835443,7.017852e+00
0.835443,0.835443,7.046482e+00
0.848101,0.835443,7.073117e+00
0.860759,0.835443,7.097757e+00
0.873418,0.835443,7.120773e+00
0.886076,0.835443,7.142587e+00
0.898734,0.835443,7.163198e+00
0.911392,0.835443,7.182608e+00
0.924051,0.835443,7.200816e+00
0.936709,0.835443,7.217888e+00
0.949367,0.835443,7.234147e+00
0.962025,0.835443,7.249636e+00
0.974684,0.835443,7.264355e+00
0.987342,0.835443,7.278303e+00
1.000000,0.835443,7.291481e+00
0.000000,0.848101,0.000000e+00
0.012658,0.848101,1.218108e-02
0.025316,0.848101,2.550253e-02
0.037975,0.848101,3.996436e-02
0.050633,0.848101,5.556655e-02
0.063291,0.848101,7.230912e-02
0.075949,0.848101,9.019205e-02
0.088608,0.848101,1.092154e-01
0.101266,0.848101,1.293790e-01
0.113924,0.848101,1.506831e-01
0.126582,0.848101,1.731275e-01
0.139241,0.848101,1.967123e-01
0.151899,0.848101,2.214375e-01
0.164557,0.848101,2.473030e-01
0.177215,0.848101,2.743274e-01
0.189873,0.848101,3.038464e-01
0.202532,0.848101,3.366829e-01
0.215190,0.848101,3.728368e-01
0.227848,0.848101,4.123082e-01
0.240506,0.848101,4.550970e-01
0.253165,0.848101,5.012033e-01
0.265823,0.848101,5.506271e-01
0.278481,0.848101,6.034110e-01
0.291139,0.848101,6.623556e-01
0.303797,0.848101,7.291459e-01
0.316456,0.848101,8.037820e-01
0.329114,0.848101,8.862638e-01
0.341772,0.848101,9.765914e-01
0.354430,0.848101,1.076282e+00
0.367089,0.848101,1.191582e+00
0.379747,0.848101,1.323171e+00
0.392405,0.848101,1.471048e+00
0.405063,0.848101,1.635663e+00
0.417722,0.848101,1.824240e+00
0.430380,0.848101,2.039297e+00
0.443038,0.848101,2.280834e+00
0.455696,0.848101,2.548576e+00
0.468354,0.848101,2.842035e+00
0.481013,0.848101,3.159917e+00
0.493671,0.848101,3.490599e+00
0.506329,0.848101,3.828868e+00
0.518987,0.848101,4.158687e+00
0.531646,0.848101,4.476548e+00
0.544304,0.848101,4.771235e+00
0.556962,0.848101,5.038425e+00
0.569620,0.848101,5.278329e+00
0.582278,0.848101,5.493335e+00
0.594937,0.848101,5.684113e+00
0.607595,0.848101,5.850665e+00
0.620253,0.848101,5.995097e+00
0.632911,0.848101,6.125209e+00
0.645570,0.848101,6.241731e+00
0.658228,0.848101,6.344662e+00
0.670886,0.848101,6.434168e+00
0.683544,0.848101,6.514800e+00
0.696203,0.848101,6.588622e+00
0.708861,0.848101,6.655633e+00
0.721519,0.848101,6.715832e+00
0.734177,0.848101,6.769439e+00
0.746835,0.848101,6.818829e+00
0.759494,0.848101,6.864655e+00
0.772152,0.848101,6.906919e+00
0.784810,0.848101,6.945620e+00
0.797468,0.848101,6.980805e+00
0.810127,0.848101,7.013549e+00
0.822785,0.848101,7.044290e+00
0.835443,0.848101,7.073028e+00
0.848101,0.848101,7.099763e+00
0.860759,0.848101,7.124496e+00
0.873418,0.848101,7.147598e+00
0.886076,0.848101,7.169494e+00
0.898734,0.848101,7.190184e+00
0.911392,0.848101,7.209667e+00
0.924051,0.848101,7.227943e+00
0.936709,0.848101,7.245080e+00
0.949367,0.848101,7.261400e+00
0.962025,0.848101,7.276947e+00
0.974684,0.848101,7.291721e+00
0.987342,0.848101,7.305722e+00
1.000000,0.848101,7.318950e+00
0.000000,0.860759,0.000000e+00
0.012658,0.860759,1.222332e-02
0.025316,0.860759,2.559096e-02
0.037975,0.860759,4.010292e-02
0.050633,0.860759,5.575920e-02
0.063291,0.860759,7.255980e-02
0.075949,0.860759,9.050473e-02
0.088608,0.860759,1.095940e-01
0.101266,0.860759,1.298275e-01
0.113924,0.860759,1.512054e-01
0.126582,0.860759,1.737276e-01
0.139241,0.860759,1.973941e-01
0.151899,0.860759,2.222050e-01
0.164557,0.860759,2.481602e-01
0.177215,0.860759,2.752783e-01
0.189873,0.860759,3.048995e-01
0.202532,0.860759,3.378497e-01
0.215190,0.860759,3.741289e-01
0.227848,0.860759,4.137370e-01
0.240506,0.860759,4.566741e-01
0.253165,0.860759,5.029401e-01
0.265823,0.860759,5.525351e-01
0.278481,0.860759,6.055019e-01
0.291139,0.860759,6.646507e-01
0.303797,0.860759,7.316723e-01
0.316456,0.860759,8.065670e-01
0.329114,0.860759,8.893345e-01
0.341772,0.860759,9.799751e-01
0.354430,0.860759,1.080011e+00
0.367089,0.860759,1.195711e+00
0.379747,0.860759,1.327755e+00
0.392405,0.860759,1.476145e+00
0.405063,0.860759,1.641330e+00
0.417722,0.860759,1.830560e+00
0.430380,0.860759,2.046362e+00
0.443038,0.860759,2.288736e+00
0.455696,0.860759,2.557406e+00
0.468354,0.860759,2.851882e+00
0.481013,0.860759,3.170865e+00
0.493671,0.860759,3.502692e+00
0.506329,0.860759,3.842134e+00
0.518987,0.860759,4.173095e+00
0.531646,0.860759,4.492057e+00
0.544304,0.860759,4.787765e+00
0.556962,0.860759,5.055881e+00
0.569620,0.860759,5.296617e+00
0.582278,0.860759,5.512367e+00
0.594937,0.860759,5.703806e+00
0.607595,0.860759,5.870935e+00
0.620253,0.860759,6.015868e+00
0.632911,0.860759,6.146431e+00
0.645570,0.860759,6.263356e+00
0.658228,0.860759,6.366644e+00
0.670886,0.860759,6.456459e+00
0.683544,0.860759,6.537371e+00
0.696203,0.860759,6.611449e+00
0.708861,0.860759,6.678692e+00
0.721519,0.860759,6.739100e+00
0.734177,0.860759,6.792892e+00
0.746835,0.860759,6.842453e+00
0.759494,0.860759,6.888439e+00
0.772152,0.860759,6.930849e+00
0.784810,0.860759,6.969683e+00
0.797468,0.860759,7.004991e+00
0.810127,0.860759,7.037848e+00
0.822785,0.860759,7.068696e+00
0.835443,0.860759,7.097533e+00
0.848101,0.860759,7.124361e+00
0.860759,0.860759,7.149179e+00
0.873418,0.860759,7.172362e+00
0.886076,0.860759,7.194334e+00
0.898734,0.860759,7.215095e+00
0.911392,0.860759,7.234645e+00
0.924051,0.860759,7.252985e+00
0.936709,0.860759,7.270181e+00
0.949367,0.860759,7.286558e+00
0.962025,0.860759,7.302159e+00
0.974684,0.860759,7.316984e+00
0.987342,0.860759,7.331033e+00
1.000000,0.860759,7.344307e+00
0.000000,0.873418,0.000000e+00
0.012658,0.873418,1.226312e-02
0.025316,0.873418,2.567429e-02
0.037975,0.873418,4.023350e-02
0.050633,0.873418,5.594075e-02
0.063291,0.873418,7.279605e-02
0.075949,0.873418,9.079938e-02
0.088608,0.873418,1.099508e-01
0.101266,0.873418,1.302502e-01
0.113924,0.873418,1.516977e-01
0.126582,0.873418,1.742932e-01
0.139241,0.873418,1.980367e-01
0.151899,0.873418,2.229283e-01
0.164557,0.873418,2.489680e-01
0.177215,0.873418,2.761743e-01
0.189873,0.873418,3.058920e-01
0.202532,0.873418,3.389494e-01
0.215190,0.873418,3.753466e-01
0.227848,0.873418,4.150836e-01
0.240506,0.873418,4.581604e-01
0.253165,0.873418,5.045770e-01
0.265823,0.873418,5.543333e-01
0.278481,0.873418,6.074724e-01
0.291139,0.873418,6.668136e-01
0.303797,0.873418,7.340533e-01
0.316456,0.873418,8.091916e-01
0.329114,0.873418,8.922285e-01
0.341772,0.873418,9.831639e-01
0.354430,0.873418,1.083525e+00
0.367089,0.873418,1.199602e+00
0.379747,0.873418,1.332076e+00
0.392405,0.873418,1.480948e+00
0.405063,0.873418,1.646670e+00
0.417722,0.873418,1.836517e+00
0.430380,0.873418,2.053021e+00
0.443038,0.873418,2.296183e+00
0.455696,0.873418,2.565727e+00
0.468354,0.873418,2.861162e+00
0.481013,0.873418,3.181183e+00
0.493671,0.873418,3.514090e+00
0.506329,0.873418,3.854636e+00
0.518987,0.873418,4.186674e+00
0.531646,0.873418,4.506674e+00
0.544304,0.873418,4.803344e+00
0.556962,0.873418,5.072333e+00
0.569620,0.873418,5.313851e+00
0.582278,0.873418,5.530304e+00
0.594937,0.873418,5.722366e+00
0.607595,0.873418,5.890039e+00
0.620253,0.873418,6.035443e+00
0.632911,0.873418,6.166431e+00
0.645570,0.873418,6.283736e+00
0.658228,0.873418,6.387361e+00
0.670886,0.873418,6.477468e+00
0.683544,0.873418,6.558644e+00
0.696203,0.873418,6.632962e+00
0.708861,0.873418,6.700424e+00
0.721519,0.873418,6.761029e+00
0.734177,0.873418,6.814996e+00
0.746835,0.873418,6.864718e+00
0.759494,0.873418,6.910853e+00
0.772152,0.873418,6.953401e+00
0.784810,0.873418,6.992362e+00
0.797468,0.873418,7.027785e+00
0.810127,0.873418,7.060749e+00
0.822785,0.873418,7.091697e+00
0.835443,0.873418,7.120628e+00
0.848101,0.873418,7.147543e+00
0.860759,0.873418,7.172442e+00
0.873418,0.873418,7.195700e+00
0.886076,0.873418,7.217744e+00
0.898734,0.873418,7.238572e+00
0.911392,0.873418,7.258186e+00
0.924051,0.873418,7.276586e+00
0.936709,0.873418,7.293838e+00
0.949367,0.873418,7.310268e+00
0.962025,0.873418,7.325919e+00
0.974684,0.873418,7.340793e+00
0.987342,0.873418,7.354888e+00
1.000000,0.873418,7.368205e+00
0.000000,0.886076,0.000000e+00
0.012658,0.886076,1.230080e-02
0.025316,0.886076,2.575317e-02
0.037975,0.886076,4.035710e-02
0.050633,0.886076,5.611261e-02
0.063291,0.886076,7.301968e-02
0.075949,0.886076,9.107831e-02
0.088608,0.886076,1.102885e-01
0.101266,0.886076,1.306503e-01
0.113924,0.886076,1.521636e-01
0.126582,0.886076,1.748285e-01
0.139241,0.886076,1.986450e-01
0.151899,0.886076,2.236130e-01
0.164557,0.886076,2.497326e-01
0.177215,0.886076,2.770225e-01
0.189873,0.886076,3.068314e-01
0.202532,0.886076,3.399904e-01
0.215190,0.886076,3.764994e-01
0.227848,0.886076,4.163584e-01
0.240506,0.886076,4.595674e-01
0.253165,0.886076,5.061265e-01
0.265823,0.886076,5.560356e-01
0.278481,0.886076,6.093378e-01
0.291139,0.886076,6.688612e-01
0.303797,0.886076,7.363073e-01
0.316456,0.886076,8.116763e-01
0.329114,0.886076,8.949681e-01
0.341772,0.886076,9.861827e-01
0.354430,0.886076,1.086852e+00
0.367089,0.886076,1.203285e+00
0.379747,0.886076,1.336166e+00
0.392405,0.886076,1.485495e+00
0.405063,0.886076,1.651726e+00
0.417722,0.886076,1.842156e+00
0.430380,0.886076,2.059325e+00
0.443038,0.886076,2.303234e+00
0.455696,0.886076,2.573605e+00
0.468354,0.886076,2.869946e+00
0.481013,0.886076,3.190950e+00
0.493671,0.886076,3.524879e+00
0.506329,0.886076,3.866471e+00
0.518987,0.886076,4.199529e+00
0.531646,0.886076,4.520512e+00
0.544304,0.886076,4.818093e+00
0.556962,0.886076,5.087907e+00
0.569620,0.886076,5.330167e+00
0.582278,0.886076,5.547284e+00
0.594937,0.886076,5.739936e+00
0.607595,0.886076,5.908124e+00
0.620253,0.886076,6.053975e+00
0.632911,0.886076,6.185364e+00
0.645570,0.886076,6.303030e+00
0.658228,0.886076,6.406973e+00
0.670886,0.886076,6.497357e+00
0.683544,0.886076,6.578781e+00
0.696203,0.886076,6.653328e+00
0.708861,0.886076,6.720997e+00
0.721519,0.886076,6.781788e+00
0.734177,0.886076,6.835921e+00
0.746835,0.886076,6.885796e+00
0.759494,0.886076,6.932073e+00
0.772152,0.886076,6.974751e+00
0.784810,0.886076,7.013832e+00
0.797468,0.886076,7.049363e+00
0.810127,0.886076,7.082428e+00
0.822785,0.886076,7.113471e+00
0.835443,0.886076,7.142491e+00
0.848101,0.886076,7.169489e+00
0.860759,0.886076,7.194464e+00
0.873418,0.886076,7.217794e+00
0.886076,0.886076,7.239905e+00
0.898734,0.886076,7.260798e+00
0.911392,0.886076,7.280472e+00
0.924051,0.886076,7.298928e+00
0.936709,0.886076,7.316233e+00
0.949367,0.886076,7.332713e+00
0.962025,0.886076,7.348413e+00
0.974684,0.886076,7.363332e+00
0.987342,0.886076,7.377471e+00
1.000000,0.886076,7.390828e+00
0.000000,0.898734,0.000000e+00
0.012658,0.898734,1.233635e-02
0.025316,0.898734,2.582760e-02
0.037975,0.898734,4.047374e-02
0.050633,0.898734,5.627477e-02
0.063291,0.898734,7.323070e-02
0.075949,0.898734,9.134151e-02
0.088608,0.898734,1.106072e-01
0.101266,0.898734,1.310278e-01
0.113924,0.898734,1.526033e-01
0.126582,0.898734,1.753337e-01
0.139241,0.898734,1.992190e-01
0.151899,0.898734,2.242592e-01
0.164557,0.898734,2.504542e-01
0.177215,0.898734,2.778230e-01
0.189873,0.898734,3.077180e-01
0.202532,0.898734,3.409727e-01
0.215190,0.898734,3.775871e-01
0.227848,0.898734,4.175613e-01
0.240506,0.898734,4.608951e-01
0.253165,0.898734,5.075887e-01
0.265823,0.898734,5.576419e-01
0.278481,0.898734,6.110981e-01
0.291139,0.898734,6.707934e-01
0.303797,0.898734,7.384344e-01
0.316456,0.898734,8.140211e-01
0.329114,0.898734,8.975534e-01
0.341772,0.898734,9.890315e-01
0.354430,0.898734,1.089991e+00
0.367089,0.898734,1.206761e+00
0.379747,0.898734,1.340026e+00
0.392405,0.898734,1.489786e+00
0.405063,0.898734,1.656498e+00
0.417722,0.898734,1.847477e+00
0.430380,0.898734,2.065273e+00
0.443038,0.898734,2.309887e+00
0.455696,0.898734,2.581039e+00
0.468354,0.898734,2.878237e+00
0.481013,0.898734,3.200168e+00
0.493671,0.898734,3.535061e+00
0.506329,0.898734,3.877640e+00
0.518987,0.898734,4.211660e+00
0.531646,0.898734,4.533570e+00
0.544304,0.898734,4.832010e+00
0.556962,0.898734,5.102604e+00
0.569620,0.898734,5.345564e+00
0.582278,0.898734,5.563308e+00
0.594937,0.898734,5.756517e+00
0.607595,0.898734,5.925190e+00
0.620253,0.898734,6.071462e+00
0.632911,0.898734,6.203232e+00
0.645570,0.898734,6.321237e+00
0.658228,0.898734,6.425480e+00
0.670886,0.898734,6.516126e+00
0.683544,0.898734,6.597785e+00
0.696203,0.898734,6.672547e+00
0.708861,0.898734,6.740411e+00
0.721519,0.898734,6.801378e+00
0.734177,0.898734,6.855667e+00
0.746835,0.898734,6.905686e+00
0.759494,0.898734,6.952097e+00
0.772152,0.898734,6.994899e+00
0.784810,0.898734,7.034092e+00
0.797468,0.898734,7.069726e+00
0.810127,0.898734,7.102887e+00
0.822785,0.898734,7.134019e+00
0.835443,0.898734,7.163123e+00
0.848101,0.898734,7.190199e+00
0.860759,0.898734,7.215247e+00
0.873418,0.898734,7.238644e+00
0.886076,0.898734,7.260819e+00
0.898734,0.898734,7.281772e+00
0.911392,0.898734,7.301503e+00
0.924051,0.898734,7.320012e+00
0.936709,0.898734,7.337367e+00
0.949367,0.898734,7.353895e+00
0.962025,0.898734,7.369640e+00
0.974684,0.898734,7.384602e+00
0.987342,0.898734,7.398782e+00
1.000000,0.898734,7.412178e+00
0.000000,0.911392,0.000000e+00
0.012658,0.911392,1.236978e-02
0.025316,0.911392,2.589758e-02
0.037975,0.911392,4.058340e-02
0.050633,0.911392,5.642724e-02
0.063291,0.911392,7.342910e-02
0.075949,0.911392,9.158898e-02
0.088608,0.911392,1.109069e-01
0.101266,0.911392,1.313828e-01
0.113924,0.911392,1.530167e-01
0.126582,0.911392,1.758087e-01
0.139241,0.911392,1.997587e-01
0.151899,0.911392,2.248667e-01
0.164557,0.911392,2.511327e-01
0.177215,0.911392,2.785756e-01
0.189873,0.911392,3.085516e-01
0.202532,0.911392,3.418964e-01
0.215190,0.911392,3.786100e-01
0.227848,0.911392,4.186924e-01
0.240506,0.911392,4.621436e-01
0.253165,0.911392,5.089636e-01
0.265823,0.911392,5.591524e-01
0.278481,0.911392,6.127533e-01
0.291139,0.911392,6.726103e-01
0.303797,0.911392,7.404344e-01
0.316456,0.911392,8.162258e-01
0.329114,0.911392,8.999845e-01
0.341772,0.911392,9.917103e-01
0.354430,0.911392,1.092944e+00
0.367089,0.911392,1.210029e+00
0.379747,0.911392,1.343655e+00
0.392405,0.911392,1.493821e+00
0.405063,0.911392,1.660984e+00
0.417722,0.911392,1.852481e+00
0.430380,0.911392,2.070867e+00
0.443038,0.911392,2.316143e+00
0.455696,0.911392,2.588030e+00
0.468354,0.911392,2.886032e+00
0.481013,0.911392,3.208835e+00
0.493671,0.911392,3.544636e+00
0.506329,0.911392,3.888142e+00
0.518987,0.911392,4.223067e+00
0.531646,0.911392,4.545849e+00
0.544304,0.911392,4.845097e+00
0.556962,0.911392,5.116424e+00
0.569620,0.911392,5.360042e+00
0.582278,0.911392,5.578376e+00
0.594937,0.911392,5.772108e+00
0.607595,0.911392,5.941238e+00
0.620253,0.911392,6.087907e+00
0.632911,0.911392,6.220033e+00
0.645570,0.911392,6.338358e+00
0.658228,0.911392,6.442883e+00
0.670886,0.911392,6.533774e+00
0.683544,0.911392,6.615655e+00
0.696203,0.911392,6.690619e+00
0.708861,0.911392,6.758667e+00
0.721519,0.911392,6.819799e+00
0.734177,0.911392,6.874235e+00
0.746835,0.911392,6.924390e+00
0.759494,0.911392,6.970926e+00
0.772152,0.911392,7.013844e+00
0.784810,0.911392,7.053143e+00
0.797468,0.911392,7.088874e+00
0.810127,0.911392,7.122125e+00
0.822785,0.911392,7.153341e+00
0.835443,0.911392,7.182524e+00
0.848101,0.911392,7.209673e+00
0.860759,0.911392,7.234789e+00
0.873418,0.911392,7.258249e+00
0.886076,0.911392,7.280484e+00
0.898734,0.911392,7.301494e+00
0.911392,0.911392,7.321278e+00
0.924051,0.911392,7.339838e+00
0.936709,0.911392,7.357240e+00
0.949367,0.911392,7.373812e+00
0.962025,0.911392,7.389600e+00
0.974684,0.911392,7.404603e+00
0.987342,0.911392,7.418821e+00
1.000000,0.911392,7.432253e+00
0.000000,0.924051,0.000000e+00
0.012658,0.924051,1.240108e-02
0.025316,0.924051,2.596311e-02
0.037975,0.924051,4.068609e-02
0.050633,0.924051,5.657002e-02
0.063291,0.924051,7.361490e-02
0.075949,0.924051,9.182073e-02
0.088608,0.924051,1.111875e-01
0.101266,0.924051,1.317152e-01
0.113924,0.924051,1.534039e-01
0.126582,0.924051,1.762535e-01
0.139241,0.924051,2.002641e-01
0.151899,0.924051,2.254356e-01
0.164557,0.924051,2.517681e-01
0.177215,0.924051,2.792804e-01
0.189873,0.924051,3.093322e-01
0.202532,0.924051,3.427613e-01
0.215190,0.924051,3.795678e-01
0.227848,0.924051,4.197516e-01
0.240506,0.924051,4.633127e-01
0.253165,0.924051,5.102512e-01
0.265823,0.924051,5.605669e-01
0.278481,0.924051,6.143035e-01
0.291139,0.924051,6.743118e-01
0.303797,0.924051,7.423076e-01
0.316456,0.924051,8.182907e-01
0.329114,0.924051,9.022612e-01
0.341772,0.924051,9.942190e-01
0.354430,0.924051,1.095708e+00
0.367089,0.924051,1.213090e+00
0.379747,0.924051,1.347054e+00
0.392405,0.924051,1.497600e+00
0.405063,0.924051,1.665186e+00
0.417722,0.924051,1.857167e+00
0.430380,0.924051,2.076106e+00
0.443038,0.924051,2.322002e+00
0.455696,0.924051,2.594577e+00
0.468354,0.924051,2.893333e+00
0.481013,0.924051,3.216952e+00
0.493671,0.924051,3.553603e+00
0.506329,0.924051,3.897978e+00
0.518987,0.924051,4.233750e+00
0.531646,0.924051,4.557348e+00
0.544304,0.924051,4.857354e+00
0.556962,0.924051,5.129367e+00
0.569620,0.924051,5.373601e+00
0.582278,0.924051,5.592488e+00
0.594937,0.924051,5.786710e+00
0.607595,0.924051,5.956268e+00
0.620253,0.924051,6.103307e+00
0.632911,0.924051,6.235767e+00
0.645570,0.924051,6.354392e+00
0.658228,0.924051,6.459181e+00
0.670886,0.924051,6.550302e+00
0.683544,0.924051,6.632390e+00
0.696203,0.924051,6.707544e+00
0.708861,0.924051,6.775765e+00
0.721519,0.924051,6.837051e+00
0.734177,0.924051,6.891625e+00
0.746835,0.924051,6.941906e+00
0.759494,0.924051,6.988560e+00
0.772152,0.924051,7.031587e+00
0.784810,0.924051,7.070986e+00
0.797468,0.924051,7.106806e+00
0.810127,0.924051,7.140141e+00
0.822785,0.924051,7.171437e+00
0.835443,0.924051,7.200694e+00
0.848101,0.924051,7.227911e+00
0.860759,0.924051,7.253090e+00
0.873418,0.924051,7.276610e+00
0.886076,0.924051,7.298901e+00
0.898734,0.924051,7.319964e+00
0.911392,0.924051,7.339799e+00
0.924051,0.924051,7.358405e+00
0.936709,0.924051,7.375851e+00
0.949367,0.924051,7.392466e+00
0.962025,0.924051,7.408293e+00
0.974684,0.924051,7.423334e+00
0.987342,0.924051,7.437588e+00
1.000000,0.924051,7.451054e+00
0.000000,0.936709,0.000000e+00
0.012658,0.936709,1.243048e-02
0.025316,0.936709,2.602465e-02
0.037975,0.936709,4.078252e-02
0.050633,0.936709,5.670409e-02
0.063291,0.936709,7.378936e-02
0.075949,0.936709,9.203833e-02
0.088608,0.936709,1.114510e-01
0.101266,0.936709,1.320274e-01
0.113924,0.936709,1.537674e-01
0.126582,0.936709,1.766712e-01
0.139241,0.936709,2.007387e-01
0.151899,0.936709,2.259698e-01
0.164557,0.936709,2.523647e-01
0.177215,0.936709,2.799422e-01
0.189873,0.936709,3.100652e-01
0.202532,0.936709,3.435736e-01
0.215190,0.936709,3.804672e-01
0.227848,0.936709,4.207463e-01
0.240506,0.936709,4.644106e-01
0.253165,0.936709,5.114603e-01
0.265823,0.936709,5.618953e-01
0.278481,0.936709,6.157592e-01
0.291139,0.936709,6.759097e-01
0.303797,0.936709,7.440666e-01
0.316456,0.936709,8.202297e-01
0.329114,0.936709,9.043992e-01
0.341772,0.936709,9.965749e-01
0.354430,0.936709,1.098305e+00
0.367089,0.936709,1.215965e+00
0.379747,0.936709,1.350246e+00
0.392405,0.936709,1.501149e+00
0.405063,0.936709,1.669132e+00
0.417722,0.936709,1.861568e+00
0.430380,0.936709,2.081025e+00
0.443038,0.936709,2.327504e+00
0.455696,0.936709,2.600725e+00
0.468354,0.936709,2.900189e+00
0.481013,0.936709,3.224575e+00
0.493671,0.936709,3.562023e+00
0.506329,0.936709,3.907215e+00
0.518987,0.936709,4.243783e+00
0.531646,0.936709,4.568147e+00
0.544304,0.936709,4.868864e+00
0.556962,0.936709,5.141522e+00
0.569620,0.936709,5.386335e+00
0.582278,0.936709,5.605740e+00
0.594937,0.936709,5.800422e+00
0.607595,0.936709,5.970382e+00
0.620253,0.936709,6.117769e+00
0.632911,0.936709,6.250544e+00
0.645570,0.936709,6.369449e+00
0.658228,0.936709,6.474487e+00
0.670886,0.936709,6.565824e+00
0.683544,0.936709,6.648106e+00
0.696203,0.936709,6.723438e+00
0.708861,0.936709,6.791820e+00
0.721519,0.936709,6.853252e+00
0.734177,0.936709,6.907955e+00
0.746835,0.936709,6.958356e+00
0.759494,0.936709,7.005120e+00
0.772152,0.936709,7.048249e+00
0.784810,0.936709,7.087741e+00
0.797468,0.936709,7.123647e+00
0.810127,0.936709,7.157060e+00
0.822785,0.936709,7.188430e+00
0.835443,0.936709,7.217756e+00
0.848101,0.936709,7.245039e+00
0.860759,0.936709,7.270277e+00
0.873418,0.936709,7.293853e+00
0.886076,0.936709,7.316197e+00
0.898734,0.936709,7.337309e+00
0.911392,0.936709,7.357191e+00
0.924051,0.936709,7.375842e+00
0.936709,0.936709,7.393329e+00
0.949367,0.936709,7.409983e+00
0.962025,0.936709,7.425848e+00
0.974684,0.936709,7.440924e+00
0.987342,0.936709,7.455212e+00
1.000000,0.936709,7.468710e+00
0.000000,0.949367,0.000000e+00
0.012658,0.949367,1.245851e-02
0.025316,0.949367,2.608333e-02
0.037975,0.949367,4.087448e-02
0.050633,0.949367,5.683195e-02
0.063291,0.949367,7.395573e-02
0.075949,0.949367,9.224584e-02
0.088608,0.949367,1.117023e-01
0.101266,0.949367,1.323250e-01
0.113924,0.949367,1.541141e-01
0.126582,0.949367,1.770695e-01
0.139241,0.949367,2.011912e-01
0.151899,0.949367,2.264792e-01
0.164557,0.949367,2.529336e-01
0.177215,0.949367,2.805732e-01
0.189873,0.949367,3.107641e-01
0.202532,0.949367,3.443480e-01
0.215190,0.949367,3.813249e-01
0.227848,0.949367,4.216947e-01
0.240506,0.949367,4.654575e-01
0.253165,0.949367,5.126133e-01
0.265823,0.949367,5.631620e-01
0.278481,0.949367,6.171474e-01
0.291139,0.949367,6.774335e-01
0.303797,0.949367,7.457441e-01
0.316456,0.949367,8.220789e-01
0.329114,0.949367,9.064382e-01
0.341772,0.949367,9.988217e-01
0.354430,0.949367,1.100781e+00
0.367089,0.949367,1.218706e+00
0.379747,0.949367,1.353290e+00
0.392405,0.949367,1.504533e+00
0.405063,0.949367,1.672895e+00
0.417722,0.949367,1.865764e+00
0.430380,0.949367,2.085717e+00
0.443038,0.949367,2.332751e+00
0.455696,0.949367,2.606588e+00
0.468354,0.949367,2.906727e+00
0.481013,0.949367,3.231845e+00
0.493671,0.949367,3.570054e+00
0.506329,0.949367,3.916024e+00
0.518987,0.949367,4.253350e+00
0.531646,0.949367,4.578446e+00
0.544304,0.949367,4.879841e+00
0.556962,0.949367,5.153113e+00
0.569620,0.949367,5.398478e+00
0.582278,0.949367,5.618378e+00
0.594937,0.949367,5.813499e+00
0.607595,0.949367,5.983842e+00
0.620253,0.949367,6.131562e+00
0.632911,0.949367,6.264635e+00
0.645570,0.949367,6.383809e+00
0.658228,0.949367,6.489083e+00
0.670886,0.949367,6.580626e+00
0.683544,0.949367,6.663094e+00
0.696203,0.949367,6.738596e+00
0.708861,0.949367,6.807132e+00
0.721519,0.949367,6.868702e+00
0.734177,0.949367,6.923529e+00
0.746835,0.949367,6.974043e+00
0.759494,0.949367,7.020913e+00
0.772152,0.949367,7.064139e+00
0.784810,0.949367,7.103720e+00
0.797468,0.949367,7.139707e+00
0.810127,0.949367,7.173196e+00
0.822785,0.949367,7.204636e+00
0.835443,0.949367,7.234028e+00
0.848101,0.949367,7.261372e+00
0.860759,0.949367,7.286668e+00
0.873418,0.949367,7.310296e+00
0.886076,0.949367,7.332691e+00
0.898734,0.949367,7.353851e+00
0.911392,0.949367,7.373778e+00
0.924051,0.949367,7.392470e+00
0.936709,0.949367,7.409997e+00
0.949367,0.949367,7.426688e+00
0.962025,0.949367,7.442589e+00
0.974684,0.949367,7.457700e+00
0.987342,0.949367,7.472019e+00
1.000000,0.949367,7.485548e+00
0.000000,0.962025,0.000000e+00
0.012658,0.962025,1.248520e-02
0.025316,0.962025,2.613922e-02
0.037975,0.962025,4.096205e-02
0.050633,0.962025,5.695370e-02
0.063291,0.962025,7.411417e-02
0.075949,0.962025,9.244345e-02
0.088608,0.962025,1.119416e-01
0.101266,0.962025,1.326085e-01
0.113924,0.962025,1.544442e-01
0.126582,0.962025,1.774487e-01
0.139241,0.962025,2.016221e-01
0.151899,0.962025,2.269643e-01
0.164557,0.962025,2.534753e-01
0.177215,0.962025,2.811741e-01
0.189873,0.962025,3.114297e-01
0.202532,0.962025,3.450855e-01
0.215190,0.962025,3.821416e-01
0.227848,0.962025,4.225979e-01
0.240506,0.962025,4.664545e-01
0.253165,0.962025,5.137113e-01
0.265823,0.962025,5.643684e-01
0.278481,0.962025,6.184694e-01
0.291139,0.962025,6.788848e-01
0.303797,0.962025,7.473417e-01
0.316456,0.962025,8.238401e-01
0.329114,0.962025,9.083800e-01
0.341772,0.962025,1.000961e+00
0.354430,0.962025,1.103139e+00
0.367089,0.962025,1.221317e+00
0.379747,0.962025,1.356189e+00
0.392405,0.962025,1.507756e+00
0.405063,0.962025,1.676478e+00
0.417722,0.962025,1.869761e+00
0.430380,0.962025,2.090185e+00
0.443038,0.962025,2.337749e+00
0.455696,0.962025,2.612172e+00
0.468354,0.962025,2.912954e+00
0.481013,0.962025,3.238768e+00
0.493671,0.962025,3.577702e+00
0.506329,0.962025,3.924413e+00
0.518987,0.962025,4.262462e+00
0.531646,0.962025,4.588254e+00
0.544304,0.962025,4.890295e+00
0.556962,0.962025,5.164152e+00
0.569620,0.962025,5.410043e+00
0.582278,0.962025,5.630414e+00
0.594937,0.962025,5.825953e+00
0.607595,0.962025,5.996661e+00
0.620253,0.962025,6.144697e+00
0.632911,0.962025,6.278055e+00
0.645570,0.962025,6.397485e+00
0.658228,0.962025,6.502984e+00
0.670886,0.962025,6.594723e+00
0.683544,0.962025,6.677368e+00
0.696203,0.962025,6.753032e+00
0.708861,0.962025,6.821715e+00
0.721519,0.962025,6.883417e+00
0.734177,0.962025,6.938361e+00
0.746835,0.962025,6.988983e+00
0.759494,0.962025,7.035953e+00
0.772152,0.962025,7.079272e+00
0.784810,0.962025,7.118938e+00
0.797468,0.962025,7.155002e+00
0.810127,0.962025,7.188562e+00
0.822785,0.962025,7.220070e+00
0.835443,0.962025,7.249525e+00
0.848101,0.962025,7.276928e+00
0.860759,0.962025,7.302277e+00
0.873418,0.962025,7.325957e+00
0.886076,0.962025,7.348399e+00
0.898734,0.962025,7.369605e+00
0.911392,0.962025,7.389574e+00
0.924051,0.962025,7.408307e+00
0.936709,0.962025,7.425871e+00
0.949367,0.962025,7.442598e+00
0.962025,0.962025,7.458533e+00
0.974684,0.962025,7.473676e+00
0.987342,0.962025,7.488026e+00
1.000000,0.962025,7.501584e+00
0.000000,0.974684,0.000000e+00
0.012658,0.974684,1.251056e-02
0.025316,0.974684,2.619231e-02
0.037975,0.974684,4.104524e-02
0.050633,0.974684,5.706936e-02
0.063291,0.974684,7.426467e-02
0.075949,0.974684,9.263116e-02
0.088608,0.974684,1.121688e-01
0.101266,0.974684,1.328777e-01
0.113924,0.974684,1.547578e-01
0.126582,0.974684,1.778090e-01
0.139241,0.974684,2.020314e-01
0.151899,0.974684,2.274250e-01
0.164557,0.974684,2.539898e-01
0.177215,0.974684,2.817449e-01
0.189873,0.974684,3.120619e-01
0.202532,0.974684,3.457860e-01
0.215190,0.974684,3.829174e-01
0.227848,0.974684,4.234558e-01
0.240506,0.974684,4.674015e-01
0.253165,0.974684,5.147543e-01
0.265823,0.974684,5.655143e-01
0.278481,0.974684,6.197253e-01
0.291139,0.974684,6.802634e-01
0.303797,0.974684,7.488594e-01
0.316456,0.974684,8.255132e-01
0.329114,0.974684,9.102248e-01
0.341772,0.974684,1.002994e+00
0.354430,0.974684,1.105379e+00
0.367089,0.974684,1.223797e+00
0.379747,0.974684,1.358943e+00
0.392405,0.974684,1.510818e+00
0.405063,0.974684,1.679883e+00
0.417722,0.974684,1.873558e+00
0.430380,0.974684,2.094429e+00
0.443038,0.974684,2.342496e+00
0.455696,0.974684,2.617476e+00
0.468354,0.974684,2.918869e+00
0.481013,0.974684,3.245345e+00
0.493671,0.974684,3.584967e+00
0.506329,0.974684,3.932382e+00
0.518987,0.974684,4.271118e+00
0.531646,0.974684,4.597572e+00
0.544304,0.974684,4.900226e+00
0.556962,0.974684,5.174640e+00
0.569620,0.974684,5.421030e+00
0.582278,0.974684,5.641848e+00
0.594937,0.974684,5.837784e+00
0.607595,0.974684,6.008838e+00
0.620253,0.974684,6.157175e+00
0.632911,0.974684,6.290804e+00
0.645570,0.974684,6.410476e+00
0.658228,0.974684,6.516190e+00
0.670886,0.974684,6.608115e+00
0.683544,0.974684,6.690928e+00
0.696203,0.974684,6.766745e+00
0.708861,0.974684,6.835568e+00
0.721519,0.974684,6.897395e+00
0.734177,0.974684,6.952450e+00
0.746835,0.974684,7.003176e+00
0.759494,0.974684,7.050241e+00
0.772152,0.974684,7.093648e+00
0.784810,0.974684,7.133394e+00
0.797468,0.974684,7.169531e+00
0.810127,0.974684,7.203160e+00
0.822785,0.974684,7.234732e+00
0.835443,0.974684,7.264247e+00
0.848101,0.974684,7.291705e+00
0.860759,0.974684,7.317106e+00
0.873418,0.974684,7.340834e+00
0.886076,0.974684,7.363322e+00
0.898734,0.974684,7.384570e+00
0.911392,0.974684,7.404580e+00
0.924051,0.974684,7.423351e+00
0.936709,0.974684,7.440951e+00
0.949367,0.974684,7.457712e+00
0.962025,0.974684,7.473679e+00
0.974684,0.974684,7.488853e+00
0.987342,0.974684,7.503232e+00
1.000000,0.974684,7.516818e+00
0.000000,0.987342,0.000000e+00
0.012658,0.987342,1.253459e-02
0.025316,0.987342,2.624260e-02
0.037975,0.987342,4.112405e-02
0.050633,0.987342,5.717893e-02
0.063291,0.987342,7.440724e-02
0.075949,0.987342,9.280898e-02
0.088608,0.987342,1.123841e-01
0.101266,0.987342,1.331327e-01
0.113924,0.987342,1.550548e-01
0.126582,0.987342,1.781502e-01
0.139241,0.987342,2.024191e-01
0.151899,0.987342,2.278615e-01
0.164557,0.987342,2.544772e-01
0.177215,0.987342,2.822855e-01
0.189873,0.987342,3.126606e-01
0.202532,0.987342,3.464495e-01
0.215190,0.987342,3.836521e-01
0.227848,0.987342,4.242685e-01
0.240506,0.987342,4.682985e-01
0.253165,0.987342,5.157423e-01
0.265823,0.987342,5.665999e-01
0.278481,0.987342,6.209150e-01
0.291139,0.987342,6.815695e-01
0.303797,0.987342,7.502972e-01
0.316456,0.987342,8.270982e-01
0.329114,0.987342,9.119724e-01
0.341772,0.987342,1.004920e+00
0.354430,0.987342,1.107502e+00
0.367089,0.987342,1.226147e+00
0.379747,0.987342,1.361552e+00
0.392405,0.987342,1.513718e+00
0.405063,0.987342,1.683108e+00
0.417722,0.987342,1.877155e+00
0.430380,0.987342,2.098450e+00
0.443038,0.987342,2.346993e+00
0.455696,0.987342,2.622502e+00
0.468354,0.987342,2.924473e+00
0.481013,0.987342,3.251576e+00
0.493671,0.987342,3.591850e+00
0.506329,0.987342,3.939932e+00
0.518987,0.987342,4.279318e+00
0.531646,0.987342,4.606399e+00
0.544304,0.987342,4.909634e+00
0.556962,0.987342,5.184575e+00
0.569620,0.987342,5.431438e+00
0.582278,0.987342,5.652680e+00
0.594937,0.987342,5.848992e+00
0.607595,0.987342,6.020375e+00
0.620253,0.987342,6.168996e+00
0.632911,0.987342,6.302882e+00
0.645570,0.987342,6.422784e+00
0.658228,0.987342,6.528701e+00
0.670886,0.987342,6.620802e+00
0.683544,0.987342,6.703774e+00
0.696203,0.987342,6.779737e+00
0.708861,0.987342,6.848691e+00
0.721519,0.987342,6.910637e+00
0.734177,0.987342,6.965798e+00
0.746835,0.987342,7.016621e+00
0.759494,0.987342,7.063777e+00
0.772152,0.987342,7.107267e+00
0.784810,0.987342,7.147090e+00
0.797468,0.987342,7.183296e+00
0.810127,0.987342,7.216990e+00
0.822785,0.987342,7.248622e+00
0.835443,0.987342,7.278194e+00
0.848101,0.987342,7.305705e+00
0.860759,0.987342,7.331155e+00
0.873418,0.987342,7.354928e+00
0.886076,0.987342,7.377459e+00
0.898734,0.987342,7.398748e+00
0.911392,0.987342,7.418796e+00
0.924051,0.987342,7.437603e+00
0.936709,0.987342,7.455237e+00
0.949367,0.987342,7.472030e+00
0.962025,0.987342,7.488028e+00
0.974684,0.987342,7.503231e+00
0.987342,0.987342,7.517638e+00
1.000000,0.987342,7.531249e+00
0.000000,1.000000,0.000000e+00
0.012658,1.000000,1.255728e-02
0.025316,1.000000,2.629010e-02
0.037975,1.000000,4.119848e-02
0.050633,1.000000,5.728240e-02
0.063291,1.000000,7.454187e-02
0.075949,1.000000,9.297689e-02
0.088608,1.000000,1.125875e-01
0.101266,1.000000,1.333736e-01
0.113924,1.000000,1.553352e-01
0.126582,1.000000,1.784725e-01
0.139241,1.000000,2.027852e-01
0.151899,1.000000,2.282735e-01
0.164557,1.000000,2.549374e-01
0.177215,1.000000,2.827959e-01
0.189873,1.000000,3.132260e-01
0.202532,1.000000,3.470760e-01
0.215190,1.000000,3.843460e-01
0.227848,1.000000,4.250358e-01
0.240506,1.000000,4.691456e-01
0.253165,1.000000,5.166753e-01
0.265823,1.000000,5.676250e-01
0.278481,1.000000,6.220386e-01
0.291139,1.000000,6.828029e-01
0.303797,1.000000,7.516551e-01
0.316456,1.000000,8.285951e-01
0.329114,1.000000,9.136230e-01
0.341772,1.000000,1.006739e+00
0.354430,1.000000,1.109506e+00
0.367089,1.000000,1.228366e+00
0.379747,1.000000,1.364016e+00
0.392405,1.000000,1.516458e+00
0.405063,1.000000,1.686154e+00
0.417722,1.000000,1.880552e+00
0.430380,1.000000,2.102247e+00
0.443038,1.000000,2.351240e+00
0.455696,1.000000,2.627248e+00
0.468354,1.000000,2.929766e+00
0.481013,1.000000,3.257461e+00
0.493671,1.000000,3.598350e+00
0.506329,1.000000,3.947062e+00
0.518987,1.000000,4.287062e+00
0.531646,1.000000,4.614735e+00
0.544304,1.000000,4.918519e+00
0.556962,1.000000,5.193958e+00
0.569620,1.000000,5.441268e+00
0.582278,1.000000,5.662910e+00
0.594937,1.000000,5.859577e+00
0.607595,1.000000,6.031270e+00
0.620253,1.000000,6.180161e+00
0.632911,1.000000,6.314289e+00
0.645570,1.000000,6.434407e+00
0.658228,1.000000,6.540516e+00
0.670886,1.000000,6.632784e+00
0.683544,1.000000,6.715906e+00
0.696203,1.000000,6.792006e+00
0.708861,1.000000,6.861085e+00
0.721519,1.000000,6.923144e+00
0.734177,1.000000,6.978405e+00
0.746835,1.000000,7.029319e+00
0.759494,1.000000,7.076561e+00
0.772152,1.000000,7.120129e+00
0.784810,1.000000,7.160024e+00
0.797468,1.000000,7.196296e+00
0.810127,1.000000,7.230051e+00
0.822785,1.000000,7.261740e+00
0.835443,1.000000,7.291366e+00
0.848101,1.000000,7.318926e+00
0.860759,1.000000,7.344422e+00
0.873418,1.000000,7.368238e+00
0.886076,1.000000,7.390810e+00
0.898734,1.000000,7.412138e+00
0.911392,1.000000,7.432222e+00
0.924051,1.000000,7.451063e+00
0.936709,1.000000,7.468729e+00
0.949367,1.000000,7.485553e+00
0.962025,1.000000,7.501580e+00
0.974684,1.000000,7.516810e+00
0.987342,1.000000,7.531243e+00
1.000000,1.000000,7.544879e+00
