x,y,z
0.000000,0.000000,0.000000e+00
0.012658,0.000000,0.000000e+00
0.025316,0.000000,0.000000e+00
0.037975,0.000000,0.000000e+00
0.050633,0.000000,0.000000e+00
0.063291,0.000000,0.000000e+00
0.075949,0.000000,0.000000e+00
0.088608,0.000000,0.000000e+00
0.101266,0.000000,0.000000e+00
0.113924,0.000000,0.000000e+00
0.126582,0.000000,0.000000e+00
0.139241,0.000000,0.000000e+00
0.151899,0.000000,0.000000e+00
0.164557,0.000000,0.000000e+00
0.177215,0.000000,0.000000e+00
0.189873,0.000000,0.000000e+00
0.202532,0.000000,0.000000e+00
0.215190,0.000000,0.000000e+00
0.227848,0.000000,0.000000e+00
0.240506,0.000000,0.000000e+00
0.253165,0.000000,0.000000e+00
0.265823,0.000000,0.000000e+00
0.278481,0.000000,0.000000e+00
0.291139,0.000000,0.000000e+00
0.303797,0.000000,0.000000e+00
0.316456,0.000000,0.000000e+00
0.329114,0.000000,0.000000e+00
0.341772,0.000000,0.000000e+00
0.354430,0.000000,0.000000e+00
0.367089,0.000000,0.000000e+00
0.379747,0.000000,0.000000e+00
0.392405,0.000000,0.000000e+00
0.405063,0.000000,0.000000e+00
0.417722,0.000000,0.000000e+00
0.430380,0.000000,0.000000e+00
0.443038,0.000000,0.000000e+00
0.455696,0.000000,0.000000e+00
0.468354,0.000000,0.000000e+00
0.481013,0.000000,0.000000e+00
0.493671,0.000000,0.000000e+00
0.506329,0.000000,0.000000e+00
0.518987,0.000000,0.000000e+00
0.531646,0.000000,0.000000e+00
0.544304,0.000000,0.000000e+00
0.556962,0.000000,0.000000e+00
0.569620,0.000000,0.000000e+00
0.582278,0.000000,0.000000e+00
0.594937,0.000000,0.000000e+00
0.607595,0.000000,0.000000e+00
0.620253,0.000000,0.000000e+00
0.632911,0.000000,0.000000e+00
0.645570,0.000000,0.000000e+00
0.658228,0.000000,0.000000e+00
0.670886,0.000000,0.000000e+00
0.683544,0.000000,0.000000e+00
0.696203,0.000000,0.000000e+00
0.708861,0.000000,0.000000e+00
0.721519,0.000000,0.000000e+00
0.734177,0.000000,0.000000e+00
0.746835,0.000000,0.000000e+00
0.759494,0.000000,0.000000e+00
0.772152,0.000000,0.000000e+00
0.784810,0.000000,0.000000e+00
0.797468,0.000000,0.000000e+00
0.810127,0.000000,0.000000e+00
0.822785,0.000000,0.000000e+00
0.835443,0.000000,0.000000e+00
0.848101,0.000000,0.000000e+00
0.860759,0.000000,0.000000e+00
0.873418,0.000000,0.000000e+00
0.886076,0.000000,0.000000e+00
0.898734,0.000000,0.000000e+00
0.911392,0.000000,0.000000e+00
0.924051,0.000000,0.000000e+00
0.936709,0.000000,0.000000e+00
0.949367,0.000000,0.000000e+00
0.962025,0.000000,0.000000e+00
0.974684,0.000000,0.000000e+00
0.987342,0.000000,0.000000e+00
1.000000,0.000000,0.000000e+00
0.000000,0.012658,0.000000e+00
0.012658,0.012658,1.047173e-04
0.025316,0.012658,2.147609e-04
0.037975,0.012658,3.301311e-04
0.050633,0.012658,4.508276e-04
0.063291,0.012658,5.768506e-04
0.075949,0.012658,7.082000e-04
0.088608,0.012658,8.448759e-04
0.101266,0.012658,9.868782e-04
0.113924,0.012658,1.135375e-03
0.126582,0.012658,1.292048e-03
0.139241,0.012658,1.456910e-03
0.151899,0.012658,1.629963e-03
0.164557,0.012658,1.811205e-03
0.177215,0.012658,2.000637e-03
0.189873,0.012658,2.198535e-03
0.202532,0.012658,2.407436e-03
0.215190,0.012658,2.627953e-03
0.227848,0.012658,2.860086e-03
0.240506,0.012658,3.103835e-03
0.253165,0.012658,3.359201e-03
0.265823,0.012658,3.627271e-03
0.278481,0.012658,3.910479e-03
0.291139,0.012658,4.208916e-03
0.303797,0.012658,4.522583e-03
0.316456,0.012658,4.851480e-03
0.329114,0.012658,5.195821e-03
0.341772,0.012658,5.557075e-03
0.354430,0.012658,5.935518e-03
0.367089,0.012658,6.331150e-03
0.379747,0.012658,6.743971e-03
0.392405,0.012658,7.173838e-03
0.405063,0.012658,7.618785e-03
0.417722,0.012658,8.078184e-03
0.430380,0.012658,8.552037e-03
0.443038,0.012658,9.040122e-03
0.455696,0.012658,9.537966e-03
0.468354,0.012658,1.004382e-02
0.481013,0.012658,1.055753e-02
0.493671,0.012658,1.107423e-02
0.506329,0.012658,1.159161e-02
0.518987,0.012658,1.210949e-02
0.531646,0.012658,1.262244e-02
0.544304,0.012658,1.312787e-02
0.556962,0.012658,1.362577e-02
0.569620,0.012658,1.411395e-02
0.582278,0.012658,1.458788e-02
0.594937,0.012658,1.504741e-02
0.607595,0.012658,1.549254e-02
0.620253,0.012658,1.592236e-02
0.632911,0.012658,1.633504e-02
0.645570,0.012658,1.673053e-02
0.658228,0.012658,1.710883e-02
0.670886,0.012658,1.747000e-02
0.683544,0.012658,1.781503e-02
0.696203,0.012658,1.814428e-02
0.708861,0.012658,1.845775e-02
0.721519,0.012658,1.875544e-02
0.734177,0.012658,1.903758e-02
0.746835,0.012658,1.930660e-02
0.759494,0.012658,1.956310e-02
0.772152,0.012658,1.980708e-02
0.784810,0.012658,2.003856e-02
0.797468,0.012658,2.025762e-02
0.810127,0.012658,2.046648e-02
0.822785,0.012658,2.066605e-02
0.835443,0.012658,2.085634e-02
0.848101,0.012658,2.103733e-02
0.860759,0.012658,2.120904e-02
0.873418,0.012658,2.137264e-02
0.886076,0.012658,2.152949e-02
0.898734,0.012658,2.167960e-02
0.911392,0.012658,2.182297e-02
0.924051,0.012658,2.195960e-02
0.936709,0.012658,2.208976e-02
0.949367,0.012658,2.221482e-02
0.962025,0.012658,2.233499e-02
0.974684,0.012658,2.245025e-02
0.987342,0.012658,2.256061e-02
1.000000,0.012658,2.266606e-02
0.000000,0.025316,0.000000e+00
0.012658,0.025316,2.147224e-04
0.025316,0.025316,4.403667e-04
0.037975,0.025316,6.769329e-04
0.050633,0.025316,9.244211e-04
0.063291,0.025316,1.182831e-03
0.075949,0.025316,1.452163e-03
0.088608,0.025316,1.732417e-03
0.101266,0.025316,2.023593e-03
0.113924,0.025316,2.328085e-03
0.126582,0.025316,2.649343e-03
0.139241,0.025316,2.987395e-03
0.151899,0.025316,3.342240e-03
0.164557,0.025316,3.713878e-03
0.177215,0.025316,4.102310e-03
0.189873,0.025316,4.508101e-03
0.202532,0.025316,4.936453e-03
0.215190,0.025316,5.388624e-03
0.227848,0.025316,5.864614e-03
0.240506,0.025316,6.364424e-03
0.253165,0.025316,6.888053e-03
0.265823,0.025316,7.437730e-03
0.278481,0.025316,8.018450e-03
0.291139,0.025316,8.630397e-03
0.303797,0.025316,9.273573e-03
0.316456,0.025316,9.947977e-03
0.329114,0.025316,1.065405e-02
0.341772,0.025316,1.139480e-02
0.354430,0.025316,1.217081e-02
0.367089,0.025316,1.298205e-02
0.379747,0.025316,1.382854e-02
0.392405,0.025316,1.470999e-02
0.405063,0.025316,1.562236e-02
0.417722,0.025316,1.656436e-02
0.430380,0.025316,1.753600e-02
0.443038,0.025316,1.853682e-02
0.455696,0.025316,1.955765e-02
0.468354,0.025316,2.059491e-02
0.481013,0.025316,2.164827e-02
0.493671,0.025316,2.270776e-02
0.506329,0.025316,2.376866e-02
0.518987,0.025316,2.483059e-02
0.531646,0.025316,2.588239e-02
0.544304,0.025316,2.691877e-02
0.556962,0.025316,2.793972e-02
0.569620,0.025316,2.894075e-02
0.582278,0.025316,2.991255e-02
0.594937,0.025316,3.085481e-02
0.607595,0.025316,3.176756e-02
0.620253,0.025316,3.264890e-02
0.632911,0.025316,3.349511e-02
0.645570,0.025316,3.430606e-02
0.658228,0.025316,3.508177e-02
0.670886,0.025316,3.582236e-02
0.683544,0.025316,3.652984e-02
0.696203,0.025316,3.720497e-02
0.708861,0.025316,3.784774e-02
0.721519,0.025316,3.845814e-02
0.734177,0.025316,3.903669e-02
0.746835,0.025316,3.958830e-02
0.759494,0.025316,4.011426e-02
0.772152,0.025316,4.061455e-02
0.784810,0.025316,4.108919e-02
0.797468,0.025316,4.153837e-02
0.810127,0.025316,4.196664e-02
0.822785,0.025316,4.237587e-02
0.835443,0.025316,4.276605e-02
0.848101,0.025316,4.313718e-02
0.860759,0.025316,4.348927e-02
0.873418,0.025316,4.382473e-02
0.886076,0.025316,4.414636e-02
0.898734,0.025316,4.445416e-02
0.911392,0.025316,4.474814e-02
0.924051,0.025316,4.502829e-02
0.936709,0.025316,4.529518e-02
0.949367,0.025316,4.555164e-02
0.962025,0.025316,4.579804e-02
0.974684,0.025316,4.603438e-02
0.987342,0.025316,4.626067e-02
1.000000,0.025316,4.647690e-02
0.000000,0.037975,0.000000e+00
0.012658,0.037975,3.300154e-04
0.025316,0.037975,6.768173e-04
0.037975,0.037975,1.040406e-03
0.050633,0.037975,1.420780e-03
0.063291,0.037975,1.817942e-03
0.075949,0.037975,2.231889e-03
0.088608,0.037975,2.662624e-03
0.101266,0.037975,3.110144e-03
0.113924,0.037975,3.578132e-03
0.126582,0.037975,4.071887e-03
0.139241,0.037975,4.591454e-03
0.151899,0.037975,5.136831e-03
0.164557,0.037975,5.708019e-03
0.177215,0.037975,6.305018e-03
0.189873,0.037975,6.928697e-03
0.202532,0.037975,7.587051e-03
0.215190,0.037975,8.282013e-03
0.227848,0.037975,9.013585e-03
0.240506,0.037975,9.781765e-03
0.253165,0.037975,1.058655e-02
0.265823,0.037975,1.143138e-02
0.278481,0.037975,1.232391e-02
0.291139,0.037975,1.326444e-02
0.303797,0.037975,1.425297e-02
0.316456,0.037975,1.528949e-02
0.329114,0.037975,1.637469e-02
0.341772,0.037975,1.751319e-02
0.354430,0.037975,1.870586e-02
0.367089,0.037975,1.995270e-02
0.379747,0.037975,2.125372e-02
0.392405,0.037975,2.260846e-02
0.405063,0.037975,2.401072e-02
0.417722,0.037975,2.545853e-02
0.430380,0.037975,2.695189e-02
0.443038,0.037975,2.849010e-02
0.455696,0.037975,3.005907e-02
0.468354,0.037975,3.165327e-02
0.481013,0.037975,3.327223e-02
0.493671,0.037975,3.490062e-02
0.506329,0.037975,3.653115e-02
0.518987,0.037975,3.816329e-02
0.531646,0.037975,3.977986e-02
0.544304,0.037975,4.137271e-02
0.556962,0.037975,4.294186e-02
0.569620,0.037975,4.448039e-02
0.582278,0.037975,4.597399e-02
0.594937,0.037975,4.742221e-02
0.607595,0.037975,4.882505e-02
0.620253,0.037975,5.017963e-02
0.632911,0.037975,5.148020e-02
0.645570,0.037975,5.272660e-02
0.658228,0.037975,5.391882e-02
0.670886,0.037975,5.505706e-02
0.683544,0.037975,5.614443e-02
0.696203,0.037975,5.718206e-02
0.708861,0.037975,5.816996e-02
0.721519,0.037975,5.910812e-02
0.734177,0.037975,5.999731e-02
0.746835,0.037975,6.084512e-02
0.759494,0.037975,6.165348e-02
0.772152,0.037975,6.242241e-02
0.784810,0.037975,6.315190e-02
0.797468,0.037975,6.384227e-02
0.810127,0.037975,6.450050e-02
0.822785,0.037975,6.512946e-02
0.835443,0.037975,6.572914e-02
0.848101,0.037975,6.629956e-02
0.860759,0.037975,6.684070e-02
0.873418,0.037975,6.735627e-02
0.886076,0.037975,6.785060e-02
0.898734,0.037975,6.832367e-02
0.911392,0.037975,6.877550e-02
0.924051,0.037975,6.920608e-02
0.936709,0.037975,6.961628e-02
0.949367,0.037975,7.001044e-02
0.962025,0.037975,7.038914e-02
0.974684,0.037975,7.075239e-02
0.987342,0.037975,7.110018e-02
1.000000,0.037975,7.143252e-02
0.000000,0.050633,0.000000e+00
0.012658,0.050633,4.505964e-04
0.025316,0.050633,9.241128e-04
0.037975,0.050633,1.420549e-03
0.050633,0.050633,1.939906e-03
0.063291,0.050633,2.482182e-03
0.075949,0.050633,3.047379e-03
0.088608,0.050633,3.635495e-03
0.101266,0.050633,4.246532e-03
0.113924,0.050633,4.885514e-03
0.126582,0.050633,5.559680e-03
0.139241,0.050633,6.269087e-03
0.151899,0.050633,7.013737e-03
0.164557,0.050633,7.793628e-03
0.177215,0.050633,8.608762e-03
0.189873,0.050633,9.460324e-03
0.202532,0.050633,1.035923e-02
0.215190,0.050633,1.130812e-02
0.227848,0.050633,1.230700e-02
0.240506,0.050633,1.335586e-02
0.253165,0.050633,1.445471e-02
0.265823,0.050633,1.560822e-02
0.278481,0.050633,1.682687e-02
0.291139,0.050633,1.811105e-02
0.303797,0.050633,1.946077e-02
0.316456,0.050633,2.087602e-02
0.329114,0.050633,2.235774e-02
0.341772,0.050633,2.391223e-02
0.354430,0.050633,2.554068e-02
0.367089,0.050633,2.724311e-02
0.379747,0.050633,2.901950e-02
0.392405,0.050633,3.086924e-02
0.405063,0.050633,3.278386e-02
0.417722,0.050633,3.476068e-02
0.430380,0.050633,3.679970e-02
0.443038,0.050633,3.889995e-02
0.455696,0.050633,4.104220e-02
0.468354,0.050633,4.321891e-02
0.481013,0.050633,4.542941e-02
0.493671,0.050633,4.765279e-02
0.506329,0.050633,4.987910e-02
0.518987,0.050633,5.210759e-02
0.531646,0.050633,5.431483e-02
0.544304,0.050633,5.648970e-02
0.556962,0.050633,5.863219e-02
0.569620,0.050633,6.073288e-02
0.582278,0.050633,6.277222e-02
0.594937,0.050633,6.474960e-02
0.607595,0.050633,6.666502e-02
0.620253,0.050633,6.851454e-02
0.632911,0.050633,7.029032e-02
0.645570,0.050633,7.199214e-02
0.658228,0.050633,7.361999e-02
0.670886,0.050633,7.517411e-02
0.683544,0.050633,7.665879e-02
0.696203,0.050633,7.807556e-02
0.708861,0.050633,7.942442e-02
0.721519,0.050633,8.070537e-02
0.734177,0.050633,8.191946e-02
0.746835,0.050633,8.307704e-02
0.759494,0.050633,8.418077e-02
0.772152,0.050633,8.523065e-02
0.784810,0.050633,8.622668e-02
0.797468,0.050633,8.716930e-02
0.810127,0.050633,8.806804e-02
0.822785,0.050633,8.892681e-02
0.835443,0.050633,8.974561e-02
0.848101,0.050633,9.052444e-02
0.860759,0.050633,9.126331e-02
0.873418,0.050633,9.196727e-02
0.886076,0.050633,9.264221e-02
0.898734,0.050633,9.328814e-02
0.911392,0.050633,9.390506e-02
0.924051,0.050633,9.449297e-02
0.936709,0.050633,9.505306e-02
0.949367,0.050633,9.559123e-02
0.962025,0.050633,9.610830e-02
0.974684,0.050633,9.660427e-02
0.987342,0.050633,9.707914e-02
1.000000,0.050633,9.753291e-02
0.000000,0.063291,0.000000e+00
0.012658,0.063291,5.764652e-04
0.025316,0.063291,1.182253e-03
0.037975,0.063291,1.817364e-03
0.050633,0.063291,2.481797e-03
0.063291,0.063291,3.175553e-03
0.075949,0.063291,3.898631e-03
0.088608,0.063291,4.651032e-03
0.101266,0.063291,5.432756e-03
0.113924,0.063291,6.250232e-03
0.126582,0.063291,7.112720e-03
0.139241,0.063291,8.020295e-03
0.151899,0.063291,8.972957e-03
0.164557,0.063291,9.970705e-03
0.177215,0.063291,1.101354e-02
0.189873,0.063291,1.210298e-02
0.202532,0.063291,1.325299e-02
0.215190,0.063291,1.446695e-02
0.227848,0.063291,1.574485e-02
0.240506,0.063291,1.708671e-02
0.253165,0.063291,1.849251e-02
0.265823,0.063291,1.996824e-02
0.278481,0.063291,2.152732e-02
0.291139,0.063291,2.317023e-02
0.303797,0.063291,2.489698e-02
0.316456,0.063291,2.670758e-02
0.329114,0.063291,2.860319e-02
0.341772,0.063291,3.059192e-02
0.354430,0.063291,3.267528e-02
0.367089,0.063291,3.485326e-02
0.379747,0.063291,3.712587e-02
0.392405,0.063291,3.949233e-02
0.405063,0.063291,4.194180e-02
0.417722,0.063291,4.447083e-02
0.430380,0.063291,4.707944e-02
0.443038,0.063291,4.976638e-02
0.455696,0.063291,5.250706e-02
0.468354,0.063291,5.529181e-02
0.481013,0.063291,5.811980e-02
0.493671,0.063291,6.096427e-02
0.506329,0.063291,6.381249e-02
0.518987,0.063291,6.666349e-02
0.531646,0.063291,6.948732e-02
0.544304,0.063291,7.226972e-02
0.556962,0.063291,7.501070e-02
0.569620,0.063291,7.769821e-02
0.582278,0.063291,8.030723e-02
0.594937,0.063291,8.283698e-02
0.607595,0.063291,8.528746e-02
0.620253,0.063291,8.765364e-02
0.632911,0.063291,8.992547e-02
0.645570,0.063291,9.210268e-02
0.658228,0.063291,9.418526e-02
0.670886,0.063291,9.617352e-02
0.683544,0.063291,9.807293e-02
0.696203,0.063291,9.988546e-02
0.708861,0.063291,1.016111e-01
0.721519,0.063291,1.032499e-01
0.734177,0.063291,1.048031e-01
0.746835,0.063291,1.062841e-01
0.759494,0.063291,1.076961e-01
0.772152,0.063291,1.090393e-01
0.784810,0.063291,1.103135e-01
0.797468,0.063291,1.115195e-01
0.810127,0.063291,1.126693e-01
0.822785,0.063291,1.137679e-01
0.835443,0.063291,1.148155e-01
0.848101,0.063291,1.158119e-01
0.860759,0.063291,1.167571e-01
0.873418,0.063291,1.176577e-01
0.886076,0.063291,1.185212e-01
0.898734,0.063291,1.193476e-01
0.911392,0.063291,1.201368e-01
0.924051,0.063291,1.208890e-01
0.936709,0.063291,1.216055e-01
0.949367,0.063291,1.222940e-01
0.962025,0.063291,1.229555e-01
0.974684,0.063291,1.235900e-01
0.987342,0.063291,1.241976e-01
1.000000,0.063291,1.247781e-01
0.000000,0.075949,0.000000e+00
0.012658,0.075949,7.076219e-04
0.025316,0.075949,1.451238e-03
0.037975,0.075949,2.230849e-03
0.050633,0.075949,3.046454e-03
0.063291,0.075949,3.898053e-03
0.075949,0.075949,4.785647e-03
0.088608,0.075949,5.709235e-03
0.101266,0.075949,6.668817e-03
0.113924,0.075949,7.672286e-03
0.126582,0.075949,8.731009e-03
0.139241,0.075949,9.845077e-03
0.151899,0.075949,1.101449e-02
0.164557,0.075949,1.223925e-02
0.177215,0.075949,1.351935e-02
0.189873,0.075949,1.485667e-02
0.202532,0.075949,1.626833e-02
0.215190,0.075949,1.775849e-02
0.227848,0.075949,1.932715e-02
0.240506,0.075949,2.097431e-02
0.253165,0.075949,2.269996e-02
0.265823,0.075949,2.451146e-02
0.278481,0.075949,2.642526e-02
0.291139,0.075949,2.844197e-02
0.303797,0.075949,3.056160e-02
0.316456,0.075949,3.278414e-02
0.329114,0.075949,3.511106e-02
0.341772,0.075949,3.755227e-02
0.354430,0.075949,4.010964e-02
0.367089,0.075949,4.278316e-02
0.379747,0.075949,4.557285e-02
0.392405,0.075949,4.847774e-02
0.405063,0.075949,5.148452e-02
0.417722,0.075949,5.458897e-02
0.430380,0.075949,5.779110e-02
0.443038,0.075949,6.108939e-02
0.455696,0.075949,6.445364e-02
0.468354,0.075949,6.787199e-02
0.481013,0.075949,7.134341e-02
0.493671,0.075949,7.483507e-02
0.506329,0.075949,7.833132e-02
0.518987,0.075949,8.183100e-02
0.531646,0.075949,8.529731e-02
0.544304,0.075949,8.871278e-02
0.556962,0.075949,9.207740e-02
0.569620,0.075949,9.537639e-02
0.582278,0.075949,9.857902e-02
0.594937,0.075949,1.016844e-01
0.607595,0.075949,1.046924e-01
0.620253,0.075949,1.075969e-01
0.632911,0.075949,1.103857e-01
0.645570,0.075949,1.130582e-01
0.658228,0.075949,1.156146e-01
0.670886,0.075949,1.180553e-01
0.683544,0.075949,1.203868e-01
0.696203,0.075949,1.226118e-01
0.708861,0.075949,1.247301e-01
0.721519,0.075949,1.267417e-01
0.734177,0.075949,1.286483e-01
0.746835,0.075949,1.304662e-01
0.759494,0.075949,1.321995e-01
0.772152,0.075949,1.338483e-01
0.784810,0.075949,1.354125e-01
0.797468,0.075949,1.368928e-01
0.810127,0.075949,1.383042e-01
0.822785,0.075949,1.396528e-01
0.835443,0.075949,1.409387e-01
0.848101,0.075949,1.421618e-01
0.860759,0.075949,1.433221e-01
0.873418,0.075949,1.444276e-01
0.886076,0.075949,1.454876e-01
0.898734,0.075949,1.465020e-01
0.911392,0.075949,1.474708e-01
0.924051,0.075949,1.483940e-01
0.936709,0.075949,1.492736e-01
0.949367,0.075949,1.501188e-01
0.962025,0.075949,1.509308e-01
0.974684,0.075949,1.517097e-01
0.987342,0.075949,1.524554e-01
1.000000,0.075949,1.531680e-01
0.000000,0.088608,0.000000e+00
0.012658,0.088608,8.440665e-04
0.025316,0.088608,1.731068e-03
0.037975,0.088608,2.661005e-03
0.050633,0.088608,3.633877e-03
0.063291,0.088608,4.649683e-03
0.075949,0.088608,5.708425e-03
0.088608,0.088608,6.810102e-03
0.101266,0.088608,7.954715e-03
0.113924,0.088608,9.151676e-03
0.126582,0.088608,1.041455e-02
0.139241,0.088608,1.174343e-02
0.151899,0.088608,1.313834e-02
0.164557,0.088608,1.459926e-02
0.177215,0.088608,1.612620e-02
0.189873,0.088608,1.772139e-02
0.202532,0.088608,1.940525e-02
0.215190,0.088608,2.118276e-02
0.227848,0.088608,2.305389e-02
0.240506,0.088608,2.501866e-02
0.253165,0.088608,2.707706e-02
0.265823,0.088608,2.923786e-02
0.278481,0.088608,3.152069e-02
0.291139,0.088608,3.392628e-02
0.303797,0.088608,3.645462e-02
0.316456,0.088608,3.910573e-02
0.329114,0.088608,4.188133e-02
0.341772,0.088608,4.479327e-02
0.354430,0.088608,4.784377e-02
0.367089,0.088608,5.103282e-02
0.379747,0.088608,5.436044e-02
0.392405,0.088608,5.782546e-02
0.405063,0.088608,6.141203e-02
0.417722,0.088608,6.511510e-02
0.430380,0.088608,6.893468e-02
0.443038,0.088608,7.286898e-02
0.455696,0.088608,7.688194e-02
0.468354,0.088608,8.095944e-02
0.481013,0.088608,8.510024e-02
0.493671,0.088608,8.926518e-02
0.506329,0.088608,9.343560e-02
0.518987,0.088608,9.761011e-02
0.531646,0.088608,1.017448e-01
0.544304,0.088608,1.058189e-01
0.556962,0.088608,1.098323e-01
0.569620,0.088608,1.137674e-01
0.582278,0.088608,1.175876e-01
0.594937,0.088608,1.212917e-01
0.607595,0.088608,1.248798e-01
0.620253,0.088608,1.283444e-01
0.632911,0.088608,1.316709e-01
0.645570,0.088608,1.348588e-01
0.658228,0.088608,1.379081e-01
0.670886,0.088608,1.408194e-01
0.683544,0.088608,1.436005e-01
0.696203,0.088608,1.462545e-01
0.708861,0.088608,1.487812e-01
0.721519,0.088608,1.511808e-01
0.734177,0.088608,1.534550e-01
0.746835,0.088608,1.556235e-01
0.759494,0.088608,1.576910e-01
0.772152,0.088608,1.596577e-01
0.784810,0.088608,1.615235e-01
0.797468,0.088608,1.632892e-01
0.810127,0.088608,1.649728e-01
0.822785,0.088608,1.665815e-01
0.835443,0.088608,1.681153e-01
0.848101,0.088608,1.695742e-01
0.860759,0.088608,1.709583e-01
0.873418,0.088608,1.722770e-01
0.886076,0.088608,1.735413e-01
0.898734,0.088608,1.747513e-01
0.911392,0.088608,1.759069e-01
0.924051,0.088608,1.770082e-01
0.936709,0.088608,1.780574e-01
0.949367,0.088608,1.790655e-01
0.962025,0.088608,1.800341e-01
0.974684,0.088608,1.809632e-01
0.987342,0.088608,1.818527e-01
1.000000,0.088608,1.827027e-01
0.000000,0.101266,0.000000e+00
0.012658,0.101266,9.858033e-04
0.025316,0.101266,2.021752e-03
0.037975,0.101266,3.107845e-03
0.050633,0.101266,4.244084e-03
0.063291,0.101266,5.430467e-03
0.075949,0.101266,6.666996e-03
0.088608,0.101266,7.953670e-03
0.101266,0.101266,9.290489e-03
0.113924,0.101266,1.068845e-02
0.126582,0.101266,1.216338e-02
0.139241,0.101266,1.371542e-02
0.151899,0.101266,1.534457e-02
0.164557,0.101266,1.705082e-02
0.177215,0.101266,1.883417e-02
0.189873,0.101266,2.069723e-02
0.202532,0.101266,2.266386e-02
0.215190,0.101266,2.473985e-02
0.227848,0.101266,2.692519e-02
0.240506,0.101266,2.921990e-02
0.253165,0.101266,3.162396e-02
0.265823,0.101266,3.414761e-02
0.278481,0.101266,3.681377e-02
0.291139,0.101266,3.962332e-02
0.303797,0.101266,4.257624e-02
0.316456,0.101266,4.567253e-02
0.329114,0.101266,4.891423e-02
0.341772,0.101266,5.231515e-02
0.354430,0.101266,5.587791e-02
0.367089,0.101266,5.960249e-02
0.379747,0.101266,6.348889e-02
0.392405,0.101266,6.753578e-02
0.405063,0.101266,7.172464e-02
0.417722,0.101266,7.604956e-02
0.430380,0.101266,8.051055e-02
0.443038,0.101266,8.510551e-02
0.455696,0.101266,8.979235e-02
0.468354,0.101266,9.455458e-02
0.481013,0.101266,9.939073e-02
0.493671,0.101266,1.042551e-01
0.506329,0.101266,1.091258e-01
0.518987,0.101266,1.140013e-01
0.531646,0.101266,1.188304e-01
0.544304,0.101266,1.235886e-01
0.556962,0.101266,1.282759e-01
0.569620,0.101266,1.328719e-01
0.582278,0.101266,1.373336e-01
0.594937,0.101266,1.416597e-01
0.607595,0.101266,1.458503e-01
0.620253,0.101266,1.498967e-01
0.632911,0.101266,1.537818e-01
0.645570,0.101266,1.575050e-01
0.658228,0.101266,1.610664e-01
0.670886,0.101266,1.644666e-01
0.683544,0.101266,1.677147e-01
0.696203,0.101266,1.708144e-01
0.708861,0.101266,1.737654e-01
0.721519,0.101266,1.765679e-01
0.734177,0.101266,1.792241e-01
0.746835,0.101266,1.817566e-01
0.759494,0.101266,1.841713e-01
0.772152,0.101266,1.864683e-01
0.784810,0.101266,1.886474e-01
0.797468,0.101266,1.907097e-01
0.810127,0.101266,1.926759e-01
0.822785,0.101266,1.945547e-01
0.835443,0.101266,1.963461e-01
0.848101,0.101266,1.980501e-01
0.860759,0.101266,1.996665e-01
0.873418,0.101266,2.012067e-01
0.886076,0.101266,2.026833e-01
0.898734,0.101266,2.040965e-01
0.911392,0.101266,2.054462e-01
0.924051,0.101266,2.067324e-01
0.936709,0.101266,2.079578e-01
0.949367,0.101266,2.091352e-01
0.962025,0.101266,2.102664e-01
0.974684,0.101266,2.113515e-01
0.987342,0.101266,2.123904e-01
1.000000,0.101266,2.133832e-01
0.000000,0.113924,0.000000e+00
0.012658,0.113924,1.134397e-03
0.025316,0.113924,2.326498e-03
0.037975,0.113924,3.576304e-03
0.050633,0.113924,4.883813e-03
0.063291,0.113924,6.249026e-03
0.075949,0.113924,7.671944e-03
0.088608,0.113924,9.152565e-03
0.101266,0.113924,1.069089e-02
0.113924,0.113924,1.229957e-02
0.126582,0.113924,1.399684e-02
0.139241,0.113924,1.578283e-02
0.151899,0.113924,1.765754e-02
0.164557,0.113924,1.962099e-02
0.177215,0.113924,2.167316e-02
0.189873,0.113924,2.381705e-02
0.202532,0.113924,2.608012e-02
0.215190,0.113924,2.846904e-02
0.227848,0.113924,3.098380e-02
0.240506,0.113924,3.362440e-02
0.253165,0.113924,3.639084e-02
0.265823,0.113924,3.929490e-02
0.278481,0.113924,4.236296e-02
0.291139,0.113924,4.559601e-02
0.303797,0.113924,4.899405e-02
0.316456,0.113924,5.255707e-02
0.329114,0.113924,5.628741e-02
0.341772,0.113924,6.020098e-02
0.354430,0.113924,6.430078e-02
0.367089,0.113924,6.858680e-02
0.379747,0.113924,7.305904e-02
0.392405,0.113924,7.771595e-02
0.405063,0.113924,8.253623e-02
0.417722,0.113924,8.751309e-02
0.430380,0.113924,9.264652e-02
0.443038,0.113924,9.793412e-02
0.455696,0.113924,1.033275e-01
0.468354,0.113924,1.088075e-01
0.481013,0.113924,1.143727e-01
0.493671,0.113924,1.199702e-01
0.506329,0.113924,1.255752e-01
0.518987,0.113924,1.311856e-01
0.531646,0.113924,1.367426e-01
0.544304,0.113924,1.422181e-01
0.556962,0.113924,1.476120e-01
0.569620,0.113924,1.529007e-01
0.582278,0.113924,1.580350e-01
0.594937,0.113924,1.630132e-01
0.607595,0.113924,1.678355e-01
0.620253,0.113924,1.724918e-01
0.632911,0.113924,1.769625e-01
0.645570,0.113924,1.812470e-01
0.658228,0.113924,1.853453e-01
0.670886,0.113924,1.892580e-01
0.683544,0.113924,1.929958e-01
0.696203,0.113924,1.965626e-01
0.708861,0.113924,1.999585e-01
0.721519,0.113924,2.031834e-01
0.734177,0.113924,2.062400e-01
0.746835,0.113924,2.091543e-01
0.759494,0.113924,2.119330e-01
0.772152,0.113924,2.145762e-01
0.784810,0.113924,2.170838e-01
0.797468,0.113924,2.194569e-01
0.810127,0.113924,2.217195e-01
0.822785,0.113924,2.238815e-01
0.835443,0.113924,2.259430e-01
0.848101,0.113924,2.279037e-01
0.860759,0.113924,2.297639e-01
0.873418,0.113924,2.315362e-01
0.886076,0.113924,2.332354e-01
0.898734,0.113924,2.348616e-01
0.911392,0.113924,2.364147e-01
0.924051,0.113924,2.378949e-01
0.936709,0.113924,2.393049e-01
0.949367,0.113924,2.406598e-01
0.962025,0.113924,2.419616e-01
0.974684,0.113924,2.432102e-01
0.987342,0.113924,2.444057e-01
1.000000,0.113924,2.455481e-01
0.000000,0.126582,0.000000e+00
0.012658,0.126582,1.291114e-03
0.025316,0.126582,2.647905e-03
0.037975,0.126582,4.070372e-03
0.050633,0.126582,5.558515e-03
0.063291,0.126582,7.112334e-03
0.075949,0.126582,8.731830e-03
0.088608,0.126582,1.041700e-02
0.101266,0.126582,1.216785e-02
0.113924,0.126582,1.399877e-02
0.126582,0.126582,1.593052e-02
0.139241,0.126582,1.796325e-02
0.151899,0.126582,2.009696e-02
0.164557,0.126582,2.233167e-02
0.177215,0.126582,2.466735e-02
0.189873,0.126582,2.710743e-02
0.202532,0.126582,2.968316e-02
0.215190,0.126582,3.240211e-02
0.227848,0.126582,3.526430e-02
0.240506,0.126582,3.826971e-02
0.253165,0.126582,4.141834e-02
0.265823,0.126582,4.472361e-02
0.278481,0.126582,4.821553e-02
0.291139,0.126582,5.189524e-02
0.303797,0.126582,5.576273e-02
0.316456,0.126582,5.981799e-02
0.329114,0.126582,6.406370e-02
0.341772,0.126582,6.851795e-02
0.354430,0.126582,7.318415e-02
0.367089,0.126582,7.806230e-02
0.379747,0.126582,8.315241e-02
0.392405,0.126582,8.845270e-02
0.405063,0.126582,9.393892e-02
0.417722,0.126582,9.960336e-02
0.430380,0.126582,1.054460e-01
0.443038,0.126582,1.114641e-01
0.455696,0.126582,1.176026e-01
0.468354,0.126582,1.238397e-01
0.481013,0.126582,1.301737e-01
0.493671,0.126582,1.365446e-01
0.506329,0.126582,1.429239e-01
0.518987,0.126582,1.493095e-01
0.531646,0.126582,1.556342e-01
0.544304,0.126582,1.618661e-01
0.556962,0.126582,1.680052e-01
0.569620,0.126582,1.740246e-01
0.582278,0.126582,1.798682e-01
0.594937,0.126582,1.855342e-01
0.607595,0.126582,1.910227e-01
0.620253,0.126582,1.963224e-01
0.632911,0.126582,2.014107e-01
0.645570,0.126582,2.062871e-01
0.658228,0.126582,2.109516e-01
0.670886,0.126582,2.154048e-01
0.683544,0.126582,2.196590e-01
0.696203,0.126582,2.237186e-01
0.708861,0.126582,2.275836e-01
0.721519,0.126582,2.312541e-01
0.734177,0.126582,2.347329e-01
0.746835,0.126582,2.380498e-01
0.759494,0.126582,2.412125e-01
0.772152,0.126582,2.442208e-01
0.784810,0.126582,2.470748e-01
0.797468,0.126582,2.497758e-01
0.810127,0.126582,2.523511e-01
0.822785,0.126582,2.548118e-01
0.835443,0.126582,2.571580e-01
0.848101,0.126582,2.593896e-01
0.860759,0.126582,2.615068e-01
0.873418,0.126582,2.635239e-01
0.886076,0.126582,2.654579e-01
0.898734,0.126582,2.673088e-01
0.911392,0.126582,2.690765e-01
0.924051,0.126582,2.707611e-01
0.936709,0.126582,2.723660e-01
0.949367,0.126582,2.739080e-01
0.962025,0.126582,2.753897e-01
0.974684,0.126582,2.768108e-01
0.987342,0.126582,2.781715e-01
1.000000,0.126582,2.794717e-01
0.000000,0.139241,0.000000e+00
0.012658,0.139241,1.455954e-03
0.025316,0.139241,2.985971e-03
0.037975,0.139241,4.590049e-03
0.050633,0.139241,6.268189e-03
0.063291,0.139241,8.020391e-03
0.075949,0.139241,9.846654e-03
0.088608,0.139241,1.174698e-02
0.101266,0.139241,1.372137e-02
0.113924,0.139241,1.578606e-02
0.126582,0.139241,1.796444e-02
0.139241,0.139241,2.025670e-02
0.151899,0.139241,2.266284e-02
0.164557,0.139241,2.518285e-02
0.177215,0.139241,2.781675e-02
0.189873,0.139241,3.056837e-02
0.202532,0.139241,3.347296e-02
0.215190,0.139241,3.653906e-02
0.227848,0.139241,3.976668e-02
0.240506,0.139241,4.315581e-02
0.253165,0.139241,4.670645e-02
0.265823,0.139241,5.043372e-02
0.278481,0.139241,5.437148e-02
0.291139,0.139241,5.852100e-02
0.303797,0.139241,6.288228e-02
0.316456,0.139241,6.745531e-02
0.329114,0.139241,7.224310e-02
0.341772,0.139241,7.726605e-02
0.354430,0.139241,8.252802e-02
0.367089,0.139241,8.802900e-02
0.379747,0.139241,9.376900e-02
0.392405,0.139241,9.974602e-02
0.405063,0.139241,1.059327e-01
0.417722,0.139241,1.123204e-01
0.430380,0.139241,1.189090e-01
0.443038,0.139241,1.256955e-01
0.455696,0.139241,1.326177e-01
0.468354,0.139241,1.396512e-01
0.481013,0.139241,1.467939e-01
0.493671,0.139241,1.539782e-01
0.506329,0.139241,1.611720e-01
0.518987,0.139241,1.683729e-01
0.531646,0.139241,1.755051e-01
0.544304,0.139241,1.825327e-01
0.556962,0.139241,1.894557e-01
0.569620,0.139241,1.962436e-01
0.582278,0.139241,2.028332e-01
0.594937,0.139241,2.092227e-01
0.607595,0.139241,2.154119e-01
0.620253,0.139241,2.213883e-01
0.632911,0.139241,2.271263e-01
0.645570,0.139241,2.326253e-01
0.658228,0.139241,2.378853e-01
0.670886,0.139241,2.429071e-01
0.683544,0.139241,2.477044e-01
0.696203,0.139241,2.522824e-01
0.708861,0.139241,2.566409e-01
0.721519,0.139241,2.607800e-01
0.734177,0.139241,2.647030e-01
0.746835,0.139241,2.684434e-01
0.759494,0.139241,2.720098e-01
0.772152,0.139241,2.754022e-01
0.784810,0.139241,2.786206e-01
0.797468,0.139241,2.816665e-01
0.810127,0.139241,2.845705e-01
0.822785,0.139241,2.873454e-01
0.835443,0.139241,2.899912e-01
0.848101,0.139241,2.925078e-01
0.860759,0.139241,2.948952e-01
0.873418,0.139241,2.971699e-01
0.886076,0.139241,2.993508e-01
0.898734,0.139241,3.014380e-01
0.911392,0.139241,3.034314e-01
0.924051,0.139241,3.053311e-01
0.936709,0.139241,3.071409e-01
0.949367,0.139241,3.088798e-01
0.962025,0.139241,3.105506e-01
0.974684,0.139241,3.121532e-01
0.987342,0.139241,3.136876e-01
1.000000,0.139241,3.151538e-01
0.000000,0.151899,0.000000e+00
0.012658,0.151899,1.628917e-03
0.025316,0.151899,3.340696e-03
0.037975,0.151899,5.135335e-03
0.050633,0.151899,7.012835e-03
0.063291,0.151899,8.973196e-03
0.075949,0.151899,1.101642e-02
0.088608,0.151899,1.314250e-02
0.101266,0.151899,1.535144e-02
0.113924,0.151899,1.766142e-02
0.126582,0.151899,2.009859e-02
0.139241,0.151899,2.266317e-02
0.151899,0.151899,2.535516e-02
0.164557,0.151899,2.817455e-02
0.177215,0.151899,3.112136e-02
0.189873,0.151899,3.419987e-02
0.202532,0.151899,3.744953e-02
0.215190,0.151899,4.087989e-02
0.227848,0.151899,4.449095e-02
0.240506,0.151899,4.828271e-02
0.253165,0.151899,5.225517e-02
0.265823,0.151899,5.642524e-02
0.278481,0.151899,6.083081e-02
0.291139,0.151899,6.547330e-02
0.303797,0.151899,7.035270e-02
0.316456,0.151899,7.546902e-02
0.329114,0.151899,8.082560e-02
0.341772,0.151899,8.644529e-02
0.354430,0.151899,9.233239e-02
0.367089,0.151899,9.848690e-02
0.379747,0.151899,1.049088e-01
0.392405,0.151899,1.115959e-01
0.405063,0.151899,1.185176e-01
0.417722,0.151899,1.256641e-01
0.430380,0.151899,1.330355e-01
0.443038,0.151899,1.406282e-01
0.455696,0.151899,1.483728e-01
0.468354,0.151899,1.562419e-01
0.481013,0.151899,1.642332e-01
0.493671,0.151899,1.722710e-01
0.506329,0.151899,1.803195e-01
0.518987,0.151899,1.883758e-01
0.531646,0.151899,1.963553e-01
0.544304,0.151899,2.042178e-01
0.556962,0.151899,2.119633e-01
0.569620,0.151899,2.195576e-01
0.582278,0.151899,2.269301e-01
0.594937,0.151899,2.340787e-01
0.607595,0.151899,2.410032e-01
0.620253,0.151899,2.476895e-01
0.632911,0.151899,2.541092e-01
0.645570,0.151899,2.602615e-01
0.658228,0.151899,2.661464e-01
0.670886,0.151899,2.717648e-01
0.683544,0.151899,2.771321e-01
0.696203,0.151899,2.822539e-01
0.708861,0.151899,2.871302e-01
0.721519,0.151899,2.917610e-01
0.734177,0.151899,2.961501e-01
0.746835,0.151899,3.003349e-01
0.759494,0.151899,3.043250e-01
0.772152,0.151899,3.081204e-01
0.784810,0.151899,3.117212e-01
0.797468,0.151899,3.151289e-01
0.810127,0.151899,3.183779e-01
0.822785,0.151899,3.214825e-01
0.835443,0.151899,3.244425e-01
0.848101,0.151899,3.272581e-01
0.860759,0.151899,3.299292e-01
0.873418,0.151899,3.324741e-01
0.886076,0.151899,3.349141e-01
0.898734,0.151899,3.372492e-01
0.911392,0.151899,3.394795e-01
0.924051,0.151899,3.416048e-01
0.936709,0.151899,3.436296e-01
0.949367,0.151899,3.455752e-01
0.962025,0.151899,3.474445e-01
0.974684,0.151899,3.492375e-01
0.987342,0.151899,3.509542e-01
1.000000,0.151899,3.525946e-01
0.000000,0.164557,0.000000e+00
0.012658,0.164557,1.810004e-03
0.025316,0.164557,3.712080e-03
0.037975,0.164557,5.706230e-03
0.050633,0.164557,7.792453e-03
0.063291,0.164557,9.970749e-03
0.075949,0.164557,1.224112e-02
0.088608,0.164557,1.460356e-02
0.101266,0.164557,1.705808e-02
0.113924,0.164557,1.962485e-02
0.126582,0.164557,2.233297e-02
0.139241,0.164557,2.518266e-02
0.151899,0.164557,2.817393e-02
0.164557,0.164557,3.130676e-02
0.177215,0.164557,3.458118e-02
0.189873,0.164557,3.800193e-02
0.202532,0.164557,4.161287e-02
0.215190,0.164557,4.542459e-02
0.227848,0.164557,4.943710e-02
0.240506,0.164557,5.365041e-02
0.253165,0.164557,5.806450e-02
0.265823,0.164557,6.269817e-02
0.278481,0.164557,6.759353e-02
0.291139,0.164557,7.275214e-02
0.303797,0.164557,7.817400e-02
0.316456,0.164557,8.385911e-02
0.329114,0.164557,8.981120e-02
0.341772,0.164557,9.605566e-02
0.354430,0.164557,1.025972e-01
0.367089,0.164557,1.094360e-01
0.379747,0.164557,1.165719e-01
0.392405,0.164557,1.240024e-01
0.405063,0.164557,1.316936e-01
0.417722,0.164557,1.396346e-01
0.430380,0.164557,1.478255e-01
0.443038,0.164557,1.562624e-01
0.455696,0.164557,1.648679e-01
0.468354,0.164557,1.736119e-01
0.481013,0.164557,1.824916e-01
0.493671,0.164557,1.914231e-01
0.506329,0.164557,2.003663e-01
0.518987,0.164557,2.093183e-01
0.531646,0.164557,2.181849e-01
0.544304,0.164557,2.269215e-01
0.556962,0.164557,2.355280e-01
0.569620,0.164557,2.439667e-01
0.582278,0.164557,2.521589e-01
0.594937,0.164557,2.601021e-01
0.607595,0.164557,2.677965e-01
0.620253,0.164557,2.752262e-01
0.632911,0.164557,2.823596e-01
0.645570,0.164557,2.891959e-01
0.658228,0.164557,2.957350e-01
0.670886,0.164557,3.019780e-01
0.683544,0.164557,3.079420e-01
0.696203,0.164557,3.136332e-01
0.708861,0.164557,3.190516e-01
0.721519,0.164557,3.241972e-01
0.734177,0.164557,3.290743e-01
0.746835,0.164557,3.337243e-01
0.759494,0.164557,3.381580e-01
0.772152,0.164557,3.423754e-01
0.784810,0.164557,3.463765e-01
0.797468,0.164557,3.501630e-01
0.810127,0.164557,3.537732e-01
0.822785,0.164557,3.572229e-01
0.835443,0.164557,3.605121e-01
0.848101,0.164557,3.636407e-01
0.860759,0.164557,3.666087e-01
0.873418,0.164557,3.694365e-01
0.886076,0.164557,3.721478e-01
0.898734,0.164557,3.747425e-01
0.911392,0.164557,3.772207e-01
0.924051,0.164557,3.795824e-01
0.936709,0.164557,3.818323e-01
0.949367,0.164557,3.839941e-01
0.962025,0.164557,3.860712e-01
0.974684,0.164557,3.880636e-01
0.987342,0.164557,3.899711e-01
1.000000,0.164557,3.917939e-01
0.000000,0.177215,0.000000e+00
0.012658,0.177215,1.999213e-03
0.025316,0.177215,4.100124e-03
0.037975,0.177215,6.302735e-03
0.050633,0.177215,8.607044e-03
0.063291,0.177215,1.101305e-02
0.075949,0.177215,1.352076e-02
0.088608,0.177215,1.613016e-02
0.101266,0.177215,1.884127e-02
0.113924,0.177215,2.167637e-02
0.126582,0.177215,2.466759e-02
0.139241,0.177215,2.781518e-02
0.151899,0.177215,3.111915e-02
0.164557,0.177215,3.457949e-02
0.177215,0.177215,3.819620e-02
0.189873,0.177215,4.197456e-02
0.202532,0.177215,4.596297e-02
0.215190,0.177215,5.017317e-02
0.227848,0.177215,5.460514e-02
0.240506,0.177215,5.925890e-02
0.253165,0.177215,6.413444e-02
0.265823,0.177215,6.925251e-02
0.278481,0.177215,7.465962e-02
0.291139,0.177215,8.035751e-02
0.303797,0.177215,8.634616e-02
0.316456,0.177215,9.262559e-02
0.329114,0.177215,9.919991e-02
0.341772,0.177215,1.060972e-01
0.354430,0.177215,1.133226e-01
0.367089,0.177215,1.208763e-01
0.379747,0.177215,1.287581e-01
0.392405,0.177215,1.369654e-01
0.405063,0.177215,1.454607e-01
0.417722,0.177215,1.542319e-01
0.430380,0.177215,1.632790e-01
0.443038,0.177215,1.725979e-01
0.455696,0.177215,1.821031e-01
0.468354,0.177215,1.917612e-01
0.481013,0.177215,2.015691e-01
0.493671,0.177215,2.114343e-01
0.506329,0.177215,2.213124e-01
0.518987,0.177215,2.312003e-01
0.531646,0.177215,2.409938e-01
0.544304,0.177215,2.506437e-01
0.556962,0.177215,2.601500e-01
0.569620,0.177215,2.694708e-01
0.582278,0.177215,2.785194e-01
0.594937,0.177215,2.872931e-01
0.607595,0.177215,2.957918e-01
0.620253,0.177215,3.039982e-01
0.632911,0.177215,3.118773e-01
0.645570,0.177215,3.194282e-01
0.658228,0.177215,3.266510e-01
0.670886,0.177215,3.335466e-01
0.683544,0.177215,3.401341e-01
0.696203,0.177215,3.464203e-01
0.708861,0.177215,3.524051e-01
0.721519,0.177215,3.580887e-01
0.734177,0.177215,3.634755e-01
0.746835,0.177215,3.686116e-01
0.759494,0.177215,3.735088e-01
0.772152,0.177215,3.781671e-01
0.784810,0.177215,3.825865e-01
0.797468,0.177215,3.867688e-01
0.810127,0.177215,3.907565e-01
0.822785,0.177215,3.945668e-01
0.835443,0.177215,3.981998e-01
0.848101,0.177215,4.016554e-01
0.860759,0.177215,4.049338e-01
0.873418,0.177215,4.080572e-01
0.886076,0.177215,4.110519e-01
0.898734,0.177215,4.139179e-01
0.911392,0.177215,4.166551e-01
0.924051,0.177215,4.192637e-01
0.936709,0.177215,4.217488e-01
0.949367,0.177215,4.241367e-01
0.962025,0.177215,4.264309e-01
0.974684,0.177215,4.286315e-01
0.987342,0.177215,4.307385e-01
1.000000,0.177215,4.327519e-01
0.000000,0.189873,0.000000e+00
0.012658,0.189873,2.196854e-03
0.025316,0.189873,4.505461e-03
0.037975,0.189873,6.925821e-03
0.050633,0.189873,9.457935e-03
0.063291,0.189873,1.210180e-02
0.075949,0.189873,1.485742e-02
0.088608,0.189873,1.772480e-02
0.101266,0.189873,2.070393e-02
0.113924,0.189873,2.381931e-02
0.126582,0.189873,2.710624e-02
0.139241,0.189873,3.056501e-02
0.151899,0.189873,3.419562e-02
0.164557,0.189873,3.799806e-02
0.177215,0.189873,4.197233e-02
0.189873,0.189873,4.612422e-02
0.202532,0.189873,5.050694e-02
0.215190,0.189873,5.513337e-02
0.227848,0.189873,6.000350e-02
0.240506,0.189873,6.511734e-02
0.253165,0.189873,7.047489e-02
0.265823,0.189873,7.609895e-02
0.278481,0.189873,8.204062e-02
0.291139,0.189873,8.830182e-02
0.303797,0.189873,9.488253e-02
0.316456,0.189873,1.017828e-01
0.329114,0.189873,1.090070e-01
0.341772,0.189873,1.165862e-01
0.354430,0.189873,1.245260e-01
0.367089,0.189873,1.328264e-01
0.379747,0.189873,1.414875e-01
0.392405,0.189873,1.505062e-01
0.405063,0.189873,1.598413e-01
0.417722,0.189873,1.694797e-01
0.430380,0.189873,1.794213e-01
0.443038,0.189873,1.896614e-01
0.455696,0.189873,2.001064e-01
0.468354,0.189873,2.107193e-01
0.481013,0.189873,2.214969e-01
0.493671,0.189873,2.323373e-01
0.506329,0.189873,2.431921e-01
0.518987,0.189873,2.540575e-01
0.531646,0.189873,2.648193e-01
0.544304,0.189873,2.754232e-01
0.556962,0.189873,2.858693e-01
0.569620,0.189873,2.961116e-01
0.582278,0.189873,3.060548e-01
0.594937,0.189873,3.156958e-01
0.607595,0.189873,3.250348e-01
0.620253,0.189873,3.340525e-01
0.632911,0.189873,3.427106e-01
0.645570,0.189873,3.510080e-01
0.658228,0.189873,3.589448e-01
0.670886,0.189873,3.665222e-01
0.683544,0.189873,3.737609e-01
0.696203,0.189873,3.806686e-01
0.708861,0.189873,3.872451e-01
0.721519,0.189873,3.934905e-01
0.734177,0.189873,3.994099e-01
0.746835,0.189873,4.050538e-01
0.759494,0.189873,4.104352e-01
0.772152,0.189873,4.155540e-01
0.784810,0.189873,4.204103e-01
0.797468,0.189873,4.250061e-01
0.810127,0.189873,4.293880e-01
0.822785,0.189873,4.335750e-01
0.835443,0.189873,4.375672e-01
0.848101,0.189873,4.413645e-01
0.860759,0.189873,4.449669e-01
0.873418,0.189873,4.483991e-01
0.886076,0.189873,4.516899e-01
0.898734,0.189873,4.548392e-01
0.911392,0.189873,4.578471e-01
0.924051,0.189873,4.607135e-01
0.936709,0.189873,4.634443e-01
0.949367,0.189873,4.660682e-01
0.962025,0.189873,4.685893e-01
0.974684,0.189873,4.710075e-01
0.987342,0.189873,4.733228e-01
1.000000,0.189873,4.755352e-01
0.000000,0.202532,0.000000e+00
0.012658,0.202532,2.405564e-03
0.025316,0.202532,4.933500e-03
0.037975,0.202532,7.583807e-03
0.050633,0.202532,1.035648e-02
0.063291,0.202532,1.325153e-02
0.075949,0.202532,1.626895e-02
0.088608,0.202532,1.940875e-02
0.101266,0.202532,2.267091e-02
0.113924,0.202532,2.608227e-02
0.126582,0.202532,2.968149e-02
0.139241,0.202532,3.346886e-02
0.151899,0.202532,3.744440e-02
0.164557,0.202532,4.160810e-02
0.177215,0.202532,4.595995e-02
0.189873,0.202532,5.050631e-02
0.202532,0.202532,5.530542e-02
0.215190,0.202532,6.037139e-02
0.227848,0.202532,6.570422e-02
0.240506,0.202532,7.130392e-02
0.253165,0.202532,7.717047e-02
0.265823,0.202532,8.332886e-02
0.278481,0.202532,8.983503e-02
0.291139,0.202532,9.669109e-02
0.303797,0.202532,1.038970e-01
0.316456,0.202532,1.114528e-01
0.329114,0.202532,1.193635e-01
0.341772,0.202532,1.276627e-01
0.354430,0.202532,1.363568e-01
0.367089,0.202532,1.454459e-01
0.379747,0.202532,1.549298e-01
0.392405,0.202532,1.648054e-01
0.405063,0.202532,1.750274e-01
0.417722,0.202532,1.855815e-01
0.430380,0.202532,1.964677e-01
0.443038,0.202532,2.076807e-01
0.455696,0.202532,2.191180e-01
0.468354,0.202532,2.307392e-01
0.481013,0.202532,2.425408e-01
0.493671,0.202532,2.544112e-01
0.506329,0.202532,2.662972e-01
0.518987,0.202532,2.781949e-01
0.531646,0.202532,2.899792e-01
0.544304,0.202532,3.015906e-01
0.556962,0.202532,3.130291e-01
0.569620,0.202532,3.242446e-01
0.582278,0.202532,3.351324e-01
0.594937,0.202532,3.456894e-01
0.607595,0.202532,3.559157e-01
0.620253,0.202532,3.657901e-01
0.632911,0.202532,3.752708e-01
0.645570,0.202532,3.843566e-01
0.658228,0.202532,3.930475e-01
0.670886,0.202532,4.013447e-01
0.683544,0.202532,4.092712e-01
0.696203,0.202532,4.168351e-01
0.708861,0.202532,4.240365e-01
0.721519,0.202532,4.308753e-01
0.734177,0.202532,4.373571e-01
0.746835,0.202532,4.435372e-01
0.759494,0.202532,4.494298e-01
0.772152,0.202532,4.550349e-01
0.784810,0.202532,4.603526e-01
0.797468,0.202532,4.653851e-01
0.810127,0.202532,4.701833e-01
0.822785,0.202532,4.747681e-01
0.835443,0.202532,4.791395e-01
0.848101,0.202532,4.832976e-01
0.860759,0.202532,4.872423e-01
0.873418,0.202532,4.910006e-01
0.886076,0.202532,4.946040e-01
0.898734,0.202532,4.980525e-01
0.911392,0.202532,5.013462e-01
0.924051,0.202532,5.044849e-01
0.936709,0.202532,5.074752e-01
0.949367,0.202532,5.103484e-01
0.962025,0.202532,5.131090e-01
0.974684,0.202532,5.157569e-01
0.987342,0.202532,5.182922e-01
1.000000,0.202532,5.207149e-01
0.000000,0.215190,0.000000e+00
0.012658,0.215190,2.625948e-03
0.025316,0.215190,5.385479e-03
0.037975,0.215190,8.278592e-03
0.050633,0.215190,1.130529e-02
0.063291,0.215190,1.446557e-02
0.075949,0.215190,1.775943e-02
0.088608,0.215190,2.118687e-02
0.101266,0.215190,2.474790e-02
0.113924,0.215190,2.847180e-02
0.126582,0.215190,3.240076e-02
0.139241,0.215190,3.653512e-02
0.151899,0.215190,4.087488e-02
0.164557,0.215190,4.542004e-02
0.177215,0.215190,5.017060e-02
0.189873,0.215190,5.513347e-02
0.202532,0.215190,6.037226e-02
0.215190,0.215190,6.590236e-02
0.227848,0.215190,7.172377e-02
0.240506,0.215190,7.783649e-02
0.253165,0.215190,8.424052e-02
0.265823,0.215190,9.096312e-02
0.278481,0.215190,9.806538e-02
0.291139,0.215190,1.055496e-01
0.303797,0.215190,1.134157e-01
0.316456,0.215190,1.216637e-01
0.329114,0.215190,1.302991e-01
0.341772,0.215190,1.393587e-01
0.354430,0.215190,1.488494e-01
0.367089,0.215190,1.587711e-01
0.379747,0.215190,1.691240e-01
0.392405,0.215190,1.799044e-01
0.405063,0.215190,1.910629e-01
0.417722,0.215190,2.025839e-01
0.430380,0.215190,2.144674e-01
0.443038,0.215190,2.267078e-01
0.455696,0.215190,2.391929e-01
0.468354,0.215190,2.518788e-01
0.481013,0.215190,2.647617e-01
0.493671,0.215190,2.777196e-01
0.506329,0.215190,2.906946e-01
0.518987,0.215190,3.036823e-01
0.531646,0.215190,3.165462e-01
0.544304,0.215190,3.292215e-01
0.556962,0.215190,3.417080e-01
0.569620,0.215190,3.539509e-01
0.582278,0.215190,3.658363e-01
0.594937,0.215190,3.773606e-01
0.607595,0.215190,3.885237e-01
0.620253,0.215190,3.993028e-01
0.632911,0.215190,4.096521e-01
0.645570,0.215190,4.195703e-01
0.658228,0.215190,4.290574e-01
0.670886,0.215190,4.381149e-01
0.683544,0.215190,4.467675e-01
0.696203,0.215190,4.550244e-01
0.708861,0.215190,4.628855e-01
0.721519,0.215190,4.703509e-01
0.734177,0.215190,4.774265e-01
0.746835,0.215190,4.841728e-01
0.759494,0.215190,4.906053e-01
0.772152,0.215190,4.967240e-01
0.784810,0.215190,5.025288e-01
0.797468,0.215190,5.080224e-01
0.810127,0.215190,5.132602e-01
0.822785,0.215190,5.182650e-01
0.835443,0.215190,5.230370e-01
0.848101,0.215190,5.275760e-01
0.860759,0.215190,5.318821e-01
0.873418,0.215190,5.359847e-01
0.886076,0.215190,5.399182e-01
0.898734,0.215190,5.436827e-01
0.911392,0.215190,5.472781e-01
0.924051,0.215190,5.507044e-01
0.936709,0.215190,5.539686e-01
0.949367,0.215190,5.571051e-01
0.962025,0.215190,5.601186e-01
0.974684,0.215190,5.630092e-01
0.987342,0.215190,5.657767e-01
1.000000,0.215190,5.684213e-01
0.000000,0.227848,0.000000e+00
0.012658,0.227848,2.858005e-03
0.025316,0.227848,5.861397e-03
0.037975,0.227848,9.010178e-03
0.050633,0.227848,1.230435e-02
0.063291,0.227848,1.574390e-02
0.075949,0.227848,1.932885e-02
0.088608,0.227848,2.305918e-02
0.101266,0.227848,2.693490e-02
0.113924,0.227848,3.098789e-02
0.126582,0.227848,3.526406e-02
0.139241,0.227848,3.976378e-02
0.151899,0.227848,4.448706e-02
0.164557,0.227848,4.943388e-02
0.177215,0.227848,5.460426e-02
0.189873,0.227848,6.000572e-02
0.202532,0.227848,6.570748e-02
0.215190,0.227848,7.172629e-02
0.227848,0.227848,7.806215e-02
0.240506,0.227848,8.471507e-02
0.253165,0.227848,9.168505e-02
0.265823,0.227848,9.900174e-02
0.278481,0.227848,1.067316e-01
0.291139,0.227848,1.148772e-01
0.303797,0.227848,1.234385e-01
0.316456,0.227848,1.324155e-01
0.329114,0.227848,1.418140e-01
0.341772,0.227848,1.516742e-01
0.354430,0.227848,1.620036e-01
0.367089,0.227848,1.728022e-01
0.379747,0.227848,1.840699e-01
0.392405,0.227848,1.958030e-01
0.405063,0.227848,2.079477e-01
0.417722,0.227848,2.204869e-01
0.430380,0.227848,2.334205e-01
0.443038,0.227848,2.467427e-01
0.455696,0.227848,2.603311e-01
0.468354,0.227848,2.741382e-01
0.481013,0.227848,2.881595e-01
0.493671,0.227848,3.022626e-01
0.506329,0.227848,3.163842e-01
0.518987,0.227848,3.305197e-01
0.531646,0.227848,3.445205e-01
0.544304,0.227848,3.583158e-01
0.556962,0.227848,3.719059e-01
0.569620,0.227848,3.852308e-01
0.582278,0.227848,3.981665e-01
0.594937,0.227848,4.107092e-01
0.607595,0.227848,4.228588e-01
0.620253,0.227848,4.345905e-01
0.632911,0.227848,4.458544e-01
0.645570,0.227848,4.566491e-01
0.658228,0.227848,4.669747e-01
0.670886,0.227848,4.768326e-01
0.683544,0.227848,4.862499e-01
0.696203,0.227848,4.952365e-01
0.708861,0.227848,5.037923e-01
0.721519,0.227848,5.119174e-01
0.734177,0.227848,5.196183e-01
0.746835,0.227848,5.269608e-01
0.759494,0.227848,5.339618e-01
0.772152,0.227848,5.406212e-01
0.784810,0.227848,5.469390e-01
0.797468,0.227848,5.529180e-01
0.810127,0.227848,5.586187e-01
0.822785,0.227848,5.640658e-01
0.835443,0.227848,5.692595e-01
0.848101,0.227848,5.741996e-01
0.860759,0.227848,5.788863e-01
0.873418,0.227848,5.833515e-01
0.886076,0.227848,5.876326e-01
0.898734,0.227848,5.917298e-01
0.911392,0.227848,5.956429e-01
0.924051,0.227848,5.993720e-01
0.936709,0.227848,6.029247e-01
0.949367,0.227848,6.063383e-01
0.962025,0.227848,6.096182e-01
0.974684,0.227848,6.127641e-01
0.987342,0.227848,6.157763e-01
1.000000,0.227848,6.186546e-01
0.000000,0.240506,0.000000e+00
0.012658,0.240506,3.101734e-03
0.025316,0.240506,6.361255e-03
0.037975,0.240506,9.778564e-03
0.050633,0.240506,1.335366e-02
0.063291,0.240506,1.708654e-02
0.075949,0.240506,2.097721e-02
0.088608,0.240506,2.502567e-02
0.101266,0.240506,2.923191e-02
0.113924,0.240506,3.363054e-02
0.126582,0.240506,3.827139e-02
0.139241,0.240506,4.315485e-02
0.151899,0.240506,4.828093e-02
0.164557,0.240506,5.364963e-02
0.177215,0.240506,5.926095e-02
0.189873,0.240506,6.512305e-02
0.202532,0.240506,7.131106e-02
0.215190,0.240506,7.784317e-02
0.227848,0.240506,8.471937e-02
0.240506,0.240506,9.193966e-02
0.253165,0.240506,9.950405e-02
0.265823,0.240506,1.074447e-01
0.278481,0.240506,1.158338e-01
0.291139,0.240506,1.246741e-01
0.303797,0.240506,1.339655e-01
0.316456,0.240506,1.437080e-01
0.329114,0.240506,1.539081e-01
0.341772,0.240506,1.646092e-01
0.354430,0.240506,1.758195e-01
0.367089,0.240506,1.875390e-01
0.379747,0.240506,1.997677e-01
0.392405,0.240506,2.125014e-01
0.405063,0.240506,2.256818e-01
0.417722,0.240506,2.392904e-01
0.430380,0.240506,2.533271e-01
0.443038,0.240506,2.677853e-01
0.455696,0.240506,2.825327e-01
0.468354,0.240506,2.975172e-01
0.481013,0.240506,3.127343e-01
0.493671,0.240506,3.280401e-01
0.506329,0.240506,3.433661e-01
0.518987,0.240506,3.587071e-01
0.531646,0.240506,3.739018e-01
0.544304,0.240506,3.888737e-01
0.556962,0.240506,4.036227e-01
0.569620,0.240506,4.180840e-01
0.582278,0.240506,4.321229e-01
0.594937,0.240506,4.457353e-01
0.607595,0.240506,4.589211e-01
0.620253,0.240506,4.716533e-01
0.632911,0.240506,4.838778e-01
0.645570,0.240506,4.955931e-01
0.658228,0.240506,5.067992e-01
0.670886,0.240506,5.174978e-01
0.683544,0.240506,5.277183e-01
0.696203,0.240506,5.374713e-01
0.708861,0.240506,5.467568e-01
0.721519,0.240506,5.555748e-01
0.734177,0.240506,5.639325e-01
0.746835,0.240506,5.719011e-01
0.759494,0.240506,5.794991e-01
0.772152,0.240506,5.867265e-01
0.784810,0.240506,5.935831e-01
0.797468,0.240506,6.000720e-01
0.810127,0.240506,6.062588e-01
0.822785,0.240506,6.121705e-01
0.835443,0.240506,6.178071e-01
0.848101,0.240506,6.231686e-01
0.860759,0.240506,6.282549e-01
0.873418,0.240506,6.331009e-01
0.886076,0.240506,6.377471e-01
0.898734,0.240506,6.421937e-01
0.911392,0.240506,6.464405e-01
0.924051,0.240506,6.504877e-01
0.936709,0.240506,6.543433e-01
0.949367,0.240506,6.580481e-01
0.962025,0.240506,6.616076e-01
0.974684,0.240506,6.650219e-01
0.987342,0.240506,6.682909e-01
1.000000,0.240506,6.714147e-01
0.000000,0.253165,0.000000e+00
0.012658,0.253165,3.357136e-03
0.025316,0.253165,6.885053e-03
0.037975,0.253165,1.058375e-02
0.050633,0.253165,1.445323e-02
0.063291,0.253165,1.849348e-02
0.075949,0.253165,2.270452e-02
0.088608,0.253165,2.708634e-02
0.101266,0.253165,3.163894e-02
0.113924,0.253165,3.639976e-02
0.126582,0.253165,4.142275e-02
0.139241,0.253165,4.670833e-02
0.151899,0.253165,5.225651e-02
0.164557,0.253165,5.806728e-02
0.177215,0.253165,6.414065e-02
0.189873,0.253165,7.048546e-02
0.202532,0.253165,7.718302e-02
0.215190,0.253165,8.425300e-02
0.227848,0.253165,9.169541e-02
0.240506,0.253165,9.951025e-02
0.253165,0.253165,1.076975e-01
0.265823,0.253165,1.162921e-01
0.278481,0.253165,1.253720e-01
0.291139,0.253165,1.349402e-01
0.303797,0.253165,1.449967e-01
0.316456,0.253165,1.555415e-01
0.329114,0.253165,1.665814e-01
0.341772,0.253165,1.781637e-01
0.354430,0.253165,1.902971e-01
0.367089,0.253165,2.029816e-01
0.379747,0.253165,2.162173e-01
0.392405,0.253165,2.299996e-01
0.405063,0.253165,2.442653e-01
0.417722,0.253165,2.589944e-01
0.430380,0.253165,2.741870e-01
0.443038,0.253165,2.898358e-01
0.455696,0.253165,3.057975e-01
0.468354,0.253165,3.220159e-01
0.481013,0.253165,3.384861e-01
0.493671,0.253165,3.550522e-01
0.506329,0.253165,3.716402e-01
0.518987,0.253165,3.882444e-01
0.531646,0.253165,4.046904e-01
0.544304,0.253165,4.208951e-01
0.556962,0.253165,4.368586e-01
0.569620,0.253165,4.525107e-01
0.582278,0.253165,4.677057e-01
0.594937,0.253165,4.824389e-01
0.607595,0.253165,4.967105e-01
0.620253,0.253165,5.104911e-01
0.632911,0.253165,5.237223e-01
0.645570,0.253165,5.364023e-01
0.658228,0.253165,5.485311e-01
0.670886,0.253165,5.601107e-01
0.683544,0.253165,5.711727e-01
0.696203,0.253165,5.817288e-01
0.708861,0.253165,5.917789e-01
0.721519,0.253165,6.013230e-01
0.734177,0.253165,6.103689e-01
0.746835,0.253165,6.189938e-01
0.759494,0.253165,6.272174e-01
0.772152,0.253165,6.350399e-01
0.784810,0.253165,6.424611e-01
0.797468,0.253165,6.494843e-01
0.810127,0.253165,6.561806e-01
0.822785,0.253165,6.625791e-01
0.835443,0.253165,6.686798e-01
0.848101,0.253165,6.744827e-01
0.860759,0.253165,6.799879e-01
0.873418,0.253165,6.852329e-01
0.886076,0.253165,6.902618e-01
0.898734,0.253165,6.950745e-01
0.911392,0.253165,6.996710e-01
0.924051,0.253165,7.040514e-01
0.936709,0.253165,7.082245e-01
0.949367,0.253165,7.122344e-01
0.962025,0.253165,7.160870e-01
0.974684,0.253165,7.197824e-01
0.987342,0.253165,7.233206e-01
1.000000,0.253165,7.267016e-01
0.000000,0.265823,0.000000e+00
0.012658,0.265823,3.624757e-03
0.025316,0.265823,7.433908e-03
0.037975,0.265823,1.142745e-02
0.050633,0.265823,1.560540e-02
0.063291,0.265823,1.996773e-02
0.075949,0.265823,2.451446e-02
0.088608,0.265823,2.924559e-02
0.101266,0.265823,3.416110e-02
0.113924,0.265823,3.930145e-02
0.126582,0.265823,4.472486e-02
0.139241,0.265823,5.043180e-02
0.151899,0.265823,5.642227e-02
0.164557,0.265823,6.269627e-02
0.177215,0.265823,6.925380e-02
0.189873,0.265823,7.610441e-02
0.202532,0.265823,8.333588e-02
0.215190,0.265823,9.096948e-02
0.227848,0.265823,9.900519e-02
0.240506,0.265823,1.074430e-01
0.253165,0.265823,1.162830e-01
0.265823,0.265823,1.255627e-01
0.278481,0.265823,1.353664e-01
0.291139,0.265823,1.456974e-01
0.303797,0.265823,1.565556e-01
0.316456,0.265823,1.679410e-01
0.329114,0.265823,1.798610e-01
0.341772,0.265823,1.923666e-01
0.354430,0.265823,2.054673e-01
0.367089,0.265823,2.191630e-01
0.379747,0.265823,2.334539e-01
0.392405,0.265823,2.483348e-01
0.405063,0.265823,2.637378e-01
0.417722,0.265823,2.796411e-01
0.430380,0.265823,2.960448e-01
0.443038,0.265823,3.129411e-01
0.455696,0.265823,3.301753e-01
0.468354,0.265823,3.476866e-01
0.481013,0.265823,3.654698e-01
0.493671,0.265823,3.833566e-01
0.506329,0.265823,4.012669e-01
0.518987,0.265823,4.191948e-01
0.531646,0.265823,4.369519e-01
0.544304,0.265823,4.544484e-01
0.556962,0.265823,4.716845e-01
0.569620,0.265823,4.885844e-01
0.582278,0.265823,5.049906e-01
0.594937,0.265823,5.208984e-01
0.607595,0.265823,5.363077e-01
0.620253,0.265823,5.511870e-01
0.632911,0.265823,5.654729e-01
0.645570,0.265823,5.791637e-01
0.658228,0.265823,5.922594e-01
0.670886,0.265823,6.047621e-01
0.683544,0.265823,6.167060e-01
0.696203,0.265823,6.281036e-01
0.708861,0.265823,6.389549e-01
0.721519,0.265823,6.492599e-01
0.734177,0.265823,6.590269e-01
0.746835,0.265823,6.683393e-01
0.759494,0.265823,6.772186e-01
0.772152,0.265823,6.856646e-01
0.784810,0.265823,6.936774e-01
0.797468,0.265823,7.012605e-01
0.810127,0.265823,7.084906e-01
0.822785,0.265823,7.153992e-01
0.835443,0.265823,7.219863e-01
0.848101,0.265823,7.282518e-01
0.860759,0.265823,7.341958e-01
0.873418,0.265823,7.398590e-01
0.886076,0.265823,7.452887e-01
0.898734,0.265823,7.504851e-01
0.911392,0.265823,7.554481e-01
0.924051,0.265823,7.601777e-01
0.936709,0.265823,7.646834e-01
0.949367,0.265823,7.690129e-01
0.962025,0.265823,7.731727e-01
0.974684,0.265823,7.771627e-01
0.987342,0.265823,7.809829e-01
1.000000,0.265823,7.846334e-01
0.000000,0.278481,0.000000e+00
0.012658,0.278481,3.907427e-03
0.025316,0.278481,8.013630e-03
0.037975,0.278481,1.231861e-02
0.050633,0.278481,1.682236e-02
0.063291,0.278481,2.152489e-02
0.075949,0.278481,2.642619e-02
0.088608,0.278481,3.152626e-02
0.101266,0.278481,3.682512e-02
0.113924,0.278481,4.236633e-02
0.126582,0.278481,4.821268e-02
0.139241,0.278481,5.436467e-02
0.151899,0.278481,6.082230e-02
0.164557,0.278481,6.758558e-02
0.177215,0.278481,7.465450e-02
0.189873,0.278481,8.203936e-02
0.202532,0.278481,8.983478e-02
0.215190,0.278481,9.806368e-02
0.227848,0.278481,1.067261e-01
0.240506,0.278481,1.158219e-01
0.253165,0.278481,1.253512e-01
0.265823,0.278481,1.353546e-01
0.278481,0.278481,1.459229e-01
0.291139,0.278481,1.570596e-01
0.303797,0.278481,1.687645e-01
0.316456,0.278481,1.810378e-01
0.329114,0.278481,1.938875e-01
0.341772,0.278481,2.073683e-01
0.354430,0.278481,2.214907e-01
0.367089,0.278481,2.362545e-01
0.379747,0.278481,2.516598e-01
0.392405,0.278481,2.677013e-01
0.405063,0.278481,2.843055e-01
0.417722,0.278481,3.014491e-01
0.430380,0.278481,3.191320e-01
0.443038,0.278481,3.373460e-01
0.455696,0.278481,3.559242e-01
0.468354,0.278481,3.748011e-01
0.481013,0.278481,3.939711e-01
0.493671,0.278481,4.132528e-01
0.506329,0.278481,4.325599e-01
0.518987,0.278481,4.518860e-01
0.531646,0.278481,4.710278e-01
0.544304,0.278481,4.898888e-01
0.556962,0.278481,5.084691e-01
0.569620,0.278481,5.266869e-01
0.582278,0.278481,5.443726e-01
0.594937,0.278481,5.615210e-01
0.607595,0.278481,5.781320e-01
0.620253,0.278481,5.941716e-01
0.632911,0.278481,6.095716e-01
0.645570,0.278481,6.243301e-01
0.658228,0.278481,6.384472e-01
0.670886,0.278481,6.519249e-01
0.683544,0.278481,6.648002e-01
0.696203,0.278481,6.770867e-01
0.708861,0.278481,6.887842e-01
0.721519,0.278481,6.998928e-01
0.734177,0.278481,7.104215e-01
0.746835,0.278481,7.204602e-01
0.759494,0.278481,7.300319e-01
0.772152,0.278481,7.391365e-01
0.784810,0.278481,7.477743e-01
0.797468,0.278481,7.559488e-01
0.810127,0.278481,7.637427e-01
0.822785,0.278481,7.711901e-01
0.835443,0.278481,7.782908e-01
0.848101,0.278481,7.850449e-01
0.860759,0.278481,7.914525e-01
0.873418,0.278481,7.975573e-01
0.886076,0.278481,8.034105e-01
0.898734,0.278481,8.090121e-01
0.911392,0.278481,8.143621e-01
0.924051,0.278481,8.194606e-01
0.936709,0.278481,8.243177e-01
0.949367,0.278481,8.289848e-01
0.962025,0.278481,8.334690e-01
0.974684,0.278481,8.377701e-01
0.987342,0.278481,8.418882e-01
1.000000,0.278481,8.458234e-01
0.000000,0.291139,0.000000e+00
0.012658,0.291139,4.205554e-03
0.025316,0.291139,8.625049e-03
0.037975,0.291139,1.325849e-02
0.050633,0.291139,1.810586e-02
0.063291,0.291139,2.316718e-02
0.075949,0.291139,2.844244e-02
0.088608,0.291139,3.393165e-02
0.101266,0.291139,3.963479e-02
0.113924,0.291139,4.559879e-02
0.126582,0.291139,5.189121e-02
0.139241,0.291139,5.851259e-02
0.151899,0.291139,6.546293e-02
0.164557,0.291139,7.274224e-02
0.177215,0.291139,8.035051e-02
0.189873,0.291139,8.829883e-02
0.202532,0.291139,9.668904e-02
0.215190,0.291139,1.055458e-01
0.227848,0.291139,1.148691e-01
0.240506,0.291139,1.246590e-01
0.253165,0.291139,1.349154e-01
0.265823,0.291139,1.456820e-01
0.278481,0.291139,1.570567e-01
0.291139,0.291139,1.690430e-01
0.303797,0.291139,1.816411e-01
0.316456,0.291139,1.948508e-01
0.329114,0.291139,2.086809e-01
0.341772,0.291139,2.231904e-01
0.354430,0.291139,2.383902e-01
0.367089,0.291139,2.542805e-01
0.379747,0.291139,2.708613e-01
0.392405,0.291139,2.881267e-01
0.405063,0.291139,3.059978e-01
0.417722,0.291139,3.244495e-01
0.430380,0.291139,3.434816e-01
0.443038,0.291139,3.630853e-01
0.455696,0.291139,3.830810e-01
0.468354,0.291139,4.033983e-01
0.481013,0.291139,4.240309e-01
0.493671,0.291139,4.447838e-01
0.506329,0.291139,4.655641e-01
0.518987,0.291139,4.863647e-01
0.531646,0.291139,5.069670e-01
0.544304,0.291139,5.272672e-01
0.556962,0.291139,5.472651e-01
0.569620,0.291139,5.668730e-01
0.582278,0.291139,5.859081e-01
0.594937,0.291139,6.043649e-01
0.607595,0.291139,6.222433e-01
0.620253,0.291139,6.395067e-01
0.632911,0.291139,6.560818e-01
0.645570,0.291139,6.719664e-01
0.658228,0.291139,6.871605e-01
0.670886,0.291139,7.016666e-01
0.683544,0.291139,7.155244e-01
0.696203,0.291139,7.287483e-01
0.708861,0.291139,7.413383e-01
0.721519,0.291139,7.532945e-01
0.734177,0.291139,7.646265e-01
0.746835,0.291139,7.754311e-01
0.759494,0.291139,7.857331e-01
0.772152,0.291139,7.955325e-01
0.784810,0.291139,8.048293e-01
0.797468,0.291139,8.136275e-01
0.810127,0.291139,8.220161e-01
0.822785,0.291139,8.300317e-01
0.835443,0.291139,8.376742e-01
0.848101,0.291139,8.449437e-01
0.860759,0.291139,8.518401e-01
0.873418,0.291139,8.584107e-01
0.886076,0.291139,8.647105e-01
0.898734,0.291139,8.707395e-01
0.911392,0.291139,8.764977e-01
0.924051,0.291139,8.819852e-01
0.936709,0.291139,8.872129e-01
0.949367,0.291139,8.922362e-01
0.962025,0.291139,8.970624e-01
0.974684,0.291139,9.016917e-01
0.987342,0.291139,9.061241e-01
1.000000,0.291139,9.103594e-01
0.000000,0.303797,0.000000e+00
0.012658,0.303797,4.519136e-03
0.025316,0.303797,9.268166e-03
0.037975,0.303797,1.424709e-02
0.050633,0.303797,1.945591e-02
0.063291,0.303797,2.489462e-02
0.075949,0.303797,3.056323e-02
0.088608,0.303797,3.646173e-02
0.101266,0.303797,4.259013e-02
0.113924,0.303797,4.899883e-02
0.126582,0.303797,5.576044e-02
0.139241,0.303797,6.287555e-02
0.151899,0.303797,7.034415e-02
0.164557,0.303797,7.816625e-02
0.177215,0.303797,8.634184e-02
0.189873,0.303797,9.488283e-02
0.202532,0.303797,1.038987e-01
0.215190,0.303797,1.134158e-01
0.227848,0.303797,1.234344e-01
0.240506,0.303797,1.339542e-01
0.253165,0.303797,1.449754e-01
0.265823,0.303797,1.565449e-01
0.278481,0.303797,1.687677e-01
0.291139,0.303797,1.816478e-01
0.303797,0.303797,1.951853e-01
0.316456,0.303797,2.093800e-01
0.329114,0.303797,2.242414e-01
0.341772,0.303797,2.398327e-01
0.354430,0.303797,2.561660e-01
0.367089,0.303797,2.732412e-01
0.379747,0.303797,2.910583e-01
0.392405,0.303797,3.096112e-01
0.405063,0.303797,3.288149e-01
0.417722,0.303797,3.486424e-01
0.430380,0.303797,3.690937e-01
0.443038,0.303797,3.901592e-01
0.455696,0.303797,4.116459e-01
0.468354,0.303797,4.334781e-01
0.481013,0.303797,4.556493e-01
0.493671,0.303797,4.779497e-01
0.506329,0.303797,5.002794e-01
0.518987,0.303797,5.226311e-01
0.531646,0.303797,5.447697e-01
0.544304,0.303797,5.665835e-01
0.556962,0.303797,5.880726e-01
0.569620,0.303797,6.091426e-01
0.582278,0.303797,6.295971e-01
0.594937,0.303797,6.494302e-01
0.607595,0.303797,6.686417e-01
0.620253,0.303797,6.871924e-01
0.632911,0.303797,7.050034e-01
0.645570,0.303797,7.220725e-01
0.658228,0.303797,7.383996e-01
0.670886,0.303797,7.539873e-01
0.683544,0.303797,7.688784e-01
0.696203,0.303797,7.830884e-01
0.708861,0.303797,7.966172e-01
0.721519,0.303797,8.094649e-01
0.734177,0.303797,8.216419e-01
0.746835,0.303797,8.332522e-01
0.759494,0.303797,8.443224e-01
0.772152,0.303797,8.548524e-01
0.784810,0.303797,8.648425e-01
0.797468,0.303797,8.742967e-01
0.810127,0.303797,8.833108e-01
0.822785,0.303797,8.919241e-01
0.835443,0.303797,9.001365e-01
0.848101,0.303797,9.079480e-01
0.860759,0.303797,9.153587e-01
0.873418,0.303797,9.224193e-01
0.886076,0.303797,9.291888e-01
0.898734,0.303797,9.356673e-01
0.911392,0.303797,9.418549e-01
0.924051,0.303797,9.477516e-01
0.936709,0.303797,9.533691e-01
0.949367,0.303797,9.587669e-01
0.962025,0.303797,9.639530e-01
0.974684,0.303797,9.689275e-01
0.987342,0.303797,9.736903e-01
1.000000,0.303797,9.782415e-01
0.000000,0.316456,0.000000e+00
0.012658,0.316456,4.848173e-03
0.025316,0.316456,9.942980e-03
0.037975,0.316456,1.528442e-02
0.050633,0.316456,2.087250e-02
0.063291,0.316456,2.670721e-02
0.075949,0.316456,3.278855e-02
0.088608,0.316456,3.911653e-02
0.101266,0.316456,4.569114e-02
0.113924,0.316456,5.256646e-02
0.126582,0.316456,5.982039e-02
0.139241,0.316456,6.745356e-02
0.151899,0.316456,7.546596e-02
0.164557,0.316456,8.385760e-02
0.177215,0.316456,9.262847e-02
0.189873,0.316456,1.017913e-01
0.202532,0.316456,1.114636e-01
0.215190,0.316456,1.216738e-01
0.227848,0.316456,1.324218e-01
0.240506,0.316456,1.437076e-01
0.253165,0.316456,1.555313e-01
0.265823,0.316456,1.679431e-01
0.278481,0.316456,1.810559e-01
0.291139,0.316456,1.948739e-01
0.303797,0.316456,2.093970e-01
0.316456,0.316456,2.246253e-01
0.329114,0.316456,2.405688e-01
0.341772,0.316456,2.572954e-01
0.354430,0.316456,2.748179e-01
0.367089,0.316456,2.931364e-01
0.379747,0.316456,3.122508e-01
0.392405,0.316456,3.321546e-01
0.405063,0.316456,3.527565e-01
0.417722,0.316456,3.740277e-01
0.430380,0.316456,3.959682e-01
0.443038,0.316456,4.185675e-01
0.455696,0.316456,4.416187e-01
0.468354,0.316456,4.650407e-01
0.481013,0.316456,4.888262e-01
0.493671,0.316456,5.127503e-01
0.506329,0.316456,5.367060e-01
0.518987,0.316456,5.606851e-01
0.531646,0.316456,5.844357e-01
0.544304,0.316456,6.078378e-01
0.556962,0.316456,6.308916e-01
0.569620,0.316456,6.534958e-01
0.582278,0.316456,6.754396e-01
0.594937,0.316456,6.967168e-01
0.607595,0.316456,7.173272e-01
0.620253,0.316456,7.372286e-01
0.632911,0.316456,7.563365e-01
0.645570,0.316456,7.746484e-01
0.658228,0.316456,7.921643e-01
0.670886,0.316456,8.088870e-01
0.683544,0.316456,8.248624e-01
0.696203,0.316456,8.401070e-01
0.708861,0.316456,8.546209e-01
0.721519,0.316456,8.684041e-01
0.734177,0.316456,8.814678e-01
0.746835,0.316456,8.939234e-01
0.759494,0.316456,9.057996e-01
0.772152,0.316456,9.170964e-01
0.784810,0.316456,9.278138e-01
0.797468,0.316456,9.379564e-01
0.810127,0.316456,9.476269e-01
0.822785,0.316456,9.568673e-01
0.835443,0.316456,9.656776e-01
0.848101,0.316456,9.740580e-01
0.860759,0.316456,9.820082e-01
0.873418,0.316456,9.895829e-01
0.886076,0.316456,9.968453e-01
0.898734,0.316456,1.003796e+00
0.911392,0.316456,1.010434e+00
0.924051,0.316456,1.016760e+00
0.936709,0.316456,1.022786e+00
0.949367,0.316456,1.028577e+00
0.962025,0.316456,1.034141e+00
0.974684,0.316456,1.039477e+00
0.987342,0.316456,1.044587e+00
1.000000,0.316456,1.049470e+00
0.000000,0.329114,0.000000e+00
0.012658,0.329114,5.192666e-03
0.025316,0.329114,1.064949e-02
0.037975,0.329114,1.637048e-02
0.050633,0.329114,2.235562e-02
0.063291,0.329114,2.860493e-02
0.075949,0.329114,3.511840e-02
0.088608,0.329114,4.189602e-02
0.101266,0.329114,4.893781e-02
0.113924,0.329114,5.630167e-02
0.126582,0.329114,6.407105e-02
0.139241,0.329114,7.224662e-02
0.151899,0.329114,8.082837e-02
0.164557,0.329114,8.981630e-02
0.177215,0.329114,9.921041e-02
0.189873,0.329114,1.090244e-01
0.202532,0.329114,1.193840e-01
0.215190,0.329114,1.303196e-01
0.227848,0.329114,1.418314e-01
0.240506,0.329114,1.539191e-01
0.253165,0.329114,1.665830e-01
0.265823,0.329114,1.798768e-01
0.278481,0.329114,1.939214e-01
0.291139,0.329114,2.087212e-01
0.303797,0.329114,2.242764e-01
0.316456,0.329114,2.405868e-01
0.329114,0.329114,2.576632e-01
0.341772,0.329114,2.755783e-01
0.354430,0.329114,2.943460e-01
0.367089,0.329114,3.139662e-01
0.379747,0.329114,3.344389e-01
0.392405,0.329114,3.557570e-01
0.405063,0.329114,3.778229e-01
0.417722,0.329114,4.006056e-01
0.430380,0.329114,4.241051e-01
0.443038,0.329114,4.483104e-01
0.455696,0.329114,4.729996e-01
0.468354,0.329114,4.980859e-01
0.481013,0.329114,5.235616e-01
0.493671,0.329114,5.491857e-01
0.506329,0.329114,5.748437e-01
0.518987,0.329114,6.005268e-01
0.531646,0.329114,6.259650e-01
0.544304,0.329114,6.510301e-01
0.556962,0.329114,6.757221e-01
0.569620,0.329114,6.999325e-01
0.582278,0.329114,7.234357e-01
0.594937,0.329114,7.462248e-01
0.607595,0.329114,7.682997e-01
0.620253,0.329114,7.896153e-01
0.632911,0.329114,8.100810e-01
0.645570,0.329114,8.296941e-01
0.658228,0.329114,8.484547e-01
0.670886,0.329114,8.663657e-01
0.683544,0.329114,8.834763e-01
0.696203,0.329114,8.998042e-01
0.708861,0.329114,9.153494e-01
0.721519,0.329114,9.301120e-01
0.734177,0.329114,9.441040e-01
0.746835,0.329114,9.574447e-01
0.759494,0.329114,9.701648e-01
0.772152,0.329114,9.822643e-01
0.784810,0.329114,9.937433e-01
0.797468,0.329114,1.004607e+00
0.810127,0.329114,1.014964e+00
0.822785,0.329114,1.024861e+00
0.835443,0.329114,1.034298e+00
0.848101,0.329114,1.043273e+00
0.860759,0.329114,1.051789e+00
0.873418,0.329114,1.059902e+00
0.886076,0.329114,1.067680e+00
0.898734,0.329114,1.075124e+00
0.911392,0.329114,1.082234e+00
0.924051,0.329114,1.089010e+00
0.936709,0.329114,1.095464e+00
0.949367,0.329114,1.101667e+00
0.962025,0.329114,1.107626e+00
0.974684,0.329114,1.113342e+00
0.987342,0.329114,1.118814e+00
1.000000,0.329114,1.124044e+00
0.000000,0.341772,0.000000e+00
0.012658,0.341772,5.553428e-03
0.025316,0.341772,1.138937e-02
0.037975,0.341772,1.750782e-02
0.050633,0.341772,2.390879e-02
0.063291,0.341772,3.059228e-02
0.075949,0.341772,3.755827e-02
0.088608,0.341772,4.480678e-02
0.101266,0.341772,5.233780e-02
0.113924,0.341772,6.021329e-02
0.126582,0.341772,6.852246e-02
0.139241,0.341772,7.726604e-02
0.151899,0.341772,8.644402e-02
0.164557,0.341772,9.605641e-02
0.177215,0.341772,1.061032e-01
0.189873,0.341772,1.165990e-01
0.202532,0.341772,1.276784e-01
0.215190,0.341772,1.393738e-01
0.227848,0.341772,1.516854e-01
0.240506,0.341772,1.646130e-01
0.253165,0.341772,1.781567e-01
0.265823,0.341772,1.923741e-01
0.278481,0.341772,2.073945e-01
0.291139,0.341772,2.232226e-01
0.303797,0.341772,2.398585e-01
0.316456,0.341772,2.573021e-01
0.329114,0.341772,2.755649e-01
0.341772,0.341772,2.947248e-01
0.354430,0.341772,3.147964e-01
0.367089,0.341772,3.357798e-01
0.379747,0.341772,3.576749e-01
0.392405,0.341772,3.804741e-01
0.405063,0.341772,4.040732e-01
0.417722,0.341772,4.284388e-01
0.430380,0.341772,4.535710e-01
0.443038,0.341772,4.794580e-01
0.455696,0.341772,5.058626e-01
0.468354,0.341772,5.326919e-01
0.481013,0.341772,5.599375e-01
0.493671,0.341772,5.873420e-01
0.506329,0.341772,6.147826e-01
0.518987,0.341772,6.422501e-01
0.531646,0.341772,6.694558e-01
0.544304,0.341772,6.962624e-01
0.556962,0.341772,7.226700e-01
0.569620,0.341772,7.485624e-01
0.582278,0.341772,7.736986e-01
0.594937,0.341772,7.980710e-01
0.607595,0.341772,8.216798e-01
0.620253,0.341772,8.444763e-01
0.632911,0.341772,8.663639e-01
0.645570,0.341772,8.873397e-01
0.658228,0.341772,9.074038e-01
0.670886,0.341772,9.265592e-01
0.683544,0.341772,9.448586e-01
0.696203,0.341772,9.623209e-01
0.708861,0.341772,9.789462e-01
0.721519,0.341772,9.947344e-01
0.734177,0.341772,1.009699e+00
0.746835,0.341772,1.023966e+00
0.759494,0.341772,1.037570e+00
0.772152,0.341772,1.050510e+00
0.784810,0.341772,1.062787e+00
0.797468,0.341772,1.074405e+00
0.810127,0.341772,1.085482e+00
0.822785,0.341772,1.096067e+00
0.835443,0.341772,1.106159e+00
0.848101,0.341772,1.115758e+00
0.860759,0.341772,1.124865e+00
0.873418,0.341772,1.133542e+00
0.886076,0.341772,1.141860e+00
0.898734,0.341772,1.149822e+00
0.911392,0.341772,1.157426e+00
0.924051,0.341772,1.164672e+00
0.936709,0.341772,1.171575e+00
0.949367,0.341772,1.178208e+00
0.962025,0.341772,1.184581e+00
0.974684,0.341772,1.190694e+00
0.987342,0.341772,1.196547e+00
1.000000,0.341772,1.202140e+00
0.000000,0.354430,0.000000e+00
0.012658,0.354430,5.931358e-03
0.025316,0.354430,1.216446e-02
0.037975,0.354430,1.869930e-02
0.050633,0.354430,2.553588e-02
0.063291,0.354430,3.267421e-02
0.075949,0.354430,4.011427e-02
0.088608,0.354430,4.785608e-02
0.101266,0.354430,5.589962e-02
0.113924,0.354430,6.431107e-02
0.126582,0.354430,7.318573e-02
0.139241,0.354430,8.252436e-02
0.151899,0.354430,9.232696e-02
0.164557,0.354430,1.025935e-01
0.177215,0.354430,1.133241e-01
0.189873,0.354430,1.245342e-01
0.202532,0.354430,1.363676e-01
0.215190,0.354430,1.488590e-01
0.227848,0.354430,1.620084e-01
0.240506,0.354430,1.758158e-01
0.253165,0.354430,1.902812e-01
0.265823,0.354430,2.054663e-01
0.278481,0.354430,2.215089e-01
0.291139,0.354430,2.384142e-01
0.303797,0.354430,2.561822e-01
0.316456,0.354430,2.748130e-01
0.329114,0.354430,2.943187e-01
0.341772,0.354430,3.147826e-01
0.354430,0.354430,3.362202e-01
0.367089,0.354430,3.586316e-01
0.379747,0.354430,3.820169e-01
0.392405,0.354430,4.063678e-01
0.405063,0.354430,4.315729e-01
0.417722,0.354430,4.575968e-01
0.430380,0.354430,4.844394e-01
0.443038,0.354430,5.120882e-01
0.455696,0.354430,5.402899e-01
0.468354,0.354430,5.689450e-01
0.481013,0.354430,5.980450e-01
0.493671,0.354430,6.273145e-01
0.506329,0.354430,6.566227e-01
0.518987,0.354430,6.859596e-01
0.531646,0.354430,7.150168e-01
0.544304,0.354430,7.436478e-01
0.556962,0.354430,7.718526e-01
0.569620,0.354430,7.995072e-01
0.582278,0.354430,8.263540e-01
0.594937,0.354430,8.523852e-01
0.607595,0.354430,8.776007e-01
0.620253,0.354430,9.019487e-01
0.632911,0.354430,9.253259e-01
0.645570,0.354430,9.477292e-01
0.658228,0.354430,9.691588e-01
0.670886,0.354430,9.896179e-01
0.683544,0.354430,1.009163e+00
0.696203,0.354430,1.027813e+00
0.708861,0.354430,1.045570e+00
0.721519,0.354430,1.062433e+00
0.734177,0.354430,1.078415e+00
0.746835,0.354430,1.093654e+00
0.759494,0.354430,1.108184e+00
0.772152,0.354430,1.122005e+00
0.784810,0.354430,1.135117e+00
0.797468,0.354430,1.147525e+00
0.810127,0.354430,1.159356e+00
0.822785,0.354430,1.170661e+00
0.835443,0.354430,1.181440e+00
0.848101,0.354430,1.191693e+00
0.860759,0.354430,1.201420e+00
0.873418,0.354430,1.210687e+00
0.886076,0.354430,1.219572e+00
0.898734,0.354430,1.228075e+00
0.911392,0.354430,1.236196e+00
0.924051,0.354430,1.243936e+00
0.936709,0.354430,1.251309e+00
0.949367,0.354430,1.258393e+00
0.962025,0.354430,1.265200e+00
0.974684,0.354430,1.271729e+00
0.987342,0.354430,1.277981e+00
1.000000,0.354430,1.283954e+00
0.000000,0.367089,0.000000e+00
0.012658,0.367089,6.326459e-03
0.025316,0.367089,1.297476e-02
0.037975,0.367089,1.994490e-02
0.050633,0.367089,2.723689e-02
0.063291,0.367089,3.485072e-02
0.075949,0.367089,4.278640e-02
0.088608,0.367089,5.104391e-02
0.101266,0.367089,5.962327e-02
0.113924,0.367089,6.859504e-02
0.126582,0.367089,7.806088e-02
0.139241,0.367089,8.802159e-02
0.151899,0.367089,9.847718e-02
0.164557,0.367089,1.094277e-01
0.177215,0.367089,1.208730e-01
0.189873,0.367089,1.328299e-01
0.202532,0.367089,1.454516e-01
0.215190,0.367089,1.587751e-01
0.227848,0.367089,1.728004e-01
0.240506,0.367089,1.875276e-01
0.253165,0.367089,2.029567e-01
0.265823,0.367089,2.191532e-01
0.278481,0.367089,2.362645e-01
0.291139,0.367089,2.542960e-01
0.303797,0.367089,2.732477e-01
0.316456,0.367089,2.931196e-01
0.329114,0.367089,3.139247e-01
0.341772,0.367089,3.357517e-01
0.354430,0.367089,3.586174e-01
0.367089,0.367089,3.825218e-01
0.379747,0.367089,4.074649e-01
0.392405,0.367089,4.334379e-01
0.405063,0.367089,4.603222e-01
0.417722,0.367089,4.880797e-01
0.430380,0.367089,5.167105e-01
0.443038,0.367089,5.462011e-01
0.455696,0.367089,5.762814e-01
0.468354,0.367089,6.068455e-01
0.481013,0.367089,6.378840e-01
0.493671,0.367089,6.691033e-01
0.506329,0.367089,7.003639e-01
0.518987,0.367089,7.316551e-01
0.531646,0.367089,7.626480e-01
0.544304,0.367089,7.931862e-01
0.556962,0.367089,8.232699e-01
0.569620,0.367089,8.527668e-01
0.582278,0.367089,8.814021e-01
0.594937,0.367089,9.091674e-01
0.607595,0.367089,9.360626e-01
0.620253,0.367089,9.620326e-01
0.632911,0.367089,9.869670e-01
0.645570,0.367089,1.010863e+00
0.658228,0.367089,1.033720e+00
0.670886,0.367089,1.055542e+00
0.683544,0.367089,1.076389e+00
0.696203,0.367089,1.096282e+00
0.708861,0.367089,1.115221e+00
0.721519,0.367089,1.133208e+00
0.734177,0.367089,1.150255e+00
0.746835,0.367089,1.166508e+00
0.759494,0.367089,1.182006e+00
0.772152,0.367089,1.196748e+00
0.784810,0.367089,1.210733e+00
0.797468,0.367089,1.223968e+00
0.810127,0.367089,1.236588e+00
0.822785,0.367089,1.248646e+00
0.835443,0.367089,1.260143e+00
0.848101,0.367089,1.271078e+00
0.860759,0.367089,1.281453e+00
0.873418,0.367089,1.291337e+00
0.886076,0.367089,1.300814e+00
0.898734,0.367089,1.309884e+00
0.911392,0.367089,1.318546e+00
0.924051,0.367089,1.326801e+00
0.936709,0.367089,1.334665e+00
0.949367,0.367089,1.342222e+00
0.962025,0.367089,1.349482e+00
0.974684,0.367089,1.356446e+00
0.987342,0.367089,1.363114e+00
1.000000,0.367089,1.369485e+00
0.000000,0.379747,0.000000e+00
0.012658,0.379747,6.738729e-03
0.025316,0.379747,1.382028e-02
0.037975,0.379747,2.124464e-02
0.050633,0.379747,2.901183e-02
0.063291,0.379747,3.712183e-02
0.075949,0.379747,4.557465e-02
0.088608,0.379747,5.437029e-02
0.101266,0.379747,6.350874e-02
0.113924,0.379747,7.306518e-02
0.126582,0.379747,8.314789e-02
0.139241,0.379747,9.375773e-02
0.151899,0.379747,1.048947e-01
0.164557,0.379747,1.165588e-01
0.177215,0.379747,1.287500e-01
0.189873,0.379747,1.414861e-01
0.202532,0.379747,1.549303e-01
0.215190,0.379747,1.691221e-01
0.227848,0.379747,1.840615e-01
0.240506,0.379747,1.997485e-01
0.253165,0.379747,2.161830e-01
0.265823,0.379747,2.334351e-01
0.278481,0.379747,2.516615e-01
0.291139,0.379747,2.708681e-01
0.303797,0.379747,2.910548e-01
0.316456,0.379747,3.122218e-01
0.329114,0.379747,3.343827e-01
0.341772,0.379747,3.576322e-01
0.354430,0.379747,3.819881e-01
0.367089,0.379747,4.074503e-01
0.379747,0.379747,4.340189e-01
0.392405,0.379747,4.616847e-01
0.405063,0.379747,4.903209e-01
0.417722,0.379747,5.198874e-01
0.430380,0.379747,5.503841e-01
0.443038,0.379747,5.817966e-01
0.455696,0.379747,6.138373e-01
0.468354,0.379747,6.463932e-01
0.481013,0.379747,6.794545e-01
0.493671,0.379747,7.127084e-01
0.506329,0.379747,7.460062e-01
0.518987,0.379747,7.793367e-01
0.531646,0.379747,8.123494e-01
0.544304,0.379747,8.448779e-01
0.556962,0.379747,8.769221e-01
0.569620,0.379747,9.083413e-01
0.582278,0.379747,9.388428e-01
0.594937,0.379747,9.684175e-01
0.607595,0.379747,9.970655e-01
0.620253,0.379747,1.024728e+00
0.632911,0.379747,1.051287e+00
0.645570,0.379747,1.076740e+00
0.658228,0.379747,1.101087e+00
0.670886,0.379747,1.124331e+00
0.683544,0.379747,1.146537e+00
0.696203,0.379747,1.167726e+00
0.708861,0.379747,1.187900e+00
0.721519,0.379747,1.207058e+00
0.734177,0.379747,1.225216e+00
0.746835,0.379747,1.242529e+00
0.759494,0.379747,1.259037e+00
0.772152,0.379747,1.274739e+00
0.784810,0.379747,1.289636e+00
0.797468,0.379747,1.303734e+00
0.810127,0.379747,1.317176e+00
0.822785,0.379747,1.330019e+00
0.835443,0.379747,1.342266e+00
0.848101,0.379747,1.353914e+00
0.860759,0.379747,1.364965e+00
0.873418,0.379747,1.375493e+00
0.886076,0.379747,1.385588e+00
0.898734,0.379747,1.395248e+00
0.911392,0.379747,1.404475e+00
0.924051,0.379747,1.413268e+00
0.936709,0.379747,1.421645e+00
0.949367,0.379747,1.429694e+00
0.962025,0.379747,1.437428e+00
0.974684,0.379747,1.444845e+00
0.987342,0.379747,1.451948e+00
1.000000,0.379747,1.458734e+00
0.000000,0.392405,0.000000e+00
0.012658,0.392405,7.168169e-03
0.025316,0.392405,1.470100e-02
0.037975,0.392405,2.259851e-02
0.050633,0.392405,3.086068e-02
0.063291,0.392405,3.948752e-02
0.075949,0.392405,4.847903e-02
0.088608,0.392405,5.783520e-02
0.101266,0.392405,6.755604e-02
0.113924,0.392405,7.772151e-02
0.126582,0.392405,8.844678e-02
0.139241,0.392405,9.973278e-02
0.151899,0.392405,1.115795e-01
0.164557,0.392405,1.239870e-01
0.177215,0.392405,1.369551e-01
0.189873,0.392405,1.505029e-01
0.202532,0.392405,1.648039e-01
0.215190,0.392405,1.799002e-01
0.227848,0.392405,1.957916e-01
0.240506,0.392405,2.124783e-01
0.253165,0.392405,2.299602e-01
0.265823,0.392405,2.483118e-01
0.278481,0.392405,2.676998e-01
0.291139,0.392405,2.881304e-01
0.303797,0.392405,3.096037e-01
0.316456,0.392405,3.321196e-01
0.329114,0.392405,3.556929e-01
0.341772,0.392405,3.804241e-01
0.354430,0.392405,4.063322e-01
0.367089,0.392405,4.334172e-01
0.379747,0.392405,4.616790e-01
0.392405,0.392405,4.911079e-01
0.405063,0.392405,5.215692e-01
0.417722,0.392405,5.530200e-01
0.430380,0.392405,5.854603e-01
0.443038,0.392405,6.188748e-01
0.455696,0.392405,6.529575e-01
0.468354,0.392405,6.875883e-01
0.481013,0.392405,7.227566e-01
0.493671,0.392405,7.581298e-01
0.506329,0.392405,7.935497e-01
0.518987,0.392405,8.290044e-01
0.531646,0.392405,8.641210e-01
0.544304,0.392405,8.987226e-01
0.556962,0.392405,9.328091e-01
0.569620,0.392405,9.662307e-01
0.582278,0.392405,9.986761e-01
0.594937,0.392405,1.030136e+00
0.607595,0.392405,1.060609e+00
0.620253,0.392405,1.090035e+00
0.632911,0.392405,1.118287e+00
0.645570,0.392405,1.145362e+00
0.658228,0.392405,1.171261e+00
0.670886,0.392405,1.195986e+00
0.683544,0.392405,1.219606e+00
0.696203,0.392405,1.242146e+00
0.708861,0.392405,1.263606e+00
0.721519,0.392405,1.283985e+00
0.734177,0.392405,1.303301e+00
0.746835,0.392405,1.321717e+00
0.759494,0.392405,1.339276e+00
0.772152,0.392405,1.355979e+00
0.784810,0.392405,1.371826e+00
0.797468,0.392405,1.386822e+00
0.810127,0.392405,1.401120e+00
0.822785,0.392405,1.414783e+00
0.835443,0.392405,1.427809e+00
0.848101,0.392405,1.440200e+00
0.860759,0.392405,1.451955e+00
0.873418,0.392405,1.463155e+00
0.886076,0.392405,1.473892e+00
0.898734,0.392405,1.484169e+00
0.911392,0.392405,1.493984e+00
0.924051,0.392405,1.503337e+00
0.936709,0.392405,1.512248e+00
0.949367,0.392405,1.520810e+00
0.962025,0.392405,1.529036e+00
0.974684,0.392405,1.536927e+00
0.987342,0.392405,1.544482e+00
1.000000,0.392405,1.551701e+00
0.000000,0.405063,0.000000e+00
0.012658,0.405063,7.613682e-03
0.025316,0.405063,1.561470e-02
0.037975,0.405063,2.400305e-02
0.050633,0.405063,3.277874e-02
0.063291,0.405063,4.194176e-02
0.075949,0.405063,5.149211e-02
0.088608,0.405063,6.142980e-02
0.101266,0.405063,7.175483e-02
0.113924,0.405063,8.255212e-02
0.126582,0.405063,9.394401e-02
0.139241,0.405063,1.059315e-01
0.151899,0.405063,1.185145e-01
0.164557,0.405063,1.316932e-01
0.177215,0.405063,1.454674e-01
0.189873,0.405063,1.598572e-01
0.202532,0.405063,1.750471e-01
0.215190,0.405063,1.910816e-01
0.227848,0.405063,2.079608e-01
0.240506,0.405063,2.256846e-01
0.253165,0.405063,2.442532e-01
0.265823,0.405063,2.637454e-01
0.278481,0.405063,2.843384e-01
0.291139,0.405063,3.060389e-01
0.303797,0.405063,3.288468e-01
0.316456,0.405063,3.527622e-01
0.329114,0.405063,3.778007e-01
0.341772,0.405063,4.040691e-01
0.354430,0.405063,4.315875e-01
0.367089,0.405063,4.603560e-01
0.379747,0.405063,4.903745e-01
0.392405,0.405063,5.216325e-01
0.405063,0.405063,5.539872e-01
0.417722,0.405063,5.873928e-01
0.430380,0.405063,6.218495e-01
0.443038,0.405063,6.573409e-01
0.455696,0.405063,6.935420e-01
0.468354,0.405063,7.303253e-01
0.481013,0.405063,7.676795e-01
0.493671,0.405063,8.052514e-01
0.506329,0.405063,8.428729e-01
0.518987,0.405063,8.805313e-01
0.531646,0.405063,9.178306e-01
0.544304,0.405063,9.545829e-01
0.556962,0.405063,9.907881e-01
0.569620,0.405063,1.026287e+00
0.582278,0.405063,1.060749e+00
0.594937,0.405063,1.094164e+00
0.607595,0.405063,1.126532e+00
0.620253,0.405063,1.157786e+00
0.632911,0.405063,1.187794e+00
0.645570,0.405063,1.216553e+00
0.658228,0.405063,1.244061e+00
0.670886,0.405063,1.270323e+00
0.683544,0.405063,1.295411e+00
0.696203,0.405063,1.319352e+00
0.708861,0.405063,1.342146e+00
0.721519,0.405063,1.363792e+00
0.734177,0.405063,1.384308e+00
0.746835,0.405063,1.403869e+00
0.759494,0.405063,1.422520e+00
0.772152,0.405063,1.440261e+00
0.784810,0.405063,1.457092e+00
0.797468,0.405063,1.473020e+00
0.810127,0.405063,1.488207e+00
0.822785,0.405063,1.502719e+00
0.835443,0.405063,1.516555e+00
0.848101,0.405063,1.529716e+00
0.860759,0.405063,1.542202e+00
0.873418,0.405063,1.554097e+00
0.886076,0.405063,1.565503e+00
0.898734,0.405063,1.576418e+00
0.911392,0.405063,1.586842e+00
0.924051,0.405063,1.596777e+00
0.936709,0.405063,1.606242e+00
0.949367,0.405063,1.615336e+00
0.962025,0.405063,1.624074e+00
0.974684,0.405063,1.632455e+00
0.987342,0.405063,1.640479e+00
1.000000,0.405063,1.648147e+00
0.000000,0.417722,0.000000e+00
0.012658,0.417722,8.072973e-03
0.025316,0.417722,1.655665e-02
0.037975,0.417722,2.545103e-02
0.050633,0.417722,3.475611e-02
0.063291,0.417722,4.447190e-02
0.075949,0.417722,5.459839e-02
0.088608,0.417722,6.513558e-02
0.101266,0.417722,7.608348e-02
0.113924,0.417722,8.753213e-02
0.126582,0.417722,9.961125e-02
0.139241,0.417722,1.123219e-01
0.151899,0.417722,1.256640e-01
0.164557,0.417722,1.396377e-01
0.177215,0.417722,1.542429e-01
0.189873,0.417722,1.695008e-01
0.202532,0.417722,1.856070e-01
0.215190,0.417722,2.026089e-01
0.227848,0.417722,2.205064e-01
0.240506,0.417722,2.392994e-01
0.253165,0.417722,2.589881e-01
0.265823,0.417722,2.796563e-01
0.278481,0.417722,3.014916e-01
0.291139,0.417722,3.245013e-01
0.303797,0.417722,3.486851e-01
0.316456,0.417722,3.740433e-01
0.329114,0.417722,4.005923e-01
0.341772,0.417722,4.284454e-01
0.354430,0.417722,4.576239e-01
0.367089,0.417722,4.881279e-01
0.379747,0.417722,5.199574e-01
0.392405,0.417722,5.531012e-01
0.405063,0.417722,5.874078e-01
0.417722,0.417722,6.228287e-01
0.430380,0.417722,6.593641e-01
0.443038,0.417722,6.969967e-01
0.455696,0.417722,7.353817e-01
0.468354,0.417722,7.743841e-01
0.481013,0.417722,8.139918e-01
0.493671,0.417722,8.538304e-01
0.506329,0.417722,8.937215e-01
0.518987,0.417722,9.336518e-01
0.531646,0.417722,9.732013e-01
0.544304,0.417722,1.012171e+00
0.556962,0.417722,1.050560e+00
0.569620,0.417722,1.088201e+00
0.582278,0.417722,1.124742e+00
0.594937,0.417722,1.160173e+00
0.607595,0.417722,1.194493e+00
0.620253,0.417722,1.227633e+00
0.632911,0.417722,1.259452e+00
0.645570,0.417722,1.289945e+00
0.658228,0.417722,1.319112e+00
0.670886,0.417722,1.346959e+00
0.683544,0.417722,1.373561e+00
0.696203,0.417722,1.398946e+00
0.708861,0.417722,1.423115e+00
0.721519,0.417722,1.446066e+00
0.734177,0.417722,1.467820e+00
0.746835,0.417722,1.488561e+00
0.759494,0.417722,1.508337e+00
0.772152,0.417722,1.527149e+00
0.784810,0.417722,1.544995e+00
0.797468,0.417722,1.561884e+00
0.810127,0.417722,1.577988e+00
0.822785,0.417722,1.593375e+00
0.835443,0.417722,1.608046e+00
0.848101,0.417722,1.622001e+00
0.860759,0.417722,1.635239e+00
0.873418,0.417722,1.647853e+00
0.886076,0.417722,1.659946e+00
0.898734,0.417722,1.671519e+00
0.911392,0.417722,1.682573e+00
0.924051,0.417722,1.693107e+00
0.936709,0.417722,1.703143e+00
0.949367,0.417722,1.712786e+00
0.962025,0.417722,1.722050e+00
0.974684,0.417722,1.730937e+00
0.987342,0.417722,1.739446e+00
1.000000,0.417722,1.747576e+00
0.000000,0.430380,0.000000e+00
0.012658,0.430380,8.545972e-03
0.025316,0.430380,1.752671e-02
0.037975,0.430380,2.694222e-02
0.050633,0.430380,3.679250e-02
0.063291,0.430380,4.707755e-02
0.075949,0.430380,5.779736e-02
0.088608,0.430380,6.895195e-02
0.101266,0.430380,8.054130e-02
0.113924,0.430380,9.266075e-02
0.126582,0.430380,1.054476e-01
0.139241,0.430380,1.189030e-01
0.151899,0.430380,1.330269e-01
0.164557,0.430380,1.478193e-01
0.177215,0.430380,1.632802e-01
0.189873,0.430380,1.794322e-01
0.202532,0.430380,1.964821e-01
0.215190,0.430380,2.144802e-01
0.227848,0.430380,2.334263e-01
0.240506,0.430380,2.533205e-01
0.253165,0.430380,2.741628e-01
0.265823,0.430380,2.960420e-01
0.278481,0.430380,3.191567e-01
0.291139,0.430380,3.435146e-01
0.303797,0.430380,3.691155e-01
0.316456,0.430380,3.959594e-01
0.329114,0.430380,4.240640e-01
0.341772,0.430380,4.535491e-01
0.354430,0.430380,4.844373e-01
0.367089,0.430380,5.167287e-01
0.379747,0.430380,5.504231e-01
0.392405,0.430380,5.855090e-01
0.405063,0.430380,6.218257e-01
0.417722,0.430380,6.593221e-01
0.430380,0.430380,6.979982e-01
0.443038,0.430380,7.378359e-01
0.455696,0.430380,7.784701e-01
0.468354,0.430380,8.197577e-01
0.481013,0.430380,8.616862e-01
0.493671,0.430380,9.038591e-01
0.506329,0.430380,9.460876e-01
0.518987,0.430380,9.883575e-01
0.531646,0.430380,1.030224e+00
0.544304,0.430380,1.071477e+00
0.556962,0.430380,1.112116e+00
0.569620,0.430380,1.151962e+00
0.582278,0.430380,1.190644e+00
0.594937,0.430380,1.228151e+00
0.607595,0.430380,1.264483e+00
0.620253,0.430380,1.299564e+00
0.632911,0.430380,1.333247e+00
0.645570,0.430380,1.365527e+00
0.658228,0.430380,1.396404e+00
0.670886,0.430380,1.425882e+00
0.683544,0.430380,1.454043e+00
0.696203,0.430380,1.480915e+00
0.708861,0.430380,1.506500e+00
0.721519,0.430380,1.530796e+00
0.734177,0.430380,1.553825e+00
0.746835,0.430380,1.575781e+00
0.759494,0.430380,1.596716e+00
0.772152,0.430380,1.616629e+00
0.784810,0.430380,1.635522e+00
0.797468,0.430380,1.653401e+00
0.810127,0.430380,1.670447e+00
0.822785,0.430380,1.686736e+00
0.835443,0.430380,1.702266e+00
0.848101,0.430380,1.717039e+00
0.860759,0.430380,1.731053e+00
0.873418,0.430380,1.744406e+00
0.886076,0.430380,1.757208e+00
0.898734,0.430380,1.769459e+00
0.911392,0.430380,1.781161e+00
0.924051,0.430380,1.792312e+00
0.936709,0.430380,1.802936e+00
0.949367,0.430380,1.813144e+00
0.962025,0.430380,1.822951e+00
0.974684,0.430380,1.832359e+00
0.987342,0.430380,1.841366e+00
1.000000,0.430380,1.849973e+00
0.000000,0.443038,0.000000e+00
0.012658,0.443038,9.032677e-03
0.025316,0.443038,1.852489e-02
0.037975,0.443038,2.847663e-02
0.050633,0.443038,3.888790e-02
0.063291,0.443038,4.975870e-02
0.075949,0.443038,6.108904e-02
0.088608,0.443038,7.287891e-02
0.101266,0.443038,8.512830e-02
0.113924,0.443038,9.793799e-02
0.126582,0.443038,1.114531e-01
0.139241,0.443038,1.256748e-01
0.151899,0.443038,1.406031e-01
0.164557,0.443038,1.562380e-01
0.177215,0.443038,1.725795e-01
0.189873,0.443038,1.896514e-01
0.202532,0.443038,2.076724e-01
0.215190,0.443038,2.266955e-01
0.227848,0.443038,2.467206e-01
0.240506,0.443038,2.677479e-01
0.253165,0.443038,2.897773e-01
0.265823,0.443038,3.129025e-01
0.278481,0.443038,3.373337e-01
0.291139,0.443038,3.630788e-01
0.303797,0.443038,3.901378e-01
0.316456,0.443038,4.185106e-01
0.329114,0.443038,4.482159e-01
0.341772,0.443038,4.793803e-01
0.354430,0.443038,5.120278e-01
0.367089,0.443038,5.461582e-01
0.379747,0.443038,5.817717e-01
0.392405,0.443038,6.188559e-01
0.405063,0.443038,6.572410e-01
0.417722,0.443038,6.968730e-01
0.430380,0.443038,7.377519e-01
0.443038,0.443038,7.798585e-01
0.455696,0.443038,8.228070e-01
0.468354,0.443038,8.664462e-01
0.481013,0.443038,9.107627e-01
0.493671,0.443038,9.553375e-01
0.506329,0.443038,9.999711e-01
0.518987,0.443038,1.044648e+00
0.531646,0.443038,1.088900e+00
0.544304,0.443038,1.132502e+00
0.556962,0.443038,1.175456e+00
0.569620,0.443038,1.217571e+00
0.582278,0.443038,1.258456e+00
0.594937,0.443038,1.298099e+00
0.607595,0.443038,1.336500e+00
0.620253,0.443038,1.373580e+00
0.632911,0.443038,1.409181e+00
0.645570,0.443038,1.443299e+00
0.658228,0.443038,1.475935e+00
0.670886,0.443038,1.507092e+00
0.683544,0.443038,1.536856e+00
0.696203,0.443038,1.565260e+00
0.708861,0.443038,1.592301e+00
0.721519,0.443038,1.617982e+00
0.734177,0.443038,1.642321e+00
0.746835,0.443038,1.665528e+00
0.759494,0.443038,1.687655e+00
0.772152,0.443038,1.708703e+00
0.784810,0.443038,1.728671e+00
0.797468,0.443038,1.747569e+00
0.810127,0.443038,1.765586e+00
0.822785,0.443038,1.782802e+00
0.835443,0.443038,1.799218e+00
0.848101,0.443038,1.814831e+00
0.860759,0.443038,1.829644e+00
0.873418,0.443038,1.843757e+00
0.886076,0.443038,1.857288e+00
0.898734,0.443038,1.870237e+00
0.911392,0.443038,1.882605e+00
0.924051,0.443038,1.894392e+00
0.936709,0.443038,1.905620e+00
0.949367,0.443038,1.916409e+00
0.962025,0.443038,1.926776e+00
0.974684,0.443038,1.936719e+00
0.987342,0.443038,1.946239e+00
1.000000,0.443038,1.955337e+00
0.000000,0.455696,0.000000e+00
0.012658,0.455696,9.531289e-03
0.025316,0.455696,1.954748e-02
0.037975,0.455696,3.004857e-02
0.050633,0.455696,4.103456e-02
0.063291,0.455696,5.250545e-02
0.075949,0.455696,6.446124e-02
0.088608,0.455696,7.690193e-02
0.101266,0.455696,8.982752e-02
0.113924,0.455696,1.033443e-01
0.126582,0.455696,1.176055e-01
0.139241,0.455696,1.326123e-01
0.151899,0.455696,1.483647e-01
0.164557,0.455696,1.648627e-01
0.177215,0.455696,1.821063e-01
0.189873,0.455696,2.001205e-01
0.202532,0.455696,2.191364e-01
0.215190,0.455696,2.392096e-01
0.227848,0.455696,2.603402e-01
0.240506,0.455696,2.825283e-01
0.253165,0.455696,3.057737e-01
0.265823,0.455696,3.301755e-01
0.278481,0.455696,3.559554e-01
0.291139,0.455696,3.831217e-01
0.303797,0.455696,4.116744e-01
0.316456,0.455696,4.416135e-01
0.329114,0.455696,4.729586e-01
0.341772,0.455696,5.058434e-01
0.354430,0.455696,5.402931e-01
0.367089,0.455696,5.763077e-01
0.379747,0.455696,6.138872e-01
0.392405,0.455696,6.530186e-01
0.405063,0.455696,6.935227e-01
0.417722,0.455696,7.353425e-01
0.430380,0.455696,7.784781e-01
0.443038,0.455696,8.229091e-01
0.455696,0.455696,8.682286e-01
0.468354,0.455696,9.142768e-01
0.481013,0.455696,9.610397e-01
0.493671,0.455696,1.008075e+00
0.506329,0.455696,1.055173e+00
0.518987,0.455696,1.102317e+00
0.531646,0.455696,1.149011e+00
0.544304,0.455696,1.195020e+00
0.556962,0.455696,1.240345e+00
0.569620,0.455696,1.284785e+00
0.582278,0.455696,1.327927e+00
0.594937,0.455696,1.369759e+00
0.607595,0.455696,1.410280e+00
0.620253,0.455696,1.449406e+00
0.632911,0.455696,1.486973e+00
0.645570,0.455696,1.522974e+00
0.658228,0.455696,1.557411e+00
0.670886,0.455696,1.590288e+00
0.683544,0.455696,1.621696e+00
0.696203,0.455696,1.651667e+00
0.708861,0.455696,1.680202e+00
0.721519,0.455696,1.707300e+00
0.734177,0.455696,1.732983e+00
0.746835,0.455696,1.757471e+00
0.759494,0.455696,1.780820e+00
0.772152,0.455696,1.803029e+00
0.784810,0.455696,1.824100e+00
0.797468,0.455696,1.844040e+00
0.810127,0.455696,1.863052e+00
0.822785,0.455696,1.881219e+00
0.835443,0.455696,1.898540e+00
0.848101,0.455696,1.915016e+00
0.860759,0.455696,1.930647e+00
0.873418,0.455696,1.945538e+00
0.886076,0.455696,1.959816e+00
0.898734,0.455696,1.973481e+00
0.911392,0.455696,1.986531e+00
0.924051,0.455696,1.998968e+00
0.936709,0.455696,2.010817e+00
0.949367,0.455696,2.022202e+00
0.962025,0.455696,2.033140e+00
0.974684,0.455696,2.043632e+00
0.987342,0.455696,2.053678e+00
1.000000,0.455696,2.063278e+00
0.000000,0.468354,0.000000e+00
0.012658,0.468354,1.003688e-02
0.025316,0.468354,2.058437e-02
0.037975,0.468354,3.164250e-02
0.050633,0.468354,4.321124e-02
0.063291,0.468354,5.529061e-02
0.075949,0.468354,6.788060e-02
0.088608,0.468354,8.098122e-02
0.101266,0.468354,9.459246e-02
0.113924,0.468354,1.088263e-01
0.126582,0.468354,1.238440e-01
0.139241,0.468354,1.396468e-01
0.151899,0.468354,1.562348e-01
0.164557,0.468354,1.736079e-01
0.177215,0.468354,1.917662e-01
0.189873,0.468354,2.107361e-01
0.202532,0.468354,2.307607e-01
0.215190,0.468354,2.518987e-01
0.227848,0.468354,2.741502e-01
0.240506,0.468354,2.975153e-01
0.253165,0.468354,3.219938e-01
0.265823,0.468354,3.476901e-01
0.278481,0.468354,3.748375e-01
0.291139,0.468354,4.034449e-01
0.303797,0.468354,4.335122e-01
0.316456,0.468354,4.650395e-01
0.329114,0.468354,4.980473e-01
0.341772,0.468354,5.326766e-01
0.354430,0.468354,5.689537e-01
0.367089,0.468354,6.068788e-01
0.379747,0.468354,6.464518e-01
0.392405,0.468354,6.876590e-01
0.405063,0.468354,7.303117e-01
0.417722,0.468354,7.743500e-01
0.430380,0.468354,8.197738e-01
0.443038,0.468354,8.665617e-01
0.455696,0.468354,9.142852e-01
0.468354,0.468354,9.627762e-01
0.481013,0.468354,1.012020e+00
0.493671,0.468354,1.061550e+00
0.506329,0.468354,1.111146e+00
0.518987,0.468354,1.160791e+00
0.531646,0.468354,1.209962e+00
0.544304,0.468354,1.258412e+00
0.556962,0.468354,1.306141e+00
0.569620,0.468354,1.352939e+00
0.582278,0.468354,1.398370e+00
0.594937,0.468354,1.442420e+00
0.607595,0.468354,1.485091e+00
0.620253,0.468354,1.526293e+00
0.632911,0.468354,1.565852e+00
0.645570,0.468354,1.603764e+00
0.658228,0.468354,1.640027e+00
0.670886,0.468354,1.674648e+00
0.683544,0.468354,1.707722e+00
0.696203,0.468354,1.739283e+00
0.708861,0.468354,1.769331e+00
0.721519,0.468354,1.797867e+00
0.734177,0.468354,1.824912e+00
0.746835,0.468354,1.850699e+00
0.759494,0.468354,1.875287e+00
0.772152,0.468354,1.898674e+00
0.784810,0.468354,1.920863e+00
0.797468,0.468354,1.941861e+00
0.810127,0.468354,1.961882e+00
0.822785,0.468354,1.981012e+00
0.835443,0.468354,1.999252e+00
0.848101,0.468354,2.016602e+00
0.860759,0.468354,2.033061e+00
0.873418,0.468354,2.048743e+00
0.886076,0.468354,2.063778e+00
0.898734,0.468354,2.078168e+00
0.911392,0.468354,2.091911e+00
0.924051,0.468354,2.105007e+00
0.936709,0.468354,2.117484e+00
0.949367,0.468354,2.129473e+00
0.962025,0.468354,2.140992e+00
0.974684,0.468354,2.152041e+00
0.987342,0.468354,2.162619e+00
1.000000,0.468354,2.172728e+00
0.000000,0.481013,0.000000e+00
0.012658,0.481013,1.054915e-02
0.025316,0.481013,2.163499e-02
0.037975,0.481013,3.325752e-02
0.050633,0.481013,4.541673e-02
0.063291,0.481013,5.811263e-02
0.075949,0.481013,7.134521e-02
0.088608,0.481013,8.511449e-02
0.101266,0.481013,9.942045e-02
0.113924,0.481013,1.143808e-01
0.126582,0.481013,1.301650e-01
0.139241,0.481013,1.467744e-01
0.151899,0.481013,1.642090e-01
0.164557,0.481013,1.824689e-01
0.177215,0.481013,2.015540e-01
0.189873,0.481013,2.214922e-01
0.202532,0.481013,2.425388e-01
0.215190,0.481013,2.647557e-01
0.227848,0.481013,2.881430e-01
0.240506,0.481013,3.127006e-01
0.253165,0.481013,3.384286e-01
0.265823,0.481013,3.654364e-01
0.278481,0.481013,3.939694e-01
0.291139,0.481013,4.240370e-01
0.303797,0.481013,4.556390e-01
0.316456,0.481013,4.887754e-01
0.329114,0.481013,5.234680e-01
0.341772,0.481013,5.598648e-01
0.354430,0.481013,5.979935e-01
0.367089,0.481013,6.378544e-01
0.379747,0.481013,6.794472e-01
0.392405,0.481013,7.227577e-01
0.405063,0.481013,7.675875e-01
0.417722,0.481013,8.138735e-01
0.430380,0.481013,8.616158e-01
0.443038,0.481013,9.107919e-01
0.455696,0.481013,9.609513e-01
0.468354,0.481013,1.011917e+00
0.481013,0.481013,1.063674e+00
0.493671,0.481013,1.115733e+00
0.506329,0.481013,1.167860e+00
0.518987,0.481013,1.220039e+00
0.531646,0.481013,1.271720e+00
0.544304,0.481013,1.322643e+00
0.556962,0.481013,1.372808e+00
0.569620,0.481013,1.421994e+00
0.582278,0.481013,1.469744e+00
0.594937,0.481013,1.516043e+00
0.607595,0.481013,1.560891e+00
0.620253,0.481013,1.604197e+00
0.632911,0.481013,1.645775e+00
0.645570,0.481013,1.685621e+00
0.658228,0.481013,1.723736e+00
0.670886,0.481013,1.760124e+00
0.683544,0.481013,1.794886e+00
0.696203,0.481013,1.828058e+00
0.708861,0.481013,1.859640e+00
0.721519,0.481013,1.889632e+00
0.734177,0.481013,1.918058e+00
0.746835,0.481013,1.945161e+00
0.759494,0.481013,1.971003e+00
0.772152,0.481013,1.995585e+00
0.784810,0.481013,2.018905e+00
0.797468,0.481013,2.040975e+00
0.810127,0.481013,2.062018e+00
0.822785,0.481013,2.082125e+00
0.835443,0.481013,2.101296e+00
0.848101,0.481013,2.119531e+00
0.860759,0.481013,2.136831e+00
0.873418,0.481013,2.153313e+00
0.886076,0.481013,2.169116e+00
0.898734,0.481013,2.184240e+00
0.911392,0.481013,2.198684e+00
0.924051,0.481013,2.212449e+00
0.936709,0.481013,2.225563e+00
0.949367,0.481013,2.238164e+00
0.962025,0.481013,2.250270e+00
0.974684,0.481013,2.261883e+00
0.987342,0.481013,2.273002e+00
1.000000,0.481013,2.283626e+00
0.000000,0.493671,0.000000e+00
0.012658,0.493671,1.106641e-02
0.025316,0.493671,2.269581e-02
0.037975,0.493671,3.488822e-02
0.050633,0.493671,4.764364e-02
0.063291,0.493671,6.096205e-02
0.075949,0.493671,7.484347e-02
0.088608,0.493671,8.928789e-02
0.101266,0.493671,1.042953e-01
0.113924,0.493671,1.199892e-01
0.126582,0.493671,1.365473e-01
0.139241,0.493671,1.539712e-01
0.151899,0.493671,1.722607e-01
0.164557,0.493671,1.914159e-01
0.177215,0.493671,2.114369e-01
0.189873,0.493671,2.323526e-01
0.202532,0.493671,2.544313e-01
0.215190,0.493671,2.777376e-01
0.227848,0.493671,3.022716e-01
0.240506,0.493671,3.280334e-01
0.253165,0.493671,3.550229e-01
0.265823,0.493671,3.833550e-01
0.278481,0.493671,4.132872e-01
0.291139,0.493671,4.448290e-01
0.303797,0.493671,4.779806e-01
0.316456,0.493671,5.127418e-01
0.329114,0.493671,5.491355e-01
0.341772,0.493671,5.873170e-01
0.354430,0.493671,6.273154e-01
0.367089,0.493671,6.691307e-01
0.379747,0.493671,7.127630e-01
0.392405,0.493671,7.581972e-01
0.405063,0.493671,8.052252e-01
0.417722,0.493671,8.537808e-01
0.430380,0.493671,9.038641e-01
0.443038,0.493671,9.554515e-01
0.455696,0.493671,1.008070e+00
0.468354,0.493671,1.061535e+00
0.481013,0.493671,1.115830e+00
0.493671,0.493671,1.170442e+00
0.506329,0.493671,1.225125e+00
0.518987,0.493671,1.279862e+00
0.531646,0.493671,1.334077e+00
0.544304,0.493671,1.387497e+00
0.556962,0.493671,1.440122e+00
0.569620,0.493671,1.491720e+00
0.582278,0.493671,1.541811e+00
0.594937,0.493671,1.590381e+00
0.607595,0.493671,1.637428e+00
0.620253,0.493671,1.682857e+00
0.632911,0.493671,1.726474e+00
0.645570,0.493671,1.768274e+00
0.658228,0.493671,1.808258e+00
0.670886,0.493671,1.846430e+00
0.683544,0.493671,1.882897e+00
0.696203,0.493671,1.917695e+00
0.708861,0.493671,1.950826e+00
0.721519,0.493671,1.982288e+00
0.734177,0.493671,2.012108e+00
0.746835,0.493671,2.040540e+00
0.759494,0.493671,2.067649e+00
0.772152,0.493671,2.093436e+00
0.784810,0.493671,2.117900e+00
0.797468,0.493671,2.141053e+00
0.810127,0.493671,2.163127e+00
0.822785,0.493671,2.184220e+00
0.835443,0.493671,2.204331e+00
0.848101,0.493671,2.223460e+00
0.860759,0.493671,2.241608e+00
0.873418,0.493671,2.258898e+00
0.886076,0.493671,2.275476e+00
0.898734,0.493671,2.291341e+00
0.911392,0.493671,2.306494e+00
0.924051,0.493671,2.320934e+00
0.936709,0.493671,2.334691e+00
0.949367,0.493671,2.347910e+00
0.962025,0.493671,2.360610e+00
0.974684,0.493671,2.372792e+00
0.987342,0.493671,2.384456e+00
1.000000,0.493671,2.395601e+00
0.000000,0.506329,0.000000e+00
0.012658,0.506329,1.158352e-02
0.025316,0.506329,2.375635e-02
0.037975,0.506329,3.651849e-02
0.050633,0.506329,4.986994e-02
0.063291,0.506329,6.381071e-02
0.075949,0.506329,7.834078e-02
0.088608,0.506329,9.346017e-02
0.101266,0.506329,1.091689e-01
0.113924,0.506329,1.255961e-01
0.126582,0.506329,1.429280e-01
0.139241,0.506329,1.611660e-01
0.151899,0.506329,1.803102e-01
0.164557,0.506329,2.003606e-01
0.177215,0.506329,2.213170e-01
0.189873,0.506329,2.432102e-01
0.202532,0.506329,2.663205e-01
0.215190,0.506329,2.907159e-01
0.227848,0.506329,3.163965e-01
0.240506,0.506329,3.433620e-01
0.253165,0.506329,3.716127e-01
0.265823,0.506329,4.012688e-01
0.278481,0.506329,4.325996e-01
0.291139,0.506329,4.656154e-01
0.303797,0.506329,5.003161e-01
0.316456,0.506329,5.367017e-01
0.329114,0.506329,5.747961e-01
0.341772,0.506329,6.147617e-01
0.354430,0.506329,6.566292e-01
0.367089,0.506329,7.003986e-01
0.379747,0.506329,7.460698e-01
0.392405,0.506329,7.936271e-01
0.405063,0.506329,8.428527e-01
0.417722,0.506329,8.936773e-01
0.430380,0.506329,9.461010e-01
0.443038,0.506329,1.000099e+00
0.455696,0.506329,1.055177e+00
0.468354,0.506329,1.111140e+00
0.481013,0.506329,1.167972e+00
0.493671,0.506329,1.225136e+00
0.506329,0.506329,1.282374e+00
0.518987,0.506329,1.339669e+00
0.531646,0.506329,1.396418e+00
0.544304,0.506329,1.452334e+00
0.556962,0.506329,1.507418e+00
0.569620,0.506329,1.561427e+00
0.582278,0.506329,1.613859e+00
0.594937,0.506329,1.664698e+00
0.607595,0.506329,1.713944e+00
0.620253,0.506329,1.761496e+00
0.632911,0.506329,1.807151e+00
0.645570,0.506329,1.850905e+00
0.658228,0.506329,1.892756e+00
0.670886,0.506329,1.932713e+00
0.683544,0.506329,1.970883e+00
0.696203,0.506329,2.007308e+00
0.708861,0.506329,2.041986e+00
0.721519,0.506329,2.074919e+00
0.734177,0.506329,2.106132e+00
0.746835,0.506329,2.135893e+00
0.759494,0.506329,2.164269e+00
0.772152,0.506329,2.191261e+00
0.784810,0.506329,2.216868e+00
0.797468,0.506329,2.241103e+00
0.810127,0.506329,2.264208e+00
0.822785,0.506329,2.286287e+00
0.835443,0.506329,2.307338e+00
0.848101,0.506329,2.327361e+00
0.860759,0.506329,2.346357e+00
0.873418,0.506329,2.364455e+00
0.886076,0.506329,2.381808e+00
0.898734,0.506329,2.398414e+00
0.911392,0.506329,2.414275e+00
0.924051,0.506329,2.429390e+00
0.936709,0.506329,2.443790e+00
0.949367,0.506329,2.457626e+00
0.962025,0.506329,2.470920e+00
0.974684,0.506329,2.483671e+00
0.987342,0.506329,2.495880e+00
1.000000,0.506329,2.507546e+00
0.000000,0.518987,0.000000e+00
0.012658,0.518987,1.210015e-02
0.025316,0.518987,2.481589e-02
0.037975,0.518987,3.814723e-02
0.050633,0.518987,5.209417e-02
0.063291,0.518987,6.665671e-02
0.075949,0.518987,8.183484e-02
0.088608,0.518987,9.762856e-02
0.101266,0.518987,1.140379e-01
0.113924,0.518987,1.311978e-01
0.126582,0.518987,1.493027e-01
0.139241,0.518987,1.683542e-01
0.151899,0.518987,1.883522e-01
0.164557,0.518987,2.092968e-01
0.177215,0.518987,2.311880e-01
0.189873,0.518987,2.540576e-01
0.202532,0.518987,2.781987e-01
0.215190,0.518987,3.036822e-01
0.227848,0.518987,3.305081e-01
0.240506,0.518987,3.586764e-01
0.253165,0.518987,3.881871e-01
0.265823,0.518987,4.191659e-01
0.278481,0.518987,4.518941e-01
0.291139,0.518987,4.863825e-01
0.303797,0.518987,5.226309e-01
0.316456,0.518987,5.606394e-01
0.329114,0.518987,6.004328e-01
0.341772,0.518987,6.421810e-01
0.354430,0.518987,6.859158e-01
0.367089,0.518987,7.316374e-01
0.379747,0.518987,7.793457e-01
0.392405,0.518987,8.290241e-01
0.405063,0.518987,8.804452e-01
0.417722,0.518987,9.335368e-01
0.430380,0.518987,9.882986e-01
0.443038,0.518987,1.044705e+00
0.455696,0.518987,1.102239e+00
0.468354,0.518987,1.160699e+00
0.481013,0.518987,1.220066e+00
0.493671,0.518987,1.279779e+00
0.506329,0.518987,1.339570e+00
0.518987,0.518987,1.399421e+00
0.531646,0.518987,1.458700e+00
0.544304,0.518987,1.517111e+00
0.556962,0.518987,1.574651e+00
0.569620,0.518987,1.631070e+00
0.582278,0.518987,1.685840e+00
0.594937,0.518987,1.738947e+00
0.607595,0.518987,1.790389e+00
0.620253,0.518987,1.840061e+00
0.632911,0.518987,1.887753e+00
0.645570,0.518987,1.933458e+00
0.658228,0.518987,1.977177e+00
0.670886,0.518987,2.018915e+00
0.683544,0.518987,2.058788e+00
0.696203,0.518987,2.096837e+00
0.708861,0.518987,2.133063e+00
0.721519,0.518987,2.167464e+00
0.734177,0.518987,2.200070e+00
0.746835,0.518987,2.231158e+00
0.759494,0.518987,2.260799e+00
0.772152,0.518987,2.288995e+00
0.784810,0.518987,2.315745e+00
0.797468,0.518987,2.341060e+00
0.810127,0.518987,2.365196e+00
0.822785,0.518987,2.388259e+00
0.835443,0.518987,2.410249e+00
0.848101,0.518987,2.431165e+00
0.860759,0.518987,2.451008e+00
0.873418,0.518987,2.469914e+00
0.886076,0.518987,2.488040e+00
0.898734,0.518987,2.505388e+00
0.911392,0.518987,2.521956e+00
0.924051,0.518987,2.537745e+00
0.936709,0.518987,2.552787e+00
0.949367,0.518987,2.567240e+00
0.962025,0.518987,2.581127e+00
0.974684,0.518987,2.594447e+00
0.987342,0.518987,2.607200e+00
1.000000,0.518987,2.619387e+00
0.000000,0.531646,0.000000e+00
0.012658,0.531646,1.261335e-02
0.025316,0.531646,2.586841e-02
0.037975,0.531646,3.976518e-02
0.050633,0.531646,5.430365e-02
0.063291,0.531646,6.948384e-02
0.075949,0.531646,8.530572e-02
0.088608,0.531646,1.017693e-01
0.101266,0.531646,1.188746e-01
0.113924,0.531646,1.367623e-01
0.126582,0.531646,1.556351e-01
0.139241,0.531646,1.754947e-01
0.151899,0.531646,1.963409e-01
0.164557,0.531646,2.181739e-01
0.177215,0.531646,2.409936e-01
0.189873,0.531646,2.648332e-01
0.202532,0.531646,2.899982e-01
0.215190,0.531646,3.165625e-01
0.227848,0.531646,3.445262e-01
0.240506,0.531646,3.738893e-01
0.253165,0.531646,4.046516e-01
0.265823,0.531646,4.369443e-01
0.278481,0.531646,4.710607e-01
0.291139,0.531646,5.070119e-01
0.303797,0.531646,5.447977e-01
0.316456,0.531646,5.844183e-01
0.329114,0.531646,6.258995e-01
0.341772,0.531646,6.694184e-01
0.354430,0.531646,7.150083e-01
0.367089,0.531646,7.626691e-01
0.379747,0.531646,8.124009e-01
0.392405,0.531646,8.641864e-01
0.405063,0.531646,9.177886e-01
0.417722,0.531646,9.731319e-01
0.430380,0.531646,1.030216e+00
0.443038,0.531646,1.089015e+00
0.455696,0.531646,1.148990e+00
0.468354,0.531646,1.209929e+00
0.481013,0.531646,1.271814e+00
0.493671,0.531646,1.334060e+00
0.506329,0.531646,1.396387e+00
0.518987,0.531646,1.458776e+00
0.531646,0.531646,1.520570e+00
0.544304,0.531646,1.581458e+00
0.556962,0.531646,1.641439e+00
0.569620,0.531646,1.700250e+00
0.582278,0.531646,1.757344e+00
0.594937,0.531646,1.812703e+00
0.607595,0.531646,1.866327e+00
0.620253,0.531646,1.918106e+00
0.632911,0.531646,1.967821e+00
0.645570,0.531646,2.015464e+00
0.658228,0.531646,2.061037e+00
0.670886,0.531646,2.104546e+00
0.683544,0.531646,2.146110e+00
0.696203,0.531646,2.185773e+00
0.708861,0.531646,2.223535e+00
0.721519,0.531646,2.259395e+00
0.734177,0.531646,2.293384e+00
0.746835,0.531646,2.325791e+00
0.759494,0.531646,2.356690e+00
0.772152,0.531646,2.386081e+00
0.784810,0.531646,2.413965e+00
0.797468,0.531646,2.440354e+00
0.810127,0.531646,2.465514e+00
0.822785,0.531646,2.489555e+00
0.835443,0.531646,2.512478e+00
0.848101,0.531646,2.534282e+00
0.860759,0.531646,2.554966e+00
0.873418,0.531646,2.574674e+00
0.886076,0.531646,2.593569e+00
0.898734,0.531646,2.611652e+00
0.911392,0.531646,2.628923e+00
0.924051,0.531646,2.645381e+00
0.936709,0.531646,2.661061e+00
0.949367,0.531646,2.676128e+00
0.962025,0.531646,2.690603e+00
0.974684,0.531646,2.704488e+00
0.987342,0.531646,2.717783e+00
1.000000,0.531646,2.730486e+00
0.000000,0.544304,0.000000e+00
0.012658,0.544304,1.311860e-02
0.025316,0.544304,2.690462e-02
0.037975,0.544304,4.135805e-02
0.050633,0.544304,5.647890e-02
0.063291,0.544304,7.226715e-02
0.075949,0.544304,8.872283e-02
0.088608,0.544304,1.058459e-01
0.101266,0.544304,1.236364e-01
0.113924,0.544304,1.422407e-01
0.126582,0.544304,1.618695e-01
0.139241,0.544304,1.825245e-01
0.151899,0.544304,2.042058e-01
0.164557,0.544304,2.269134e-01
0.177215,0.544304,2.506471e-01
0.189873,0.544304,2.754417e-01
0.202532,0.544304,3.016148e-01
0.215190,0.544304,3.292433e-01
0.227848,0.544304,3.583271e-01
0.240506,0.544304,3.888664e-01
0.253165,0.544304,4.208610e-01
0.265823,0.544304,4.544473e-01
0.278481,0.544304,4.899303e-01
0.291139,0.544304,5.273216e-01
0.303797,0.544304,5.666211e-01
0.316456,0.544304,6.078288e-01
0.329114,0.544304,6.509717e-01
0.341772,0.544304,6.962338e-01
0.354430,0.544304,7.436499e-01
0.367089,0.544304,7.932199e-01
0.379747,0.544304,8.449439e-01
0.392405,0.544304,8.988038e-01
0.405063,0.544304,9.545532e-01
0.417722,0.544304,1.012114e+00
0.430380,0.544304,1.071485e+00
0.443038,0.544304,1.132639e+00
0.455696,0.544304,1.195016e+00
0.468354,0.544304,1.258396e+00
0.481013,0.544304,1.322760e+00
0.493671,0.544304,1.387499e+00
0.506329,0.544304,1.452324e+00
0.518987,0.544304,1.517212e+00
0.531646,0.544304,1.581481e+00
0.544304,0.544304,1.644808e+00
0.556962,0.544304,1.707192e+00
0.569620,0.544304,1.768359e+00
0.582278,0.544304,1.827740e+00
0.594937,0.544304,1.885316e+00
0.607595,0.544304,1.941088e+00
0.620253,0.544304,1.994942e+00
0.632911,0.544304,2.046648e+00
0.645570,0.544304,2.096200e+00
0.658228,0.544304,2.143598e+00
0.670886,0.544304,2.188850e+00
0.683544,0.544304,2.232079e+00
0.696203,0.544304,2.273331e+00
0.708861,0.544304,2.312605e+00
0.721519,0.544304,2.349902e+00
0.734177,0.544304,2.385252e+00
0.746835,0.544304,2.418957e+00
0.759494,0.544304,2.451094e+00
0.772152,0.544304,2.481663e+00
0.784810,0.544304,2.510664e+00
0.797468,0.544304,2.538110e+00
0.810127,0.544304,2.564278e+00
0.822785,0.544304,2.589282e+00
0.835443,0.544304,2.613123e+00
0.848101,0.544304,2.635800e+00
0.860759,0.544304,2.657313e+00
0.873418,0.544304,2.677810e+00
0.886076,0.544304,2.697462e+00
0.898734,0.544304,2.716269e+00
0.911392,0.544304,2.734232e+00
0.924051,0.544304,2.751350e+00
0.936709,0.544304,2.767658e+00
0.949367,0.544304,2.783328e+00
0.962025,0.544304,2.798384e+00
0.974684,0.544304,2.812825e+00
0.987342,0.544304,2.826652e+00
1.000000,0.544304,2.839864e+00
0.000000,0.556962,0.000000e+00
0.012658,0.556962,1.361585e-02
0.025316,0.556962,2.792442e-02
0.037975,0.556962,4.292570e-02
0.050633,0.556962,5.861969e-02
0.063291,0.556962,7.500639e-02
0.075949,0.556962,9.208580e-02
0.088608,0.556962,1.098579e-01
0.101266,0.556962,1.283228e-01
0.113924,0.556962,1.476322e-01
0.126582,0.556962,1.680050e-01
0.139241,0.556962,1.894430e-01
0.151899,0.556962,2.119461e-01
0.164557,0.556962,2.355144e-01
0.177215,0.556962,2.601478e-01
0.189873,0.556962,2.858822e-01
0.202532,0.556962,3.130474e-01
0.215190,0.556962,3.417231e-01
0.227848,0.556962,3.719094e-01
0.240506,0.556962,4.036063e-01
0.253165,0.556962,4.368137e-01
0.265823,0.556962,4.716730e-01
0.278481,0.556962,5.085010e-01
0.291139,0.556962,5.473096e-01
0.303797,0.556962,5.880988e-01
0.316456,0.556962,6.308684e-01
0.329114,0.556962,6.756467e-01
0.341772,0.556962,7.226245e-01
0.354430,0.556962,7.718379e-01
0.367089,0.556962,8.232869e-01
0.379747,0.556962,8.769715e-01
0.392405,0.556962,9.328730e-01
0.405063,0.556962,9.907355e-01
0.417722,0.556962,1.050478e+00
0.430380,0.556962,1.112099e+00
0.443038,0.556962,1.175572e+00
0.455696,0.556962,1.240313e+00
0.468354,0.556962,1.306096e+00
0.481013,0.556962,1.372900e+00
0.493671,0.556962,1.440093e+00
0.506329,0.556962,1.507374e+00
0.518987,0.556962,1.574722e+00
0.531646,0.556962,1.641427e+00
0.544304,0.556962,1.707155e+00
0.556962,0.556962,1.771903e+00
0.569620,0.556962,1.835389e+00
0.582278,0.556962,1.897020e+00
0.594937,0.556962,1.956779e+00
0.607595,0.556962,2.014666e+00
0.620253,0.556962,2.070560e+00
0.632911,0.556962,2.124226e+00
0.645570,0.556962,2.175657e+00
0.658228,0.556962,2.224852e+00
0.670886,0.556962,2.271819e+00
0.683544,0.556962,2.316686e+00
0.696203,0.556962,2.359502e+00
0.708861,0.556962,2.400265e+00
0.721519,0.556962,2.438976e+00
0.734177,0.556962,2.475666e+00
0.746835,0.556962,2.510648e+00
0.759494,0.556962,2.544003e+00
0.772152,0.556962,2.575731e+00
0.784810,0.556962,2.605831e+00
0.797468,0.556962,2.634317e+00
0.810127,0.556962,2.661477e+00
0.822785,0.556962,2.687429e+00
0.835443,0.556962,2.712174e+00
0.848101,0.556962,2.735710e+00
0.860759,0.556962,2.758039e+00
0.873418,0.556962,2.779313e+00
0.886076,0.556962,2.799710e+00
0.898734,0.556962,2.819230e+00
0.911392,0.556962,2.837874e+00
0.924051,0.556962,2.855641e+00
0.936709,0.556962,2.872567e+00
0.949367,0.556962,2.888831e+00
0.962025,0.556962,2.904457e+00
0.974684,0.556962,2.919445e+00
0.987342,0.556962,2.933796e+00
1.000000,0.556962,2.947509e+00
0.000000,0.569620,0.000000e+00
0.012658,0.569620,1.410365e-02
0.025316,0.569620,2.892484e-02
0.037975,0.569620,4.446355e-02
0.050633,0.569620,6.071979e-02
0.063291,0.569620,7.769357e-02
0.075949,0.569620,9.538488e-02
0.088608,0.569620,1.137937e-01
0.101266,0.569620,1.329201e-01
0.113924,0.569620,1.529213e-01
0.126582,0.569620,1.740240e-01
0.139241,0.569620,1.962301e-01
0.151899,0.569620,2.195394e-01
0.164557,0.569620,2.439520e-01
0.177215,0.569620,2.694680e-01
0.189873,0.569620,2.961244e-01
0.202532,0.569620,3.242628e-01
0.215190,0.569620,3.539659e-01
0.227848,0.569620,3.852336e-01
0.240506,0.569620,4.180661e-01
0.253165,0.569620,4.524632e-01
0.265823,0.569620,4.885714e-01
0.278481,0.569620,5.267189e-01
0.291139,0.569620,5.669179e-01
0.303797,0.569620,6.091683e-01
0.316456,0.569620,6.534703e-01
0.329114,0.569620,6.998528e-01
0.341772,0.569620,7.485137e-01
0.354430,0.569620,7.994903e-01
0.367089,0.569620,8.527825e-01
0.379747,0.569620,9.083905e-01
0.392405,0.569620,9.662948e-01
0.405063,0.569620,1.026230e+00
0.417722,0.569620,1.088113e+00
0.430380,0.569620,1.151942e+00
0.443038,0.569620,1.217689e+00
0.455696,0.569620,1.284750e+00
0.468354,0.569620,1.352889e+00
0.481013,0.569620,1.422086e+00
0.493671,0.569620,1.491687e+00
0.506329,0.569620,1.561379e+00
0.518987,0.569620,1.631139e+00
0.531646,0.569620,1.700235e+00
0.544304,0.569620,1.768317e+00
0.556962,0.569620,1.835385e+00
0.569620,0.569620,1.901145e+00
0.582278,0.569620,1.964985e+00
0.594937,0.569620,2.026885e+00
0.607595,0.569620,2.086845e+00
0.620253,0.569620,2.144742e+00
0.632911,0.569620,2.200331e+00
0.645570,0.569620,2.253604e+00
0.658228,0.569620,2.304561e+00
0.670886,0.569620,2.353211e+00
0.683544,0.569620,2.399686e+00
0.696203,0.569620,2.444036e+00
0.708861,0.569620,2.486259e+00
0.721519,0.569620,2.526357e+00
0.734177,0.569620,2.564361e+00
0.746835,0.569620,2.600597e+00
0.759494,0.569620,2.635147e+00
0.772152,0.569620,2.668011e+00
0.784810,0.569620,2.699190e+00
0.797468,0.569620,2.728697e+00
0.810127,0.569620,2.756830e+00
0.822785,0.569620,2.783712e+00
0.835443,0.569620,2.809342e+00
0.848101,0.569620,2.833722e+00
0.860759,0.569620,2.856851e+00
0.873418,0.569620,2.878887e+00
0.886076,0.569620,2.900015e+00
0.898734,0.569620,2.920234e+00
0.911392,0.569620,2.939546e+00
0.924051,0.569620,2.957949e+00
0.936709,0.569620,2.975482e+00
0.949367,0.569620,2.992328e+00
0.962025,0.569620,3.008514e+00
0.974684,0.569620,3.024040e+00
0.987342,0.569620,3.038905e+00
1.000000,0.569620,3.053110e+00
0.000000,0.582278,0.000000e+00
0.012658,0.582278,1.457734e-02
0.025316,0.582278,2.989632e-02
0.037975,0.582278,4.595692e-02
0.050633,0.582278,6.275916e-02
0.063291,0.582278,8.030303e-02
0.075949,0.582278,9.858852e-02
0.088608,0.582278,1.176157e-01
0.101266,0.582278,1.373844e-01
0.113924,0.582278,1.580574e-01
0.126582,0.582278,1.798689e-01
0.139241,0.582278,2.028208e-01
0.151899,0.582278,2.269130e-01
0.164557,0.582278,2.521456e-01
0.177215,0.582278,2.785185e-01
0.189873,0.582278,3.060703e-01
0.202532,0.582278,3.351538e-01
0.215190,0.582278,3.658545e-01
0.227848,0.582278,3.981724e-01
0.240506,0.582278,4.321076e-01
0.253165,0.582278,4.676600e-01
0.265823,0.582278,5.049810e-01
0.278481,0.582278,5.444098e-01
0.291139,0.582278,5.859589e-01
0.303797,0.582278,6.296285e-01
0.316456,0.582278,6.754184e-01
0.329114,0.582278,7.233588e-01
0.341772,0.582278,7.736541e-01
0.354430,0.582278,8.263428e-01
0.367089,0.582278,8.814250e-01
0.379747,0.582278,9.389006e-01
0.392405,0.582278,9.987498e-01
0.405063,0.582278,1.060698e+00
0.417722,0.582278,1.124660e+00
0.430380,0.582278,1.190633e+00
0.443038,0.582278,1.258588e+00
0.455696,0.582278,1.327901e+00
0.468354,0.582278,1.398329e+00
0.481013,0.582278,1.469850e+00
0.493671,0.582278,1.541788e+00
0.506329,0.582278,1.613821e+00
0.518987,0.582278,1.685925e+00
0.531646,0.582278,1.757341e+00
0.544304,0.582278,1.827709e+00
0.556962,0.582278,1.897031e+00
0.569620,0.582278,1.965000e+00
0.582278,0.582278,2.030983e+00
0.594937,0.582278,2.094962e+00
0.607595,0.582278,2.156936e+00
0.620253,0.582278,2.216778e+00
0.632911,0.582278,2.274234e+00
0.645570,0.582278,2.329296e+00
0.658228,0.582278,2.381965e+00
0.670886,0.582278,2.432249e+00
0.683544,0.582278,2.480285e+00
0.696203,0.582278,2.526124e+00
0.708861,0.582278,2.569766e+00
0.721519,0.582278,2.611210e+00
0.734177,0.582278,2.650491e+00
0.746835,0.582278,2.687944e+00
0.759494,0.582278,2.723654e+00
0.772152,0.582278,2.757622e+00
0.784810,0.582278,2.789848e+00
0.797468,0.582278,2.820346e+00
0.810127,0.582278,2.849424e+00
0.822785,0.582278,2.877209e+00
0.835443,0.582278,2.903700e+00
0.848101,0.582278,2.928899e+00
0.860759,0.582278,2.952805e+00
0.873418,0.582278,2.975581e+00
0.886076,0.582278,2.997418e+00
0.898734,0.582278,3.018317e+00
0.911392,0.582278,3.038277e+00
0.924051,0.582278,3.057299e+00
0.936709,0.582278,3.075420e+00
0.949367,0.582278,3.092832e+00
0.962025,0.582278,3.109562e+00
0.974684,0.582278,3.125609e+00
0.987342,0.582278,3.140973e+00
1.000000,0.582278,3.155655e+00
0.000000,0.594937,0.000000e+00
0.012658,0.594937,1.503657e-02
0.025316,0.594937,3.083813e-02
0.037975,0.594937,4.740470e-02
0.050633,0.594937,6.473625e-02
0.063291,0.594937,8.283280e-02
0.075949,0.594937,1.016944e-01
0.088608,0.594937,1.213209e-01
0.101266,0.594937,1.417124e-01
0.113924,0.594937,1.630367e-01
0.126582,0.594937,1.855353e-01
0.139241,0.594937,2.092103e-01
0.151899,0.594937,2.340615e-01
0.164557,0.594937,2.600890e-01
0.177215,0.594937,2.872928e-01
0.189873,0.594937,3.157124e-01
0.202532,0.594937,3.457122e-01
0.215190,0.594937,3.773801e-01
0.227848,0.594937,4.107162e-01
0.240506,0.594937,4.457204e-01
0.253165,0.594937,4.823928e-01
0.265823,0.594937,5.208896e-01
0.278481,0.594937,5.615605e-01
0.291139,0.594937,6.044186e-01
0.303797,0.594937,6.494638e-01
0.316456,0.594937,6.966963e-01
0.329114,0.594937,7.461470e-01
0.341772,0.594937,7.980267e-01
0.354430,0.594937,8.523754e-01
0.367089,0.594937,9.091929e-01
0.379747,0.594937,9.684792e-01
0.392405,0.594937,1.030214e+00
0.405063,0.594937,1.094114e+00
0.417722,0.594937,1.160090e+00
0.430380,0.594937,1.228142e+00
0.443038,0.594937,1.298237e+00
0.455696,0.594937,1.369735e+00
0.468354,0.594937,1.442381e+00
0.481013,0.594937,1.516156e+00
0.493671,0.594937,1.590360e+00
0.506329,0.594937,1.664662e+00
0.518987,0.594937,1.739037e+00
0.531646,0.594937,1.812703e+00
0.544304,0.594937,1.885289e+00
0.556962,0.594937,1.956794e+00
0.569620,0.594937,2.026904e+00
0.582278,0.594937,2.094966e+00
0.594937,0.594937,2.160961e+00
0.607595,0.594937,2.224887e+00
0.620253,0.594937,2.286615e+00
0.632911,0.594937,2.345880e+00
0.645570,0.594937,2.402677e+00
0.658228,0.594937,2.457006e+00
0.670886,0.594937,2.508873e+00
0.683544,0.594937,2.558423e+00
0.696203,0.594937,2.605706e+00
0.708861,0.594937,2.650722e+00
0.721519,0.594937,2.693473e+00
0.734177,0.594937,2.733991e+00
0.746835,0.594937,2.772624e+00
0.759494,0.594937,2.809459e+00
0.772152,0.594937,2.844497e+00
0.784810,0.594937,2.877738e+00
0.797468,0.594937,2.909197e+00
0.810127,0.594937,2.939191e+00
0.822785,0.594937,2.967851e+00
0.835443,0.594937,2.995177e+00
0.848101,0.594937,3.021170e+00
0.860759,0.594937,3.045828e+00
0.873418,0.594937,3.069322e+00
0.886076,0.594937,3.091847e+00
0.898734,0.594937,3.113404e+00
0.911392,0.594937,3.133993e+00
0.924051,0.594937,3.153614e+00
0.936709,0.594937,3.172306e+00
0.949367,0.594937,3.190268e+00
0.962025,0.594937,3.207524e+00
0.974684,0.594937,3.224077e+00
0.987342,0.594937,3.239925e+00
1.000000,0.594937,3.255069e+00
0.000000,0.607595,0.000000e+00
0.012658,0.607595,1.548133e-02
0.025316,0.607595,3.175029e-02
0.037975,0.607595,4.880687e-02
0.050633,0.607595,6.665108e-02
0.063291,0.607595,8.528290e-02
0.075949,0.607595,1.047024e-01
0.088608,0.607595,1.249094e-01
0.101266,0.607595,1.459041e-01
0.113924,0.607595,1.678592e-01
0.126582,0.607595,1.910233e-01
0.139241,0.607595,2.153985e-01
0.151899,0.607595,2.409848e-01
0.164557,0.607595,2.677822e-01
0.177215,0.607595,2.957906e-01
0.189873,0.607595,3.250509e-01
0.202532,0.607595,3.559380e-01
0.215190,0.607595,3.885427e-01
0.227848,0.607595,4.228648e-01
0.240506,0.607595,4.589044e-01
0.253165,0.607595,4.966616e-01
0.265823,0.607595,5.362971e-01
0.278481,0.607595,5.781710e-01
0.291139,0.607595,6.222968e-01
0.303797,0.607595,6.686745e-01
0.316456,0.607595,7.173041e-01
0.329114,0.607595,7.682174e-01
0.341772,0.607595,8.216318e-01
0.354430,0.607595,8.775880e-01
0.367089,0.607595,9.360861e-01
0.379747,0.607595,9.971261e-01
0.392405,0.607595,1.060687e+00
0.405063,0.607595,1.126477e+00
0.417722,0.607595,1.194405e+00
0.430380,0.607595,1.264470e+00
0.443038,0.607595,1.336638e+00
0.455696,0.607595,1.410250e+00
0.468354,0.607595,1.485046e+00
0.481013,0.607595,1.561002e+00
0.493671,0.607595,1.637402e+00
0.506329,0.607595,1.713902e+00
0.518987,0.607595,1.790477e+00
0.531646,0.607595,1.866322e+00
0.544304,0.607595,1.941054e+00
0.556962,0.607595,2.014675e+00
0.569620,0.607595,2.086859e+00
0.582278,0.607595,2.156934e+00
0.594937,0.607595,2.224881e+00
0.607595,0.607595,2.290698e+00
0.620253,0.607595,2.354251e+00
0.632911,0.607595,2.415270e+00
0.645570,0.607595,2.473747e+00
0.658228,0.607595,2.529682e+00
0.670886,0.607595,2.583084e+00
0.683544,0.607595,2.634099e+00
0.696203,0.607595,2.682781e+00
0.708861,0.607595,2.729129e+00
0.721519,0.607595,2.773144e+00
0.734177,0.607595,2.814861e+00
0.746835,0.607595,2.854636e+00
0.759494,0.607595,2.892561e+00
0.772152,0.607595,2.928636e+00
0.784810,0.607595,2.962860e+00
0.797468,0.607595,2.995249e+00
0.810127,0.607595,3.026130e+00
0.822785,0.607595,3.055638e+00
0.835443,0.607595,3.083773e+00
0.848101,0.607595,3.110534e+00
0.860759,0.607595,3.135922e+00
0.873418,0.607595,3.160111e+00
0.886076,0.607595,3.183302e+00
0.898734,0.607595,3.205497e+00
0.911392,0.607595,3.226695e+00
0.924051,0.607595,3.246896e+00
0.936709,0.607595,3.266141e+00
0.949367,0.607595,3.284634e+00
0.962025,0.607595,3.302401e+00
0.974684,0.607595,3.319443e+00
0.987342,0.607595,3.335760e+00
1.000000,0.607595,3.351352e+00
0.000000,0.620253,0.000000e+00
0.012658,0.620253,1.591081e-02
0.025316,0.620253,3.263110e-02
0.037975,0.620253,5.016087e-02
0.050633,0.620253,6.850010e-02
0.063291,0.620253,8.764882e-02
0.075949,0.620253,1.076070e-01
0.088608,0.620253,1.283747e-01
0.101266,0.620253,1.499518e-01
0.113924,0.620253,1.725159e-01
0.126582,0.620253,1.963227e-01
0.139241,0.620253,2.213741e-01
0.151899,0.620253,2.476702e-01
0.164557,0.620253,2.752110e-01
0.177215,0.620253,3.039965e-01
0.189873,0.620253,3.340685e-01
0.202532,0.620253,3.658125e-01
0.215190,0.620253,3.993217e-01
0.227848,0.620253,4.345960e-01
0.240506,0.620253,4.716355e-01
0.253165,0.620253,5.104401e-01
0.265823,0.620253,5.511751e-01
0.278481,0.620253,5.942107e-01
0.291139,0.620253,6.395607e-01
0.303797,0.620253,6.872250e-01
0.316456,0.620253,7.372037e-01
0.329114,0.620253,7.895295e-01
0.341772,0.620253,8.444257e-01
0.354430,0.620253,9.019343e-01
0.367089,0.620253,9.620553e-01
0.379747,0.620253,1.024789e+00
0.392405,0.620253,1.090113e+00
0.405063,0.620253,1.157728e+00
0.417722,0.620253,1.227540e+00
0.430380,0.620253,1.299549e+00
0.443038,0.620253,1.373720e+00
0.455696,0.620253,1.449374e+00
0.468354,0.620253,1.526245e+00
0.481013,0.620253,1.604308e+00
0.493671,0.620253,1.682827e+00
0.506329,0.620253,1.761449e+00
0.518987,0.620253,1.840149e+00
0.531646,0.620253,1.918098e+00
0.544304,0.620253,1.994904e+00
0.556962,0.620253,2.070566e+00
0.569620,0.620253,2.144753e+00
0.582278,0.620253,2.216773e+00
0.594937,0.620253,2.286604e+00
0.607595,0.620253,2.354248e+00
0.620253,0.620253,2.419564e+00
0.632911,0.620253,2.482276e+00
0.645570,0.620253,2.542375e+00
0.658228,0.620253,2.599862e+00
0.670886,0.620253,2.654745e+00
0.683544,0.620253,2.707176e+00
0.696203,0.620253,2.757208e+00
0.708861,0.620253,2.804842e+00
0.721519,0.620253,2.850078e+00
0.734177,0.620253,2.892952e+00
0.746835,0.620253,2.933831e+00
0.759494,0.620253,2.972808e+00
0.772152,0.620253,3.009883e+00
0.784810,0.620253,3.045057e+00
0.797468,0.620253,3.078344e+00
0.810127,0.620253,3.110082e+00
0.822785,0.620253,3.140409e+00
0.835443,0.620253,3.169324e+00
0.848101,0.620253,3.196828e+00
0.860759,0.620253,3.222920e+00
0.873418,0.620253,3.247780e+00
0.886076,0.620253,3.271615e+00
0.898734,0.620253,3.294425e+00
0.911392,0.620253,3.316211e+00
0.924051,0.620253,3.336973e+00
0.936709,0.620253,3.356752e+00
0.949367,0.620253,3.375757e+00
0.962025,0.620253,3.394017e+00
0.974684,0.620253,3.411532e+00
0.987342,0.620253,3.428302e+00
1.000000,0.620253,3.444327e+00
0.000000,0.632911,0.000000e+00
0.012658,0.632911,1.632319e-02
0.025316,0.632911,3.347683e-02
0.037975,0.632911,5.146093e-02
0.050633,0.632911,7.027549e-02
0.063291,0.632911,8.992050e-02
0.075949,0.632911,1.103960e-01
0.088608,0.632911,1.317019e-01
0.101266,0.632911,1.538383e-01
0.113924,0.632911,1.769872e-01
0.126582,0.632911,2.014110e-01
0.139241,0.632911,2.271117e-01
0.151899,0.632911,2.540893e-01
0.164557,0.632911,2.823439e-01
0.177215,0.632911,3.118755e-01
0.189873,0.632911,3.427270e-01
0.202532,0.632911,3.752937e-01
0.215190,0.632911,4.096713e-01
0.227848,0.632911,4.458599e-01
0.240506,0.632911,4.838594e-01
0.253165,0.632911,5.236698e-01
0.265823,0.632911,5.654606e-01
0.278481,0.632911,6.096115e-01
0.291139,0.632911,6.561369e-01
0.303797,0.632911,7.050366e-01
0.316456,0.632911,7.563106e-01
0.329114,0.632911,8.099927e-01
0.341772,0.632911,8.663117e-01
0.354430,0.632911,9.253108e-01
0.367089,0.632911,9.869900e-01
0.379747,0.632911,1.051349e+00
0.392405,0.632911,1.118366e+00
0.405063,0.632911,1.187735e+00
0.417722,0.632911,1.259356e+00
0.430380,0.632911,1.333231e+00
0.443038,0.632911,1.409324e+00
0.455696,0.632911,1.486939e+00
0.468354,0.632911,1.565802e+00
0.481013,0.632911,1.645889e+00
0.493671,0.632911,1.726443e+00
0.506329,0.632911,1.807103e+00
0.518987,0.632911,1.887842e+00
0.531646,0.632911,1.967812e+00
0.544304,0.632911,2.046608e+00
0.556962,0.632911,2.124232e+00
0.569620,0.632911,2.200341e+00
0.582278,0.632911,2.274228e+00
0.594937,0.632911,2.345869e+00
0.607595,0.632911,2.415266e+00
0.620253,0.632911,2.482275e+00
0.632911,0.632911,2.546612e+00
0.645570,0.632911,2.608269e+00
0.658228,0.632911,2.667246e+00
0.670886,0.632911,2.723552e+00
0.683544,0.632911,2.777341e+00
0.696203,0.632911,2.828670e+00
0.708861,0.632911,2.877539e+00
0.721519,0.632911,2.923947e+00
0.734177,0.632911,2.967932e+00
0.746835,0.632911,3.009870e+00
0.759494,0.632911,3.049858e+00
0.772152,0.632911,3.087894e+00
0.784810,0.632911,3.123980e+00
0.797468,0.632911,3.158130e+00
0.810127,0.632911,3.190690e+00
0.822785,0.632911,3.221803e+00
0.835443,0.632911,3.251467e+00
0.848101,0.632911,3.279684e+00
0.860759,0.632911,3.306453e+00
0.873418,0.632911,3.331957e+00
0.886076,0.632911,3.356409e+00
0.898734,0.632911,3.379811e+00
0.911392,0.632911,3.402162e+00
0.924051,0.632911,3.423461e+00
0.936709,0.632911,3.443753e+00
0.949367,0.632911,3.463251e+00
0.962025,0.632911,3.481984e+00
0.974684,0.632911,3.499953e+00
0.987342,0.632911,3.517158e+00
1.000000,0.632911,3.533598e+00
0.000000,0.645570,0.000000e+00
0.012658,0.645570,1.671839e-02
0.025316,0.645570,3.428734e-02
0.037975,0.645570,5.270685e-02
0.050633,0.645570,7.197693e-02
0.063291,0.645570,9.209757e-02
0.075949,0.645570,1.130688e-01
0.088608,0.645570,1.348905e-01
0.101266,0.645570,1.575629e-01
0.113924,0.645570,1.812722e-01
0.126582,0.645570,2.062873e-01
0.139241,0.645570,2.326103e-01
0.151899,0.645570,2.602411e-01
0.164557,0.645570,2.891798e-01
0.177215,0.645570,3.194263e-01
0.189873,0.645570,3.510248e-01
0.202532,0.645570,3.843800e-01
0.215190,0.645570,4.195899e-01
0.227848,0.645570,4.566547e-01
0.240506,0.645570,4.955742e-01
0.253165,0.645570,5.363484e-01
0.265823,0.645570,5.791510e-01
0.278481,0.645570,6.243710e-01
0.291139,0.645570,6.720227e-01
0.303797,0.645570,7.221064e-01
0.316456,0.645570,7.746218e-01
0.329114,0.645570,8.296035e-01
0.341772,0.645570,8.872861e-01
0.354430,0.645570,9.477137e-01
0.367089,0.645570,1.010886e+00
0.379747,0.645570,1.076804e+00
0.392405,0.645570,1.145443e+00
0.405063,0.645570,1.216491e+00
0.417722,0.645570,1.289847e+00
0.430380,0.645570,1.365510e+00
0.443038,0.645570,1.443446e+00
0.455696,0.645570,1.522940e+00
0.468354,0.645570,1.603712e+00
0.481013,0.645570,1.685738e+00
0.493671,0.645570,1.768242e+00
0.506329,0.645570,1.850855e+00
0.518987,0.645570,1.933549e+00
0.531646,0.645570,2.015455e+00
0.544304,0.645570,2.096159e+00
0.556962,0.645570,2.175662e+00
0.569620,0.645570,2.253614e+00
0.582278,0.645570,2.329290e+00
0.594937,0.645570,2.402666e+00
0.607595,0.645570,2.473742e+00
0.620253,0.645570,2.542374e+00
0.632911,0.645570,2.608268e+00
0.645570,0.645570,2.671418e+00
0.658228,0.645570,2.731823e+00
0.670886,0.645570,2.789492e+00
0.683544,0.645570,2.844584e+00
0.696203,0.645570,2.897156e+00
0.708861,0.645570,2.947207e+00
0.721519,0.645570,2.994739e+00
0.734177,0.645570,3.039790e+00
0.746835,0.645570,3.082743e+00
0.759494,0.645570,3.123698e+00
0.772152,0.645570,3.162656e+00
0.784810,0.645570,3.199615e+00
0.797468,0.645570,3.234592e+00
0.810127,0.645570,3.267941e+00
0.822785,0.645570,3.299807e+00
0.835443,0.645570,3.330189e+00
0.848101,0.645570,3.359089e+00
0.860759,0.645570,3.386506e+00
0.873418,0.645570,3.412627e+00
0.886076,0.645570,3.437672e+00
0.898734,0.645570,3.461640e+00
0.911392,0.645570,3.484532e+00
0.924051,0.645570,3.506348e+00
0.936709,0.645570,3.527131e+00
0.949367,0.645570,3.547101e+00
0.962025,0.645570,3.566288e+00
0.974684,0.645570,3.584692e+00
0.987342,0.645570,3.602313e+00
1.000000,0.645570,3.619151e+00
0.000000,0.658228,0.000000e+00
0.012658,0.658228,1.709642e-02
0.025316,0.658228,3.506263e-02
0.037975,0.658228,5.389864e-02
0.050633,0.658228,7.360444e-02
0.063291,0.658228,9.418003e-02
0.075949,0.658228,1.156254e-01
0.088608,0.658228,1.379406e-01
0.101266,0.658228,1.611256e-01
0.113924,0.658228,1.853711e-01
0.126582,0.658228,2.109518e-01
0.139241,0.658228,2.378700e-01
0.151899,0.658228,2.661256e-01
0.164557,0.658228,2.957186e-01
0.177215,0.658228,3.266490e-01
0.189873,0.658228,3.589620e-01
0.202532,0.658228,3.930714e-01
0.215190,0.658228,4.290775e-01
0.227848,0.658228,4.669803e-01
0.240506,0.658228,5.067798e-01
0.253165,0.658228,5.484761e-01
0.265823,0.658228,5.922465e-01
0.278481,0.658228,6.384890e-01
0.291139,0.658228,6.872182e-01
0.303797,0.658228,7.384343e-01
0.316456,0.658228,7.921372e-01
0.329114,0.658228,8.483622e-01
0.341772,0.658228,9.073490e-01
0.354430,0.658228,9.691430e-01
0.367089,0.658228,1.033744e+00
0.379747,0.658228,1.101152e+00
0.392405,0.658228,1.171344e+00
0.405063,0.658228,1.243998e+00
0.417722,0.658228,1.319012e+00
0.430380,0.658228,1.396386e+00
0.443038,0.658228,1.476084e+00
0.455696,0.658228,1.557376e+00
0.468354,0.658228,1.639975e+00
0.481013,0.658228,1.723855e+00
0.493671,0.658228,1.808225e+00
0.506329,0.658228,1.892706e+00
0.518987,0.658228,1.977270e+00
0.531646,0.658228,2.061028e+00
0.544304,0.658228,2.143557e+00
0.556962,0.658228,2.224857e+00
0.569620,0.658228,2.304572e+00
0.582278,0.658228,2.381959e+00
0.594937,0.658228,2.456994e+00
0.607595,0.658228,2.529677e+00
0.620253,0.658228,2.599861e+00
0.632911,0.658228,2.667246e+00
0.645570,0.658228,2.731823e+00
0.658228,0.658228,2.793594e+00
0.670886,0.658228,2.852567e+00
0.683544,0.658228,2.908904e+00
0.696203,0.658228,2.962665e+00
0.708861,0.658228,3.013848e+00
0.721519,0.658228,3.062455e+00
0.734177,0.658228,3.108524e+00
0.746835,0.658228,3.152449e+00
0.759494,0.658228,3.194330e+00
0.772152,0.658228,3.234168e+00
0.784810,0.658228,3.271963e+00
0.797468,0.658228,3.307731e+00
0.810127,0.658228,3.341834e+00
0.822785,0.658228,3.374421e+00
0.835443,0.658228,3.405490e+00
0.848101,0.658228,3.435043e+00
0.860759,0.658228,3.463080e+00
0.873418,0.658228,3.489792e+00
0.886076,0.658228,3.515403e+00
0.898734,0.658228,3.539914e+00
0.911392,0.658228,3.563323e+00
0.924051,0.658228,3.585632e+00
0.936709,0.658228,3.606885e+00
0.949367,0.658228,3.627306e+00
0.962025,0.658228,3.646927e+00
0.974684,0.658228,3.665747e+00
0.987342,0.658228,3.683767e+00
1.000000,0.658228,3.700986e+00
0.000000,0.670886,0.000000e+00
0.012658,0.670886,1.745732e-02
0.025316,0.670886,3.580280e-02
0.037975,0.670886,5.503644e-02
0.050633,0.670886,7.515823e-02
0.063291,0.670886,9.616818e-02
0.075949,0.670886,1.180663e-01
0.088608,0.670886,1.408525e-01
0.101266,0.670886,1.645270e-01
0.113924,0.670886,1.892843e-01
0.126582,0.670886,2.154050e-01
0.139241,0.670886,2.428914e-01
0.151899,0.670886,2.717435e-01
0.164557,0.670886,3.019612e-01
0.177215,0.670886,3.335446e-01
0.189873,0.670886,3.665397e-01
0.202532,0.670886,4.013691e-01
0.215190,0.670886,4.381353e-01
0.227848,0.670886,4.768383e-01
0.240506,0.670886,5.174780e-01
0.253165,0.670886,5.600544e-01
0.265823,0.670886,6.047489e-01
0.278481,0.670886,6.519675e-01
0.291139,0.670886,7.017254e-01
0.303797,0.670886,7.540227e-01
0.316456,0.670886,8.088593e-01
0.329114,0.670886,8.662711e-01
0.341772,0.670886,9.265032e-01
0.354430,0.670886,9.896016e-01
0.367089,0.670886,1.055566e+00
0.379747,0.670886,1.124397e+00
0.392405,0.670886,1.196071e+00
0.405063,0.670886,1.270259e+00
0.417722,0.670886,1.346856e+00
0.430380,0.670886,1.425864e+00
0.443038,0.670886,1.507245e+00
0.455696,0.670886,1.590252e+00
0.468354,0.670886,1.674595e+00
0.481013,0.670886,1.760246e+00
0.493671,0.670886,1.846397e+00
0.506329,0.670886,1.932661e+00
0.518987,0.670886,2.019010e+00
0.531646,0.670886,2.104536e+00
0.544304,0.670886,2.188807e+00
0.556962,0.670886,2.271824e+00
0.569620,0.670886,2.353222e+00
0.582278,0.670886,2.432242e+00
0.594937,0.670886,2.508861e+00
0.607595,0.670886,2.583079e+00
0.620253,0.670886,2.654744e+00
0.632911,0.670886,2.723551e+00
0.645570,0.670886,2.789492e+00
0.658228,0.670886,2.852567e+00
0.670886,0.670886,2.912785e+00
0.683544,0.670886,2.970311e+00
0.696203,0.670886,3.025207e+00
0.708861,0.670886,3.077471e+00
0.721519,0.670886,3.127103e+00
0.734177,0.670886,3.174145e+00
0.746835,0.670886,3.218997e+00
0.759494,0.670886,3.261763e+00
0.772152,0.670886,3.302442e+00
0.784810,0.670886,3.341035e+00
0.797468,0.670886,3.377558e+00
0.810127,0.670886,3.412380e+00
0.822785,0.670886,3.445655e+00
0.835443,0.670886,3.477380e+00
0.848101,0.670886,3.507557e+00
0.860759,0.670886,3.536186e+00
0.873418,0.670886,3.563462e+00
0.886076,0.670886,3.589613e+00
0.898734,0.670886,3.614641e+00
0.911392,0.670886,3.638545e+00
0.924051,0.670886,3.661324e+00
0.936709,0.670886,3.683026e+00
0.949367,0.670886,3.703879e+00
0.962025,0.670886,3.723914e+00
0.974684,0.670886,3.743131e+00
0.987342,0.670886,3.761531e+00
1.000000,0.670886,3.779113e+00
0.000000,0.683544,0.000000e+00
0.012658,0.683544,1.780209e-02
0.025316,0.683544,3.650989e-02
0.037975,0.683544,5.612337e-02
0.050633,0.683544,7.664256e-02
0.063291,0.683544,9.806743e-02
0.075949,0.683544,1.203980e-01
0.088608,0.683544,1.436343e-01
0.101266,0.683544,1.677762e-01
0.113924,0.683544,1.930225e-01
0.126582,0.683544,2.196591e-01
0.139241,0.683544,2.476883e-01
0.151899,0.683544,2.771102e-01
0.164557,0.683544,3.079247e-01
0.177215,0.683544,3.401319e-01
0.189873,0.683544,3.737786e-01
0.202532,0.683544,4.092959e-01
0.215190,0.683544,4.467882e-01
0.227848,0.683544,4.862555e-01
0.240506,0.683544,5.276978e-01
0.253165,0.683544,5.711151e-01
0.265823,0.683544,6.166922e-01
0.278481,0.683544,6.648433e-01
0.291139,0.683544,7.155840e-01
0.303797,0.683544,7.689141e-01
0.316456,0.683544,8.248336e-01
0.329114,0.683544,8.833794e-01
0.341772,0.683544,9.448010e-01
0.354430,0.683544,1.009146e+00
0.367089,0.683544,1.076413e+00
0.379747,0.683544,1.146603e+00
0.392405,0.683544,1.219692e+00
0.405063,0.683544,1.295345e+00
0.417722,0.683544,1.373456e+00
0.430380,0.683544,1.454024e+00
0.443038,0.683544,1.537012e+00
0.455696,0.683544,1.621658e+00
0.468354,0.683544,1.707667e+00
0.481013,0.683544,1.795010e+00
0.493671,0.683544,1.882862e+00
0.506329,0.683544,1.970830e+00
0.518987,0.683544,2.058884e+00
0.531646,0.683544,2.146099e+00
0.544304,0.683544,2.232034e+00
0.556962,0.683544,2.316691e+00
0.569620,0.683544,2.399696e+00
0.582278,0.683544,2.480277e+00
0.594937,0.683544,2.558409e+00
0.607595,0.683544,2.634093e+00
0.620253,0.683544,2.707173e+00
0.632911,0.683544,2.777339e+00
0.645570,0.683544,2.844582e+00
0.658228,0.683544,2.908903e+00
0.670886,0.683544,2.970310e+00
0.683544,0.683544,3.028973e+00
0.696203,0.683544,3.084952e+00
0.708861,0.683544,3.138248e+00
0.721519,0.683544,3.188861e+00
0.734177,0.683544,3.236832e+00
0.746835,0.683544,3.282570e+00
0.759494,0.683544,3.326180e+00
0.772152,0.683544,3.367662e+00
0.784810,0.683544,3.407017e+00
0.797468,0.683544,3.444262e+00
0.810127,0.683544,3.479772e+00
0.822785,0.683544,3.513704e+00
0.835443,0.683544,3.546056e+00
0.848101,0.683544,3.576829e+00
0.860759,0.683544,3.606023e+00
0.873418,0.683544,3.633837e+00
0.886076,0.683544,3.660506e+00
0.898734,0.683544,3.686028e+00
0.911392,0.683544,3.710403e+00
0.924051,0.683544,3.733633e+00
0.936709,0.683544,3.755763e+00
0.949367,0.683544,3.777027e+00
0.962025,0.683544,3.797458e+00
0.974684,0.683544,3.817055e+00
0.987342,0.683544,3.835818e+00
1.000000,0.683544,3.853748e+00
0.000000,0.696203,0.000000e+00
0.012658,0.696203,1.813111e-02
0.025316,0.696203,3.718465e-02
0.037975,0.696203,5.716062e-02
0.050633,0.696203,7.805903e-02
0.063291,0.696203,9.987988e-02
0.075949,0.696203,1.226232e-01
0.088608,0.696203,1.462889e-01
0.101266,0.696203,1.708770e-01
0.113924,0.696203,1.965899e-01
0.126582,0.696203,2.237187e-01
0.139241,0.696203,2.522660e-01
0.151899,0.696203,2.822316e-01
0.164557,0.696203,3.136157e-01
0.177215,0.696203,3.464180e-01
0.189873,0.696203,3.806866e-01
0.202532,0.696203,4.168603e-01
0.215190,0.696203,4.550455e-01
0.227848,0.696203,4.952422e-01
0.240506,0.696203,5.374504e-01
0.253165,0.696203,5.816702e-01
0.265823,0.696203,6.280896e-01
0.278481,0.696203,6.771307e-01
0.291139,0.696203,7.288091e-01
0.303797,0.696203,7.831248e-01
0.316456,0.696203,8.400778e-01
0.329114,0.696203,8.997056e-01
0.341772,0.696203,9.622623e-01
0.354430,0.696203,1.027796e+00
0.367089,0.696203,1.096307e+00
0.379747,0.696203,1.167794e+00
0.392405,0.696203,1.242234e+00
0.405063,0.696203,1.319285e+00
0.417722,0.696203,1.398839e+00
0.430380,0.696203,1.480896e+00
0.443038,0.696203,1.565418e+00
0.455696,0.696203,1.651629e+00
0.468354,0.696203,1.739227e+00
0.481013,0.696203,1.828184e+00
0.493671,0.696203,1.917660e+00
0.506329,0.696203,2.007254e+00
0.518987,0.696203,2.096935e+00
0.531646,0.696203,2.185762e+00
0.544304,0.696203,2.273286e+00
0.556962,0.696203,2.359507e+00
0.569620,0.696203,2.444046e+00
0.582278,0.696203,2.526116e+00
0.594937,0.696203,2.605692e+00
0.607595,0.696203,2.682775e+00
0.620253,0.696203,2.757206e+00
0.632911,0.696203,2.828668e+00
0.645570,0.696203,2.897154e+00
0.658228,0.696203,2.962663e+00
0.670886,0.696203,3.025206e+00
0.683544,0.696203,3.084953e+00
0.696203,0.696203,3.141967e+00
0.708861,0.696203,3.196248e+00
0.721519,0.696203,3.247796e+00
0.734177,0.696203,3.296653e+00
0.746835,0.696203,3.343236e+00
0.759494,0.696203,3.387653e+00
0.772152,0.696203,3.429902e+00
0.784810,0.696203,3.469984e+00
0.797468,0.696203,3.507917e+00
0.810127,0.696203,3.544084e+00
0.822785,0.696203,3.578642e+00
0.835443,0.696203,3.611592e+00
0.848101,0.696203,3.642934e+00
0.860759,0.696203,3.672667e+00
0.873418,0.696203,3.700996e+00
0.886076,0.696203,3.728157e+00
0.898734,0.696203,3.754151e+00
0.911392,0.696203,3.778977e+00
0.924051,0.696203,3.802636e+00
0.936709,0.696203,3.825175e+00
0.949367,0.696203,3.846833e+00
0.962025,0.696203,3.867641e+00
0.974684,0.696203,3.887600e+00
0.987342,0.696203,3.906710e+00
1.000000,0.696203,3.924971e+00
0.000000,0.708861,0.000000e+00
0.012658,0.708861,1.844436e-02
0.025316,0.708861,3.782709e-02
0.037975,0.708861,5.814819e-02
0.050633,0.708861,7.940767e-02
0.063291,0.708861,1.016055e-01
0.075949,0.708861,1.247417e-01
0.088608,0.708861,1.488163e-01
0.101266,0.708861,1.738293e-01
0.113924,0.708861,1.999863e-01
0.126582,0.708861,2.275839e-01
0.139241,0.708861,2.566244e-01
0.151899,0.708861,2.871078e-01
0.164557,0.708861,3.190340e-01
0.177215,0.708861,3.524031e-01
0.189873,0.708861,3.872637e-01
0.202532,0.708861,4.240624e-01
0.215190,0.708861,4.629073e-01
0.227848,0.708861,5.037985e-01
0.240506,0.708861,5.467360e-01
0.253165,0.708861,5.917196e-01
0.265823,0.708861,6.389411e-01
0.278481,0.708861,6.888294e-01
0.291139,0.708861,7.414007e-01
0.303797,0.708861,7.966548e-01
0.316456,0.708861,8.545918e-01
0.329114,0.708861,9.152497e-01
0.341772,0.708861,9.788873e-01
0.354430,0.708861,1.045553e+00
0.367089,0.708861,1.115248e+00
0.379747,0.708861,1.187970e+00
0.392405,0.708861,1.263696e+00
0.405063,0.708861,1.342078e+00
0.417722,0.708861,1.423007e+00
0.430380,0.708861,1.506482e+00
0.443038,0.708861,1.592463e+00
0.455696,0.708861,1.680164e+00
0.468354,0.708861,1.769275e+00
0.481013,0.708861,1.859769e+00
0.493671,0.708861,1.950791e+00
0.506329,0.708861,2.041933e+00
0.518987,0.708861,2.133164e+00
0.531646,0.708861,2.223525e+00
0.544304,0.708861,2.312561e+00
0.556962,0.708861,2.400272e+00
0.569620,0.708861,2.486271e+00
0.582278,0.708861,2.569759e+00
0.594937,0.708861,2.650710e+00
0.607595,0.708861,2.729125e+00
0.620253,0.708861,2.804841e+00
0.632911,0.708861,2.877539e+00
0.645570,0.708861,2.947208e+00
0.658228,0.708861,3.013849e+00
0.670886,0.708861,3.077472e+00
0.683544,0.708861,3.138251e+00
0.696203,0.708861,3.196250e+00
0.708861,0.708861,3.251469e+00
0.721519,0.708861,3.303908e+00
0.734177,0.708861,3.353609e+00
0.746835,0.708861,3.400997e+00
0.759494,0.708861,3.446181e+00
0.772152,0.708861,3.489160e+00
0.784810,0.708861,3.529935e+00
0.797468,0.708861,3.568523e+00
0.810127,0.708861,3.605314e+00
0.822785,0.708861,3.640470e+00
0.835443,0.708861,3.673989e+00
0.848101,0.708861,3.705873e+00
0.860759,0.708861,3.736120e+00
0.873418,0.708861,3.764938e+00
0.886076,0.708861,3.792568e+00
0.898734,0.708861,3.819011e+00
0.911392,0.708861,3.844266e+00
0.924051,0.708861,3.868334e+00
0.936709,0.708861,3.891262e+00
0.949367,0.708861,3.913294e+00
0.962025,0.708861,3.934462e+00
0.974684,0.708861,3.954766e+00
0.987342,0.708861,3.974206e+00
1.000000,0.708861,3.992782e+00
0.000000,0.721519,0.000000e+00
0.012658,0.721519,1.874185e-02
0.025316,0.721519,3.843721e-02
0.037975,0.721519,5.908608e-02
0.050633,0.721519,8.068845e-02
0.063291,0.721519,1.032443e-01
0.075949,0.721519,1.267537e-01
0.088608,0.721519,1.512166e-01
0.101266,0.721519,1.766330e-01
0.113924,0.721519,2.032120e-01
0.126582,0.721519,2.312547e-01
0.139241,0.721519,2.607635e-01
0.151899,0.721519,2.917386e-01
0.164557,0.721519,3.241797e-01
0.177215,0.721519,3.580870e-01
0.189873,0.721519,3.935099e-01
0.202532,0.721519,4.309021e-01
0.215190,0.721519,4.703736e-01
0.227848,0.721519,5.119243e-01
0.240506,0.721519,5.555543e-01
0.253165,0.721519,6.012636e-01
0.265823,0.721519,6.492466e-01
0.278481,0.721519,6.999396e-01
0.291139,0.721519,7.533588e-01
0.303797,0.721519,8.095041e-01
0.316456,0.721519,8.683756e-01
0.329114,0.721519,9.300119e-01
0.341772,0.721519,9.946758e-01
0.354430,0.721519,1.062417e+00
0.367089,0.721519,1.133235e+00
0.379747,0.721519,1.207131e+00
0.392405,0.721519,1.284078e+00
0.405063,0.721519,1.363725e+00
0.417722,0.721519,1.445959e+00
0.430380,0.721519,1.530780e+00
0.443038,0.721519,1.618148e+00
0.455696,0.721519,1.707264e+00
0.468354,0.721519,1.797812e+00
0.481013,0.721519,1.889766e+00
0.493671,0.721519,1.982255e+00
0.506329,0.721519,2.074867e+00
0.518987,0.721519,2.167569e+00
0.531646,0.721519,2.259388e+00
0.544304,0.721519,2.349860e+00
0.556962,0.721519,2.438986e+00
0.569620,0.721519,2.526372e+00
0.582278,0.721519,2.611207e+00
0.594937,0.721519,2.693464e+00
0.607595,0.721519,2.773143e+00
0.620253,0.721519,2.850081e+00
0.632911,0.721519,2.923951e+00
0.645570,0.721519,2.994744e+00
0.658228,0.721519,3.062459e+00
0.670886,0.721519,3.127108e+00
0.683544,0.721519,3.188868e+00
0.696203,0.721519,3.247802e+00
0.708861,0.721519,3.303912e+00
0.721519,0.721519,3.357197e+00
0.734177,0.721519,3.407700e+00
0.746835,0.721519,3.455852e+00
0.759494,0.721519,3.501764e+00
0.772152,0.721519,3.545437e+00
0.784810,0.721519,3.586869e+00
0.797468,0.721519,3.626079e+00
0.810127,0.721519,3.663464e+00
0.822785,0.721519,3.699187e+00
0.835443,0.721519,3.733247e+00
0.848101,0.721519,3.765645e+00
0.860759,0.721519,3.796380e+00
0.873418,0.721519,3.825663e+00
0.886076,0.721519,3.853738e+00
0.898734,0.721519,3.880608e+00
0.911392,0.721519,3.906270e+00
0.924051,0.721519,3.930726e+00
0.936709,0.721519,3.954024e+00
0.949367,0.721519,3.976411e+00
0.962025,0.721519,3.997920e+00
0.974684,0.721519,4.018552e+00
0.987342,0.721519,4.038306e+00
1.000000,0.721519,4.057182e+00
0.000000,0.734177,0.000000e+00
0.012658,0.734177,1.902380e-02
0.025316,0.734177,3.901544e-02
0.037975,0.734177,5.997494e-02
0.050633,0.734177,8.190228e-02
0.063291,0.734177,1.047975e-01
0.075949,0.734177,1.286605e-01
0.088608,0.734177,1.534914e-01
0.101266,0.734177,1.792902e-01
0.113924,0.734177,2.062690e-01
0.126582,0.734177,2.347335e-01
0.139241,0.734177,2.646863e-01
0.151899,0.734177,2.961273e-01
0.164557,0.734177,3.290565e-01
0.177215,0.734177,3.634739e-01
0.189873,0.734177,3.994296e-01
0.202532,0.734177,4.373843e-01
0.215190,0.734177,4.774496e-01
0.227848,0.734177,5.196254e-01
0.240506,0.734177,5.639117e-01
0.253165,0.734177,6.103085e-01
0.265823,0.734177,6.590135e-01
0.278481,0.734177,7.104690e-01
0.291139,0.734177,7.646918e-01
0.303797,0.734177,8.216817e-01
0.316456,0.734177,8.814388e-01
0.329114,0.734177,9.440023e-01
0.341772,0.734177,1.009639e+00
0.354430,0.734177,1.078399e+00
0.367089,0.734177,1.150283e+00
0.379747,0.734177,1.225290e+00
0.392405,0.734177,1.303395e+00
0.405063,0.734177,1.384240e+00
0.417722,0.734177,1.467711e+00
0.430380,0.734177,1.553808e+00
0.443038,0.734177,1.642490e+00
0.455696,0.734177,1.732946e+00
0.468354,0.734177,1.824857e+00
0.481013,0.734177,1.918194e+00
0.493671,0.734177,2.012075e+00
0.506329,0.734177,2.106080e+00
0.518987,0.734177,2.200177e+00
0.531646,0.734177,2.293377e+00
0.544304,0.734177,2.385210e+00
0.556962,0.734177,2.475676e+00
0.569620,0.734177,2.564377e+00
0.582278,0.734177,2.650488e+00
0.594937,0.734177,2.733982e+00
0.607595,0.734177,2.814860e+00
0.620253,0.734177,2.892955e+00
0.632911,0.734177,2.967936e+00
0.645570,0.734177,3.039794e+00
0.658228,0.734177,3.108528e+00
0.670886,0.734177,3.174150e+00
0.683544,0.734177,3.236838e+00
0.696203,0.734177,3.296660e+00
0.708861,0.734177,3.353613e+00
0.721519,0.734177,3.407699e+00
0.734177,0.734177,3.458962e+00
0.746835,0.734177,3.507839e+00
0.759494,0.734177,3.554442e+00
0.772152,0.734177,3.598771e+00
0.784810,0.734177,3.640827e+00
0.797468,0.734177,3.680627e+00
0.810127,0.734177,3.718575e+00
0.822785,0.734177,3.754835e+00
0.835443,0.734177,3.789407e+00
0.848101,0.734177,3.822292e+00
0.860759,0.734177,3.853489e+00
0.873418,0.734177,3.883213e+00
0.886076,0.734177,3.911711e+00
0.898734,0.734177,3.938984e+00
0.911392,0.734177,3.965033e+00
0.924051,0.734177,3.989857e+00
0.936709,0.734177,4.013505e+00
0.949367,0.734177,4.036229e+00
0.962025,0.734177,4.058062e+00
0.974684,0.734177,4.079004e+00
0.987342,0.734177,4.099055e+00
1.000000,0.734177,4.118214e+00
0.000000,0.746835,0.000000e+00
0.012658,0.746835,1.929258e-02
0.025316,0.746835,3.956668e-02
0.037975,0.746835,6.082231e-02
0.050633,0.746835,8.305946e-02
0.063291,0.746835,1.062781e-01
0.075949,0.746835,1.304783e-01
0.088608,0.746835,1.556600e-01
0.101266,0.746835,1.818233e-01
0.113924,0.746835,2.091833e-01
0.126582,0.746835,2.380500e-01
0.139241,0.746835,2.684260e-01
0.151899,0.746835,3.003112e-01
0.164557,0.746835,3.337056e-01
0.177215,0.746835,3.686092e-01
0.189873,0.746835,4.050730e-01
0.202532,0.746835,4.435639e-01
0.215190,0.746835,4.841953e-01
0.227848,0.746835,5.269669e-01
0.240506,0.746835,5.718790e-01
0.253165,0.746835,6.189313e-01
0.265823,0.746835,6.683244e-01
0.278481,0.746835,7.205069e-01
0.291139,0.746835,7.754958e-01
0.303797,0.746835,8.332909e-01
0.316456,0.746835,8.938923e-01
0.329114,0.746835,9.573397e-01
0.341772,0.746835,1.023904e+00
0.354430,0.746835,1.093635e+00
0.367089,0.746835,1.166535e+00
0.379747,0.746835,1.242602e+00
0.392405,0.746835,1.321810e+00
0.405063,0.746835,1.403797e+00
0.417722,0.746835,1.488447e+00
0.430380,0.746835,1.575761e+00
0.443038,0.746835,1.665696e+00
0.455696,0.746835,1.757430e+00
0.468354,0.746835,1.850639e+00
0.481013,0.746835,1.945295e+00
0.493671,0.746835,2.040502e+00
0.506329,0.746835,2.135835e+00
0.518987,0.746835,2.231262e+00
0.531646,0.746835,2.325779e+00
0.544304,0.746835,2.418909e+00
0.556962,0.746835,2.510653e+00
0.569620,0.746835,2.600608e+00
0.582278,0.746835,2.687935e+00
0.594937,0.746835,2.772609e+00
0.607595,0.746835,2.854629e+00
0.620253,0.746835,2.933828e+00
0.632911,0.746835,3.009869e+00
0.645570,0.746835,3.082742e+00
0.658228,0.746835,3.152447e+00
0.670886,0.746835,3.218996e+00
0.683544,0.746835,3.282570e+00
0.696203,0.746835,3.343236e+00
0.708861,0.746835,3.400995e+00
0.721519,0.746835,3.455845e+00
0.734177,0.746835,3.507832e+00
0.746835,0.746835,3.557399e+00
0.759494,0.746835,3.604661e+00
0.772152,0.746835,3.649616e+00
0.784810,0.746835,3.692266e+00
0.797468,0.746835,3.732629e+00
0.810127,0.746835,3.771112e+00
0.822785,0.746835,3.807885e+00
0.835443,0.746835,3.842945e+00
0.848101,0.746835,3.876295e+00
0.860759,0.746835,3.907933e+00
0.873418,0.746835,3.938077e+00
0.886076,0.746835,3.966977e+00
0.898734,0.746835,3.994636e+00
0.911392,0.746835,4.021053e+00
0.924051,0.746835,4.046227e+00
0.936709,0.746835,4.070210e+00
0.949367,0.746835,4.093255e+00
0.962025,0.746835,4.115396e+00
0.974684,0.746835,4.136634e+00
0.987342,0.746835,4.156968e+00
1.000000,0.746835,4.176398e+00
0.000000,0.759494,0.000000e+00
0.012658,0.759494,1.954888e-02
0.025316,0.759494,4.009233e-02
0.037975,0.759494,6.163033e-02
0.050633,0.759494,8.416290e-02
0.063291,0.759494,1.076900e-01
0.075949,0.759494,1.322117e-01
0.088608,0.759494,1.577280e-01
0.101266,0.759494,1.842388e-01
0.113924,0.759494,2.119622e-01
0.126582,0.759494,2.412125e-01
0.139241,0.759494,2.719920e-01
0.151899,0.759494,3.043008e-01
0.164557,0.759494,3.381388e-01
0.177215,0.759494,3.735062e-01
0.189873,0.759494,4.104543e-01
0.202532,0.759494,4.494566e-01
0.215190,0.759494,4.906277e-01
0.227848,0.759494,5.339676e-01
0.240506,0.759494,5.794763e-01
0.253165,0.759494,6.271537e-01
0.265823,0.759494,6.772029e-01
0.278481,0.759494,7.300787e-01
0.291139,0.759494,7.857981e-01
0.303797,0.759494,8.443610e-01
0.316456,0.759494,9.057675e-01
0.329114,0.759494,9.700578e-01
0.341772,0.759494,1.037506e+00
0.354430,0.759494,1.108164e+00
0.367089,0.759494,1.182032e+00
0.379747,0.759494,1.259110e+00
0.392405,0.759494,1.339370e+00
0.405063,0.759494,1.422446e+00
0.417722,0.759494,1.508221e+00
0.430380,0.759494,1.596694e+00
0.443038,0.759494,1.687825e+00
0.455696,0.759494,1.780777e+00
0.468354,0.759494,1.875224e+00
0.481013,0.759494,1.971138e+00
0.493671,0.759494,2.067610e+00
0.506329,0.759494,2.164209e+00
0.518987,0.759494,2.260904e+00
0.531646,0.759494,2.356676e+00
0.544304,0.759494,2.451044e+00
0.556962,0.759494,2.544007e+00
0.569620,0.759494,2.635156e+00
0.582278,0.759494,2.723643e+00
0.594937,0.759494,2.809442e+00
0.607595,0.759494,2.892552e+00
0.620253,0.759494,2.972803e+00
0.632911,0.759494,3.049854e+00
0.645570,0.759494,3.123695e+00
0.658228,0.759494,3.194326e+00
0.670886,0.759494,3.261759e+00
0.683544,0.759494,3.326178e+00
0.696203,0.759494,3.387650e+00
0.708861,0.759494,3.446176e+00
0.721519,0.759494,3.501755e+00
0.734177,0.759494,3.554432e+00
0.746835,0.759494,3.604658e+00
0.759494,0.759494,3.652547e+00
0.772152,0.759494,3.698100e+00
0.784810,0.759494,3.741317e+00
0.797468,0.759494,3.782216e+00
0.810127,0.759494,3.821211e+00
0.822785,0.759494,3.858471e+00
0.835443,0.759494,3.893998e+00
0.848101,0.759494,3.927790e+00
0.860759,0.759494,3.959849e+00
0.873418,0.759494,3.990393e+00
0.886076,0.759494,4.019678e+00
0.898734,0.759494,4.047704e+00
0.911392,0.759494,4.074471e+00
0.924051,0.759494,4.099980e+00
0.936709,0.759494,4.124282e+00
0.949367,0.759494,4.147633e+00
0.962025,0.759494,4.170068e+00
0.974684,0.759494,4.191588e+00
0.987342,0.759494,4.212192e+00
1.000000,0.759494,4.231881e+00
0.000000,0.772152,0.000000e+00
0.012658,0.772152,1.979270e-02
0.025316,0.772152,4.059237e-02
0.037975,0.772152,6.239901e-02
0.050633,0.772152,8.521261e-02
0.063291,0.772152,1.090332e-01
0.075949,0.772152,1.338607e-01
0.088608,0.772152,1.596952e-01
0.101266,0.772152,1.865367e-01
0.113924,0.772152,2.146059e-01
0.126582,0.772152,2.442209e-01
0.139241,0.772152,2.753843e-01
0.151899,0.772152,3.080961e-01
0.164557,0.772152,3.423562e-01
0.177215,0.772152,3.781646e-01
0.189873,0.772152,4.155736e-01
0.202532,0.772152,4.550623e-01
0.215190,0.772152,4.967469e-01
0.227848,0.772152,5.406274e-01
0.240506,0.772152,5.867036e-01
0.253165,0.772152,6.349757e-01
0.265823,0.772152,6.856492e-01
0.278481,0.772152,7.391844e-01
0.291139,0.772152,7.955987e-01
0.303797,0.772152,8.548920e-01
0.316456,0.772152,9.170644e-01
0.329114,0.772152,9.821565e-01
0.341772,0.772152,1.050446e+00
0.354430,0.772152,1.121985e+00
0.367089,0.772152,1.196775e+00
0.379747,0.772152,1.274813e+00
0.392405,0.772152,1.356075e+00
0.405063,0.772152,1.440187e+00
0.417722,0.772152,1.527032e+00
0.430380,0.772152,1.616608e+00
0.443038,0.772152,1.708875e+00
0.455696,0.772152,1.802987e+00
0.468354,0.772152,1.898612e+00
0.481013,0.772152,1.995722e+00
0.493671,0.772152,2.093397e+00
0.506329,0.772152,2.191202e+00
0.518987,0.772152,2.289102e+00
0.531646,0.772152,2.386069e+00
0.544304,0.772152,2.481613e+00
0.556962,0.772152,2.575736e+00
0.569620,0.772152,2.668022e+00
0.582278,0.772152,2.757613e+00
0.594937,0.772152,2.844482e+00
0.607595,0.772152,2.928628e+00
0.620253,0.772152,3.009880e+00
0.632911,0.772152,3.087892e+00
0.645570,0.772152,3.162654e+00
0.658228,0.772152,3.234166e+00
0.670886,0.772152,3.302440e+00
0.683544,0.772152,3.367662e+00
0.696203,0.772152,3.429901e+00
0.708861,0.772152,3.489157e+00
0.721519,0.772152,3.545429e+00
0.734177,0.772152,3.598764e+00
0.746835,0.772152,3.649616e+00
0.759494,0.772152,3.698102e+00
0.772152,0.772152,3.744223e+00
0.784810,0.772152,3.787979e+00
0.797468,0.772152,3.829388e+00
0.810127,0.772152,3.868869e+00
0.822785,0.772152,3.906595e+00
0.835443,0.772152,3.942564e+00
0.848101,0.772152,3.976778e+00
0.860759,0.772152,4.009236e+00
0.873418,0.772152,4.040161e+00
0.886076,0.772152,4.069811e+00
0.898734,0.772152,4.098187e+00
0.911392,0.772152,4.125288e+00
0.924051,0.772152,4.151115e+00
0.936709,0.772152,4.175720e+00
0.949367,0.772152,4.199362e+00
0.962025,0.772152,4.222077e+00
0.974684,0.772152,4.243866e+00
0.987342,0.772152,4.264727e+00
1.000000,0.772152,4.284661e+00
0.000000,0.784810,0.000000e+00
0.012658,0.784810,2.002404e-02
0.025316,0.784810,4.106682e-02
0.037975,0.784810,6.312834e-02
0.050633,0.784810,8.620859e-02
0.063291,0.784810,1.103076e-01
0.075949,0.784810,1.354253e-01
0.088608,0.784810,1.615617e-01
0.101266,0.784810,1.887169e-01
0.113924,0.784810,2.171142e-01
0.126582,0.784810,2.470754e-01
0.139241,0.784810,2.786030e-01
0.151899,0.784810,3.116971e-01
0.164557,0.784810,3.463576e-01
0.177215,0.784810,3.825846e-01
0.189873,0.784810,4.204308e-01
0.202532,0.784810,4.603811e-01
0.215190,0.784810,5.025529e-01
0.227848,0.784810,5.469462e-01
0.240506,0.784810,5.935610e-01
0.253165,0.784810,6.423973e-01
0.265823,0.784810,6.936630e-01
0.278481,0.784810,7.478240e-01
0.291139,0.784810,8.048977e-01
0.303797,0.784810,8.648840e-01
0.316456,0.784810,9.277830e-01
0.329114,0.784810,9.936359e-01
0.341772,0.784810,1.062724e+00
0.354430,0.784810,1.135099e+00
0.367089,0.784810,1.210762e+00
0.379747,0.784810,1.289713e+00
0.392405,0.784810,1.371925e+00
0.405063,0.784810,1.457020e+00
0.417722,0.784810,1.544879e+00
0.430380,0.784810,1.635503e+00
0.443038,0.784810,1.728849e+00
0.455696,0.784810,1.824060e+00
0.468354,0.784810,1.920803e+00
0.481013,0.784810,2.019048e+00
0.493671,0.784810,2.117865e+00
0.506329,0.784810,2.216812e+00
0.518987,0.784810,2.315857e+00
0.531646,0.784810,2.413957e+00
0.544304,0.784810,2.510618e+00
0.556962,0.784810,2.605841e+00
0.569620,0.784810,2.699206e+00
0.582278,0.784810,2.789844e+00
0.594937,0.784810,2.877728e+00
0.607595,0.784810,2.962858e+00
0.620253,0.784810,3.045059e+00
0.632911,0.784810,3.123983e+00
0.645570,0.784810,3.199619e+00
0.658228,0.784810,3.271967e+00
0.670886,0.784810,3.341039e+00
0.683544,0.784810,3.407023e+00
0.696203,0.784810,3.469990e+00
0.708861,0.784810,3.529938e+00
0.721519,0.784810,3.586868e+00
0.734177,0.784810,3.640826e+00
0.746835,0.784810,3.692272e+00
0.759494,0.784810,3.741325e+00
0.772152,0.784810,3.787986e+00
0.784810,0.784810,3.832252e+00
0.797468,0.784810,3.874145e+00
0.810127,0.784810,3.914088e+00
0.822785,0.784810,3.952254e+00
0.835443,0.784810,3.988645e+00
0.848101,0.784810,4.023258e+00
0.860759,0.784810,4.056096e+00
0.873418,0.784810,4.087382e+00
0.886076,0.784810,4.117379e+00
0.898734,0.784810,4.146086e+00
0.911392,0.784810,4.173504e+00
0.924051,0.784810,4.199633e+00
0.936709,0.784810,4.224525e+00
0.949367,0.784810,4.248444e+00
0.962025,0.784810,4.271425e+00
0.974684,0.784810,4.293467e+00
0.987342,0.784810,4.314572e+00
1.000000,0.784810,4.334740e+00
0.000000,0.797468,0.000000e+00
0.012658,0.797468,2.024297e-02
0.025316,0.797468,4.151582e-02
0.037975,0.797468,6.381854e-02
0.050633,0.797468,8.715113e-02
0.063291,0.797468,1.115136e-01
0.075949,0.797468,1.369059e-01
0.088608,0.797468,1.633281e-01
0.101266,0.797468,1.907802e-01
0.113924,0.797468,2.194880e-01
0.126582,0.797468,2.497768e-01
0.139241,0.797468,2.816491e-01
0.151899,0.797468,3.151050e-01
0.164557,0.797468,3.501445e-01
0.177215,0.797468,3.867675e-01
0.189873,0.797468,4.250275e-01
0.202532,0.797468,4.654146e-01
0.215190,0.797468,5.080474e-01
0.227848,0.797468,5.529261e-01
0.240506,0.797468,6.000505e-01
0.253165,0.797468,6.494208e-01
0.265823,0.797468,7.012470e-01
0.278481,0.797468,7.560001e-01
0.291139,0.797468,8.136978e-01
0.303797,0.797468,8.743399e-01
0.316456,0.797468,9.379266e-01
0.329114,0.797468,1.004500e+00
0.341772,0.797468,1.074343e+00
0.354430,0.797468,1.147509e+00
0.367089,0.797468,1.224000e+00
0.379747,0.797468,1.303814e+00
0.392405,0.797468,1.386924e+00
0.405063,0.797468,1.472950e+00
0.417722,0.797468,1.561770e+00
0.430380,0.797468,1.653384e+00
0.443038,0.797468,1.747750e+00
0.455696,0.797468,1.844003e+00
0.468354,0.797468,1.941804e+00
0.481013,0.797468,2.041122e+00
0.493671,0.797468,2.141020e+00
0.506329,0.797468,2.241049e+00
0.518987,0.797468,2.341176e+00
0.531646,0.797468,2.440349e+00
0.544304,0.797468,2.538067e+00
0.556962,0.797468,2.634331e+00
0.569620,0.797468,2.728716e+00
0.582278,0.797468,2.820345e+00
0.594937,0.797468,2.909190e+00
0.607595,0.797468,2.995251e+00
0.620253,0.797468,3.078351e+00
0.632911,0.797468,3.158138e+00
0.645570,0.797468,3.234600e+00
0.658228,0.797468,3.307740e+00
0.670886,0.797468,3.377566e+00
0.683544,0.797468,3.444272e+00
0.696203,0.797468,3.507927e+00
0.708861,0.797468,3.568531e+00
0.721519,0.797468,3.626083e+00
0.734177,0.797468,3.680631e+00
0.746835,0.797468,3.732640e+00
0.759494,0.797468,3.782230e+00
0.772152,0.797468,3.829400e+00
0.784810,0.797468,3.874151e+00
0.797468,0.797468,3.916502e+00
0.810127,0.797468,3.956881e+00
0.822785,0.797468,3.995465e+00
0.835443,0.797468,4.032253e+00
0.848101,0.797468,4.067245e+00
0.860759,0.797468,4.100442e+00
0.873418,0.797468,4.132070e+00
0.886076,0.797468,4.162395e+00
0.898734,0.797468,4.191416e+00
0.911392,0.797468,4.219134e+00
0.924051,0.797468,4.245548e+00
0.936709,0.797468,4.270713e+00
0.949367,0.797468,4.294893e+00
0.962025,0.797468,4.318125e+00
0.974684,0.797468,4.340408e+00
0.987342,0.797468,4.361744e+00
1.000000,0.797468,4.382132e+00
0.000000,0.810127,0.000000e+00
0.012658,0.810127,2.045164e-02
0.025316,0.810127,4.194377e-02
0.037975,0.810127,6.447638e-02
0.050633,0.810127,8.804948e-02
0.063291,0.810127,1.126631e-01
0.075949,0.810127,1.383172e-01
0.088608,0.810127,1.650117e-01
0.101266,0.810127,1.927468e-01
0.113924,0.810127,2.217505e-01
0.126582,0.810127,2.523514e-01
0.139241,0.810127,2.845523e-01
0.151899,0.810127,3.183530e-01
0.164557,0.810127,3.537537e-01
0.177215,0.810127,3.907543e-01
0.189873,0.810127,4.294086e-01
0.202532,0.810127,4.702120e-01
0.215190,0.810127,5.132843e-01
0.227848,0.810127,5.586256e-01
0.240506,0.810127,6.062358e-01
0.253165,0.810127,6.561149e-01
0.265823,0.810127,7.084753e-01
0.278481,0.810127,7.637928e-01
0.291139,0.810127,8.220852e-01
0.303797,0.810127,8.833525e-01
0.316456,0.810127,9.475946e-01
0.329114,0.810127,1.014854e+00
0.341772,0.810127,1.085417e+00
0.354430,0.810127,1.159338e+00
0.367089,0.810127,1.236617e+00
0.379747,0.810127,1.317253e+00
0.392405,0.810127,1.401220e+00
0.405063,0.810127,1.488133e+00
0.417722,0.810127,1.577868e+00
0.430380,0.810127,1.670427e+00
0.443038,0.810127,1.765766e+00
0.455696,0.810127,1.863011e+00
0.468354,0.810127,1.961819e+00
0.481013,0.810127,2.062162e+00
0.493671,0.810127,2.163089e+00
0.506329,0.810127,2.264149e+00
0.518987,0.810127,2.365308e+00
0.531646,0.810127,2.465503e+00
0.544304,0.810127,2.564229e+00
0.556962,0.810127,2.661485e+00
0.569620,0.810127,2.756843e+00
0.582278,0.810127,2.849417e+00
0.594937,0.810127,2.939177e+00
0.607595,0.810127,3.026125e+00
0.620253,0.810127,3.110082e+00
0.632911,0.810127,3.190691e+00
0.645570,0.810127,3.267942e+00
0.658228,0.810127,3.341835e+00
0.670886,0.810127,3.412382e+00
0.683544,0.810127,3.479775e+00
0.696203,0.810127,3.544086e+00
0.708861,0.810127,3.605314e+00
0.721519,0.810127,3.663460e+00
0.734177,0.810127,3.718570e+00
0.746835,0.810127,3.771115e+00
0.759494,0.810127,3.821216e+00
0.772152,0.810127,3.868872e+00
0.784810,0.810127,3.914085e+00
0.797468,0.810127,3.956872e+00
0.810127,0.810127,3.997668e+00
0.822785,0.810127,4.036649e+00
0.835443,0.810127,4.073816e+00
0.848101,0.810127,4.109169e+00
0.860759,0.810127,4.142708e+00
0.873418,0.810127,4.174662e+00
0.886076,0.810127,4.205300e+00
0.898734,0.810127,4.234620e+00
0.911392,0.810127,4.262623e+00
0.924051,0.810127,4.289310e+00
0.936709,0.810127,4.314734e+00
0.949367,0.810127,4.339163e+00
0.962025,0.810127,4.362635e+00
0.974684,0.810127,4.385148e+00
0.987342,0.810127,4.406704e+00
1.000000,0.810127,4.427302e+00
0.000000,0.822785,0.000000e+00
0.012658,0.822785,2.065104e-02
0.025316,0.822785,4.235272e-02
0.037975,0.822785,6.510503e-02
0.050633,0.822785,8.890797e-02
0.063291,0.822785,1.137615e-01
0.075949,0.822785,1.396658e-01
0.088608,0.822785,1.666206e-01
0.101266,0.822785,1.946261e-01
0.113924,0.822785,2.239125e-01
0.126582,0.822785,2.548119e-01
0.139241,0.822785,2.873267e-01
0.151899,0.822785,3.214570e-01
0.164557,0.822785,3.572028e-01
0.177215,0.822785,3.945641e-01
0.189873,0.822785,4.335953e-01
0.202532,0.822785,4.747965e-01
0.215190,0.822785,5.182888e-01
0.227848,0.822785,5.640721e-01
0.240506,0.822785,6.121465e-01
0.253165,0.822785,6.625120e-01
0.265823,0.822785,7.153829e-01
0.278481,0.822785,7.712398e-01
0.291139,0.822785,8.301005e-01
0.303797,0.822785,8.919651e-01
0.316456,0.822785,9.568336e-01
0.329114,0.822785,1.024748e+00
0.341772,0.822785,1.095999e+00
0.354430,0.822785,1.170641e+00
0.367089,0.822785,1.248673e+00
0.379747,0.822785,1.330097e+00
0.392405,0.822785,1.414882e+00
0.405063,0.822785,1.502642e+00
0.417722,0.822785,1.593252e+00
0.430380,0.822785,1.686714e+00
0.443038,0.822785,1.782982e+00
0.455696,0.822785,1.881175e+00
0.468354,0.822785,1.980947e+00
0.481013,0.822785,2.082267e+00
0.493671,0.822785,2.184179e+00
0.506329,0.822785,2.286224e+00
0.518987,0.822785,2.388370e+00
0.531646,0.822785,2.489542e+00
0.544304,0.822785,2.589230e+00
0.556962,0.822785,2.687434e+00
0.569620,0.822785,2.783722e+00
0.582278,0.822785,2.877198e+00
0.594937,0.822785,2.967834e+00
0.607595,0.822785,3.055630e+00
0.620253,0.822785,3.140405e+00
0.632911,0.822785,3.221800e+00
0.645570,0.822785,3.299804e+00
0.658228,0.822785,3.374417e+00
0.670886,0.822785,3.445652e+00
0.683544,0.822785,3.513703e+00
0.696203,0.822785,3.578641e+00
0.708861,0.822785,3.640466e+00
0.721519,0.822785,3.699178e+00
0.734177,0.822785,3.754826e+00
0.746835,0.822785,3.807883e+00
0.759494,0.822785,3.858472e+00
0.772152,0.822785,3.906593e+00
0.784810,0.822785,3.952246e+00
0.797468,0.822785,3.995451e+00
0.810127,0.822785,4.036644e+00
0.822785,0.822785,4.076006e+00
0.835443,0.822785,4.113535e+00
0.848101,0.822785,4.149233e+00
0.860759,0.822785,4.183099e+00
0.873418,0.822785,4.215365e+00
0.886076,0.822785,4.246301e+00
0.898734,0.822785,4.275907e+00
0.911392,0.822785,4.304184e+00
0.924051,0.822785,4.331130e+00
0.936709,0.822785,4.356802e+00
0.949367,0.822785,4.381470e+00
0.962025,0.822785,4.405170e+00
0.974684,0.822785,4.427903e+00
0.987342,0.822785,4.449669e+00
1.000000,0.822785,4.470467e+00
0.000000,0.835443,0.000000e+00
0.012658,0.835443,2.084119e-02
0.025316,0.835443,4.274269e-02
0.037975,0.835443,6.570449e-02
0.050633,0.835443,8.972660e-02
0.063291,0.835443,1.148090e-01
0.075949,0.835443,1.409517e-01
0.088608,0.835443,1.681548e-01
0.101266,0.835443,1.964181e-01
0.113924,0.835443,2.259742e-01
0.126582,0.835443,2.571581e-01
0.139241,0.835443,2.899722e-01
0.151899,0.835443,3.244168e-01
0.164557,0.835443,3.604918e-01
0.177215,0.835443,3.981971e-01
0.189873,0.835443,4.375877e-01
0.202532,0.835443,4.791682e-01
0.215190,0.835443,5.230610e-01
0.227848,0.835443,5.692658e-01
0.240506,0.835443,6.177829e-01
0.253165,0.835443,6.686121e-01
0.265823,0.835443,7.219698e-01
0.278481,0.835443,7.783410e-01
0.291139,0.835443,8.377437e-01
0.303797,0.835443,9.001779e-01
0.316456,0.835443,9.656436e-01
0.329114,0.835443,1.034184e+00
0.341772,0.835443,1.106091e+00
0.354430,0.835443,1.181420e+00
0.367089,0.835443,1.260171e+00
0.379747,0.835443,1.342343e+00
0.392405,0.835443,1.427909e+00
0.405063,0.835443,1.516477e+00
0.417722,0.835443,1.607922e+00
0.430380,0.835443,1.702244e+00
0.443038,0.835443,1.799399e+00
0.455696,0.835443,1.898496e+00
0.468354,0.835443,1.999186e+00
0.481013,0.835443,2.101440e+00
0.493671,0.835443,2.204289e+00
0.506329,0.835443,2.307274e+00
0.518987,0.835443,2.410361e+00
0.531646,0.835443,2.512464e+00
0.544304,0.835443,2.613070e+00
0.556962,0.835443,2.712178e+00
0.569620,0.835443,2.809353e+00
0.582278,0.835443,2.903690e+00
0.594937,0.835443,2.995160e+00
0.607595,0.835443,3.083764e+00
0.620253,0.835443,3.169320e+00
0.632911,0.835443,3.251464e+00
0.645570,0.835443,3.330187e+00
0.658228,0.835443,3.405487e+00
0.670886,0.835443,3.477377e+00
0.683544,0.835443,3.546055e+00
0.696203,0.835443,3.611591e+00
0.708861,0.835443,3.673985e+00
0.721519,0.835443,3.733238e+00
0.734177,0.835443,3.789398e+00
0.746835,0.835443,3.842944e+00
0.759494,0.835443,3.893999e+00
0.772152,0.835443,3.942563e+00
0.784810,0.835443,3.988636e+00
0.797468,0.835443,4.032239e+00
0.810127,0.835443,4.073811e+00
0.822785,0.835443,4.113535e+00
0.835443,0.835443,4.151410e+00
0.848101,0.835443,4.187437e+00
0.860759,0.835443,4.221614e+00
0.873418,0.835443,4.254177e+00
0.886076,0.835443,4.285398e+00
0.898734,0.835443,4.315277e+00
0.911392,0.835443,4.343814e+00
0.924051,0.835443,4.371009e+00
0.936709,0.835443,4.396917e+00
0.949367,0.835443,4.421812e+00
0.962025,0.835443,4.445730e+00
0.974684,0.835443,4.468672e+00
0.987342,0.835443,4.490639e+00
1.000000,0.835443,4.511629e+00
0.000000,0.848101,0.000000e+00
0.012658,0.848101,2.102208e-02
0.025316,0.848101,4.311367e-02
0.037975,0.848101,6.627476e-02
0.050633,0.848101,9.050537e-02
0.063291,0.848101,1.158055e-01
0.075949,0.848101,1.421751e-01
0.088608,0.848101,1.696142e-01
0.101266,0.848101,1.981229e-01
0.113924,0.848101,2.279355e-01
0.126582,0.848101,2.593900e-01
0.139241,0.848101,2.924890e-01
0.151899,0.848101,3.272325e-01
0.164557,0.848101,3.636206e-01
0.177215,0.848101,4.016531e-01
0.189873,0.848101,4.413856e-01
0.202532,0.848101,4.833271e-01
0.215190,0.848101,5.276007e-01
0.227848,0.848101,5.742066e-01
0.240506,0.848101,6.231448e-01
0.253165,0.848101,6.744151e-01
0.265823,0.848101,7.282359e-01
0.278481,0.848101,7.850964e-01
0.291139,0.848101,8.450146e-01
0.303797,0.848101,9.079907e-01
0.316456,0.848101,9.740247e-01
0.329114,0.848101,1.043160e+00
0.341772,0.848101,1.115691e+00
0.354430,0.848101,1.191674e+00
0.367089,0.848101,1.271108e+00
0.379747,0.848101,1.353994e+00
0.392405,0.848101,1.440303e+00
0.405063,0.848101,1.529639e+00
0.417722,0.848101,1.621878e+00
0.430380,0.848101,1.717018e+00
0.443038,0.848101,1.815016e+00
0.455696,0.848101,1.914973e+00
0.468354,0.848101,2.016538e+00
0.481013,0.848101,2.119679e+00
0.493671,0.848101,2.223421e+00
0.506329,0.848101,2.327300e+00
0.518987,0.848101,2.431281e+00
0.531646,0.848101,2.534270e+00
0.544304,0.848101,2.635749e+00
0.556962,0.848101,2.735718e+00
0.569620,0.848101,2.833736e+00
0.582278,0.848101,2.928891e+00
0.594937,0.848101,3.021156e+00
0.607595,0.848101,3.110529e+00
0.620253,0.848101,3.196827e+00
0.632911,0.848101,3.279684e+00
0.645570,0.848101,3.359090e+00
0.658228,0.848101,3.435044e+00
0.670886,0.848101,3.507558e+00
0.683544,0.848101,3.576831e+00
0.696203,0.848101,3.642936e+00
0.708861,0.848101,3.705872e+00
0.721519,0.848101,3.765640e+00
0.734177,0.848101,3.822287e+00
0.746835,0.848101,3.876297e+00
0.759494,0.848101,3.927796e+00
0.772152,0.848101,3.976781e+00
0.784810,0.848101,4.023254e+00
0.797468,0.848101,4.067235e+00
0.810127,0.848101,4.109169e+00
0.822785,0.848101,4.149237e+00
0.835443,0.848101,4.187441e+00
0.848101,0.848101,4.223780e+00
0.860759,0.848101,4.258255e+00
0.873418,0.848101,4.291100e+00
0.886076,0.848101,4.322592e+00
0.898734,0.848101,4.352730e+00
0.911392,0.848101,4.381515e+00
0.924051,0.848101,4.408946e+00
0.936709,0.848101,4.435079e+00
0.949367,0.848101,4.460189e+00
0.962025,0.848101,4.484315e+00
0.974684,0.848101,4.507457e+00
0.987342,0.848101,4.529614e+00
1.000000,0.848101,4.550786e+00
0.000000,0.860759,0.000000e+00
0.012658,0.860759,2.119371e-02
0.025316,0.860759,4.346566e-02
0.037975,0.860759,6.681584e-02
0.050633,0.860759,9.124427e-02
0.063291,0.860759,1.167509e-01
0.075949,0.860759,1.433358e-01
0.088608,0.860759,1.709990e-01
0.101266,0.860759,1.997404e-01
0.113924,0.860759,2.297964e-01
0.126582,0.860759,2.615077e-01
0.139241,0.860759,2.948769e-01
0.151899,0.860759,3.299041e-01
0.164557,0.860759,3.665892e-01
0.177215,0.860759,4.049323e-01
0.189873,0.860759,4.449891e-01
0.202532,0.860759,4.872730e-01
0.215190,0.860759,5.319082e-01
0.227848,0.860759,5.788946e-01
0.240506,0.860759,6.282322e-01
0.253165,0.860759,6.799211e-01
0.265823,0.860759,7.341814e-01
0.278481,0.860759,7.915060e-01
0.291139,0.860759,8.519134e-01
0.303797,0.860759,9.154037e-01
0.316456,0.860759,9.819768e-01
0.329114,0.860759,1.051676e+00
0.341772,0.860759,1.124800e+00
0.354430,0.860759,1.201403e+00
0.367089,0.860759,1.281485e+00
0.379747,0.860759,1.365048e+00
0.392405,0.860759,1.452061e+00
0.405063,0.860759,1.542127e+00
0.417722,0.860759,1.635119e+00
0.430380,0.860759,1.731036e+00
0.443038,0.860759,1.829834e+00
0.455696,0.860759,1.930607e+00
0.468354,0.860759,2.033001e+00
0.481013,0.860759,2.136984e+00
0.493671,0.860759,2.241573e+00
0.506329,0.860759,2.346300e+00
0.518987,0.860759,2.451130e+00
0.531646,0.860759,2.554960e+00
0.544304,0.860759,2.657268e+00
0.556962,0.860759,2.758052e+00
0.569620,0.860759,2.856871e+00
0.582278,0.860759,2.952803e+00
0.594937,0.860759,3.045820e+00
0.607595,0.860759,3.135923e+00
0.620253,0.860759,3.222926e+00
0.632911,0.860759,3.306460e+00
0.645570,0.860759,3.386514e+00
0.658228,0.860759,3.463088e+00
0.670886,0.860759,3.536194e+00
0.683544,0.860759,3.606033e+00
0.696203,0.860759,3.672677e+00
0.708861,0.860759,3.736127e+00
0.721519,0.860759,3.796383e+00
0.734177,0.860759,3.853492e+00
0.746835,0.860759,3.907944e+00
0.759494,0.860759,3.959862e+00
0.772152,0.860759,4.009248e+00
0.784810,0.860759,4.056101e+00
0.797468,0.860759,4.100441e+00
0.810127,0.860759,4.142716e+00
0.822785,0.860759,4.183112e+00
0.835443,0.860759,4.221628e+00
0.848101,0.860759,4.258264e+00
0.860759,0.860759,4.293019e+00
0.873418,0.860759,4.326133e+00
0.886076,0.860759,4.357882e+00
0.898734,0.860759,4.388266e+00
0.911392,0.860759,4.417286e+00
0.924051,0.860759,4.444941e+00
0.936709,0.860759,4.471287e+00
0.949367,0.860759,4.496603e+00
0.962025,0.860759,4.520926e+00
0.974684,0.860759,4.544256e+00
0.987342,0.860759,4.566594e+00
1.000000,0.860759,4.587939e+00
0.000000,0.873418,0.000000e+00
0.012658,0.873418,2.135716e-02
0.025316,0.873418,4.380087e-02
0.037975,0.873418,6.733113e-02
0.050633,0.873418,9.194796e-02
0.063291,0.873418,1.176513e-01
0.075949,0.873418,1.444413e-01
0.088608,0.873418,1.723178e-01
0.101266,0.873418,2.012808e-01
0.113924,0.873418,2.315686e-01
0.126582,0.873418,2.635245e-01
0.139241,0.873418,2.971510e-01
0.151899,0.873418,3.324483e-01
0.164557,0.873418,3.694164e-01
0.177215,0.873418,4.080552e-01
0.189873,0.873418,4.484209e-01
0.202532,0.873418,4.910309e-01
0.215190,0.873418,5.360103e-01
0.227848,0.873418,5.833590e-01
0.240506,0.873418,6.330772e-01
0.253165,0.873418,6.851647e-01
0.265823,0.873418,7.398434e-01
0.278481,0.873418,7.976101e-01
0.291139,0.873418,8.584834e-01
0.303797,0.873418,9.224633e-01
0.316456,0.873418,9.895498e-01
0.329114,0.873418,1.059787e+00
0.341772,0.873418,1.133474e+00
0.354430,0.873418,1.210668e+00
0.367089,0.873418,1.291368e+00
0.379747,0.873418,1.375575e+00
0.392405,0.873418,1.463260e+00
0.405063,0.873418,1.554020e+00
0.417722,0.873418,1.647729e+00
0.430380,0.873418,1.744386e+00
0.443038,0.873418,1.843946e+00
0.455696,0.873418,1.945496e+00
0.468354,0.873418,2.048679e+00
0.481013,0.873418,2.153464e+00
0.493671,0.873418,2.258860e+00
0.506329,0.873418,2.364395e+00
0.518987,0.873418,2.470033e+00
0.531646,0.873418,2.574664e+00
0.544304,0.873418,2.677760e+00
0.556962,0.873418,2.779322e+00
0.569620,0.873418,2.878903e+00
0.582278,0.873418,2.975575e+00
0.594937,0.873418,3.069310e+00
0.607595,0.873418,3.160107e+00
0.620253,0.873418,3.247781e+00
0.632911,0.873418,3.331959e+00
0.645570,0.873418,3.412630e+00
0.658228,0.873418,3.489795e+00
0.670886,0.873418,3.563465e+00
0.683544,0.873418,3.633843e+00
0.696203,0.873418,3.701001e+00
0.708861,0.873418,3.764940e+00
0.721519,0.873418,3.825660e+00
0.734177,0.873418,3.883210e+00
0.746835,0.873418,3.938082e+00
0.759494,0.873418,3.990401e+00
0.772152,0.873418,4.040167e+00
0.784810,0.873418,4.087381e+00
0.797468,0.873418,4.132063e+00
0.810127,0.873418,4.174665e+00
0.822785,0.873418,4.215372e+00
0.835443,0.873418,4.254185e+00
0.848101,0.873418,4.291103e+00
0.860759,0.873418,4.326127e+00
0.873418,0.873418,4.359496e+00
0.886076,0.873418,4.391490e+00
0.898734,0.873418,4.422108e+00
0.911392,0.873418,4.451352e+00
0.924051,0.873418,4.479220e+00
0.936709,0.873418,4.505770e+00
0.949367,0.873418,4.531280e+00
0.962025,0.873418,4.555791e+00
0.974684,0.873418,4.579301e+00
0.987342,0.873418,4.601811e+00
1.000000,0.873418,4.623321e+00
0.000000,0.886076,0.000000e+00
0.012658,0.886076,2.151387e-02
0.025316,0.886076,4.412227e-02
0.037975,0.886076,6.782520e-02
0.050633,0.886076,9.262266e-02
0.063291,0.886076,1.185146e-01
0.075949,0.886076,1.455012e-01
0.088608,0.886076,1.735822e-01
0.101266,0.886076,2.027578e-01
0.113924,0.886076,2.332679e-01
0.126582,0.886076,2.654582e-01
0.139241,0.886076,2.993315e-01
0.151899,0.886076,3.348878e-01
0.164557,0.886076,3.721271e-01
0.177215,0.886076,4.110494e-01
0.189873,0.886076,4.517114e-01
0.202532,0.886076,4.946340e-01
0.215190,0.886076,5.399434e-01
0.227848,0.886076,5.876396e-01
0.240506,0.886076,6.377226e-01
0.253165,0.886076,6.901924e-01
0.265823,0.886076,7.452723e-01
0.278481,0.886076,8.034629e-01
0.291139,0.886076,8.647829e-01
0.303797,0.886076,9.292322e-01
0.316456,0.886076,9.968109e-01
0.329114,0.886076,1.067563e+00
0.341772,0.886076,1.141791e+00
0.354430,0.886076,1.219552e+00
0.367089,0.886076,1.300844e+00
0.379747,0.886076,1.385669e+00
0.392405,0.886076,1.473997e+00
0.405063,0.886076,1.565423e+00
0.417722,0.886076,1.659820e+00
0.430380,0.886076,1.757186e+00
0.443038,0.886076,1.857476e+00
0.455696,0.886076,1.959772e+00
0.468354,0.886076,2.063712e+00
0.481013,0.886076,2.169266e+00
0.493671,0.886076,2.275435e+00
0.506329,0.886076,2.381744e+00
0.518987,0.886076,2.488157e+00
0.531646,0.886076,2.593556e+00
0.544304,0.886076,2.697409e+00
0.556962,0.886076,2.799716e+00
0.569620,0.886076,2.900028e+00
0.582278,0.886076,2.997409e+00
0.594937,0.886076,3.091832e+00
0.607595,0.886076,3.183296e+00
0.620253,0.886076,3.271613e+00
0.632911,0.886076,3.356408e+00
0.645570,0.886076,3.437672e+00
0.658228,0.886076,3.515403e+00
0.670886,0.886076,3.589613e+00
0.683544,0.886076,3.660507e+00
0.696203,0.886076,3.728158e+00
0.708861,0.886076,3.792567e+00
0.721519,0.886076,3.853732e+00
0.734177,0.886076,3.911705e+00
0.746835,0.886076,3.966979e+00
0.759494,0.886076,4.019682e+00
0.772152,0.886076,4.069813e+00
0.784810,0.886076,4.117374e+00
0.797468,0.886076,4.162383e+00
0.810127,0.886076,4.205298e+00
0.822785,0.886076,4.246304e+00
0.835443,0.886076,4.285401e+00
0.848101,0.886076,4.322591e+00
0.860759,0.886076,4.357871e+00
0.873418,0.886076,4.391485e+00
0.886076,0.886076,4.423714e+00
0.898734,0.886076,4.454557e+00
0.911392,0.886076,4.484015e+00
0.924051,0.886076,4.512088e+00
0.936709,0.886076,4.538832e+00
0.949367,0.886076,4.564530e+00
0.962025,0.886076,4.589220e+00
0.974684,0.886076,4.612903e+00
0.987342,0.886076,4.635578e+00
1.000000,0.886076,4.657246e+00
0.000000,0.898734,0.000000e+00
0.012658,0.898734,2.166386e-02
0.025316,0.898734,4.442989e-02
0.037975,0.898734,6.829807e-02
0.050633,0.898734,9.326841e-02
0.063291,0.898734,1.193409e-01
0.075949,0.898734,1.465156e-01
0.088608,0.898734,1.747924e-01
0.101266,0.898734,2.041714e-01
0.113924,0.898734,2.348942e-01
0.126582,0.898734,2.673089e-01
0.139241,0.898734,3.014184e-01
0.151899,0.898734,3.372226e-01
0.164557,0.898734,3.747216e-01
0.177215,0.898734,4.139152e-01
0.189873,0.898734,4.548607e-01
0.202532,0.898734,4.980826e-01
0.215190,0.898734,5.437079e-01
0.227848,0.898734,5.917366e-01
0.240506,0.898734,6.421687e-01
0.253165,0.898734,6.950043e-01
0.265823,0.898734,7.504682e-01
0.278481,0.898734,8.090645e-01
0.291139,0.898734,8.708120e-01
0.303797,0.898734,9.357107e-01
0.316456,0.898734,1.003761e+00
0.329114,0.898734,1.075006e+00
0.341772,0.898734,1.149752e+00
0.354430,0.898734,1.228054e+00
0.367089,0.898734,1.309913e+00
0.379747,0.898734,1.395330e+00
0.392405,0.898734,1.484273e+00
0.405063,0.898734,1.576337e+00
0.417722,0.898734,1.671392e+00
0.430380,0.898734,1.769437e+00
0.443038,0.898734,1.870426e+00
0.455696,0.898734,1.973435e+00
0.468354,0.898734,2.078100e+00
0.481013,0.898734,2.184390e+00
0.493671,0.898734,2.291299e+00
0.506329,0.898734,2.398349e+00
0.518987,0.898734,2.505505e+00
0.531646,0.898734,2.611638e+00
0.544304,0.898734,2.716215e+00
0.556962,0.898734,2.819236e+00
0.569620,0.898734,2.920246e+00
0.582278,0.898734,3.018307e+00
0.594937,0.898734,3.113388e+00
0.607595,0.898734,3.205489e+00
0.620253,0.898734,3.294422e+00
0.632911,0.898734,3.379809e+00
0.645570,0.898734,3.461639e+00
0.658228,0.898734,3.539912e+00
0.670886,0.898734,3.614640e+00
0.683544,0.898734,3.686028e+00
0.696203,0.898734,3.754151e+00
0.708861,0.898734,3.819008e+00
0.721519,0.898734,3.880600e+00
0.734177,0.898734,3.938977e+00
0.746835,0.898734,3.994636e+00
0.759494,0.898734,4.047706e+00
0.772152,0.898734,4.098187e+00
0.784810,0.898734,4.146079e+00
0.797468,0.898734,4.191403e+00
0.810127,0.898734,4.234617e+00
0.822785,0.898734,4.275909e+00
0.835443,0.898734,4.315279e+00
0.848101,0.898734,4.352727e+00
0.860759,0.898734,4.388254e+00
0.873418,0.898734,4.422102e+00
0.886076,0.898734,4.454555e+00
0.898734,0.898734,4.485614e+00
0.911392,0.898734,4.515277e+00
0.924051,0.898734,4.543545e+00
0.936709,0.898734,4.570476e+00
0.949367,0.898734,4.596353e+00
0.962025,0.898734,4.621216e+00
0.974684,0.898734,4.645064e+00
0.987342,0.898734,4.667897e+00
1.000000,0.898734,4.689716e+00
0.000000,0.911392,0.000000e+00
0.012658,0.911392,2.180713e-02
0.025316,0.911392,4.472371e-02
0.037975,0.911392,6.874974e-02
0.050633,0.911392,9.388522e-02
0.063291,0.911392,1.201302e-01
0.075949,0.911392,1.474845e-01
0.088608,0.911392,1.759484e-01
0.101266,0.911392,2.055216e-01
0.113924,0.911392,2.364476e-01
0.126582,0.911392,2.690767e-01
0.139241,0.911392,3.034118e-01
0.151899,0.911392,3.394528e-01
0.164557,0.911392,3.771997e-01
0.177215,0.911392,4.166526e-01
0.189873,0.911392,4.578688e-01
0.202532,0.911392,5.013765e-01
0.215190,0.911392,5.473036e-01
0.227848,0.911392,5.956499e-01
0.240506,0.911392,6.464156e-01
0.253165,0.911392,6.996006e-01
0.265823,0.911392,7.554313e-01
0.278481,0.911392,8.144151e-01
0.291139,0.911392,8.765710e-01
0.303797,0.911392,9.418989e-01
0.316456,0.911392,1.010399e+00
0.329114,0.911392,1.082116e+00
0.341772,0.911392,1.157355e+00
0.354430,0.911392,1.236176e+00
0.367089,0.911392,1.318576e+00
0.379747,0.911392,1.404557e+00
0.392405,0.911392,1.494089e+00
0.405063,0.911392,1.586762e+00
0.417722,0.911392,1.682445e+00
0.430380,0.911392,1.781138e+00
0.443038,0.911392,1.882796e+00
0.455696,0.911392,1.986486e+00
0.468354,0.911392,2.091843e+00
0.481013,0.911392,2.198836e+00
0.493671,0.911392,2.306452e+00
0.506329,0.911392,2.414210e+00
0.518987,0.911392,2.522074e+00
0.531646,0.911392,2.628910e+00
0.544304,0.911392,2.734178e+00
0.556962,0.911392,2.837880e+00
0.569620,0.911392,2.939559e+00
0.582278,0.911392,3.038268e+00
0.594937,0.911392,3.133977e+00
0.607595,0.911392,3.226688e+00
0.620253,0.911392,3.316209e+00
0.632911,0.911392,3.402160e+00
0.645570,0.911392,3.484531e+00
0.658228,0.911392,3.563322e+00
0.670886,0.911392,3.638544e+00
0.683544,0.911392,3.710404e+00
0.696203,0.911392,3.778978e+00
0.708861,0.911392,3.844264e+00
0.721519,0.911392,3.906263e+00
0.734177,0.911392,3.965026e+00
0.746835,0.911392,4.021054e+00
0.759494,0.911392,4.074475e+00
0.772152,0.911392,4.125290e+00
0.784810,0.911392,4.173499e+00
0.797468,0.911392,4.219122e+00
0.810127,0.911392,4.262621e+00
0.822785,0.911392,4.304186e+00
0.835443,0.911392,4.343817e+00
0.848101,0.911392,4.381513e+00
0.860759,0.911392,4.417275e+00
0.873418,0.911392,4.451347e+00
0.886076,0.911392,4.484014e+00
0.898734,0.911392,4.515278e+00
0.911392,0.911392,4.545138e+00
0.924051,0.911392,4.573593e+00
0.936709,0.911392,4.600702e+00
0.949367,0.911392,4.626750e+00
0.962025,0.911392,4.651777e+00
0.974684,0.911392,4.675783e+00
0.987342,0.911392,4.698767e+00
1.000000,0.911392,4.720730e+00
0.000000,0.924051,0.000000e+00
0.012658,0.924051,2.194368e-02
0.025316,0.924051,4.500375e-02
0.037975,0.924051,6.918022e-02
0.050633,0.924051,9.447309e-02
0.063291,0.924051,1.208823e-01
0.075949,0.924051,1.484080e-01
0.088608,0.924051,1.770501e-01
0.101266,0.924051,2.068085e-01
0.113924,0.924051,2.379281e-01
0.126582,0.924051,2.707616e-01
0.139241,0.924051,3.053116e-01
0.151899,0.924051,3.415783e-01
0.164557,0.924051,3.795615e-01
0.177215,0.924051,4.192614e-01
0.189873,0.924051,4.607358e-01
0.202532,0.924051,5.045159e-01
0.215190,0.924051,5.507305e-01
0.227848,0.924051,5.993796e-01
0.240506,0.924051,6.504631e-01
0.253165,0.924051,7.039812e-01
0.265823,0.924051,7.601615e-01
0.278481,0.924051,8.195146e-01
0.291139,0.924051,8.820596e-01
0.303797,0.924051,9.477966e-01
0.316456,0.924051,1.016725e+00
0.329114,0.924051,1.088891e+00
0.341772,0.924051,1.164602e+00
0.354430,0.924051,1.243916e+00
0.367089,0.924051,1.326833e+00
0.379747,0.924051,1.413352e+00
0.392405,0.924051,1.503445e+00
0.405063,0.924051,1.596698e+00
0.417722,0.924051,1.692980e+00
0.430380,0.924051,1.792291e+00
0.443038,0.924051,1.894585e+00
0.455696,0.924051,1.998924e+00
0.468354,0.924051,2.104941e+00
0.481013,0.924051,2.212604e+00
0.493671,0.924051,2.320894e+00
0.506329,0.924051,2.429327e+00
0.518987,0.924051,2.537866e+00
0.531646,0.924051,2.645371e+00
0.544304,0.924051,2.751299e+00
0.556962,0.924051,2.855650e+00
0.569620,0.924051,2.957965e+00
0.582278,0.924051,3.057292e+00
0.594937,0.924051,3.153601e+00
0.607595,0.924051,3.246892e+00
0.620253,0.924051,3.336974e+00
0.632911,0.924051,3.423463e+00
0.645570,0.924051,3.506350e+00
0.658228,0.924051,3.585634e+00
0.670886,0.924051,3.661327e+00
0.683544,0.924051,3.733637e+00
0.696203,0.924051,3.802640e+00
0.708861,0.924051,3.868335e+00
0.721519,0.924051,3.930723e+00
0.734177,0.924051,3.989853e+00
0.746835,0.924051,4.046232e+00
0.759494,0.924051,4.099987e+00
0.772152,0.924051,4.151120e+00
0.784810,0.924051,4.199631e+00
0.797468,0.924051,4.245540e+00
0.810127,0.924051,4.289312e+00
0.822785,0.924051,4.331137e+00
0.835443,0.924051,4.371016e+00
0.848101,0.924051,4.408948e+00
0.860759,0.924051,4.444933e+00
0.873418,0.924051,4.479219e+00
0.886076,0.924051,4.512091e+00
0.898734,0.924051,4.543551e+00
0.911392,0.924051,4.573597e+00
0.924051,0.924051,4.602231e+00
0.936709,0.924051,4.629509e+00
0.949367,0.924051,4.655721e+00
0.962025,0.924051,4.680904e+00
0.974684,0.924051,4.705060e+00
0.987342,0.924051,4.728189e+00
1.000000,0.924051,4.750289e+00
0.000000,0.936709,0.000000e+00
0.012658,0.936709,2.207375e-02
0.025316,0.936709,4.527051e-02
0.037975,0.936709,6.959028e-02
0.050633,0.936709,9.503307e-02
0.063291,0.936709,1.215989e-01
0.075949,0.936709,1.492877e-01
0.088608,0.936709,1.780995e-01
0.101266,0.936709,2.080344e-01
0.113924,0.936709,2.393385e-01
0.126582,0.936709,2.723665e-01
0.139241,0.936709,3.071213e-01
0.151899,0.936709,3.436030e-01
0.164557,0.936709,3.818114e-01
0.177215,0.936709,4.217466e-01
0.189873,0.936709,4.634668e-01
0.202532,0.936709,5.075065e-01
0.215190,0.936709,5.539950e-01
0.227848,0.936709,6.029325e-01
0.240506,0.936709,6.543188e-01
0.253165,0.936709,7.081540e-01
0.265823,0.936709,7.646674e-01
0.278481,0.936709,8.243723e-01
0.291139,0.936709,8.872881e-01
0.303797,0.936709,9.534147e-01
0.316456,0.936709,1.022752e+00
0.329114,0.936709,1.095346e+00
0.341772,0.936709,1.171505e+00
0.354430,0.936709,1.251289e+00
0.367089,0.936709,1.334697e+00
0.379747,0.936709,1.421730e+00
0.392405,0.936709,1.512356e+00
0.405063,0.936709,1.606162e+00
0.417722,0.936709,1.703015e+00
0.430380,0.936709,1.802915e+00
0.443038,0.936709,1.905815e+00
0.455696,0.936709,2.010773e+00
0.468354,0.936709,2.117418e+00
0.481013,0.936709,2.225719e+00
0.493671,0.936709,2.334651e+00
0.506329,0.936709,2.443727e+00
0.518987,0.936709,2.552910e+00
0.531646,0.936709,2.661051e+00
0.544304,0.936709,2.767607e+00
0.556962,0.936709,2.872576e+00
0.569620,0.936709,2.975498e+00
0.582278,0.936709,3.075414e+00
0.594937,0.936709,3.172294e+00
0.607595,0.936709,3.266138e+00
0.620253,0.936709,3.356754e+00
0.632911,0.936709,3.443756e+00
0.645570,0.936709,3.527134e+00
0.658228,0.936709,3.606888e+00
0.670886,0.936709,3.683030e+00
0.683544,0.936709,3.755768e+00
0.696203,0.936709,3.825180e+00
0.708861,0.936709,3.891265e+00
0.721519,0.936709,3.954022e+00
0.734177,0.936709,4.013503e+00
0.746835,0.936709,4.070216e+00
0.759494,0.936709,4.124290e+00
0.772152,0.936709,4.175726e+00
0.784810,0.936709,4.224524e+00
0.797468,0.936709,4.270706e+00
0.810127,0.936709,4.314737e+00
0.822785,0.936709,4.356810e+00
0.835443,0.936709,4.396925e+00
0.848101,0.936709,4.435082e+00
0.860759,0.936709,4.471281e+00
0.873418,0.936709,4.505770e+00
0.886076,0.936709,4.538837e+00
0.898734,0.936709,4.570483e+00
0.911392,0.936709,4.600707e+00
0.924051,0.936709,4.629511e+00
0.936709,0.936709,4.656951e+00
0.949367,0.936709,4.683317e+00
0.962025,0.936709,4.708650e+00
0.974684,0.936709,4.732950e+00
0.987342,0.936709,4.756215e+00
1.000000,0.936709,4.778447e+00
0.000000,0.949367,0.000000e+00
0.012658,0.949367,2.219871e-02
0.025316,0.949367,4.552680e-02
0.037975,0.949367,6.998425e-02
0.050633,0.949367,9.557108e-02
0.063291,0.949367,1.222873e-01
0.075949,0.949367,1.501328e-01
0.088608,0.949367,1.791078e-01
0.101266,0.949367,2.092121e-01
0.113924,0.949367,2.406934e-01
0.126582,0.949367,2.739084e-01
0.139241,0.949367,3.088600e-01
0.151899,0.949367,3.455482e-01
0.164557,0.949367,3.839730e-01
0.177215,0.949367,4.241343e-01
0.189873,0.949367,4.660906e-01
0.202532,0.949367,5.103796e-01
0.215190,0.949367,5.571314e-01
0.227848,0.949367,6.063459e-01
0.240506,0.949367,6.580231e-01
0.253165,0.949367,7.121631e-01
0.265823,0.949367,7.689964e-01
0.278481,0.949367,8.290394e-01
0.291139,0.949367,8.923113e-01
0.303797,0.949367,9.588123e-01
0.316456,0.949367,1.028542e+00
0.329114,0.949367,1.101547e+00
0.341772,0.949367,1.178138e+00
0.354430,0.949367,1.258373e+00
0.367089,0.949367,1.342254e+00
0.379747,0.949367,1.429779e+00
0.392405,0.949367,1.520918e+00
0.405063,0.949367,1.615255e+00
0.417722,0.949367,1.712656e+00
0.430380,0.949367,1.813122e+00
0.443038,0.949367,1.916605e+00
0.455696,0.949367,2.022157e+00
0.468354,0.949367,2.129406e+00
0.481013,0.949367,2.238320e+00
0.493671,0.949367,2.347868e+00
0.506329,0.949367,2.457562e+00
0.518987,0.949367,2.567362e+00
0.531646,0.949367,2.676116e+00
0.544304,0.949367,2.783275e+00
0.556962,0.949367,2.888839e+00
0.569620,0.949367,2.992344e+00
0.582278,0.949367,3.092825e+00
0.594937,0.949367,3.190253e+00
0.607595,0.949367,3.284629e+00
0.620253,0.949367,3.375757e+00
0.632911,0.949367,3.463252e+00
0.645570,0.949367,3.547102e+00
0.658228,0.949367,3.627308e+00
0.670886,0.949367,3.703881e+00
0.683544,0.949367,3.777031e+00
0.696203,0.949367,3.846836e+00
0.708861,0.949367,3.913294e+00
0.721519,0.949367,3.976407e+00
0.734177,0.949367,4.036225e+00
0.746835,0.949367,4.093259e+00
0.759494,0.949367,4.147639e+00
0.772152,0.949367,4.199367e+00
0.784810,0.949367,4.248441e+00
0.797468,0.949367,4.294883e+00
0.810127,0.949367,4.339164e+00
0.822785,0.949367,4.381475e+00
0.835443,0.949367,4.421817e+00
0.848101,0.949367,4.460190e+00
0.860759,0.949367,4.496594e+00
0.873418,0.949367,4.531278e+00
0.886076,0.949367,4.564533e+00
0.898734,0.949367,4.596358e+00
0.911392,0.949367,4.626753e+00
0.924051,0.949367,4.655720e+00
0.936709,0.949367,4.683315e+00
0.949367,0.949367,4.709831e+00
0.962025,0.949367,4.735308e+00
0.974684,0.949367,4.759744e+00
0.987342,0.949367,4.783141e+00
1.000000,0.949367,4.805499e+00
0.000000,0.962025,0.000000e+00
0.012658,0.962025,2.231878e-02
0.025316,0.962025,4.577304e-02
0.037975,0.962025,7.036278e-02
0.050633,0.962025,9.608800e-02
0.063291,0.962025,1.229487e-01
0.075949,0.962025,1.509449e-01
0.088608,0.962025,1.800765e-01
0.101266,0.962025,2.103437e-01
0.113924,0.962025,2.419953e-01
0.126582,0.962025,2.753900e-01
0.139241,0.962025,3.105306e-01
0.151899,0.962025,3.474172e-01
0.164557,0.962025,3.860498e-01
0.177215,0.962025,4.264284e-01
0.189873,0.962025,4.686117e-01
0.202532,0.962025,5.131402e-01
0.215190,0.962025,5.601449e-01
0.227848,0.962025,6.096256e-01
0.240506,0.962025,6.615823e-01
0.253165,0.962025,7.160152e-01
0.265823,0.962025,7.731558e-01
0.278481,0.962025,8.335236e-01
0.291139,0.962025,8.971377e-01
0.303797,0.962025,9.639984e-01
0.316456,0.962025,1.034105e+00
0.329114,0.962025,1.107505e+00
0.341772,0.962025,1.184510e+00
0.354430,0.962025,1.265180e+00
0.367089,0.962025,1.349514e+00
0.379747,0.962025,1.437512e+00
0.392405,0.962025,1.529145e+00
0.405063,0.962025,1.623992e+00
0.417722,0.962025,1.721920e+00
0.430380,0.962025,1.822929e+00
0.443038,0.962025,1.926971e+00
0.455696,0.962025,2.033094e+00
0.468354,0.962025,2.140924e+00
0.481013,0.962025,2.250427e+00
0.493671,0.962025,2.360568e+00
0.506329,0.962025,2.470854e+00
0.518987,0.962025,2.581249e+00
0.531646,0.962025,2.690591e+00
0.544304,0.962025,2.798330e+00
0.556962,0.962025,2.904465e+00
0.569620,0.962025,3.008529e+00
0.582278,0.962025,3.109554e+00
0.594937,0.962025,3.207509e+00
0.607595,0.962025,3.302395e+00
0.620253,0.962025,3.394017e+00
0.632911,0.962025,3.481985e+00
0.645570,0.962025,3.566288e+00
0.658228,0.962025,3.646927e+00
0.670886,0.962025,3.723914e+00
0.683544,0.962025,3.797461e+00
0.696203,0.962025,3.867643e+00
0.708861,0.962025,3.934461e+00
0.721519,0.962025,3.997915e+00
0.734177,0.962025,4.058056e+00
0.746835,0.962025,4.115399e+00
0.759494,0.962025,4.170073e+00
0.772152,0.962025,4.222080e+00
0.784810,0.962025,4.271420e+00
0.797468,0.962025,4.318114e+00
0.810127,0.962025,4.362634e+00
0.822785,0.962025,4.405174e+00
0.835443,0.962025,4.445735e+00
0.848101,0.962025,4.484315e+00
0.860759,0.962025,4.520916e+00
0.873418,0.962025,4.555787e+00
0.886076,0.962025,4.589222e+00
0.898734,0.962025,4.621219e+00
0.911392,0.962025,4.651779e+00
0.924051,0.962025,4.680902e+00
0.936709,0.962025,4.708647e+00
0.949367,0.962025,4.735306e+00
0.962025,0.962025,4.760920e+00
0.974684,0.962025,4.785489e+00
0.987342,0.962025,4.809013e+00
1.000000,0.962025,4.831491e+00
0.000000,0.974684,0.000000e+00
0.012658,0.974684,2.243395e-02
0.025316,0.974684,4.600924e-02
0.037975,0.974684,7.072587e-02
0.050633,0.974684,9.658384e-02
0.063291,0.974684,1.235831e-01
0.075949,0.974684,1.517238e-01
0.088608,0.974684,1.810058e-01
0.101266,0.974684,2.114291e-01
0.113924,0.974684,2.432440e-01
0.126582,0.974684,2.768110e-01
0.139241,0.974684,3.121330e-01
0.151899,0.974684,3.492100e-01
0.164557,0.974684,3.880420e-01
0.177215,0.974684,4.286289e-01
0.189873,0.974684,4.710299e-01
0.202532,0.974684,5.157883e-01
0.215190,0.974684,5.630355e-01
0.227848,0.974684,6.127715e-01
0.240506,0.974684,6.649964e-01
0.253165,0.974684,7.197101e-01
0.265823,0.974684,7.771456e-01
0.278481,0.974684,8.378249e-01
0.291139,0.974684,9.017673e-01
0.303797,0.974684,9.689730e-01
0.316456,0.974684,1.039442e+00
0.329114,0.974684,1.113220e+00
0.341772,0.974684,1.190623e+00
0.354430,0.974684,1.271708e+00
0.367089,0.974684,1.356478e+00
0.379747,0.974684,1.444930e+00
0.392405,0.974684,1.537036e+00
0.405063,0.974684,1.632372e+00
0.417722,0.974684,1.730806e+00
0.430380,0.974684,1.832336e+00
0.443038,0.974684,1.936916e+00
0.455696,0.974684,2.043586e+00
0.468354,0.974684,2.151972e+00
0.481013,0.974684,2.262040e+00
0.493671,0.974684,2.372749e+00
0.506329,0.974684,2.483605e+00
0.518987,0.974684,2.594569e+00
0.531646,0.974684,2.704476e+00
0.544304,0.974684,2.812770e+00
0.556962,0.974684,2.919453e+00
0.569620,0.974684,3.024054e+00
0.582278,0.974684,3.125600e+00
0.594937,0.974684,3.224061e+00
0.607595,0.974684,3.319437e+00
0.620253,0.974684,3.411531e+00
0.632911,0.974684,3.499953e+00
0.645570,0.974684,3.584692e+00
0.658228,0.974684,3.665747e+00
0.670886,0.974684,3.743131e+00
0.683544,0.974684,3.817057e+00
0.696203,0.974684,3.887602e+00
0.708861,0.974684,3.954765e+00
0.721519,0.974684,4.018546e+00
0.734177,0.974684,4.078998e+00
0.746835,0.974684,4.136636e+00
0.759494,0.974684,4.191593e+00
0.772152,0.974684,4.243868e+00
0.784810,0.974684,4.293463e+00
0.797468,0.974684,4.340397e+00
0.810127,0.974684,4.385147e+00
0.822785,0.974684,4.427907e+00
0.835443,0.974684,4.468676e+00
0.848101,0.974684,4.507456e+00
0.860759,0.974684,4.544246e+00
0.873418,0.974684,4.579297e+00
0.886076,0.974684,4.612904e+00
0.898734,0.974684,4.645066e+00
0.911392,0.974684,4.675784e+00
0.924051,0.974684,4.705057e+00
0.936709,0.974684,4.732945e+00
0.949367,0.974684,4.759742e+00
0.962025,0.974684,4.785489e+00
0.974684,0.974684,4.810184e+00
0.987342,0.974684,4.833829e+00
1.000000,0.974684,4.856423e+00
0.000000,0.987342,0.000000e+00
0.012658,0.987342,2.254423e-02
0.025316,0.987342,4.623540e-02
0.037975,0.987342,7.107352e-02
0.050633,0.987342,9.705860e-02
0.063291,0.987342,1.241906e-01
0.075949,0.987342,1.524696e-01
0.088608,0.987342,1.818955e-01
0.101266,0.987342,2.124684e-01
0.113924,0.987342,2.444397e-01
0.126582,0.987342,2.781717e-01
0.139241,0.987342,3.136673e-01
0.151899,0.987342,3.509266e-01
0.164557,0.987342,3.899494e-01
0.177215,0.987342,4.307359e-01
0.189873,0.987342,4.733453e-01
0.202532,0.987342,5.183237e-01
0.215190,0.987342,5.658032e-01
0.227848,0.987342,6.157837e-01
0.240506,0.987342,6.682653e-01
0.253165,0.987342,7.232480e-01
0.265823,0.987342,7.809658e-01
0.278481,0.987342,8.419433e-01
0.291139,0.987342,9.062001e-01
0.303797,0.987342,9.737361e-01
0.316456,0.987342,1.044551e+00
0.329114,0.987342,1.118692e+00
0.341772,0.987342,1.196475e+00
0.354430,0.987342,1.277960e+00
0.367089,0.987342,1.363146e+00
0.379747,0.987342,1.452033e+00
0.392405,0.987342,1.544591e+00
0.405063,0.987342,1.640396e+00
0.417722,0.987342,1.739314e+00
0.430380,0.987342,1.841343e+00
0.443038,0.987342,1.946437e+00
0.455696,0.987342,2.053632e+00
0.468354,0.987342,2.162550e+00
0.481013,0.987342,2.273159e+00
0.493671,0.987342,2.384413e+00
0.506329,0.987342,2.495813e+00
0.518987,0.987342,2.607323e+00
0.531646,0.987342,2.717770e+00
0.544304,0.987342,2.826597e+00
0.556962,0.987342,2.933804e+00
0.569620,0.987342,3.038920e+00
0.582278,0.987342,3.140965e+00
0.594937,0.987342,3.239910e+00
0.607595,0.987342,3.335754e+00
0.620253,0.987342,3.428301e+00
0.632911,0.987342,3.517158e+00
0.645570,0.987342,3.602313e+00
0.658228,0.987342,3.683767e+00
0.670886,0.987342,3.761532e+00
0.683544,0.987342,3.835821e+00
0.696203,0.987342,3.906712e+00
0.708861,0.987342,3.974205e+00
0.721519,0.987342,4.038300e+00
0.734177,0.987342,4.099049e+00
0.746835,0.987342,4.156970e+00
0.759494,0.987342,4.212197e+00
0.772152,0.987342,4.264730e+00
0.784810,0.987342,4.314568e+00
0.797468,0.987342,4.361733e+00
0.810127,0.987342,4.406703e+00
0.822785,0.987342,4.449673e+00
0.835443,0.987342,4.490643e+00
0.848101,0.987342,4.529613e+00
0.860759,0.987342,4.566584e+00
0.873418,0.987342,4.601807e+00
0.886076,0.987342,4.635579e+00
0.898734,0.987342,4.667900e+00
0.911392,0.987342,4.698769e+00
0.924051,0.987342,4.728186e+00
0.936709,0.987342,4.756211e+00
0.949367,0.987342,4.783140e+00
0.962025,0.987342,4.809013e+00
0.974684,0.987342,4.833829e+00
0.987342,0.987342,4.857591e+00
1.000000,0.987342,4.880296e+00
0.000000,1.000000,0.000000e+00
0.012658,1.000000,2.264960e-02
0.025316,1.000000,4.645152e-02
0.037975,1.000000,7.140574e-02
0.050633,1.000000,9.751227e-02
0.063291,1.000000,1.247711e-01
0.075949,1.000000,1.531823e-01
0.088608,1.000000,1.827457e-01
0.101266,1.000000,2.134615e-01
0.113924,1.000000,2.455822e-01
0.126582,1.000000,2.794719e-01
0.139241,1.000000,3.151335e-01
0.151899,1.000000,3.525669e-01
0.164557,1.000000,3.917722e-01
0.177215,1.000000,4.327493e-01
0.189873,1.000000,4.755579e-01
0.202532,1.000000,5.207466e-01
0.215190,1.000000,5.684480e-01
0.227848,1.000000,6.186622e-01
0.240506,1.000000,6.713891e-01
0.253165,1.000000,7.266288e-01
0.265823,1.000000,7.846164e-01
0.278481,1.000000,8.458790e-01
0.291139,1.000000,9.104361e-01
0.303797,1.000000,9.782877e-01
0.316456,1.000000,1.049434e+00
0.329114,1.000000,1.123921e+00
0.341772,1.000000,1.202068e+00
0.354430,1.000000,1.283933e+00
0.367089,1.000000,1.369517e+00
0.379747,1.000000,1.458820e+00
0.392405,1.000000,1.551811e+00
0.405063,1.000000,1.648064e+00
0.417722,1.000000,1.747444e+00
0.430380,1.000000,1.849950e+00
0.443038,1.000000,1.955535e+00
0.455696,1.000000,2.063231e+00
0.468354,1.000000,2.172659e+00
0.481013,1.000000,2.283785e+00
0.493671,1.000000,2.395559e+00
0.506329,1.000000,2.507480e+00
0.518987,1.000000,2.619511e+00
0.531646,1.000000,2.730474e+00
0.544304,1.000000,2.839810e+00
0.556962,1.000000,2.947518e+00
0.569620,1.000000,3.053125e+00
0.582278,1.000000,3.155647e+00
0.594937,1.000000,3.255055e+00
0.607595,1.000000,3.351347e+00
0.620253,1.000000,3.444327e+00
0.632911,1.000000,3.533599e+00
0.645570,1.000000,3.619152e+00
0.658228,1.000000,3.700986e+00
0.670886,1.000000,3.779115e+00
0.683544,1.000000,3.853751e+00
0.696203,1.000000,3.924974e+00
0.708861,1.000000,3.992782e+00
0.721519,1.000000,4.057177e+00
0.734177,1.000000,4.118209e+00
0.746835,1.000000,4.176402e+00
0.759494,1.000000,4.231887e+00
0.772152,1.000000,4.284665e+00
0.784810,1.000000,4.334736e+00
0.797468,1.000000,4.382122e+00
0.810127,1.000000,4.427302e+00
0.822785,1.000000,4.470473e+00
0.835443,1.000000,4.511634e+00
0.848101,1.000000,4.550787e+00
0.860759,1.000000,4.587930e+00
0.873418,1.000000,4.623318e+00
0.886076,1.000000,4.657248e+00
0.898734,1.000000,4.689720e+00
0.911392,1.000000,4.720733e+00
0.924051,1.000000,4.750287e+00
0.936709,1.000000,4.778444e+00
0.949367,1.000000,4.805498e+00
0.962025,1.000000,4.831492e+00
0.974684,1.000000,4.856425e+00
0.987342,1.000000,4.880297e+00
1.000000,1.000000,4.903108e+00
