x,y,z,logz
0.250000,0.250000,5.087969e-02,-1.293456e+00
0.256250,0.250000,5.105625e-02,-1.291951e+00
0.262500,0.250000,5.170999e-02,-1.286426e+00
0.268750,0.250000,5.282324e-02,-1.277175e+00
0.275000,0.250000,5.436811e-02,-1.264656e+00
0.281250,0.250000,5.630971e-02,-1.249417e+00
0.287500,0.250000,5.860951e-02,-1.232032e+00
0.293750,0.250000,6.122829e-02,-1.213048e+00
0.300000,0.250000,6.412830e-02,-1.192950e+00
0.306250,0.250000,6.733714e-02,-1.171745e+00
0.312500,0.250000,7.109982e-02,-1.148131e+00
0.318750,0.250000,7.509284e-02,-1.124401e+00
0.325000,0.250000,7.928318e-02,-1.100819e+00
0.331250,0.250000,8.364307e-02,-1.077570e+00
0.337500,0.250000,8.814932e-02,-1.054781e+00
0.343750,0.250000,9.278260e-02,-1.032533e+00
0.350000,0.250000,9.752688e-02,-1.010876e+00
0.356250,0.250000,1.023688e-01,-9.898322e-01
0.362500,0.250000,1.072974e-01,-9.694107e-01
0.368750,0.250000,1.123034e-01,-9.496070e-01
0.375000,0.250000,1.173791e-01,-9.304091e-01
0.381250,0.250000,1.225182e-01,-9.117995e-01
0.387500,0.250000,1.277152e-01,-8.937575e-01
0.393750,0.250000,1.329656e-01,-8.762607e-01
0.400000,0.250000,1.382657e-01,-8.592854e-01
0.406250,0.250000,1.436124e-01,-8.428080e-01
0.412500,0.250000,1.493204e-01,-8.258808e-01
0.418750,0.250000,1.555136e-01,-8.082317e-01
0.425000,0.250000,1.617536e-01,-7.911460e-01
0.431250,0.250000,1.680369e-01,-7.745954e-01
0.437500,0.250000,1.743604e-01,-7.585522e-01
0.443750,0.250000,1.807214e-01,-7.429904e-01
0.450000,0.250000,1.871177e-01,-7.278852e-01
0.456250,0.250000,1.935473e-01,-7.132129e-01
0.462500,0.250000,2.000086e-01,-6.989514e-01
0.468750,0.250000,2.065001e-01,-6.850798e-01
0.475000,0.250000,2.132966e-01,-6.710160e-01
0.481250,0.250000,2.201583e-01,-6.572649e-01
0.487500,0.250000,2.270468e-01,-6.438846e-01
0.493750,0.250000,2.338356e-01,-6.310894e-01
0.500000,0.250000,0.000000e+00,-1.200000e+01
0.506250,0.250000,0.000000e+00,-1.200000e+01
0.512500,0.250000,0.000000e+00,-1.200000e+01
0.518750,0.250000,0.000000e+00,-1.200000e+01
0.525000,0.250000,0.000000e+00,-1.200000e+01
0.531250,0.250000,0.000000e+00,-1.200000e+01
0.537500,0.250000,0.000000e+00,-1.200000e+01
0.543750,0.250000,0.000000e+00,-1.200000e+01
0.550000,0.250000,0.000000e+00,-1.200000e+01
0.556250,0.250000,0.000000e+00,-1.200000e+01
0.562500,0.250000,0.000000e+00,-1.200000e+01
0.568750,0.250000,0.000000e+00,-1.200000e+01
0.575000,0.250000,0.000000e+00,-1.200000e+01
0.581250,0.250000,0.000000e+00,-1.200000e+01
0.587500,0.250000,0.000000e+00,-1.200000e+01
0.593750,0.250000,0.000000e+00,-1.200000e+01
0.600000,0.250000,0.000000e+00,-1.200000e+01
0.606250,0.250000,0.000000e+00,-1.200000e+01
0.612500,0.250000,0.000000e+00,-1.200000e+01
0.618750,0.250000,0.000000e+00,-1.200000e+01
0.625000,0.250000,0.000000e+00,-1.200000e+01
0.631250,0.250000,0.000000e+00,-1.200000e+01
0.637500,0.250000,0.000000e+00,-1.200000e+01
0.643750,0.250000,0.000000e+00,-1.200000e+01
0.650000,0.250000,0.000000e+00,-1.200000e+01
0.656250,0.250000,0.000000e+00,-1.200000e+01
0.662500,0.250000,0.000000e+00,-1.200000e+01
0.668750,0.250000,0.000000e+00,-1.200000e+01
0.675000,0.250000,0.000000e+00,-1.200000e+01
0.681250,0.250000,0.000000e+00,-1.200000e+01
0.687500,0.250000,0.000000e+00,-1.200000e+01
0.693750,0.250000,0.000000e+00,-1.200000e+01
0.700000,0.250000,0.000000e+00,-1.200000e+01
0.706250,0.250000,0.000000e+00,-1.200000e+01
0.712500,0.250000,0.000000e+00,-1.200000e+01
0.718750,0.250000,0.000000e+00,-1.200000e+01
0.725000,0.250000,0.000000e+00,-1.200000e+01
0.731250,0.250000,0.000000e+00,-1.200000e+01
0.737500,0.250000,0.000000e+00,-1.200000e+01
0.743750,0.250000,0.000000e+00,-1.200000e+01
0.750000,0.250000,0.000000e+00,-1.200000e+01
0.250000,0.256250,4.978623e-02,-1.302891e+00
0.256250,0.256250,4.997841e-02,-1.301218e+00
0.262500,0.256250,5.067746e-02,-1.295185e+00
0.268750,0.256250,5.186284e-02,-1.285144e+00
0.275000,0.256250,5.350247e-02,-1.271626e+00
0.281250,0.256250,5.555665e-02,-1.255264e+00
0.287500,0.256250,5.798206e-02,-1.236706e+00
0.293750,0.256250,6.073523e-02,-1.216559e+00
0.300000,0.256250,6.377488e-02,-1.195350e+00
0.306250,0.256250,6.712650e-02,-1.173106e+00
0.312500,0.256250,7.103343e-02,-1.148537e+00
0.318750,0.256250,7.516625e-02,-1.123977e+00
0.325000,0.256250,7.949143e-02,-1.099680e+00
0.331250,0.256250,8.398106e-02,-1.075819e+00
0.337500,0.256250,8.861201e-02,-1.052507e+00
0.343750,0.256250,9.336521e-02,-1.029815e+00
0.350000,0.256250,9.822491e-02,-1.007778e+00
0.356250,0.256250,1.031781e-01,-9.864124e-01
0.362500,0.256250,1.082141e-01,-9.657161e-01
0.368750,0.256250,1.133240e-01,-9.456782e-01
0.375000,0.256250,1.185003e-01,-9.262804e-01
0.381250,0.256250,1.237371e-01,-9.075001e-01
0.387500,0.256250,1.290291e-01,-8.893124e-01
0.393750,0.256250,1.343721e-01,-8.716909e-01
0.400000,0.256250,1.397625e-01,-8.546093e-01
0.406250,0.256250,1.451974e-01,-8.380411e-01
0.412500,0.256250,1.509833e-01,-8.210711e-01
0.418750,0.256250,1.572405e-01,-8.034355e-01
0.425000,0.256250,1.635427e-01,-7.863689e-01
0.431250,0.256250,1.698864e-01,-7.698415e-01
0.437500,0.256250,1.762687e-01,-7.538248e-01
0.443750,0.256250,1.826872e-01,-7.382918e-01
0.450000,0.256250,1.891398e-01,-7.232171e-01
0.456250,0.256250,1.956246e-01,-7.085765e-01
0.462500,0.256250,2.021401e-01,-6.943476e-01
0.468750,0.256250,2.086849e-01,-6.805090e-01
0.475000,0.256250,2.155092e-01,-6.665342e-01
0.481250,0.256250,2.223947e-01,-6.528757e-01
0.487500,0.256250,2.293062e-01,-6.395841e-01
0.493750,0.256250,2.360823e-01,-6.269365e-01
0.500000,0.256250,0.000000e+00,-1.200000e+01
0.506250,0.256250,0.000000e+00,-1.200000e+01
0.512500,0.256250,0.000000e+00,-1.200000e+01
0.518750,0.256250,0.000000e+00,-1.200000e+01
0.525000,0.256250,0.000000e+00,-1.200000e+01
0.531250,0.256250,0.000000e+00,-1.200000e+01
0.537500,0.256250,0.000000e+00,-1.200000e+01
0.543750,0.256250,0.000000e+00,-1.200000e+01
0.550000,0.256250,0.000000e+00,-1.200000e+01
0.556250,0.256250,0.000000e+00,-1.200000e+01
0.562500,0.256250,0.000000e+00,-1.200000e+01
0.568750,0.256250,0.000000e+00,-1.200000e+01
0.575000,0.256250,0.000000e+00,-1.200000e+01
0.581250,0.256250,0.000000e+00,-1.200000e+01
0.587500,0.256250,0.000000e+00,-1.200000e+01
0.593750,0.256250,0.000000e+00,-1.200000e+01
0.600000,0.256250,0.000000e+00,-1.200000e+01
0.606250,0.256250,0.000000e+00,-1.200000e+01
0.612500,0.256250,0.000000e+00,-1.200000e+01
0.618750,0.256250,0.000000e+00,-1.200000e+01
0.625000,0.256250,0.000000e+00,-1.200000e+01
0.631250,0.256250,0.000000e+00,-1.200000e+01
0.637500,0.256250,0.000000e+00,-1.200000e+01
0.643750,0.256250,0.000000e+00,-1.200000e+01
0.650000,0.256250,0.000000e+00,-1.200000e+01
0.656250,0.256250,0.000000e+00,-1.200000e+01
0.662500,0.256250,0.000000e+00,-1.200000e+01
0.668750,0.256250,0.000000e+00,-1.200000e+01
0.675000,0.256250,0.000000e+00,-1.200000e+01
0.681250,0.256250,0.000000e+00,-1.200000e+01
0.687500,0.256250,0.000000e+00,-1.200000e+01
0.693750,0.256250,0.000000e+00,-1.200000e+01
0.700000,0.256250,0.000000e+00,-1.200000e+01
0.706250,0.256250,0.000000e+00,-1.200000e+01
0.712500,0.256250,0.000000e+00,-1.200000e+01
0.718750,0.256250,0.000000e+00,-1.200000e+01
0.725000,0.256250,0.000000e+00,-1.200000e+01
0.731250,0.256250,0.000000e+00,-1.200000e+01
0.737500,0.256250,0.000000e+00,-1.200000e+01
0.743750,0.256250,0.000000e+00,-1.200000e+01
0.750000,0.256250,0.000000e+00,-1.200000e+01
0.250000,0.262500,4.869393e-02,-1.312525e+00
0.256250,0.262500,4.889901e-02,-1.310700e+00
0.262500,0.262500,4.964149e-02,-1.304155e+00
0.268750,0.262500,5.089771e-02,-1.293302e+00
0.275000,0.262500,5.263102e-02,-1.278758e+00
0.281250,0.262500,5.479654e-02,-1.261247e+00
0.287500,0.262500,5.734594e-02,-1.241497e+00
0.293750,0.262500,6.023132e-02,-1.220178e+00
0.300000,0.262500,6.340784e-02,-1.197857e+00
0.306250,0.262500,6.689932e-02,-1.174578e+00
0.312500,0.262500,7.094942e-02,-1.149051e+00
0.318750,0.262500,7.522096e-02,-1.123661e+00
0.325000,0.262500,7.967996e-02,-1.098651e+00
0.331250,0.262500,8.429838e-02,-1.074181e+00
0.337500,0.262500,8.905322e-02,-1.050350e+00
0.343750,0.262500,9.392564e-02,-1.027216e+00
0.350000,0.262500,9.890019e-02,-1.004803e+00
0.356250,0.262500,1.039642e-01,-9.831161e-01
0.362500,0.262500,1.091073e-01,-9.621460e-01
0.368750,0.262500,1.143209e-01,-9.418743e-01
0.375000,0.262500,1.195979e-01,-9.222763e-01
0.381250,0.262500,1.249325e-01,-9.033247e-01
0.387500,0.262500,1.303197e-01,-8.849900e-01
0.393750,0.262500,1.357555e-01,-8.672425e-01
0.400000,0.262500,1.412366e-01,-8.500526e-01
0.406250,0.262500,1.467602e-01,-8.333916e-01
0.412500,0.262500,1.526245e-01,-8.163759e-01
0.418750,0.262500,1.589464e-01,-7.987494e-01
0.425000,0.262500,1.653113e-01,-7.816974e-01
0.431250,0.262500,1.717161e-01,-7.651889e-01
0.437500,0.262500,1.781581e-01,-7.491943e-01
0.443750,0.262500,1.846350e-01,-7.336860e-01
0.450000,0.262500,1.911447e-01,-7.186377e-01
0.456250,0.262500,1.976856e-01,-7.040249e-01
0.462500,0.262500,2.042563e-01,-6.898246e-01
0.468750,0.262500,2.108554e-01,-6.760152e-01
0.475000,0.262500,2.177051e-01,-6.621313e-01
0.481250,0.262500,2.246117e-01,-6.485677e-01
0.487500,0.262500,2.315437e-01,-6.353671e-01
0.493750,0.262500,2.383127e-01,-6.228527e-01
0.500000,0.262500,0.000000e+00,-1.200000e+01
0.506250,0.262500,0.000000e+00,-1.200000e+01
0.512500,0.262500,0.000000e+00,-1.200000e+01
0.518750,0.262500,0.000000e+00,-1.200000e+01
0.525000,0.262500,0.000000e+00,-1.200000e+01
0.531250,0.262500,0.000000e+00,-1.200000e+01
0.537500,0.262500,0.000000e+00,-1.200000e+01
0.543750,0.262500,0.000000e+00,-1.200000e+01
0.550000,0.262500,0.000000e+00,-1.200000e+01
0.556250,0.262500,0.000000e+00,-1.200000e+01
0.562500,0.262500,0.000000e+00,-1.200000e+01
0.568750,0.262500,0.000000e+00,-1.200000e+01
0.575000,0.262500,0.000000e+00,-1.200000e+01
0.581250,0.262500,0.000000e+00,-1.200000e+01
0.587500,0.262500,0.000000e+00,-1.200000e+01
0.593750,0.262500,0.000000e+00,-1.200000e+01
0.600000,0.262500,0.000000e+00,-1.200000e+01
0.606250,0.262500,0.000000e+00,-1.200000e+01
0.612500,0.262500,0.000000e+00,-1.200000e+01
0.618750,0.262500,0.000000e+00,-1.200000e+01
0.625000,0.262500,0.000000e+00,-1.200000e+01
0.631250,0.262500,0.000000e+00,-1.200000e+01
0.637500,0.262500,0.000000e+00,-1.200000e+01
0.643750,0.262500,0.000000e+00,-1.200000e+01
0.650000,0.262500,0.000000e+00,-1.200000e+01
0.656250,0.262500,0.000000e+00,-1.200000e+01
0.662500,0.262500,0.000000e+00,-1.200000e+01
0.668750,0.262500,0.000000e+00,-1.200000e+01
0.675000,0.262500,0.000000e+00,-1.200000e+01
0.681250,0.262500,0.000000e+00,-1.200000e+01
0.687500,0.262500,0.000000e+00,-1.200000e+01
0.693750,0.262500,0.000000e+00,-1.200000e+01
0.700000,0.262500,0.000000e+00,-1.200000e+01
0.706250,0.262500,0.000000e+00,-1.200000e+01
0.712500,0.262500,0.000000e+00,-1.200000e+01
0.718750,0.262500,0.000000e+00,-1.200000e+01
0.725000,0.262500,0.000000e+00,-1.200000e+01
0.731250,0.262500,0.000000e+00,-1.200000e+01
0.737500,0.262500,0.000000e+00,-1.200000e+01
0.743750,0.262500,0.000000e+00,-1.200000e+01
0.750000,0.262500,0.000000e+00,-1.200000e+01
0.250000,0.268750,4.760301e-02,-1.322366e+00
0.256250,0.268750,4.781805e-02,-1.320408e+00
0.262500,0.268750,4.860186e-02,-1.313347e+00
0.268750,0.268750,4.992743e-02,-1.301661e+00
0.275000,0.268750,5.175318e-02,-1.286063e+00
0.281250,0.268750,5.402869e-02,-1.267376e+00
0.287500,0.268750,5.670032e-02,-1.246415e+00
0.293750,0.268750,5.971561e-02,-1.223912e+00
0.300000,0.268750,6.302611e-02,-1.200480e+00
0.306250,0.268750,6.665448e-02,-1.176171e+00
0.312500,0.268750,7.084672e-02,-1.149680e+00
0.318750,0.268750,7.525598e-02,-1.123459e+00
0.325000,0.268750,7.984784e-02,-1.097737e+00
0.331250,0.268750,8.459419e-02,-1.072659e+00
0.337500,0.268750,8.947217e-02,-1.048312e+00
0.343750,0.268750,9.446319e-02,-1.024737e+00
0.350000,0.268750,9.955213e-02,-1.001949e+00
0.356250,0.268750,1.047266e-01,-9.799428e-01
0.362500,0.268750,1.099766e-01,-9.586995e-01
0.368750,0.268750,1.152939e-01,-9.381937e-01
0.375000,0.268750,1.206715e-01,-9.183952e-01
0.381250,0.268750,1.261040e-01,-8.992711e-01
0.387500,0.268750,1.315867e-01,-8.807881e-01
0.393750,0.268750,1.371157e-01,-8.629128e-01
0.400000,0.268750,1.426879e-01,-8.456128e-01
0.406250,0.268750,1.483007e-01,-8.288568e-01
0.412500,0.268750,1.542438e-01,-8.117922e-01
0.418750,0.268750,1.606310e-01,-7.941706e-01
0.425000,0.268750,1.670594e-01,-7.771290e-01
0.431250,0.268750,1.735262e-01,-7.606350e-01
0.437500,0.268750,1.800286e-01,-7.446584e-01
0.443750,0.268750,1.865647e-01,-7.291706e-01
0.450000,0.268750,1.931325e-01,-7.141447e-01
0.456250,0.268750,1.997304e-01,-6.995558e-01
0.462500,0.268750,2.063572e-01,-6.853803e-01
0.468750,0.268750,2.130117e-01,-6.715966e-01
0.475000,0.268750,2.198845e-01,-6.578054e-01
0.481250,0.268750,2.268094e-01,-6.443390e-01
0.487500,0.268750,2.337591e-01,-6.312315e-01
0.493750,0.268750,2.405268e-01,-6.188365e-01
0.500000,0.268750,0.000000e+00,-1.200000e+01
0.506250,0.268750,0.000000e+00,-1.200000e+01
0.512500,0.268750,0.000000e+00,-1.200000e+01
0.518750,0.268750,0.000000e+00,-1.200000e+01
0.525000,0.268750,0.000000e+00,-1.200000e+01
0.531250,0.268750,0.000000e+00,-1.200000e+01
0.537500,0.268750,0.000000e+00,-1.200000e+01
0.543750,0.268750,0.000000e+00,-1.200000e+01
0.550000,0.268750,0.000000e+00,-1.200000e+01
0.556250,0.268750,0.000000e+00,-1.200000e+01
0.562500,0.268750,0.000000e+00,-1.200000e+01
0.568750,0.268750,0.000000e+00,-1.200000e+01
0.575000,0.268750,0.000000e+00,-1.200000e+01
0.581250,0.268750,0.000000e+00,-1.200000e+01
0.587500,0.268750,0.000000e+00,-1.200000e+01
0.593750,0.268750,0.000000e+00,-1.200000e+01
0.600000,0.268750,0.000000e+00,-1.200000e+01
0.606250,0.268750,0.000000e+00,-1.200000e+01
0.612500,0.268750,0.000000e+00,-1.200000e+01
0.618750,0.268750,0.000000e+00,-1.200000e+01
0.625000,0.268750,0.000000e+00,-1.200000e+01
0.631250,0.268750,0.000000e+00,-1.200000e+01
0.637500,0.268750,0.000000e+00,-1.200000e+01
0.643750,0.268750,0.000000e+00,-1.200000e+01
0.650000,0.268750,0.000000e+00,-1.200000e+01
0.656250,0.268750,0.000000e+00,-1.200000e+01
0.662500,0.268750,0.000000e+00,-1.200000e+01
0.668750,0.268750,0.000000e+00,-1.200000e+01
0.675000,0.268750,0.000000e+00,-1.200000e+01
0.681250,0.268750,0.000000e+00,-1.200000e+01
0.687500,0.268750,0.000000e+00,-1.200000e+01
0.693750,0.268750,0.000000e+00,-1.200000e+01
0.700000,0.268750,0.000000e+00,-1.200000e+01
0.706250,0.268750,0.000000e+00,-1.200000e+01
0.712500,0.268750,0.000000e+00,-1.200000e+01
0.718750,0.268750,0.000000e+00,-1.200000e+01
0.725000,0.268750,0.000000e+00,-1.200000e+01
0.731250,0.268750,0.000000e+00,-1.200000e+01
0.737500,0.268750,0.000000e+00,-1.200000e+01
0.743750,0.268750,0.000000e+00,-1.200000e+01
0.750000,0.268750,0.000000e+00,-1.200000e+01
0.250000,0.275000,4.651375e-02,-1.332419e+00
0.256250,0.275000,4.673551e-02,-1.330353e+00
0.262500,0.275000,4.755834e-02,-1.322773e+00
0.268750,0.275000,4.895162e-02,-1.310233e+00
0.275000,0.275000,5.086843e-02,-1.293552e+00
0.281250,0.275000,5.325242e-02,-1.273661e+00
0.287500,0.275000,5.604438e-02,-1.251468e+00
0.293750,0.275000,5.918715e-02,-1.227773e+00
0.300000,0.275000,6.262865e-02,-1.203227e+00
0.306250,0.275000,6.639088e-02,-1.177892e+00
0.312500,0.275000,7.072431e-02,-1.150431e+00
0.318750,0.275000,7.527035e-02,-1.123376e+00
0.325000,0.275000,7.999420e-02,-1.096942e+00
0.331250,0.275000,8.486770e-02,-1.071258e+00
0.337500,0.275000,8.986815e-02,-1.046394e+00
0.343750,0.275000,9.497723e-02,-1.022380e+00
0.350000,0.275000,1.001801e-01,-9.992184e-01
0.356250,0.275000,1.054649e-01,-9.768923e-01
0.362500,0.275000,1.108216e-01,-9.553755e-01
0.368750,0.275000,1.162424e-01,-9.346353e-01
0.375000,0.275000,1.217208e-01,-9.146351e-01
0.381250,0.275000,1.272514e-01,-8.953373e-01
0.387500,0.275000,1.328298e-01,-8.767044e-01
0.393750,0.275000,1.384524e-01,-8.586995e-01
0.400000,0.275000,1.441162e-01,-8.412873e-01
0.406250,0.275000,1.498187e-01,-8.244340e-01
0.412500,0.275000,1.558413e-01,-8.073174e-01
0.418750,0.275000,1.622944e-01,-7.896965e-01
0.425000,0.275000,1.687870e-01,-7.726610e-01
0.431250,0.275000,1.753164e-01,-7.561775e-01
0.437500,0.275000,1.818801e-01,-7.402148e-01
0.443750,0.275000,1.884762e-01,-7.247434e-01
0.450000,0.275000,1.951030e-01,-7.097361e-01
0.456250,0.275000,2.017589e-01,-6.951672e-01
0.462500,0.275000,2.084428e-01,-6.810130e-01
0.468750,0.275000,2.151536e-01,-6.672514e-01
0.475000,0.275000,2.220473e-01,-6.535545e-01
0.481250,0.275000,2.289878e-01,-6.401877e-01
0.487500,0.275000,2.359525e-01,-6.271754e-01
0.493750,0.275000,2.427246e-01,-6.148863e-01
0.500000,0.275000,0.000000e+00,-1.200000e+01
0.506250,0.275000,0.000000e+00,-1.200000e+01
0.512500,0.275000,0.000000e+00,-1.200000e+01
0.518750,0.275000,0.000000e+00,-1.200000e+01
0.525000,0.275000,0.000000e+00,-1.200000e+01
0.531250,0.275000,0.000000e+00,-1.200000e+01
0.537500,0.275000,0.000000e+00,-1.200000e+01
0.543750,0.275000,0.000000e+00,-1.200000e+01
0.550000,0.275000,0.000000e+00,-1.200000e+01
0.556250,0.275000,0.000000e+00,-1.200000e+01
0.562500,0.275000,0.000000e+00,-1.200000e+01
0.568750,0.275000,0.000000e+00,-1.200000e+01
0.575000,0.275000,0.000000e+00,-1.200000e+01
0.581250,0.275000,0.000000e+00,-1.200000e+01
0.587500,0.275000,0.000000e+00,-1.200000e+01
0.593750,0.275000,0.000000e+00,-1.200000e+01
0.600000,0.275000,0.000000e+00,-1.200000e+01
0.606250,0.275000,0.000000e+00,-1.200000e+01
0.612500,0.275000,0.000000e+00,-1.200000e+01
0.618750,0.275000,0.000000e+00,-1.200000e+01
0.625000,0.275000,0.000000e+00,-1.200000e+01
0.631250,0.275000,0.000000e+00,-1.200000e+01
0.637500,0.275000,0.000000e+00,-1.200000e+01
0.643750,0.275000,0.000000e+00,-1.200000e+01
0.650000,0.275000,0.000000e+00,-1.200000e+01
0.656250,0.275000,0.000000e+00,-1.200000e+01
0.662500,0.275000,0.000000e+00,-1.200000e+01
0.668750,0.275000,0.000000e+00,-1.200000e+01
0.675000,0.275000,0.000000e+00,-1.200000e+01
0.681250,0.275000,0.000000e+00,-1.200000e+01
0.687500,0.275000,0.000000e+00,-1.200000e+01
0.693750,0.275000,0.000000e+00,-1.200000e+01
0.700000,0.275000,0.000000e+00,-1.200000e+01
0.706250,0.275000,0.000000e+00,-1.200000e+01
0.712500,0.275000,0.000000e+00,-1.200000e+01
0.718750,0.275000,0.000000e+00,-1.200000e+01
0.725000,0.275000,0.000000e+00,-1.200000e+01
0.731250,0.275000,0.000000e+00,-1.200000e+01
0.737500,0.275000,0.000000e+00,-1.200000e+01
0.743750,0.275000,0.000000e+00,-1.200000e+01
0.750000,0.275000,0.000000e+00,-1.200000e+01
0.250000,0.281250,4.542647e-02,-1.342691e+00
0.256250,0.281250,4.565143e-02,-1.340546e+00
0.262500,0.281250,4.651073e-02,-1.332447e+00
0.268750,0.281250,4.796988e-02,-1.319031e+00
0.275000,0.281250,4.997622e-02,-1.301237e+00
0.281250,0.281250,5.246707e-02,-1.280113e+00
0.287500,0.281250,5.537735e-02,-1.256668e+00
0.293750,0.281250,5.864506e-02,-1.231769e+00
0.300000,0.281250,6.221449e-02,-1.206108e+00
0.306250,0.281250,6.610751e-02,-1.179749e+00
0.312500,0.281250,7.058121e-02,-1.151311e+00
0.318750,0.281250,7.526317e-02,-1.123417e+00
0.325000,0.281250,8.011820e-02,-1.096269e+00
0.331250,0.281250,8.511815e-02,-1.069978e+00
0.337500,0.281250,9.024048e-02,-1.044599e+00
0.343750,0.281250,9.546716e-02,-1.020146e+00
0.350000,0.281250,1.007837e-01,-9.966097e-01
0.356250,0.281250,1.061784e-01,-9.739638e-01
0.362500,0.281250,1.116418e-01,-9.521731e-01
0.368750,0.281250,1.171663e-01,-9.311974e-01
0.375000,0.281250,1.227455e-01,-9.109943e-01
0.381250,0.281250,1.283745e-01,-8.915213e-01
0.387500,0.281250,1.340489e-01,-8.727367e-01
0.393750,0.281250,1.397655e-01,-8.546002e-01
0.400000,0.281250,1.455213e-01,-8.370735e-01
0.406250,0.281250,1.513141e-01,-8.201207e-01
0.412500,0.281250,1.574168e-01,-8.029490e-01
0.418750,0.281250,1.639364e-01,-7.853246e-01
0.425000,0.281250,1.704939e-01,-7.682911e-01
0.431250,0.281250,1.770867e-01,-7.518140e-01
0.437500,0.281250,1.837126e-01,-7.358611e-01
0.443750,0.281250,1.903696e-01,-7.204023e-01
0.450000,0.281250,1.970563e-01,-7.054097e-01
0.456250,0.281250,2.037712e-01,-6.908573e-01
0.462500,0.281250,2.105131e-01,-6.767208e-01
0.468750,0.281250,2.172812e-01,-6.629777e-01
0.475000,0.281250,2.241935e-01,-6.493770e-01
0.481250,0.281250,2.311469e-01,-6.361120e-01
0.487500,0.281250,2.381239e-01,-6.231970e-01
0.493750,0.281250,2.449060e-01,-6.110006e-01
0.500000,0.281250,0.000000e+00,-1.200000e+01
0.506250,0.281250,0.000000e+00,-1.200000e+01
0.512500,0.281250,0.000000e+00,-1.200000e+01
0.518750,0.281250,0.000000e+00,-1.200000e+01
0.525000,0.281250,0.000000e+00,-1.200000e+01
0.531250,0.281250,0.000000e+00,-1.200000e+01
0.537500,0.281250,0.000000e+00,-1.200000e+01
0.543750,0.281250,0.000000e+00,-1.200000e+01
0.550000,0.281250,0.000000e+00,-1.200000e+01
0.556250,0.281250,0.000000e+00,-1.200000e+01
0.562500,0.281250,0.000000e+00,-1.200000e+01
0.568750,0.281250,0.000000e+00,-1.200000e+01
0.575000,0.281250,0.000000e+00,-1.200000e+01
0.581250,0.281250,0.000000e+00,-1.200000e+01
0.587500,0.281250,0.000000e+00,-1.200000e+01
0.593750,0.281250,0.000000e+00,-1.200000e+01
0.600000,0.281250,0.000000e+00,-1.200000e+01
0.606250,0.281250,0.000000e+00,-1.200000e+01
0.612500,0.281250,0.000000e+00,-1.200000e+01
0.618750,0.281250,0.000000e+00,-1.200000e+01
0.625000,0.281250,0.000000e+00,-1.200000e+01
0.631250,0.281250,0.000000e+00,-1.200000e+01
0.637500,0.281250,0.000000e+00,-1.200000e+01
0.643750,0.281250,0.000000e+00,-1.200000e+01
0.650000,0.281250,0.000000e+00,-1.200000e+01
0.656250,0.281250,0.000000e+00,-1.200000e+01
0.662500,0.281250,0.000000e+00,-1.200000e+01
0.668750,0.281250,0.000000e+00,-1.200000e+01
0.675000,0.281250,0.000000e+00,-1.200000e+01
0.681250,0.281250,0.000000e+00,-1.200000e+01
0.687500,0.281250,0.000000e+00,-1.200000e+01
0.693750,0.281250,0.000000e+00,-1.200000e+01
0.700000,0.281250,0.000000e+00,-1.200000e+01
0.706250,0.281250,0.000000e+00,-1.200000e+01
0.712500,0.281250,0.000000e+00,-1.200000e+01
0.718750,0.281250,0.000000e+00,-1.200000e+01
0.725000,0.281250,0.000000e+00,-1.200000e+01
0.731250,0.281250,0.000000e+00,-1.200000e+01
0.737500,0.281250,0.000000e+00,-1.200000e+01
0.743750,0.281250,0.000000e+00,-1.200000e+01
0.750000,0.281250,0.000000e+00,-1.200000e+01
0.250000,0.287500,4.434156e-02,-1.353189e+00
0.256250,0.287500,4.456588e-02,-1.350997e+00
0.262500,0.287500,4.545884e-02,-1.342382e+00
0.268750,0.287500,4.698186e-02,-1.328070e+00
0.275000,0.287500,4.907606e-02,-1.309130e+00
0.281250,0.287500,5.167200e-02,-1.286745e+00
0.287500,0.287500,5.469845e-02,-1.262025e+00
0.293750,0.287500,5.808846e-02,-1.235910e+00
0.300000,0.287500,6.178267e-02,-1.209133e+00
0.306250,0.287500,6.580336e-02,-1.181752e+00
0.312500,0.287500,7.041651e-02,-1.152325e+00
0.318750,0.287500,7.523358e-02,-1.123588e+00
0.325000,0.287500,8.021908e-02,-1.095722e+00
0.331250,0.287500,8.534484e-02,-1.068823e+00
0.337500,0.287500,9.058854e-02,-1.042927e+00
0.343750,0.287500,9.593241e-02,-1.018035e+00
0.350000,0.287500,1.013623e-01,-9.941235e-01
0.356250,0.287500,1.068668e-01,-9.711571e-01
0.362500,0.287500,1.124369e-01,-9.490912e-01
0.368750,0.287500,1.180650e-01,-9.278787e-01
0.375000,0.287500,1.237453e-01,-9.074712e-01
0.381250,0.287500,1.294729e-01,-8.878212e-01
0.387500,0.287500,1.352438e-01,-8.688828e-01
0.393750,0.287500,1.410547e-01,-8.506125e-01
0.400000,0.287500,1.469031e-01,-8.329692e-01
0.406250,0.287500,1.527867e-01,-8.159144e-01
0.412500,0.287500,1.589701e-01,-7.986844e-01
0.418750,0.287500,1.655570e-01,-7.810525e-01
0.425000,0.287500,1.721801e-01,-7.640170e-01
0.431250,0.287500,1.788372e-01,-7.475422e-01
0.437500,0.287500,1.855260e-01,-7.315953e-01
0.443750,0.287500,1.922449e-01,-7.161453e-01
0.450000,0.287500,1.989923e-01,-7.011637e-01
0.456250,0.287500,2.057671e-01,-6.866241e-01
0.462500,0.287500,2.125681e-01,-6.725018e-01
0.468750,0.287500,2.193946e-01,-6.587741e-01
0.475000,0.287500,2.263230e-01,-6.452712e-01
0.481250,0.287500,2.332866e-01,-6.321101e-01
0.487500,0.287500,2.402733e-01,-6.192945e-01
0.493750,0.287500,2.470711e-01,-6.071781e-01
0.500000,0.287500,0.000000e+00,-1.200000e+01
0.506250,0.287500,0.000000e+00,-1.200000e+01
0.512500,0.287500,0.000000e+00,-1.200000e+01
0.518750,0.287500,0.000000e+00,-1.200000e+01
0.525000,0.287500,0.000000e+00,-1.200000e+01
0.531250,0.287500,0.000000e+00,-1.200000e+01
0.537500,0.287500,0.000000e+00,-1.200000e+01
0.543750,0.287500,0.000000e+00,-1.200000e+01
0.550000,0.287500,0.000000e+00,-1.200000e+01
0.556250,0.287500,0.000000e+00,-1.200000e+01
0.562500,0.287500,0.000000e+00,-1.200000e+01
0.568750,0.287500,0.000000e+00,-1.200000e+01
0.575000,0.287500,0.000000e+00,-1.200000e+01
0.581250,0.287500,0.000000e+00,-1.200000e+01
0.587500,0.287500,0.000000e+00,-1.200000e+01
0.593750,0.287500,0.000000e+00,-1.200000e+01
0.600000,0.287500,0.000000e+00,-1.200000e+01
0.606250,0.287500,0.000000e+00,-1.200000e+01
0.612500,0.287500,0.000000e+00,-1.200000e+01
0.618750,0.287500,0.000000e+00,-1.200000e+01
0.625000,0.287500,0.000000e+00,-1.200000e+01
0.631250,0.287500,0.000000e+00,-1.200000e+01
0.637500,0.287500,0.000000e+00,-1.200000e+01
0.643750,0.287500,0.000000e+00,-1.200000e+01
0.650000,0.287500,0.000000e+00,-1.200000e+01
0.656250,0.287500,0.000000e+00,-1.200000e+01
0.662500,0.287500,0.000000e+00,-1.200000e+01
0.668750,0.287500,0.000000e+00,-1.200000e+01
0.675000,0.287500,0.000000e+00,-1.200000e+01
0.681250,0.287500,0.000000e+00,-1.200000e+01
0.687500,0.287500,0.000000e+00,-1.200000e+01
0.693750,0.287500,0.000000e+00,-1.200000e+01
0.700000,0.287500,0.000000e+00,-1.200000e+01
0.706250,0.287500,0.000000e+00,-1.200000e+01
0.712500,0.287500,0.000000e+00,-1.200000e+01
0.718750,0.287500,0.000000e+00,-1.200000e+01
0.725000,0.287500,0.000000e+00,-1.200000e+01
0.731250,0.287500,0.000000e+00,-1.200000e+01
0.737500,0.287500,0.000000e+00,-1.200000e+01
0.743750,0.287500,0.000000e+00,-1.200000e+01
0.750000,0.287500,0.000000e+00,-1.200000e+01
0.250000,0.293750,4.325946e-02,-1.363919e+00
0.256250,0.293750,4.347897e-02,-1.361721e+00
0.262500,0.293750,4.440252e-02,-1.352592e+00
0.268750,0.293750,4.598718e-02,-1.337363e+00
0.275000,0.293750,4.816742e-02,-1.317247e+00
0.281250,0.293750,5.086657e-02,-1.293568e+00
0.287500,0.293750,5.400695e-02,-1.267550e+00
0.293750,0.293750,5.751653e-02,-1.240207e+00
0.300000,0.293750,6.133229e-02,-1.212311e+00
0.306250,0.293750,6.547752e-02,-1.183908e+00
0.312500,0.293750,7.022933e-02,-1.153482e+00
0.318750,0.293750,7.518078e-02,-1.123893e+00
0.325000,0.293750,8.029608e-02,-1.095306e+00
0.331250,0.293750,8.554709e-02,-1.067795e+00
0.337500,0.293750,9.091171e-02,-1.041380e+00
0.343750,0.293750,9.637245e-02,-1.016047e+00
0.350000,0.293750,1.019155e-01,-9.917598e-01
0.356250,0.293750,1.075297e-01,-9.684714e-01
0.362500,0.293750,1.132064e-01,-9.461289e-01
0.368750,0.293750,1.189384e-01,-9.246779e-01
0.375000,0.293750,1.247200e-01,-9.040640e-01
0.381250,0.293750,1.305465e-01,-8.842349e-01
0.387500,0.293750,1.364141e-01,-8.651407e-01
0.393750,0.293750,1.423199e-01,-8.467343e-01
0.400000,0.293750,1.482614e-01,-8.289720e-01
0.406250,0.293750,1.542365e-01,-8.118128e-01
0.412500,0.293750,1.605013e-01,-7.945215e-01
0.418750,0.293750,1.671560e-01,-7.768779e-01
0.425000,0.293750,1.738456e-01,-7.598363e-01
0.431250,0.293750,1.805676e-01,-7.433601e-01
0.437500,0.293750,1.873203e-01,-7.274152e-01
0.443750,0.293750,1.941019e-01,-7.119703e-01
0.450000,0.293750,2.009111e-01,-6.969961e-01
0.456250,0.293750,2.077467e-01,-6.824659e-01
0.462500,0.293750,2.146078e-01,-6.683545e-01
0.468750,0.293750,2.214936e-01,-6.546389e-01
0.475000,0.293750,2.284360e-01,-6.412354e-01
0.481250,0.293750,2.354071e-01,-6.281805e-01
0.487500,0.293750,2.424006e-01,-6.154663e-01
0.493750,0.293750,2.492199e-01,-6.034174e-01
0.500000,0.293750,0.000000e+00,-1.200000e+01
0.506250,0.293750,0.000000e+00,-1.200000e+01
0.512500,0.293750,0.000000e+00,-1.200000e+01
0.518750,0.293750,0.000000e+00,-1.200000e+01
0.525000,0.293750,0.000000e+00,-1.200000e+01
0.531250,0.293750,0.000000e+00,-1.200000e+01
0.537500,0.293750,0.000000e+00,-1.200000e+01
0.543750,0.293750,0.000000e+00,-1.200000e+01
0.550000,0.293750,0.000000e+00,-1.200000e+01
0.556250,0.293750,0.000000e+00,-1.200000e+01
0.562500,0.293750,0.000000e+00,-1.200000e+01
0.568750,0.293750,0.000000e+00,-1.200000e+01
0.575000,0.293750,0.000000e+00,-1.200000e+01
0.581250,0.293750,0.000000e+00,-1.200000e+01
0.587500,0.293750,0.000000e+00,-1.200000e+01
0.593750,0.293750,0.000000e+00,-1.200000e+01
0.600000,0.293750,0.000000e+00,-1.200000e+01
0.606250,0.293750,0.000000e+00,-1.200000e+01
0.612500,0.293750,0.000000e+00,-1.200000e+01
0.618750,0.293750,0.000000e+00,-1.200000e+01
0.625000,0.293750,0.000000e+00,-1.200000e+01
0.631250,0.293750,0.000000e+00,-1.200000e+01
0.637500,0.293750,0.000000e+00,-1.200000e+01
0.643750,0.293750,0.000000e+00,-1.200000e+01
0.650000,0.293750,0.000000e+00,-1.200000e+01
0.656250,0.293750,0.000000e+00,-1.200000e+01
0.662500,0.293750,0.000000e+00,-1.200000e+01
0.668750,0.293750,0.000000e+00,-1.200000e+01
0.675000,0.293750,0.000000e+00,-1.200000e+01
0.681250,0.293750,0.000000e+00,-1.200000e+01
0.687500,0.293750,0.000000e+00,-1.200000e+01
0.693750,0.293750,0.000000e+00,-1.200000e+01
0.700000,0.293750,0.000000e+00,-1.200000e+01
0.706250,0.293750,0.000000e+00,-1.200000e+01
0.712500,0.293750,0.000000e+00,-1.200000e+01
0.718750,0.293750,0.000000e+00,-1.200000e+01
0.725000,0.293750,0.000000e+00,-1.200000e+01
0.731250,0.293750,0.000000e+00,-1.200000e+01
0.737500,0.293750,0.000000e+00,-1.200000e+01
0.743750,0.293750,0.000000e+00,-1.200000e+01
0.750000,0.293750,0.000000e+00,-1.200000e+01
0.250000,0.300000,4.218067e-02,-1.374887e+00
0.256250,0.300000,4.239083e-02,-1.372728e+00
0.262500,0.300000,4.334163e-02,-1.363095e+00
0.268750,0.300000,4.498552e-02,-1.346927e+00
0.275000,0.300000,4.724981e-02,-1.325600e+00
0.281250,0.300000,5.005018e-02,-1.300594e+00
0.287500,0.300000,5.330213e-02,-1.273255e+00
0.293750,0.300000,5.692845e-02,-1.244671e+00
0.300000,0.300000,6.086247e-02,-1.215650e+00
0.306250,0.300000,6.512907e-02,-1.186225e+00
0.312500,0.300000,7.001882e-02,-1.154785e+00
0.318750,0.300000,7.510399e-02,-1.124337e+00
0.325000,0.300000,8.034850e-02,-1.095022e+00
0.331250,0.300000,8.572428e-02,-1.066896e+00
0.337500,0.300000,9.120943e-02,-1.039960e+00
0.343750,0.300000,9.678678e-02,-1.014184e+00
0.350000,0.300000,1.024428e-01,-9.895186e-01
0.356250,0.300000,1.081668e-01,-9.659062e-01
0.362500,0.300000,1.139501e-01,-9.432852e-01
0.368750,0.300000,1.197861e-01,-9.215936e-01
0.375000,0.300000,1.256692e-01,-9.007712e-01
0.381250,0.300000,1.315949e-01,-8.807608e-01
0.387500,0.300000,1.375598e-01,-8.615083e-01
0.393750,0.300000,1.435610e-01,-8.429635e-01
0.400000,0.300000,1.495961e-01,-8.250797e-01
0.406250,0.300000,1.556633e-01,-8.078137e-01
0.412500,0.300000,1.620101e-01,-7.904578e-01
0.418750,0.300000,1.687335e-01,-7.727986e-01
0.425000,0.300000,1.754902e-01,-7.557471e-01
0.431250,0.300000,1.822781e-01,-7.392654e-01
0.437500,0.300000,1.890954e-01,-7.233189e-01
0.443750,0.300000,1.959407e-01,-7.078754e-01
0.450000,0.300000,2.028125e-01,-6.929052e-01
0.456250,0.300000,2.097100e-01,-6.783809e-01
0.462500,0.300000,2.166321e-01,-6.642771e-01
0.468750,0.300000,2.235783e-01,-6.505704e-01
0.475000,0.300000,2.305324e-01,-6.372681e-01
0.481250,0.300000,2.375082e-01,-6.243214e-01
0.487500,0.300000,2.445060e-01,-6.117105e-01
0.493750,0.300000,2.513523e-01,-5.997171e-01
0.500000,0.300000,0.000000e+00,-1.200000e+01
0.506250,0.300000,0.000000e+00,-1.200000e+01
0.512500,0.300000,0.000000e+00,-1.200000e+01
0.518750,0.300000,0.000000e+00,-1.200000e+01
0.525000,0.300000,0.000000e+00,-1.200000e+01
0.531250,0.300000,0.000000e+00,-1.200000e+01
0.537500,0.300000,0.000000e+00,-1.200000e+01
0.543750,0.300000,0.000000e+00,-1.200000e+01
0.550000,0.300000,0.000000e+00,-1.200000e+01
0.556250,0.300000,0.000000e+00,-1.200000e+01
0.562500,0.300000,0.000000e+00,-1.200000e+01
0.568750,0.300000,0.000000e+00,-1.200000e+01
0.575000,0.300000,0.000000e+00,-1.200000e+01
0.581250,0.300000,0.000000e+00,-1.200000e+01
0.587500,0.300000,0.000000e+00,-1.200000e+01
0.593750,0.300000,0.000000e+00,-1.200000e+01
0.600000,0.300000,0.000000e+00,-1.200000e+01
0.606250,0.300000,0.000000e+00,-1.200000e+01
0.612500,0.300000,0.000000e+00,-1.200000e+01
0.618750,0.300000,0.000000e+00,-1.200000e+01
0.625000,0.300000,0.000000e+00,-1.200000e+01
0.631250,0.300000,0.000000e+00,-1.200000e+01
0.637500,0.300000,0.000000e+00,-1.200000e+01
0.643750,0.300000,0.000000e+00,-1.200000e+01
0.650000,0.300000,0.000000e+00,-1.200000e+01
0.656250,0.300000,0.000000e+00,-1.200000e+01
0.662500,0.300000,0.000000e+00,-1.200000e+01
0.668750,0.300000,0.000000e+00,-1.200000e+01
0.675000,0.300000,0.000000e+00,-1.200000e+01
0.681250,0.300000,0.000000e+00,-1.200000e+01
0.687500,0.300000,0.000000e+00,-1.200000e+01
0.693750,0.300000,0.000000e+00,-1.200000e+01
0.700000,0.300000,0.000000e+00,-1.200000e+01
0.706250,0.300000,0.000000e+00,-1.200000e+01
0.712500,0.300000,0.000000e+00,-1.200000e+01
0.718750,0.300000,0.000000e+00,-1.200000e+01
0.725000,0.300000,0.000000e+00,-1.200000e+01
0.731250,0.300000,0.000000e+00,-1.200000e+01
0.737500,0.300000,0.000000e+00,-1.200000e+01
0.743750,0.300000,0.000000e+00,-1.200000e+01
0.750000,0.300000,0.000000e+00,-1.200000e+01
0.250000,0.306250,4.110579e-02,-1.386097e+00
0.256250,0.306250,4.130167e-02,-1.384032e+00
0.262500,0.306250,4.227604e-02,-1.373906e+00
0.268750,0.306250,4.397653e-02,-1.356779e+00
0.275000,0.306250,4.632277e-02,-1.334206e+00
0.281250,0.306250,4.922221e-02,-1.307839e+00
0.287500,0.306250,5.258330e-02,-1.279152e+00
0.293750,0.306250,5.632345e-02,-1.249311e+00
0.300000,0.306250,6.037238e-02,-1.219162e+00
0.306250,0.306250,6.475717e-02,-1.188712e+00
0.312500,0.306250,6.978420e-02,-1.156243e+00
0.318750,0.306250,7.500249e-02,-1.124924e+00
0.325000,0.306250,8.037570e-02,-1.094875e+00
0.331250,0.306250,8.587581e-02,-1.066129e+00
0.337500,0.306250,9.148118e-02,-1.038668e+00
0.343750,0.306250,9.717491e-02,-1.012446e+00
0.350000,0.306250,1.029438e-01,-9.873997e-01
0.356250,0.306250,1.087775e-01,-9.634610e-01
0.362500,0.306250,1.146677e-01,-9.405590e-01
0.368750,0.306250,1.206078e-01,-9.186244e-01
0.375000,0.306250,1.265927e-01,-8.975912e-01
0.381250,0.306250,1.326182e-01,-8.773970e-01
0.387500,0.306250,1.386807e-01,-8.579838e-01
0.393750,0.306250,1.447778e-01,-8.392980e-01
0.400000,0.306250,1.509072e-01,-8.212902e-01
0.406250,0.306250,1.570671e-01,-8.039148e-01
0.412500,0.306250,1.634966e-01,-7.864912e-01
0.418750,0.306250,1.702893e-01,-7.688125e-01
0.425000,0.306250,1.771140e-01,-7.517471e-01
0.431250,0.306250,1.839686e-01,-7.352564e-01
0.437500,0.306250,1.908514e-01,-7.193046e-01
0.443750,0.306250,1.977612e-01,-7.038589e-01
0.450000,0.306250,2.046967e-01,-6.888892e-01
0.456250,0.306250,2.116569e-01,-6.743675e-01
0.462500,0.306250,2.186411e-01,-6.602682e-01
0.468750,0.306250,2.256486e-01,-6.465674e-01
0.475000,0.306250,2.326121e-01,-6.333677e-01
0.481250,0.306250,2.395900e-01,-6.205313e-01
0.487500,0.306250,2.465893e-01,-6.080258e-01
0.493750,0.306250,2.534684e-01,-5.960762e-01
0.500000,0.306250,0.000000e+00,-1.200000e+01
0.506250,0.306250,0.000000e+00,-1.200000e+01
0.512500,0.306250,0.000000e+00,-1.200000e+01
0.518750,0.306250,0.000000e+00,-1.200000e+01
0.525000,0.306250,0.000000e+00,-1.200000e+01
0.531250,0.306250,0.000000e+00,-1.200000e+01
0.537500,0.306250,0.000000e+00,-1.200000e+01
0.543750,0.306250,0.000000e+00,-1.200000e+01
0.550000,0.306250,0.000000e+00,-1.200000e+01
0.556250,0.306250,0.000000e+00,-1.200000e+01
0.562500,0.306250,0.000000e+00,-1.200000e+01
0.568750,0.306250,0.000000e+00,-1.200000e+01
0.575000,0.306250,0.000000e+00,-1.200000e+01
0.581250,0.306250,0.000000e+00,-1.200000e+01
0.587500,0.306250,0.000000e+00,-1.200000e+01
0.593750,0.306250,0.000000e+00,-1.200000e+01
0.600000,0.306250,0.000000e+00,-1.200000e+01
0.606250,0.306250,0.000000e+00,-1.200000e+01
0.612500,0.306250,0.000000e+00,-1.200000e+01
0.618750,0.306250,0.000000e+00,-1.200000e+01
0.625000,0.306250,0.000000e+00,-1.200000e+01
0.631250,0.306250,0.000000e+00,-1.200000e+01
0.637500,0.306250,0.000000e+00,-1.200000e+01
0.643750,0.306250,0.000000e+00,-1.200000e+01
0.650000,0.306250,0.000000e+00,-1.200000e+01
0.656250,0.306250,0.000000e+00,-1.200000e+01
0.662500,0.306250,0.000000e+00,-1.200000e+01
0.668750,0.306250,0.000000e+00,-1.200000e+01
0.675000,0.306250,0.000000e+00,-1.200000e+01
0.681250,0.306250,0.000000e+00,-1.200000e+01
0.687500,0.306250,0.000000e+00,-1.200000e+01
0.693750,0.306250,0.000000e+00,-1.200000e+01
0.700000,0.306250,0.000000e+00,-1.200000e+01
0.706250,0.306250,0.000000e+00,-1.200000e+01
0.712500,0.306250,0.000000e+00,-1.200000e+01
0.718750,0.306250,0.000000e+00,-1.200000e+01
0.725000,0.306250,0.000000e+00,-1.200000e+01
0.731250,0.306250,0.000000e+00,-1.200000e+01
0.737500,0.306250,0.000000e+00,-1.200000e+01
0.743750,0.306250,0.000000e+00,-1.200000e+01
0.750000,0.306250,0.000000e+00,-1.200000e+01
0.250000,0.312500,4.003548e-02,-1.397555e+00
0.256250,0.312500,4.021172e-02,-1.395647e+00
0.262500,0.312500,4.120567e-02,-1.385043e+00
0.268750,0.312500,4.295990e-02,-1.366937e+00
0.275000,0.312500,4.538580e-02,-1.343080e+00
0.281250,0.312500,4.838209e-02,-1.315315e+00
0.287500,0.312500,5.184977e-02,-1.285253e+00
0.293750,0.312500,5.570078e-02,-1.254139e+00
0.300000,0.312500,5.986123e-02,-1.222854e+00
0.306250,0.312500,6.436101e-02,-1.191377e+00
0.312500,0.312500,6.952472e-02,-1.157861e+00
0.318750,0.312500,7.487559e-02,-1.125660e+00
0.325000,0.312500,8.037703e-02,-1.094868e+00
0.331250,0.312500,8.600112e-02,-1.065496e+00
0.337500,0.312500,9.172644e-02,-1.037505e+00
0.343750,0.312500,9.753641e-02,-1.010833e+00
0.350000,0.312500,1.034182e-01,-9.854032e-01
0.356250,0.312500,1.093616e-01,-9.611352e-01
0.362500,0.312500,1.153588e-01,-9.379494e-01
0.368750,0.312500,1.214034e-01,-9.157692e-01
0.375000,0.312500,1.274904e-01,-8.945225e-01
0.381250,0.312500,1.336159e-01,-8.741418e-01
0.387500,0.312500,1.397767e-01,-8.545653e-01
0.393750,0.312500,1.459701e-01,-8.357360e-01
0.400000,0.312500,1.521944e-01,-8.176015e-01
0.406250,0.312500,1.584477e-01,-8.001141e-01
0.412500,0.312500,1.649606e-01,-7.826197e-01
0.418750,0.312500,1.718234e-01,-7.649176e-01
0.425000,0.312500,1.787168e-01,-7.478345e-01
0.431250,0.312500,1.856389e-01,-7.313309e-01
0.437500,0.312500,1.925882e-01,-7.153702e-01
0.443750,0.312500,1.995635e-01,-6.999190e-01
0.450000,0.312500,2.065635e-01,-6.849464e-01
0.456250,0.312500,2.135875e-01,-6.704242e-01
0.462500,0.312500,2.206347e-01,-6.563261e-01
0.468750,0.312500,2.277046e-01,-6.426282e-01
0.475000,0.312500,2.346752e-01,-6.295328e-01
0.481250,0.312500,2.416525e-01,-6.168087e-01
0.487500,0.312500,2.486506e-01,-6.044105e-01
0.493750,0.312500,2.555682e-01,-5.924932e-01
0.500000,0.312500,0.000000e+00,-1.200000e+01
0.506250,0.312500,0.000000e+00,-1.200000e+01
0.512500,0.312500,0.000000e+00,-1.200000e+01
0.518750,0.312500,0.000000e+00,-1.200000e+01
0.525000,0.312500,0.000000e+00,-1.200000e+01
0.531250,0.312500,0.000000e+00,-1.200000e+01
0.537500,0.312500,0.000000e+00,-1.200000e+01
0.543750,0.312500,0.000000e+00,-1.200000e+01
0.550000,0.312500,0.000000e+00,-1.200000e+01
0.556250,0.312500,0.000000e+00,-1.200000e+01
0.562500,0.312500,0.000000e+00,-1.200000e+01
0.568750,0.312500,0.000000e+00,-1.200000e+01
0.575000,0.312500,0.000000e+00,-1.200000e+01
0.581250,0.312500,0.000000e+00,-1.200000e+01
0.587500,0.312500,0.000000e+00,-1.200000e+01
0.593750,0.312500,0.000000e+00,-1.200000e+01
0.600000,0.312500,0.000000e+00,-1.200000e+01
0.606250,0.312500,0.000000e+00,-1.200000e+01
0.612500,0.312500,0.000000e+00,-1.200000e+01
0.618750,0.312500,0.000000e+00,-1.200000e+01
0.625000,0.312500,0.000000e+00,-1.200000e+01
0.631250,0.312500,0.000000e+00,-1.200000e+01
0.637500,0.312500,0.000000e+00,-1.200000e+01
0.643750,0.312500,0.000000e+00,-1.200000e+01
0.650000,0.312500,0.000000e+00,-1.200000e+01
0.656250,0.312500,0.000000e+00,-1.200000e+01
0.662500,0.312500,0.000000e+00,-1.200000e+01
0.668750,0.312500,0.000000e+00,-1.200000e+01
0.675000,0.312500,0.000000e+00,-1.200000e+01
0.681250,0.312500,0.000000e+00,-1.200000e+01
0.687500,0.312500,0.000000e+00,-1.200000e+01
0.693750,0.312500,0.000000e+00,-1.200000e+01
0.700000,0.312500,0.000000e+00,-1.200000e+01
0.706250,0.312500,0.000000e+00,-1.200000e+01
0.712500,0.312500,0.000000e+00,-1.200000e+01
0.718750,0.312500,0.000000e+00,-1.200000e+01
0.725000,0.312500,0.000000e+00,-1.200000e+01
0.731250,0.312500,0.000000e+00,-1.200000e+01
0.737500,0.312500,0.000000e+00,-1.200000e+01
0.743750,0.312500,0.000000e+00,-1.200000e+01
0.750000,0.312500,0.000000e+00,-1.200000e+01
0.250000,0.318750,3.897053e-02,-1.409264e+00
0.256250,0.318750,3.912131e-02,-1.407587e+00
0.262500,0.318750,4.013048e-02,-1.396526e+00
0.268750,0.318750,4.193534e-02,-1.377420e+00
0.275000,0.318750,4.443847e-02,-1.352241e+00
0.281250,0.318750,4.752925e-02,-1.323039e+00
0.287500,0.318750,5.110089e-02,-1.291572e+00
0.293750,0.318750,5.505972e-02,-1.259166e+00
0.300000,0.318750,5.932825e-02,-1.226738e+00
0.306250,0.318750,6.393981e-02,-1.194229e+00
0.312500,0.318750,6.923966e-02,-1.159645e+00
0.318750,0.318750,7.472263e-02,-1.126548e+00
0.325000,0.318750,8.035191e-02,-1.095004e+00
0.331250,0.318750,8.609967e-02,-1.064999e+00
0.337500,0.318750,9.194474e-02,-1.036473e+00
0.343750,0.318750,9.787086e-02,-1.009347e+00
0.350000,0.318750,1.038655e-01,-9.835289e-01
0.356250,0.318750,1.099188e-01,-9.589282e-01
0.362500,0.318750,1.160231e-01,-9.354555e-01
0.368750,0.318750,1.221724e-01,-9.130268e-01
0.375000,0.318750,1.283620e-01,-8.915635e-01
0.381250,0.318750,1.345880e-01,-8.709937e-01
0.387500,0.318750,1.408474e-01,-8.512511e-01
0.393750,0.318750,1.471379e-01,-8.322754e-01
0.400000,0.318750,1.534576e-01,-8.140115e-01
0.406250,0.318750,1.598050e-01,-7.964095e-01
0.412500,0.318750,1.664021e-01,-7.788412e-01
0.418750,0.318750,1.733358e-01,-7.611118e-01
0.425000,0.318750,1.802987e-01,-7.440074e-01
0.431250,0.318750,1.872892e-01,-7.274873e-01
0.437500,0.318750,1.943058e-01,-7.115142e-01
0.443750,0.318750,2.013474e-01,-6.960539e-01
0.450000,0.318750,2.084130e-01,-6.810752e-01
0.456250,0.318750,2.155017e-01,-6.665492e-01
0.462500,0.318750,2.226130e-01,-6.524495e-01
0.468750,0.318750,2.297463e-01,-6.387515e-01
0.475000,0.318750,2.367217e-01,-6.257619e-01
0.481250,0.318750,2.436956e-01,-6.131523e-01
0.487500,0.318750,2.506899e-01,-6.008632e-01
0.493750,0.318750,2.576516e-01,-5.889671e-01
0.500000,0.318750,0.000000e+00,-1.200000e+01
0.506250,0.318750,0.000000e+00,-1.200000e+01
0.512500,0.318750,0.000000e+00,-1.200000e+01
0.518750,0.318750,0.000000e+00,-1.200000e+01
0.525000,0.318750,0.000000e+00,-1.200000e+01
0.531250,0.318750,0.000000e+00,-1.200000e+01
0.537500,0.318750,0.000000e+00,-1.200000e+01
0.543750,0.318750,0.000000e+00,-1.200000e+01
0.550000,0.318750,0.000000e+00,-1.200000e+01
0.556250,0.318750,0.000000e+00,-1.200000e+01
0.562500,0.318750,0.000000e+00,-1.200000e+01
0.568750,0.318750,0.000000e+00,-1.200000e+01
0.575000,0.318750,0.000000e+00,-1.200000e+01
0.581250,0.318750,0.000000e+00,-1.200000e+01
0.587500,0.318750,0.000000e+00,-1.200000e+01
0.593750,0.318750,0.000000e+00,-1.200000e+01
0.600000,0.318750,0.000000e+00,-1.200000e+01
0.606250,0.318750,0.000000e+00,-1.200000e+01
0.612500,0.318750,0.000000e+00,-1.200000e+01
0.618750,0.318750,0.000000e+00,-1.200000e+01
0.625000,0.318750,0.000000e+00,-1.200000e+01
0.631250,0.318750,0.000000e+00,-1.200000e+01
0.637500,0.318750,0.000000e+00,-1.200000e+01
0.643750,0.318750,0.000000e+00,-1.200000e+01
0.650000,0.318750,0.000000e+00,-1.200000e+01
0.656250,0.318750,0.000000e+00,-1.200000e+01
0.662500,0.318750,0.000000e+00,-1.200000e+01
0.668750,0.318750,0.000000e+00,-1.200000e+01
0.675000,0.318750,0.000000e+00,-1.200000e+01
0.681250,0.318750,0.000000e+00,-1.200000e+01
0.687500,0.318750,0.000000e+00,-1.200000e+01
0.693750,0.318750,0.000000e+00,-1.200000e+01
0.700000,0.318750,0.000000e+00,-1.200000e+01
0.706250,0.318750,0.000000e+00,-1.200000e+01
0.712500,0.318750,0.000000e+00,-1.200000e+01
0.718750,0.318750,0.000000e+00,-1.200000e+01
0.725000,0.318750,0.000000e+00,-1.200000e+01
0.731250,0.318750,0.000000e+00,-1.200000e+01
0.737500,0.318750,0.000000e+00,-1.200000e+01
0.743750,0.318750,0.000000e+00,-1.200000e+01
0.750000,0.318750,0.000000e+00,-1.200000e+01
0.250000,0.325000,3.791183e-02,-1.421225e+00
0.256250,0.325000,3.803082e-02,-1.419864e+00
0.262500,0.325000,3.905043e-02,-1.408374e+00
0.268750,0.325000,4.090256e-02,-1.388249e+00
0.275000,0.325000,4.348033e-02,-1.361707e+00
0.281250,0.325000,4.666315e-02,-1.331026e+00
0.287500,0.325000,5.033603e-02,-1.298121e+00
0.293750,0.325000,5.439959e-02,-1.264404e+00
0.300000,0.325000,5.877271e-02,-1.230824e+00
0.306250,0.325000,6.349285e-02,-1.197275e+00
0.312500,0.325000,6.892835e-02,-1.161602e+00
0.318750,0.325000,7.454299e-02,-1.127593e+00
0.325000,0.325000,8.029977e-02,-1.095286e+00
0.331250,0.325000,8.617096e-02,-1.064639e+00
0.337500,0.325000,9.213563e-02,-1.035572e+00
0.343750,0.325000,9.817785e-02,-1.007987e+00
0.350000,0.325000,1.042854e-01,-9.817767e-01
0.356250,0.325000,1.104487e-01,-9.568395e-01
0.362500,0.325000,1.166604e-01,-9.330765e-01
0.368750,0.325000,1.229148e-01,-9.103958e-01
0.375000,0.325000,1.292073e-01,-8.887130e-01
0.381250,0.325000,1.355343e-01,-8.679509e-01
0.387500,0.325000,1.418929e-01,-8.480393e-01
0.393750,0.325000,1.482810e-01,-8.289144e-01
0.400000,0.325000,1.546968e-01,-8.105185e-01
0.406250,0.325000,1.611390e-01,-7.927992e-01
0.412500,0.325000,1.678210e-01,-7.751537e-01
0.418750,0.325000,1.748263e-01,-7.573933e-01
0.425000,0.325000,1.818596e-01,-7.402638e-01
0.431250,0.325000,1.889193e-01,-7.237236e-01
0.437500,0.325000,1.960042e-01,-7.077347e-01
0.443750,0.325000,2.031131e-01,-6.922622e-01
0.450000,0.325000,2.102451e-01,-6.772741e-01
0.456250,0.325000,2.173996e-01,-6.627413e-01
0.462500,0.325000,2.245759e-01,-6.486369e-01
0.468750,0.325000,2.317736e-01,-6.349360e-01
0.475000,0.325000,2.387516e-01,-6.220537e-01
0.481250,0.325000,2.457194e-01,-6.095605e-01
0.487500,0.325000,2.527071e-01,-5.973825e-01
0.493750,0.325000,2.597188e-01,-5.854967e-01
0.500000,0.325000,0.000000e+00,-1.200000e+01
0.506250,0.325000,0.000000e+00,-1.200000e+01
0.512500,0.325000,0.000000e+00,-1.200000e+01
0.518750,0.325000,0.000000e+00,-1.200000e+01
0.525000,0.325000,0.000000e+00,-1.200000e+01
0.531250,0.325000,0.000000e+00,-1.200000e+01
0.537500,0.325000,0.000000e+00,-1.200000e+01
0.543750,0.325000,0.000000e+00,-1.200000e+01
0.550000,0.325000,0.000000e+00,-1.200000e+01
0.556250,0.325000,0.000000e+00,-1.200000e+01
0.562500,0.325000,0.000000e+00,-1.200000e+01
0.568750,0.325000,0.000000e+00,-1.200000e+01
0.575000,0.325000,0.000000e+00,-1.200000e+01
0.581250,0.325000,0.000000e+00,-1.200000e+01
0.587500,0.325000,0.000000e+00,-1.200000e+01
0.593750,0.325000,0.000000e+00,-1.200000e+01
0.600000,0.325000,0.000000e+00,-1.200000e+01
0.606250,0.325000,0.000000e+00,-1.200000e+01
0.612500,0.325000,0.000000e+00,-1.200000e+01
0.618750,0.325000,0.000000e+00,-1.200000e+01
0.625000,0.325000,0.000000e+00,-1.200000e+01
0.631250,0.325000,0.000000e+00,-1.200000e+01
0.637500,0.325000,0.000000e+00,-1.200000e+01
0.643750,0.325000,0.000000e+00,-1.200000e+01
0.650000,0.325000,0.000000e+00,-1.200000e+01
0.656250,0.325000,0.000000e+00,-1.200000e+01
0.662500,0.325000,0.000000e+00,-1.200000e+01
0.668750,0.325000,0.000000e+00,-1.200000e+01
0.675000,0.325000,0.000000e+00,-1.200000e+01
0.681250,0.325000,0.000000e+00,-1.200000e+01
0.687500,0.325000,0.000000e+00,-1.200000e+01
0.693750,0.325000,0.000000e+00,-1.200000e+01
0.700000,0.325000,0.000000e+00,-1.200000e+01
0.706250,0.325000,0.000000e+00,-1.200000e+01
0.712500,0.325000,0.000000e+00,-1.200000e+01
0.718750,0.325000,0.000000e+00,-1.200000e+01
0.725000,0.325000,0.000000e+00,-1.200000e+01
0.731250,0.325000,0.000000e+00,-1.200000e+01
0.737500,0.325000,0.000000e+00,-1.200000e+01
0.743750,0.325000,0.000000e+00,-1.200000e+01
0.750000,0.325000,0.000000e+00,-1.200000e+01
0.250000,0.331250,3.686038e-02,-1.433440e+00
0.256250,0.331250,3.694071e-02,-1.432495e+00
0.262500,0.331250,3.796556e-02,-1.420610e+00
0.268750,0.331250,3.986131e-02,-1.399448e+00
0.275000,0.331250,4.251095e-02,-1.371499e+00
0.281250,0.331250,4.578324e-02,-1.339294e+00
0.287500,0.331250,4.955458e-02,-1.304916e+00
0.293750,0.331250,5.371970e-02,-1.269866e+00
0.300000,0.331250,5.819391e-02,-1.235122e+00
0.306250,0.331250,6.301941e-02,-1.200526e+00
0.312500,0.331250,6.859013e-02,-1.163738e+00
0.318750,0.331250,7.433610e-02,-1.128800e+00
0.325000,0.331250,8.022009e-02,-1.095717e+00
0.331250,0.331250,8.621452e-02,-1.064420e+00
0.337500,0.331250,9.229870e-02,-1.034804e+00
0.343750,0.331250,9.845701e-02,-1.006753e+00
0.350000,0.331250,1.046775e-01,-9.801466e-01
0.356250,0.331250,1.109510e-01,-9.548686e-01
0.362500,0.331250,1.172705e-01,-9.308113e-01
0.368750,0.331250,1.236303e-01,-9.078752e-01
0.375000,0.331250,1.300261e-01,-8.859695e-01
0.381250,0.331250,1.364545e-01,-8.650120e-01
0.387500,0.331250,1.429130e-01,-8.449283e-01
0.393750,0.331250,1.493993e-01,-8.256514e-01
0.400000,0.331250,1.559119e-01,-8.071206e-01
0.406250,0.331250,1.624496e-01,-7.892813e-01
0.412500,0.331250,1.692172e-01,-7.715555e-01
0.418750,0.331250,1.762949e-01,-7.537603e-01
0.425000,0.331250,1.833994e-01,-7.366021e-01
0.431250,0.331250,1.905292e-01,-7.200383e-01
0.437500,0.331250,1.976832e-01,-7.040302e-01
0.443750,0.331250,2.048604e-01,-6.885421e-01
0.450000,0.331250,2.120598e-01,-6.735416e-01
0.456250,0.331250,2.192810e-01,-6.589989e-01
0.462500,0.331250,2.265234e-01,-6.448869e-01
0.468750,0.331250,2.337866e-01,-6.311804e-01
0.475000,0.331250,2.407648e-01,-6.184069e-01
0.481250,0.331250,2.477239e-01,-6.060320e-01
0.487500,0.331250,2.547023e-01,-5.939671e-01
0.493750,0.331250,2.617695e-01,-5.820809e-01
0.500000,0.331250,0.000000e+00,-1.200000e+01
0.506250,0.331250,0.000000e+00,-1.200000e+01
0.512500,0.331250,0.000000e+00,-1.200000e+01
0.518750,0.331250,0.000000e+00,-1.200000e+01
0.525000,0.331250,0.000000e+00,-1.200000e+01
0.531250,0.331250,0.000000e+00,-1.200000e+01
0.537500,0.331250,0.000000e+00,-1.200000e+01
0.543750,0.331250,0.000000e+00,-1.200000e+01
0.550000,0.331250,0.000000e+00,-1.200000e+01
0.556250,0.331250,0.000000e+00,-1.200000e+01
0.562500,0.331250,0.000000e+00,-1.200000e+01
0.568750,0.331250,0.000000e+00,-1.200000e+01
0.575000,0.331250,0.000000e+00,-1.200000e+01
0.581250,0.331250,0.000000e+00,-1.200000e+01
0.587500,0.331250,0.000000e+00,-1.200000e+01
0.593750,0.331250,0.000000e+00,-1.200000e+01
0.600000,0.331250,0.000000e+00,-1.200000e+01
0.606250,0.331250,0.000000e+00,-1.200000e+01
0.612500,0.331250,0.000000e+00,-1.200000e+01
0.618750,0.331250,0.000000e+00,-1.200000e+01
0.625000,0.331250,0.000000e+00,-1.200000e+01
0.631250,0.331250,0.000000e+00,-1.200000e+01
0.637500,0.331250,0.000000e+00,-1.200000e+01
0.643750,0.331250,0.000000e+00,-1.200000e+01
0.650000,0.331250,0.000000e+00,-1.200000e+01
0.656250,0.331250,0.000000e+00,-1.200000e+01
0.662500,0.331250,0.000000e+00,-1.200000e+01
0.668750,0.331250,0.000000e+00,-1.200000e+01
0.675000,0.331250,0.000000e+00,-1.200000e+01
0.681250,0.331250,0.000000e+00,-1.200000e+01
0.687500,0.331250,0.000000e+00,-1.200000e+01
0.693750,0.331250,0.000000e+00,-1.200000e+01
0.700000,0.331250,0.000000e+00,-1.200000e+01
0.706250,0.331250,0.000000e+00,-1.200000e+01
0.712500,0.331250,0.000000e+00,-1.200000e+01
0.718750,0.331250,0.000000e+00,-1.200000e+01
0.725000,0.331250,0.000000e+00,-1.200000e+01
0.731250,0.331250,0.000000e+00,-1.200000e+01
0.737500,0.331250,0.000000e+00,-1.200000e+01
0.743750,0.331250,0.000000e+00,-1.200000e+01
0.750000,0.331250,0.000000e+00,-1.200000e+01
0.250000,0.337500,3.581734e-02,-1.445907e+00
0.256250,0.337500,3.585154e-02,-1.445492e+00
0.262500,0.337500,3.687594e-02,-1.433257e+00
0.268750,0.337500,3.881135e-02,-1.411041e+00
0.275000,0.337500,4.152992e-02,-1.381639e+00
0.281250,0.337500,4.488900e-02,-1.347860e+00
0.287500,0.337500,4.875595e-02,-1.311972e+00
0.293750,0.337500,5.301942e-02,-1.275565e+00
0.300000,0.337500,5.759119e-02,-1.239644e+00
0.306250,0.337500,6.251883e-02,-1.203989e+00
0.312500,0.337500,6.822440e-02,-1.166060e+00
0.318750,0.337500,7.410138e-02,-1.130174e+00
0.325000,0.337500,8.011237e-02,-1.096300e+00
0.331250,0.337500,8.622989e-02,-1.064342e+00
0.337500,0.337500,9.243353e-02,-1.034170e+00
0.343750,0.337500,9.870798e-02,-1.005648e+00
0.350000,0.337500,1.050416e-01,-9.786385e-01
0.356250,0.337500,1.114256e-01,-9.530151e-01
0.362500,0.337500,1.178530e-01,-9.286593e-01
0.368750,0.337500,1.243186e-01,-9.054639e-01
0.375000,0.337500,1.308182e-01,-8.833317e-01
0.381250,0.337500,1.373487e-01,-8.621755e-01
0.387500,0.337500,1.439075e-01,-8.419166e-01
0.393750,0.337500,1.504927e-01,-8.224846e-01
0.400000,0.337500,1.571028e-01,-8.038161e-01
0.406250,0.337500,1.637367e-01,-7.858540e-01
0.412500,0.337500,1.705907e-01,-7.680448e-01
0.418750,0.337500,1.777416e-01,-7.502110e-01
0.425000,0.337500,1.849181e-01,-7.330205e-01
0.431250,0.337500,1.921190e-01,-7.164298e-01
0.437500,0.337500,1.993430e-01,-7.003990e-01
0.443750,0.337500,2.065893e-01,-6.848921e-01
0.450000,0.337500,2.138572e-01,-6.698761e-01
0.456250,0.337500,2.211461e-01,-6.553207e-01
0.462500,0.337500,2.284556e-01,-6.411983e-01
0.468750,0.337500,2.357852e-01,-6.274835e-01
0.475000,0.337500,2.427615e-01,-6.148203e-01
0.481250,0.337500,2.497091e-01,-6.025657e-01
0.487500,0.337500,2.566756e-01,-5.906155e-01
0.493750,0.337500,2.638040e-01,-5.787186e-01
0.500000,0.337500,0.000000e+00,-1.200000e+01
0.506250,0.337500,0.000000e+00,-1.200000e+01
0.512500,0.337500,0.000000e+00,-1.200000e+01
0.518750,0.337500,0.000000e+00,-1.200000e+01
0.525000,0.337500,0.000000e+00,-1.200000e+01
0.531250,0.337500,0.000000e+00,-1.200000e+01
0.537500,0.337500,0.000000e+00,-1.200000e+01
0.543750,0.337500,0.000000e+00,-1.200000e+01
0.550000,0.337500,0.000000e+00,-1.200000e+01
0.556250,0.337500,0.000000e+00,-1.200000e+01
0.562500,0.337500,0.000000e+00,-1.200000e+01
0.568750,0.337500,0.000000e+00,-1.200000e+01
0.575000,0.337500,0.000000e+00,-1.200000e+01
0.581250,0.337500,0.000000e+00,-1.200000e+01
0.587500,0.337500,0.000000e+00,-1.200000e+01
0.593750,0.337500,0.000000e+00,-1.200000e+01
0.600000,0.337500,0.000000e+00,-1.200000e+01
0.606250,0.337500,0.000000e+00,-1.200000e+01
0.612500,0.337500,0.000000e+00,-1.200000e+01
0.618750,0.337500,0.000000e+00,-1.200000e+01
0.625000,0.337500,0.000000e+00,-1.200000e+01
0.631250,0.337500,0.000000e+00,-1.200000e+01
0.637500,0.337500,0.000000e+00,-1.200000e+01
0.643750,0.337500,0.000000e+00,-1.200000e+01
0.650000,0.337500,0.000000e+00,-1.200000e+01
0.656250,0.337500,0.000000e+00,-1.200000e+01
0.662500,0.337500,0.000000e+00,-1.200000e+01
0.668750,0.337500,0.000000e+00,-1.200000e+01
0.675000,0.337500,0.000000e+00,-1.200000e+01
0.681250,0.337500,0.000000e+00,-1.200000e+01
0.687500,0.337500,0.000000e+00,-1.200000e+01
0.693750,0.337500,0.000000e+00,-1.200000e+01
0.700000,0.337500,0.000000e+00,-1.200000e+01
0.706250,0.337500,0.000000e+00,-1.200000e+01
0.712500,0.337500,0.000000e+00,-1.200000e+01
0.718750,0.337500,0.000000e+00,-1.200000e+01
0.725000,0.337500,0.000000e+00,-1.200000e+01
0.731250,0.337500,0.000000e+00,-1.200000e+01
0.737500,0.337500,0.000000e+00,-1.200000e+01
0.743750,0.337500,0.000000e+00,-1.200000e+01
0.750000,0.337500,0.000000e+00,-1.200000e+01
0.250000,0.343750,3.478405e-02,-1.458620e+00
0.256250,0.343750,3.476398e-02,-1.458871e+00
0.262500,0.343750,3.578169e-02,-1.446339e+00
0.268750,0.343750,3.775247e-02,-1.423055e+00
0.275000,0.343750,4.053684e-02,-1.392150e+00
0.281250,0.343750,4.397993e-02,-1.356745e+00
0.287500,0.343750,4.793956e-02,-1.319306e+00
0.293750,0.343750,5.229814e-02,-1.281514e+00
0.300000,0.343750,5.696389e-02,-1.244400e+00
0.306250,0.343750,6.199048e-02,-1.207675e+00
0.312500,0.343750,6.783057e-02,-1.168575e+00
0.318750,0.343750,7.383831e-02,-1.131718e+00
0.325000,0.343750,7.997612e-02,-1.097040e+00
0.331250,0.343750,8.621665e-02,-1.064409e+00
0.337500,0.343750,9.253975e-02,-1.033672e+00
0.343750,0.343750,9.893044e-02,-1.004670e+00
0.350000,0.343750,1.053774e-01,-9.772525e-01
0.356250,0.343750,1.118721e-01,-9.512783e-01
0.362500,0.343750,1.184078e-01,-9.266196e-01
0.368750,0.343750,1.249796e-01,-9.031608e-01
0.375000,0.343750,1.315835e-01,-8.807984e-01
0.381250,0.343750,1.382165e-01,-8.594400e-01
0.387500,0.343750,1.448763e-01,-8.390027e-01
0.393750,0.343750,1.515610e-01,-8.194125e-01
0.400000,0.343750,1.582693e-01,-8.006033e-01
0.406250,0.343750,1.650002e-01,-7.825155e-01
0.412500,0.343750,1.719413e-01,-7.646197e-01
0.418750,0.343750,1.791663e-01,-7.467438e-01
0.425000,0.343750,1.864157e-01,-7.295175e-01
0.431250,0.343750,1.936884e-01,-7.128963e-01
0.437500,0.343750,2.009834e-01,-6.968397e-01
0.443750,0.343750,2.082999e-01,-6.813109e-01
0.450000,0.343750,2.156372e-01,-6.662764e-01
0.456250,0.343750,2.229948e-01,-6.517053e-01
0.462500,0.343750,2.303723e-01,-6.375697e-01
0.468750,0.343750,2.377694e-01,-6.238439e-01
0.475000,0.343750,2.447414e-01,-6.112925e-01
0.481250,0.343750,2.516749e-01,-5.991601e-01
0.487500,0.343750,2.586268e-01,-5.873266e-01
0.493750,0.343750,2.658221e-01,-5.754089e-01
0.500000,0.343750,0.000000e+00,-1.200000e+01
0.506250,0.343750,0.000000e+00,-1.200000e+01
0.512500,0.343750,0.000000e+00,-1.200000e+01
0.518750,0.343750,0.000000e+00,-1.200000e+01
0.525000,0.343750,0.000000e+00,-1.200000e+01
0.531250,0.343750,0.000000e+00,-1.200000e+01
0.537500,0.343750,0.000000e+00,-1.200000e+01
0.543750,0.343750,0.000000e+00,-1.200000e+01
0.550000,0.343750,0.000000e+00,-1.200000e+01
0.556250,0.343750,0.000000e+00,-1.200000e+01
0.562500,0.343750,0.000000e+00,-1.200000e+01
0.568750,0.343750,0.000000e+00,-1.200000e+01
0.575000,0.343750,0.000000e+00,-1.200000e+01
0.581250,0.343750,0.000000e+00,-1.200000e+01
0.587500,0.343750,0.000000e+00,-1.200000e+01
0.593750,0.343750,0.000000e+00,-1.200000e+01
0.600000,0.343750,0.000000e+00,-1.200000e+01
0.606250,0.343750,0.000000e+00,-1.200000e+01
0.612500,0.343750,0.000000e+00,-1.200000e+01
0.618750,0.343750,0.000000e+00,-1.200000e+01
0.625000,0.343750,0.000000e+00,-1.200000e+01
0.631250,0.343750,0.000000e+00,-1.200000e+01
0.637500,0.343750,0.000000e+00,-1.200000e+01
0.643750,0.343750,0.000000e+00,-1.200000e+01
0.650000,0.343750,0.000000e+00,-1.200000e+01
0.656250,0.343750,0.000000e+00,-1.200000e+01
0.662500,0.343750,0.000000e+00,-1.200000e+01
0.668750,0.343750,0.000000e+00,-1.200000e+01
0.675000,0.343750,0.000000e+00,-1.200000e+01
0.681250,0.343750,0.000000e+00,-1.200000e+01
0.687500,0.343750,0.000000e+00,-1.200000e+01
0.693750,0.343750,0.000000e+00,-1.200000e+01
0.700000,0.343750,0.000000e+00,-1.200000e+01
0.706250,0.343750,0.000000e+00,-1.200000e+01
0.712500,0.343750,0.000000e+00,-1.200000e+01
0.718750,0.343750,0.000000e+00,-1.200000e+01
0.725000,0.343750,0.000000e+00,-1.200000e+01
0.731250,0.343750,0.000000e+00,-1.200000e+01
0.737500,0.343750,0.000000e+00,-1.200000e+01
0.743750,0.343750,0.000000e+00,-1.200000e+01
0.750000,0.343750,0.000000e+00,-1.200000e+01
0.250000,0.350000,3.376199e-02,-1.471572e+00
0.256250,0.350000,3.367882e-02,-1.472643e+00
0.262500,0.350000,3.468301e-02,-1.459883e+00
0.268750,0.350000,3.668448e-02,-1.435518e+00
0.275000,0.350000,3.953132e-02,-1.403059e+00
0.281250,0.350000,4.305554e-02,-1.365971e+00
0.287500,0.350000,4.710485e-02,-1.326934e+00
0.293750,0.350000,5.155526e-02,-1.287727e+00
0.300000,0.350000,5.631142e-02,-1.249404e+00
0.306250,0.350000,6.143375e-02,-1.211593e+00
0.312500,0.350000,6.740809e-02,-1.171288e+00
0.318750,0.350000,7.354640e-02,-1.133439e+00
0.325000,0.350000,7.981090e-02,-1.097938e+00
0.331250,0.350000,8.617439e-02,-1.064622e+00
0.337500,0.350000,9.261701e-02,-1.033309e+00
0.343750,0.350000,9.912407e-02,-1.003821e+00
0.350000,0.350000,1.056846e-01,-9.759884e-01
0.356250,0.350000,1.122902e-01,-9.496580e-01
0.362500,0.350000,1.189347e-01,-9.246914e-01
0.368750,0.350000,1.256132e-01,-9.009649e-01
0.375000,0.350000,1.323219e-01,-8.783684e-01
0.381250,0.350000,1.390580e-01,-8.568041e-01
0.387500,0.350000,1.458193e-01,-8.361849e-01
0.393750,0.350000,1.526042e-01,-8.164334e-01
0.400000,0.350000,1.594114e-01,-7.974805e-01
0.406250,0.350000,1.662401e-01,-7.792643e-01
0.412500,0.350000,1.732691e-01,-7.612788e-01
0.418750,0.350000,1.805689e-01,-7.433570e-01
0.425000,0.350000,1.878921e-01,-7.260914e-01
0.431250,0.350000,1.952376e-01,-7.094364e-01
0.437500,0.350000,2.026045e-01,-6.933508e-01
0.443750,0.350000,2.099921e-01,-6.777971e-01
0.450000,0.350000,2.173997e-01,-6.627410e-01
0.456250,0.350000,2.248270e-01,-6.481515e-01
0.462500,0.350000,2.322737e-01,-6.340001e-01
0.468750,0.350000,2.397393e-01,-6.202607e-01
0.475000,0.350000,2.467048e-01,-6.078224e-01
0.481250,0.350000,2.536214e-01,-5.958141e-01
0.487500,0.350000,2.605559e-01,-5.840991e-01
0.493750,0.350000,2.678239e-01,-5.721506e-01
0.500000,0.350000,0.000000e+00,-1.200000e+01
0.506250,0.350000,0.000000e+00,-1.200000e+01
0.512500,0.350000,0.000000e+00,-1.200000e+01
0.518750,0.350000,0.000000e+00,-1.200000e+01
0.525000,0.350000,0.000000e+00,-1.200000e+01
0.531250,0.350000,0.000000e+00,-1.200000e+01
0.537500,0.350000,0.000000e+00,-1.200000e+01
0.543750,0.350000,0.000000e+00,-1.200000e+01
0.550000,0.350000,0.000000e+00,-1.200000e+01
0.556250,0.350000,0.000000e+00,-1.200000e+01
0.562500,0.350000,0.000000e+00,-1.200000e+01
0.568750,0.350000,0.000000e+00,-1.200000e+01
0.575000,0.350000,0.000000e+00,-1.200000e+01
0.581250,0.350000,0.000000e+00,-1.200000e+01
0.587500,0.350000,0.000000e+00,-1.200000e+01
0.593750,0.350000,0.000000e+00,-1.200000e+01
0.600000,0.350000,0.000000e+00,-1.200000e+01
0.606250,0.350000,0.000000e+00,-1.200000e+01
0.612500,0.350000,0.000000e+00,-1.200000e+01
0.618750,0.350000,0.000000e+00,-1.200000e+01
0.625000,0.350000,0.000000e+00,-1.200000e+01
0.631250,0.350000,0.000000e+00,-1.200000e+01
0.637500,0.350000,0.000000e+00,-1.200000e+01
0.643750,0.350000,0.000000e+00,-1.200000e+01
0.650000,0.350000,0.000000e+00,-1.200000e+01
0.656250,0.350000,0.000000e+00,-1.200000e+01
0.662500,0.350000,0.000000e+00,-1.200000e+01
0.668750,0.350000,0.000000e+00,-1.200000e+01
0.675000,0.350000,0.000000e+00,-1.200000e+01
0.681250,0.350000,0.000000e+00,-1.200000e+01
0.687500,0.350000,0.000000e+00,-1.200000e+01
0.693750,0.350000,0.000000e+00,-1.200000e+01
0.700000,0.350000,0.000000e+00,-1.200000e+01
0.706250,0.350000,0.000000e+00,-1.200000e+01
0.712500,0.350000,0.000000e+00,-1.200000e+01
0.718750,0.350000,0.000000e+00,-1.200000e+01
0.725000,0.350000,0.000000e+00,-1.200000e+01
0.731250,0.350000,0.000000e+00,-1.200000e+01
0.737500,0.350000,0.000000e+00,-1.200000e+01
0.743750,0.350000,0.000000e+00,-1.200000e+01
0.750000,0.350000,0.000000e+00,-1.200000e+01
0.250000,0.356250,3.275289e-02,-1.484750e+00
0.256250,0.356250,3.259701e-02,-1.486822e+00
0.262500,0.356250,3.358016e-02,-1.473917e+00
0.268750,0.356250,3.560723e-02,-1.448462e+00
0.275000,0.356250,3.851300e-02,-1.414393e+00
0.281250,0.356250,4.211536e-02,-1.375559e+00
0.287500,0.356250,4.625130e-02,-1.334876e+00
0.293750,0.356250,5.079020e-02,-1.294220e+00
0.300000,0.356250,5.563317e-02,-1.254666e+00
0.306250,0.356250,6.084806e-02,-1.215753e+00
0.312500,0.356250,6.695643e-02,-1.174208e+00
0.318750,0.356250,7.322515e-02,-1.135340e+00
0.325000,0.356250,7.961628e-02,-1.098998e+00
0.331250,0.356250,8.610274e-02,-1.064983e+00
0.337500,0.356250,9.266496e-02,-1.033084e+00
0.343750,0.356250,9.928856e-02,-1.003101e+00
0.350000,0.356250,1.059629e-01,-9.748463e-01
0.356250,0.356250,1.126798e-01,-9.481538e-01
0.362500,0.356250,1.194334e-01,-9.228741e-01
0.368750,0.356250,1.262190e-01,-8.988753e-01
0.375000,0.356250,1.330330e-01,-8.760405e-01
0.381250,0.356250,1.398729e-01,-8.542665e-01
0.387500,0.356250,1.467364e-01,-8.334620e-01
0.393750,0.356250,1.536222e-01,-8.135459e-01
0.400000,0.356250,1.605291e-01,-7.944463e-01
0.406250,0.356250,1.674562e-01,-7.760987e-01
0.412500,0.356250,1.745740e-01,-7.580203e-01
0.418750,0.356250,1.819495e-01,-7.400491e-01
0.425000,0.356250,1.893474e-01,-7.227407e-01
0.431250,0.356250,1.967666e-01,-7.060487e-01
0.437500,0.356250,2.042063e-01,-6.899309e-01
0.443750,0.356250,2.116659e-01,-6.743491e-01
0.450000,0.356250,2.191449e-01,-6.592687e-01
0.456250,0.356250,2.266429e-01,-6.446579e-01
0.462500,0.356250,2.341596e-01,-6.304880e-01
0.468750,0.356250,2.416949e-01,-6.167326e-01
0.475000,0.356250,2.486515e-01,-6.044089e-01
0.481250,0.356250,2.555485e-01,-5.925266e-01
0.487500,0.356250,2.624631e-01,-5.809318e-01
0.493750,0.356250,2.698094e-01,-5.689429e-01
0.500000,0.356250,0.000000e+00,-1.200000e+01
0.506250,0.356250,0.000000e+00,-1.200000e+01
0.512500,0.356250,0.000000e+00,-1.200000e+01
0.518750,0.356250,0.000000e+00,-1.200000e+01
0.525000,0.356250,0.000000e+00,-1.200000e+01
0.531250,0.356250,0.000000e+00,-1.200000e+01
0.537500,0.356250,0.000000e+00,-1.200000e+01
0.543750,0.356250,0.000000e+00,-1.200000e+01
0.550000,0.356250,0.000000e+00,-1.200000e+01
0.556250,0.356250,0.000000e+00,-1.200000e+01
0.562500,0.356250,0.000000e+00,-1.200000e+01
0.568750,0.356250,0.000000e+00,-1.200000e+01
0.575000,0.356250,0.000000e+00,-1.200000e+01
0.581250,0.356250,0.000000e+00,-1.200000e+01
0.587500,0.356250,0.000000e+00,-1.200000e+01
0.593750,0.356250,0.000000e+00,-1.200000e+01
0.600000,0.356250,0.000000e+00,-1.200000e+01
0.606250,0.356250,0.000000e+00,-1.200000e+01
0.612500,0.356250,0.000000e+00,-1.200000e+01
0.618750,0.356250,0.000000e+00,-1.200000e+01
0.625000,0.356250,0.000000e+00,-1.200000e+01
0.631250,0.356250,0.000000e+00,-1.200000e+01
0.637500,0.356250,0.000000e+00,-1.200000e+01
0.643750,0.356250,0.000000e+00,-1.200000e+01
0.650000,0.356250,0.000000e+00,-1.200000e+01
0.656250,0.356250,0.000000e+00,-1.200000e+01
0.662500,0.356250,0.000000e+00,-1.200000e+01
0.668750,0.356250,0.000000e+00,-1.200000e+01
0.675000,0.356250,0.000000e+00,-1.200000e+01
0.681250,0.356250,0.000000e+00,-1.200000e+01
0.687500,0.356250,0.000000e+00,-1.200000e+01
0.693750,0.356250,0.000000e+00,-1.200000e+01
0.700000,0.356250,0.000000e+00,-1.200000e+01
0.706250,0.356250,0.000000e+00,-1.200000e+01
0.712500,0.356250,0.000000e+00,-1.200000e+01
0.718750,0.356250,0.000000e+00,-1.200000e+01
0.725000,0.356250,0.000000e+00,-1.200000e+01
0.731250,0.356250,0.000000e+00,-1.200000e+01
0.737500,0.356250,0.000000e+00,-1.200000e+01
0.743750,0.356250,0.000000e+00,-1.200000e+01
0.750000,0.356250,0.000000e+00,-1.200000e+01
0.250000,0.362500,3.205841e-02,-1.494058e+00
0.256250,0.362500,3.183797e-02,-1.497055e+00
0.262500,0.362500,3.279898e-02,-1.484140e+00
0.268750,0.362500,3.484296e-02,-1.457885e+00
0.275000,0.362500,3.779387e-02,-1.422579e+00
0.281250,0.362500,4.145787e-02,-1.382393e+00
0.287500,0.362500,4.566307e-02,-1.340435e+00
0.293750,0.362500,5.027341e-02,-1.298662e+00
0.300000,0.362500,5.518705e-02,-1.258163e+00
0.306250,0.362500,6.047939e-02,-1.218393e+00
0.312500,0.362500,6.670852e-02,-1.175819e+00
0.318750,0.362500,7.309742e-02,-1.136098e+00
0.325000,0.362500,7.960733e-02,-1.099047e+00
0.331250,0.362500,8.621081e-02,-1.064438e+00
0.337500,0.362500,9.288814e-02,-1.032040e+00
0.343750,0.362500,9.962490e-02,-1.001632e+00
0.350000,0.362500,1.064104e-01,-9.730159e-01
0.356250,0.362500,1.132367e-01,-9.460129e-01
0.362500,0.362500,1.200976e-01,-9.204655e-01
0.368750,0.362500,1.269887e-01,-8.962348e-01
0.375000,0.362500,1.339064e-01,-8.731985e-01
0.381250,0.362500,1.408481e-01,-8.512491e-01
0.387500,0.362500,1.478116e-01,-8.302914e-01
0.393750,0.362500,1.547956e-01,-8.102415e-01
0.400000,0.362500,1.617987e-01,-7.910250e-01
0.406250,0.362500,1.688202e-01,-7.725755e-01
0.412500,0.362500,1.760250e-01,-7.544258e-01
0.418750,0.362500,1.834751e-01,-7.364230e-01
0.425000,0.362500,1.909428e-01,-7.190966e-01
0.431250,0.362500,1.984283e-01,-7.023964e-01
0.437500,0.362500,2.059314e-01,-6.862773e-01
0.443750,0.362500,2.134526e-01,-6.706986e-01
0.450000,0.362500,2.209919e-01,-6.556236e-01
0.456250,0.362500,2.285499e-01,-6.410190e-01
0.462500,0.362500,2.361269e-01,-6.268546e-01
0.468750,0.362500,2.437234e-01,-6.131028e-01
0.475000,0.362500,2.506629e-01,-6.009099e-01
0.481250,0.362500,2.575344e-01,-5.891647e-01
0.487500,0.362500,2.644262e-01,-5.776956e-01
0.493750,0.362500,2.718507e-01,-5.656696e-01
0.500000,0.362500,0.000000e+00,-1.200000e+01
0.506250,0.362500,0.000000e+00,-1.200000e+01
0.512500,0.362500,0.000000e+00,-1.200000e+01
0.518750,0.362500,0.000000e+00,-1.200000e+01
0.525000,0.362500,0.000000e+00,-1.200000e+01
0.531250,0.362500,0.000000e+00,-1.200000e+01
0.537500,0.362500,0.000000e+00,-1.200000e+01
0.543750,0.362500,0.000000e+00,-1.200000e+01
0.550000,0.362500,0.000000e+00,-1.200000e+01
0.556250,0.362500,0.000000e+00,-1.200000e+01
0.562500,0.362500,0.000000e+00,-1.200000e+01
0.568750,0.362500,0.000000e+00,-1.200000e+01
0.575000,0.362500,0.000000e+00,-1.200000e+01
0.581250,0.362500,0.000000e+00,-1.200000e+01
0.587500,0.362500,0.000000e+00,-1.200000e+01
0.593750,0.362500,0.000000e+00,-1.200000e+01
0.600000,0.362500,0.000000e+00,-1.200000e+01
0.606250,0.362500,0.000000e+00,-1.200000e+01
0.612500,0.362500,0.000000e+00,-1.200000e+01
0.618750,0.362500,0.000000e+00,-1.200000e+01
0.625000,0.362500,0.000000e+00,-1.200000e+01
0.631250,0.362500,0.000000e+00,-1.200000e+01
0.637500,0.362500,0.000000e+00,-1.200000e+01
0.643750,0.362500,0.000000e+00,-1.200000e+01
0.650000,0.362500,0.000000e+00,-1.200000e+01
0.656250,0.362500,0.000000e+00,-1.200000e+01
0.662500,0.362500,0.000000e+00,-1.200000e+01
0.668750,0.362500,0.000000e+00,-1.200000e+01
0.675000,0.362500,0.000000e+00,-1.200000e+01
0.681250,0.362500,0.000000e+00,-1.200000e+01
0.687500,0.362500,0.000000e+00,-1.200000e+01
0.693750,0.362500,0.000000e+00,-1.200000e+01
0.700000,0.362500,0.000000e+00,-1.200000e+01
0.706250,0.362500,0.000000e+00,-1.200000e+01
0.712500,0.362500,0.000000e+00,-1.200000e+01
0.718750,0.362500,0.000000e+00,-1.200000e+01
0.725000,0.362500,0.000000e+00,-1.200000e+01
0.731250,0.362500,0.000000e+00,-1.200000e+01
0.737500,0.362500,0.000000e+00,-1.200000e+01
0.743750,0.362500,0.000000e+00,-1.200000e+01
0.750000,0.362500,0.000000e+00,-1.200000e+01
0.250000,0.368750,3.158128e-02,-1.500570e+00
0.256250,0.368750,3.129713e-02,-1.504495e+00
0.262500,0.368750,3.222946e-02,-1.491747e+00
0.268750,0.368750,3.427832e-02,-1.464981e+00
0.275000,0.368750,3.725925e-02,-1.428766e+00
0.281250,0.368750,4.096868e-02,-1.387548e+00
0.287500,0.368750,4.522718e-02,-1.344600e+00
0.293750,0.368750,4.989389e-02,-1.301953e+00
0.300000,0.368750,5.486435e-02,-1.260710e+00
0.306250,0.368750,6.022087e-02,-1.220253e+00
0.312500,0.368750,6.655622e-02,-1.176811e+00
0.318750,0.368750,7.305296e-02,-1.136362e+00
0.325000,0.368750,7.967109e-02,-1.098699e+00
0.331250,0.368750,8.638246e-02,-1.063574e+00
0.337500,0.368750,9.316688e-02,-1.030738e+00
0.343750,0.368750,1.000096e-01,-9.999581e-01
0.350000,0.368750,1.068999e-01,-9.710228e-01
0.356250,0.368750,1.138295e-01,-9.437453e-01
0.362500,0.368750,1.207922e-01,-9.179611e-01
0.368750,0.368750,1.277834e-01,-8.935254e-01
0.375000,0.368750,1.347996e-01,-8.703115e-01
0.381250,0.368750,1.418378e-01,-8.482080e-01
0.387500,0.368750,1.488960e-01,-8.271168e-01
0.393750,0.368750,1.559727e-01,-8.069515e-01
0.400000,0.368750,1.630664e-01,-7.876354e-01
0.406250,0.368750,1.701765e-01,-7.691005e-01
0.412500,0.368750,1.774798e-01,-7.508510e-01
0.418750,0.368750,1.850387e-01,-7.327375e-01
0.425000,0.368750,1.926075e-01,-7.153268e-01
0.431250,0.368750,2.001879e-01,-6.985622e-01
0.437500,0.368750,2.077813e-01,-6.823935e-01
0.443750,0.368750,2.153895e-01,-6.667755e-01
0.450000,0.368750,2.230140e-01,-6.516679e-01
0.456250,0.368750,2.306565e-01,-6.370344e-01
0.462500,0.368750,2.383186e-01,-6.228420e-01
0.468750,0.368750,2.460021e-01,-6.090611e-01
0.475000,0.368750,2.529544e-01,-5.969577e-01
0.481250,0.368750,2.598327e-01,-5.853062e-01
0.487500,0.368750,2.667362e-01,-5.739180e-01
0.493750,0.368750,2.742376e-01,-5.618730e-01
0.500000,0.368750,0.000000e+00,-1.200000e+01
0.506250,0.368750,0.000000e+00,-1.200000e+01
0.512500,0.368750,0.000000e+00,-1.200000e+01
0.518750,0.368750,0.000000e+00,-1.200000e+01
0.525000,0.368750,0.000000e+00,-1.200000e+01
0.531250,0.368750,0.000000e+00,-1.200000e+01
0.537500,0.368750,0.000000e+00,-1.200000e+01
0.543750,0.368750,0.000000e+00,-1.200000e+01
0.550000,0.368750,0.000000e+00,-1.200000e+01
0.556250,0.368750,0.000000e+00,-1.200000e+01
0.562500,0.368750,0.000000e+00,-1.200000e+01
0.568750,0.368750,0.000000e+00,-1.200000e+01
0.575000,0.368750,0.000000e+00,-1.200000e+01
0.581250,0.368750,0.000000e+00,-1.200000e+01
0.587500,0.368750,0.000000e+00,-1.200000e+01
0.593750,0.368750,0.000000e+00,-1.200000e+01
0.600000,0.368750,0.000000e+00,-1.200000e+01
0.606250,0.368750,0.000000e+00,-1.200000e+01
0.612500,0.368750,0.000000e+00,-1.200000e+01
0.618750,0.368750,0.000000e+00,-1.200000e+01
0.625000,0.368750,0.000000e+00,-1.200000e+01
0.631250,0.368750,0.000000e+00,-1.200000e+01
0.637500,0.368750,0.000000e+00,-1.200000e+01
0.643750,0.368750,0.000000e+00,-1.200000e+01
0.650000,0.368750,0.000000e+00,-1.200000e+01
0.656250,0.368750,0.000000e+00,-1.200000e+01
0.662500,0.368750,0.000000e+00,-1.200000e+01
0.668750,0.368750,0.000000e+00,-1.200000e+01
0.675000,0.368750,0.000000e+00,-1.200000e+01
0.681250,0.368750,0.000000e+00,-1.200000e+01
0.687500,0.368750,0.000000e+00,-1.200000e+01
0.693750,0.368750,0.000000e+00,-1.200000e+01
0.700000,0.368750,0.000000e+00,-1.200000e+01
0.706250,0.368750,0.000000e+00,-1.200000e+01
0.712500,0.368750,0.000000e+00,-1.200000e+01
0.718750,0.368750,0.000000e+00,-1.200000e+01
0.725000,0.368750,0.000000e+00,-1.200000e+01
0.731250,0.368750,0.000000e+00,-1.200000e+01
0.737500,0.368750,0.000000e+00,-1.200000e+01
0.743750,0.368750,0.000000e+00,-1.200000e+01
0.750000,0.368750,0.000000e+00,-1.200000e+01
0.250000,0.375000,3.112453e-02,-1.506897e+00
0.256250,0.375000,3.076466e-02,-1.511948e+00
0.262500,0.375000,3.165575e-02,-1.499547e+00
0.268750,0.375000,3.369796e-02,-1.472396e+00
0.275000,0.375000,3.669896e-02,-1.435346e+00
0.281250,0.375000,4.044530e-02,-1.393132e+00
0.287500,0.375000,4.474967e-02,-1.349210e+00
0.293750,0.375000,4.946616e-02,-1.305692e+00
0.300000,0.375000,5.448748e-02,-1.263703e+00
0.306250,0.375000,5.990235e-02,-1.222556e+00
0.312500,0.375000,6.633665e-02,-1.178246e+00
0.318750,0.375000,7.293429e-02,-1.137068e+00
0.325000,0.375000,7.965400e-02,-1.098792e+00
0.331250,0.375000,8.646684e-02,-1.063150e+00
0.337500,0.375000,9.335217e-02,-1.029876e+00
0.343750,0.375000,1.002950e-01,-9.987207e-01
0.350000,0.375000,1.072842e-01,-9.694641e-01
0.356250,0.375000,1.143116e-01,-9.419097e-01
0.362500,0.375000,1.213708e-01,-9.158856e-01
0.368750,0.375000,1.284571e-01,-8.912417e-01
0.375000,0.375000,1.355668e-01,-8.678465e-01
0.381250,0.375000,1.426971e-01,-8.455849e-01
0.387500,0.375000,1.498457e-01,-8.243559e-01
0.393750,0.375000,1.570109e-01,-8.040703e-01
0.400000,0.375000,1.641914e-01,-7.846496e-01
0.406250,0.375000,1.713863e-01,-7.660239e-01
0.412500,0.375000,1.788049e-01,-7.476205e-01
0.418750,0.375000,1.865162e-01,-7.292834e-01
0.425000,0.375000,1.942292e-01,-7.116855e-01
0.431250,0.375000,2.019469e-01,-6.947627e-01
0.437500,0.375000,2.096725e-01,-6.784586e-01
0.443750,0.375000,2.174088e-01,-6.627228e-01
0.450000,0.375000,2.251591e-01,-6.475105e-01
0.456250,0.375000,2.329264e-01,-6.327813e-01
0.462500,0.375000,2.407137e-01,-6.184992e-01
0.468750,0.375000,2.485241e-01,-6.046315e-01
0.475000,0.375000,2.555322e-01,-5.925543e-01
0.481250,0.375000,2.624609e-01,-5.809354e-01
0.487500,0.375000,2.694205e-01,-5.695694e-01
0.493750,0.375000,2.770007e-01,-5.575192e-01
0.500000,0.375000,0.000000e+00,-1.200000e+01
0.506250,0.375000,0.000000e+00,-1.200000e+01
0.512500,0.375000,0.000000e+00,-1.200000e+01
0.518750,0.375000,0.000000e+00,-1.200000e+01
0.525000,0.375000,0.000000e+00,-1.200000e+01
0.531250,0.375000,0.000000e+00,-1.200000e+01
0.537500,0.375000,0.000000e+00,-1.200000e+01
0.543750,0.375000,0.000000e+00,-1.200000e+01
0.550000,0.375000,0.000000e+00,-1.200000e+01
0.556250,0.375000,0.000000e+00,-1.200000e+01
0.562500,0.375000,0.000000e+00,-1.200000e+01
0.568750,0.375000,0.000000e+00,-1.200000e+01
0.575000,0.375000,0.000000e+00,-1.200000e+01
0.581250,0.375000,0.000000e+00,-1.200000e+01
0.587500,0.375000,0.000000e+00,-1.200000e+01
0.593750,0.375000,0.000000e+00,-1.200000e+01
0.600000,0.375000,0.000000e+00,-1.200000e+01
0.606250,0.375000,0.000000e+00,-1.200000e+01
0.612500,0.375000,0.000000e+00,-1.200000e+01
0.618750,0.375000,0.000000e+00,-1.200000e+01
0.625000,0.375000,0.000000e+00,-1.200000e+01
0.631250,0.375000,0.000000e+00,-1.200000e+01
0.637500,0.375000,0.000000e+00,-1.200000e+01
0.643750,0.375000,0.000000e+00,-1.200000e+01
0.650000,0.375000,0.000000e+00,-1.200000e+01
0.656250,0.375000,0.000000e+00,-1.200000e+01
0.662500,0.375000,0.000000e+00,-1.200000e+01
0.668750,0.375000,0.000000e+00,-1.200000e+01
0.675000,0.375000,0.000000e+00,-1.200000e+01
0.681250,0.375000,0.000000e+00,-1.200000e+01
0.687500,0.375000,0.000000e+00,-1.200000e+01
0.693750,0.375000,0.000000e+00,-1.200000e+01
0.700000,0.375000,0.000000e+00,-1.200000e+01
0.706250,0.375000,0.000000e+00,-1.200000e+01
0.712500,0.375000,0.000000e+00,-1.200000e+01
0.718750,0.375000,0.000000e+00,-1.200000e+01
0.725000,0.375000,0.000000e+00,-1.200000e+01
0.731250,0.375000,0.000000e+00,-1.200000e+01
0.737500,0.375000,0.000000e+00,-1.200000e+01
0.743750,0.375000,0.000000e+00,-1.200000e+01
0.750000,0.375000,0.000000e+00,-1.200000e+01
0.250000,0.381250,3.069106e-02,-1.512988e+00
0.256250,0.381250,3.024310e-02,-1.519374e+00
0.262500,0.381250,3.107977e-02,-1.507522e+00
0.268750,0.381250,3.310317e-02,-1.480130e+00
0.275000,0.381250,3.611379e-02,-1.442327e+00
0.281250,0.381250,3.988821e-02,-1.399156e+00
0.287500,0.381250,4.423086e-02,-1.354275e+00
0.293750,0.381250,4.899048e-02,-1.309888e+00
0.300000,0.381250,5.405669e-02,-1.267151e+00
0.306250,0.381250,5.952409e-02,-1.225307e+00
0.312500,0.381250,6.605004e-02,-1.180127e+00
0.318750,0.381250,7.274169e-02,-1.138217e+00
0.325000,0.381250,7.955634e-02,-1.099325e+00
0.331250,0.381250,8.646430e-02,-1.063163e+00
0.337500,0.381250,9.344441e-02,-1.029447e+00
0.343750,0.381250,1.004814e-01,-9.979144e-01
0.350000,0.381250,1.075639e-01,-9.683333e-01
0.356250,0.381250,1.146836e-01,-9.404986e-01
0.362500,0.381250,1.218341e-01,-9.142312e-01
0.368750,0.381250,1.290104e-01,-8.893753e-01
0.375000,0.381250,1.362088e-01,-8.657947e-01
0.381250,0.381250,1.434265e-01,-8.433707e-01
0.387500,0.381250,1.506610e-01,-8.219991e-01
0.393750,0.381250,1.579107e-01,-8.015884e-01
0.400000,0.381250,1.651741e-01,-7.820580e-01
0.406250,0.381250,1.724502e-01,-7.633362e-01
0.412500,0.381250,1.800006e-01,-7.447261e-01
0.418750,0.381250,1.879077e-01,-7.260554e-01
0.425000,0.381250,1.958077e-01,-7.081702e-01
0.431250,0.381250,2.037050e-01,-6.909983e-01
0.437500,0.381250,2.116042e-01,-6.744756e-01
0.443750,0.381250,2.195099e-01,-6.585459e-01
0.450000,0.381250,2.274266e-01,-6.431587e-01
0.456250,0.381250,2.353589e-01,-6.282693e-01
0.462500,0.381250,2.433115e-01,-6.138374e-01
0.468750,0.381250,2.512888e-01,-5.998269e-01
0.475000,0.381250,2.583960e-01,-5.877143e-01
0.481250,0.381250,2.654189e-01,-5.760682e-01
0.487500,0.381250,2.724788e-01,-5.646673e-01
0.493750,0.381250,2.801398e-01,-5.526252e-01
0.500000,0.381250,0.000000e+00,-1.200000e+01
0.506250,0.381250,0.000000e+00,-1.200000e+01
0.512500,0.381250,0.000000e+00,-1.200000e+01
0.518750,0.381250,0.000000e+00,-1.200000e+01
0.525000,0.381250,0.000000e+00,-1.200000e+01
0.531250,0.381250,0.000000e+00,-1.200000e+01
0.537500,0.381250,0.000000e+00,-1.200000e+01
0.543750,0.381250,0.000000e+00,-1.200000e+01
0.550000,0.381250,0.000000e+00,-1.200000e+01
0.556250,0.381250,0.000000e+00,-1.200000e+01
0.562500,0.381250,0.000000e+00,-1.200000e+01
0.568750,0.381250,0.000000e+00,-1.200000e+01
0.575000,0.381250,0.000000e+00,-1.200000e+01
0.581250,0.381250,0.000000e+00,-1.200000e+01
0.587500,0.381250,0.000000e+00,-1.200000e+01
0.593750,0.381250,0.000000e+00,-1.200000e+01
0.600000,0.381250,0.000000e+00,-1.200000e+01
0.606250,0.381250,0.000000e+00,-1.200000e+01
0.612500,0.381250,0.000000e+00,-1.200000e+01
0.618750,0.381250,0.000000e+00,-1.200000e+01
0.625000,0.381250,0.000000e+00,-1.200000e+01
0.631250,0.381250,0.000000e+00,-1.200000e+01
0.637500,0.381250,0.000000e+00,-1.200000e+01
0.643750,0.381250,0.000000e+00,-1.200000e+01
0.650000,0.381250,0.000000e+00,-1.200000e+01
0.656250,0.381250,0.000000e+00,-1.200000e+01
0.662500,0.381250,0.000000e+00,-1.200000e+01
0.668750,0.381250,0.000000e+00,-1.200000e+01
0.675000,0.381250,0.000000e+00,-1.200000e+01
0.681250,0.381250,0.000000e+00,-1.200000e+01
0.687500,0.381250,0.000000e+00,-1.200000e+01
0.693750,0.381250,0.000000e+00,-1.200000e+01
0.700000,0.381250,0.000000e+00,-1.200000e+01
0.706250,0.381250,0.000000e+00,-1.200000e+01
0.712500,0.381250,0.000000e+00,-1.200000e+01
0.718750,0.381250,0.000000e+00,-1.200000e+01
0.725000,0.381250,0.000000e+00,-1.200000e+01
0.731250,0.381250,0.000000e+00,-1.200000e+01
0.737500,0.381250,0.000000e+00,-1.200000e+01
0.743750,0.381250,0.000000e+00,-1.200000e+01
0.750000,0.381250,0.000000e+00,-1.200000e+01
0.250000,0.387500,3.028401e-02,-1.518787e+00
0.256250,0.387500,2.973536e-02,-1.526727e+00
0.262500,0.387500,3.050379e-02,-1.515646e+00
0.268750,0.387500,3.249550e-02,-1.488177e+00
0.275000,0.387500,3.550475e-02,-1.449714e+00
0.281250,0.387500,3.929806e-02,-1.405629e+00
0.287500,0.387500,4.367123e-02,-1.359805e+00
0.293750,0.387500,4.846724e-02,-1.314552e+00
0.300000,0.387500,5.357235e-02,-1.271059e+00
0.306250,0.387500,5.908645e-02,-1.228512e+00
0.312500,0.387500,6.569673e-02,-1.182456e+00
0.318750,0.387500,7.247545e-02,-1.139809e+00
0.325000,0.387500,7.937847e-02,-1.100297e+00
0.331250,0.387500,8.637520e-02,-1.063611e+00
0.337500,0.387500,9.344401e-02,-1.029449e+00
0.343750,0.387500,1.005693e-01,-9.975347e-01
0.350000,0.387500,1.077395e-01,-9.676252e-01
0.356250,0.387500,1.149460e-01,-9.395060e-01
0.362500,0.387500,1.221825e-01,-9.129911e-01
0.368750,0.387500,1.294438e-01,-8.879187e-01
0.375000,0.387500,1.367262e-01,-8.641482e-01
0.381250,0.387500,1.440266e-01,-8.415572e-01
0.387500,0.387500,1.513428e-01,-8.200383e-01
0.393750,0.387500,1.586728e-01,-7.994976e-01
0.400000,0.387500,1.660152e-01,-7.798522e-01
0.406250,0.387500,1.733689e-01,-7.610289e-01
0.412500,0.387500,1.810672e-01,-7.421603e-01
0.418750,0.387500,1.892133e-01,-7.230484e-01
0.425000,0.387500,1.973428e-01,-7.047787e-01
0.431250,0.387500,2.054617e-01,-6.872691e-01
0.437500,0.387500,2.135761e-01,-6.704474e-01
0.443750,0.387500,2.216920e-01,-6.542499e-01
0.450000,0.387500,2.298157e-01,-6.386202e-01
0.456250,0.387500,2.379534e-01,-6.235080e-01
0.462500,0.387500,2.461113e-01,-6.088684e-01
0.468750,0.387500,2.542957e-01,-5.946610e-01
0.475000,0.387500,2.615452e-01,-5.824532e-01
0.481250,0.387500,2.687064e-01,-5.707220e-01
0.487500,0.387500,2.759110e-01,-5.592310e-01
0.493750,0.387500,2.836549e-01,-5.472097e-01
0.500000,0.387500,0.000000e+00,-1.200000e+01
0.506250,0.387500,0.000000e+00,-1.200000e+01
0.512500,0.387500,0.000000e+00,-1.200000e+01
0.518750,0.387500,0.000000e+00,-1.200000e+01
0.525000,0.387500,0.000000e+00,-1.200000e+01
0.531250,0.387500,0.000000e+00,-1.200000e+01
0.537500,0.387500,0.000000e+00,-1.200000e+01
0.543750,0.387500,0.000000e+00,-1.200000e+01
0.550000,0.387500,0.000000e+00,-1.200000e+01
0.556250,0.387500,0.000000e+00,-1.200000e+01
0.562500,0.387500,0.000000e+00,-1.200000e+01
0.568750,0.387500,0.000000e+00,-1.200000e+01
0.575000,0.387500,0.000000e+00,-1.200000e+01
0.581250,0.387500,0.000000e+00,-1.200000e+01
0.587500,0.387500,0.000000e+00,-1.200000e+01
0.593750,0.387500,0.000000e+00,-1.200000e+01
0.600000,0.387500,0.000000e+00,-1.200000e+01
0.606250,0.387500,0.000000e+00,-1.200000e+01
0.612500,0.387500,0.000000e+00,-1.200000e+01
0.618750,0.387500,0.000000e+00,-1.200000e+01
0.625000,0.387500,0.000000e+00,-1.200000e+01
0.631250,0.387500,0.000000e+00,-1.200000e+01
0.637500,0.387500,0.000000e+00,-1.200000e+01
0.643750,0.387500,0.000000e+00,-1.200000e+01
0.650000,0.387500,0.000000e+00,-1.200000e+01
0.656250,0.387500,0.000000e+00,-1.200000e+01
0.662500,0.387500,0.000000e+00,-1.200000e+01
0.668750,0.387500,0.000000e+00,-1.200000e+01
0.675000,0.387500,0.000000e+00,-1.200000e+01
0.681250,0.387500,0.000000e+00,-1.200000e+01
0.687500,0.387500,0.000000e+00,-1.200000e+01
0.693750,0.387500,0.000000e+00,-1.200000e+01
0.700000,0.387500,0.000000e+00,-1.200000e+01
0.706250,0.387500,0.000000e+00,-1.200000e+01
0.712500,0.387500,0.000000e+00,-1.200000e+01
0.718750,0.387500,0.000000e+00,-1.200000e+01
0.725000,0.387500,0.000000e+00,-1.200000e+01
0.731250,0.387500,0.000000e+00,-1.200000e+01
0.737500,0.387500,0.000000e+00,-1.200000e+01
0.743750,0.387500,0.000000e+00,-1.200000e+01
0.750000,0.387500,0.000000e+00,-1.200000e+01
0.250000,0.393750,2.990683e-02,-1.524230e+00
0.256250,0.393750,2.924474e-02,-1.533952e+00
0.262500,0.393750,2.993049e-02,-1.523886e+00
0.268750,0.393750,3.187688e-02,-1.496524e+00
0.275000,0.393750,3.487314e-02,-1.457509e+00
0.281250,0.393750,3.867575e-02,-1.412561e+00
0.287500,0.393750,4.307144e-02,-1.365811e+00
0.293750,0.393750,4.789696e-02,-1.319692e+00
0.300000,0.393750,5.303493e-02,-1.275438e+00
0.306250,0.393750,5.858988e-02,-1.232177e+00
0.312500,0.393750,6.527713e-02,-1.185239e+00
0.318750,0.393750,7.213601e-02,-1.141848e+00
0.325000,0.393750,7.912080e-02,-1.101709e+00
0.331250,0.393750,8.620001e-02,-1.064493e+00
0.337500,0.393750,9.335146e-02,-1.029879e+00
0.343750,0.393750,1.005592e-01,-9.975783e-01
0.350000,0.393750,1.078114e-01,-9.673353e-01
0.356250,0.393750,1.150995e-01,-9.389267e-01
0.362500,0.393750,1.224167e-01,-9.121594e-01
0.368750,0.393750,1.297580e-01,-8.868657e-01
0.375000,0.393750,1.371196e-01,-8.629005e-01
0.381250,0.393750,1.444983e-01,-8.401374e-01
0.387500,0.393750,1.518916e-01,-8.184661e-01
0.393750,0.393750,1.592978e-01,-7.977902e-01
0.400000,0.393750,1.667153e-01,-7.780245e-01
0.406250,0.393750,1.741429e-01,-7.590943e-01
0.412500,0.393750,1.820052e-01,-7.399161e-01
0.418750,0.393750,1.904330e-01,-7.202577e-01
0.425000,0.393750,1.988343e-01,-7.015087e-01
0.431250,0.393750,2.072165e-01,-6.835756e-01
0.437500,0.393750,2.155873e-01,-6.663768e-01
0.443750,0.393750,2.239544e-01,-6.498403e-01
0.450000,0.393750,2.323257e-01,-6.339027e-01
0.456250,0.393750,2.407091e-01,-6.185074e-01
0.462500,0.393750,2.491126e-01,-6.036042e-01
0.468750,0.393750,2.575443e-01,-5.891480e-01
0.475000,0.393750,2.649797e-01,-5.767874e-01
0.481250,0.393750,2.723232e-01,-5.649154e-01
0.487500,0.393750,2.797171e-01,-5.532810e-01
0.493750,0.393750,2.875461e-01,-5.412925e-01
0.500000,0.393750,0.000000e+00,-1.200000e+01
0.506250,0.393750,0.000000e+00,-1.200000e+01
0.512500,0.393750,0.000000e+00,-1.200000e+01
0.518750,0.393750,0.000000e+00,-1.200000e+01
0.525000,0.393750,0.000000e+00,-1.200000e+01
0.531250,0.393750,0.000000e+00,-1.200000e+01
0.537500,0.393750,0.000000e+00,-1.200000e+01
0.543750,0.393750,0.000000e+00,-1.200000e+01
0.550000,0.393750,0.000000e+00,-1.200000e+01
0.556250,0.393750,0.000000e+00,-1.200000e+01
0.562500,0.393750,0.000000e+00,-1.200000e+01
0.568750,0.393750,0.000000e+00,-1.200000e+01
0.575000,0.393750,0.000000e+00,-1.200000e+01
0.581250,0.393750,0.000000e+00,-1.200000e+01
0.587500,0.393750,0.000000e+00,-1.200000e+01
0.593750,0.393750,0.000000e+00,-1.200000e+01
0.600000,0.393750,0.000000e+00,-1.200000e+01
0.606250,0.393750,0.000000e+00,-1.200000e+01
0.612500,0.393750,0.000000e+00,-1.200000e+01
0.618750,0.393750,0.000000e+00,-1.200000e+01
0.625000,0.393750,0.000000e+00,-1.200000e+01
0.631250,0.393750,0.000000e+00,-1.200000e+01
0.637500,0.393750,0.000000e+00,-1.200000e+01
0.643750,0.393750,0.000000e+00,-1.200000e+01
0.650000,0.393750,0.000000e+00,-1.200000e+01
0.656250,0.393750,0.000000e+00,-1.200000e+01
0.662500,0.393750,0.000000e+00,-1.200000e+01
0.668750,0.393750,0.000000e+00,-1.200000e+01
0.675000,0.393750,0.000000e+00,-1.200000e+01
0.681250,0.393750,0.000000e+00,-1.200000e+01
0.687500,0.393750,0.000000e+00,-1.200000e+01
0.693750,0.393750,0.000000e+00,-1.200000e+01
0.700000,0.393750,0.000000e+00,-1.200000e+01
0.706250,0.393750,0.000000e+00,-1.200000e+01
0.712500,0.393750,0.000000e+00,-1.200000e+01
0.718750,0.393750,0.000000e+00,-1.200000e+01
0.725000,0.393750,0.000000e+00,-1.200000e+01
0.731250,0.393750,0.000000e+00,-1.200000e+01
0.737500,0.393750,0.000000e+00,-1.200000e+01
0.743750,0.393750,0.000000e+00,-1.200000e+01
0.750000,0.393750,0.000000e+00,-1.200000e+01
0.250000,0.400000,2.956318e-02,-1.529249e+00
0.256250,0.400000,2.877492e-02,-1.540986e+00
0.262500,0.400000,2.936297e-02,-1.532200e+00
0.268750,0.400000,3.124959e-02,-1.505156e+00
0.275000,0.400000,3.422056e-02,-1.465713e+00
0.281250,0.400000,3.802242e-02,-1.419960e+00
0.287500,0.400000,4.243232e-02,-1.372303e+00
0.293750,0.400000,4.728035e-02,-1.325319e+00
0.300000,0.400000,5.244506e-02,-1.280295e+00
0.306250,0.400000,5.803497e-02,-1.236310e+00
0.312500,0.400000,6.479174e-02,-1.188480e+00
0.318750,0.400000,7.172382e-02,-1.144337e+00
0.325000,0.400000,7.878381e-02,-1.103563e+00
0.331250,0.400000,8.593923e-02,-1.065809e+00
0.337500,0.400000,9.316730e-02,-1.030737e+00
0.343750,0.400000,1.004517e-01,-9.980429e-01
0.350000,0.400000,1.077804e-01,-9.674603e-01
0.356250,0.400000,1.151445e-01,-9.387567e-01
0.362500,0.400000,1.225374e-01,-9.117314e-01
0.368750,0.400000,1.299538e-01,-8.862111e-01
0.375000,0.400000,1.373897e-01,-8.620458e-01
0.381250,0.400000,1.448421e-01,-8.391053e-01
0.387500,0.400000,1.523083e-01,-8.172763e-01
0.393750,0.400000,1.597866e-01,-7.964597e-01
0.400000,0.400000,1.672752e-01,-7.765685e-01
0.406250,0.400000,1.747730e-01,-7.575257e-01
0.412500,0.400000,1.828153e-01,-7.379874e-01
0.418750,0.400000,1.915672e-01,-7.176789e-01
0.425000,0.400000,2.002821e-01,-6.983578e-01
0.431250,0.400000,2.089691e-01,-6.799179e-01
0.437500,0.400000,2.176374e-01,-6.622664e-01
0.443750,0.400000,2.262965e-01,-6.453223e-01
0.450000,0.400000,2.349558e-01,-6.290138e-01
0.456250,0.400000,2.436253e-01,-6.132776e-01
0.462500,0.400000,2.523147e-01,-5.980574e-01
0.468750,0.400000,2.610341e-01,-5.833028e-01
0.475000,0.400000,2.686989e-01,-5.707340e-01
0.481250,0.400000,2.762690e-01,-5.586678e-01
0.487500,0.400000,2.838969e-01,-5.468394e-01
0.493750,0.400000,2.918133e-01,-5.348950e-01
0.500000,0.400000,0.000000e+00,-1.200000e+01
0.506250,0.400000,0.000000e+00,-1.200000e+01
0.512500,0.400000,0.000000e+00,-1.200000e+01
0.518750,0.400000,0.000000e+00,-1.200000e+01
0.525000,0.400000,0.000000e+00,-1.200000e+01
0.531250,0.400000,0.000000e+00,-1.200000e+01
0.537500,0.400000,0.000000e+00,-1.200000e+01
0.543750,0.400000,0.000000e+00,-1.200000e+01
0.550000,0.400000,0.000000e+00,-1.200000e+01
0.556250,0.400000,0.000000e+00,-1.200000e+01
0.562500,0.400000,0.000000e+00,-1.200000e+01
0.568750,0.400000,0.000000e+00,-1.200000e+01
0.575000,0.400000,0.000000e+00,-1.200000e+01
0.581250,0.400000,0.000000e+00,-1.200000e+01
0.587500,0.400000,0.000000e+00,-1.200000e+01
0.593750,0.400000,0.000000e+00,-1.200000e+01
0.600000,0.400000,0.000000e+00,-1.200000e+01
0.606250,0.400000,0.000000e+00,-1.200000e+01
0.612500,0.400000,0.000000e+00,-1.200000e+01
0.618750,0.400000,0.000000e+00,-1.200000e+01
0.625000,0.400000,0.000000e+00,-1.200000e+01
0.631250,0.400000,0.000000e+00,-1.200000e+01
0.637500,0.400000,0.000000e+00,-1.200000e+01
0.643750,0.400000,0.000000e+00,-1.200000e+01
0.650000,0.400000,0.000000e+00,-1.200000e+01
0.656250,0.400000,0.000000e+00,-1.200000e+01
0.662500,0.400000,0.000000e+00,-1.200000e+01
0.668750,0.400000,0.000000e+00,-1.200000e+01
0.675000,0.400000,0.000000e+00,-1.200000e+01
0.681250,0.400000,0.000000e+00,-1.200000e+01
0.687500,0.400000,0.000000e+00,-1.200000e+01
0.693750,0.400000,0.000000e+00,-1.200000e+01
0.700000,0.400000,0.000000e+00,-1.200000e+01
0.706250,0.400000,0.000000e+00,-1.200000e+01
0.712500,0.400000,0.000000e+00,-1.200000e+01
0.718750,0.400000,0.000000e+00,-1.200000e+01
0.725000,0.400000,0.000000e+00,-1.200000e+01
0.731250,0.400000,0.000000e+00,-1.200000e+01
0.737500,0.400000,0.000000e+00,-1.200000e+01
0.743750,0.400000,0.000000e+00,-1.200000e+01
0.750000,0.400000,0.000000e+00,-1.200000e+01
0.250000,0.406250,2.925696e-02,-1.533771e+00
0.256250,0.406250,2.833000e-02,-1.547753e+00
0.262500,0.406250,2.880482e-02,-1.540535e+00
0.268750,0.406250,3.061639e-02,-1.514046e+00
0.275000,0.406250,3.354897e-02,-1.474321e+00
0.281250,0.406250,3.733946e-02,-1.427832e+00
0.287500,0.406250,4.175495e-02,-1.379292e+00
0.293750,0.406250,4.661826e-02,-1.331444e+00
0.300000,0.406250,5.180351e-02,-1.285641e+00
0.306250,0.406250,5.742242e-02,-1.240919e+00
0.312500,0.406250,6.424116e-02,-1.192187e+00
0.318750,0.406250,7.123948e-02,-1.147279e+00
0.325000,0.406250,7.836809e-02,-1.105861e+00
0.331250,0.406250,8.559345e-02,-1.067559e+00
0.337500,0.406250,9.289213e-02,-1.032021e+00
0.343750,0.406250,1.002474e-01,-9.989269e-01
0.350000,0.406250,1.076470e-01,-9.679980e-01
0.356250,0.406250,1.150819e-01,-9.389928e-01
0.362500,0.406250,1.225453e-01,-9.117034e-01
0.368750,0.406250,1.300318e-01,-8.859504e-01
0.375000,0.406250,1.375374e-01,-8.615792e-01
0.381250,0.406250,1.450589e-01,-8.384557e-01
0.387500,0.406250,1.525937e-01,-8.164634e-01
0.393750,0.406250,1.601399e-01,-7.955005e-01
0.400000,0.406250,1.676957e-01,-7.754780e-01
0.406250,0.406250,1.752600e-01,-7.563172e-01
0.412500,0.406250,1.834981e-01,-7.363684e-01
0.418750,0.406250,1.926160e-01,-7.153076e-01
0.425000,0.406250,2.016862e-01,-6.953239e-01
0.431250,0.406250,2.107191e-01,-6.762961e-01
0.437500,0.406250,2.197258e-01,-6.581190e-01
0.443750,0.406250,2.287174e-01,-6.407009e-01
0.450000,0.406250,2.377053e-01,-6.239612e-01
0.456250,0.406250,2.467012e-01,-6.078288e-01
0.462500,0.406250,2.557169e-01,-5.922405e-01
0.468750,0.406250,2.647644e-01,-5.771404e-01
0.475000,0.406250,2.727025e-01,-5.643108e-01
0.481250,0.406250,2.805437e-01,-5.519995e-01
0.487500,0.406250,2.884503e-01,-5.399290e-01
0.493750,0.406250,2.964564e-01,-5.280391e-01
0.500000,0.406250,0.000000e+00,-1.200000e+01
0.506250,0.406250,0.000000e+00,-1.200000e+01
0.512500,0.406250,0.000000e+00,-1.200000e+01
0.518750,0.406250,0.000000e+00,-1.200000e+01
0.525000,0.406250,0.000000e+00,-1.200000e+01
0.531250,0.406250,0.000000e+00,-1.200000e+01
0.537500,0.406250,0.000000e+00,-1.200000e+01
0.543750,0.406250,0.000000e+00,-1.200000e+01
0.550000,0.406250,0.000000e+00,-1.200000e+01
0.556250,0.406250,0.000000e+00,-1.200000e+01
0.562500,0.406250,0.000000e+00,-1.200000e+01
0.568750,0.406250,0.000000e+00,-1.200000e+01
0.575000,0.406250,0.000000e+00,-1.200000e+01
0.581250,0.406250,0.000000e+00,-1.200000e+01
0.587500,0.406250,0.000000e+00,-1.200000e+01
0.593750,0.406250,0.000000e+00,-1.200000e+01
0.600000,0.406250,0.000000e+00,-1.200000e+01
0.606250,0.406250,0.000000e+00,-1.200000e+01
0.612500,0.406250,0.000000e+00,-1.200000e+01
0.618750,0.406250,0.000000e+00,-1.200000e+01
0.625000,0.406250,0.000000e+00,-1.200000e+01
0.631250,0.406250,0.000000e+00,-1.200000e+01
0.637500,0.406250,0.000000e+00,-1.200000e+01
0.643750,0.406250,0.000000e+00,-1.200000e+01
0.650000,0.406250,0.000000e+00,-1.200000e+01
0.656250,0.406250,0.000000e+00,-1.200000e+01
0.662500,0.406250,0.000000e+00,-1.200000e+01
0.668750,0.406250,0.000000e+00,-1.200000e+01
0.675000,0.406250,0.000000e+00,-1.200000e+01
0.681250,0.406250,0.000000e+00,-1.200000e+01
0.687500,0.406250,0.000000e+00,-1.200000e+01
0.693750,0.406250,0.000000e+00,-1.200000e+01
0.700000,0.406250,0.000000e+00,-1.200000e+01
0.706250,0.406250,0.000000e+00,-1.200000e+01
0.712500,0.406250,0.000000e+00,-1.200000e+01
0.718750,0.406250,0.000000e+00,-1.200000e+01
0.725000,0.406250,0.000000e+00,-1.200000e+01
0.731250,0.406250,0.000000e+00,-1.200000e+01
0.737500,0.406250,0.000000e+00,-1.200000e+01
0.743750,0.406250,0.000000e+00,-1.200000e+01
0.750000,0.406250,0.000000e+00,-1.200000e+01
0.250000,0.412500,2.899227e-02,-1.537718e+00
0.256250,0.412500,2.791445e-02,-1.554171e+00
0.262500,0.412500,2.826012e-02,-1.548826e+00
0.268750,0.412500,2.998048e-02,-1.523161e+00
0.275000,0.412500,3.286072e-02,-1.483323e+00
0.281250,0.412500,3.662858e-02,-1.436180e+00
0.287500,0.412500,4.104061e-02,-1.386786e+00
0.293750,0.412500,4.591176e-02,-1.338076e+00
0.300000,0.412500,5.111118e-02,-1.291484e+00
0.306250,0.412500,5.675305e-02,-1.246011e+00
0.312500,0.412500,6.362614e-02,-1.196364e+00
0.318750,0.412500,7.068364e-02,-1.150681e+00
0.325000,0.412500,7.787427e-02,-1.108606e+00
0.331250,0.412500,8.516332e-02,-1.069747e+00
0.337500,0.412500,9.252664e-02,-1.033733e+00
0.343750,0.412500,9.994707e-02,-1.000230e+00
0.350000,0.412500,1.074121e-01,-9.689468e-01
0.356250,0.412500,1.149125e-01,-9.396328e-01
0.362500,0.412500,1.224412e-01,-9.120724e-01
0.368750,0.412500,1.299929e-01,-8.860803e-01
0.375000,0.412500,1.375635e-01,-8.614968e-01
0.381250,0.412500,1.451496e-01,-8.381842e-01
0.387500,0.412500,1.527487e-01,-8.160225e-01
0.393750,0.412500,1.603587e-01,-7.949076e-01
0.400000,0.412500,1.679779e-01,-7.747479e-01
0.406250,0.412500,1.756050e-01,-7.554632e-01
0.412500,0.412500,1.840544e-01,-7.350538e-01
0.418750,0.412500,1.935798e-01,-7.131399e-01
0.425000,0.412500,2.030464e-01,-6.924048e-01
0.431250,0.412500,2.124662e-01,-6.727102e-01
0.437500,0.412500,2.218518e-01,-6.539370e-01
0.443750,0.412500,2.312164e-01,-6.359813e-01
0.450000,0.412500,2.405733e-01,-6.187526e-01
0.456250,0.412500,2.499360e-01,-6.021711e-01
0.462500,0.412500,2.593185e-01,-5.861665e-01
0.468750,0.412500,2.687348e-01,-5.706761e-01
0.475000,0.412500,2.769901e-01,-5.575358e-01
0.481250,0.412500,2.851468e-01,-5.449315e-01
0.487500,0.412500,2.933772e-01,-5.325736e-01
0.493750,0.412500,3.014756e-01,-5.207479e-01
0.500000,0.412500,0.000000e+00,-1.200000e+01
0.506250,0.412500,0.000000e+00,-1.200000e+01
0.512500,0.412500,0.000000e+00,-1.200000e+01
0.518750,0.412500,0.000000e+00,-1.200000e+01
0.525000,0.412500,0.000000e+00,-1.200000e+01
0.531250,0.412500,0.000000e+00,-1.200000e+01
0.537500,0.412500,0.000000e+00,-1.200000e+01
0.543750,0.412500,0.000000e+00,-1.200000e+01
0.550000,0.412500,0.000000e+00,-1.200000e+01
0.556250,0.412500,0.000000e+00,-1.200000e+01
0.562500,0.412500,0.000000e+00,-1.200000e+01
0.568750,0.412500,0.000000e+00,-1.200000e+01
0.575000,0.412500,0.000000e+00,-1.200000e+01
0.581250,0.412500,0.000000e+00,-1.200000e+01
0.587500,0.412500,0.000000e+00,-1.200000e+01
0.593750,0.412500,0.000000e+00,-1.200000e+01
0.600000,0.412500,0.000000e+00,-1.200000e+01
0.606250,0.412500,0.000000e+00,-1.200000e+01
0.612500,0.412500,0.000000e+00,-1.200000e+01
0.618750,0.412500,0.000000e+00,-1.200000e+01
0.625000,0.412500,0.000000e+00,-1.200000e+01
0.631250,0.412500,0.000000e+00,-1.200000e+01
0.637500,0.412500,0.000000e+00,-1.200000e+01
0.643750,0.412500,0.000000e+00,-1.200000e+01
0.650000,0.412500,0.000000e+00,-1.200000e+01
0.656250,0.412500,0.000000e+00,-1.200000e+01
0.662500,0.412500,0.000000e+00,-1.200000e+01
0.668750,0.412500,0.000000e+00,-1.200000e+01
0.675000,0.412500,0.000000e+00,-1.200000e+01
0.681250,0.412500,0.000000e+00,-1.200000e+01
0.687500,0.412500,0.000000e+00,-1.200000e+01
0.693750,0.412500,0.000000e+00,-1.200000e+01
0.700000,0.412500,0.000000e+00,-1.200000e+01
0.706250,0.412500,0.000000e+00,-1.200000e+01
0.712500,0.412500,0.000000e+00,-1.200000e+01
0.718750,0.412500,0.000000e+00,-1.200000e+01
0.725000,0.412500,0.000000e+00,-1.200000e+01
0.731250,0.412500,0.000000e+00,-1.200000e+01
0.737500,0.412500,0.000000e+00,-1.200000e+01
0.743750,0.412500,0.000000e+00,-1.200000e+01
0.750000,0.412500,0.000000e+00,-1.200000e+01
0.250000,0.418750,2.877336e-02,-1.541009e+00
0.256250,0.418750,2.753317e-02,-1.560144e+00
0.262500,0.418750,2.773351e-02,-1.556995e+00
0.268750,0.418750,2.934563e-02,-1.532457e+00
0.275000,0.418750,3.215862e-02,-1.492703e+00
0.281250,0.418750,3.589185e-02,-1.445004e+00
0.287500,0.418750,4.029089e-02,-1.394793e+00
0.293750,0.418750,4.516212e-02,-1.345226e+00
0.300000,0.418750,5.036919e-02,-1.297835e+00
0.306250,0.418750,5.602786e-02,-1.251596e+00
0.312500,0.418750,6.294750e-02,-1.201021e+00
0.318750,0.418750,7.005710e-02,-1.154548e+00
0.325000,0.418750,7.730313e-02,-1.111803e+00
0.331250,0.418750,8.464959e-02,-1.072375e+00
0.337500,0.418750,9.207159e-02,-1.035874e+00
0.343750,0.418750,9.955147e-02,-1.001952e+00
0.350000,0.418750,1.070764e-01,-9.703061e-01
0.356250,0.418750,1.146370e-01,-9.406752e-01
0.362500,0.418750,1.222260e-01,-9.128362e-01
0.368750,0.418750,1.298381e-01,-8.865978e-01
0.375000,0.418750,1.374689e-01,-8.617955e-01
0.381250,0.418750,1.451152e-01,-8.382871e-01
0.387500,0.418750,1.527742e-01,-8.159499e-01
0.393750,0.418750,1.604440e-01,-7.946766e-01
0.400000,0.418750,1.681226e-01,-7.743738e-01
0.406250,0.418750,1.758089e-01,-7.549592e-01
0.412500,0.418750,1.844850e-01,-7.340390e-01
0.418750,0.418750,1.944590e-01,-7.111719e-01
0.425000,0.418750,2.043627e-01,-6.895983e-01
0.431250,0.418750,2.142099e-01,-6.691605e-01
0.437500,0.418750,2.240150e-01,-6.497229e-01
0.443750,0.418750,2.337929e-01,-6.311686e-01
0.450000,0.418750,2.435591e-01,-6.133957e-01
0.456250,0.418750,2.533291e-01,-5.963150e-01
0.462500,0.418750,2.631189e-01,-5.798480e-01
0.468750,0.418750,2.729447e-01,-5.639254e-01
0.475000,0.418750,2.815611e-01,-5.504273e-01
0.481250,0.418750,2.900783e-01,-5.374848e-01
0.487500,0.418750,2.986775e-01,-5.247975e-01
0.493750,0.418750,3.068706e-01,-5.130447e-01
0.500000,0.418750,0.000000e+00,-1.200000e+01
0.506250,0.418750,0.000000e+00,-1.200000e+01
0.512500,0.418750,0.000000e+00,-1.200000e+01
0.518750,0.418750,0.000000e+00,-1.200000e+01
0.525000,0.418750,0.000000e+00,-1.200000e+01
0.531250,0.418750,0.000000e+00,-1.200000e+01
0.537500,0.418750,0.000000e+00,-1.200000e+01
0.543750,0.418750,0.000000e+00,-1.200000e+01
0.550000,0.418750,0.000000e+00,-1.200000e+01
0.556250,0.418750,0.000000e+00,-1.200000e+01
0.562500,0.418750,0.000000e+00,-1.200000e+01
0.568750,0.418750,0.000000e+00,-1.200000e+01
0.575000,0.418750,0.000000e+00,-1.200000e+01
0.581250,0.418750,0.000000e+00,-1.200000e+01
0.587500,0.418750,0.000000e+00,-1.200000e+01
0.593750,0.418750,0.000000e+00,-1.200000e+01
0.600000,0.418750,0.000000e+00,-1.200000e+01
0.606250,0.418750,0.000000e+00,-1.200000e+01
0.612500,0.418750,0.000000e+00,-1.200000e+01
0.618750,0.418750,0.000000e+00,-1.200000e+01
0.625000,0.418750,0.000000e+00,-1.200000e+01
0.631250,0.418750,0.000000e+00,-1.200000e+01
0.637500,0.418750,0.000000e+00,-1.200000e+01
0.643750,0.418750,0.000000e+00,-1.200000e+01
0.650000,0.418750,0.000000e+00,-1.200000e+01
0.656250,0.418750,0.000000e+00,-1.200000e+01
0.662500,0.418750,0.000000e+00,-1.200000e+01
0.668750,0.418750,0.000000e+00,-1.200000e+01
0.675000,0.418750,0.000000e+00,-1.200000e+01
0.681250,0.418750,0.000000e+00,-1.200000e+01
0.687500,0.418750,0.000000e+00,-1.200000e+01
0.693750,0.418750,0.000000e+00,-1.200000e+01
0.700000,0.418750,0.000000e+00,-1.200000e+01
0.706250,0.418750,0.000000e+00,-1.200000e+01
0.712500,0.418750,0.000000e+00,-1.200000e+01
0.718750,0.418750,0.000000e+00,-1.200000e+01
0.725000,0.418750,0.000000e+00,-1.200000e+01
0.731250,0.418750,0.000000e+00,-1.200000e+01
0.737500,0.418750,0.000000e+00,-1.200000e+01
0.743750,0.418750,0.000000e+00,-1.200000e+01
0.750000,0.418750,0.000000e+00,-1.200000e+01
0.250000,0.425000,2.860455e-02,-1.543565e+00
0.256250,0.425000,2.719141e-02,-1.565568e+00
0.262500,0.425000,2.723020e-02,-1.564949e+00
0.268750,0.425000,2.871621e-02,-1.541873e+00
0.275000,0.425000,3.144597e-02,-1.502435e+00
0.281250,0.425000,3.513173e-02,-1.454301e+00
0.287500,0.425000,3.950768e-02,-1.403319e+00
0.293750,0.425000,4.437087e-02,-1.352902e+00
0.300000,0.425000,4.957885e-02,-1.304704e+00
0.306250,0.425000,5.524801e-02,-1.257683e+00
0.312500,0.425000,6.220626e-02,-1.206166e+00
0.318750,0.425000,6.936074e-02,-1.158886e+00
0.325000,0.425000,7.665551e-02,-1.115457e+00
0.331250,0.425000,8.405312e-02,-1.075446e+00
0.337500,0.425000,9.152783e-02,-1.038447e+00
0.343750,0.425000,9.906147e-02,-1.004095e+00
0.350000,0.425000,1.066409e-01,-9.720762e-01
0.356250,0.425000,1.142564e-01,-9.421194e-01
0.362500,0.425000,1.219007e-01,-9.139936e-01
0.368750,0.425000,1.295683e-01,-8.875013e-01
0.375000,0.425000,1.372548e-01,-8.624726e-01
0.381250,0.425000,1.449567e-01,-8.387617e-01
0.387500,0.425000,1.526715e-01,-8.162421e-01
0.393750,0.425000,1.603969e-01,-7.948041e-01
0.400000,0.425000,1.681312e-01,-7.743517e-01
0.406250,0.425000,1.758729e-01,-7.548011e-01
0.412500,0.425000,1.847908e-01,-7.333197e-01
0.418750,0.425000,1.952540e-01,-7.094000e-01
0.425000,0.425000,2.056352e-01,-6.869025e-01
0.431250,0.425000,2.159500e-01,-6.656468e-01
0.437500,0.425000,2.262147e-01,-6.454792e-01
0.443750,0.425000,2.364462e-01,-6.262677e-01
0.450000,0.425000,2.466619e-01,-6.078979e-01
0.456250,0.425000,2.568796e-01,-5.902704e-01
0.462500,0.425000,2.671173e-01,-5.732980e-01
0.468750,0.425000,2.773935e-01,-5.569038e-01
0.475000,0.425000,2.864154e-01,-5.430037e-01
0.481250,0.425000,2.953377e-01,-5.296811e-01
0.487500,0.425000,3.043511e-01,-5.166252e-01
0.493750,0.425000,3.126416e-01,-5.049532e-01
0.500000,0.425000,0.000000e+00,-1.200000e+01
0.506250,0.425000,0.000000e+00,-1.200000e+01
0.512500,0.425000,0.000000e+00,-1.200000e+01
0.518750,0.425000,0.000000e+00,-1.200000e+01
0.525000,0.425000,0.000000e+00,-1.200000e+01
0.531250,0.425000,0.000000e+00,-1.200000e+01
0.537500,0.425000,0.000000e+00,-1.200000e+01
0.543750,0.425000,0.000000e+00,-1.200000e+01
0.550000,0.425000,0.000000e+00,-1.200000e+01
0.556250,0.425000,0.000000e+00,-1.200000e+01
0.562500,0.425000,0.000000e+00,-1.200000e+01
0.568750,0.425000,0.000000e+00,-1.200000e+01
0.575000,0.425000,0.000000e+00,-1.200000e+01
0.581250,0.425000,0.000000e+00,-1.200000e+01
0.587500,0.425000,0.000000e+00,-1.200000e+01
0.593750,0.425000,0.000000e+00,-1.200000e+01
0.600000,0.425000,0.000000e+00,-1.200000e+01
0.606250,0.425000,0.000000e+00,-1.200000e+01
0.612500,0.425000,0.000000e+00,-1.200000e+01
0.618750,0.425000,0.000000e+00,-1.200000e+01
0.625000,0.425000,0.000000e+00,-1.200000e+01
0.631250,0.425000,0.000000e+00,-1.200000e+01
0.637500,0.425000,0.000000e+00,-1.200000e+01
0.643750,0.425000,0.000000e+00,-1.200000e+01
0.650000,0.425000,0.000000e+00,-1.200000e+01
0.656250,0.425000,0.000000e+00,-1.200000e+01
0.662500,0.425000,0.000000e+00,-1.200000e+01
0.668750,0.425000,0.000000e+00,-1.200000e+01
0.675000,0.425000,0.000000e+00,-1.200000e+01
0.681250,0.425000,0.000000e+00,-1.200000e+01
0.687500,0.425000,0.000000e+00,-1.200000e+01
0.693750,0.425000,0.000000e+00,-1.200000e+01
0.700000,0.425000,0.000000e+00,-1.200000e+01
0.706250,0.425000,0.000000e+00,-1.200000e+01
0.712500,0.425000,0.000000e+00,-1.200000e+01
0.718750,0.425000,0.000000e+00,-1.200000e+01
0.725000,0.425000,0.000000e+00,-1.200000e+01
0.731250,0.425000,0.000000e+00,-1.200000e+01
0.737500,0.425000,0.000000e+00,-1.200000e+01
0.743750,0.425000,0.000000e+00,-1.200000e+01
0.750000,0.425000,0.000000e+00,-1.200000e+01
0.250000,0.431250,2.849019e-02,-1.545305e+00
0.256250,0.431250,2.689471e-02,-1.570333e+00
0.262500,0.431250,2.675600e-02,-1.572579e+00
0.268750,0.431250,2.809722e-02,-1.551337e+00
0.275000,0.431250,3.072668e-02,-1.512484e+00
0.281250,0.431250,3.435114e-02,-1.464059e+00
0.287500,0.431250,3.869321e-02,-1.412365e+00
0.293750,0.431250,4.353982e-02,-1.361113e+00
0.300000,0.431250,4.874170e-02,-1.312099e+00
0.306250,0.431250,5.441486e-02,-1.264283e+00
0.312500,0.431250,6.140354e-02,-1.211807e+00
0.318750,0.431250,6.859562e-02,-1.163704e+00
0.325000,0.431250,7.593239e-02,-1.119573e+00
0.331250,0.431250,8.337485e-02,-1.078965e+00
0.337500,0.431250,9.089632e-02,-1.041454e+00
0.343750,0.431250,9.847804e-02,-1.006661e+00
0.350000,0.431250,1.061065e-01,-9.742580e-01
0.356250,0.431250,1.137718e-01,-9.439655e-01
0.362500,0.431250,1.214664e-01,-9.155440e-01
0.368750,0.431250,1.291846e-01,-8.887892e-01
0.375000,0.431250,1.369221e-01,-8.635265e-01
0.381250,0.431250,1.446753e-01,-8.396055e-01
0.387500,0.431250,1.524416e-01,-8.168965e-01
0.393750,0.431250,1.602187e-01,-7.952868e-01
0.400000,0.431250,1.680048e-01,-7.746784e-01
0.406250,0.431250,1.757984e-01,-7.549852e-01
0.412500,0.431250,1.849729e-01,-7.328918e-01
0.418750,0.431250,1.959654e-01,-7.078207e-01
0.425000,0.431250,2.068639e-01,-6.843152e-01
0.431250,0.431250,2.176862e-01,-6.621692e-01
0.437500,0.431250,2.284504e-01,-6.412081e-01
0.443750,0.431250,2.391755e-01,-6.212833e-01
0.450000,0.431250,2.498810e-01,-6.022667e-01
0.456250,0.431250,2.605868e-01,-5.840476e-01
0.462500,0.431250,2.713132e-01,-5.665291e-01
0.468750,0.431250,2.820807e-01,-5.496267e-01
0.475000,0.431250,2.915523e-01,-5.352835e-01
0.481250,0.431250,3.009250e-01,-5.215418e-01
0.487500,0.431250,3.103978e-01,-5.080814e-01
0.493750,0.431250,3.187885e-01,-4.964973e-01
0.500000,0.431250,0.000000e+00,-1.200000e+01
0.506250,0.431250,0.000000e+00,-1.200000e+01
0.512500,0.431250,0.000000e+00,-1.200000e+01
0.518750,0.431250,0.000000e+00,-1.200000e+01
0.525000,0.431250,0.000000e+00,-1.200000e+01
0.531250,0.431250,0.000000e+00,-1.200000e+01
0.537500,0.431250,0.000000e+00,-1.200000e+01
0.543750,0.431250,0.000000e+00,-1.200000e+01
0.550000,0.431250,0.000000e+00,-1.200000e+01
0.556250,0.431250,0.000000e+00,-1.200000e+01
0.562500,0.431250,0.000000e+00,-1.200000e+01
0.568750,0.431250,0.000000e+00,-1.200000e+01
0.575000,0.431250,0.000000e+00,-1.200000e+01
0.581250,0.431250,0.000000e+00,-1.200000e+01
0.587500,0.431250,0.000000e+00,-1.200000e+01
0.593750,0.431250,0.000000e+00,-1.200000e+01
0.600000,0.431250,0.000000e+00,-1.200000e+01
0.606250,0.431250,0.000000e+00,-1.200000e+01
0.612500,0.431250,0.000000e+00,-1.200000e+01
0.618750,0.431250,0.000000e+00,-1.200000e+01
0.625000,0.431250,0.000000e+00,-1.200000e+01
0.631250,0.431250,0.000000e+00,-1.200000e+01
0.637500,0.431250,0.000000e+00,-1.200000e+01
0.643750,0.431250,0.000000e+00,-1.200000e+01
0.650000,0.431250,0.000000e+00,-1.200000e+01
0.656250,0.431250,0.000000e+00,-1.200000e+01
0.662500,0.431250,0.000000e+00,-1.200000e+01
0.668750,0.431250,0.000000e+00,-1.200000e+01
0.675000,0.431250,0.000000e+00,-1.200000e+01
0.681250,0.431250,0.000000e+00,-1.200000e+01
0.687500,0.431250,0.000000e+00,-1.200000e+01
0.693750,0.431250,0.000000e+00,-1.200000e+01
0.700000,0.431250,0.000000e+00,-1.200000e+01
0.706250,0.431250,0.000000e+00,-1.200000e+01
0.712500,0.431250,0.000000e+00,-1.200000e+01
0.718750,0.431250,0.000000e+00,-1.200000e+01
0.725000,0.431250,0.000000e+00,-1.200000e+01
0.731250,0.431250,0.000000e+00,-1.200000e+01
0.737500,0.431250,0.000000e+00,-1.200000e+01
0.743750,0.431250,0.000000e+00,-1.200000e+01
0.750000,0.431250,0.000000e+00,-1.200000e+01
0.250000,0.437500,2.843457e-02,-1.546153e+00
0.256250,0.437500,2.664891e-02,-1.574321e+00
0.262500,0.437500,2.631728e-02,-1.579759e+00
0.268750,0.437500,2.749444e-02,-1.560755e+00
0.275000,0.437500,3.000530e-02,-1.522802e+00
0.281250,0.437500,3.355354e-02,-1.474262e+00
0.287500,0.437500,3.785015e-02,-1.421932e+00
0.293750,0.437500,4.267111e-02,-1.369866e+00
0.300000,0.437500,4.785956e-02,-1.320031e+00
0.306250,0.437500,5.352999e-02,-1.271403e+00
0.312500,0.437500,6.054070e-02,-1.217953e+00
0.318750,0.437500,6.776290e-02,-1.169008e+00
0.325000,0.437500,7.513488e-02,-1.124158e+00
0.331250,0.437500,8.261587e-02,-1.082937e+00
0.337500,0.437500,9.017812e-02,-1.044899e+00
0.343750,0.437500,9.780225e-02,-1.009651e+00
0.350000,0.437500,1.054743e-01,-9.768532e-01
0.356250,0.437500,1.131841e-01,-9.462144e-01
0.362500,0.437500,1.209240e-01,-9.174873e-01
0.368750,0.437500,1.286882e-01,-8.904612e-01
0.375000,0.437500,1.364722e-01,-8.649559e-01
0.381250,0.437500,1.442723e-01,-8.408169e-01
0.387500,0.437500,1.520859e-01,-8.179109e-01
0.393750,0.437500,1.599107e-01,-7.961225e-01
0.400000,0.437500,1.677448e-01,-7.753510e-01
0.406250,0.437500,1.755867e-01,-7.555084e-01
0.412500,0.437500,1.850326e-01,-7.327519e-01
0.418750,0.437500,1.965935e-01,-7.064307e-01
0.425000,0.437500,2.080489e-01,-6.818346e-01
0.431250,0.437500,2.194181e-01,-6.587275e-01
0.437500,0.437500,2.307216e-01,-6.369118e-01
0.443750,0.437500,2.419802e-01,-6.162201e-01
0.450000,0.437500,2.532157e-01,-5.965094e-01
0.456250,0.437500,2.644501e-01,-5.776563e-01
0.462500,0.437500,2.757058e-01,-5.595541e-01
0.468750,0.437500,2.870057e-01,-5.421094e-01
0.475000,0.437500,2.969717e-01,-5.272850e-01
0.481250,0.437500,3.068398e-01,-5.130884e-01
0.487500,0.437500,3.168175e-01,-4.991908e-01
0.493750,0.437500,3.253113e-01,-4.877009e-01
0.500000,0.437500,0.000000e+00,-1.200000e+01
0.506250,0.437500,0.000000e+00,-1.200000e+01
0.512500,0.437500,0.000000e+00,-1.200000e+01
0.518750,0.437500,0.000000e+00,-1.200000e+01
0.525000,0.437500,0.000000e+00,-1.200000e+01
0.531250,0.437500,0.000000e+00,-1.200000e+01
0.537500,0.437500,0.000000e+00,-1.200000e+01
0.543750,0.437500,0.000000e+00,-1.200000e+01
0.550000,0.437500,0.000000e+00,-1.200000e+01
0.556250,0.437500,0.000000e+00,-1.200000e+01
0.562500,0.437500,0.000000e+00,-1.200000e+01
0.568750,0.437500,0.000000e+00,-1.200000e+01
0.575000,0.437500,0.000000e+00,-1.200000e+01
0.581250,0.437500,0.000000e+00,-1.200000e+01
0.587500,0.437500,0.000000e+00,-1.200000e+01
0.593750,0.437500,0.000000e+00,-1.200000e+01
0.600000,0.437500,0.000000e+00,-1.200000e+01
0.606250,0.437500,0.000000e+00,-1.200000e+01
0.612500,0.437500,0.000000e+00,-1.200000e+01
0.618750,0.437500,0.000000e+00,-1.200000e+01
0.625000,0.437500,0.000000e+00,-1.200000e+01
0.631250,0.437500,0.000000e+00,-1.200000e+01
0.637500,0.437500,0.000000e+00,-1.200000e+01
0.643750,0.437500,0.000000e+00,-1.200000e+01
0.650000,0.437500,0.000000e+00,-1.200000e+01
0.656250,0.437500,0.000000e+00,-1.200000e+01
0.662500,0.437500,0.000000e+00,-1.200000e+01
0.668750,0.437500,0.000000e+00,-1.200000e+01
0.675000,0.437500,0.000000e+00,-1.200000e+01
0.681250,0.437500,0.000000e+00,-1.200000e+01
0.687500,0.437500,0.000000e+00,-1.200000e+01
0.693750,0.437500,0.000000e+00,-1.200000e+01
0.700000,0.437500,0.000000e+00,-1.200000e+01
0.706250,0.437500,0.000000e+00,-1.200000e+01
0.712500,0.437500,0.000000e+00,-1.200000e+01
0.718750,0.437500,0.000000e+00,-1.200000e+01
0.725000,0.437500,0.000000e+00,-1.200000e+01
0.731250,0.437500,0.000000e+00,-1.200000e+01
0.737500,0.437500,0.000000e+00,-1.200000e+01
0.743750,0.437500,0.000000e+00,-1.200000e+01
0.750000,0.437500,0.000000e+00,-1.200000e+01
0.250000,0.443750,2.844184e-02,-1.546042e+00
0.256250,0.443750,2.645997e-02,-1.577411e+00
0.262500,0.443750,2.592099e-02,-1.586348e+00
0.268750,0.443750,2.691440e-02,-1.570015e+00
0.275000,0.443750,2.928715e-02,-1.533323e+00
0.281250,0.443750,3.274302e-02,-1.484881e+00
0.287500,0.443750,3.698164e-02,-1.432014e+00
0.293750,0.443750,4.176726e-02,-1.379164e+00
0.300000,0.443750,4.693455e-02,-1.328507e+00
0.306250,0.443750,5.259523e-02,-1.279054e+00
0.312500,0.443750,5.961925e-02,-1.224613e+00
0.318750,0.443750,6.686396e-02,-1.174808e+00
0.325000,0.443750,7.426424e-02,-1.129220e+00
0.331250,0.443750,8.177737e-02,-1.087367e+00
0.337500,0.443750,8.937443e-02,-1.048787e+00
0.343750,0.443750,9.703530e-02,-1.013070e+00
0.350000,0.443750,1.047456e-01,-9.798642e-01
0.356250,0.443750,1.124948e-01,-9.488675e-01
0.362500,0.443750,1.202751e-01,-9.198244e-01
0.368750,0.443750,1.280805e-01,-8.925171e-01
0.375000,0.443750,1.359063e-01,-8.667603e-01
0.381250,0.443750,1.437491e-01,-8.423948e-01
0.387500,0.443750,1.516059e-01,-8.192839e-01
0.393750,0.443750,1.594744e-01,-7.973090e-01
0.400000,0.443750,1.673528e-01,-7.763671e-01
0.406250,0.443750,1.752394e-01,-7.563682e-01
0.412500,0.443750,1.849709e-01,-7.328965e-01
0.418750,0.443750,1.971392e-01,-7.052270e-01
0.425000,0.443750,2.091903e-01,-6.794585e-01
0.431250,0.443750,2.211456e-01,-6.553217e-01
0.437500,0.443750,2.330277e-01,-6.325925e-01
0.443750,0.443750,2.448596e-01,-6.110829e-01
0.450000,0.443750,2.566652e-01,-5.906331e-01
0.456250,0.443750,2.684686e-01,-5.711065e-01
0.462500,0.443750,2.802946e-01,-5.523853e-01
0.468750,0.443750,2.921682e-01,-5.343670e-01
0.475000,0.443750,3.026730e-01,-5.190263e-01
0.481250,0.443750,3.130819e-01,-5.043420e-01
0.487500,0.443750,3.236102e-01,-4.899778e-01
0.493750,0.443750,3.322099e-01,-4.785874e-01
0.500000,0.443750,0.000000e+00,-1.200000e+01
0.506250,0.443750,0.000000e+00,-1.200000e+01
0.512500,0.443750,0.000000e+00,-1.200000e+01
0.518750,0.443750,0.000000e+00,-1.200000e+01
0.525000,0.443750,0.000000e+00,-1.200000e+01
0.531250,0.443750,0.000000e+00,-1.200000e+01
0.537500,0.443750,0.000000e+00,-1.200000e+01
0.543750,0.443750,0.000000e+00,-1.200000e+01
0.550000,0.443750,0.000000e+00,-1.200000e+01
0.556250,0.443750,0.000000e+00,-1.200000e+01
0.562500,0.443750,0.000000e+00,-1.200000e+01
0.568750,0.443750,0.000000e+00,-1.200000e+01
0.575000,0.443750,0.000000e+00,-1.200000e+01
0.581250,0.443750,0.000000e+00,-1.200000e+01
0.587500,0.443750,0.000000e+00,-1.200000e+01
0.593750,0.443750,0.000000e+00,-1.200000e+01
0.600000,0.443750,0.000000e+00,-1.200000e+01
0.606250,0.443750,0.000000e+00,-1.200000e+01
0.612500,0.443750,0.000000e+00,-1.200000e+01
0.618750,0.443750,0.000000e+00,-1.200000e+01
0.625000,0.443750,0.000000e+00,-1.200000e+01
0.631250,0.443750,0.000000e+00,-1.200000e+01
0.637500,0.443750,0.000000e+00,-1.200000e+01
0.643750,0.443750,0.000000e+00,-1.200000e+01
0.650000,0.443750,0.000000e+00,-1.200000e+01
0.656250,0.443750,0.000000e+00,-1.200000e+01
0.662500,0.443750,0.000000e+00,-1.200000e+01
0.668750,0.443750,0.000000e+00,-1.200000e+01
0.675000,0.443750,0.000000e+00,-1.200000e+01
0.681250,0.443750,0.000000e+00,-1.200000e+01
0.687500,0.443750,0.000000e+00,-1.200000e+01
0.693750,0.443750,0.000000e+00,-1.200000e+01
0.700000,0.443750,0.000000e+00,-1.200000e+01
0.706250,0.443750,0.000000e+00,-1.200000e+01
0.712500,0.443750,0.000000e+00,-1.200000e+01
0.718750,0.443750,0.000000e+00,-1.200000e+01
0.725000,0.443750,0.000000e+00,-1.200000e+01
0.731250,0.443750,0.000000e+00,-1.200000e+01
0.737500,0.443750,0.000000e+00,-1.200000e+01
0.743750,0.443750,0.000000e+00,-1.200000e+01
0.750000,0.443750,0.000000e+00,-1.200000e+01
0.250000,0.450000,2.849791e-02,-1.545187e+00
0.256250,0.450000,2.631244e-02,-1.579839e+00
0.262500,0.450000,2.555018e-02,-1.592606e+00
0.268750,0.450000,2.633827e-02,-1.579413e+00
0.275000,0.450000,2.855168e-02,-1.544368e+00
0.281250,0.450000,3.189788e-02,-1.496238e+00
0.287500,0.450000,3.606547e-02,-1.442908e+00
0.293750,0.450000,4.080587e-02,-1.389277e+00
0.300000,0.450000,4.594420e-02,-1.337769e+00
0.306250,0.450000,5.158818e-02,-1.287450e+00
0.312500,0.450000,5.861793e-02,-1.231969e+00
0.318750,0.450000,6.587969e-02,-1.181248e+00
0.325000,0.450000,7.330431e-02,-1.134870e+00
0.331250,0.450000,8.084676e-02,-1.092337e+00
0.337500,0.450000,8.847672e-02,-1.053171e+00
0.343750,0.450000,9.617323e-02,-1.016946e+00
0.350000,0.450000,1.039213e-01,-9.832953e-01
0.356250,0.450000,1.117102e-01,-9.519073e-01
0.362500,0.450000,1.195317e-01,-9.225171e-01
0.368750,0.450000,1.273797e-01,-8.948999e-01
0.375000,0.450000,1.352494e-01,-8.688645e-01
0.381250,0.450000,1.431373e-01,-8.442472e-01
0.387500,0.450000,1.510403e-01,-8.209071e-01
0.393750,0.450000,1.589562e-01,-7.987226e-01
0.400000,0.450000,1.668829e-01,-7.775882e-01
0.406250,0.450000,1.748189e-01,-7.574116e-01
0.412500,0.450000,1.848577e-01,-7.331625e-01
0.418750,0.450000,1.976801e-01,-7.040371e-01
0.425000,0.450000,2.103762e-01,-6.770033e-01
0.431250,0.450000,2.229688e-01,-6.517560e-01
0.437500,0.450000,2.354811e-01,-6.280439e-01
0.443750,0.450000,2.479375e-01,-6.056578e-01
0.450000,0.450000,2.603626e-01,-5.844215e-01
0.456250,0.450000,2.727816e-01,-5.641850e-01
0.462500,0.450000,2.852201e-01,-5.448199e-01
0.468750,0.450000,2.977040e-01,-5.262153e-01
0.475000,0.450000,3.087826e-01,-5.103471e-01
0.481250,0.450000,3.197505e-01,-4.951888e-01
0.487500,0.450000,3.308415e-01,-4.803801e-01
0.493750,0.450000,3.395255e-01,-4.691276e-01
0.500000,0.450000,0.000000e+00,-1.200000e+01
0.506250,0.450000,0.000000e+00,-1.200000e+01
0.512500,0.450000,0.000000e+00,-1.200000e+01
0.518750,0.450000,0.000000e+00,-1.200000e+01
0.525000,0.450000,0.000000e+00,-1.200000e+01
0.531250,0.450000,0.000000e+00,-1.200000e+01
0.537500,0.450000,0.000000e+00,-1.200000e+01
0.543750,0.450000,0.000000e+00,-1.200000e+01
0.550000,0.450000,0.000000e+00,-1.200000e+01
0.556250,0.450000,0.000000e+00,-1.200000e+01
0.562500,0.450000,0.000000e+00,-1.200000e+01
0.568750,0.450000,0.000000e+00,-1.200000e+01
0.575000,0.450000,0.000000e+00,-1.200000e+01
0.581250,0.450000,0.000000e+00,-1.200000e+01
0.587500,0.450000,0.000000e+00,-1.200000e+01
0.593750,0.450000,0.000000e+00,-1.200000e+01
0.600000,0.450000,0.000000e+00,-1.200000e+01
0.606250,0.450000,0.000000e+00,-1.200000e+01
0.612500,0.450000,0.000000e+00,-1.200000e+01
0.618750,0.450000,0.000000e+00,-1.200000e+01
0.625000,0.450000,0.000000e+00,-1.200000e+01
0.631250,0.450000,0.000000e+00,-1.200000e+01
0.637500,0.450000,0.000000e+00,-1.200000e+01
0.643750,0.450000,0.000000e+00,-1.200000e+01
0.650000,0.450000,0.000000e+00,-1.200000e+01
0.656250,0.450000,0.000000e+00,-1.200000e+01
0.662500,0.450000,0.000000e+00,-1.200000e+01
0.668750,0.450000,0.000000e+00,-1.200000e+01
0.675000,0.450000,0.000000e+00,-1.200000e+01
0.681250,0.450000,0.000000e+00,-1.200000e+01
0.687500,0.450000,0.000000e+00,-1.200000e+01
0.693750,0.450000,0.000000e+00,-1.200000e+01
0.700000,0.450000,0.000000e+00,-1.200000e+01
0.706250,0.450000,0.000000e+00,-1.200000e+01
0.712500,0.450000,0.000000e+00,-1.200000e+01
0.718750,0.450000,0.000000e+00,-1.200000e+01
0.725000,0.450000,0.000000e+00,-1.200000e+01
0.731250,0.450000,0.000000e+00,-1.200000e+01
0.737500,0.450000,0.000000e+00,-1.200000e+01
0.743750,0.450000,0.000000e+00,-1.200000e+01
0.750000,0.450000,0.000000e+00,-1.200000e+01
0.250000,0.456250,2.846353e-02,-1.545711e+00
0.256250,0.456250,2.604093e-02,-1.584344e+00
0.262500,0.456250,2.501654e-02,-1.601773e+00
0.268750,0.456250,2.556279e-02,-1.592392e+00
0.275000,0.456250,2.759010e-02,-1.559247e+00
0.281250,0.456250,3.081074e-02,-1.511298e+00
0.287500,0.456250,3.489883e-02,-1.457189e+00
0.293750,0.456250,3.958921e-02,-1.402423e+00
0.300000,0.456250,4.469510e-02,-1.349740e+00
0.306250,0.456250,5.031772e-02,-1.298279e+00
0.312500,0.456250,5.734860e-02,-1.241477e+00
0.318750,0.456250,6.463117e-02,-1.189558e+00
0.325000,0.456250,7.209047e-02,-1.142122e+00
0.331250,0.456250,7.967807e-02,-1.098661e+00
0.337500,0.456250,8.736167e-02,-1.058679e+00
0.343750,0.456250,9.511902e-02,-1.021733e+00
0.350000,0.456250,1.029344e-01,-9.874393e-01
0.356250,0.456250,1.107965e-01,-9.554738e-01
0.362500,0.456250,1.186969e-01,-9.255605e-01
0.368750,0.456250,1.266293e-01,-8.974660e-01
0.375000,0.456250,1.345887e-01,-8.709915e-01
0.381250,0.456250,1.425714e-01,-8.459676e-01
0.387500,0.456250,1.505744e-01,-8.222488e-01
0.393750,0.456250,1.585954e-01,-7.997093e-01
0.400000,0.456250,1.666325e-01,-7.782403e-01
0.406250,0.456250,1.746840e-01,-7.577469e-01
0.412500,0.456250,1.850762e-01,-7.326494e-01
0.418750,0.456250,1.985892e-01,-7.020443e-01
0.425000,0.456250,2.119915e-01,-6.736815e-01
0.431250,0.456250,2.252983e-01,-6.472421e-01
0.437500,0.456250,2.385249e-01,-6.224662e-01
0.443750,0.456250,2.516872e-01,-5.991389e-01
0.450000,0.456250,2.648011e-01,-5.770803e-01
0.456250,0.456250,2.778828e-01,-5.561384e-01
0.462500,0.456250,2.909486e-01,-5.361837e-01
0.468750,0.456250,3.040153e-01,-5.171046e-01
0.475000,0.456250,3.165133e-01,-4.996080e-01
0.481250,0.456250,3.287693e-01,-4.831087e-01
0.487500,0.456250,3.410330e-01,-4.672036e-01
0.493750,0.456250,3.506554e-01,-4.551195e-01
0.500000,0.456250,0.000000e+00,-1.200000e+01
0.506250,0.456250,0.000000e+00,-1.200000e+01
0.512500,0.456250,0.000000e+00,-1.200000e+01
0.518750,0.456250,0.000000e+00,-1.200000e+01
0.525000,0.456250,0.000000e+00,-1.200000e+01
0.531250,0.456250,0.000000e+00,-1.200000e+01
0.537500,0.456250,0.000000e+00,-1.200000e+01
0.543750,0.456250,0.000000e+00,-1.200000e+01
0.550000,0.456250,0.000000e+00,-1.200000e+01
0.556250,0.456250,0.000000e+00,-1.200000e+01
0.562500,0.456250,0.000000e+00,-1.200000e+01
0.568750,0.456250,0.000000e+00,-1.200000e+01
0.575000,0.456250,0.000000e+00,-1.200000e+01
0.581250,0.456250,0.000000e+00,-1.200000e+01
0.587500,0.456250,0.000000e+00,-1.200000e+01
0.593750,0.456250,0.000000e+00,-1.200000e+01
0.600000,0.456250,0.000000e+00,-1.200000e+01
0.606250,0.456250,0.000000e+00,-1.200000e+01
0.612500,0.456250,0.000000e+00,-1.200000e+01
0.618750,0.456250,0.000000e+00,-1.200000e+01
0.625000,0.456250,0.000000e+00,-1.200000e+01
0.631250,0.456250,0.000000e+00,-1.200000e+01
0.637500,0.456250,0.000000e+00,-1.200000e+01
0.643750,0.456250,0.000000e+00,-1.200000e+01
0.650000,0.456250,0.000000e+00,-1.200000e+01
0.656250,0.456250,0.000000e+00,-1.200000e+01
0.662500,0.456250,0.000000e+00,-1.200000e+01
0.668750,0.456250,0.000000e+00,-1.200000e+01
0.675000,0.456250,0.000000e+00,-1.200000e+01
0.681250,0.456250,0.000000e+00,-1.200000e+01
0.687500,0.456250,0.000000e+00,-1.200000e+01
0.693750,0.456250,0.000000e+00,-1.200000e+01
0.700000,0.456250,0.000000e+00,-1.200000e+01
0.706250,0.456250,0.000000e+00,-1.200000e+01
0.712500,0.456250,0.000000e+00,-1.200000e+01
0.718750,0.456250,0.000000e+00,-1.200000e+01
0.725000,0.456250,0.000000e+00,-1.200000e+01
0.731250,0.456250,0.000000e+00,-1.200000e+01
0.737500,0.456250,0.000000e+00,-1.200000e+01
0.743750,0.456250,0.000000e+00,-1.200000e+01
0.750000,0.456250,0.000000e+00,-1.200000e+01
0.250000,0.462500,2.850712e-02,-1.545047e+00
0.256250,0.462500,2.584753e-02,-1.587581e+00
0.262500,0.462500,2.455001e-02,-1.609948e+00
0.268750,0.462500,2.483333e-02,-1.604965e+00
0.275000,0.462500,2.665119e-02,-1.574283e+00
0.281250,0.462500,2.972714e-02,-1.526847e+00
0.287500,0.462500,3.372205e-02,-1.472086e+00
0.293750,0.462500,3.835289e-02,-1.416202e+00
0.300000,0.462500,4.341944e-02,-1.362316e+00
0.306250,0.462500,4.901199e-02,-1.309698e+00
0.312500,0.462500,5.601844e-02,-1.251669e+00
0.318750,0.462500,6.329605e-02,-1.198623e+00
0.325000,0.462500,7.076429e-02,-1.150186e+00
0.331250,0.462500,7.837155e-02,-1.105842e+00
0.337500,0.462500,8.608369e-02,-1.065079e+00
0.343750,0.462500,9.387743e-02,-1.027439e+00
0.350000,0.462500,1.017365e-01,-9.925233e-01
0.356250,0.462500,1.096491e-01,-9.599949e-01
0.362500,0.462500,1.176068e-01,-9.295677e-01
0.368750,0.462500,1.256031e-01,-9.009998e-01
0.375000,0.462500,1.336331e-01,-8.740859e-01
0.381250,0.462500,1.416933e-01,-8.486508e-01
0.387500,0.462500,1.497806e-01,-8.245444e-01
0.393750,0.462500,1.578929e-01,-8.016374e-01
0.400000,0.462500,1.660283e-01,-7.798179e-01
0.406250,0.462500,1.741855e-01,-7.589881e-01
0.412500,0.462500,1.848790e-01,-7.331124e-01
0.418750,0.462500,1.989741e-01,-7.012036e-01
0.425000,0.462500,2.129804e-01,-6.716603e-01
0.431250,0.462500,2.269068e-01,-6.441524e-01
0.437500,0.462500,2.407621e-01,-6.184119e-01
0.443750,0.462500,2.545552e-01,-5.942181e-01
0.450000,0.462500,2.682952e-01,-5.713870e-01
0.456250,0.462500,2.819915e-01,-5.497640e-01
0.462500,0.462500,2.956532e-01,-5.292174e-01
0.468750,0.462500,3.092900e-01,-5.096342e-01
0.475000,0.462500,3.248385e-01,-4.883325e-01
0.481250,0.462500,3.401065e-01,-4.683851e-01
0.487500,0.462500,3.551786e-01,-4.495532e-01
0.493750,0.462500,3.677203e-01,-4.344824e-01
0.500000,0.462500,0.000000e+00,-1.200000e+01
0.506250,0.462500,0.000000e+00,-1.200000e+01
0.512500,0.462500,0.000000e+00,-1.200000e+01
0.518750,0.462500,0.000000e+00,-1.200000e+01
0.525000,0.462500,0.000000e+00,-1.200000e+01
0.531250,0.462500,0.000000e+00,-1.200000e+01
0.537500,0.462500,0.000000e+00,-1.200000e+01
0.543750,0.462500,0.000000e+00,-1.200000e+01
0.550000,0.462500,0.000000e+00,-1.200000e+01
0.556250,0.462500,0.000000e+00,-1.200000e+01
0.562500,0.462500,0.000000e+00,-1.200000e+01
0.568750,0.462500,0.000000e+00,-1.200000e+01
0.575000,0.462500,0.000000e+00,-1.200000e+01
0.581250,0.462500,0.000000e+00,-1.200000e+01
0.587500,0.462500,0.000000e+00,-1.200000e+01
0.593750,0.462500,0.000000e+00,-1.200000e+01
0.600000,0.462500,0.000000e+00,-1.200000e+01
0.606250,0.462500,0.000000e+00,-1.200000e+01
0.612500,0.462500,0.000000e+00,-1.200000e+01
0.618750,0.462500,0.000000e+00,-1.200000e+01
0.625000,0.462500,0.000000e+00,-1.200000e+01
0.631250,0.462500,0.000000e+00,-1.200000e+01
0.637500,0.462500,0.000000e+00,-1.200000e+01
0.643750,0.462500,0.000000e+00,-1.200000e+01
0.650000,0.462500,0.000000e+00,-1.200000e+01
0.656250,0.462500,0.000000e+00,-1.200000e+01
0.662500,0.462500,0.000000e+00,-1.200000e+01
0.668750,0.462500,0.000000e+00,-1.200000e+01
0.675000,0.462500,0.000000e+00,-1.200000e+01
0.681250,0.462500,0.000000e+00,-1.200000e+01
0.687500,0.462500,0.000000e+00,-1.200000e+01
0.693750,0.462500,0.000000e+00,-1.200000e+01
0.700000,0.462500,0.000000e+00,-1.200000e+01
0.706250,0.462500,0.000000e+00,-1.200000e+01
0.712500,0.462500,0.000000e+00,-1.200000e+01
0.718750,0.462500,0.000000e+00,-1.200000e+01
0.725000,0.462500,0.000000e+00,-1.200000e+01
0.731250,0.462500,0.000000e+00,-1.200000e+01
0.737500,0.462500,0.000000e+00,-1.200000e+01
0.743750,0.462500,0.000000e+00,-1.200000e+01
0.750000,0.462500,0.000000e+00,-1.200000e+01
0.250000,0.468750,2.863138e-02,-1.543158e+00
0.256250,0.468750,2.573780e-02,-1.589429e+00
0.262500,0.468750,2.415899e-02,-1.616921e+00
0.268750,0.468750,2.415899e-02,-1.616921e+00
0.275000,0.468750,2.574250e-02,-1.589349e+00
0.281250,0.468750,2.865246e-02,-1.542838e+00
0.287500,0.468750,3.253880e-02,-1.487598e+00
0.293750,0.468750,3.709944e-02,-1.430633e+00
0.300000,0.468750,4.211910e-02,-1.375521e+00
0.306250,0.468750,4.767251e-02,-1.321732e+00
0.312500,0.468750,5.462901e-02,-1.262577e+00
0.318750,0.468750,6.187606e-02,-1.208477e+00
0.325000,0.468750,6.932775e-02,-1.159093e+00
0.331250,0.468750,7.692952e-02,-1.113907e+00
0.337500,0.468750,8.464560e-02,-1.072396e+00
0.343750,0.468750,9.245184e-02,-1.034084e+00
0.350000,0.468750,1.003315e-01,-9.985627e-01
0.356250,0.468750,1.082727e-01,-9.654811e-01
0.362500,0.468750,1.162668e-01,-9.345441e-01
0.368750,0.468750,1.243076e-01,-9.055022e-01
0.375000,0.468750,1.323904e-01,-8.781435e-01
0.381250,0.468750,1.405116e-01,-8.522878e-01
0.387500,0.468750,1.486686e-01,-8.277808e-01
0.393750,0.468750,1.568594e-01,-8.044895e-01
0.400000,0.468750,1.650824e-01,-7.822993e-01
0.406250,0.468750,1.733365e-01,-7.611099e-01
0.412500,0.468750,1.842805e-01,-7.345206e-01
0.418750,0.468750,1.988505e-01,-7.014734e-01
0.425000,0.468750,2.133603e-01,-6.708864e-01
0.431250,0.468750,2.278130e-01,-6.424215e-01
0.437500,0.468750,2.422121e-01,-6.158041e-01
0.443750,0.468750,2.565613e-01,-5.908089e-01
0.450000,0.468750,2.708643e-01,-5.672483e-01
0.456250,0.468750,2.851252e-01,-5.449644e-01
0.462500,0.468750,2.993482e-01,-5.238233e-01
0.468750,0.468750,3.135376e-01,-5.037104e-01
0.475000,0.468750,3.337099e-01,-4.766309e-01
0.481250,0.468750,3.536813e-01,-4.513879e-01
0.487500,0.468750,3.732080e-01,-4.280491e-01
0.493750,0.468750,3.906877e-01,-4.081702e-01
0.500000,0.468750,0.000000e+00,-1.200000e+01
0.506250,0.468750,0.000000e+00,-1.200000e+01
0.512500,0.468750,0.000000e+00,-1.200000e+01
0.518750,0.468750,0.000000e+00,-1.200000e+01
0.525000,0.468750,0.000000e+00,-1.200000e+01
0.531250,0.468750,0.000000e+00,-1.200000e+01
0.537500,0.468750,0.000000e+00,-1.200000e+01
0.543750,0.468750,0.000000e+00,-1.200000e+01
0.550000,0.468750,0.000000e+00,-1.200000e+01
0.556250,0.468750,0.000000e+00,-1.200000e+01
0.562500,0.468750,0.000000e+00,-1.200000e+01
0.568750,0.468750,0.000000e+00,-1.200000e+01
0.575000,0.468750,0.000000e+00,-1.200000e+01
0.581250,0.468750,0.000000e+00,-1.200000e+01
0.587500,0.468750,0.000000e+00,-1.200000e+01
0.593750,0.468750,0.000000e+00,-1.200000e+01
0.600000,0.468750,0.000000e+00,-1.200000e+01
0.606250,0.468750,0.000000e+00,-1.200000e+01
0.612500,0.468750,0.000000e+00,-1.200000e+01
0.618750,0.468750,0.000000e+00,-1.200000e+01
0.625000,0.468750,0.000000e+00,-1.200000e+01
0.631250,0.468750,0.000000e+00,-1.200000e+01
0.637500,0.468750,0.000000e+00,-1.200000e+01
0.643750,0.468750,0.000000e+00,-1.200000e+01
0.650000,0.468750,0.000000e+00,-1.200000e+01
0.656250,0.468750,0.000000e+00,-1.200000e+01
0.662500,0.468750,0.000000e+00,-1.200000e+01
0.668750,0.468750,0.000000e+00,-1.200000e+01
0.675000,0.468750,0.000000e+00,-1.200000e+01
0.681250,0.468750,0.000000e+00,-1.200000e+01
0.687500,0.468750,0.000000e+00,-1.200000e+01
0.693750,0.468750,0.000000e+00,-1.200000e+01
0.700000,0.468750,0.000000e+00,-1.200000e+01
0.706250,0.468750,0.000000e+00,-1.200000e+01
0.712500,0.468750,0.000000e+00,-1.200000e+01
0.718750,0.468750,0.000000e+00,-1.200000e+01
0.725000,0.468750,0.000000e+00,-1.200000e+01
0.731250,0.468750,0.000000e+00,-1.200000e+01
0.737500,0.468750,0.000000e+00,-1.200000e+01
0.743750,0.468750,0.000000e+00,-1.200000e+01
0.750000,0.468750,0.000000e+00,-1.200000e+01
0.250000,0.475000,2.883842e-02,-1.540029e+00
0.256250,0.475000,2.571675e-02,-1.589784e+00
0.262500,0.475000,2.385185e-02,-1.622478e+00
0.268750,0.475000,2.354975e-02,-1.628014e+00
0.275000,0.475000,2.487278e-02,-1.604276e+00
0.281250,0.475000,2.759306e-02,-1.559200e+00
0.287500,0.475000,3.135343e-02,-1.503715e+00
0.293750,0.475000,3.583189e-02,-1.445730e+00
0.300000,0.475000,4.079627e-02,-1.389379e+00
0.306250,0.475000,4.630106e-02,-1.334409e+00
0.312500,0.475000,5.318221e-02,-1.274234e+00
0.318750,0.475000,6.037327e-02,-1.219155e+00
0.325000,0.475000,6.778324e-02,-1.168878e+00
0.331250,0.475000,7.535481e-02,-1.122889e+00
0.337500,0.475000,8.305078e-02,-1.080656e+00
0.343750,0.475000,9.084629e-02,-1.041693e+00
0.350000,0.475000,9.872432e-02,-1.005576e+00
0.356250,0.475000,1.066730e-01,-9.719456e-01
0.362500,0.475000,1.146838e-01,-9.404980e-01
0.368750,0.475000,1.227507e-01,-9.109760e-01
0.375000,0.475000,1.308693e-01,-8.831622e-01
0.381250,0.475000,1.390364e-01,-8.568715e-01
0.387500,0.475000,1.472497e-01,-8.319456e-01
0.393750,0.475000,1.555075e-01,-8.082485e-01
0.400000,0.475000,1.638088e-01,-7.856628e-01
0.406250,0.475000,1.721527e-01,-7.640862e-01
0.412500,0.475000,1.832979e-01,-7.368425e-01
0.418750,0.475000,1.982376e-01,-7.028141e-01
0.425000,0.475000,2.131522e-01,-6.713102e-01
0.431250,0.475000,2.280400e-01,-6.419889e-01
0.437500,0.475000,2.429001e-01,-6.145722e-01
0.443750,0.475000,2.577321e-01,-5.888314e-01
0.450000,0.475000,2.725360e-01,-5.645761e-01
0.456250,0.475000,2.873122e-01,-5.416459e-01
0.462500,0.475000,3.020612e-01,-5.199051e-01
0.468750,0.475000,3.167838e-01,-4.992370e-01
0.475000,0.475000,3.430816e-01,-4.646026e-01
0.481250,0.475000,3.694088e-01,-4.324928e-01
0.487500,0.475000,3.950468e-01,-4.033515e-01
0.493750,0.475000,4.195238e-01,-3.772434e-01
0.500000,0.475000,0.000000e+00,-1.200000e+01
0.506250,0.475000,0.000000e+00,-1.200000e+01
0.512500,0.475000,0.000000e+00,-1.200000e+01
0.518750,0.475000,0.000000e+00,-1.200000e+01
0.525000,0.475000,0.000000e+00,-1.200000e+01
0.531250,0.475000,0.000000e+00,-1.200000e+01
0.537500,0.475000,0.000000e+00,-1.200000e+01
0.543750,0.475000,0.000000e+00,-1.200000e+01
0.550000,0.475000,0.000000e+00,-1.200000e+01
0.556250,0.475000,0.000000e+00,-1.200000e+01
0.562500,0.475000,0.000000e+00,-1.200000e+01
0.568750,0.475000,0.000000e+00,-1.200000e+01
0.575000,0.475000,0.000000e+00,-1.200000e+01
0.581250,0.475000,0.000000e+00,-1.200000e+01
0.587500,0.475000,0.000000e+00,-1.200000e+01
0.593750,0.475000,0.000000e+00,-1.200000e+01
0.600000,0.475000,0.000000e+00,-1.200000e+01
0.606250,0.475000,0.000000e+00,-1.200000e+01
0.612500,0.475000,0.000000e+00,-1.200000e+01
0.618750,0.475000,0.000000e+00,-1.200000e+01
0.625000,0.475000,0.000000e+00,-1.200000e+01
0.631250,0.475000,0.000000e+00,-1.200000e+01
0.637500,0.475000,0.000000e+00,-1.200000e+01
0.643750,0.475000,0.000000e+00,-1.200000e+01
0.650000,0.475000,0.000000e+00,-1.200000e+01
0.656250,0.475000,0.000000e+00,-1.200000e+01
0.662500,0.475000,0.000000e+00,-1.200000e+01
0.668750,0.475000,0.000000e+00,-1.200000e+01
0.675000,0.475000,0.000000e+00,-1.200000e+01
0.681250,0.475000,0.000000e+00,-1.200000e+01
0.687500,0.475000,0.000000e+00,-1.200000e+01
0.693750,0.475000,0.000000e+00,-1.200000e+01
0.700000,0.475000,0.000000e+00,-1.200000e+01
0.706250,0.475000,0.000000e+00,-1.200000e+01
0.712500,0.475000,0.000000e+00,-1.200000e+01
0.718750,0.475000,0.000000e+00,-1.200000e+01
0.725000,0.475000,0.000000e+00,-1.200000e+01
0.731250,0.475000,0.000000e+00,-1.200000e+01
0.737500,0.475000,0.000000e+00,-1.200000e+01
0.743750,0.475000,0.000000e+00,-1.200000e+01
0.750000,0.475000,0.000000e+00,-1.200000e+01
0.250000,0.481250,2.912965e-02,-1.535665e+00
0.256250,0.481250,2.578860e-02,-1.588572e+00
0.262500,0.481250,2.363675e-02,-1.626412e+00
0.268750,0.481250,2.301627e-02,-1.637965e+00
0.275000,0.481250,2.405202e-02,-1.618849e+00
0.281250,0.481250,2.655648e-02,-1.575829e+00
0.287500,0.481250,3.017114e-02,-1.520408e+00
0.293750,0.481250,3.455386e-02,-1.461503e+00
0.300000,0.481250,3.945360e-02,-1.403913e+00
0.306250,0.481250,4.489978e-02,-1.347756e+00
0.312500,0.481250,5.168033e-02,-1.286675e+00
0.318750,0.481250,5.879024e-02,-1.230695e+00
0.325000,0.481250,6.613369e-02,-1.179577e+00
0.331250,0.481250,7.365085e-02,-1.132822e+00
0.337500,0.481250,8.130328e-02,-1.089892e+00
0.343750,0.481250,8.906559e-02,-1.050290e+00
0.350000,0.481250,9.692064e-02,-1.013584e+00
0.356250,0.481250,1.048566e-01,-9.794040e-01
0.362500,0.481250,1.128654e-01,-9.474391e-01
0.368750,0.481250,1.209413e-01,-9.174255e-01
0.375000,0.481250,1.290802e-01,-8.891405e-01
0.381250,0.481250,1.372794e-01,-8.623946e-01
0.387500,0.481250,1.455372e-01,-8.370261e-01
0.393750,0.481250,1.538522e-01,-8.128962e-01
0.400000,0.481250,1.622240e-01,-7.898849e-01
0.406250,0.481250,1.706522e-01,-7.678882e-01
0.412500,0.481250,1.819514e-01,-7.400447e-01
0.418750,0.481250,1.971581e-01,-7.051853e-01
0.425000,0.481250,2.123817e-01,-6.728829e-01
0.431250,0.481250,2.276163e-01,-6.427966e-01
0.437500,0.481250,2.428575e-01,-6.146485e-01
0.443750,0.481250,2.581021e-01,-5.882085e-01
0.450000,0.481250,2.733474e-01,-5.632851e-01
0.456250,0.481250,2.885916e-01,-5.397164e-01
0.462500,0.481250,3.038330e-01,-5.173650e-01
0.468750,0.481250,3.190705e-01,-4.961133e-01
0.475000,0.481250,3.529101e-01,-4.523359e-01
0.481250,0.481250,3.872051e-01,-4.120589e-01
0.487500,0.481250,4.206241e-01,-3.761058e-01
0.493750,0.481250,4.541974e-01,-3.427554e-01
0.500000,0.481250,0.000000e+00,-1.200000e+01
0.506250,0.481250,0.000000e+00,-1.200000e+01
0.512500,0.481250,0.000000e+00,-1.200000e+01
0.518750,0.481250,0.000000e+00,-1.200000e+01
0.525000,0.481250,0.000000e+00,-1.200000e+01
0.531250,0.481250,0.000000e+00,-1.200000e+01
0.537500,0.481250,0.000000e+00,-1.200000e+01
0.543750,0.481250,0.000000e+00,-1.200000e+01
0.550000,0.481250,0.000000e+00,-1.200000e+01
0.556250,0.481250,0.000000e+00,-1.200000e+01
0.562500,0.481250,0.000000e+00,-1.200000e+01
0.568750,0.481250,0.000000e+00,-1.200000e+01
0.575000,0.481250,0.000000e+00,-1.200000e+01
0.581250,0.481250,0.000000e+00,-1.200000e+01
0.587500,0.481250,0.000000e+00,-1.200000e+01
0.593750,0.481250,0.000000e+00,-1.200000e+01
0.600000,0.481250,0.000000e+00,-1.200000e+01
0.606250,0.481250,0.000000e+00,-1.200000e+01
0.612500,0.481250,0.000000e+00,-1.200000e+01
0.618750,0.481250,0.000000e+00,-1.200000e+01
0.625000,0.481250,0.000000e+00,-1.200000e+01
0.631250,0.481250,0.000000e+00,-1.200000e+01
0.637500,0.481250,0.000000e+00,-1.200000e+01
0.643750,0.481250,0.000000e+00,-1.200000e+01
0.650000,0.481250,0.000000e+00,-1.200000e+01
0.656250,0.481250,0.000000e+00,-1.200000e+01
0.662500,0.481250,0.000000e+00,-1.200000e+01
0.668750,0.481250,0.000000e+00,-1.200000e+01
0.675000,0.481250,0.000000e+00,-1.200000e+01
0.681250,0.481250,0.000000e+00,-1.200000e+01
0.687500,0.481250,0.000000e+00,-1.200000e+01
0.693750,0.481250,0.000000e+00,-1.200000e+01
0.700000,0.481250,0.000000e+00,-1.200000e+01
0.706250,0.481250,0.000000e+00,-1.200000e+01
0.712500,0.481250,0.000000e+00,-1.200000e+01
0.718750,0.481250,0.000000e+00,-1.200000e+01
0.725000,0.481250,0.000000e+00,-1.200000e+01
0.731250,0.481250,0.000000e+00,-1.200000e+01
0.737500,0.481250,0.000000e+00,-1.200000e+01
0.743750,0.481250,0.000000e+00,-1.200000e+01
0.750000,0.481250,0.000000e+00,-1.200000e+01
0.250000,0.487500,2.950579e-02,-1.530093e+00
0.256250,0.487500,2.595667e-02,-1.585751e+00
0.262500,0.487500,2.352121e-02,-1.628540e+00
0.268750,0.487500,2.256970e-02,-1.646474e+00
0.275000,0.487500,2.329154e-02,-1.632802e+00
0.281250,0.487500,2.555163e-02,-1.592581e+00
0.287500,0.487500,2.899820e-02,-1.537629e+00
0.293750,0.487500,3.326968e-02,-1.477951e+00
0.300000,0.487500,3.809420e-02,-1.419141e+00
0.306250,0.487500,4.347121e-02,-1.361798e+00
0.312500,0.487500,5.012614e-02,-1.299936e+00
0.318750,0.487500,5.713005e-02,-1.243135e+00
0.325000,0.487500,6.438263e-02,-1.191231e+00
0.331250,0.487500,7.182179e-02,-1.143744e+00
0.337500,0.487500,7.940801e-02,-1.100136e+00
0.343750,0.487500,8.711553e-02,-1.059904e+00
0.350000,0.487500,9.492725e-02,-1.022609e+00
0.356250,0.487500,1.028317e-01,-9.878732e-01
0.362500,0.487500,1.108210e-01,-9.553781e-01
0.368750,0.487500,1.188900e-01,-9.248548e-01
0.375000,0.487500,1.270352e-01,-8.960760e-01
0.381250,0.487500,1.352545e-01,-8.688484e-01
0.387500,0.487500,1.435465e-01,-8.430072e-01
0.393750,0.487500,1.519109e-01,-8.184112e-01
0.400000,0.487500,1.603473e-01,-7.949383e-01
0.406250,0.487500,1.688563e-01,-7.724828e-01
0.412500,0.487500,1.802647e-01,-7.440894e-01
0.418750,0.487500,1.956391e-01,-7.085443e-01
0.425000,0.487500,2.110794e-01,-6.755542e-01
0.431250,0.487500,2.265762e-01,-6.447857e-01
0.437500,0.487500,2.421227e-01,-6.159645e-01
0.443750,0.487500,2.577137e-01,-5.888625e-01
0.450000,0.487500,2.733453e-01,-5.632884e-01
0.456250,0.487500,2.890143e-01,-5.390806e-01
0.462500,0.487500,3.047185e-01,-5.161012e-01
0.468750,0.487500,3.204559e-01,-4.942318e-01
0.475000,0.487500,3.631552e-01,-4.399078e-01
0.481250,0.487500,4.069918e-01,-3.904144e-01
0.487500,0.487500,4.498780e-01,-3.469053e-01
0.493750,0.487500,4.946836e-01,-3.056725e-01
0.500000,0.487500,0.000000e+00,-1.200000e+01
0.506250,0.487500,0.000000e+00,-1.200000e+01
0.512500,0.487500,0.000000e+00,-1.200000e+01
0.518750,0.487500,0.000000e+00,-1.200000e+01
0.525000,0.487500,0.000000e+00,-1.200000e+01
0.531250,0.487500,0.000000e+00,-1.200000e+01
0.537500,0.487500,0.000000e+00,-1.200000e+01
0.543750,0.487500,0.000000e+00,-1.200000e+01
0.550000,0.487500,0.000000e+00,-1.200000e+01
0.556250,0.487500,0.000000e+00,-1.200000e+01
0.562500,0.487500,0.000000e+00,-1.200000e+01
0.568750,0.487500,0.000000e+00,-1.200000e+01
0.575000,0.487500,0.000000e+00,-1.200000e+01
0.581250,0.487500,0.000000e+00,-1.200000e+01
0.587500,0.487500,0.000000e+00,-1.200000e+01
0.593750,0.487500,0.000000e+00,-1.200000e+01
0.600000,0.487500,0.000000e+00,-1.200000e+01
0.606250,0.487500,0.000000e+00,-1.200000e+01
0.612500,0.487500,0.000000e+00,-1.200000e+01
0.618750,0.487500,0.000000e+00,-1.200000e+01
0.625000,0.487500,0.000000e+00,-1.200000e+01
0.631250,0.487500,0.000000e+00,-1.200000e+01
0.637500,0.487500,0.000000e+00,-1.200000e+01
0.643750,0.487500,0.000000e+00,-1.200000e+01
0.650000,0.487500,0.000000e+00,-1.200000e+01
0.656250,0.487500,0.000000e+00,-1.200000e+01
0.662500,0.487500,0.000000e+00,-1.200000e+01
0.668750,0.487500,0.000000e+00,-1.200000e+01
0.675000,0.487500,0.000000e+00,-1.200000e+01
0.681250,0.487500,0.000000e+00,-1.200000e+01
0.687500,0.487500,0.000000e+00,-1.200000e+01
0.693750,0.487500,0.000000e+00,-1.200000e+01
0.700000,0.487500,0.000000e+00,-1.200000e+01
0.706250,0.487500,0.000000e+00,-1.200000e+01
0.712500,0.487500,0.000000e+00,-1.200000e+01
0.718750,0.487500,0.000000e+00,-1.200000e+01
0.725000,0.487500,0.000000e+00,-1.200000e+01
0.731250,0.487500,0.000000e+00,-1.200000e+01
0.737500,0.487500,0.000000e+00,-1.200000e+01
0.743750,0.487500,0.000000e+00,-1.200000e+01
0.750000,0.487500,0.000000e+00,-1.200000e+01
0.250000,0.493750,2.979717e-02,-1.525825e+00
0.256250,0.493750,2.603447e-02,-1.584451e+00
0.262500,0.493750,2.331383e-02,-1.632386e+00
0.268750,0.493750,2.203370e-02,-1.656913e+00
0.275000,0.493750,2.245095e-02,-1.648765e+00
0.281250,0.493750,2.448750e-02,-1.611056e+00
0.287500,0.493750,2.779739e-02,-1.555996e+00
0.293750,0.493750,3.199478e-02,-1.494921e+00
0.300000,0.493750,3.678336e-02,-1.434349e+00
0.306250,0.493750,4.212892e-02,-1.375420e+00
0.312500,0.493750,4.866946e-02,-1.312743e+00
0.318750,0.493750,5.555601e-02,-1.255269e+00
0.325000,0.493750,6.268872e-02,-1.202811e+00
0.331250,0.493750,7.000601e-02,-1.154865e+00
0.337500,0.493750,7.746881e-02,-1.110873e+00
0.343750,0.493750,8.505171e-02,-1.070317e+00
0.350000,0.493750,9.273781e-02,-1.032743e+00
0.356250,0.493750,1.005157e-01,-9.977659e-01
0.362500,0.493750,1.083778e-01,-9.650597e-01
0.368750,0.493750,1.163188e-01,-9.343503e-01
0.375000,0.493750,1.243351e-01,-9.054061e-01
0.381250,0.493750,1.324247e-01,-8.780310e-01
0.387500,0.493750,1.405862e-01,-8.520574e-01
0.393750,0.493750,1.488188e-01,-8.273422e-01
0.400000,0.493750,1.571224e-01,-8.037618e-01
0.406250,0.493750,1.654973e-01,-7.812092e-01
0.412500,0.493750,1.767217e-01,-7.527101e-01
0.418750,0.493750,1.920183e-01,-7.166574e-01
0.425000,0.493750,2.076122e-01,-6.827472e-01
0.431250,0.493750,2.234857e-01,-6.507503e-01
0.437500,0.493750,2.396296e-01,-6.204594e-01
0.443750,0.493750,2.560407e-01,-5.916910e-01
0.450000,0.493750,2.727196e-01,-5.642836e-01
0.456250,0.493750,2.896702e-01,-5.380961e-01
0.462500,0.493750,3.068985e-01,-5.130053e-01
0.468750,0.493750,3.244118e-01,-4.889034e-01
0.475000,0.493750,3.761998e-01,-4.245815e-01
0.481250,0.493750,4.324524e-01,-3.640617e-01
0.487500,0.493750,4.885891e-01,-3.110562e-01
0.493750,0.493750,5.603205e-01,-2.515635e-01
0.500000,0.493750,0.000000e+00,-1.200000e+01
0.506250,0.493750,0.000000e+00,-1.200000e+01
0.512500,0.493750,0.000000e+00,-1.200000e+01
0.518750,0.493750,0.000000e+00,-1.200000e+01
0.525000,0.493750,0.000000e+00,-1.200000e+01
0.531250,0.493750,0.000000e+00,-1.200000e+01
0.537500,0.493750,0.000000e+00,-1.200000e+01
0.543750,0.493750,0.000000e+00,-1.200000e+01
0.550000,0.493750,0.000000e+00,-1.200000e+01
0.556250,0.493750,0.000000e+00,-1.200000e+01
0.562500,0.493750,0.000000e+00,-1.200000e+01
0.568750,0.493750,0.000000e+00,-1.200000e+01
0.575000,0.493750,0.000000e+00,-1.200000e+01
0.581250,0.493750,0.000000e+00,-1.200000e+01
0.587500,0.493750,0.000000e+00,-1.200000e+01
0.593750,0.493750,0.000000e+00,-1.200000e+01
0.600000,0.493750,0.000000e+00,-1.200000e+01
0.606250,0.493750,0.000000e+00,-1.200000e+01
0.612500,0.493750,0.000000e+00,-1.200000e+01
0.618750,0.493750,0.000000e+00,-1.200000e+01
0.625000,0.493750,0.000000e+00,-1.200000e+01
0.631250,0.493750,0.000000e+00,-1.200000e+01
0.637500,0.493750,0.000000e+00,-1.200000e+01
0.643750,0.493750,0.000000e+00,-1.200000e+01
0.650000,0.493750,0.000000e+00,-1.200000e+01
0.656250,0.493750,0.000000e+00,-1.200000e+01
0.662500,0.493750,0.000000e+00,-1.200000e+01
0.668750,0.493750,0.000000e+00,-1.200000e+01
0.675000,0.493750,0.000000e+00,-1.200000e+01
0.681250,0.493750,0.000000e+00,-1.200000e+01
0.687500,0.493750,0.000000e+00,-1.200000e+01
0.693750,0.493750,0.000000e+00,-1.200000e+01
0.700000,0.493750,0.000000e+00,-1.200000e+01
0.706250,0.493750,0.000000e+00,-1.200000e+01
0.712500,0.493750,0.000000e+00,-1.200000e+01
0.718750,0.493750,0.000000e+00,-1.200000e+01
0.725000,0.493750,0.000000e+00,-1.200000e+01
0.731250,0.493750,0.000000e+00,-1.200000e+01
0.737500,0.493750,0.000000e+00,-1.200000e+01
0.743750,0.493750,0.000000e+00,-1.200000e+01
0.750000,0.493750,0.000000e+00,-1.200000e+01
0.250000,0.500000,2.933017e-02,-1.532685e+00
0.256250,0.500000,2.504383e-02,-1.601299e+00
0.262500,0.500000,2.163083e-02,-1.664927e+00
0.268750,0.500000,1.956318e-02,-1.708561e+00
0.275000,0.500000,1.928847e-02,-1.714702e+00
0.281250,0.500000,2.088699e-02,-1.680124e+00
0.287500,0.500000,2.399559e-02,-1.619869e+00
0.293750,0.500000,2.812530e-02,-1.550903e+00
0.300000,0.500000,3.290040e-02,-1.482799e+00
0.306250,0.500000,3.824092e-02,-1.417472e+00
0.312500,0.500000,4.473105e-02,-1.349391e+00
0.318750,0.500000,5.153723e-02,-1.287879e+00
0.325000,0.500000,5.856210e-02,-1.232383e+00
0.331250,0.500000,6.574782e-02,-1.182119e+00
0.337500,0.500000,7.305874e-02,-1.136328e+00
0.343750,0.500000,8.047216e-02,-1.094354e+00
0.350000,0.500000,8.797327e-02,-1.055649e+00
0.356250,0.500000,9.555225e-02,-1.019759e+00
0.362500,0.500000,1.032025e-01,-9.863097e-01
0.368750,0.500000,1.109197e-01,-9.549914e-01
0.375000,0.500000,1.187008e-01,-9.255462e-01
0.381250,0.500000,1.265442e-01,-8.977577e-01
0.387500,0.500000,1.344487e-01,-8.714434e-01
0.393750,0.500000,1.424138e-01,-8.464478e-01
0.400000,0.500000,1.504395e-01,-8.226381e-01
0.406250,0.500000,1.585259e-01,-7.998997e-01
0.412500,0.500000,1.692199e-01,-7.715486e-01
0.418750,0.500000,1.837448e-01,-7.357849e-01
0.425000,0.500000,1.986823e-01,-7.018409e-01
0.431250,0.500000,2.140216e-01,-6.695423e-01
0.437500,0.500000,2.297647e-01,-6.387167e-01
0.443750,0.500000,2.459217e-01,-6.092032e-01
0.450000,0.500000,2.625086e-01,-5.808564e-01
0.456250,0.500000,2.795455e-01,-5.535475e-01
0.462500,0.500000,2.970547e-01,-5.271636e-01
0.468750,0.500000,3.150602e-01,-5.016065e-01
0.475000,0.500000,3.655099e-01,-4.371009e-01
0.481250,0.500000,4.245865e-01,-3.720339e-01
0.487500,0.500000,4.882549e-01,-3.113534e-01
0.493750,0.500000,6.097703e-01,-2.148337e-01
0.500000,0.500000,2.049183e+00,3.115807e-01
0.506250,0.500000,6.451051e-01,-1.903695e-01
0.512500,0.500000,5.158457e-01,-2.874801e-01
0.518750,0.500000,4.669283e-01,-3.307498e-01
0.525000,0.500000,4.267824e-01,-3.697935e-01
0.531250,0.500000,3.954081e-01,-4.029545e-01
0.537500,0.500000,3.728053e-01,-4.285179e-01
0.543750,0.500000,3.589740e-01,-4.449370e-01
0.550000,0.500000,3.498447e-01,-4.561247e-01
0.556250,0.500000,3.412944e-01,-4.668708e-01
0.562500,0.500000,3.333231e-01,-4.771346e-01
0.568750,0.500000,3.259308e-01,-4.868746e-01
0.575000,0.500000,3.191174e-01,-4.960495e-01
0.581250,0.500000,3.128831e-01,-5.046180e-01
0.587500,0.500000,3.072277e-01,-5.125397e-01
0.593750,0.500000,3.021513e-01,-5.197756e-01
0.600000,0.500000,2.976539e-01,-5.262885e-01
0.606250,0.500000,2.937354e-01,-5.320437e-01
0.612500,0.500000,2.903960e-01,-5.370094e-01
0.618750,0.500000,2.876355e-01,-5.411575e-01
0.625000,0.500000,2.851816e-01,-5.448785e-01
0.631250,0.500000,2.827567e-01,-5.485871e-01
0.637500,0.500000,2.803608e-01,-5.522827e-01
0.643750,0.500000,2.779940e-01,-5.559646e-01
0.650000,0.500000,2.756562e-01,-5.596323e-01
0.656250,0.500000,2.733474e-01,-5.632851e-01
0.662500,0.500000,2.710676e-01,-5.669224e-01
0.668750,0.500000,2.688168e-01,-5.705436e-01
0.675000,0.500000,2.665951e-01,-5.741479e-01
0.681250,0.500000,2.644023e-01,-5.777347e-01
0.687500,0.500000,2.622386e-01,-5.813033e-01
0.693750,0.500000,2.601040e-01,-5.848530e-01
0.700000,0.500000,2.579983e-01,-5.883832e-01
0.706250,0.500000,2.559216e-01,-5.918930e-01
0.712500,0.500000,2.538740e-01,-5.953817e-01
0.718750,0.500000,2.518554e-01,-5.988487e-01
0.725000,0.500000,2.498635e-01,-6.022971e-01
0.731250,0.500000,2.478254e-01,-6.058542e-01
0.737500,0.500000,2.457063e-01,-6.095836e-01
0.743750,0.500000,2.435063e-01,-6.134897e-01
0.750000,0.500000,2.412254e-01,-6.175770e-01
0.250000,0.506250,3.017213e-02,-1.520394e+00
0.256250,0.506250,2.581079e-02,-1.588199e+00
0.262500,0.506250,2.224598e-02,-1.652748e+00
0.268750,0.506250,1.992007e-02,-1.700709e+00
0.275000,0.506250,1.929721e-02,-1.714505e+00
0.281250,0.506250,2.054336e-02,-1.687328e+00
0.287500,0.506250,2.337079e-02,-1.631327e+00
0.293750,0.506250,2.730082e-02,-1.563824e+00
0.300000,0.506250,3.193633e-02,-1.495715e+00
0.306250,0.506250,3.715816e-02,-1.429946e+00
0.312500,0.506250,4.346957e-02,-1.361815e+00
0.318750,0.506250,5.011877e-02,-1.300000e+00
0.325000,0.506250,5.700264e-02,-1.244105e+00
0.331250,0.506250,6.406000e-02,-1.193413e+00
0.337500,0.506250,7.125326e-02,-1.147195e+00
0.343750,0.506250,7.855862e-02,-1.104806e+00
0.350000,0.506250,8.596068e-02,-1.065700e+00
0.356250,0.506250,9.344934e-02,-1.029424e+00
0.362500,0.506250,1.010179e-01,-9.956016e-01
0.368750,0.506250,1.086621e-01,-9.639221e-01
0.375000,0.506250,1.163790e-01,-9.341254e-01
0.381250,0.506250,1.241671e-01,-9.059936e-01
0.387500,0.506250,1.320254e-01,-8.793424e-01
0.393750,0.506250,1.399538e-01,-8.540153e-01
0.400000,0.506250,1.479523e-01,-8.298781e-01
0.406250,0.506250,1.560215e-01,-8.068155e-01
0.412500,0.506250,1.664043e-01,-7.788354e-01
0.418750,0.506250,1.803040e-01,-7.439947e-01
0.425000,0.506250,1.947625e-01,-7.104947e-01
0.431250,0.506250,2.097783e-01,-6.782395e-01
0.437500,0.506250,2.253659e-01,-6.471118e-01
0.443750,0.506250,2.415508e-01,-6.169915e-01
0.450000,0.506250,2.583652e-01,-5.877659e-01
0.456250,0.506250,2.758459e-01,-5.593335e-01
0.462500,0.506250,2.940314e-01,-5.316063e-01
0.468750,0.506250,3.129613e-01,-5.045094e-01
0.475000,0.506250,3.523885e-01,-4.529783e-01
0.481250,0.506250,4.044735e-01,-3.931099e-01
0.487500,0.506250,4.687020e-01,-3.291032e-01
0.493750,0.506250,5.372408e-01,-2.698310e-01
0.500000,0.506250,6.439687e-01,-1.911352e-01
0.506250,0.506250,5.619544e-01,-2.502989e-01
0.512500,0.506250,4.947497e-01,-3.056145e-01
0.518750,0.506250,4.513368e-01,-3.454992e-01
0.525000,0.506250,4.152830e-01,-3.816558e-01
0.531250,0.506250,3.866544e-01,-4.126771e-01
0.537500,0.506250,3.655270e-01,-4.370805e-01
0.543750,0.506250,3.519753e-01,-4.534879e-01
0.550000,0.506250,3.427827e-01,-4.649811e-01
0.556250,0.506250,3.341787e-01,-4.760213e-01
0.562500,0.506250,3.261624e-01,-4.865661e-01
0.568750,0.506250,3.187339e-01,-4.965717e-01
0.575000,0.506250,3.118933e-01,-5.059940e-01
0.581250,0.506250,3.056405e-01,-5.147891e-01
0.587500,0.506250,2.999757e-01,-5.229139e-01
0.593750,0.506250,2.948989e-01,-5.303268e-01
0.600000,0.506250,2.904102e-01,-5.369882e-01
0.606250,0.506250,2.865095e-01,-5.428610e-01
0.612500,0.506250,2.831970e-01,-5.479113e-01
0.618750,0.506250,2.804727e-01,-5.521094e-01
0.625000,0.506250,2.780612e-01,-5.558597e-01
0.631250,0.506250,2.756742e-01,-5.596039e-01
0.637500,0.506250,2.733117e-01,-5.633417e-01
0.643750,0.506250,2.709738e-01,-5.670726e-01
0.650000,0.506250,2.686605e-01,-5.707962e-01
0.656250,0.506250,2.663717e-01,-5.745119e-01
0.662500,0.506250,2.641075e-01,-5.782193e-01
0.668750,0.506250,2.618678e-01,-5.819179e-01
0.675000,0.506250,2.596527e-01,-5.856072e-01
0.681250,0.506250,2.574621e-01,-5.892867e-01
0.687500,0.506250,2.552961e-01,-5.929559e-01
0.693750,0.506250,2.531546e-01,-5.966142e-01
0.700000,0.506250,2.510377e-01,-6.002611e-01
0.706250,0.506250,2.489453e-01,-6.038961e-01
0.712500,0.506250,2.468775e-01,-6.075185e-01
0.718750,0.506250,2.448342e-01,-6.111279e-01
0.725000,0.506250,2.428136e-01,-6.147270e-01
0.731250,0.506250,2.407497e-01,-6.184342e-01
0.737500,0.506250,2.386099e-01,-6.223115e-01
0.743750,0.506250,2.363942e-01,-6.263631e-01
0.750000,0.506250,2.341026e-01,-6.305937e-01
0.250000,0.512500,3.103051e-02,-1.508211e+00
0.256250,0.512500,2.659778e-02,-1.575155e+00
0.262500,0.512500,2.288608e-02,-1.640429e+00
0.268750,0.512500,2.030574e-02,-1.692381e+00
0.275000,0.512500,1.932747e-02,-1.713825e+00
0.281250,0.512500,2.019741e-02,-1.694704e+00
0.287500,0.512500,2.271504e-02,-1.643686e+00
0.293750,0.512500,2.642314e-02,-1.578016e+00
0.300000,0.512500,3.090470e-02,-1.509975e+00
0.306250,0.512500,3.600173e-02,-1.443677e+00
0.312500,0.512500,4.214236e-02,-1.375281e+00
0.318750,0.512500,4.864161e-02,-1.312992e+00
0.325000,0.512500,5.539006e-02,-1.256568e+00
0.331250,0.512500,6.232282e-02,-1.205353e+00
0.337500,0.512500,6.940015e-02,-1.158640e+00
0.343750,0.512500,7.659700e-02,-1.115788e+00
0.350000,0.512500,8.389718e-02,-1.076253e+00
0.356250,0.512500,9.129015e-02,-1.039576e+00
0.362500,0.512500,9.876898e-02,-1.005379e+00
0.368750,0.512500,1.063292e-01,-9.733476e-01
0.375000,0.512500,1.139679e-01,-9.432175e-01
0.381250,0.512500,1.216835e-01,-9.147684e-01
0.387500,0.512500,1.294751e-01,-8.878137e-01
0.393750,0.512500,1.373426e-01,-8.621948e-01
0.400000,0.512500,1.452861e-01,-8.377759e-01
0.406250,0.512500,1.533063e-01,-8.144401e-01
0.412500,0.512500,1.631681e-01,-7.873647e-01
0.418750,0.512500,1.759680e-01,-7.545663e-01
0.425000,0.512500,1.894449e-01,-7.225170e-01
0.431250,0.512500,2.036108e-01,-6.911992e-01
0.437500,0.512500,2.184951e-01,-6.605582e-01
0.443750,0.512500,2.341391e-01,-6.305261e-01
0.450000,0.512500,2.505906e-01,-6.010352e-01
0.456250,0.512500,2.679012e-01,-5.720254e-01
0.462500,0.512500,2.861231e-01,-5.434470e-01
0.468750,0.512500,3.053080e-01,-5.152618e-01
0.475000,0.512500,3.326484e-01,-4.780146e-01
0.481250,0.512500,3.704277e-01,-4.312966e-01
0.487500,0.512500,4.197061e-01,-3.770547e-01
0.493750,0.512500,4.725747e-01,-3.255295e-01
0.500000,0.512500,4.910414e-01,-3.088818e-01
0.506250,0.512500,4.840799e-01,-3.150829e-01
0.512500,0.512500,4.452569e-01,-3.513893e-01
0.518750,0.512500,4.177271e-01,-3.791073e-01
0.525000,0.512500,3.937773e-01,-4.047493e-01
0.531250,0.512500,3.735136e-01,-4.276936e-01
0.537500,0.512500,3.570494e-01,-4.472717e-01
0.543750,0.512500,3.444951e-01,-4.628169e-01
0.550000,0.512500,3.350078e-01,-4.749451e-01
0.556250,0.512500,3.261535e-01,-4.865780e-01
0.562500,0.512500,3.179300e-01,-4.976685e-01
0.568750,0.512500,3.103377e-01,-5.081655e-01
0.575000,0.512500,3.033769e-01,-5.180175e-01
0.581250,0.512500,2.970479e-01,-5.271735e-01
0.587500,0.512500,2.913511e-01,-5.355833e-01
0.593750,0.512500,2.862869e-01,-5.431986e-01
0.600000,0.512500,2.818556e-01,-5.499734e-01
0.606250,0.512500,2.780575e-01,-5.558653e-01
0.612500,0.512500,2.748931e-01,-5.608361e-01
0.618750,0.512500,2.723626e-01,-5.648526e-01
0.625000,0.512500,2.701742e-01,-5.683561e-01
0.631250,0.512500,2.679926e-01,-5.718771e-01
0.637500,0.512500,2.658178e-01,-5.754159e-01
0.643750,0.512500,2.636497e-01,-5.789727e-01
0.650000,0.512500,2.614884e-01,-5.825476e-01
0.656250,0.512500,2.593337e-01,-5.861410e-01
0.662500,0.512500,2.571858e-01,-5.897529e-01
0.668750,0.512500,2.550447e-01,-5.933837e-01
0.675000,0.512500,2.529103e-01,-5.970335e-01
0.681250,0.512500,2.507826e-01,-6.007026e-01
0.687500,0.512500,2.486616e-01,-6.043912e-01
0.693750,0.512500,2.465474e-01,-6.080996e-01
0.700000,0.512500,2.444399e-01,-6.118279e-01
0.706250,0.512500,2.423392e-01,-6.155764e-01
0.712500,0.512500,2.402452e-01,-6.193454e-01
0.718750,0.512500,2.381579e-01,-6.231350e-01
0.725000,0.512500,2.360765e-01,-6.269473e-01
0.731250,0.512500,2.339532e-01,-6.308710e-01
0.737500,0.512500,2.317613e-01,-6.349591e-01
0.743750,0.512500,2.295008e-01,-6.392157e-01
0.750000,0.512500,2.271718e-01,-6.436456e-01
0.250000,0.518750,3.194939e-02,-1.495537e+00
0.256250,0.518750,2.745199e-02,-1.561426e+00
0.262500,0.518750,2.359893e-02,-1.627108e+00
0.268750,0.518750,2.076296e-02,-1.682711e+00
0.275000,0.518750,1.940740e-02,-1.712033e+00
0.281250,0.518750,1.985026e-02,-1.702234e+00
0.287500,0.518750,2.199456e-02,-1.657685e+00
0.293750,0.518750,2.542349e-02,-1.594765e+00
0.300000,0.518750,2.970448e-02,-1.527178e+00
0.306250,0.518750,3.463706e-02,-1.460459e+00
0.312500,0.518750,4.057416e-02,-1.391750e+00
0.318750,0.518750,4.690170e-02,-1.328811e+00
0.325000,0.518750,5.350136e-02,-1.271635e+00
0.331250,0.518750,6.030323e-02,-1.219659e+00
0.337500,0.518750,6.726480e-02,-1.172212e+00
0.343750,0.518750,7.435955e-02,-1.128663e+00
0.350000,0.518750,8.157061e-02,-1.088466e+00
0.356250,0.518750,8.888718e-02,-1.051161e+00
0.362500,0.518750,9.630234e-02,-1.016363e+00
0.368750,0.518750,1.038118e-01,-9.837532e-01
0.375000,0.518750,1.114131e-01,-9.530638e-01
0.381250,0.518750,1.191048e-01,-9.240706e-01
0.387500,0.518750,1.268867e-01,-8.965839e-01
0.393750,0.518750,1.347589e-01,-8.704426e-01
0.400000,0.518750,1.427221e-01,-8.455089e-01
0.406250,0.518750,1.507772e-01,-8.216643e-01
0.412500,0.518750,1.602194e-01,-7.952850e-01
0.418750,0.518750,1.719634e-01,-7.645641e-01
0.425000,0.518750,1.844041e-01,-7.342295e-01
0.431250,0.518750,1.975611e-01,-7.042985e-01
0.437500,0.518750,2.114684e-01,-6.747546e-01
0.443750,0.518750,2.261687e-01,-6.455675e-01
0.450000,0.518750,2.417101e-01,-6.167053e-01
0.456250,0.518750,2.581425e-01,-5.881405e-01
0.462500,0.518750,2.755158e-01,-5.598534e-01
0.468750,0.518750,2.938785e-01,-5.318321e-01
0.475000,0.518750,3.116441e-01,-5.063411e-01
0.481250,0.518750,3.366204e-01,-4.728595e-01
0.487500,0.518750,3.704733e-01,-4.312431e-01
0.493750,0.518750,4.086960e-01,-3.885996e-01
0.500000,0.518750,4.328909e-01,-3.636216e-01
0.506250,0.518750,4.326011e-01,-3.639124e-01
0.512500,0.518750,4.073213e-01,-3.900629e-01
0.518750,0.518750,3.877257e-01,-4.114754e-01
0.525000,0.518750,3.701007e-01,-4.316801e-01
0.531250,0.518750,3.545602e-01,-4.503101e-01
0.537500,0.518750,3.412229e-01,-4.669618e-01
0.543750,0.518750,3.302062e-01,-4.812148e-01
0.550000,0.518750,3.219803e-01,-4.921707e-01
0.556250,0.518750,3.142703e-01,-5.026967e-01
0.562500,0.518750,3.070724e-01,-5.127592e-01
0.568750,0.518750,3.003873e-01,-5.223184e-01
0.575000,0.518750,2.942158e-01,-5.313340e-01
0.581250,0.518750,2.885586e-01,-5.397660e-01
0.587500,0.518750,2.834165e-01,-5.475749e-01
0.593750,0.518750,2.787903e-01,-5.547224e-01
0.600000,0.518750,2.746806e-01,-5.611719e-01
0.606250,0.518750,2.710884e-01,-5.668891e-01
0.612500,0.518750,2.680142e-01,-5.718422e-01
0.618750,0.518750,2.654586e-01,-5.760031e-01
0.625000,0.518750,2.632144e-01,-5.796904e-01
0.631250,0.518750,2.609830e-01,-5.833877e-01
0.637500,0.518750,2.587644e-01,-5.870955e-01
0.643750,0.518750,2.565584e-01,-5.908137e-01
0.650000,0.518750,2.543652e-01,-5.945423e-01
0.656250,0.518750,2.521846e-01,-5.982814e-01
0.662500,0.518750,2.500168e-01,-6.020308e-01
0.668750,0.518750,2.478616e-01,-6.057907e-01
0.675000,0.518750,2.457192e-01,-6.095609e-01
0.681250,0.518750,2.435894e-01,-6.133415e-01
0.687500,0.518750,2.414724e-01,-6.171325e-01
0.693750,0.518750,2.393681e-01,-6.209338e-01
0.700000,0.518750,2.372764e-01,-6.247454e-01
0.706250,0.518750,2.351975e-01,-6.285673e-01
0.712500,0.518750,2.331313e-01,-6.323995e-01
0.718750,0.518750,2.310777e-01,-6.362419e-01
0.725000,0.518750,2.290367e-01,-6.400948e-01
0.731250,0.518750,2.269579e-01,-6.440546e-01
0.737500,0.518750,2.248090e-01,-6.481863e-01
0.743750,0.518750,2.225899e-01,-6.524945e-01
0.750000,0.518750,2.203007e-01,-6.569841e-01
0.250000,0.525000,3.289462e-02,-1.482875e+00
0.256250,0.525000,2.834471e-02,-1.547528e+00
0.262500,0.525000,2.437035e-02,-1.613138e+00
0.268750,0.525000,2.130673e-02,-1.671483e+00
0.275000,0.525000,1.959794e-02,-1.707790e+00
0.281250,0.525000,1.961401e-02,-1.707434e+00
0.287500,0.525000,2.136296e-02,-1.670339e+00
0.293750,0.525000,2.448690e-02,-1.611066e+00
0.300000,0.525000,2.854742e-02,-1.544433e+00
0.306250,0.525000,3.330038e-02,-1.477551e+00
0.312500,0.525000,3.901278e-02,-1.408793e+00
0.318750,0.525000,4.514850e-02,-1.345357e+00
0.325000,0.525000,5.158044e-02,-1.287515e+00
0.331250,0.525000,5.823366e-02,-1.234826e+00
0.337500,0.525000,6.506285e-02,-1.186667e+00
0.343750,0.525000,7.204005e-02,-1.142426e+00
0.350000,0.525000,7.914772e-02,-1.101562e+00
0.356250,0.525000,8.637484e-02,-1.063613e+00
0.362500,0.525000,9.371460e-02,-1.028193e+00
0.368750,0.525000,1.011630e-01,-9.949785e-01
0.375000,0.525000,1.087178e-01,-9.636995e-01
0.381250,0.525000,1.163781e-01,-9.341286e-01
0.387500,0.525000,1.241442e-01,-9.060737e-01
0.393750,0.525000,1.320165e-01,-8.793717e-01
0.400000,0.525000,1.399964e-01,-8.538831e-01
0.406250,0.525000,1.480853e-01,-8.294881e-01
0.412500,0.525000,1.571464e-01,-8.036956e-01
0.418750,0.525000,1.679290e-01,-7.748744e-01
0.425000,0.525000,1.794304e-01,-7.461040e-01
0.431250,0.525000,1.916771e-01,-7.174297e-01
0.437500,0.525000,2.047068e-01,-6.888678e-01
0.443750,0.525000,2.185634e-01,-6.604226e-01
0.450000,0.525000,2.332943e-01,-6.320959e-01
0.456250,0.525000,2.489475e-01,-6.038922e-01
0.462500,0.525000,2.655699e-01,-5.758211e-01
0.468750,0.525000,2.832060e-01,-5.478975e-01
0.475000,0.525000,2.951416e-01,-5.299696e-01
0.481250,0.525000,3.109394e-01,-5.073243e-01
0.487500,0.525000,3.322198e-01,-4.785745e-01
0.493750,0.525000,3.563884e-01,-4.480765e-01
0.500000,0.525000,3.784494e-01,-4.219922e-01
0.506250,0.525000,3.807792e-01,-4.193268e-01
0.512500,0.525000,3.683487e-01,-4.337409e-01
0.518750,0.525000,3.568939e-01,-4.474608e-01
0.525000,0.525000,3.458784e-01,-4.610766e-01
0.531250,0.525000,3.353603e-01,-4.744883e-01
0.537500,0.525000,3.254041e-01,-4.875770e-01
0.543750,0.525000,3.160802e-01,-5.002027e-01
0.550000,0.525000,3.090993e-01,-5.099019e-01
0.556250,0.525000,3.025178e-01,-5.192490e-01
0.562500,0.525000,2.963308e-01,-5.282232e-01
0.568750,0.525000,2.905393e-01,-5.367951e-01
0.575000,0.525000,2.851444e-01,-5.449351e-01
0.581250,0.525000,2.801473e-01,-5.526136e-01
0.587500,0.525000,2.755490e-01,-5.598011e-01
0.593750,0.525000,2.713507e-01,-5.664690e-01
0.600000,0.525000,2.675535e-01,-5.725893e-01
0.606250,0.525000,2.641585e-01,-5.781355e-01
0.612500,0.525000,2.611666e-01,-5.830824e-01
0.618750,0.525000,2.585787e-01,-5.874072e-01
0.625000,0.525000,2.562784e-01,-5.912880e-01
0.631250,0.525000,2.539970e-01,-5.951713e-01
0.637500,0.525000,2.517344e-01,-5.990575e-01
0.643750,0.525000,2.494904e-01,-6.029462e-01
0.650000,0.525000,2.472650e-01,-6.068373e-01
0.656250,0.525000,2.450583e-01,-6.107305e-01
0.662500,0.525000,2.428703e-01,-6.146255e-01
0.668750,0.525000,2.407010e-01,-6.185221e-01
0.675000,0.525000,2.385503e-01,-6.224200e-01
0.681250,0.525000,2.364183e-01,-6.263189e-01
0.687500,0.525000,2.343049e-01,-6.302186e-01
0.693750,0.525000,2.322103e-01,-6.341186e-01
0.700000,0.525000,2.301342e-01,-6.380188e-01
0.706250,0.525000,2.280769e-01,-6.419187e-01
0.712500,0.525000,2.260382e-01,-6.458182e-01
0.718750,0.525000,2.240182e-01,-6.497167e-01
0.725000,0.525000,2.220178e-01,-6.536123e-01
0.731250,0.525000,2.199852e-01,-6.576065e-01
0.737500,0.525000,2.178811e-01,-6.617805e-01
0.743750,0.525000,2.157054e-01,-6.661391e-01
0.750000,0.525000,2.134581e-01,-6.706874e-01
0.250000,0.531250,3.386461e-02,-1.470254e+00
0.256250,0.531250,2.927323e-02,-1.533529e+00
0.262500,0.531250,2.519597e-02,-1.598669e+00
0.268750,0.531250,2.193190e-02,-1.658924e+00
0.275000,0.531250,1.989746e-02,-1.701202e+00
0.281250,0.531250,1.949442e-02,-1.710090e+00
0.287500,0.531250,2.083009e-02,-1.681309e+00
0.293750,0.531250,2.362254e-02,-1.626673e+00
0.300000,0.531250,2.744053e-02,-1.561608e+00
0.306250,0.531250,3.199721e-02,-1.494888e+00
0.312500,0.531250,3.746426e-02,-1.426383e+00
0.318750,0.531250,4.338843e-02,-1.362626e+00
0.325000,0.531250,4.963419e-02,-1.304219e+00
0.331250,0.531250,5.612159e-02,-1.250870e+00
0.337500,0.531250,6.280254e-02,-1.202023e+00
0.343750,0.531250,6.964765e-02,-1.157094e+00
0.350000,0.531250,7.663872e-02,-1.115552e+00
0.356250,0.531250,8.376459e-02,-1.076940e+00
0.362500,0.531250,9.101857e-02,-1.040870e+00
0.368750,0.531250,9.839691e-02,-1.007019e+00
0.375000,0.531250,1.058979e-01,-9.751127e-01
0.381250,0.531250,1.135211e-01,-9.449234e-01
0.387500,0.531250,1.212671e-01,-9.162570e-01
0.393750,0.531250,1.291371e-01,-8.889490e-01
0.400000,0.531250,1.371328e-01,-8.628587e-01
0.406250,0.531250,1.452562e-01,-8.378654e-01
0.412500,0.531250,1.539783e-01,-8.125403e-01
0.418750,0.531250,1.638995e-01,-7.854224e-01
0.425000,0.531250,1.745642e-01,-7.580447e-01
0.431250,0.531250,1.860051e-01,-7.304752e-01
0.437500,0.531250,1.982623e-01,-7.027599e-01
0.443750,0.531250,2.113804e-01,-6.749353e-01
0.450000,0.531250,2.254053e-01,-6.470358e-01
0.456250,0.531250,2.403824e-01,-6.190974e-01
0.462500,0.531250,2.563546e-01,-5.911589e-01
0.468750,0.531250,2.733621e-01,-5.632617e-01
0.475000,0.531250,2.827781e-01,-5.485542e-01
0.481250,0.531250,2.924300e-01,-5.339781e-01
0.487500,0.531250,3.034450e-01,-5.179200e-01
0.493750,0.531250,3.140360e-01,-5.030206e-01
0.500000,0.531250,3.277610e-01,-4.844427e-01
0.506250,0.531250,3.285773e-01,-4.833625e-01
0.512500,0.531250,3.269267e-01,-4.855497e-01
0.518750,0.531250,3.241766e-01,-4.892184e-01
0.525000,0.531250,3.203725e-01,-4.943447e-01
0.531250,0.531250,3.154411e-01,-5.010818e-01
0.537500,0.531250,3.093350e-01,-5.095709e-01
0.543750,0.531250,3.020339e-01,-5.199443e-01
0.550000,0.531250,2.962913e-01,-5.282811e-01
0.556250,0.531250,2.908318e-01,-5.363580e-01
0.562500,0.531250,2.856502e-01,-5.441654e-01
0.568750,0.531250,2.807476e-01,-5.516839e-01
0.575000,0.531250,2.761254e-01,-5.588937e-01
0.581250,0.531250,2.717847e-01,-5.657750e-01
0.587500,0.531250,2.677270e-01,-5.723079e-01
0.593750,0.531250,2.639534e-01,-5.784727e-01
0.600000,0.531250,2.604654e-01,-5.842499e-01
0.606250,0.531250,2.572641e-01,-5.896208e-01
0.612500,0.531250,2.543507e-01,-5.945670e-01
0.618750,0.531250,2.517264e-01,-5.990713e-01
0.625000,0.531250,2.493696e-01,-6.031565e-01
0.631250,0.531250,2.470379e-01,-6.072363e-01
0.637500,0.531250,2.447309e-01,-6.113112e-01
0.643750,0.531250,2.424485e-01,-6.153805e-01
0.650000,0.531250,2.401907e-01,-6.194438e-01
0.656250,0.531250,2.379575e-01,-6.235005e-01
0.662500,0.531250,2.357490e-01,-6.275501e-01
0.668750,0.531250,2.335651e-01,-6.315921e-01
0.675000,0.531250,2.314058e-01,-6.356258e-01
0.681250,0.531250,2.292711e-01,-6.396506e-01
0.687500,0.531250,2.271611e-01,-6.436661e-01
0.693750,0.531250,2.250757e-01,-6.476715e-01
0.700000,0.531250,2.230149e-01,-6.516662e-01
0.706250,0.531250,2.209787e-01,-6.556496e-01
0.712500,0.531250,2.189671e-01,-6.596210e-01
0.718750,0.531250,2.169802e-01,-6.635799e-01
0.725000,0.531250,2.150204e-01,-6.675203e-01
0.731250,0.531250,2.130361e-01,-6.715468e-01
0.737500,0.531250,2.109788e-01,-6.757611e-01
0.743750,0.531250,2.088486e-01,-6.801683e-01
0.750000,0.531250,2.066456e-01,-6.847738e-01
0.250000,0.537500,3.471765e-02,-1.459450e+00
0.256250,0.537500,3.005424e-02,-1.522094e+00
0.262500,0.537500,2.583832e-02,-1.587736e+00
0.268750,0.537500,2.233525e-02,-1.651009e+00
0.275000,0.537500,1.993675e-02,-1.700346e+00
0.281250,0.537500,1.907765e-02,-1.719475e+00
0.287500,0.537500,1.997095e-02,-1.699601e+00
0.293750,0.537500,2.242026e-02,-1.649359e+00
0.300000,0.537500,2.600030e-02,-1.585022e+00
0.306250,0.537500,3.037412e-02,-1.517496e+00
0.312500,0.537500,3.560096e-02,-1.448538e+00
0.318750,0.537500,4.130113e-02,-1.384038e+00
0.325000,0.537500,4.733347e-02,-1.324832e+00
0.331250,0.537500,5.361484e-02,-1.270715e+00
0.337500,0.537500,6.009545e-02,-1.221158e+00
0.343750,0.537500,6.674499e-02,-1.175581e+00
0.350000,0.537500,7.354479e-02,-1.133448e+00
0.356250,0.537500,8.048345e-02,-1.094293e+00
0.362500,0.537500,8.755417e-02,-1.057723e+00
0.368750,0.537500,9.475319e-02,-1.023406e+00
0.375000,0.537500,1.020788e-01,-9.910646e-01
0.381250,0.537500,1.095306e-01,-9.604646e-01
0.387500,0.537500,1.171092e-01,-9.314090e-01
0.393750,0.537500,1.248159e-01,-9.037302e-01
0.400000,0.537500,1.326524e-01,-8.772850e-01
0.406250,0.537500,1.406207e-01,-8.519508e-01
0.412500,0.537500,1.488444e-01,-8.272675e-01
0.418750,0.537500,1.577609e-01,-8.020007e-01
0.425000,0.537500,1.673838e-01,-7.762865e-01
0.431250,0.537500,1.777469e-01,-7.501981e-01
0.437500,0.537500,1.888887e-01,-7.237941e-01
0.443750,0.537500,2.008503e-01,-6.971276e-01
0.450000,0.537500,2.136728e-01,-6.702507e-01
0.456250,0.537500,2.273961e-01,-6.432170e-01
0.462500,0.537500,2.420574e-01,-6.160816e-01
0.468750,0.537500,2.576910e-01,-5.889008e-01
0.475000,0.537500,2.665822e-01,-5.741689e-01
0.481250,0.537500,2.750457e-01,-5.605952e-01
0.487500,0.537500,2.839701e-01,-5.467273e-01
0.493750,0.537500,2.920240e-01,-5.345814e-01
0.500000,0.537500,3.035814e-01,-5.177249e-01
0.506250,0.537500,3.047923e-01,-5.159960e-01
0.512500,0.537500,3.054794e-01,-5.150181e-01
0.518750,0.537500,3.049659e-01,-5.157487e-01
0.525000,0.537500,3.031357e-01,-5.183628e-01
0.531250,0.537500,2.998920e-01,-5.230351e-01
0.537500,0.537500,2.951659e-01,-5.299338e-01
0.543750,0.537500,2.889151e-01,-5.392298e-01
0.550000,0.537500,2.839616e-01,-5.467404e-01
0.556250,0.537500,2.792268e-01,-5.540429e-01
0.562500,0.537500,2.747057e-01,-5.611324e-01
0.568750,0.537500,2.703996e-01,-5.679940e-01
0.575000,0.537500,2.663099e-01,-5.746127e-01
0.581250,0.537500,2.624380e-01,-5.809732e-01
0.587500,0.537500,2.587855e-01,-5.870601e-01
0.593750,0.537500,2.553536e-01,-5.928580e-01
0.600000,0.537500,2.521439e-01,-5.983516e-01
0.606250,0.537500,2.491576e-01,-6.035258e-01
0.612500,0.537500,2.463962e-01,-6.083660e-01
0.618750,0.537500,2.438609e-01,-6.128578e-01
0.625000,0.537500,2.415975e-01,-6.169076e-01
0.631250,0.537500,2.393562e-01,-6.209553e-01
0.637500,0.537500,2.371364e-01,-6.250018e-01
0.643750,0.537500,2.349380e-01,-6.290468e-01
0.650000,0.537500,2.327610e-01,-6.330898e-01
0.656250,0.537500,2.306055e-01,-6.371304e-01
0.662500,0.537500,2.284714e-01,-6.411681e-01
0.668750,0.537500,2.263588e-01,-6.452027e-01
0.675000,0.537500,2.242676e-01,-6.492335e-01
0.681250,0.537500,2.221978e-01,-6.532602e-01
0.687500,0.537500,2.201495e-01,-6.572823e-01
0.693750,0.537500,2.181226e-01,-6.612993e-01
0.700000,0.537500,2.161172e-01,-6.653107e-01
0.706250,0.537500,2.141332e-01,-6.693160e-01
0.712500,0.537500,2.121707e-01,-6.733147e-01
0.718750,0.537500,2.102296e-01,-6.773062e-01
0.725000,0.537500,2.083147e-01,-6.812801e-01
0.731250,0.537500,2.063832e-01,-6.853257e-01
0.737500,0.537500,2.043793e-01,-6.895630e-01
0.743750,0.537500,2.023032e-01,-6.939972e-01
0.750000,0.537500,2.001549e-01,-6.986338e-01
0.250000,0.543750,3.557436e-02,-1.448863e+00
0.256250,0.543750,3.084608e-02,-1.510800e+00
0.262500,0.543750,2.650326e-02,-1.576701e+00
0.268750,0.543750,2.277794e-02,-1.642485e+00
0.275000,0.543750,2.003031e-02,-1.698312e+00
0.281250,0.543750,1.871037e-02,-1.727918e+00
0.287500,0.543750,1.913036e-02,-1.718277e+00
0.293750,0.543750,2.120036e-02,-1.673657e+00
0.300000,0.543750,2.451775e-02,-1.610519e+00
0.306250,0.543750,2.869735e-02,-1.542158e+00
0.312500,0.543750,3.368412e-02,-1.472575e+00
0.318750,0.543750,3.915913e-02,-1.407167e+00
0.325000,0.543750,4.497503e-02,-1.347029e+00
0.331250,0.543750,5.104530e-02,-1.292044e+00
0.337500,0.543750,5.731828e-02,-1.241707e+00
0.343750,0.543750,6.376263e-02,-1.195434e+00
0.350000,0.543750,7.035911e-02,-1.152680e+00
0.356250,0.543750,7.709596e-02,-1.112968e+00
0.362500,0.543750,8.396617e-02,-1.075896e+00
0.368750,0.543750,9.096584e-02,-1.041122e+00
0.375000,0.543750,9.809311e-02,-1.008362e+00
0.381250,0.543750,1.053475e-01,-9.773756e-01
0.387500,0.543750,1.127296e-01,-9.479619e-01
0.393750,0.543750,1.202406e-01,-9.199488e-01
0.400000,0.543750,1.278821e-01,-8.931902e-01
0.406250,0.543750,1.356561e-01,-8.675608e-01
0.412500,0.543750,1.433897e-01,-8.434821e-01
0.418750,0.543750,1.513689e-01,-8.199634e-01
0.425000,0.543750,1.600002e-01,-7.958794e-01
0.431250,0.543750,1.693161e-01,-7.713019e-01
0.437500,0.543750,1.793517e-01,-7.462946e-01
0.443750,0.543750,1.901432e-01,-7.209193e-01
0.450000,0.543750,2.017260e-01,-6.952381e-01
0.456250,0.543750,2.141338e-01,-6.693148e-01
0.462500,0.543750,2.273977e-01,-6.432139e-01
0.468750,0.543750,2.415459e-01,-6.170003e-01
0.475000,0.543750,2.499199e-01,-6.021992e-01
0.481250,0.543750,2.579020e-01,-5.885453e-01
0.487500,0.543750,2.662495e-01,-5.747112e-01
0.493750,0.543750,2.740442e-01,-5.621793e-01
0.500000,0.543750,2.854061e-01,-5.445367e-01
0.506250,0.543750,2.877575e-01,-5.409734e-01
0.512500,0.543750,2.891244e-01,-5.389152e-01
0.518750,0.543750,2.891907e-01,-5.388157e-01
0.525000,0.543750,2.879890e-01,-5.406241e-01
0.531250,0.543750,2.854341e-01,-5.444942e-01
0.537500,0.543750,2.814629e-01,-5.505789e-01
0.543750,0.543750,2.760326e-01,-5.590397e-01
0.550000,0.543750,2.717646e-01,-5.658071e-01
0.556250,0.543750,2.676630e-01,-5.724117e-01
0.562500,0.543750,2.637231e-01,-5.788519e-01
0.568750,0.543750,2.599463e-01,-5.851163e-01
0.575000,0.543750,2.563342e-01,-5.911934e-01
0.581250,0.543750,2.528882e-01,-5.970714e-01
0.587500,0.543750,2.496098e-01,-6.027384e-01
0.593750,0.543750,2.465004e-01,-6.081823e-01
0.600000,0.543750,2.435616e-01,-6.133912e-01
0.606250,0.543750,2.407947e-01,-6.183530e-01
0.612500,0.543750,2.382012e-01,-6.230560e-01
0.618750,0.543750,2.357824e-01,-6.274886e-01
0.625000,0.543750,2.336464e-01,-6.314409e-01
0.631250,0.543750,2.315274e-01,-6.353975e-01
0.637500,0.543750,2.294247e-01,-6.393599e-01
0.643750,0.543750,2.273381e-01,-6.433278e-01
0.650000,0.543750,2.252677e-01,-6.473011e-01
0.656250,0.543750,2.232135e-01,-6.512796e-01
0.662500,0.543750,2.211755e-01,-6.552631e-01
0.668750,0.543750,2.191536e-01,-6.592513e-01
0.675000,0.543750,2.171480e-01,-6.632442e-01
0.681250,0.543750,2.151585e-01,-6.672414e-01
0.687500,0.543750,2.131853e-01,-6.712428e-01
0.693750,0.543750,2.112282e-01,-6.752481e-01
0.700000,0.543750,2.092873e-01,-6.792571e-01
0.706250,0.543750,2.073626e-01,-6.832696e-01
0.712500,0.543750,2.054541e-01,-6.872852e-01
0.718750,0.543750,2.035618e-01,-6.913038e-01
0.725000,0.543750,2.016932e-01,-6.953088e-01
0.731250,0.543750,1.998172e-01,-6.993670e-01
0.737500,0.543750,1.978701e-01,-7.036199e-01
0.743750,0.543750,1.958518e-01,-7.080725e-01
0.750000,0.543750,1.937625e-01,-7.127303e-01
0.250000,0.550000,3.646497e-02,-1.438124e+00
0.256250,0.550000,3.168760e-02,-1.499111e+00
0.262500,0.550000,2.724082e-02,-1.564780e+00
0.268750,0.550000,2.332493e-02,-1.632180e+00
0.275000,0.550000,2.026288e-02,-1.693299e+00
0.281250,0.550000,1.849839e-02,-1.732866e+00
0.287500,0.550000,1.842357e-02,-1.734626e+00
0.293750,0.550000,2.007180e-02,-1.697414e+00
0.300000,0.550000,2.308989e-02,-1.636578e+00
0.306250,0.550000,2.705325e-02,-1.567781e+00
0.312500,0.550000,3.179433e-02,-1.497650e+00
0.318750,0.550000,3.704217e-02,-1.431304e+00
0.325000,0.550000,4.264189e-02,-1.370164e+00
0.331250,0.550000,4.850267e-02,-1.314234e+00
0.337500,0.550000,5.457052e-02,-1.263042e+00
0.343750,0.550000,6.081276e-02,-1.216005e+00
0.350000,0.550000,6.720940e-02,-1.172570e+00
0.356250,0.550000,7.374821e-02,-1.132248e+00
0.362500,0.550000,8.042189e-02,-1.094626e+00
0.368750,0.550000,8.722633e-02,-1.059352e+00
0.375000,0.550000,9.415952e-02,-1.026136e+00
0.381250,0.550000,1.012209e-01,-9.947298e-01
0.387500,0.550000,1.084109e-01,-9.649271e-01
0.393750,0.550000,1.157306e-01,-9.365519e-01
0.400000,0.550000,1.231815e-01,-9.094544e-01
0.406250,0.550000,1.307656e-01,-8.835064e-01
0.412500,0.550000,1.380642e-01,-8.599190e-01
0.418750,0.550000,1.452292e-01,-8.379461e-01
0.425000,0.550000,1.529881e-01,-8.153423e-01
0.431250,0.550000,1.613707e-01,-7.921753e-01
0.437500,0.550000,1.704078e-01,-7.685106e-01
0.443750,0.550000,1.801300e-01,-7.444139e-01
0.450000,0.550000,1.905668e-01,-7.199526e-01
0.456250,0.550000,2.017457e-01,-6.951957e-01
0.462500,0.550000,2.136917e-01,-6.702124e-01
0.468750,0.550000,2.264272e-01,-6.450715e-01
0.475000,0.550000,2.342292e-01,-6.303590e-01
0.481250,0.550000,2.416612e-01,-6.167930e-01
0.487500,0.550000,2.493665e-01,-6.031620e-01
0.493750,0.550000,2.567625e-01,-5.904684e-01
0.500000,0.550000,2.677909e-01,-5.722041e-01
0.506250,0.550000,2.709911e-01,-5.670450e-01
0.512500,0.550000,2.728949e-01,-5.640046e-01
0.518750,0.550000,2.734548e-01,-5.631145e-01
0.525000,0.550000,2.728254e-01,-5.641152e-01
0.531250,0.550000,2.709330e-01,-5.671381e-01
0.537500,0.550000,2.677214e-01,-5.723170e-01
0.543750,0.550000,2.631498e-01,-5.797970e-01
0.550000,0.550000,2.595685e-01,-5.857480e-01
0.556250,0.550000,2.561016e-01,-5.915878e-01
0.562500,0.550000,2.527449e-01,-5.973176e-01
0.568750,0.550000,2.494999e-01,-6.029296e-01
0.575000,0.550000,2.463679e-01,-6.084158e-01
0.581250,0.550000,2.433504e-01,-6.137679e-01
0.587500,0.550000,2.404487e-01,-6.189776e-01
0.593750,0.550000,2.376641e-01,-6.240364e-01
0.600000,0.550000,2.349982e-01,-6.289355e-01
0.606250,0.550000,2.324523e-01,-6.336662e-01
0.612500,0.550000,2.300277e-01,-6.382199e-01
0.618750,0.550000,2.277258e-01,-6.425878e-01
0.625000,0.550000,2.257172e-01,-6.464353e-01
0.631250,0.550000,2.237207e-01,-6.502939e-01
0.637500,0.550000,2.217351e-01,-6.541656e-01
0.643750,0.550000,2.197604e-01,-6.580506e-01
0.650000,0.550000,2.177966e-01,-6.619488e-01
0.656250,0.550000,2.158438e-01,-6.658603e-01
0.662500,0.550000,2.139020e-01,-6.697852e-01
0.668750,0.550000,2.119711e-01,-6.737234e-01
0.675000,0.550000,2.100511e-01,-6.776751e-01
0.681250,0.550000,2.081420e-01,-6.816402e-01
0.687500,0.550000,2.062440e-01,-6.856188e-01
0.693750,0.550000,2.043568e-01,-6.896109e-01
0.700000,0.550000,2.024806e-01,-6.936166e-01
0.706250,0.550000,2.006153e-01,-6.976359e-01
0.712500,0.550000,1.987610e-01,-7.016689e-01
0.718750,0.550000,1.969176e-01,-7.057155e-01
0.725000,0.550000,1.950959e-01,-7.097519e-01
0.731250,0.550000,1.932778e-01,-7.138180e-01
0.737500,0.550000,1.913897e-01,-7.180814e-01
0.743750,0.550000,1.894318e-01,-7.225470e-01
0.750000,0.550000,1.874043e-01,-7.272204e-01
0.250000,0.556250,3.738657e-02,-1.427284e+00
0.256250,0.556250,3.257456e-02,-1.487121e+00
0.262500,0.556250,2.804501e-02,-1.552144e+00
0.268750,0.556250,2.396903e-02,-1.620350e+00
0.275000,0.556250,2.063003e-02,-1.685500e+00
0.281250,0.556250,1.844778e-02,-1.734056e+00
0.287500,0.556250,1.786766e-02,-1.747932e+00
0.293750,0.556250,1.905239e-02,-1.720051e+00
0.300000,0.556250,2.172931e-02,-1.662954e+00
0.306250,0.556250,2.544992e-02,-1.594314e+00
0.312500,0.556250,2.993772e-02,-1.523781e+00
0.318750,0.556250,3.495510e-02,-1.456489e+00
0.325000,0.556250,4.033807e-02,-1.394285e+00
0.331250,0.556250,4.599048e-02,-1.337332e+00
0.337500,0.556250,5.185537e-02,-1.285206e+00
0.343750,0.556250,5.789838e-02,-1.237334e+00
0.350000,0.556250,6.409853e-02,-1.193152e+00
0.356250,0.556250,7.044298e-02,-1.152162e+00
0.362500,0.556250,7.692405e-02,-1.113938e+00
0.368750,0.556250,8.353735e-02,-1.078119e+00
0.375000,0.556250,9.028069e-02,-1.044405e+00
0.381250,0.556250,9.715335e-02,-1.012542e+00
0.387500,0.556250,1.041556e-01,-9.823173e-01
0.393750,0.556250,1.112885e-01,-9.535499e-01
0.400000,0.556250,1.185533e-01,-9.260862e-01
0.406250,0.556250,1.259520e-01,-8.997948e-01
0.412500,0.556250,1.328696e-01,-8.765743e-01
0.418750,0.556250,1.393405e-01,-8.559227e-01
0.425000,0.556250,1.463423e-01,-8.346300e-01
0.431250,0.556250,1.539010e-01,-8.127587e-01
0.437500,0.556250,1.620420e-01,-7.903725e-01
0.443750,0.556250,1.707901e-01,-7.675373e-01
0.450000,0.556250,1.801687e-01,-7.443207e-01
0.456250,0.556250,1.901991e-01,-7.207916e-01
0.462500,0.556250,2.009004e-01,-6.970191e-01
0.468750,0.556250,2.122898e-01,-6.730709e-01
0.475000,0.556250,2.194633e-01,-6.586381e-01
0.481250,0.556250,2.262765e-01,-6.453606e-01
0.487500,0.556250,2.332746e-01,-6.321325e-01
0.493750,0.556250,2.401407e-01,-6.195342e-01
0.500000,0.556250,2.507118e-01,-6.008252e-01
0.506250,0.556250,2.544881e-01,-5.943325e-01
0.512500,0.556250,2.567920e-01,-5.904185e-01
0.518750,0.556250,2.577609e-01,-5.887830e-01
0.525000,0.556250,2.576453e-01,-5.889777e-01
0.531250,0.556250,2.563828e-01,-5.911111e-01
0.537500,0.556250,2.539246e-01,-5.952953e-01
0.543750,0.556250,2.502334e-01,-6.016548e-01
0.550000,0.556250,2.473430e-01,-6.067003e-01
0.556250,0.556250,2.445155e-01,-6.116936e-01
0.562500,0.556250,2.417472e-01,-6.166385e-01
0.568750,0.556250,2.390394e-01,-6.215305e-01
0.575000,0.556250,2.363931e-01,-6.263653e-01
0.581250,0.556250,2.338094e-01,-6.311380e-01
0.587500,0.556250,2.312896e-01,-6.358438e-01
0.593750,0.556250,2.288348e-01,-6.404778e-01
0.600000,0.556250,2.264463e-01,-6.450348e-01
0.606250,0.556250,2.241251e-01,-6.495095e-01
0.612500,0.556250,2.218725e-01,-6.538965e-01
0.618750,0.556250,2.196897e-01,-6.581902e-01
0.625000,0.556250,2.178089e-01,-6.619245e-01
0.631250,0.556250,2.159349e-01,-6.656772e-01
0.637500,0.556250,2.140666e-01,-6.694510e-01
0.643750,0.556250,2.122041e-01,-6.732463e-01
0.650000,0.556250,2.103472e-01,-6.770632e-01
0.656250,0.556250,2.084961e-01,-6.809021e-01
0.662500,0.556250,2.066506e-01,-6.847633e-01
0.668750,0.556250,2.048109e-01,-6.886470e-01
0.675000,0.556250,2.029768e-01,-6.925535e-01
0.681250,0.556250,2.011485e-01,-6.964832e-01
0.687500,0.556250,1.993259e-01,-7.004364e-01
0.693750,0.556250,1.975089e-01,-7.044133e-01
0.700000,0.556250,1.956977e-01,-7.084143e-01
0.706250,0.556250,1.938921e-01,-7.124398e-01
0.712500,0.556250,1.920923e-01,-7.164900e-01
0.718750,0.556250,1.902982e-01,-7.205654e-01
0.725000,0.556250,1.885241e-01,-7.246332e-01
0.731250,0.556250,1.867663e-01,-7.287016e-01
0.737500,0.556250,1.849399e-01,-7.329694e-01
0.743750,0.556250,1.830452e-01,-7.374418e-01
0.750000,0.556250,1.810823e-01,-7.421240e-01
0.250000,0.562500,3.833645e-02,-1.416388e+00
0.256250,0.562500,3.350295e-02,-1.474917e+00
0.262500,0.562500,2.891003e-02,-1.538951e+00
0.268750,0.562500,2.470260e-02,-1.607257e+00
0.275000,0.562500,2.112502e-02,-1.675203e+00
0.281250,0.562500,1.856057e-02,-1.731409e+00
0.287500,0.562500,1.747826e-02,-1.757502e+00
0.293750,0.562500,1.816216e-02,-1.740833e+00
0.300000,0.562500,2.045135e-02,-1.689278e+00
0.306250,0.562500,2.389747e-02,-1.621648e+00
0.312500,0.562500,2.812191e-02,-1.550955e+00
0.318750,0.562500,3.290391e-02,-1.482752e+00
0.325000,0.562500,3.806852e-02,-1.419434e+00
0.331250,0.562500,4.351301e-02,-1.361381e+00
0.337500,0.562500,4.917669e-02,-1.308241e+00
0.343750,0.562500,5.502305e-02,-1.259455e+00
0.350000,0.562500,6.102986e-02,-1.214458e+00
0.356250,0.562500,6.718352e-02,-1.172737e+00
0.362500,0.562500,7.347582e-02,-1.133856e+00
0.368750,0.562500,7.990203e-02,-1.097442e+00
0.375000,0.562500,8.645971e-02,-1.063186e+00
0.381250,0.562500,9.314795e-02,-1.030827e+00
0.387500,0.562500,9.996687e-02,-1.000144e+00
0.393750,0.562500,1.069173e-01,-9.709519e-01
0.400000,0.562500,1.140006e-01,-9.430928e-01
0.406250,0.562500,1.212184e-01,-9.164313e-01
0.412500,0.562500,1.278080e-01,-8.934420e-01
0.418750,0.562500,1.337011e-01,-8.738649e-01
0.425000,0.562500,1.400568e-01,-8.536959e-01
0.431250,0.562500,1.468955e-01,-8.329915e-01
0.437500,0.562500,1.542371e-01,-8.118110e-01
0.443750,0.562500,1.621004e-01,-7.902159e-01
0.450000,0.562500,1.705024e-01,-7.682696e-01
0.456250,0.562500,1.794586e-01,-7.460357e-01
0.462500,0.562500,1.889828e-01,-7.235778e-01
0.468750,0.562500,1.990869e-01,-7.009574e-01
0.475000,0.562500,2.055748e-01,-6.870300e-01
0.481250,0.562500,2.117014e-01,-6.742762e-01
0.487500,0.562500,2.179296e-01,-6.616838e-01
0.493750,0.562500,2.241435e-01,-6.494738e-01
0.500000,0.562500,2.341479e-01,-6.305098e-01
0.506250,0.562500,2.382455e-01,-6.229753e-01
0.512500,0.562500,2.408182e-01,-6.183107e-01
0.518750,0.562500,2.421124e-01,-6.159829e-01
0.525000,0.562500,2.424496e-01,-6.153785e-01
0.531250,0.562500,2.417779e-01,-6.165833e-01
0.537500,0.562500,2.400558e-01,-6.196877e-01
0.543750,0.562500,2.372507e-01,-6.247924e-01
0.550000,0.562500,2.350586e-01,-6.288238e-01
0.556250,0.562500,2.328783e-01,-6.328709e-01
0.562500,0.562500,2.307067e-01,-6.369398e-01
0.568750,0.562500,2.285443e-01,-6.410295e-01
0.575000,0.562500,2.263920e-01,-6.451388e-01
0.581250,0.562500,2.242505e-01,-6.492666e-01
0.587500,0.562500,2.221205e-01,-6.534113e-01
0.593750,0.562500,2.200028e-01,-6.575717e-01
0.600000,0.562500,2.178984e-01,-6.617460e-01
0.606250,0.562500,2.158079e-01,-6.659326e-01
0.612500,0.562500,2.137325e-01,-6.701294e-01
0.618750,0.562500,2.116730e-01,-6.743346e-01
0.625000,0.562500,2.099201e-01,-6.779460e-01
0.631250,0.562500,2.081691e-01,-6.815838e-01
0.637500,0.562500,2.064185e-01,-6.852513e-01
0.643750,0.562500,2.046685e-01,-6.889490e-01
0.650000,0.562500,2.029189e-01,-6.926775e-01
0.656250,0.562500,2.011698e-01,-6.964373e-01
0.662500,0.562500,1.994211e-01,-7.002288e-01
0.668750,0.562500,1.976730e-01,-7.040527e-01
0.675000,0.562500,1.959253e-01,-7.079095e-01
0.681250,0.562500,1.941781e-01,-7.117998e-01
0.687500,0.562500,1.924313e-01,-7.157242e-01
0.693750,0.562500,1.906851e-01,-7.196833e-01
0.700000,0.562500,1.889393e-01,-7.236778e-01
0.706250,0.562500,1.871940e-01,-7.277082e-01
0.712500,0.562500,1.854491e-01,-7.317752e-01
0.718750,0.562500,1.837047e-01,-7.358796e-01
0.725000,0.562500,1.819792e-01,-7.399783e-01
0.731250,0.562500,1.802843e-01,-7.440422e-01
0.737500,0.562500,1.785224e-01,-7.483073e-01
0.743750,0.562500,1.766938e-01,-7.527787e-01
0.750000,0.562500,1.747988e-01,-7.574615e-01
0.250000,0.568750,3.931212e-02,-1.405474e+00
0.256250,0.568750,3.446905e-02,-1.462571e+00
0.262500,0.568750,2.983034e-02,-1.525342e+00
0.268750,0.568750,2.551788e-02,-1.593155e+00
0.275000,0.568750,2.173939e-02,-1.662753e+00
0.281250,0.568750,1.883453e-02,-1.725045e+00
0.287500,0.568750,1.726786e-02,-1.762762e+00
0.293750,0.568750,1.742266e-02,-1.758886e+00
0.300000,0.568750,1.927451e-02,-1.715017e+00
0.306250,0.568750,2.240850e-02,-1.649587e+00
0.312500,0.568750,2.635647e-02,-1.579113e+00
0.318750,0.568750,3.089608e-02,-1.510097e+00
0.325000,0.568750,3.583936e-02,-1.445640e+00
0.331250,0.568750,4.107550e-02,-1.386417e+00
0.337500,0.568750,4.653913e-02,-1.332182e+00
0.343750,0.568750,5.219105e-02,-1.282404e+00
0.350000,0.568750,5.800743e-02,-1.236516e+00
0.356250,0.568750,6.397366e-02,-1.193999e+00
0.362500,0.568750,7.008091e-02,-1.154400e+00
0.368750,0.568750,7.632399e-02,-1.117339e+00
0.375000,0.568750,8.270016e-02,-1.082494e+00
0.381250,0.568750,8.920825e-02,-1.049595e+00
0.387500,0.568750,9.584820e-02,-1.018416e+00
0.393750,0.568750,1.026207e-01,-9.887652e-01
0.400000,0.568750,1.095269e-01,-9.604794e-01
0.406250,0.568750,1.165683e-01,-9.334196e-01
0.412500,0.568750,1.228813e-01,-9.105142e-01
0.418750,0.568750,1.283092e-01,-8.917423e-01
0.425000,0.568750,1.341243e-01,-8.724925e-01
0.431250,0.568750,1.403415e-01,-8.528138e-01
0.437500,0.568750,1.469745e-01,-8.327579e-01
0.443750,0.568750,1.540359e-01,-8.123781e-01
0.450000,0.568750,1.615368e-01,-7.917285e-01
0.456250,0.568750,1.694874e-01,-7.708626e-01
0.462500,0.568750,1.778963e-01,-7.498330e-01
0.468750,0.568750,1.867711e-01,-7.286903e-01
0.475000,0.568750,1.925177e-01,-7.155294e-01
0.481250,0.568750,1.978925e-01,-7.035706e-01
0.487500,0.568750,2.032910e-01,-6.918819e-01
0.493750,0.568750,2.087405e-01,-6.803933e-01
0.500000,0.568750,2.180832e-01,-6.613778e-01
0.506250,0.568750,2.222632e-01,-6.531324e-01
0.512500,0.568750,2.249780e-01,-6.478600e-01
0.518750,0.568750,2.265139e-01,-6.449052e-01
0.525000,0.568750,2.272396e-01,-6.435160e-01
0.531250,0.568750,2.271127e-01,-6.437585e-01
0.537500,0.568750,2.260989e-01,-6.457015e-01
0.543750,0.568750,2.241703e-01,-6.494219e-01
0.550000,0.568750,2.226868e-01,-6.523056e-01
0.556250,0.568750,2.211646e-01,-6.552845e-01
0.562500,0.568750,2.196006e-01,-6.583664e-01
0.568750,0.568750,2.179950e-01,-6.615534e-01
0.575000,0.568750,2.163478e-01,-6.648474e-01
0.581250,0.568750,2.146592e-01,-6.682505e-01
0.587500,0.568750,2.129294e-01,-6.717645e-01
0.593750,0.568750,2.111586e-01,-6.753913e-01
0.600000,0.568750,2.093472e-01,-6.791329e-01
0.606250,0.568750,2.074957e-01,-6.829910e-01
0.612500,0.568750,2.056045e-01,-6.869675e-01
0.618750,0.568750,2.036742e-01,-6.910640e-01
0.625000,0.568750,2.020498e-01,-6.945415e-01
0.631250,0.568750,2.004223e-01,-6.980540e-01
0.637500,0.568750,1.987900e-01,-7.016056e-01
0.643750,0.568750,1.971529e-01,-7.051968e-01
0.650000,0.568750,1.955111e-01,-7.088285e-01
0.656250,0.568750,1.938646e-01,-7.125015e-01
0.662500,0.568750,1.922133e-01,-7.162165e-01
0.668750,0.568750,1.905573e-01,-7.199743e-01
0.675000,0.568750,1.888966e-01,-7.237759e-01
0.681250,0.568750,1.872311e-01,-7.276220e-01
0.687500,0.568750,1.855609e-01,-7.315135e-01
0.693750,0.568750,1.838860e-01,-7.354514e-01
0.700000,0.568750,1.822063e-01,-7.394367e-01
0.706250,0.568750,1.805218e-01,-7.434702e-01
0.712500,0.568750,1.788327e-01,-7.475531e-01
0.718750,0.568750,1.771388e-01,-7.516863e-01
0.725000,0.568750,1.754629e-01,-7.558147e-01
0.731250,0.568750,1.738337e-01,-7.598659e-01
0.737500,0.568750,1.721394e-01,-7.641198e-01
0.743750,0.568750,1.703802e-01,-7.685810e-01
0.750000,0.568750,1.685564e-01,-7.732546e-01
0.250000,0.575000,4.031126e-02,-1.394574e+00
0.256250,0.575000,3.546943e-02,-1.450146e+00
0.262500,0.575000,3.080075e-02,-1.511439e+00
0.268750,0.575000,2.640728e-02,-1.578276e+00
0.275000,0.575000,2.246360e-02,-1.648521e+00
0.281250,0.575000,1.926347e-02,-1.715266e+00
0.287500,0.575000,1.724426e-02,-1.763355e+00
0.293750,0.575000,1.685553e-02,-1.773258e+00
0.300000,0.575000,1.822056e-02,-1.739438e+00
0.306250,0.575000,2.099871e-02,-1.677807e+00
0.312500,0.575000,2.465346e-02,-1.608122e+00
0.318750,0.575000,2.894098e-02,-1.538487e+00
0.325000,0.575000,3.365818e-02,-1.472909e+00
0.331250,0.575000,3.868438e-02,-1.412464e+00
0.337500,0.575000,4.394836e-02,-1.357057e+00
0.343750,0.575000,4.940754e-02,-1.306207e+00
0.350000,0.575000,5.503603e-02,-1.259353e+00
0.356250,0.575000,6.081797e-02,-1.215968e+00
0.362500,0.575000,6.674370e-02,-1.175590e+00
0.368750,0.575000,7.280750e-02,-1.137824e+00
0.375000,0.575000,7.900620e-02,-1.102339e+00
0.381250,0.575000,8.533834e-02,-1.068856e+00
0.387500,0.575000,9.180362e-02,-1.037140e+00
0.393750,0.575000,9.840250e-02,-1.006994e+00
0.400000,0.575000,1.051360e-01,-9.782486e-01
0.406250,0.575000,1.120055e-01,-9.507607e-01
0.412500,0.575000,1.180919e-01,-9.277799e-01
0.418750,0.575000,1.231620e-01,-9.095232e-01
0.425000,0.575000,1.285369e-01,-8.909723e-01
0.431250,0.575000,1.342249e-01,-8.721670e-01
0.437500,0.575000,1.402337e-01,-8.531476e-01
0.443750,0.575000,1.465701e-01,-8.339548e-01
0.450000,0.575000,1.532398e-01,-8.146283e-01
0.456250,0.575000,1.602482e-01,-7.952069e-01
0.462500,0.575000,1.675994e-01,-7.757274e-01
0.468750,0.575000,1.752973e-01,-7.562248e-01
0.475000,0.575000,1.802496e-01,-7.441258e-01
0.481250,0.575000,1.848122e-01,-7.332694e-01
0.487500,0.575000,1.893260e-01,-7.227897e-01
0.493750,0.575000,1.939092e-01,-7.124016e-01
0.500000,0.575000,2.025091e-01,-6.935556e-01
0.506250,0.575000,2.065452e-01,-6.849848e-01
0.512500,0.575000,2.092781e-01,-6.792761e-01
0.518750,0.575000,2.109712e-01,-6.757769e-01
0.525000,0.575000,2.120170e-01,-6.736292e-01
0.531250,0.575000,2.123819e-01,-6.728825e-01
0.537500,0.575000,2.120377e-01,-6.735868e-01
0.543750,0.575000,2.109616e-01,-6.757966e-01
0.550000,0.575000,2.101999e-01,-6.773676e-01
0.556250,0.575000,2.093496e-01,-6.791279e-01
0.562500,0.575000,2.084074e-01,-6.810869e-01
0.568750,0.575000,2.073724e-01,-6.832490e-01
0.575000,0.575000,2.062440e-01,-6.856186e-01
0.581250,0.575000,2.050216e-01,-6.882005e-01
0.587500,0.575000,2.037045e-01,-6.909993e-01
0.593750,0.575000,2.022926e-01,-6.940200e-01
0.600000,0.575000,2.007855e-01,-6.972677e-01
0.606250,0.575000,1.991830e-01,-7.007477e-01
0.612500,0.575000,1.974853e-01,-7.044653e-01
0.618750,0.575000,1.956923e-01,-7.084263e-01
0.625000,0.575000,1.941971e-01,-7.117573e-01
0.631250,0.575000,1.926936e-01,-7.151327e-01
0.637500,0.575000,1.911802e-01,-7.185572e-01
0.643750,0.575000,1.896568e-01,-7.220316e-01
0.650000,0.575000,1.881235e-01,-7.255569e-01
0.656250,0.575000,1.865803e-01,-7.291343e-01
0.662500,0.575000,1.850271e-01,-7.327646e-01
0.668750,0.575000,1.834640e-01,-7.364491e-01
0.675000,0.575000,1.818910e-01,-7.401887e-01
0.681250,0.575000,1.803081e-01,-7.439848e-01
0.687500,0.575000,1.787152e-01,-7.478385e-01
0.693750,0.575000,1.771124e-01,-7.517510e-01
0.700000,0.575000,1.754997e-01,-7.557236e-01
0.706250,0.575000,1.738771e-01,-7.597576e-01
0.712500,0.575000,1.722445e-01,-7.638545e-01
0.718750,0.575000,1.706021e-01,-7.680157e-01
0.725000,0.575000,1.689772e-01,-7.721718e-01
0.731250,0.575000,1.674169e-01,-7.762007e-01
0.737500,0.575000,1.657933e-01,-7.804329e-01
0.743750,0.575000,1.641070e-01,-7.848730e-01
0.750000,0.575000,1.623583e-01,-7.895256e-01
0.250000,0.581250,4.133174e-02,-1.383716e+00
0.256250,0.581250,3.650091e-02,-1.437696e+00
0.262500,0.581250,3.181644e-02,-1.497348e+00
0.268750,0.581250,2.736351e-02,-1.562828e+00
0.275000,0.581250,2.328765e-02,-1.632874e+00
0.281250,0.581250,1.983801e-02,-1.702502e+00
0.287500,0.581250,1.740946e-02,-1.759215e+00
0.293750,0.581250,1.648042e-02,-1.783032e+00
0.300000,0.581250,1.731428e-02,-1.761596e+00
0.306250,0.581250,1.968745e-02,-1.705810e+00
0.312500,0.581250,2.302803e-02,-1.637743e+00
0.318750,0.581250,2.705042e-02,-1.567826e+00
0.325000,0.581250,3.153451e-02,-1.501214e+00
0.331250,0.581250,3.634764e-02,-1.439524e+00
0.337500,0.581250,4.141136e-02,-1.382881e+00
0.343750,0.581250,4.667877e-02,-1.330881e+00
0.350000,0.581250,5.212143e-02,-1.282984e+00
0.356250,0.581250,5.772186e-02,-1.238660e+00
0.362500,0.581250,6.346937e-02,-1.197436e+00
0.368750,0.581250,6.935753e-02,-1.158906e+00
0.375000,0.581250,7.538266e-02,-1.122729e+00
0.381250,0.581250,8.154295e-02,-1.088614e+00
0.387500,0.581250,8.783777e-02,-1.056319e+00
0.393750,0.581250,9.426737e-02,-1.025639e+00
0.400000,0.581250,1.008326e-01,-9.963992e-01
0.406250,0.581250,1.075345e-01,-9.684521e-01
0.412500,0.581250,1.134422e-01,-9.452254e-01
0.418750,0.581250,1.182567e-01,-9.271741e-01
0.425000,0.581250,1.232853e-01,-9.090888e-01
0.431250,0.581250,1.285300e-01,-8.909953e-01
0.437500,0.581250,1.339930e-01,-8.729179e-01
0.443750,0.581250,1.396757e-01,-8.548792e-01
0.450000,0.581250,1.455793e-01,-8.369002e-01
0.456250,0.581250,1.517050e-01,-8.190000e-01
0.462500,0.581250,1.580535e-01,-8.011960e-01
0.468750,0.581250,1.646252e-01,-7.835036e-01
0.475000,0.581250,1.687358e-01,-7.727927e-01
0.481250,0.581250,1.724325e-01,-7.633810e-01
0.487500,0.581250,1.760139e-01,-7.544531e-01
0.493750,0.581250,1.796394e-01,-7.455985e-01
0.500000,0.581250,1.874275e-01,-7.271667e-01
0.506250,0.581250,1.911015e-01,-7.187360e-01
0.512500,0.581250,1.937290e-01,-7.128053e-01
0.518750,0.581250,1.954921e-01,-7.088707e-01
0.525000,0.581250,1.967846e-01,-7.060088e-01
0.531250,0.581250,1.975802e-01,-7.042567e-01
0.537500,0.581250,1.978566e-01,-7.036495e-01
0.543750,0.581250,1.975953e-01,-7.042234e-01
0.550000,0.581250,1.975717e-01,-7.042752e-01
0.556250,0.581250,1.974100e-01,-7.046307e-01
0.562500,0.581250,1.971063e-01,-7.052996e-01
0.568750,0.581250,1.966585e-01,-7.062873e-01
0.575000,0.581250,1.960649e-01,-7.076001e-01
0.581250,0.581250,1.953242e-01,-7.092441e-01
0.587500,0.581250,1.944348e-01,-7.112260e-01
0.593750,0.581250,1.933958e-01,-7.135530e-01
0.600000,0.581250,1.922061e-01,-7.162329e-01
0.606250,0.581250,1.908649e-01,-7.192738e-01
0.612500,0.581250,1.893718e-01,-7.226847e-01
0.618750,0.581250,1.877261e-01,-7.264752e-01
0.625000,0.581250,1.863609e-01,-7.296452e-01
0.631250,0.581250,1.849823e-01,-7.328699e-01
0.637500,0.581250,1.835885e-01,-7.361545e-01
0.643750,0.581250,1.821797e-01,-7.395000e-01
0.650000,0.581250,1.807558e-01,-7.429079e-01
0.656250,0.581250,1.793167e-01,-7.463792e-01
0.662500,0.581250,1.778626e-01,-7.499154e-01
0.668750,0.581250,1.763934e-01,-7.535178e-01
0.675000,0.581250,1.749090e-01,-7.571877e-01
0.681250,0.581250,1.734096e-01,-7.609268e-01
0.687500,0.581250,1.718952e-01,-7.647364e-01
0.693750,0.581250,1.703656e-01,-7.686181e-01
0.700000,0.581250,1.688209e-01,-7.725737e-01
0.706250,0.581250,1.672612e-01,-7.766047e-01
0.712500,0.581250,1.656864e-01,-7.807130e-01
0.718750,0.581250,1.640966e-01,-7.849004e-01
0.725000,0.581250,1.625245e-01,-7.890812e-01
0.731250,0.581250,1.610363e-01,-7.930762e-01
0.737500,0.581250,1.594871e-01,-7.972744e-01
0.743750,0.581250,1.578774e-01,-8.016800e-01
0.750000,0.581250,1.562078e-01,-8.062973e-01
0.250000,0.587500,4.235266e-02,-1.373119e+00
0.256250,0.587500,3.753306e-02,-1.425586e+00
0.262500,0.587500,3.283354e-02,-1.483682e+00
0.268750,0.587500,2.832360e-02,-1.547852e+00
0.275000,0.587500,2.412184e-02,-1.617590e+00
0.281250,0.587500,2.043431e-02,-1.689640e+00
0.287500,0.587500,1.760568e-02,-1.754347e+00
0.293750,0.587500,1.611620e-02,-1.792737e+00
0.300000,0.587500,1.635789e-02,-1.786273e+00
0.306250,0.587500,1.826619e-02,-1.738352e+00
0.312500,0.587500,2.126914e-02,-1.672250e+00
0.318750,0.587500,2.501298e-02,-1.601835e+00
0.325000,0.587500,2.925628e-02,-1.533781e+00
0.331250,0.587500,3.385117e-02,-1.470426e+00
0.337500,0.587500,3.871014e-02,-1.412175e+00
0.343750,0.587500,4.378109e-02,-1.358713e+00
0.350000,0.587500,4.903253e-02,-1.309516e+00
0.356250,0.587500,5.444519e-02,-1.264040e+00
0.362500,0.587500,6.000720e-02,-1.221797e+00
0.368750,0.587500,6.571138e-02,-1.182359e+00
0.375000,0.587500,7.155351e-02,-1.145369e+00
0.381250,0.587500,7.753137e-02,-1.110523e+00
0.387500,0.587500,8.364405e-02,-1.077565e+00
0.393750,0.587500,8.989153e-02,-1.046281e+00
0.400000,0.587500,9.627441e-02,-1.016489e+00
0.406250,0.587500,1.027937e-01,-9.880335e-01
0.412500,0.587500,1.085451e-01,-9.643898e-01
0.418750,0.587500,1.131851e-01,-9.462109e-01
0.425000,0.587500,1.179570e-01,-9.282764e-01
0.431250,0.587500,1.228584e-01,-9.105951e-01
0.437500,0.587500,1.278872e-01,-8.931730e-01
0.443750,0.587500,1.330413e-01,-8.760135e-01
0.450000,0.587500,1.383190e-01,-8.591182e-01
0.456250,0.587500,1.437186e-01,-8.424872e-01
0.462500,0.587500,1.492385e-01,-8.261192e-01
0.468750,0.587500,1.548774e-01,-8.100119e-01
0.475000,0.587500,1.582693e-01,-8.006032e-01
0.481250,0.587500,1.612293e-01,-7.925561e-01
0.487500,0.587500,1.640238e-01,-7.850931e-01
0.493750,0.587500,1.668019e-01,-7.777990e-01
0.500000,0.587500,1.738288e-01,-7.598782e-01
0.506250,0.587500,1.770311e-01,-7.519505e-01
0.512500,0.587500,1.794866e-01,-7.459680e-01
0.518750,0.587500,1.812551e-01,-7.417098e-01
0.525000,0.587500,1.827073e-01,-7.382441e-01
0.531250,0.587500,1.838229e-01,-7.356004e-01
0.537500,0.587500,1.845844e-01,-7.338051e-01
0.543750,0.587500,1.849768e-01,-7.328826e-01
0.550000,0.587500,1.855823e-01,-7.314635e-01
0.556250,0.587500,1.860101e-01,-7.304634e-01
0.562500,0.587500,1.862555e-01,-7.298910e-01
0.568750,0.587500,1.863153e-01,-7.297514e-01
0.575000,0.587500,1.861871e-01,-7.300504e-01
0.581250,0.587500,1.858685e-01,-7.307943e-01
0.587500,0.587500,1.853573e-01,-7.319903e-01
0.593750,0.587500,1.846519e-01,-7.336462e-01
0.600000,0.587500,1.837506e-01,-7.357712e-01
0.606250,0.587500,1.826521e-01,-7.383753e-01
0.612500,0.587500,1.813553e-01,-7.414698e-01
0.618750,0.587500,1.798592e-01,-7.450674e-01
0.625000,0.587500,1.786210e-01,-7.480675e-01
0.631250,0.587500,1.773648e-01,-7.511327e-01
0.637500,0.587500,1.760887e-01,-7.542684e-01
0.643750,0.587500,1.747929e-01,-7.574761e-01
0.650000,0.587500,1.734774e-01,-7.607572e-01
0.656250,0.587500,1.721420e-01,-7.641130e-01
0.662500,0.587500,1.707870e-01,-7.675453e-01
0.668750,0.587500,1.694121e-01,-7.710555e-01
0.675000,0.587500,1.680175e-01,-7.746454e-01
0.681250,0.587500,1.666032e-01,-7.783167e-01
0.687500,0.587500,1.651691e-01,-7.820712e-01
0.693750,0.587500,1.637153e-01,-7.859107e-01
0.700000,0.587500,1.622418e-01,-7.898372e-01
0.706250,0.587500,1.607486e-01,-7.938529e-01
0.712500,0.587500,1.592356e-01,-7.979597e-01
0.718750,0.587500,1.577030e-01,-8.021600e-01
0.725000,0.587500,1.561891e-01,-8.063493e-01
0.731250,0.587500,1.547806e-01,-8.102834e-01
0.737500,0.587500,1.533138e-01,-8.144187e-01
0.743750,0.587500,1.517893e-01,-8.187588e-01
0.750000,0.587500,1.502079e-01,-8.233073e-01
0.250000,0.593750,4.331650e-02,-1.363347e+00
0.256250,0.593750,3.848382e-02,-1.414722e+00
0.262500,0.593750,3.373583e-02,-1.471909e+00
0.268750,0.593750,2.912302e-02,-1.535764e+00
0.275000,0.593750,2.473243e-02,-1.606733e+00
0.281250,0.593750,2.072014e-02,-1.683607e+00
0.287500,0.593750,1.736845e-02,-1.760239e+00
0.293750,0.593750,1.514466e-02,-1.819740e+00
0.300000,0.593750,1.459793e-02,-1.835709e+00
0.306250,0.593750,1.591606e-02,-1.798164e+00
0.312500,0.593750,1.855004e-02,-1.731655e+00
0.318750,0.593750,2.201257e-02,-1.657329e+00
0.325000,0.593750,2.601812e-02,-1.584724e+00
0.331250,0.593750,3.039325e-02,-1.517223e+00
0.337500,0.593750,3.503795e-02,-1.455461e+00
0.343750,0.593750,3.989430e-02,-1.399089e+00
0.350000,0.593750,4.492809e-02,-1.347482e+00
0.356250,0.593750,5.011876e-02,-1.300000e+00
0.362500,0.593750,5.545384e-02,-1.256068e+00
0.368750,0.593750,6.092580e-02,-1.215199e+00
0.375000,0.593750,6.653026e-02,-1.176981e+00
0.381250,0.593750,7.226489e-02,-1.141073e+00
0.387500,0.593750,7.812867e-02,-1.107190e+00
0.393750,0.593750,8.412149e-02,-1.075093e+00
0.400000,0.593750,9.024385e-02,-1.044582e+00
0.406250,0.593750,9.649667e-02,-1.015488e+00
0.412500,0.593750,1.020073e-01,-9.913688e-01
0.418750,0.593750,1.064438e-01,-9.728798e-01
0.425000,0.593750,1.110053e-01,-9.546562e-01
0.431250,0.593750,1.156893e-01,-9.367067e-01
0.437500,0.593750,1.204933e-01,-9.190370e-01
0.443750,0.593750,1.254151e-01,-9.016500e-01
0.450000,0.593750,1.304528e-01,-8.845468e-01
0.456250,0.593750,1.356044e-01,-8.677263e-01
0.462500,0.593750,1.408684e-01,-8.511865e-01
0.468750,0.593750,1.462433e-01,-8.349241e-01
0.475000,0.593750,1.496326e-01,-8.249738e-01
0.481250,0.593750,1.526221e-01,-8.163826e-01
0.487500,0.593750,1.554458e-01,-8.084210e-01
0.493750,0.593750,1.582133e-01,-8.007571e-01
0.500000,0.593750,1.649610e-01,-7.826188e-01
0.506250,0.593750,1.680932e-01,-7.744499e-01
0.512500,0.593750,1.705863e-01,-7.680560e-01
0.518750,0.593750,1.724346e-01,-7.633757e-01
0.525000,0.593750,1.739730e-01,-7.595181e-01
0.531250,0.593750,1.751832e-01,-7.565076e-01
0.537500,0.593750,1.760493e-01,-7.543657e-01
0.543750,0.593750,1.765578e-01,-7.531130e-01
0.550000,0.593750,1.772121e-01,-7.515067e-01
0.556250,0.593750,1.776937e-01,-7.503279e-01
0.562500,0.593750,1.779983e-01,-7.495840e-01
0.568750,0.593750,1.781231e-01,-7.492798e-01
0.575000,0.593750,1.780654e-01,-7.494204e-01
0.581250,0.593750,1.778231e-01,-7.500118e-01
0.587500,0.593750,1.773941e-01,-7.510607e-01
0.593750,0.593750,1.767767e-01,-7.525750e-01
0.600000,0.593750,1.759693e-01,-7.545631e-01
0.606250,0.593750,1.749705e-01,-7.570352e-01
0.612500,0.593750,1.737792e-01,-7.600022e-01
0.618750,0.593750,1.723944e-01,-7.634769e-01
0.625000,0.593750,1.712663e-01,-7.663281e-01
0.631250,0.593750,1.701176e-01,-7.692507e-01
0.637500,0.593750,1.689467e-01,-7.722504e-01
0.643750,0.593750,1.677534e-01,-7.753286e-01
0.650000,0.593750,1.665380e-01,-7.784868e-01
0.656250,0.593750,1.653002e-01,-7.817266e-01
0.662500,0.593750,1.640402e-01,-7.850497e-01
0.668750,0.593750,1.627580e-01,-7.884577e-01
0.675000,0.593750,1.614535e-01,-7.919525e-01
0.681250,0.593750,1.601268e-01,-7.955359e-01
0.687500,0.593750,1.587779e-01,-7.992098e-01
0.693750,0.593750,1.574069e-01,-8.029764e-01
0.700000,0.593750,1.560136e-01,-8.068376e-01
0.706250,0.593750,1.545981e-01,-8.107957e-01
0.712500,0.593750,1.531606e-01,-8.148531e-01
0.718750,0.593750,1.517008e-01,-8.190121e-01
0.725000,0.593750,1.502632e-01,-8.231473e-01
0.731250,0.593750,1.489554e-01,-8.269438e-01
0.737500,0.593750,1.475934e-01,-8.309330e-01
0.743750,0.593750,1.461781e-01,-8.351178e-01
0.750000,0.593750,1.447102e-01,-8.395009e-01
0.250000,0.600000,4.431391e-02,-1.353460e+00
0.256250,0.600000,3.948621e-02,-1.403555e+00
0.262500,0.600000,3.471508e-02,-1.459482e+00
0.268750,0.600000,3.003591e-02,-1.522359e+00
0.275000,0.600000,2.550991e-02,-1.593291e+00
0.281250,0.600000,2.124861e-02,-1.672669e+00
0.287500,0.600000,1.746423e-02,-1.757851e+00
0.293750,0.600000,1.455586e-02,-1.836962e+00
0.300000,0.600000,1.314483e-02,-1.881245e+00
0.306250,0.600000,1.373322e-02,-1.862228e+00
0.312500,0.600000,1.592977e-02,-1.797791e+00
0.318750,0.600000,1.908095e-02,-1.719400e+00
0.325000,0.600000,2.284015e-02,-1.641301e+00
0.331250,0.600000,2.699645e-02,-1.568693e+00
0.337500,0.600000,3.143176e-02,-1.502631e+00
0.343750,0.600000,3.607996e-02,-1.442734e+00
0.350000,0.600000,4.090315e-02,-1.388243e+00
0.356250,0.600000,4.587905e-02,-1.338386e+00
0.362500,0.600000,5.099438e-02,-1.292478e+00
0.368750,0.600000,5.624123e-02,-1.249945e+00
0.375000,0.600000,6.161499e-02,-1.210314e+00
0.381250,0.600000,6.711318e-02,-1.173192e+00
0.387500,0.600000,7.273468e-02,-1.138258e+00
0.393750,0.600000,7.847930e-02,-1.105245e+00
0.400000,0.600000,8.434745e-02,-1.073928e+00
0.406250,0.600000,9.033994e-02,-1.044120e+00
0.412500,0.600000,9.561454e-02,-1.019476e+00
0.418750,0.600000,9.985043e-02,-1.000650e+00
0.425000,0.600000,1.042045e-01,-9.821137e-01
0.431250,0.600000,1.086737e-01,-9.638757e-01
0.437500,0.600000,1.132554e-01,-9.459412e-01
0.443750,0.600000,1.179472e-01,-9.283125e-01
0.450000,0.600000,1.227469e-01,-9.109894e-01
0.456250,0.600000,1.276526e-01,-8.939702e-01
0.462500,0.600000,1.326626e-01,-8.772515e-01
0.468750,0.600000,1.377752e-01,-8.608288e-01
0.475000,0.600000,1.411404e-01,-8.503486e-01
0.481250,0.600000,1.441370e-01,-8.412245e-01
0.487500,0.600000,1.469696e-01,-8.327724e-01
0.493750,0.600000,1.497126e-01,-8.247418e-01
0.500000,0.600000,1.561854e-01,-8.063596e-01
0.506250,0.600000,1.592411e-01,-7.979450e-01
0.512500,0.600000,1.617559e-01,-7.911399e-01
0.518750,0.600000,1.636676e-01,-7.860373e-01
0.525000,0.600000,1.652782e-01,-7.817843e-01
0.531250,0.600000,1.665713e-01,-7.783999e-01
0.537500,0.600000,1.675326e-01,-7.759008e-01
0.543750,0.600000,1.681499e-01,-7.743033e-01
0.550000,0.600000,1.688510e-01,-7.724964e-01
0.556250,0.600000,1.693850e-01,-7.711251e-01
0.562500,0.600000,1.697478e-01,-7.701959e-01
0.568750,0.600000,1.699367e-01,-7.697128e-01
0.575000,0.600000,1.699493e-01,-7.696806e-01
0.581250,0.600000,1.697834e-01,-7.701047e-01
0.587500,0.600000,1.694371e-01,-7.709914e-01
0.593750,0.600000,1.689086e-01,-7.723481e-01
0.600000,0.600000,1.681965e-01,-7.741831e-01
0.606250,0.600000,1.672992e-01,-7.765061e-01
0.612500,0.600000,1.662157e-01,-7.793279e-01
0.618750,0.600000,1.649449e-01,-7.826610e-01
0.625000,0.600000,1.639278e-01,-7.853474e-01
0.631250,0.600000,1.628875e-01,-7.881121e-01
0.637500,0.600000,1.618226e-01,-7.909610e-01
0.643750,0.600000,1.607328e-01,-7.938955e-01
0.650000,0.600000,1.596183e-01,-7.969172e-01
0.656250,0.600000,1.584792e-01,-8.000279e-01
0.662500,0.600000,1.573153e-01,-8.032291e-01
0.668750,0.600000,1.561267e-01,-8.065229e-01
0.675000,0.600000,1.549134e-01,-8.099110e-01
0.681250,0.600000,1.536755e-01,-8.133954e-01
0.687500,0.600000,1.524129e-01,-8.169782e-01
0.693750,0.600000,1.511257e-01,-8.206616e-01
0.700000,0.600000,1.498139e-01,-8.244478e-01
0.706250,0.600000,1.484776e-01,-8.283392e-01
0.712500,0.600000,1.471166e-01,-8.323382e-01
0.718750,0.600000,1.457312e-01,-8.364476e-01
0.725000,0.600000,1.443717e-01,-8.405180e-01
0.731250,0.600000,1.431677e-01,-8.441548e-01
0.737500,0.600000,1.419141e-01,-8.479744e-01
0.743750,0.600000,1.406116e-01,-8.519789e-01
0.750000,0.600000,1.392611e-01,-8.561702e-01
0.250000,0.606250,4.533959e-02,-1.343522e+00
0.256250,0.606250,4.053270e-02,-1.392194e+00
0.262500,0.606250,3.576049e-02,-1.446597e+00
0.268750,0.606250,3.104679e-02,-1.507983e+00
0.275000,0.606250,2.643272e-02,-1.577858e+00
0.281250,0.606250,2.199356e-02,-1.657705e+00
0.287500,0.606250,1.787639e-02,-1.747720e+00
0.293750,0.606250,1.438212e-02,-1.842177e+00
0.300000,0.606250,1.209120e-02,-1.917531e+00
0.306250,0.606250,1.179019e-02,-1.928479e+00
0.312500,0.606250,1.344220e-02,-1.871530e+00
0.318750,0.606250,1.623007e-02,-1.789680e+00
0.325000,0.606250,1.972564e-02,-1.704969e+00
0.331250,0.606250,2.366096e-02,-1.625968e+00
0.337500,0.606250,2.789072e-02,-1.554540e+00
0.343750,0.606250,3.233692e-02,-1.490301e+00
0.350000,0.606250,3.695649e-02,-1.432309e+00
0.356250,0.606250,4.172484e-02,-1.379605e+00
0.362500,0.606250,4.662764e-02,-1.331357e+00
0.368750,0.606250,5.165647e-02,-1.286875e+00
0.375000,0.606250,5.680647e-02,-1.245602e+00
0.381250,0.606250,6.207500e-02,-1.207083e+00
0.387500,0.606250,6.746084e-02,-1.170948e+00
0.393750,0.606250,7.296370e-02,-1.136893e+00
0.400000,0.606250,7.858389e-02,-1.104666e+00
0.406250,0.606250,8.432215e-02,-1.074058e+00
0.412500,0.606250,8.936534e-02,-1.048831e+00
0.418750,0.606250,9.340333e-02,-1.029638e+00
0.425000,0.606250,9.755235e-02,-1.010762e+00
0.431250,0.606250,1.018092e-01,-9.922132e-01
0.437500,0.606250,1.061708e-01,-9.739949e-01
0.443750,0.606250,1.106347e-01,-9.561086e-01
0.450000,0.606250,1.151985e-01,-9.385531e-01
0.456250,0.606250,1.198602e-01,-9.213250e-01
0.462500,0.606250,1.246179e-01,-9.044197e-01
0.468750,0.606250,1.294699e-01,-8.878313e-01
0.475000,0.606250,1.327900e-01,-8.768345e-01
0.481250,0.606250,1.357720e-01,-8.671899e-01
0.487500,0.606250,1.385938e-01,-8.582561e-01
0.493750,0.606250,1.412987e-01,-8.498617e-01
0.500000,0.606250,1.475013e-01,-8.312042e-01
0.506250,0.606250,1.504741e-01,-8.225383e-01
0.512500,0.606250,1.529955e-01,-8.153215e-01
0.518750,0.606250,1.549547e-01,-8.097953e-01
0.525000,0.606250,1.566239e-01,-8.051419e-01
0.531250,0.606250,1.579885e-01,-8.013747e-01
0.537500,0.606250,1.590356e-01,-7.985057e-01
0.543750,0.606250,1.597545e-01,-7.965468e-01
0.550000,0.606250,1.605005e-01,-7.945236e-01
0.556250,0.606250,1.610853e-01,-7.929441e-01
0.562500,0.606250,1.615051e-01,-7.918137e-01
0.568750,0.606250,1.617575e-01,-7.911357e-01
0.575000,0.606250,1.618400e-01,-7.909143e-01
0.581250,0.606250,1.617505e-01,-7.911544e-01
0.587500,0.606250,1.614872e-01,-7.918618e-01
0.593750,0.606250,1.610485e-01,-7.930433e-01
0.600000,0.606250,1.604328e-01,-7.947069e-01
0.606250,0.606250,1.596387e-01,-7.968619e-01
0.612500,0.606250,1.586651e-01,-7.995187e-01
0.618750,0.606250,1.575109e-01,-8.026894e-01
0.625000,0.606250,1.566056e-01,-8.051928e-01
0.631250,0.606250,1.556747e-01,-8.077819e-01
0.637500,0.606250,1.547167e-01,-8.104629e-01
0.643750,0.606250,1.537314e-01,-8.132373e-01
0.650000,0.606250,1.527190e-01,-8.161068e-01
0.656250,0.606250,1.516795e-01,-8.190732e-01
0.662500,0.606250,1.506128e-01,-8.221381e-01
0.668750,0.606250,1.495190e-01,-8.253035e-01
0.675000,0.606250,1.483982e-01,-8.285715e-01
0.681250,0.606250,1.472503e-01,-8.319440e-01
0.687500,0.606250,1.460753e-01,-8.354232e-01
0.693750,0.606250,1.448734e-01,-8.390115e-01
0.700000,0.606250,1.436444e-01,-8.427112e-01
0.706250,0.606250,1.423886e-01,-8.465249e-01
0.712500,0.606250,1.411058e-01,-8.504551e-01
0.718750,0.606250,1.397962e-01,-8.545048e-01
0.725000,0.606250,1.385168e-01,-8.584976e-01
0.731250,0.606250,1.374203e-01,-8.619492e-01
0.737500,0.606250,1.362786e-01,-8.655724e-01
0.743750,0.606250,1.350927e-01,-8.693680e-01
0.750000,0.606250,1.338637e-01,-8.733373e-01
0.250000,0.612500,4.638876e-02,-1.333587e+00
0.256250,0.612500,4.161648e-02,-1.380735e+00
0.262500,0.612500,3.686224e-02,-1.433418e+00
0.268750,0.612500,3.214130e-02,-1.492937e+00
0.275000,0.612500,2.747987e-02,-1.560985e+00
0.281250,0.612500,2.292582e-02,-1.639675e+00
0.287500,0.612500,1.857340e-02,-1.731109e+00
0.293750,0.612500,1.462416e-02,-1.834929e+00
0.300000,0.612500,1.152817e-02,-1.938240e+00
0.306250,0.612500,1.020143e-02,-1.991339e+00
0.312500,0.612500,1.114830e-02,-1.952792e+00
0.318750,0.612500,1.348165e-02,-1.870257e+00
0.325000,0.612500,1.668057e-02,-1.777789e+00
0.331250,0.612500,2.038757e-02,-1.690635e+00
0.337500,0.612500,2.441405e-02,-1.612360e+00
0.343750,0.612500,2.866399e-02,-1.542663e+00
0.350000,0.612500,3.308687e-02,-1.480344e+00
0.356250,0.612500,3.765494e-02,-1.424178e+00
0.362500,0.612500,4.235248e-02,-1.373121e+00
0.368750,0.612500,4.717045e-02,-1.326330e+00
0.375000,0.612500,5.210367e-02,-1.283132e+00
0.381250,0.612500,5.714934e-02,-1.242989e+00
0.387500,0.612500,6.230613e-02,-1.205469e+00
0.393750,0.612500,6.757365e-02,-1.170223e+00
0.400000,0.612500,7.295213e-02,-1.136962e+00
0.406250,0.612500,7.844222e-02,-1.105450e+00
0.412500,0.612500,8.325848e-02,-1.079571e+00
0.418750,0.612500,8.710095e-02,-1.059977e+00
0.425000,0.612500,9.104723e-02,-1.040733e+00
0.431250,0.612500,9.509376e-02,-1.021848e+00
0.437500,0.612500,9.923737e-02,-1.003325e+00
0.443750,0.612500,1.034753e-01,-9.851634e-01
0.450000,0.612500,1.078050e-01,-9.673613e-01
0.456250,0.612500,1.122242e-01,-9.499133e-01
0.462500,0.612500,1.167311e-01,-9.328133e-01
0.468750,0.612500,1.213239e-01,-9.160536e-01
0.475000,0.612500,1.245788e-01,-9.045558e-01
0.481250,0.612500,1.275250e-01,-8.944045e-01
0.487500,0.612500,1.303172e-01,-8.849983e-01
0.493750,0.612500,1.329711e-01,-8.762429e-01
0.500000,0.612500,1.389082e-01,-8.572720e-01
0.506250,0.612500,1.417921e-01,-8.483480e-01
0.512500,0.612500,1.443053e-01,-8.407177e-01
0.518750,0.612500,1.462968e-01,-8.347653e-01
0.525000,0.612500,1.480115e-01,-8.297046e-01
0.531250,0.612500,1.494364e-01,-8.255437e-01
0.537500,0.612500,1.505603e-01,-8.222897e-01
0.543750,0.612500,1.513736e-01,-8.199500e-01
0.550000,0.612500,1.521624e-01,-8.176927e-01
0.556250,0.612500,1.527964e-01,-8.158870e-01
0.562500,0.612500,1.532720e-01,-8.145371e-01
0.568750,0.612500,1.535869e-01,-8.136458e-01
0.575000,0.612500,1.537388e-01,-8.132166e-01
0.581250,0.612500,1.537256e-01,-8.132537e-01
0.587500,0.612500,1.535457e-01,-8.137623e-01
0.593750,0.612500,1.531973e-01,-8.147488e-01
0.600000,0.612500,1.526791e-01,-8.162205e-01
0.606250,0.612500,1.519896e-01,-8.181861e-01
0.612500,0.612500,1.511277e-01,-8.206558e-01
0.618750,0.612500,1.500924e-01,-8.236412e-01
0.625000,0.612500,1.493000e-01,-8.259401e-01
0.631250,0.612500,1.484796e-01,-8.283332e-01
0.637500,0.612500,1.476296e-01,-8.308267e-01
0.643750,0.612500,1.467499e-01,-8.334221e-01
0.650000,0.612500,1.458408e-01,-8.361211e-01
0.656250,0.612500,1.449021e-01,-8.389254e-01
0.662500,0.612500,1.439339e-01,-8.418370e-01
0.668750,0.612500,1.429362e-01,-8.448578e-01
0.675000,0.612500,1.419091e-01,-8.479898e-01
0.681250,0.612500,1.408526e-01,-8.512352e-01
0.687500,0.612500,1.397667e-01,-8.545963e-01
0.693750,0.612500,1.386515e-01,-8.580754e-01
0.700000,0.612500,1.375070e-01,-8.616751e-01
0.706250,0.612500,1.363333e-01,-8.653981e-01
0.712500,0.612500,1.351304e-01,-8.692470e-01
0.718750,0.612500,1.338983e-01,-8.732248e-01
0.725000,0.612500,1.327013e-01,-8.771249e-01
0.731250,0.612500,1.317159e-01,-8.803619e-01
0.737500,0.612500,1.306901e-01,-8.837573e-01
0.743750,0.612500,1.296249e-01,-8.873115e-01
0.750000,0.612500,1.285215e-01,-8.910241e-01
0.250000,0.618750,4.745713e-02,-1.323699e+00
0.256250,0.618750,4.273145e-02,-1.369252e+00
0.262500,0.618750,3.801150e-02,-1.420085e+00
0.268750,0.618750,3.330641e-02,-1.477472e+00
0.275000,0.618750,2.863182e-02,-1.543151e+00
0.281250,0.618750,2.401614e-02,-1.619497e+00
0.287500,0.618750,1.951505e-02,-1.709630e+00
0.293750,0.618750,1.524912e-02,-1.816755e+00
0.300000,0.618750,1.150958e-02,-1.938940e+00
0.306250,0.618750,9.128096e-03,-2.039620e+00
0.312500,0.618750,9.161106e-03,-2.038052e+00
0.318750,0.618750,1.087800e-02,-1.963451e+00
0.325000,0.618750,1.371645e-02,-1.862758e+00
0.331250,0.618750,1.717821e-02,-1.765022e+00
0.337500,0.618750,2.100108e-02,-1.677758e+00
0.343750,0.618750,2.505994e-02,-1.601020e+00
0.350000,0.618750,2.929305e-02,-1.533235e+00
0.356250,0.618750,3.366825e-02,-1.472780e+00
0.362500,0.618750,3.816794e-02,-1.418301e+00
0.368750,0.618750,4.278231e-02,-1.368736e+00
0.375000,0.618750,4.750581e-02,-1.323253e+00
0.381250,0.618750,5.233547e-02,-1.281204e+00
0.387500,0.618750,5.726985e-02,-1.242074e+00
0.393750,0.618750,6.230848e-02,-1.205453e+00
0.400000,0.618750,6.745152e-02,-1.171008e+00
0.406250,0.618750,7.269953e-02,-1.138468e+00
0.412500,0.618750,7.729321e-02,-1.111859e+00
0.418750,0.618750,8.094222e-02,-1.091825e+00
0.425000,0.618750,8.468775e-02,-1.072179e+00
0.431250,0.618750,8.852589e-02,-1.052930e+00
0.437500,0.618750,9.245325e-02,-1.034078e+00
0.443750,0.618750,9.646681e-02,-1.015622e+00
0.450000,0.618750,1.005639e-01,-9.975577e-01
0.456250,0.618750,1.047423e-01,-9.798779e-01
0.462500,0.618750,1.089998e-01,-9.625742e-01
0.468750,0.618750,1.133347e-01,-9.456371e-01
0.475000,0.618750,1.165048e-01,-9.336563e-01
0.481250,0.618750,1.193950e-01,-9.230140e-01
0.487500,0.618750,1.221391e-01,-9.131454e-01
0.493750,0.618750,1.247293e-01,-9.040317e-01
0.500000,0.618750,1.304064e-01,-8.847011e-01
0.506250,0.618750,1.331954e-01,-8.755108e-01
0.512500,0.618750,1.356864e-01,-8.674638e-01
0.518750,0.618750,1.376953e-01,-8.610810e-01
0.525000,0.618750,1.394427e-01,-8.556042e-01
0.531250,0.618750,1.409171e-01,-8.510362e-01
0.537500,0.618750,1.421088e-01,-8.473791e-01
0.543750,0.618750,1.430092e-01,-8.446361e-01
0.550000,0.618750,1.438389e-01,-8.421237e-01
0.556250,0.618750,1.445203e-01,-8.400710e-01
0.562500,0.618750,1.450505e-01,-8.384808e-01
0.568750,0.618750,1.454270e-01,-8.373551e-01
0.575000,0.618750,1.456476e-01,-8.366966e-01
0.581250,0.618750,1.457106e-01,-8.365090e-01
0.587500,0.618750,1.456140e-01,-8.367967e-01
0.593750,0.618750,1.453565e-01,-8.375654e-01
0.600000,0.618750,1.449366e-01,-8.388219e-01
0.606250,0.618750,1.443530e-01,-8.405743e-01
0.612500,0.618750,1.436045e-01,-8.428320e-01
0.618750,0.618750,1.426901e-01,-8.456061e-01
0.625000,0.618750,1.420117e-01,-8.476759e-01
0.631250,0.618750,1.413029e-01,-8.498491e-01
0.637500,0.618750,1.405620e-01,-8.521320e-01
0.643750,0.618750,1.397893e-01,-8.545261e-01
0.650000,0.618750,1.389846e-01,-8.570332e-01
0.656250,0.618750,1.381481e-01,-8.596550e-01
0.662500,0.618750,1.372798e-01,-8.623934e-01
0.668750,0.618750,1.363797e-01,-8.652503e-01
0.675000,0.618750,1.354478e-01,-8.682279e-01
0.681250,0.618750,1.344843e-01,-8.713284e-01
0.687500,0.618750,1.334891e-01,-8.745541e-01
0.693750,0.618750,1.324624e-01,-8.779074e-01
0.700000,0.618750,1.314041e-01,-8.813911e-01
0.706250,0.618750,1.303144e-01,-8.850076e-01
0.712500,0.618750,1.291933e-01,-8.887601e-01
0.718750,0.618750,1.280408e-01,-8.926515e-01
0.725000,0.618750,1.269285e-01,-8.964408e-01
0.731250,0.618750,1.260582e-01,-8.994288e-01
0.737500,0.618750,1.251524e-01,-9.025607e-01
0.743750,0.618750,1.242123e-01,-9.058354e-01
0.750000,0.618750,1.232390e-01,-9.092518e-01
0.250000,0.625000,4.854089e-02,-1.313892e+00
0.256250,0.625000,4.387221e-02,-1.357810e+00
0.262500,0.625000,3.920045e-02,-1.406709e+00
0.268750,0.625000,3.453053e-02,-1.461797e+00
0.275000,0.625000,2.987098e-02,-1.524751e+00
0.281250,0.625000,2.523718e-02,-1.597959e+00
0.287500,0.625000,2.065905e-02,-1.684890e+00
0.293750,0.625000,1.620081e-02,-1.790463e+00
0.300000,0.625000,1.202100e-02,-1.920059e+00
0.306250,0.625000,8.736115e-03,-2.058682e+00
0.312500,0.625000,7.682999e-03,-2.114469e+00
0.318750,0.625000,8.508676e-03,-2.070138e+00
0.325000,0.625000,1.085725e-02,-1.964280e+00
0.331250,0.625000,1.403722e-02,-1.852719e+00
0.337500,0.625000,1.765137e-02,-1.753222e+00
0.343750,0.625000,2.152346e-02,-1.667088e+00
0.350000,0.625000,2.557385e-02,-1.592204e+00
0.356250,0.625000,2.976383e-02,-1.526311e+00
0.362500,0.625000,3.407334e-02,-1.467585e+00
0.368750,0.625000,3.849155e-02,-1.414635e+00
0.375000,0.625000,4.301254e-02,-1.366405e+00
0.381250,0.625000,4.763315e-02,-1.322091e+00
0.387500,0.625000,5.235185e-02,-1.281068e+00
0.393750,0.625000,5.716811e-02,-1.242846e+00
0.400000,0.625000,6.208202e-02,-1.207034e+00
0.406250,0.625000,6.709409e-02,-1.173316e+00
0.412500,0.625000,7.146938e-02,-1.145880e+00
0.418750,0.625000,7.492669e-02,-1.125363e+00
0.425000,0.625000,7.847314e-02,-1.105279e+00
0.431250,0.625000,8.210453e-02,-1.085633e+00
0.437500,0.625000,8.581718e-02,-1.066426e+00
0.443750,0.625000,8.960789e-02,-1.047654e+00
0.450000,0.625000,9.347386e-02,-1.029310e+00
0.456250,0.625000,9.741263e-02,-1.011385e+00
0.462500,0.625000,1.014221e-01,-9.938676e-01
0.468750,0.625000,1.055002e-01,-9.767467e-01
0.475000,0.625000,1.085665e-01,-9.643041e-01
0.481250,0.625000,1.113811e-01,-9.531885e-01
0.487500,0.625000,1.140595e-01,-9.428687e-01
0.493750,0.625000,1.165737e-01,-9.333994e-01
0.500000,0.625000,1.219966e-01,-9.136524e-01
0.506250,0.625000,1.246851e-01,-9.041855e-01
0.512500,0.625000,1.271403e-01,-8.957168e-01
0.518750,0.625000,1.291524e-01,-8.888975e-01
0.525000,0.625000,1.309202e-01,-8.829934e-01
0.531250,0.625000,1.324336e-01,-8.780018e-01
0.537500,0.625000,1.336841e-01,-8.739203e-01
0.543750,0.625000,1.346642e-01,-8.707477e-01
0.550000,0.625000,1.355326e-01,-8.679561e-01
0.556250,0.625000,1.362598e-01,-8.656321e-01
0.562500,0.625000,1.368431e-01,-8.637772e-01
0.568750,0.625000,1.372800e-01,-8.623926e-01
0.575000,0.625000,1.375687e-01,-8.614802e-01
0.581250,0.625000,1.377074e-01,-8.610428e-01
0.587500,0.625000,1.376942e-01,-8.610842e-01
0.593750,0.625000,1.375279e-01,-8.616092e-01
0.600000,0.625000,1.372069e-01,-8.626239e-01
0.606250,0.625000,1.367302e-01,-8.641356e-01
0.612500,0.625000,1.360965e-01,-8.661531e-01
0.618750,0.625000,1.353048e-01,-8.686867e-01
0.625000,0.625000,1.347416e-01,-8.704982e-01
0.631250,0.625000,1.341456e-01,-8.724234e-01
0.637500,0.625000,1.335154e-01,-8.744687e-01
0.643750,0.625000,1.328509e-01,-8.766356e-01
0.650000,0.625000,1.321522e-01,-8.789256e-01
0.656250,0.625000,1.314194e-01,-8.813407e-01
0.662500,0.625000,1.306524e-01,-8.838825e-01
0.668750,0.625000,1.298515e-01,-8.865530e-01
0.675000,0.625000,1.290166e-01,-8.893544e-01
0.681250,0.625000,1.281478e-01,-8.922889e-01
0.687500,0.625000,1.272452e-01,-8.953587e-01
0.693750,0.625000,1.263088e-01,-8.985665e-01
0.700000,0.625000,1.253387e-01,-9.019148e-01
0.706250,0.625000,1.243351e-01,-9.054064e-01
0.712500,0.625000,1.232979e-01,-9.090442e-01
0.718750,0.625000,1.222274e-01,-9.128314e-01
0.725000,0.625000,1.212026e-01,-9.164881e-01
0.731250,0.625000,1.204516e-01,-9.191873e-01
0.737500,0.625000,1.196703e-01,-9.220137e-01
0.743750,0.625000,1.188597e-01,-9.249653e-01
0.750000,0.625000,1.180213e-01,-9.280397e-01
0.250000,0.631250,4.963666e-02,-1.304197e+00
0.256250,0.631250,4.503396e-02,-1.346460e+00
0.262500,0.631250,4.042218e-02,-1.393380e+00
0.268750,0.631250,3.580351e-02,-1.446074e+00
0.275000,0.631250,3.118190e-02,-1.506097e+00
0.281250,0.631250,2.656462e-02,-1.575696e+00
0.287500,0.631250,2.196572e-02,-1.658255e+00
0.293750,0.631250,1.741498e-02,-1.759077e+00
0.300000,0.631250,1.298474e-02,-1.886567e+00
0.306250,0.631250,9.089933e-03,-2.041439e+00
0.312500,0.631250,7.001610e-03,-2.154802e+00
0.318750,0.631250,6.575271e-03,-2.182086e+00
0.325000,0.631250,8.159091e-03,-2.088358e+00
0.331250,0.631250,1.097457e-02,-1.959612e+00
0.337500,0.631250,1.436504e-02,-1.842693e+00
0.343750,0.631250,1.805324e-02,-1.743445e+00
0.350000,0.631250,2.192817e-02,-1.658998e+00
0.356250,0.631250,2.594108e-02,-1.586012e+00
0.362500,0.631250,3.006847e-02,-1.521889e+00
0.368750,0.631250,3.429830e-02,-1.464727e+00
0.375000,0.631250,3.862422e-02,-1.413140e+00
0.381250,0.631250,4.304291e-02,-1.366098e+00
0.387500,0.631250,4.755278e-02,-1.322824e+00
0.393750,0.631250,5.215328e-02,-1.282718e+00
0.400000,0.631250,5.684447e-02,-1.245312e+00
0.406250,0.631250,6.162681e-02,-1.210230e+00
0.412500,0.631250,6.578782e-02,-1.181855e+00
0.418750,0.631250,6.905479e-02,-1.160806e+00
0.425000,0.631250,7.240356e-02,-1.140240e+00
0.431250,0.631250,7.582955e-02,-1.120162e+00
0.437500,0.631250,7.932883e-02,-1.100569e+00
0.443750,0.631250,8.289797e-02,-1.081456e+00
0.450000,0.631250,8.653402e-02,-1.062813e+00
0.456250,0.631250,9.023440e-02,-1.044628e+00
0.462500,0.631250,9.399685e-02,-1.026887e+00
0.468750,0.631250,9.781941e-02,-1.009575e+00
0.475000,0.631250,1.007637e-01,-9.966959e-01
0.481250,0.631250,1.034837e-01,-9.851279e-01
0.487500,0.631250,1.060793e-01,-9.743693e-01
0.493750,0.631250,1.085057e-01,-9.645476e-01
0.500000,0.631250,1.136806e-01,-9.443135e-01
0.506250,0.631250,1.162633e-01,-9.345572e-01
0.512500,0.631250,1.186698e-01,-9.256599e-01
0.518750,0.631250,1.206713e-01,-9.183961e-01
0.525000,0.631250,1.224474e-01,-9.120505e-01
0.531250,0.631250,1.239893e-01,-9.066156e-01
0.537500,0.631250,1.252898e-01,-9.020844e-01
0.543750,0.631250,1.263423e-01,-8.984513e-01
0.550000,0.631250,1.272471e-01,-8.953521e-01
0.556250,0.631250,1.280181e-01,-8.927285e-01
0.562500,0.631250,1.286529e-01,-8.905805e-01
0.568750,0.631250,1.291492e-01,-8.889084e-01
0.575000,0.631250,1.295050e-01,-8.877133e-01
0.581250,0.631250,1.297188e-01,-8.869971e-01
0.587500,0.631250,1.297888e-01,-8.867626e-01
0.593750,0.631250,1.297138e-01,-8.870139e-01
0.600000,0.631250,1.294923e-01,-8.877562e-01
0.606250,0.631250,1.291231e-01,-8.889959e-01
0.612500,0.631250,1.286053e-01,-8.907410e-01
0.618750,0.631250,1.279379e-01,-8.930008e-01
0.625000,0.631250,1.274913e-01,-8.945195e-01
0.631250,0.631250,1.270096e-01,-8.961636e-01
0.637500,0.631250,1.264913e-01,-8.979393e-01
0.643750,0.631250,1.259366e-01,-8.998481e-01
0.650000,0.631250,1.253454e-01,-9.018915e-01
0.656250,0.631250,1.247180e-01,-9.040710e-01
0.662500,0.631250,1.240542e-01,-9.063886e-01
0.668750,0.631250,1.233542e-01,-9.088459e-01
0.675000,0.631250,1.226182e-01,-9.114452e-01
0.681250,0.631250,1.218461e-01,-9.141885e-01
0.687500,0.631250,1.210380e-01,-9.170782e-01
0.693750,0.631250,1.201941e-01,-9.201167e-01
0.700000,0.631250,1.193145e-01,-9.233066e-01
0.706250,0.631250,1.183993e-01,-9.266507e-01
0.712500,0.631250,1.174486e-01,-9.301520e-01
0.718750,0.631250,1.164626e-01,-9.338135e-01
0.725000,0.631250,1.155284e-01,-9.373114e-01
0.731250,0.631250,1.149014e-01,-9.396748e-01
0.737500,0.631250,1.142492e-01,-9.421470e-01
0.743750,0.631250,1.135731e-01,-9.447247e-01
0.750000,0.631250,1.128745e-01,-9.474043e-01
0.250000,0.637500,5.074145e-02,-1.294637e+00
0.256250,0.637500,4.621246e-02,-1.335241e+00
0.262500,0.637500,4.167064e-02,-1.380170e+00
0.268750,0.637500,3.711649e-02,-1.430433e+00
0.275000,0.637500,3.255126e-02,-1.487432e+00
0.281250,0.637500,2.797752e-02,-1.553191e+00
0.287500,0.637500,2.340050e-02,-1.630775e+00
0.293750,0.637500,1.883130e-02,-1.725120e+00
0.300000,0.637500,1.429626e-02,-1.844777e+00
0.306250,0.637500,1.009066e-02,-1.996080e+00
0.312500,0.637500,7.304574e-03,-2.136405e+00
0.318750,0.637500,5.490495e-03,-2.260389e+00
0.325000,0.637500,5.775755e-03,-2.238391e+00
0.331250,0.637500,8.015985e-03,-2.096043e+00
0.337500,0.637500,1.114358e-02,-1.952975e+00
0.343750,0.637500,1.464786e-02,-1.834226e+00
0.350000,0.637500,1.835519e-02,-1.736241e+00
0.356250,0.637500,2.220004e-02,-1.653646e+00
0.362500,0.637500,2.615404e-02,-1.582461e+00
0.368750,0.637500,3.020372e-02,-1.519940e+00
0.375000,0.637500,3.434232e-02,-1.464170e+00
0.381250,0.637500,3.856645e-02,-1.413790e+00
0.387500,0.637500,4.287454e-02,-1.367800e+00
0.393750,0.637500,4.726606e-02,-1.325451e+00
0.400000,0.637500,5.174106e-02,-1.286165e+00
0.406250,0.637500,5.630000e-02,-1.249492e+00
0.412500,0.637500,6.025067e-02,-1.220038e+00
0.418750,0.637500,6.332828e-02,-1.198402e+00
0.425000,0.637500,6.648041e-02,-1.177306e+00
0.431250,0.637500,6.970210e-02,-1.156754e+00
0.437500,0.637500,7.298911e-02,-1.136742e+00
0.443750,0.637500,7.633781e-02,-1.117260e+00
0.450000,0.637500,7.974505e-02,-1.098296e+00
0.456250,0.637500,8.320813e-02,-1.079834e+00
0.462500,0.637500,8.672471e-02,-1.061857e+00
0.468750,0.637500,9.029274e-02,-1.044347e+00
0.475000,0.637500,9.309738e-02,-1.031063e+00
0.481250,0.637500,9.570460e-02,-1.019067e+00
0.487500,0.637500,9.820080e-02,-1.007885e+00
0.493750,0.637500,1.005276e-01,-9.977145e-01
0.500000,0.637500,1.054618e-01,-9.769048e-01
0.506250,0.637500,1.079337e-01,-9.668431e-01
0.512500,0.637500,1.102788e-01,-9.575080e-01
0.518750,0.637500,1.122563e-01,-9.497893e-01
0.525000,0.637500,1.140289e-01,-9.429849e-01
0.531250,0.637500,1.155892e-01,-9.370829e-01
0.537500,0.637500,1.169306e-01,-9.320718e-01
0.543750,0.637500,1.180478e-01,-9.279422e-01
0.550000,0.637500,1.189866e-01,-9.245019e-01
0.556250,0.637500,1.197995e-01,-9.215451e-01
0.562500,0.637500,1.204840e-01,-9.190706e-01
0.568750,0.637500,1.210382e-01,-9.170776e-01
0.575000,0.637500,1.214602e-01,-9.155660e-01
0.581250,0.637500,1.217483e-01,-9.145370e-01
0.587500,0.637500,1.219011e-01,-9.139923e-01
0.593750,0.637500,1.219172e-01,-9.139350e-01
0.600000,0.637500,1.217953e-01,-9.143693e-01
0.606250,0.637500,1.215344e-01,-9.153008e-01
0.612500,0.637500,1.211334e-01,-9.167362e-01
0.618750,0.637500,1.205913e-01,-9.186839e-01
0.625000,0.637500,1.202628e-01,-9.198687e-01
0.631250,0.637500,1.198969e-01,-9.211921e-01
0.637500,0.637500,1.194922e-01,-9.226603e-01
0.643750,0.637500,1.190490e-01,-9.242743e-01
0.650000,0.637500,1.185671e-01,-9.260356e-01
0.656250,0.637500,1.180468e-01,-9.279456e-01
0.662500,0.637500,1.174882e-01,-9.300059e-01
0.668750,0.637500,1.168912e-01,-9.322182e-01
0.675000,0.637500,1.162561e-01,-9.345844e-01
0.681250,0.637500,1.155829e-01,-9.371065e-01
0.687500,0.637500,1.148717e-01,-9.397868e-01
0.693750,0.637500,1.141228e-01,-9.426276e-01
0.700000,0.637500,1.133362e-01,-9.456313e-01
0.706250,0.637500,1.125121e-01,-9.488008e-01
0.712500,0.637500,1.116507e-01,-9.521387e-01
0.718750,0.637500,1.107520e-01,-9.556482e-01
0.725000,0.637500,1.099118e-01,-9.589556e-01
0.731250,0.637500,1.094137e-01,-9.609281e-01
0.737500,0.637500,1.088958e-01,-9.629889e-01
0.743750,0.637500,1.083594e-01,-9.651336e-01
0.750000,0.637500,1.078059e-01,-9.673574e-01
0.250000,0.643750,5.185262e-02,-1.285229e+00
0.256250,0.643750,4.740402e-02,-1.324185e+00
0.262500,0.643750,4.294056e-02,-1.367132e+00
0.268750,0.643750,3.846184e-02,-1.414970e+00
0.275000,0.643750,3.396770e-02,-1.468934e+00
0.281250,0.643750,2.945831e-02,-1.530792e+00
0.287500,0.643750,2.493462e-02,-1.603197e+00
0.293750,0.643750,2.039907e-02,-1.690390e+00
0.300000,0.643750,1.585783e-02,-1.799756e+00
0.306250,0.643750,1.155397e-02,-1.937269e+00
0.312500,0.643750,8.455678e-03,-2.072852e+00
0.318750,0.643750,5.697505e-03,-2.244315e+00
0.325000,0.643750,4.174269e-03,-2.379420e+00
0.331250,0.643750,5.244208e-03,-2.280320e+00
0.337500,0.643750,7.992548e-03,-2.097315e+00
0.343750,0.643750,1.130588e-02,-1.946696e+00
0.350000,0.643750,1.485470e-02,-1.828136e+00
0.356250,0.643750,1.854201e-02,-1.731843e+00
0.362500,0.643750,2.233240e-02,-1.651065e+00
0.368750,0.643750,2.621080e-02,-1.581520e+00
0.375000,0.643750,3.017025e-02,-1.520421e+00
0.381250,0.643750,3.420746e-02,-1.465879e+00
0.387500,0.643750,3.832101e-02,-1.416563e+00
0.393750,0.643750,4.251047e-02,-1.371504e+00
0.400000,0.643750,4.677597e-02,-1.329977e+00
0.406250,0.643750,5.111799e-02,-1.291426e+00
0.412500,0.643750,5.486213e-02,-1.260727e+00
0.418750,0.643750,5.775086e-02,-1.238442e+00
0.425000,0.643750,6.070702e-02,-1.216761e+00
0.431250,0.643750,6.372522e-02,-1.195689e+00
0.437500,0.643750,6.680086e-02,-1.175218e+00
0.443750,0.643750,6.993007e-02,-1.155336e+00
0.450000,0.643750,7.310952e-02,-1.136026e+00
0.456250,0.643750,7.633636e-02,-1.117269e+00
0.462500,0.643750,7.960816e-02,-1.099042e+00
0.468750,0.643750,8.292278e-02,-1.081326e+00
0.475000,0.643750,8.557071e-02,-1.067675e+00
0.481250,0.643750,8.804730e-02,-1.055284e+00
0.487500,0.643750,9.042801e-02,-1.043697e+00
0.493750,0.643750,9.264390e-02,-1.033183e+00
0.500000,0.643750,9.734518e-02,-1.011686e+00
0.506250,0.643750,9.970154e-02,-1.001298e+00
0.512500,0.643750,1.019733e-01,-9.915136e-01
0.518750,0.643750,1.039137e-01,-9.833272e-01
0.525000,0.643750,1.056712e-01,-9.760433e-01
0.531250,0.643750,1.072394e-01,-9.696456e-01
0.537500,0.643750,1.086128e-01,-9.641191e-01
0.543750,0.643750,1.097866e-01,-9.594505e-01
0.550000,0.643750,1.107569e-01,-9.556293e-01
0.556250,0.643750,1.116092e-01,-9.522999e-01
0.562500,0.643750,1.123416e-01,-9.494593e-01
0.568750,0.643750,1.129521e-01,-9.471056e-01
0.575000,0.643750,1.134389e-01,-9.452378e-01
0.581250,0.643750,1.138005e-01,-9.438558e-01
0.587500,0.643750,1.140354e-01,-9.429604e-01
0.593750,0.643750,1.141422e-01,-9.425536e-01
0.600000,0.643750,1.141199e-01,-9.426385e-01
0.606250,0.643750,1.139674e-01,-9.432193e-01
0.612500,0.643750,1.136837e-01,-9.443018e-01
0.618750,0.643750,1.132679e-01,-9.458930e-01
0.625000,0.643750,1.130591e-01,-9.466946e-01
0.631250,0.643750,1.128107e-01,-9.476499e-01
0.637500,0.643750,1.125214e-01,-9.487647e-01
0.643750,0.643750,1.121915e-01,-9.500401e-01
0.650000,0.643750,1.118209e-01,-9.514769e-01
0.656250,0.643750,1.114099e-01,-9.530764e-01
0.662500,0.643750,1.109584e-01,-9.548398e-01
0.668750,0.643750,1.104667e-01,-9.567687e-01
0.675000,0.643750,1.099349e-01,-9.588646e-01
0.681250,0.643750,1.093630e-01,-9.611294e-01
0.687500,0.643750,1.087514e-01,-9.635651e-01
0.693750,0.643750,1.081002e-01,-9.661737e-01
0.700000,0.643750,1.074094e-01,-9.689576e-01
0.706250,0.643750,1.066795e-01,-9.719192e-01
0.712500,0.643750,1.059104e-01,-9.750613e-01
0.718750,0.643750,1.051026e-01,-9.783866e-01
0.725000,0.643750,1.043603e-01,-9.814648e-01
0.731250,0.643750,1.039965e-01,-9.829813e-01
0.737500,0.643750,1.036183e-01,-9.845636e-01
0.743750,0.643750,1.032271e-01,-9.862063e-01
0.750000,0.643750,1.028244e-01,-9.879038e-01
0.250000,0.650000,5.296785e-02,-1.275988e+00
0.256250,0.650000,4.860540e-02,-1.313316e+00
0.262500,0.650000,4.422737e-02,-1.354309e+00
0.268750,0.650000,3.983301e-02,-1.399757e+00
0.275000,0.650000,3.542160e-02,-1.450732e+00
0.281250,0.650000,3.099242e-02,-1.508745e+00
0.287500,0.650000,2.654485e-02,-1.576020e+00
0.293750,0.650000,2.207837e-02,-1.656033e+00
0.300000,0.650000,1.759276e-02,-1.754666e+00
0.306250,0.650000,1.331348e-02,-1.875708e+00
0.312500,0.650000,1.014561e-02,-1.993722e+00
0.318750,0.650000,7.038285e-03,-2.152533e+00
0.325000,0.650000,4.240051e-03,-2.372629e+00
0.331250,0.650000,3.038721e-03,-2.517309e+00
0.337500,0.650000,4.934067e-03,-2.306795e+00
0.343750,0.650000,8.025793e-03,-2.095512e+00
0.350000,0.650000,1.142813e-02,-1.942025e+00
0.356250,0.650000,1.497117e-02,-1.824744e+00
0.362500,0.650000,1.860918e-02,-1.730273e+00
0.368750,0.650000,2.232592e-02,-1.651191e+00
0.375000,0.650000,2.611476e-02,-1.583114e+00
0.381250,0.650000,2.997289e-02,-1.523271e+00
0.387500,0.650000,3.389927e-02,-1.469810e+00
0.393750,0.650000,3.789370e-02,-1.421433e+00
0.400000,0.650000,4.195649e-02,-1.377201e+00
0.406250,0.650000,4.608818e-02,-1.336410e+00
0.412500,0.650000,4.962939e-02,-1.304261e+00
0.418750,0.650000,5.232915e-02,-1.281256e+00
0.425000,0.650000,5.508958e-02,-1.258931e+00
0.431250,0.650000,5.790475e-02,-1.237286e+00
0.437500,0.650000,6.076971e-02,-1.216313e+00
0.443750,0.650000,6.368027e-02,-1.195995e+00
0.450000,0.650000,6.663290e-02,-1.176311e+00
0.456250,0.650000,6.962458e-02,-1.157237e+00
0.462500,0.650000,7.265275e-02,-1.138748e+00
0.468750,0.650000,7.571522e-02,-1.120817e+00
0.475000,0.650000,7.818979e-02,-1.106850e+00
0.481250,0.650000,8.051835e-02,-1.094105e+00
0.487500,0.650000,8.276762e-02,-1.082140e+00
0.493750,0.650000,8.486118e-02,-1.071291e+00
0.500000,0.650000,8.933867e-02,-1.048961e+00
0.506250,0.650000,9.157526e-02,-1.038222e+00
0.512500,0.650000,9.376184e-02,-1.027974e+00
0.518750,0.650000,9.565221e-02,-1.019305e+00
0.525000,0.650000,9.738298e-02,-1.011517e+00
0.531250,0.650000,9.894864e-02,-1.004590e+00
0.537500,0.650000,1.003445e-01,-9.985064e-01
0.543750,0.650000,1.015666e-01,-9.932489e-01
0.550000,0.650000,1.025653e-01,-9.889997e-01
0.556250,0.650000,1.034545e-01,-9.852505e-01
0.562500,0.650000,1.042326e-01,-9.819965e-01
0.568750,0.650000,1.048975e-01,-9.792349e-01
0.575000,0.650000,1.054475e-01,-9.769635e-01
0.581250,0.650000,1.058812e-01,-9.751810e-01
0.587500,0.650000,1.061972e-01,-9.738870e-01
0.593750,0.650000,1.063942e-01,-9.730822e-01
0.600000,0.650000,1.064710e-01,-9.727685e-01
0.606250,0.650000,1.064268e-01,-9.729489e-01
0.612500,0.650000,1.062606e-01,-9.736277e-01
0.618750,0.650000,1.059716e-01,-9.748106e-01
0.625000,0.650000,1.058841e-01,-9.751691e-01
0.631250,0.650000,1.057551e-01,-9.756986e-01
0.637500,0.650000,1.055833e-01,-9.764049e-01
0.643750,0.650000,1.053687e-01,-9.772883e-01
0.650000,0.650000,1.051116e-01,-9.783494e-01
0.656250,0.650000,1.048120e-01,-9.795889e-01
0.662500,0.650000,1.044702e-01,-9.810076e-01
0.668750,0.650000,1.040862e-01,-9.826067e-01
0.675000,0.650000,1.036603e-01,-9.843874e-01
0.681250,0.650000,1.031927e-01,-9.863510e-01
0.687500,0.650000,1.026835e-01,-9.884993e-01
0.693750,0.650000,1.021330e-01,-9.908339e-01
0.700000,0.650000,1.015414e-01,-9.933569e-01
0.706250,0.650000,1.009089e-01,-9.960703e-01
0.712500,0.650000,1.002359e-01,-9.989765e-01
0.718750,0.650000,9.952267e-02,-1.002078e+00
0.725000,0.650000,9.888261e-02,-1.004880e+00
0.731250,0.650000,9.865900e-02,-1.005863e+00
0.737500,0.650000,9.842648e-02,-1.006888e+00
0.743750,0.650000,9.818647e-02,-1.007948e+00
0.750000,0.650000,9.794048e-02,-1.009038e+00
0.250000,0.656250,5.408514e-02,-1.266922e+00
0.256250,0.656250,4.981376e-02,-1.302651e+00
0.262500,0.656250,4.552711e-02,-1.341730e+00
0.268750,0.656250,4.122440e-02,-1.384846e+00
0.275000,0.656250,3.690490e-02,-1.432916e+00
0.281250,0.656250,3.256788e-02,-1.487211e+00
0.287500,0.656250,2.821268e-02,-1.549556e+00
0.293750,0.656250,2.383876e-02,-1.622716e+00
0.300000,0.656250,1.944576e-02,-1.711175e+00
0.306250,0.656250,1.525456e-02,-1.816600e+00
0.312500,0.656250,1.213120e-02,-1.916096e+00
0.318750,0.656250,8.986302e-03,-2.046419e+00
0.325000,0.656250,5.853598e-03,-2.232577e+00
0.331250,0.656250,2.923967e-03,-2.534028e+00
0.337500,0.656250,2.123680e-03,-2.672911e+00
0.343750,0.656250,4.806056e-03,-2.318211e+00
0.350000,0.656250,8.081900e-03,-2.092487e+00
0.356250,0.656250,1.149872e-02,-1.939350e+00
0.362500,0.656250,1.499711e-02,-1.823992e+00
0.368750,0.656250,1.856208e-02,-1.731373e+00
0.375000,0.656250,2.218872e-02,-1.653868e+00
0.381250,0.656250,2.587538e-02,-1.587113e+00
0.387500,0.656250,2.962173e-02,-1.528390e+00
0.393750,0.656250,3.342802e-02,-1.475889e+00
0.400000,0.656250,3.729480e-02,-1.428352e+00
0.406250,0.656250,4.122274e-02,-1.384863e+00
0.412500,0.656250,4.456421e-02,-1.351014e+00
0.418750,0.656250,4.707414e-02,-1.327218e+00
0.425000,0.656250,4.963852e-02,-1.304181e+00
0.431250,0.656250,5.225080e-02,-1.281907e+00
0.437500,0.656250,5.490554e-02,-1.260384e+00
0.443750,0.656250,5.759820e-02,-1.239591e+00
0.450000,0.656250,6.032499e-02,-1.219503e+00
0.456250,0.656250,6.308269e-02,-1.200090e+00
0.462500,0.656250,6.586861e-02,-1.181322e+00
0.468750,0.656250,6.868044e-02,-1.163167e+00
0.475000,0.656250,7.096525e-02,-1.148954e+00
0.481250,0.656250,7.312843e-02,-1.135914e+00
0.487500,0.656250,7.523030e-02,-1.123607e+00
0.493750,0.656250,7.719001e-02,-1.112439e+00
0.500000,0.656250,8.145417e-02,-1.089087e+00
0.506250,0.656250,8.356720e-02,-1.077964e+00
0.512500,0.656250,8.565696e-02,-1.067237e+00
0.518750,0.656250,8.748427e-02,-1.058070e+00
0.525000,0.656250,8.917639e-02,-1.049750e+00
0.531250,0.656250,9.072864e-02,-1.042256e+00
0.537500,0.656250,9.213703e-02,-1.035566e+00
0.543750,0.656250,9.339818e-02,-1.029662e+00
0.550000,0.656250,9.442179e-02,-1.024928e+00
0.556250,0.656250,9.534497e-02,-1.020702e+00
0.562500,0.656250,9.616599e-02,-1.016979e+00
0.568750,0.656250,9.688298e-02,-1.013753e+00
0.575000,0.656250,9.749429e-02,-1.011021e+00
0.581250,0.656250,9.799844e-02,-1.008781e+00
0.587500,0.656250,9.839410e-02,-1.007031e+00
0.593750,0.656250,9.868009e-02,-1.005770e+00
0.600000,0.656250,9.885534e-02,-1.005000e+00
0.606250,0.656250,9.891890e-02,-1.004721e+00
0.612500,0.656250,9.886991e-02,-1.004936e+00
0.618750,0.656250,9.870761e-02,-1.005649e+00
0.625000,0.656250,9.874355e-02,-1.005491e+00
0.631250,0.656250,9.873594e-02,-1.005525e+00
0.637500,0.656250,9.868361e-02,-1.005755e+00
0.643750,0.656250,9.858672e-02,-1.006182e+00
0.650000,0.656250,9.844542e-02,-1.006804e+00
0.656250,0.656250,9.825991e-02,-1.007624e+00
0.662500,0.656250,9.803035e-02,-1.008639e+00
0.668750,0.656250,9.775698e-02,-1.009852e+00
0.675000,0.656250,9.743999e-02,-1.011263e+00
0.681250,0.656250,9.707964e-02,-1.012872e+00
0.687500,0.656250,9.667618e-02,-1.014681e+00
0.693750,0.656250,9.622989e-02,-1.016690e+00
0.700000,0.656250,9.574106e-02,-1.018902e+00
0.706250,0.656250,9.521003e-02,-1.021317e+00
0.712500,0.656250,9.463713e-02,-1.023938e+00
0.718750,0.656250,9.402275e-02,-1.026767e+00
0.725000,0.656250,9.348987e-02,-1.029235e+00
0.731250,0.656250,9.341279e-02,-1.029594e+00
0.737500,0.656250,9.333231e-02,-1.029968e+00
0.743750,0.656250,9.324980e-02,-1.030352e+00
0.750000,0.656250,9.316671e-02,-1.030739e+00
0.250000,0.662500,5.520271e-02,-1.258040e+00
0.256250,0.662500,5.102667e-02,-1.292203e+00
0.262500,0.662500,4.683637e-02,-1.329417e+00
0.268750,0.662500,4.263124e-02,-1.370272e+00
0.275000,0.662500,3.841084e-02,-1.415546e+00
0.281250,0.662500,3.417491e-02,-1.466293e+00
0.287500,0.662500,2.992353e-02,-1.523987e+00
0.293750,0.662500,2.565736e-02,-1.590788e+00
0.300000,0.662500,2.137828e-02,-1.670027e+00
0.306250,0.662500,1.730555e-02,-1.761815e+00
0.312500,0.662500,1.427301e-02,-1.845484e+00
0.318750,0.662500,1.120338e-02,-1.950651e+00
0.325000,0.662500,8.097033e-03,-2.091674e+00
0.331250,0.662500,4.958625e-03,-2.304639e+00
0.337500,0.662500,1.834477e-03,-2.736488e+00
0.343750,0.662500,1.645166e-03,-2.783790e+00
0.350000,0.662500,4.844111e-03,-2.314786e+00
0.356250,0.662500,8.156993e-03,-2.088470e+00
0.362500,0.662500,1.152631e-02,-1.938310e+00
0.368750,0.662500,1.494657e-02,-1.825459e+00
0.375000,0.662500,1.841703e-02,-1.734780e+00
0.381250,0.662500,2.193800e-02,-1.658803e+00
0.387500,0.662500,2.551012e-02,-1.593287e+00
0.393750,0.662500,2.913417e-02,-1.535597e+00
0.400000,0.662500,3.281095e-02,-1.483981e+00
0.406250,0.662500,3.654129e-02,-1.437216e+00
0.412500,0.662500,3.968548e-02,-1.401368e+00
0.418750,0.662500,4.200366e-02,-1.376713e+00
0.425000,0.662500,4.437095e-02,-1.352901e+00
0.431250,0.662500,4.677999e-02,-1.329940e+00
0.437500,0.662500,4.922473e-02,-1.307817e+00
0.443750,0.662500,5.170018e-02,-1.286508e+00
0.450000,0.662500,5.420220e-02,-1.265983e+00
0.456250,0.662500,5.672735e-02,-1.246208e+00
0.462500,0.662500,5.927273e-02,-1.227145e+00
0.468750,0.662500,6.183592e-02,-1.208759e+00
0.475000,0.662500,6.391452e-02,-1.194400e+00
0.481250,0.662500,6.589464e-02,-1.181150e+00
0.487500,0.662500,6.783266e-02,-1.168561e+00
0.493750,0.662500,6.964652e-02,-1.157101e+00
0.500000,0.662500,7.370958e-02,-1.132476e+00
0.506250,0.662500,7.569581e-02,-1.120928e+00
0.512500,0.662500,7.767696e-02,-1.109708e+00
0.518750,0.662500,7.942773e-02,-1.100028e+00
0.525000,0.662500,8.106870e-02,-1.091147e+00
0.531250,0.662500,8.259586e-02,-1.083042e+00
0.537500,0.662500,8.400581e-02,-1.075691e+00
0.543750,0.662500,8.529565e-02,-1.069073e+00
0.550000,0.662500,8.634012e-02,-1.063787e+00
0.556250,0.662500,8.729353e-02,-1.059018e+00
0.562500,0.662500,8.815425e-02,-1.054757e+00
0.568750,0.662500,8.892044e-02,-1.050998e+00
0.575000,0.662500,8.959046e-02,-1.047738e+00
0.581250,0.662500,9.016284e-02,-1.044972e+00
0.587500,0.662500,9.063630e-02,-1.042698e+00
0.593750,0.662500,9.100968e-02,-1.040912e+00
0.600000,0.662500,9.128195e-02,-1.039615e+00
0.606250,0.662500,9.145220e-02,-1.038806e+00
0.612500,0.662500,9.151962e-02,-1.038486e+00
0.618750,0.662500,9.148348e-02,-1.038657e+00
0.625000,0.662500,9.164486e-02,-1.037892e+00
0.631250,0.662500,9.176088e-02,-1.037342e+00
0.637500,0.662500,9.183042e-02,-1.037013e+00
0.643750,0.662500,9.185369e-02,-1.036903e+00
0.650000,0.662500,9.183087e-02,-1.037011e+00
0.656250,0.662500,9.176220e-02,-1.037336e+00
0.662500,0.662500,9.164789e-02,-1.037878e+00
0.668750,0.662500,9.148822e-02,-1.038635e+00
0.675000,0.662500,9.128346e-02,-1.039608e+00
0.681250,0.662500,9.103390e-02,-1.040797e+00
0.687500,0.662500,9.073987e-02,-1.042202e+00
0.693750,0.662500,9.040172e-02,-1.043823e+00
0.700000,0.662500,9.001981e-02,-1.045662e+00
0.706250,0.662500,8.959456e-02,-1.047718e+00
0.712500,0.662500,8.912641e-02,-1.049994e+00
0.718750,0.662500,8.861582e-02,-1.052489e+00
0.725000,0.662500,8.819564e-02,-1.054553e+00
0.731250,0.662500,8.827201e-02,-1.054177e+00
0.737500,0.662500,8.835037e-02,-1.053792e+00
0.743750,0.662500,8.843199e-02,-1.053391e+00
0.750000,0.662500,8.851824e-02,-1.052967e+00
0.250000,0.668750,5.631907e-02,-1.249345e+00
0.256250,0.668750,5.224201e-02,-1.281980e+00
0.262500,0.668750,4.815223e-02,-1.317384e+00
0.268750,0.668750,4.404949e-02,-1.356059e+00
0.275000,0.668750,3.993379e-02,-1.398659e+00
0.281250,0.668750,3.580557e-02,-1.446049e+00
0.287500,0.668750,3.166592e-02,-1.499408e+00
0.293750,0.668750,2.751712e-02,-1.560397e+00
0.300000,0.668750,2.336366e-02,-1.631459e+00
0.306250,0.668750,1.942246e-02,-1.711696e+00
0.312500,0.668750,1.649647e-02,-1.782609e+00
0.318750,0.668750,1.353716e-02,-1.868472e+00
0.325000,0.668750,1.054423e-02,-1.976985e+00
0.331250,0.668750,7.518621e-03,-2.123862e+00
0.337500,0.668750,4.466758e-03,-2.350008e+00
0.343750,0.668750,1.459512e-03,-2.835792e+00
0.350000,0.668750,1.944096e-03,-2.711282e+00
0.356250,0.668750,5.064325e-03,-2.295478e+00
0.362500,0.668750,8.277298e-03,-2.082111e+00
0.368750,0.668750,1.154082e-02,-1.937763e+00
0.375000,0.668750,1.485000e-02,-1.828273e+00
0.381250,0.668750,1.820403e-02,-1.739832e+00
0.387500,0.668750,2.160306e-02,-1.665485e+00
0.393750,0.668750,2.504758e-02,-1.601234e+00
0.400000,0.668750,2.853817e-02,-1.544574e+00
0.406250,0.668750,3.207549e-02,-1.493827e+00
0.412500,0.668750,3.502339e-02,-1.455642e+00
0.418750,0.668750,3.714632e-02,-1.430084e+00
0.425000,0.668750,3.931441e-02,-1.405448e+00
0.431250,0.668750,4.151920e-02,-1.381751e+00
0.437500,0.668750,4.375384e-02,-1.358984e+00
0.443750,0.668750,4.601272e-02,-1.337122e+00
0.450000,0.668750,4.829128e-02,-1.316131e+00
0.456250,0.668750,5.058572e-02,-1.295972e+00
0.462500,0.668750,5.289291e-02,-1.276603e+00
0.468750,0.668750,5.521023e-02,-1.257980e+00
0.475000,0.668750,5.706563e-02,-1.243625e+00
0.481250,0.668750,5.884409e-02,-1.230297e+00
0.487500,0.668750,6.060062e-02,-1.217523e+00
0.493750,0.668750,6.225567e-02,-1.205821e+00
0.500000,0.668750,6.613202e-02,-1.179588e+00
0.506250,0.668750,6.798884e-02,-1.167562e+00
0.512500,0.668750,6.984902e-02,-1.155840e+00
0.518750,0.668750,7.150877e-02,-1.145641e+00
0.525000,0.668750,7.308487e-02,-1.136173e+00
0.531250,0.668750,7.457387e-02,-1.127413e+00
0.537500,0.668750,7.597284e-02,-1.119342e+00
0.543750,0.668750,7.727929e-02,-1.111937e+00
0.550000,0.668750,7.833943e-02,-1.106020e+00
0.556250,0.668750,7.931843e-02,-1.100626e+00
0.562500,0.668750,8.021467e-02,-1.095746e+00
0.568750,0.668750,8.102630e-02,-1.091374e+00
0.575000,0.668750,8.175164e-02,-1.087504e+00
0.581250,0.668750,8.238925e-02,-1.084129e+00
0.587500,0.668750,8.293782e-02,-1.081247e+00
0.593750,0.668750,8.339622e-02,-1.078854e+00
0.600000,0.668750,8.376343e-02,-1.076946e+00
0.606250,0.668750,8.403856e-02,-1.075521e+00
0.612500,0.668750,8.422083e-02,-1.074580e+00
0.618750,0.668750,8.430953e-02,-1.074123e+00
0.625000,0.668750,8.459853e-02,-1.072637e+00
0.631250,0.668750,8.484054e-02,-1.071397e+00
0.637500,0.668750,8.503450e-02,-1.070405e+00
0.643750,0.668750,8.518063e-02,-1.069659e+00
0.650000,0.668750,8.527919e-02,-1.069157e+00
0.656250,0.668750,8.533043e-02,-1.068896e+00
0.662500,0.668750,8.533465e-02,-1.068875e+00
0.668750,0.668750,8.529216e-02,-1.069091e+00
0.675000,0.668750,8.520331e-02,-1.069544e+00
0.681250,0.668750,8.506846e-02,-1.070231e+00
0.687500,0.668750,8.488802e-02,-1.071154e+00
0.693750,0.668750,8.466240e-02,-1.072309e+00
0.700000,0.668750,8.439208e-02,-1.073698e+00
0.706250,0.668750,8.407755e-02,-1.075320e+00
0.712500,0.668750,8.371938e-02,-1.077174e+00
0.718750,0.668750,8.331813e-02,-1.079260e+00
0.725000,0.668750,8.301684e-02,-1.080834e+00
0.731250,0.668750,8.325407e-02,-1.079595e+00
0.737500,0.668750,8.349845e-02,-1.078322e+00
0.743750,0.668750,8.375111e-02,-1.077009e+00
0.750000,0.668750,8.401323e-02,-1.075652e+00
0.250000,0.675000,5.754427e-02,-1.239998e+00
0.256250,0.675000,5.357676e-02,-1.271024e+00
0.262500,0.675000,4.959897e-02,-1.304527e+00
0.268750,0.675000,4.561118e-02,-1.340929e+00
0.275000,0.675000,4.161410e-02,-1.380760e+00
0.281250,0.675000,3.760910e-02,-1.424707e+00
0.287500,0.675000,3.359870e-02,-1.473678e+00
0.293750,0.675000,2.958720e-02,-1.528896e+00
0.300000,0.675000,2.558223e-02,-1.592062e+00
0.306250,0.675000,2.179594e-02,-1.661624e+00
0.312500,0.675000,1.899032e-02,-1.721468e+00
0.318750,0.675000,1.616069e-02,-1.791540e+00
0.325000,0.675000,1.331068e-02,-1.875800e+00
0.331250,0.675000,1.044900e-02,-1.980925e+00
0.337500,0.675000,7.599196e-03,-2.119232e+00
0.343750,0.675000,4.843167e-03,-2.314871e+00
0.350000,0.675000,2.630092e-03,-2.580029e+00
0.356250,0.675000,2.961060e-03,-2.528553e+00
0.362500,0.675000,5.447107e-03,-2.263834e+00
0.368750,0.675000,8.385487e-03,-2.076472e+00
0.375000,0.675000,1.146387e-02,-1.940669e+00
0.381250,0.675000,1.461935e-02,-1.835072e+00
0.387500,0.675000,1.783258e-02,-1.748786e+00
0.393750,0.675000,2.109603e-02,-1.675799e+00
0.400000,0.675000,2.440640e-02,-1.612496e+00
0.406250,0.675000,2.776219e-02,-1.556546e+00
0.412500,0.675000,3.052328e-02,-1.515369e+00
0.418750,0.675000,3.245825e-02,-1.488675e+00
0.425000,0.675000,3.444132e-02,-1.462920e+00
0.431250,0.675000,3.646215e-02,-1.438158e+00
0.437500,0.675000,3.851245e-02,-1.414399e+00
0.443750,0.675000,4.058554e-02,-1.391629e+00
0.450000,0.675000,4.267601e-02,-1.369816e+00
0.456250,0.675000,4.477944e-02,-1.348921e+00
0.462500,0.675000,4.689220e-02,-1.328899e+00
0.468750,0.675000,4.901130e-02,-1.309704e+00
0.475000,0.675000,5.067197e-02,-1.295232e+00
0.481250,0.675000,5.227137e-02,-1.281736e+00
0.487500,0.675000,5.386526e-02,-1.268691e+00
0.493750,0.675000,5.538096e-02,-1.256640e+00
0.500000,0.675000,5.910933e-02,-1.228344e+00
0.506250,0.675000,6.086851e-02,-1.215607e+00
0.512500,0.675000,6.262466e-02,-1.203255e+00
0.518750,0.675000,6.420281e-02,-1.192446e+00
0.525000,0.675000,6.571793e-02,-1.182316e+00
0.531250,0.675000,6.716687e-02,-1.172845e+00
0.537500,0.675000,6.854697e-02,-1.164012e+00
0.543750,0.675000,6.985598e-02,-1.155796e+00
0.550000,0.675000,7.092233e-02,-1.149217e+00
0.556250,0.675000,7.191639e-02,-1.143172e+00
0.562500,0.675000,7.283651e-02,-1.137651e+00
0.568750,0.675000,7.368076e-02,-1.132646e+00
0.575000,0.675000,7.444745e-02,-1.128150e+00
0.581250,0.675000,7.513508e-02,-1.124157e+00
0.587500,0.675000,7.574236e-02,-1.120661e+00
0.593750,0.675000,7.626813e-02,-1.117657e+00
0.600000,0.675000,7.671140e-02,-1.115140e+00
0.606250,0.675000,7.707127e-02,-1.113107e+00
0.612500,0.675000,7.734699e-02,-1.111557e+00
0.618750,0.675000,7.753788e-02,-1.110486e+00
0.625000,0.675000,7.793498e-02,-1.108268e+00
0.631250,0.675000,7.828505e-02,-1.106321e+00
0.637500,0.675000,7.858706e-02,-1.104649e+00
0.643750,0.675000,7.884128e-02,-1.103246e+00
0.650000,0.675000,7.904800e-02,-1.102109e+00
0.656250,0.675000,7.920754e-02,-1.101233e+00
0.662500,0.675000,7.932025e-02,-1.100616e+00
0.668750,0.675000,7.938651e-02,-1.100253e+00
0.675000,0.675000,7.940672e-02,-1.100143e+00
0.681250,0.675000,7.938133e-02,-1.100282e+00
0.687500,0.675000,7.931081e-02,-1.100668e+00
0.693750,0.675000,7.919569e-02,-1.101298e+00
0.700000,0.675000,7.903651e-02,-1.102172e+00
0.706250,0.675000,7.883389e-02,-1.103287e+00
0.712500,0.675000,7.858847e-02,-1.104641e+00
0.718750,0.675000,7.830096e-02,-1.106233e+00
0.725000,0.675000,7.812453e-02,-1.107213e+00
0.731250,0.675000,7.852890e-02,-1.104971e+00
0.737500,0.675000,7.894522e-02,-1.102674e+00
0.743750,0.675000,7.937441e-02,-1.100320e+00
0.750000,0.675000,7.981737e-02,-1.097903e+00
0.250000,0.681250,5.908196e-02,-1.228545e+00
0.256250,0.681250,5.524988e-02,-1.257669e+00
0.262500,0.681250,5.141212e-02,-1.288934e+00
0.268750,0.681250,4.756984e-02,-1.322668e+00
0.275000,0.681250,4.372490e-02,-1.359271e+00
0.281250,0.681250,3.988028e-02,-1.399242e+00
0.287500,0.681250,3.604062e-02,-1.443208e+00
0.293750,0.681250,3.221321e-02,-1.491966e+00
0.300000,0.681250,2.840979e-02,-1.546532e+00
0.306250,0.681250,2.483425e-02,-1.604949e+00
0.312500,0.681250,2.218728e-02,-1.653896e+00
0.318750,0.681250,1.952741e-02,-1.709355e+00
0.325000,0.681250,1.686238e-02,-1.773081e+00
0.331250,0.681250,1.420660e-02,-1.847510e+00
0.337500,0.681250,1.158880e-02,-1.935962e+00
0.343750,0.681250,9.071983e-03,-2.042298e+00
0.350000,0.681250,6.811615e-03,-2.166750e+00
0.356250,0.681250,5.214008e-03,-2.282828e+00
0.362500,0.681250,5.028289e-03,-2.298580e+00
0.368750,0.681250,6.429349e-03,-2.191833e+00
0.375000,0.681250,8.718652e-03,-2.059551e+00
0.381250,0.681250,1.140240e-02,-1.943004e+00
0.387500,0.681250,1.428487e-02,-1.845124e+00
0.393750,0.681250,1.728845e-02,-1.762244e+00
0.400000,0.681250,2.037856e-02,-1.690827e+00
0.406250,0.681250,2.353808e-02,-1.628229e+00
0.412500,0.681250,2.610678e-02,-1.583247e+00
0.418750,0.681250,2.785511e-02,-1.555095e+00
0.425000,0.681250,2.967299e-02,-1.527639e+00
0.431250,0.681250,3.154596e-02,-1.501056e+00
0.437500,0.681250,3.346247e-02,-1.475442e+00
0.443750,0.681250,3.541330e-02,-1.450834e+00
0.450000,0.681250,3.739106e-02,-1.427232e+00
0.456250,0.681250,3.938978e-02,-1.404616e+00
0.462500,0.681250,4.140461e-02,-1.382951e+00
0.468750,0.681250,4.343159e-02,-1.362194e+00
0.475000,0.681250,4.500133e-02,-1.346775e+00
0.481250,0.681250,4.651625e-02,-1.332395e+00
0.487500,0.681250,4.803195e-02,-1.318470e+00
0.493750,0.681250,4.948394e-02,-1.305536e+00
0.500000,0.681250,5.313087e-02,-1.274653e+00
0.506250,0.681250,5.487425e-02,-1.260631e+00
0.512500,0.681250,5.659612e-02,-1.247213e+00
0.518750,0.681250,5.814922e-02,-1.235456e+00
0.525000,0.681250,5.964499e-02,-1.224426e+00
0.531250,0.681250,6.108016e-02,-1.214100e+00
0.537500,0.681250,6.245198e-02,-1.204454e+00
0.543750,0.681250,6.375810e-02,-1.195465e+00
0.550000,0.681250,6.481932e-02,-1.188296e+00
0.556250,0.681250,6.581326e-02,-1.181687e+00
0.562500,0.681250,6.673826e-02,-1.175625e+00
0.568750,0.681250,6.759235e-02,-1.170102e+00
0.575000,0.681250,6.837383e-02,-1.165110e+00
0.581250,0.681250,6.908121e-02,-1.160640e+00
0.587500,0.681250,6.971320e-02,-1.156685e+00
0.593750,0.681250,7.026869e-02,-1.153238e+00
0.600000,0.681250,7.074669e-02,-1.150294e+00
0.606250,0.681250,7.114637e-02,-1.147847e+00
0.612500,0.681250,7.146701e-02,-1.145894e+00
0.618750,0.681250,7.170801e-02,-1.144432e+00
0.625000,0.681250,7.215997e-02,-1.141704e+00
0.631250,0.681250,7.256846e-02,-1.139252e+00
0.637500,0.681250,7.293249e-02,-1.137079e+00
0.643750,0.681250,7.325237e-02,-1.135178e+00
0.650000,0.681250,7.352844e-02,-1.133545e+00
0.656250,0.681250,7.376108e-02,-1.132173e+00
0.662500,0.681250,7.395067e-02,-1.131058e+00
0.668750,0.681250,7.409765e-02,-1.130196e+00
0.675000,0.681250,7.420247e-02,-1.129582e+00
0.681250,0.681250,7.426563e-02,-1.129212e+00
0.687500,0.681250,7.428767e-02,-1.129083e+00
0.693750,0.681250,7.426916e-02,-1.129191e+00
0.700000,0.681250,7.421072e-02,-1.129533e+00
0.706250,0.681250,7.411303e-02,-1.130105e+00
0.712500,0.681250,7.397679e-02,-1.130905e+00
0.718750,0.681250,7.380279e-02,-1.131927e+00
0.725000,0.681250,7.375392e-02,-1.132215e+00
0.731250,0.681250,7.432778e-02,-1.128849e+00
0.737500,0.681250,7.491787e-02,-1.125415e+00
0.743750,0.681250,7.552477e-02,-1.121911e+00
0.750000,0.681250,7.614907e-02,-1.118335e+00
0.250000,0.687500,6.066172e-02,-1.217085e+00
0.256250,0.687500,5.697301e-02,-1.244331e+00
0.262500,0.687500,5.328375e-02,-1.273405e+00
0.268750,0.687500,4.959591e-02,-1.304554e+00
0.275000,0.687500,4.591245e-02,-1.338070e+00
0.281250,0.687500,4.223769e-02,-1.374300e+00
0.287500,0.687500,3.857797e-02,-1.413661e+00
0.293750,0.687500,3.494268e-02,-1.456644e+00
0.300000,0.687500,3.134598e-02,-1.503818e+00
0.306250,0.687500,2.798185e-02,-1.553124e+00
0.312500,0.687500,2.549719e-02,-1.593508e+00
0.318750,0.687500,2.300759e-02,-1.638129e+00
0.325000,0.687500,2.052173e-02,-1.687786e+00
0.331250,0.687500,1.805375e-02,-1.743433e+00
0.337500,0.687500,1.562746e-02,-1.806112e+00
0.343750,0.687500,1.328472e-02,-1.876648e+00
0.350000,0.687500,1.110243e-02,-1.954582e+00
0.356250,0.687500,9.225570e-03,-2.035007e+00
0.362500,0.687500,7.912140e-03,-2.101706e+00
0.368750,0.687500,7.505863e-03,-2.124599e+00
0.375000,0.687500,8.182005e-03,-2.087140e+00
0.381250,0.687500,9.750598e-03,-2.010969e+00
0.387500,0.687500,1.189117e-02,-1.924775e+00
0.393750,0.687500,1.437436e-02,-1.842412e+00
0.400000,0.687500,1.707234e-02,-1.767707e+00
0.406250,0.687500,1.991675e-02,-1.700782e+00
0.412500,0.687500,2.220735e-02,-1.653503e+00
0.418750,0.687500,2.370076e-02,-1.625238e+00
0.425000,0.687500,2.529730e-02,-1.596926e+00
0.431250,0.687500,2.697629e-02,-1.569018e+00
0.437500,0.687500,2.872107e-02,-1.541799e+00
0.443750,0.687500,3.051827e-02,-1.515440e+00
0.450000,0.687500,3.235720e-02,-1.490029e+00
0.456250,0.687500,3.422932e-02,-1.465602e+00
0.462500,0.687500,3.612773e-02,-1.442159e+00
0.468750,0.687500,3.804687e-02,-1.419681e+00
0.475000,0.687500,3.950834e-02,-1.403311e+00
0.481250,0.687500,4.092334e-02,-1.388029e+00
0.487500,0.687500,4.234751e-02,-1.373172e+00
0.493750,0.687500,4.372391e-02,-1.359281e+00
0.500000,0.687500,4.729559e-02,-1.325179e+00
0.506250,0.687500,4.901621e-02,-1.309660e+00
0.512500,0.687500,5.069775e-02,-1.295011e+00
0.518750,0.687500,5.222007e-02,-1.282163e+00
0.525000,0.687500,5.369173e-02,-1.270093e+00
0.531250,0.687500,5.510920e-02,-1.258776e+00
0.537500,0.687500,5.646950e-02,-1.248186e+00
0.543750,0.687500,5.777014e-02,-1.238297e+00
0.550000,0.687500,5.882285e-02,-1.230454e+00
0.556250,0.687500,5.981389e-02,-1.223198e+00
0.562500,0.687500,6.074153e-02,-1.216514e+00
0.568750,0.687500,6.160373e-02,-1.210393e+00
0.575000,0.687500,6.239873e-02,-1.204824e+00
0.581250,0.687500,6.312502e-02,-1.199798e+00
0.587500,0.687500,6.378129e-02,-1.195307e+00
0.593750,0.687500,6.436643e-02,-1.191341e+00
0.600000,0.687500,6.487949e-02,-1.187893e+00
0.606250,0.687500,6.531965e-02,-1.184956e+00
0.612500,0.687500,6.568625e-02,-1.182526e+00
0.618750,0.687500,6.597872e-02,-1.180596e+00
0.625000,0.687500,6.648789e-02,-1.177257e+00
0.631250,0.687500,6.695725e-02,-1.174202e+00
0.637500,0.687500,6.738584e-02,-1.171431e+00
0.643750,0.687500,6.777402e-02,-1.168937e+00
0.650000,0.687500,6.812215e-02,-1.166712e+00
0.656250,0.687500,6.843066e-02,-1.164749e+00
0.662500,0.687500,6.869998e-02,-1.163043e+00
0.668750,0.687500,6.893059e-02,-1.161588e+00
0.675000,0.687500,6.912300e-02,-1.160377e+00
0.681250,0.687500,6.927774e-02,-1.159406e+00
0.687500,0.687500,6.939541e-02,-1.158669e+00
0.693750,0.687500,6.947663e-02,-1.158161e+00
0.700000,0.687500,6.952207e-02,-1.157877e+00
0.706250,0.687500,6.953247e-02,-1.157812e+00
0.712500,0.687500,6.950858e-02,-1.157962e+00
0.718750,0.687500,6.945123e-02,-1.158320e+00
0.725000,0.687500,6.953356e-02,-1.157806e+00
0.731250,0.687500,7.028195e-02,-1.153156e+00
0.737500,0.687500,7.104996e-02,-1.148436e+00
0.743750,0.687500,7.183779e-02,-1.143647e+00
0.750000,0.687500,7.264564e-02,-1.138790e+00
0.250000,0.693750,6.227891e-02,-1.205659e+00
0.256250,0.693750,5.873999e-02,-1.231066e+00
0.262500,0.693750,5.520575e-02,-1.258016e+00
0.268750,0.693750,5.167889e-02,-1.286687e+00
0.275000,0.693750,4.816322e-02,-1.317284e+00
0.281250,0.693750,4.466404e-02,-1.350042e+00
0.287500,0.693750,4.118881e-02,-1.385221e+00
0.293750,0.693750,3.774807e-02,-1.423105e+00
0.300000,0.693750,3.435690e-02,-1.463986e+00
0.306250,0.693750,3.119851e-02,-1.505866e+00
0.312500,0.693750,2.887285e-02,-1.539510e+00
0.318750,0.693750,2.654684e-02,-1.575987e+00
0.325000,0.693750,2.422850e-02,-1.615673e+00
0.331250,0.693750,2.192980e-02,-1.658965e+00
0.337500,0.693750,1.966885e-02,-1.706221e+00
0.343750,0.693750,1.747363e-02,-1.757617e+00
0.350000,0.693750,1.538820e-02,-1.812812e+00
0.356250,0.693750,1.348268e-02,-1.870224e+00
0.362500,0.693750,1.186681e-02,-1.925666e+00
0.368750,0.693750,1.069914e-02,-1.970651e+00
0.375000,0.693750,1.016448e-02,-1.992915e+00
0.381250,0.693750,1.039051e-02,-1.983363e+00
0.387500,0.693750,1.135957e-02,-1.944638e+00
0.393750,0.693750,1.293063e-02,-1.888380e+00
0.400000,0.693750,1.493733e-02,-1.825727e+00
0.406250,0.693750,1.724845e-02,-1.763250e+00
0.412500,0.693750,1.911341e-02,-1.718662e+00
0.418750,0.693750,2.024512e-02,-1.693680e+00
0.425000,0.693750,2.152910e-02,-1.666974e+00
0.431250,0.693750,2.293754e-02,-1.639453e+00
0.437500,0.693750,2.444682e-02,-1.611778e+00
0.443750,0.693750,2.603745e-02,-1.584402e+00
0.450000,0.693750,2.769355e-02,-1.557621e+00
0.456250,0.693750,2.940235e-02,-1.531618e+00
0.462500,0.693750,3.115353e-02,-1.506493e+00
0.468750,0.693750,3.293882e-02,-1.482292e+00
0.475000,0.693750,3.426566e-02,-1.465141e+00
0.481250,0.693750,3.555753e-02,-1.449068e+00
0.487500,0.693750,3.687016e-02,-1.433325e+00
0.493750,0.693750,3.815353e-02,-1.418465e+00
0.500000,0.693750,4.165366e-02,-1.380347e+00
0.506250,0.693750,4.334153e-02,-1.363096e+00
0.512500,0.693750,4.497374e-02,-1.347041e+00
0.518750,0.693750,4.645710e-02,-1.332948e+00
0.525000,0.693750,4.789785e-02,-1.319684e+00
0.531250,0.693750,4.929195e-02,-1.307224e+00
0.537500,0.693750,5.063607e-02,-1.295540e+00
0.543750,0.693750,5.192744e-02,-1.284603e+00
0.550000,0.693750,5.296698e-02,-1.275995e+00
0.556250,0.693750,5.395127e-02,-1.267998e+00
0.562500,0.693750,5.487842e-02,-1.260598e+00
0.568750,0.693750,5.574624e-02,-1.253784e+00
0.575000,0.693750,5.655287e-02,-1.247545e+00
0.581250,0.693750,5.729671e-02,-1.241870e+00
0.587500,0.693750,5.797643e-02,-1.236749e+00
0.593750,0.693750,5.859086e-02,-1.232170e+00
0.600000,0.693750,5.913906e-02,-1.228126e+00
0.606250,0.693750,5.962022e-02,-1.224606e+00
0.612500,0.693750,6.003369e-02,-1.221605e+00
0.618750,0.693750,6.037896e-02,-1.219114e+00
0.625000,0.693750,6.094780e-02,-1.215042e+00
0.631250,0.693750,6.148057e-02,-1.211262e+00
0.637500,0.693750,6.197634e-02,-1.207774e+00
0.643750,0.693750,6.243549e-02,-1.204568e+00
0.650000,0.693750,6.285844e-02,-1.201636e+00
0.656250,0.693750,6.324563e-02,-1.198969e+00
0.662500,0.693750,6.359754e-02,-1.196560e+00
0.668750,0.693750,6.391468e-02,-1.194399e+00
0.675000,0.693750,6.419760e-02,-1.192481e+00
0.681250,0.693750,6.444687e-02,-1.190798e+00
0.687500,0.693750,6.466313e-02,-1.189343e+00
0.693750,0.693750,6.484704e-02,-1.188110e+00
0.700000,0.693750,6.499930e-02,-1.187091e+00
0.706250,0.693750,6.512069e-02,-1.186281e+00
0.712500,0.693750,6.521200e-02,-1.185673e+00
0.718750,0.693750,6.527409e-02,-1.185259e+00
0.725000,0.693750,6.549077e-02,-1.183820e+00
0.731250,0.693750,6.641791e-02,-1.177715e+00
0.737500,0.693750,6.736692e-02,-1.171553e+00
0.743750,0.693750,6.833758e-02,-1.165340e+00
0.750000,0.693750,6.932969e-02,-1.159081e+00
0.250000,0.700000,6.392952e-02,-1.194299e+00
0.256250,0.700000,6.054551e-02,-1.217918e+00
0.262500,0.700000,5.717124e-02,-1.242822e+00
0.268750,0.700000,5.380998e-02,-1.269137e+00
0.275000,0.700000,5.046610e-02,-1.297000e+00
0.281250,0.700000,4.714554e-02,-1.326559e+00
0.287500,0.700000,4.385629e-02,-1.357968e+00
0.293750,0.700000,4.060925e-02,-1.391375e+00
0.300000,0.700000,3.741934e-02,-1.426904e+00
0.306250,0.700000,3.445883e-02,-1.462699e+00
0.312500,0.700000,3.228666e-02,-1.490977e+00
0.318750,0.700000,3.011625e-02,-1.521199e+00
0.325000,0.700000,2.795446e-02,-1.553549e+00
0.331250,0.700000,2.581084e-02,-1.588198e+00
0.337500,0.700000,2.369889e-02,-1.625272e+00
0.343750,0.700000,2.163775e-02,-1.664788e+00
0.350000,0.700000,1.965489e-02,-1.706529e+00
0.356250,0.700000,1.778982e-02,-1.749828e+00
0.362500,0.700000,1.609897e-02,-1.793202e+00
0.368750,0.700000,1.466048e-02,-1.833852e+00
0.375000,0.700000,1.357488e-02,-1.867264e+00
0.381250,0.700000,1.295313e-02,-1.887625e+00
0.387500,0.700000,1.288541e-02,-1.889902e+00
0.393750,0.700000,1.340287e-02,-1.872802e+00
0.400000,0.700000,1.446460e-02,-1.839694e+00
0.406250,0.700000,1.598282e-02,-1.796347e+00
0.412500,0.700000,1.723157e-02,-1.763675e+00
0.418750,0.700000,1.786738e-02,-1.747939e+00
0.425000,0.700000,1.871034e-02,-1.727918e+00
0.431250,0.700000,1.973185e-02,-1.704832e+00
0.437500,0.700000,2.090384e-02,-1.679774e+00
0.443750,0.700000,2.220066e-02,-1.653634e+00
0.450000,0.700000,2.360007e-02,-1.627087e+00
0.456250,0.700000,2.508329e-02,-1.600615e+00
0.462500,0.700000,2.663485e-02,-1.574550e+00
0.468750,0.700000,2.824209e-02,-1.549103e+00
0.475000,0.700000,2.939307e-02,-1.531755e+00
0.481250,0.700000,3.052564e-02,-1.515335e+00
0.487500,0.700000,3.169547e-02,-1.499003e+00
0.493750,0.700000,3.285884e-02,-1.483348e+00
0.500000,0.700000,3.628427e-02,-1.440282e+00
0.506250,0.700000,3.792361e-02,-1.421090e+00
0.512500,0.700000,3.949223e-02,-1.403488e+00
0.518750,0.700000,4.092405e-02,-1.388021e+00
0.525000,0.700000,4.232337e-02,-1.373420e+00
0.531250,0.700000,4.368536e-02,-1.359664e+00
0.537500,0.700000,4.500603e-02,-1.346729e+00
0.543750,0.700000,4.628213e-02,-1.334587e+00
0.550000,0.700000,4.730165e-02,-1.325124e+00
0.556250,0.700000,4.827346e-02,-1.316292e+00
0.562500,0.700000,4.919539e-02,-1.308076e+00
0.568750,0.700000,5.006500e-02,-1.300466e+00
0.575000,0.700000,5.088022e-02,-1.293451e+00
0.581250,0.700000,5.163932e-02,-1.287019e+00
0.587500,0.700000,5.234084e-02,-1.281159e+00
0.593750,0.700000,5.298355e-02,-1.275859e+00
0.600000,0.700000,5.356643e-02,-1.271107e+00
0.606250,0.700000,5.408867e-02,-1.266894e+00
0.612500,0.700000,5.454961e-02,-1.263208e+00
0.618750,0.700000,5.494875e-02,-1.260042e+00
0.625000,0.700000,5.557954e-02,-1.255085e+00
0.631250,0.700000,5.617810e-02,-1.250433e+00
0.637500,0.700000,5.674349e-02,-1.246084e+00
0.643750,0.700000,5.727613e-02,-1.242026e+00
0.650000,0.700000,5.777644e-02,-1.238249e+00
0.656250,0.700000,5.824490e-02,-1.234742e+00
0.662500,0.700000,5.868200e-02,-1.231495e+00
0.668750,0.700000,5.908829e-02,-1.228499e+00
0.675000,0.700000,5.946432e-02,-1.225744e+00
0.681250,0.700000,5.981071e-02,-1.223221e+00
0.687500,0.700000,6.012810e-02,-1.220923e+00
0.693750,0.700000,6.041718e-02,-1.218840e+00
0.700000,0.700000,6.067867e-02,-1.216964e+00
0.706250,0.700000,6.091335e-02,-1.215288e+00
0.712500,0.700000,6.112204e-02,-1.213802e+00
0.718750,0.700000,6.130562e-02,-1.212500e+00
0.725000,0.700000,6.165886e-02,-1.210004e+00
0.731250,0.700000,6.276747e-02,-1.202265e+00
0.737500,0.700000,6.389879e-02,-1.194507e+00
0.743750,0.700000,6.505220e-02,-1.186738e+00
0.750000,0.700000,6.622714e-02,-1.178964e+00
0.250000,0.706250,6.561011e-02,-1.183029e+00
0.256250,0.706250,6.238499e-02,-1.204920e+00
0.262500,0.706250,5.917435e-02,-1.227866e+00
0.268750,0.706250,5.598179e-02,-1.251953e+00
0.275000,0.706250,5.281202e-02,-1.277267e+00
0.281250,0.706250,4.967122e-02,-1.303895e+00
0.287500,0.706250,4.656747e-02,-1.331917e+00
0.293750,0.706250,4.351145e-02,-1.361396e+00
0.300000,0.706250,4.051722e-02,-1.392360e+00
0.306250,0.706250,3.774635e-02,-1.423125e+00
0.312500,0.706250,3.572176e-02,-1.447067e+00
0.318750,0.706250,3.369947e-02,-1.472377e+00
0.325000,0.706250,3.168506e-02,-1.499145e+00
0.331250,0.706250,2.968602e-02,-1.527448e+00
0.337500,0.706250,2.771232e-02,-1.557327e+00
0.343750,0.706250,2.577738e-02,-1.588761e+00
0.350000,0.706250,2.389928e-02,-1.621615e+00
0.356250,0.706250,2.210234e-02,-1.655562e+00
0.362500,0.706250,2.041921e-02,-1.689961e+00
0.368750,0.706250,1.889301e-02,-1.723699e+00
0.375000,0.706250,1.757891e-02,-1.755008e+00
0.381250,0.706250,1.654337e-02,-1.781376e+00
0.387500,0.706250,1.585824e-02,-1.799745e+00
0.393750,0.706250,1.558801e-02,-1.807209e+00
0.400000,0.706250,1.577265e-02,-1.802095e+00
0.406250,0.706250,1.641535e-02,-1.784750e+00
0.412500,0.706250,1.693880e-02,-1.771117e+00
0.418750,0.706250,1.699493e-02,-1.769681e+00
0.425000,0.706250,1.728196e-02,-1.762407e+00
0.431250,0.706250,1.778702e-02,-1.749897e+00
0.437500,0.706250,1.849064e-02,-1.733048e+00
0.443750,0.706250,1.936965e-02,-1.712878e+00
0.450000,0.706250,2.039995e-02,-1.690371e+00
0.456250,0.706250,2.155848e-02,-1.666382e+00
0.462500,0.706250,2.282442e-02,-1.641600e+00
0.468750,0.706250,2.417969e-02,-1.616549e+00
0.475000,0.706250,2.509072e-02,-1.600487e+00
0.481250,0.706250,2.600727e-02,-1.584905e+00
0.487500,0.706250,2.698450e-02,-1.568886e+00
0.493750,0.706250,2.798476e-02,-1.553078e+00
0.500000,0.706250,3.131545e-02,-1.504241e+00
0.506250,0.706250,3.287959e-02,-1.483074e+00
0.512500,0.706250,3.436085e-02,-1.463936e+00
0.518750,0.706250,3.572066e-02,-1.447081e+00
0.525000,0.706250,3.706139e-02,-1.431078e+00
0.531250,0.706250,3.837687e-02,-1.415930e+00
0.537500,0.706250,3.966202e-02,-1.401625e+00
0.543750,0.706250,4.091274e-02,-1.388141e+00
0.550000,0.706250,4.190165e-02,-1.377769e+00
0.556250,0.706250,4.285202e-02,-1.368029e+00
0.562500,0.706250,4.376121e-02,-1.358911e+00
0.568750,0.706250,4.462636e-02,-1.350409e+00
0.575000,0.706250,4.544508e-02,-1.342513e+00
0.581250,0.706250,4.621534e-02,-1.335214e+00
0.587500,0.706250,4.693549e-02,-1.328499e+00
0.593750,0.706250,4.760412e-02,-1.322356e+00
0.600000,0.706250,4.822010e-02,-1.316772e+00
0.606250,0.706250,4.878253e-02,-1.311736e+00
0.612500,0.706250,4.929070e-02,-1.307235e+00
0.618750,0.706250,4.974409e-02,-1.303259e+00
0.625000,0.706250,5.043846e-02,-1.297238e+00
0.631250,0.706250,5.110451e-02,-1.291541e+00
0.637500,0.706250,5.174130e-02,-1.286163e+00
0.643750,0.706250,5.234924e-02,-1.281090e+00
0.650000,0.706250,5.292877e-02,-1.276308e+00
0.656250,0.706250,5.348035e-02,-1.271806e+00
0.662500,0.706250,5.400450e-02,-1.267570e+00
0.668750,0.706250,5.450174e-02,-1.263590e+00
0.675000,0.706250,5.497266e-02,-1.259853e+00
0.681250,0.706250,5.541786e-02,-1.256350e+00
0.687500,0.706250,5.583797e-02,-1.253070e+00
0.693750,0.706250,5.623369e-02,-1.250003e+00
0.700000,0.706250,5.660574e-02,-1.247140e+00
0.706250,0.706250,5.695487e-02,-1.244469e+00
0.712500,0.706250,5.728189e-02,-1.241983e+00
0.718750,0.706250,5.758766e-02,-1.239671e+00
0.725000,0.706250,5.807811e-02,-1.235988e+00
0.731250,0.706250,5.936842e-02,-1.226445e+00
0.737500,0.706250,6.068068e-02,-1.216950e+00
0.743750,0.706250,6.201393e-02,-1.207511e+00
0.750000,0.706250,6.336732e-02,-1.198135e+00
0.250000,0.712500,6.731772e-02,-1.171871e+00
0.256250,0.712500,6.425458e-02,-1.192096e+00
0.262500,0.712500,6.121017e-02,-1.213176e+00
0.268750,0.712500,5.818824e-02,-1.235165e+00
0.275000,0.712500,5.519360e-02,-1.258111e+00
0.281250,0.712500,5.223238e-02,-1.282060e+00
0.287500,0.712500,4.931244e-02,-1.307044e+00
0.293750,0.712500,4.644378e-02,-1.333072e+00
0.300000,0.712500,4.363922e-02,-1.360123e+00
0.306250,0.712500,4.105018e-02,-1.386685e+00
0.312500,0.712500,3.916757e-02,-1.407073e+00
0.318750,0.712500,3.728682e-02,-1.428445e+00
0.325000,0.712500,3.541238e-02,-1.450845e+00
0.331250,0.712500,3.354999e-02,-1.474308e+00
0.337500,0.712500,3.170708e-02,-1.498844e+00
0.343750,0.712500,2.989320e-02,-1.524428e+00
0.350000,0.712500,2.812069e-02,-1.550974e+00
0.356250,0.712500,2.640541e-02,-1.578307e+00
0.362500,0.712500,2.476771e-02,-1.606114e+00
0.368750,0.712500,2.323348e-02,-1.633886e+00
0.375000,0.712500,2.183510e-02,-1.660845e+00
0.381250,0.712500,2.061193e-02,-1.685881e+00
0.387500,0.712500,1.960962e-02,-1.707531e+00
0.393750,0.712500,1.887726e-02,-1.724061e+00
0.400000,0.712500,1.846177e-02,-1.733727e+00
0.406250,0.712500,1.839998e-02,-1.735183e+00
0.412500,0.712500,1.828398e-02,-1.737929e+00
0.418750,0.712500,1.782223e-02,-1.749038e+00
0.425000,0.712500,1.755861e-02,-1.755510e+00
0.431250,0.712500,1.750092e-02,-1.756939e+00
0.437500,0.712500,1.765003e-02,-1.753255e+00
0.443750,0.712500,1.799966e-02,-1.744736e+00
0.450000,0.712500,1.853740e-02,-1.731951e+00
0.456250,0.712500,1.924642e-02,-1.715650e+00
0.462500,0.712500,2.010763e-02,-1.696639e+00
0.468750,0.712500,2.110144e-02,-1.675688e+00
0.475000,0.712500,2.168248e-02,-1.663891e+00
0.481250,0.712500,2.229994e-02,-1.651696e+00
0.487500,0.712500,2.300847e-02,-1.638112e+00
0.493750,0.712500,2.377772e-02,-1.623830e+00
0.500000,0.712500,2.695567e-02,-1.569350e+00
0.506250,0.712500,2.839818e-02,-1.546710e+00
0.512500,0.712500,2.975165e-02,-1.526489e+00
0.518750,0.712500,3.100523e-02,-1.508565e+00
0.525000,0.712500,3.225845e-02,-1.491356e+00
0.531250,0.712500,3.350292e-02,-1.474917e+00
0.537500,0.712500,3.473181e-02,-1.459273e+00
0.543750,0.712500,3.593955e-02,-1.444427e+00
0.550000,0.712500,3.688085e-02,-1.433199e+00
0.556250,0.712500,3.779524e-02,-1.422563e+00
0.562500,0.712500,3.867929e-02,-1.412522e+00
0.568750,0.712500,3.952947e-02,-1.403079e+00
0.575000,0.712500,4.034283e-02,-1.394234e+00
0.581250,0.712500,4.111689e-02,-1.385980e+00
0.587500,0.712500,4.184960e-02,-1.378309e+00
0.593750,0.712500,4.253927e-02,-1.371210e+00
0.600000,0.712500,4.318453e-02,-1.364672e+00
0.606250,0.712500,4.378429e-02,-1.358682e+00
0.612500,0.712500,4.433770e-02,-1.353227e+00
0.618750,0.712500,4.484412e-02,-1.348295e+00
0.625000,0.712500,4.560197e-02,-1.341016e+00
0.631250,0.712500,4.633555e-02,-1.334086e+00
0.637500,0.712500,4.704386e-02,-1.327497e+00
0.643750,0.712500,4.772729e-02,-1.321233e+00
0.650000,0.712500,4.838624e-02,-1.315278e+00
0.656250,0.712500,4.902117e-02,-1.309616e+00
0.662500,0.712500,4.963254e-02,-1.304233e+00
0.668750,0.712500,5.022088e-02,-1.299116e+00
0.675000,0.712500,5.078672e-02,-1.294250e+00
0.681250,0.712500,5.133065e-02,-1.289623e+00
0.687500,0.712500,5.185327e-02,-1.285224e+00
0.693750,0.712500,5.235523e-02,-1.281040e+00
0.700000,0.712500,5.283722e-02,-1.277060e+00
0.706250,0.712500,5.329995e-02,-1.273273e+00
0.712500,0.712500,5.374417e-02,-1.269669e+00
0.718750,0.712500,5.417069e-02,-1.266236e+00
0.725000,0.712500,5.479645e-02,-1.261248e+00
0.731250,0.712500,5.626490e-02,-1.249762e+00
0.737500,0.712500,5.775282e-02,-1.238427e+00
0.743750,0.712500,5.925909e-02,-1.227245e+00
0.750000,0.712500,6.078269e-02,-1.216220e+00
0.250000,0.718750,6.904987e-02,-1.160837e+00
0.256250,0.718750,6.615100e-02,-1.179464e+00
0.262500,0.718750,6.327454e-02,-1.198771e+00
0.268750,0.718750,6.042425e-02,-1.218789e+00
0.275000,0.718750,5.760483e-02,-1.239541e+00
0.281250,0.718750,5.482214e-02,-1.261044e+00
0.287500,0.718750,5.208354e-02,-1.283300e+00
0.293750,0.718750,4.939814e-02,-1.306289e+00
0.300000,0.718750,4.677733e-02,-1.329965e+00
0.306250,0.718750,4.436296e-02,-1.352979e+00
0.312500,0.718750,4.261725e-02,-1.370415e+00
0.318750,0.718750,4.087240e-02,-1.388570e+00
0.325000,0.718750,3.913189e-02,-1.407469e+00
0.331250,0.718750,3.740009e-02,-1.427127e+00
0.337500,0.718750,3.568251e-02,-1.447545e+00
0.343750,0.718750,3.398605e-02,-1.468699e+00
0.350000,0.718750,3.231934e-02,-1.490538e+00
0.356250,0.718750,3.069312e-02,-1.512959e+00
0.362500,0.718750,2.912074e-02,-1.535798e+00
0.368750,0.718750,2.761870e-02,-1.558797e+00
0.375000,0.718750,2.620714e-02,-1.581580e+00
0.381250,0.718750,2.491033e-02,-1.603620e+00
0.387500,0.718750,2.375681e-02,-1.624212e+00
0.393750,0.718750,2.277896e-02,-1.642466e+00
0.400000,0.718750,2.201161e-02,-1.657348e+00
0.406250,0.718750,2.148948e-02,-1.667774e+00
0.412500,0.718750,2.093112e-02,-1.679208e+00
0.418750,0.718750,2.011759e-02,-1.696424e+00
0.425000,0.718750,1.944413e-02,-1.711211e+00
0.431250,0.718750,1.892509e-02,-1.722962e+00
0.437500,0.718750,1.857280e-02,-1.731123e+00
0.443750,0.718750,1.839622e-02,-1.735271e+00
0.450000,0.718750,1.839977e-02,-1.735188e+00
0.456250,0.718750,1.858274e-02,-1.730890e+00
0.462500,0.718750,1.893933e-02,-1.722635e+00
0.468750,0.718750,1.945941e-02,-1.710870e+00
0.475000,0.718750,1.962040e-02,-1.707292e+00
0.481250,0.718750,1.984522e-02,-1.702344e+00
0.487500,0.718750,2.018935e-02,-1.694878e+00
0.493750,0.718750,2.063463e-02,-1.685403e+00
0.500000,0.718750,2.353045e-02,-1.628370e+00
0.506250,0.718750,2.477407e-02,-1.606003e+00
0.512500,0.718750,2.593381e-02,-1.586134e+00
0.518750,0.718750,2.702538e-02,-1.568228e+00
0.525000,0.718750,2.814303e-02,-1.550629e+00
0.531250,0.718750,2.927519e-02,-1.533500e+00
0.537500,0.718750,3.041229e-02,-1.516951e+00
0.543750,0.718750,3.154649e-02,-1.501049e+00
0.550000,0.718750,3.241279e-02,-1.489284e+00
0.556250,0.718750,3.326738e-02,-1.477981e+00
0.562500,0.718750,3.410565e-02,-1.467174e+00
0.568750,0.718750,3.492302e-02,-1.456888e+00
0.575000,0.718750,3.571565e-02,-1.447141e+00
0.581250,0.718750,3.648030e-02,-1.437942e+00
0.587500,0.718750,3.721431e-02,-1.429290e+00
0.593750,0.718750,3.791547e-02,-1.421184e+00
0.600000,0.718750,3.858197e-02,-1.413616e+00
0.606250,0.718750,3.921238e-02,-1.406577e+00
0.612500,0.718750,3.980554e-02,-1.400056e+00
0.618750,0.718750,4.036060e-02,-1.394042e+00
0.625000,0.718750,4.117816e-02,-1.385333e+00
0.631250,0.718750,4.197577e-02,-1.377001e+00
0.637500,0.718750,4.275231e-02,-1.369040e+00
0.643750,0.718750,4.350808e-02,-1.361430e+00
0.650000,0.718750,4.424341e-02,-1.354151e+00
0.656250,0.718750,4.495868e-02,-1.347186e+00
0.662500,0.718750,4.565430e-02,-1.340518e+00
0.668750,0.718750,4.633070e-02,-1.334131e+00
0.675000,0.718750,4.698837e-02,-1.328010e+00
0.681250,0.718750,4.762781e-02,-1.322139e+00
0.687500,0.718750,4.824956e-02,-1.316507e+00
0.693750,0.718750,4.885420e-02,-1.311098e+00
0.700000,0.718750,4.944232e-02,-1.305901e+00
0.706250,0.718750,5.001457e-02,-1.300903e+00
0.712500,0.718750,5.057162e-02,-1.296093e+00
0.718750,0.718750,5.111416e-02,-1.291459e+00
0.725000,0.718750,5.186956e-02,-1.285087e+00
0.731250,0.718750,5.350712e-02,-1.271588e+00
0.737500,0.718750,5.516013e-02,-1.258375e+00
0.743750,0.718750,5.682747e-02,-1.245442e+00
0.750000,0.718750,5.850816e-02,-1.232784e+00
0.250000,0.725000,7.080450e-02,-1.149939e+00
0.256250,0.725000,6.807153e-02,-1.167034e+00
0.262500,0.725000,6.536406e-02,-1.184661e+00
0.268750,0.725000,6.268569e-02,-1.202832e+00
0.275000,0.725000,6.004088e-02,-1.221553e+00
0.281250,0.725000,5.743506e-02,-1.240823e+00
0.287500,0.725000,5.487490e-02,-1.260626e+00
0.293750,0.725000,5.236852e-02,-1.280930e+00
0.300000,0.725000,4.992580e-02,-1.301675e+00
0.306250,0.725000,4.767969e-02,-1.321667e+00
0.312500,0.725000,4.606637e-02,-1.336616e+00
0.318750,0.725000,4.445260e-02,-1.352103e+00
0.325000,0.725000,4.284105e-02,-1.368140e+00
0.331250,0.725000,4.123503e-02,-1.384734e+00
0.337500,0.725000,3.963862e-02,-1.401881e+00
0.343750,0.725000,3.805684e-02,-1.419567e+00
0.350000,0.725000,3.649582e-02,-1.437757e+00
0.356250,0.725000,3.496302e-02,-1.456391e+00
0.362500,0.725000,3.346752e-02,-1.475376e+00
0.368750,0.725000,3.202026e-02,-1.494575e+00
0.375000,0.725000,3.063435e-02,-1.513791e+00
0.381250,0.725000,2.932541e-02,-1.532756e+00
0.387500,0.725000,2.811171e-02,-1.551113e+00
0.393750,0.725000,2.701428e-02,-1.568407e+00
0.400000,0.725000,2.605670e-02,-1.584081e+00
0.406250,0.725000,2.526437e-02,-1.597491e+00
0.412500,0.725000,2.444253e-02,-1.611854e+00
0.418750,0.725000,2.343487e-02,-1.630137e+00
0.425000,0.725000,2.251889e-02,-1.647453e+00
0.431250,0.725000,2.170605e-02,-1.663419e+00
0.437500,0.725000,2.100814e-02,-1.677612e+00
0.443750,0.725000,2.043676e-02,-1.689588e+00
0.450000,0.725000,2.000260e-02,-1.698914e+00
0.456250,0.725000,1.971452e-02,-1.705214e+00
0.462500,0.725000,1.957881e-02,-1.708214e+00
0.468750,0.725000,1.959844e-02,-1.707778e+00
0.475000,0.725000,1.932145e-02,-1.713960e+00
0.481250,0.725000,1.911372e-02,-1.718655e+00
0.487500,0.725000,1.903105e-02,-1.720537e+00
0.493750,0.725000,1.907299e-02,-1.719581e+00
0.500000,0.725000,2.147531e-02,-1.668060e+00
0.506250,0.725000,2.241370e-02,-1.649486e+00
0.512500,0.725000,2.328826e-02,-1.632863e+00
0.518750,0.725000,2.413792e-02,-1.617300e+00
0.525000,0.725000,2.504815e-02,-1.601224e+00
0.531250,0.725000,2.600401e-02,-1.584960e+00
0.537500,0.725000,2.699274e-02,-1.568753e+00
0.543750,0.725000,2.800351e-02,-1.552788e+00
0.550000,0.725000,2.875281e-02,-1.541320e+00
0.556250,0.725000,2.951022e-02,-1.530028e+00
0.562500,0.725000,3.026958e-02,-1.518994e+00
0.568750,0.725000,3.102485e-02,-1.508290e+00
0.575000,0.725000,3.177089e-02,-1.497971e+00
0.581250,0.725000,3.250339e-02,-1.488071e+00
0.587500,0.725000,3.321869e-02,-1.478617e+00
0.593750,0.725000,3.391378e-02,-1.469624e+00
0.600000,0.725000,3.458614e-02,-1.461098e+00
0.606250,0.725000,3.523372e-02,-1.453042e+00
0.612500,0.725000,3.585487e-02,-1.445452e+00
0.618750,0.725000,3.644829e-02,-1.438323e+00
0.625000,0.725000,3.731486e-02,-1.428118e+00
0.631250,0.725000,3.816639e-02,-1.418319e+00
0.637500,0.725000,3.900156e-02,-1.408918e+00
0.643750,0.725000,3.982048e-02,-1.399893e+00
0.650000,0.725000,4.062334e-02,-1.391224e+00
0.656250,0.725000,4.141034e-02,-1.382891e+00
0.662500,0.725000,4.218175e-02,-1.374875e+00
0.668750,0.725000,4.293789e-02,-1.367159e+00
0.675000,0.725000,4.367909e-02,-1.359726e+00
0.681250,0.725000,4.440574e-02,-1.352561e+00
0.687500,0.725000,4.511825e-02,-1.345648e+00
0.693750,0.725000,4.581707e-02,-1.338973e+00
0.700000,0.725000,4.650268e-02,-1.332522e+00
0.706250,0.725000,4.717560e-02,-1.326283e+00
0.712500,0.725000,4.783636e-02,-1.320242e+00
0.718750,0.725000,4.848554e-02,-1.314388e+00
0.725000,0.725000,4.935968e-02,-1.306628e+00
0.731250,0.725000,5.115004e-02,-1.291154e+00
0.737500,0.725000,5.295077e-02,-1.276128e+00
0.743750,0.725000,5.476096e-02,-1.261529e+00
0.750000,0.725000,5.657987e-02,-1.247338e+00
0.250000,0.731250,7.257991e-02,-1.139184e+00
0.256250,0.731250,7.001391e-02,-1.154816e+00
0.262500,0.731250,6.747588e-02,-1.170851e+00
0.268750,0.731250,6.496917e-02,-1.187293e+00
0.275000,0.731250,6.249785e-02,-1.204135e+00
0.281250,0.731250,6.006683e-02,-1.221365e+00
0.287500,0.731250,5.768200e-02,-1.238960e+00
0.293750,0.731250,5.535043e-02,-1.256879e+00
0.300000,0.731250,5.308054e-02,-1.275065e+00
0.306250,0.731250,5.099696e-02,-1.292456e+00
0.312500,0.731250,4.951202e-02,-1.305289e+00
0.318750,0.731250,4.802519e-02,-1.318531e+00
0.325000,0.731250,4.653847e-02,-1.332188e+00
0.331250,0.731250,4.505434e-02,-1.346263e+00
0.337500,0.731250,4.357581e-02,-1.360755e+00
0.343750,0.731250,4.210653e-02,-1.375651e+00
0.350000,0.731250,4.065090e-02,-1.390930e+00
0.356250,0.731250,3.921421e-02,-1.406557e+00
0.362500,0.731250,3.780274e-02,-1.422477e+00
0.368750,0.731250,3.642398e-02,-1.438613e+00
0.375000,0.731250,3.508677e-02,-1.454857e+00
0.381250,0.731250,3.380146e-02,-1.471065e+00
0.387500,0.731250,3.258014e-02,-1.487047e+00
0.393750,0.731250,3.143668e-02,-1.502563e+00
0.400000,0.731250,3.038683e-02,-1.517315e+00
0.406250,0.731250,2.944809e-02,-1.530943e+00
0.412500,0.731250,2.848545e-02,-1.545377e+00
0.418750,0.731250,2.739006e-02,-1.562407e+00
0.425000,0.731250,2.635443e-02,-1.579146e+00
0.431250,0.731250,2.538604e-02,-1.595405e+00
0.437500,0.731250,2.449298e-02,-1.610958e+00
0.443750,0.731250,2.368395e-02,-1.625546e+00
0.450000,0.731250,2.296798e-02,-1.638877e+00
0.456250,0.731250,2.235416e-02,-1.650642e+00
0.462500,0.731250,2.185128e-02,-1.660523e+00
0.468750,0.731250,2.146730e-02,-1.668223e+00
0.475000,0.731250,2.084516e-02,-1.680995e+00
0.481250,0.731250,2.027667e-02,-1.693003e+00
0.487500,0.731250,1.981130e-02,-1.703087e+00
0.493750,0.731250,1.946249e-02,-1.710802e+00
0.500000,0.731250,2.117709e-02,-1.674134e+00
0.506250,0.731250,2.171980e-02,-1.663144e+00
0.512500,0.731250,2.222592e-02,-1.653140e+00
0.518750,0.731250,2.275256e-02,-1.642970e+00
0.525000,0.731250,2.337421e-02,-1.631263e+00
0.531250,0.731250,2.407538e-02,-1.618427e+00
0.537500,0.731250,2.484177e-02,-1.604817e+00
0.543750,0.731250,2.566049e-02,-1.590735e+00
0.550000,0.731250,2.623752e-02,-1.581077e+00
0.556250,0.731250,2.684641e-02,-1.571114e+00
0.562500,0.731250,2.747955e-02,-1.560990e+00
0.568750,0.731250,2.812943e-02,-1.550839e+00
0.575000,0.731250,2.878950e-02,-1.540766e+00
0.581250,0.731250,2.945409e-02,-1.530854e+00
0.587500,0.731250,3.011832e-02,-1.521169e+00
0.593750,0.731250,3.077806e-02,-1.511759e+00
0.600000,0.731250,3.142978e-02,-1.502659e+00
0.606250,0.731250,3.207054e-02,-1.493894e+00
0.612500,0.731250,3.269792e-02,-1.485480e+00
0.618750,0.731250,3.330991e-02,-1.477427e+00
0.625000,0.731250,3.420337e-02,-1.465931e+00
0.631250,0.731250,3.508799e-02,-1.454842e+00
0.637500,0.731250,3.596206e-02,-1.444155e+00
0.643750,0.731250,3.682536e-02,-1.433853e+00
0.650000,0.731250,3.767774e-02,-1.423915e+00
0.656250,0.731250,3.851916e-02,-1.414323e+00
0.662500,0.731250,3.934962e-02,-1.405059e+00
0.668750,0.731250,4.016918e-02,-1.396107e+00
0.675000,0.731250,4.097796e-02,-1.387450e+00
0.681250,0.731250,4.177613e-02,-1.379072e+00
0.687500,0.731250,4.256391e-02,-1.370958e+00
0.693750,0.731250,4.334155e-02,-1.363096e+00
0.700000,0.731250,4.410935e-02,-1.355469e+00
0.706250,0.731250,4.486764e-02,-1.348067e+00
0.712500,0.731250,4.561678e-02,-1.340875e+00
0.718750,0.731250,4.635716e-02,-1.333883e+00
0.725000,0.731250,4.733256e-02,-1.324840e+00
0.731250,0.731250,4.925050e-02,-1.307589e+00
0.737500,0.731250,5.117359e-02,-1.290954e+00
0.743750,0.731250,5.310132e-02,-1.274895e+00
0.750000,0.731250,5.503326e-02,-1.259375e+00
0.250000,0.737500,7.437472e-02,-1.128575e+00
0.256250,0.737500,7.197631e-02,-1.142810e+00
0.262500,0.737500,6.960771e-02,-1.157343e+00
0.268750,0.737500,6.727196e-02,-1.172166e+00
0.275000,0.737500,6.497266e-02,-1.187269e+00
0.281250,0.737500,6.271411e-02,-1.202635e+00
0.287500,0.737500,6.050141e-02,-1.218234e+00
0.293750,0.737500,5.834057e-02,-1.234029e+00
0.300000,0.737500,5.623861e-02,-1.249965e+00
0.306250,0.737500,5.431248e-02,-1.265100e+00
0.312500,0.737500,5.295236e-02,-1.276115e+00
0.318750,0.737500,5.158887e-02,-1.287444e+00
0.325000,0.737500,5.022349e-02,-1.299093e+00
0.331250,0.737500,4.885802e-02,-1.311064e+00
0.337500,0.737500,4.749468e-02,-1.323355e+00
0.343750,0.737500,4.613610e-02,-1.335959e+00
0.350000,0.737500,4.478547e-02,-1.348863e+00
0.356250,0.737500,4.344654e-02,-1.362045e+00
0.362500,0.737500,4.212375e-02,-1.375473e+00
0.368750,0.737500,4.082232e-02,-1.389102e+00
0.375000,0.737500,3.954833e-02,-1.402872e+00
0.381250,0.737500,3.830886e-02,-1.416701e+00
0.387500,0.737500,3.711207e-02,-1.430485e+00
0.393750,0.737500,3.596733e-02,-1.444092e+00
0.400000,0.737500,3.488528e-02,-1.457358e+00
0.406250,0.737500,3.387786e-02,-1.470084e+00
0.412500,0.737500,3.285198e-02,-1.483438e+00
0.418750,0.737500,3.173308e-02,-1.498488e+00
0.425000,0.737500,3.065386e-02,-1.513515e+00
0.431250,0.737500,2.961902e-02,-1.528429e+00
0.437500,0.737500,2.863370e-02,-1.543123e+00
0.443750,0.737500,2.770354e-02,-1.557465e+00
0.450000,0.737500,2.683466e-02,-1.571304e+00
0.456250,0.737500,2.603356e-02,-1.584466e+00
0.462500,0.737500,2.530708e-02,-1.596758e+00
0.468750,0.737500,2.466222e-02,-1.607968e+00
0.475000,0.737500,2.383101e-02,-1.622858e+00
0.481250,0.737500,2.303567e-02,-1.637599e+00
0.487500,0.737500,2.231465e-02,-1.651410e+00
0.493750,0.737500,2.168585e-02,-1.663824e+00
0.500000,0.737500,2.269122e-02,-1.644142e+00
0.506250,0.737500,2.283287e-02,-1.641440e+00
0.512500,0.737500,2.295685e-02,-1.639088e+00
0.518750,0.737500,2.313133e-02,-1.635799e+00
0.525000,0.737500,2.341976e-02,-1.630418e+00
0.531250,0.737500,2.381086e-02,-1.623225e+00
0.537500,0.737500,2.429295e-02,-1.614520e+00
0.543750,0.737500,2.485441e-02,-1.604597e+00
0.550000,0.737500,2.520814e-02,-1.598459e+00
0.556250,0.737500,2.561634e-02,-1.591483e+00
0.562500,0.737500,2.607133e-02,-1.583837e+00
0.568750,0.737500,2.656513e-02,-1.575688e+00
0.575000,0.737500,2.709042e-02,-1.567184e+00
0.581250,0.737500,2.764062e-02,-1.558452e+00
0.587500,0.737500,2.820983e-02,-1.549600e+00
0.593750,0.737500,2.879286e-02,-1.540715e+00
0.600000,0.737500,2.938516e-02,-1.531872e+00
0.606250,0.737500,2.998279e-02,-1.523128e+00
0.612500,0.737500,3.058236e-02,-1.514529e+00
0.618750,0.737500,3.118100e-02,-1.506110e+00
0.625000,0.737500,3.206430e-02,-1.493978e+00
0.631250,0.737500,3.294708e-02,-1.482183e+00
0.637500,0.737500,3.382704e-02,-1.470736e+00
0.643750,0.737500,3.470338e-02,-1.459628e+00
0.650000,0.737500,3.557546e-02,-1.448850e+00
0.656250,0.737500,3.644274e-02,-1.438389e+00
0.662500,0.737500,3.730481e-02,-1.428235e+00
0.668750,0.737500,3.816134e-02,-1.418376e+00
0.675000,0.737500,3.901210e-02,-1.408801e+00
0.681250,0.737500,3.985693e-02,-1.399496e+00
0.687500,0.737500,4.069574e-02,-1.390451e+00
0.693750,0.737500,4.152850e-02,-1.381654e+00
0.700000,0.737500,4.235522e-02,-1.373093e+00
0.706250,0.737500,4.317599e-02,-1.364758e+00
0.712500,0.737500,4.399091e-02,-1.356637e+00
0.718750,0.737500,4.480015e-02,-1.348721e+00
0.725000,0.737500,4.585189e-02,-1.338643e+00
0.731250,0.737500,4.786258e-02,-1.320004e+00
0.737500,0.737500,4.987433e-02,-1.302123e+00
0.743750,0.737500,5.188702e-02,-1.284941e+00
0.750000,0.737500,5.390055e-02,-1.268407e+00
0.250000,0.743750,7.618788e-02,-1.118114e+00
0.256250,0.743750,7.395725e-02,-1.131019e+00
0.262500,0.743750,7.175770e-02,-1.144131e+00
0.268750,0.743750,6.959186e-02,-1.157442e+00
0.275000,0.743750,6.746284e-02,-1.170935e+00
0.281250,0.743750,6.537429e-02,-1.184593e+00
0.287500,0.743750,6.333050e-02,-1.198387e+00
0.293750,0.743750,6.133647e-02,-1.212281e+00
0.300000,0.743750,5.939798e-02,-1.226228e+00
0.306250,0.743750,5.762471e-02,-1.239391e+00
0.312500,0.743750,5.638625e-02,-1.248827e+00
0.318750,0.743750,5.514298e-02,-1.258510e+00
0.325000,0.743750,5.389593e-02,-1.268444e+00
0.331250,0.743750,5.264640e-02,-1.278631e+00
0.337500,0.743750,5.139597e-02,-1.289071e+00
0.343750,0.743750,5.014657e-02,-1.299759e+00
0.350000,0.743750,4.890045e-02,-1.310687e+00
0.356250,0.743750,4.766032e-02,-1.321843e+00
0.362500,0.743750,4.642931e-02,-1.333208e+00
0.368750,0.743750,4.521111e-02,-1.344755e+00
0.375000,0.743750,4.400997e-02,-1.356449e+00
0.381250,0.743750,4.283081e-02,-1.368244e+00
0.387500,0.743750,4.167927e-02,-1.380080e+00
0.393750,0.743750,4.056179e-02,-1.391883e+00
0.400000,0.743750,3.948568e-02,-1.403560e+00
0.406250,0.743750,3.845913e-02,-1.415001e+00
0.412500,0.743750,3.741886e-02,-1.426909e+00
0.418750,0.743750,3.631477e-02,-1.439917e+00
0.425000,0.743750,3.523739e-02,-1.452996e+00
0.431250,0.743750,3.418970e-02,-1.466105e+00
0.437500,0.743750,3.317497e-02,-1.479190e+00
0.443750,0.743750,3.219679e-02,-1.492187e+00
0.450000,0.743750,3.125909e-02,-1.505024e+00
0.456250,0.743750,3.036614e-02,-1.517610e+00
0.462500,0.743750,2.952252e-02,-1.529847e+00
0.468750,0.743750,2.873311e-02,-1.541617e+00
0.475000,0.743750,2.780087e-02,-1.555942e+00
0.481250,0.743750,2.689317e-02,-1.570358e+00
0.487500,0.743750,2.603827e-02,-1.584388e+00
0.493750,0.743750,2.525328e-02,-1.597682e+00
0.500000,0.743750,2.568760e-02,-1.590276e+00
0.506250,0.743750,2.550736e-02,-1.593334e+00
0.512500,0.743750,2.531697e-02,-1.596588e+00
0.518750,0.743750,2.518653e-02,-1.598832e+00
0.525000,0.743750,2.516822e-02,-1.599147e+00
0.531250,0.743750,2.525655e-02,-1.597626e+00
0.537500,0.743750,2.544489e-02,-1.594400e+00
0.543750,0.743750,2.572576e-02,-1.589632e+00
0.550000,0.743750,2.583927e-02,-1.587720e+00
0.556250,0.743750,2.602130e-02,-1.584671e+00
0.562500,0.743750,2.626596e-02,-1.580607e+00
0.568750,0.743750,2.656656e-02,-1.575665e+00
0.575000,0.743750,2.691658e-02,-1.569980e+00
0.581250,0.743750,2.730975e-02,-1.563682e+00
0.587500,0.743750,2.774020e-02,-1.556890e+00
0.593750,0.743750,2.820245e-02,-1.549713e+00
0.600000,0.743750,2.869150e-02,-1.542247e+00
0.606250,0.743750,2.920279e-02,-1.534576e+00
0.612500,0.743750,2.973226e-02,-1.526772e+00
0.618750,0.743750,3.027630e-02,-1.518897e+00
0.625000,0.743750,3.110000e-02,-1.507240e+00
0.631250,0.743750,3.193384e-02,-1.495749e+00
0.637500,0.743750,3.277481e-02,-1.484460e+00
0.643750,0.743750,3.362135e-02,-1.473385e+00
0.650000,0.743750,3.447213e-02,-1.462532e+00
0.656250,0.743750,3.532601e-02,-1.451905e+00
0.662500,0.743750,3.618198e-02,-1.441508e+00
0.668750,0.743750,3.703919e-02,-1.431339e+00
0.675000,0.743750,3.789691e-02,-1.421396e+00
0.681250,0.743750,3.875454e-02,-1.411677e+00
0.687500,0.743750,3.961157e-02,-1.402178e+00
0.693750,0.743750,4.046756e-02,-1.392893e+00
0.700000,0.743750,4.132218e-02,-1.383817e+00
0.706250,0.743750,4.217516e-02,-1.374943e+00
0.712500,0.743750,4.302629e-02,-1.366266e+00
0.718750,0.743750,4.387544e-02,-1.357779e+00
0.725000,0.743750,4.497163e-02,-1.347061e+00
0.731250,0.743750,4.703146e-02,-1.327612e+00
0.737500,0.743750,4.909076e-02,-1.309000e+00
0.743750,0.743750,5.114957e-02,-1.291158e+00
0.750000,0.743750,5.320790e-02,-1.274024e+00
0.250000,0.750000,7.801858e-02,-1.107802e+00
0.256250,0.750000,7.595559e-02,-1.119440e+00
0.262500,0.750000,7.392439e-02,-1.131212e+00
0.268750,0.750000,7.192716e-02,-1.143107e+00
0.275000,0.750000,6.996648e-02,-1.155110e+00
0.281250,0.750000,6.804537e-02,-1.167201e+00
0.287500,0.750000,6.616732e-02,-1.179356e+00
0.293750,0.750000,6.433639e-02,-1.191543e+00
0.300000,0.750000,6.255722e-02,-1.203723e+00
0.306250,0.750000,6.093272e-02,-1.215149e+00
0.312500,0.750000,5.981309e-02,-1.223204e+00
0.318750,0.750000,5.868726e-02,-1.231456e+00
0.325000,0.750000,5.755592e-02,-1.239910e+00
0.331250,0.750000,5.641998e-02,-1.248567e+00
0.337500,0.750000,5.528054e-02,-1.257428e+00
0.343750,0.750000,5.413896e-02,-1.266490e+00
0.350000,0.750000,5.299684e-02,-1.275750e+00
0.356250,0.750000,5.185609e-02,-1.285200e+00
0.362500,0.750000,5.071897e-02,-1.294830e+00
0.368750,0.750000,4.958806e-02,-1.304623e+00
0.375000,0.750000,4.846638e-02,-1.314559e+00
0.381250,0.750000,4.735738e-02,-1.324612e+00
0.387500,0.750000,4.626502e-02,-1.334747e+00
0.393750,0.750000,4.519377e-02,-1.344921e+00
0.400000,0.750000,4.414873e-02,-1.355082e+00
0.406250,0.750000,4.313561e-02,-1.365164e+00
0.412500,0.750000,4.211253e-02,-1.375589e+00
0.418750,0.750000,4.104678e-02,-1.386721e+00
0.425000,0.750000,3.999887e-02,-1.397952e+00
0.431250,0.750000,3.897075e-02,-1.409261e+00
0.437500,0.750000,3.796455e-02,-1.420622e+00
0.443750,0.750000,3.698261e-02,-1.432002e+00
0.450000,0.750000,3.602747e-02,-1.443366e+00
0.456250,0.750000,3.510189e-02,-1.454669e+00
0.462500,0.750000,3.420887e-02,-1.465861e+00
0.468750,0.750000,3.335165e-02,-1.476883e+00
0.475000,0.750000,3.238596e-02,-1.489643e+00
0.481250,0.750000,3.143864e-02,-1.502536e+00
0.487500,0.750000,3.053035e-02,-1.515268e+00
0.493750,0.750000,2.967585e-02,-1.527597e+00
0.500000,0.750000,2.971164e-02,-1.527073e+00
0.506250,0.750000,2.931059e-02,-1.532975e+00
0.512500,0.750000,2.890219e-02,-1.539069e+00
0.518750,0.750000,2.855150e-02,-1.544371e+00
0.525000,0.750000,2.829960e-02,-1.548220e+00
0.531250,0.750000,2.814480e-02,-1.550602e+00
0.537500,0.750000,2.808448e-02,-1.551534e+00
0.543750,0.750000,2.811517e-02,-1.551059e+00
0.550000,0.750000,2.801572e-02,-1.552598e+00
0.556250,0.750000,2.798783e-02,-1.553031e+00
0.562500,0.750000,2.802807e-02,-1.552407e+00
0.568750,0.750000,2.813206e-02,-1.550799e+00
0.575000,0.750000,2.829516e-02,-1.548288e+00
0.581250,0.750000,2.851267e-02,-1.544962e+00
0.587500,0.750000,2.877987e-02,-1.540911e+00
0.593750,0.750000,2.909211e-02,-1.536225e+00
0.600000,0.750000,2.944493e-02,-1.530989e+00
0.606250,0.750000,2.983403e-02,-1.525288e+00
0.612500,0.750000,3.025539e-02,-1.519197e+00
0.618750,0.750000,3.070527e-02,-1.512787e+00
0.625000,0.750000,3.141994e-02,-1.502795e+00
0.631250,0.750000,3.215621e-02,-1.492735e+00
0.637500,0.750000,3.291054e-02,-1.482665e+00
0.643750,0.750000,3.368078e-02,-1.472618e+00
0.650000,0.750000,3.446498e-02,-1.462622e+00
0.656250,0.750000,3.526138e-02,-1.452701e+00
0.662500,0.750000,3.606841e-02,-1.442873e+00
0.668750,0.750000,3.688467e-02,-1.433154e+00
0.675000,0.750000,3.770891e-02,-1.423556e+00
0.681250,0.750000,3.854002e-02,-1.414088e+00
0.687500,0.750000,3.937702e-02,-1.404757e+00
0.693750,0.750000,4.021904e-02,-1.395568e+00
0.700000,0.750000,4.106533e-02,-1.386525e+00
0.706250,0.750000,4.191523e-02,-1.377628e+00
0.712500,0.750000,4.276814e-02,-1.368880e+00
0.718750,0.750000,4.362359e-02,-1.360279e+00
0.725000,0.750000,4.472749e-02,-1.349426e+00
0.731250,0.750000,4.678703e-02,-1.329875e+00
0.737500,0.750000,4.884786e-02,-1.311154e+00
0.743750,0.750000,5.090979e-02,-1.293199e+00
0.750000,0.750000,5.297263e-02,-1.275948e+00
