x,y,z,logz
0.250000,0.250000,5.172435e-02,-1.286305e+00
0.256250,0.250000,5.190778e-02,-1.284768e+00
0.262500,0.250000,5.257786e-02,-1.279197e+00
0.268750,0.250000,5.371632e-02,-1.269894e+00
0.275000,0.250000,5.529446e-02,-1.257318e+00
0.281250,0.250000,5.727649e-02,-1.242024e+00
0.287500,0.250000,5.962294e-02,-1.224587e+00
0.293750,0.250000,6.229367e-02,-1.205556e+00
0.300000,0.250000,6.525014e-02,-1.185419e+00
0.306250,0.250000,6.845678e-02,-1.164584e+00
0.312500,0.250000,7.188173e-02,-1.143382e+00
0.318750,0.250000,7.576154e-02,-1.120551e+00
0.325000,0.250000,7.982689e-02,-1.097851e+00
0.331250,0.250000,8.405302e-02,-1.075447e+00
0.337500,0.250000,8.841918e-02,-1.053453e+00
0.343750,0.250000,9.290803e-02,-1.031947e+00
0.350000,0.250000,9.750511e-02,-1.010973e+00
0.356250,0.250000,1.021984e-01,-9.905560e-01
0.362500,0.250000,1.069778e-01,-9.707062e-01
0.368750,0.250000,1.118351e-01,-9.514218e-01
0.375000,0.250000,1.167633e-01,-9.326936e-01
0.381250,0.250000,1.221970e-01,-9.129394e-01
0.387500,0.250000,1.277050e-01,-8.937923e-01
0.393750,0.250000,1.332797e-01,-8.752358e-01
0.400000,0.250000,1.389152e-01,-8.572502e-01
0.406250,0.250000,1.446061e-01,-8.398133e-01
0.412500,0.250000,1.503480e-01,-8.229024e-01
0.418750,0.250000,1.561371e-01,-8.064940e-01
0.425000,0.250000,1.619700e-01,-7.905653e-01
0.431250,0.250000,1.678442e-01,-7.750937e-01
0.437500,0.250000,1.737571e-01,-7.600574e-01
0.443750,0.250000,1.802647e-01,-7.440892e-01
0.450000,0.250000,1.868104e-01,-7.285990e-01
0.456250,0.250000,1.933914e-01,-7.135628e-01
0.462500,0.250000,2.000055e-01,-6.989581e-01
0.468750,0.250000,2.066506e-01,-6.847633e-01
0.475000,0.250000,2.133250e-01,-6.709583e-01
0.481250,0.250000,2.200271e-01,-6.575238e-01
0.487500,0.250000,2.267557e-01,-6.444419e-01
0.493750,0.250000,2.335094e-01,-6.316956e-01
0.500000,0.250000,0.000000e+00,-1.200000e+01
0.506250,0.250000,0.000000e+00,-1.200000e+01
0.512500,0.250000,0.000000e+00,-1.200000e+01
0.518750,0.250000,0.000000e+00,-1.200000e+01
0.525000,0.250000,0.000000e+00,-1.200000e+01
0.531250,0.250000,0.000000e+00,-1.200000e+01
0.537500,0.250000,0.000000e+00,-1.200000e+01
0.543750,0.250000,0.000000e+00,-1.200000e+01
0.550000,0.250000,0.000000e+00,-1.200000e+01
0.556250,0.250000,0.000000e+00,-1.200000e+01
0.562500,0.250000,0.000000e+00,-1.200000e+01
0.568750,0.250000,0.000000e+00,-1.200000e+01
0.575000,0.250000,0.000000e+00,-1.200000e+01
0.581250,0.250000,0.000000e+00,-1.200000e+01
0.587500,0.250000,0.000000e+00,-1.200000e+01
0.593750,0.250000,0.000000e+00,-1.200000e+01
0.600000,0.250000,0.000000e+00,-1.200000e+01
0.606250,0.250000,0.000000e+00,-1.200000e+01
0.612500,0.250000,0.000000e+00,-1.200000e+01
0.618750,0.250000,0.000000e+00,-1.200000e+01
0.625000,0.250000,0.000000e+00,-1.200000e+01
0.631250,0.250000,0.000000e+00,-1.200000e+01
0.637500,0.250000,0.000000e+00,-1.200000e+01
0.643750,0.250000,0.000000e+00,-1.200000e+01
0.650000,0.250000,0.000000e+00,-1.200000e+01
0.656250,0.250000,0.000000e+00,-1.200000e+01
0.662500,0.250000,0.000000e+00,-1.200000e+01
0.668750,0.250000,0.000000e+00,-1.200000e+01
0.675000,0.250000,0.000000e+00,-1.200000e+01
0.681250,0.250000,0.000000e+00,-1.200000e+01
0.687500,0.250000,0.000000e+00,-1.200000e+01
0.693750,0.250000,0.000000e+00,-1.200000e+01
0.700000,0.250000,0.000000e+00,-1.200000e+01
0.706250,0.250000,0.000000e+00,-1.200000e+01
0.712500,0.250000,0.000000e+00,-1.200000e+01
0.718750,0.250000,0.000000e+00,-1.200000e+01
0.725000,0.250000,0.000000e+00,-1.200000e+01
0.731250,0.250000,0.000000e+00,-1.200000e+01
0.737500,0.250000,0.000000e+00,-1.200000e+01
0.743750,0.250000,0.000000e+00,-1.200000e+01
0.750000,0.250000,0.000000e+00,-1.200000e+01
0.250000,0.256250,5.041791e-02,-1.297415e+00
0.256250,0.256250,5.061069e-02,-1.295758e+00
0.262500,0.256250,5.132171e-02,-1.289699e+00
0.268750,0.256250,5.252978e-02,-1.279594e+00
0.275000,0.256250,5.420183e-02,-1.265986e+00
0.281250,0.256250,5.629699e-02,-1.249515e+00
0.287500,0.256250,5.877071e-02,-1.230839e+00
0.293750,0.256250,6.157834e-02,-1.210572e+00
0.300000,0.256250,6.467755e-02,-1.189246e+00
0.306250,0.256250,6.802984e-02,-1.167301e+00
0.312500,0.256250,7.160116e-02,-1.145080e+00
0.318750,0.256250,7.563473e-02,-1.121279e+00
0.325000,0.256250,7.985202e-02,-1.097714e+00
0.331250,0.256250,8.422746e-02,-1.074546e+00
0.337500,0.256250,8.873976e-02,-1.051882e+00
0.343750,0.256250,9.337133e-02,-1.029786e+00
0.350000,0.256250,9.810756e-02,-1.008298e+00
0.356250,0.256250,1.029364e-01,-9.874311e-01
0.362500,0.256250,1.078478e-01,-9.671886e-01
0.368750,0.256250,1.128336e-01,-9.475615e-01
0.375000,0.256250,1.178868e-01,-9.285347e-01
0.381250,0.256250,1.234197e-01,-9.086156e-01
0.387500,0.256250,1.290210e-01,-8.893396e-01
0.393750,0.256250,1.346841e-01,-8.706836e-01
0.400000,0.256250,1.404036e-01,-8.526219e-01
0.406250,0.256250,1.461746e-01,-8.351282e-01
0.412500,0.256250,1.519932e-01,-8.181758e-01
0.418750,0.256250,1.578561e-01,-8.017386e-01
0.425000,0.256250,1.637604e-01,-7.857910e-01
0.431250,0.256250,1.697037e-01,-7.703086e-01
0.437500,0.256250,1.756839e-01,-7.552679e-01
0.443750,0.256250,1.822372e-01,-7.393629e-01
0.450000,0.256250,1.888276e-01,-7.239345e-01
0.456250,0.256250,1.954524e-01,-7.089589e-01
0.462500,0.256250,2.021093e-01,-6.944136e-01
0.468750,0.256250,2.087963e-01,-6.802772e-01
0.475000,0.256250,2.155115e-01,-6.665295e-01
0.481250,0.256250,2.222534e-01,-6.531515e-01
0.487500,0.256250,2.290207e-01,-6.401253e-01
0.493750,0.256250,2.358120e-01,-6.274340e-01
0.500000,0.256250,0.000000e+00,-1.200000e+01
0.506250,0.256250,0.000000e+00,-1.200000e+01
0.512500,0.256250,0.000000e+00,-1.200000e+01
0.518750,0.256250,0.000000e+00,-1.200000e+01
0.525000,0.256250,0.000000e+00,-1.200000e+01
0.531250,0.256250,0.000000e+00,-1.200000e+01
0.537500,0.256250,0.000000e+00,-1.200000e+01
0.543750,0.256250,0.000000e+00,-1.200000e+01
0.550000,0.256250,0.000000e+00,-1.200000e+01
0.556250,0.256250,0.000000e+00,-1.200000e+01
0.562500,0.256250,0.000000e+00,-1.200000e+01
0.568750,0.256250,0.000000e+00,-1.200000e+01
0.575000,0.256250,0.000000e+00,-1.200000e+01
0.581250,0.256250,0.000000e+00,-1.200000e+01
0.587500,0.256250,0.000000e+00,-1.200000e+01
0.593750,0.256250,0.000000e+00,-1.200000e+01
0.600000,0.256250,0.000000e+00,-1.200000e+01
0.606250,0.256250,0.000000e+00,-1.200000e+01
0.612500,0.256250,0.000000e+00,-1.200000e+01
0.618750,0.256250,0.000000e+00,-1.200000e+01
0.625000,0.256250,0.000000e+00,-1.200000e+01
0.631250,0.256250,0.000000e+00,-1.200000e+01
0.637500,0.256250,0.000000e+00,-1.200000e+01
0.643750,0.256250,0.000000e+00,-1.200000e+01
0.650000,0.256250,0.000000e+00,-1.200000e+01
0.656250,0.256250,0.000000e+00,-1.200000e+01
0.662500,0.256250,0.000000e+00,-1.200000e+01
0.668750,0.256250,0.000000e+00,-1.200000e+01
0.675000,0.256250,0.000000e+00,-1.200000e+01
0.681250,0.256250,0.000000e+00,-1.200000e+01
0.687500,0.256250,0.000000e+00,-1.200000e+01
0.693750,0.256250,0.000000e+00,-1.200000e+01
0.700000,0.256250,0.000000e+00,-1.200000e+01
0.706250,0.256250,0.000000e+00,-1.200000e+01
0.712500,0.256250,0.000000e+00,-1.200000e+01
0.718750,0.256250,0.000000e+00,-1.200000e+01
0.725000,0.256250,0.000000e+00,-1.200000e+01
0.731250,0.256250,0.000000e+00,-1.200000e+01
0.737500,0.256250,0.000000e+00,-1.200000e+01
0.743750,0.256250,0.000000e+00,-1.200000e+01
0.750000,0.256250,0.000000e+00,-1.200000e+01
0.250000,0.262500,4.911288e-02,-1.308805e+00
0.256250,0.262500,4.931238e-02,-1.307044e+00
0.262500,0.262500,5.006318e-02,-1.300482e+00
0.268750,0.262500,5.134086e-02,-1.289537e+00
0.275000,0.262500,5.310749e-02,-1.274844e+00
0.281250,0.262500,5.531660e-02,-1.257145e+00
0.287500,0.262500,5.791819e-02,-1.237185e+00
0.293750,0.262500,6.086279e-02,-1.215648e+00
0.300000,0.262500,6.410420e-02,-1.193114e+00
0.306250,0.262500,6.760095e-02,-1.170047e+00
0.312500,0.262500,7.131688e-02,-1.146808e+00
0.318750,0.262500,7.550145e-02,-1.122045e+00
0.325000,0.262500,7.986747e-02,-1.097630e+00
0.331250,0.262500,8.438862e-02,-1.073716e+00
0.337500,0.262500,8.904323e-02,-1.050399e+00
0.343750,0.262500,9.381351e-02,-1.027735e+00
0.350000,0.262500,9.868479e-02,-1.005750e+00
0.356250,0.262500,1.036450e-01,-9.844514e-01
0.362500,0.262500,1.086844e-01,-9.638330e-01
0.368750,0.262500,1.137945e-01,-9.438786e-01
0.375000,0.262500,1.189688e-01,-9.245669e-01
0.381250,0.262500,1.246027e-01,-9.044724e-01
0.387500,0.262500,1.302997e-01,-8.850565e-01
0.393750,0.262500,1.360538e-01,-8.662893e-01
0.400000,0.262500,1.418600e-01,-8.481400e-01
0.406250,0.262500,1.477142e-01,-8.305778e-01
0.412500,0.262500,1.536128e-01,-8.135726e-01
0.418750,0.262500,1.595529e-01,-7.970952e-01
0.425000,0.262500,1.655321e-01,-7.811178e-01
0.431250,0.262500,1.715482e-01,-7.656139e-01
0.437500,0.262500,1.775994e-01,-7.505585e-01
0.443750,0.262500,1.841945e-01,-7.347234e-01
0.450000,0.262500,1.908258e-01,-7.193629e-01
0.456250,0.262500,1.974907e-01,-7.044534e-01
0.462500,0.262500,2.041867e-01,-6.899726e-01
0.468750,0.262500,2.109117e-01,-6.758992e-01
0.475000,0.262500,2.176641e-01,-6.622132e-01
0.481250,0.262500,2.244421e-01,-6.488956e-01
0.487500,0.262500,2.312445e-01,-6.359286e-01
0.493750,0.262500,2.380698e-01,-6.232956e-01
0.500000,0.262500,0.000000e+00,-1.200000e+01
0.506250,0.262500,0.000000e+00,-1.200000e+01
0.512500,0.262500,0.000000e+00,-1.200000e+01
0.518750,0.262500,0.000000e+00,-1.200000e+01
0.525000,0.262500,0.000000e+00,-1.200000e+01
0.531250,0.262500,0.000000e+00,-1.200000e+01
0.537500,0.262500,0.000000e+00,-1.200000e+01
0.543750,0.262500,0.000000e+00,-1.200000e+01
0.550000,0.262500,0.000000e+00,-1.200000e+01
0.556250,0.262500,0.000000e+00,-1.200000e+01
0.562500,0.262500,0.000000e+00,-1.200000e+01
0.568750,0.262500,0.000000e+00,-1.200000e+01
0.575000,0.262500,0.000000e+00,-1.200000e+01
0.581250,0.262500,0.000000e+00,-1.200000e+01
0.587500,0.262500,0.000000e+00,-1.200000e+01
0.593750,0.262500,0.000000e+00,-1.200000e+01
0.600000,0.262500,0.000000e+00,-1.200000e+01
0.606250,0.262500,0.000000e+00,-1.200000e+01
0.612500,0.262500,0.000000e+00,-1.200000e+01
0.618750,0.262500,0.000000e+00,-1.200000e+01
0.625000,0.262500,0.000000e+00,-1.200000e+01
0.631250,0.262500,0.000000e+00,-1.200000e+01
0.637500,0.262500,0.000000e+00,-1.200000e+01
0.643750,0.262500,0.000000e+00,-1.200000e+01
0.650000,0.262500,0.000000e+00,-1.200000e+01
0.656250,0.262500,0.000000e+00,-1.200000e+01
0.662500,0.262500,0.000000e+00,-1.200000e+01
0.668750,0.262500,0.000000e+00,-1.200000e+01
0.675000,0.262500,0.000000e+00,-1.200000e+01
0.681250,0.262500,0.000000e+00,-1.200000e+01
0.687500,0.262500,0.000000e+00,-1.200000e+01
0.693750,0.262500,0.000000e+00,-1.200000e+01
0.700000,0.262500,0.000000e+00,-1.200000e+01
0.706250,0.262500,0.000000e+00,-1.200000e+01
0.712500,0.262500,0.000000e+00,-1.200000e+01
0.718750,0.262500,0.000000e+00,-1.200000e+01
0.725000,0.262500,0.000000e+00,-1.200000e+01
0.731250,0.262500,0.000000e+00,-1.200000e+01
0.737500,0.262500,0.000000e+00,-1.200000e+01
0.743750,0.262500,0.000000e+00,-1.200000e+01
0.750000,0.262500,0.000000e+00,-1.200000e+01
0.250000,0.268750,4.780953e-02,-1.320486e+00
0.256250,0.268750,4.801285e-02,-1.318643e+00
0.262500,0.268750,4.880210e-02,-1.311561e+00
0.268750,0.268750,5.014932e-02,-1.299735e+00
0.275000,0.268750,5.201115e-02,-1.283904e+00
0.281250,0.268750,5.433500e-02,-1.264920e+00
0.287500,0.268750,5.706496e-02,-1.243630e+00
0.293750,0.268750,6.014652e-02,-1.220790e+00
0.300000,0.268750,6.352946e-02,-1.197025e+00
0.306250,0.268750,6.716939e-02,-1.172829e+00
0.312500,0.268750,7.102807e-02,-1.148570e+00
0.318750,0.268750,7.536080e-02,-1.122855e+00
0.325000,0.268750,7.987223e-02,-1.097604e+00
0.331250,0.268750,8.453547e-02,-1.072961e+00
0.337500,0.268750,8.932855e-02,-1.049010e+00
0.343750,0.268750,9.423355e-02,-1.025794e+00
0.350000,0.268750,9.923583e-02,-1.003331e+00
0.356250,0.268750,1.043234e-01,-9.816181e-01
0.362500,0.268750,1.094865e-01,-9.606392e-01
0.368750,0.268750,1.147171e-01,-9.403718e-01
0.375000,0.268750,1.200085e-01,-9.207880e-01
0.381250,0.268750,1.257456e-01,-9.005071e-01
0.387500,0.268750,1.315407e-01,-8.809399e-01
0.393750,0.268750,1.373884e-01,-8.620499e-01
0.400000,0.268750,1.432843e-01,-8.438014e-01
0.406250,0.268750,1.492247e-01,-8.261592e-01
0.412500,0.268750,1.552066e-01,-8.090897e-01
0.418750,0.268750,1.612274e-01,-7.925611e-01
0.425000,0.268750,1.672849e-01,-7.765431e-01
0.431250,0.268750,1.733774e-01,-7.610075e-01
0.437500,0.268750,1.795034e-01,-7.459274e-01
0.443750,0.268750,1.861365e-01,-7.301685e-01
0.450000,0.268750,1.928050e-01,-7.148818e-01
0.456250,0.268750,1.995061e-01,-7.000439e-01
0.462500,0.268750,2.062374e-01,-6.856326e-01
0.468750,0.268750,2.129969e-01,-6.716267e-01
0.475000,0.268750,2.197827e-01,-6.580065e-01
0.481250,0.268750,2.265932e-01,-6.447531e-01
0.487500,0.268750,2.334270e-01,-6.318489e-01
0.493750,0.268750,2.402828e-01,-6.192773e-01
0.500000,0.268750,0.000000e+00,-1.200000e+01
0.506250,0.268750,0.000000e+00,-1.200000e+01
0.512500,0.268750,0.000000e+00,-1.200000e+01
0.518750,0.268750,0.000000e+00,-1.200000e+01
0.525000,0.268750,0.000000e+00,-1.200000e+01
0.531250,0.268750,0.000000e+00,-1.200000e+01
0.537500,0.268750,0.000000e+00,-1.200000e+01
0.543750,0.268750,0.000000e+00,-1.200000e+01
0.550000,0.268750,0.000000e+00,-1.200000e+01
0.556250,0.268750,0.000000e+00,-1.200000e+01
0.562500,0.268750,0.000000e+00,-1.200000e+01
0.568750,0.268750,0.000000e+00,-1.200000e+01
0.575000,0.268750,0.000000e+00,-1.200000e+01
0.581250,0.268750,0.000000e+00,-1.200000e+01
0.587500,0.268750,0.000000e+00,-1.200000e+01
0.593750,0.268750,0.000000e+00,-1.200000e+01
0.600000,0.268750,0.000000e+00,-1.200000e+01
0.606250,0.268750,0.000000e+00,-1.200000e+01
0.612500,0.268750,0.000000e+00,-1.200000e+01
0.618750,0.268750,0.000000e+00,-1.200000e+01
0.625000,0.268750,0.000000e+00,-1.200000e+01
0.631250,0.268750,0.000000e+00,-1.200000e+01
0.637500,0.268750,0.000000e+00,-1.200000e+01
0.643750,0.268750,0.000000e+00,-1.200000e+01
0.650000,0.268750,0.000000e+00,-1.200000e+01
0.656250,0.268750,0.000000e+00,-1.200000e+01
0.662500,0.268750,0.000000e+00,-1.200000e+01
0.668750,0.268750,0.000000e+00,-1.200000e+01
0.675000,0.268750,0.000000e+00,-1.200000e+01
0.681250,0.268750,0.000000e+00,-1.200000e+01
0.687500,0.268750,0.000000e+00,-1.200000e+01
0.693750,0.268750,0.000000e+00,-1.200000e+01
0.700000,0.268750,0.000000e+00,-1.200000e+01
0.706250,0.268750,0.000000e+00,-1.200000e+01
0.712500,0.268750,0.000000e+00,-1.200000e+01
0.718750,0.268750,0.000000e+00,-1.200000e+01
0.725000,0.268750,0.000000e+00,-1.200000e+01
0.731250,0.268750,0.000000e+00,-1.200000e+01
0.737500,0.268750,0.000000e+00,-1.200000e+01
0.743750,0.268750,0.000000e+00,-1.200000e+01
0.750000,0.268750,0.000000e+00,-1.200000e+01
0.250000,0.275000,4.650818e-02,-1.332471e+00
0.256250,0.275000,4.671211e-02,-1.330571e+00
0.262500,0.275000,4.753831e-02,-1.322956e+00
0.268750,0.275000,4.895490e-02,-1.310204e+00
0.275000,0.275000,5.091252e-02,-1.293175e+00
0.281250,0.275000,5.335186e-02,-1.272850e+00
0.287500,0.275000,5.621065e-02,-1.250181e+00
0.293750,0.275000,5.942905e-02,-1.226001e+00
0.300000,0.275000,6.295277e-02,-1.200985e+00
0.306250,0.275000,6.673447e-02,-1.175650e+00
0.312500,0.275000,7.073395e-02,-1.150372e+00
0.318750,0.275000,7.521187e-02,-1.123714e+00
0.325000,0.275000,7.986536e-02,-1.097642e+00
0.331250,0.275000,8.466704e-02,-1.072286e+00
0.337500,0.275000,8.959473e-02,-1.047718e+00
0.343750,0.275000,9.463048e-02,-1.023969e+00
0.350000,0.275000,9.975975e-02,-1.001045e+00
0.356250,0.275000,1.049707e-01,-9.789320e-01
0.362500,0.275000,1.102536e-01,-9.576072e-01
0.368750,0.275000,1.156006e-01,-9.370398e-01
0.375000,0.275000,1.210053e-01,-9.171957e-01
0.381250,0.275000,1.268478e-01,-8.967171e-01
0.387500,0.275000,1.327435e-01,-8.769868e-01
0.393750,0.275000,1.386876e-01,-8.579625e-01
0.400000,0.275000,1.446762e-01,-8.396030e-01
0.406250,0.275000,1.507060e-01,-8.218694e-01
0.412500,0.275000,1.567745e-01,-8.047246e-01
0.418750,0.275000,1.628794e-01,-7.881339e-01
0.425000,0.275000,1.690189e-01,-7.720648e-01
0.431250,0.275000,1.751914e-01,-7.564872e-01
0.437500,0.275000,1.813958e-01,-7.413728e-01
0.443750,0.275000,1.880632e-01,-7.256963e-01
0.450000,0.275000,1.947650e-01,-7.104891e-01
0.456250,0.275000,2.014986e-01,-6.957280e-01
0.462500,0.275000,2.082615e-01,-6.813909e-01
0.468750,0.275000,2.150517e-01,-6.674571e-01
0.475000,0.275000,2.218673e-01,-6.539067e-01
0.481250,0.275000,2.287066e-01,-6.407213e-01
0.487500,0.275000,2.355683e-01,-6.278832e-01
0.493750,0.275000,2.424510e-01,-6.153761e-01
0.500000,0.275000,0.000000e+00,-1.200000e+01
0.506250,0.275000,0.000000e+00,-1.200000e+01
0.512500,0.275000,0.000000e+00,-1.200000e+01
0.518750,0.275000,0.000000e+00,-1.200000e+01
0.525000,0.275000,0.000000e+00,-1.200000e+01
0.531250,0.275000,0.000000e+00,-1.200000e+01
0.537500,0.275000,0.000000e+00,-1.200000e+01
0.543750,0.275000,0.000000e+00,-1.200000e+01
0.550000,0.275000,0.000000e+00,-1.200000e+01
0.556250,0.275000,0.000000e+00,-1.200000e+01
0.562500,0.275000,0.000000e+00,-1.200000e+01
0.568750,0.275000,0.000000e+00,-1.200000e+01
0.575000,0.275000,0.000000e+00,-1.200000e+01
0.581250,0.275000,0.000000e+00,-1.200000e+01
0.587500,0.275000,0.000000e+00,-1.200000e+01
0.593750,0.275000,0.000000e+00,-1.200000e+01
0.600000,0.275000,0.000000e+00,-1.200000e+01
0.606250,0.275000,0.000000e+00,-1.200000e+01
0.612500,0.275000,0.000000e+00,-1.200000e+01
0.618750,0.275000,0.000000e+00,-1.200000e+01
0.625000,0.275000,0.000000e+00,-1.200000e+01
0.631250,0.275000,0.000000e+00,-1.200000e+01
0.637500,0.275000,0.000000e+00,-1.200000e+01
0.643750,0.275000,0.000000e+00,-1.200000e+01
0.650000,0.275000,0.000000e+00,-1.200000e+01
0.656250,0.275000,0.000000e+00,-1.200000e+01
0.662500,0.275000,0.000000e+00,-1.200000e+01
0.668750,0.275000,0.000000e+00,-1.200000e+01
0.675000,0.275000,0.000000e+00,-1.200000e+01
0.681250,0.275000,0.000000e+00,-1.200000e+01
0.687500,0.275000,0.000000e+00,-1.200000e+01
0.693750,0.275000,0.000000e+00,-1.200000e+01
0.700000,0.275000,0.000000e+00,-1.200000e+01
0.706250,0.275000,0.000000e+00,-1.200000e+01
0.712500,0.275000,0.000000e+00,-1.200000e+01
0.718750,0.275000,0.000000e+00,-1.200000e+01
0.725000,0.275000,0.000000e+00,-1.200000e+01
0.731250,0.275000,0.000000e+00,-1.200000e+01
0.737500,0.275000,0.000000e+00,-1.200000e+01
0.743750,0.275000,0.000000e+00,-1.200000e+01
0.750000,0.275000,0.000000e+00,-1.200000e+01
0.250000,0.281250,4.520920e-02,-1.344773e+00
0.256250,0.281250,4.541019e-02,-1.342847e+00
0.262500,0.281250,4.627164e-02,-1.334685e+00
0.268750,0.281250,4.775735e-02,-1.320960e+00
0.275000,0.281250,4.981134e-02,-1.302672e+00
0.281250,0.281250,5.236688e-02,-1.280943e+00
0.287500,0.281250,5.535488e-02,-1.256844e+00
0.293750,0.281250,5.870992e-02,-1.231288e+00
0.300000,0.281250,6.237354e-02,-1.205000e+00
0.306250,0.281250,6.629551e-02,-1.178516e+00
0.312500,0.281250,7.043374e-02,-1.152219e+00
0.318750,0.281250,7.505383e-02,-1.124627e+00
0.325000,0.281250,7.984596e-02,-1.097747e+00
0.331250,0.281250,8.478238e-02,-1.071694e+00
0.337500,0.281250,8.984083e-02,-1.046526e+00
0.343750,0.281250,9.500341e-02,-1.022261e+00
0.350000,0.281250,1.002557e-01,-9.988911e-01
0.356250,0.281250,1.055859e-01,-9.763939e-01
0.362500,0.281250,1.109848e-01,-9.547367e-01
0.368750,0.281250,1.164444e-01,-9.338815e-01
0.375000,0.281250,1.219585e-01,-9.137880e-01
0.381250,0.281250,1.279088e-01,-8.930997e-01
0.387500,0.281250,1.339077e-01,-8.731946e-01
0.393750,0.281250,1.399510e-01,-8.540240e-01
0.400000,0.281250,1.460353e-01,-8.355421e-01
0.406250,0.281250,1.521578e-01,-8.177057e-01
0.412500,0.281250,1.583163e-01,-8.004745e-01
0.418750,0.281250,1.645087e-01,-7.838110e-01
0.425000,0.281250,1.707338e-01,-7.676806e-01
0.431250,0.281250,1.769901e-01,-7.520511e-01
0.437500,0.281250,1.832767e-01,-7.368928e-01
0.443750,0.281250,1.899745e-01,-7.213048e-01
0.450000,0.281250,1.967059e-01,-7.061826e-01
0.456250,0.281250,2.034682e-01,-6.915034e-01
0.462500,0.281250,2.102590e-01,-6.772453e-01
0.468750,0.281250,2.170762e-01,-6.633878e-01
0.475000,0.281250,2.239179e-01,-6.499112e-01
0.481250,0.281250,2.307824e-01,-6.367973e-01
0.487500,0.281250,2.376683e-01,-6.240288e-01
0.493750,0.281250,2.445743e-01,-6.115892e-01
0.500000,0.281250,0.000000e+00,-1.200000e+01
0.506250,0.281250,0.000000e+00,-1.200000e+01
0.512500,0.281250,0.000000e+00,-1.200000e+01
0.518750,0.281250,0.000000e+00,-1.200000e+01
0.525000,0.281250,0.000000e+00,-1.200000e+01
0.531250,0.281250,0.000000e+00,-1.200000e+01
0.537500,0.281250,0.000000e+00,-1.200000e+01
0.543750,0.281250,0.000000e+00,-1.200000e+01
0.550000,0.281250,0.000000e+00,-1.200000e+01
0.556250,0.281250,0.000000e+00,-1.200000e+01
0.562500,0.281250,0.000000e+00,-1.200000e+01
0.568750,0.281250,0.000000e+00,-1.200000e+01
0.575000,0.281250,0.000000e+00,-1.200000e+01
0.581250,0.281250,0.000000e+00,-1.200000e+01
0.587500,0.281250,0.000000e+00,-1.200000e+01
0.593750,0.281250,0.000000e+00,-1.200000e+01
0.600000,0.281250,0.000000e+00,-1.200000e+01
0.606250,0.281250,0.000000e+00,-1.200000e+01
0.612500,0.281250,0.000000e+00,-1.200000e+01
0.618750,0.281250,0.000000e+00,-1.200000e+01
0.625000,0.281250,0.000000e+00,-1.200000e+01
0.631250,0.281250,0.000000e+00,-1.200000e+01
0.637500,0.281250,0.000000e+00,-1.200000e+01
0.643750,0.281250,0.000000e+00,-1.200000e+01
0.650000,0.281250,0.000000e+00,-1.200000e+01
0.656250,0.281250,0.000000e+00,-1.200000e+01
0.662500,0.281250,0.000000e+00,-1.200000e+01
0.668750,0.281250,0.000000e+00,-1.200000e+01
0.675000,0.281250,0.000000e+00,-1.200000e+01
0.681250,0.281250,0.000000e+00,-1.200000e+01
0.687500,0.281250,0.000000e+00,-1.200000e+01
0.693750,0.281250,0.000000e+00,-1.200000e+01
0.700000,0.281250,0.000000e+00,-1.200000e+01
0.706250,0.281250,0.000000e+00,-1.200000e+01
0.712500,0.281250,0.000000e+00,-1.200000e+01
0.718750,0.281250,0.000000e+00,-1.200000e+01
0.725000,0.281250,0.000000e+00,-1.200000e+01
0.731250,0.281250,0.000000e+00,-1.200000e+01
0.737500,0.281250,0.000000e+00,-1.200000e+01
0.743750,0.281250,0.000000e+00,-1.200000e+01
0.750000,0.281250,0.000000e+00,-1.200000e+01
0.250000,0.287500,4.391302e-02,-1.357407e+00
0.256250,0.287500,4.410714e-02,-1.355491e+00
0.262500,0.287500,4.500193e-02,-1.346769e+00
0.268750,0.287500,4.655645e-02,-1.332020e+00
0.275000,0.287500,4.870733e-02,-1.312406e+00
0.281250,0.287500,5.137975e-02,-1.289208e+00
0.287500,0.287500,5.449729e-02,-1.263625e+00
0.293750,0.287500,5.798868e-02,-1.236657e+00
0.300000,0.287500,6.179123e-02,-1.209073e+00
0.306250,0.287500,6.585186e-02,-1.181432e+00
0.312500,0.287500,7.012671e-02,-1.154117e+00
0.318750,0.287500,7.488585e-02,-1.125600e+00
0.325000,0.287500,7.981315e-02,-1.097926e+00
0.331250,0.287500,8.488063e-02,-1.071191e+00
0.337500,0.287500,9.006599e-02,-1.045439e+00
0.343750,0.287500,9.535146e-02,-1.020673e+00
0.350000,0.287500,1.007228e-01,-9.968723e-01
0.356250,0.287500,1.061685e-01,-9.740043e-01
0.362500,0.287500,1.116793e-01,-9.520273e-01
0.368750,0.287500,1.172477e-01,-9.308956e-01
0.375000,0.287500,1.228676e-01,-9.105627e-01
0.381250,0.287500,1.289281e-01,-8.896525e-01
0.387500,0.287500,1.350329e-01,-8.695604e-01
0.393750,0.287500,1.411784e-01,-8.502318e-01
0.400000,0.287500,1.473615e-01,-8.316159e-01
0.406250,0.287500,1.535800e-01,-8.136654e-01
0.412500,0.287500,1.598318e-01,-7.963369e-01
0.418750,0.287500,1.661154e-01,-7.795902e-01
0.425000,0.287500,1.724295e-01,-7.633884e-01
0.431250,0.287500,1.787733e-01,-7.476974e-01
0.437500,0.287500,1.851459e-01,-7.324859e-01
0.443750,0.287500,1.918703e-01,-7.169922e-01
0.450000,0.287500,1.986276e-01,-7.019604e-01
0.456250,0.287500,2.054149e-01,-6.873680e-01
0.462500,0.287500,2.122299e-01,-6.731934e-01
0.468750,0.287500,2.190704e-01,-6.594164e-01
0.475000,0.287500,2.259345e-01,-6.460175e-01
0.481250,0.287500,2.328205e-01,-6.329788e-01
0.487500,0.287500,2.397270e-01,-6.202830e-01
0.493750,0.287500,2.466527e-01,-6.079141e-01
0.500000,0.287500,0.000000e+00,-1.200000e+01
0.506250,0.287500,0.000000e+00,-1.200000e+01
0.512500,0.287500,0.000000e+00,-1.200000e+01
0.518750,0.287500,0.000000e+00,-1.200000e+01
0.525000,0.287500,0.000000e+00,-1.200000e+01
0.531250,0.287500,0.000000e+00,-1.200000e+01
0.537500,0.287500,0.000000e+00,-1.200000e+01
0.543750,0.287500,0.000000e+00,-1.200000e+01
0.550000,0.287500,0.000000e+00,-1.200000e+01
0.556250,0.287500,0.000000e+00,-1.200000e+01
0.562500,0.287500,0.000000e+00,-1.200000e+01
0.568750,0.287500,0.000000e+00,-1.200000e+01
0.575000,0.287500,0.000000e+00,-1.200000e+01
0.581250,0.287500,0.000000e+00,-1.200000e+01
0.587500,0.287500,0.000000e+00,-1.200000e+01
0.593750,0.287500,0.000000e+00,-1.200000e+01
0.600000,0.287500,0.000000e+00,-1.200000e+01
0.606250,0.287500,0.000000e+00,-1.200000e+01
0.612500,0.287500,0.000000e+00,-1.200000e+01
0.618750,0.287500,0.000000e+00,-1.200000e+01
0.625000,0.287500,0.000000e+00,-1.200000e+01
0.631250,0.287500,0.000000e+00,-1.200000e+01
0.637500,0.287500,0.000000e+00,-1.200000e+01
0.643750,0.287500,0.000000e+00,-1.200000e+01
0.650000,0.287500,0.000000e+00,-1.200000e+01
0.656250,0.287500,0.000000e+00,-1.200000e+01
0.662500,0.287500,0.000000e+00,-1.200000e+01
0.668750,0.287500,0.000000e+00,-1.200000e+01
0.675000,0.287500,0.000000e+00,-1.200000e+01
0.681250,0.287500,0.000000e+00,-1.200000e+01
0.687500,0.287500,0.000000e+00,-1.200000e+01
0.693750,0.287500,0.000000e+00,-1.200000e+01
0.700000,0.287500,0.000000e+00,-1.200000e+01
0.706250,0.287500,0.000000e+00,-1.200000e+01
0.712500,0.287500,0.000000e+00,-1.200000e+01
0.718750,0.287500,0.000000e+00,-1.200000e+01
0.725000,0.287500,0.000000e+00,-1.200000e+01
0.731250,0.287500,0.000000e+00,-1.200000e+01
0.737500,0.287500,0.000000e+00,-1.200000e+01
0.743750,0.287500,0.000000e+00,-1.200000e+01
0.750000,0.287500,0.000000e+00,-1.200000e+01
0.250000,0.293750,4.262014e-02,-1.370385e+00
0.256250,0.293750,4.280305e-02,-1.368525e+00
0.262500,0.293750,4.372902e-02,-1.359230e+00
0.268750,0.293750,4.535193e-02,-1.343404e+00
0.275000,0.293750,4.760022e-02,-1.322391e+00
0.281250,0.293750,5.039018e-02,-1.297654e+00
0.287500,0.293750,5.363754e-02,-1.270531e+00
0.293750,0.293750,5.726490e-02,-1.242111e+00
0.300000,0.293750,6.120530e-02,-1.213211e+00
0.306250,0.293750,6.540289e-02,-1.184403e+00
0.312500,0.293750,6.981215e-02,-1.156069e+00
0.318750,0.293750,7.470716e-02,-1.126638e+00
0.325000,0.293750,7.976613e-02,-1.098181e+00
0.331250,0.293750,8.496094e-02,-1.070781e+00
0.337500,0.293750,9.026938e-02,-1.044460e+00
0.343750,0.293750,9.567385e-02,-1.019207e+00
0.350000,0.293750,1.011603e-01,-9.949897e-01
0.356250,0.293750,1.067176e-01,-9.717639e-01
0.362500,0.293750,1.123366e-01,-9.494786e-01
0.368750,0.293750,1.180101e-01,-9.280809e-01
0.375000,0.293750,1.237320e-01,-9.075178e-01
0.381250,0.293750,1.299053e-01,-8.863732e-01
0.387500,0.293750,1.361188e-01,-8.660818e-01
0.393750,0.293750,1.423694e-01,-8.465832e-01
0.400000,0.293750,1.486546e-01,-8.278217e-01
0.406250,0.293750,1.549723e-01,-8.097460e-01
0.412500,0.293750,1.613208e-01,-7.923095e-01
0.418750,0.293750,1.676991e-01,-7.754693e-01
0.425000,0.293750,1.741061e-01,-7.591861e-01
0.431250,0.293750,1.805410e-01,-7.434241e-01
0.437500,0.293750,1.870034e-01,-7.281505e-01
0.443750,0.293750,1.937507e-01,-7.127567e-01
0.450000,0.293750,2.005301e-01,-6.978205e-01
0.456250,0.293750,2.073387e-01,-6.833197e-01
0.462500,0.293750,2.141741e-01,-6.692331e-01
0.468750,0.293750,2.210342e-01,-6.555406e-01
0.475000,0.293750,2.279170e-01,-6.422233e-01
0.481250,0.293750,2.348210e-01,-6.292631e-01
0.487500,0.293750,2.417445e-01,-6.166434e-01
0.493750,0.293750,2.486864e-01,-6.043480e-01
0.500000,0.293750,0.000000e+00,-1.200000e+01
0.506250,0.293750,0.000000e+00,-1.200000e+01
0.512500,0.293750,0.000000e+00,-1.200000e+01
0.518750,0.293750,0.000000e+00,-1.200000e+01
0.525000,0.293750,0.000000e+00,-1.200000e+01
0.531250,0.293750,0.000000e+00,-1.200000e+01
0.537500,0.293750,0.000000e+00,-1.200000e+01
0.543750,0.293750,0.000000e+00,-1.200000e+01
0.550000,0.293750,0.000000e+00,-1.200000e+01
0.556250,0.293750,0.000000e+00,-1.200000e+01
0.562500,0.293750,0.000000e+00,-1.200000e+01
0.568750,0.293750,0.000000e+00,-1.200000e+01
0.575000,0.293750,0.000000e+00,-1.200000e+01
0.581250,0.293750,0.000000e+00,-1.200000e+01
0.587500,0.293750,0.000000e+00,-1.200000e+01
0.593750,0.293750,0.000000e+00,-1.200000e+01
0.600000,0.293750,0.000000e+00,-1.200000e+01
0.606250,0.293750,0.000000e+00,-1.200000e+01
0.612500,0.293750,0.000000e+00,-1.200000e+01
0.618750,0.293750,0.000000e+00,-1.200000e+01
0.625000,0.293750,0.000000e+00,-1.200000e+01
0.631250,0.293750,0.000000e+00,-1.200000e+01
0.637500,0.293750,0.000000e+00,-1.200000e+01
0.643750,0.293750,0.000000e+00,-1.200000e+01
0.650000,0.293750,0.000000e+00,-1.200000e+01
0.656250,0.293750,0.000000e+00,-1.200000e+01
0.662500,0.293750,0.000000e+00,-1.200000e+01
0.668750,0.293750,0.000000e+00,-1.200000e+01
0.675000,0.293750,0.000000e+00,-1.200000e+01
0.681250,0.293750,0.000000e+00,-1.200000e+01
0.687500,0.293750,0.000000e+00,-1.200000e+01
0.693750,0.293750,0.000000e+00,-1.200000e+01
0.700000,0.293750,0.000000e+00,-1.200000e+01
0.706250,0.293750,0.000000e+00,-1.200000e+01
0.712500,0.293750,0.000000e+00,-1.200000e+01
0.718750,0.293750,0.000000e+00,-1.200000e+01
0.725000,0.293750,0.000000e+00,-1.200000e+01
0.731250,0.293750,0.000000e+00,-1.200000e+01
0.737500,0.293750,0.000000e+00,-1.200000e+01
0.743750,0.293750,0.000000e+00,-1.200000e+01
0.750000,0.293750,0.000000e+00,-1.200000e+01
0.250000,0.300000,4.133115e-02,-1.383723e+00
0.256250,0.300000,4.149804e-02,-1.381972e+00
0.262500,0.300000,4.245277e-02,-1.372094e+00
0.268750,0.300000,4.414356e-02,-1.355133e+00
0.275000,0.300000,4.648975e-02,-1.332643e+00
0.281250,0.300000,4.939790e-02,-1.306291e+00
0.287500,0.300000,5.277528e-02,-1.277569e+00
0.293750,0.300000,5.653815e-02,-1.247658e+00
0.300000,0.300000,6.061523e-02,-1.217418e+00
0.306250,0.300000,6.494800e-02,-1.187434e+00
0.312500,0.300000,6.948938e-02,-1.158082e+00
0.318750,0.300000,7.451702e-02,-1.127745e+00
0.325000,0.300000,7.970411e-02,-1.098519e+00
0.331250,0.300000,8.502251e-02,-1.070466e+00
0.337500,0.300000,9.045020e-02,-1.043590e+00
0.343750,0.300000,9.596982e-02,-1.017865e+00
0.350000,0.300000,1.015676e-01,-9.932447e-01
0.356250,0.300000,1.072326e-01,-9.696730e-01
0.362500,0.300000,1.129561e-01,-9.470903e-01
0.368750,0.300000,1.187309e-01,-9.254361e-01
0.375000,0.300000,1.245514e-01,-9.046515e-01
0.381250,0.300000,1.308400e-01,-8.832594e-01
0.387500,0.300000,1.371651e-01,-8.627563e-01
0.393750,0.300000,1.435239e-01,-8.430757e-01
0.400000,0.300000,1.499143e-01,-8.241570e-01
0.406250,0.300000,1.563345e-01,-8.059451e-01
0.412500,0.300000,1.627834e-01,-7.883899e-01
0.418750,0.300000,1.692599e-01,-7.714459e-01
0.425000,0.300000,1.757633e-01,-7.550718e-01
0.431250,0.300000,1.822932e-01,-7.392296e-01
0.437500,0.300000,1.888492e-01,-7.238850e-01
0.443750,0.300000,1.956156e-01,-7.085965e-01
0.450000,0.300000,2.024133e-01,-6.937610e-01
0.456250,0.300000,2.092394e-01,-6.793565e-01
0.462500,0.300000,2.160916e-01,-6.653622e-01
0.468750,0.300000,2.229676e-01,-6.517583e-01
0.475000,0.300000,2.298655e-01,-6.385262e-01
0.481250,0.300000,2.367837e-01,-6.256481e-01
0.487500,0.300000,2.437207e-01,-6.131075e-01
0.493750,0.300000,2.506752e-01,-6.008887e-01
0.500000,0.300000,0.000000e+00,-1.200000e+01
0.506250,0.300000,0.000000e+00,-1.200000e+01
0.512500,0.300000,0.000000e+00,-1.200000e+01
0.518750,0.300000,0.000000e+00,-1.200000e+01
0.525000,0.300000,0.000000e+00,-1.200000e+01
0.531250,0.300000,0.000000e+00,-1.200000e+01
0.537500,0.300000,0.000000e+00,-1.200000e+01
0.543750,0.300000,0.000000e+00,-1.200000e+01
0.550000,0.300000,0.000000e+00,-1.200000e+01
0.556250,0.300000,0.000000e+00,-1.200000e+01
0.562500,0.300000,0.000000e+00,-1.200000e+01
0.568750,0.300000,0.000000e+00,-1.200000e+01
0.575000,0.300000,0.000000e+00,-1.200000e+01
0.581250,0.300000,0.000000e+00,-1.200000e+01
0.587500,0.300000,0.000000e+00,-1.200000e+01
0.593750,0.300000,0.000000e+00,-1.200000e+01
0.600000,0.300000,0.000000e+00,-1.200000e+01
0.606250,0.300000,0.000000e+00,-1.200000e+01
0.612500,0.300000,0.000000e+00,-1.200000e+01
0.618750,0.300000,0.000000e+00,-1.200000e+01
0.625000,0.300000,0.000000e+00,-1.200000e+01
0.631250,0.300000,0.000000e+00,-1.200000e+01
0.637500,0.300000,0.000000e+00,-1.200000e+01
0.643750,0.300000,0.000000e+00,-1.200000e+01
0.650000,0.300000,0.000000e+00,-1.200000e+01
0.656250,0.300000,0.000000e+00,-1.200000e+01
0.662500,0.300000,0.000000e+00,-1.200000e+01
0.668750,0.300000,0.000000e+00,-1.200000e+01
0.675000,0.300000,0.000000e+00,-1.200000e+01
0.681250,0.300000,0.000000e+00,-1.200000e+01
0.687500,0.300000,0.000000e+00,-1.200000e+01
0.693750,0.300000,0.000000e+00,-1.200000e+01
0.700000,0.300000,0.000000e+00,-1.200000e+01
0.706250,0.300000,0.000000e+00,-1.200000e+01
0.712500,0.300000,0.000000e+00,-1.200000e+01
0.718750,0.300000,0.000000e+00,-1.200000e+01
0.725000,0.300000,0.000000e+00,-1.200000e+01
0.731250,0.300000,0.000000e+00,-1.200000e+01
0.737500,0.300000,0.000000e+00,-1.200000e+01
0.743750,0.300000,0.000000e+00,-1.200000e+01
0.750000,0.300000,0.000000e+00,-1.200000e+01
0.250000,0.306250,4.004672e-02,-1.397433e+00
0.256250,0.306250,4.019226e-02,-1.395858e+00
0.262500,0.306250,4.117305e-02,-1.385387e+00
0.268750,0.306250,4.293111e-02,-1.367228e+00
0.275000,0.306250,4.537568e-02,-1.343177e+00
0.281250,0.306250,4.840264e-02,-1.315131e+00
0.287500,0.306250,5.191021e-02,-1.284747e+00
0.293750,0.306250,5.580804e-02,-1.253303e+00
0.300000,0.306250,6.002054e-02,-1.221700e+00
0.306250,0.306250,6.448660e-02,-1.190531e+00
0.312500,0.306250,6.915776e-02,-1.160159e+00
0.318750,0.306250,7.431471e-02,-1.128925e+00
0.325000,0.306250,7.962634e-02,-1.098943e+00
0.331250,0.306250,8.506461e-02,-1.070251e+00
0.337500,0.306250,9.060774e-02,-1.042835e+00
0.343750,0.306250,9.623866e-02,-1.016650e+00
0.350000,0.306250,1.019439e-01,-9.916386e-01
0.356250,0.306250,1.077129e-01,-9.677321e-01
0.362500,0.306250,1.135371e-01,-9.448620e-01
0.368750,0.306250,1.194097e-01,-9.229603e-01
0.375000,0.306250,1.253251e-01,-9.019618e-01
0.381250,0.306250,1.317319e-01,-8.803091e-01
0.387500,0.306250,1.381715e-01,-8.595816e-01
0.393750,0.306250,1.446416e-01,-8.397068e-01
0.400000,0.306250,1.511404e-01,-8.206194e-01
0.406250,0.306250,1.576666e-01,-8.022602e-01
0.412500,0.306250,1.642193e-01,-7.845759e-01
0.418750,0.306250,1.707976e-01,-7.675182e-01
0.425000,0.306250,1.774012e-01,-7.510435e-01
0.431250,0.306250,1.840297e-01,-7.351120e-01
0.437500,0.306250,1.906831e-01,-7.196878e-01
0.443750,0.306250,1.974649e-01,-7.045100e-01
0.450000,0.306250,2.042772e-01,-6.897801e-01
0.456250,0.306250,2.111172e-01,-6.754765e-01
0.462500,0.306250,2.179823e-01,-6.615787e-01
0.468750,0.306250,2.248706e-01,-6.480673e-01
0.475000,0.306250,2.317800e-01,-6.349241e-01
0.481250,0.306250,2.387089e-01,-6.221315e-01
0.487500,0.306250,2.456557e-01,-6.096732e-01
0.493750,0.306250,2.526191e-01,-5.975338e-01
0.500000,0.306250,0.000000e+00,-1.200000e+01
0.506250,0.306250,0.000000e+00,-1.200000e+01
0.512500,0.306250,0.000000e+00,-1.200000e+01
0.518750,0.306250,0.000000e+00,-1.200000e+01
0.525000,0.306250,0.000000e+00,-1.200000e+01
0.531250,0.306250,0.000000e+00,-1.200000e+01
0.537500,0.306250,0.000000e+00,-1.200000e+01
0.543750,0.306250,0.000000e+00,-1.200000e+01
0.550000,0.306250,0.000000e+00,-1.200000e+01
0.556250,0.306250,0.000000e+00,-1.200000e+01
0.562500,0.306250,0.000000e+00,-1.200000e+01
0.568750,0.306250,0.000000e+00,-1.200000e+01
0.575000,0.306250,0.000000e+00,-1.200000e+01
0.581250,0.306250,0.000000e+00,-1.200000e+01
0.587500,0.306250,0.000000e+00,-1.200000e+01
0.593750,0.306250,0.000000e+00,-1.200000e+01
0.600000,0.306250,0.000000e+00,-1.200000e+01
0.606250,0.306250,0.000000e+00,-1.200000e+01
0.612500,0.306250,0.000000e+00,-1.200000e+01
0.618750,0.306250,0.000000e+00,-1.200000e+01
0.625000,0.306250,0.000000e+00,-1.200000e+01
0.631250,0.306250,0.000000e+00,-1.200000e+01
0.637500,0.306250,0.000000e+00,-1.200000e+01
0.643750,0.306250,0.000000e+00,-1.200000e+01
0.650000,0.306250,0.000000e+00,-1.200000e+01
0.656250,0.306250,0.000000e+00,-1.200000e+01
0.662500,0.306250,0.000000e+00,-1.200000e+01
0.668750,0.306250,0.000000e+00,-1.200000e+01
0.675000,0.306250,0.000000e+00,-1.200000e+01
0.681250,0.306250,0.000000e+00,-1.200000e+01
0.687500,0.306250,0.000000e+00,-1.200000e+01
0.693750,0.306250,0.000000e+00,-1.200000e+01
0.700000,0.306250,0.000000e+00,-1.200000e+01
0.706250,0.306250,0.000000e+00,-1.200000e+01
0.712500,0.306250,0.000000e+00,-1.200000e+01
0.718750,0.306250,0.000000e+00,-1.200000e+01
0.725000,0.306250,0.000000e+00,-1.200000e+01
0.731250,0.306250,0.000000e+00,-1.200000e+01
0.737500,0.306250,0.000000e+00,-1.200000e+01
0.743750,0.306250,0.000000e+00,-1.200000e+01
0.750000,0.306250,0.000000e+00,-1.200000e+01
0.250000,0.312500,3.876763e-02,-1.411531e+00
0.256250,0.312500,3.888591e-02,-1.410208e+00
0.262500,0.312500,3.988972e-02,-1.399139e+00
0.268750,0.312500,4.171432e-02,-1.379715e+00
0.275000,0.312500,4.425775e-02,-1.354011e+00
0.281250,0.312500,4.740413e-02,-1.324184e+00
0.287500,0.312500,5.104201e-02,-1.292072e+00
0.293750,0.312500,5.507419e-02,-1.259052e+00
0.300000,0.312500,5.942076e-02,-1.226062e+00
0.306250,0.312500,6.401814e-02,-1.193697e+00
0.312500,0.312500,6.881667e-02,-1.162306e+00
0.318750,0.312500,7.409957e-02,-1.130184e+00
0.325000,0.312500,7.953213e-02,-1.099457e+00
0.331250,0.312500,8.508653e-02,-1.070139e+00
0.337500,0.312500,9.074128e-02,-1.042195e+00
0.343750,0.312500,9.647970e-02,-1.015564e+00
0.350000,0.312500,1.022887e-01,-9.901723e-01
0.356250,0.312500,1.081580e-01,-9.659415e-01
0.362500,0.312500,1.140792e-01,-9.427934e-01
0.368750,0.312500,1.200460e-01,-9.206523e-01
0.375000,0.312500,1.260529e-01,-8.994472e-01
0.381250,0.312500,1.325806e-01,-8.775201e-01
0.387500,0.312500,1.391377e-01,-8.565553e-01
0.393750,0.312500,1.457222e-01,-8.364742e-01
0.400000,0.312500,1.523328e-01,-8.172065e-01
0.406250,0.312500,1.589684e-01,-7.986891e-01
0.412500,0.312500,1.656284e-01,-7.808652e-01
0.418750,0.312500,1.723122e-01,-7.636840e-01
0.425000,0.312500,1.790196e-01,-7.470994e-01
0.431250,0.312500,1.857506e-01,-7.310698e-01
0.437500,0.312500,1.925052e-01,-7.155575e-01
0.443750,0.312500,1.992986e-01,-7.004957e-01
0.450000,0.312500,2.061218e-01,-6.858761e-01
0.456250,0.312500,2.129718e-01,-6.716778e-01
0.462500,0.312500,2.198464e-01,-6.578807e-01
0.468750,0.312500,2.267432e-01,-6.444657e-01
0.475000,0.312500,2.336604e-01,-6.314149e-01
0.481250,0.312500,2.405963e-01,-6.187111e-01
0.487500,0.312500,2.475494e-01,-6.063382e-01
0.493750,0.312500,2.545182e-01,-5.942811e-01
0.500000,0.312500,0.000000e+00,-1.200000e+01
0.506250,0.312500,0.000000e+00,-1.200000e+01
0.512500,0.312500,0.000000e+00,-1.200000e+01
0.518750,0.312500,0.000000e+00,-1.200000e+01
0.525000,0.312500,0.000000e+00,-1.200000e+01
0.531250,0.312500,0.000000e+00,-1.200000e+01
0.537500,0.312500,0.000000e+00,-1.200000e+01
0.543750,0.312500,0.000000e+00,-1.200000e+01
0.550000,0.312500,0.000000e+00,-1.200000e+01
0.556250,0.312500,0.000000e+00,-1.200000e+01
0.562500,0.312500,0.000000e+00,-1.200000e+01
0.568750,0.312500,0.000000e+00,-1.200000e+01
0.575000,0.312500,0.000000e+00,-1.200000e+01
0.581250,0.312500,0.000000e+00,-1.200000e+01
0.587500,0.312500,0.000000e+00,-1.200000e+01
0.593750,0.312500,0.000000e+00,-1.200000e+01
0.600000,0.312500,0.000000e+00,-1.200000e+01
0.606250,0.312500,0.000000e+00,-1.200000e+01
0.612500,0.312500,0.000000e+00,-1.200000e+01
0.618750,0.312500,0.000000e+00,-1.200000e+01
0.625000,0.312500,0.000000e+00,-1.200000e+01
0.631250,0.312500,0.000000e+00,-1.200000e+01
0.637500,0.312500,0.000000e+00,-1.200000e+01
0.643750,0.312500,0.000000e+00,-1.200000e+01
0.650000,0.312500,0.000000e+00,-1.200000e+01
0.656250,0.312500,0.000000e+00,-1.200000e+01
0.662500,0.312500,0.000000e+00,-1.200000e+01
0.668750,0.312500,0.000000e+00,-1.200000e+01
0.675000,0.312500,0.000000e+00,-1.200000e+01
0.681250,0.312500,0.000000e+00,-1.200000e+01
0.687500,0.312500,0.000000e+00,-1.200000e+01
0.693750,0.312500,0.000000e+00,-1.200000e+01
0.700000,0.312500,0.000000e+00,-1.200000e+01
0.706250,0.312500,0.000000e+00,-1.200000e+01
0.712500,0.312500,0.000000e+00,-1.200000e+01
0.718750,0.312500,0.000000e+00,-1.200000e+01
0.725000,0.312500,0.000000e+00,-1.200000e+01
0.731250,0.312500,0.000000e+00,-1.200000e+01
0.737500,0.312500,0.000000e+00,-1.200000e+01
0.743750,0.312500,0.000000e+00,-1.200000e+01
0.750000,0.312500,0.000000e+00,-1.200000e+01
0.250000,0.318750,3.797268e-02,-1.420529e+00
0.256250,0.318750,3.806490e-02,-1.419475e+00
0.262500,0.318750,3.908558e-02,-1.407983e+00
0.268750,0.318750,4.096447e-02,-1.387593e+00
0.275000,0.318750,4.359008e-02,-1.360612e+00
0.281250,0.318750,4.683657e-02,-1.329415e+00
0.287500,0.318750,5.058435e-02,-1.295984e+00
0.293750,0.318750,5.473051e-02,-1.261770e+00
0.300000,0.318750,5.919155e-02,-1.227740e+00
0.306250,0.318750,6.390182e-02,-1.194487e+00
0.312500,0.318750,6.881057e-02,-1.162345e+00
0.318750,0.318750,7.420278e-02,-1.129580e+00
0.325000,0.318750,7.973789e-02,-1.098335e+00
0.331250,0.318750,8.538885e-02,-1.068599e+00
0.337500,0.318750,9.113494e-02,-1.040315e+00
0.343750,0.318750,9.696015e-02,-1.013407e+00
0.350000,0.318750,1.028520e-01,-9.877873e-01
0.356250,0.318750,1.088007e-01,-9.633685e-01
0.362500,0.318750,1.147984e-01,-9.400642e-01
0.368750,0.318750,1.208390e-01,-9.177930e-01
0.375000,0.318750,1.269175e-01,-8.964786e-01
0.381250,0.318750,1.335480e-01,-8.743627e-01
0.387500,0.318750,1.402075e-01,-8.532289e-01
0.393750,0.318750,1.468939e-01,-8.329963e-01
0.400000,0.318750,1.536057e-01,-8.135925e-01
0.406250,0.318750,1.603419e-01,-7.949529e-01
0.412500,0.318750,1.671017e-01,-7.770192e-01
0.418750,0.318750,1.738844e-01,-7.597393e-01
0.425000,0.318750,1.806899e-01,-7.430661e-01
0.431250,0.318750,1.875180e-01,-7.269571e-01
0.437500,0.318750,1.943686e-01,-7.113738e-01
0.443750,0.318750,2.011743e-01,-6.964276e-01
0.450000,0.318750,2.080072e-01,-6.819217e-01
0.456250,0.318750,2.148653e-01,-6.678337e-01
0.462500,0.318750,2.217469e-01,-6.541425e-01
0.468750,0.318750,2.286503e-01,-6.408282e-01
0.475000,0.318750,2.355742e-01,-6.278723e-01
0.481250,0.318750,2.425173e-01,-6.152573e-01
0.487500,0.318750,2.494785e-01,-6.029669e-01
0.493750,0.318750,2.564568e-01,-5.909857e-01
0.500000,0.318750,0.000000e+00,-1.200000e+01
0.506250,0.318750,0.000000e+00,-1.200000e+01
0.512500,0.318750,0.000000e+00,-1.200000e+01
0.518750,0.318750,0.000000e+00,-1.200000e+01
0.525000,0.318750,0.000000e+00,-1.200000e+01
0.531250,0.318750,0.000000e+00,-1.200000e+01
0.537500,0.318750,0.000000e+00,-1.200000e+01
0.543750,0.318750,0.000000e+00,-1.200000e+01
0.550000,0.318750,0.000000e+00,-1.200000e+01
0.556250,0.318750,0.000000e+00,-1.200000e+01
0.562500,0.318750,0.000000e+00,-1.200000e+01
0.568750,0.318750,0.000000e+00,-1.200000e+01
0.575000,0.318750,0.000000e+00,-1.200000e+01
0.581250,0.318750,0.000000e+00,-1.200000e+01
0.587500,0.318750,0.000000e+00,-1.200000e+01
0.593750,0.318750,0.000000e+00,-1.200000e+01
0.600000,0.318750,0.000000e+00,-1.200000e+01
0.606250,0.318750,0.000000e+00,-1.200000e+01
0.612500,0.318750,0.000000e+00,-1.200000e+01
0.618750,0.318750,0.000000e+00,-1.200000e+01
0.625000,0.318750,0.000000e+00,-1.200000e+01
0.631250,0.318750,0.000000e+00,-1.200000e+01
0.637500,0.318750,0.000000e+00,-1.200000e+01
0.643750,0.318750,0.000000e+00,-1.200000e+01
0.650000,0.318750,0.000000e+00,-1.200000e+01
0.656250,0.318750,0.000000e+00,-1.200000e+01
0.662500,0.318750,0.000000e+00,-1.200000e+01
0.668750,0.318750,0.000000e+00,-1.200000e+01
0.675000,0.318750,0.000000e+00,-1.200000e+01
0.681250,0.318750,0.000000e+00,-1.200000e+01
0.687500,0.318750,0.000000e+00,-1.200000e+01
0.693750,0.318750,0.000000e+00,-1.200000e+01
0.700000,0.318750,0.000000e+00,-1.200000e+01
0.706250,0.318750,0.000000e+00,-1.200000e+01
0.712500,0.318750,0.000000e+00,-1.200000e+01
0.718750,0.318750,0.000000e+00,-1.200000e+01
0.725000,0.318750,0.000000e+00,-1.200000e+01
0.731250,0.318750,0.000000e+00,-1.200000e+01
0.737500,0.318750,0.000000e+00,-1.200000e+01
0.743750,0.318750,0.000000e+00,-1.200000e+01
0.750000,0.318750,0.000000e+00,-1.200000e+01
0.250000,0.325000,3.718430e-02,-1.429640e+00
0.256250,0.325000,3.724387e-02,-1.428945e+00
0.262500,0.325000,3.827557e-02,-1.417078e+00
0.268750,0.325000,4.020366e-02,-1.395734e+00
0.275000,0.325000,4.290673e-02,-1.367475e+00
0.281250,0.325000,4.624859e-02,-1.334901e+00
0.287500,0.325000,5.010128e-02,-1.300151e+00
0.293750,0.325000,5.435615e-02,-1.264751e+00
0.300000,0.325000,5.892615e-02,-1.229692e+00
0.306250,0.325000,6.374367e-02,-1.195563e+00
0.312500,0.325000,6.875694e-02,-1.162683e+00
0.318750,0.325000,7.425896e-02,-1.129251e+00
0.325000,0.325000,7.989757e-02,-1.097466e+00
0.331250,0.325000,8.564643e-02,-1.067291e+00
0.337500,0.325000,9.148552e-02,-1.038648e+00
0.343750,0.325000,9.739945e-02,-1.011443e+00
0.350000,0.325000,1.033763e-01,-9.855791e-01
0.356250,0.325000,1.094067e-01,-9.609561e-01
0.362500,0.325000,1.154833e-01,-9.374807e-01
0.368750,0.325000,1.216004e-01,-9.150651e-01
0.375000,0.325000,1.277531e-01,-8.936284e-01
0.381250,0.325000,1.344842e-01,-8.713288e-01
0.387500,0.325000,1.412437e-01,-8.500308e-01
0.393750,0.325000,1.480297e-01,-8.296511e-01
0.400000,0.325000,1.548406e-01,-8.101153e-01
0.406250,0.325000,1.616751e-01,-7.913570e-01
0.412500,0.325000,1.685324e-01,-7.733167e-01
0.418750,0.325000,1.754119e-01,-7.559410e-01
0.425000,0.325000,1.823133e-01,-7.391817e-01
0.431250,0.325000,1.892363e-01,-7.229955e-01
0.437500,0.325000,1.961810e-01,-7.073431e-01
0.443750,0.325000,2.030180e-01,-6.924653e-01
0.450000,0.325000,2.098800e-01,-6.780290e-01
0.456250,0.325000,2.167654e-01,-6.640101e-01
0.462500,0.325000,2.236732e-01,-6.503861e-01
0.468750,0.325000,2.306023e-01,-6.371363e-01
0.475000,0.325000,2.375519e-01,-6.242414e-01
0.481250,0.325000,2.445213e-01,-6.116833e-01
0.487500,0.325000,2.515097e-01,-5.994453e-01
0.493750,0.325000,2.585166e-01,-5.875115e-01
0.500000,0.325000,0.000000e+00,-1.200000e+01
0.506250,0.325000,0.000000e+00,-1.200000e+01
0.512500,0.325000,0.000000e+00,-1.200000e+01
0.518750,0.325000,0.000000e+00,-1.200000e+01
0.525000,0.325000,0.000000e+00,-1.200000e+01
0.531250,0.325000,0.000000e+00,-1.200000e+01
0.537500,0.325000,0.000000e+00,-1.200000e+01
0.543750,0.325000,0.000000e+00,-1.200000e+01
0.550000,0.325000,0.000000e+00,-1.200000e+01
0.556250,0.325000,0.000000e+00,-1.200000e+01
0.562500,0.325000,0.000000e+00,-1.200000e+01
0.568750,0.325000,0.000000e+00,-1.200000e+01
0.575000,0.325000,0.000000e+00,-1.200000e+01
0.581250,0.325000,0.000000e+00,-1.200000e+01
0.587500,0.325000,0.000000e+00,-1.200000e+01
0.593750,0.325000,0.000000e+00,-1.200000e+01
0.600000,0.325000,0.000000e+00,-1.200000e+01
0.606250,0.325000,0.000000e+00,-1.200000e+01
0.612500,0.325000,0.000000e+00,-1.200000e+01
0.618750,0.325000,0.000000e+00,-1.200000e+01
0.625000,0.325000,0.000000e+00,-1.200000e+01
0.631250,0.325000,0.000000e+00,-1.200000e+01
0.637500,0.325000,0.000000e+00,-1.200000e+01
0.643750,0.325000,0.000000e+00,-1.200000e+01
0.650000,0.325000,0.000000e+00,-1.200000e+01
0.656250,0.325000,0.000000e+00,-1.200000e+01
0.662500,0.325000,0.000000e+00,-1.200000e+01
0.668750,0.325000,0.000000e+00,-1.200000e+01
0.675000,0.325000,0.000000e+00,-1.200000e+01
0.681250,0.325000,0.000000e+00,-1.200000e+01
0.687500,0.325000,0.000000e+00,-1.200000e+01
0.693750,0.325000,0.000000e+00,-1.200000e+01
0.700000,0.325000,0.000000e+00,-1.200000e+01
0.706250,0.325000,0.000000e+00,-1.200000e+01
0.712500,0.325000,0.000000e+00,-1.200000e+01
0.718750,0.325000,0.000000e+00,-1.200000e+01
0.725000,0.325000,0.000000e+00,-1.200000e+01
0.731250,0.325000,0.000000e+00,-1.200000e+01
0.737500,0.325000,0.000000e+00,-1.200000e+01
0.743750,0.325000,0.000000e+00,-1.200000e+01
0.750000,0.325000,0.000000e+00,-1.200000e+01
0.250000,0.331250,3.640345e-02,-1.438857e+00
0.256250,0.331250,3.642337e-02,-1.438620e+00
0.262500,0.331250,3.745980e-02,-1.426435e+00
0.268750,0.331250,3.943164e-02,-1.404155e+00
0.275000,0.331250,4.220722e-02,-1.374613e+00
0.281250,0.331250,4.563956e-02,-1.340659e+00
0.287500,0.331250,4.959207e-02,-1.304588e+00
0.293750,0.331250,5.395031e-02,-1.268006e+00
0.300000,0.331250,5.862377e-02,-1.231926e+00
0.306250,0.331250,6.354293e-02,-1.196933e+00
0.312500,0.331250,6.865511e-02,-1.163327e+00
0.318750,0.331250,7.426756e-02,-1.129201e+00
0.325000,0.331250,8.001074e-02,-1.096852e+00
0.331250,0.331250,8.585895e-02,-1.066214e+00
0.337500,0.331250,9.179278e-02,-1.037191e+00
0.343750,0.331250,9.779742e-02,-1.009673e+00
0.350000,0.331250,1.038614e-01,-9.835457e-01
0.356250,0.331250,1.099760e-01,-9.587022e-01
0.362500,0.331250,1.161340e-01,-9.350405e-01
0.368750,0.331250,1.223301e-01,-9.124666e-01
0.375000,0.331250,1.285599e-01,-8.908946e-01
0.381250,0.331250,1.353891e-01,-8.684163e-01
0.387500,0.331250,1.422464e-01,-8.469586e-01
0.393750,0.331250,1.491297e-01,-8.264358e-01
0.400000,0.331250,1.560373e-01,-8.067717e-01
0.406250,0.331250,1.629678e-01,-7.878982e-01
0.412500,0.331250,1.699205e-01,-7.697543e-01
0.418750,0.331250,1.768946e-01,-7.522855e-01
0.425000,0.331250,1.838897e-01,-7.354426e-01
0.431250,0.331250,1.909056e-01,-7.191813e-01
0.437500,0.331250,1.979422e-01,-7.034616e-01
0.443750,0.331250,2.048300e-01,-6.886065e-01
0.450000,0.331250,2.117401e-01,-6.741968e-01
0.456250,0.331250,2.186721e-01,-6.602067e-01
0.462500,0.331250,2.256252e-01,-6.466123e-01
0.468750,0.331250,2.325992e-01,-6.333918e-01
0.475000,0.331250,2.395937e-01,-6.205247e-01
0.481250,0.331250,2.466083e-01,-6.079923e-01
0.487500,0.331250,2.536430e-01,-5.957771e-01
0.493750,0.331250,2.606976e-01,-5.838629e-01
0.500000,0.331250,0.000000e+00,-1.200000e+01
0.506250,0.331250,0.000000e+00,-1.200000e+01
0.512500,0.331250,0.000000e+00,-1.200000e+01
0.518750,0.331250,0.000000e+00,-1.200000e+01
0.525000,0.331250,0.000000e+00,-1.200000e+01
0.531250,0.331250,0.000000e+00,-1.200000e+01
0.537500,0.331250,0.000000e+00,-1.200000e+01
0.543750,0.331250,0.000000e+00,-1.200000e+01
0.550000,0.331250,0.000000e+00,-1.200000e+01
0.556250,0.331250,0.000000e+00,-1.200000e+01
0.562500,0.331250,0.000000e+00,-1.200000e+01
0.568750,0.331250,0.000000e+00,-1.200000e+01
0.575000,0.331250,0.000000e+00,-1.200000e+01
0.581250,0.331250,0.000000e+00,-1.200000e+01
0.587500,0.331250,0.000000e+00,-1.200000e+01
0.593750,0.331250,0.000000e+00,-1.200000e+01
0.600000,0.331250,0.000000e+00,-1.200000e+01
0.606250,0.331250,0.000000e+00,-1.200000e+01
0.612500,0.331250,0.000000e+00,-1.200000e+01
0.618750,0.331250,0.000000e+00,-1.200000e+01
0.625000,0.331250,0.000000e+00,-1.200000e+01
0.631250,0.331250,0.000000e+00,-1.200000e+01
0.637500,0.331250,0.000000e+00,-1.200000e+01
0.643750,0.331250,0.000000e+00,-1.200000e+01
0.650000,0.331250,0.000000e+00,-1.200000e+01
0.656250,0.331250,0.000000e+00,-1.200000e+01
0.662500,0.331250,0.000000e+00,-1.200000e+01
0.668750,0.331250,0.000000e+00,-1.200000e+01
0.675000,0.331250,0.000000e+00,-1.200000e+01
0.681250,0.331250,0.000000e+00,-1.200000e+01
0.687500,0.331250,0.000000e+00,-1.200000e+01
0.693750,0.331250,0.000000e+00,-1.200000e+01
0.700000,0.331250,0.000000e+00,-1.200000e+01
0.706250,0.331250,0.000000e+00,-1.200000e+01
0.712500,0.331250,0.000000e+00,-1.200000e+01
0.718750,0.331250,0.000000e+00,-1.200000e+01
0.725000,0.331250,0.000000e+00,-1.200000e+01
0.731250,0.331250,0.000000e+00,-1.200000e+01
0.737500,0.331250,0.000000e+00,-1.200000e+01
0.743750,0.331250,0.000000e+00,-1.200000e+01
0.750000,0.331250,0.000000e+00,-1.200000e+01
0.250000,0.337500,3.563122e-02,-1.448169e+00
0.256250,0.337500,3.560404e-02,-1.448501e+00
0.262500,0.337500,3.663845e-02,-1.436063e+00
0.268750,0.337500,3.864825e-02,-1.412870e+00
0.275000,0.337500,4.149112e-02,-1.382045e+00
0.281250,0.337500,4.500886e-02,-1.346702e+00
0.287500,0.337500,4.905601e-02,-1.309308e+00
0.293750,0.337500,5.351228e-02,-1.271547e+00
0.300000,0.337500,5.828369e-02,-1.234453e+00
0.306250,0.337500,6.329892e-02,-1.198604e+00
0.312500,0.337500,6.850444e-02,-1.164281e+00
0.318750,0.337500,7.422808e-02,-1.129432e+00
0.325000,0.337500,8.007701e-02,-1.096492e+00
0.331250,0.337500,8.602609e-02,-1.065370e+00
0.337500,0.337500,9.205647e-02,-1.035946e+00
0.343750,0.337500,9.815387e-02,-1.008093e+00
0.350000,0.337500,1.043073e-01,-9.816852e-01
0.356250,0.337500,1.105084e-01,-9.566049e-01
0.362500,0.337500,1.167504e-01,-9.327418e-01
0.368750,0.337500,1.230282e-01,-9.099955e-01
0.375000,0.337500,1.293376e-01,-8.882750e-01
0.381250,0.337500,1.362628e-01,-8.656228e-01
0.387500,0.337500,1.432156e-01,-8.440097e-01
0.393750,0.337500,1.501938e-01,-8.233479e-01
0.400000,0.337500,1.571958e-01,-8.035590e-01
0.406250,0.337500,1.642202e-01,-7.845734e-01
0.412500,0.337500,1.712660e-01,-7.663289e-01
0.418750,0.337500,1.783325e-01,-7.487695e-01
0.425000,0.337500,1.854192e-01,-7.318452e-01
0.431250,0.337500,1.925259e-01,-7.155108e-01
0.437500,0.337500,1.996524e-01,-6.997256e-01
0.443750,0.337500,2.066100e-01,-6.848486e-01
0.450000,0.337500,2.135877e-01,-6.704238e-01
0.456250,0.337500,2.205853e-01,-6.564234e-01
0.462500,0.337500,2.276030e-01,-6.428220e-01
0.468750,0.337500,2.346410e-01,-6.295962e-01
0.475000,0.337500,2.416993e-01,-6.167246e-01
0.481250,0.337500,2.487784e-01,-6.041873e-01
0.487500,0.337500,2.558784e-01,-5.919663e-01
0.493750,0.337500,2.629998e-01,-5.800446e-01
0.500000,0.337500,0.000000e+00,-1.200000e+01
0.506250,0.337500,0.000000e+00,-1.200000e+01
0.512500,0.337500,0.000000e+00,-1.200000e+01
0.518750,0.337500,0.000000e+00,-1.200000e+01
0.525000,0.337500,0.000000e+00,-1.200000e+01
0.531250,0.337500,0.000000e+00,-1.200000e+01
0.537500,0.337500,0.000000e+00,-1.200000e+01
0.543750,0.337500,0.000000e+00,-1.200000e+01
0.550000,0.337500,0.000000e+00,-1.200000e+01
0.556250,0.337500,0.000000e+00,-1.200000e+01
0.562500,0.337500,0.000000e+00,-1.200000e+01
0.568750,0.337500,0.000000e+00,-1.200000e+01
0.575000,0.337500,0.000000e+00,-1.200000e+01
0.581250,0.337500,0.000000e+00,-1.200000e+01
0.587500,0.337500,0.000000e+00,-1.200000e+01
0.593750,0.337500,0.000000e+00,-1.200000e+01
0.600000,0.337500,0.000000e+00,-1.200000e+01
0.606250,0.337500,0.000000e+00,-1.200000e+01
0.612500,0.337500,0.000000e+00,-1.200000e+01
0.618750,0.337500,0.000000e+00,-1.200000e+01
0.625000,0.337500,0.000000e+00,-1.200000e+01
0.631250,0.337500,0.000000e+00,-1.200000e+01
0.637500,0.337500,0.000000e+00,-1.200000e+01
0.643750,0.337500,0.000000e+00,-1.200000e+01
0.650000,0.337500,0.000000e+00,-1.200000e+01
0.656250,0.337500,0.000000e+00,-1.200000e+01
0.662500,0.337500,0.000000e+00,-1.200000e+01
0.668750,0.337500,0.000000e+00,-1.200000e+01
0.675000,0.337500,0.000000e+00,-1.200000e+01
0.681250,0.337500,0.000000e+00,-1.200000e+01
0.687500,0.337500,0.000000e+00,-1.200000e+01
0.693750,0.337500,0.000000e+00,-1.200000e+01
0.700000,0.337500,0.000000e+00,-1.200000e+01
0.706250,0.337500,0.000000e+00,-1.200000e+01
0.712500,0.337500,0.000000e+00,-1.200000e+01
0.718750,0.337500,0.000000e+00,-1.200000e+01
0.725000,0.337500,0.000000e+00,-1.200000e+01
0.731250,0.337500,0.000000e+00,-1.200000e+01
0.737500,0.337500,0.000000e+00,-1.200000e+01
0.743750,0.337500,0.000000e+00,-1.200000e+01
0.750000,0.337500,0.000000e+00,-1.200000e+01
0.250000,0.343750,3.486882e-02,-1.457563e+00
0.256250,0.343750,3.478664e-02,-1.458588e+00
0.262500,0.343750,3.581178e-02,-1.445974e+00
0.268750,0.343750,3.785335e-02,-1.421896e+00
0.275000,0.343750,4.075805e-02,-1.389787e+00
0.281250,0.343750,4.435594e-02,-1.353048e+00
0.287500,0.343750,4.849247e-02,-1.314326e+00
0.293750,0.343750,5.304136e-02,-1.275385e+00
0.300000,0.343750,5.790524e-02,-1.237282e+00
0.306250,0.343750,6.301102e-02,-1.200584e+00
0.312500,0.343750,6.830437e-02,-1.165551e+00
0.318750,0.343750,7.414006e-02,-1.129947e+00
0.325000,0.343750,8.009601e-02,-1.096389e+00
0.331250,0.343750,8.614757e-02,-1.064757e+00
0.337500,0.343750,9.227638e-02,-1.034909e+00
0.343750,0.343750,9.846864e-02,-1.006702e+00
0.350000,0.343750,1.047138e-01,-9.799961e-01
0.356250,0.343750,1.110038e-01,-9.546623e-01
0.362500,0.343750,1.173323e-01,-9.305825e-01
0.368750,0.343750,1.236944e-01,-9.076498e-01
0.375000,0.343750,1.300864e-01,-8.857681e-01
0.381250,0.343750,1.371051e-01,-8.629464e-01
0.387500,0.343750,1.441511e-01,-8.411820e-01
0.393750,0.343750,1.512221e-01,-8.203847e-01
0.400000,0.343750,1.583163e-01,-8.004745e-01
0.406250,0.343750,1.654322e-01,-7.813799e-01
0.412500,0.343750,1.725689e-01,-7.630374e-01
0.418750,0.343750,1.797257e-01,-7.453899e-01
0.425000,0.343750,1.869018e-01,-7.283864e-01
0.431250,0.343750,1.940972e-01,-7.119808e-01
0.437500,0.343750,2.013114e-01,-6.961316e-01
0.443750,0.343750,2.083582e-01,-6.811894e-01
0.450000,0.343750,2.154225e-01,-6.667088e-01
0.456250,0.343750,2.225051e-01,-6.526601e-01
0.462500,0.343750,2.296065e-01,-6.390158e-01
0.468750,0.343750,2.367275e-01,-6.257512e-01
0.475000,0.343750,2.438689e-01,-6.128435e-01
0.481250,0.343750,2.510315e-01,-6.002718e-01
0.487500,0.343750,2.582159e-01,-5.880169e-01
0.493750,0.343750,2.654232e-01,-5.760611e-01
0.500000,0.343750,0.000000e+00,-1.200000e+01
0.506250,0.343750,0.000000e+00,-1.200000e+01
0.512500,0.343750,0.000000e+00,-1.200000e+01
0.518750,0.343750,0.000000e+00,-1.200000e+01
0.525000,0.343750,0.000000e+00,-1.200000e+01
0.531250,0.343750,0.000000e+00,-1.200000e+01
0.537500,0.343750,0.000000e+00,-1.200000e+01
0.543750,0.343750,0.000000e+00,-1.200000e+01
0.550000,0.343750,0.000000e+00,-1.200000e+01
0.556250,0.343750,0.000000e+00,-1.200000e+01
0.562500,0.343750,0.000000e+00,-1.200000e+01
0.568750,0.343750,0.000000e+00,-1.200000e+01
0.575000,0.343750,0.000000e+00,-1.200000e+01
0.581250,0.343750,0.000000e+00,-1.200000e+01
0.587500,0.343750,0.000000e+00,-1.200000e+01
0.593750,0.343750,0.000000e+00,-1.200000e+01
0.600000,0.343750,0.000000e+00,-1.200000e+01
0.606250,0.343750,0.000000e+00,-1.200000e+01
0.612500,0.343750,0.000000e+00,-1.200000e+01
0.618750,0.343750,0.000000e+00,-1.200000e+01
0.625000,0.343750,0.000000e+00,-1.200000e+01
0.631250,0.343750,0.000000e+00,-1.200000e+01
0.637500,0.343750,0.000000e+00,-1.200000e+01
0.643750,0.343750,0.000000e+00,-1.200000e+01
0.650000,0.343750,0.000000e+00,-1.200000e+01
0.656250,0.343750,0.000000e+00,-1.200000e+01
0.662500,0.343750,0.000000e+00,-1.200000e+01
0.668750,0.343750,0.000000e+00,-1.200000e+01
0.675000,0.343750,0.000000e+00,-1.200000e+01
0.681250,0.343750,0.000000e+00,-1.200000e+01
0.687500,0.343750,0.000000e+00,-1.200000e+01
0.693750,0.343750,0.000000e+00,-1.200000e+01
0.700000,0.343750,0.000000e+00,-1.200000e+01
0.706250,0.343750,0.000000e+00,-1.200000e+01
0.712500,0.343750,0.000000e+00,-1.200000e+01
0.718750,0.343750,0.000000e+00,-1.200000e+01
0.725000,0.343750,0.000000e+00,-1.200000e+01
0.731250,0.343750,0.000000e+00,-1.200000e+01
0.737500,0.343750,0.000000e+00,-1.200000e+01
0.743750,0.343750,0.000000e+00,-1.200000e+01
0.750000,0.343750,0.000000e+00,-1.200000e+01
0.250000,0.350000,3.411759e-02,-1.467022e+00
0.256250,0.350000,3.397203e-02,-1.468879e+00
0.262500,0.350000,3.498016e-02,-1.456178e+00
0.268750,0.350000,3.704690e-02,-1.431248e+00
0.275000,0.350000,4.000765e-02,-1.397857e+00
0.281250,0.350000,4.368032e-02,-1.359714e+00
0.287500,0.350000,4.790085e-02,-1.319657e+00
0.293750,0.350000,5.253694e-02,-1.279535e+00
0.300000,0.350000,5.748780e-02,-1.240424e+00
0.306250,0.350000,6.267863e-02,-1.202880e+00
0.312500,0.350000,6.805437e-02,-1.167144e+00
0.318750,0.350000,7.400308e-02,-1.130750e+00
0.325000,0.350000,8.006741e-02,-1.096544e+00
0.331250,0.350000,8.622312e-02,-1.064376e+00
0.337500,0.350000,9.245231e-02,-1.034082e+00
0.343750,0.350000,9.874157e-02,-1.005500e+00
0.350000,0.350000,1.050808e-01,-9.784768e-01
0.356250,0.350000,1.114621e-01,-9.528726e-01
0.362500,0.350000,1.178797e-01,-9.285608e-01
0.368750,0.350000,1.243289e-01,-9.054278e-01
0.375000,0.350000,1.308061e-01,-8.833719e-01
0.381250,0.350000,1.379161e-01,-8.603850e-01
0.387500,0.350000,1.450530e-01,-8.384732e-01
0.393750,0.350000,1.522145e-01,-8.175441e-01
0.400000,0.350000,1.593985e-01,-7.975156e-01
0.406250,0.350000,1.666039e-01,-7.783150e-01
0.412500,0.350000,1.738293e-01,-7.598770e-01
0.418750,0.350000,1.810741e-01,-7.421437e-01
0.425000,0.350000,1.883376e-01,-7.250630e-01
0.431250,0.350000,1.956195e-01,-7.085880e-01
0.437500,0.350000,2.029194e-01,-6.926764e-01
0.443750,0.350000,2.100745e-01,-6.776266e-01
0.450000,0.350000,2.172448e-01,-6.630507e-01
0.456250,0.350000,2.244314e-01,-6.489164e-01
0.462500,0.350000,2.316357e-01,-6.351945e-01
0.468750,0.350000,2.388589e-01,-6.218585e-01
0.475000,0.350000,2.461024e-01,-6.088841e-01
0.481250,0.350000,2.533675e-01,-5.962491e-01
0.487500,0.350000,2.606555e-01,-5.839331e-01
0.493750,0.350000,2.679677e-01,-5.719175e-01
0.500000,0.350000,0.000000e+00,-1.200000e+01
0.506250,0.350000,0.000000e+00,-1.200000e+01
0.512500,0.350000,0.000000e+00,-1.200000e+01
0.518750,0.350000,0.000000e+00,-1.200000e+01
0.525000,0.350000,0.000000e+00,-1.200000e+01
0.531250,0.350000,0.000000e+00,-1.200000e+01
0.537500,0.350000,0.000000e+00,-1.200000e+01
0.543750,0.350000,0.000000e+00,-1.200000e+01
0.550000,0.350000,0.000000e+00,-1.200000e+01
0.556250,0.350000,0.000000e+00,-1.200000e+01
0.562500,0.350000,0.000000e+00,-1.200000e+01
0.568750,0.350000,0.000000e+00,-1.200000e+01
0.575000,0.350000,0.000000e+00,-1.200000e+01
0.581250,0.350000,0.000000e+00,-1.200000e+01
0.587500,0.350000,0.000000e+00,-1.200000e+01
0.593750,0.350000,0.000000e+00,-1.200000e+01
0.600000,0.350000,0.000000e+00,-1.200000e+01
0.606250,0.350000,0.000000e+00,-1.200000e+01
0.612500,0.350000,0.000000e+00,-1.200000e+01
0.618750,0.350000,0.000000e+00,-1.200000e+01
0.625000,0.350000,0.000000e+00,-1.200000e+01
0.631250,0.350000,0.000000e+00,-1.200000e+01
0.637500,0.350000,0.000000e+00,-1.200000e+01
0.643750,0.350000,0.000000e+00,-1.200000e+01
0.650000,0.350000,0.000000e+00,-1.200000e+01
0.656250,0.350000,0.000000e+00,-1.200000e+01
0.662500,0.350000,0.000000e+00,-1.200000e+01
0.668750,0.350000,0.000000e+00,-1.200000e+01
0.675000,0.350000,0.000000e+00,-1.200000e+01
0.681250,0.350000,0.000000e+00,-1.200000e+01
0.687500,0.350000,0.000000e+00,-1.200000e+01
0.693750,0.350000,0.000000e+00,-1.200000e+01
0.700000,0.350000,0.000000e+00,-1.200000e+01
0.706250,0.350000,0.000000e+00,-1.200000e+01
0.712500,0.350000,0.000000e+00,-1.200000e+01
0.718750,0.350000,0.000000e+00,-1.200000e+01
0.725000,0.350000,0.000000e+00,-1.200000e+01
0.731250,0.350000,0.000000e+00,-1.200000e+01
0.737500,0.350000,0.000000e+00,-1.200000e+01
0.743750,0.350000,0.000000e+00,-1.200000e+01
0.750000,0.350000,0.000000e+00,-1.200000e+01
0.250000,0.356250,3.337903e-02,-1.476526e+00
0.256250,0.356250,3.316124e-02,-1.479369e+00
0.262500,0.356250,3.414405e-02,-1.466685e+00
0.268750,0.356250,3.622890e-02,-1.440945e+00
0.275000,0.356250,3.923967e-02,-1.406275e+00
0.281250,0.356250,4.298152e-02,-1.366718e+00
0.287500,0.356250,4.728061e-02,-1.325317e+00
0.293750,0.356250,5.199845e-02,-1.284010e+00
0.300000,0.356250,5.703082e-02,-1.243890e+00
0.306250,0.356250,6.230125e-02,-1.205503e+00
0.312500,0.356250,6.775398e-02,-1.169065e+00
0.318750,0.356250,7.381676e-02,-1.131845e+00
0.325000,0.356250,7.999091e-02,-1.096959e+00
0.331250,0.356250,8.625252e-02,-1.064228e+00
0.337500,0.356250,9.258407e-02,-1.033464e+00
0.343750,0.356250,9.897252e-02,-1.004485e+00
0.350000,0.356250,1.054081e-01,-9.771260e-01
0.356250,0.356250,1.118834e-01,-9.512345e-01
0.362500,0.356250,1.183927e-01,-9.266752e-01
0.368750,0.356250,1.249316e-01,-9.033277e-01
0.375000,0.356250,1.314968e-01,-8.810848e-01
0.381250,0.356250,1.386958e-01,-8.579368e-01
0.387500,0.356250,1.459213e-01,-8.358813e-01
0.393750,0.356250,1.531709e-01,-8.148237e-01
0.400000,0.356250,1.604427e-01,-7.946801e-01
0.406250,0.356250,1.677351e-01,-7.753760e-01
0.412500,0.356250,1.750471e-01,-7.568451e-01
0.418750,0.356250,1.823778e-01,-7.390281e-01
0.425000,0.356250,1.897264e-01,-7.218721e-01
0.431250,0.356250,1.970928e-01,-7.053293e-01
0.437500,0.356250,2.044764e-01,-6.893568e-01
0.443750,0.356250,2.117590e-01,-6.741581e-01
0.450000,0.356250,2.190543e-01,-6.594481e-01
0.456250,0.356250,2.263642e-01,-6.451922e-01
0.462500,0.356250,2.336905e-01,-6.313589e-01
0.468750,0.356250,2.410351e-01,-6.179197e-01
0.475000,0.356250,2.483998e-01,-6.048487e-01
0.481250,0.356250,2.557865e-01,-5.921223e-01
0.487500,0.356250,2.631971e-01,-5.797188e-01
0.493750,0.356250,2.706335e-01,-5.676185e-01
0.500000,0.356250,0.000000e+00,-1.200000e+01
0.506250,0.356250,0.000000e+00,-1.200000e+01
0.512500,0.356250,0.000000e+00,-1.200000e+01
0.518750,0.356250,0.000000e+00,-1.200000e+01
0.525000,0.356250,0.000000e+00,-1.200000e+01
0.531250,0.356250,0.000000e+00,-1.200000e+01
0.537500,0.356250,0.000000e+00,-1.200000e+01
0.543750,0.356250,0.000000e+00,-1.200000e+01
0.550000,0.356250,0.000000e+00,-1.200000e+01
0.556250,0.356250,0.000000e+00,-1.200000e+01
0.562500,0.356250,0.000000e+00,-1.200000e+01
0.568750,0.356250,0.000000e+00,-1.200000e+01
0.575000,0.356250,0.000000e+00,-1.200000e+01
0.581250,0.356250,0.000000e+00,-1.200000e+01
0.587500,0.356250,0.000000e+00,-1.200000e+01
0.593750,0.356250,0.000000e+00,-1.200000e+01
0.600000,0.356250,0.000000e+00,-1.200000e+01
0.606250,0.356250,0.000000e+00,-1.200000e+01
0.612500,0.356250,0.000000e+00,-1.200000e+01
0.618750,0.356250,0.000000e+00,-1.200000e+01
0.625000,0.356250,0.000000e+00,-1.200000e+01
0.631250,0.356250,0.000000e+00,-1.200000e+01
0.637500,0.356250,0.000000e+00,-1.200000e+01
0.643750,0.356250,0.000000e+00,-1.200000e+01
0.650000,0.356250,0.000000e+00,-1.200000e+01
0.656250,0.356250,0.000000e+00,-1.200000e+01
0.662500,0.356250,0.000000e+00,-1.200000e+01
0.668750,0.356250,0.000000e+00,-1.200000e+01
0.675000,0.356250,0.000000e+00,-1.200000e+01
0.681250,0.356250,0.000000e+00,-1.200000e+01
0.687500,0.356250,0.000000e+00,-1.200000e+01
0.693750,0.356250,0.000000e+00,-1.200000e+01
0.700000,0.356250,0.000000e+00,-1.200000e+01
0.706250,0.356250,0.000000e+00,-1.200000e+01
0.712500,0.356250,0.000000e+00,-1.200000e+01
0.718750,0.356250,0.000000e+00,-1.200000e+01
0.725000,0.356250,0.000000e+00,-1.200000e+01
0.731250,0.356250,0.000000e+00,-1.200000e+01
0.737500,0.356250,0.000000e+00,-1.200000e+01
0.743750,0.356250,0.000000e+00,-1.200000e+01
0.750000,0.356250,0.000000e+00,-1.200000e+01
0.250000,0.362500,3.265481e-02,-1.486053e+00
0.256250,0.362500,3.235545e-02,-1.490053e+00
0.262500,0.362500,3.330404e-02,-1.477503e+00
0.268750,0.362500,3.539946e-02,-1.451003e+00
0.275000,0.362500,3.845388e-02,-1.415060e+00
0.281250,0.362500,4.225915e-02,-1.374079e+00
0.287500,0.362500,4.663126e-02,-1.331323e+00
0.293750,0.362500,5.142535e-02,-1.288823e+00
0.300000,0.362500,5.653377e-02,-1.247692e+00
0.306250,0.362500,6.187838e-02,-1.208461e+00
0.312500,0.362500,6.740276e-02,-1.171322e+00
0.318750,0.362500,7.358074e-02,-1.133236e+00
0.325000,0.362500,7.986622e-02,-1.097637e+00
0.331250,0.362500,8.623554e-02,-1.064314e+00
0.337500,0.362500,9.267148e-02,-1.033054e+00
0.343750,0.362500,9.916136e-02,-1.003658e+00
0.350000,0.362500,1.056957e-01,-9.759427e-01
0.356250,0.362500,1.122674e-01,-9.497464e-01
0.362500,0.362500,1.188710e-01,-9.249241e-01
0.368750,0.362500,1.255024e-01,-9.013481e-01
0.375000,0.362500,1.321584e-01,-8.789053e-01
0.381250,0.362500,1.394441e-01,-8.556000e-01
0.387500,0.362500,1.467559e-01,-8.334043e-01
0.393750,0.362500,1.540915e-01,-8.122214e-01
0.400000,0.362500,1.614487e-01,-7.919655e-01
0.406250,0.362500,1.688260e-01,-7.725605e-01
0.412500,0.362500,1.762224e-01,-7.539390e-01
0.418750,0.362500,1.836367e-01,-7.360405e-01
0.425000,0.362500,1.910684e-01,-7.188110e-01
0.431250,0.362500,1.985171e-01,-7.022021e-01
0.437500,0.362500,2.059823e-01,-6.861701e-01
0.443750,0.362500,2.134116e-01,-6.707819e-01
0.450000,0.362500,2.208512e-01,-6.559002e-01
0.456250,0.362500,2.283035e-01,-6.414873e-01
0.462500,0.362500,2.357710e-01,-6.275096e-01
0.468750,0.362500,2.432560e-01,-6.139364e-01
0.475000,0.362500,2.507611e-01,-6.007399e-01
0.481250,0.362500,2.582885e-01,-5.878949e-01
0.487500,0.362500,2.658408e-01,-5.753783e-01
0.493750,0.362500,2.734204e-01,-5.631691e-01
0.500000,0.362500,0.000000e+00,-1.200000e+01
0.506250,0.362500,0.000000e+00,-1.200000e+01
0.512500,0.362500,0.000000e+00,-1.200000e+01
0.518750,0.362500,0.000000e+00,-1.200000e+01
0.525000,0.362500,0.000000e+00,-1.200000e+01
0.531250,0.362500,0.000000e+00,-1.200000e+01
0.537500,0.362500,0.000000e+00,-1.200000e+01
0.543750,0.362500,0.000000e+00,-1.200000e+01
0.550000,0.362500,0.000000e+00,-1.200000e+01
0.556250,0.362500,0.000000e+00,-1.200000e+01
0.562500,0.362500,0.000000e+00,-1.200000e+01
0.568750,0.362500,0.000000e+00,-1.200000e+01
0.575000,0.362500,0.000000e+00,-1.200000e+01
0.581250,0.362500,0.000000e+00,-1.200000e+01
0.587500,0.362500,0.000000e+00,-1.200000e+01
0.593750,0.362500,0.000000e+00,-1.200000e+01
0.600000,0.362500,0.000000e+00,-1.200000e+01
0.606250,0.362500,0.000000e+00,-1.200000e+01
0.612500,0.362500,0.000000e+00,-1.200000e+01
0.618750,0.362500,0.000000e+00,-1.200000e+01
0.625000,0.362500,0.000000e+00,-1.200000e+01
0.631250,0.362500,0.000000e+00,-1.200000e+01
0.637500,0.362500,0.000000e+00,-1.200000e+01
0.643750,0.362500,0.000000e+00,-1.200000e+01
0.650000,0.362500,0.000000e+00,-1.200000e+01
0.656250,0.362500,0.000000e+00,-1.200000e+01
0.662500,0.362500,0.000000e+00,-1.200000e+01
0.668750,0.362500,0.000000e+00,-1.200000e+01
0.675000,0.362500,0.000000e+00,-1.200000e+01
0.681250,0.362500,0.000000e+00,-1.200000e+01
0.687500,0.362500,0.000000e+00,-1.200000e+01
0.693750,0.362500,0.000000e+00,-1.200000e+01
0.700000,0.362500,0.000000e+00,-1.200000e+01
0.706250,0.362500,0.000000e+00,-1.200000e+01
0.712500,0.362500,0.000000e+00,-1.200000e+01
0.718750,0.362500,0.000000e+00,-1.200000e+01
0.725000,0.362500,0.000000e+00,-1.200000e+01
0.731250,0.362500,0.000000e+00,-1.200000e+01
0.737500,0.362500,0.000000e+00,-1.200000e+01
0.743750,0.362500,0.000000e+00,-1.200000e+01
0.750000,0.362500,0.000000e+00,-1.200000e+01
0.250000,0.368750,3.194675e-02,-1.495573e+00
0.256250,0.368750,3.155600e-02,-1.500918e+00
0.262500,0.368750,3.246084e-02,-1.488640e+00
0.268750,0.368750,3.455877e-02,-1.461442e+00
0.275000,0.368750,3.765011e-02,-1.424234e+00
0.281250,0.368750,4.151287e-02,-1.381817e+00
0.287500,0.368750,4.595236e-02,-1.337692e+00
0.293750,0.368750,5.081718e-02,-1.293989e+00
0.300000,0.368750,5.599619e-02,-1.251842e+00
0.306250,0.368750,6.140960e-02,-1.211764e+00
0.312500,0.368750,6.700034e-02,-1.173923e+00
0.318750,0.368750,7.329472e-02,-1.134927e+00
0.325000,0.368750,7.969311e-02,-1.098579e+00
0.331250,0.368750,8.617198e-02,-1.064634e+00
0.337500,0.368750,9.271440e-02,-1.032853e+00
0.343750,0.368750,9.930797e-02,-1.003016e+00
0.350000,0.368750,1.059435e-01,-9.749257e-01
0.356250,0.368750,1.126141e-01,-9.484071e-01
0.362500,0.368750,1.193147e-01,-9.233061e-01
0.368750,0.368750,1.260412e-01,-8.994873e-01
0.375000,0.368750,1.327908e-01,-8.768319e-01
0.381250,0.368750,1.401609e-01,-8.533730e-01
0.387500,0.368750,1.475569e-01,-8.310404e-01
0.393750,0.368750,1.549761e-01,-8.097352e-01
0.400000,0.368750,1.624166e-01,-7.893697e-01
0.406250,0.368750,1.698766e-01,-7.698664e-01
0.412500,0.368750,1.773550e-01,-7.511564e-01
0.418750,0.368750,1.848509e-01,-7.331783e-01
0.425000,0.368750,1.923636e-01,-7.158771e-01
0.431250,0.368750,1.998925e-01,-6.992035e-01
0.437500,0.368750,2.074372e-01,-6.831133e-01
0.443750,0.368750,2.150324e-01,-6.674961e-01
0.450000,0.368750,2.226355e-01,-6.524057e-01
0.456250,0.368750,2.302493e-01,-6.378016e-01
0.462500,0.368750,2.378771e-01,-6.236474e-01
0.468750,0.368750,2.455217e-01,-6.099101e-01
0.475000,0.368750,2.531861e-01,-5.965601e-01
0.481250,0.368750,2.608734e-01,-5.835702e-01
0.487500,0.368750,2.685866e-01,-5.709157e-01
0.493750,0.368750,2.763285e-01,-5.585743e-01
0.500000,0.368750,0.000000e+00,-1.200000e+01
0.506250,0.368750,0.000000e+00,-1.200000e+01
0.512500,0.368750,0.000000e+00,-1.200000e+01
0.518750,0.368750,0.000000e+00,-1.200000e+01
0.525000,0.368750,0.000000e+00,-1.200000e+01
0.531250,0.368750,0.000000e+00,-1.200000e+01
0.537500,0.368750,0.000000e+00,-1.200000e+01
0.543750,0.368750,0.000000e+00,-1.200000e+01
0.550000,0.368750,0.000000e+00,-1.200000e+01
0.556250,0.368750,0.000000e+00,-1.200000e+01
0.562500,0.368750,0.000000e+00,-1.200000e+01
0.568750,0.368750,0.000000e+00,-1.200000e+01
0.575000,0.368750,0.000000e+00,-1.200000e+01
0.581250,0.368750,0.000000e+00,-1.200000e+01
0.587500,0.368750,0.000000e+00,-1.200000e+01
0.593750,0.368750,0.000000e+00,-1.200000e+01
0.600000,0.368750,0.000000e+00,-1.200000e+01
0.606250,0.368750,0.000000e+00,-1.200000e+01
0.612500,0.368750,0.000000e+00,-1.200000e+01
0.618750,0.368750,0.000000e+00,-1.200000e+01
0.625000,0.368750,0.000000e+00,-1.200000e+01
0.631250,0.368750,0.000000e+00,-1.200000e+01
0.637500,0.368750,0.000000e+00,-1.200000e+01
0.643750,0.368750,0.000000e+00,-1.200000e+01
0.650000,0.368750,0.000000e+00,-1.200000e+01
0.656250,0.368750,0.000000e+00,-1.200000e+01
0.662500,0.368750,0.000000e+00,-1.200000e+01
0.668750,0.368750,0.000000e+00,-1.200000e+01
0.675000,0.368750,0.000000e+00,-1.200000e+01
0.681250,0.368750,0.000000e+00,-1.200000e+01
0.687500,0.368750,0.000000e+00,-1.200000e+01
0.693750,0.368750,0.000000e+00,-1.200000e+01
0.700000,0.368750,0.000000e+00,-1.200000e+01
0.706250,0.368750,0.000000e+00,-1.200000e+01
0.712500,0.368750,0.000000e+00,-1.200000e+01
0.718750,0.368750,0.000000e+00,-1.200000e+01
0.725000,0.368750,0.000000e+00,-1.200000e+01
0.731250,0.368750,0.000000e+00,-1.200000e+01
0.737500,0.368750,0.000000e+00,-1.200000e+01
0.743750,0.368750,0.000000e+00,-1.200000e+01
0.750000,0.368750,0.000000e+00,-1.200000e+01
0.250000,0.375000,3.125686e-02,-1.505055e+00
0.256250,0.375000,3.076445e-02,-1.511951e+00
0.262500,0.375000,3.161533e-02,-1.500102e+00
0.268750,0.375000,3.370712e-02,-1.472278e+00
0.275000,0.375000,3.682830e-02,-1.433818e+00
0.281250,0.375000,4.074237e-02,-1.389954e+00
0.287500,0.375000,4.524350e-02,-1.344444e+00
0.293750,0.375000,5.017351e-02,-1.299526e+00
0.300000,0.375000,5.541766e-02,-1.256352e+00
0.306250,0.375000,6.089452e-02,-1.215422e+00
0.312500,0.375000,6.654638e-02,-1.176876e+00
0.318750,0.375000,7.295842e-02,-1.136925e+00
0.325000,0.375000,7.947133e-02,-1.099790e+00
0.331250,0.375000,8.606166e-02,-1.065190e+00
0.337500,0.375000,9.271268e-02,-1.032861e+00
0.343750,0.375000,9.941223e-02,-1.002560e+00
0.350000,0.375000,1.061514e-01,-9.740743e-01
0.356250,0.375000,1.129235e-01,-9.472155e-01
0.362500,0.375000,1.197237e-01,-9.218199e-01
0.368750,0.375000,1.265482e-01,-8.977442e-01
0.375000,0.375000,1.333941e-01,-8.748632e-01
0.381250,0.375000,1.408464e-01,-8.512542e-01
0.387500,0.375000,1.483242e-01,-8.287879e-01
0.393750,0.375000,1.558249e-01,-8.073633e-01
0.400000,0.375000,1.633463e-01,-7.868908e-01
0.406250,0.375000,1.708868e-01,-7.672915e-01
0.412500,0.375000,1.784452e-01,-7.484951e-01
0.418750,0.375000,1.860205e-01,-7.304392e-01
0.425000,0.375000,1.936119e-01,-7.130679e-01
0.431250,0.375000,2.012189e-01,-6.963312e-01
0.437500,0.375000,2.088411e-01,-6.801840e-01
0.443750,0.375000,2.166213e-01,-6.642988e-01
0.450000,0.375000,2.244070e-01,-6.489637e-01
0.456250,0.375000,2.322016e-01,-6.341348e-01
0.462500,0.375000,2.400088e-01,-6.197729e-01
0.468750,0.375000,2.478321e-01,-6.058425e-01
0.475000,0.375000,2.556750e-01,-5.923117e-01
0.481250,0.375000,2.635413e-01,-5.791514e-01
0.487500,0.375000,2.714343e-01,-5.663352e-01
0.493750,0.375000,2.793578e-01,-5.538392e-01
0.500000,0.375000,0.000000e+00,-1.200000e+01
0.506250,0.375000,0.000000e+00,-1.200000e+01
0.512500,0.375000,0.000000e+00,-1.200000e+01
0.518750,0.375000,0.000000e+00,-1.200000e+01
0.525000,0.375000,0.000000e+00,-1.200000e+01
0.531250,0.375000,0.000000e+00,-1.200000e+01
0.537500,0.375000,0.000000e+00,-1.200000e+01
0.543750,0.375000,0.000000e+00,-1.200000e+01
0.550000,0.375000,0.000000e+00,-1.200000e+01
0.556250,0.375000,0.000000e+00,-1.200000e+01
0.562500,0.375000,0.000000e+00,-1.200000e+01
0.568750,0.375000,0.000000e+00,-1.200000e+01
0.575000,0.375000,0.000000e+00,-1.200000e+01
0.581250,0.375000,0.000000e+00,-1.200000e+01
0.587500,0.375000,0.000000e+00,-1.200000e+01
0.593750,0.375000,0.000000e+00,-1.200000e+01
0.600000,0.375000,0.000000e+00,-1.200000e+01
0.606250,0.375000,0.000000e+00,-1.200000e+01
0.612500,0.375000,0.000000e+00,-1.200000e+01
0.618750,0.375000,0.000000e+00,-1.200000e+01
0.625000,0.375000,0.000000e+00,-1.200000e+01
0.631250,0.375000,0.000000e+00,-1.200000e+01
0.637500,0.375000,0.000000e+00,-1.200000e+01
0.643750,0.375000,0.000000e+00,-1.200000e+01
0.650000,0.375000,0.000000e+00,-1.200000e+01
0.656250,0.375000,0.000000e+00,-1.200000e+01
0.662500,0.375000,0.000000e+00,-1.200000e+01
0.668750,0.375000,0.000000e+00,-1.200000e+01
0.675000,0.375000,0.000000e+00,-1.200000e+01
0.681250,0.375000,0.000000e+00,-1.200000e+01
0.687500,0.375000,0.000000e+00,-1.200000e+01
0.693750,0.375000,0.000000e+00,-1.200000e+01
0.700000,0.375000,0.000000e+00,-1.200000e+01
0.706250,0.375000,0.000000e+00,-1.200000e+01
0.712500,0.375000,0.000000e+00,-1.200000e+01
0.718750,0.375000,0.000000e+00,-1.200000e+01
0.725000,0.375000,0.000000e+00,-1.200000e+01
0.731250,0.375000,0.000000e+00,-1.200000e+01
0.737500,0.375000,0.000000e+00,-1.200000e+01
0.743750,0.375000,0.000000e+00,-1.200000e+01
0.750000,0.375000,0.000000e+00,-1.200000e+01
0.250000,0.381250,3.083408e-02,-1.510969e+00
0.256250,0.381250,3.026256e-02,-1.519094e+00
0.262500,0.381250,3.106656e-02,-1.507707e+00
0.268750,0.381250,3.314527e-02,-1.479578e+00
0.275000,0.381250,3.627943e-02,-1.440340e+00
0.281250,0.381250,4.022240e-02,-1.395532e+00
0.287500,0.381250,4.476037e-02,-1.349106e+00
0.293750,0.381250,4.973019e-02,-1.303380e+00
0.300000,0.381250,5.501454e-02,-1.259523e+00
0.306250,0.381250,6.053070e-02,-1.218024e+00
0.312500,0.381250,6.622044e-02,-1.179008e+00
0.318750,0.381250,7.272765e-02,-1.138300e+00
0.325000,0.381250,7.934319e-02,-1.100490e+00
0.331250,0.381250,8.604143e-02,-1.065292e+00
0.337500,0.381250,9.280407e-02,-1.032433e+00
0.343750,0.381250,9.961778e-02,-1.001663e+00
0.350000,0.381250,1.064727e-01,-9.727617e-01
0.356250,0.381250,1.133615e-01,-9.455345e-01
0.362500,0.381250,1.202785e-01,-9.198121e-01
0.368750,0.381250,1.272195e-01,-8.954464e-01
0.375000,0.381250,1.341812e-01,-8.723084e-01
0.381250,0.381250,1.417502e-01,-8.484764e-01
0.387500,0.381250,1.493322e-01,-8.258466e-01
0.393750,0.381250,1.569264e-01,-8.043039e-01
0.400000,0.381250,1.645326e-01,-7.837481e-01
0.406250,0.381250,1.721505e-01,-7.640918e-01
0.412500,0.381250,1.797803e-01,-7.452579e-01
0.418750,0.381250,1.874223e-01,-7.271788e-01
0.425000,0.381250,1.950769e-01,-7.097941e-01
0.431250,0.381250,2.027447e-01,-6.930505e-01
0.437500,0.381250,2.104263e-01,-6.769001e-01
0.443750,0.381250,2.183701e-01,-6.608068e-01
0.450000,0.381250,2.263226e-01,-6.452722e-01
0.456250,0.381250,2.342872e-01,-6.302515e-01
0.462500,0.381250,2.422677e-01,-6.157046e-01
0.468750,0.381250,2.502676e-01,-6.015954e-01
0.475000,0.381250,2.582906e-01,-5.878914e-01
0.481250,0.381250,2.663404e-01,-5.745630e-01
0.487500,0.381250,2.744205e-01,-5.615835e-01
0.493750,0.381250,2.825346e-01,-5.489284e-01
0.500000,0.381250,0.000000e+00,-1.200000e+01
0.506250,0.381250,0.000000e+00,-1.200000e+01
0.512500,0.381250,0.000000e+00,-1.200000e+01
0.518750,0.381250,0.000000e+00,-1.200000e+01
0.525000,0.381250,0.000000e+00,-1.200000e+01
0.531250,0.381250,0.000000e+00,-1.200000e+01
0.537500,0.381250,0.000000e+00,-1.200000e+01
0.543750,0.381250,0.000000e+00,-1.200000e+01
0.550000,0.381250,0.000000e+00,-1.200000e+01
0.556250,0.381250,0.000000e+00,-1.200000e+01
0.562500,0.381250,0.000000e+00,-1.200000e+01
0.568750,0.381250,0.000000e+00,-1.200000e+01
0.575000,0.381250,0.000000e+00,-1.200000e+01
0.581250,0.381250,0.000000e+00,-1.200000e+01
0.587500,0.381250,0.000000e+00,-1.200000e+01
0.593750,0.381250,0.000000e+00,-1.200000e+01
0.600000,0.381250,0.000000e+00,-1.200000e+01
0.606250,0.381250,0.000000e+00,-1.200000e+01
0.612500,0.381250,0.000000e+00,-1.200000e+01
0.618750,0.381250,0.000000e+00,-1.200000e+01
0.625000,0.381250,0.000000e+00,-1.200000e+01
0.631250,0.381250,0.000000e+00,-1.200000e+01
0.637500,0.381250,0.000000e+00,-1.200000e+01
0.643750,0.381250,0.000000e+00,-1.200000e+01
0.650000,0.381250,0.000000e+00,-1.200000e+01
0.656250,0.381250,0.000000e+00,-1.200000e+01
0.662500,0.381250,0.000000e+00,-1.200000e+01
0.668750,0.381250,0.000000e+00,-1.200000e+01
0.675000,0.381250,0.000000e+00,-1.200000e+01
0.681250,0.381250,0.000000e+00,-1.200000e+01
0.687500,0.381250,0.000000e+00,-1.200000e+01
0.693750,0.381250,0.000000e+00,-1.200000e+01
0.700000,0.381250,0.000000e+00,-1.200000e+01
0.706250,0.381250,0.000000e+00,-1.200000e+01
0.712500,0.381250,0.000000e+00,-1.200000e+01
0.718750,0.381250,0.000000e+00,-1.200000e+01
0.725000,0.381250,0.000000e+00,-1.200000e+01
0.731250,0.381250,0.000000e+00,-1.200000e+01
0.737500,0.381250,0.000000e+00,-1.200000e+01
0.743750,0.381250,0.000000e+00,-1.200000e+01
0.750000,0.381250,0.000000e+00,-1.200000e+01
0.250000,0.387500,3.044007e-02,-1.516554e+00
0.256250,0.387500,2.977411e-02,-1.526161e+00
0.262500,0.387500,3.051637e-02,-1.515467e+00
0.268750,0.387500,3.256972e-02,-1.487186e+00
0.275000,0.387500,3.570780e-02,-1.447237e+00
0.281250,0.387500,3.967330e-02,-1.401502e+00
0.287500,0.387500,4.424363e-02,-1.354149e+00
0.293750,0.387500,4.925012e-02,-1.307593e+00
0.300000,0.387500,5.457237e-02,-1.263027e+00
0.306250,0.387500,6.012615e-02,-1.220937e+00
0.312500,0.387500,6.585254e-02,-1.181427e+00
0.318750,0.387500,7.243888e-02,-1.140028e+00
0.325000,0.387500,7.914070e-02,-1.101600e+00
0.331250,0.387500,8.593036e-02,-1.065853e+00
0.337500,0.387500,9.278809e-02,-1.032508e+00
0.343750,0.387500,9.969950e-02,-1.001307e+00
0.350000,0.387500,1.066539e-01,-9.720232e-01
0.356250,0.387500,1.136433e-01,-9.444561e-01
0.362500,0.387500,1.206616e-01,-9.184310e-01
0.368750,0.387500,1.277039e-01,-8.937958e-01
0.375000,0.387500,1.347667e-01,-8.704173e-01
0.381250,0.387500,1.424895e-01,-8.462172e-01
0.387500,0.387500,1.502126e-01,-8.232936e-01
0.393750,0.387500,1.579372e-01,-8.015156e-01
0.400000,0.387500,1.656644e-01,-7.807709e-01
0.406250,0.387500,1.733955e-01,-7.609621e-01
0.412500,0.387500,1.811322e-01,-7.420044e-01
0.418750,0.387500,1.888759e-01,-7.238235e-01
0.425000,0.387500,1.966283e-01,-7.063539e-01
0.431250,0.387500,2.043912e-01,-6.895378e-01
0.437500,0.387500,2.121663e-01,-6.733235e-01
0.443750,0.387500,2.202748e-01,-6.570352e-01
0.450000,0.387500,2.283953e-01,-6.413129e-01
0.456250,0.387500,2.365315e-01,-6.261110e-01
0.462500,0.387500,2.446871e-01,-6.113889e-01
0.468750,0.387500,2.528657e-01,-5.971100e-01
0.475000,0.387500,2.610711e-01,-5.832412e-01
0.481250,0.387500,2.693069e-01,-5.697526e-01
0.487500,0.387500,2.775766e-01,-5.566171e-01
0.493750,0.387500,2.858841e-01,-5.438100e-01
0.500000,0.387500,0.000000e+00,-1.200000e+01
0.506250,0.387500,0.000000e+00,-1.200000e+01
0.512500,0.387500,0.000000e+00,-1.200000e+01
0.518750,0.387500,0.000000e+00,-1.200000e+01
0.525000,0.387500,0.000000e+00,-1.200000e+01
0.531250,0.387500,0.000000e+00,-1.200000e+01
0.537500,0.387500,0.000000e+00,-1.200000e+01
0.543750,0.387500,0.000000e+00,-1.200000e+01
0.550000,0.387500,0.000000e+00,-1.200000e+01
0.556250,0.387500,0.000000e+00,-1.200000e+01
0.562500,0.387500,0.000000e+00,-1.200000e+01
0.568750,0.387500,0.000000e+00,-1.200000e+01
0.575000,0.387500,0.000000e+00,-1.200000e+01
0.581250,0.387500,0.000000e+00,-1.200000e+01
0.587500,0.387500,0.000000e+00,-1.200000e+01
0.593750,0.387500,0.000000e+00,-1.200000e+01
0.600000,0.387500,0.000000e+00,-1.200000e+01
0.606250,0.387500,0.000000e+00,-1.200000e+01
0.612500,0.387500,0.000000e+00,-1.200000e+01
0.618750,0.387500,0.000000e+00,-1.200000e+01
0.625000,0.387500,0.000000e+00,-1.200000e+01
0.631250,0.387500,0.000000e+00,-1.200000e+01
0.637500,0.387500,0.000000e+00,-1.200000e+01
0.643750,0.387500,0.000000e+00,-1.200000e+01
0.650000,0.387500,0.000000e+00,-1.200000e+01
0.656250,0.387500,0.000000e+00,-1.200000e+01
0.662500,0.387500,0.000000e+00,-1.200000e+01
0.668750,0.387500,0.000000e+00,-1.200000e+01
0.675000,0.387500,0.000000e+00,-1.200000e+01
0.681250,0.387500,0.000000e+00,-1.200000e+01
0.687500,0.387500,0.000000e+00,-1.200000e+01
0.693750,0.387500,0.000000e+00,-1.200000e+01
0.700000,0.387500,0.000000e+00,-1.200000e+01
0.706250,0.387500,0.000000e+00,-1.200000e+01
0.712500,0.387500,0.000000e+00,-1.200000e+01
0.718750,0.387500,0.000000e+00,-1.200000e+01
0.725000,0.387500,0.000000e+00,-1.200000e+01
0.731250,0.387500,0.000000e+00,-1.200000e+01
0.737500,0.387500,0.000000e+00,-1.200000e+01
0.743750,0.387500,0.000000e+00,-1.200000e+01
0.750000,0.387500,0.000000e+00,-1.200000e+01
0.250000,0.393750,3.007881e-02,-1.521739e+00
0.256250,0.393750,2.930262e-02,-1.533094e+00
0.262500,0.393750,2.996733e-02,-1.523352e+00
0.268750,0.393750,3.198213e-02,-1.495093e+00
0.275000,0.393750,3.511440e-02,-1.454515e+00
0.281250,0.393750,3.909564e-02,-1.407872e+00
0.287500,0.393750,4.369364e-02,-1.359582e+00
0.293750,0.393750,4.873351e-02,-1.312172e+00
0.300000,0.393750,5.409133e-02,-1.266872e+00
0.306250,0.393750,5.968104e-02,-1.224164e+00
0.312500,0.393750,6.544282e-02,-1.184138e+00
0.318750,0.393750,7.209226e-02,-1.142111e+00
0.325000,0.393750,7.886408e-02,-1.103121e+00
0.331250,0.393750,8.572873e-02,-1.066874e+00
0.337500,0.393750,9.266513e-02,-1.033084e+00
0.343750,0.393750,9.965792e-02,-1.001488e+00
0.350000,0.393750,1.066957e-01,-9.718530e-01
0.356250,0.393750,1.137699e-01,-9.439726e-01
0.362500,0.393750,1.208739e-01,-9.176674e-01
0.368750,0.393750,1.280026e-01,-8.927810e-01
0.375000,0.393750,1.351521e-01,-8.691773e-01
0.381250,0.393750,1.430653e-01,-8.444657e-01
0.387500,0.393750,1.509662e-01,-8.211201e-01
0.393750,0.393750,1.588575e-01,-7.989923e-01
0.400000,0.393750,1.667417e-01,-7.779557e-01
0.406250,0.393750,1.746218e-01,-7.579016e-01
0.412500,0.393750,1.825005e-01,-7.387360e-01
0.418750,0.393750,1.903808e-01,-7.203769e-01
0.425000,0.393750,1.982656e-01,-7.027527e-01
0.431250,0.393750,2.061579e-01,-6.858000e-01
0.437500,0.393750,2.140608e-01,-6.694629e-01
0.443750,0.393750,2.223349e-01,-6.529925e-01
0.450000,0.393750,2.306248e-01,-6.370940e-01
0.456250,0.393750,2.389342e-01,-6.217216e-01
0.462500,0.393750,2.472669e-01,-6.068341e-01
0.468750,0.393750,2.556264e-01,-5.923943e-01
0.475000,0.393750,2.640164e-01,-5.783690e-01
0.481250,0.393750,2.724407e-01,-5.647280e-01
0.487500,0.393750,2.809028e-01,-5.514439e-01
0.493750,0.393750,2.894064e-01,-5.384919e-01
0.500000,0.393750,0.000000e+00,-1.200000e+01
0.506250,0.393750,0.000000e+00,-1.200000e+01
0.512500,0.393750,0.000000e+00,-1.200000e+01
0.518750,0.393750,0.000000e+00,-1.200000e+01
0.525000,0.393750,0.000000e+00,-1.200000e+01
0.531250,0.393750,0.000000e+00,-1.200000e+01
0.537500,0.393750,0.000000e+00,-1.200000e+01
0.543750,0.393750,0.000000e+00,-1.200000e+01
0.550000,0.393750,0.000000e+00,-1.200000e+01
0.556250,0.393750,0.000000e+00,-1.200000e+01
0.562500,0.393750,0.000000e+00,-1.200000e+01
0.568750,0.393750,0.000000e+00,-1.200000e+01
0.575000,0.393750,0.000000e+00,-1.200000e+01
0.581250,0.393750,0.000000e+00,-1.200000e+01
0.587500,0.393750,0.000000e+00,-1.200000e+01
0.593750,0.393750,0.000000e+00,-1.200000e+01
0.600000,0.393750,0.000000e+00,-1.200000e+01
0.606250,0.393750,0.000000e+00,-1.200000e+01
0.612500,0.393750,0.000000e+00,-1.200000e+01
0.618750,0.393750,0.000000e+00,-1.200000e+01
0.625000,0.393750,0.000000e+00,-1.200000e+01
0.631250,0.393750,0.000000e+00,-1.200000e+01
0.637500,0.393750,0.000000e+00,-1.200000e+01
0.643750,0.393750,0.000000e+00,-1.200000e+01
0.650000,0.393750,0.000000e+00,-1.200000e+01
0.656250,0.393750,0.000000e+00,-1.200000e+01
0.662500,0.393750,0.000000e+00,-1.200000e+01
0.668750,0.393750,0.000000e+00,-1.200000e+01
0.675000,0.393750,0.000000e+00,-1.200000e+01
0.681250,0.393750,0.000000e+00,-1.200000e+01
0.687500,0.393750,0.000000e+00,-1.200000e+01
0.693750,0.393750,0.000000e+00,-1.200000e+01
0.700000,0.393750,0.000000e+00,-1.200000e+01
0.706250,0.393750,0.000000e+00,-1.200000e+01
0.712500,0.393750,0.000000e+00,-1.200000e+01
0.718750,0.393750,0.000000e+00,-1.200000e+01
0.725000,0.393750,0.000000e+00,-1.200000e+01
0.731250,0.393750,0.000000e+00,-1.200000e+01
0.737500,0.393750,0.000000e+00,-1.200000e+01
0.743750,0.393750,0.000000e+00,-1.200000e+01
0.750000,0.393750,0.000000e+00,-1.200000e+01
0.250000,0.400000,2.975461e-02,-1.526446e+00
0.256250,0.400000,2.885202e-02,-1.539824e+00
0.262500,0.400000,2.942246e-02,-1.531321e+00
0.268750,0.400000,3.138450e-02,-1.503285e+00
0.275000,0.400000,3.450046e-02,-1.462175e+00
0.281250,0.400000,3.849015e-02,-1.414650e+00
0.287500,0.400000,4.311087e-02,-1.365413e+00
0.293750,0.400000,4.818070e-02,-1.317127e+00
0.300000,0.400000,5.357167e-02,-1.271065e+00
0.306250,0.400000,5.919556e-02,-1.227711e+00
0.312500,0.400000,6.499147e-02,-1.187144e+00
0.318750,0.400000,7.168801e-02,-1.144553e+00
0.325000,0.400000,7.851359e-02,-1.105055e+00
0.331250,0.400000,8.543689e-02,-1.068355e+00
0.337500,0.400000,9.243565e-02,-1.034161e+00
0.343750,0.400000,9.949363e-02,-1.002205e+00
0.350000,0.400000,1.065988e-01,-9.722476e-01
0.356250,0.400000,1.137421e-01,-9.440786e-01
0.362500,0.400000,1.209167e-01,-9.175139e-01
0.368750,0.400000,1.281169e-01,-8.923935e-01
0.375000,0.400000,1.353387e-01,-8.685781e-01
0.381250,0.400000,1.434788e-01,-8.432122e-01
0.387500,0.400000,1.515938e-01,-8.193184e-01
0.393750,0.400000,1.596878e-01,-7.967283e-01
0.400000,0.400000,1.677648e-01,-7.752991e-01
0.406250,0.400000,1.758291e-01,-7.549092e-01
0.412500,0.400000,1.838849e-01,-7.354540e-01
0.418750,0.400000,1.919364e-01,-7.168425e-01
0.425000,0.400000,1.999881e-01,-6.989959e-01
0.431250,0.400000,2.080442e-01,-6.818445e-01
0.437500,0.400000,2.161090e-01,-6.653271e-01
0.443750,0.400000,2.245498e-01,-6.486872e-01
0.450000,0.400000,2.330107e-01,-6.326242e-01
0.456250,0.400000,2.414951e-01,-6.170917e-01
0.462500,0.400000,2.500068e-01,-6.020482e-01
0.468750,0.400000,2.585494e-01,-5.874565e-01
0.475000,0.400000,2.671265e-01,-5.732830e-01
0.481250,0.400000,2.757418e-01,-5.594974e-01
0.487500,0.400000,2.843989e-01,-5.460721e-01
0.493750,0.400000,2.931014e-01,-5.329820e-01
0.500000,0.400000,0.000000e+00,-1.200000e+01
0.506250,0.400000,0.000000e+00,-1.200000e+01
0.512500,0.400000,0.000000e+00,-1.200000e+01
0.518750,0.400000,0.000000e+00,-1.200000e+01
0.525000,0.400000,0.000000e+00,-1.200000e+01
0.531250,0.400000,0.000000e+00,-1.200000e+01
0.537500,0.400000,0.000000e+00,-1.200000e+01
0.543750,0.400000,0.000000e+00,-1.200000e+01
0.550000,0.400000,0.000000e+00,-1.200000e+01
0.556250,0.400000,0.000000e+00,-1.200000e+01
0.562500,0.400000,0.000000e+00,-1.200000e+01
0.568750,0.400000,0.000000e+00,-1.200000e+01
0.575000,0.400000,0.000000e+00,-1.200000e+01
0.581250,0.400000,0.000000e+00,-1.200000e+01
0.587500,0.400000,0.000000e+00,-1.200000e+01
0.593750,0.400000,0.000000e+00,-1.200000e+01
0.600000,0.400000,0.000000e+00,-1.200000e+01
0.606250,0.400000,0.000000e+00,-1.200000e+01
0.612500,0.400000,0.000000e+00,-1.200000e+01
0.618750,0.400000,0.000000e+00,-1.200000e+01
0.625000,0.400000,0.000000e+00,-1.200000e+01
0.631250,0.400000,0.000000e+00,-1.200000e+01
0.637500,0.400000,0.000000e+00,-1.200000e+01
0.643750,0.400000,0.000000e+00,-1.200000e+01
0.650000,0.400000,0.000000e+00,-1.200000e+01
0.656250,0.400000,0.000000e+00,-1.200000e+01
0.662500,0.400000,0.000000e+00,-1.200000e+01
0.668750,0.400000,0.000000e+00,-1.200000e+01
0.675000,0.400000,0.000000e+00,-1.200000e+01
0.681250,0.400000,0.000000e+00,-1.200000e+01
0.687500,0.400000,0.000000e+00,-1.200000e+01
0.693750,0.400000,0.000000e+00,-1.200000e+01
0.700000,0.400000,0.000000e+00,-1.200000e+01
0.706250,0.400000,0.000000e+00,-1.200000e+01
0.712500,0.400000,0.000000e+00,-1.200000e+01
0.718750,0.400000,0.000000e+00,-1.200000e+01
0.725000,0.400000,0.000000e+00,-1.200000e+01
0.731250,0.400000,0.000000e+00,-1.200000e+01
0.737500,0.400000,0.000000e+00,-1.200000e+01
0.743750,0.400000,0.000000e+00,-1.200000e+01
0.750000,0.400000,0.000000e+00,-1.200000e+01
0.250000,0.406250,2.947212e-02,-1.530589e+00
0.256250,0.406250,2.842674e-02,-1.546273e+00
0.262500,0.406250,2.888527e-02,-1.539324e+00
0.268750,0.406250,3.077923e-02,-1.511742e+00
0.275000,0.406250,3.386746e-02,-1.470217e+00
0.281250,0.406250,3.785777e-02,-1.421845e+00
0.287500,0.406250,4.249592e-02,-1.371653e+00
0.293750,0.406250,4.759209e-02,-1.322465e+00
0.300000,0.406250,5.301369e-02,-1.275612e+00
0.306250,0.406250,5.866997e-02,-1.231584e+00
0.312500,0.406250,6.449870e-02,-1.190449e+00
0.318750,0.406250,7.122640e-02,-1.147359e+00
0.325000,0.406250,7.808956e-02,-1.107407e+00
0.331250,0.406250,8.505528e-02,-1.070299e+00
0.337500,0.406250,9.210019e-02,-1.035739e+00
0.343750,0.406250,9.920732e-02,-1.003456e+00
0.350000,0.406250,1.063641e-01,-9.732049e-01
0.356250,0.406250,1.135611e-01,-9.447705e-01
0.362500,0.406250,1.207910e-01,-9.179655e-01
0.368750,0.406250,1.280481e-01,-8.926267e-01
0.375000,0.406250,1.353281e-01,-8.686119e-01
0.381250,0.406250,1.437313e-01,-8.424487e-01
0.387500,0.406250,1.520963e-01,-8.178814e-01
0.393750,0.406250,1.604286e-01,-7.947182e-01
0.400000,0.406250,1.687338e-01,-7.727979e-01
0.406250,0.406250,1.770174e-01,-7.519841e-01
0.412500,0.406250,1.852850e-01,-7.321597e-01
0.418750,0.406250,1.935424e-01,-7.132239e-01
0.425000,0.406250,2.017953e-01,-6.950890e-01
0.431250,0.406250,2.100493e-01,-6.776787e-01
0.437500,0.406250,2.183104e-01,-6.609255e-01
0.443750,0.406250,2.269193e-01,-6.441286e-01
0.450000,0.406250,2.355526e-01,-6.279121e-01
0.456250,0.406250,2.442139e-01,-6.122297e-01
0.462500,0.406250,2.529067e-01,-5.970397e-01
0.468750,0.406250,2.616346e-01,-5.823048e-01
0.475000,0.406250,2.704012e-01,-5.679913e-01
0.481250,0.406250,2.792102e-01,-5.540688e-01
0.487500,0.406250,2.880650e-01,-5.405095e-01
0.493750,0.406250,2.969693e-01,-5.272885e-01
0.500000,0.406250,0.000000e+00,-1.200000e+01
0.506250,0.406250,0.000000e+00,-1.200000e+01
0.512500,0.406250,0.000000e+00,-1.200000e+01
0.518750,0.406250,0.000000e+00,-1.200000e+01
0.525000,0.406250,0.000000e+00,-1.200000e+01
0.531250,0.406250,0.000000e+00,-1.200000e+01
0.537500,0.406250,0.000000e+00,-1.200000e+01
0.543750,0.406250,0.000000e+00,-1.200000e+01
0.550000,0.406250,0.000000e+00,-1.200000e+01
0.556250,0.406250,0.000000e+00,-1.200000e+01
0.562500,0.406250,0.000000e+00,-1.200000e+01
0.568750,0.406250,0.000000e+00,-1.200000e+01
0.575000,0.406250,0.000000e+00,-1.200000e+01
0.581250,0.406250,0.000000e+00,-1.200000e+01
0.587500,0.406250,0.000000e+00,-1.200000e+01
0.593750,0.406250,0.000000e+00,-1.200000e+01
0.600000,0.406250,0.000000e+00,-1.200000e+01
0.606250,0.406250,0.000000e+00,-1.200000e+01
0.612500,0.406250,0.000000e+00,-1.200000e+01
0.618750,0.406250,0.000000e+00,-1.200000e+01
0.625000,0.406250,0.000000e+00,-1.200000e+01
0.631250,0.406250,0.000000e+00,-1.200000e+01
0.637500,0.406250,0.000000e+00,-1.200000e+01
0.643750,0.406250,0.000000e+00,-1.200000e+01
0.650000,0.406250,0.000000e+00,-1.200000e+01
0.656250,0.406250,0.000000e+00,-1.200000e+01
0.662500,0.406250,0.000000e+00,-1.200000e+01
0.668750,0.406250,0.000000e+00,-1.200000e+01
0.675000,0.406250,0.000000e+00,-1.200000e+01
0.681250,0.406250,0.000000e+00,-1.200000e+01
0.687500,0.406250,0.000000e+00,-1.200000e+01
0.693750,0.406250,0.000000e+00,-1.200000e+01
0.700000,0.406250,0.000000e+00,-1.200000e+01
0.706250,0.406250,0.000000e+00,-1.200000e+01
0.712500,0.406250,0.000000e+00,-1.200000e+01
0.718750,0.406250,0.000000e+00,-1.200000e+01
0.725000,0.406250,0.000000e+00,-1.200000e+01
0.731250,0.406250,0.000000e+00,-1.200000e+01
0.737500,0.406250,0.000000e+00,-1.200000e+01
0.743750,0.406250,0.000000e+00,-1.200000e+01
0.750000,0.406250,0.000000e+00,-1.200000e+01
0.250000,0.412500,2.923623e-02,-1.534079e+00
0.256250,0.412500,2.803168e-02,-1.552351e+00
0.262500,0.412500,2.835979e-02,-1.547297e+00
0.268750,0.412500,3.016912e-02,-1.520437e+00
0.275000,0.412500,3.321720e-02,-1.478637e+00
0.281250,0.412500,3.719962e-02,-1.429462e+00
0.287500,0.412500,4.184951e-02,-1.378310e+00
0.293750,0.412500,4.696819e-02,-1.328196e+00
0.300000,0.412500,5.241778e-02,-1.280521e+00
0.306250,0.412500,5.810457e-02,-1.235790e+00
0.312500,0.412500,6.396477e-02,-1.194059e+00
0.318750,0.412500,7.070773e-02,-1.150533e+00
0.325000,0.412500,7.759239e-02,-1.110181e+00
0.331250,0.412500,8.458439e-02,-1.072710e+00
0.337500,0.412500,9.165939e-02,-1.037823e+00
0.343750,0.412500,9.879976e-02,-1.005244e+00
0.350000,0.412500,1.059925e-01,-9.747248e-01
0.356250,0.412500,1.132278e-01,-9.460468e-01
0.362500,0.412500,1.204982e-01,-9.190193e-01
0.368750,0.412500,1.277979e-01,-8.934763e-01
0.375000,0.412500,1.351223e-01,-8.692731e-01
0.381250,0.412500,1.438241e-01,-8.421684e-01
0.387500,0.412500,1.524746e-01,-8.168026e-01
0.393750,0.412500,1.610805e-01,-7.929570e-01
0.400000,0.412500,1.696488e-01,-7.704492e-01
0.406250,0.412500,1.781865e-01,-7.491253e-01
0.412500,0.412500,1.867005e-01,-7.288544e-01
0.418750,0.412500,1.951981e-01,-7.095243e-01
0.425000,0.412500,2.036865e-01,-6.910378e-01
0.431250,0.412500,2.121728e-01,-6.733104e-01
0.437500,0.412500,2.206644e-01,-6.562678e-01
0.443750,0.412500,2.294427e-01,-6.393258e-01
0.450000,0.412500,2.382502e-01,-6.229668e-01
0.456250,0.412500,2.470902e-01,-6.071444e-01
0.462500,0.412500,2.559663e-01,-5.918172e-01
0.468750,0.412500,2.648819e-01,-5.769477e-01
0.475000,0.412500,2.738406e-01,-5.625022e-01
0.481250,0.412500,2.828457e-01,-5.484504e-01
0.487500,0.412500,2.919010e-01,-5.347644e-01
0.493750,0.412500,3.010098e-01,-5.214193e-01
0.500000,0.412500,0.000000e+00,-1.200000e+01
0.506250,0.412500,0.000000e+00,-1.200000e+01
0.512500,0.412500,0.000000e+00,-1.200000e+01
0.518750,0.412500,0.000000e+00,-1.200000e+01
0.525000,0.412500,0.000000e+00,-1.200000e+01
0.531250,0.412500,0.000000e+00,-1.200000e+01
0.537500,0.412500,0.000000e+00,-1.200000e+01
0.543750,0.412500,0.000000e+00,-1.200000e+01
0.550000,0.412500,0.000000e+00,-1.200000e+01
0.556250,0.412500,0.000000e+00,-1.200000e+01
0.562500,0.412500,0.000000e+00,-1.200000e+01
0.568750,0.412500,0.000000e+00,-1.200000e+01
0.575000,0.412500,0.000000e+00,-1.200000e+01
0.581250,0.412500,0.000000e+00,-1.200000e+01
0.587500,0.412500,0.000000e+00,-1.200000e+01
0.593750,0.412500,0.000000e+00,-1.200000e+01
0.600000,0.412500,0.000000e+00,-1.200000e+01
0.606250,0.412500,0.000000e+00,-1.200000e+01
0.612500,0.412500,0.000000e+00,-1.200000e+01
0.618750,0.412500,0.000000e+00,-1.200000e+01
0.625000,0.412500,0.000000e+00,-1.200000e+01
0.631250,0.412500,0.000000e+00,-1.200000e+01
0.637500,0.412500,0.000000e+00,-1.200000e+01
0.643750,0.412500,0.000000e+00,-1.200000e+01
0.650000,0.412500,0.000000e+00,-1.200000e+01
0.656250,0.412500,0.000000e+00,-1.200000e+01
0.662500,0.412500,0.000000e+00,-1.200000e+01
0.668750,0.412500,0.000000e+00,-1.200000e+01
0.675000,0.412500,0.000000e+00,-1.200000e+01
0.681250,0.412500,0.000000e+00,-1.200000e+01
0.687500,0.412500,0.000000e+00,-1.200000e+01
0.693750,0.412500,0.000000e+00,-1.200000e+01
0.700000,0.412500,0.000000e+00,-1.200000e+01
0.706250,0.412500,0.000000e+00,-1.200000e+01
0.712500,0.412500,0.000000e+00,-1.200000e+01
0.718750,0.412500,0.000000e+00,-1.200000e+01
0.725000,0.412500,0.000000e+00,-1.200000e+01
0.731250,0.412500,0.000000e+00,-1.200000e+01
0.737500,0.412500,0.000000e+00,-1.200000e+01
0.743750,0.412500,0.000000e+00,-1.200000e+01
0.750000,0.412500,0.000000e+00,-1.200000e+01
0.250000,0.418750,2.905206e-02,-1.536823e+00
0.256250,0.418750,2.767220e-02,-1.557956e+00
0.262500,0.418750,2.785062e-02,-1.555165e+00
0.268750,0.418750,2.955748e-02,-1.529333e+00
0.275000,0.418750,3.255182e-02,-1.487425e+00
0.281250,0.418750,3.651704e-02,-1.437504e+00
0.287500,0.418750,4.117252e-02,-1.385393e+00
0.293750,0.418750,4.630961e-02,-1.334329e+00
0.300000,0.418750,5.178437e-02,-1.285801e+00
0.306250,0.418750,5.749972e-02,-1.240334e+00
0.312500,0.418750,6.338999e-02,-1.197979e+00
0.318750,0.418750,7.013238e-02,-1.154081e+00
0.325000,0.418750,7.702253e-02,-1.113382e+00
0.331250,0.418750,8.402478e-02,-1.075593e+00
0.337500,0.418750,9.111395e-02,-1.040415e+00
0.343750,0.418750,9.827186e-02,-1.007571e+00
0.350000,0.418750,1.054851e-01,-9.768088e-01
0.356250,0.418750,1.127437e-01,-9.479077e-01
0.362500,0.418750,1.200400e-01,-9.206742e-01
0.368750,0.418750,1.273680e-01,-8.949398e-01
0.375000,0.418750,1.347231e-01,-8.705580e-01
0.381250,0.418750,1.437587e-01,-8.423657e-01
0.387500,0.418750,1.527297e-01,-8.160765e-01
0.393750,0.418750,1.616441e-01,-7.914402e-01
0.400000,0.418750,1.705102e-01,-7.682497e-01
0.406250,0.418750,1.793363e-01,-7.463317e-01
0.412500,0.418750,1.881311e-01,-7.255394e-01
0.418750,0.418750,1.969031e-01,-7.057474e-01
0.425000,0.418750,2.056611e-01,-6.868479e-01
0.431250,0.418750,2.144138e-01,-6.687472e-01
0.437500,0.418750,2.231702e-01,-6.513638e-01
0.443750,0.418750,2.321195e-01,-6.342883e-01
0.450000,0.418750,2.411030e-01,-6.177974e-01
0.456250,0.418750,2.501239e-01,-6.018448e-01
0.462500,0.418750,2.591855e-01,-5.863893e-01
0.468750,0.418750,2.682912e-01,-5.713936e-01
0.475000,0.418750,2.774444e-01,-5.568241e-01
0.481250,0.418750,2.866484e-01,-5.426504e-01
0.487500,0.418750,2.959069e-01,-5.288449e-01
0.493750,0.418750,3.052232e-01,-5.153825e-01
0.500000,0.418750,0.000000e+00,-1.200000e+01
0.506250,0.418750,0.000000e+00,-1.200000e+01
0.512500,0.418750,0.000000e+00,-1.200000e+01
0.518750,0.418750,0.000000e+00,-1.200000e+01
0.525000,0.418750,0.000000e+00,-1.200000e+01
0.531250,0.418750,0.000000e+00,-1.200000e+01
0.537500,0.418750,0.000000e+00,-1.200000e+01
0.543750,0.418750,0.000000e+00,-1.200000e+01
0.550000,0.418750,0.000000e+00,-1.200000e+01
0.556250,0.418750,0.000000e+00,-1.200000e+01
0.562500,0.418750,0.000000e+00,-1.200000e+01
0.568750,0.418750,0.000000e+00,-1.200000e+01
0.575000,0.418750,0.000000e+00,-1.200000e+01
0.581250,0.418750,0.000000e+00,-1.200000e+01
0.587500,0.418750,0.000000e+00,-1.200000e+01
0.593750,0.418750,0.000000e+00,-1.200000e+01
0.600000,0.418750,0.000000e+00,-1.200000e+01
0.606250,0.418750,0.000000e+00,-1.200000e+01
0.612500,0.418750,0.000000e+00,-1.200000e+01
0.618750,0.418750,0.000000e+00,-1.200000e+01
0.625000,0.418750,0.000000e+00,-1.200000e+01
0.631250,0.418750,0.000000e+00,-1.200000e+01
0.637500,0.418750,0.000000e+00,-1.200000e+01
0.643750,0.418750,0.000000e+00,-1.200000e+01
0.650000,0.418750,0.000000e+00,-1.200000e+01
0.656250,0.418750,0.000000e+00,-1.200000e+01
0.662500,0.418750,0.000000e+00,-1.200000e+01
0.668750,0.418750,0.000000e+00,-1.200000e+01
0.675000,0.418750,0.000000e+00,-1.200000e+01
0.681250,0.418750,0.000000e+00,-1.200000e+01
0.687500,0.418750,0.000000e+00,-1.200000e+01
0.693750,0.418750,0.000000e+00,-1.200000e+01
0.700000,0.418750,0.000000e+00,-1.200000e+01
0.706250,0.418750,0.000000e+00,-1.200000e+01
0.712500,0.418750,0.000000e+00,-1.200000e+01
0.718750,0.418750,0.000000e+00,-1.200000e+01
0.725000,0.418750,0.000000e+00,-1.200000e+01
0.731250,0.418750,0.000000e+00,-1.200000e+01
0.737500,0.418750,0.000000e+00,-1.200000e+01
0.743750,0.418750,0.000000e+00,-1.200000e+01
0.750000,0.418750,0.000000e+00,-1.200000e+01
0.250000,0.425000,2.892485e-02,-1.538729e+00
0.256250,0.425000,2.735410e-02,-1.562978e+00
0.262500,0.425000,2.736293e-02,-1.562837e+00
0.268750,0.425000,2.894814e-02,-1.538379e+00
0.275000,0.425000,3.187385e-02,-1.496566e+00
0.281250,0.425000,3.581165e-02,-1.445976e+00
0.287500,0.425000,4.046599e-02,-1.392910e+00
0.293750,0.425000,4.561705e-02,-1.340873e+00
0.300000,0.425000,5.111400e-02,-1.291460e+00
0.306250,0.425000,5.685583e-02,-1.245225e+00
0.312500,0.425000,6.277470e-02,-1.202215e+00
0.318750,0.425000,6.950077e-02,-1.158010e+00
0.325000,0.425000,7.638052e-02,-1.117017e+00
0.331250,0.425000,8.337714e-02,-1.078953e+00
0.337500,0.425000,9.046472e-02,-1.043521e+00
0.343750,0.425000,9.762462e-02,-1.010441e+00
0.350000,0.425000,1.048432e-01,-9.794599e-01
0.356250,0.425000,1.121101e-01,-9.503551e-01
0.362500,0.425000,1.194178e-01,-9.229308e-01
0.368750,0.425000,1.267603e-01,-8.970168e-01
0.375000,0.425000,1.341328e-01,-8.724649e-01
0.381250,0.425000,1.435370e-01,-8.430361e-01
0.387500,0.425000,1.528629e-01,-8.156979e-01
0.393750,0.425000,1.621200e-01,-7.901633e-01
0.400000,0.425000,1.713181e-01,-7.661968e-01
0.406250,0.425000,1.804669e-01,-7.436026e-01
0.412500,0.425000,1.895764e-01,-7.222158e-01
0.418750,0.425000,1.986569e-01,-7.018964e-01
0.425000,0.425000,2.077186e-01,-6.825247e-01
0.431250,0.425000,2.167719e-01,-6.639970e-01
0.437500,0.425000,2.258274e-01,-6.462233e-01
0.443750,0.425000,2.349494e-01,-6.290257e-01
0.450000,0.425000,2.441108e-01,-6.124130e-01
0.456250,0.425000,2.533146e-01,-5.963397e-01
0.462500,0.425000,2.625640e-01,-5.807648e-01
0.468750,0.425000,2.718623e-01,-5.656511e-01
0.475000,0.425000,2.812126e-01,-5.509653e-01
0.481250,0.425000,2.906183e-01,-5.366771e-01
0.487500,0.425000,3.000827e-01,-5.227590e-01
0.493750,0.425000,3.096093e-01,-5.091861e-01
0.500000,0.425000,0.000000e+00,-1.200000e+01
0.506250,0.425000,0.000000e+00,-1.200000e+01
0.512500,0.425000,0.000000e+00,-1.200000e+01
0.518750,0.425000,0.000000e+00,-1.200000e+01
0.525000,0.425000,0.000000e+00,-1.200000e+01
0.531250,0.425000,0.000000e+00,-1.200000e+01
0.537500,0.425000,0.000000e+00,-1.200000e+01
0.543750,0.425000,0.000000e+00,-1.200000e+01
0.550000,0.425000,0.000000e+00,-1.200000e+01
0.556250,0.425000,0.000000e+00,-1.200000e+01
0.562500,0.425000,0.000000e+00,-1.200000e+01
0.568750,0.425000,0.000000e+00,-1.200000e+01
0.575000,0.425000,0.000000e+00,-1.200000e+01
0.581250,0.425000,0.000000e+00,-1.200000e+01
0.587500,0.425000,0.000000e+00,-1.200000e+01
0.593750,0.425000,0.000000e+00,-1.200000e+01
0.600000,0.425000,0.000000e+00,-1.200000e+01
0.606250,0.425000,0.000000e+00,-1.200000e+01
0.612500,0.425000,0.000000e+00,-1.200000e+01
0.618750,0.425000,0.000000e+00,-1.200000e+01
0.625000,0.425000,0.000000e+00,-1.200000e+01
0.631250,0.425000,0.000000e+00,-1.200000e+01
0.637500,0.425000,0.000000e+00,-1.200000e+01
0.643750,0.425000,0.000000e+00,-1.200000e+01
0.650000,0.425000,0.000000e+00,-1.200000e+01
0.656250,0.425000,0.000000e+00,-1.200000e+01
0.662500,0.425000,0.000000e+00,-1.200000e+01
0.668750,0.425000,0.000000e+00,-1.200000e+01
0.675000,0.425000,0.000000e+00,-1.200000e+01
0.681250,0.425000,0.000000e+00,-1.200000e+01
0.687500,0.425000,0.000000e+00,-1.200000e+01
0.693750,0.425000,0.000000e+00,-1.200000e+01
0.700000,0.425000,0.000000e+00,-1.200000e+01
0.706250,0.425000,0.000000e+00,-1.200000e+01
0.712500,0.425000,0.000000e+00,-1.200000e+01
0.718750,0.425000,0.000000e+00,-1.200000e+01
0.725000,0.425000,0.000000e+00,-1.200000e+01
0.731250,0.425000,0.000000e+00,-1.200000e+01
0.737500,0.425000,0.000000e+00,-1.200000e+01
0.743750,0.425000,0.000000e+00,-1.200000e+01
0.750000,0.425000,0.000000e+00,-1.200000e+01
0.250000,0.431250,2.885989e-02,-1.539705e+00
0.256250,0.431250,2.708352e-02,-1.567295e+00
0.262500,0.431250,2.690251e-02,-1.570207e+00
0.268750,0.431250,2.834552e-02,-1.547516e+00
0.275000,0.431250,3.118625e-02,-1.506037e+00
0.281250,0.431250,3.508535e-02,-1.454874e+00
0.287500,0.431250,3.973117e-02,-1.400869e+00
0.293750,0.431250,4.489138e-02,-1.347837e+00
0.300000,0.431250,5.040730e-02,-1.297507e+00
0.306250,0.431250,5.617340e-02,-1.250469e+00
0.312500,0.431250,6.211931e-02,-1.206773e+00
0.318750,0.431250,6.881341e-02,-1.162327e+00
0.325000,0.431250,7.566698e-02,-1.121094e+00
0.331250,0.431250,8.264223e-02,-1.082798e+00
0.337500,0.431250,8.971263e-02,-1.047146e+00
0.343750,0.431250,9.685917e-02,-1.013859e+00
0.350000,0.431250,1.040680e-01,-9.826828e-01
0.356250,0.431250,1.113288e-01,-9.533925e-01
0.362500,0.431250,1.186338e-01,-9.257916e-01
0.368750,0.431250,1.259771e-01,-8.997085e-01
0.375000,0.431250,1.333541e-01,-8.749937e-01
0.381250,0.431250,1.431607e-01,-8.441761e-01
0.387500,0.431250,1.528755e-01,-8.156622e-01
0.393750,0.431250,1.625092e-01,-7.891222e-01
0.400000,0.431250,1.720729e-01,-7.642876e-01
0.406250,0.431250,1.815780e-01,-7.409368e-01
0.412500,0.431250,1.910361e-01,-7.188846e-01
0.418750,0.431250,2.004588e-01,-6.979748e-01
0.425000,0.431250,2.098582e-01,-6.780740e-01
0.431250,0.431250,2.192463e-01,-6.590677e-01
0.437500,0.431250,2.286353e-01,-6.408567e-01
0.443750,0.431250,2.379318e-01,-6.235475e-01
0.450000,0.431250,2.472731e-01,-6.068231e-01
0.456250,0.431250,2.566621e-01,-5.906382e-01
0.462500,0.431250,2.661018e-01,-5.749523e-01
0.468750,0.431250,2.755950e-01,-5.597286e-01
0.475000,0.431250,2.851451e-01,-5.449341e-01
0.481250,0.431250,2.947552e-01,-5.305386e-01
0.487500,0.431250,3.044284e-01,-5.165149e-01
0.493750,0.431250,3.141681e-01,-5.028380e-01
0.500000,0.431250,0.000000e+00,-1.200000e+01
0.506250,0.431250,0.000000e+00,-1.200000e+01
0.512500,0.431250,0.000000e+00,-1.200000e+01
0.518750,0.431250,0.000000e+00,-1.200000e+01
0.525000,0.431250,0.000000e+00,-1.200000e+01
0.531250,0.431250,0.000000e+00,-1.200000e+01
0.537500,0.431250,0.000000e+00,-1.200000e+01
0.543750,0.431250,0.000000e+00,-1.200000e+01
0.550000,0.431250,0.000000e+00,-1.200000e+01
0.556250,0.431250,0.000000e+00,-1.200000e+01
0.562500,0.431250,0.000000e+00,-1.200000e+01
0.568750,0.431250,0.000000e+00,-1.200000e+01
0.575000,0.431250,0.000000e+00,-1.200000e+01
0.581250,0.431250,0.000000e+00,-1.200000e+01
0.587500,0.431250,0.000000e+00,-1.200000e+01
0.593750,0.431250,0.000000e+00,-1.200000e+01
0.600000,0.431250,0.000000e+00,-1.200000e+01
0.606250,0.431250,0.000000e+00,-1.200000e+01
0.612500,0.431250,0.000000e+00,-1.200000e+01
0.618750,0.431250,0.000000e+00,-1.200000e+01
0.625000,0.431250,0.000000e+00,-1.200000e+01
0.631250,0.431250,0.000000e+00,-1.200000e+01
0.637500,0.431250,0.000000e+00,-1.200000e+01
0.643750,0.431250,0.000000e+00,-1.200000e+01
0.650000,0.431250,0.000000e+00,-1.200000e+01
0.656250,0.431250,0.000000e+00,-1.200000e+01
0.662500,0.431250,0.000000e+00,-1.200000e+01
0.668750,0.431250,0.000000e+00,-1.200000e+01
0.675000,0.431250,0.000000e+00,-1.200000e+01
0.681250,0.431250,0.000000e+00,-1.200000e+01
0.687500,0.431250,0.000000e+00,-1.200000e+01
0.693750,0.431250,0.000000e+00,-1.200000e+01
0.700000,0.431250,0.000000e+00,-1.200000e+01
0.706250,0.431250,0.000000e+00,-1.200000e+01
0.712500,0.431250,0.000000e+00,-1.200000e+01
0.718750,0.431250,0.000000e+00,-1.200000e+01
0.725000,0.431250,0.000000e+00,-1.200000e+01
0.731250,0.431250,0.000000e+00,-1.200000e+01
0.737500,0.431250,0.000000e+00,-1.200000e+01
0.743750,0.431250,0.000000e+00,-1.200000e+01
0.750000,0.431250,0.000000e+00,-1.200000e+01
0.250000,0.437500,2.886237e-02,-1.539668e+00
0.256250,0.437500,2.686694e-02,-1.570782e+00
0.262500,0.437500,2.647577e-02,-1.577151e+00
0.268750,0.437500,2.775470e-02,-1.556663e+00
0.275000,0.437500,3.049248e-02,-1.515807e+00
0.281250,0.437500,3.434036e-02,-1.464195e+00
0.287500,0.437500,3.896952e-02,-1.409275e+00
0.293750,0.437500,4.413360e-02,-1.355231e+00
0.300000,0.437500,4.966498e-02,-1.303950e+00
0.306250,0.437500,5.545297e-02,-1.256075e+00
0.312500,0.437500,6.142426e-02,-1.211660e+00
0.318750,0.437500,6.807086e-02,-1.167039e+00
0.325000,0.437500,7.488262e-02,-1.125619e+00
0.331250,0.437500,8.182092e-02,-1.087136e+00
0.337500,0.437500,8.885875e-02,-1.051300e+00
0.343750,0.437500,9.597683e-02,-1.017834e+00
0.350000,0.437500,1.031612e-01,-9.864837e-01
0.356250,0.437500,1.104015e-01,-9.570252e-01
0.362500,0.437500,1.176900e-01,-9.292606e-01
0.368750,0.437500,1.250208e-01,-9.030176e-01
0.375000,0.437500,1.323897e-01,-8.781460e-01
0.381250,0.437500,1.426320e-01,-8.457829e-01
0.387500,0.437500,1.527688e-01,-8.159653e-01
0.393750,0.437500,1.628122e-01,-7.883130e-01
0.400000,0.437500,1.727749e-01,-7.625193e-01
0.406250,0.437500,1.826697e-01,-7.383334e-01
0.412500,0.437500,1.925098e-01,-7.155471e-01
0.418750,0.437500,2.023086e-01,-6.939857e-01
0.425000,0.437500,2.120795e-01,-6.735013e-01
0.431250,0.437500,2.218365e-01,-6.539670e-01
0.437500,0.437500,2.315934e-01,-6.352739e-01
0.443750,0.437500,2.410663e-01,-6.178636e-01
0.450000,0.437500,2.505897e-01,-6.010368e-01
0.456250,0.437500,2.601662e-01,-5.847492e-01
0.462500,0.437500,2.697985e-01,-5.689605e-01
0.468750,0.437500,2.794894e-01,-5.536347e-01
0.475000,0.437500,2.892419e-01,-5.387388e-01
0.481250,0.437500,2.990591e-01,-5.242430e-01
0.487500,0.437500,3.089439e-01,-5.101203e-01
0.493750,0.437500,3.188996e-01,-4.963460e-01
0.500000,0.437500,0.000000e+00,-1.200000e+01
0.506250,0.437500,0.000000e+00,-1.200000e+01
0.512500,0.437500,0.000000e+00,-1.200000e+01
0.518750,0.437500,0.000000e+00,-1.200000e+01
0.525000,0.437500,0.000000e+00,-1.200000e+01
0.531250,0.437500,0.000000e+00,-1.200000e+01
0.537500,0.437500,0.000000e+00,-1.200000e+01
0.543750,0.437500,0.000000e+00,-1.200000e+01
0.550000,0.437500,0.000000e+00,-1.200000e+01
0.556250,0.437500,0.000000e+00,-1.200000e+01
0.562500,0.437500,0.000000e+00,-1.200000e+01
0.568750,0.437500,0.000000e+00,-1.200000e+01
0.575000,0.437500,0.000000e+00,-1.200000e+01
0.581250,0.437500,0.000000e+00,-1.200000e+01
0.587500,0.437500,0.000000e+00,-1.200000e+01
0.593750,0.437500,0.000000e+00,-1.200000e+01
0.600000,0.437500,0.000000e+00,-1.200000e+01
0.606250,0.437500,0.000000e+00,-1.200000e+01
0.612500,0.437500,0.000000e+00,-1.200000e+01
0.618750,0.437500,0.000000e+00,-1.200000e+01
0.625000,0.437500,0.000000e+00,-1.200000e+01
0.631250,0.437500,0.000000e+00,-1.200000e+01
0.637500,0.437500,0.000000e+00,-1.200000e+01
0.643750,0.437500,0.000000e+00,-1.200000e+01
0.650000,0.437500,0.000000e+00,-1.200000e+01
0.656250,0.437500,0.000000e+00,-1.200000e+01
0.662500,0.437500,0.000000e+00,-1.200000e+01
0.668750,0.437500,0.000000e+00,-1.200000e+01
0.675000,0.437500,0.000000e+00,-1.200000e+01
0.681250,0.437500,0.000000e+00,-1.200000e+01
0.687500,0.437500,0.000000e+00,-1.200000e+01
0.693750,0.437500,0.000000e+00,-1.200000e+01
0.700000,0.437500,0.000000e+00,-1.200000e+01
0.706250,0.437500,0.000000e+00,-1.200000e+01
0.712500,0.437500,0.000000e+00,-1.200000e+01
0.718750,0.437500,0.000000e+00,-1.200000e+01
0.725000,0.437500,0.000000e+00,-1.200000e+01
0.731250,0.437500,0.000000e+00,-1.200000e+01
0.737500,0.437500,0.000000e+00,-1.200000e+01
0.743750,0.437500,0.000000e+00,-1.200000e+01
0.750000,0.437500,0.000000e+00,-1.200000e+01
0.250000,0.443750,2.864773e-02,-1.542910e+00
0.256250,0.443750,2.634352e-02,-1.579326e+00
0.262500,0.443750,2.567219e-02,-1.590537e+00
0.268750,0.443750,2.675744e-02,-1.572555e+00
0.275000,0.443750,2.940590e-02,-1.531566e+00
0.281250,0.443750,3.324647e-02,-1.478254e+00
0.287500,0.443750,3.791901e-02,-1.421143e+00
0.293750,0.443750,4.315444e-02,-1.364974e+00
0.300000,0.443750,4.877212e-02,-1.311828e+00
0.306250,0.443750,5.465455e-02,-1.262374e+00
0.312500,0.443750,6.072509e-02,-1.216632e+00
0.318750,0.443750,6.739673e-02,-1.171361e+00
0.325000,0.443750,7.420880e-02,-1.129545e+00
0.331250,0.443750,8.112781e-02,-1.090830e+00
0.337500,0.443750,8.813035e-02,-1.054874e+00
0.343750,0.443750,9.519974e-02,-1.021364e+00
0.350000,0.443750,1.023238e-01,-9.900234e-01
0.356250,0.443750,1.094934e-01,-9.606120e-01
0.362500,0.443750,1.167019e-01,-9.329223e-01
0.368750,0.443750,1.239438e-01,-9.067751e-01
0.375000,0.443750,1.312153e-01,-8.820155e-01
0.381250,0.443750,1.417644e-01,-8.484327e-01
0.387500,0.443750,1.522685e-01,-8.173899e-01
0.393750,0.443750,1.627309e-01,-7.885299e-01
0.400000,0.443750,1.731555e-01,-7.615636e-01
0.406250,0.443750,1.835463e-01,-7.362543e-01
0.412500,0.443750,1.939074e-01,-7.124055e-01
0.418750,0.443750,2.042432e-01,-6.898524e-01
0.425000,0.443750,2.145580e-01,-6.684553e-01
0.431250,0.443750,2.248564e-01,-6.480948e-01
0.437500,0.443750,2.351429e-01,-6.286682e-01
0.443750,0.443750,2.451932e-01,-6.104916e-01
0.450000,0.443750,2.551638e-01,-5.931810e-01
0.456250,0.443750,2.650821e-01,-5.766195e-01
0.462500,0.443750,2.749776e-01,-5.607027e-01
0.468750,0.443750,2.848811e-01,-5.453363e-01
0.475000,0.443750,2.948250e-01,-5.304357e-01
0.481250,0.443750,3.048425e-01,-5.159244e-01
0.487500,0.443750,3.149681e-01,-5.017335e-01
0.493750,0.443750,3.252364e-01,-4.878008e-01
0.500000,0.443750,0.000000e+00,-1.200000e+01
0.506250,0.443750,0.000000e+00,-1.200000e+01
0.512500,0.443750,0.000000e+00,-1.200000e+01
0.518750,0.443750,0.000000e+00,-1.200000e+01
0.525000,0.443750,0.000000e+00,-1.200000e+01
0.531250,0.443750,0.000000e+00,-1.200000e+01
0.537500,0.443750,0.000000e+00,-1.200000e+01
0.543750,0.443750,0.000000e+00,-1.200000e+01
0.550000,0.443750,0.000000e+00,-1.200000e+01
0.556250,0.443750,0.000000e+00,-1.200000e+01
0.562500,0.443750,0.000000e+00,-1.200000e+01
0.568750,0.443750,0.000000e+00,-1.200000e+01
0.575000,0.443750,0.000000e+00,-1.200000e+01
0.581250,0.443750,0.000000e+00,-1.200000e+01
0.587500,0.443750,0.000000e+00,-1.200000e+01
0.593750,0.443750,0.000000e+00,-1.200000e+01
0.600000,0.443750,0.000000e+00,-1.200000e+01
0.606250,0.443750,0.000000e+00,-1.200000e+01
0.612500,0.443750,0.000000e+00,-1.200000e+01
0.618750,0.443750,0.000000e+00,-1.200000e+01
0.625000,0.443750,0.000000e+00,-1.200000e+01
0.631250,0.443750,0.000000e+00,-1.200000e+01
0.637500,0.443750,0.000000e+00,-1.200000e+01
0.643750,0.443750,0.000000e+00,-1.200000e+01
0.650000,0.443750,0.000000e+00,-1.200000e+01
0.656250,0.443750,0.000000e+00,-1.200000e+01
0.662500,0.443750,0.000000e+00,-1.200000e+01
0.668750,0.443750,0.000000e+00,-1.200000e+01
0.675000,0.443750,0.000000e+00,-1.200000e+01
0.681250,0.443750,0.000000e+00,-1.200000e+01
0.687500,0.443750,0.000000e+00,-1.200000e+01
0.693750,0.443750,0.000000e+00,-1.200000e+01
0.700000,0.443750,0.000000e+00,-1.200000e+01
0.706250,0.443750,0.000000e+00,-1.200000e+01
0.712500,0.443750,0.000000e+00,-1.200000e+01
0.718750,0.443750,0.000000e+00,-1.200000e+01
0.725000,0.443750,0.000000e+00,-1.200000e+01
0.731250,0.443750,0.000000e+00,-1.200000e+01
0.737500,0.443750,0.000000e+00,-1.200000e+01
0.743750,0.443750,0.000000e+00,-1.200000e+01
0.750000,0.443750,0.000000e+00,-1.200000e+01
0.250000,0.450000,2.848215e-02,-1.545427e+00
0.256250,0.450000,2.588057e-02,-1.587026e+00
0.262500,0.450000,2.491742e-02,-1.603497e+00
0.268750,0.450000,2.578039e-02,-1.588710e+00
0.275000,0.450000,2.830611e-02,-1.548120e+00
0.281250,0.450000,3.210738e-02,-1.493395e+00
0.287500,0.450000,3.679352e-02,-1.434229e+00
0.293750,0.450000,4.207218e-02,-1.376005e+00
0.300000,0.450000,4.774934e-02,-1.321033e+00
0.306250,0.450000,5.370067e-02,-1.270020e+00
0.312500,0.450000,5.984618e-02,-1.222964e+00
0.318750,0.450000,6.656763e-02,-1.176737e+00
0.325000,0.450000,7.340708e-02,-1.134262e+00
0.331250,0.450000,8.033508e-02,-1.095095e+00
0.337500,0.450000,8.733119e-02,-1.058831e+00
0.343750,0.450000,9.438086e-02,-1.025116e+00
0.350000,0.450000,1.014735e-01,-9.936475e-01
0.356250,0.450000,1.086012e-01,-9.641655e-01
0.362500,0.450000,1.157579e-01,-9.364492e-01
0.368750,0.450000,1.229392e-01,-9.103096e-01
0.375000,0.450000,1.301414e-01,-8.855846e-01
0.381250,0.450000,1.408274e-01,-8.513129e-01
0.387500,0.450000,1.515299e-01,-8.195017e-01
0.393750,0.450000,1.622437e-01,-7.898320e-01
0.400000,0.450000,1.729651e-01,-7.620414e-01
0.406250,0.450000,1.836913e-01,-7.359115e-01
0.412500,0.450000,1.944201e-01,-7.112589e-01
0.418750,0.450000,2.051500e-01,-6.879285e-01
0.425000,0.450000,2.158799e-01,-6.657879e-01
0.431250,0.450000,2.266089e-01,-6.447231e-01
0.437500,0.450000,2.373364e-01,-6.246356e-01
0.443750,0.450000,2.485445e-01,-6.045959e-01
0.450000,0.450000,2.595131e-01,-5.858407e-01
0.456250,0.450000,2.702895e-01,-5.681709e-01
0.462500,0.450000,2.809295e-01,-5.514026e-01
0.468750,0.450000,2.914969e-01,-5.353660e-01
0.475000,0.450000,3.020617e-01,-5.199043e-01
0.481250,0.450000,3.126993e-01,-5.048731e-01
0.487500,0.450000,3.234895e-01,-4.901398e-01
0.493750,0.450000,3.345159e-01,-4.755833e-01
0.500000,0.450000,0.000000e+00,-1.200000e+01
0.506250,0.450000,0.000000e+00,-1.200000e+01
0.512500,0.450000,0.000000e+00,-1.200000e+01
0.518750,0.450000,0.000000e+00,-1.200000e+01
0.525000,0.450000,0.000000e+00,-1.200000e+01
0.531250,0.450000,0.000000e+00,-1.200000e+01
0.537500,0.450000,0.000000e+00,-1.200000e+01
0.543750,0.450000,0.000000e+00,-1.200000e+01
0.550000,0.450000,0.000000e+00,-1.200000e+01
0.556250,0.450000,0.000000e+00,-1.200000e+01
0.562500,0.450000,0.000000e+00,-1.200000e+01
0.568750,0.450000,0.000000e+00,-1.200000e+01
0.575000,0.450000,0.000000e+00,-1.200000e+01
0.581250,0.450000,0.000000e+00,-1.200000e+01
0.587500,0.450000,0.000000e+00,-1.200000e+01
0.593750,0.450000,0.000000e+00,-1.200000e+01
0.600000,0.450000,0.000000e+00,-1.200000e+01
0.606250,0.450000,0.000000e+00,-1.200000e+01
0.612500,0.450000,0.000000e+00,-1.200000e+01
0.618750,0.450000,0.000000e+00,-1.200000e+01
0.625000,0.450000,0.000000e+00,-1.200000e+01
0.631250,0.450000,0.000000e+00,-1.200000e+01
0.637500,0.450000,0.000000e+00,-1.200000e+01
0.643750,0.450000,0.000000e+00,-1.200000e+01
0.650000,0.450000,0.000000e+00,-1.200000e+01
0.656250,0.450000,0.000000e+00,-1.200000e+01
0.662500,0.450000,0.000000e+00,-1.200000e+01
0.668750,0.450000,0.000000e+00,-1.200000e+01
0.675000,0.450000,0.000000e+00,-1.200000e+01
0.681250,0.450000,0.000000e+00,-1.200000e+01
0.687500,0.450000,0.000000e+00,-1.200000e+01
0.693750,0.450000,0.000000e+00,-1.200000e+01
0.700000,0.450000,0.000000e+00,-1.200000e+01
0.706250,0.450000,0.000000e+00,-1.200000e+01
0.712500,0.450000,0.000000e+00,-1.200000e+01
0.718750,0.450000,0.000000e+00,-1.200000e+01
0.725000,0.450000,0.000000e+00,-1.200000e+01
0.731250,0.450000,0.000000e+00,-1.200000e+01
0.737500,0.450000,0.000000e+00,-1.200000e+01
0.743750,0.450000,0.000000e+00,-1.200000e+01
0.750000,0.450000,0.000000e+00,-1.200000e+01
0.250000,0.456250,2.836442e-02,-1.547226e+00
0.256250,0.456250,2.548189e-02,-1.593768e+00
0.262500,0.456250,2.421958e-02,-1.615833e+00
0.268750,0.456250,2.483245e-02,-1.604980e+00
0.275000,0.456250,2.720033e-02,-1.565426e+00
0.281250,0.456250,3.092848e-02,-1.509641e+00
0.287500,0.456250,3.559730e-02,-1.448583e+00
0.293750,0.456250,4.089062e-02,-1.388376e+00
0.300000,0.456250,4.660053e-02,-1.331609e+00
0.306250,0.456250,5.259560e-02,-1.279051e+00
0.312500,0.456250,5.879245e-02,-1.230678e+00
0.318750,0.456250,6.558793e-02,-1.183176e+00
0.325000,0.456250,7.248115e-02,-1.139775e+00
0.331250,0.456250,7.944571e-02,-1.099930e+00
0.337500,0.456250,8.646350e-02,-1.063167e+00
0.343750,0.456250,9.352176e-02,-1.029087e+00
0.350000,0.456250,1.006112e-01,-9.973535e-01
0.356250,0.456250,1.077251e-01,-9.676831e-01
0.362500,0.456250,1.148582e-01,-9.398379e-01
0.368750,0.456250,1.220066e-01,-9.136167e-01
0.375000,0.456250,1.291672e-01,-8.888477e-01
0.381250,0.456250,1.398217e-01,-8.544255e-01
0.387500,0.456250,1.505552e-01,-8.223043e-01
0.393750,0.456250,1.613545e-01,-7.922188e-01
0.400000,0.456250,1.722099e-01,-7.639418e-01
0.406250,0.456250,1.831139e-01,-7.372786e-01
0.412500,0.456250,1.940609e-01,-7.120619e-01
0.418750,0.456250,2.050466e-01,-6.881474e-01
0.425000,0.456250,2.160676e-01,-6.654104e-01
0.431250,0.456250,2.271213e-01,-6.437421e-01
0.437500,0.456250,2.382058e-01,-6.230477e-01
0.443750,0.456250,2.511335e-01,-6.000953e-01
0.450000,0.456250,2.636318e-01,-5.790022e-01
0.456250,0.456250,2.757663e-01,-5.594589e-01
0.462500,0.456250,2.876222e-01,-5.411776e-01
0.468750,0.456250,2.993013e-01,-5.238914e-01
0.475000,0.456250,3.109196e-01,-5.073519e-01
0.481250,0.456250,3.226047e-01,-4.913293e-01
0.487500,0.456250,3.344943e-01,-4.756113e-01
0.493750,0.456250,3.467336e-01,-4.600041e-01
0.500000,0.456250,0.000000e+00,-1.200000e+01
0.506250,0.456250,0.000000e+00,-1.200000e+01
0.512500,0.456250,0.000000e+00,-1.200000e+01
0.518750,0.456250,0.000000e+00,-1.200000e+01
0.525000,0.456250,0.000000e+00,-1.200000e+01
0.531250,0.456250,0.000000e+00,-1.200000e+01
0.537500,0.456250,0.000000e+00,-1.200000e+01
0.543750,0.456250,0.000000e+00,-1.200000e+01
0.550000,0.456250,0.000000e+00,-1.200000e+01
0.556250,0.456250,0.000000e+00,-1.200000e+01
0.562500,0.456250,0.000000e+00,-1.200000e+01
0.568750,0.456250,0.000000e+00,-1.200000e+01
0.575000,0.456250,0.000000e+00,-1.200000e+01
0.581250,0.456250,0.000000e+00,-1.200000e+01
0.587500,0.456250,0.000000e+00,-1.200000e+01
0.593750,0.456250,0.000000e+00,-1.200000e+01
0.600000,0.456250,0.000000e+00,-1.200000e+01
0.606250,0.456250,0.000000e+00,-1.200000e+01
0.612500,0.456250,0.000000e+00,-1.200000e+01
0.618750,0.456250,0.000000e+00,-1.200000e+01
0.625000,0.456250,0.000000e+00,-1.200000e+01
0.631250,0.456250,0.000000e+00,-1.200000e+01
0.637500,0.456250,0.000000e+00,-1.200000e+01
0.643750,0.456250,0.000000e+00,-1.200000e+01
0.650000,0.456250,0.000000e+00,-1.200000e+01
0.656250,0.456250,0.000000e+00,-1.200000e+01
0.662500,0.456250,0.000000e+00,-1.200000e+01
0.668750,0.456250,0.000000e+00,-1.200000e+01
0.675000,0.456250,0.000000e+00,-1.200000e+01
0.681250,0.456250,0.000000e+00,-1.200000e+01
0.687500,0.456250,0.000000e+00,-1.200000e+01
0.693750,0.456250,0.000000e+00,-1.200000e+01
0.700000,0.456250,0.000000e+00,-1.200000e+01
0.706250,0.456250,0.000000e+00,-1.200000e+01
0.712500,0.456250,0.000000e+00,-1.200000e+01
0.718750,0.456250,0.000000e+00,-1.200000e+01
0.725000,0.456250,0.000000e+00,-1.200000e+01
0.731250,0.456250,0.000000e+00,-1.200000e+01
0.737500,0.456250,0.000000e+00,-1.200000e+01
0.743750,0.456250,0.000000e+00,-1.200000e+01
0.750000,0.456250,0.000000e+00,-1.200000e+01
0.250000,0.462500,2.829312e-02,-1.548319e+00
0.256250,0.462500,2.515102e-02,-1.599444e+00
0.262500,0.462500,2.358746e-02,-1.627319e+00
0.268750,0.462500,2.392420e-02,-1.621163e+00
0.275000,0.462500,2.609770e-02,-1.583398e+00
0.281250,0.462500,2.971688e-02,-1.526997e+00
0.287500,0.462500,3.433611e-02,-1.464249e+00
0.293750,0.462500,3.961497e-02,-1.402141e+00
0.300000,0.462500,4.533089e-02,-1.343606e+00
0.306250,0.462500,5.134494e-02,-1.289502e+00
0.312500,0.462500,5.757017e-02,-1.239802e+00
0.318750,0.462500,6.446291e-02,-1.190690e+00
0.325000,0.462500,7.143529e-02,-1.146087e+00
0.331250,0.462500,7.846304e-02,-1.105335e+00
0.337500,0.462500,8.552978e-02,-1.067883e+00
0.343750,0.462500,9.262416e-02,-1.033276e+00
0.350000,0.462500,9.973808e-02,-1.001139e+00
0.356250,0.462500,1.068657e-01,-9.711618e-01
0.362500,0.462500,1.140026e-01,-9.430853e-01
0.368750,0.462500,1.211456e-01,-9.166925e-01
0.375000,0.462500,1.282921e-01,-8.918001e-01
0.381250,0.462500,1.387483e-01,-8.577724e-01
0.387500,0.462500,1.493469e-01,-8.258039e-01
0.393750,0.462500,1.600679e-01,-7.956959e-01
0.400000,0.462500,1.708973e-01,-7.672649e-01
0.406250,0.462500,1.818255e-01,-7.403452e-01
0.412500,0.462500,1.928461e-01,-7.147891e-01
0.418750,0.462500,2.039551e-01,-6.904655e-01
0.425000,0.462500,2.151501e-01,-6.672585e-01
0.431250,0.462500,2.264301e-01,-6.450658e-01
0.437500,0.462500,2.377954e-01,-6.237966e-01
0.443750,0.462500,2.529825e-01,-5.969095e-01
0.450000,0.462500,2.675187e-01,-5.726459e-01
0.456250,0.462500,2.814918e-01,-5.505342e-01
0.462500,0.462500,2.950219e-01,-5.301457e-01
0.468750,0.462500,3.082557e-01,-5.110889e-01
0.475000,0.462500,3.213627e-01,-4.930046e-01
0.481250,0.462500,3.345315e-01,-4.755630e-01
0.487500,0.462500,3.479667e-01,-4.584623e-01
0.493750,0.462500,3.618847e-01,-4.414298e-01
0.500000,0.462500,0.000000e+00,-1.200000e+01
0.506250,0.462500,0.000000e+00,-1.200000e+01
0.512500,0.462500,0.000000e+00,-1.200000e+01
0.518750,0.462500,0.000000e+00,-1.200000e+01
0.525000,0.462500,0.000000e+00,-1.200000e+01
0.531250,0.462500,0.000000e+00,-1.200000e+01
0.537500,0.462500,0.000000e+00,-1.200000e+01
0.543750,0.462500,0.000000e+00,-1.200000e+01
0.550000,0.462500,0.000000e+00,-1.200000e+01
0.556250,0.462500,0.000000e+00,-1.200000e+01
0.562500,0.462500,0.000000e+00,-1.200000e+01
0.568750,0.462500,0.000000e+00,-1.200000e+01
0.575000,0.462500,0.000000e+00,-1.200000e+01
0.581250,0.462500,0.000000e+00,-1.200000e+01
0.587500,0.462500,0.000000e+00,-1.200000e+01
0.593750,0.462500,0.000000e+00,-1.200000e+01
0.600000,0.462500,0.000000e+00,-1.200000e+01
0.606250,0.462500,0.000000e+00,-1.200000e+01
0.612500,0.462500,0.000000e+00,-1.200000e+01
0.618750,0.462500,0.000000e+00,-1.200000e+01
0.625000,0.462500,0.000000e+00,-1.200000e+01
0.631250,0.462500,0.000000e+00,-1.200000e+01
0.637500,0.462500,0.000000e+00,-1.200000e+01
0.643750,0.462500,0.000000e+00,-1.200000e+01
0.650000,0.462500,0.000000e+00,-1.200000e+01
0.656250,0.462500,0.000000e+00,-1.200000e+01
0.662500,0.462500,0.000000e+00,-1.200000e+01
0.668750,0.462500,0.000000e+00,-1.200000e+01
0.675000,0.462500,0.000000e+00,-1.200000e+01
0.681250,0.462500,0.000000e+00,-1.200000e+01
0.687500,0.462500,0.000000e+00,-1.200000e+01
0.693750,0.462500,0.000000e+00,-1.200000e+01
0.700000,0.462500,0.000000e+00,-1.200000e+01
0.706250,0.462500,0.000000e+00,-1.200000e+01
0.712500,0.462500,0.000000e+00,-1.200000e+01
0.718750,0.462500,0.000000e+00,-1.200000e+01
0.725000,0.462500,0.000000e+00,-1.200000e+01
0.731250,0.462500,0.000000e+00,-1.200000e+01
0.737500,0.462500,0.000000e+00,-1.200000e+01
0.743750,0.462500,0.000000e+00,-1.200000e+01
0.750000,0.462500,0.000000e+00,-1.200000e+01
0.250000,0.468750,2.826660e-02,-1.548726e+00
0.256250,0.468750,2.489115e-02,-1.603955e+00
0.262500,0.468750,2.303040e-02,-1.637699e+00
0.268750,0.468750,2.306806e-02,-1.636989e+00
0.275000,0.468750,2.500969e-02,-1.601892e+00
0.281250,0.468750,2.848188e-02,-1.545431e+00
0.287500,0.468750,3.301769e-02,-1.481253e+00
0.293750,0.468750,3.825221e-02,-1.417344e+00
0.300000,0.468750,4.394733e-02,-1.357068e+00
0.306250,0.468750,4.995598e-02,-1.301413e+00
0.312500,0.468750,5.618730e-02,-1.250362e+00
0.318750,0.468750,6.319894e-02,-1.199290e+00
0.325000,0.468750,7.027455e-02,-1.153202e+00
0.331250,0.468750,7.739093e-02,-1.111310e+00
0.337500,0.468750,8.453282e-02,-1.072975e+00
0.343750,0.468750,9.168992e-02,-1.037678e+00
0.350000,0.468750,9.885509e-02,-1.005001e+00
0.356250,0.468750,1.060233e-01,-9.745986e-01
0.362500,0.468750,1.131910e-01,-9.461881e-01
0.368750,0.468750,1.203556e-01,-9.195337e-01
0.375000,0.468750,1.275153e-01,-8.944377e-01
0.381250,0.468750,1.376082e-01,-8.613556e-01
0.387500,0.468750,1.479078e-01,-8.300090e-01
0.393750,0.468750,1.583890e-01,-8.002750e-01
0.400000,0.468750,1.690360e-01,-7.720209e-01
0.406250,0.468750,1.798395e-01,-7.451149e-01
0.412500,0.468750,1.907954e-01,-7.194321e-01
0.418750,0.468750,2.019029e-01,-6.948575e-01
0.425000,0.468750,2.131641e-01,-6.712860e-01
0.431250,0.468750,2.245829e-01,-6.486233e-01
0.437500,0.468750,2.361650e-01,-6.267845e-01
0.443750,0.468750,2.541225e-01,-5.949568e-01
0.450000,0.468750,2.711769e-01,-5.667473e-01
0.456250,0.468750,2.874466e-01,-5.414428e-01
0.462500,0.468750,3.030947e-01,-5.184217e-01
0.468750,0.468750,3.183203e-01,-4.971357e-01
0.475000,0.468750,3.333537e-01,-4.770947e-01
0.481250,0.468750,3.484513e-01,-4.578579e-01
0.487500,0.468750,3.638906e-01,-4.390292e-01
0.493750,0.468750,3.799642e-01,-4.202573e-01
0.500000,0.468750,0.000000e+00,-1.200000e+01
0.506250,0.468750,0.000000e+00,-1.200000e+01
0.512500,0.468750,0.000000e+00,-1.200000e+01
0.518750,0.468750,0.000000e+00,-1.200000e+01
0.525000,0.468750,0.000000e+00,-1.200000e+01
0.531250,0.468750,0.000000e+00,-1.200000e+01
0.537500,0.468750,0.000000e+00,-1.200000e+01
0.543750,0.468750,0.000000e+00,-1.200000e+01
0.550000,0.468750,0.000000e+00,-1.200000e+01
0.556250,0.468750,0.000000e+00,-1.200000e+01
0.562500,0.468750,0.000000e+00,-1.200000e+01
0.568750,0.468750,0.000000e+00,-1.200000e+01
0.575000,0.468750,0.000000e+00,-1.200000e+01
0.581250,0.468750,0.000000e+00,-1.200000e+01
0.587500,0.468750,0.000000e+00,-1.200000e+01
0.593750,0.468750,0.000000e+00,-1.200000e+01
0.600000,0.468750,0.000000e+00,-1.200000e+01
0.606250,0.468750,0.000000e+00,-1.200000e+01
0.612500,0.468750,0.000000e+00,-1.200000e+01
0.618750,0.468750,0.000000e+00,-1.200000e+01
0.625000,0.468750,0.000000e+00,-1.200000e+01
0.631250,0.468750,0.000000e+00,-1.200000e+01
0.637500,0.468750,0.000000e+00,-1.200000e+01
0.643750,0.468750,0.000000e+00,-1.200000e+01
0.650000,0.468750,0.000000e+00,-1.200000e+01
0.656250,0.468750,0.000000e+00,-1.200000e+01
0.662500,0.468750,0.000000e+00,-1.200000e+01
0.668750,0.468750,0.000000e+00,-1.200000e+01
0.675000,0.468750,0.000000e+00,-1.200000e+01
0.681250,0.468750,0.000000e+00,-1.200000e+01
0.687500,0.468750,0.000000e+00,-1.200000e+01
0.693750,0.468750,0.000000e+00,-1.200000e+01
0.700000,0.468750,0.000000e+00,-1.200000e+01
0.706250,0.468750,0.000000e+00,-1.200000e+01
0.712500,0.468750,0.000000e+00,-1.200000e+01
0.718750,0.468750,0.000000e+00,-1.200000e+01
0.725000,0.468750,0.000000e+00,-1.200000e+01
0.731250,0.468750,0.000000e+00,-1.200000e+01
0.737500,0.468750,0.000000e+00,-1.200000e+01
0.743750,0.468750,0.000000e+00,-1.200000e+01
0.750000,0.468750,0.000000e+00,-1.200000e+01
0.250000,0.475000,2.828304e-02,-1.548474e+00
0.256250,0.475000,2.470503e-02,-1.607215e+00
0.262500,0.475000,2.255809e-02,-1.646698e+00
0.268750,0.475000,2.227844e-02,-1.652115e+00
0.275000,0.475000,2.395057e-02,-1.620684e+00
0.281250,0.475000,2.723552e-02,-1.564864e+00
0.287500,0.475000,3.165219e-02,-1.499596e+00
0.293750,0.475000,3.681155e-02,-1.434016e+00
0.300000,0.475000,4.245885e-02,-1.372032e+00
0.306250,0.475000,4.843804e-02,-1.314813e+00
0.312500,0.475000,5.465388e-02,-1.262379e+00
0.318750,0.475000,6.180377e-02,-1.208985e+00
0.325000,0.475000,6.900481e-02,-1.161121e+00
0.331250,0.475000,7.623372e-02,-1.117853e+00
0.337500,0.475000,8.347570e-02,-1.078440e+00
0.343750,0.475000,9.072107e-02,-1.042292e+00
0.350000,0.475000,9.796341e-02,-1.008936e+00
0.356250,0.475000,1.051984e-01,-9.779907e-01
0.362500,0.475000,1.124233e-01,-9.491435e-01
0.368750,0.475000,1.196362e-01,-9.221373e-01
0.375000,0.475000,1.268360e-01,-8.967574e-01
0.381250,0.475000,1.364026e-01,-8.651774e-01
0.387500,0.475000,1.462412e-01,-8.349302e-01
0.393750,0.475000,1.563242e-01,-8.059738e-01
0.400000,0.475000,1.666365e-01,-7.782297e-01
0.406250,0.475000,1.771725e-01,-7.516037e-01
0.412500,0.475000,1.879331e-01,-7.259967e-01
0.418750,0.475000,1.989245e-01,-7.013118e-01
0.425000,0.475000,2.101563e-01,-6.774576e-01
0.431250,0.475000,2.216409e-01,-6.543501e-01
0.437500,0.475000,2.333926e-01,-6.319129e-01
0.443750,0.475000,2.545944e-01,-5.941512e-01
0.450000,0.475000,2.746136e-01,-5.612779e-01
0.456250,0.475000,2.936125e-01,-5.322255e-01
0.462500,0.475000,3.118065e-01,-5.061148e-01
0.468750,0.475000,3.294554e-01,-4.822033e-01
0.475000,0.475000,3.468561e-01,-4.598507e-01
0.481250,0.475000,3.643368e-01,-4.384970e-01
0.487500,0.475000,3.822505e-01,-4.176519e-01
0.493750,0.475000,4.009674e-01,-3.968909e-01
0.500000,0.475000,0.000000e+00,-1.200000e+01
0.506250,0.475000,0.000000e+00,-1.200000e+01
0.512500,0.475000,0.000000e+00,-1.200000e+01
0.518750,0.475000,0.000000e+00,-1.200000e+01
0.525000,0.475000,0.000000e+00,-1.200000e+01
0.531250,0.475000,0.000000e+00,-1.200000e+01
0.537500,0.475000,0.000000e+00,-1.200000e+01
0.543750,0.475000,0.000000e+00,-1.200000e+01
0.550000,0.475000,0.000000e+00,-1.200000e+01
0.556250,0.475000,0.000000e+00,-1.200000e+01
0.562500,0.475000,0.000000e+00,-1.200000e+01
0.568750,0.475000,0.000000e+00,-1.200000e+01
0.575000,0.475000,0.000000e+00,-1.200000e+01
0.581250,0.475000,0.000000e+00,-1.200000e+01
0.587500,0.475000,0.000000e+00,-1.200000e+01
0.593750,0.475000,0.000000e+00,-1.200000e+01
0.600000,0.475000,0.000000e+00,-1.200000e+01
0.606250,0.475000,0.000000e+00,-1.200000e+01
0.612500,0.475000,0.000000e+00,-1.200000e+01
0.618750,0.475000,0.000000e+00,-1.200000e+01
0.625000,0.475000,0.000000e+00,-1.200000e+01
0.631250,0.475000,0.000000e+00,-1.200000e+01
0.637500,0.475000,0.000000e+00,-1.200000e+01
0.643750,0.475000,0.000000e+00,-1.200000e+01
0.650000,0.475000,0.000000e+00,-1.200000e+01
0.656250,0.475000,0.000000e+00,-1.200000e+01
0.662500,0.475000,0.000000e+00,-1.200000e+01
0.668750,0.475000,0.000000e+00,-1.200000e+01
0.675000,0.475000,0.000000e+00,-1.200000e+01
0.681250,0.475000,0.000000e+00,-1.200000e+01
0.687500,0.475000,0.000000e+00,-1.200000e+01
0.693750,0.475000,0.000000e+00,-1.200000e+01
0.700000,0.475000,0.000000e+00,-1.200000e+01
0.706250,0.475000,0.000000e+00,-1.200000e+01
0.712500,0.475000,0.000000e+00,-1.200000e+01
0.718750,0.475000,0.000000e+00,-1.200000e+01
0.725000,0.475000,0.000000e+00,-1.200000e+01
0.731250,0.475000,0.000000e+00,-1.200000e+01
0.737500,0.475000,0.000000e+00,-1.200000e+01
0.743750,0.475000,0.000000e+00,-1.200000e+01
0.750000,0.475000,0.000000e+00,-1.200000e+01
0.250000,0.481250,2.834047e-02,-1.547593e+00
0.256250,0.481250,2.459483e-02,-1.609156e+00
0.262500,0.481250,2.218027e-02,-1.654033e+00
0.268750,0.481250,2.157173e-02,-1.666115e+00
0.275000,0.481250,2.293796e-02,-1.639445e+00
0.281250,0.481250,2.599332e-02,-1.585138e+00
0.287500,0.481250,3.025297e-02,-1.519232e+00
0.293750,0.481250,3.530509e-02,-1.452163e+00
0.300000,0.481250,4.087718e-02,-1.388519e+00
0.306250,0.481250,4.680313e-02,-1.329725e+00
0.312500,0.481250,5.298264e-02,-1.275866e+00
0.318750,0.481250,6.028678e-02,-1.219778e+00
0.325000,0.481250,6.763300e-02,-1.169841e+00
0.331250,0.481250,7.499644e-02,-1.124959e+00
0.337500,0.481250,8.236189e-02,-1.084274e+00
0.343750,0.481250,8.971983e-02,-1.047112e+00
0.350000,0.481250,9.706428e-02,-1.012941e+00
0.356250,0.481250,1.043915e-01,-9.813347e-01
0.362500,0.481250,1.116994e-01,-9.519490e-01
0.368750,0.481250,1.189869e-01,-9.245009e-01
0.375000,0.481250,1.262535e-01,-8.987567e-01
0.381250,0.481250,1.351325e-01,-8.692400e-01
0.387500,0.481250,1.443508e-01,-8.405807e-01
0.393750,0.481250,1.538809e-01,-8.128152e-01
0.400000,0.481250,1.637118e-01,-7.859199e-01
0.406250,0.481250,1.738447e-01,-7.598385e-01
0.412500,0.481250,1.842897e-01,-7.344990e-01
0.418750,0.481250,1.950631e-01,-7.098248e-01
0.425000,0.481250,2.061862e-01,-6.857404e-01
0.431250,0.481250,2.176829e-01,-6.621757e-01
0.437500,0.481250,2.295793e-01,-6.390672e-01
0.443750,0.481250,2.544494e-01,-5.943987e-01
0.450000,0.481250,2.778400e-01,-5.562052e-01
0.456250,0.481250,2.999723e-01,-5.229189e-01
0.462500,0.481250,3.211246e-01,-4.933265e-01
0.468750,0.481250,3.416232e-01,-4.664527e-01
0.475000,0.481250,3.618353e-01,-4.414890e-01
0.481250,0.481250,3.821625e-01,-4.177519e-01
0.487500,0.481250,4.030326e-01,-3.946598e-01
0.493750,0.481250,4.248902e-01,-3.717232e-01
0.500000,0.481250,0.000000e+00,-1.200000e+01
0.506250,0.481250,0.000000e+00,-1.200000e+01
0.512500,0.481250,0.000000e+00,-1.200000e+01
0.518750,0.481250,0.000000e+00,-1.200000e+01
0.525000,0.481250,0.000000e+00,-1.200000e+01
0.531250,0.481250,0.000000e+00,-1.200000e+01
0.537500,0.481250,0.000000e+00,-1.200000e+01
0.543750,0.481250,0.000000e+00,-1.200000e+01
0.550000,0.481250,0.000000e+00,-1.200000e+01
0.556250,0.481250,0.000000e+00,-1.200000e+01
0.562500,0.481250,0.000000e+00,-1.200000e+01
0.568750,0.481250,0.000000e+00,-1.200000e+01
0.575000,0.481250,0.000000e+00,-1.200000e+01
0.581250,0.481250,0.000000e+00,-1.200000e+01
0.587500,0.481250,0.000000e+00,-1.200000e+01
0.593750,0.481250,0.000000e+00,-1.200000e+01
0.600000,0.481250,0.000000e+00,-1.200000e+01
0.606250,0.481250,0.000000e+00,-1.200000e+01
0.612500,0.481250,0.000000e+00,-1.200000e+01
0.618750,0.481250,0.000000e+00,-1.200000e+01
0.625000,0.481250,0.000000e+00,-1.200000e+01
0.631250,0.481250,0.000000e+00,-1.200000e+01
0.637500,0.481250,0.000000e+00,-1.200000e+01
0.643750,0.481250,0.000000e+00,-1.200000e+01
0.650000,0.481250,0.000000e+00,-1.200000e+01
0.656250,0.481250,0.000000e+00,-1.200000e+01
0.662500,0.481250,0.000000e+00,-1.200000e+01
0.668750,0.481250,0.000000e+00,-1.200000e+01
0.675000,0.481250,0.000000e+00,-1.200000e+01
0.681250,0.481250,0.000000e+00,-1.200000e+01
0.687500,0.481250,0.000000e+00,-1.200000e+01
0.693750,0.481250,0.000000e+00,-1.200000e+01
0.700000,0.481250,0.000000e+00,-1.200000e+01
0.706250,0.481250,0.000000e+00,-1.200000e+01
0.712500,0.481250,0.000000e+00,-1.200000e+01
0.718750,0.481250,0.000000e+00,-1.200000e+01
0.725000,0.481250,0.000000e+00,-1.200000e+01
0.731250,0.481250,0.000000e+00,-1.200000e+01
0.737500,0.481250,0.000000e+00,-1.200000e+01
0.743750,0.481250,0.000000e+00,-1.200000e+01
0.750000,0.481250,0.000000e+00,-1.200000e+01
0.250000,0.487500,2.843679e-02,-1.546119e+00
0.256250,0.487500,2.456210e-02,-1.609734e+00
0.262500,0.487500,2.190629e-02,-1.659431e+00
0.268750,0.487500,2.096603e-02,-1.678484e+00
0.275000,0.487500,2.199332e-02,-1.657709e+00
0.281250,0.487500,2.477518e-02,-1.605983e+00
0.287500,0.487500,2.883746e-02,-1.540043e+00
0.293750,0.487500,3.374868e-02,-1.471743e+00
0.300000,0.487500,3.921757e-02,-1.406519e+00
0.306250,0.487500,4.506665e-02,-1.346145e+00
0.312500,0.487500,5.118971e-02,-1.290817e+00
0.318750,0.487500,5.865946e-02,-1.231662e+00
0.325000,0.487500,6.616729e-02,-1.179357e+00
0.331250,0.487500,7.368481e-02,-1.132622e+00
0.337500,0.487500,8.119526e-02,-1.090469e+00
0.343750,0.487500,8.868863e-02,-1.052132e+00
0.350000,0.487500,9.615900e-02,-1.017010e+00
0.356250,0.487500,1.036030e-01,-9.846275e-01
0.362500,0.487500,1.110192e-01,-9.546020e-01
0.368750,0.487500,1.184069e-01,-9.266228e-01
0.375000,0.487500,1.257668e-01,-9.004340e-01
0.381250,0.487500,1.337994e-01,-8.735457e-01
0.387500,0.487500,1.422410e-01,-8.469751e-01
0.393750,0.487500,1.510680e-01,-8.208275e-01
0.400000,0.487500,1.602774e-01,-7.951277e-01
0.406250,0.487500,1.698814e-01,-7.698542e-01
0.412500,0.487500,1.799032e-01,-7.449610e-01
0.418750,0.487500,1.903740e-01,-7.203923e-01
0.425000,0.487500,2.013299e-01,-6.960917e-01
0.431250,0.487500,2.128102e-01,-6.720076e-01
0.437500,0.487500,2.248556e-01,-6.480962e-01
0.443750,0.487500,2.537503e-01,-5.955935e-01
0.450000,0.487500,2.808707e-01,-5.514935e-01
0.456250,0.487500,3.065103e-01,-5.135550e-01
0.462500,0.487500,3.310173e-01,-4.801493e-01
0.468750,0.487500,3.547879e-01,-4.500312e-01
0.475000,0.487500,3.782599e-01,-4.222097e-01
0.481250,0.487500,4.019061e-01,-3.958754e-01
0.487500,0.487500,4.262250e-01,-3.703611e-01
0.493750,0.487500,4.517292e-01,-3.451218e-01
0.500000,0.487500,0.000000e+00,-1.200000e+01
0.506250,0.487500,0.000000e+00,-1.200000e+01
0.512500,0.487500,0.000000e+00,-1.200000e+01
0.518750,0.487500,0.000000e+00,-1.200000e+01
0.525000,0.487500,0.000000e+00,-1.200000e+01
0.531250,0.487500,0.000000e+00,-1.200000e+01
0.537500,0.487500,0.000000e+00,-1.200000e+01
0.543750,0.487500,0.000000e+00,-1.200000e+01
0.550000,0.487500,0.000000e+00,-1.200000e+01
0.556250,0.487500,0.000000e+00,-1.200000e+01
0.562500,0.487500,0.000000e+00,-1.200000e+01
0.568750,0.487500,0.000000e+00,-1.200000e+01
0.575000,0.487500,0.000000e+00,-1.200000e+01
0.581250,0.487500,0.000000e+00,-1.200000e+01
0.587500,0.487500,0.000000e+00,-1.200000e+01
0.593750,0.487500,0.000000e+00,-1.200000e+01
0.600000,0.487500,0.000000e+00,-1.200000e+01
0.606250,0.487500,0.000000e+00,-1.200000e+01
0.612500,0.487500,0.000000e+00,-1.200000e+01
0.618750,0.487500,0.000000e+00,-1.200000e+01
0.625000,0.487500,0.000000e+00,-1.200000e+01
0.631250,0.487500,0.000000e+00,-1.200000e+01
0.637500,0.487500,0.000000e+00,-1.200000e+01
0.643750,0.487500,0.000000e+00,-1.200000e+01
0.650000,0.487500,0.000000e+00,-1.200000e+01
0.656250,0.487500,0.000000e+00,-1.200000e+01
0.662500,0.487500,0.000000e+00,-1.200000e+01
0.668750,0.487500,0.000000e+00,-1.200000e+01
0.675000,0.487500,0.000000e+00,-1.200000e+01
0.681250,0.487500,0.000000e+00,-1.200000e+01
0.687500,0.487500,0.000000e+00,-1.200000e+01
0.693750,0.487500,0.000000e+00,-1.200000e+01
0.700000,0.487500,0.000000e+00,-1.200000e+01
0.706250,0.487500,0.000000e+00,-1.200000e+01
0.712500,0.487500,0.000000e+00,-1.200000e+01
0.718750,0.487500,0.000000e+00,-1.200000e+01
0.725000,0.487500,0.000000e+00,-1.200000e+01
0.731250,0.487500,0.000000e+00,-1.200000e+01
0.737500,0.487500,0.000000e+00,-1.200000e+01
0.743750,0.487500,0.000000e+00,-1.200000e+01
0.750000,0.487500,0.000000e+00,-1.200000e+01
0.250000,0.493750,2.856981e-02,-1.544093e+00
0.256250,0.493750,2.460765e-02,-1.608930e+00
0.262500,0.493750,2.174470e-02,-1.662647e+00
0.268750,0.493750,2.048069e-02,-1.688656e+00
0.275000,0.493750,2.114225e-02,-1.674849e+00
0.281250,0.493750,2.360636e-02,-1.626971e+00
0.287500,0.493750,2.742837e-02,-1.561800e+00
0.293750,0.493750,3.216304e-02,-1.492643e+00
0.300000,0.493750,3.749985e-02,-1.425970e+00
0.306250,0.493750,4.324848e-02,-1.364029e+00
0.312500,0.493750,4.929566e-02,-1.307191e+00
0.318750,0.493750,5.693582e-02,-1.244614e+00
0.325000,0.493750,6.461737e-02,-1.189651e+00
0.331250,0.493750,7.230543e-02,-1.140829e+00
0.337500,0.493750,7.998015e-02,-1.097018e+00
0.343750,0.493750,8.763011e-02,-1.057347e+00
0.350000,0.493750,9.524895e-02,-1.021140e+00
0.356250,0.493750,1.028334e-01,-9.878658e-01
0.362500,0.493750,1.103823e-01,-9.571005e-01
0.368750,0.493750,1.178958e-01,-9.285016e-01
0.375000,0.493750,1.253751e-01,-9.017886e-01
0.381250,0.493750,1.324047e-01,-8.780967e-01
0.387500,0.493750,1.399167e-01,-8.541304e-01
0.393750,0.493750,1.478961e-01,-8.300433e-01
0.400000,0.493750,1.563525e-01,-8.058953e-01
0.406250,0.493750,1.653141e-01,-7.816902e-01
0.412500,0.493750,1.748224e-01,-7.574030e-01
0.418750,0.493750,1.849276e-01,-7.329982e-01
0.425000,0.493750,1.956854e-01,-7.084416e-01
0.431250,0.493750,2.071535e-01,-6.837078e-01
0.437500,0.493750,2.193895e-01,-6.587841e-01
0.443750,0.493750,2.525732e-01,-5.976127e-01
0.450000,0.493750,2.837241e-01,-5.471037e-01
0.456250,0.493750,3.132119e-01,-5.041617e-01
0.462500,0.493750,3.414550e-01,-4.666666e-01
0.468750,0.493750,3.689168e-01,-4.330715e-01
0.475000,0.493750,3.961020e-01,-4.021930e-01
0.481250,0.493750,4.235484e-01,-3.730969e-01
0.487500,0.493750,4.518178e-01,-3.450367e-01
0.493750,0.493750,4.814816e-01,-3.174203e-01
0.500000,0.493750,0.000000e+00,-1.200000e+01
0.506250,0.493750,0.000000e+00,-1.200000e+01
0.512500,0.493750,0.000000e+00,-1.200000e+01
0.518750,0.493750,0.000000e+00,-1.200000e+01
0.525000,0.493750,0.000000e+00,-1.200000e+01
0.531250,0.493750,0.000000e+00,-1.200000e+01
0.537500,0.493750,0.000000e+00,-1.200000e+01
0.543750,0.493750,0.000000e+00,-1.200000e+01
0.550000,0.493750,0.000000e+00,-1.200000e+01
0.556250,0.493750,0.000000e+00,-1.200000e+01
0.562500,0.493750,0.000000e+00,-1.200000e+01
0.568750,0.493750,0.000000e+00,-1.200000e+01
0.575000,0.493750,0.000000e+00,-1.200000e+01
0.581250,0.493750,0.000000e+00,-1.200000e+01
0.587500,0.493750,0.000000e+00,-1.200000e+01
0.593750,0.493750,0.000000e+00,-1.200000e+01
0.600000,0.493750,0.000000e+00,-1.200000e+01
0.606250,0.493750,0.000000e+00,-1.200000e+01
0.612500,0.493750,0.000000e+00,-1.200000e+01
0.618750,0.493750,0.000000e+00,-1.200000e+01
0.625000,0.493750,0.000000e+00,-1.200000e+01
0.631250,0.493750,0.000000e+00,-1.200000e+01
0.637500,0.493750,0.000000e+00,-1.200000e+01
0.643750,0.493750,0.000000e+00,-1.200000e+01
0.650000,0.493750,0.000000e+00,-1.200000e+01
0.656250,0.493750,0.000000e+00,-1.200000e+01
0.662500,0.493750,0.000000e+00,-1.200000e+01
0.668750,0.493750,0.000000e+00,-1.200000e+01
0.675000,0.493750,0.000000e+00,-1.200000e+01
0.681250,0.493750,0.000000e+00,-1.200000e+01
0.687500,0.493750,0.000000e+00,-1.200000e+01
0.693750,0.493750,0.000000e+00,-1.200000e+01
0.700000,0.493750,0.000000e+00,-1.200000e+01
0.706250,0.493750,0.000000e+00,-1.200000e+01
0.712500,0.493750,0.000000e+00,-1.200000e+01
0.718750,0.493750,0.000000e+00,-1.200000e+01
0.725000,0.493750,0.000000e+00,-1.200000e+01
0.731250,0.493750,0.000000e+00,-1.200000e+01
0.737500,0.493750,0.000000e+00,-1.200000e+01
0.743750,0.493750,0.000000e+00,-1.200000e+01
0.750000,0.493750,0.000000e+00,-1.200000e+01
0.250000,0.500000,2.892958e-02,-1.538658e+00
0.256250,0.500000,2.538004e-02,-1.595508e+00
0.262500,0.500000,2.271778e-02,-1.643634e+00
0.268750,0.500000,2.125720e-02,-1.672494e+00
0.275000,0.500000,2.122789e-02,-1.673093e+00
0.281250,0.500000,2.261844e-02,-1.645537e+00
0.287500,0.500000,2.518097e-02,-1.598928e+00
0.293750,0.500000,2.859116e-02,-1.543768e+00
0.300000,0.500000,3.257533e-02,-1.487111e+00
0.306250,0.500000,3.694158e-02,-1.432485e+00
0.312500,0.500000,4.156459e-02,-1.381276e+00
0.318750,0.500000,4.857705e-02,-1.313569e+00
0.325000,0.500000,5.619648e-02,-1.250291e+00
0.331250,0.500000,6.424666e-02,-1.192149e+00
0.337500,0.500000,7.263432e-02,-1.138858e+00
0.343750,0.500000,8.131301e-02,-1.089840e+00
0.350000,0.500000,9.026303e-02,-1.044490e+00
0.356250,0.500000,9.948038e-02,-1.002263e+00
0.362500,0.500000,1.089704e-01,-9.626913e-01
0.368750,0.500000,1.187441e-01,-9.253879e-01
0.375000,0.500000,1.288157e-01,-8.900313e-01
0.381250,0.500000,1.368963e-01,-8.636082e-01
0.387500,0.500000,1.445873e-01,-8.398699e-01
0.393750,0.500000,1.518590e-01,-8.185594e-01
0.400000,0.500000,1.586981e-01,-7.994283e-01
0.406250,0.500000,1.651034e-01,-7.822440e-01
0.412500,0.500000,1.710837e-01,-7.667915e-01
0.418750,0.500000,1.766558e-01,-7.528722e-01
0.425000,0.500000,1.818439e-01,-7.403013e-01
0.431250,0.500000,1.866789e-01,-7.289048e-01
0.437500,0.500000,1.911980e-01,-7.185166e-01
0.443750,0.500000,2.269283e-01,-6.441114e-01
0.450000,0.500000,2.667495e-01,-5.738964e-01
0.456250,0.500000,3.102727e-01,-5.082565e-01
0.462500,0.500000,3.579735e-01,-4.461491e-01
0.468750,0.500000,4.106839e-01,-3.864924e-01
0.475000,0.500000,4.693261e-01,-3.285253e-01
0.481250,0.500000,5.347736e-01,-2.718301e-01
0.487500,0.500000,6.077830e-01,-2.162515e-01
0.493750,0.500000,6.889716e-01,-1.617987e-01
0.500000,0.500000,5.507094e-01,-2.590775e-01
0.506250,0.500000,5.131069e-01,-2.897922e-01
0.512500,0.500000,4.789321e-01,-3.197261e-01
0.518750,0.500000,4.481849e-01,-3.485428e-01
0.525000,0.500000,4.208654e-01,-3.758568e-01
0.531250,0.500000,3.969736e-01,-4.012384e-01
0.537500,0.500000,3.765094e-01,-4.242241e-01
0.543750,0.500000,3.594729e-01,-4.443338e-01
0.550000,0.500000,3.458641e-01,-4.610946e-01
0.556250,0.500000,3.356829e-01,-4.740708e-01
0.562500,0.500000,3.289294e-01,-4.828974e-01
0.568750,0.500000,3.239775e-01,-4.894852e-01
0.575000,0.500000,3.192013e-01,-4.959354e-01
0.581250,0.500000,3.146007e-01,-5.022403e-01
0.587500,0.500000,3.101758e-01,-5.083920e-01
0.593750,0.500000,3.059266e-01,-5.143828e-01
0.600000,0.500000,3.018530e-01,-5.202045e-01
0.606250,0.500000,2.979551e-01,-5.258492e-01
0.612500,0.500000,2.942328e-01,-5.313089e-01
0.618750,0.500000,2.906862e-01,-5.365756e-01
0.625000,0.500000,2.873152e-01,-5.416413e-01
0.631250,0.500000,2.841023e-01,-5.465253e-01
0.637500,0.500000,2.810297e-01,-5.512478e-01
0.643750,0.500000,2.780974e-01,-5.558030e-01
0.650000,0.500000,2.753056e-01,-5.601850e-01
0.656250,0.500000,2.726540e-01,-5.643881e-01
0.662500,0.500000,2.701429e-01,-5.684065e-01
0.668750,0.500000,2.677720e-01,-5.722348e-01
0.675000,0.500000,2.655416e-01,-5.758675e-01
0.681250,0.500000,2.634515e-01,-5.792994e-01
0.687500,0.500000,2.615017e-01,-5.825255e-01
0.693750,0.500000,2.595980e-01,-5.856987e-01
0.700000,0.500000,2.576458e-01,-5.889769e-01
0.706250,0.500000,2.556453e-01,-5.923622e-01
0.712500,0.500000,2.535964e-01,-5.958569e-01
0.718750,0.500000,2.514992e-01,-5.994634e-01
0.725000,0.500000,2.493536e-01,-6.031844e-01
0.731250,0.500000,2.471596e-01,-6.070226e-01
0.737500,0.500000,2.449172e-01,-6.109807e-01
0.743750,0.500000,2.426264e-01,-6.150619e-01
0.750000,0.500000,2.402873e-01,-6.192692e-01
0.250000,0.506250,2.986562e-02,-1.524828e+00
0.256250,0.506250,2.596704e-02,-1.585578e+00
0.262500,0.506250,2.289843e-02,-1.640194e+00
0.268750,0.506250,2.101040e-02,-1.677566e+00
0.275000,0.506250,2.061434e-02,-1.685831e+00
0.281250,0.506250,2.177809e-02,-1.661980e+00
0.287500,0.506250,2.426696e-02,-1.614985e+00
0.293750,0.506250,2.771704e-02,-1.557253e+00
0.300000,0.506250,3.180966e-02,-1.497441e+00
0.306250,0.506250,3.632226e-02,-1.439827e+00
0.312500,0.506250,4.111194e-02,-1.386032e+00
0.318750,0.506250,4.771611e-02,-1.321335e+00
0.325000,0.506250,5.485990e-02,-1.260745e+00
0.331250,0.506250,6.239825e-02,-1.204828e+00
0.337500,0.506250,7.025253e-02,-1.153338e+00
0.343750,0.506250,7.838253e-02,-1.105781e+00
0.350000,0.506250,8.677049e-02,-1.061628e+00
0.356250,0.506250,9.541211e-02,-1.020396e+00
0.362500,0.506250,1.043112e-01,-9.816691e-01
0.368750,0.506250,1.134765e-01,-9.450941e-01
0.375000,0.506250,1.229198e-01,-9.103783e-01
0.381250,0.506250,1.315781e-01,-8.808164e-01
0.387500,0.506250,1.399047e-01,-8.541677e-01
0.393750,0.506250,1.478838e-01,-8.300794e-01
0.400000,0.506250,1.555098e-01,-8.082422e-01
0.406250,0.506250,1.627846e-01,-7.883867e-01
0.412500,0.506250,1.697160e-01,-7.702773e-01
0.418750,0.506250,1.763166e-01,-7.537069e-01
0.425000,0.506250,1.826031e-01,-7.384918e-01
0.431250,0.506250,1.885961e-01,-7.244673e-01
0.437500,0.506250,1.943194e-01,-7.114839e-01
0.443750,0.506250,2.217397e-01,-6.541566e-01
0.450000,0.506250,2.529097e-01,-5.970346e-01
0.456250,0.506250,2.877148e-01,-5.410378e-01
0.462500,0.506250,3.266527e-01,-4.859138e-01
0.468750,0.506250,3.704894e-01,-4.312242e-01
0.475000,0.506250,4.200504e-01,-3.766986e-01
0.481250,0.506250,4.761002e-01,-3.223016e-01
0.487500,0.506250,5.392850e-01,-2.681817e-01
0.493750,0.506250,6.101146e-01,-2.145886e-01
0.500000,0.506250,5.141455e-01,-2.889139e-01
0.506250,0.506250,4.814816e-01,-3.174203e-01
0.512500,0.506250,4.517292e-01,-3.451218e-01
0.518750,0.506250,4.248902e-01,-3.717232e-01
0.525000,0.506250,4.009674e-01,-3.968909e-01
0.531250,0.506250,3.799642e-01,-4.202573e-01
0.537500,0.506250,3.618847e-01,-4.414298e-01
0.543750,0.506250,3.467336e-01,-4.600041e-01
0.550000,0.506250,3.345159e-01,-4.755833e-01
0.556250,0.506250,3.252364e-01,-4.878008e-01
0.562500,0.506250,3.188996e-01,-4.963460e-01
0.568750,0.506250,3.141681e-01,-5.028380e-01
0.575000,0.506250,3.096093e-01,-5.091861e-01
0.581250,0.506250,3.052232e-01,-5.153825e-01
0.587500,0.506250,3.010098e-01,-5.214193e-01
0.593750,0.506250,2.969693e-01,-5.272885e-01
0.600000,0.506250,2.931014e-01,-5.329820e-01
0.606250,0.506250,2.894064e-01,-5.384919e-01
0.612500,0.506250,2.858841e-01,-5.438100e-01
0.618750,0.506250,2.825346e-01,-5.489284e-01
0.625000,0.506250,2.793578e-01,-5.538392e-01
0.631250,0.506250,2.763285e-01,-5.585743e-01
0.637500,0.506250,2.734204e-01,-5.631691e-01
0.643750,0.506250,2.706335e-01,-5.676185e-01
0.650000,0.506250,2.679677e-01,-5.719175e-01
0.656250,0.506250,2.654232e-01,-5.760611e-01
0.662500,0.506250,2.629998e-01,-5.800446e-01
0.668750,0.506250,2.606976e-01,-5.838629e-01
0.675000,0.506250,2.585166e-01,-5.875115e-01
0.681250,0.506250,2.564568e-01,-5.909857e-01
0.687500,0.506250,2.545182e-01,-5.942811e-01
0.693750,0.506250,2.526191e-01,-5.975338e-01
0.700000,0.506250,2.506752e-01,-6.008887e-01
0.706250,0.506250,2.486864e-01,-6.043480e-01
0.712500,0.506250,2.466527e-01,-6.079141e-01
0.718750,0.506250,2.445743e-01,-6.115892e-01
0.725000,0.506250,2.424510e-01,-6.153761e-01
0.731250,0.506250,2.402828e-01,-6.192773e-01
0.737500,0.506250,2.380698e-01,-6.232956e-01
0.743750,0.506250,2.358120e-01,-6.274340e-01
0.750000,0.506250,2.335094e-01,-6.316956e-01
0.250000,0.512500,3.081589e-02,-1.511225e+00
0.256250,0.512500,2.661666e-02,-1.574846e+00
0.262500,0.512500,2.318031e-02,-1.634881e+00
0.268750,0.512500,2.087619e-02,-1.680349e+00
0.275000,0.512500,2.008695e-02,-1.697086e+00
0.281250,0.512500,2.097447e-02,-1.678309e+00
0.287500,0.512500,2.333991e-02,-1.631901e+00
0.293750,0.512500,2.678770e-02,-1.572065e+00
0.300000,0.512500,3.095253e-02,-1.509304e+00
0.306250,0.512500,3.557874e-02,-1.448809e+00
0.312500,0.512500,4.050459e-02,-1.392496e+00
0.318750,0.512500,4.674701e-02,-1.330246e+00
0.325000,0.512500,5.346935e-02,-1.271895e+00
0.331250,0.512500,6.055196e-02,-1.217872e+00
0.337500,0.512500,6.792848e-02,-1.167948e+00
0.343750,0.512500,7.556400e-02,-1.121685e+00
0.350000,0.512500,8.344238e-02,-1.078613e+00
0.356250,0.512500,9.155886e-02,-1.038300e+00
0.362500,0.512500,9.991572e-02,-1.000366e+00
0.368750,0.512500,1.085196e-01,-9.644919e-01
0.375000,0.512500,1.173797e-01,-9.304070e-01
0.381250,0.512500,1.264475e-01,-8.980898e-01
0.387500,0.512500,1.352520e-01,-8.688562e-01
0.393750,0.512500,1.437871e-01,-8.422801e-01
0.400000,0.512500,1.520518e-01,-8.180086e-01
0.406250,0.512500,1.600489e-01,-7.957472e-01
0.412500,0.512500,1.677846e-01,-7.752478e-01
0.418750,0.512500,1.752671e-01,-7.562995e-01
0.425000,0.512500,1.825068e-01,-7.387210e-01
0.431250,0.512500,1.895156e-01,-7.223549e-01
0.437500,0.512500,1.963074e-01,-7.070634e-01
0.443750,0.512500,2.166182e-01,-6.643051e-01
0.450000,0.512500,2.403554e-01,-6.191462e-01
0.456250,0.512500,2.676144e-01,-5.724905e-01
0.462500,0.512500,2.989043e-01,-5.244679e-01
0.468750,0.512500,3.349185e-01,-4.750608e-01
0.475000,0.512500,3.763763e-01,-4.243777e-01
0.481250,0.512500,4.239252e-01,-3.727108e-01
0.487500,0.512500,4.780943e-01,-3.204864e-01
0.493750,0.512500,5.392850e-01,-2.681817e-01
0.500000,0.512500,4.798033e-01,-3.189367e-01
0.506250,0.512500,4.518178e-01,-3.450367e-01
0.512500,0.512500,4.262250e-01,-3.703611e-01
0.518750,0.512500,4.030326e-01,-3.946598e-01
0.525000,0.512500,3.822505e-01,-4.176519e-01
0.531250,0.512500,3.638906e-01,-4.390292e-01
0.537500,0.512500,3.479667e-01,-4.584623e-01
0.543750,0.512500,3.344943e-01,-4.756113e-01
0.550000,0.512500,3.234895e-01,-4.901398e-01
0.556250,0.512500,3.149681e-01,-5.017335e-01
0.562500,0.512500,3.089439e-01,-5.101203e-01
0.568750,0.512500,3.044284e-01,-5.165149e-01
0.575000,0.512500,3.000827e-01,-5.227590e-01
0.581250,0.512500,2.959069e-01,-5.288449e-01
0.587500,0.512500,2.919010e-01,-5.347644e-01
0.593750,0.512500,2.880650e-01,-5.405095e-01
0.600000,0.512500,2.843989e-01,-5.460721e-01
0.606250,0.512500,2.809028e-01,-5.514439e-01
0.612500,0.512500,2.775766e-01,-5.566171e-01
0.618750,0.512500,2.744205e-01,-5.615835e-01
0.625000,0.512500,2.714343e-01,-5.663352e-01
0.631250,0.512500,2.685866e-01,-5.709157e-01
0.637500,0.512500,2.658408e-01,-5.753783e-01
0.643750,0.512500,2.631971e-01,-5.797188e-01
0.650000,0.512500,2.606555e-01,-5.839331e-01
0.656250,0.512500,2.582159e-01,-5.880169e-01
0.662500,0.512500,2.558784e-01,-5.919663e-01
0.668750,0.512500,2.536430e-01,-5.957771e-01
0.675000,0.512500,2.515097e-01,-5.994453e-01
0.681250,0.512500,2.494785e-01,-6.029669e-01
0.687500,0.512500,2.475494e-01,-6.063382e-01
0.693750,0.512500,2.456557e-01,-6.096732e-01
0.700000,0.512500,2.437207e-01,-6.131075e-01
0.706250,0.512500,2.417445e-01,-6.166434e-01
0.712500,0.512500,2.397270e-01,-6.202830e-01
0.718750,0.512500,2.376683e-01,-6.240288e-01
0.725000,0.512500,2.355683e-01,-6.278832e-01
0.731250,0.512500,2.334270e-01,-6.318489e-01
0.737500,0.512500,2.312445e-01,-6.359286e-01
0.743750,0.512500,2.290207e-01,-6.401253e-01
0.750000,0.512500,2.267557e-01,-6.444419e-01
0.250000,0.518750,3.177097e-02,-1.497970e+00
0.256250,0.518750,2.731955e-02,-1.563526e+00
0.262500,0.518750,2.355894e-02,-1.627844e+00
0.268750,0.518750,2.086073e-02,-1.680670e+00
0.275000,0.518750,1.966162e-02,-1.706381e+00
0.281250,0.518750,2.022468e-02,-1.694118e+00
0.287500,0.518750,2.241286e-02,-1.649503e+00
0.293750,0.518750,2.581223e-02,-1.588174e+00
0.300000,0.518750,3.001071e-02,-1.522724e+00
0.306250,0.518750,3.471678e-02,-1.459461e+00
0.312500,0.518750,3.974817e-02,-1.400683e+00
0.318750,0.518750,4.567610e-02,-1.340311e+00
0.325000,0.518750,5.203065e-02,-1.283741e+00
0.331250,0.518750,5.871270e-02,-1.231268e+00
0.337500,0.518750,6.566604e-02,-1.182659e+00
0.343750,0.518750,7.286016e-02,-1.137510e+00
0.350000,0.518750,8.028018e-02,-1.095392e+00
0.356250,0.518750,8.792081e-02,-1.055908e+00
0.362500,0.518750,9.578282e-02,-1.018712e+00
0.368750,0.518750,1.038707e-01,-9.835068e-01
0.375000,0.518750,1.121915e-01,-9.500401e-01
0.381250,0.518750,1.215036e-01,-9.154108e-01
0.387500,0.518750,1.306307e-01,-8.839546e-01
0.393750,0.518750,1.395720e-01,-8.552018e-01
0.400000,0.518750,1.483284e-01,-8.287757e-01
0.406250,0.518750,1.569026e-01,-8.043698e-01
0.412500,0.518750,1.652983e-01,-7.817317e-01
0.418750,0.518750,1.735198e-01,-7.606509e-01
0.425000,0.518750,1.815725e-01,-7.409498e-01
0.431250,0.518750,1.894622e-01,-7.224774e-01
0.437500,0.518750,1.971952e-01,-7.051037e-01
0.443750,0.518750,2.115948e-01,-6.744950e-01
0.450000,0.518750,2.291120e-01,-6.399521e-01
0.456250,0.518750,2.499860e-01,-6.020843e-01
0.462500,0.518750,2.747171e-01,-5.611143e-01
0.468750,0.518750,3.039159e-01,-5.172466e-01
0.475000,0.518750,3.381863e-01,-4.708440e-01
0.481250,0.518750,3.780524e-01,-4.224480e-01
0.487500,0.518750,4.239252e-01,-3.727108e-01
0.493750,0.518750,4.761002e-01,-3.223016e-01
0.500000,0.518750,4.470739e-01,-3.496207e-01
0.506250,0.518750,4.235484e-01,-3.730969e-01
0.512500,0.518750,4.019061e-01,-3.958754e-01
0.518750,0.518750,3.821625e-01,-4.177519e-01
0.525000,0.518750,3.643368e-01,-4.384970e-01
0.531250,0.518750,3.484513e-01,-4.578579e-01
0.537500,0.518750,3.345315e-01,-4.755630e-01
0.543750,0.518750,3.226047e-01,-4.913293e-01
0.550000,0.518750,3.126993e-01,-5.048731e-01
0.556250,0.518750,3.048425e-01,-5.159244e-01
0.562500,0.518750,2.990591e-01,-5.242430e-01
0.568750,0.518750,2.947552e-01,-5.305386e-01
0.575000,0.518750,2.906183e-01,-5.366771e-01
0.581250,0.518750,2.866484e-01,-5.426504e-01
0.587500,0.518750,2.828457e-01,-5.484504e-01
0.593750,0.518750,2.792102e-01,-5.540688e-01
0.600000,0.518750,2.757418e-01,-5.594974e-01
0.606250,0.518750,2.724407e-01,-5.647280e-01
0.612500,0.518750,2.693069e-01,-5.697526e-01
0.618750,0.518750,2.663404e-01,-5.745630e-01
0.625000,0.518750,2.635413e-01,-5.791514e-01
0.631250,0.518750,2.608734e-01,-5.835702e-01
0.637500,0.518750,2.582885e-01,-5.878949e-01
0.643750,0.518750,2.557865e-01,-5.921223e-01
0.650000,0.518750,2.533675e-01,-5.962491e-01
0.656250,0.518750,2.510315e-01,-6.002718e-01
0.662500,0.518750,2.487784e-01,-6.041873e-01
0.668750,0.518750,2.466083e-01,-6.079923e-01
0.675000,0.518750,2.445213e-01,-6.116833e-01
0.681250,0.518750,2.425173e-01,-6.152573e-01
0.687500,0.518750,2.405963e-01,-6.187111e-01
0.693750,0.518750,2.387089e-01,-6.221315e-01
0.700000,0.518750,2.367837e-01,-6.256481e-01
0.706250,0.518750,2.348210e-01,-6.292631e-01
0.712500,0.518750,2.328205e-01,-6.329788e-01
0.718750,0.518750,2.307824e-01,-6.367973e-01
0.725000,0.518750,2.287066e-01,-6.407213e-01
0.731250,0.518750,2.265932e-01,-6.447531e-01
0.737500,0.518750,2.244421e-01,-6.488956e-01
0.743750,0.518750,2.222534e-01,-6.531515e-01
0.750000,0.518750,2.200271e-01,-6.575238e-01
0.250000,0.525000,3.272287e-02,-1.485149e+00
0.256250,0.525000,2.806705e-02,-1.551803e+00
0.262500,0.525000,2.402894e-02,-1.619265e+00
0.268750,0.525000,2.096834e-02,-1.678436e+00
0.275000,0.525000,1.935452e-02,-1.713218e+00
0.281250,0.525000,1.954897e-02,-1.708876e+00
0.287500,0.525000,2.150254e-02,-1.667510e+00
0.293750,0.525000,2.480287e-02,-1.605498e+00
0.300000,0.525000,2.899355e-02,-1.537699e+00
0.306250,0.525000,3.374438e-02,-1.471799e+00
0.312500,0.525000,3.885033e-02,-1.410605e+00
0.318750,0.525000,4.451113e-02,-1.351531e+00
0.325000,0.525000,5.055065e-02,-1.296273e+00
0.331250,0.525000,5.688610e-02,-1.244994e+00
0.337500,0.525000,6.346946e-02,-1.197435e+00
0.343750,0.525000,7.027382e-02,-1.153206e+00
0.350000,0.525000,7.728519e-02,-1.111904e+00
0.356250,0.525000,8.449772e-02,-1.073155e+00
0.362500,0.525000,9.191069e-02,-1.036634e+00
0.368750,0.525000,9.952667e-02,-1.002061e+00
0.375000,0.525000,1.073503e-01,-9.691966e-01
0.381250,0.525000,1.167455e-01,-9.327597e-01
0.387500,0.525000,1.260425e-01,-8.994829e-01
0.393750,0.525000,1.352421e-01,-8.688880e-01
0.400000,0.525000,1.443454e-01,-8.405970e-01
0.406250,0.525000,1.533537e-01,-8.143058e-01
0.412500,0.525000,1.622684e-01,-7.897661e-01
0.418750,0.525000,1.710910e-01,-7.667728e-01
0.425000,0.525000,1.798233e-01,-7.451540e-01
0.431250,0.525000,1.884670e-01,-7.247646e-01
0.437500,0.525000,1.970239e-01,-7.054811e-01
0.443750,0.525000,2.067043e-01,-6.846506e-01
0.450000,0.525000,2.191977e-01,-6.591641e-01
0.456250,0.525000,2.348211e-01,-6.292630e-01
0.462500,0.525000,2.540392e-01,-5.950992e-01
0.468750,0.525000,2.773655e-01,-5.569475e-01
0.475000,0.525000,3.052816e-01,-5.152994e-01
0.481250,0.525000,3.381863e-01,-4.708440e-01
0.487500,0.525000,3.763763e-01,-4.243777e-01
0.493750,0.525000,4.200504e-01,-3.766986e-01
0.500000,0.525000,4.153376e-01,-3.815988e-01
0.506250,0.525000,3.961020e-01,-4.021930e-01
0.512500,0.525000,3.782599e-01,-4.222097e-01
0.518750,0.525000,3.618353e-01,-4.414890e-01
0.525000,0.525000,3.468561e-01,-4.598507e-01
0.531250,0.525000,3.333537e-01,-4.770947e-01
0.537500,0.525000,3.213627e-01,-4.930046e-01
0.543750,0.525000,3.109196e-01,-5.073519e-01
0.550000,0.525000,3.020617e-01,-5.199043e-01
0.556250,0.525000,2.948250e-01,-5.304357e-01
0.562500,0.525000,2.892419e-01,-5.387388e-01
0.568750,0.525000,2.851451e-01,-5.449341e-01
0.575000,0.525000,2.812126e-01,-5.509653e-01
0.581250,0.525000,2.774444e-01,-5.568241e-01
0.587500,0.525000,2.738406e-01,-5.625022e-01
0.593750,0.525000,2.704012e-01,-5.679913e-01
0.600000,0.525000,2.671265e-01,-5.732830e-01
0.606250,0.525000,2.640164e-01,-5.783690e-01
0.612500,0.525000,2.610711e-01,-5.832412e-01
0.618750,0.525000,2.582906e-01,-5.878914e-01
0.625000,0.525000,2.556750e-01,-5.923117e-01
0.631250,0.525000,2.531861e-01,-5.965601e-01
0.637500,0.525000,2.507611e-01,-6.007399e-01
0.643750,0.525000,2.483998e-01,-6.048487e-01
0.650000,0.525000,2.461024e-01,-6.088841e-01
0.656250,0.525000,2.438689e-01,-6.128435e-01
0.662500,0.525000,2.416993e-01,-6.167246e-01
0.668750,0.525000,2.395937e-01,-6.205247e-01
0.675000,0.525000,2.375519e-01,-6.242414e-01
0.681250,0.525000,2.355742e-01,-6.278723e-01
0.687500,0.525000,2.336604e-01,-6.314149e-01
0.693750,0.525000,2.317800e-01,-6.349241e-01
0.700000,0.525000,2.298655e-01,-6.385262e-01
0.706250,0.525000,2.279170e-01,-6.422233e-01
0.712500,0.525000,2.259345e-01,-6.460175e-01
0.718750,0.525000,2.239179e-01,-6.499112e-01
0.725000,0.525000,2.218673e-01,-6.539067e-01
0.731250,0.525000,2.197827e-01,-6.580065e-01
0.737500,0.525000,2.176641e-01,-6.622132e-01
0.743750,0.525000,2.155115e-01,-6.665295e-01
0.750000,0.525000,2.133250e-01,-6.709583e-01
0.250000,0.531250,3.366480e-02,-1.472824e+00
0.256250,0.531250,2.885128e-02,-1.539835e+00
0.262500,0.531250,2.458426e-02,-1.609343e+00
0.268750,0.531250,2.120120e-02,-1.673640e+00
0.275000,0.531250,1.918123e-02,-1.717124e+00
0.281250,0.531250,1.897061e-02,-1.721919e+00
0.287500,0.531250,2.063007e-02,-1.685499e+00
0.293750,0.531250,2.377578e-02,-1.623865e+00
0.300000,0.531250,2.791364e-02,-1.554183e+00
0.306250,0.531250,3.267230e-02,-1.485820e+00
0.312500,0.531250,3.782119e-02,-1.422265e+00
0.318750,0.531250,4.326166e-02,-1.363897e+00
0.325000,0.531250,4.903750e-02,-1.309472e+00
0.331250,0.531250,5.507862e-02,-1.259017e+00
0.337500,0.531250,6.134345e-02,-1.212232e+00
0.343750,0.531250,6.780786e-02,-1.168720e+00
0.350000,0.531250,7.445851e-02,-1.128086e+00
0.356250,0.531250,8.128890e-02,-1.089969e+00
0.362500,0.531250,8.829691e-02,-1.054054e+00
0.368750,0.531250,9.548331e-02,-1.020073e+00
0.375000,0.531250,1.028507e-01,-9.877927e-01
0.381250,0.531250,1.121721e-01,-9.501152e-01
0.387500,0.531250,1.214893e-01,-9.154619e-01
0.393750,0.531250,1.308020e-01,-8.833856e-01
0.400000,0.531250,1.401098e-01,-8.535315e-01
0.406250,0.531250,1.494125e-01,-8.256131e-01
0.412500,0.531250,1.587099e-01,-7.993959e-01
0.418750,0.531250,1.680019e-01,-7.746858e-01
0.425000,0.531250,1.772884e-01,-7.513197e-01
0.431250,0.531250,1.865693e-01,-7.291598e-01
0.437500,0.531250,1.958445e-01,-7.080886e-01
0.443750,0.531250,2.019851e-01,-6.946807e-01
0.450000,0.531250,2.106198e-01,-6.765008e-01
0.456250,0.531250,2.220802e-01,-6.534902e-01
0.462500,0.531250,2.367644e-01,-6.256835e-01
0.468750,0.531250,2.550745e-01,-5.933329e-01
0.475000,0.531250,2.773655e-01,-5.569475e-01
0.481250,0.531250,3.039159e-01,-5.172466e-01
0.487500,0.531250,3.349185e-01,-4.750608e-01
0.493750,0.531250,3.704894e-01,-4.312242e-01
0.500000,0.531250,3.839807e-01,-4.156906e-01
0.506250,0.531250,3.689168e-01,-4.330715e-01
0.512500,0.531250,3.547879e-01,-4.500312e-01
0.518750,0.531250,3.416232e-01,-4.664527e-01
0.525000,0.531250,3.294554e-01,-4.822033e-01
0.531250,0.531250,3.183203e-01,-4.971357e-01
0.537500,0.531250,3.082557e-01,-5.110889e-01
0.543750,0.531250,2.993013e-01,-5.238914e-01
0.550000,0.531250,2.914969e-01,-5.353660e-01
0.556250,0.531250,2.848811e-01,-5.453363e-01
0.562500,0.531250,2.794894e-01,-5.536347e-01
0.568750,0.531250,2.755950e-01,-5.597286e-01
0.575000,0.531250,2.718623e-01,-5.656511e-01
0.581250,0.531250,2.682912e-01,-5.713936e-01
0.587500,0.531250,2.648819e-01,-5.769477e-01
0.593750,0.531250,2.616346e-01,-5.823048e-01
0.600000,0.531250,2.585494e-01,-5.874565e-01
0.606250,0.531250,2.556264e-01,-5.923943e-01
0.612500,0.531250,2.528657e-01,-5.971100e-01
0.618750,0.531250,2.502676e-01,-6.015954e-01
0.625000,0.531250,2.478321e-01,-6.058425e-01
0.631250,0.531250,2.455217e-01,-6.099101e-01
0.637500,0.531250,2.432560e-01,-6.139364e-01
0.643750,0.531250,2.410351e-01,-6.179197e-01
0.650000,0.531250,2.388589e-01,-6.218585e-01
0.656250,0.531250,2.367275e-01,-6.257512e-01
0.662500,0.531250,2.346410e-01,-6.295962e-01
0.668750,0.531250,2.325992e-01,-6.333918e-01
0.675000,0.531250,2.306023e-01,-6.371363e-01
0.681250,0.531250,2.286503e-01,-6.408282e-01
0.687500,0.531250,2.267432e-01,-6.444657e-01
0.693750,0.531250,2.248706e-01,-6.480673e-01
0.700000,0.531250,2.229676e-01,-6.517583e-01
0.706250,0.531250,2.210342e-01,-6.555406e-01
0.712500,0.531250,2.190704e-01,-6.594164e-01
0.718750,0.531250,2.170762e-01,-6.633878e-01
0.725000,0.531250,2.150517e-01,-6.674571e-01
0.731250,0.531250,2.129969e-01,-6.716267e-01
0.737500,0.531250,2.109117e-01,-6.758992e-01
0.743750,0.531250,2.087963e-01,-6.802772e-01
0.750000,0.531250,2.066506e-01,-6.847633e-01
0.250000,0.537500,3.459098e-02,-1.461037e+00
0.256250,0.537500,2.966512e-02,-1.527754e+00
0.262500,0.537500,2.521850e-02,-1.598281e+00
0.268750,0.537500,2.155932e-02,-1.666365e+00
0.275000,0.537500,1.915566e-02,-1.717703e+00
0.281250,0.537500,1.851536e-02,-1.732468e+00
0.287500,0.537500,1.982173e-02,-1.702859e+00
0.293750,0.537500,2.275214e-02,-1.642978e+00
0.300000,0.537500,2.678780e-02,-1.572063e+00
0.306250,0.537500,3.151488e-02,-1.501484e+00
0.312500,0.537500,3.667406e-02,-1.435641e+00
0.318750,0.537500,4.193945e-02,-1.377377e+00
0.325000,0.537500,4.750085e-02,-1.323299e+00
0.331250,0.537500,5.329765e-02,-1.273292e+00
0.337500,0.537500,5.929313e-02,-1.226996e+00
0.343750,0.537500,6.546521e-02,-1.183989e+00
0.350000,0.537500,7.180091e-02,-1.143870e+00
0.356250,0.537500,7.829308e-02,-1.106277e+00
0.362500,0.537500,8.493833e-02,-1.070896e+00
0.368750,0.537500,9.173579e-02,-1.037461e+00
0.375000,0.537500,9.868624e-02,-1.005743e+00
0.381250,0.537500,1.077819e-01,-9.674541e-01
0.387500,0.537500,1.169733e-01,-9.319132e-01
0.393750,0.537500,1.262569e-01,-8.987449e-01
0.400000,0.537500,1.356304e-01,-8.676431e-01
0.406250,0.537500,1.450924e-01,-8.383554e-01
0.412500,0.537500,1.546423e-01,-8.106718e-01
0.418750,0.537500,1.642798e-01,-7.844159e-01
0.425000,0.537500,1.740051e-01,-7.594380e-01
0.431250,0.537500,1.838186e-01,-7.356106e-01
0.437500,0.537500,1.937208e-01,-7.128238e-01
0.443750,0.537500,1.974800e-01,-7.044770e-01
0.450000,0.537500,2.033724e-01,-6.917081e-01
0.456250,0.537500,2.116864e-01,-6.743070e-01
0.462500,0.537500,2.227239e-01,-6.522332e-01
0.468750,0.537500,2.367644e-01,-6.256835e-01
0.475000,0.537500,2.540392e-01,-5.950992e-01
0.481250,0.537500,2.747171e-01,-5.611143e-01
0.487500,0.537500,2.989043e-01,-5.244679e-01
0.493750,0.537500,3.266527e-01,-4.859138e-01
0.500000,0.537500,3.524099e-01,-4.529519e-01
0.506250,0.537500,3.414550e-01,-4.666666e-01
0.512500,0.537500,3.310173e-01,-4.801493e-01
0.518750,0.537500,3.211246e-01,-4.933265e-01
0.525000,0.537500,3.118065e-01,-5.061148e-01
0.531250,0.537500,3.030947e-01,-5.184217e-01
0.537500,0.537500,2.950219e-01,-5.301457e-01
0.543750,0.537500,2.876222e-01,-5.411776e-01
0.550000,0.537500,2.809295e-01,-5.514026e-01
0.556250,0.537500,2.749776e-01,-5.607027e-01
0.562500,0.537500,2.697985e-01,-5.689605e-01
0.568750,0.537500,2.661018e-01,-5.749523e-01
0.575000,0.537500,2.625640e-01,-5.807648e-01
0.581250,0.537500,2.591855e-01,-5.863893e-01
0.587500,0.537500,2.559663e-01,-5.918172e-01
0.593750,0.537500,2.529067e-01,-5.970397e-01
0.600000,0.537500,2.500068e-01,-6.020482e-01
0.606250,0.537500,2.472669e-01,-6.068341e-01
0.612500,0.537500,2.446871e-01,-6.113889e-01
0.618750,0.537500,2.422677e-01,-6.157046e-01
0.625000,0.537500,2.400088e-01,-6.197729e-01
0.631250,0.537500,2.378771e-01,-6.236474e-01
0.637500,0.537500,2.357710e-01,-6.275096e-01
0.643750,0.537500,2.336905e-01,-6.313589e-01
0.650000,0.537500,2.316357e-01,-6.351945e-01
0.656250,0.537500,2.296065e-01,-6.390158e-01
0.662500,0.537500,2.276030e-01,-6.428220e-01
0.668750,0.537500,2.256252e-01,-6.466123e-01
0.675000,0.537500,2.236732e-01,-6.503861e-01
0.681250,0.537500,2.217469e-01,-6.541425e-01
0.687500,0.537500,2.198464e-01,-6.578807e-01
0.693750,0.537500,2.179823e-01,-6.615787e-01
0.700000,0.537500,2.160916e-01,-6.653622e-01
0.706250,0.537500,2.141741e-01,-6.692331e-01
0.712500,0.537500,2.122299e-01,-6.731934e-01
0.718750,0.537500,2.102590e-01,-6.772453e-01
0.725000,0.537500,2.082615e-01,-6.813909e-01
0.731250,0.537500,2.062374e-01,-6.856326e-01
0.737500,0.537500,2.041867e-01,-6.899726e-01
0.743750,0.537500,2.021093e-01,-6.944136e-01
0.750000,0.537500,2.000055e-01,-6.989581e-01
0.250000,0.543750,3.549652e-02,-1.449814e+00
0.256250,0.543750,3.050221e-02,-1.515669e+00
0.262500,0.543750,2.592512e-02,-1.586279e+00
0.268750,0.543750,2.204064e-02,-1.656776e+00
0.275000,0.543750,1.928895e-02,-1.714691e+00
0.281250,0.543750,1.821032e-02,-1.739682e+00
0.287500,0.543750,1.910929e-02,-1.718755e+00
0.293750,0.543750,2.175933e-02,-1.662355e+00
0.300000,0.543750,2.563824e-02,-1.591112e+00
0.306250,0.543750,3.029107e-02,-1.518685e+00
0.312500,0.543750,3.542635e-02,-1.450674e+00
0.318750,0.543750,4.055904e-02,-1.391912e+00
0.325000,0.543750,4.595220e-02,-1.337694e+00
0.331250,0.543750,5.155167e-02,-1.287757e+00
0.337500,0.543750,5.732409e-02,-1.241663e+00
0.343750,0.543750,6.324875e-02,-1.198948e+00
0.350000,0.543750,6.931277e-02,-1.159187e+00
0.356250,0.543750,7.550836e-02,-1.122005e+00
0.362500,0.543750,8.183101e-02,-1.087082e+00
0.368750,0.543750,8.827843e-02,-1.054145e+00
0.375000,0.543750,9.484985e-02,-1.022963e+00
0.381250,0.543750,1.035734e-01,-9.847516e-01
0.387500,0.543750,1.124971e-01,-9.488588e-01
0.393750,0.543750,1.216132e-01,-9.150191e-01
0.400000,0.543750,1.309181e-01,-8.830003e-01
0.406250,0.543750,1.404103e-01,-8.526011e-01
0.412500,0.543750,1.500902e-01,-8.236475e-01
0.418750,0.543750,1.599597e-01,-7.959895e-01
0.425000,0.543750,1.700211e-01,-7.694973e-01
0.431250,0.543750,1.802776e-01,-7.440583e-01
0.437500,0.543750,1.907328e-01,-7.195747e-01
0.443750,0.543750,1.932358e-01,-7.139125e-01
0.450000,0.543750,1.974333e-01,-7.045797e-01
0.456250,0.543750,2.035224e-01,-6.913878e-01
0.462500,0.543750,2.116864e-01,-6.743070e-01
0.468750,0.543750,2.220802e-01,-6.534902e-01
0.475000,0.543750,2.348211e-01,-6.292630e-01
0.481250,0.543750,2.499860e-01,-6.020843e-01
0.487500,0.543750,2.676144e-01,-5.724905e-01
0.493750,0.543750,2.877148e-01,-5.410378e-01
0.500000,0.543750,3.200639e-01,-4.947633e-01
0.506250,0.543750,3.132119e-01,-5.041617e-01
0.512500,0.543750,3.065103e-01,-5.135550e-01
0.518750,0.543750,2.999723e-01,-5.229189e-01
0.525000,0.543750,2.936125e-01,-5.322255e-01
0.531250,0.543750,2.874466e-01,-5.414428e-01
0.537500,0.543750,2.814918e-01,-5.505342e-01
0.543750,0.543750,2.757663e-01,-5.594589e-01
0.550000,0.543750,2.702895e-01,-5.681709e-01
0.556250,0.543750,2.650821e-01,-5.766195e-01
0.562500,0.543750,2.601662e-01,-5.847492e-01
0.568750,0.543750,2.566621e-01,-5.906382e-01
0.575000,0.543750,2.533146e-01,-5.963397e-01
0.581250,0.543750,2.501239e-01,-6.018448e-01
0.587500,0.543750,2.470902e-01,-6.071444e-01
0.593750,0.543750,2.442139e-01,-6.122297e-01
0.600000,0.543750,2.414951e-01,-6.170917e-01
0.606250,0.543750,2.389342e-01,-6.217216e-01
0.612500,0.543750,2.365315e-01,-6.261110e-01
0.618750,0.543750,2.342872e-01,-6.302515e-01
0.625000,0.543750,2.322016e-01,-6.341348e-01
0.631250,0.543750,2.302493e-01,-6.378016e-01
0.637500,0.543750,2.283035e-01,-6.414873e-01
0.643750,0.543750,2.263642e-01,-6.451922e-01
0.650000,0.543750,2.244314e-01,-6.489164e-01
0.656250,0.543750,2.225051e-01,-6.526601e-01
0.662500,0.543750,2.205853e-01,-6.564234e-01
0.668750,0.543750,2.186721e-01,-6.602067e-01
0.675000,0.543750,2.167654e-01,-6.640101e-01
0.681250,0.543750,2.148653e-01,-6.678337e-01
0.687500,0.543750,2.129718e-01,-6.716778e-01
0.693750,0.543750,2.111172e-01,-6.754765e-01
0.700000,0.543750,2.092394e-01,-6.793565e-01
0.706250,0.543750,2.073387e-01,-6.833197e-01
0.712500,0.543750,2.054149e-01,-6.873680e-01
0.718750,0.543750,2.034682e-01,-6.915034e-01
0.725000,0.543750,2.014986e-01,-6.957280e-01
0.731250,0.543750,1.995061e-01,-7.000439e-01
0.737500,0.543750,1.974907e-01,-7.044534e-01
0.743750,0.543750,1.954524e-01,-7.089589e-01
0.750000,0.543750,1.933914e-01,-7.135628e-01
0.250000,0.550000,3.637724e-02,-1.439170e+00
0.256250,0.550000,3.135691e-02,-1.503667e+00
0.262500,0.550000,2.669764e-02,-1.573527e+00
0.268750,0.550000,2.264128e-02,-1.645099e+00
0.275000,0.550000,1.958863e-02,-1.707996e+00
0.281250,0.550000,1.808198e-02,-1.742754e+00
0.287500,0.550000,1.852992e-02,-1.732126e+00
0.293750,0.550000,2.083223e-02,-1.681264e+00
0.300000,0.550000,2.449414e-02,-1.610938e+00
0.306250,0.550000,2.902587e-02,-1.537215e+00
0.312500,0.550000,3.410079e-02,-1.467236e+00
0.318750,0.550000,3.913851e-02,-1.407396e+00
0.325000,0.550000,4.440523e-02,-1.352566e+00
0.331250,0.550000,4.985037e-02,-1.302332e+00
0.337500,0.550000,5.544241e-02,-1.256158e+00
0.343750,0.550000,6.116129e-02,-1.213523e+00
0.350000,0.550000,6.699400e-02,-1.173964e+00
0.356250,0.550000,7.293213e-02,-1.137081e+00
0.362500,0.550000,7.897020e-02,-1.102537e+00
0.368750,0.550000,8.510477e-02,-1.070046e+00
0.375000,0.550000,9.133377e-02,-1.039369e+00
0.381250,0.550000,9.954485e-02,-1.001981e+00
0.387500,0.550000,1.080635e-01,-9.663211e-01
0.393750,0.550000,1.168788e-01,-9.322642e-01
0.400000,0.550000,1.259868e-01,-8.996751e-01
0.406250,0.550000,1.353879e-01,-8.684202e-01
0.412500,0.550000,1.450859e-01,-8.383748e-01
0.418750,0.550000,1.550866e-01,-8.094256e-01
0.425000,0.550000,1.653973e-01,-7.814715e-01
0.431250,0.550000,1.760262e-01,-7.544228e-01
0.437500,0.550000,1.869817e-01,-7.282009e-01
0.443750,0.550000,1.893034e-01,-7.228416e-01
0.450000,0.550000,1.927627e-01,-7.149769e-01
0.456250,0.550000,1.974333e-01,-7.045797e-01
0.462500,0.550000,2.033724e-01,-6.917081e-01
0.468750,0.550000,2.106198e-01,-6.765008e-01
0.475000,0.550000,2.191977e-01,-6.591641e-01
0.481250,0.550000,2.291120e-01,-6.399521e-01
0.487500,0.550000,2.403554e-01,-6.191462e-01
0.493750,0.550000,2.529097e-01,-5.970346e-01
0.500000,0.550000,2.864221e-01,-5.429935e-01
0.506250,0.550000,2.837241e-01,-5.471037e-01
0.512500,0.550000,2.808707e-01,-5.514935e-01
0.518750,0.550000,2.778400e-01,-5.562052e-01
0.525000,0.550000,2.746136e-01,-5.612779e-01
0.531250,0.550000,2.711769e-01,-5.667473e-01
0.537500,0.550000,2.675187e-01,-5.726459e-01
0.543750,0.550000,2.636318e-01,-5.790022e-01
0.550000,0.550000,2.595131e-01,-5.858407e-01
0.556250,0.550000,2.551638e-01,-5.931810e-01
0.562500,0.550000,2.505897e-01,-6.010368e-01
0.568750,0.550000,2.472731e-01,-6.068231e-01
0.575000,0.550000,2.441108e-01,-6.124130e-01
0.581250,0.550000,2.411030e-01,-6.177974e-01
0.587500,0.550000,2.382502e-01,-6.229668e-01
0.593750,0.550000,2.355526e-01,-6.279121e-01
0.600000,0.550000,2.330107e-01,-6.326242e-01
0.606250,0.550000,2.306248e-01,-6.370940e-01
0.612500,0.550000,2.283953e-01,-6.413129e-01
0.618750,0.550000,2.263226e-01,-6.452722e-01
0.625000,0.550000,2.244070e-01,-6.489637e-01
0.631250,0.550000,2.226355e-01,-6.524057e-01
0.637500,0.550000,2.208512e-01,-6.559002e-01
0.643750,0.550000,2.190543e-01,-6.594481e-01
0.650000,0.550000,2.172448e-01,-6.630507e-01
0.656250,0.550000,2.154225e-01,-6.667088e-01
0.662500,0.550000,2.135877e-01,-6.704238e-01
0.668750,0.550000,2.117401e-01,-6.741968e-01
0.675000,0.550000,2.098800e-01,-6.780290e-01
0.681250,0.550000,2.080072e-01,-6.819217e-01
0.687500,0.550000,2.061218e-01,-6.858761e-01
0.693750,0.550000,2.042772e-01,-6.897801e-01
0.700000,0.550000,2.024133e-01,-6.937610e-01
0.706250,0.550000,2.005301e-01,-6.978205e-01
0.712500,0.550000,1.986276e-01,-7.019604e-01
0.718750,0.550000,1.967059e-01,-7.061826e-01
0.725000,0.550000,1.947650e-01,-7.104891e-01
0.731250,0.550000,1.928050e-01,-7.148818e-01
0.737500,0.550000,1.908258e-01,-7.193629e-01
0.743750,0.550000,1.888276e-01,-7.239345e-01
0.750000,0.550000,1.868104e-01,-7.285990e-01
0.250000,0.556250,3.722961e-02,-1.429111e+00
0.256250,0.556250,3.222422e-02,-1.491818e+00
0.262500,0.556250,2.752982e-02,-1.560197e+00
0.268750,0.556250,2.335599e-02,-1.631602e+00
0.275000,0.556250,2.005809e-02,-1.697710e+00
0.281250,0.556250,1.815383e-02,-1.741032e+00
0.287500,0.556250,1.812474e-02,-1.741728e+00
0.293750,0.556250,2.001416e-02,-1.698663e+00
0.300000,0.556250,2.339342e-02,-1.630906e+00
0.306250,0.556250,2.775208e-02,-1.556704e+00
0.312500,0.556250,3.272708e-02,-1.485093e+00
0.318750,0.556250,3.770028e-02,-1.423655e+00
0.325000,0.556250,4.287624e-02,-1.367783e+00
0.331250,0.556250,4.820480e-02,-1.316910e+00
0.337500,0.556250,5.365461e-02,-1.270393e+00
0.343750,0.556250,5.920547e-02,-1.227638e+00
0.350000,0.556250,6.484395e-02,-1.188131e+00
0.356250,0.556250,7.056099e-02,-1.151435e+00
0.362500,0.556250,7.635032e-02,-1.117189e+00
0.368750,0.556250,8.220758e-02,-1.085088e+00
0.375000,0.556250,8.812974e-02,-1.054878e+00
0.381250,0.556250,9.569409e-02,-1.019115e+00
0.387500,0.556250,1.036759e-01,-9.843223e-01
0.393750,0.556250,1.120631e-01,-9.505375e-01
0.400000,0.556250,1.208538e-01,-9.177397e-01
0.406250,0.556250,1.300531e-01,-8.858794e-01
0.412500,0.556250,1.396706e-01,-8.548949e-01
0.418750,0.556250,1.497190e-01,-8.247230e-01
0.425000,0.556250,1.602126e-01,-7.953033e-01
0.431250,0.556250,1.711665e-01,-7.665812e-01
0.437500,0.556250,1.825961e-01,-7.385085e-01
0.443750,0.556250,1.857376e-01,-7.311002e-01
0.450000,0.556250,1.893034e-01,-7.228416e-01
0.456250,0.556250,1.932358e-01,-7.139125e-01
0.462500,0.556250,1.974800e-01,-7.044770e-01
0.468750,0.556250,2.019851e-01,-6.946807e-01
0.475000,0.556250,2.067043e-01,-6.846506e-01
0.481250,0.556250,2.115948e-01,-6.744950e-01
0.487500,0.556250,2.166182e-01,-6.643051e-01
0.493750,0.556250,2.217397e-01,-6.541566e-01
0.500000,0.556250,2.510090e-01,-6.003107e-01
0.506250,0.556250,2.525732e-01,-5.976127e-01
0.512500,0.556250,2.537503e-01,-5.955935e-01
0.518750,0.556250,2.544494e-01,-5.943987e-01
0.525000,0.556250,2.545944e-01,-5.941512e-01
0.531250,0.556250,2.541225e-01,-5.949568e-01
0.537500,0.556250,2.529825e-01,-5.969095e-01
0.543750,0.556250,2.511335e-01,-6.000953e-01
0.550000,0.556250,2.485445e-01,-6.045959e-01
0.556250,0.556250,2.451932e-01,-6.104916e-01
0.562500,0.556250,2.410663e-01,-6.178636e-01
0.568750,0.556250,2.379318e-01,-6.235475e-01
0.575000,0.556250,2.349494e-01,-6.290257e-01
0.581250,0.556250,2.321195e-01,-6.342883e-01
0.587500,0.556250,2.294427e-01,-6.393258e-01
0.593750,0.556250,2.269193e-01,-6.441286e-01
0.600000,0.556250,2.245498e-01,-6.486872e-01
0.606250,0.556250,2.223349e-01,-6.529925e-01
0.612500,0.556250,2.202748e-01,-6.570352e-01
0.618750,0.556250,2.183701e-01,-6.608068e-01
0.625000,0.556250,2.166213e-01,-6.642988e-01
0.631250,0.556250,2.150324e-01,-6.674961e-01
0.637500,0.556250,2.134116e-01,-6.707819e-01
0.643750,0.556250,2.117590e-01,-6.741581e-01
0.650000,0.556250,2.100745e-01,-6.776266e-01
0.656250,0.556250,2.083582e-01,-6.811894e-01
0.662500,0.556250,2.066100e-01,-6.848486e-01
0.668750,0.556250,2.048300e-01,-6.886065e-01
0.675000,0.556250,2.030180e-01,-6.924653e-01
0.681250,0.556250,2.011743e-01,-6.964276e-01
0.687500,0.556250,1.992986e-01,-7.004957e-01
0.693750,0.556250,1.974649e-01,-7.045100e-01
0.700000,0.556250,1.956156e-01,-7.085965e-01
0.706250,0.556250,1.937507e-01,-7.127567e-01
0.712500,0.556250,1.918703e-01,-7.169922e-01
0.718750,0.556250,1.899745e-01,-7.213048e-01
0.725000,0.556250,1.880632e-01,-7.256963e-01
0.731250,0.556250,1.861365e-01,-7.301685e-01
0.737500,0.556250,1.841945e-01,-7.347234e-01
0.743750,0.556250,1.822372e-01,-7.393629e-01
0.750000,0.556250,1.802647e-01,-7.440892e-01
0.250000,0.562500,3.805061e-02,-1.419638e+00
0.256250,0.562500,3.309974e-02,-1.480175e+00
0.262500,0.562500,2.841573e-02,-1.546441e+00
0.268750,0.562500,2.417850e-02,-1.616571e+00
0.275000,0.562500,2.069663e-02,-1.684100e+00
0.281250,0.562500,1.844387e-02,-1.734148e+00
0.287500,0.562500,1.793593e-02,-1.746276e+00
0.293750,0.562500,1.935683e-02,-1.713166e+00
0.300000,0.562500,2.238451e-02,-1.650052e+00
0.306250,0.562500,2.651243e-02,-1.576550e+00
0.312500,0.562500,3.134389e-02,-1.503847e+00
0.318750,0.562500,3.627216e-02,-1.440427e+00
0.325000,0.562500,4.138458e-02,-1.383161e+00
0.331250,0.562500,4.662748e-02,-1.331358e+00
0.337500,0.562500,5.196764e-02,-1.284267e+00
0.343750,0.562500,5.738368e-02,-1.241212e+00
0.350000,0.562500,6.286131e-02,-1.201617e+00
0.356250,0.562500,6.839072e-02,-1.165003e+00
0.362500,0.562500,7.396496e-02,-1.130974e+00
0.368750,0.562500,7.957901e-02,-1.099201e+00
0.375000,0.562500,8.522917e-02,-1.069412e+00
0.381250,0.562500,9.201881e-02,-1.036123e+00
0.387500,0.562500,9.933822e-02,-1.002884e+00
0.393750,0.562500,1.071777e-01,-9.698955e-01
0.400000,0.562500,1.155412e-01,-9.372631e-01
0.406250,0.562500,1.244418e-01,-9.050338e-01
0.412500,0.562500,1.338983e-01,-8.732250e-01
0.418750,0.562500,1.439327e-01,-8.418404e-01
0.425000,0.562500,1.545688e-01,-8.108783e-01
0.431250,0.562500,1.658300e-01,-7.803368e-01
0.437500,0.562500,1.777396e-01,-7.502158e-01
0.443750,0.562500,1.825961e-01,-7.385085e-01
0.450000,0.562500,1.869817e-01,-7.282009e-01
0.456250,0.562500,1.907328e-01,-7.195747e-01
0.462500,0.562500,1.937208e-01,-7.128238e-01
0.468750,0.562500,1.958445e-01,-7.080886e-01
0.475000,0.562500,1.970239e-01,-7.054811e-01
0.481250,0.562500,1.971952e-01,-7.051037e-01
0.487500,0.562500,1.963074e-01,-7.070634e-01
0.493750,0.562500,1.943194e-01,-7.114839e-01
0.500000,0.562500,2.133970e-01,-6.708116e-01
0.506250,0.562500,2.193895e-01,-6.587841e-01
0.512500,0.562500,2.248556e-01,-6.480962e-01
0.518750,0.562500,2.295793e-01,-6.390672e-01
0.525000,0.562500,2.333926e-01,-6.319129e-01
0.531250,0.562500,2.361650e-01,-6.267845e-01
0.537500,0.562500,2.377954e-01,-6.237966e-01
0.543750,0.562500,2.382058e-01,-6.230477e-01
0.550000,0.562500,2.373364e-01,-6.246356e-01
0.556250,0.562500,2.351429e-01,-6.286682e-01
0.562500,0.562500,2.315934e-01,-6.352739e-01
0.568750,0.562500,2.286353e-01,-6.408567e-01
0.575000,0.562500,2.258274e-01,-6.462233e-01
0.581250,0.562500,2.231702e-01,-6.513638e-01
0.587500,0.562500,2.206644e-01,-6.562678e-01
0.593750,0.562500,2.183104e-01,-6.609255e-01
0.600000,0.562500,2.161090e-01,-6.653271e-01
0.606250,0.562500,2.140608e-01,-6.694629e-01
0.612500,0.562500,2.121663e-01,-6.733235e-01
0.618750,0.562500,2.104263e-01,-6.769001e-01
0.625000,0.562500,2.088411e-01,-6.801840e-01
0.631250,0.562500,2.074372e-01,-6.831133e-01
0.637500,0.562500,2.059823e-01,-6.861701e-01
0.643750,0.562500,2.044764e-01,-6.893568e-01
0.650000,0.562500,2.029194e-01,-6.926764e-01
0.656250,0.562500,2.013114e-01,-6.961316e-01
0.662500,0.562500,1.996524e-01,-6.997256e-01
0.668750,0.562500,1.979422e-01,-7.034616e-01
0.675000,0.562500,1.961810e-01,-7.073431e-01
0.681250,0.562500,1.943686e-01,-7.113738e-01
0.687500,0.562500,1.925052e-01,-7.155575e-01
0.693750,0.562500,1.906831e-01,-7.196878e-01
0.700000,0.562500,1.888492e-01,-7.238850e-01
0.706250,0.562500,1.870034e-01,-7.281505e-01
0.712500,0.562500,1.851459e-01,-7.324859e-01
0.718750,0.562500,1.832767e-01,-7.368928e-01
0.725000,0.562500,1.813958e-01,-7.413728e-01
0.731250,0.562500,1.795034e-01,-7.459274e-01
0.737500,0.562500,1.775994e-01,-7.505585e-01
0.743750,0.562500,1.756839e-01,-7.552679e-01
0.750000,0.562500,1.737571e-01,-7.600574e-01
0.250000,0.568750,3.875512e-02,-1.411671e+00
0.256250,0.568750,3.385575e-02,-1.470368e+00
0.262500,0.568750,2.916641e-02,-1.535117e+00
0.268750,0.568750,2.482840e-02,-1.605051e+00
0.275000,0.568750,2.108897e-02,-1.675945e+00
0.281250,0.568750,1.835543e-02,-1.736235e+00
0.287500,0.568750,1.716020e-02,-1.765478e+00
0.293750,0.568750,1.786122e-02,-1.748089e+00
0.300000,0.568750,2.030601e-02,-1.692375e+00
0.306250,0.568750,2.400626e-02,-1.619676e+00
0.312500,0.568750,2.851231e-02,-1.544968e+00
0.318750,0.568750,3.325364e-02,-1.478161e+00
0.325000,0.568750,3.822676e-02,-1.417633e+00
0.331250,0.568750,4.336152e-02,-1.362895e+00
0.337500,0.568750,4.861545e-02,-1.313226e+00
0.343750,0.568750,5.396175e-02,-1.267914e+00
0.350000,0.568750,5.938291e-02,-1.226339e+00
0.356250,0.568750,6.486710e-02,-1.187976e+00
0.362500,0.568750,7.040609e-02,-1.152390e+00
0.368750,0.568750,7.599405e-02,-1.119220e+00
0.375000,0.568750,8.162676e-02,-1.088167e+00
0.381250,0.568750,8.779679e-02,-1.056521e+00
0.387500,0.568750,9.444173e-02,-1.024836e+00
0.393750,0.568750,1.015598e-01,-9.932783e-01
0.400000,0.568750,1.091587e-01,-9.619416e-01
0.406250,0.568750,1.172528e-01,-9.308770e-01
0.412500,0.568750,1.258600e-01,-9.001122e-01
0.418750,0.568750,1.350007e-01,-8.696640e-01
0.425000,0.568750,1.446956e-01,-8.395446e-01
0.431250,0.568750,1.549655e-01,-8.097651e-01
0.437500,0.568750,1.658300e-01,-7.803368e-01
0.443750,0.568750,1.711665e-01,-7.665812e-01
0.450000,0.568750,1.760262e-01,-7.544228e-01
0.456250,0.568750,1.802776e-01,-7.440583e-01
0.462500,0.568750,1.838186e-01,-7.356106e-01
0.468750,0.568750,1.865693e-01,-7.291598e-01
0.475000,0.568750,1.884670e-01,-7.247646e-01
0.481250,0.568750,1.894622e-01,-7.224774e-01
0.487500,0.568750,1.895156e-01,-7.223549e-01
0.493750,0.568750,1.885961e-01,-7.244673e-01
0.500000,0.568750,2.008818e-01,-6.970594e-01
0.506250,0.568750,2.071535e-01,-6.837078e-01
0.512500,0.568750,2.128102e-01,-6.720076e-01
0.518750,0.568750,2.176829e-01,-6.621757e-01
0.525000,0.568750,2.216409e-01,-6.543501e-01
0.531250,0.568750,2.245829e-01,-6.486233e-01
0.537500,0.568750,2.264301e-01,-6.450658e-01
0.543750,0.568750,2.271213e-01,-6.437421e-01
0.550000,0.568750,2.266089e-01,-6.447231e-01
0.556250,0.568750,2.248564e-01,-6.480948e-01
0.562500,0.568750,2.218365e-01,-6.539670e-01
0.568750,0.568750,2.192463e-01,-6.590677e-01
0.575000,0.568750,2.167719e-01,-6.639970e-01
0.581250,0.568750,2.144138e-01,-6.687472e-01
0.587500,0.568750,2.121728e-01,-6.733104e-01
0.593750,0.568750,2.100493e-01,-6.776787e-01
0.600000,0.568750,2.080442e-01,-6.818445e-01
0.606250,0.568750,2.061579e-01,-6.858000e-01
0.612500,0.568750,2.043912e-01,-6.895378e-01
0.618750,0.568750,2.027447e-01,-6.930505e-01
0.625000,0.568750,2.012189e-01,-6.963312e-01
0.631250,0.568750,1.998925e-01,-6.992035e-01
0.637500,0.568750,1.985171e-01,-7.022021e-01
0.643750,0.568750,1.970928e-01,-7.053293e-01
0.650000,0.568750,1.956195e-01,-7.085880e-01
0.656250,0.568750,1.940972e-01,-7.119808e-01
0.662500,0.568750,1.925259e-01,-7.155108e-01
0.668750,0.568750,1.909056e-01,-7.191813e-01
0.675000,0.568750,1.892363e-01,-7.229955e-01
0.681250,0.568750,1.875180e-01,-7.269571e-01
0.687500,0.568750,1.857506e-01,-7.310698e-01
0.693750,0.568750,1.840297e-01,-7.351120e-01
0.700000,0.568750,1.822932e-01,-7.392296e-01
0.706250,0.568750,1.805410e-01,-7.434241e-01
0.712500,0.568750,1.787733e-01,-7.476974e-01
0.718750,0.568750,1.769901e-01,-7.520511e-01
0.725000,0.568750,1.751914e-01,-7.564872e-01
0.731250,0.568750,1.733774e-01,-7.610075e-01
0.737500,0.568750,1.715482e-01,-7.656139e-01
0.743750,0.568750,1.697037e-01,-7.703086e-01
0.750000,0.568750,1.678442e-01,-7.750937e-01
0.250000,0.575000,3.950895e-02,-1.403304e+00
0.256250,0.575000,3.466803e-02,-1.460071e+00
0.262500,0.575000,2.999034e-02,-1.523019e+00
0.268750,0.575000,2.558537e-02,-1.592008e+00
0.275000,0.575000,2.164652e-02,-1.664612e+00
0.281250,0.575000,1.850812e-02,-1.732638e+00
0.287500,0.575000,1.667076e-02,-1.778045e+00
0.293750,0.575000,1.661772e-02,-1.779429e+00
0.300000,0.575000,1.840812e-02,-1.734990e+00
0.306250,0.575000,2.162798e-02,-1.664984e+00
0.312500,0.575000,2.578224e-02,-1.588679e+00
0.318750,0.575000,3.031071e-02,-1.518404e+00
0.325000,0.575000,3.512695e-02,-1.454360e+00
0.331250,0.575000,4.014003e-02,-1.396422e+00
0.337500,0.575000,4.529603e-02,-1.343940e+00
0.343750,0.575000,5.056173e-02,-1.296178e+00
0.350000,0.575000,5.591589e-02,-1.252465e+00
0.356250,0.575000,6.134442e-02,-1.212225e+00
0.362500,0.575000,6.683776e-02,-1.174978e+00
0.368750,0.575000,7.238923e-02,-1.140326e+00
0.375000,0.575000,7.799410e-02,-1.107938e+00
0.381250,0.575000,8.361802e-02,-1.077700e+00
0.387500,0.575000,8.966445e-02,-1.047380e+00
0.393750,0.575000,9.613706e-02,-1.017109e+00
0.400000,0.575000,1.030460e-01,-9.869690e-01
0.406250,0.575000,1.104055e-01,-9.570093e-01
0.412500,0.575000,1.182324e-01,-9.272635e-01
0.418750,0.575000,1.265445e-01,-8.977569e-01
0.425000,0.575000,1.353597e-01,-8.685106e-01
0.431250,0.575000,1.446956e-01,-8.395446e-01
0.437500,0.575000,1.545688e-01,-8.108783e-01
0.443750,0.575000,1.602126e-01,-7.953033e-01
0.450000,0.575000,1.653973e-01,-7.814715e-01
0.456250,0.575000,1.700211e-01,-7.694973e-01
0.462500,0.575000,1.740051e-01,-7.594380e-01
0.468750,0.575000,1.772884e-01,-7.513197e-01
0.475000,0.575000,1.798233e-01,-7.451540e-01
0.481250,0.575000,1.815725e-01,-7.409498e-01
0.487500,0.575000,1.825068e-01,-7.387210e-01
0.493750,0.575000,1.826031e-01,-7.384918e-01
0.500000,0.575000,1.893797e-01,-7.226667e-01
0.506250,0.575000,1.956854e-01,-7.084416e-01
0.512500,0.575000,2.013299e-01,-6.960917e-01
0.518750,0.575000,2.061862e-01,-6.857404e-01
0.525000,0.575000,2.101563e-01,-6.774576e-01
0.531250,0.575000,2.131641e-01,-6.712860e-01
0.537500,0.575000,2.151501e-01,-6.672585e-01
0.543750,0.575000,2.160676e-01,-6.654104e-01
0.550000,0.575000,2.158799e-01,-6.657879e-01
0.556250,0.575000,2.145580e-01,-6.684553e-01
0.562500,0.575000,2.120795e-01,-6.735013e-01
0.568750,0.575000,2.098582e-01,-6.780740e-01
0.575000,0.575000,2.077186e-01,-6.825247e-01
0.581250,0.575000,2.056611e-01,-6.868479e-01
0.587500,0.575000,2.036865e-01,-6.910378e-01
0.593750,0.575000,2.017953e-01,-6.950890e-01
0.600000,0.575000,1.999881e-01,-6.989959e-01
0.606250,0.575000,1.982656e-01,-7.027527e-01
0.612500,0.575000,1.966283e-01,-7.063539e-01
0.618750,0.575000,1.950769e-01,-7.097941e-01
0.625000,0.575000,1.936119e-01,-7.130679e-01
0.631250,0.575000,1.923636e-01,-7.158771e-01
0.637500,0.575000,1.910684e-01,-7.188110e-01
0.643750,0.575000,1.897264e-01,-7.218721e-01
0.650000,0.575000,1.883376e-01,-7.250630e-01
0.656250,0.575000,1.869018e-01,-7.283864e-01
0.662500,0.575000,1.854192e-01,-7.318452e-01
0.668750,0.575000,1.838897e-01,-7.354426e-01
0.675000,0.575000,1.823133e-01,-7.391817e-01
0.681250,0.575000,1.806899e-01,-7.430661e-01
0.687500,0.575000,1.790196e-01,-7.470994e-01
0.693750,0.575000,1.774012e-01,-7.510435e-01
0.700000,0.575000,1.757633e-01,-7.550718e-01
0.706250,0.575000,1.741061e-01,-7.591861e-01
0.712500,0.575000,1.724295e-01,-7.633884e-01
0.718750,0.575000,1.707338e-01,-7.676806e-01
0.725000,0.575000,1.690189e-01,-7.720648e-01
0.731250,0.575000,1.672849e-01,-7.765431e-01
0.737500,0.575000,1.655321e-01,-7.811178e-01
0.743750,0.575000,1.637604e-01,-7.857910e-01
0.750000,0.575000,1.619700e-01,-7.905653e-01
0.250000,0.581250,4.030901e-02,-1.394598e+00
0.256250,0.581250,3.553145e-02,-1.449387e+00
0.262500,0.581250,3.087892e-02,-1.510338e+00
0.268750,0.581250,2.643521e-02,-1.577817e+00
0.275000,0.581250,2.234858e-02,-1.650750e+00
0.281250,0.581250,1.888292e-02,-1.723931e+00
0.287500,0.581250,1.647375e-02,-1.783208e+00
0.293750,0.581250,1.566109e-02,-1.805178e+00
0.300000,0.581250,1.672354e-02,-1.776672e+00
0.306250,0.581250,1.939502e-02,-1.712310e+00
0.312500,0.581250,2.316042e-02,-1.635254e+00
0.318750,0.581250,2.744609e-02,-1.561519e+00
0.325000,0.581250,3.208629e-02,-1.493681e+00
0.331250,0.581250,3.696353e-02,-1.432227e+00
0.337500,0.581250,4.200972e-02,-1.376650e+00
0.343750,0.581250,4.718392e-02,-1.326206e+00
0.350000,0.581250,5.246056e-02,-1.280167e+00
0.356250,0.581250,5.782307e-02,-1.237899e+00
0.362500,0.581250,6.326043e-02,-1.198868e+00
0.368750,0.581250,6.876511e-02,-1.162632e+00
0.375000,0.581250,7.433187e-02,-1.128825e+00
0.381250,0.581250,7.948282e-02,-1.099727e+00
0.387500,0.581250,8.500549e-02,-1.070553e+00
0.393750,0.581250,9.090691e-02,-1.041403e+00
0.400000,0.581250,9.719810e-02,-1.012342e+00
0.406250,0.581250,1.038925e-01,-9.834156e-01
0.412500,0.581250,1.110050e-01,-9.546574e-01
0.418750,0.581250,1.185507e-01,-9.260960e-01
0.425000,0.581250,1.265445e-01,-8.977569e-01
0.431250,0.581250,1.350007e-01,-8.696640e-01
0.437500,0.581250,1.439327e-01,-8.418404e-01
0.443750,0.581250,1.497190e-01,-8.247230e-01
0.450000,0.581250,1.550866e-01,-8.094256e-01
0.456250,0.581250,1.599597e-01,-7.959895e-01
0.462500,0.581250,1.642798e-01,-7.844159e-01
0.468750,0.581250,1.680019e-01,-7.746858e-01
0.475000,0.581250,1.710910e-01,-7.667728e-01
0.481250,0.581250,1.735198e-01,-7.606509e-01
0.487500,0.581250,1.752671e-01,-7.562995e-01
0.493750,0.581250,1.763166e-01,-7.537069e-01
0.500000,0.581250,1.788151e-01,-7.475958e-01
0.506250,0.581250,1.849276e-01,-7.329982e-01
0.512500,0.581250,1.903740e-01,-7.203923e-01
0.518750,0.581250,1.950631e-01,-7.098248e-01
0.525000,0.581250,1.989245e-01,-7.013118e-01
0.531250,0.581250,2.019029e-01,-6.948575e-01
0.537500,0.581250,2.039551e-01,-6.904655e-01
0.543750,0.581250,2.050466e-01,-6.881474e-01
0.550000,0.581250,2.051500e-01,-6.879285e-01
0.556250,0.581250,2.042432e-01,-6.898524e-01
0.562500,0.581250,2.023086e-01,-6.939857e-01
0.568750,0.581250,2.004588e-01,-6.979748e-01
0.575000,0.581250,1.986569e-01,-7.018964e-01
0.581250,0.581250,1.969031e-01,-7.057474e-01
0.587500,0.581250,1.951981e-01,-7.095243e-01
0.593750,0.581250,1.935424e-01,-7.132239e-01
0.600000,0.581250,1.919364e-01,-7.168425e-01
0.606250,0.581250,1.903808e-01,-7.203769e-01
0.612500,0.581250,1.888759e-01,-7.238235e-01
0.618750,0.581250,1.874223e-01,-7.271788e-01
0.625000,0.581250,1.860205e-01,-7.304392e-01
0.631250,0.581250,1.848509e-01,-7.331783e-01
0.637500,0.581250,1.836367e-01,-7.360405e-01
0.643750,0.581250,1.823778e-01,-7.390281e-01
0.650000,0.581250,1.810741e-01,-7.421437e-01
0.656250,0.581250,1.797257e-01,-7.453899e-01
0.662500,0.581250,1.783325e-01,-7.487695e-01
0.668750,0.581250,1.768946e-01,-7.522855e-01
0.675000,0.581250,1.754119e-01,-7.559410e-01
0.681250,0.581250,1.738844e-01,-7.597393e-01
0.687500,0.581250,1.723122e-01,-7.636840e-01
0.693750,0.581250,1.707976e-01,-7.675182e-01
0.700000,0.581250,1.692599e-01,-7.714459e-01
0.706250,0.581250,1.676991e-01,-7.754693e-01
0.712500,0.581250,1.661154e-01,-7.795902e-01
0.718750,0.581250,1.645087e-01,-7.838110e-01
0.725000,0.581250,1.628794e-01,-7.881339e-01
0.731250,0.581250,1.612274e-01,-7.925611e-01
0.737500,0.581250,1.595529e-01,-7.970952e-01
0.743750,0.581250,1.578561e-01,-8.017386e-01
0.750000,0.581250,1.561371e-01,-8.064940e-01
0.250000,0.587500,4.115226e-02,-1.385606e+00
0.256250,0.587500,3.644113e-02,-1.438408e+00
0.262500,0.587500,3.182412e-02,-1.497244e+00
0.268750,0.587500,2.736458e-02,-1.562811e+00
0.275000,0.587500,2.317417e-02,-1.634996e+00
0.281250,0.587500,1.945457e-02,-1.710978e+00
0.287500,0.587500,1.656095e-02,-1.780915e+00
0.293750,0.587500,1.502063e-02,-1.823312e+00
0.300000,0.587500,1.529238e-02,-1.815525e+00
0.306250,0.587500,1.733156e-02,-1.761162e+00
0.312500,0.587500,2.065656e-02,-1.684942e+00
0.318750,0.587500,2.466383e-02,-1.607939e+00
0.325000,0.587500,2.910643e-02,-1.536011e+00
0.331250,0.587500,3.383280e-02,-1.470662e+00
0.337500,0.587500,3.875701e-02,-1.411650e+00
0.343750,0.587500,4.382873e-02,-1.358241e+00
0.350000,0.587500,4.901735e-02,-1.309650e+00
0.356250,0.587500,5.430352e-02,-1.265172e+00
0.362500,0.587500,5.967465e-02,-1.224210e+00
0.368750,0.587500,6.512234e-02,-1.186270e+00
0.375000,0.587500,7.064091e-02,-1.150944e+00
0.381250,0.587500,7.539157e-02,-1.122677e+00
0.387500,0.587500,8.046389e-02,-1.094399e+00
0.393750,0.587500,8.586639e-02,-1.066177e+00
0.400000,0.587500,9.160972e-02,-1.038058e+00
0.406250,0.587500,9.770573e-02,-1.010080e+00
0.412500,0.587500,1.041667e-01,-9.822709e-01
0.418750,0.587500,1.110050e-01,-9.546574e-01
0.425000,0.587500,1.182324e-01,-9.272635e-01
0.431250,0.587500,1.258600e-01,-9.001122e-01
0.437500,0.587500,1.338983e-01,-8.732250e-01
0.443750,0.587500,1.396706e-01,-8.548949e-01
0.450000,0.587500,1.450859e-01,-8.383748e-01
0.456250,0.587500,1.500902e-01,-8.236475e-01
0.462500,0.587500,1.546423e-01,-8.106718e-01
0.468750,0.587500,1.587099e-01,-7.993959e-01
0.475000,0.587500,1.622684e-01,-7.897661e-01
0.481250,0.587500,1.652983e-01,-7.817317e-01
0.487500,0.587500,1.677846e-01,-7.752478e-01
0.493750,0.587500,1.697160e-01,-7.702773e-01
0.500000,0.587500,1.691091e-01,-7.718330e-01
0.506250,0.587500,1.748224e-01,-7.574030e-01
0.512500,0.587500,1.799032e-01,-7.449610e-01
0.518750,0.587500,1.842897e-01,-7.344990e-01
0.525000,0.587500,1.879331e-01,-7.259967e-01
0.531250,0.587500,1.907954e-01,-7.194321e-01
0.537500,0.587500,1.928461e-01,-7.147891e-01
0.543750,0.587500,1.940609e-01,-7.120619e-01
0.550000,0.587500,1.944201e-01,-7.112589e-01
0.556250,0.587500,1.939074e-01,-7.124055e-01
0.562500,0.587500,1.925098e-01,-7.155471e-01
0.568750,0.587500,1.910361e-01,-7.188846e-01
0.575000,0.587500,1.895764e-01,-7.222158e-01
0.581250,0.587500,1.881311e-01,-7.255394e-01
0.587500,0.587500,1.867005e-01,-7.288544e-01
0.593750,0.587500,1.852850e-01,-7.321597e-01
0.600000,0.587500,1.838849e-01,-7.354540e-01
0.606250,0.587500,1.825005e-01,-7.387360e-01
0.612500,0.587500,1.811322e-01,-7.420044e-01
0.618750,0.587500,1.797803e-01,-7.452579e-01
0.625000,0.587500,1.784452e-01,-7.484951e-01
0.631250,0.587500,1.773550e-01,-7.511564e-01
0.637500,0.587500,1.762224e-01,-7.539390e-01
0.643750,0.587500,1.750471e-01,-7.568451e-01
0.650000,0.587500,1.738293e-01,-7.598770e-01
0.656250,0.587500,1.725689e-01,-7.630374e-01
0.662500,0.587500,1.712660e-01,-7.663289e-01
0.668750,0.587500,1.699205e-01,-7.697543e-01
0.675000,0.587500,1.685324e-01,-7.733167e-01
0.681250,0.587500,1.671017e-01,-7.770192e-01
0.687500,0.587500,1.656284e-01,-7.808652e-01
0.693750,0.587500,1.642193e-01,-7.845759e-01
0.700000,0.587500,1.627834e-01,-7.883899e-01
0.706250,0.587500,1.613208e-01,-7.923095e-01
0.712500,0.587500,1.598318e-01,-7.963369e-01
0.718750,0.587500,1.583163e-01,-8.004745e-01
0.725000,0.587500,1.567745e-01,-8.047246e-01
0.731250,0.587500,1.552066e-01,-8.090897e-01
0.737500,0.587500,1.536128e-01,-8.135726e-01
0.743750,0.587500,1.519932e-01,-8.181758e-01
0.750000,0.587500,1.503480e-01,-8.229024e-01
0.250000,0.593750,4.203578e-02,-1.376381e+00
0.256250,0.593750,3.739253e-02,-1.427215e+00
0.262500,0.593750,3.281854e-02,-1.483881e+00
0.268750,0.593750,2.836121e-02,-1.547275e+00
0.275000,0.593750,2.410328e-02,-1.617924e+00
0.281250,0.593750,2.019474e-02,-1.694762e+00
0.287500,0.593750,1.691028e-02,-1.771849e+00
0.293750,0.593750,1.471246e-02,-1.832315e+00
0.300000,0.593750,1.415989e-02,-1.848940e+00
0.306250,0.593750,1.547102e-02,-1.810481e+00
0.312500,0.593750,1.828500e-02,-1.737905e+00
0.318750,0.593750,2.196997e-02,-1.658171e+00
0.325000,0.593750,2.618990e-02,-1.581866e+00
0.331250,0.593750,3.074902e-02,-1.512169e+00
0.337500,0.593750,3.553859e-02,-1.449300e+00
0.343750,0.593750,4.049672e-02,-1.392580e+00
0.350000,0.593750,4.558681e-02,-1.341161e+00
0.356250,0.593750,5.078637e-02,-1.294253e+00
0.362500,0.593750,5.608113e-02,-1.251183e+00
0.368750,0.593750,6.146181e-02,-1.211395e+00
0.375000,0.593750,6.692228e-02,-1.174429e+00
0.381250,0.593750,7.134475e-02,-1.146638e+00
0.387500,0.593750,7.603864e-02,-1.118966e+00
0.393750,0.593750,8.101232e-02,-1.091449e+00
0.400000,0.593750,8.627501e-02,-1.064115e+00
0.406250,0.593750,9.183630e-02,-1.036986e+00
0.412500,0.593750,9.770573e-02,-1.010080e+00
0.418750,0.593750,1.038925e-01,-9.834156e-01
0.425000,0.593750,1.104055e-01,-9.570093e-01
0.431250,0.593750,1.172528e-01,-9.308770e-01
0.437500,0.593750,1.244418e-01,-9.050338e-01
0.443750,0.593750,1.300531e-01,-8.858794e-01
0.450000,0.593750,1.353879e-01,-8.684202e-01
0.456250,0.593750,1.404103e-01,-8.526011e-01
0.462500,0.593750,1.450924e-01,-8.383554e-01
0.468750,0.593750,1.494125e-01,-8.256131e-01
0.475000,0.593750,1.533537e-01,-8.143058e-01
0.481250,0.593750,1.569026e-01,-8.043698e-01
0.487500,0.593750,1.600489e-01,-7.957472e-01
0.493750,0.593750,1.627846e-01,-7.883867e-01
0.500000,0.593750,1.601827e-01,-7.953845e-01
0.506250,0.593750,1.653141e-01,-7.816902e-01
0.512500,0.593750,1.698814e-01,-7.698542e-01
0.518750,0.593750,1.738447e-01,-7.598385e-01
0.525000,0.593750,1.771725e-01,-7.516037e-01
0.531250,0.593750,1.798395e-01,-7.451149e-01
0.537500,0.593750,1.818255e-01,-7.403452e-01
0.543750,0.593750,1.831139e-01,-7.372786e-01
0.550000,0.593750,1.836913e-01,-7.359115e-01
0.556250,0.593750,1.835463e-01,-7.362543e-01
0.562500,0.593750,1.826697e-01,-7.383334e-01
0.568750,0.593750,1.815780e-01,-7.409368e-01
0.575000,0.593750,1.804669e-01,-7.436026e-01
0.581250,0.593750,1.793363e-01,-7.463317e-01
0.587500,0.593750,1.781865e-01,-7.491253e-01
0.593750,0.593750,1.770174e-01,-7.519841e-01
0.600000,0.593750,1.758291e-01,-7.549092e-01
0.606250,0.593750,1.746218e-01,-7.579016e-01
0.612500,0.593750,1.733955e-01,-7.609621e-01
0.618750,0.593750,1.721505e-01,-7.640918e-01
0.625000,0.593750,1.708868e-01,-7.672915e-01
0.631250,0.593750,1.698766e-01,-7.698664e-01
0.637500,0.593750,1.688260e-01,-7.725605e-01
0.643750,0.593750,1.677351e-01,-7.753760e-01
0.650000,0.593750,1.666039e-01,-7.783150e-01
0.656250,0.593750,1.654322e-01,-7.813799e-01
0.662500,0.593750,1.642202e-01,-7.845734e-01
0.668750,0.593750,1.629678e-01,-7.878982e-01
0.675000,0.593750,1.616751e-01,-7.913570e-01
0.681250,0.593750,1.603419e-01,-7.949529e-01
0.687500,0.593750,1.589684e-01,-7.986891e-01
0.693750,0.593750,1.576666e-01,-8.022602e-01
0.700000,0.593750,1.563345e-01,-8.059451e-01
0.706250,0.593750,1.549723e-01,-8.097460e-01
0.712500,0.593750,1.535800e-01,-8.136654e-01
0.718750,0.593750,1.521578e-01,-8.177057e-01
0.725000,0.593750,1.507060e-01,-8.218694e-01
0.731250,0.593750,1.492247e-01,-8.261592e-01
0.737500,0.593750,1.477142e-01,-8.305778e-01
0.743750,0.593750,1.461746e-01,-8.351282e-01
0.750000,0.593750,1.446061e-01,-8.398133e-01
0.250000,0.600000,4.295679e-02,-1.366968e+00
0.256250,0.600000,3.838139e-02,-1.415879e+00
0.262500,0.600000,3.385549e-02,-1.470371e+00
0.268750,0.600000,2.941408e-02,-1.531445e+00
0.275000,0.600000,2.511755e-02,-1.600023e+00
0.281250,0.600000,2.107490e-02,-1.676234e+00
0.287500,0.600000,1.748950e-02,-1.757223e+00
0.293750,0.600000,1.473316e-02,-1.831704e+00
0.300000,0.600000,1.336975e-02,-1.873877e+00
0.306250,0.600000,1.385823e-02,-1.858292e+00
0.312500,0.600000,1.606704e-02,-1.794064e+00
0.318750,0.600000,1.937371e-02,-1.712787e+00
0.325000,0.600000,2.334049e-02,-1.631890e+00
0.331250,0.600000,2.771393e-02,-1.557302e+00
0.337500,0.600000,3.235546e-02,-1.490052e+00
0.343750,0.600000,3.718864e-02,-1.429590e+00
0.350000,0.600000,4.216966e-02,-1.375000e+00
0.356250,0.600000,4.727241e-02,-1.325392e+00
0.362500,0.600000,5.248078e-02,-1.280000e+00
0.368750,0.600000,5.778461e-02,-1.238188e+00
0.375000,0.600000,6.317736e-02,-1.199439e+00
0.381250,0.600000,6.734299e-02,-1.171708e+00
0.387500,0.600000,7.172864e-02,-1.144307e+00
0.393750,0.600000,7.634121e-02,-1.117241e+00
0.400000,0.600000,8.118771e-02,-1.090510e+00
0.406250,0.600000,8.627501e-02,-1.064115e+00
0.412500,0.600000,9.160972e-02,-1.038058e+00
0.418750,0.600000,9.719810e-02,-1.012342e+00
0.425000,0.600000,1.030460e-01,-9.869690e-01
0.431250,0.600000,1.091587e-01,-9.619416e-01
0.437500,0.600000,1.155412e-01,-9.372631e-01
0.443750,0.600000,1.208538e-01,-9.177397e-01
0.450000,0.600000,1.259868e-01,-8.996751e-01
0.456250,0.600000,1.309181e-01,-8.830003e-01
0.462500,0.600000,1.356304e-01,-8.676431e-01
0.468750,0.600000,1.401098e-01,-8.535315e-01
0.475000,0.600000,1.443454e-01,-8.405970e-01
0.481250,0.600000,1.483284e-01,-8.287757e-01
0.487500,0.600000,1.520518e-01,-8.180086e-01
0.493750,0.600000,1.555098e-01,-8.082422e-01
0.500000,0.600000,1.519608e-01,-8.182684e-01
0.506250,0.600000,1.563525e-01,-8.058953e-01
0.512500,0.600000,1.602774e-01,-7.951277e-01
0.518750,0.600000,1.637118e-01,-7.859199e-01
0.525000,0.600000,1.666365e-01,-7.782297e-01
0.531250,0.600000,1.690360e-01,-7.720209e-01
0.537500,0.600000,1.708973e-01,-7.672649e-01
0.543750,0.600000,1.722099e-01,-7.639418e-01
0.550000,0.600000,1.729651e-01,-7.620414e-01
0.556250,0.600000,1.731555e-01,-7.615636e-01
0.562500,0.600000,1.727749e-01,-7.625193e-01
0.568750,0.600000,1.720729e-01,-7.642876e-01
0.575000,0.600000,1.713181e-01,-7.661968e-01
0.581250,0.600000,1.705102e-01,-7.682497e-01
0.587500,0.600000,1.696488e-01,-7.704492e-01
0.593750,0.600000,1.687338e-01,-7.727979e-01
0.600000,0.600000,1.677648e-01,-7.752991e-01
0.606250,0.600000,1.667417e-01,-7.779557e-01
0.612500,0.600000,1.656644e-01,-7.807709e-01
0.618750,0.600000,1.645326e-01,-7.837481e-01
0.625000,0.600000,1.633463e-01,-7.868908e-01
0.631250,0.600000,1.624166e-01,-7.893697e-01
0.637500,0.600000,1.614487e-01,-7.919655e-01
0.643750,0.600000,1.604427e-01,-7.946801e-01
0.650000,0.600000,1.593985e-01,-7.975156e-01
0.656250,0.600000,1.583163e-01,-8.004745e-01
0.662500,0.600000,1.571958e-01,-8.035590e-01
0.668750,0.600000,1.560373e-01,-8.067717e-01
0.675000,0.600000,1.548406e-01,-8.101153e-01
0.681250,0.600000,1.536057e-01,-8.135925e-01
0.687500,0.600000,1.523328e-01,-8.172065e-01
0.693750,0.600000,1.511404e-01,-8.206194e-01
0.700000,0.600000,1.499143e-01,-8.241570e-01
0.706250,0.600000,1.486546e-01,-8.278217e-01
0.712500,0.600000,1.473615e-01,-8.316159e-01
0.718750,0.600000,1.460353e-01,-8.355421e-01
0.725000,0.600000,1.446762e-01,-8.396030e-01
0.731250,0.600000,1.432843e-01,-8.438014e-01
0.737500,0.600000,1.418600e-01,-8.481400e-01
0.743750,0.600000,1.404036e-01,-8.526219e-01
0.750000,0.600000,1.389152e-01,-8.572502e-01
0.250000,0.606250,4.391262e-02,-1.357411e+00
0.256250,0.606250,3.940381e-02,-1.404462e+00
0.262500,0.606250,3.492892e-02,-1.456815e+00
0.268750,0.606250,3.051341e-02,-1.515509e+00
0.275000,0.606250,2.620070e-02,-1.581687e+00
0.281250,0.606250,2.206830e-02,-1.656231e+00
0.287500,0.606250,1.826147e-02,-1.738464e+00
0.293750,0.606250,1.505853e-02,-1.822217e+00
0.300000,0.606250,1.295260e-02,-1.887643e+00
0.306250,0.606250,1.254970e-02,-1.901367e+00
0.312500,0.606250,1.403470e-02,-1.852797e+00
0.318750,0.606250,1.688945e-02,-1.772385e+00
0.325000,0.606250,2.056415e-02,-1.686889e+00
0.331250,0.606250,2.473018e-02,-1.606773e+00
0.337500,0.606250,2.920911e-02,-1.534482e+00
0.343750,0.606250,3.390557e-02,-1.469729e+00
0.350000,0.606250,3.876688e-02,-1.411539e+00
0.356250,0.606250,4.376267e-02,-1.358896e+00
0.362500,0.606250,4.887481e-02,-1.310915e+00
0.368750,0.606250,5.409219e-02,-1.266865e+00
0.375000,0.606250,5.940790e-02,-1.226156e+00
0.381250,0.606250,6.338705e-02,-1.197999e+00
0.387500,0.606250,6.753271e-02,-1.170486e+00
0.393750,0.606250,7.184934e-02,-1.143577e+00
0.400000,0.606250,7.634121e-02,-1.117241e+00
0.406250,0.606250,8.101232e-02,-1.091449e+00
0.412500,0.606250,8.586639e-02,-1.066177e+00
0.418750,0.606250,9.090691e-02,-1.041403e+00
0.425000,0.606250,9.613706e-02,-1.017109e+00
0.431250,0.606250,1.015598e-01,-9.932783e-01
0.437500,0.606250,1.071777e-01,-9.698955e-01
0.443750,0.606250,1.120631e-01,-9.505375e-01
0.450000,0.606250,1.168788e-01,-9.322642e-01
0.456250,0.606250,1.216132e-01,-9.150191e-01
0.462500,0.606250,1.262569e-01,-8.987449e-01
0.468750,0.606250,1.308020e-01,-8.833856e-01
0.475000,0.606250,1.352421e-01,-8.688880e-01
0.481250,0.606250,1.395720e-01,-8.552018e-01
0.487500,0.606250,1.437871e-01,-8.422801e-01
0.493750,0.606250,1.478838e-01,-8.300794e-01
0.500000,0.606250,1.443779e-01,-8.404991e-01
0.506250,0.606250,1.478961e-01,-8.300433e-01
0.512500,0.606250,1.510680e-01,-8.208275e-01
0.518750,0.606250,1.538809e-01,-8.128152e-01
0.525000,0.606250,1.563242e-01,-8.059738e-01
0.531250,0.606250,1.583890e-01,-8.002750e-01
0.537500,0.606250,1.600679e-01,-7.956959e-01
0.543750,0.606250,1.613545e-01,-7.922188e-01
0.550000,0.606250,1.622437e-01,-7.898320e-01
0.556250,0.606250,1.627309e-01,-7.885299e-01
0.562500,0.606250,1.628122e-01,-7.883130e-01
0.568750,0.606250,1.625092e-01,-7.891222e-01
0.575000,0.606250,1.621200e-01,-7.901633e-01
0.581250,0.606250,1.616441e-01,-7.914402e-01
0.587500,0.606250,1.610805e-01,-7.929570e-01
0.593750,0.606250,1.604286e-01,-7.947182e-01
0.600000,0.606250,1.596878e-01,-7.967283e-01
0.606250,0.606250,1.588575e-01,-7.989923e-01
0.612500,0.606250,1.579372e-01,-8.015156e-01
0.618750,0.606250,1.569264e-01,-8.043039e-01
0.625000,0.606250,1.558249e-01,-8.073633e-01
0.631250,0.606250,1.549761e-01,-8.097352e-01
0.637500,0.606250,1.540915e-01,-8.122214e-01
0.643750,0.606250,1.531709e-01,-8.148237e-01
0.650000,0.606250,1.522145e-01,-8.175441e-01
0.656250,0.606250,1.512221e-01,-8.203847e-01
0.662500,0.606250,1.501938e-01,-8.233479e-01
0.668750,0.606250,1.491297e-01,-8.264358e-01
0.675000,0.606250,1.480297e-01,-8.296511e-01
0.681250,0.606250,1.468939e-01,-8.329963e-01
0.687500,0.606250,1.457222e-01,-8.364742e-01
0.693750,0.606250,1.446416e-01,-8.397068e-01
0.700000,0.606250,1.435239e-01,-8.430757e-01
0.706250,0.606250,1.423694e-01,-8.465832e-01
0.712500,0.606250,1.411784e-01,-8.502318e-01
0.718750,0.606250,1.399510e-01,-8.540240e-01
0.725000,0.606250,1.386876e-01,-8.579625e-01
0.731250,0.606250,1.373884e-01,-8.620499e-01
0.737500,0.606250,1.360538e-01,-8.662893e-01
0.743750,0.606250,1.346841e-01,-8.706836e-01
0.750000,0.606250,1.332797e-01,-8.752358e-01
0.250000,0.612500,4.490075e-02,-1.347746e+00
0.256250,0.612500,4.045619e-02,-1.393015e+00
0.262500,0.612500,3.603342e-02,-1.443295e+00
0.268750,0.612500,3.165067e-02,-1.499617e+00
0.275000,0.612500,2.733858e-02,-1.563224e+00
0.281250,0.612500,2.315115e-02,-1.635427e+00
0.287500,0.612500,1.918890e-02,-1.716950e+00
0.293750,0.612500,1.564845e-02,-1.805529e+00
0.300000,0.612500,1.291379e-02,-1.888946e+00
0.306250,0.612500,1.160799e-02,-1.935243e+00
0.312500,0.612500,1.223580e-02,-1.912368e+00
0.318750,0.612500,1.454032e-02,-1.837426e+00
0.325000,0.612500,1.787034e-02,-1.747867e+00
0.331250,0.612500,2.180192e-02,-1.661505e+00
0.337500,0.612500,2.610172e-02,-1.583331e+00
0.343750,0.612500,3.064903e-02,-1.513583e+00
0.350000,0.612500,3.537981e-02,-1.451245e+00
0.356250,0.612500,4.025855e-02,-1.395142e+00
0.362500,0.612500,4.526479e-02,-1.344240e+00
0.368750,0.612500,5.038642e-02,-1.297686e+00
0.375000,0.612500,5.561621e-02,-1.254799e+00
0.381250,0.612500,5.947790e-02,-1.225644e+00
0.387500,0.612500,6.344958e-02,-1.197571e+00
0.393750,0.612500,6.753271e-02,-1.170486e+00
0.400000,0.612500,7.172864e-02,-1.144307e+00
0.406250,0.612500,7.603864e-02,-1.118966e+00
0.412500,0.612500,8.046389e-02,-1.094399e+00
0.418750,0.612500,8.500549e-02,-1.070553e+00
0.425000,0.612500,8.966445e-02,-1.047380e+00
0.431250,0.612500,9.444173e-02,-1.024836e+00
0.437500,0.612500,9.933822e-02,-1.002884e+00
0.443750,0.612500,1.036759e-01,-9.843223e-01
0.450000,0.612500,1.080635e-01,-9.663211e-01
0.456250,0.612500,1.124971e-01,-9.488588e-01
0.462500,0.612500,1.169733e-01,-9.319132e-01
0.468750,0.612500,1.214893e-01,-9.154619e-01
0.475000,0.612500,1.260425e-01,-8.994829e-01
0.481250,0.612500,1.306307e-01,-8.839546e-01
0.487500,0.612500,1.352520e-01,-8.688562e-01
0.493750,0.612500,1.399047e-01,-8.541677e-01
0.500000,0.612500,1.373837e-01,-8.620648e-01
0.506250,0.612500,1.399167e-01,-8.541304e-01
0.512500,0.612500,1.422410e-01,-8.469751e-01
0.518750,0.612500,1.443508e-01,-8.405807e-01
0.525000,0.612500,1.462412e-01,-8.349302e-01
0.531250,0.612500,1.479078e-01,-8.300090e-01
0.537500,0.612500,1.493469e-01,-8.258039e-01
0.543750,0.612500,1.505552e-01,-8.223043e-01
0.550000,0.612500,1.515299e-01,-8.195017e-01
0.556250,0.612500,1.522685e-01,-8.173899e-01
0.562500,0.612500,1.527688e-01,-8.159653e-01
0.568750,0.612500,1.528755e-01,-8.156622e-01
0.575000,0.612500,1.528629e-01,-8.156979e-01
0.581250,0.612500,1.527297e-01,-8.160765e-01
0.587500,0.612500,1.524746e-01,-8.168026e-01
0.593750,0.612500,1.520963e-01,-8.178814e-01
0.600000,0.612500,1.515938e-01,-8.193184e-01
0.606250,0.612500,1.509662e-01,-8.211201e-01
0.612500,0.612500,1.502126e-01,-8.232936e-01
0.618750,0.612500,1.493322e-01,-8.258466e-01
0.625000,0.612500,1.483242e-01,-8.287879e-01
0.631250,0.612500,1.475569e-01,-8.310404e-01
0.637500,0.612500,1.467559e-01,-8.334043e-01
0.643750,0.612500,1.459213e-01,-8.358813e-01
0.650000,0.612500,1.450530e-01,-8.384732e-01
0.656250,0.612500,1.441511e-01,-8.411820e-01
0.662500,0.612500,1.432156e-01,-8.440097e-01
0.668750,0.612500,1.422464e-01,-8.469586e-01
0.675000,0.612500,1.412437e-01,-8.500308e-01
0.681250,0.612500,1.402075e-01,-8.532289e-01
0.687500,0.612500,1.391377e-01,-8.565553e-01
0.693750,0.612500,1.381715e-01,-8.595816e-01
0.700000,0.612500,1.371651e-01,-8.627563e-01
0.706250,0.612500,1.361188e-01,-8.660818e-01
0.712500,0.612500,1.350329e-01,-8.695604e-01
0.718750,0.612500,1.339077e-01,-8.731946e-01
0.725000,0.612500,1.327435e-01,-8.769868e-01
0.731250,0.612500,1.315407e-01,-8.809399e-01
0.737500,0.612500,1.302997e-01,-8.850565e-01
0.743750,0.612500,1.290210e-01,-8.893396e-01
0.750000,0.612500,1.277050e-01,-8.937923e-01
0.250000,0.618750,4.591880e-02,-1.338009e+00
0.256250,0.618750,4.153523e-02,-1.381583e+00
0.262500,0.618750,3.716418e-02,-1.429875e+00
0.268750,0.618750,3.281842e-02,-1.483882e+00
0.275000,0.618750,2.851912e-02,-1.544864e+00
0.281250,0.618750,2.430301e-02,-1.614340e+00
0.287500,0.618750,2.023760e-02,-1.693841e+00
0.293750,0.618750,1.645521e-02,-1.783697e+00
0.300000,0.618750,1.322784e-02,-1.878511e+00
0.306250,0.618750,1.108618e-02,-1.955218e+00
0.312500,0.618750,1.073924e-02,-1.969026e+00
0.318750,0.618750,1.236459e-02,-1.907820e+00
0.325000,0.618750,1.527484e-02,-1.816023e+00
0.331250,0.618750,1.893580e-02,-1.722716e+00
0.337500,0.618750,2.303670e-02,-1.637580e+00
0.343750,0.618750,2.742128e-02,-1.561912e+00
0.350000,0.618750,3.201037e-02,-1.494709e+00
0.356250,0.618750,3.676197e-02,-1.434601e+00
0.362500,0.618750,4.165287e-02,-1.380355e+00
0.368750,0.618750,4.666984e-02,-1.330964e+00
0.375000,0.618750,5.180532e-02,-1.285626e+00
0.381250,0.618750,5.561678e-02,-1.254794e+00
0.387500,0.618750,5.947790e-02,-1.225644e+00
0.393750,0.618750,6.338705e-02,-1.197999e+00
0.400000,0.618750,6.734299e-02,-1.171708e+00
0.406250,0.618750,7.134475e-02,-1.146638e+00
0.412500,0.618750,7.539157e-02,-1.122677e+00
0.418750,0.618750,7.948282e-02,-1.099727e+00
0.425000,0.618750,8.361802e-02,-1.077700e+00
0.431250,0.618750,8.779679e-02,-1.056521e+00
0.437500,0.618750,9.201881e-02,-1.036123e+00
0.443750,0.618750,9.569409e-02,-1.019115e+00
0.450000,0.618750,9.954485e-02,-1.001981e+00
0.456250,0.618750,1.035734e-01,-9.847516e-01
0.462500,0.618750,1.077819e-01,-9.674541e-01
0.468750,0.618750,1.121721e-01,-9.501152e-01
0.475000,0.618750,1.167455e-01,-9.327597e-01
0.481250,0.618750,1.215036e-01,-9.154108e-01
0.487500,0.618750,1.264475e-01,-8.980898e-01
0.493750,0.618750,1.315781e-01,-8.808164e-01
0.500000,0.618750,1.309498e-01,-8.828951e-01
0.506250,0.618750,1.324047e-01,-8.780967e-01
0.512500,0.618750,1.337994e-01,-8.735457e-01
0.518750,0.618750,1.351325e-01,-8.692400e-01
0.525000,0.618750,1.364026e-01,-8.651774e-01
0.531250,0.618750,1.376082e-01,-8.613556e-01
0.537500,0.618750,1.387483e-01,-8.577724e-01
0.543750,0.618750,1.398217e-01,-8.544255e-01
0.550000,0.618750,1.408274e-01,-8.513129e-01
0.556250,0.618750,1.417644e-01,-8.484327e-01
0.562500,0.618750,1.426320e-01,-8.457829e-01
0.568750,0.618750,1.431607e-01,-8.441761e-01
0.575000,0.618750,1.435370e-01,-8.430361e-01
0.581250,0.618750,1.437587e-01,-8.423657e-01
0.587500,0.618750,1.438241e-01,-8.421684e-01
0.593750,0.618750,1.437313e-01,-8.424487e-01
0.600000,0.618750,1.434788e-01,-8.432122e-01
0.606250,0.618750,1.430653e-01,-8.444657e-01
0.612500,0.618750,1.424895e-01,-8.462172e-01
0.618750,0.618750,1.417502e-01,-8.484764e-01
0.625000,0.618750,1.408464e-01,-8.512542e-01
0.631250,0.618750,1.401609e-01,-8.533730e-01
0.637500,0.618750,1.394441e-01,-8.556000e-01
0.643750,0.618750,1.386958e-01,-8.579368e-01
0.650000,0.618750,1.379161e-01,-8.603850e-01
0.656250,0.618750,1.371051e-01,-8.629464e-01
0.662500,0.618750,1.362628e-01,-8.656228e-01
0.668750,0.618750,1.353891e-01,-8.684163e-01
0.675000,0.618750,1.344842e-01,-8.713288e-01
0.681250,0.618750,1.335480e-01,-8.743627e-01
0.687500,0.618750,1.325806e-01,-8.775201e-01
0.693750,0.618750,1.317319e-01,-8.803091e-01
0.700000,0.618750,1.308400e-01,-8.832594e-01
0.706250,0.618750,1.299053e-01,-8.863732e-01
0.712500,0.618750,1.289281e-01,-8.896525e-01
0.718750,0.618750,1.279088e-01,-8.930997e-01
0.725000,0.618750,1.268478e-01,-8.967171e-01
0.731250,0.618750,1.257456e-01,-9.005071e-01
0.737500,0.618750,1.246027e-01,-9.044724e-01
0.743750,0.618750,1.234197e-01,-9.086156e-01
0.750000,0.618750,1.221970e-01,-9.129394e-01
0.250000,0.625000,4.696456e-02,-1.328230e+00
0.256250,0.625000,4.263794e-02,-1.370204e+00
0.262500,0.625000,3.831693e-02,-1.416609e+00
0.268750,0.625000,3.401023e-02,-1.468390e+00
0.275000,0.625000,2.973205e-02,-1.526775e+00
0.281250,0.625000,2.550669e-02,-1.593346e+00
0.287500,0.625000,2.137804e-02,-1.670032e+00
0.293750,0.625000,1.743125e-02,-1.758672e+00
0.300000,0.625000,1.384451e-02,-1.858723e+00
0.306250,0.625000,1.100510e-02,-1.958406e+00
0.312500,0.625000,9.634823e-03,-2.016156e+00
0.318750,0.625000,1.042679e-02,-1.981850e+00
0.325000,0.625000,1.280518e-02,-1.892614e+00
0.331250,0.625000,1.614304e-02,-1.792015e+00
0.337500,0.625000,2.001948e-02,-1.698547e+00
0.343750,0.625000,2.422576e-02,-1.615723e+00
0.350000,0.625000,2.866134e-02,-1.542703e+00
0.356250,0.625000,3.327566e-02,-1.477873e+00
0.362500,0.625000,3.804203e-02,-1.419736e+00
0.368750,0.625000,4.294590e-02,-1.367078e+00
0.375000,0.625000,4.797934e-02,-1.318946e+00
0.381250,0.625000,5.180532e-02,-1.285626e+00
0.387500,0.625000,5.561621e-02,-1.254799e+00
0.393750,0.625000,5.940790e-02,-1.226156e+00
0.400000,0.625000,6.317736e-02,-1.199439e+00
0.406250,0.625000,6.692228e-02,-1.174429e+00
0.412500,0.625000,7.064091e-02,-1.150944e+00
0.418750,0.625000,7.433187e-02,-1.128825e+00
0.425000,0.625000,7.799410e-02,-1.107938e+00
0.431250,0.625000,8.162676e-02,-1.088167e+00
0.437500,0.625000,8.522917e-02,-1.069412e+00
0.443750,0.625000,8.812974e-02,-1.054878e+00
0.450000,0.625000,9.133377e-02,-1.039369e+00
0.456250,0.625000,9.484985e-02,-1.022963e+00
0.462500,0.625000,9.868624e-02,-1.005743e+00
0.468750,0.625000,1.028507e-01,-9.877927e-01
0.475000,0.625000,1.073503e-01,-9.691966e-01
0.481250,0.625000,1.121915e-01,-9.500401e-01
0.487500,0.625000,1.173797e-01,-9.304070e-01
0.493750,0.625000,1.229198e-01,-9.103783e-01
0.500000,0.625000,1.250776e-01,-9.028203e-01
0.506250,0.625000,1.253751e-01,-9.017886e-01
0.512500,0.625000,1.257668e-01,-9.004340e-01
0.518750,0.625000,1.262535e-01,-8.987567e-01
0.525000,0.625000,1.268360e-01,-8.967574e-01
0.531250,0.625000,1.275153e-01,-8.944377e-01
0.537500,0.625000,1.282921e-01,-8.918001e-01
0.543750,0.625000,1.291672e-01,-8.888477e-01
0.550000,0.625000,1.301414e-01,-8.855846e-01
0.556250,0.625000,1.312153e-01,-8.820155e-01
0.562500,0.625000,1.323897e-01,-8.781460e-01
0.568750,0.625000,1.333541e-01,-8.749937e-01
0.575000,0.625000,1.341328e-01,-8.724649e-01
0.581250,0.625000,1.347231e-01,-8.705580e-01
0.587500,0.625000,1.351223e-01,-8.692731e-01
0.593750,0.625000,1.353281e-01,-8.686119e-01
0.600000,0.625000,1.353387e-01,-8.685781e-01
0.606250,0.625000,1.351521e-01,-8.691773e-01
0.612500,0.625000,1.347667e-01,-8.704173e-01
0.618750,0.625000,1.341812e-01,-8.723084e-01
0.625000,0.625000,1.333941e-01,-8.748632e-01
0.631250,0.625000,1.327908e-01,-8.768319e-01
0.637500,0.625000,1.321584e-01,-8.789053e-01
0.643750,0.625000,1.314968e-01,-8.810848e-01
0.650000,0.625000,1.308061e-01,-8.833719e-01
0.656250,0.625000,1.300864e-01,-8.857681e-01
0.662500,0.625000,1.293376e-01,-8.882750e-01
0.668750,0.625000,1.285599e-01,-8.908946e-01
0.675000,0.625000,1.277531e-01,-8.936284e-01
0.681250,0.625000,1.269175e-01,-8.964786e-01
0.687500,0.625000,1.260529e-01,-8.994472e-01
0.693750,0.625000,1.253251e-01,-9.019618e-01
0.700000,0.625000,1.245514e-01,-9.046515e-01
0.706250,0.625000,1.237320e-01,-9.075178e-01
0.712500,0.625000,1.228676e-01,-9.105627e-01
0.718750,0.625000,1.219585e-01,-9.137880e-01
0.725000,0.625000,1.210053e-01,-9.171957e-01
0.731250,0.625000,1.200085e-01,-9.207880e-01
0.737500,0.625000,1.189688e-01,-9.245669e-01
0.743750,0.625000,1.178868e-01,-9.285347e-01
0.750000,0.625000,1.167633e-01,-9.326936e-01
0.250000,0.631250,4.811382e-02,-1.317730e+00
0.256250,0.631250,4.384233e-02,-1.358106e+00
0.262500,0.631250,3.956600e-02,-1.402678e+00
0.268750,0.631250,3.528912e-02,-1.452359e+00
0.275000,0.631250,3.101887e-02,-1.508374e+00
0.281250,0.631250,2.676752e-02,-1.572392e+00
0.287500,0.631250,2.255731e-02,-1.646713e+00
0.293750,0.631250,1.843141e-02,-1.734441e+00
0.300000,0.631250,1.448225e-02,-1.839164e+00
0.306250,0.631250,1.093162e-02,-1.961315e+00
0.312500,0.631250,8.345941e-03,-2.078525e+00
0.318750,0.631250,7.976638e-03,-2.098180e+00
0.325000,0.631250,9.636197e-03,-2.016094e+00
0.331250,0.631250,1.261497e-02,-1.899114e+00
0.337500,0.631250,1.626105e-02,-1.788851e+00
0.343750,0.631250,2.026866e-02,-1.693175e+00
0.350000,0.631250,2.450704e-02,-1.610709e+00
0.356250,0.631250,2.891670e-02,-1.538851e+00
0.362500,0.631250,3.346853e-02,-1.475363e+00
0.368750,0.631250,3.814754e-02,-1.418533e+00
0.375000,0.631250,4.294590e-02,-1.367078e+00
0.381250,0.631250,4.666984e-02,-1.330964e+00
0.387500,0.631250,5.038642e-02,-1.297686e+00
0.393750,0.631250,5.409219e-02,-1.266865e+00
0.400000,0.631250,5.778461e-02,-1.238188e+00
0.406250,0.631250,6.146181e-02,-1.211395e+00
0.412500,0.631250,6.512234e-02,-1.186270e+00
0.418750,0.631250,6.876511e-02,-1.162632e+00
0.425000,0.631250,7.238923e-02,-1.140326e+00
0.431250,0.631250,7.599405e-02,-1.119220e+00
0.437500,0.631250,7.957901e-02,-1.099201e+00
0.443750,0.631250,8.220758e-02,-1.085088e+00
0.450000,0.631250,8.510477e-02,-1.070046e+00
0.456250,0.631250,8.827843e-02,-1.054145e+00
0.462500,0.631250,9.173579e-02,-1.037461e+00
0.468750,0.631250,9.548331e-02,-1.020073e+00
0.475000,0.631250,9.952667e-02,-1.002061e+00
0.481250,0.631250,1.038707e-01,-9.835068e-01
0.487500,0.631250,1.085196e-01,-9.644919e-01
0.493750,0.631250,1.134765e-01,-9.450941e-01
0.500000,0.631250,1.174529e-01,-9.301364e-01
0.506250,0.631250,1.178958e-01,-9.285016e-01
0.512500,0.631250,1.184069e-01,-9.266228e-01
0.518750,0.631250,1.189869e-01,-9.245009e-01
0.525000,0.631250,1.196362e-01,-9.221373e-01
0.531250,0.631250,1.203556e-01,-9.195337e-01
0.537500,0.631250,1.211456e-01,-9.166925e-01
0.543750,0.631250,1.220066e-01,-9.136167e-01
0.550000,0.631250,1.229392e-01,-9.103096e-01
0.556250,0.631250,1.239438e-01,-9.067751e-01
0.562500,0.631250,1.250208e-01,-9.030176e-01
0.568750,0.631250,1.259771e-01,-8.997085e-01
0.575000,0.631250,1.267603e-01,-8.970168e-01
0.581250,0.631250,1.273680e-01,-8.949398e-01
0.587500,0.631250,1.277979e-01,-8.934763e-01
0.593750,0.631250,1.280481e-01,-8.926267e-01
0.600000,0.631250,1.281169e-01,-8.923935e-01
0.606250,0.631250,1.280026e-01,-8.927810e-01
0.612500,0.631250,1.277039e-01,-8.937958e-01
0.618750,0.631250,1.272195e-01,-8.954464e-01
0.625000,0.631250,1.265482e-01,-8.977442e-01
0.631250,0.631250,1.260412e-01,-8.994873e-01
0.637500,0.631250,1.255024e-01,-9.013481e-01
0.643750,0.631250,1.249316e-01,-9.033277e-01
0.650000,0.631250,1.243289e-01,-9.054278e-01
0.656250,0.631250,1.236944e-01,-9.076498e-01
0.662500,0.631250,1.230282e-01,-9.099955e-01
0.668750,0.631250,1.223301e-01,-9.124666e-01
0.675000,0.631250,1.216004e-01,-9.150651e-01
0.681250,0.631250,1.208390e-01,-9.177930e-01
0.687500,0.631250,1.200460e-01,-9.206523e-01
0.693750,0.631250,1.194097e-01,-9.229603e-01
0.700000,0.631250,1.187309e-01,-9.254361e-01
0.706250,0.631250,1.180101e-01,-9.280809e-01
0.712500,0.631250,1.172477e-01,-9.308956e-01
0.718750,0.631250,1.164444e-01,-9.338815e-01
0.725000,0.631250,1.156006e-01,-9.370398e-01
0.731250,0.631250,1.147171e-01,-9.403718e-01
0.737500,0.631250,1.137945e-01,-9.438786e-01
0.743750,0.631250,1.128336e-01,-9.475615e-01
0.750000,0.631250,1.118351e-01,-9.514218e-01
0.250000,0.637500,4.928511e-02,-1.307284e+00
0.256250,0.637500,4.508335e-02,-1.345984e+00
0.262500,0.637500,4.086993e-02,-1.388596e+00
0.268750,0.637500,3.664637e-02,-1.435969e+00
0.275000,0.637500,3.241549e-02,-1.489247e+00
0.281250,0.637500,2.818235e-02,-1.550023e+00
0.287500,0.637500,2.395624e-02,-1.620581e+00
0.293750,0.637500,1.975523e-02,-1.704318e+00
0.300000,0.637500,1.561774e-02,-1.806382e+00
0.306250,0.637500,1.163761e-02,-1.934136e+00
0.312500,0.637500,8.090712e-03,-2.092013e+00
0.318750,0.637500,6.287679e-03,-2.201510e+00
0.325000,0.637500,6.722847e-03,-2.172447e+00
0.331250,0.637500,9.167314e-03,-2.037758e+00
0.337500,0.637500,1.256157e-02,-1.900956e+00
0.343750,0.637500,1.638048e-02,-1.785673e+00
0.350000,0.637500,2.043573e-02,-1.689610e+00
0.356250,0.637500,2.465405e-02,-1.608112e+00
0.362500,0.637500,2.900338e-02,-1.537551e+00
0.368750,0.637500,3.346853e-02,-1.475363e+00
0.375000,0.637500,3.804203e-02,-1.419736e+00
0.381250,0.637500,4.165287e-02,-1.380355e+00
0.387500,0.637500,4.526479e-02,-1.344240e+00
0.393750,0.637500,4.887481e-02,-1.310915e+00
0.400000,0.637500,5.248078e-02,-1.280000e+00
0.406250,0.637500,5.608113e-02,-1.251183e+00
0.412500,0.637500,5.967465e-02,-1.224210e+00
0.418750,0.637500,6.326043e-02,-1.198868e+00
0.425000,0.637500,6.683776e-02,-1.174978e+00
0.431250,0.637500,7.040609e-02,-1.152390e+00
0.437500,0.637500,7.396496e-02,-1.130974e+00
0.443750,0.637500,7.635032e-02,-1.117189e+00
0.450000,0.637500,7.897020e-02,-1.102537e+00
0.456250,0.637500,8.183101e-02,-1.087082e+00
0.462500,0.637500,8.493833e-02,-1.070896e+00
0.468750,0.637500,8.829691e-02,-1.054054e+00
0.475000,0.637500,9.191069e-02,-1.036634e+00
0.481250,0.637500,9.578282e-02,-1.018712e+00
0.487500,0.637500,9.991572e-02,-1.000366e+00
0.493750,0.637500,1.043112e-01,-9.816691e-01
0.500000,0.637500,1.097886e-01,-9.594427e-01
0.506250,0.637500,1.103823e-01,-9.571005e-01
0.512500,0.637500,1.110192e-01,-9.546020e-01
0.518750,0.637500,1.116994e-01,-9.519490e-01
0.525000,0.637500,1.124233e-01,-9.491435e-01
0.531250,0.637500,1.131910e-01,-9.461881e-01
0.537500,0.637500,1.140026e-01,-9.430853e-01
0.543750,0.637500,1.148582e-01,-9.398379e-01
0.550000,0.637500,1.157579e-01,-9.364492e-01
0.556250,0.637500,1.167019e-01,-9.329223e-01
0.562500,0.637500,1.176900e-01,-9.292606e-01
0.568750,0.637500,1.186338e-01,-9.257916e-01
0.575000,0.637500,1.194178e-01,-9.229308e-01
0.581250,0.637500,1.200400e-01,-9.206742e-01
0.587500,0.637500,1.204982e-01,-9.190193e-01
0.593750,0.637500,1.207910e-01,-9.179655e-01
0.600000,0.637500,1.209167e-01,-9.175139e-01
0.606250,0.637500,1.208739e-01,-9.176674e-01
0.612500,0.637500,1.206616e-01,-9.184310e-01
0.618750,0.637500,1.202785e-01,-9.198121e-01
0.625000,0.637500,1.197237e-01,-9.218199e-01
0.631250,0.637500,1.193147e-01,-9.233061e-01
0.637500,0.637500,1.188710e-01,-9.249241e-01
0.643750,0.637500,1.183927e-01,-9.266752e-01
0.650000,0.637500,1.178797e-01,-9.285608e-01
0.656250,0.637500,1.173323e-01,-9.305825e-01
0.662500,0.637500,1.167504e-01,-9.327418e-01
0.668750,0.637500,1.161340e-01,-9.350405e-01
0.675000,0.637500,1.154833e-01,-9.374807e-01
0.681250,0.637500,1.147984e-01,-9.400642e-01
0.687500,0.637500,1.140792e-01,-9.427934e-01
0.693750,0.637500,1.135371e-01,-9.448620e-01
0.700000,0.637500,1.129561e-01,-9.470903e-01
0.706250,0.637500,1.123366e-01,-9.494786e-01
0.712500,0.637500,1.116793e-01,-9.520273e-01
0.718750,0.637500,1.109848e-01,-9.547367e-01
0.725000,0.637500,1.102536e-01,-9.576072e-01
0.731250,0.637500,1.094865e-01,-9.606392e-01
0.737500,0.637500,1.086844e-01,-9.638330e-01
0.743750,0.637500,1.078478e-01,-9.671886e-01
0.750000,0.637500,1.069778e-01,-9.707062e-01
0.250000,0.643750,5.047381e-02,-1.296934e+00
0.256250,0.643750,4.635448e-02,-1.333908e+00
0.262500,0.643750,4.221946e-02,-1.374487e+00
0.268750,0.643750,3.806870e-02,-1.419432e+00
0.275000,0.643750,3.390261e-02,-1.469767e+00
0.281250,0.643750,2.972236e-02,-1.526917e+00
0.287500,0.643750,2.553050e-02,-1.592941e+00
0.293750,0.643750,2.133233e-02,-1.670962e+00
0.300000,0.643750,1.713927e-02,-1.766008e+00
0.306250,0.643750,1.297879e-02,-1.886766e+00
0.312500,0.643750,8.931291e-03,-2.049086e+00
0.318750,0.643750,5.982448e-03,-2.223121e+00
0.325000,0.643750,4.487961e-03,-2.347951e+00
0.331250,0.643750,5.850637e-03,-2.232797e+00
0.337500,0.643750,8.920363e-03,-2.049617e+00
0.343750,0.643750,1.256194e-02,-1.900943e+00
0.350000,0.643750,1.645184e-02,-1.783786e+00
0.356250,0.643750,2.049421e-02,-1.688369e+00
0.362500,0.643750,2.465405e-02,-1.608112e+00
0.368750,0.643750,2.891670e-02,-1.538851e+00
0.375000,0.643750,3.327566e-02,-1.477873e+00
0.381250,0.643750,3.676197e-02,-1.434601e+00
0.387500,0.643750,4.025855e-02,-1.395142e+00
0.393750,0.643750,4.376267e-02,-1.358896e+00
0.400000,0.643750,4.727241e-02,-1.325392e+00
0.406250,0.643750,5.078637e-02,-1.294253e+00
0.412500,0.643750,5.430352e-02,-1.265172e+00
0.418750,0.643750,5.782307e-02,-1.237899e+00
0.425000,0.643750,6.134442e-02,-1.212225e+00
0.431250,0.643750,6.486710e-02,-1.187976e+00
0.437500,0.643750,6.839072e-02,-1.165003e+00
0.443750,0.643750,7.056099e-02,-1.151435e+00
0.450000,0.643750,7.293213e-02,-1.137081e+00
0.456250,0.643750,7.550836e-02,-1.122005e+00
0.462500,0.643750,7.829308e-02,-1.106277e+00
0.468750,0.643750,8.128890e-02,-1.089969e+00
0.475000,0.643750,8.449772e-02,-1.073155e+00
0.481250,0.643750,8.792081e-02,-1.055908e+00
0.487500,0.643750,9.155886e-02,-1.038300e+00
0.493750,0.643750,9.541211e-02,-1.020396e+00
0.500000,0.643750,1.020831e-01,-9.910462e-01
0.506250,0.643750,1.028334e-01,-9.878658e-01
0.512500,0.643750,1.036030e-01,-9.846275e-01
0.518750,0.643750,1.043915e-01,-9.813347e-01
0.525000,0.643750,1.051984e-01,-9.779907e-01
0.531250,0.643750,1.060233e-01,-9.745986e-01
0.537500,0.643750,1.068657e-01,-9.711618e-01
0.543750,0.643750,1.077251e-01,-9.676831e-01
0.550000,0.643750,1.086012e-01,-9.641655e-01
0.556250,0.643750,1.094934e-01,-9.606120e-01
0.562500,0.643750,1.104015e-01,-9.570252e-01
0.568750,0.643750,1.113288e-01,-9.533925e-01
0.575000,0.643750,1.121101e-01,-9.503551e-01
0.581250,0.643750,1.127437e-01,-9.479077e-01
0.587500,0.643750,1.132278e-01,-9.460468e-01
0.593750,0.643750,1.135611e-01,-9.447705e-01
0.600000,0.643750,1.137421e-01,-9.440786e-01
0.606250,0.643750,1.137699e-01,-9.439726e-01
0.612500,0.643750,1.136433e-01,-9.444561e-01
0.618750,0.643750,1.133615e-01,-9.455345e-01
0.625000,0.643750,1.129235e-01,-9.472155e-01
0.631250,0.643750,1.126141e-01,-9.484071e-01
0.637500,0.643750,1.122674e-01,-9.497464e-01
0.643750,0.643750,1.118834e-01,-9.512345e-01
0.650000,0.643750,1.114621e-01,-9.528726e-01
0.656250,0.643750,1.110038e-01,-9.546623e-01
0.662500,0.643750,1.105084e-01,-9.566049e-01
0.668750,0.643750,1.099760e-01,-9.587022e-01
0.675000,0.643750,1.094067e-01,-9.609561e-01
0.681250,0.643750,1.088007e-01,-9.633685e-01
0.687500,0.643750,1.081580e-01,-9.659415e-01
0.693750,0.643750,1.077129e-01,-9.677321e-01
0.700000,0.643750,1.072326e-01,-9.696730e-01
0.706250,0.643750,1.067176e-01,-9.717639e-01
0.712500,0.643750,1.061685e-01,-9.740043e-01
0.718750,0.643750,1.055859e-01,-9.763939e-01
0.725000,0.643750,1.049707e-01,-9.789320e-01
0.731250,0.643750,1.043234e-01,-9.816181e-01
0.737500,0.643750,1.036450e-01,-9.844514e-01
0.743750,0.643750,1.029364e-01,-9.874311e-01
0.750000,0.643750,1.021984e-01,-9.905560e-01
0.250000,0.650000,5.167590e-02,-1.286712e+00
0.256250,0.650000,4.765004e-02,-1.321937e+00
0.262500,0.650000,4.360655e-02,-1.360448e+00
0.268750,0.650000,3.954465e-02,-1.402912e+00
0.275000,0.650000,3.546363e-02,-1.450217e+00
0.281250,0.650000,3.136295e-02,-1.503583e+00
0.287500,0.650000,2.724230e-02,-1.564756e+00
0.293750,0.650000,2.310182e-02,-1.636354e+00
0.300000,0.650000,1.894262e-02,-1.722560e+00
0.306250,0.650000,1.476810e-02,-1.830675e+00
0.312500,0.650000,1.058860e-02,-1.975161e+00
0.318750,0.650000,7.194588e-03,-2.142994e+00
0.325000,0.650000,4.107750e-03,-2.386396e+00
0.331250,0.650000,2.946161e-03,-2.530743e+00
0.337500,0.650000,5.338657e-03,-2.272568e+00
0.343750,0.650000,8.817692e-03,-2.054645e+00
0.350000,0.650000,1.256736e-02,-1.900756e+00
0.356250,0.650000,1.645184e-02,-1.783786e+00
0.362500,0.650000,2.043573e-02,-1.689610e+00
0.368750,0.650000,2.450704e-02,-1.610709e+00
0.375000,0.650000,2.866134e-02,-1.542703e+00
0.381250,0.650000,3.201037e-02,-1.494709e+00
0.387500,0.650000,3.537981e-02,-1.451245e+00
0.393750,0.650000,3.876688e-02,-1.411539e+00
0.400000,0.650000,4.216966e-02,-1.375000e+00
0.406250,0.650000,4.558681e-02,-1.341161e+00
0.412500,0.650000,4.901735e-02,-1.309650e+00
0.418750,0.650000,5.246056e-02,-1.280167e+00
0.425000,0.650000,5.591589e-02,-1.252465e+00
0.431250,0.650000,5.938291e-02,-1.226339e+00
0.437500,0.650000,6.286131e-02,-1.201617e+00
0.443750,0.650000,6.484395e-02,-1.188131e+00
0.450000,0.650000,6.699400e-02,-1.173964e+00
0.456250,0.650000,6.931277e-02,-1.159187e+00
0.462500,0.650000,7.180091e-02,-1.143870e+00
0.468750,0.650000,7.445851e-02,-1.128086e+00
0.475000,0.650000,7.728519e-02,-1.111904e+00
0.481250,0.650000,8.028018e-02,-1.095392e+00
0.487500,0.650000,8.344238e-02,-1.078613e+00
0.493750,0.650000,8.677049e-02,-1.061628e+00
0.500000,0.650000,9.433560e-02,-1.025324e+00
0.506250,0.650000,9.524895e-02,-1.021140e+00
0.512500,0.650000,9.615900e-02,-1.017010e+00
0.518750,0.650000,9.706428e-02,-1.012941e+00
0.525000,0.650000,9.796341e-02,-1.008936e+00
0.531250,0.650000,9.885509e-02,-1.005001e+00
0.537500,0.650000,9.973808e-02,-1.001139e+00
0.543750,0.650000,1.006112e-01,-9.973535e-01
0.550000,0.650000,1.014735e-01,-9.936475e-01
0.556250,0.650000,1.023238e-01,-9.900234e-01
0.562500,0.650000,1.031612e-01,-9.864837e-01
0.568750,0.650000,1.040680e-01,-9.826828e-01
0.575000,0.650000,1.048432e-01,-9.794599e-01
0.581250,0.650000,1.054851e-01,-9.768088e-01
0.587500,0.650000,1.059925e-01,-9.747248e-01
0.593750,0.650000,1.063641e-01,-9.732049e-01
0.600000,0.650000,1.065988e-01,-9.722476e-01
0.606250,0.650000,1.066957e-01,-9.718530e-01
0.612500,0.650000,1.066539e-01,-9.720232e-01
0.618750,0.650000,1.064727e-01,-9.727617e-01
0.625000,0.650000,1.061514e-01,-9.740743e-01
0.631250,0.650000,1.059435e-01,-9.749257e-01
0.637500,0.650000,1.056957e-01,-9.759427e-01
0.643750,0.650000,1.054081e-01,-9.771260e-01
0.650000,0.650000,1.050808e-01,-9.784768e-01
0.656250,0.650000,1.047138e-01,-9.799961e-01
0.662500,0.650000,1.043073e-01,-9.816852e-01
0.668750,0.650000,1.038614e-01,-9.835457e-01
0.675000,0.650000,1.033763e-01,-9.855791e-01
0.681250,0.650000,1.028520e-01,-9.877873e-01
0.687500,0.650000,1.022887e-01,-9.901723e-01
0.693750,0.650000,1.019439e-01,-9.916386e-01
0.700000,0.650000,1.015676e-01,-9.932447e-01
0.706250,0.650000,1.011603e-01,-9.949897e-01
0.712500,0.650000,1.007228e-01,-9.968723e-01
0.718750,0.650000,1.002557e-01,-9.988911e-01
0.725000,0.650000,9.975975e-02,-1.001045e+00
0.731250,0.650000,9.923583e-02,-1.003331e+00
0.737500,0.650000,9.868479e-02,-1.005750e+00
0.743750,0.650000,9.810756e-02,-1.008298e+00
0.750000,0.650000,9.750511e-02,-1.010973e+00
0.250000,0.656250,5.288794e-02,-1.276643e+00
0.256250,0.656250,4.896512e-02,-1.310113e+00
0.262500,0.656250,4.502428e-02,-1.346553e+00
0.268750,0.656250,4.106441e-02,-1.386534e+00
0.275000,0.656250,3.708450e-02,-1.430808e+00
0.281250,0.656250,3.308359e-02,-1.480387e+00
0.287500,0.656250,2.906070e-02,-1.536694e+00
0.293750,0.656250,2.501488e-02,-1.601802e+00
0.300000,0.656250,2.094518e-02,-1.678916e+00
0.306250,0.656250,1.685067e-02,-1.773383e+00
0.312500,0.656250,1.273048e-02,-1.895155e+00
0.318750,0.656250,9.319164e-03,-2.030623e+00
0.325000,0.656250,5.882856e-03,-2.230412e+00
0.331250,0.656250,2.531193e-03,-2.596675e+00
0.337500,0.656250,1.837895e-03,-2.735679e+00
0.343750,0.656250,5.170185e-03,-2.286494e+00
0.350000,0.656250,8.817692e-03,-2.054645e+00
0.356250,0.656250,1.256194e-02,-1.900943e+00
0.362500,0.656250,1.638048e-02,-1.785673e+00
0.368750,0.656250,2.026866e-02,-1.693175e+00
0.375000,0.656250,2.422576e-02,-1.615723e+00
0.381250,0.656250,2.742128e-02,-1.561912e+00
0.387500,0.656250,3.064903e-02,-1.513583e+00
0.393750,0.656250,3.390557e-02,-1.469729e+00
0.400000,0.656250,3.718864e-02,-1.429590e+00
0.406250,0.656250,4.049672e-02,-1.392580e+00
0.412500,0.656250,4.382873e-02,-1.358241e+00
0.418750,0.656250,4.718392e-02,-1.326206e+00
0.425000,0.656250,5.056173e-02,-1.296178e+00
0.431250,0.656250,5.396175e-02,-1.267914e+00
0.437500,0.656250,5.738368e-02,-1.241212e+00
0.443750,0.656250,5.920547e-02,-1.227638e+00
0.450000,0.656250,6.116129e-02,-1.213523e+00
0.456250,0.656250,6.324875e-02,-1.198948e+00
0.462500,0.656250,6.546521e-02,-1.183989e+00
0.468750,0.656250,6.780786e-02,-1.168720e+00
0.475000,0.656250,7.027382e-02,-1.153206e+00
0.481250,0.656250,7.286016e-02,-1.137510e+00
0.487500,0.656250,7.556400e-02,-1.121685e+00
0.493750,0.656250,7.838253e-02,-1.105781e+00
0.500000,0.656250,8.654718e-02,-1.062747e+00
0.506250,0.656250,8.763011e-02,-1.057347e+00
0.512500,0.656250,8.868863e-02,-1.052132e+00
0.518750,0.656250,8.971983e-02,-1.047112e+00
0.525000,0.656250,9.072107e-02,-1.042292e+00
0.531250,0.656250,9.168992e-02,-1.037678e+00
0.537500,0.656250,9.262416e-02,-1.033276e+00
0.543750,0.656250,9.352176e-02,-1.029087e+00
0.550000,0.656250,9.438086e-02,-1.025116e+00
0.556250,0.656250,9.519974e-02,-1.021364e+00
0.562500,0.656250,9.597683e-02,-1.017834e+00
0.568750,0.656250,9.685917e-02,-1.013859e+00
0.575000,0.656250,9.762462e-02,-1.010441e+00
0.581250,0.656250,9.827186e-02,-1.007571e+00
0.587500,0.656250,9.879976e-02,-1.005244e+00
0.593750,0.656250,9.920732e-02,-1.003456e+00
0.600000,0.656250,9.949363e-02,-1.002205e+00
0.606250,0.656250,9.965792e-02,-1.001488e+00
0.612500,0.656250,9.969950e-02,-1.001307e+00
0.618750,0.656250,9.961778e-02,-1.001663e+00
0.625000,0.656250,9.941223e-02,-1.002560e+00
0.631250,0.656250,9.930797e-02,-1.003016e+00
0.637500,0.656250,9.916136e-02,-1.003658e+00
0.643750,0.656250,9.897252e-02,-1.004485e+00
0.650000,0.656250,9.874157e-02,-1.005500e+00
0.656250,0.656250,9.846864e-02,-1.006702e+00
0.662500,0.656250,9.815387e-02,-1.008093e+00
0.668750,0.656250,9.779742e-02,-1.009673e+00
0.675000,0.656250,9.739945e-02,-1.011443e+00
0.681250,0.656250,9.696015e-02,-1.013407e+00
0.687500,0.656250,9.647970e-02,-1.015564e+00
0.693750,0.656250,9.623866e-02,-1.016650e+00
0.700000,0.656250,9.596982e-02,-1.017865e+00
0.706250,0.656250,9.567385e-02,-1.019207e+00
0.712500,0.656250,9.535146e-02,-1.020673e+00
0.718750,0.656250,9.500341e-02,-1.022261e+00
0.725000,0.656250,9.463048e-02,-1.023969e+00
0.731250,0.656250,9.423355e-02,-1.025794e+00
0.737500,0.656250,9.381351e-02,-1.027735e+00
0.743750,0.656250,9.337133e-02,-1.029786e+00
0.750000,0.656250,9.290803e-02,-1.031947e+00
0.250000,0.662500,5.410698e-02,-1.266747e+00
0.256250,0.662500,5.029553e-02,-1.298471e+00
0.262500,0.662500,4.646672e-02,-1.332858e+00
0.268750,0.662500,4.261963e-02,-1.370390e+00
0.275000,0.662500,3.875344e-02,-1.411690e+00
0.281250,0.662500,3.486741e-02,-1.457580e+00
0.287500,0.662500,3.096099e-02,-1.509185e+00
0.293750,0.662500,2.703392e-02,-1.568091e+00
0.300000,0.662500,2.308649e-02,-1.636642e+00
0.306250,0.662500,1.912007e-02,-1.718511e+00
0.312500,0.662500,1.513859e-02,-1.819915e+00
0.318750,0.662500,1.185167e-02,-1.926220e+00
0.325000,0.662500,8.520255e-03,-2.069547e+00
0.331250,0.662500,5.145366e-03,-2.288584e+00
0.337500,0.662500,1.749982e-03,-2.756967e+00
0.343750,0.662500,1.837895e-03,-2.735679e+00
0.350000,0.662500,5.338657e-03,-2.272568e+00
0.356250,0.662500,8.920363e-03,-2.049617e+00
0.362500,0.662500,1.256157e-02,-1.900956e+00
0.368750,0.662500,1.626105e-02,-1.788851e+00
0.375000,0.662500,2.001948e-02,-1.698547e+00
0.381250,0.662500,2.303670e-02,-1.637580e+00
0.387500,0.662500,2.610172e-02,-1.583331e+00
0.393750,0.662500,2.920911e-02,-1.534482e+00
0.400000,0.662500,3.235546e-02,-1.490052e+00
0.406250,0.662500,3.553859e-02,-1.449300e+00
0.412500,0.662500,3.875701e-02,-1.411650e+00
0.418750,0.662500,4.200972e-02,-1.376650e+00
0.425000,0.662500,4.529603e-02,-1.343940e+00
0.431250,0.662500,4.861545e-02,-1.313226e+00
0.437500,0.662500,5.196764e-02,-1.284267e+00
0.443750,0.662500,5.365461e-02,-1.270393e+00
0.450000,0.662500,5.544241e-02,-1.256158e+00
0.456250,0.662500,5.732409e-02,-1.241663e+00
0.462500,0.662500,5.929313e-02,-1.226996e+00
0.468750,0.662500,6.134345e-02,-1.212232e+00
0.475000,0.662500,6.346946e-02,-1.197435e+00
0.481250,0.662500,6.566604e-02,-1.182659e+00
0.487500,0.662500,6.792848e-02,-1.167948e+00
0.493750,0.662500,7.025253e-02,-1.153338e+00
0.500000,0.662500,7.872142e-02,-1.103907e+00
0.506250,0.662500,7.998015e-02,-1.097018e+00
0.512500,0.662500,8.119526e-02,-1.090469e+00
0.518750,0.662500,8.236189e-02,-1.084274e+00
0.525000,0.662500,8.347570e-02,-1.078440e+00
0.531250,0.662500,8.453282e-02,-1.072975e+00
0.537500,0.662500,8.552978e-02,-1.067883e+00
0.543750,0.662500,8.646350e-02,-1.063167e+00
0.550000,0.662500,8.733119e-02,-1.058831e+00
0.556250,0.662500,8.813035e-02,-1.054874e+00
0.562500,0.662500,8.885875e-02,-1.051300e+00
0.568750,0.662500,8.971263e-02,-1.047146e+00
0.575000,0.662500,9.046472e-02,-1.043521e+00
0.581250,0.662500,9.111395e-02,-1.040415e+00
0.587500,0.662500,9.165939e-02,-1.037823e+00
0.593750,0.662500,9.210019e-02,-1.035739e+00
0.600000,0.662500,9.243565e-02,-1.034161e+00
0.606250,0.662500,9.266513e-02,-1.033084e+00
0.612500,0.662500,9.278809e-02,-1.032508e+00
0.618750,0.662500,9.280407e-02,-1.032433e+00
0.625000,0.662500,9.271268e-02,-1.032861e+00
0.631250,0.662500,9.271440e-02,-1.032853e+00
0.637500,0.662500,9.267148e-02,-1.033054e+00
0.643750,0.662500,9.258407e-02,-1.033464e+00
0.650000,0.662500,9.245231e-02,-1.034082e+00
0.656250,0.662500,9.227638e-02,-1.034909e+00
0.662500,0.662500,9.205647e-02,-1.035946e+00
0.668750,0.662500,9.179278e-02,-1.037191e+00
0.675000,0.662500,9.148552e-02,-1.038648e+00
0.681250,0.662500,9.113494e-02,-1.040315e+00
0.687500,0.662500,9.074128e-02,-1.042195e+00
0.693750,0.662500,9.060774e-02,-1.042835e+00
0.700000,0.662500,9.045020e-02,-1.043590e+00
0.706250,0.662500,9.026938e-02,-1.044460e+00
0.712500,0.662500,9.006599e-02,-1.045439e+00
0.718750,0.662500,8.984083e-02,-1.046526e+00
0.725000,0.662500,8.959473e-02,-1.047718e+00
0.731250,0.662500,8.932855e-02,-1.049010e+00
0.737500,0.662500,8.904323e-02,-1.050399e+00
0.743750,0.662500,8.873976e-02,-1.051882e+00
0.750000,0.662500,8.841918e-02,-1.053453e+00
0.250000,0.668750,5.533056e-02,-1.257035e+00
0.256250,0.668750,5.163769e-02,-1.287033e+00
0.262500,0.668750,4.792882e-02,-1.319403e+00
0.268750,0.668750,4.420329e-02,-1.354545e+00
0.275000,0.668750,4.046064e-02,-1.392967e+00
0.281250,0.668750,3.670068e-02,-1.435326e+00
0.287500,0.668750,3.292367e-02,-1.482492e+00
0.293750,0.668750,2.913061e-02,-1.535650e+00
0.300000,0.668750,2.532380e-02,-1.596471e+00
0.306250,0.668750,2.150795e-02,-1.667401e+00
0.312500,0.668750,1.769289e-02,-1.752201e+00
0.318750,0.668750,1.456194e-02,-1.836781e+00
0.325000,0.668750,1.140691e-02,-1.942832e+00
0.331250,0.668750,8.245793e-03,-2.083768e+00
0.337500,0.668750,5.145366e-03,-2.288584e+00
0.343750,0.668750,2.531193e-03,-2.596675e+00
0.350000,0.668750,2.946161e-03,-2.530743e+00
0.356250,0.668750,5.850637e-03,-2.232797e+00
0.362500,0.668750,9.167314e-03,-2.037758e+00
0.368750,0.668750,1.261497e-02,-1.899114e+00
0.375000,0.668750,1.614304e-02,-1.792015e+00
0.381250,0.668750,1.893580e-02,-1.722716e+00
0.387500,0.668750,2.180192e-02,-1.661505e+00
0.393750,0.668750,2.473018e-02,-1.606773e+00
0.400000,0.668750,2.771393e-02,-1.557302e+00
0.406250,0.668750,3.074902e-02,-1.512169e+00
0.412500,0.668750,3.383280e-02,-1.470662e+00
0.418750,0.668750,3.696353e-02,-1.432227e+00
0.425000,0.668750,4.014003e-02,-1.396422e+00
0.431250,0.668750,4.336152e-02,-1.362895e+00
0.437500,0.668750,4.662748e-02,-1.331358e+00
0.443750,0.668750,4.820480e-02,-1.316910e+00
0.450000,0.668750,4.985037e-02,-1.302332e+00
0.456250,0.668750,5.155167e-02,-1.287757e+00
0.462500,0.668750,5.329765e-02,-1.273292e+00
0.468750,0.668750,5.507862e-02,-1.259017e+00
0.475000,0.668750,5.688610e-02,-1.244994e+00
0.481250,0.668750,5.871270e-02,-1.231268e+00
0.487500,0.668750,6.055196e-02,-1.217872e+00
0.493750,0.668750,6.239825e-02,-1.204828e+00
0.500000,0.668750,7.086591e-02,-1.149563e+00
0.506250,0.668750,7.230543e-02,-1.140829e+00
0.512500,0.668750,7.368481e-02,-1.132622e+00
0.518750,0.668750,7.499644e-02,-1.124959e+00
0.525000,0.668750,7.623372e-02,-1.117853e+00
0.531250,0.668750,7.739093e-02,-1.111310e+00
0.537500,0.668750,7.846304e-02,-1.105335e+00
0.543750,0.668750,7.944571e-02,-1.099930e+00
0.550000,0.668750,8.033508e-02,-1.095095e+00
0.556250,0.668750,8.112781e-02,-1.090830e+00
0.562500,0.668750,8.182092e-02,-1.087136e+00
0.568750,0.668750,8.264223e-02,-1.082798e+00
0.575000,0.668750,8.337714e-02,-1.078953e+00
0.581250,0.668750,8.402478e-02,-1.075593e+00
0.587500,0.668750,8.458439e-02,-1.072710e+00
0.593750,0.668750,8.505528e-02,-1.070299e+00
0.600000,0.668750,8.543689e-02,-1.068355e+00
0.606250,0.668750,8.572873e-02,-1.066874e+00
0.612500,0.668750,8.593036e-02,-1.065853e+00
0.618750,0.668750,8.604143e-02,-1.065292e+00
0.625000,0.668750,8.606166e-02,-1.065190e+00
0.631250,0.668750,8.617198e-02,-1.064634e+00
0.637500,0.668750,8.623554e-02,-1.064314e+00
0.643750,0.668750,8.625252e-02,-1.064228e+00
0.650000,0.668750,8.622312e-02,-1.064376e+00
0.656250,0.668750,8.614757e-02,-1.064757e+00
0.662500,0.668750,8.602609e-02,-1.065370e+00
0.668750,0.668750,8.585895e-02,-1.066214e+00
0.675000,0.668750,8.564643e-02,-1.067291e+00
0.681250,0.668750,8.538885e-02,-1.068599e+00
0.687500,0.668750,8.508653e-02,-1.070139e+00
0.693750,0.668750,8.506461e-02,-1.070251e+00
0.700000,0.668750,8.502251e-02,-1.070466e+00
0.706250,0.668750,8.496094e-02,-1.070781e+00
0.712500,0.668750,8.488063e-02,-1.071191e+00
0.718750,0.668750,8.478238e-02,-1.071694e+00
0.725000,0.668750,8.466704e-02,-1.072286e+00
0.731250,0.668750,8.453547e-02,-1.072961e+00
0.737500,0.668750,8.438862e-02,-1.073716e+00
0.743750,0.668750,8.422746e-02,-1.074546e+00
0.750000,0.668750,8.405302e-02,-1.075447e+00
0.250000,0.675000,5.655660e-02,-1.247517e+00
0.256250,0.675000,5.298858e-02,-1.275818e+00
0.262500,0.675000,4.940632e-02,-1.306217e+00
0.268750,0.675000,4.580947e-02,-1.339045e+00
0.275000,0.675000,4.219799e-02,-1.374708e+00
0.281250,0.675000,3.857229e-02,-1.413725e+00
0.287500,0.675000,3.493347e-02,-1.456758e+00
0.293750,0.675000,3.128374e-02,-1.504681e+00
0.300000,0.675000,2.762713e-02,-1.558664e+00
0.306250,0.675000,2.397091e-02,-1.620315e+00
0.312500,0.675000,2.032853e-02,-1.691894e+00
0.318750,0.675000,1.735155e-02,-1.760662e+00
0.325000,0.675000,1.436991e-02,-1.842546e+00
0.331250,0.675000,1.140691e-02,-1.942832e+00
0.337500,0.675000,8.520255e-03,-2.069547e+00
0.343750,0.675000,5.882856e-03,-2.230412e+00
0.350000,0.675000,4.107750e-03,-2.386396e+00
0.356250,0.675000,4.487961e-03,-2.347951e+00
0.362500,0.675000,6.722847e-03,-2.172447e+00
0.368750,0.675000,9.636197e-03,-2.016094e+00
0.375000,0.675000,1.280518e-02,-1.892614e+00
0.381250,0.675000,1.527484e-02,-1.816023e+00
0.387500,0.675000,1.787034e-02,-1.747867e+00
0.393750,0.675000,2.056415e-02,-1.686889e+00
0.400000,0.675000,2.334049e-02,-1.631890e+00
0.406250,0.675000,2.618990e-02,-1.581866e+00
0.412500,0.675000,2.910643e-02,-1.536011e+00
0.418750,0.675000,3.208629e-02,-1.493681e+00
0.425000,0.675000,3.512695e-02,-1.454360e+00
0.431250,0.675000,3.822676e-02,-1.417633e+00
0.437500,0.675000,4.138458e-02,-1.383161e+00
0.443750,0.675000,4.287624e-02,-1.367783e+00
0.450000,0.675000,4.440523e-02,-1.352566e+00
0.456250,0.675000,4.595220e-02,-1.337694e+00
0.462500,0.675000,4.750085e-02,-1.323299e+00
0.468750,0.675000,4.903750e-02,-1.309472e+00
0.475000,0.675000,5.055065e-02,-1.296273e+00
0.481250,0.675000,5.203065e-02,-1.283741e+00
0.487500,0.675000,5.346935e-02,-1.271895e+00
0.493750,0.675000,5.485990e-02,-1.260745e+00
0.500000,0.675000,6.299473e-02,-1.200696e+00
0.506250,0.675000,6.461737e-02,-1.189651e+00
0.512500,0.675000,6.616729e-02,-1.179357e+00
0.518750,0.675000,6.763300e-02,-1.169841e+00
0.525000,0.675000,6.900481e-02,-1.161121e+00
0.531250,0.675000,7.027455e-02,-1.153202e+00
0.537500,0.675000,7.143529e-02,-1.146087e+00
0.543750,0.675000,7.248115e-02,-1.139775e+00
0.550000,0.675000,7.340708e-02,-1.134262e+00
0.556250,0.675000,7.420880e-02,-1.129545e+00
0.562500,0.675000,7.488262e-02,-1.125619e+00
0.568750,0.675000,7.566698e-02,-1.121094e+00
0.575000,0.675000,7.638052e-02,-1.117017e+00
0.581250,0.675000,7.702253e-02,-1.113382e+00
0.587500,0.675000,7.759239e-02,-1.110181e+00
0.593750,0.675000,7.808956e-02,-1.107407e+00
0.600000,0.675000,7.851359e-02,-1.105055e+00
0.606250,0.675000,7.886408e-02,-1.103121e+00
0.612500,0.675000,7.914070e-02,-1.101600e+00
0.618750,0.675000,7.934319e-02,-1.100490e+00
0.625000,0.675000,7.947133e-02,-1.099790e+00
0.631250,0.675000,7.969311e-02,-1.098579e+00
0.637500,0.675000,7.986622e-02,-1.097637e+00
0.643750,0.675000,7.999091e-02,-1.096959e+00
0.650000,0.675000,8.006741e-02,-1.096544e+00
0.656250,0.675000,8.009601e-02,-1.096389e+00
0.662500,0.675000,8.007701e-02,-1.096492e+00
0.668750,0.675000,8.001074e-02,-1.096852e+00
0.675000,0.675000,7.989757e-02,-1.097466e+00
0.681250,0.675000,7.973789e-02,-1.098335e+00
0.687500,0.675000,7.953213e-02,-1.099457e+00
0.693750,0.675000,7.962634e-02,-1.098943e+00
0.700000,0.675000,7.970411e-02,-1.098519e+00
0.706250,0.675000,7.976613e-02,-1.098181e+00
0.712500,0.675000,7.981315e-02,-1.097926e+00
0.718750,0.675000,7.984596e-02,-1.097747e+00
0.725000,0.675000,7.986536e-02,-1.097642e+00
0.731250,0.675000,7.987223e-02,-1.097604e+00
0.737500,0.675000,7.986747e-02,-1.097630e+00
0.743750,0.675000,7.985202e-02,-1.097714e+00
0.750000,0.675000,7.982689e-02,-1.097851e+00
0.250000,0.681250,5.778340e-02,-1.238197e+00
0.256250,0.681250,5.434568e-02,-1.264835e+00
0.262500,0.681250,5.089565e-02,-1.293319e+00
0.268750,0.681250,4.743325e-02,-1.323917e+00
0.275000,0.681250,4.395882e-02,-1.356954e+00
0.281250,0.681250,4.047328e-02,-1.392832e+00
0.287500,0.681250,3.697845e-02,-1.432051e+00
0.293750,0.681250,3.347742e-02,-1.475248e+00
0.300000,0.681250,2.997539e-02,-1.523235e+00
0.306250,0.681250,2.648106e-02,-1.577065e+00
0.312500,0.681250,2.300921e-02,-1.638098e+00
0.318750,0.681250,2.017498e-02,-1.695187e+00
0.325000,0.681250,1.735155e-02,-1.760662e+00
0.331250,0.681250,1.456194e-02,-1.836781e+00
0.337500,0.681250,1.185167e-02,-1.926220e+00
0.343750,0.681250,9.319164e-03,-2.030623e+00
0.350000,0.681250,7.194588e-03,-2.142994e+00
0.356250,0.681250,5.982448e-03,-2.223121e+00
0.362500,0.681250,6.287679e-03,-2.201510e+00
0.368750,0.681250,7.976638e-03,-2.098180e+00
0.375000,0.681250,1.042679e-02,-1.981850e+00
0.381250,0.681250,1.236459e-02,-1.907820e+00
0.387500,0.681250,1.454032e-02,-1.837426e+00
0.393750,0.681250,1.688945e-02,-1.772385e+00
0.400000,0.681250,1.937371e-02,-1.712787e+00
0.406250,0.681250,2.196997e-02,-1.658171e+00
0.412500,0.681250,2.466383e-02,-1.607939e+00
0.418750,0.681250,2.744609e-02,-1.561519e+00
0.425000,0.681250,3.031071e-02,-1.518404e+00
0.431250,0.681250,3.325364e-02,-1.478161e+00
0.437500,0.681250,3.627216e-02,-1.440427e+00
0.443750,0.681250,3.770028e-02,-1.423655e+00
0.450000,0.681250,3.913851e-02,-1.407396e+00
0.456250,0.681250,4.055904e-02,-1.391912e+00
0.462500,0.681250,4.193945e-02,-1.377377e+00
0.468750,0.681250,4.326166e-02,-1.363897e+00
0.475000,0.681250,4.451113e-02,-1.351531e+00
0.481250,0.681250,4.567610e-02,-1.340311e+00
0.487500,0.681250,4.674701e-02,-1.330246e+00
0.493750,0.681250,4.771611e-02,-1.321335e+00
0.500000,0.681250,5.513312e-02,-1.258587e+00
0.506250,0.681250,5.693582e-02,-1.244614e+00
0.512500,0.681250,5.865946e-02,-1.231662e+00
0.518750,0.681250,6.028678e-02,-1.219778e+00
0.525000,0.681250,6.180377e-02,-1.208985e+00
0.531250,0.681250,6.319894e-02,-1.199290e+00
0.537500,0.681250,6.446291e-02,-1.190690e+00
0.543750,0.681250,6.558793e-02,-1.183176e+00
0.550000,0.681250,6.656763e-02,-1.176737e+00
0.556250,0.681250,6.739673e-02,-1.171361e+00
0.562500,0.681250,6.807086e-02,-1.167039e+00
0.568750,0.681250,6.881341e-02,-1.162327e+00
0.575000,0.681250,6.950077e-02,-1.158010e+00
0.581250,0.681250,7.013238e-02,-1.154081e+00
0.587500,0.681250,7.070773e-02,-1.150533e+00
0.593750,0.681250,7.122640e-02,-1.147359e+00
0.600000,0.681250,7.168801e-02,-1.144553e+00
0.606250,0.681250,7.209226e-02,-1.142111e+00
0.612500,0.681250,7.243888e-02,-1.140028e+00
0.618750,0.681250,7.272765e-02,-1.138300e+00
0.625000,0.681250,7.295842e-02,-1.136925e+00
0.631250,0.681250,7.329472e-02,-1.134927e+00
0.637500,0.681250,7.358074e-02,-1.133236e+00
0.643750,0.681250,7.381676e-02,-1.131845e+00
0.650000,0.681250,7.400308e-02,-1.130750e+00
0.656250,0.681250,7.414006e-02,-1.129947e+00
0.662500,0.681250,7.422808e-02,-1.129432e+00
0.668750,0.681250,7.426756e-02,-1.129201e+00
0.675000,0.681250,7.425896e-02,-1.129251e+00
0.681250,0.681250,7.420278e-02,-1.129580e+00
0.687500,0.681250,7.409957e-02,-1.130184e+00
0.693750,0.681250,7.431471e-02,-1.128925e+00
0.700000,0.681250,7.451702e-02,-1.127745e+00
0.706250,0.681250,7.470716e-02,-1.126638e+00
0.712500,0.681250,7.488585e-02,-1.125600e+00
0.718750,0.681250,7.505383e-02,-1.124627e+00
0.725000,0.681250,7.521187e-02,-1.123714e+00
0.731250,0.681250,7.536080e-02,-1.122855e+00
0.737500,0.681250,7.550145e-02,-1.122045e+00
0.743750,0.681250,7.563473e-02,-1.121279e+00
0.750000,0.681250,7.576154e-02,-1.120551e+00
0.250000,0.687500,5.900958e-02,-1.229077e+00
0.256250,0.687500,5.570689e-02,-1.254091e+00
0.262500,0.687500,5.239381e-02,-1.280720e+00
0.268750,0.687500,4.907051e-02,-1.309179e+00
0.275000,0.687500,4.573762e-02,-1.339726e+00
0.281250,0.687500,4.239646e-02,-1.372670e+00
0.287500,0.687500,3.904929e-02,-1.408387e+00
0.293750,0.687500,3.569975e-02,-1.447335e+00
0.300000,0.687500,3.235363e-02,-1.490077e+00
0.306250,0.687500,2.902006e-02,-1.537302e+00
0.312500,0.687500,2.571367e-02,-1.589836e+00
0.318750,0.687500,2.300921e-02,-1.638098e+00
0.325000,0.687500,2.032853e-02,-1.691894e+00
0.331250,0.687500,1.769289e-02,-1.752201e+00
0.337500,0.687500,1.513859e-02,-1.819915e+00
0.343750,0.687500,1.273048e-02,-1.895155e+00
0.350000,0.687500,1.058860e-02,-1.975161e+00
0.356250,0.687500,8.931291e-03,-2.049086e+00
0.362500,0.687500,8.090712e-03,-2.092013e+00
0.368750,0.687500,8.345941e-03,-2.078525e+00
0.375000,0.687500,9.634823e-03,-2.016156e+00
0.381250,0.687500,1.073924e-02,-1.969026e+00
0.387500,0.687500,1.223580e-02,-1.912368e+00
0.393750,0.687500,1.403470e-02,-1.852797e+00
0.400000,0.687500,1.606704e-02,-1.794064e+00
0.406250,0.687500,1.828500e-02,-1.737905e+00
0.412500,0.687500,2.065656e-02,-1.684942e+00
0.418750,0.687500,2.316042e-02,-1.635254e+00
0.425000,0.687500,2.578224e-02,-1.588679e+00
0.431250,0.687500,2.851231e-02,-1.544968e+00
0.437500,0.687500,3.134389e-02,-1.503847e+00
0.443750,0.687500,3.272708e-02,-1.485093e+00
0.450000,0.687500,3.410079e-02,-1.467236e+00
0.456250,0.687500,3.542635e-02,-1.450674e+00
0.462500,0.687500,3.667406e-02,-1.435641e+00
0.468750,0.687500,3.782119e-02,-1.422265e+00
0.475000,0.687500,3.885033e-02,-1.410605e+00
0.481250,0.687500,3.974817e-02,-1.400683e+00
0.487500,0.687500,4.050459e-02,-1.392496e+00
0.493750,0.687500,4.111194e-02,-1.386032e+00
0.500000,0.687500,4.732679e-02,-1.324893e+00
0.506250,0.687500,4.929566e-02,-1.307191e+00
0.512500,0.687500,5.118971e-02,-1.290817e+00
0.518750,0.687500,5.298264e-02,-1.275866e+00
0.525000,0.687500,5.465388e-02,-1.262379e+00
0.531250,0.687500,5.618730e-02,-1.250362e+00
0.537500,0.687500,5.757017e-02,-1.239802e+00
0.543750,0.687500,5.879245e-02,-1.230678e+00
0.550000,0.687500,5.984618e-02,-1.222964e+00
0.556250,0.687500,6.072509e-02,-1.216632e+00
0.562500,0.687500,6.142426e-02,-1.211660e+00
0.568750,0.687500,6.211931e-02,-1.206773e+00
0.575000,0.687500,6.277470e-02,-1.202215e+00
0.581250,0.687500,6.338999e-02,-1.197979e+00
0.587500,0.687500,6.396477e-02,-1.194059e+00
0.593750,0.687500,6.449870e-02,-1.190449e+00
0.600000,0.687500,6.499147e-02,-1.187144e+00
0.606250,0.687500,6.544282e-02,-1.184138e+00
0.612500,0.687500,6.585254e-02,-1.181427e+00
0.618750,0.687500,6.622044e-02,-1.179008e+00
0.625000,0.687500,6.654638e-02,-1.176876e+00
0.631250,0.687500,6.700034e-02,-1.173923e+00
0.637500,0.687500,6.740276e-02,-1.171322e+00
0.643750,0.687500,6.775398e-02,-1.169065e+00
0.650000,0.687500,6.805437e-02,-1.167144e+00
0.656250,0.687500,6.830437e-02,-1.165551e+00
0.662500,0.687500,6.850444e-02,-1.164281e+00
0.668750,0.687500,6.865511e-02,-1.163327e+00
0.675000,0.687500,6.875694e-02,-1.162683e+00
0.681250,0.687500,6.881057e-02,-1.162345e+00
0.687500,0.687500,6.881667e-02,-1.162306e+00
0.693750,0.687500,6.915776e-02,-1.160159e+00
0.700000,0.687500,6.948938e-02,-1.158082e+00
0.706250,0.687500,6.981215e-02,-1.156069e+00
0.712500,0.687500,7.012671e-02,-1.154117e+00
0.718750,0.687500,7.043374e-02,-1.152219e+00
0.725000,0.687500,7.073395e-02,-1.150372e+00
0.731250,0.687500,7.102807e-02,-1.148570e+00
0.737500,0.687500,7.131688e-02,-1.146808e+00
0.743750,0.687500,7.160116e-02,-1.145080e+00
0.750000,0.687500,7.188173e-02,-1.143382e+00
0.250000,0.693750,6.054345e-02,-1.217933e+00
0.256250,0.693750,5.739195e-02,-1.241149e+00
0.262500,0.693750,5.423413e-02,-1.265727e+00
0.268750,0.693750,5.107065e-02,-1.291829e+00
0.275000,0.693750,4.790274e-02,-1.319640e+00
0.281250,0.693750,4.473239e-02,-1.349378e+00
0.287500,0.693750,4.156264e-02,-1.381297e+00
0.293750,0.693750,3.839805e-02,-1.415691e+00
0.300000,0.693750,3.524532e-02,-1.452898e+00
0.306250,0.693750,3.211439e-02,-1.493300e+00
0.312500,0.693750,2.902006e-02,-1.537302e+00
0.318750,0.693750,2.648106e-02,-1.577065e+00
0.325000,0.693750,2.397091e-02,-1.620315e+00
0.331250,0.693750,2.150795e-02,-1.667401e+00
0.337500,0.693750,1.912007e-02,-1.718511e+00
0.343750,0.693750,1.685067e-02,-1.773383e+00
0.350000,0.693750,1.476810e-02,-1.830675e+00
0.356250,0.693750,1.297879e-02,-1.886766e+00
0.362500,0.693750,1.163761e-02,-1.934136e+00
0.368750,0.693750,1.093162e-02,-1.961315e+00
0.375000,0.693750,1.100510e-02,-1.958406e+00
0.381250,0.693750,1.108618e-02,-1.955218e+00
0.387500,0.693750,1.160799e-02,-1.935243e+00
0.393750,0.693750,1.254970e-02,-1.901367e+00
0.400000,0.693750,1.385823e-02,-1.858292e+00
0.406250,0.693750,1.547102e-02,-1.810481e+00
0.412500,0.693750,1.733156e-02,-1.761162e+00
0.418750,0.693750,1.939502e-02,-1.712310e+00
0.425000,0.693750,2.162798e-02,-1.664984e+00
0.431250,0.693750,2.400626e-02,-1.619676e+00
0.437500,0.693750,2.651243e-02,-1.576550e+00
0.443750,0.693750,2.775208e-02,-1.556704e+00
0.450000,0.693750,2.902587e-02,-1.537215e+00
0.456250,0.693750,3.029107e-02,-1.518685e+00
0.462500,0.693750,3.151488e-02,-1.501484e+00
0.468750,0.693750,3.267230e-02,-1.485820e+00
0.475000,0.693750,3.374438e-02,-1.471799e+00
0.481250,0.693750,3.471678e-02,-1.459461e+00
0.487500,0.693750,3.557874e-02,-1.448809e+00
0.493750,0.693750,3.632226e-02,-1.439827e+00
0.500000,0.693750,4.137430e-02,-1.383269e+00
0.506250,0.693750,4.324848e-02,-1.364029e+00
0.512500,0.693750,4.506665e-02,-1.346145e+00
0.518750,0.693750,4.680313e-02,-1.329725e+00
0.525000,0.693750,4.843804e-02,-1.314813e+00
0.531250,0.693750,4.995598e-02,-1.301413e+00
0.537500,0.693750,5.134494e-02,-1.289502e+00
0.543750,0.693750,5.259560e-02,-1.279051e+00
0.550000,0.693750,5.370067e-02,-1.270020e+00
0.556250,0.693750,5.465455e-02,-1.262374e+00
0.562500,0.693750,5.545297e-02,-1.256075e+00
0.568750,0.693750,5.617340e-02,-1.250469e+00
0.575000,0.693750,5.685583e-02,-1.245225e+00
0.581250,0.693750,5.749972e-02,-1.240334e+00
0.587500,0.693750,5.810457e-02,-1.235790e+00
0.593750,0.693750,5.866997e-02,-1.231584e+00
0.600000,0.693750,5.919556e-02,-1.227711e+00
0.606250,0.693750,5.968104e-02,-1.224164e+00
0.612500,0.693750,6.012615e-02,-1.220937e+00
0.618750,0.693750,6.053070e-02,-1.218024e+00
0.625000,0.693750,6.089452e-02,-1.215422e+00
0.631250,0.693750,6.140960e-02,-1.211764e+00
0.637500,0.693750,6.187838e-02,-1.208461e+00
0.643750,0.693750,6.230125e-02,-1.205503e+00
0.650000,0.693750,6.267863e-02,-1.202880e+00
0.656250,0.693750,6.301102e-02,-1.200584e+00
0.662500,0.693750,6.329892e-02,-1.198604e+00
0.668750,0.693750,6.354293e-02,-1.196933e+00
0.675000,0.693750,6.374367e-02,-1.195563e+00
0.681250,0.693750,6.390182e-02,-1.194487e+00
0.687500,0.693750,6.401814e-02,-1.193697e+00
0.693750,0.693750,6.448660e-02,-1.190531e+00
0.700000,0.693750,6.494800e-02,-1.187434e+00
0.706250,0.693750,6.540289e-02,-1.184403e+00
0.712500,0.693750,6.585186e-02,-1.181432e+00
0.718750,0.693750,6.629551e-02,-1.178516e+00
0.725000,0.693750,6.673447e-02,-1.175650e+00
0.731250,0.693750,6.716939e-02,-1.172829e+00
0.737500,0.693750,6.760095e-02,-1.170047e+00
0.743750,0.693750,6.802984e-02,-1.167301e+00
0.750000,0.693750,6.845678e-02,-1.164584e+00
0.250000,0.700000,6.211502e-02,-1.206803e+00
0.256250,0.700000,5.911664e-02,-1.228290e+00
0.262500,0.700000,5.611599e-02,-1.250913e+00
0.268750,0.700000,5.311412e-02,-1.274790e+00
0.275000,0.700000,5.011269e-02,-1.300052e+00
0.281250,0.700000,4.711416e-02,-1.326849e+00
0.287500,0.700000,4.412208e-02,-1.355344e+00
0.293750,0.700000,4.114143e-02,-1.385721e+00
0.300000,0.700000,3.817923e-02,-1.418173e+00
0.306250,0.700000,3.524532e-02,-1.452898e+00
0.312500,0.700000,3.235363e-02,-1.490077e+00
0.318750,0.700000,2.997539e-02,-1.523235e+00
0.325000,0.700000,2.762713e-02,-1.558664e+00
0.331250,0.700000,2.532380e-02,-1.596471e+00
0.337500,0.700000,2.308649e-02,-1.636642e+00
0.343750,0.700000,2.094518e-02,-1.678916e+00
0.350000,0.700000,1.894262e-02,-1.722560e+00
0.356250,0.700000,1.713927e-02,-1.766008e+00
0.362500,0.700000,1.561774e-02,-1.806382e+00
0.368750,0.700000,1.448225e-02,-1.839164e+00
0.375000,0.700000,1.384451e-02,-1.858723e+00
0.381250,0.700000,1.322784e-02,-1.878511e+00
0.387500,0.700000,1.291379e-02,-1.888946e+00
0.393750,0.700000,1.295260e-02,-1.887643e+00
0.400000,0.700000,1.336975e-02,-1.873877e+00
0.406250,0.700000,1.415989e-02,-1.848940e+00
0.412500,0.700000,1.529238e-02,-1.815525e+00
0.418750,0.700000,1.672354e-02,-1.776672e+00
0.425000,0.700000,1.840812e-02,-1.734990e+00
0.431250,0.700000,2.030601e-02,-1.692375e+00
0.437500,0.700000,2.238451e-02,-1.650052e+00
0.443750,0.700000,2.339342e-02,-1.630906e+00
0.450000,0.700000,2.449414e-02,-1.610938e+00
0.456250,0.700000,2.563824e-02,-1.591112e+00
0.462500,0.700000,2.678780e-02,-1.572063e+00
0.468750,0.700000,2.791364e-02,-1.554183e+00
0.475000,0.700000,2.899355e-02,-1.537699e+00
0.481250,0.700000,3.001071e-02,-1.522724e+00
0.487500,0.700000,3.095253e-02,-1.509304e+00
0.493750,0.700000,3.180966e-02,-1.497441e+00
0.500000,0.700000,3.574992e-02,-1.446725e+00
0.506250,0.700000,3.749985e-02,-1.425970e+00
0.512500,0.700000,3.921757e-02,-1.406519e+00
0.518750,0.700000,4.087718e-02,-1.388519e+00
0.525000,0.700000,4.245885e-02,-1.372032e+00
0.531250,0.700000,4.394733e-02,-1.357068e+00
0.537500,0.700000,4.533089e-02,-1.343606e+00
0.543750,0.700000,4.660053e-02,-1.331609e+00
0.550000,0.700000,4.774934e-02,-1.321033e+00
0.556250,0.700000,4.877212e-02,-1.311828e+00
0.562500,0.700000,4.966498e-02,-1.303950e+00
0.568750,0.700000,5.040730e-02,-1.297507e+00
0.575000,0.700000,5.111400e-02,-1.291460e+00
0.581250,0.700000,5.178437e-02,-1.285801e+00
0.587500,0.700000,5.241778e-02,-1.280521e+00
0.593750,0.700000,5.301369e-02,-1.275612e+00
0.600000,0.700000,5.357167e-02,-1.271065e+00
0.606250,0.700000,5.409133e-02,-1.266872e+00
0.612500,0.700000,5.457237e-02,-1.263027e+00
0.618750,0.700000,5.501454e-02,-1.259523e+00
0.625000,0.700000,5.541766e-02,-1.256352e+00
0.631250,0.700000,5.599619e-02,-1.251842e+00
0.637500,0.700000,5.653377e-02,-1.247692e+00
0.643750,0.700000,5.703082e-02,-1.243890e+00
0.650000,0.700000,5.748780e-02,-1.240424e+00
0.656250,0.700000,5.790524e-02,-1.237282e+00
0.662500,0.700000,5.828369e-02,-1.234453e+00
0.668750,0.700000,5.862377e-02,-1.231926e+00
0.675000,0.700000,5.892615e-02,-1.229692e+00
0.681250,0.700000,5.919155e-02,-1.227740e+00
0.687500,0.700000,5.942076e-02,-1.226062e+00
0.693750,0.700000,6.002054e-02,-1.221700e+00
0.700000,0.700000,6.061523e-02,-1.217418e+00
0.706250,0.700000,6.120530e-02,-1.213211e+00
0.712500,0.700000,6.179123e-02,-1.209073e+00
0.718750,0.700000,6.237354e-02,-1.205000e+00
0.725000,0.700000,6.295277e-02,-1.200985e+00
0.731250,0.700000,6.352946e-02,-1.197025e+00
0.737500,0.700000,6.410420e-02,-1.193114e+00
0.743750,0.700000,6.467755e-02,-1.189246e+00
0.750000,0.700000,6.525014e-02,-1.185419e+00
0.250000,0.706250,6.372080e-02,-1.195719e+00
0.256250,0.706250,6.087660e-02,-1.215550e+00
0.262500,0.706250,5.803401e-02,-1.236317e+00
0.268750,0.706250,5.519436e-02,-1.258105e+00
0.275000,0.706250,5.235960e-02,-1.281004e+00
0.281250,0.706250,4.953246e-02,-1.305110e+00
0.287500,0.706250,4.671669e-02,-1.330528e+00
0.293750,0.706250,4.391740e-02,-1.357363e+00
0.300000,0.706250,4.114143e-02,-1.385721e+00
0.306250,0.706250,3.839805e-02,-1.415691e+00
0.312500,0.706250,3.569975e-02,-1.447335e+00
0.318750,0.706250,3.347742e-02,-1.475248e+00
0.325000,0.706250,3.128374e-02,-1.504681e+00
0.331250,0.706250,2.913061e-02,-1.535650e+00
0.337500,0.706250,2.703392e-02,-1.568091e+00
0.343750,0.706250,2.501488e-02,-1.601802e+00
0.350000,0.706250,2.310182e-02,-1.636354e+00
0.356250,0.706250,2.133233e-02,-1.670962e+00
0.362500,0.706250,1.975523e-02,-1.704318e+00
0.368750,0.706250,1.843141e-02,-1.734441e+00
0.375000,0.706250,1.743125e-02,-1.758672e+00
0.381250,0.706250,1.645521e-02,-1.783697e+00
0.387500,0.706250,1.564845e-02,-1.805529e+00
0.393750,0.706250,1.505853e-02,-1.822217e+00
0.400000,0.706250,1.473316e-02,-1.831704e+00
0.406250,0.706250,1.471246e-02,-1.832315e+00
0.412500,0.706250,1.502063e-02,-1.823312e+00
0.418750,0.706250,1.566109e-02,-1.805178e+00
0.425000,0.706250,1.661772e-02,-1.779429e+00
0.431250,0.706250,1.786122e-02,-1.748089e+00
0.437500,0.706250,1.935683e-02,-1.713166e+00
0.443750,0.706250,2.001416e-02,-1.698663e+00
0.450000,0.706250,2.083223e-02,-1.681264e+00
0.456250,0.706250,2.175933e-02,-1.662355e+00
0.462500,0.706250,2.275214e-02,-1.642978e+00
0.468750,0.706250,2.377578e-02,-1.623865e+00
0.475000,0.706250,2.480287e-02,-1.605498e+00
0.481250,0.706250,2.581223e-02,-1.588174e+00
0.487500,0.706250,2.678770e-02,-1.572065e+00
0.493750,0.706250,2.771704e-02,-1.557253e+00
0.500000,0.706250,3.057533e-02,-1.514629e+00
0.506250,0.706250,3.216304e-02,-1.492643e+00
0.512500,0.706250,3.374868e-02,-1.471743e+00
0.518750,0.706250,3.530509e-02,-1.452163e+00
0.525000,0.706250,3.681155e-02,-1.434016e+00
0.531250,0.706250,3.825221e-02,-1.417344e+00
0.537500,0.706250,3.961497e-02,-1.402141e+00
0.543750,0.706250,4.089062e-02,-1.388376e+00
0.550000,0.706250,4.207218e-02,-1.376005e+00
0.556250,0.706250,4.315444e-02,-1.364974e+00
0.562500,0.706250,4.413360e-02,-1.355231e+00
0.568750,0.706250,4.489138e-02,-1.347837e+00
0.575000,0.706250,4.561705e-02,-1.340873e+00
0.581250,0.706250,4.630961e-02,-1.334329e+00
0.587500,0.706250,4.696819e-02,-1.328196e+00
0.593750,0.706250,4.759209e-02,-1.322465e+00
0.600000,0.706250,4.818070e-02,-1.317127e+00
0.606250,0.706250,4.873351e-02,-1.312172e+00
0.612500,0.706250,4.925012e-02,-1.307593e+00
0.618750,0.706250,4.973019e-02,-1.303380e+00
0.625000,0.706250,5.017351e-02,-1.299526e+00
0.631250,0.706250,5.081718e-02,-1.293989e+00
0.637500,0.706250,5.142535e-02,-1.288823e+00
0.643750,0.706250,5.199845e-02,-1.284010e+00
0.650000,0.706250,5.253694e-02,-1.279535e+00
0.656250,0.706250,5.304136e-02,-1.275385e+00
0.662500,0.706250,5.351228e-02,-1.271547e+00
0.668750,0.706250,5.395031e-02,-1.268006e+00
0.675000,0.706250,5.435615e-02,-1.264751e+00
0.681250,0.706250,5.473051e-02,-1.261770e+00
0.687500,0.706250,5.507419e-02,-1.259052e+00
0.693750,0.706250,5.580804e-02,-1.253303e+00
0.700000,0.706250,5.653815e-02,-1.247658e+00
0.706250,0.706250,5.726490e-02,-1.242111e+00
0.712500,0.706250,5.798868e-02,-1.236657e+00
0.718750,0.706250,5.870992e-02,-1.231288e+00
0.725000,0.706250,5.942905e-02,-1.226001e+00
0.731250,0.706250,6.014652e-02,-1.220790e+00
0.737500,0.706250,6.086279e-02,-1.215648e+00
0.743750,0.706250,6.157834e-02,-1.210572e+00
0.750000,0.706250,6.229367e-02,-1.205556e+00
0.250000,0.712500,6.535776e-02,-1.184703e+00
0.256250,0.712500,6.266809e-02,-1.202954e+00
0.262500,0.712500,5.998365e-02,-1.221967e+00
0.268750,0.712500,5.730594e-02,-1.241800e+00
0.275000,0.712500,5.463708e-02,-1.262513e+00
0.281250,0.712500,5.197988e-02,-1.284165e+00
0.287500,0.712500,4.933811e-02,-1.306818e+00
0.293750,0.712500,4.671669e-02,-1.330528e+00
0.300000,0.712500,4.412208e-02,-1.355344e+00
0.306250,0.712500,4.156264e-02,-1.381297e+00
0.312500,0.712500,3.904929e-02,-1.408387e+00
0.318750,0.712500,3.697845e-02,-1.432051e+00
0.325000,0.712500,3.493347e-02,-1.456758e+00
0.331250,0.712500,3.292367e-02,-1.482492e+00
0.337500,0.712500,3.096099e-02,-1.509185e+00
0.343750,0.712500,2.906070e-02,-1.536694e+00
0.350000,0.712500,2.724230e-02,-1.564756e+00
0.356250,0.712500,2.553050e-02,-1.592941e+00
0.362500,0.712500,2.395624e-02,-1.620581e+00
0.368750,0.712500,2.255731e-02,-1.646713e+00
0.375000,0.712500,2.137804e-02,-1.670032e+00
0.381250,0.712500,2.023760e-02,-1.693841e+00
0.387500,0.712500,1.918890e-02,-1.716950e+00
0.393750,0.712500,1.826147e-02,-1.738464e+00
0.400000,0.712500,1.748950e-02,-1.757223e+00
0.406250,0.712500,1.691028e-02,-1.771849e+00
0.412500,0.712500,1.656095e-02,-1.780915e+00
0.418750,0.712500,1.647375e-02,-1.783208e+00
0.425000,0.712500,1.667076e-02,-1.778045e+00
0.431250,0.712500,1.716020e-02,-1.765478e+00
0.437500,0.712500,1.793593e-02,-1.746276e+00
0.443750,0.712500,1.812474e-02,-1.741728e+00
0.450000,0.712500,1.852992e-02,-1.732126e+00
0.456250,0.712500,1.910929e-02,-1.718755e+00
0.462500,0.712500,1.982173e-02,-1.702859e+00
0.468750,0.712500,2.063007e-02,-1.685499e+00
0.475000,0.712500,2.150254e-02,-1.667510e+00
0.481250,0.712500,2.241286e-02,-1.649503e+00
0.487500,0.712500,2.333991e-02,-1.631901e+00
0.493750,0.712500,2.426696e-02,-1.614985e+00
0.500000,0.712500,2.605519e-02,-1.584106e+00
0.506250,0.712500,2.742837e-02,-1.561800e+00
0.512500,0.712500,2.883746e-02,-1.540043e+00
0.518750,0.712500,3.025297e-02,-1.519232e+00
0.525000,0.712500,3.165219e-02,-1.499596e+00
0.531250,0.712500,3.301769e-02,-1.481253e+00
0.537500,0.712500,3.433611e-02,-1.464249e+00
0.543750,0.712500,3.559730e-02,-1.448583e+00
0.550000,0.712500,3.679352e-02,-1.434229e+00
0.556250,0.712500,3.791901e-02,-1.421143e+00
0.562500,0.712500,3.896952e-02,-1.409275e+00
0.568750,0.712500,3.973117e-02,-1.400869e+00
0.575000,0.712500,4.046599e-02,-1.392910e+00
0.581250,0.712500,4.117252e-02,-1.385393e+00
0.587500,0.712500,4.184951e-02,-1.378310e+00
0.593750,0.712500,4.249592e-02,-1.371653e+00
0.600000,0.712500,4.311087e-02,-1.365413e+00
0.606250,0.712500,4.369364e-02,-1.359582e+00
0.612500,0.712500,4.424363e-02,-1.354149e+00
0.618750,0.712500,4.476037e-02,-1.349106e+00
0.625000,0.712500,4.524350e-02,-1.344444e+00
0.631250,0.712500,4.595236e-02,-1.337692e+00
0.637500,0.712500,4.663126e-02,-1.331323e+00
0.643750,0.712500,4.728061e-02,-1.325317e+00
0.650000,0.712500,4.790085e-02,-1.319657e+00
0.656250,0.712500,4.849247e-02,-1.314326e+00
0.662500,0.712500,4.905601e-02,-1.309308e+00
0.668750,0.712500,4.959207e-02,-1.304588e+00
0.675000,0.712500,5.010128e-02,-1.300151e+00
0.681250,0.712500,5.058435e-02,-1.295984e+00
0.687500,0.712500,5.104201e-02,-1.292072e+00
0.693750,0.712500,5.191021e-02,-1.284747e+00
0.700000,0.712500,5.277528e-02,-1.277569e+00
0.706250,0.712500,5.363754e-02,-1.270531e+00
0.712500,0.712500,5.449729e-02,-1.263625e+00
0.718750,0.712500,5.535488e-02,-1.256844e+00
0.725000,0.712500,5.621065e-02,-1.250181e+00
0.731250,0.712500,5.706496e-02,-1.243630e+00
0.737500,0.712500,5.791819e-02,-1.237185e+00
0.743750,0.712500,5.877071e-02,-1.230839e+00
0.750000,0.712500,5.962294e-02,-1.224587e+00
0.250000,0.718750,6.702329e-02,-1.173774e+00
0.256250,0.718750,6.448791e-02,-1.190522e+00
0.262500,0.718750,6.196107e-02,-1.207881e+00
0.268750,0.718750,5.944437e-02,-1.225889e+00
0.275000,0.718750,5.693994e-02,-1.244583e+00
0.281250,0.718750,5.445057e-02,-1.263998e+00
0.287500,0.718750,5.197988e-02,-1.284165e+00
0.293750,0.718750,4.953246e-02,-1.305110e+00
0.300000,0.718750,4.711416e-02,-1.326849e+00
0.306250,0.718750,4.473239e-02,-1.349378e+00
0.312500,0.718750,4.239646e-02,-1.372670e+00
0.318750,0.718750,4.047328e-02,-1.392832e+00
0.325000,0.718750,3.857229e-02,-1.413725e+00
0.331250,0.718750,3.670068e-02,-1.435326e+00
0.337500,0.718750,3.486741e-02,-1.457580e+00
0.343750,0.718750,3.308359e-02,-1.480387e+00
0.350000,0.718750,3.136295e-02,-1.503583e+00
0.356250,0.718750,2.972236e-02,-1.526917e+00
0.362500,0.718750,2.818235e-02,-1.550023e+00
0.368750,0.718750,2.676752e-02,-1.572392e+00
0.375000,0.718750,2.550669e-02,-1.593346e+00
0.381250,0.718750,2.430301e-02,-1.614340e+00
0.387500,0.718750,2.315115e-02,-1.635427e+00
0.393750,0.718750,2.206830e-02,-1.656231e+00
0.400000,0.718750,2.107490e-02,-1.676234e+00
0.406250,0.718750,2.019474e-02,-1.694762e+00
0.412500,0.718750,1.945457e-02,-1.710978e+00
0.418750,0.718750,1.888292e-02,-1.723931e+00
0.425000,0.718750,1.850812e-02,-1.732638e+00
0.431250,0.718750,1.835543e-02,-1.736235e+00
0.437500,0.718750,1.844387e-02,-1.734148e+00
0.443750,0.718750,1.815383e-02,-1.741032e+00
0.450000,0.718750,1.808198e-02,-1.742754e+00
0.456250,0.718750,1.821032e-02,-1.739682e+00
0.462500,0.718750,1.851536e-02,-1.732468e+00
0.468750,0.718750,1.897061e-02,-1.721919e+00
0.475000,0.718750,1.954897e-02,-1.708876e+00
0.481250,0.718750,2.022468e-02,-1.694118e+00
0.487500,0.718750,2.097447e-02,-1.678309e+00
0.493750,0.718750,2.177809e-02,-1.661980e+00
0.500000,0.718750,2.251853e-02,-1.647460e+00
0.506250,0.718750,2.360636e-02,-1.626971e+00
0.512500,0.718750,2.477518e-02,-1.605983e+00
0.518750,0.718750,2.599332e-02,-1.585138e+00
0.525000,0.718750,2.723552e-02,-1.564864e+00
0.531250,0.718750,2.848188e-02,-1.545431e+00
0.537500,0.718750,2.971688e-02,-1.526997e+00
0.543750,0.718750,3.092848e-02,-1.509641e+00
0.550000,0.718750,3.210738e-02,-1.493395e+00
0.556250,0.718750,3.324647e-02,-1.478254e+00
0.562500,0.718750,3.434036e-02,-1.464195e+00
0.568750,0.718750,3.508535e-02,-1.454874e+00
0.575000,0.718750,3.581165e-02,-1.445976e+00
0.581250,0.718750,3.651704e-02,-1.437504e+00
0.587500,0.718750,3.719962e-02,-1.429462e+00
0.593750,0.718750,3.785777e-02,-1.421845e+00
0.600000,0.718750,3.849015e-02,-1.414650e+00
0.606250,0.718750,3.909564e-02,-1.407872e+00
0.612500,0.718750,3.967330e-02,-1.401502e+00
0.618750,0.718750,4.022240e-02,-1.395532e+00
0.625000,0.718750,4.074237e-02,-1.389954e+00
0.631250,0.718750,4.151287e-02,-1.381817e+00
0.637500,0.718750,4.225915e-02,-1.374079e+00
0.643750,0.718750,4.298152e-02,-1.366718e+00
0.650000,0.718750,4.368032e-02,-1.359714e+00
0.656250,0.718750,4.435594e-02,-1.353048e+00
0.662500,0.718750,4.500886e-02,-1.346702e+00
0.668750,0.718750,4.563956e-02,-1.340659e+00
0.675000,0.718750,4.624859e-02,-1.334901e+00
0.681250,0.718750,4.683657e-02,-1.329415e+00
0.687500,0.718750,4.740413e-02,-1.324184e+00
0.693750,0.718750,4.840264e-02,-1.315131e+00
0.700000,0.718750,4.939790e-02,-1.306291e+00
0.706250,0.718750,5.039018e-02,-1.297654e+00
0.712500,0.718750,5.137975e-02,-1.289208e+00
0.718750,0.718750,5.236688e-02,-1.280943e+00
0.725000,0.718750,5.335186e-02,-1.272850e+00
0.731250,0.718750,5.433500e-02,-1.264920e+00
0.737500,0.718750,5.531660e-02,-1.257145e+00
0.743750,0.718750,5.629699e-02,-1.249515e+00
0.750000,0.718750,5.727649e-02,-1.242024e+00
0.250000,0.725000,6.871513e-02,-1.162948e+00
0.256250,0.725000,6.633334e-02,-1.178268e+00
0.262500,0.725000,6.396308e-02,-1.194071e+00
0.268750,0.725000,6.160594e-02,-1.210377e+00
0.275000,0.725000,5.926401e-02,-1.227209e+00
0.281250,0.725000,5.693994e-02,-1.244583e+00
0.287500,0.725000,5.463708e-02,-1.262513e+00
0.293750,0.725000,5.235960e-02,-1.281004e+00
0.300000,0.725000,5.011269e-02,-1.300052e+00
0.306250,0.725000,4.790274e-02,-1.319640e+00
0.312500,0.725000,4.573762e-02,-1.339726e+00
0.318750,0.725000,4.395882e-02,-1.356954e+00
0.325000,0.725000,4.219799e-02,-1.374708e+00
0.331250,0.725000,4.046064e-02,-1.392967e+00
0.337500,0.725000,3.875344e-02,-1.411690e+00
0.343750,0.725000,3.708450e-02,-1.430808e+00
0.350000,0.725000,3.546363e-02,-1.450217e+00
0.356250,0.725000,3.390261e-02,-1.469767e+00
0.362500,0.725000,3.241549e-02,-1.489247e+00
0.368750,0.725000,3.101887e-02,-1.508374e+00
0.375000,0.725000,2.973205e-02,-1.526775e+00
0.381250,0.725000,2.851912e-02,-1.544864e+00
0.387500,0.725000,2.733858e-02,-1.563224e+00
0.393750,0.725000,2.620070e-02,-1.581687e+00
0.400000,0.725000,2.511755e-02,-1.600023e+00
0.406250,0.725000,2.410328e-02,-1.617924e+00
0.412500,0.725000,2.317417e-02,-1.634996e+00
0.418750,0.725000,2.234858e-02,-1.650750e+00
0.425000,0.725000,2.164652e-02,-1.664612e+00
0.431250,0.725000,2.108897e-02,-1.675945e+00
0.437500,0.725000,2.069663e-02,-1.684100e+00
0.443750,0.725000,2.005809e-02,-1.697710e+00
0.450000,0.725000,1.958863e-02,-1.707996e+00
0.456250,0.725000,1.928895e-02,-1.714691e+00
0.462500,0.725000,1.915566e-02,-1.717703e+00
0.468750,0.725000,1.918123e-02,-1.717124e+00
0.475000,0.725000,1.935452e-02,-1.713218e+00
0.481250,0.725000,1.966162e-02,-1.706381e+00
0.487500,0.725000,2.008695e-02,-1.697086e+00
0.493750,0.725000,2.061434e-02,-1.685831e+00
0.500000,0.725000,2.041442e-02,-1.690063e+00
0.506250,0.725000,2.114225e-02,-1.674849e+00
0.512500,0.725000,2.199332e-02,-1.657709e+00
0.518750,0.725000,2.293796e-02,-1.639445e+00
0.525000,0.725000,2.395057e-02,-1.620684e+00
0.531250,0.725000,2.500969e-02,-1.601892e+00
0.537500,0.725000,2.609770e-02,-1.583398e+00
0.543750,0.725000,2.720033e-02,-1.565426e+00
0.550000,0.725000,2.830611e-02,-1.548120e+00
0.556250,0.725000,2.940590e-02,-1.531566e+00
0.562500,0.725000,3.049248e-02,-1.515807e+00
0.568750,0.725000,3.118625e-02,-1.506037e+00
0.575000,0.725000,3.187385e-02,-1.496566e+00
0.581250,0.725000,3.255182e-02,-1.487425e+00
0.587500,0.725000,3.321720e-02,-1.478637e+00
0.593750,0.725000,3.386746e-02,-1.470217e+00
0.600000,0.725000,3.450046e-02,-1.462175e+00
0.606250,0.725000,3.511440e-02,-1.454515e+00
0.612500,0.725000,3.570780e-02,-1.447237e+00
0.618750,0.725000,3.627943e-02,-1.440340e+00
0.625000,0.725000,3.682830e-02,-1.433818e+00
0.631250,0.725000,3.765011e-02,-1.424234e+00
0.637500,0.725000,3.845388e-02,-1.415060e+00
0.643750,0.725000,3.923967e-02,-1.406275e+00
0.650000,0.725000,4.000765e-02,-1.397857e+00
0.656250,0.725000,4.075805e-02,-1.389787e+00
0.662500,0.725000,4.149112e-02,-1.382045e+00
0.668750,0.725000,4.220722e-02,-1.374613e+00
0.675000,0.725000,4.290673e-02,-1.367475e+00
0.681250,0.725000,4.359008e-02,-1.360612e+00
0.687500,0.725000,4.425775e-02,-1.354011e+00
0.693750,0.725000,4.537568e-02,-1.343177e+00
0.700000,0.725000,4.648975e-02,-1.332643e+00
0.706250,0.725000,4.760022e-02,-1.322391e+00
0.712500,0.725000,4.870733e-02,-1.312406e+00
0.718750,0.725000,4.981134e-02,-1.302672e+00
0.725000,0.725000,5.091252e-02,-1.293175e+00
0.731250,0.725000,5.201115e-02,-1.283904e+00
0.737500,0.725000,5.310749e-02,-1.274844e+00
0.743750,0.725000,5.420183e-02,-1.265986e+00
0.750000,0.725000,5.529446e-02,-1.257318e+00
0.250000,0.731250,7.043137e-02,-1.152234e+00
0.256250,0.731250,6.820209e-02,-1.166202e+00
0.262500,0.731250,6.598700e-02,-1.180542e+00
0.268750,0.731250,6.378763e-02,-1.195264e+00
0.275000,0.731250,6.160594e-02,-1.210377e+00
0.281250,0.731250,5.944437e-02,-1.225889e+00
0.287500,0.731250,5.730594e-02,-1.241800e+00
0.293750,0.731250,5.519436e-02,-1.258105e+00
0.300000,0.731250,5.311412e-02,-1.274790e+00
0.306250,0.731250,5.107065e-02,-1.291829e+00
0.312500,0.731250,4.907051e-02,-1.309179e+00
0.318750,0.731250,4.743325e-02,-1.323917e+00
0.325000,0.731250,4.580947e-02,-1.339045e+00
0.331250,0.731250,4.420329e-02,-1.354545e+00
0.337500,0.731250,4.261963e-02,-1.370390e+00
0.343750,0.731250,4.106441e-02,-1.386534e+00
0.350000,0.731250,3.954465e-02,-1.402912e+00
0.356250,0.731250,3.806870e-02,-1.419432e+00
0.362500,0.731250,3.664637e-02,-1.435969e+00
0.368750,0.731250,3.528912e-02,-1.452359e+00
0.375000,0.731250,3.401023e-02,-1.468390e+00
0.381250,0.731250,3.281842e-02,-1.483882e+00
0.387500,0.731250,3.165067e-02,-1.499617e+00
0.393750,0.731250,3.051341e-02,-1.515509e+00
0.400000,0.731250,2.941408e-02,-1.531445e+00
0.406250,0.731250,2.836121e-02,-1.547275e+00
0.412500,0.731250,2.736458e-02,-1.562811e+00
0.418750,0.731250,2.643521e-02,-1.577817e+00
0.425000,0.731250,2.558537e-02,-1.592008e+00
0.431250,0.731250,2.482840e-02,-1.605051e+00
0.437500,0.731250,2.417850e-02,-1.616571e+00
0.443750,0.731250,2.335599e-02,-1.631602e+00
0.450000,0.731250,2.264128e-02,-1.645099e+00
0.456250,0.731250,2.204064e-02,-1.656776e+00
0.462500,0.731250,2.155932e-02,-1.666365e+00
0.468750,0.731250,2.120120e-02,-1.673640e+00
0.475000,0.731250,2.096834e-02,-1.678436e+00
0.481250,0.731250,2.086073e-02,-1.680670e+00
0.487500,0.731250,2.087619e-02,-1.680349e+00
0.493750,0.731250,2.101040e-02,-1.677566e+00
0.500000,0.731250,2.013538e-02,-1.696040e+00
0.506250,0.731250,2.048069e-02,-1.688656e+00
0.512500,0.731250,2.096603e-02,-1.678484e+00
0.518750,0.731250,2.157173e-02,-1.666115e+00
0.525000,0.731250,2.227844e-02,-1.652115e+00
0.531250,0.731250,2.306806e-02,-1.636989e+00
0.537500,0.731250,2.392420e-02,-1.621163e+00
0.543750,0.731250,2.483245e-02,-1.604980e+00
0.550000,0.731250,2.578039e-02,-1.588710e+00
0.556250,0.731250,2.675744e-02,-1.572555e+00
0.562500,0.731250,2.775470e-02,-1.556663e+00
0.568750,0.731250,2.834552e-02,-1.547516e+00
0.575000,0.731250,2.894814e-02,-1.538379e+00
0.581250,0.731250,2.955748e-02,-1.529333e+00
0.587500,0.731250,3.016912e-02,-1.520437e+00
0.593750,0.731250,3.077923e-02,-1.511742e+00
0.600000,0.731250,3.138450e-02,-1.503285e+00
0.606250,0.731250,3.198213e-02,-1.495093e+00
0.612500,0.731250,3.256972e-02,-1.487186e+00
0.618750,0.731250,3.314527e-02,-1.479578e+00
0.625000,0.731250,3.370712e-02,-1.472278e+00
0.631250,0.731250,3.455877e-02,-1.461442e+00
0.637500,0.731250,3.539946e-02,-1.451003e+00
0.643750,0.731250,3.622890e-02,-1.440945e+00
0.650000,0.731250,3.704690e-02,-1.431248e+00
0.656250,0.731250,3.785335e-02,-1.421896e+00
0.662500,0.731250,3.864825e-02,-1.412870e+00
0.668750,0.731250,3.943164e-02,-1.404155e+00
0.675000,0.731250,4.020366e-02,-1.395734e+00
0.681250,0.731250,4.096447e-02,-1.387593e+00
0.687500,0.731250,4.171432e-02,-1.379715e+00
0.693750,0.731250,4.293111e-02,-1.367228e+00
0.700000,0.731250,4.414356e-02,-1.355133e+00
0.706250,0.731250,4.535193e-02,-1.343404e+00
0.712500,0.731250,4.655645e-02,-1.332020e+00
0.718750,0.731250,4.775735e-02,-1.320960e+00
0.725000,0.731250,4.895490e-02,-1.310204e+00
0.731250,0.731250,5.014932e-02,-1.299735e+00
0.737500,0.731250,5.134086e-02,-1.289537e+00
0.743750,0.731250,5.252978e-02,-1.279594e+00
0.750000,0.731250,5.371632e-02,-1.269894e+00
0.250000,0.737500,7.217040e-02,-1.141641e+00
0.256250,0.737500,7.009225e-02,-1.154330e+00
0.262500,0.737500,6.803065e-02,-1.167295e+00
0.268750,0.737500,6.598700e-02,-1.180542e+00
0.275000,0.737500,6.396308e-02,-1.194071e+00
0.281250,0.737500,6.196107e-02,-1.207881e+00
0.287500,0.737500,5.998365e-02,-1.221967e+00
0.293750,0.737500,5.803401e-02,-1.236317e+00
0.300000,0.737500,5.611599e-02,-1.250913e+00
0.306250,0.737500,5.423413e-02,-1.265727e+00
0.312500,0.737500,5.239381e-02,-1.280720e+00
0.318750,0.737500,5.089565e-02,-1.293319e+00
0.325000,0.737500,4.940632e-02,-1.306217e+00
0.331250,0.737500,4.792882e-02,-1.319403e+00
0.337500,0.737500,4.646672e-02,-1.332858e+00
0.343750,0.737500,4.502428e-02,-1.346553e+00
0.350000,0.737500,4.360655e-02,-1.360448e+00
0.356250,0.737500,4.221946e-02,-1.374487e+00
0.362500,0.737500,4.086993e-02,-1.388596e+00
0.368750,0.737500,3.956600e-02,-1.402678e+00
0.375000,0.737500,3.831693e-02,-1.416609e+00
0.381250,0.737500,3.716418e-02,-1.429875e+00
0.387500,0.737500,3.603342e-02,-1.443295e+00
0.393750,0.737500,3.492892e-02,-1.456815e+00
0.400000,0.737500,3.385549e-02,-1.470371e+00
0.406250,0.737500,3.281854e-02,-1.483881e+00
0.412500,0.737500,3.182412e-02,-1.497244e+00
0.418750,0.737500,3.087892e-02,-1.510338e+00
0.425000,0.737500,2.999034e-02,-1.523019e+00
0.431250,0.737500,2.916641e-02,-1.535117e+00
0.437500,0.737500,2.841573e-02,-1.546441e+00
0.443750,0.737500,2.752982e-02,-1.560197e+00
0.450000,0.737500,2.669764e-02,-1.573527e+00
0.456250,0.737500,2.592512e-02,-1.586279e+00
0.462500,0.737500,2.521850e-02,-1.598281e+00
0.468750,0.737500,2.458426e-02,-1.609343e+00
0.475000,0.737500,2.402894e-02,-1.619265e+00
0.481250,0.737500,2.355894e-02,-1.627844e+00
0.487500,0.737500,2.318031e-02,-1.634881e+00
0.493750,0.737500,2.289843e-02,-1.640194e+00
0.500000,0.737500,2.170276e-02,-1.663485e+00
0.506250,0.737500,2.174470e-02,-1.662647e+00
0.512500,0.737500,2.190629e-02,-1.659431e+00
0.518750,0.737500,2.218027e-02,-1.654033e+00
0.525000,0.737500,2.255809e-02,-1.646698e+00
0.531250,0.737500,2.303040e-02,-1.637699e+00
0.537500,0.737500,2.358746e-02,-1.627319e+00
0.543750,0.737500,2.421958e-02,-1.615833e+00
0.550000,0.737500,2.491742e-02,-1.603497e+00
0.556250,0.737500,2.567219e-02,-1.590537e+00
0.562500,0.737500,2.647577e-02,-1.577151e+00
0.568750,0.737500,2.690251e-02,-1.570207e+00
0.575000,0.737500,2.736293e-02,-1.562837e+00
0.581250,0.737500,2.785062e-02,-1.555165e+00
0.587500,0.737500,2.835979e-02,-1.547297e+00
0.593750,0.737500,2.888527e-02,-1.539324e+00
0.600000,0.737500,2.942246e-02,-1.531321e+00
0.606250,0.737500,2.996733e-02,-1.523352e+00
0.612500,0.737500,3.051637e-02,-1.515467e+00
0.618750,0.737500,3.106656e-02,-1.507707e+00
0.625000,0.737500,3.161533e-02,-1.500102e+00
0.631250,0.737500,3.246084e-02,-1.488640e+00
0.637500,0.737500,3.330404e-02,-1.477503e+00
0.643750,0.737500,3.414405e-02,-1.466685e+00
0.650000,0.737500,3.498016e-02,-1.456178e+00
0.656250,0.737500,3.581178e-02,-1.445974e+00
0.662500,0.737500,3.663845e-02,-1.436063e+00
0.668750,0.737500,3.745980e-02,-1.426435e+00
0.675000,0.737500,3.827557e-02,-1.417078e+00
0.681250,0.737500,3.908558e-02,-1.407983e+00
0.687500,0.737500,3.988972e-02,-1.399139e+00
0.693750,0.737500,4.117305e-02,-1.385387e+00
0.700000,0.737500,4.245277e-02,-1.372094e+00
0.706250,0.737500,4.372902e-02,-1.359230e+00
0.712500,0.737500,4.500193e-02,-1.346769e+00
0.718750,0.737500,4.627164e-02,-1.334685e+00
0.725000,0.737500,4.753831e-02,-1.322956e+00
0.731250,0.737500,4.880210e-02,-1.311561e+00
0.737500,0.737500,5.006318e-02,-1.300482e+00
0.743750,0.737500,5.132171e-02,-1.289699e+00
0.750000,0.737500,5.257786e-02,-1.279197e+00
0.250000,0.743750,7.393088e-02,-1.131174e+00
0.256250,0.743750,7.200227e-02,-1.142654e+00
0.262500,0.743750,7.009225e-02,-1.154330e+00
0.268750,0.743750,6.820209e-02,-1.166202e+00
0.275000,0.743750,6.633334e-02,-1.178268e+00
0.281250,0.743750,6.448791e-02,-1.190522e+00
0.287500,0.743750,6.266809e-02,-1.202954e+00
0.293750,0.743750,6.087660e-02,-1.215550e+00
0.300000,0.743750,5.911664e-02,-1.228290e+00
0.306250,0.743750,5.739195e-02,-1.241149e+00
0.312500,0.743750,5.570689e-02,-1.254091e+00
0.318750,0.743750,5.434568e-02,-1.264835e+00
0.325000,0.743750,5.298858e-02,-1.275818e+00
0.331250,0.743750,5.163769e-02,-1.287033e+00
0.337500,0.743750,5.029553e-02,-1.298471e+00
0.343750,0.743750,4.896512e-02,-1.310113e+00
0.350000,0.743750,4.765004e-02,-1.321937e+00
0.356250,0.743750,4.635448e-02,-1.333908e+00
0.362500,0.743750,4.508335e-02,-1.345984e+00
0.368750,0.743750,4.384233e-02,-1.358106e+00
0.375000,0.743750,4.263794e-02,-1.370204e+00
0.381250,0.743750,4.153523e-02,-1.381583e+00
0.387500,0.743750,4.045619e-02,-1.393015e+00
0.393750,0.743750,3.940381e-02,-1.404462e+00
0.400000,0.743750,3.838139e-02,-1.415879e+00
0.406250,0.743750,3.739253e-02,-1.427215e+00
0.412500,0.743750,3.644113e-02,-1.438408e+00
0.418750,0.743750,3.553145e-02,-1.449387e+00
0.425000,0.743750,3.466803e-02,-1.460071e+00
0.431250,0.743750,3.385575e-02,-1.470368e+00
0.437500,0.743750,3.309974e-02,-1.480175e+00
0.443750,0.743750,3.222422e-02,-1.491818e+00
0.450000,0.743750,3.135691e-02,-1.503667e+00
0.456250,0.743750,3.050221e-02,-1.515669e+00
0.462500,0.743750,2.966512e-02,-1.527754e+00
0.468750,0.743750,2.885128e-02,-1.539835e+00
0.475000,0.743750,2.806705e-02,-1.551803e+00
0.481250,0.743750,2.731955e-02,-1.563526e+00
0.487500,0.743750,2.661666e-02,-1.574846e+00
0.493750,0.743750,2.596704e-02,-1.585578e+00
0.500000,0.743750,2.473155e-02,-1.606749e+00
0.506250,0.743750,2.460765e-02,-1.608930e+00
0.512500,0.743750,2.456210e-02,-1.609734e+00
0.518750,0.743750,2.459483e-02,-1.609156e+00
0.525000,0.743750,2.470503e-02,-1.607215e+00
0.531250,0.743750,2.489115e-02,-1.603955e+00
0.537500,0.743750,2.515102e-02,-1.599444e+00
0.543750,0.743750,2.548189e-02,-1.593768e+00
0.550000,0.743750,2.588057e-02,-1.587026e+00
0.556250,0.743750,2.634352e-02,-1.579326e+00
0.562500,0.743750,2.686694e-02,-1.570782e+00
0.568750,0.743750,2.708352e-02,-1.567295e+00
0.575000,0.743750,2.735410e-02,-1.562978e+00
0.581250,0.743750,2.767220e-02,-1.557956e+00
0.587500,0.743750,2.803168e-02,-1.552351e+00
0.593750,0.743750,2.842674e-02,-1.546273e+00
0.600000,0.743750,2.885202e-02,-1.539824e+00
0.606250,0.743750,2.930262e-02,-1.533094e+00
0.612500,0.743750,2.977411e-02,-1.526161e+00
0.618750,0.743750,3.026256e-02,-1.519094e+00
0.625000,0.743750,3.076445e-02,-1.511951e+00
0.631250,0.743750,3.155600e-02,-1.500918e+00
0.637500,0.743750,3.235545e-02,-1.490053e+00
0.643750,0.743750,3.316124e-02,-1.479369e+00
0.650000,0.743750,3.397203e-02,-1.468879e+00
0.656250,0.743750,3.478664e-02,-1.458588e+00
0.662500,0.743750,3.560404e-02,-1.448501e+00
0.668750,0.743750,3.642337e-02,-1.438620e+00
0.675000,0.743750,3.724387e-02,-1.428945e+00
0.681250,0.743750,3.806490e-02,-1.419475e+00
0.687500,0.743750,3.888591e-02,-1.410208e+00
0.693750,0.743750,4.019226e-02,-1.395858e+00
0.700000,0.743750,4.149804e-02,-1.381972e+00
0.706250,0.743750,4.280305e-02,-1.368525e+00
0.712500,0.743750,4.410714e-02,-1.355491e+00
0.718750,0.743750,4.541019e-02,-1.342847e+00
0.725000,0.743750,4.671211e-02,-1.330571e+00
0.731250,0.743750,4.801285e-02,-1.318643e+00
0.737500,0.743750,4.931238e-02,-1.307044e+00
0.743750,0.743750,5.061069e-02,-1.295758e+00
0.750000,0.743750,5.190778e-02,-1.284768e+00
0.250000,0.750000,7.571172e-02,-1.120837e+00
0.256250,0.750000,7.393088e-02,-1.131174e+00
0.262500,0.750000,7.217040e-02,-1.141641e+00
0.268750,0.750000,7.043137e-02,-1.152234e+00
0.275000,0.750000,6.871513e-02,-1.162948e+00
0.281250,0.750000,6.702329e-02,-1.173774e+00
0.287500,0.750000,6.535776e-02,-1.184703e+00
0.293750,0.750000,6.372080e-02,-1.195719e+00
0.300000,0.750000,6.211502e-02,-1.206803e+00
0.306250,0.750000,6.054345e-02,-1.217933e+00
0.312500,0.750000,5.900958e-02,-1.229077e+00
0.318750,0.750000,5.778340e-02,-1.238197e+00
0.325000,0.750000,5.655660e-02,-1.247517e+00
0.331250,0.750000,5.533056e-02,-1.257035e+00
0.337500,0.750000,5.410698e-02,-1.266747e+00
0.343750,0.750000,5.288794e-02,-1.276643e+00
0.350000,0.750000,5.167590e-02,-1.286712e+00
0.356250,0.750000,5.047381e-02,-1.296934e+00
0.362500,0.750000,4.928511e-02,-1.307284e+00
0.368750,0.750000,4.811382e-02,-1.317730e+00
0.375000,0.750000,4.696456e-02,-1.328230e+00
0.381250,0.750000,4.591880e-02,-1.338009e+00
0.387500,0.750000,4.490075e-02,-1.347746e+00
0.393750,0.750000,4.391262e-02,-1.357411e+00
0.400000,0.750000,4.295679e-02,-1.366968e+00
0.406250,0.750000,4.203578e-02,-1.376381e+00
0.412500,0.750000,4.115226e-02,-1.385606e+00
0.418750,0.750000,4.030901e-02,-1.394598e+00
0.425000,0.750000,3.950895e-02,-1.403304e+00
0.431250,0.750000,3.875512e-02,-1.411671e+00
0.437500,0.750000,3.805061e-02,-1.419638e+00
0.443750,0.750000,3.722961e-02,-1.429111e+00
0.450000,0.750000,3.637724e-02,-1.439170e+00
0.456250,0.750000,3.549652e-02,-1.449814e+00
0.462500,0.750000,3.459098e-02,-1.461037e+00
0.468750,0.750000,3.366480e-02,-1.472824e+00
0.475000,0.750000,3.272287e-02,-1.485149e+00
0.481250,0.750000,3.177097e-02,-1.497970e+00
0.487500,0.750000,3.081589e-02,-1.511225e+00
0.493750,0.750000,2.986562e-02,-1.524828e+00
0.500000,0.750000,2.873727e-02,-1.541554e+00
0.506250,0.750000,2.856981e-02,-1.544093e+00
0.512500,0.750000,2.843679e-02,-1.546119e+00
0.518750,0.750000,2.834047e-02,-1.547593e+00
0.525000,0.750000,2.828304e-02,-1.548474e+00
0.531250,0.750000,2.826660e-02,-1.548726e+00
0.537500,0.750000,2.829312e-02,-1.548319e+00
0.543750,0.750000,2.836442e-02,-1.547226e+00
0.550000,0.750000,2.848215e-02,-1.545427e+00
0.556250,0.750000,2.864773e-02,-1.542910e+00
0.562500,0.750000,2.886237e-02,-1.539668e+00
0.568750,0.750000,2.885989e-02,-1.539705e+00
0.575000,0.750000,2.892485e-02,-1.538729e+00
0.581250,0.750000,2.905206e-02,-1.536823e+00
0.587500,0.750000,2.923623e-02,-1.534079e+00
0.593750,0.750000,2.947212e-02,-1.530589e+00
0.600000,0.750000,2.975461e-02,-1.526446e+00
0.606250,0.750000,3.007881e-02,-1.521739e+00
0.612500,0.750000,3.044007e-02,-1.516554e+00
0.618750,0.750000,3.083408e-02,-1.510969e+00
0.625000,0.750000,3.125686e-02,-1.505055e+00
0.631250,0.750000,3.194675e-02,-1.495573e+00
0.637500,0.750000,3.265481e-02,-1.486053e+00
0.643750,0.750000,3.337903e-02,-1.476526e+00
0.650000,0.750000,3.411759e-02,-1.467022e+00
0.656250,0.750000,3.486882e-02,-1.457563e+00
0.662500,0.750000,3.563122e-02,-1.448169e+00
0.668750,0.750000,3.640345e-02,-1.438857e+00
0.675000,0.750000,3.718430e-02,-1.429640e+00
0.681250,0.750000,3.797268e-02,-1.420529e+00
0.687500,0.750000,3.876763e-02,-1.411531e+00
0.693750,0.750000,4.004672e-02,-1.397433e+00
0.700000,0.750000,4.133115e-02,-1.383723e+00
0.706250,0.750000,4.262014e-02,-1.370385e+00
0.712500,0.750000,4.391302e-02,-1.357407e+00
0.718750,0.750000,4.520920e-02,-1.344773e+00
0.725000,0.750000,4.650818e-02,-1.332471e+00
0.731250,0.750000,4.780953e-02,-1.320486e+00
0.737500,0.750000,4.911288e-02,-1.308805e+00
0.743750,0.750000,5.041791e-02,-1.297415e+00
0.750000,0.750000,5.172435e-02,-1.286305e+00
