p,N,beta,method,breakpoint_index,x_value
2,2,1.55,uniform,0,0.0
2,2,1.55,uniform,1,0.5
2,2,1.55,uniform,2,1.0
2,2,1.55,positional,0,0.0
2,2,1.55,positional,1,0.2159001781968421
2,2,1.55,positional,2,1.0
2,2,1.65,uniform,0,0.0
2,2,1.65,uniform,1,0.5
2,2,1.65,uniform,2,1.0
2,2,1.65,positional,0,0.0
2,2,1.65,positional,1,0.3016367373332727
2,2,1.65,positional,2,1.0
2,2,1.75,uniform,0,0.0
2,2,1.75,uniform,1,0.5
2,2,1.75,uniform,2,1.0
2,2,1.75,positional,0,0.0
2,2,1.75,positional,1,0.36505631659460813
2,2,1.75,positional,2,1.0
2,2,1.85,uniform,0,0.0
2,2,1.85,uniform,1,0.5
2,2,1.85,uniform,2,1.0
2,2,1.85,positional,0,0.0
2,2,1.85,positional,1,0.40603229306762384
2,2,1.85,positional,2,1.0
2,2,1.95,uniform,0,0.0
2,2,1.95,uniform,1,0.5
2,2,1.95,uniform,2,1.0
2,2,1.95,positional,0,0.0
2,2,1.95,positional,1,0.43181975729869193
2,2,1.95,positional,2,1.0
2,4,1.55,uniform,0,0.0
2,4,1.55,uniform,1,0.25
2,4,1.55,uniform,2,0.5
2,4,1.55,uniform,3,0.75
2,4,1.55,uniform,4,1.0
2,4,1.55,positional,0,0.0
2,4,1.55,positional,1,0.06402838686880094
2,4,1.55,positional,2,0.18476896501307033
2,4,1.55,positional,3,0.45331520280225507
2,4,1.55,positional,4,1.0
2,4,1.65,uniform,0,0.0
2,4,1.65,uniform,1,0.25
2,4,1.65,uniform,2,0.5
2,4,1.65,uniform,3,0.75
2,4,1.65,uniform,4,1.0
2,4,1.65,positional,0,0.0
2,4,1.65,positional,1,0.0947493358311047
2,4,1.65,positional,2,0.26009653286307144
2,4,1.65,positional,3,0.544114471181592
2,4,1.65,positional,4,1.0
2,4,1.75,uniform,0,0.0
2,4,1.75,uniform,1,0.25
2,4,1.75,uniform,2,0.5
2,4,1.75,uniform,3,0.75
2,4,1.75,uniform,4,1.0
2,4,1.75,positional,0,0.0
2,4,1.75,positional,1,0.1215243874758688
2,4,1.75,positional,2,0.31911665073002515
2,4,1.75,positional,3,0.6092871237186354
2,4,1.75,positional,4,1.0
2,4,1.85,uniform,0,0.0
2,4,1.85,uniform,1,0.25
2,4,1.85,uniform,2,0.5
2,4,1.85,uniform,3,0.75
2,4,1.85,uniform,4,1.0
2,4,1.85,positional,0,0.0
2,4,1.85,positional,1,0.14169689118837409
2,4,1.85,positional,2,0.3590658844520207
2,4,1.85,positional,3,0.6493104315327187
2,4,1.85,positional,4,1.0
2,4,1.95,uniform,0,0.0
2,4,1.95,uniform,1,0.25
2,4,1.95,uniform,2,0.5
2,4,1.95,uniform,3,0.75
2,4,1.95,uniform,4,1.0
2,4,1.95,positional,0,0.0
2,4,1.95,positional,1,0.15646664374637764
2,4,1.95,positional,2,0.3855489443909834
2,4,1.95,positional,3,0.6735965343409385
2,4,1.95,positional,4,1.0
2,8,1.55,uniform,0,0.0
2,8,1.55,uniform,1,0.125
2,8,1.55,uniform,2,0.25
2,8,1.55,uniform,3,0.375
2,8,1.55,uniform,4,0.5
2,8,1.55,uniform,5,0.625
2,8,1.55,uniform,6,0.75
2,8,1.55,uniform,7,0.875
2,8,1.55,uniform,8,1.0
2,8,1.55,positional,0,0.0
2,8,1.55,positional,1,0.020729839120077004
2,8,1.55,positional,2,0.052282195247529195
2,8,1.55,positional,3,0.09804813057917314
2,8,1.55,positional,4,0.1659342958098172
2,8,1.55,positional,5,0.27161701213109835
2,8,1.55,positional,6,0.4359460955900414
2,8,1.55,positional,7,0.676070365745185
2,8,1.55,positional,8,1.0
2,8,1.65,uniform,0,0.0
2,8,1.65,uniform,1,0.125
2,8,1.65,uniform,2,0.25
2,8,1.65,uniform,3,0.375
2,8,1.65,uniform,4,0.5
2,8,1.65,uniform,5,0.625
2,8,1.65,uniform,6,0.75
2,8,1.65,uniform,7,0.875
2,8,1.65,uniform,8,1.0
2,8,1.65,positional,0,0.0
2,8,1.65,positional,1,0.029691707697408427
2,8,1.65,positional,2,0.07600045608642009
2,8,1.65,positional,3,0.14150204855930218
2,8,1.65,positional,4,0.23153657464940036
2,8,1.65,positional,5,0.354378395796494
2,8,1.65,positional,6,0.5187608291659266
2,8,1.65,positional,7,0.7317635708360795
2,8,1.65,positional,8,1.0
2,8,1.75,uniform,0,0.0
2,8,1.75,uniform,1,0.125
2,8,1.75,uniform,2,0.25
2,8,1.75,uniform,3,0.375
2,8,1.75,uniform,4,0.5
2,8,1.75,uniform,5,0.625
2,8,1.75,uniform,6,0.75
2,8,1.75,uniform,7,0.875
2,8,1.75,uniform,8,1.0
2,8,1.75,positional,0,0.0
2,8,1.75,positional,1,0.03848519463304708
2,8,1.75,positional,2,0.09786451560151918
2,8,1.75,positional,3,0.1791997500651174
2,8,1.75,positional,4,0.2851948815375369
2,8,1.75,positional,5,0.41883926222286094
2,8,1.75,positional,6,0.5819524135095164
2,8,1.75,positional,7,0.775229457069275
2,8,1.75,positional,8,1.0
2,8,1.85,uniform,0,0.0
2,8,1.85,uniform,1,0.125
2,8,1.85,uniform,2,0.25
2,8,1.85,uniform,3,0.375
2,8,1.85,uniform,4,0.5
2,8,1.85,uniform,5,0.625
2,8,1.85,uniform,6,0.75
2,8,1.85,uniform,7,0.875
2,8,1.85,uniform,8,1.0
2,8,1.85,positional,0,0.0
2,8,1.85,positional,1,0.04626505488811534
2,8,1.85,positional,2,0.11563273357552745
2,8,1.85,positional,3,0.20771807428024225
2,8,1.85,positional,4,0.32330003303187255
2,8,1.85,positional,5,0.4621398273183822
2,8,1.85,positional,6,0.6225529877688285
2,8,1.85,positional,7,0.8023214283614862
2,8,1.85,positional,8,1.0
2,8,1.95,uniform,0,0.0
2,8,1.95,uniform,1,0.125
2,8,1.95,uniform,2,0.25
2,8,1.95,uniform,3,0.375
2,8,1.95,uniform,4,0.5
2,8,1.95,uniform,5,0.625
2,8,1.95,uniform,6,0.75
2,8,1.95,uniform,7,0.875
2,8,1.95,uniform,8,1.0
2,8,1.95,positional,0,0.0
2,8,1.95,positional,1,0.05304823940526309
2,8,1.95,positional,2,0.12982203045351876
2,8,1.95,positional,3,0.22892860469358275
2,8,1.95,positional,4,0.3499593957864003
2,8,1.95,positional,5,0.4908464920713501
2,8,1.95,positional,6,0.6482384782030801
2,8,1.95,positional,7,0.8187818383593146
2,8,1.95,positional,8,1.0
2,16,1.55,uniform,0,0.0
2,16,1.55,uniform,1,0.0625
2,16,1.55,uniform,2,0.125
2,16,1.55,uniform,3,0.1875
2,16,1.55,uniform,4,0.25
2,16,1.55,uniform,5,0.3125
2,16,1.55,uniform,6,0.375
2,16,1.55,uniform,7,0.4375
2,16,1.55,uniform,8,0.5
2,16,1.55,uniform,9,0.5625
2,16,1.55,uniform,10,0.625
2,16,1.55,uniform,11,0.6875
2,16,1.55,uniform,12,0.75
2,16,1.55,uniform,13,0.8125
2,16,1.55,uniform,14,0.875
2,16,1.55,uniform,15,0.9375
2,16,1.55,uniform,16,1.0
2,16,1.55,positional,0,0.0
2,16,1.55,positional,1,0.007190924735076402
2,16,1.55,positional,2,0.016832632099669946
2,16,1.55,positional,3,0.029323506549466104
2,16,1.55,positional,4,0.04512614956531431
2,16,1.55,positional,5,0.06473219297735502
2,16,1.55,positional,6,0.08886173034408187
2,16,1.55,positional,7,0.11864373294101604
2,16,1.55,positional,8,0.15576165964699623
2,16,1.55,positional,9,0.2025187064137395
2,16,1.55,positional,10,0.26170849991930223
2,16,1.55,positional,11,0.33623619194219195
2,16,1.55,positional,12,0.4286275992284259
2,16,1.55,positional,13,0.5406666177244206
2,16,1.55,positional,14,0.6732761837618528
2,16,1.55,positional,15,0.8265761753880005
2,16,1.55,positional,16,1.0
2,16,1.65,uniform,0,0.0
2,16,1.65,uniform,1,0.0625
2,16,1.65,uniform,2,0.125
2,16,1.65,uniform,3,0.1875
2,16,1.65,uniform,4,0.25
2,16,1.65,uniform,5,0.3125
2,16,1.65,uniform,6,0.375
2,16,1.65,uniform,7,0.4375
2,16,1.65,uniform,8,0.5
2,16,1.65,uniform,9,0.5625
2,16,1.65,uniform,10,0.625
2,16,1.65,uniform,11,0.6875
2,16,1.65,uniform,12,0.75
2,16,1.65,uniform,13,0.8125
2,16,1.65,uniform,14,0.875
2,16,1.65,uniform,15,0.9375
2,16,1.65,uniform,16,1.0
2,16,1.65,positional,0,0.0
2,16,1.65,positional,1,0.00966510810383541
2,16,1.65,positional,2,0.023344523600914557
2,16,1.65,positional,3,0.04147148842073438
2,16,1.65,positional,4,0.06444934768151254
2,16,1.65,positional,5,0.09264182331509654
2,16,1.65,positional,6,0.12656854293055397
2,16,1.65,positional,7,0.1669852856337047
2,16,1.65,positional,8,0.21488553176280628
2,16,1.65,positional,9,0.27145146791013997
2,16,1.65,positional,10,0.33794403777019744
2,16,1.65,positional,11,0.4155534537479032
2,16,1.65,positional,12,0.5052861990214619
2,16,1.65,positional,13,0.6079471403948586
2,16,1.65,positional,14,0.7242038636350949
2,16,1.65,positional,15,0.8546762379254261
2,16,1.65,positional,16,1.0
2,16,1.75,uniform,0,0.0
2,16,1.75,uniform,1,0.0625
2,16,1.75,uniform,2,0.125
2,16,1.75,uniform,3,0.1875
2,16,1.75,uniform,4,0.25
2,16,1.75,uniform,5,0.3125
2,16,1.75,uniform,6,0.375
2,16,1.75,uniform,7,0.4375
2,16,1.75,uniform,8,0.5
2,16,1.75,uniform,9,0.5625
2,16,1.75,uniform,10,0.625
2,16,1.75,uniform,11,0.6875
2,16,1.75,uniform,12,0.75
2,16,1.75,uniform,13,0.8125
2,16,1.75,uniform,14,0.875
2,16,1.75,uniform,15,0.9375
2,16,1.75,uniform,16,1.0
2,16,1.75,positional,0,0.0
2,16,1.75,positional,1,0.012241835664011042
2,16,1.75,positional,2,0.029978084923842116
2,16,1.75,positional,3,0.053467247841034946
2,16,1.75,positional,4,0.08287158596190815
2,16,1.75,positional,5,0.11833096349544213
2,16,1.75,positional,6,0.16011929440546707
2,16,1.75,positional,7,0.20863273702890447
2,16,1.75,positional,8,0.2643134225478357
2,16,1.75,positional,9,0.32758034249942436
2,16,1.75,positional,10,0.3987753318054434
2,16,1.75,positional,11,0.4781246946030964
2,16,1.75,positional,12,0.5657373439130198
2,16,1.75,positional,13,0.661649530938435
2,16,1.75,positional,14,0.765898432014998
2,16,1.75,positional,15,0.8785979540540916
2,16,1.75,positional,16,1.0
2,16,1.85,uniform,0,0.0
2,16,1.85,uniform,1,0.0625
2,16,1.85,uniform,2,0.125
2,16,1.85,uniform,3,0.1875
2,16,1.85,uniform,4,0.25
2,16,1.85,uniform,5,0.3125
2,16,1.85,uniform,6,0.375
2,16,1.85,uniform,7,0.4375
2,16,1.85,uniform,8,0.5
2,16,1.85,uniform,9,0.5625
2,16,1.85,uniform,10,0.625
2,16,1.85,uniform,11,0.6875
2,16,1.85,uniform,12,0.75
2,16,1.85,uniform,13,0.8125
2,16,1.85,uniform,14,0.875
2,16,1.85,uniform,15,0.9375
2,16,1.85,uniform,16,1.0
2,16,1.85,positional,0,0.0
2,16,1.85,positional,1,0.014774812644040285
2,16,1.85,positional,2,0.036213867116601475
2,16,1.85,positional,3,0.06420419054881432
2,16,1.85,positional,4,0.09859547009700906
2,16,1.85,positional,5,0.13931803488653569
2,16,1.85,positional,6,0.18645562515426944
2,16,1.85,positional,7,0.2401501279211111
2,16,1.85,positional,8,0.300482476233959
2,16,1.85,positional,9,0.36741359088233055
2,16,1.85,positional,10,0.44078183444882446
2,16,1.85,positional,11,0.5203265939552055
2,16,1.85,positional,12,0.6057262995944359
2,16,1.85,positional,13,0.6966469788999181
2,16,1.85,positional,14,0.7927921582795169
2,16,1.85,positional,15,0.8939450593122801
2,16,1.85,positional,16,1.0
2,16,1.95,uniform,0,0.0
2,16,1.95,uniform,1,0.0625
2,16,1.95,uniform,2,0.125
2,16,1.95,uniform,3,0.1875
2,16,1.95,uniform,4,0.25
2,16,1.95,uniform,5,0.3125
2,16,1.95,uniform,6,0.375
2,16,1.95,uniform,7,0.4375
2,16,1.95,uniform,8,0.5
2,16,1.95,uniform,9,0.5625
2,16,1.95,uniform,10,0.625
2,16,1.95,uniform,11,0.6875
2,16,1.95,uniform,12,0.75
2,16,1.95,uniform,13,0.8125
2,16,1.95,uniform,14,0.875
2,16,1.95,uniform,15,0.9375
2,16,1.95,uniform,16,1.0
2,16,1.95,positional,0,0.0
2,16,1.95,positional,1,0.017300766766233974
2,16,1.95,positional,2,0.042078260894338235
2,16,1.95,positional,3,0.07375279286023287
2,16,1.95,positional,4,0.1118950364947366
2,16,1.95,positional,5,0.1562937103877514
2,16,1.95,positional,6,0.2069200673271253
2,16,1.95,positional,7,0.2637635454976817
2,16,1.95,positional,8,0.32669060642464426
2,16,1.95,positional,9,0.395404219025739
2,16,1.95,positional,10,0.46948059229574163
2,16,1.95,positional,11,0.5484280611960779
2,16,1.95,positional,12,0.6317400990285097
2,16,1.95,positional,13,0.7189369789873532
2,16,1.95,positional,14,0.8095957974944654
2,16,1.95,positional,15,0.9033698496310156
2,16,1.95,positional,16,1.0
2,32,1.55,uniform,0,0.0
2,32,1.55,uniform,1,0.03125
2,32,1.55,uniform,2,0.0625
2,32,1.55,uniform,3,0.09375
2,32,1.55,uniform,4,0.125
2,32,1.55,uniform,5,0.15625
2,32,1.55,uniform,6,0.1875
2,32,1.55,uniform,7,0.21875
2,32,1.55,uniform,8,0.25
2,32,1.55,uniform,9,0.28125
2,32,1.55,uniform,10,0.3125
2,32,1.55,uniform,11,0.34375
2,32,1.55,uniform,12,0.375
2,32,1.55,uniform,13,0.40625
2,32,1.55,uniform,14,0.4375
2,32,1.55,uniform,15,0.46875
2,32,1.55,uniform,16,0.5
2,32,1.55,uniform,17,0.53125
2,32,1.55,uniform,18,0.5625
2,32,1.55,uniform,19,0.59375
2,32,1.55,uniform,20,0.625
2,32,1.55,uniform,21,0.65625
2,32,1.55,uniform,22,0.6875
2,32,1.55,uniform,23,0.71875
2,32,1.55,uniform,24,0.75
2,32,1.55,uniform,25,0.78125
2,32,1.55,uniform,26,0.8125
2,32,1.55,uniform,27,0.84375
2,32,1.55,uniform,28,0.875
2,32,1.55,uniform,29,0.90625
2,32,1.55,uniform,30,0.9375
2,32,1.55,uniform,31,0.96875
2,32,1.55,uniform,32,1.0
2,32,1.55,positional,0,0.0
2,32,1.55,positional,1,0.0018580211720910166
2,32,1.55,positional,2,0.004628702785230155
2,32,1.55,positional,3,0.00824729491128712
2,32,1.55,positional,4,0.012784357366600297
2,32,1.55,positional,5,0.0183199757183811
2,32,1.55,positional,6,0.024953935430706647
2,32,1.55,positional,7,0.03277790161720315
2,32,1.55,positional,8,0.041872087796085984
2,32,1.55,positional,9,0.052313596686238174
2,32,1.55,positional,10,0.06418675006548033
2,32,1.55,positional,11,0.07759178619513758
2,32,1.55,positional,12,0.09265120412721378
2,32,1.55,positional,13,0.10951392520594977
2,32,1.55,positional,14,0.12835738237846606
2,32,1.55,positional,15,0.14938721766063734
2,32,1.55,positional,16,0.17283384173488783
2,32,1.55,positional,17,0.19894502522345686
2,32,1.55,positional,18,0.22797420043546296
2,32,1.55,positional,19,0.26016524163663995
2,32,1.55,positional,20,0.29573576988697575
2,32,1.55,positional,21,0.33486186192043454
2,32,1.55,positional,22,0.3776669302395671
2,32,1.55,positional,23,0.4242164666962172
2,32,1.55,positional,24,0.47451879657008267
2,32,1.55,positional,25,0.5285306435531258
2,32,1.55,positional,26,0.5861656029151345
2,32,1.55,positional,27,0.6473036126294646
2,32,1.55,positional,28,0.7117999669398956
2,32,1.55,positional,29,0.7794930283475684
2,32,1.55,positional,30,0.85021033774555
2,32,1.55,positional,31,0.923773197323784
2,32,1.55,positional,32,1.0
2,32,1.65,uniform,0,0.0
2,32,1.65,uniform,1,0.03125
2,32,1.65,uniform,2,0.0625
2,32,1.65,uniform,3,0.09375
2,32,1.65,uniform,4,0.125
2,32,1.65,uniform,5,0.15625
2,32,1.65,uniform,6,0.1875
2,32,1.65,uniform,7,0.21875
2,32,1.65,uniform,8,0.25
2,32,1.65,uniform,9,0.28125
2,32,1.65,uniform,10,0.3125
2,32,1.65,uniform,11,0.34375
2,32,1.65,uniform,12,0.375
2,32,1.65,uniform,13,0.40625
2,32,1.65,uniform,14,0.4375
2,32,1.65,uniform,15,0.46875
2,32,1.65,uniform,16,0.5
2,32,1.65,uniform,17,0.53125
2,32,1.65,uniform,18,0.5625
2,32,1.65,uniform,19,0.59375
2,32,1.65,uniform,20,0.625
2,32,1.65,uniform,21,0.65625
2,32,1.65,uniform,22,0.6875
2,32,1.65,uniform,23,0.71875
2,32,1.65,uniform,24,0.75
2,32,1.65,uniform,25,0.78125
2,32,1.65,uniform,26,0.8125
2,32,1.65,uniform,27,0.84375
2,32,1.65,uniform,28,0.875
2,32,1.65,uniform,29,0.90625
2,32,1.65,uniform,30,0.9375
2,32,1.65,uniform,31,0.96875
2,32,1.65,uniform,32,1.0
2,32,1.65,positional,0,0.0
2,32,1.65,positional,1,0.003212089453472679
2,32,1.65,positional,2,0.007505747221203579
2,32,1.65,positional,3,0.012886334568447507
2,32,1.65,positional,4,0.019366599977481927
2,32,1.65,positional,5,0.0270073111080775
2,32,1.65,positional,6,0.03588176802614466
2,32,1.65,positional,7,0.04605137080212107
2,32,1.65,positional,8,0.05756721047275078
2,32,1.65,positional,9,0.07047887053215203
2,32,1.65,positional,10,0.08484255866973262
2,32,1.65,positional,11,0.10072654168967332
2,32,1.65,positional,12,0.11821400750394127
2,32,1.65,positional,13,0.13740406179755796
2,32,1.65,positional,14,0.15841153157079507
2,32,1.65,positional,15,0.18136595191021992
2,32,1.65,positional,16,0.20640975095257347
2,32,1.65,positional,17,0.2336954101870817
2,32,1.65,positional,18,0.26338141055634845
2,32,1.65,positional,19,0.2956270867352765
2,32,1.65,positional,20,0.33058694218384377
2,32,1.65,positional,21,0.3684052891027076
2,32,1.65,positional,22,0.409212101577124
2,32,1.65,positional,23,0.45312069755920853
2,32,1.65,positional,24,0.5002274276496121
2,32,1.65,positional,25,0.5506131238330357
2,32,1.65,positional,26,0.6043457785465394
2,32,1.65,positional,27,0.6614838235227802
2,32,1.65,positional,28,0.7220794254165728
2,32,1.65,positional,29,0.7861813464648808
2,32,1.65,positional,30,0.8538370730152155
2,32,1.65,positional,31,0.9250940540582058
2,32,1.65,positional,32,1.0
2,32,1.75,uniform,0,0.0
2,32,1.75,uniform,1,0.03125
2,32,1.75,uniform,2,0.0625
2,32,1.75,uniform,3,0.09375
2,32,1.75,uniform,4,0.125
2,32,1.75,uniform,5,0.15625
2,32,1.75,uniform,6,0.1875
2,32,1.75,uniform,7,0.21875
2,32,1.75,uniform,8,0.25
2,32,1.75,uniform,9,0.28125
2,32,1.75,uniform,10,0.3125
2,32,1.75,uniform,11,0.34375
2,32,1.75,uniform,12,0.375
2,32,1.75,uniform,13,0.40625
2,32,1.75,uniform,14,0.4375
2,32,1.75,uniform,15,0.46875
2,32,1.75,uniform,16,0.5
2,32,1.75,uniform,17,0.53125
2,32,1.75,uniform,18,0.5625
2,32,1.75,uniform,19,0.59375
2,32,1.75,uniform,20,0.625
2,32,1.75,uniform,21,0.65625
2,32,1.75,uniform,22,0.6875
2,32,1.75,uniform,23,0.71875
2,32,1.75,uniform,24,0.75
2,32,1.75,uniform,25,0.78125
2,32,1.75,uniform,26,0.8125
2,32,1.75,uniform,27,0.84375
2,32,1.75,uniform,28,0.875
2,32,1.75,uniform,29,0.90625
2,32,1.75,uniform,30,0.9375
2,32,1.75,uniform,31,0.96875
2,32,1.75,uniform,32,1.0
2,32,1.75,positional,0,0.0
2,32,1.75,positional,1,0.004110003114429806
2,32,1.75,positional,2,0.00956139912506222
2,32,1.75,positional,3,0.01651434375345397
2,32,1.75,positional,4,0.024940492940964922
2,32,1.75,positional,5,0.03488027226952737
2,32,1.75,positional,6,0.04637536369228469
2,32,1.75,positional,7,0.059451337120586895
2,32,1.75,positional,8,0.07412468933260265
2,32,1.75,positional,9,0.09041281834784262
2,32,1.75,positional,10,0.10834062938263314
2,32,1.75,positional,11,0.1279430758244736
2,32,1.75,positional,12,0.14926459387620966
2,32,1.75,positional,13,0.17235672254257392
2,32,1.75,positional,14,0.19727506836307496
2,32,1.75,positional,15,0.22407641192183067
2,32,1.75,positional,16,0.25281629569490605
2,32,1.75,positional,17,0.28354705553143106
2,32,1.75,positional,18,0.3163161071209004
2,32,1.75,positional,19,0.3511643867615916
2,32,1.75,positional,20,0.3881250461653732
2,32,1.75,positional,21,0.42722264861925086
2,32,1.75,positional,22,0.4684731152552112
2,32,1.75,positional,23,0.511884540729177
2,32,1.75,positional,24,0.5574588195131627
2,32,1.75,positional,25,0.6051938801494747
2,32,1.75,positional,26,0.655086257420783
2,32,1.75,positional,27,0.7071337395639499
2,32,1.75,positional,28,0.7613378823912793
2,32,1.75,positional,29,0.8177062534909644
2,32,1.75,positional,30,0.876254335006005
2,32,1.75,positional,31,0.9370070617074915
2,32,1.75,positional,32,1.0
2,32,1.85,uniform,0,0.0
2,32,1.85,uniform,1,0.03125
2,32,1.85,uniform,2,0.0625
2,32,1.85,uniform,3,0.09375
2,32,1.85,uniform,4,0.125
2,32,1.85,uniform,5,0.15625
2,32,1.85,uniform,6,0.1875
2,32,1.85,uniform,7,0.21875
2,32,1.85,uniform,8,0.25
2,32,1.85,uniform,9,0.28125
2,32,1.85,uniform,10,0.3125
2,32,1.85,uniform,11,0.34375
2,32,1.85,uniform,12,0.375
2,32,1.85,uniform,13,0.40625
2,32,1.85,uniform,14,0.4375
2,32,1.85,uniform,15,0.46875
2,32,1.85,uniform,16,0.5
2,32,1.85,uniform,17,0.53125
2,32,1.85,uniform,18,0.5625
2,32,1.85,uniform,19,0.59375
2,32,1.85,uniform,20,0.625
2,32,1.85,uniform,21,0.65625
2,32,1.85,uniform,22,0.6875
2,32,1.85,uniform,23,0.71875
2,32,1.85,uniform,24,0.75
2,32,1.85,uniform,25,0.78125
2,32,1.85,uniform,26,0.8125
2,32,1.85,uniform,27,0.84375
2,32,1.85,uniform,28,0.875
2,32,1.85,uniform,29,0.90625
2,32,1.85,uniform,30,0.9375
2,32,1.85,uniform,31,0.96875
2,32,1.85,uniform,32,1.0
2,32,1.85,positional,0,0.0
2,32,1.85,positional,1,0.004722496015977537
2,32,1.85,positional,2,0.011320554162961835
2,32,1.85,positional,3,0.019772821062179202
2,32,1.85,positional,4,0.029995846433245016
2,32,1.85,positional,5,0.04197898455414735
2,32,1.85,positional,6,0.05571035267580575
2,32,1.85,positional,7,0.07116898818064396
2,32,1.85,positional,8,0.0883341796672232
2,32,1.85,positional,9,0.1071935569984145
2,32,1.85,positional,10,0.12774635963266273
2,32,1.85,positional,11,0.1500024539851916
2,32,1.85,positional,12,0.17397860111023877
2,32,1.85,positional,13,0.19969356017437004
2,32,1.85,positional,14,0.22716339656526546
2,32,1.85,positional,15,0.2563979225125574
2,32,1.85,positional,16,0.2873986278672757
2,32,1.85,positional,17,0.32015795311054335
2,32,1.85,positional,18,0.3546594900373915
2,32,1.85,positional,19,0.39087869897833405
2,32,1.85,positional,20,0.4287838925721752
2,32,1.85,positional,21,0.46833740350763636
2,32,1.85,positional,22,0.5094969372159635
2,32,1.85,positional,23,0.5522171068598275
2,32,1.85,positional,24,0.5964511031303953
2,32,1.85,positional,25,0.6421524122001973
2,32,1.85,positional,26,0.6892764842846205
2,32,1.85,positional,27,0.7377822715368729
2,32,1.85,positional,28,0.787633584797127
2,32,1.85,positional,29,0.8388002509753306
2,32,1.85,positional,30,0.8912590784086551
2,32,1.85,positional,31,0.9449946535921004
2,32,1.85,positional,32,1.0
2,32,1.95,uniform,0,0.0
2,32,1.95,uniform,1,0.03125
2,32,1.95,uniform,2,0.0625
2,32,1.95,uniform,3,0.09375
2,32,1.95,uniform,4,0.125
2,32,1.95,uniform,5,0.15625
2,32,1.95,uniform,6,0.1875
2,32,1.95,uniform,7,0.21875
2,32,1.95,uniform,8,0.25
2,32,1.95,uniform,9,0.28125
2,32,1.95,uniform,10,0.3125
2,32,1.95,uniform,11,0.34375
2,32,1.95,uniform,12,0.375
2,32,1.95,uniform,13,0.40625
2,32,1.95,uniform,14,0.4375
2,32,1.95,uniform,15,0.46875
2,32,1.95,uniform,16,0.5
2,32,1.95,uniform,17,0.53125
2,32,1.95,uniform,18,0.5625
2,32,1.95,uniform,19,0.59375
2,32,1.95,uniform,20,0.625
2,32,1.95,uniform,21,0.65625
2,32,1.95,uniform,22,0.6875
2,32,1.95,uniform,23,0.71875
2,32,1.95,uniform,24,0.75
2,32,1.95,uniform,25,0.78125
2,32,1.95,uniform,26,0.8125
2,32,1.95,uniform,27,0.84375
2,32,1.95,uniform,28,0.875
2,32,1.95,uniform,29,0.90625
2,32,1.95,uniform,30,0.9375
2,32,1.95,uniform,31,0.96875
2,32,1.95,uniform,32,1.0
2,32,1.95,positional,0,0.0
2,32,1.95,positional,1,0.005384838631665806
2,32,1.95,positional,2,0.013163968112662756
2,32,1.95,positional,3,0.023072036170075326
2,32,1.95,positional,4,0.03495111261623102
2,32,1.95,positional,5,0.048721437599055624
2,32,1.95,positional,6,0.06431338315632075
2,32,1.95,positional,7,0.08166399840246331
2,32,1.95,positional,8,0.10072383636796098
2,32,1.95,positional,9,0.12146060831970337
2,32,1.95,positional,10,0.14385821155407905
2,32,1.95,positional,11,0.16791227475525358
2,32,1.95,positional,12,0.1936238090271508
2,32,1.95,positional,13,0.2209925571046325
2,32,1.95,positional,14,0.2500114116944023
2,32,1.95,positional,15,0.2806627910968523
2,32,1.95,positional,16,0.31291721132461237
2,32,1.95,positional,17,0.34673371168330214
2,32,1.95,positional,18,0.3820614799725764
2,32,1.95,positional,19,0.41884202265848114
2,32,1.95,positional,20,0.45701141682224955
2,32,1.95,positional,21,0.49650240544815494
2,32,1.95,positional,22,0.5372462560000187
2,32,1.95,positional,23,0.5791743761315461
2,32,1.95,positional,24,0.6222196988988848
2,32,1.95,positional,25,0.6663178481749827
2,32,1.95,positional,26,0.7114080937303306
2,32,1.95,positional,27,0.7574341099316467
2,32,1.95,positional,28,0.8043445595255536
2,32,1.95,positional,29,0.8520935304670312
2,32,1.95,positional,30,0.9006408568896003
2,32,1.95,positional,31,0.9499523548131117
2,32,1.95,positional,32,1.0
2,64,1.55,uniform,0,0.0
2,64,1.55,uniform,1,0.015625
2,64,1.55,uniform,2,0.03125
2,64,1.55,uniform,3,0.046875
2,64,1.55,uniform,4,0.0625
2,64,1.55,uniform,5,0.078125
2,64,1.55,uniform,6,0.09375
2,64,1.55,uniform,7,0.109375
2,64,1.55,uniform,8,0.125
2,64,1.55,uniform,9,0.140625
2,64,1.55,uniform,10,0.15625
2,64,1.55,uniform,11,0.171875
2,64,1.55,uniform,12,0.1875
2,64,1.55,uniform,13,0.203125
2,64,1.55,uniform,14,0.21875
2,64,1.55,uniform,15,0.234375
2,64,1.55,uniform,16,0.25
2,64,1.55,uniform,17,0.265625
2,64,1.55,uniform,18,0.28125
2,64,1.55,uniform,19,0.296875
2,64,1.55,uniform,20,0.3125
2,64,1.55,uniform,21,0.328125
2,64,1.55,uniform,22,0.34375
2,64,1.55,uniform,23,0.359375
2,64,1.55,uniform,24,0.375
2,64,1.55,uniform,25,0.390625
2,64,1.55,uniform,26,0.40625
2,64,1.55,uniform,27,0.421875
2,64,1.55,uniform,28,0.4375
2,64,1.55,uniform,29,0.453125
2,64,1.55,uniform,30,0.46875
2,64,1.55,uniform,31,0.484375
2,64,1.55,uniform,32,0.5
2,64,1.55,uniform,33,0.515625
2,64,1.55,uniform,34,0.53125
2,64,1.55,uniform,35,0.546875
2,64,1.55,uniform,36,0.5625
2,64,1.55,uniform,37,0.578125
2,64,1.55,uniform,38,0.59375
2,64,1.55,uniform,39,0.609375
2,64,1.55,uniform,40,0.625
2,64,1.55,uniform,41,0.640625
2,64,1.55,uniform,42,0.65625
2,64,1.55,uniform,43,0.671875
2,64,1.55,uniform,44,0.6875
2,64,1.55,uniform,45,0.703125
2,64,1.55,uniform,46,0.71875
2,64,1.55,uniform,47,0.734375
2,64,1.55,uniform,48,0.75
2,64,1.55,uniform,49,0.765625
2,64,1.55,uniform,50,0.78125
2,64,1.55,uniform,51,0.796875
2,64,1.55,uniform,52,0.8125
2,64,1.55,uniform,53,0.828125
2,64,1.55,uniform,54,0.84375
2,64,1.55,uniform,55,0.859375
2,64,1.55,uniform,56,0.875
2,64,1.55,uniform,57,0.890625
2,64,1.55,uniform,58,0.90625
2,64,1.55,uniform,59,0.921875
2,64,1.55,uniform,60,0.9375
2,64,1.55,uniform,61,0.953125
2,64,1.55,uniform,62,0.96875
2,64,1.55,uniform,63,0.984375
2,64,1.55,uniform,64,1.0
2,64,1.55,positional,0,0.0
2,64,1.55,positional,1,0.00014505664351098591
2,64,1.55,positional,2,0.00029011328702199026
2,64,1.55,positional,3,0.0006246013879581101
2,64,1.55,positional,4,0.0015138935173662428
2,64,1.55,positional,5,0.0027639668792784084
2,64,1.55,positional,6,0.004404237197583382
2,64,1.55,positional,7,0.006437304308356834
2,64,1.55,positional,8,0.008860498389935032
2,64,1.55,positional,9,0.011675540308021383
2,64,1.55,positional,10,0.014887638232267478
2,64,1.55,positional,11,0.018502914995681
2,64,1.55,positional,12,0.022526721835685125
2,64,1.55,positional,13,0.026962982064706962
2,64,1.55,positional,14,0.03181421385245895
2,64,1.55,positional,15,0.03708190206731707
2,64,1.55,positional,16,0.04276699829674705
2,64,1.55,positional,17,0.048870423177337065
2,64,1.55,positional,18,0.05539350982007174
2,64,1.55,positional,19,0.06233836598583675
2,64,1.55,positional,20,0.06970815365510301
2,64,1.55,positional,21,0.07750729446485434
2,64,1.55,positional,22,0.08574161287035749
2,64,1.55,positional,23,0.09441842880595372
2,64,1.55,positional,24,0.10354660981104166
2,64,1.55,positional,25,0.113136590025423
2,64,1.55,positional,26,0.12320036068103815
2,64,1.55,positional,27,0.13375143405458884
2,64,1.55,positional,28,0.14480478054518553
2,64,1.55,positional,29,0.1563767368237063
2,64,1.55,positional,30,0.16848488206518716
2,64,1.55,positional,31,0.18114787927400566
2,64,1.55,positional,32,0.19438527970899316
2,64,1.55,positional,33,0.20821729035460101
2,64,1.55,positional,34,0.22266450706672222
2,64,1.55,positional,35,0.2377476191173273
2,64,1.55,positional,36,0.25348709394638946
2,64,1.55,positional,37,0.2699028535477432
2,64,1.55,positional,38,0.2870139556584466
2,64,1.55,positional,39,0.3048382934985238
2,64,1.55,positional,40,0.3233923271004855
2,64,1.55,positional,41,0.3426908573473329
2,64,1.55,positional,42,0.3627468509482697
2,64,1.55,positional,43,0.38357132109027237
2,64,1.55,positional,44,0.4051732648315811
2,64,1.55,positional,45,0.42755965485209174
2,64,1.55,positional,46,0.45073548026992694
2,64,1.55,positional,47,0.47470382908370484
2,64,1.55,positional,48,0.4994660034928268
2,64,1.55,positional,49,0.5250216588585638
2,64,1.55,positional,50,0.5513689572878457
2,64,1.55,positional,51,0.5785047275900471
2,64,1.55,positional,52,0.6064246244972344
2,64,1.55,positional,53,0.6351232813805883
2,64,1.55,positional,54,0.6645944520953223
2,64,1.55,positional,55,0.6948311389322727
2,64,1.55,positional,56,0.7258257048704793
2,64,1.55,positional,57,0.7575699693675452
2,64,1.55,positional,58,0.7900552877753824
2,64,1.55,positional,59,0.8232726151294051
2,64,1.55,positional,60,0.8572125555433361
2,64,1.55,positional,61,0.8918653987707577
2,64,1.55,positional,62,0.9272211456926218
2,64,1.55,positional,63,0.9632695245814099
2,64,1.55,positional,64,1.0
2,64,1.65,uniform,0,0.0
2,64,1.65,uniform,1,0.015625
2,64,1.65,uniform,2,0.03125
2,64,1.65,uniform,3,0.046875
2,64,1.65,uniform,4,0.0625
2,64,1.65,uniform,5,0.078125
2,64,1.65,uniform,6,0.09375
2,64,1.65,uniform,7,0.109375
2,64,1.65,uniform,8,0.125
2,64,1.65,uniform,9,0.140625
2,64,1.65,uniform,10,0.15625
2,64,1.65,uniform,11,0.171875
2,64,1.65,uniform,12,0.1875
2,64,1.65,uniform,13,0.203125
2,64,1.65,uniform,14,0.21875
2,64,1.65,uniform,15,0.234375
2,64,1.65,uniform,16,0.25
2,64,1.65,uniform,17,0.265625
2,64,1.65,uniform,18,0.28125
2,64,1.65,uniform,19,0.296875
2,64,1.65,uniform,20,0.3125
2,64,1.65,uniform,21,0.328125
2,64,1.65,uniform,22,0.34375
2,64,1.65,uniform,23,0.359375
2,64,1.65,uniform,24,0.375
2,64,1.65,uniform,25,0.390625
2,64,1.65,uniform,26,0.40625
2,64,1.65,uniform,27,0.421875
2,64,1.65,uniform,28,0.4375
2,64,1.65,uniform,29,0.453125
2,64,1.65,uniform,30,0.46875
2,64,1.65,uniform,31,0.484375
2,64,1.65,uniform,32,0.5
2,64,1.65,uniform,33,0.515625
2,64,1.65,uniform,34,0.53125
2,64,1.65,uniform,35,0.546875
2,64,1.65,uniform,36,0.5625
2,64,1.65,uniform,37,0.578125
2,64,1.65,uniform,38,0.59375
2,64,1.65,uniform,39,0.609375
2,64,1.65,uniform,40,0.625
2,64,1.65,uniform,41,0.640625
2,64,1.65,uniform,42,0.65625
2,64,1.65,uniform,43,0.671875
2,64,1.65,uniform,44,0.6875
2,64,1.65,uniform,45,0.703125
2,64,1.65,uniform,46,0.71875
2,64,1.65,uniform,47,0.734375
2,64,1.65,uniform,48,0.75
2,64,1.65,uniform,49,0.765625
2,64,1.65,uniform,50,0.78125
2,64,1.65,uniform,51,0.796875
2,64,1.65,uniform,52,0.8125
2,64,1.65,uniform,53,0.828125
2,64,1.65,uniform,54,0.84375
2,64,1.65,uniform,55,0.859375
2,64,1.65,uniform,56,0.875
2,64,1.65,uniform,57,0.890625
2,64,1.65,uniform,58,0.90625
2,64,1.65,uniform,59,0.921875
2,64,1.65,uniform,60,0.9375
2,64,1.65,uniform,61,0.953125
2,64,1.65,uniform,62,0.96875
2,64,1.65,uniform,63,0.984375
2,64,1.65,uniform,64,1.0
2,64,1.65,positional,0,0.0
2,64,1.65,positional,1,0.00021841873135376873
2,64,1.65,positional,2,0.0004368978932553218
2,64,1.65,positional,3,0.0013311231494698545
2,64,1.65,positional,4,0.0026167536338414952
2,64,1.65,positional,5,0.004352307499102639
2,64,1.65,positional,6,0.006543960913025302
2,64,1.65,positional,7,0.009179034360649648
2,64,1.65,positional,8,0.012250713605955903
2,64,1.65,positional,9,0.01575889544988659
2,64,1.65,positional,10,0.019706404094260634
2,64,1.65,positional,11,0.024096235411024985
2,64,1.65,positional,12,0.028930287751678052
2,64,1.65,positional,13,0.03420907592084956
2,64,1.65,positional,14,0.03993195685590874
2,64,1.65,positional,15,0.046097562099739295
2,64,1.65,positional,16,0.05270426637091287
2,64,1.65,positional,17,0.05975060806852236
2,64,1.65,positional,18,0.06723562803818389
2,64,1.65,positional,19,0.07515912013894735
2,64,1.65,positional,20,0.0835218004981185
2,64,1.65,positional,21,0.09232540791991377
2,64,1.65,positional,22,0.10157274937709765
2,64,1.65,positional,23,0.11126770390696476
2,64,1.65,positional,24,0.12141519662397506
2,64,1.65,positional,25,0.13202115247907187
2,64,1.65,positional,26,0.14309243710430491
2,64,1.65,positional,27,0.15463678974642245
2,64,1.65,positional,28,0.16666275106710055
2,64,1.65,positional,29,0.1791795866384391
2,64,1.65,positional,30,0.19219720546385308
2,64,1.65,positional,31,0.2057260719541896
2,64,1.65,positional,32,0.2197771095716553
2,64,1.65,positional,33,0.23436159481380606
2,64,1.65,positional,34,0.24949104123972007
2,64,1.65,positional,35,0.26517707464598217
2,64,1.65,positional,36,0.28143130203114863
2,64,1.65,positional,37,0.2982651783823322
2,64,1.65,positional,38,0.3156898763486494
2,64,1.65,positional,39,0.3337161643760997
2,64,1.65,positional,40,0.3523542988006238
2,64,1.65,positional,41,0.37161393475736554
2,64,1.65,positional,42,0.3915040596695003
2,64,1.65,positional,43,0.41203295168608534
2,64,1.65,positional,44,0.4332081639223062
2,64,1.65,positional,45,0.45503653388534376
2,64,1.65,positional,46,0.4775242161816377
2,64,1.65,positional,47,0.5006767355891117
2,64,1.65,positional,48,0.5244990568860662
2,64,1.65,positional,49,0.5489956674591799
2,64,1.65,positional,50,0.5741706686354149
2,64,1.65,positional,51,0.6000278718441311
2,64,1.65,positional,52,0.6265708960538996
2,64,1.65,positional,53,0.6538032633803152
2,64,1.65,positional,54,0.6817284902697502
2,64,1.65,positional,55,0.710350172182889
2,64,1.65,positional,56,0.739672060196253
2,64,1.65,positional,57,0.769698128386548
2,64,1.65,positional,58,0.8004326312485021
2,64,1.65,positional,59,0.8318801507170727
2,64,1.65,positional,60,0.8640456326207504
2,64,1.65,positional,61,0.8969344125895412
2,64,1.65,positional,62,0.9305522315869027
2,64,1.65,positional,63,0.9649052413383723
2,64,1.65,positional,64,1.0
2,64,1.75,uniform,0,0.0
2,64,1.75,uniform,1,0.015625
2,64,1.75,uniform,2,0.03125
2,64,1.75,uniform,3,0.046875
2,64,1.75,uniform,4,0.0625
2,64,1.75,uniform,5,0.078125
2,64,1.75,uniform,6,0.09375
2,64,1.75,uniform,7,0.109375
2,64,1.75,uniform,8,0.125
2,64,1.75,uniform,9,0.140625
2,64,1.75,uniform,10,0.15625
2,64,1.75,uniform,11,0.171875
2,64,1.75,uniform,12,0.1875
2,64,1.75,uniform,13,0.203125
2,64,1.75,uniform,14,0.21875
2,64,1.75,uniform,15,0.234375
2,64,1.75,uniform,16,0.25
2,64,1.75,uniform,17,0.265625
2,64,1.75,uniform,18,0.28125
2,64,1.75,uniform,19,0.296875
2,64,1.75,uniform,20,0.3125
2,64,1.75,uniform,21,0.328125
2,64,1.75,uniform,22,0.34375
2,64,1.75,uniform,23,0.359375
2,64,1.75,uniform,24,0.375
2,64,1.75,uniform,25,0.390625
2,64,1.75,uniform,26,0.40625
2,64,1.75,uniform,27,0.421875
2,64,1.75,uniform,28,0.4375
2,64,1.75,uniform,29,0.453125
2,64,1.75,uniform,30,0.46875
2,64,1.75,uniform,31,0.484375
2,64,1.75,uniform,32,0.5
2,64,1.75,uniform,33,0.515625
2,64,1.75,uniform,34,0.53125
2,64,1.75,uniform,35,0.546875
2,64,1.75,uniform,36,0.5625
2,64,1.75,uniform,37,0.578125
2,64,1.75,uniform,38,0.59375
2,64,1.75,uniform,39,0.609375
2,64,1.75,uniform,40,0.625
2,64,1.75,uniform,41,0.640625
2,64,1.75,uniform,42,0.65625
2,64,1.75,uniform,43,0.671875
2,64,1.75,uniform,44,0.6875
2,64,1.75,uniform,45,0.703125
2,64,1.75,uniform,46,0.71875
2,64,1.75,uniform,47,0.734375
2,64,1.75,uniform,48,0.75
2,64,1.75,uniform,49,0.765625
2,64,1.75,uniform,50,0.78125
2,64,1.75,uniform,51,0.796875
2,64,1.75,uniform,52,0.8125
2,64,1.75,uniform,53,0.828125
2,64,1.75,uniform,54,0.84375
2,64,1.75,uniform,55,0.859375
2,64,1.75,uniform,56,0.875
2,64,1.75,uniform,57,0.890625
2,64,1.75,uniform,58,0.90625
2,64,1.75,uniform,59,0.921875
2,64,1.75,uniform,60,0.9375
2,64,1.75,uniform,61,0.953125
2,64,1.75,uniform,62,0.96875
2,64,1.75,uniform,63,0.984375
2,64,1.75,uniform,64,1.0
2,64,1.75,positional,0,0.0
2,64,1.75,positional,1,0.0002814513441858076
2,64,1.75,positional,2,0.0010054902205114122
2,64,1.75,positional,3,0.0022874032751902806
2,64,1.75,positional,4,0.004105608467606631
2,64,1.75,positional,5,0.0064976456510652154
2,64,1.75,positional,6,0.00943664975900292
2,64,1.75,positional,7,0.012898203809104173
2,64,1.75,positional,8,0.016869891292672773
2,64,1.75,positional,9,0.021346062645332307
2,64,1.75,positional,10,0.026323229798069656
2,64,1.75,positional,11,0.03179776884787465
2,64,1.75,positional,12,0.03776516521392787
2,64,1.75,positional,13,0.04422004713821655
2,64,1.75,positional,14,0.051156543163472463
2,64,1.75,positional,15,0.058568716298100724
2,64,1.75,positional,16,0.06645095728542139
2,64,1.75,positional,17,0.07479829029441307
2,64,1.75,positional,18,0.08360658058736589
2,64,1.75,positional,19,0.09287265082425045
2,64,1.75,positional,20,0.1025943197593445
2,64,1.75,positional,21,0.11277037923596189
2,64,1.75,positional,22,0.12340052523671749
2,64,1.75,positional,23,0.13448525757515123
2,64,1.75,positional,24,0.14602576116221194
2,64,1.75,positional,25,0.15802377983967564
2,64,1.75,positional,26,0.1704814916067612
2,64,1.75,positional,27,0.1834013917368615
2,64,1.75,positional,28,0.19678618789964059
2,64,1.75,positional,29,0.21063870913658578
2,64,1.75,positional,30,0.22496182858030236
2,64,1.75,positional,31,0.23975839833822862
2,64,1.75,positional,32,0.25503119409879554
2,64,1.75,positional,33,0.27078286679101893
2,64,1.75,positional,34,0.28701589896797236
2,64,1.75,positional,35,0.30373256433932255
2,64,1.75,positional,36,0.3209348898481438
2,64,1.75,positional,37,0.33862462066485655
2,64,1.75,positional,38,0.356803189278999
2,64,1.75,positional,39,0.3754716903874637
2,64,1.75,positional,40,0.3946308634542787
2,64,1.75,positional,41,0.41428108466556646
2,64,1.75,positional,42,0.43442236958773195
2,64,1.75,positional,43,0.45505438725039216
2,64,1.75,positional,44,0.4761764857192863
2,64,1.75,positional,45,0.4977877285900993
2,64,1.75,positional,46,0.5198869412922397
2,64,1.75,positional,47,0.5424727656861987
2,64,1.75,positional,48,0.5655437211871832
2,64,1.75,positional,49,0.58909827054741
2,64,1.75,positional,50,0.6131348884603401
2,64,1.75,positional,51,0.6376521312836936
2,64,1.75,positional,52,0.6626487063826768
2,64,1.75,positional,53,0.6881235398400242
2,64,1.75,positional,54,0.7140758415389588
2,64,1.75,positional,55,0.740505166878383
2,64,1.75,positional,56,0.7674114746118426
2,64,1.75,positional,57,0.7947951805039435
2,64,1.75,positional,58,0.8226572066654569
2,64,1.75,positional,59,0.8509990265604268
2,64,1.75,positional,60,0.879822705776852
2,64,1.75,positional,61,0.9091309387201881
2,64,1.75,positional,62,0.9389270814301051
2,64,1.75,positional,63,0.9692151807400036
2,64,1.75,positional,64,1.0
2,64,1.85,uniform,0,0.0
2,64,1.85,uniform,1,0.015625
2,64,1.85,uniform,2,0.03125
2,64,1.85,uniform,3,0.046875
2,64,1.85,uniform,4,0.0625
2,64,1.85,uniform,5,0.078125
2,64,1.85,uniform,6,0.09375
2,64,1.85,uniform,7,0.109375
2,64,1.85,uniform,8,0.125
2,64,1.85,uniform,9,0.140625
2,64,1.85,uniform,10,0.15625
2,64,1.85,uniform,11,0.171875
2,64,1.85,uniform,12,0.1875
2,64,1.85,uniform,13,0.203125
2,64,1.85,uniform,14,0.21875
2,64,1.85,uniform,15,0.234375
2,64,1.85,uniform,16,0.25
2,64,1.85,uniform,17,0.265625
2,64,1.85,uniform,18,0.28125
2,64,1.85,uniform,19,0.296875
2,64,1.85,uniform,20,0.3125
2,64,1.85,uniform,21,0.328125
2,64,1.85,uniform,22,0.34375
2,64,1.85,uniform,23,0.359375
2,64,1.85,uniform,24,0.375
2,64,1.85,uniform,25,0.390625
2,64,1.85,uniform,26,0.40625
2,64,1.85,uniform,27,0.421875
2,64,1.85,uniform,28,0.4375
2,64,1.85,uniform,29,0.453125
2,64,1.85,uniform,30,0.46875
2,64,1.85,uniform,31,0.484375
2,64,1.85,uniform,32,0.5
2,64,1.85,uniform,33,0.515625
2,64,1.85,uniform,34,0.53125
2,64,1.85,uniform,35,0.546875
2,64,1.85,uniform,36,0.5625
2,64,1.85,uniform,37,0.578125
2,64,1.85,uniform,38,0.59375
2,64,1.85,uniform,39,0.609375
2,64,1.85,uniform,40,0.625
2,64,1.85,uniform,41,0.640625
2,64,1.85,uniform,42,0.65625
2,64,1.85,uniform,43,0.671875
2,64,1.85,uniform,44,0.6875
2,64,1.85,uniform,45,0.703125
2,64,1.85,uniform,46,0.71875
2,64,1.85,uniform,47,0.734375
2,64,1.85,uniform,48,0.75
2,64,1.85,uniform,49,0.765625
2,64,1.85,uniform,50,0.78125
2,64,1.85,uniform,51,0.796875
2,64,1.85,uniform,52,0.8125
2,64,1.85,uniform,53,0.828125
2,64,1.85,uniform,54,0.84375
2,64,1.85,uniform,55,0.859375
2,64,1.85,uniform,56,0.875
2,64,1.85,uniform,57,0.890625
2,64,1.85,uniform,58,0.90625
2,64,1.85,uniform,59,0.921875
2,64,1.85,uniform,60,0.9375
2,64,1.85,uniform,61,0.953125
2,64,1.85,uniform,62,0.96875
2,64,1.85,uniform,63,0.984375
2,64,1.85,uniform,64,1.0
2,64,1.85,positional,0,0.0
2,64,1.85,positional,1,0.0003764575797054227
2,64,1.85,positional,2,0.0015739507281254314
2,64,1.85,positional,3,0.0033161976587836174
2,64,1.85,positional,4,0.005738172338263327
2,64,1.85,positional,5,0.008813410971338724
2,64,1.85,positional,6,0.012491354750974671
2,64,1.85,positional,7,0.016739558463535413
2,64,1.85,positional,8,0.021539162384576444
2,64,1.85,positional,9,0.02687744641639827
2,64,1.85,positional,10,0.032743751624679115
2,64,1.85,positional,11,0.039127841574193446
2,64,1.85,positional,12,0.04601950903291108
2,64,1.85,positional,13,0.05340871376202254
2,64,1.85,positional,14,0.06128588714624911
2,64,1.85,positional,15,0.06964223483550928
2,64,1.85,positional,16,0.07846996880617502
2,64,1.85,positional,17,0.08776244889545161
2,64,1.85,positional,18,0.09751423602800224
2,64,1.85,positional,19,0.1077210685351528
2,64,1.85,positional,20,0.11837977613136152
2,64,1.85,positional,21,0.12948814669223535
2,64,1.85,positional,22,0.14104476053195472
2,64,1.85,positional,23,0.15304880600170734
2,64,1.85,positional,24,0.16549988906137916
2,64,1.85,positional,25,0.17839784797529767
2,64,1.85,positional,26,0.1917425823955427
2,64,1.85,positional,27,0.20553390383948733
2,64,1.85,positional,28,0.2197714120577494
2,64,1.85,positional,29,0.234454399227519
2,64,1.85,positional,30,0.24958178154161734
2,64,1.85,positional,31,0.26515205583105905
2,64,1.85,positional,32,0.2811632775288977
2,64,1.85,positional,33,0.2976130556267304
2,64,1.85,positional,34,0.31449856025533807
2,64,1.85,positional,35,0.33181653900963687
2,64,1.85,positional,36,0.34956333895202624
2,64,1.85,positional,37,0.36773493217044806
2,64,1.85,positional,38,0.3863269436650325
2,64,1.85,positional,39,0.4053346810661609
2,64,1.85,positional,40,0.42475316618223635
2,64,1.85,positional,41,0.44457716862783464
2,64,1.85,positional,42,0.4648012418248361
2,64,1.85,positional,43,0.48541976155817657
2,64,1.85,positional,44,0.506426967069681
2,64,1.85,positional,45,0.5278170044486504
2,64,1.85,positional,46,0.5495839718736859
2,64,1.85,positional,47,0.5717219661071261
2,64,1.85,positional,48,0.5942251295556186
2,64,1.85,positional,49,0.6170876971885884
2,64,1.85,positional,50,0.6403040426422365
2,64,1.85,positional,51,0.6638687229165153
2,64,1.85,positional,52,0.6877765211808755
2,64,1.85,positional,53,0.7120224873268008
2,64,1.85,positional,54,0.7366019760289423
2,64,1.85,positional,55,0.7615106821927431
2,64,1.85,positional,56,0.7867446737686616
2,64,1.85,positional,57,0.8123004219980872
2,64,1.85,positional,58,0.8381748292227131
2,64,1.85,positional,59,0.8643652544380475
2,64,1.85,positional,60,0.8908695368045727
2,64,1.85,positional,61,0.9176860173490896
2,64,1.85,positional,62,0.9448135590965089
2,64,1.85,positional,63,0.9722515658712773
2,64,1.85,positional,64,1.0
2,64,1.95,uniform,0,0.0
2,64,1.95,uniform,1,0.015625
2,64,1.95,uniform,2,0.03125
2,64,1.95,uniform,3,0.046875
2,64,1.95,uniform,4,0.0625
2,64,1.95,uniform,5,0.078125
2,64,1.95,uniform,6,0.09375
2,64,1.95,uniform,7,0.109375
2,64,1.95,uniform,8,0.125
2,64,1.95,uniform,9,0.140625
2,64,1.95,uniform,10,0.15625
2,64,1.95,uniform,11,0.171875
2,64,1.95,uniform,12,0.1875
2,64,1.95,uniform,13,0.203125
2,64,1.95,uniform,14,0.21875
2,64,1.95,uniform,15,0.234375
2,64,1.95,uniform,16,0.25
2,64,1.95,uniform,17,0.265625
2,64,1.95,uniform,18,0.28125
2,64,1.95,uniform,19,0.296875
2,64,1.95,uniform,20,0.3125
2,64,1.95,uniform,21,0.328125
2,64,1.95,uniform,22,0.34375
2,64,1.95,uniform,23,0.359375
2,64,1.95,uniform,24,0.375
2,64,1.95,uniform,25,0.390625
2,64,1.95,uniform,26,0.40625
2,64,1.95,uniform,27,0.421875
2,64,1.95,uniform,28,0.4375
2,64,1.95,uniform,29,0.453125
2,64,1.95,uniform,30,0.46875
2,64,1.95,uniform,31,0.484375
2,64,1.95,uniform,32,0.5
2,64,1.95,uniform,33,0.515625
2,64,1.95,uniform,34,0.53125
2,64,1.95,uniform,35,0.546875
2,64,1.95,uniform,36,0.5625
2,64,1.95,uniform,37,0.578125
2,64,1.95,uniform,38,0.59375
2,64,1.95,uniform,39,0.609375
2,64,1.95,uniform,40,0.625
2,64,1.95,uniform,41,0.640625
2,64,1.95,uniform,42,0.65625
2,64,1.95,uniform,43,0.671875
2,64,1.95,uniform,44,0.6875
2,64,1.95,uniform,45,0.703125
2,64,1.95,uniform,46,0.71875
2,64,1.95,uniform,47,0.734375
2,64,1.95,uniform,48,0.75
2,64,1.95,uniform,49,0.765625
2,64,1.95,uniform,50,0.78125
2,64,1.95,uniform,51,0.796875
2,64,1.95,uniform,52,0.8125
2,64,1.95,uniform,53,0.828125
2,64,1.95,uniform,54,0.84375
2,64,1.95,uniform,55,0.859375
2,64,1.95,uniform,56,0.875
2,64,1.95,uniform,57,0.890625
2,64,1.95,uniform,58,0.90625
2,64,1.95,uniform,59,0.921875
2,64,1.95,uniform,60,0.9375
2,64,1.95,uniform,61,0.953125
2,64,1.95,uniform,62,0.96875
2,64,1.95,uniform,63,0.984375
2,64,1.95,uniform,64,1.0
2,64,1.95,positional,0,0.0
2,64,1.95,positional,1,0.0006161245480591805
2,64,1.95,positional,2,0.0023040056014757386
2,64,1.95,positional,3,0.004718957744415867
2,64,1.95,positional,4,0.007903232630802245
2,64,1.95,positional,5,0.011773764363532288
2,64,1.95,positional,6,0.01626539407918997
2,64,1.95,positional,7,0.02133855409181174
2,64,1.95,positional,8,0.02696739277299927
2,64,1.95,positional,9,0.03313231484111366
2,64,1.95,positional,10,0.03981660711635457
2,64,1.95,positional,11,0.04700517263633616
2,64,1.95,positional,12,0.05468419762660265
2,64,1.95,positional,13,0.06284117522794537
2,64,1.95,positional,14,0.07146502367776764
2,64,1.95,positional,15,0.08054618788534453
2,64,1.95,positional,16,0.09007668345417666
2,64,1.95,positional,17,0.10005007350607051
2,64,1.95,positional,18,0.11046138195952902
2,64,1.95,positional,19,0.12130695221791724
2,64,1.95,positional,20,0.13258426221896052
2,64,1.95,positional,21,0.14429170755786797
2,64,1.95,positional,22,0.15642836470847962
2,64,1.95,positional,23,0.1689937464020184
2,64,1.95,positional,24,0.1819875608902133
2,64,1.95,positional,25,0.19540948596323598
2,64,1.95,positional,26,0.20925896710956934
2,64,1.95,positional,27,0.2235350471056101
2,64,1.95,positional,28,0.23823623175023873
2,64,1.95,positional,29,0.2533603936657612
2,64,1.95,positional,30,0.26890471338026767
2,64,1.95,positional,31,0.2848656545864594
2,64,1.95,positional,32,0.30123896876570433
2,64,1.95,positional,33,0.3180197233887616
2,64,1.95,positional,34,0.33520234764870904
2,64,1.95,positional,35,0.35278069003484186
2,64,1.95,positional,36,0.37074808283949734
2,64,1.95,positional,37,0.3890974097015208
2,64,1.95,positional,38,0.40782117334646906
2,64,1.95,positional,39,0.4269115616447328
2,64,1.95,positional,40,0.446360510889824
2,64,1.95,positional,41,0.4661597657681613
2,64,1.95,positional,42,0.4863009358581767
2,64,1.95,positional,43,0.5067755486959609
2,64,1.95,positional,44,0.5275750995238242
2,64,1.95,positional,45,0.5486910978436448
2,64,1.95,positional,46,0.5701151108676913
2,64,1.95,positional,47,0.5918388039237513
2,64,1.95,positional,48,0.613853977845688
2,64,1.95,positional,49,0.6361526033723865
2,64,1.95,positional,50,0.658726852587968
2,64,1.95,positional,51,0.6815691274605182
2,64,1.95,positional,52,0.7046720855699231
2,64,1.95,positional,53,0.7280286631519793
2,64,1.95,positional,54,0.751632095620899
2,64,1.95,positional,55,0.7754759357620508
2,64,1.95,positional,56,0.799554069809136
2,64,1.95,positional,57,0.8238607316341116
2,64,1.95,positional,58,0.8483905152841794
2,64,1.95,positional,59,0.8731383860989145
2,64,1.95,positional,60,0.8980996906333573
2,64,1.95,positional,61,0.9232701656010973
2,64,1.95,positional,62,0.9486459460364648
2,64,1.95,positional,63,0.9742235728582482
2,64,1.95,positional,64,1.0
2,128,1.55,uniform,0,0.0
2,128,1.55,uniform,1,0.0078125
2,128,1.55,uniform,2,0.015625
2,128,1.55,uniform,3,0.0234375
2,128,1.55,uniform,4,0.03125
2,128,1.55,uniform,5,0.0390625
2,128,1.55,uniform,6,0.046875
2,128,1.55,uniform,7,0.0546875
2,128,1.55,uniform,8,0.0625
2,128,1.55,uniform,9,0.0703125
2,128,1.55,uniform,10,0.078125
2,128,1.55,uniform,11,0.0859375
2,128,1.55,uniform,12,0.09375
2,128,1.55,uniform,13,0.1015625
2,128,1.55,uniform,14,0.109375
2,128,1.55,uniform,15,0.1171875
2,128,1.55,uniform,16,0.125
2,128,1.55,uniform,17,0.1328125
2,128,1.55,uniform,18,0.140625
2,128,1.55,uniform,19,0.1484375
2,128,1.55,uniform,20,0.15625
2,128,1.55,uniform,21,0.1640625
2,128,1.55,uniform,22,0.171875
2,128,1.55,uniform,23,0.1796875
2,128,1.55,uniform,24,0.1875
2,128,1.55,uniform,25,0.1953125
2,128,1.55,uniform,26,0.203125
2,128,1.55,uniform,27,0.2109375
2,128,1.55,uniform,28,0.21875
2,128,1.55,uniform,29,0.2265625
2,128,1.55,uniform,30,0.234375
2,128,1.55,uniform,31,0.2421875
2,128,1.55,uniform,32,0.25
2,128,1.55,uniform,33,0.2578125
2,128,1.55,uniform,34,0.265625
2,128,1.55,uniform,35,0.2734375
2,128,1.55,uniform,36,0.28125
2,128,1.55,uniform,37,0.2890625
2,128,1.55,uniform,38,0.296875
2,128,1.55,uniform,39,0.3046875
2,128,1.55,uniform,40,0.3125
2,128,1.55,uniform,41,0.3203125
2,128,1.55,uniform,42,0.328125
2,128,1.55,uniform,43,0.3359375
2,128,1.55,uniform,44,0.34375
2,128,1.55,uniform,45,0.3515625
2,128,1.55,uniform,46,0.359375
2,128,1.55,uniform,47,0.3671875
2,128,1.55,uniform,48,0.375
2,128,1.55,uniform,49,0.3828125
2,128,1.55,uniform,50,0.390625
2,128,1.55,uniform,51,0.3984375
2,128,1.55,uniform,52,0.40625
2,128,1.55,uniform,53,0.4140625
2,128,1.55,uniform,54,0.421875
2,128,1.55,uniform,55,0.4296875
2,128,1.55,uniform,56,0.4375
2,128,1.55,uniform,57,0.4453125
2,128,1.55,uniform,58,0.453125
2,128,1.55,uniform,59,0.4609375
2,128,1.55,uniform,60,0.46875
2,128,1.55,uniform,61,0.4765625
2,128,1.55,uniform,62,0.484375
2,128,1.55,uniform,63,0.4921875
2,128,1.55,uniform,64,0.5
2,128,1.55,uniform,65,0.5078125
2,128,1.55,uniform,66,0.515625
2,128,1.55,uniform,67,0.5234375
2,128,1.55,uniform,68,0.53125
2,128,1.55,uniform,69,0.5390625
2,128,1.55,uniform,70,0.546875
2,128,1.55,uniform,71,0.5546875
2,128,1.55,uniform,72,0.5625
2,128,1.55,uniform,73,0.5703125
2,128,1.55,uniform,74,0.578125
2,128,1.55,uniform,75,0.5859375
2,128,1.55,uniform,76,0.59375
2,128,1.55,uniform,77,0.6015625
2,128,1.55,uniform,78,0.609375
2,128,1.55,uniform,79,0.6171875
2,128,1.55,uniform,80,0.625
2,128,1.55,uniform,81,0.6328125
2,128,1.55,uniform,82,0.640625
2,128,1.55,uniform,83,0.6484375
2,128,1.55,uniform,84,0.65625
2,128,1.55,uniform,85,0.6640625
2,128,1.55,uniform,86,0.671875
2,128,1.55,uniform,87,0.6796875
2,128,1.55,uniform,88,0.6875
2,128,1.55,uniform,89,0.6953125
2,128,1.55,uniform,90,0.703125
2,128,1.55,uniform,91,0.7109375
2,128,1.55,uniform,92,0.71875
2,128,1.55,uniform,93,0.7265625
2,128,1.55,uniform,94,0.734375
2,128,1.55,uniform,95,0.7421875
2,128,1.55,uniform,96,0.75
2,128,1.55,uniform,97,0.7578125
2,128,1.55,uniform,98,0.765625
2,128,1.55,uniform,99,0.7734375
2,128,1.55,uniform,100,0.78125
2,128,1.55,uniform,101,0.7890625
2,128,1.55,uniform,102,0.796875
2,128,1.55,uniform,103,0.8046875
2,128,1.55,uniform,104,0.8125
2,128,1.55,uniform,105,0.8203125
2,128,1.55,uniform,106,0.828125
2,128,1.55,uniform,107,0.8359375
2,128,1.55,uniform,108,0.84375
2,128,1.55,uniform,109,0.8515625
2,128,1.55,uniform,110,0.859375
2,128,1.55,uniform,111,0.8671875
2,128,1.55,uniform,112,0.875
2,128,1.55,uniform,113,0.8828125
2,128,1.55,uniform,114,0.890625
2,128,1.55,uniform,115,0.8984375
2,128,1.55,uniform,116,0.90625
2,128,1.55,uniform,117,0.9140625
2,128,1.55,uniform,118,0.921875
2,128,1.55,uniform,119,0.9296875
2,128,1.55,uniform,120,0.9375
2,128,1.55,uniform,121,0.9453125
2,128,1.55,uniform,122,0.953125
2,128,1.55,uniform,123,0.9609375
2,128,1.55,uniform,124,0.96875
2,128,1.55,uniform,125,0.9765625
2,128,1.55,uniform,126,0.984375
2,128,1.55,uniform,127,0.9921875
2,128,1.55,uniform,128,1.0
2,128,1.55,positional,0,0.0
2,128,1.55,positional,1,5.3207678555777145e-06
2,128,1.55,positional,2,1.0641535711136269e-05
2,128,1.55,positional,3,1.59623035674315e-05
2,128,1.55,positional,4,2.1283071446680555e-05
2,128,1.55,positional,5,2.6603936378091743e-05
2,128,1.55,positional,6,4.369996316028745e-05
2,128,1.55,positional,7,0.0002373955273833554
2,128,1.55,positional,8,0.0005424334446240468
2,128,1.55,positional,9,0.0009257845697286444
2,128,1.55,positional,10,0.001388049048589334
2,128,1.55,positional,11,0.0019323510708842203
2,128,1.55,positional,12,0.0025598308333342115
2,128,1.55,positional,13,0.003270055256636804
2,128,1.55,positional,14,0.004061977655099238
2,128,1.55,positional,15,0.004934576641390449
2,128,1.55,positional,16,0.005887139207649902
2,128,1.55,positional,17,0.006919321167981449
2,128,1.55,positional,18,0.008031101411691038
2,128,1.55,positional,19,0.00922270000179911
2,128,1.55,positional,20,0.010494494951527957
2,128,1.55,positional,21,0.011846952053804637
2,128,1.55,positional,22,0.013280571768275254
2,128,1.55,positional,23,0.01479585248121541
2,128,1.55,positional,24,0.016393267661396364
2,128,1.55,positional,25,0.018073254015100886
2,128,1.55,positional,26,0.01983620792041358
2,128,1.55,positional,27,0.021682487818388975
2,128,1.55,positional,28,0.023612420682377087
2,128,1.55,positional,29,0.02562631110124104
2,128,1.55,positional,30,0.027724451869378986
2,128,1.55,positional,31,0.029907135270371164
2,128,1.55,positional,32,0.032174664475476615
2,128,1.55,positional,33,0.03452736466067693
2,128,1.55,positional,34,0.036965593585043054
2,128,1.55,positional,35,0.039489751477066196
2,128,1.55,positional,36,0.04210029015150547
2,128,1.55,positional,37,0.04479772133342402
2,128,1.55,positional,38,0.04758262420347887
2,128,1.55,positional,39,0.05045565220326496
2,128,1.55,positional,40,0.05341753915479295
2,128,1.55,positional,41,0.05646910475647835
2,128,1.55,positional,42,0.05961125952121779
2,128,1.55,positional,43,0.0628450092216363
2,128,1.55,positional,44,0.06617145890444623
2,128,1.55,positional,45,0.06959181653082322
2,128,1.55,positional,46,0.07310739629332604
2,128,1.55,positional,47,0.07671962165256453
2,128,1.55,positional,48,0.08043002812884921
2,128,1.55,positional,49,0.08424026587566703
2,128,1.55,positional,50,0.0881521020532093
2,128,1.55,positional,51,0.0921674230115036
2,128,1.55,positional,52,0.09628823628413828
2,128,1.55,positional,53,0.10051667238528791
2,128,1.55,positional,54,0.10485498639493074
2,128,1.55,positional,55,0.10930555930998286
2,128,1.55,positional,56,0.11387089913274953
2,128,1.55,positional,57,0.11855364166280409
2,128,1.55,positional,58,0.12335655095432968
2,128,1.55,positional,59,0.12828251939826324
2,128,1.55,positional,60,0.13333456738740115
2,128,1.55,positional,61,0.13851584252306176
2,128,1.55,positional,62,0.14382961832401014
2,128,1.55,positional,63,0.14927929240213883
2,128,1.55,positional,64,0.15486838407481887
2,128,1.55,positional,65,0.16060053139078143
2,128,1.55,positional,66,0.1664794875547022
2,128,1.55,positional,67,0.17250911674512195
2,128,1.55,positional,68,0.17869338933069093
2,128,1.55,positional,69,0.18503637650066762
2,128,1.55,positional,70,0.1915422443368124
2,128,1.55,positional,71,0.19821524736494772
2,128,1.55,positional,72,0.20505972163516406
2,128,1.55,positional,73,0.2120800773896044
2,128,1.55,positional,74,0.21928079138564133
2,128,1.55,positional,75,0.22666639894980475
2,128,1.55,positional,76,0.2342414858437907
2,128,1.55,positional,77,0.2420106800281109
2,128,1.55,positional,78,0.2499786434113194
2,128,1.55,positional,79,0.2581500636732229
2,128,1.55,positional,80,0.2665296462490654
2,128,1.55,positional,81,0.2751221065584462
2,128,1.55,positional,82,0.2839321625578186
2,128,1.55,positional,83,0.29296452768899894
2,128,1.55,positional,84,0.3022239042884167
2,128,1.55,positional,85,0.31171497751309246
2,128,1.55,positional,86,0.3214424098298164
2,128,1.55,positional,87,0.3314108361039781
2,128,1.55,positional,88,0.34162485931423814
2,128,1.55,positional,89,0.3520890469089908
2,128,1.55,positional,90,0.36280792781057514
2,128,1.55,positional,91,0.373785990063656
2,128,1.55,positional,92,0.38502767911530045
2,128,1.55,positional,93,0.3965373967061508
2,128,1.55,positional,94,0.4083195003448571
2,128,1.55,positional,95,0.42037830333165505
2,128,1.55,positional,96,0.4327180752916898
2,128,1.55,positional,97,0.4453430431744161
2,128,1.55,positional,98,0.4582573926721217
2,128,1.55,positional,99,0.47146527000829536
2,128,1.55,positional,100,0.48497078404512856
2,128,1.55,positional,101,0.49877800865883415
2,128,1.55,positional,102,0.5128909853316039
2,128,1.55,positional,103,0.5273137259098215
2,128,1.55,positional,104,0.5420502154795077
2,128,1.55,positional,105,0.5571044153118153
2,128,1.55,positional,106,0.5724802658336142
2,128,1.55,positional,107,0.5881816895807456
2,128,1.55,positional,108,0.6042125940942852
2,128,1.55,positional,109,0.6205768747230807
2,128,1.55,positional,110,0.6372784172988526
2,128,1.55,positional,111,0.654321100653215
2,128,1.55,positional,112,0.6717087989490392
2,128,1.55,positional,113,0.689445383801613
2,128,1.55,positional,114,0.707534726168006
2,128,1.55,positional,115,0.7259806979859138
2,128,1.55,positional,116,0.7447871735460101
2,128,1.55,positional,117,0.7639580305844581
2,128,1.55,positional,118,0.7834971510847347
2,128,1.55,positional,119,0.803408421780275
2,128,1.55,positional,120,0.823695734351668
2,128,1.55,positional,121,0.8443629853142248
2,128,1.55,positional,122,0.8654140755936938
2,128,1.55,positional,123,0.8868529097897295
2,128,1.55,positional,124,0.9086833951284388
2,128,1.55,positional,125,0.9309094401069233
2,128,1.55,positional,126,0.9535349528342418
2,128,1.55,positional,127,0.9765638390746133
2,128,1.55,positional,128,1.0
2,128,1.65,uniform,0,0.0
2,128,1.65,uniform,1,0.0078125
2,128,1.65,uniform,2,0.015625
2,128,1.65,uniform,3,0.0234375
2,128,1.65,uniform,4,0.03125
2,128,1.65,uniform,5,0.0390625
2,128,1.65,uniform,6,0.046875
2,128,1.65,uniform,7,0.0546875
2,128,1.65,uniform,8,0.0625
2,128,1.65,uniform,9,0.0703125
2,128,1.65,uniform,10,0.078125
2,128,1.65,uniform,11,0.0859375
2,128,1.65,uniform,12,0.09375
2,128,1.65,uniform,13,0.1015625
2,128,1.65,uniform,14,0.109375
2,128,1.65,uniform,15,0.1171875
2,128,1.65,uniform,16,0.125
2,128,1.65,uniform,17,0.1328125
2,128,1.65,uniform,18,0.140625
2,128,1.65,uniform,19,0.1484375
2,128,1.65,uniform,20,0.15625
2,128,1.65,uniform,21,0.1640625
2,128,1.65,uniform,22,0.171875
2,128,1.65,uniform,23,0.1796875
2,128,1.65,uniform,24,0.1875
2,128,1.65,uniform,25,0.1953125
2,128,1.65,uniform,26,0.203125
2,128,1.65,uniform,27,0.2109375
2,128,1.65,uniform,28,0.21875
2,128,1.65,uniform,29,0.2265625
2,128,1.65,uniform,30,0.234375
2,128,1.65,uniform,31,0.2421875
2,128,1.65,uniform,32,0.25
2,128,1.65,uniform,33,0.2578125
2,128,1.65,uniform,34,0.265625
2,128,1.65,uniform,35,0.2734375
2,128,1.65,uniform,36,0.28125
2,128,1.65,uniform,37,0.2890625
2,128,1.65,uniform,38,0.296875
2,128,1.65,uniform,39,0.3046875
2,128,1.65,uniform,40,0.3125
2,128,1.65,uniform,41,0.3203125
2,128,1.65,uniform,42,0.328125
2,128,1.65,uniform,43,0.3359375
2,128,1.65,uniform,44,0.34375
2,128,1.65,uniform,45,0.3515625
2,128,1.65,uniform,46,0.359375
2,128,1.65,uniform,47,0.3671875
2,128,1.65,uniform,48,0.375
2,128,1.65,uniform,49,0.3828125
2,128,1.65,uniform,50,0.390625
2,128,1.65,uniform,51,0.3984375
2,128,1.65,uniform,52,0.40625
2,128,1.65,uniform,53,0.4140625
2,128,1.65,uniform,54,0.421875
2,128,1.65,uniform,55,0.4296875
2,128,1.65,uniform,56,0.4375
2,128,1.65,uniform,57,0.4453125
2,128,1.65,uniform,58,0.453125
2,128,1.65,uniform,59,0.4609375
2,128,1.65,uniform,60,0.46875
2,128,1.65,uniform,61,0.4765625
2,128,1.65,uniform,62,0.484375
2,128,1.65,uniform,63,0.4921875
2,128,1.65,uniform,64,0.5
2,128,1.65,uniform,65,0.5078125
2,128,1.65,uniform,66,0.515625
2,128,1.65,uniform,67,0.5234375
2,128,1.65,uniform,68,0.53125
2,128,1.65,uniform,69,0.5390625
2,128,1.65,uniform,70,0.546875
2,128,1.65,uniform,71,0.5546875
2,128,1.65,uniform,72,0.5625
2,128,1.65,uniform,73,0.5703125
2,128,1.65,uniform,74,0.578125
2,128,1.65,uniform,75,0.5859375
2,128,1.65,uniform,76,0.59375
2,128,1.65,uniform,77,0.6015625
2,128,1.65,uniform,78,0.609375
2,128,1.65,uniform,79,0.6171875
2,128,1.65,uniform,80,0.625
2,128,1.65,uniform,81,0.6328125
2,128,1.65,uniform,82,0.640625
2,128,1.65,uniform,83,0.6484375
2,128,1.65,uniform,84,0.65625
2,128,1.65,uniform,85,0.6640625
2,128,1.65,uniform,86,0.671875
2,128,1.65,uniform,87,0.6796875
2,128,1.65,uniform,88,0.6875
2,128,1.65,uniform,89,0.6953125
2,128,1.65,uniform,90,0.703125
2,128,1.65,uniform,91,0.7109375
2,128,1.65,uniform,92,0.71875
2,128,1.65,uniform,93,0.7265625
2,128,1.65,uniform,94,0.734375
2,128,1.65,uniform,95,0.7421875
2,128,1.65,uniform,96,0.75
2,128,1.65,uniform,97,0.7578125
2,128,1.65,uniform,98,0.765625
2,128,1.65,uniform,99,0.7734375
2,128,1.65,uniform,100,0.78125
2,128,1.65,uniform,101,0.7890625
2,128,1.65,uniform,102,0.796875
2,128,1.65,uniform,103,0.8046875
2,128,1.65,uniform,104,0.8125
2,128,1.65,uniform,105,0.8203125
2,128,1.65,uniform,106,0.828125
2,128,1.65,uniform,107,0.8359375
2,128,1.65,uniform,108,0.84375
2,128,1.65,uniform,109,0.8515625
2,128,1.65,uniform,110,0.859375
2,128,1.65,uniform,111,0.8671875
2,128,1.65,uniform,112,0.875
2,128,1.65,uniform,113,0.8828125
2,128,1.65,uniform,114,0.890625
2,128,1.65,uniform,115,0.8984375
2,128,1.65,uniform,116,0.90625
2,128,1.65,uniform,117,0.9140625
2,128,1.65,uniform,118,0.921875
2,128,1.65,uniform,119,0.9296875
2,128,1.65,uniform,120,0.9375
2,128,1.65,uniform,121,0.9453125
2,128,1.65,uniform,122,0.953125
2,128,1.65,uniform,123,0.9609375
2,128,1.65,uniform,124,0.96875
2,128,1.65,uniform,125,0.9765625
2,128,1.65,uniform,126,0.984375
2,128,1.65,uniform,127,0.9921875
2,128,1.65,uniform,128,1.0
2,128,1.65,positional,0,0.0
2,128,1.65,positional,1,8.495983917907844e-06
2,128,1.65,positional,2,1.699196783612363e-05
2,128,1.65,positional,3,2.5487951770725792e-05
2,128,1.65,positional,4,3.398404974057779e-05
2,128,1.65,positional,5,8.321627008327494e-05
2,128,1.65,positional,6,0.0003919272770640039
2,128,1.65,positional,7,0.000814469324268263
2,128,1.65,positional,8,0.0013400916305030342
2,128,1.65,positional,9,0.0019781462564489446
2,128,1.65,positional,10,0.002733653262625083
2,128,1.65,positional,11,0.0036067201634051127
2,128,1.65,positional,12,0.004594967339425152
2,128,1.65,positional,13,0.0056954321848719375
2,128,1.65,positional,14,0.00690551737111542
2,128,1.65,positional,15,0.008223291799897912
2,128,1.65,positional,16,0.009647473647300779
2,128,1.65,positional,17,0.011177296490990063
2,128,1.65,positional,18,0.012812355893090516
2,128,1.65,positional,19,0.014552475435329336
2,128,1.65,positional,20,0.016397603302887934
2,128,1.65,positional,21,0.018347738774627385
2,128,1.65,positional,22,0.020402883867197373
2,128,1.65,positional,23,0.022563014574254418
2,128,1.65,positional,24,0.024828066620532496
2,128,1.65,positional,25,0.027197931524428832
2,128,1.65,positional,26,0.029672459665038464
2,128,1.65,positional,27,0.03225146784544982
2,128,1.65,positional,28,0.034934749498181684
2,128,1.65,positional,29,0.037722086195397624
2,128,1.65,positional,30,0.04061325952444189
2,128,1.65,positional,31,0.04360806268975952
2,128,1.65,positional,32,0.0467063114254875
2,128,1.65,positional,33,0.04990785396619106
2,128,1.65,positional,34,0.053212579940532856
2,128,1.65,positional,35,0.05662042813541242
2,128,1.65,positional,36,0.060131393135151576
2,128,1.65,positional,37,0.06374553087844916
2,128,1.65,positional,38,0.06746296320026735
2,128,1.65,positional,39,0.07128388144042684
2,128,1.65,positional,40,0.07520854920834621
2,128,1.65,positional,41,0.07923730439615213
2,128,1.65,positional,42,0.08337056053180264
2,128,1.65,positional,43,0.08760880756095342
2,128,1.65,positional,44,0.09195261214177819
2,128,1.65,positional,45,0.0964026175313111
2,128,1.65,positional,46,0.10095954313543522
2,128,1.65,positional,47,0.10562418378760828
2,128,1.65,positional,48,0.1103974088139453
2,128,1.65,positional,49,0.11528016093448176
2,128,1.65,positional,50,0.12027345504242554
2,128,1.65,positional,51,0.1253783768950827
2,128,1.65,positional,52,0.1305960817420323
2,128,1.65,positional,53,0.13592779290817472
2,128,1.65,positional,54,0.14137480034164215
2,128,1.65,positional,55,0.1469384591294143
2,128,1.65,positional,56,0.1526201879770027
2,128,1.65,positional,57,0.15842146764292786
2,128,1.65,positional,58,0.16434383931407784
2,128,1.65,positional,59,0.17038890290454048
2,128,1.65,positional,60,0.17655831525825078
2,128,1.65,positional,61,0.18285378823485435
2,128,1.65,positional,62,0.18927708665857548
2,128,1.65,positional,63,0.19583002611156528
2,128,1.65,positional,64,0.20251447055610822
2,128,1.65,positional,65,0.20933232977406116
2,128,1.65,positional,66,0.2162855566168132
2,128,1.65,positional,67,0.2233761440646872
2,128,1.65,positional,68,0.23060612210082265
2,128,1.65,positional,69,0.2379775544109398
2,128,1.65,positional,70,0.2454925349267369
2,128,1.65,positional,71,0.2531531842367749
2,128,1.65,positional,72,0.26096164589432785
2,128,1.65,positional,73,0.26892008265662537
2,128,1.65,positional,74,0.2770306726940168
2,128,1.65,positional,75,0.2852956058107183
2,128,1.65,positional,76,0.29371707972087263
2,128,1.65,positional,77,0.3022972964246253
2,128,1.65,positional,78,0.3110384587287786
2,128,1.65,positional,79,0.3199427669553916
2,128,1.65,positional,80,0.32901241587949326
2,128,1.65,positional,81,0.3382495919340004
2,128,1.65,positional,82,0.34765647071608247
2,128,1.65,positional,83,0.35723521482475373
2,128,1.65,positional,84,0.3669879720545416
2,128,1.65,positional,85,0.37691687396483853
2,128,1.65,positional,86,0.3870240348391471
2,128,1.65,positional,87,0.3973115510430159
2,128,1.65,positional,88,0.4077815007841721
2,128,1.65,positional,89,0.41843594427330216
2,128,1.65,positional,90,0.42927692427921327
2,128,1.65,positional,91,0.4403064670677992
2,128,1.65,positional,92,0.451526583710404
2,128,1.65,positional,93,0.4629392717438573
2,128,1.65,positional,94,0.47454651716166907
2,128,1.65,positional,95,0.486350296713629
2,128,1.65,positional,96,0.49835258048933895
2,128,1.65,positional,97,0.5105553347600051
2,128,1.65,positional,98,0.5229605250520839
2,128,1.65,positional,99,0.5355701194260848
2,128,1.65,positional,100,0.5483860919339342
2,128,1.65,positional,101,0.5614104262287454
2,128,1.65,positional,102,0.5746451193015752
2,128,1.65,positional,103,0.5880921853207303
2,128,1.65,positional,104,0.6017536595503534
2,128,1.65,positional,105,0.6156316023263492
2,128,1.65,positional,106,0.6297281030691276
2,128,1.65,positional,107,0.6440452843141421
2,128,1.65,positional,108,0.6585853057427196
2,128,1.65,positional,109,0.6733503681972064
2,128,1.65,positional,110,0.6883427176659489
2,128,1.65,positional,111,0.7035646492250823
2,128,1.65,positional,112,0.7190185109254844
2,128,1.65,positional,113,0.7347067076145551
2,128,1.65,positional,114,0.750631704683701
2,128,1.65,positional,115,0.7667960317335173
2,128,1.65,positional,116,0.7832022861496803
2,128,1.65,positional,117,0.7998531365834667
2,128,1.65,positional,118,0.8167513263316261
2,128,1.65,positional,119,0.8338996766110336
2,128,1.65,positional,120,0.8513010897241469
2,128,1.65,positional,121,0.8689585521117991
2,128,1.65,positional,122,0.8868751372902668
2,128,1.65,positional,123,0.9050540086698784
2,128,1.65,positional,124,0.9234984222526712
2,128,1.65,positional,125,0.9422117292067721
2,128,1.65,positional,126,0.9611973783152777
2,128,1.65,positional,127,0.9804589182974469
2,128,1.65,positional,128,1.0
2,128,1.75,uniform,0,0.0
2,128,1.75,uniform,1,0.0078125
2,128,1.75,uniform,2,0.015625
2,128,1.75,uniform,3,0.0234375
2,128,1.75,uniform,4,0.03125
2,128,1.75,uniform,5,0.0390625
2,128,1.75,uniform,6,0.046875
2,128,1.75,uniform,7,0.0546875
2,128,1.75,uniform,8,0.0625
2,128,1.75,uniform,9,0.0703125
2,128,1.75,uniform,10,0.078125
2,128,1.75,uniform,11,0.0859375
2,128,1.75,uniform,12,0.09375
2,128,1.75,uniform,13,0.1015625
2,128,1.75,uniform,14,0.109375
2,128,1.75,uniform,15,0.1171875
2,128,1.75,uniform,16,0.125
2,128,1.75,uniform,17,0.1328125
2,128,1.75,uniform,18,0.140625
2,128,1.75,uniform,19,0.1484375
2,128,1.75,uniform,20,0.15625
2,128,1.75,uniform,21,0.1640625
2,128,1.75,uniform,22,0.171875
2,128,1.75,uniform,23,0.1796875
2,128,1.75,uniform,24,0.1875
2,128,1.75,uniform,25,0.1953125
2,128,1.75,uniform,26,0.203125
2,128,1.75,uniform,27,0.2109375
2,128,1.75,uniform,28,0.21875
2,128,1.75,uniform,29,0.2265625
2,128,1.75,uniform,30,0.234375
2,128,1.75,uniform,31,0.2421875
2,128,1.75,uniform,32,0.25
2,128,1.75,uniform,33,0.2578125
2,128,1.75,uniform,34,0.265625
2,128,1.75,uniform,35,0.2734375
2,128,1.75,uniform,36,0.28125
2,128,1.75,uniform,37,0.2890625
2,128,1.75,uniform,38,0.296875
2,128,1.75,uniform,39,0.3046875
2,128,1.75,uniform,40,0.3125
2,128,1.75,uniform,41,0.3203125
2,128,1.75,uniform,42,0.328125
2,128,1.75,uniform,43,0.3359375
2,128,1.75,uniform,44,0.34375
2,128,1.75,uniform,45,0.3515625
2,128,1.75,uniform,46,0.359375
2,128,1.75,uniform,47,0.3671875
2,128,1.75,uniform,48,0.375
2,128,1.75,uniform,49,0.3828125
2,128,1.75,uniform,50,0.390625
2,128,1.75,uniform,51,0.3984375
2,128,1.75,uniform,52,0.40625
2,128,1.75,uniform,53,0.4140625
2,128,1.75,uniform,54,0.421875
2,128,1.75,uniform,55,0.4296875
2,128,1.75,uniform,56,0.4375
2,128,1.75,uniform,57,0.4453125
2,128,1.75,uniform,58,0.453125
2,128,1.75,uniform,59,0.4609375
2,128,1.75,uniform,60,0.46875
2,128,1.75,uniform,61,0.4765625
2,128,1.75,uniform,62,0.484375
2,128,1.75,uniform,63,0.4921875
2,128,1.75,uniform,64,0.5
2,128,1.75,uniform,65,0.5078125
2,128,1.75,uniform,66,0.515625
2,128,1.75,uniform,67,0.5234375
2,128,1.75,uniform,68,0.53125
2,128,1.75,uniform,69,0.5390625
2,128,1.75,uniform,70,0.546875
2,128,1.75,uniform,71,0.5546875
2,128,1.75,uniform,72,0.5625
2,128,1.75,uniform,73,0.5703125
2,128,1.75,uniform,74,0.578125
2,128,1.75,uniform,75,0.5859375
2,128,1.75,uniform,76,0.59375
2,128,1.75,uniform,77,0.6015625
2,128,1.75,uniform,78,0.609375
2,128,1.75,uniform,79,0.6171875
2,128,1.75,uniform,80,0.625
2,128,1.75,uniform,81,0.6328125
2,128,1.75,uniform,82,0.640625
2,128,1.75,uniform,83,0.6484375
2,128,1.75,uniform,84,0.65625
2,128,1.75,uniform,85,0.6640625
2,128,1.75,uniform,86,0.671875
2,128,1.75,uniform,87,0.6796875
2,128,1.75,uniform,88,0.6875
2,128,1.75,uniform,89,0.6953125
2,128,1.75,uniform,90,0.703125
2,128,1.75,uniform,91,0.7109375
2,128,1.75,uniform,92,0.71875
2,128,1.75,uniform,93,0.7265625
2,128,1.75,uniform,94,0.734375
2,128,1.75,uniform,95,0.7421875
2,128,1.75,uniform,96,0.75
2,128,1.75,uniform,97,0.7578125
2,128,1.75,uniform,98,0.765625
2,128,1.75,uniform,99,0.7734375
2,128,1.75,uniform,100,0.78125
2,128,1.75,uniform,101,0.7890625
2,128,1.75,uniform,102,0.796875
2,128,1.75,uniform,103,0.8046875
2,128,1.75,uniform,104,0.8125
2,128,1.75,uniform,105,0.8203125
2,128,1.75,uniform,106,0.828125
2,128,1.75,uniform,107,0.8359375
2,128,1.75,uniform,108,0.84375
2,128,1.75,uniform,109,0.8515625
2,128,1.75,uniform,110,0.859375
2,128,1.75,uniform,111,0.8671875
2,128,1.75,uniform,112,0.875
2,128,1.75,uniform,113,0.8828125
2,128,1.75,uniform,114,0.890625
2,128,1.75,uniform,115,0.8984375
2,128,1.75,uniform,116,0.90625
2,128,1.75,uniform,117,0.9140625
2,128,1.75,uniform,118,0.921875
2,128,1.75,uniform,119,0.9296875
2,128,1.75,uniform,120,0.9375
2,128,1.75,uniform,121,0.9453125
2,128,1.75,uniform,122,0.953125
2,128,1.75,uniform,123,0.9609375
2,128,1.75,uniform,124,0.96875
2,128,1.75,uniform,125,0.9765625
2,128,1.75,uniform,126,0.984375
2,128,1.75,uniform,127,0.9921875
2,128,1.75,uniform,128,1.0
2,128,1.75,positional,0,0.0
2,128,1.75,positional,1,1.2623779073155732e-05
2,128,1.75,positional,2,2.5247558150450443e-05
2,128,1.75,positional,3,3.787134585064388e-05
2,128,1.75,positional,4,8.848750198985228e-05
2,128,1.75,positional,5,0.0004679379932336988
2,128,1.75,positional,6,0.0009719786211729145
2,128,1.75,positional,7,0.0016062729746408612
2,128,1.75,positional,8,0.002387653826535858
2,128,1.75,positional,9,0.0033222389211264177
2,128,1.75,positional,10,0.0044081059025641006
2,128,1.75,positional,11,0.005640023230096018
2,128,1.75,positional,12,0.007012409421268396
2,128,1.75,positional,13,0.008520545748232538
2,128,1.75,positional,14,0.010160827243887538
2,128,1.75,positional,15,0.011930624071531084
2,128,1.75,positional,16,0.013828039272177468
2,128,1.75,positional,17,0.015851678114224096
2,128,1.75,positional,18,0.018000464457629147
2,128,1.75,positional,19,0.020273507428549793
2,128,1.75,positional,20,0.02267001089354815
2,128,1.75,positional,21,0.025189216004281353
2,128,1.75,positional,22,0.027830367933852365
2,128,1.75,positional,23,0.03059269961280475
2,128,1.75,positional,24,0.0334754269648894
2,128,1.75,positional,25,0.03647775157747062
2,128,1.75,positional,26,0.039598867874132054
2,128,1.75,positional,27,0.042837972718425044
2,128,1.75,positional,28,0.046194276017928214
2,128,1.75,positional,29,0.04966701136593607
2,128,1.75,positional,30,0.0532554460958118
2,128,1.75,positional,31,0.05695889036354599
2,128,1.75,positional,32,0.060776705043029726
2,128,1.75,positional,33,0.06470830833543834
2,128,1.75,positional,34,0.06875318107349251
2,128,1.75,positional,35,0.07291087075400549
2,128,1.75,positional,36,0.07718099436594808
2,128,1.75,positional,37,0.08156324010201603
2,128,1.75,positional,38,0.08605736805348826
2,128,1.75,positional,39,0.09066320999394399
2,128,1.75,positional,40,0.09538066835918523
2,128,1.75,positional,41,0.10020971452986856
2,128,1.75,positional,42,0.10515038652078912
2,128,1.75,positional,43,0.11020278617704629
2,128,1.75,positional,44,0.11536707597278999
2,128,1.75,positional,45,0.12064347550307249
2,128,1.75,positional,46,0.1260322577535964
2,128,1.75,positional,47,0.13153374522688147
2,128,1.75,positional,48,0.13714830599658168
2,128,1.75,positional,49,0.1428763497543851
2,128,1.75,positional,50,0.14871832390616174
2,128,1.75,positional,51,0.15467470976585768
2,128,1.75,positional,52,0.16074601888717668
2,128,1.75,positional,53,0.16693278956448507
2,128,1.75,positional,54,0.17323558352579563
2,128,1.75,positional,55,0.1796549828323305
2,128,1.75,positional,56,0.18619158699123528
2,128,1.75,positional,57,0.19284601028072854
2,128,1.75,positional,58,0.19961887928051406
2,128,1.75,positional,59,0.20651083059482642
2,128,1.75,positional,60,0.21352250875115744
2,128,1.75,positional,61,0.22065456425460905
2,128,1.75,positional,62,0.22790765177597758
2,128,1.75,positional,63,0.23528242845108077
2,128,1.75,positional,64,0.24277955226943038
2,128,1.75,positional,65,0.2503996805320171
2,128,1.75,positional,66,0.2581434683605661
2,128,1.75,positional,67,0.2660115672439488
2,128,1.75,positional,68,0.27400462361131095
2,128,1.75,positional,69,0.2821232774256723
2,128,1.75,positional,70,0.290368160796067
2,128,1.75,positional,71,0.29873989661051714
2,128,1.75,positional,72,0.30723909719608655
2,128,1.75,positional,73,0.31586636301578985
2,128,1.75,positional,74,0.32462228141510713
2,128,1.75,positional,75,0.33350742543318646
2,128,1.75,positional,76,0.34252235269545156
2,128,1.75,positional,77,0.35166760440524675
2,128,1.75,positional,78,0.3609437044523567
2,128,1.75,positional,79,0.3703511586557778
2,128,1.75,positional,80,0.37989045415704664
2,128,1.75,positional,81,0.38956205897883833
2,128,1.75,positional,82,0.3993664217615182
2,128,1.75,positional,83,0.4093039716879753
2,128,1.75,positional,84,0.4193751186044771
2,128,1.75,positional,85,0.4295802533425735
2,128,1.75,positional,86,0.43991974824432967
2,128,1.75,positional,87,0.45039395789047804
2,128,1.75,positional,88,0.4610032200285084
2,128,1.75,positional,89,0.4717478566953447
2,128,1.75,positional,90,0.4826281755271144
2,128,1.75,positional,91,0.4936444712466542
2,128,1.75,positional,92,0.504797027317825
2,128,1.75,positional,93,0.5160861177544495
2,128,1.75,positional,94,0.5275120090707285
2,128,1.75,positional,95,0.5390749623593432
2,128,1.75,positional,96,0.5507752354830718
2,128,1.75,positional,97,0.5626130853656471
2,128,1.75,positional,98,0.5745887703677051
2,128,1.75,positional,99,0.5867025527340117
2,128,1.75,positional,100,0.5989547010986694
2,128,1.75,positional,101,0.6113454930356647
2,128,1.75,positional,102,0.6238752176429003
2,128,1.75,positional,103,0.6365441781487247
2,128,1.75,positional,104,0.6493526945309034
2,128,1.75,positional,105,0.662301106138953
2,128,1.75,positional,106,0.6753897743117452
2,128,1.75,positional,107,0.6886190849832825
2,128,1.75,positional,108,0.7019894512705165
2,128,1.75,positional,109,0.7155013160380258
2,128,1.75,positional,110,0.7291551544352719
2,128,1.75,positional,111,0.742951476403003
2,128,1.75,positional,112,0.7568908291461769
2,128,1.75,positional,113,0.7709737995715085
2,128,1.75,positional,114,0.7852010166884277
2,128,1.75,positional,115,0.799573153972843
2,128,1.75,positional,116,0.8140909316936596
2,128,1.75,positional,117,0.828755119202488
2,128,1.75,positional,118,0.8435665371874067
2,128,1.75,positional,119,0.8585260598920194
2,128,1.75,positional,120,0.873634617301358
2,128,1.75,positional,121,0.8888931972964575
2,128,1.75,positional,122,0.9043028477796412
2,128,1.75,positional,123,0.9198646787727395
2,128,1.75,positional,124,0.9355798644905958
2,128,1.75,positional,125,0.9514496453923175
2,128,1.75,positional,126,0.967475330212795
2,128,1.75,positional,127,0.9836582979770518
2,128,1.75,positional,128,1.0
2,128,1.85,uniform,0,0.0
2,128,1.85,uniform,1,0.0078125
2,128,1.85,uniform,2,0.015625
2,128,1.85,uniform,3,0.0234375
2,128,1.85,uniform,4,0.03125
2,128,1.85,uniform,5,0.0390625
2,128,1.85,uniform,6,0.046875
2,128,1.85,uniform,7,0.0546875
2,128,1.85,uniform,8,0.0625
2,128,1.85,uniform,9,0.0703125
2,128,1.85,uniform,10,0.078125
2,128,1.85,uniform,11,0.0859375
2,128,1.85,uniform,12,0.09375
2,128,1.85,uniform,13,0.1015625
2,128,1.85,uniform,14,0.109375
2,128,1.85,uniform,15,0.1171875
2,128,1.85,uniform,16,0.125
2,128,1.85,uniform,17,0.1328125
2,128,1.85,uniform,18,0.140625
2,128,1.85,uniform,19,0.1484375
2,128,1.85,uniform,20,0.15625
2,128,1.85,uniform,21,0.1640625
2,128,1.85,uniform,22,0.171875
2,128,1.85,uniform,23,0.1796875
2,128,1.85,uniform,24,0.1875
2,128,1.85,uniform,25,0.1953125
2,128,1.85,uniform,26,0.203125
2,128,1.85,uniform,27,0.2109375
2,128,1.85,uniform,28,0.21875
2,128,1.85,uniform,29,0.2265625
2,128,1.85,uniform,30,0.234375
2,128,1.85,uniform,31,0.2421875
2,128,1.85,uniform,32,0.25
2,128,1.85,uniform,33,0.2578125
2,128,1.85,uniform,34,0.265625
2,128,1.85,uniform,35,0.2734375
2,128,1.85,uniform,36,0.28125
2,128,1.85,uniform,37,0.2890625
2,128,1.85,uniform,38,0.296875
2,128,1.85,uniform,39,0.3046875
2,128,1.85,uniform,40,0.3125
2,128,1.85,uniform,41,0.3203125
2,128,1.85,uniform,42,0.328125
2,128,1.85,uniform,43,0.3359375
2,128,1.85,uniform,44,0.34375
2,128,1.85,uniform,45,0.3515625
2,128,1.85,uniform,46,0.359375
2,128,1.85,uniform,47,0.3671875
2,128,1.85,uniform,48,0.375
2,128,1.85,uniform,49,0.3828125
2,128,1.85,uniform,50,0.390625
2,128,1.85,uniform,51,0.3984375
2,128,1.85,uniform,52,0.40625
2,128,1.85,uniform,53,0.4140625
2,128,1.85,uniform,54,0.421875
2,128,1.85,uniform,55,0.4296875
2,128,1.85,uniform,56,0.4375
2,128,1.85,uniform,57,0.4453125
2,128,1.85,uniform,58,0.453125
2,128,1.85,uniform,59,0.4609375
2,128,1.85,uniform,60,0.46875
2,128,1.85,uniform,61,0.4765625
2,128,1.85,uniform,62,0.484375
2,128,1.85,uniform,63,0.4921875
2,128,1.85,uniform,64,0.5
2,128,1.85,uniform,65,0.5078125
2,128,1.85,uniform,66,0.515625
2,128,1.85,uniform,67,0.5234375
2,128,1.85,uniform,68,0.53125
2,128,1.85,uniform,69,0.5390625
2,128,1.85,uniform,70,0.546875
2,128,1.85,uniform,71,0.5546875
2,128,1.85,uniform,72,0.5625
2,128,1.85,uniform,73,0.5703125
2,128,1.85,uniform,74,0.578125
2,128,1.85,uniform,75,0.5859375
2,128,1.85,uniform,76,0.59375
2,128,1.85,uniform,77,0.6015625
2,128,1.85,uniform,78,0.609375
2,128,1.85,uniform,79,0.6171875
2,128,1.85,uniform,80,0.625
2,128,1.85,uniform,81,0.6328125
2,128,1.85,uniform,82,0.640625
2,128,1.85,uniform,83,0.6484375
2,128,1.85,uniform,84,0.65625
2,128,1.85,uniform,85,0.6640625
2,128,1.85,uniform,86,0.671875
2,128,1.85,uniform,87,0.6796875
2,128,1.85,uniform,88,0.6875
2,128,1.85,uniform,89,0.6953125
2,128,1.85,uniform,90,0.703125
2,128,1.85,uniform,91,0.7109375
2,128,1.85,uniform,92,0.71875
2,128,1.85,uniform,93,0.7265625
2,128,1.85,uniform,94,0.734375
2,128,1.85,uniform,95,0.7421875
2,128,1.85,uniform,96,0.75
2,128,1.85,uniform,97,0.7578125
2,128,1.85,uniform,98,0.765625
2,128,1.85,uniform,99,0.7734375
2,128,1.85,uniform,100,0.78125
2,128,1.85,uniform,101,0.7890625
2,128,1.85,uniform,102,0.796875
2,128,1.85,uniform,103,0.8046875
2,128,1.85,uniform,104,0.8125
2,128,1.85,uniform,105,0.8203125
2,128,1.85,uniform,106,0.828125
2,128,1.85,uniform,107,0.8359375
2,128,1.85,uniform,108,0.84375
2,128,1.85,uniform,109,0.8515625
2,128,1.85,uniform,110,0.859375
2,128,1.85,uniform,111,0.8671875
2,128,1.85,uniform,112,0.875
2,128,1.85,uniform,113,0.8828125
2,128,1.85,uniform,114,0.890625
2,128,1.85,uniform,115,0.8984375
2,128,1.85,uniform,116,0.90625
2,128,1.85,uniform,117,0.9140625
2,128,1.85,uniform,118,0.921875
2,128,1.85,uniform,119,0.9296875
2,128,1.85,uniform,120,0.9375
2,128,1.85,uniform,121,0.9453125
2,128,1.85,uniform,122,0.953125
2,128,1.85,uniform,123,0.9609375
2,128,1.85,uniform,124,0.96875
2,128,1.85,uniform,125,0.9765625
2,128,1.85,uniform,126,0.984375
2,128,1.85,uniform,127,0.9921875
2,128,1.85,uniform,128,1.0
2,128,1.85,positional,0,0.0
2,128,1.85,positional,1,1.7535996503917124e-05
2,128,1.85,positional,2,3.507199314594095e-05
2,128,1.85,positional,3,5.543156521984694e-05
2,128,1.85,positional,4,0.00046117728631047804
2,128,1.85,positional,5,0.0010080526005040223
2,128,1.85,positional,6,0.001710099996886758
2,128,1.85,positional,7,0.0025934900835168917
2,128,1.85,positional,8,0.00366599423076656
2,128,1.85,positional,9,0.004922944211793169
2,128,1.85,positional,10,0.0063552325930079645
2,128,1.85,positional,11,0.00795374353166322
2,128,1.85,positional,12,0.00971088509354352
2,128,1.85,positional,13,0.011620751548210026
2,128,1.85,positional,14,0.013678825604952026
2,128,1.85,positional,15,0.01588160628704881
2,128,1.85,positional,16,0.01822629074602244
2,128,1.85,positional,17,0.02071053619517943
2,128,1.85,positional,18,0.02333229402889131
2,128,1.85,positional,19,0.026089700088381646
2,128,1.85,positional,20,0.02898100571529765
2,128,1.85,positional,21,0.03200453723737544
2,128,1.85,positional,22,0.03515867464045731
2,128,1.85,positional,23,0.03844184276442623
2,128,1.85,positional,24,0.041852510334437765
2,128,1.85,positional,25,0.04538919358754388
2,128,1.85,positional,26,0.04905046229452078
2,128,1.85,positional,27,0.052834946712135386
2,128,1.85,positional,28,0.05674134451548197
2,128,1.85,positional,29,0.06076842711615637
2,128,1.85,positional,30,0.06491504501597259
2,128,1.85,positional,31,0.06918013201097568
2,128,1.85,positional,32,0.07356270817054612
2,128,1.85,positional,33,0.0780618815884242
2,128,1.85,positional,34,0.08267684894854406
2,128,1.85,positional,35,0.08740689497711991
2,128,1.85,positional,36,0.0922513908693712
2,128,1.85,positional,37,0.0972097917886798
2,128,1.85,positional,38,0.10228163354059996
2,128,1.85,positional,39,0.10746652852581758
2,128,1.85,positional,40,0.11276416107604678
2,128,1.85,positional,41,0.11817428227566072
2,128,1.85,positional,42,0.1236967043699585
2,128,1.85,positional,43,0.12933129485853698
2,128,1.85,positional,44,0.13507797036928582
2,128,1.85,positional,45,0.14093669040500276
2,128,1.85,positional,46,0.14690745105043862
2,128,1.85,positional,47,0.1529902787226333
2,128,1.85,positional,48,0.15918522404161928
2,128,1.85,positional,49,0.16549235589191466
2,128,1.85,positional,50,0.17191175573771414
2,128,1.85,positional,51,0.1784435122463892
2,128,1.85,positional,52,0.18508771626594747
2,128,1.85,positional,53,0.19184445619265578
2,128,1.85,positional,54,0.19871381375531685
2,128,1.85,positional,55,0.20569586023295275
2,128,1.85,positional,56,0.2127906531131512
2,128,1.85,positional,57,0.21999823318933504
2,128,1.85,positional,58,0.22731862208696574
2,128,1.85,positional,59,0.23475182020140611
2,128,1.85,positional,60,0.24229780502401901
2,128,1.85,positional,61,0.24995652982819308
2,128,1.85,positional,62,0.2577279226834318
2,128,1.85,positional,63,0.2656118857634285
2,128,1.85,positional,64,0.27360829491313465
2,128,1.85,positional,65,0.281716999440117
2,128,1.85,positional,66,0.28993782209685165
2,128,1.85,positional,67,0.2982705592228533
2,128,1.85,positional,68,0.3067149810184933
2,128,1.85,positional,69,0.3152708319258177
2,128,1.85,positional,70,0.3239378310954349
2,128,1.85,positional,71,0.33271567292241694
2,128,1.85,positional,72,0.3416040276379614
2,128,1.85,positional,73,0.3506025419471616
2,128,1.85,positional,74,0.35971083970649653
2,128,1.85,positional,75,0.3689285226374952
2,128,1.85,positional,76,0.3782551710753974
2,128,1.85,positional,77,0.38769034475348724
2,128,1.85,positional,78,0.39723358362512146
2,128,1.85,positional,79,0.4068844087263298
2,128,1.85,positional,80,0.41664232308226823
2,128,1.85,positional,81,0.42650681266081186
2,128,1.85,positional,82,0.4364773473762444
2,128,1.85,positional,83,0.44655338214540585
2,128,1.85,positional,84,0.45673435799786505
2,128,1.85,positional,85,0.4670197032407567
2,128,1.85,positional,86,0.4774088346779284
2,128,1.85,positional,87,0.48790115888203406
2,128,1.85,positional,88,0.49849607351723535
2,128,1.85,positional,89,0.5091929687092697
2,128,1.85,positional,90,0.519991228458844
2,128,1.85,positional,91,0.5308902320936393
2,128,1.85,positional,92,0.5418893557536661
2,128,1.85,positional,93,0.5529879739043242
2,128,1.85,positional,94,0.5641854608712562
2,128,1.85,positional,95,0.5754811923909774
2,128,1.85,positional,96,0.5868745471712682
2,128,1.85,positional,97,0.5983649084554499
2,128,1.85,positional,98,0.609951665584886
2,128,1.85,positional,99,0.6216342155543697
2,128,1.85,positional,100,0.6334119645554369
2,128,1.85,positional,101,0.6452843295030837
2,128,1.85,positional,102,0.6572507395418371
2,128,1.85,positional,103,0.669310637527633
2,128,1.85,positional,104,0.6814634814824581
2,128,1.85,positional,105,0.6937087460192305
2,128,1.85,positional,106,0.7060459237348913
2,128,1.85,positional,107,0.7184745265701655
2,128,1.85,positional,108,0.730994087134915
2,128,1.85,positional,109,0.7436041599984341
2,128,1.85,positional,110,0.7563043229444472
2,128,1.85,positional,111,0.7690941781909292
2,128,1.85,positional,112,0.7819733535752058
2,128,1.85,positional,113,0.7949415037050849
2,128,1.85,positional,114,0.8079983110770337
2,128,1.85,positional,115,0.8211434871626401
2,128,1.85,positional,116,0.8343767734647948
2,128,1.85,positional,117,0.8476979425451907
2,128,1.85,positional,118,0.8611067990248729
2,128,1.85,positional,119,0.87460318055968
2,128,1.85,positional,120,0.888186958792505
2,128,1.85,positional,121,0.9018580402843624
2,128,1.85,positional,122,0.9156163674262982
2,128,1.85,positional,123,0.9294619193342034
2,128,1.85,positional,124,0.9433947127286091
2,128,1.85,positional,125,0.9574148028015388
2,128,1.85,positional,126,0.97152228407249
2,128,1.85,positional,127,0.9857172912355961
2,128,1.85,positional,128,1.0
2,128,1.95,uniform,0,0.0
2,128,1.95,uniform,1,0.0078125
2,128,1.95,uniform,2,0.015625
2,128,1.95,uniform,3,0.0234375
2,128,1.95,uniform,4,0.03125
2,128,1.95,uniform,5,0.0390625
2,128,1.95,uniform,6,0.046875
2,128,1.95,uniform,7,0.0546875
2,128,1.95,uniform,8,0.0625
2,128,1.95,uniform,9,0.0703125
2,128,1.95,uniform,10,0.078125
2,128,1.95,uniform,11,0.0859375
2,128,1.95,uniform,12,0.09375
2,128,1.95,uniform,13,0.1015625
2,128,1.95,uniform,14,0.109375
2,128,1.95,uniform,15,0.1171875
2,128,1.95,uniform,16,0.125
2,128,1.95,uniform,17,0.1328125
2,128,1.95,uniform,18,0.140625
2,128,1.95,uniform,19,0.1484375
2,128,1.95,uniform,20,0.15625
2,128,1.95,uniform,21,0.1640625
2,128,1.95,uniform,22,0.171875
2,128,1.95,uniform,23,0.1796875
2,128,1.95,uniform,24,0.1875
2,128,1.95,uniform,25,0.1953125
2,128,1.95,uniform,26,0.203125
2,128,1.95,uniform,27,0.2109375
2,128,1.95,uniform,28,0.21875
2,128,1.95,uniform,29,0.2265625
2,128,1.95,uniform,30,0.234375
2,128,1.95,uniform,31,0.2421875
2,128,1.95,uniform,32,0.25
2,128,1.95,uniform,33,0.2578125
2,128,1.95,uniform,34,0.265625
2,128,1.95,uniform,35,0.2734375
2,128,1.95,uniform,36,0.28125
2,128,1.95,uniform,37,0.2890625
2,128,1.95,uniform,38,0.296875
2,128,1.95,uniform,39,0.3046875
2,128,1.95,uniform,40,0.3125
2,128,1.95,uniform,41,0.3203125
2,128,1.95,uniform,42,0.328125
2,128,1.95,uniform,43,0.3359375
2,128,1.95,uniform,44,0.34375
2,128,1.95,uniform,45,0.3515625
2,128,1.95,uniform,46,0.359375
2,128,1.95,uniform,47,0.3671875
2,128,1.95,uniform,48,0.375
2,128,1.95,uniform,49,0.3828125
2,128,1.95,uniform,50,0.390625
2,128,1.95,uniform,51,0.3984375
2,128,1.95,uniform,52,0.40625
2,128,1.95,uniform,53,0.4140625
2,128,1.95,uniform,54,0.421875
2,128,1.95,uniform,55,0.4296875
2,128,1.95,uniform,56,0.4375
2,128,1.95,uniform,57,0.4453125
2,128,1.95,uniform,58,0.453125
2,128,1.95,uniform,59,0.4609375
2,128,1.95,uniform,60,0.46875
2,128,1.95,uniform,61,0.4765625
2,128,1.95,uniform,62,0.484375
2,128,1.95,uniform,63,0.4921875
2,128,1.95,uniform,64,0.5
2,128,1.95,uniform,65,0.5078125
2,128,1.95,uniform,66,0.515625
2,128,1.95,uniform,67,0.5234375
2,128,1.95,uniform,68,0.53125
2,128,1.95,uniform,69,0.5390625
2,128,1.95,uniform,70,0.546875
2,128,1.95,uniform,71,0.5546875
2,128,1.95,uniform,72,0.5625
2,128,1.95,uniform,73,0.5703125
2,128,1.95,uniform,74,0.578125
2,128,1.95,uniform,75,0.5859375
2,128,1.95,uniform,76,0.59375
2,128,1.95,uniform,77,0.6015625
2,128,1.95,uniform,78,0.609375
2,128,1.95,uniform,79,0.6171875
2,128,1.95,uniform,80,0.625
2,128,1.95,uniform,81,0.6328125
2,128,1.95,uniform,82,0.640625
2,128,1.95,uniform,83,0.6484375
2,128,1.95,uniform,84,0.65625
2,128,1.95,uniform,85,0.6640625
2,128,1.95,uniform,86,0.671875
2,128,1.95,uniform,87,0.6796875
2,128,1.95,uniform,88,0.6875
2,128,1.95,uniform,89,0.6953125
2,128,1.95,uniform,90,0.703125
2,128,1.95,uniform,91,0.7109375
2,128,1.95,uniform,92,0.71875
2,128,1.95,uniform,93,0.7265625
2,128,1.95,uniform,94,0.734375
2,128,1.95,uniform,95,0.7421875
2,128,1.95,uniform,96,0.75
2,128,1.95,uniform,97,0.7578125
2,128,1.95,uniform,98,0.765625
2,128,1.95,uniform,99,0.7734375
2,128,1.95,uniform,100,0.78125
2,128,1.95,uniform,101,0.7890625
2,128,1.95,uniform,102,0.796875
2,128,1.95,uniform,103,0.8046875
2,128,1.95,uniform,104,0.8125
2,128,1.95,uniform,105,0.8203125
2,128,1.95,uniform,106,0.828125
2,128,1.95,uniform,107,0.8359375
2,128,1.95,uniform,108,0.84375
2,128,1.95,uniform,109,0.8515625
2,128,1.95,uniform,110,0.859375
2,128,1.95,uniform,111,0.8671875
2,128,1.95,uniform,112,0.875
2,128,1.95,uniform,113,0.8828125
2,128,1.95,uniform,114,0.890625
2,128,1.95,uniform,115,0.8984375
2,128,1.95,uniform,116,0.90625
2,128,1.95,uniform,117,0.9140625
2,128,1.95,uniform,118,0.921875
2,128,1.95,uniform,119,0.9296875
2,128,1.95,uniform,120,0.9375
2,128,1.95,uniform,121,0.9453125
2,128,1.95,uniform,122,0.953125
2,128,1.95,uniform,123,0.9609375
2,128,1.95,uniform,124,0.96875
2,128,1.95,uniform,125,0.9765625
2,128,1.95,uniform,126,0.984375
2,128,1.95,uniform,127,0.9921875
2,128,1.95,uniform,128,1.0
2,128,1.95,positional,0,0.0
2,128,1.95,positional,1,2.2421679923455917e-05
2,128,1.95,positional,2,4.4843787444879285e-05
2,128,1.95,positional,3,0.0004090049636525835
2,128,1.95,positional,4,0.0009638164752136031
2,128,1.95,positional,5,0.0016936758128462564
2,128,1.95,positional,6,0.002639820828799306
2,128,1.95,positional,7,0.0038144586073042353
2,128,1.95,positional,8,0.005209713422562867
2,128,1.95,positional,9,0.006811092717961879
2,128,1.95,positional,10,0.008604485151335547
2,128,1.95,positional,11,0.010578254488143524
2,128,1.95,positional,12,0.012723287340176848
2,128,1.95,positional,13,0.015032471778811543
2,128,1.95,positional,14,0.017500144205376975
2,128,1.95,positional,15,0.02012164897082549
2,128,1.95,positional,16,0.022893022546285138
2,128,1.95,positional,17,0.025810778639431414
2,128,1.95,positional,18,0.028871766924506756
2,128,1.95,positional,19,0.0320730828393326
2,128,1.95,positional,20,0.03541201176864561
2,128,1.95,positional,21,0.03888599585291729
2,128,1.95,positional,22,0.0424926153377079
2,128,1.95,positional,23,0.04622957899292307
2,128,1.95,positional,24,0.050094719945845564
2,128,1.95,positional,25,0.05408599451417134
2,128,1.95,positional,26,0.058201482468386995
2,128,1.95,positional,27,0.06243938772094338
2,128,1.95,positional,28,0.0667980388198546
2,128,1.95,positional,29,0.07127588887679014
2,128,1.95,positional,30,0.07587151472581156
2,128,1.95,positional,31,0.08058361521696576
2,128,1.95,positional,32,0.08541100861832893
2,128,1.95,positional,33,0.09035262914397202
2,128,1.95,positional,34,0.09540752265261201
2,128,1.95,positional,35,0.1005748415784351
2,128,1.95,positional,36,0.10585383916572494
2,128,1.95,positional,37,0.11124386308511652
2,128,1.95,positional,38,0.11674434851318355
2,128,1.95,positional,39,0.12235481075965586
2,128,1.95,positional,40,0.12807483752840376
2,128,1.95,positional,41,0.13390408089966213
2,128,1.95,positional,42,0.13984224912184332
2,128,1.95,positional,43,0.14588909830161909
2,128,1.95,positional,44,0.15204442408058627
2,128,1.95,positional,45,0.1583080533855859
2,128,1.95,positional,46,0.16467983633744998
2,128,1.95,positional,47,0.17115963839945417
2,128,1.95,positional,48,0.17774733284197003
2,128,1.95,positional,49,0.1844427935936987
2,128,1.95,positional,50,0.19124588854247
2,128,1.95,positional,51,0.19815647334001232
2,128,1.95,positional,52,0.20517438575551658
2,128,1.95,positional,53,0.21229944061246353
2,128,1.95,positional,54,0.219531425332343
2,128,1.95,positional,55,0.2268700960978739
2,128,1.95,positional,56,0.23431517463746662
2,128,1.95,positional,57,0.2418663456222697
2,128,1.95,positional,58,0.24952325465751768
2,128,1.95,positional,59,0.2572855068413007
2,128,1.95,positional,60,0.2651526658565265
2,128,1.95,positional,61,0.2731242535558897
2,128,1.95,positional,62,0.28119974999519015
2,128,1.95,positional,63,0.2893785938673742
2,128,1.95,positional,64,0.29766018328816934
2,128,1.95,positional,65,0.30604387688404866
2,128,1.95,positional,66,0.314528995134357
2,128,1.95,positional,67,0.32311482192157986
2,128,1.95,positional,68,0.33180060624673957
2,128,1.95,positional,69,0.3405855640705536
2,128,1.95,positional,70,0.34946888024508116
2,128,1.95,positional,71,0.35844971050491076
2,128,1.95,positional,72,0.36752718349133584
2,128,1.95,positional,73,0.37670040278726025
2,128,1.95,positional,74,0.38596844894464966
2,128,1.95,positional,75,0.3953303814901007
2,128,1.95,positional,76,0.4047852408974629
2,128,1.95,positional,77,0.41433205051938254
2,128,1.95,positional,78,0.423969818472125
2,128,1.95,positional,79,0.4336975394700742
2,128,1.95,positional,80,0.4435141966079323
2,128,1.95,positional,81,0.4534187630898776
2,128,1.95,positional,82,0.4634102039058342
2,128,1.95,positional,83,0.47348747745560554
2,128,1.95,positional,84,0.4836495371219833
2,128,1.95,positional,85,0.4938953327941071
2,128,1.95,positional,86,0.5042238123423703
2,128,1.95,positional,87,0.5146339230460854
2,128,1.95,positional,88,0.5251246129749728
2,128,1.95,positional,89,0.5356948323253597
2,128,1.95,positional,90,0.5463435347117803
2,128,1.95,positional,91,0.5570696784144976
2,128,1.95,positional,92,0.5678722275833097
2,128,1.95,positional,93,0.578750153397889
2,128,1.95,positional,94,0.5897024351848235
2,128,1.95,positional,95,0.600728061491491
2,128,1.95,positional,96,0.6118260311169057
2,128,1.95,positional,97,0.6229953540997074
2,128,1.95,positional,98,0.6342350526635436
2,128,1.95,positional,99,0.6455441621201851
2,128,1.95,positional,100,0.656921731730839
2,128,1.95,positional,101,0.6683668255262502
2,128,1.95,positional,102,0.6798785230863224
2,128,1.95,positional,103,0.691455920280135
2,128,1.95,positional,104,0.7030981299673694
2,128,1.95,positional,105,0.7148042826622911
2,128,1.95,positional,106,0.7265735271615629
2,128,1.95,positional,107,0.7384050311372722
2,128,1.95,positional,108,0.7502979816966554
2,128,1.95,positional,109,0.7622515859100868
2,128,1.95,positional,110,0.774265071308963
2,128,1.95,positional,111,0.7863376863551685
2,128,1.95,positional,112,0.7984687008838416
2,128,1.95,positional,113,0.8106574065211793
2,128,1.95,positional,114,0.8229031170790287
2,128,1.95,positional,115,0.8352051689280016
2,128,1.95,positional,116,0.8475629213508341
2,128,1.95,positional,117,0.8599757568776824
2,128,1.95,positional,118,0.8724430816050074
2,128,1.95,positional,119,0.8849643254996571
2,128,1.95,positional,120,0.8975389426897039
2,128,1.95,positional,121,0.9101664117435375
2,128,1.95,positional,122,0.9228462359386547
2,128,1.95,positional,123,0.9355779435215251
2,128,1.95,positional,124,0.9483610879598515
2,128,1.95,positional,125,0.9611952481884749
2,128,1.95,positional,126,0.9740800288501156
2,128,1.95,positional,127,0.98701506053208
2,128,1.95,positional,128,1.0
2,256,1.55,uniform,0,0.0
2,256,1.55,uniform,1,0.00390625
2,256,1.55,uniform,2,0.0078125
2,256,1.55,uniform,3,0.01171875
2,256,1.55,uniform,4,0.015625
2,256,1.55,uniform,5,0.01953125
2,256,1.55,uniform,6,0.0234375
2,256,1.55,uniform,7,0.02734375
2,256,1.55,uniform,8,0.03125
2,256,1.55,uniform,9,0.03515625
2,256,1.55,uniform,10,0.0390625
2,256,1.55,uniform,11,0.04296875
2,256,1.55,uniform,12,0.046875
2,256,1.55,uniform,13,0.05078125
2,256,1.55,uniform,14,0.0546875
2,256,1.55,uniform,15,0.05859375
2,256,1.55,uniform,16,0.0625
2,256,1.55,uniform,17,0.06640625
2,256,1.55,uniform,18,0.0703125
2,256,1.55,uniform,19,0.07421875
2,256,1.55,uniform,20,0.078125
2,256,1.55,uniform,21,0.08203125
2,256,1.55,uniform,22,0.0859375
2,256,1.55,uniform,23,0.08984375
2,256,1.55,uniform,24,0.09375
2,256,1.55,uniform,25,0.09765625
2,256,1.55,uniform,26,0.1015625
2,256,1.55,uniform,27,0.10546875
2,256,1.55,uniform,28,0.109375
2,256,1.55,uniform,29,0.11328125
2,256,1.55,uniform,30,0.1171875
2,256,1.55,uniform,31,0.12109375
2,256,1.55,uniform,32,0.125
2,256,1.55,uniform,33,0.12890625
2,256,1.55,uniform,34,0.1328125
2,256,1.55,uniform,35,0.13671875
2,256,1.55,uniform,36,0.140625
2,256,1.55,uniform,37,0.14453125
2,256,1.55,uniform,38,0.1484375
2,256,1.55,uniform,39,0.15234375
2,256,1.55,uniform,40,0.15625
2,256,1.55,uniform,41,0.16015625
2,256,1.55,uniform,42,0.1640625
2,256,1.55,uniform,43,0.16796875
2,256,1.55,uniform,44,0.171875
2,256,1.55,uniform,45,0.17578125
2,256,1.55,uniform,46,0.1796875
2,256,1.55,uniform,47,0.18359375
2,256,1.55,uniform,48,0.1875
2,256,1.55,uniform,49,0.19140625
2,256,1.55,uniform,50,0.1953125
2,256,1.55,uniform,51,0.19921875
2,256,1.55,uniform,52,0.203125
2,256,1.55,uniform,53,0.20703125
2,256,1.55,uniform,54,0.2109375
2,256,1.55,uniform,55,0.21484375
2,256,1.55,uniform,56,0.21875
2,256,1.55,uniform,57,0.22265625
2,256,1.55,uniform,58,0.2265625
2,256,1.55,uniform,59,0.23046875
2,256,1.55,uniform,60,0.234375
2,256,1.55,uniform,61,0.23828125
2,256,1.55,uniform,62,0.2421875
2,256,1.55,uniform,63,0.24609375
2,256,1.55,uniform,64,0.25
2,256,1.55,uniform,65,0.25390625
2,256,1.55,uniform,66,0.2578125
2,256,1.55,uniform,67,0.26171875
2,256,1.55,uniform,68,0.265625
2,256,1.55,uniform,69,0.26953125
2,256,1.55,uniform,70,0.2734375
2,256,1.55,uniform,71,0.27734375
2,256,1.55,uniform,72,0.28125
2,256,1.55,uniform,73,0.28515625
2,256,1.55,uniform,74,0.2890625
2,256,1.55,uniform,75,0.29296875
2,256,1.55,uniform,76,0.296875
2,256,1.55,uniform,77,0.30078125
2,256,1.55,uniform,78,0.3046875
2,256,1.55,uniform,79,0.30859375
2,256,1.55,uniform,80,0.3125
2,256,1.55,uniform,81,0.31640625
2,256,1.55,uniform,82,0.3203125
2,256,1.55,uniform,83,0.32421875
2,256,1.55,uniform,84,0.328125
2,256,1.55,uniform,85,0.33203125
2,256,1.55,uniform,86,0.3359375
2,256,1.55,uniform,87,0.33984375
2,256,1.55,uniform,88,0.34375
2,256,1.55,uniform,89,0.34765625
2,256,1.55,uniform,90,0.3515625
2,256,1.55,uniform,91,0.35546875
2,256,1.55,uniform,92,0.359375
2,256,1.55,uniform,93,0.36328125
2,256,1.55,uniform,94,0.3671875
2,256,1.55,uniform,95,0.37109375
2,256,1.55,uniform,96,0.375
2,256,1.55,uniform,97,0.37890625
2,256,1.55,uniform,98,0.3828125
2,256,1.55,uniform,99,0.38671875
2,256,1.55,uniform,100,0.390625
2,256,1.55,uniform,101,0.39453125
2,256,1.55,uniform,102,0.3984375
2,256,1.55,uniform,103,0.40234375
2,256,1.55,uniform,104,0.40625
2,256,1.55,uniform,105,0.41015625
2,256,1.55,uniform,106,0.4140625
2,256,1.55,uniform,107,0.41796875
2,256,1.55,uniform,108,0.421875
2,256,1.55,uniform,109,0.42578125
2,256,1.55,uniform,110,0.4296875
2,256,1.55,uniform,111,0.43359375
2,256,1.55,uniform,112,0.4375
2,256,1.55,uniform,113,0.44140625
2,256,1.55,uniform,114,0.4453125
2,256,1.55,uniform,115,0.44921875
2,256,1.55,uniform,116,0.453125
2,256,1.55,uniform,117,0.45703125
2,256,1.55,uniform,118,0.4609375
2,256,1.55,uniform,119,0.46484375
2,256,1.55,uniform,120,0.46875
2,256,1.55,uniform,121,0.47265625
2,256,1.55,uniform,122,0.4765625
2,256,1.55,uniform,123,0.48046875
2,256,1.55,uniform,124,0.484375
2,256,1.55,uniform,125,0.48828125
2,256,1.55,uniform,126,0.4921875
2,256,1.55,uniform,127,0.49609375
2,256,1.55,uniform,128,0.5
2,256,1.55,uniform,129,0.50390625
2,256,1.55,uniform,130,0.5078125
2,256,1.55,uniform,131,0.51171875
2,256,1.55,uniform,132,0.515625
2,256,1.55,uniform,133,0.51953125
2,256,1.55,uniform,134,0.5234375
2,256,1.55,uniform,135,0.52734375
2,256,1.55,uniform,136,0.53125
2,256,1.55,uniform,137,0.53515625
2,256,1.55,uniform,138,0.5390625
2,256,1.55,uniform,139,0.54296875
2,256,1.55,uniform,140,0.546875
2,256,1.55,uniform,141,0.55078125
2,256,1.55,uniform,142,0.5546875
2,256,1.55,uniform,143,0.55859375
2,256,1.55,uniform,144,0.5625
2,256,1.55,uniform,145,0.56640625
2,256,1.55,uniform,146,0.5703125
2,256,1.55,uniform,147,0.57421875
2,256,1.55,uniform,148,0.578125
2,256,1.55,uniform,149,0.58203125
2,256,1.55,uniform,150,0.5859375
2,256,1.55,uniform,151,0.58984375
2,256,1.55,uniform,152,0.59375
2,256,1.55,uniform,153,0.59765625
2,256,1.55,uniform,154,0.6015625
2,256,1.55,uniform,155,0.60546875
2,256,1.55,uniform,156,0.609375
2,256,1.55,uniform,157,0.61328125
2,256,1.55,uniform,158,0.6171875
2,256,1.55,uniform,159,0.62109375
2,256,1.55,uniform,160,0.625
2,256,1.55,uniform,161,0.62890625
2,256,1.55,uniform,162,0.6328125
2,256,1.55,uniform,163,0.63671875
2,256,1.55,uniform,164,0.640625
2,256,1.55,uniform,165,0.64453125
2,256,1.55,uniform,166,0.6484375
2,256,1.55,uniform,167,0.65234375
2,256,1.55,uniform,168,0.65625
2,256,1.55,uniform,169,0.66015625
2,256,1.55,uniform,170,0.6640625
2,256,1.55,uniform,171,0.66796875
2,256,1.55,uniform,172,0.671875
2,256,1.55,uniform,173,0.67578125
2,256,1.55,uniform,174,0.6796875
2,256,1.55,uniform,175,0.68359375
2,256,1.55,uniform,176,0.6875
2,256,1.55,uniform,177,0.69140625
2,256,1.55,uniform,178,0.6953125
2,256,1.55,uniform,179,0.69921875
2,256,1.55,uniform,180,0.703125
2,256,1.55,uniform,181,0.70703125
2,256,1.55,uniform,182,0.7109375
2,256,1.55,uniform,183,0.71484375
2,256,1.55,uniform,184,0.71875
2,256,1.55,uniform,185,0.72265625
2,256,1.55,uniform,186,0.7265625
2,256,1.55,uniform,187,0.73046875
2,256,1.55,uniform,188,0.734375
2,256,1.55,uniform,189,0.73828125
2,256,1.55,uniform,190,0.7421875
2,256,1.55,uniform,191,0.74609375
2,256,1.55,uniform,192,0.75
2,256,1.55,uniform,193,0.75390625
2,256,1.55,uniform,194,0.7578125
2,256,1.55,uniform,195,0.76171875
2,256,1.55,uniform,196,0.765625
2,256,1.55,uniform,197,0.76953125
2,256,1.55,uniform,198,0.7734375
2,256,1.55,uniform,199,0.77734375
2,256,1.55,uniform,200,0.78125
2,256,1.55,uniform,201,0.78515625
2,256,1.55,uniform,202,0.7890625
2,256,1.55,uniform,203,0.79296875
2,256,1.55,uniform,204,0.796875
2,256,1.55,uniform,205,0.80078125
2,256,1.55,uniform,206,0.8046875
2,256,1.55,uniform,207,0.80859375
2,256,1.55,uniform,208,0.8125
2,256,1.55,uniform,209,0.81640625
2,256,1.55,uniform,210,0.8203125
2,256,1.55,uniform,211,0.82421875
2,256,1.55,uniform,212,0.828125
2,256,1.55,uniform,213,0.83203125
2,256,1.55,uniform,214,0.8359375
2,256,1.55,uniform,215,0.83984375
2,256,1.55,uniform,216,0.84375
2,256,1.55,uniform,217,0.84765625
2,256,1.55,uniform,218,0.8515625
2,256,1.55,uniform,219,0.85546875
2,256,1.55,uniform,220,0.859375
2,256,1.55,uniform,221,0.86328125
2,256,1.55,uniform,222,0.8671875
2,256,1.55,uniform,223,0.87109375
2,256,1.55,uniform,224,0.875
2,256,1.55,uniform,225,0.87890625
2,256,1.55,uniform,226,0.8828125
2,256,1.55,uniform,227,0.88671875
2,256,1.55,uniform,228,0.890625
2,256,1.55,uniform,229,0.89453125
2,256,1.55,uniform,230,0.8984375
2,256,1.55,uniform,231,0.90234375
2,256,1.55,uniform,232,0.90625
2,256,1.55,uniform,233,0.91015625
2,256,1.55,uniform,234,0.9140625
2,256,1.55,uniform,235,0.91796875
2,256,1.55,uniform,236,0.921875
2,256,1.55,uniform,237,0.92578125
2,256,1.55,uniform,238,0.9296875
2,256,1.55,uniform,239,0.93359375
2,256,1.55,uniform,240,0.9375
2,256,1.55,uniform,241,0.94140625
2,256,1.55,uniform,242,0.9453125
2,256,1.55,uniform,243,0.94921875
2,256,1.55,uniform,244,0.953125
2,256,1.55,uniform,245,0.95703125
2,256,1.55,uniform,246,0.9609375
2,256,1.55,uniform,247,0.96484375
2,256,1.55,uniform,248,0.96875
2,256,1.55,uniform,249,0.97265625
2,256,1.55,uniform,250,0.9765625
2,256,1.55,uniform,251,0.98046875
2,256,1.55,uniform,252,0.984375
2,256,1.55,uniform,253,0.98828125
2,256,1.55,uniform,254,0.9921875
2,256,1.55,uniform,255,0.99609375
2,256,1.55,uniform,256,1.0
2,256,1.55,positional,0,0.0
2,256,1.55,positional,1,2.307465829924866e-06
2,256,1.55,positional,2,4.614931659727522e-06
2,256,1.55,positional,3,6.922397489490722e-06
2,256,1.55,positional,4,9.229863319249449e-06
2,256,1.55,positional,5,1.1537329149038613e-05
2,256,1.55,positional,6,1.3844794978963957e-05
2,256,1.55,positional,7,1.6152260809522078e-05
2,256,1.55,positional,8,1.8459726643572208e-05
2,256,1.55,positional,9,2.076719251399969e-05
2,256,1.55,positional,10,2.30746607426119e-05
2,256,1.55,positional,11,2.5384128094323288e-05
2,256,1.55,positional,12,2.8663729909788142e-05
2,256,1.55,positional,13,5.38107584592576e-05
2,256,1.55,positional,14,0.00013404317578185517
2,256,1.55,positional,15,0.0002578005016121812
2,256,1.55,positional,16,0.0004105043243331187
2,256,1.55,positional,17,0.0005860763741740618
2,256,1.55,positional,18,0.0007827990862150701
2,256,1.55,positional,19,0.0010006029293083004
2,256,1.55,positional,20,0.0012399129872143115
2,256,1.55,positional,21,0.0015011941263036257
2,256,1.55,positional,22,0.0017847895106510314
2,256,1.55,positional,23,0.0020908847805582802
2,256,1.55,positional,24,0.0024195247879091595
2,256,1.55,positional,25,0.0027706487177686524
2,256,1.55,positional,26,0.0031441273409592552
2,256,1.55,positional,27,0.0035397952398214666
2,256,1.55,positional,28,0.003957475625824811
2,256,1.55,positional,29,0.004396997768515527
2,256,1.55,positional,30,0.004858208107348719
2,256,1.55,positional,31,0.00534097643229851
2,256,1.55,positional,32,0.005845198465941189
2,256,1.55,positional,33,0.006370795973624968
2,256,1.55,positional,34,0.006917715284431645
2,256,1.55,positional,35,0.007485924878670877
2,256,1.55,positional,36,0.008075412508551193
2,256,1.55,positional,37,0.008686182171049911
2,256,1.55,positional,38,0.009318251141720604
2,256,1.55,positional,39,0.009971647198473195
2,256,1.55,positional,40,0.010646406108338642
2,256,1.55,positional,41,0.011342569411875433
2,256,1.55,positional,42,0.012060182514354555
2,256,1.55,positional,43,0.012799293076468954
2,256,1.55,positional,44,0.013559949687302916
2,256,1.55,positional,45,0.014342200796670262
2,256,1.55,positional,46,0.015146093881262451
2,256,1.55,positional,47,0.01597167481833436
2,256,1.55,positional,48,0.016818987441196302
2,256,1.55,positional,49,0.017688073252092748
2,256,1.55,positional,50,0.018578971269801542
2,256,1.55,positional,51,0.019491717991259497
2,256,1.55,positional,52,0.020426347448563684
2,256,1.55,positional,53,0.021382891344716642
2,256,1.55,positional,54,0.022361379253417885
2,256,1.55,positional,55,0.023361838870017918
2,256,1.55,positional,56,0.024384296302425258
2,256,1.55,positional,57,0.025428776392283938
2,256,1.55,positional,58,0.026495303058117946
2,256,1.55,positional,59,0.027583899653374492
2,256,1.55,positional,60,0.02869458933339704
2,256,1.55,positional,61,0.029827395426330804
2,256,1.55,positional,62,0.030982341803817606
2,256,1.55,positional,63,0.032159453248084106
2,256,1.55,positional,64,0.033358755812677277
2,256,1.55,positional,65,0.03458027717466337
2,256,1.55,positional,66,0.03582404697659121
2,256,1.55,positional,67,0.037090097156935106
2,256,1.55,positional,68,0.038378462268086284
2,256,1.55,positional,69,0.03968917978126048
2,256,1.55,positional,70,0.04102229037794096
2,256,1.55,positional,71,0.04237783822768588
2,256,1.55,positional,72,0.043755871252302445
2,256,1.55,positional,73,0.04515644137653245
2,256,1.55,positional,74,0.04657960476550836
2,256,1.55,positional,75,0.048025422049330885
2,256,1.55,positional,76,0.04949395853518965
2,256,1.55,positional,77,0.05098528440750291
2,256,1.55,positional,78,0.05249947491659132
2,256,1.55,positional,79,0.05403661055642714
2,256,1.55,positional,80,0.05559677723201664
2,256,1.55,positional,81,0.057180066416980126
2,256,1.55,positional,82,0.05878657530189345
2,256,1.55,positional,83,0.06041640693394774
2,256,1.55,positional,84,0.06206967034847183
2,256,1.55,positional,85,0.06374648069284454
2,256,1.55,positional,86,0.06544695934330363
2,256,1.55,positional,87,0.06717123401513408
2,256,1.55,positional,88,0.06891943886669204
2,256,1.55,positional,89,0.07069171459769198
2,256,1.55,positional,90,0.07248820854215439
2,256,1.55,positional,91,0.07430907475637913
2,256,1.55,positional,92,0.07615447410227691
2,256,1.55,positional,93,0.07802457432635712
2,256,1.55,positional,94,0.07991955013463553
2,256,1.55,positional,95,0.08183958326369051
2,256,1.55,positional,96,0.08378486254806056
2,256,1.55,positional,97,0.08575558398414058
2,256,1.55,positional,98,0.08775195079069859
2,256,1.55,positional,99,0.08977417346609914
2,256,1.55,positional,100,0.09182246984228479
2,256,1.55,positional,101,0.0938970651355322
2,256,1.55,positional,102,0.09599819199396599
2,256,1.55,positional,103,0.09812609054178018
2,256,1.55,positional,104,0.10028100842008524
2,256,1.55,positional,105,0.10246320082426832
2,256,1.55,positional,106,0.10467293053772501
2,256,1.55,positional,107,0.1069104679617929
2,256,1.55,positional,108,0.10917609114169224
2,256,1.55,positional,109,0.11147008578825465
2,256,1.55,positional,110,0.11379274529519925
2,256,1.55,positional,111,0.11614437075169683
2,256,1.55,positional,112,0.11852527094994537
2,256,1.55,positional,113,0.12093576238746699
2,256,1.55,positional,114,0.12337616926382423
2,256,1.55,positional,115,0.12584682347144685
2,256,1.55,positional,116,0.12834806458025388
2,256,1.55,positional,117,0.13088023981575503
2,256,1.55,positional,118,0.13344370403031627
2,256,1.55,positional,119,0.13603881966727965
2,256,1.55,positional,120,0.13866595671763546
2,256,1.55,positional,121,0.14132549266895683
2,256,1.55,positional,122,0.14401781244632084
2,256,1.55,positional,123,0.1467433083449601
2,256,1.55,positional,124,0.14950237995440865
2,256,1.55,positional,125,0.15229543407393156
2,256,1.55,positional,126,0.15512288461905552
2,256,1.55,positional,127,0.15798515251904716
2,256,1.55,positional,128,0.16088266560521977
2,256,1.55,positional,129,0.16381585848998426
2,256,1.55,positional,130,0.166785172436598
2,256,1.55,positional,131,0.16979105521960458
2,256,1.55,positional,132,0.17283396097599873
2,256,1.55,positional,133,0.17591435004719305
2,256,1.55,positional,134,0.1790326888119072
2,256,1.55,positional,135,0.1821894495101432
2,256,1.55,positional,136,0.185385110058456
2,256,1.55,positional,137,0.18862015385677217
2,256,1.55,positional,138,0.19189506958705368
2,256,1.55,positional,139,0.1952103510041472
2,256,1.55,positional,140,0.19856649671920076
2,256,1.55,positional,141,0.20196400997607145
2,256,1.55,positional,142,0.20540339842118513
2,256,1.55,positional,143,0.2088851738673478
2,256,1.55,positional,144,0.2124098520520411
2,256,1.55,positional,145,0.21597795239076722
2,256,1.55,positional,146,0.21958999772603705
2,256,1.55,positional,147,0.22324651407262122
2,256,1.55,positional,148,0.22694803035970623
2,256,1.55,positional,149,0.23069507817061666
2,256,1.55,positional,150,0.23448819148077985
2,256,1.55,positional,151,0.23832790639462134
2,256,1.55,positional,152,0.24221476088208682
2,256,1.55,positional,153,0.2461492945154902
2,256,1.55,positional,154,0.25013204820738794
2,256,1.55,positional,155,0.25416356395017614
2,256,1.55,positional,156,0.25824438455809834
2,256,1.55,positional,157,0.26237505341234235
2,256,1.55,positional,158,0.2665561142098889
2,256,1.55,positional,159,0.27078811071675624
2,256,1.55,positional,160,0.27507158652626507
2,256,1.55,positional,161,0.27940708482292165
2,256,1.55,positional,162,0.28379514815249207
2,256,1.55,positional,163,0.28823631819880796
2,256,1.55,positional,164,0.2927311355678148
2,256,1.55,positional,165,0.2972801395793374
2,256,1.55,positional,166,0.30188386806700107
2,256,1.55,positional,167,0.3065428571867114
2,256,1.55,positional,168,0.31125764123405386
2,256,1.55,positional,169,0.3160287524709356
2,256,1.55,positional,170,0.3208567209617525
2,256,1.55,positional,171,0.3257420744193201
2,256,1.55,positional,172,0.33068533806076905
2,256,1.55,positional,173,0.3356870344735621
2,256,1.55,positional,174,0.3407476834917496
2,256,1.55,positional,175,0.3458678020825406
2,256,1.55,positional,176,0.35104790424322485
2,256,1.55,positional,177,0.3562885009084457
2,256,1.55,positional,178,0.3615900998677824
2,256,1.55,positional,179,0.3669532056935676
2,256,1.55,positional,180,0.37237831967882934
2,256,1.55,positional,181,0.3778659397852133
2,256,1.55,positional,182,0.383416560600712
2,256,1.55,positional,183,0.38903067330699465
2,256,1.55,positional,184,0.3947087656561079
2,256,1.55,positional,185,0.40045132195628824
2,256,1.55,positional,186,0.40625882306660593
2,256,1.55,positional,187,0.4121317464001374
2,256,1.55,positional,188,0.4180705659353444
2,256,1.55,positional,189,0.4240757522353205
2,256,1.55,positional,190,0.4301477724745494
2,256,1.55,positional,191,0.43628709047280806
2,256,1.55,positional,192,0.4424941667358352
2,256,1.55,positional,193,0.44876945850237515
2,256,1.55,positional,194,0.45511341979720304
2,256,1.55,positional,195,0.46152650148972785
2,256,1.55,positional,196,0.46800915135776794
2,256,1.55,positional,197,0.4745618141560918
2,256,1.55,positional,198,0.4811849316893145
2,256,1.55,positional,199,0.48787894288874284
2,256,1.55,positional,200,0.4946442838927629
2,256,1.55,positional,201,0.5014813881303682
2,256,1.55,positional,202,0.5083906864074321
2,256,1.55,positional,203,0.5153726069953306
2,256,1.55,positional,204,0.5224275757215342
2,256,1.55,positional,205,0.5295560160617895
2,256,1.55,positional,206,0.5367583492335236
2,256,1.55,positional,207,0.5440349942901123
2,256,1.55,positional,208,0.5513863682156637
2,256,1.55,positional,209,0.558812886019979
2,256,1.55,positional,210,0.5663149608333642
2,256,1.55,positional,211,0.5738930040009751
2,256,1.55,positional,212,0.5815474251763965
2,256,1.55,positional,213,0.5892786324141598
2,256,1.55,positional,214,0.5970870322609229
2,256,1.55,positional,215,0.604973029845045
2,256,1.55,positional,216,0.6129370289643032
2,256,1.55,positional,217,0.6209794321715093
2,256,1.55,positional,218,0.6291006408577982
2,256,1.55,positional,219,0.6373010553333734
2,256,1.55,positional,220,0.6455810749055055
2,256,1.55,positional,221,0.6539410979535919
2,256,1.55,positional,222,0.6623815220011012
2,256,1.55,positional,223,0.6709027437842345
2,256,1.55,positional,224,0.6795051593171488
2,256,1.55,positional,225,0.6881891639536007
2,256,1.55,positional,226,0.6969551524448765
2,256,1.55,positional,227,0.7058035189938907
2,256,1.55,positional,228,0.7147346573053414
2,256,1.55,positional,229,0.7237489606318237
2,256,1.55,positional,230,0.7328468218158133
2,256,1.55,positional,231,0.7420286333274384
2,256,1.55,positional,232,0.7512947872979749
2,256,1.55,positional,233,0.7606456755490002
2,256,1.55,positional,234,0.7700816896171577
2,256,1.55,positional,235,0.7796032207744883
2,256,1.55,positional,236,0.7892106600442955
2,256,1.55,positional,237,0.7989043982125177
2,256,1.55,positional,238,0.8086848258345901
2,256,1.55,positional,239,0.818552333237786
2,256,1.55,positional,240,0.8285073105190328
2,256,1.55,positional,241,0.8385501475382091
2,256,1.55,positional,242,0.8486812339069296
2,256,1.55,positional,243,0.8589009589728384
2,256,1.55,positional,244,0.8692097117994309
2,256,1.55,positional,245,0.8796078811414347
2,256,1.55,positional,246,0.8900958554157841
2,256,1.55,positional,247,0.9006740226682268
2,256,1.55,positional,248,0.9113427705356112
2,256,1.55,positional,249,0.9221024862039006
2,256,1.55,positional,250,0.9329535563619739
2,256,1.55,positional,251,0.9438963671512696
2,256,1.55,positional,252,0.9549313041113384
2,256,1.55,positional,253,0.9660587521213735
2,256,1.55,positional,254,0.9772790953377909
2,256,1.55,positional,255,0.9885927171279364
2,256,1.55,positional,256,1.0
2,256,1.65,uniform,0,0.0
2,256,1.65,uniform,1,0.00390625
2,256,1.65,uniform,2,0.0078125
2,256,1.65,uniform,3,0.01171875
2,256,1.65,uniform,4,0.015625
2,256,1.65,uniform,5,0.01953125
2,256,1.65,uniform,6,0.0234375
2,256,1.65,uniform,7,0.02734375
2,256,1.65,uniform,8,0.03125
2,256,1.65,uniform,9,0.03515625
2,256,1.65,uniform,10,0.0390625
2,256,1.65,uniform,11,0.04296875
2,256,1.65,uniform,12,0.046875
2,256,1.65,uniform,13,0.05078125
2,256,1.65,uniform,14,0.0546875
2,256,1.65,uniform,15,0.05859375
2,256,1.65,uniform,16,0.0625
2,256,1.65,uniform,17,0.06640625
2,256,1.65,uniform,18,0.0703125
2,256,1.65,uniform,19,0.07421875
2,256,1.65,uniform,20,0.078125
2,256,1.65,uniform,21,0.08203125
2,256,1.65,uniform,22,0.0859375
2,256,1.65,uniform,23,0.08984375
2,256,1.65,uniform,24,0.09375
2,256,1.65,uniform,25,0.09765625
2,256,1.65,uniform,26,0.1015625
2,256,1.65,uniform,27,0.10546875
2,256,1.65,uniform,28,0.109375
2,256,1.65,uniform,29,0.11328125
2,256,1.65,uniform,30,0.1171875
2,256,1.65,uniform,31,0.12109375
2,256,1.65,uniform,32,0.125
2,256,1.65,uniform,33,0.12890625
2,256,1.65,uniform,34,0.1328125
2,256,1.65,uniform,35,0.13671875
2,256,1.65,uniform,36,0.140625
2,256,1.65,uniform,37,0.14453125
2,256,1.65,uniform,38,0.1484375
2,256,1.65,uniform,39,0.15234375
2,256,1.65,uniform,40,0.15625
2,256,1.65,uniform,41,0.16015625
2,256,1.65,uniform,42,0.1640625
2,256,1.65,uniform,43,0.16796875
2,256,1.65,uniform,44,0.171875
2,256,1.65,uniform,45,0.17578125
2,256,1.65,uniform,46,0.1796875
2,256,1.65,uniform,47,0.18359375
2,256,1.65,uniform,48,0.1875
2,256,1.65,uniform,49,0.19140625
2,256,1.65,uniform,50,0.1953125
2,256,1.65,uniform,51,0.19921875
2,256,1.65,uniform,52,0.203125
2,256,1.65,uniform,53,0.20703125
2,256,1.65,uniform,54,0.2109375
2,256,1.65,uniform,55,0.21484375
2,256,1.65,uniform,56,0.21875
2,256,1.65,uniform,57,0.22265625
2,256,1.65,uniform,58,0.2265625
2,256,1.65,uniform,59,0.23046875
2,256,1.65,uniform,60,0.234375
2,256,1.65,uniform,61,0.23828125
2,256,1.65,uniform,62,0.2421875
2,256,1.65,uniform,63,0.24609375
2,256,1.65,uniform,64,0.25
2,256,1.65,uniform,65,0.25390625
2,256,1.65,uniform,66,0.2578125
2,256,1.65,uniform,67,0.26171875
2,256,1.65,uniform,68,0.265625
2,256,1.65,uniform,69,0.26953125
2,256,1.65,uniform,70,0.2734375
2,256,1.65,uniform,71,0.27734375
2,256,1.65,uniform,72,0.28125
2,256,1.65,uniform,73,0.28515625
2,256,1.65,uniform,74,0.2890625
2,256,1.65,uniform,75,0.29296875
2,256,1.65,uniform,76,0.296875
2,256,1.65,uniform,77,0.30078125
2,256,1.65,uniform,78,0.3046875
2,256,1.65,uniform,79,0.30859375
2,256,1.65,uniform,80,0.3125
2,256,1.65,uniform,81,0.31640625
2,256,1.65,uniform,82,0.3203125
2,256,1.65,uniform,83,0.32421875
2,256,1.65,uniform,84,0.328125
2,256,1.65,uniform,85,0.33203125
2,256,1.65,uniform,86,0.3359375
2,256,1.65,uniform,87,0.33984375
2,256,1.65,uniform,88,0.34375
2,256,1.65,uniform,89,0.34765625
2,256,1.65,uniform,90,0.3515625
2,256,1.65,uniform,91,0.35546875
2,256,1.65,uniform,92,0.359375
2,256,1.65,uniform,93,0.36328125
2,256,1.65,uniform,94,0.3671875
2,256,1.65,uniform,95,0.37109375
2,256,1.65,uniform,96,0.375
2,256,1.65,uniform,97,0.37890625
2,256,1.65,uniform,98,0.3828125
2,256,1.65,uniform,99,0.38671875
2,256,1.65,uniform,100,0.390625
2,256,1.65,uniform,101,0.39453125
2,256,1.65,uniform,102,0.3984375
2,256,1.65,uniform,103,0.40234375
2,256,1.65,uniform,104,0.40625
2,256,1.65,uniform,105,0.41015625
2,256,1.65,uniform,106,0.4140625
2,256,1.65,uniform,107,0.41796875
2,256,1.65,uniform,108,0.421875
2,256,1.65,uniform,109,0.42578125
2,256,1.65,uniform,110,0.4296875
2,256,1.65,uniform,111,0.43359375
2,256,1.65,uniform,112,0.4375
2,256,1.65,uniform,113,0.44140625
2,256,1.65,uniform,114,0.4453125
2,256,1.65,uniform,115,0.44921875
2,256,1.65,uniform,116,0.453125
2,256,1.65,uniform,117,0.45703125
2,256,1.65,uniform,118,0.4609375
2,256,1.65,uniform,119,0.46484375
2,256,1.65,uniform,120,0.46875
2,256,1.65,uniform,121,0.47265625
2,256,1.65,uniform,122,0.4765625
2,256,1.65,uniform,123,0.48046875
2,256,1.65,uniform,124,0.484375
2,256,1.65,uniform,125,0.48828125
2,256,1.65,uniform,126,0.4921875
2,256,1.65,uniform,127,0.49609375
2,256,1.65,uniform,128,0.5
2,256,1.65,uniform,129,0.50390625
2,256,1.65,uniform,130,0.5078125
2,256,1.65,uniform,131,0.51171875
2,256,1.65,uniform,132,0.515625
2,256,1.65,uniform,133,0.51953125
2,256,1.65,uniform,134,0.5234375
2,256,1.65,uniform,135,0.52734375
2,256,1.65,uniform,136,0.53125
2,256,1.65,uniform,137,0.53515625
2,256,1.65,uniform,138,0.5390625
2,256,1.65,uniform,139,0.54296875
2,256,1.65,uniform,140,0.546875
2,256,1.65,uniform,141,0.55078125
2,256,1.65,uniform,142,0.5546875
2,256,1.65,uniform,143,0.55859375
2,256,1.65,uniform,144,0.5625
2,256,1.65,uniform,145,0.56640625
2,256,1.65,uniform,146,0.5703125
2,256,1.65,uniform,147,0.57421875
2,256,1.65,uniform,148,0.578125
2,256,1.65,uniform,149,0.58203125
2,256,1.65,uniform,150,0.5859375
2,256,1.65,uniform,151,0.58984375
2,256,1.65,uniform,152,0.59375
2,256,1.65,uniform,153,0.59765625
2,256,1.65,uniform,154,0.6015625
2,256,1.65,uniform,155,0.60546875
2,256,1.65,uniform,156,0.609375
2,256,1.65,uniform,157,0.61328125
2,256,1.65,uniform,158,0.6171875
2,256,1.65,uniform,159,0.62109375
2,256,1.65,uniform,160,0.625
2,256,1.65,uniform,161,0.62890625
2,256,1.65,uniform,162,0.6328125
2,256,1.65,uniform,163,0.63671875
2,256,1.65,uniform,164,0.640625
2,256,1.65,uniform,165,0.64453125
2,256,1.65,uniform,166,0.6484375
2,256,1.65,uniform,167,0.65234375
2,256,1.65,uniform,168,0.65625
2,256,1.65,uniform,169,0.66015625
2,256,1.65,uniform,170,0.6640625
2,256,1.65,uniform,171,0.66796875
2,256,1.65,uniform,172,0.671875
2,256,1.65,uniform,173,0.67578125
2,256,1.65,uniform,174,0.6796875
2,256,1.65,uniform,175,0.68359375
2,256,1.65,uniform,176,0.6875
2,256,1.65,uniform,177,0.69140625
2,256,1.65,uniform,178,0.6953125
2,256,1.65,uniform,179,0.69921875
2,256,1.65,uniform,180,0.703125
2,256,1.65,uniform,181,0.70703125
2,256,1.65,uniform,182,0.7109375
2,256,1.65,uniform,183,0.71484375
2,256,1.65,uniform,184,0.71875
2,256,1.65,uniform,185,0.72265625
2,256,1.65,uniform,186,0.7265625
2,256,1.65,uniform,187,0.73046875
2,256,1.65,uniform,188,0.734375
2,256,1.65,uniform,189,0.73828125
2,256,1.65,uniform,190,0.7421875
2,256,1.65,uniform,191,0.74609375
2,256,1.65,uniform,192,0.75
2,256,1.65,uniform,193,0.75390625
2,256,1.65,uniform,194,0.7578125
2,256,1.65,uniform,195,0.76171875
2,256,1.65,uniform,196,0.765625
2,256,1.65,uniform,197,0.76953125
2,256,1.65,uniform,198,0.7734375
2,256,1.65,uniform,199,0.77734375
2,256,1.65,uniform,200,0.78125
2,256,1.65,uniform,201,0.78515625
2,256,1.65,uniform,202,0.7890625
2,256,1.65,uniform,203,0.79296875
2,256,1.65,uniform,204,0.796875
2,256,1.65,uniform,205,0.80078125
2,256,1.65,uniform,206,0.8046875
2,256,1.65,uniform,207,0.80859375
2,256,1.65,uniform,208,0.8125
2,256,1.65,uniform,209,0.81640625
2,256,1.65,uniform,210,0.8203125
2,256,1.65,uniform,211,0.82421875
2,256,1.65,uniform,212,0.828125
2,256,1.65,uniform,213,0.83203125
2,256,1.65,uniform,214,0.8359375
2,256,1.65,uniform,215,0.83984375
2,256,1.65,uniform,216,0.84375
2,256,1.65,uniform,217,0.84765625
2,256,1.65,uniform,218,0.8515625
2,256,1.65,uniform,219,0.85546875
2,256,1.65,uniform,220,0.859375
2,256,1.65,uniform,221,0.86328125
2,256,1.65,uniform,222,0.8671875
2,256,1.65,uniform,223,0.87109375
2,256,1.65,uniform,224,0.875
2,256,1.65,uniform,225,0.87890625
2,256,1.65,uniform,226,0.8828125
2,256,1.65,uniform,227,0.88671875
2,256,1.65,uniform,228,0.890625
2,256,1.65,uniform,229,0.89453125
2,256,1.65,uniform,230,0.8984375
2,256,1.65,uniform,231,0.90234375
2,256,1.65,uniform,232,0.90625
2,256,1.65,uniform,233,0.91015625
2,256,1.65,uniform,234,0.9140625
2,256,1.65,uniform,235,0.91796875
2,256,1.65,uniform,236,0.921875
2,256,1.65,uniform,237,0.92578125
2,256,1.65,uniform,238,0.9296875
2,256,1.65,uniform,239,0.93359375
2,256,1.65,uniform,240,0.9375
2,256,1.65,uniform,241,0.94140625
2,256,1.65,uniform,242,0.9453125
2,256,1.65,uniform,243,0.94921875
2,256,1.65,uniform,244,0.953125
2,256,1.65,uniform,245,0.95703125
2,256,1.65,uniform,246,0.9609375
2,256,1.65,uniform,247,0.96484375
2,256,1.65,uniform,248,0.96875
2,256,1.65,uniform,249,0.97265625
2,256,1.65,uniform,250,0.9765625
2,256,1.65,uniform,251,0.98046875
2,256,1.65,uniform,252,0.984375
2,256,1.65,uniform,253,0.98828125
2,256,1.65,uniform,254,0.9921875
2,256,1.65,uniform,255,0.99609375
2,256,1.65,uniform,256,1.0
2,256,1.65,positional,0,0.0
2,256,1.65,positional,1,3.5956360475838043e-06
2,256,1.65,positional,2,7.191272095063533e-06
2,256,1.65,positional,3,1.0786908142526963e-05
2,256,1.65,positional,4,1.4382544190041539e-05
2,256,1.65,positional,5,1.7978180237888894e-05
2,256,1.65,positional,6,2.1573816288060026e-05
2,256,1.65,positional,7,2.5169452364349202e-05
2,256,1.65,positional,8,2.87650904683334e-05
2,256,1.65,positional,9,3.2364213678671176e-05
2,256,1.65,positional,10,3.9317922251440665e-05
2,256,1.65,positional,11,0.000103642945525422
2,256,1.65,positional,12,0.0002415569547826057
2,256,1.65,positional,13,0.0004207458245588722
2,256,1.65,positional,14,0.0006288812909101925
2,256,1.65,positional,15,0.0008637029804719942
2,256,1.65,positional,16,0.0011259397463840124
2,256,1.65,positional,17,0.001416943615296474
2,256,1.65,positional,18,0.0017379128649697686
2,256,1.65,positional,19,0.0020896615969893863
2,256,1.65,positional,20,0.002472602045404116
2,256,1.65,positional,21,0.0028868114046265523
2,256,1.65,positional,22,0.0033321239437680405
2,256,1.65,positional,23,0.0038082195955429594
2,256,1.65,positional,24,0.004314696694984708
2,256,1.65,positional,25,0.004851125757684382
2,256,1.65,positional,26,0.005417085827833767
2,256,1.65,positional,27,0.006012186750960686
2,256,1.65,positional,28,0.006636081002669482
2,256,1.65,positional,29,0.007288468267107822
2,256,1.65,positional,30,0.007969095289345796
2,256,1.65,positional,31,0.008677752864672261
2,256,1.65,positional,32,0.009414271271609851
2,256,1.65,positional,33,0.010178515026132363
2,256,1.65,positional,34,0.010970377520880854
2,256,1.65,positional,35,0.011789775892831212
2,256,1.65,positional,36,0.012636646312923435
2,256,1.65,positional,37,0.013510939792052057
2,256,1.65,positional,38,0.014412618534297343
2,256,1.65,positional,39,0.015341652829092693
2,256,1.65,positional,40,0.016298018451146142
2,256,1.65,positional,41,0.017281694524770973
2,256,1.65,positional,42,0.018292661804007706
2,256,1.65,positional,43,0.0193309013189596
2,256,1.65,positional,44,0.020396393340401362
2,256,1.65,positional,45,0.021489116617829557
2,256,1.65,positional,46,0.022609047849975306
2,256,1.65,positional,47,0.023756161350932385
2,256,1.65,positional,48,0.024930428879180924
2,256,1.65,positional,49,0.026131819600738588
2,256,1.65,positional,50,0.027360300161353424
2,256,1.65,positional,51,0.0286158348460194
2,256,1.65,positional,52,0.029898385807132912
2,256,1.65,positional,53,0.03120791334531937
2,256,1.65,positional,54,0.032544376229359774
2,256,1.65,positional,55,0.03390773204375834
2,256,1.65,positional,56,0.03529793755433891
2,256,1.65,positional,57,0.03671494908386501
2,256,1.65,positional,58,0.03815872289107055
2,256,1.65,positional,59,0.03962921554768941
2,256,1.65,positional,60,0.04112638430910437
2,256,1.65,positional,61,0.04265018747511903
2,256,1.65,positional,62,0.044200584738109255
2,256,1.65,positional,63,0.04577753751644999
2,256,1.65,positional,64,0.047381009271653146
2,256,1.65,positional,65,0.04901096580810675
2,256,1.65,positional,66,0.05066737555468559
2,256,1.65,positional,67,0.05235020982782011
2,256,1.65,positional,68,0.05405944307587178
2,256,1.65,positional,69,0.0557950531048778
2,256,1.65,positional,70,0.05755702128590295
2,256,1.65,positional,71,0.05934533274437669
2,256,1.65,positional,72,0.06115997653190587
2,256,1.65,positional,73,0.06300094578114063
2,256,1.65,positional,74,0.06486823784433836
2,256,1.65,positional,75,0.0667618544163202
2,256,1.65,positional,76,0.06868180164255008
2,256,1.65,positional,77,0.07062809021308983
2,256,1.65,positional,78,0.0726007354431972
2,256,1.65,positional,79,0.07459975734133927
2,256,1.65,positional,80,0.07662518066539138
2,256,1.65,positional,81,0.07867703496778564
2,256,1.65,positional,82,0.08075535463036
2,256,1.65,positional,83,0.08286017888964439
2,256,1.65,positional,84,0.08499155185330075
2,256,1.65,positional,85,0.0871495225084131
2,256,1.65,positional,86,0.08933414472229982
2,256,1.65,positional,87,0.0915454772364954
2,256,1.65,positional,88,0.09378358365452195
2,256,1.65,positional,89,0.09604853242404289
2,256,1.65,positional,90,0.09834039681396205
2,256,1.65,positional,91,0.10065925488700156
2,256,1.65,positional,92,0.10300518946826123
2,256,1.65,positional,93,0.10537828811023037
2,256,1.65,positional,94,0.10777864305469155
2,256,1.65,positional,95,0.11020635119192312
2,256,1.65,positional,96,0.1126615140175745
2,256,1.65,positional,97,0.11514423758755553
2,256,1.65,positional,98,0.11765463247124781
2,256,1.65,positional,99,0.1201928137033129
2,256,1.65,positional,100,0.12275890073433914
2,256,1.65,positional,101,0.1253530173805361
2,256,1.65,positional,102,0.12797529177265327
2,256,1.65,positional,103,0.13062585630426732
2,256,1.65,positional,104,0.13330484757955158
2,256,1.65,positional,105,0.13601240636061077
2,256,1.65,positional,106,0.13874867751443426
2,256,1.65,positional,107,0.14151380995949386
2,256,1.65,positional,108,0.14430795661198453
2,256,1.65,positional,109,0.14713127433168158
2,256,1.65,positional,110,0.14998392386736467
2,256,1.65,positional,111,0.15286606980173673
2,256,1.65,positional,112,0.15577788049574667
2,256,1.65,positional,113,0.15871952803220782
2,256,1.65,positional,114,0.16169118815858757
2,256,1.65,positional,115,0.16469304022883308
2,256,1.65,positional,116,0.16772526714408562
2,256,1.65,positional,117,0.17078805529213034
2,256,1.65,positional,118,0.17388159448542195
2,256,1.65,positional,119,0.17700607789752537
2,256,1.65,positional,120,0.18016170199781056
2,256,1.65,positional,121,0.18334866648424372
2,256,1.65,positional,122,0.1865671742141223
2,256,1.65,positional,123,0.18981743113261007
2,256,1.65,positional,124,0.1930996461989385
2,256,1.65,positional,125,0.1964140313101537
2,256,1.65,positional,126,0.19976080122230305
2,256,1.65,positional,127,0.20314017346897265
2,256,1.65,positional,128,0.2065523682771054
2,256,1.65,positional,129,0.2099976084800503
2,256,1.65,positional,130,0.21347611942781414
2,256,1.65,positional,131,0.2169881288945111
2,256,1.65,positional,132,0.2205338669830288
2,256,1.65,positional,133,0.22411356602695323
2,256,1.65,positional,134,0.2277274604898213
2,256,1.65,positional,135,0.23137578686179344
2,256,1.65,positional,136,0.23505878355386464
2,256,1.65,positional,137,0.23877669078975602
2,256,1.65,positional,138,0.2425297504956543
2,256,1.65,positional,139,0.24631820618798847
2,256,1.65,positional,140,0.2501423028594565
2,256,1.65,positional,141,0.2540022868635347
2,256,1.65,positional,142,0.2578984057977241
2,256,1.65,positional,143,0.2618309083858027
2,256,1.65,positional,144,0.26580004435937343
2,256,1.65,positional,145,0.2698060643390084
2,256,1.65,positional,146,0.27384921971530346
2,256,1.65,positional,147,0.27792976253016993
2,256,1.65,positional,148,0.2820479453586946
2,256,1.65,positional,149,0.28620402119190885
2,256,1.65,positional,150,0.2903982433208103
2,256,1.65,positional,151,0.29463086522198145
2,256,1.65,positional,152,0.2989021404451507
2,256,1.65,positional,153,0.3032123225030379
2,256,1.65,positional,154,0.30756166476382246
2,256,1.65,positional,155,0.3119504203465638
2,256,1.65,positional,156,0.3163788420198979
2,256,1.65,positional,157,0.32084718210432117
2,256,1.65,positional,158,0.3253556923783611
2,256,1.65,positional,159,0.3299046239889208
2,256,1.65,positional,160,0.33449422736606715
2,256,1.65,positional,161,0.33912475214251836
2,256,1.65,positional,162,0.3437964470780659
2,256,1.65,positional,163,0.3485095599891511
2,256,1.65,positional,164,0.35326433768379356
2,256,1.65,positional,165,0.3580610259020506
2,256,1.65,positional,166,0.3628998692621652
2,256,1.65,positional,167,0.3677811112125402
2,256,1.65,positional,168,0.3727049939896525
2,256,1.65,positional,169,0.37767175858200325
2,256,1.65,positional,170,0.38268164470017546
2,256,1.65,positional,171,0.3877348907530514
2,256,1.65,positional,172,0.39283173383022013
2,256,1.65,positional,173,0.3979724096905862
2,256,1.65,positional,174,0.4031571527571694
2,256,1.65,positional,175,0.40838619611806726
2,256,1.65,positional,176,0.4136597715335335
2,256,1.65,positional,177,0.4189781094491074
2,256,1.65,positional,178,0.4243414390147117
2,256,1.65,positional,179,0.4297499881096235
2,256,1.65,positional,180,0.4352039833732033
2,256,1.65,positional,181,0.4407036502412579
2,256,1.65,positional,182,0.44624921298789716
2,256,1.65,positional,183,0.45184089477273404
2,256,1.65,positional,184,0.4574789176932657
2,256,1.65,positional,185,0.46316350284226543
2,256,1.65,positional,186,0.46889487037000493
2,256,1.65,positional,187,0.4746732395511203
2,256,1.65,positional,188,0.4804988288559273
2,256,1.65,positional,189,0.4863718560259882
2,256,1.65,positional,190,0.4922925381537248
2,256,1.65,positional,191,0.4982610917658733
2,256,1.65,positional,192,0.504277732910569
2,256,1.65,positional,193,0.5103426772478515
2,256,1.65,positional,194,0.516456140143379
2,256,1.65,positional,195,0.5226183367651371
2,256,1.65,positional,196,0.5288294821829351
2,256,1.65,positional,197,0.5350897914704761
2,256,1.65,positional,198,0.5413994798097966
2,256,1.65,positional,199,0.547758762597869
2,256,1.65,positional,200,0.5541678555551652
2,256,1.65,positional,201,0.5606269748359847
2,256,1.65,positional,202,0.5671363371403517
2,256,1.65,positional,203,0.5736961598272943
2,256,1.65,positional,204,0.5803066610293182
2,256,1.65,positional,205,0.5869680597678995
2,256,1.65,positional,206,0.5936805760698199
2,256,1.65,positional,207,0.6004444310841778
2,256,1.65,positional,208,0.6072598471999131
2,256,1.65,positional,209,0.6141270481636889
2,256,1.65,positional,210,0.6210462591979811
2,256,1.65,positional,211,0.6280177071192302
2,256,1.65,positional,212,0.6350416204559197
2,256,1.65,positional,213,0.6421182295664476
2,256,1.65,positional,214,0.6492477667566662
2,256,1.65,positional,215,0.656430466396972
2,256,1.65,positional,216,0.6636665650388303
2,256,1.65,positional,217,0.6709563015306276
2,256,1.65,positional,218,0.6782999171327525
2,256,1.65,positional,219,0.6856976556318057
2,256,1.65,positional,220,0.6931497634538509
2,256,1.65,positional,221,0.7006564897766207
2,256,1.65,positional,222,0.7082180866405983
2,256,1.65,positional,223,0.7158348090588995
2,256,1.65,positional,224,0.7235069151258857
2,256,1.65,positional,225,0.7312346661244417
2,256,1.65,positional,226,0.739018326631858
2,256,1.65,positional,227,0.7468581646242609
2,256,1.65,positional,228,0.7547544515795375
2,256,1.65,positional,229,0.7627074625787067
2,256,1.65,positional,230,0.7707174764056912
2,256,1.65,positional,231,0.7787847756454481
2,256,1.65,positional,232,0.7869096467804202
2,256,1.65,positional,233,0.7950923802852721
2,256,1.65,positional,234,0.8033332707198771
2,256,1.65,positional,235,0.8116326168205263
2,256,1.65,positional,236,0.8199907215893304
2,256,1.65,positional,237,0.8284078923817897
2,256,1.65,positional,238,0.8368844409925074
2,256,1.65,positional,239,0.8454206837390251
2,256,1.65,positional,240,0.8540169415437601
2,256,1.65,positional,241,0.8626735400140243
2,256,1.65,positional,242,0.87139080952011
2,256,1.65,positional,243,0.880169085271424
2,256,1.65,positional,244,0.8890087073906544
2,256,1.65,positional,245,0.897910020985958
2,256,1.65,positional,246,0.906873376221152
2,256,1.65,positional,247,0.9158991283838991
2,256,1.65,positional,248,0.9249876379518701
2,256,1.65,positional,249,0.9341392706568764
2,256,1.65,positional,250,0.943354397546955
2,256,1.65,positional,251,0.9526333950463989
2,256,1.65,positional,252,0.9619766450137163
2,256,1.65,positional,253,0.9713845347975113
2,256,1.65,positional,254,0.9808574572902699
2,256,1.65,positional,255,0.990395810980041
2,256,1.65,positional,256,1.0
2,256,1.75,uniform,0,0.0
2,256,1.75,uniform,1,0.00390625
2,256,1.75,uniform,2,0.0078125
2,256,1.75,uniform,3,0.01171875
2,256,1.75,uniform,4,0.015625
2,256,1.75,uniform,5,0.01953125
2,256,1.75,uniform,6,0.0234375
2,256,1.75,uniform,7,0.02734375
2,256,1.75,uniform,8,0.03125
2,256,1.75,uniform,9,0.03515625
2,256,1.75,uniform,10,0.0390625
2,256,1.75,uniform,11,0.04296875
2,256,1.75,uniform,12,0.046875
2,256,1.75,uniform,13,0.05078125
2,256,1.75,uniform,14,0.0546875
2,256,1.75,uniform,15,0.05859375
2,256,1.75,uniform,16,0.0625
2,256,1.75,uniform,17,0.06640625
2,256,1.75,uniform,18,0.0703125
2,256,1.75,uniform,19,0.07421875
2,256,1.75,uniform,20,0.078125
2,256,1.75,uniform,21,0.08203125
2,256,1.75,uniform,22,0.0859375
2,256,1.75,uniform,23,0.08984375
2,256,1.75,uniform,24,0.09375
2,256,1.75,uniform,25,0.09765625
2,256,1.75,uniform,26,0.1015625
2,256,1.75,uniform,27,0.10546875
2,256,1.75,uniform,28,0.109375
2,256,1.75,uniform,29,0.11328125
2,256,1.75,uniform,30,0.1171875
2,256,1.75,uniform,31,0.12109375
2,256,1.75,uniform,32,0.125
2,256,1.75,uniform,33,0.12890625
2,256,1.75,uniform,34,0.1328125
2,256,1.75,uniform,35,0.13671875
2,256,1.75,uniform,36,0.140625
2,256,1.75,uniform,37,0.14453125
2,256,1.75,uniform,38,0.1484375
2,256,1.75,uniform,39,0.15234375
2,256,1.75,uniform,40,0.15625
2,256,1.75,uniform,41,0.16015625
2,256,1.75,uniform,42,0.1640625
2,256,1.75,uniform,43,0.16796875
2,256,1.75,uniform,44,0.171875
2,256,1.75,uniform,45,0.17578125
2,256,1.75,uniform,46,0.1796875
2,256,1.75,uniform,47,0.18359375
2,256,1.75,uniform,48,0.1875
2,256,1.75,uniform,49,0.19140625
2,256,1.75,uniform,50,0.1953125
2,256,1.75,uniform,51,0.19921875
2,256,1.75,uniform,52,0.203125
2,256,1.75,uniform,53,0.20703125
2,256,1.75,uniform,54,0.2109375
2,256,1.75,uniform,55,0.21484375
2,256,1.75,uniform,56,0.21875
2,256,1.75,uniform,57,0.22265625
2,256,1.75,uniform,58,0.2265625
2,256,1.75,uniform,59,0.23046875
2,256,1.75,uniform,60,0.234375
2,256,1.75,uniform,61,0.23828125
2,256,1.75,uniform,62,0.2421875
2,256,1.75,uniform,63,0.24609375
2,256,1.75,uniform,64,0.25
2,256,1.75,uniform,65,0.25390625
2,256,1.75,uniform,66,0.2578125
2,256,1.75,uniform,67,0.26171875
2,256,1.75,uniform,68,0.265625
2,256,1.75,uniform,69,0.26953125
2,256,1.75,uniform,70,0.2734375
2,256,1.75,uniform,71,0.27734375
2,256,1.75,uniform,72,0.28125
2,256,1.75,uniform,73,0.28515625
2,256,1.75,uniform,74,0.2890625
2,256,1.75,uniform,75,0.29296875
2,256,1.75,uniform,76,0.296875
2,256,1.75,uniform,77,0.30078125
2,256,1.75,uniform,78,0.3046875
2,256,1.75,uniform,79,0.30859375
2,256,1.75,uniform,80,0.3125
2,256,1.75,uniform,81,0.31640625
2,256,1.75,uniform,82,0.3203125
2,256,1.75,uniform,83,0.32421875
2,256,1.75,uniform,84,0.328125
2,256,1.75,uniform,85,0.33203125
2,256,1.75,uniform,86,0.3359375
2,256,1.75,uniform,87,0.33984375
2,256,1.75,uniform,88,0.34375
2,256,1.75,uniform,89,0.34765625
2,256,1.75,uniform,90,0.3515625
2,256,1.75,uniform,91,0.35546875
2,256,1.75,uniform,92,0.359375
2,256,1.75,uniform,93,0.36328125
2,256,1.75,uniform,94,0.3671875
2,256,1.75,uniform,95,0.37109375
2,256,1.75,uniform,96,0.375
2,256,1.75,uniform,97,0.37890625
2,256,1.75,uniform,98,0.3828125
2,256,1.75,uniform,99,0.38671875
2,256,1.75,uniform,100,0.390625
2,256,1.75,uniform,101,0.39453125
2,256,1.75,uniform,102,0.3984375
2,256,1.75,uniform,103,0.40234375
2,256,1.75,uniform,104,0.40625
2,256,1.75,uniform,105,0.41015625
2,256,1.75,uniform,106,0.4140625
2,256,1.75,uniform,107,0.41796875
2,256,1.75,uniform,108,0.421875
2,256,1.75,uniform,109,0.42578125
2,256,1.75,uniform,110,0.4296875
2,256,1.75,uniform,111,0.43359375
2,256,1.75,uniform,112,0.4375
2,256,1.75,uniform,113,0.44140625
2,256,1.75,uniform,114,0.4453125
2,256,1.75,uniform,115,0.44921875
2,256,1.75,uniform,116,0.453125
2,256,1.75,uniform,117,0.45703125
2,256,1.75,uniform,118,0.4609375
2,256,1.75,uniform,119,0.46484375
2,256,1.75,uniform,120,0.46875
2,256,1.75,uniform,121,0.47265625
2,256,1.75,uniform,122,0.4765625
2,256,1.75,uniform,123,0.48046875
2,256,1.75,uniform,124,0.484375
2,256,1.75,uniform,125,0.48828125
2,256,1.75,uniform,126,0.4921875
2,256,1.75,uniform,127,0.49609375
2,256,1.75,uniform,128,0.5
2,256,1.75,uniform,129,0.50390625
2,256,1.75,uniform,130,0.5078125
2,256,1.75,uniform,131,0.51171875
2,256,1.75,uniform,132,0.515625
2,256,1.75,uniform,133,0.51953125
2,256,1.75,uniform,134,0.5234375
2,256,1.75,uniform,135,0.52734375
2,256,1.75,uniform,136,0.53125
2,256,1.75,uniform,137,0.53515625
2,256,1.75,uniform,138,0.5390625
2,256,1.75,uniform,139,0.54296875
2,256,1.75,uniform,140,0.546875
2,256,1.75,uniform,141,0.55078125
2,256,1.75,uniform,142,0.5546875
2,256,1.75,uniform,143,0.55859375
2,256,1.75,uniform,144,0.5625
2,256,1.75,uniform,145,0.56640625
2,256,1.75,uniform,146,0.5703125
2,256,1.75,uniform,147,0.57421875
2,256,1.75,uniform,148,0.578125
2,256,1.75,uniform,149,0.58203125
2,256,1.75,uniform,150,0.5859375
2,256,1.75,uniform,151,0.58984375
2,256,1.75,uniform,152,0.59375
2,256,1.75,uniform,153,0.59765625
2,256,1.75,uniform,154,0.6015625
2,256,1.75,uniform,155,0.60546875
2,256,1.75,uniform,156,0.609375
2,256,1.75,uniform,157,0.61328125
2,256,1.75,uniform,158,0.6171875
2,256,1.75,uniform,159,0.62109375
2,256,1.75,uniform,160,0.625
2,256,1.75,uniform,161,0.62890625
2,256,1.75,uniform,162,0.6328125
2,256,1.75,uniform,163,0.63671875
2,256,1.75,uniform,164,0.640625
2,256,1.75,uniform,165,0.64453125
2,256,1.75,uniform,166,0.6484375
2,256,1.75,uniform,167,0.65234375
2,256,1.75,uniform,168,0.65625
2,256,1.75,uniform,169,0.66015625
2,256,1.75,uniform,170,0.6640625
2,256,1.75,uniform,171,0.66796875
2,256,1.75,uniform,172,0.671875
2,256,1.75,uniform,173,0.67578125
2,256,1.75,uniform,174,0.6796875
2,256,1.75,uniform,175,0.68359375
2,256,1.75,uniform,176,0.6875
2,256,1.75,uniform,177,0.69140625
2,256,1.75,uniform,178,0.6953125
2,256,1.75,uniform,179,0.69921875
2,256,1.75,uniform,180,0.703125
2,256,1.75,uniform,181,0.70703125
2,256,1.75,uniform,182,0.7109375
2,256,1.75,uniform,183,0.71484375
2,256,1.75,uniform,184,0.71875
2,256,1.75,uniform,185,0.72265625
2,256,1.75,uniform,186,0.7265625
2,256,1.75,uniform,187,0.73046875
2,256,1.75,uniform,188,0.734375
2,256,1.75,uniform,189,0.73828125
2,256,1.75,uniform,190,0.7421875
2,256,1.75,uniform,191,0.74609375
2,256,1.75,uniform,192,0.75
2,256,1.75,uniform,193,0.75390625
2,256,1.75,uniform,194,0.7578125
2,256,1.75,uniform,195,0.76171875
2,256,1.75,uniform,196,0.765625
2,256,1.75,uniform,197,0.76953125
2,256,1.75,uniform,198,0.7734375
2,256,1.75,uniform,199,0.77734375
2,256,1.75,uniform,200,0.78125
2,256,1.75,uniform,201,0.78515625
2,256,1.75,uniform,202,0.7890625
2,256,1.75,uniform,203,0.79296875
2,256,1.75,uniform,204,0.796875
2,256,1.75,uniform,205,0.80078125
2,256,1.75,uniform,206,0.8046875
2,256,1.75,uniform,207,0.80859375
2,256,1.75,uniform,208,0.8125
2,256,1.75,uniform,209,0.81640625
2,256,1.75,uniform,210,0.8203125
2,256,1.75,uniform,211,0.82421875
2,256,1.75,uniform,212,0.828125
2,256,1.75,uniform,213,0.83203125
2,256,1.75,uniform,214,0.8359375
2,256,1.75,uniform,215,0.83984375
2,256,1.75,uniform,216,0.84375
2,256,1.75,uniform,217,0.84765625
2,256,1.75,uniform,218,0.8515625
2,256,1.75,uniform,219,0.85546875
2,256,1.75,uniform,220,0.859375
2,256,1.75,uniform,221,0.86328125
2,256,1.75,uniform,222,0.8671875
2,256,1.75,uniform,223,0.87109375
2,256,1.75,uniform,224,0.875
2,256,1.75,uniform,225,0.87890625
2,256,1.75,uniform,226,0.8828125
2,256,1.75,uniform,227,0.88671875
2,256,1.75,uniform,228,0.890625
2,256,1.75,uniform,229,0.89453125
2,256,1.75,uniform,230,0.8984375
2,256,1.75,uniform,231,0.90234375
2,256,1.75,uniform,232,0.90625
2,256,1.75,uniform,233,0.91015625
2,256,1.75,uniform,234,0.9140625
2,256,1.75,uniform,235,0.91796875
2,256,1.75,uniform,236,0.921875
2,256,1.75,uniform,237,0.92578125
2,256,1.75,uniform,238,0.9296875
2,256,1.75,uniform,239,0.93359375
2,256,1.75,uniform,240,0.9375
2,256,1.75,uniform,241,0.94140625
2,256,1.75,uniform,242,0.9453125
2,256,1.75,uniform,243,0.94921875
2,256,1.75,uniform,244,0.953125
2,256,1.75,uniform,245,0.95703125
2,256,1.75,uniform,246,0.9609375
2,256,1.75,uniform,247,0.96484375
2,256,1.75,uniform,248,0.96875
2,256,1.75,uniform,249,0.97265625
2,256,1.75,uniform,250,0.9765625
2,256,1.75,uniform,251,0.98046875
2,256,1.75,uniform,252,0.984375
2,256,1.75,uniform,253,0.98828125
2,256,1.75,uniform,254,0.9921875
2,256,1.75,uniform,255,0.99609375
2,256,1.75,uniform,256,1.0
2,256,1.75,positional,0,0.0
2,256,1.75,positional,1,5.23134561471027e-06
2,256,1.75,positional,2,1.046269122935312e-05
2,256,1.75,positional,3,1.5694036844045155e-05
2,256,1.75,positional,4,2.0925382459275798e-05
2,256,1.75,positional,5,2.6156728080575842e-05
2,256,1.75,positional,6,3.1388073911669406e-05
2,256,1.75,positional,7,3.6619644841329744e-05
2,256,1.75,positional,8,4.332620486708148e-05
2,256,1.75,positional,9,0.00012173472570936109
2,256,1.75,positional,10,0.0002913736679684414
2,256,1.75,positional,11,0.000503336278830188
2,256,1.75,positional,12,0.0007466071758910124
2,256,1.75,positional,13,0.0010215312572344976
2,256,1.75,positional,14,0.0013307028723246136
2,256,1.75,positional,15,0.0016766728194035573
2,256,1.75,positional,16,0.002061309382934787
2,256,1.75,positional,17,0.002485684996313151
2,256,1.75,positional,18,0.0029501731748065195
2,256,1.75,positional,19,0.0034546218148989037
2,256,1.75,positional,20,0.003998532449514053
2,256,1.75,positional,21,0.004581211607700565
2,256,1.75,positional,22,0.00520188355107455
2,256,1.75,positional,23,0.005859766282553168
2,256,1.75,positional,24,0.006554117930075966
2,256,1.75,positional,25,0.0072842615347003935
2,256,1.75,positional,26,0.008049595244637532
2,256,1.75,positional,27,0.008849593300620268
2,256,1.75,positional,28,0.009683801645513686
2,256,1.75,positional,29,0.010551830736568362
2,256,1.75,positional,30,0.011453347213399346
2,256,1.75,positional,31,0.012388065430467908
2,256,1.75,positional,32,0.013355739432399998
2,256,1.75,positional,33,0.014356155672526379
2,256,1.75,positional,34,0.015389126601331517
2,256,1.75,positional,35,0.016454485146951973
2,256,1.75,positional,36,0.017552080050089285
2,256,1.75,positional,37,0.018681771984274412
2,256,1.75,positional,38,0.01984343037851794
2,256,1.75,positional,39,0.021036930855992952
2,256,1.75,positional,40,0.022262153205054834
2,256,1.75,positional,41,0.023518979804797845
2,256,1.75,positional,42,0.024807294434750583
2,256,1.75,positional,43,0.026126981406181728
2,256,1.75,positional,44,0.02747792496021866
2,256,1.75,positional,45,0.028860008885244533
2,256,1.75,positional,46,0.030273116312672876
2,256,1.75,positional,47,0.03171712965614294
2,256,1.75,positional,48,0.033191930664434884
2,256,1.75,positional,49,0.03469740056300529
2,256,1.75,positional,50,0.036233420263041806
2,256,1.75,positional,51,0.037799870620389434
2,256,1.75,positional,52,0.039396632729669756
2,256,1.75,positional,53,0.04102358824145519
2,256,1.75,positional,54,0.04268061969252777
2,256,1.75,positional,55,0.044367610841093634
2,256,1.75,positional,56,0.04608444700038471
2,256,1.75,positional,57,0.047831015365396676
2,256,1.75,positional,58,0.04960720532862121
2,256,1.75,positional,59,0.051412908781560865
2,256,1.75,positional,60,0.05324802039959251
2,256,1.75,positional,61,0.05511243790839276
2,256,1.75,positional,62,0.05700606233067569
2,256,1.75,positional,63,0.05892879821243669
2,256,1.75,positional,64,0.06088055382825983
2,256,1.75,positional,65,0.06286124136554377
2,256,1.75,positional,66,0.06487077708774205
2,256,1.75,positional,67,0.06690908147690762
2,256,1.75,positional,68,0.06897607935598624
2,256,1.75,positional,69,0.07107169999142542
2,256,1.75,positional,70,0.07319587717676015
2,256,1.75,positional,71,0.07534854929790955
2,256,1.75,positional,72,0.0775296593809719
2,256,1.75,positional,73,0.07973915512334526
2,256,1.75,positional,74,0.08197698890902685
2,256,1.75,positional,75,0.08424311780896106
2,256,1.75,positional,76,0.08653750356731463
2,256,1.75,positional,77,0.08886011257455964
2,256,1.75,positional,78,0.09121091582824144
2,256,1.75,positional,79,0.09358988888230144
2,256,1.75,positional,80,0.09599701178581405
2,256,1.75,positional,81,0.09843226901198335
2,256,1.75,positional,82,0.10089564937822977
2,256,1.75,positional,83,0.10338714595817937
2,256,1.75,positional,84,0.1059067559863492
2,256,1.75,positional,85,0.1084544807563027
2,256,1.75,positional,86,0.1110303255130265
2,256,1.75,positional,87,0.11363429934025847
2,256,1.75,positional,88,0.1162664150434729
2,256,1.75,positional,89,0.118926689029204
2,256,1.75,positional,90,0.12161514118136374
2,256,1.75,positional,91,0.12433179473518333
2,256,1.75,positional,92,0.1270766761493804
2,256,1.75,positional,93,0.12984981497712533
2,256,1.75,positional,94,0.1326512437363507
2,256,1.75,positional,95,0.13548099777991812
2,256,1.75,positional,96,0.1383391151661248
2,256,1.75,positional,97,0.14122563653000073
2,256,1.75,positional,98,0.1441406049558144
2,256,1.75,positional,99,0.14708406585117154
2,256,1.75,positional,100,0.15005606682305753
2,256,1.75,positional,101,0.15305665755613992
2,256,1.75,positional,102,0.15608588969361226
2,256,1.75,positional,103,0.1591438167208265
2,256,1.75,positional,104,0.16223049385192628
2,256,1.75,positional,105,0.16534597791965883
2,256,1.75,positional,106,0.16849032726850965
2,256,1.75,positional,107,0.17166360165127098
2,256,1.75,positional,108,0.17486586212912225
2,256,1.75,positional,109,0.17809717097527045
2,256,1.75,positional,110,0.18135759158216716
2,256,1.75,positional,111,0.18464718837229188
2,256,1.75,positional,112,0.1879660267124637
2,256,1.75,positional,113,0.19131417283161878
2,256,1.75,positional,114,0.19469169374196835
2,256,1.75,positional,115,0.1980986571634312
2,256,1.75,positional,116,0.2015351314512163
2,256,1.75,positional,117,0.20500118552641486
2,256,1.75,positional,118,0.2084968888094485
2,256,1.75,positional,119,0.21202231115620773
2,256,1.75,positional,120,0.21557752279670797
2,256,1.75,positional,121,0.21916259427608342
2,256,1.75,positional,122,0.22277759639773562
2,256,1.75,positional,123,0.22642260016845314
2,256,1.75,positional,124,0.23009767674531945
2,256,1.75,positional,125,0.23380289738423018
2,256,1.75,positional,126,0.23753833338984637
2,256,1.75,positional,127,0.24130405606681804
2,256,1.75,positional,128,0.24510013667212244
2,256,1.75,positional,129,0.2489266463683718
2,256,1.75,positional,130,0.25278365617795884
2,256,1.75,positional,131,0.2566712369379216
2,256,1.75,positional,132,0.2605894592554248
2,256,1.75,positional,133,0.26453839346377017
2,256,1.75,positional,134,0.26851810957886507
2,256,1.75,positional,135,0.2725286772560957
2,256,1.75,positional,136,0.27657016574756776
2,256,1.75,positional,137,0.2806426438596951
2,256,1.75,positional,138,0.2847461799111337
2,256,1.75,positional,139,0.28888084169107436
2,256,1.75,positional,140,0.29304669641792436
2,256,1.75,positional,141,0.2972438106984222
2,256,1.75,positional,142,0.30147225048724596
2,256,1.75,positional,143,0.30573208104718685
2,256,1.75,positional,144,0.31002336690997356
2,256,1.75,positional,145,0.31434617183784314
2,256,1.75,positional,146,0.31870055878596454
2,256,1.75,positional,147,0.32308658986582894
2,256,1.75,positional,148,0.3275043263097276
2,256,1.75,positional,149,0.33195382843644505
2,256,1.75,positional,150,0.3364351556182981
2,256,1.75,positional,151,0.3409483662496543
2,256,1.75,positional,152,0.3454935177170657
2,256,1.75,positional,153,0.3500706663711528
2,256,1.75,positional,154,0.3546798675003724
2,256,1.75,positional,155,0.35932117530680086
2,256,1.75,positional,156,0.36399464288406086
2,256,1.75,positional,157,0.36870032219751364
2,256,1.75,positional,158,0.37343826406683406
2,256,1.75,positional,159,0.37820851815107825
2,256,1.75,positional,160,0.38301113293634714
2,256,1.75,positional,161,0.38784615572613895
2,256,1.75,positional,162,0.3927136326344761
2,256,1.75,positional,163,0.39761360858188266
2,256,1.75,positional,164,0.40254612729427725
2,256,1.75,positional,165,0.4075112313048371
2,256,1.75,positional,166,0.41250896195887843
2,256,1.75,positional,167,0.4175393594217871
2,256,1.75,positional,168,0.4226024626900231
2,256,1.75,positional,169,0.42769830960521177
2,256,1.75,positional,170,0.43282693687132523
2,256,1.75,positional,171,0.43798838007494484
2,256,1.75,positional,172,0.4431826737085878
2,256,1.75,positional,173,0.4484098511970702
2,256,1.75,positional,174,0.4536699449268696
2,256,1.75,positional,175,0.4589629862784416
2,256,1.75,positional,176,0.4642890056614369
2,256,1.75,positional,177,0.46964803255275567
2,256,1.75,positional,178,0.4750400955373717
2,256,1.75,positional,179,0.4804652223518492
2,256,1.75,positional,180,0.4859234399304705
2,256,1.75,positional,181,0.4914147744538878
2,256,1.75,positional,182,0.4969392514002049
2,256,1.75,positional,183,0.5024968955983931
2,256,1.75,positional,184,0.5080877312839407
2,256,1.75,positional,185,0.5137117821566316
2,256,1.75,positional,186,0.5193690714403469
2,256,1.75,positional,187,0.5250596219447813
2,256,1.75,positional,188,0.5307834561289642
2,256,1.75,positional,189,0.536540596166475
2,256,1.75,positional,190,0.5423310640122417
2,256,1.75,positional,191,0.5481548814708104
2,256,1.75,positional,192,0.5540120702659765
2,256,1.75,positional,193,0.5599026521116678
2,256,1.75,positional,194,0.5658266487839699
2,256,1.75,positional,195,0.5717840821941887
2,256,1.75,positional,196,0.5777749744628448
2,256,1.75,positional,197,0.5837993479944963
2,256,1.75,positional,198,0.5898572255532932
2,256,1.75,positional,199,0.5959486303391633
2,256,1.75,positional,200,0.6020735860645378
2,256,1.75,positional,201,0.608232117031525
2,256,1.75,positional,202,0.6144242482094466
2,256,1.75,positional,203,0.6206500053126499
2,256,1.75,positional,204,0.6269094148785197
2,256,1.75,positional,205,0.633202504345611
2,256,1.75,positional,206,0.6395293021318306
2,256,1.75,positional,207,0.6458898377126006
2,256,1.75,positional,208,0.6522841416989364
2,256,1.75,positional,209,0.6587122459153817
2,256,1.75,positional,210,0.6651741834777399
2,256,1.75,positional,211,0.6716699888705524
2,256,1.75,positional,212,0.6781996980242715
2,256,1.75,positional,213,0.6847633483920841
2,256,1.75,positional,214,0.691360979026344
2,256,1.75,positional,215,0.6979926306545737
2,256,1.75,positional,216,0.7046583457550015
2,256,1.75,positional,217,0.7113581686316031
2,256,1.75,positional,218,0.7180921454886169
2,256,1.75,positional,219,0.7248603245045127
2,256,1.75,positional,220,0.731662755905387
2,256,1.75,positional,221,0.7384994920377691
2,256,1.75,positional,222,0.7453705874408214
2,256,1.75,positional,223,0.7522760989179198
2,256,1.75,positional,224,0.7592160856076041
2,256,1.75,positional,225,0.7661906090538902
2,256,1.75,positional,226,0.7731997332759376
2,256,1.75,positional,227,0.7802435248370692
2,256,1.75,positional,228,0.7873220529131415
2,256,1.75,positional,229,0.7944353893602658
2,256,1.75,positional,230,0.8015836087818817
2,256,1.75,positional,231,0.8087667885951887
2,256,1.75,positional,232,0.8159850090969392
2,256,1.75,positional,233,0.8232383535286023
2,256,1.75,positional,234,0.8305269081409056
2,256,1.75,positional,235,0.8378507622577638
2,256,1.75,positional,236,0.8452100083396082
2,256,1.75,positional,237,0.852604742046126
2,256,1.75,positional,238,0.8600350622984233
2,256,1.75,positional,239,0.8675010713406274
2,256,1.75,positional,240,0.8750028748009403
2,256,1.75,positional,241,0.8825405817521615
2,256,1.75,positional,242,0.8901143047716946
2,256,1.75,positional,243,0.8977241600010542
2,256,1.75,positional,244,0.9053702672048914
2,256,1.75,positional,245,0.9130527498295549
2,256,1.75,positional,246,0.9207717350612045
2,256,1.75,positional,247,0.9285273538834967
2,256,1.75,positional,248,0.9363197411348599
2,256,1.75,positional,249,0.9441490355653782
2,256,1.75,positional,250,0.9520153798933007
2,256,1.75,positional,251,0.9599189208611975
2,256,1.75,positional,252,0.9678598092917794
2,256,1.75,positional,253,0.9758382001434005
2,256,1.75,positional,254,0.9838542525652604
2,256,1.75,positional,255,0.9919081299523278
2,256,1.75,positional,256,1.0
2,256,1.85,uniform,0,0.0
2,256,1.85,uniform,1,0.00390625
2,256,1.85,uniform,2,0.0078125
2,256,1.85,uniform,3,0.01171875
2,256,1.85,uniform,4,0.015625
2,256,1.85,uniform,5,0.01953125
2,256,1.85,uniform,6,0.0234375
2,256,1.85,uniform,7,0.02734375
2,256,1.85,uniform,8,0.03125
2,256,1.85,uniform,9,0.03515625
2,256,1.85,uniform,10,0.0390625
2,256,1.85,uniform,11,0.04296875
2,256,1.85,uniform,12,0.046875
2,256,1.85,uniform,13,0.05078125
2,256,1.85,uniform,14,0.0546875
2,256,1.85,uniform,15,0.05859375
2,256,1.85,uniform,16,0.0625
2,256,1.85,uniform,17,0.06640625
2,256,1.85,uniform,18,0.0703125
2,256,1.85,uniform,19,0.07421875
2,256,1.85,uniform,20,0.078125
2,256,1.85,uniform,21,0.08203125
2,256,1.85,uniform,22,0.0859375
2,256,1.85,uniform,23,0.08984375
2,256,1.85,uniform,24,0.09375
2,256,1.85,uniform,25,0.09765625
2,256,1.85,uniform,26,0.1015625
2,256,1.85,uniform,27,0.10546875
2,256,1.85,uniform,28,0.109375
2,256,1.85,uniform,29,0.11328125
2,256,1.85,uniform,30,0.1171875
2,256,1.85,uniform,31,0.12109375
2,256,1.85,uniform,32,0.125
2,256,1.85,uniform,33,0.12890625
2,256,1.85,uniform,34,0.1328125
2,256,1.85,uniform,35,0.13671875
2,256,1.85,uniform,36,0.140625
2,256,1.85,uniform,37,0.14453125
2,256,1.85,uniform,38,0.1484375
2,256,1.85,uniform,39,0.15234375
2,256,1.85,uniform,40,0.15625
2,256,1.85,uniform,41,0.16015625
2,256,1.85,uniform,42,0.1640625
2,256,1.85,uniform,43,0.16796875
2,256,1.85,uniform,44,0.171875
2,256,1.85,uniform,45,0.17578125
2,256,1.85,uniform,46,0.1796875
2,256,1.85,uniform,47,0.18359375
2,256,1.85,uniform,48,0.1875
2,256,1.85,uniform,49,0.19140625
2,256,1.85,uniform,50,0.1953125
2,256,1.85,uniform,51,0.19921875
2,256,1.85,uniform,52,0.203125
2,256,1.85,uniform,53,0.20703125
2,256,1.85,uniform,54,0.2109375
2,256,1.85,uniform,55,0.21484375
2,256,1.85,uniform,56,0.21875
2,256,1.85,uniform,57,0.22265625
2,256,1.85,uniform,58,0.2265625
2,256,1.85,uniform,59,0.23046875
2,256,1.85,uniform,60,0.234375
2,256,1.85,uniform,61,0.23828125
2,256,1.85,uniform,62,0.2421875
2,256,1.85,uniform,63,0.24609375
2,256,1.85,uniform,64,0.25
2,256,1.85,uniform,65,0.25390625
2,256,1.85,uniform,66,0.2578125
2,256,1.85,uniform,67,0.26171875
2,256,1.85,uniform,68,0.265625
2,256,1.85,uniform,69,0.26953125
2,256,1.85,uniform,70,0.2734375
2,256,1.85,uniform,71,0.27734375
2,256,1.85,uniform,72,0.28125
2,256,1.85,uniform,73,0.28515625
2,256,1.85,uniform,74,0.2890625
2,256,1.85,uniform,75,0.29296875
2,256,1.85,uniform,76,0.296875
2,256,1.85,uniform,77,0.30078125
2,256,1.85,uniform,78,0.3046875
2,256,1.85,uniform,79,0.30859375
2,256,1.85,uniform,80,0.3125
2,256,1.85,uniform,81,0.31640625
2,256,1.85,uniform,82,0.3203125
2,256,1.85,uniform,83,0.32421875
2,256,1.85,uniform,84,0.328125
2,256,1.85,uniform,85,0.33203125
2,256,1.85,uniform,86,0.3359375
2,256,1.85,uniform,87,0.33984375
2,256,1.85,uniform,88,0.34375
2,256,1.85,uniform,89,0.34765625
2,256,1.85,uniform,90,0.3515625
2,256,1.85,uniform,91,0.35546875
2,256,1.85,uniform,92,0.359375
2,256,1.85,uniform,93,0.36328125
2,256,1.85,uniform,94,0.3671875
2,256,1.85,uniform,95,0.37109375
2,256,1.85,uniform,96,0.375
2,256,1.85,uniform,97,0.37890625
2,256,1.85,uniform,98,0.3828125
2,256,1.85,uniform,99,0.38671875
2,256,1.85,uniform,100,0.390625
2,256,1.85,uniform,101,0.39453125
2,256,1.85,uniform,102,0.3984375
2,256,1.85,uniform,103,0.40234375
2,256,1.85,uniform,104,0.40625
2,256,1.85,uniform,105,0.41015625
2,256,1.85,uniform,106,0.4140625
2,256,1.85,uniform,107,0.41796875
2,256,1.85,uniform,108,0.421875
2,256,1.85,uniform,109,0.42578125
2,256,1.85,uniform,110,0.4296875
2,256,1.85,uniform,111,0.43359375
2,256,1.85,uniform,112,0.4375
2,256,1.85,uniform,113,0.44140625
2,256,1.85,uniform,114,0.4453125
2,256,1.85,uniform,115,0.44921875
2,256,1.85,uniform,116,0.453125
2,256,1.85,uniform,117,0.45703125
2,256,1.85,uniform,118,0.4609375
2,256,1.85,uniform,119,0.46484375
2,256,1.85,uniform,120,0.46875
2,256,1.85,uniform,121,0.47265625
2,256,1.85,uniform,122,0.4765625
2,256,1.85,uniform,123,0.48046875
2,256,1.85,uniform,124,0.484375
2,256,1.85,uniform,125,0.48828125
2,256,1.85,uniform,126,0.4921875
2,256,1.85,uniform,127,0.49609375
2,256,1.85,uniform,128,0.5
2,256,1.85,uniform,129,0.50390625
2,256,1.85,uniform,130,0.5078125
2,256,1.85,uniform,131,0.51171875
2,256,1.85,uniform,132,0.515625
2,256,1.85,uniform,133,0.51953125
2,256,1.85,uniform,134,0.5234375
2,256,1.85,uniform,135,0.52734375
2,256,1.85,uniform,136,0.53125
2,256,1.85,uniform,137,0.53515625
2,256,1.85,uniform,138,0.5390625
2,256,1.85,uniform,139,0.54296875
2,256,1.85,uniform,140,0.546875
2,256,1.85,uniform,141,0.55078125
2,256,1.85,uniform,142,0.5546875
2,256,1.85,uniform,143,0.55859375
2,256,1.85,uniform,144,0.5625
2,256,1.85,uniform,145,0.56640625
2,256,1.85,uniform,146,0.5703125
2,256,1.85,uniform,147,0.57421875
2,256,1.85,uniform,148,0.578125
2,256,1.85,uniform,149,0.58203125
2,256,1.85,uniform,150,0.5859375
2,256,1.85,uniform,151,0.58984375
2,256,1.85,uniform,152,0.59375
2,256,1.85,uniform,153,0.59765625
2,256,1.85,uniform,154,0.6015625
2,256,1.85,uniform,155,0.60546875
2,256,1.85,uniform,156,0.609375
2,256,1.85,uniform,157,0.61328125
2,256,1.85,uniform,158,0.6171875
2,256,1.85,uniform,159,0.62109375
2,256,1.85,uniform,160,0.625
2,256,1.85,uniform,161,0.62890625
2,256,1.85,uniform,162,0.6328125
2,256,1.85,uniform,163,0.63671875
2,256,1.85,uniform,164,0.640625
2,256,1.85,uniform,165,0.64453125
2,256,1.85,uniform,166,0.6484375
2,256,1.85,uniform,167,0.65234375
2,256,1.85,uniform,168,0.65625
2,256,1.85,uniform,169,0.66015625
2,256,1.85,uniform,170,0.6640625
2,256,1.85,uniform,171,0.66796875
2,256,1.85,uniform,172,0.671875
2,256,1.85,uniform,173,0.67578125
2,256,1.85,uniform,174,0.6796875
2,256,1.85,uniform,175,0.68359375
2,256,1.85,uniform,176,0.6875
2,256,1.85,uniform,177,0.69140625
2,256,1.85,uniform,178,0.6953125
2,256,1.85,uniform,179,0.69921875
2,256,1.85,uniform,180,0.703125
2,256,1.85,uniform,181,0.70703125
2,256,1.85,uniform,182,0.7109375
2,256,1.85,uniform,183,0.71484375
2,256,1.85,uniform,184,0.71875
2,256,1.85,uniform,185,0.72265625
2,256,1.85,uniform,186,0.7265625
2,256,1.85,uniform,187,0.73046875
2,256,1.85,uniform,188,0.734375
2,256,1.85,uniform,189,0.73828125
2,256,1.85,uniform,190,0.7421875
2,256,1.85,uniform,191,0.74609375
2,256,1.85,uniform,192,0.75
2,256,1.85,uniform,193,0.75390625
2,256,1.85,uniform,194,0.7578125
2,256,1.85,uniform,195,0.76171875
2,256,1.85,uniform,196,0.765625
2,256,1.85,uniform,197,0.76953125
2,256,1.85,uniform,198,0.7734375
2,256,1.85,uniform,199,0.77734375
2,256,1.85,uniform,200,0.78125
2,256,1.85,uniform,201,0.78515625
2,256,1.85,uniform,202,0.7890625
2,256,1.85,uniform,203,0.79296875
2,256,1.85,uniform,204,0.796875
2,256,1.85,uniform,205,0.80078125
2,256,1.85,uniform,206,0.8046875
2,256,1.85,uniform,207,0.80859375
2,256,1.85,uniform,208,0.8125
2,256,1.85,uniform,209,0.81640625
2,256,1.85,uniform,210,0.8203125
2,256,1.85,uniform,211,0.82421875
2,256,1.85,uniform,212,0.828125
2,256,1.85,uniform,213,0.83203125
2,256,1.85,uniform,214,0.8359375
2,256,1.85,uniform,215,0.83984375
2,256,1.85,uniform,216,0.84375
2,256,1.85,uniform,217,0.84765625
2,256,1.85,uniform,218,0.8515625
2,256,1.85,uniform,219,0.85546875
2,256,1.85,uniform,220,0.859375
2,256,1.85,uniform,221,0.86328125
2,256,1.85,uniform,222,0.8671875
2,256,1.85,uniform,223,0.87109375
2,256,1.85,uniform,224,0.875
2,256,1.85,uniform,225,0.87890625
2,256,1.85,uniform,226,0.8828125
2,256,1.85,uniform,227,0.88671875
2,256,1.85,uniform,228,0.890625
2,256,1.85,uniform,229,0.89453125
2,256,1.85,uniform,230,0.8984375
2,256,1.85,uniform,231,0.90234375
2,256,1.85,uniform,232,0.90625
2,256,1.85,uniform,233,0.91015625
2,256,1.85,uniform,234,0.9140625
2,256,1.85,uniform,235,0.91796875
2,256,1.85,uniform,236,0.921875
2,256,1.85,uniform,237,0.92578125
2,256,1.85,uniform,238,0.9296875
2,256,1.85,uniform,239,0.93359375
2,256,1.85,uniform,240,0.9375
2,256,1.85,uniform,241,0.94140625
2,256,1.85,uniform,242,0.9453125
2,256,1.85,uniform,243,0.94921875
2,256,1.85,uniform,244,0.953125
2,256,1.85,uniform,245,0.95703125
2,256,1.85,uniform,246,0.9609375
2,256,1.85,uniform,247,0.96484375
2,256,1.85,uniform,248,0.96875
2,256,1.85,uniform,249,0.97265625
2,256,1.85,uniform,250,0.9765625
2,256,1.85,uniform,251,0.98046875
2,256,1.85,uniform,252,0.984375
2,256,1.85,uniform,253,0.98828125
2,256,1.85,uniform,254,0.9921875
2,256,1.85,uniform,255,0.99609375
2,256,1.85,uniform,256,1.0
2,256,1.85,positional,0,0.0
2,256,1.85,positional,1,7.1250371502038265e-06
2,256,1.85,positional,2,1.4250074300402825e-05
2,256,1.85,positional,3,2.137511145108919e-05
2,256,1.85,positional,4,2.850014861105179e-05
2,256,1.85,positional,5,3.5625186872710535e-05
2,256,1.85,positional,6,4.276008259164243e-05
2,256,1.85,positional,7,7.914517500555169e-05
2,256,1.85,positional,8,0.00025018183616435584
2,256,1.85,positional,9,0.00047446772186025707
2,256,1.85,positional,10,0.000733113386750593
2,256,1.85,positional,11,0.0010277535198425427
2,256,1.85,positional,12,0.0013628510845012675
2,256,1.85,positional,13,0.0017424354882288043
2,256,1.85,positional,14,0.0021693007199741505
2,256,1.85,positional,15,0.002644914129313702
2,256,1.85,positional,16,0.003169627460516832
2,256,1.85,positional,17,0.003742992652127462
2,256,1.85,positional,18,0.004364067333039573
2,256,1.85,positional,19,0.005031657561124426
2,256,1.85,positional,20,0.005744487121173154
2,256,1.85,positional,21,0.006501303394398069
2,256,1.85,positional,22,0.00730093611259352
2,256,1.85,positional,23,0.008142324391721963
2,256,1.85,positional,24,0.009024524024995305
2,256,1.85,positional,25,0.009946703431778958
2,256,1.85,positional,26,0.010908133751889468
2,256,1.85,positional,27,0.011908176481903529
2,256,1.85,positional,28,0.01294627064482451
2,256,1.85,positional,29,0.014021920584928342
2,256,1.85,positional,30,0.015134684925375383
2,256,1.85,positional,31,0.016284166897013133
2,256,1.85,positional,32,0.01747000605964594
2,256,1.85,positional,33,0.018691871337178777
2,256,1.85,positional,34,0.019949455240477556
2,256,1.85,positional,35,0.021242469134668176
2,256,1.85,positional,36,0.022570639407501106
2,256,1.85,positional,37,0.023933704404242966
2,256,1.85,positional,38,0.025331412007532285
2,256,1.85,positional,39,0.0267635177549955
2,256,1.85,positional,40,0.028229783401632506
2,256,1.85,positional,41,0.02972997584725785
2,256,1.85,positional,42,0.031263866361264804
2,256,1.85,positional,43,0.032831230047554436
2,256,1.85,positional,44,0.034431845501666246
2,256,1.85,positional,45,0.03606549462005705
2,256,1.85,positional,46,0.03773196252822695
2,256,1.85,positional,47,0.03943103760012208
2,256,1.85,positional,48,0.041162511546084884
2,256,1.85,positional,49,0.042926179550697385
2,256,1.85,positional,50,0.04472184044528151
2,256,1.85,positional,51,0.04654929690268099
2,256,1.85,positional,52,0.04840835564433567
2,256,1.85,positional,53,0.0502988276516463
2,256,1.85,positional,54,0.05222052837527667
2,256,1.85,positional,55,0.05417327793740654
2,256,1.85,positional,56,0.056156901323075895
2,256,1.85,positional,57,0.0581712285576906
2,256,1.85,positional,58,0.0602160948685208
2,256,1.85,positional,59,0.062291340828647
2,256,1.85,positional,60,0.06439681248231614
2,256,1.85,positional,61,0.06653236145108148
2,256,1.85,positional,62,0.06869784502043169
2,256,1.85,positional,63,0.07089312620688135
2,256,1.85,positional,64,0.0731180738057063
2,256,1.85,positional,65,0.07537256241967578
2,256,1.85,positional,66,0.07765647246926385
2,256,1.85,positional,67,0.07996969018492493
2,256,1.85,positional,68,0.0823121075820959
2,256,1.85,positional,69,0.08468362241964592
2,256,1.85,positional,70,0.08708413814253779
2,256,1.85,positional,71,0.08951356380949639
2,256,1.85,positional,72,0.09197181400649988
2,256,1.85,positional,73,0.09445880874692354
2,256,1.85,positional,74,0.0969744733591736
2,256,1.85,positional,75,0.09951873836265111
2,256,1.85,positional,76,0.1020915393328859
2,256,1.85,positional,77,0.10469281675667692
2,256,1.85,positional,78,0.10732251587807076
2,256,1.85,positional,79,0.10998058653600222
2,256,1.85,positional,80,0.1126669829944136
2,256,1.85,positional,81,0.1153816637656594
2,256,1.85,positional,82,0.1181245914279931
2,256,1.85,positional,83,0.1208957324379214
2,256,1.85,positional,84,0.12369505693819921
2,256,1.85,positional,85,0.1265225385622255
2,256,1.85,positional,86,0.12937815423558569
2,256,1.85,positional,87,0.13226188397547128
2,256,1.85,positional,88,0.13517371068869036
2,256,1.85,positional,89,0.138113619968965
2,256,1.85,positional,90,0.14108159989419178
2,256,1.85,positional,91,0.1440776408243205
2,256,1.85,positional,92,0.1471017352004844
2,256,1.85,positional,93,0.15015387734598917
2,256,1.85,positional,94,0.153234063269744
2,256,1.85,positional,95,0.15634229047268833
2,256,1.85,positional,96,0.15947855775773978
2,256,1.85,positional,97,0.1626428650437571
2,256,1.85,positional,98,0.16583521318397937
2,256,1.85,positional,99,0.16905560378936882
2,256,1.85,positional,100,0.17230403905724906
2,256,1.85,positional,101,0.17558052160559415
2,256,1.85,positional,102,0.17888505431328655
2,256,1.85,positional,103,0.18221764016662353
2,256,1.85,positional,104,0.1855782821123132
2,256,1.85,positional,105,0.18896698291716207
2,256,1.85,positional,106,0.19238374503461764
2,256,1.85,positional,107,0.19582857047828955
2,256,1.85,positional,108,0.1993014607025363
2,256,1.85,positional,109,0.20280241649016523
2,256,1.85,positional,110,0.20633143784725846
2,256,1.85,positional,111,0.20988852390510165
2,256,1.85,positional,112,0.2134736728291584
2,256,1.85,positional,113,0.21708688173500257
2,256,1.85,positional,114,0.22072814661108894
2,256,1.85,positional,115,0.22439746224821663
2,256,1.85,positional,116,0.2280948221755131
2,256,1.85,positional,117,0.23182021860274363
2,256,1.85,positional,118,0.23557364236873096
2,256,1.85,positional,119,0.2393550828956518
2,256,1.85,positional,120,0.24316452814896136
2,256,1.85,positional,121,0.24700196460268486
2,256,1.85,positional,122,0.2508673772098052
2,256,1.85,positional,123,0.2547607493774685
2,256,1.85,positional,124,0.25868206294672497
2,256,1.85,positional,125,0.26263129817652014
2,256,1.85,positional,126,0.2666084337316526
2,256,1.85,positional,127,0.2706134466744156
2,256,1.85,positional,128,0.27464631245964694
2,256,1.85,positional,129,0.2787070049329152
2,256,1.85,positional,130,0.2827954963315822
2,256,1.85,positional,131,0.28691175728848844
2,256,1.85,positional,132,0.291055756838023
2,256,1.85,positional,133,0.2952274624243486
2,256,1.85,positional,134,0.29942683991156954
2,256,1.85,positional,135,0.30365385359564184
2,256,1.85,positional,136,0.3079084662178423
2,256,1.85,positional,137,0.3121906389796261
2,256,1.85,positional,138,0.31650033155872115
2,256,1.85,positional,139,0.32083750212632
2,256,1.85,positional,140,0.3252021073652477
2,256,1.85,positional,141,0.3295941024889984
2,256,1.85,positional,142,0.33401344126154847
2,256,1.85,positional,143,0.3384600760178673
2,256,1.85,positional,144,0.34293395768506185
2,256,1.85,positional,145,0.347435035804102
2,256,1.85,positional,146,0.3519632585520876
2,256,1.85,positional,147,0.3565185727650273
2,256,1.85,positional,148,0.3611009239611098
2,256,1.85,positional,149,0.3657102563644577
2,256,1.85,positional,150,0.3703465129293613
2,256,1.85,positional,151,0.3750096353649973
2,256,1.85,positional,152,0.37969956416064227
2,256,1.85,positional,153,0.3844162386113968
2,256,1.85,positional,154,0.3891595968444397
2,256,1.85,positional,155,0.3939295758458337
2,256,1.85,positional,156,0.39872611148790826
2,256,1.85,positional,157,0.40354913855724395
2,256,1.85,positional,158,0.408398590783285
2,256,1.85,positional,159,0.41327440086760575
2,256,1.85,positional,160,0.4181765005138556
2,256,1.85,positional,161,0.4231048204584059
2,256,1.85,positional,162,0.4280592905017199
2,256,1.85,positional,163,0.43303983954046443
2,256,1.85,positional,164,0.438046395600379
2,256,1.85,positional,165,0.4430788858699157
2,256,1.85,positional,166,0.44813723673465705
2,256,1.85,positional,167,0.45322137381251953
2,256,1.85,positional,168,0.45833122198974285
2,256,1.85,positional,169,0.46346670545766266
2,256,1.85,positional,170,0.46862774775026167
2,256,1.85,positional,171,0.4738142717824878
2,256,1.85,positional,172,0.47902619988932604
2,256,1.85,positional,173,0.4842634538656068
2,256,1.85,positional,174,0.4895259550065285
2,256,1.85,positional,175,0.49481362414887103
2,256,1.85,positional,176,0.5001263817128717
2,256,1.85,positional,177,0.5054641477447336
2,256,1.85,positional,178,0.5108268419597315
2,256,1.85,positional,179,0.5162143837858821
2,256,1.85,positional,180,0.5216266924081379
2,256,1.85,positional,181,0.5270636868130663
2,256,1.85,positional,182,0.5325252858339724
2,256,1.85,positional,183,0.5380114081964221
2,256,1.85,positional,184,0.5435219725641215
2,256,1.85,positional,185,0.5490568975851078
2,256,1.85,positional,186,0.5546161019382081
2,256,1.85,positional,187,0.560199504379717
2,256,1.85,positional,188,0.5658070237902512
2,256,1.85,positional,189,0.5714385792217335
2,256,1.85,positional,190,0.5770940899444609
2,256,1.85,positional,191,0.5827734754942144
2,256,1.85,positional,192,0.5884766557193657
2,256,1.85,positional,193,0.5942035508279374
2,256,1.85,positional,194,0.5999540814345777
2,256,1.85,positional,195,0.6057281686074075
2,256,1.85,positional,196,0.6115257339147019
2,256,1.85,positional,197,0.6173466994713701
2,256,1.85,positional,198,0.6231909879851963
2,256,1.85,positional,199,0.6290585228028094
2,256,1.85,positional,200,0.6349492279553494
2,256,1.85,positional,201,0.6408630282038004
2,256,1.85,positional,202,0.6467998490839617
2,256,1.85,positional,203,0.6527596169510321
2,256,1.85,positional,204,0.6587422590237809
2,256,1.85,positional,205,0.6647477034282864
2,256,1.85,positional,206,0.6707758792412188
2,256,1.85,positional,207,0.6768267165326515
2,256,1.85,positional,208,0.6829001464083824
2,256,1.85,positional,209,0.6889961010517524
2,256,1.85,positional,210,0.6951145137649475
2,256,1.85,positional,211,0.7012553190097736
2,256,1.85,positional,212,0.7074184524478959
2,256,1.85,positional,213,0.7136038509805351
2,256,1.85,positional,214,0.7198114527876136
2,256,1.85,positional,215,0.7260411973663501
2,256,1.85,positional,216,0.7322930255692981
2,256,1.85,positional,217,0.7385668796418278
2,256,1.85,positional,218,0.7448627032590521
2,256,1.85,positional,219,0.7511804415621992
2,256,1.85,positional,220,0.757520041194432
2,256,1.85,positional,221,0.7638814503361215
2,256,1.85,positional,222,0.7702646187395793
2,256,1.85,positional,223,0.7766694977632527
2,256,1.85,positional,224,0.7830960404053936
2,256,1.85,positional,225,0.7895442013372069
2,256,1.85,positional,226,0.7960139369354887
2,256,1.85,positional,227,0.8025052053147637
2,256,1.85,positional,228,0.8090179663589334
2,256,1.85,positional,229,0.8155521817524454
2,256,1.85,positional,230,0.8221078150109967
2,256,1.85,positional,231,0.828684831511783
2,256,1.85,positional,232,0.835283198523307
2,256,1.85,positional,233,0.8419028852347602
2,256,1.85,positional,234,0.8485438627849903
2,256,1.85,positional,235,0.8552061042910702
2,256,1.85,positional,236,0.8618895848764826
2,256,1.85,positional,237,0.8685942816989338
2,256,1.85,positional,238,0.8753201739778146
2,256,1.85,positional,239,0.8820672430213197
2,256,1.85,positional,240,0.8888354722532447
2,256,1.85,positional,241,0.8956248472394742
2,256,1.85,positional,242,0.9024353557141761
2,256,1.85,positional,243,0.9092669876057192
2,256,1.85,positional,244,0.9161197350623295
2,256,1.85,positional,245,0.9229935924774997
2,256,1.85,positional,246,0.9298885565151692
2,256,1.85,positional,247,0.9368046261346888
2,256,1.85,positional,248,0.9437418026155866
2,256,1.85,positional,249,0.9507000895821499
2,256,1.85,positional,250,0.9576794930278398
2,256,1.85,positional,251,0.964680021339552
2,256,1.85,positional,252,0.9717016853217398
2,256,1.85,positional,253,0.978744498220416
2,256,1.85,positional,254,0.9858084757470448
2,256,1.85,positional,255,0.9928936361023425
2,256,1.85,positional,256,1.0
2,256,1.95,uniform,0,0.0
2,256,1.95,uniform,1,0.00390625
2,256,1.95,uniform,2,0.0078125
2,256,1.95,uniform,3,0.01171875
2,256,1.95,uniform,4,0.015625
2,256,1.95,uniform,5,0.01953125
2,256,1.95,uniform,6,0.0234375
2,256,1.95,uniform,7,0.02734375
2,256,1.95,uniform,8,0.03125
2,256,1.95,uniform,9,0.03515625
2,256,1.95,uniform,10,0.0390625
2,256,1.95,uniform,11,0.04296875
2,256,1.95,uniform,12,0.046875
2,256,1.95,uniform,13,0.05078125
2,256,1.95,uniform,14,0.0546875
2,256,1.95,uniform,15,0.05859375
2,256,1.95,uniform,16,0.0625
2,256,1.95,uniform,17,0.06640625
2,256,1.95,uniform,18,0.0703125
2,256,1.95,uniform,19,0.07421875
2,256,1.95,uniform,20,0.078125
2,256,1.95,uniform,21,0.08203125
2,256,1.95,uniform,22,0.0859375
2,256,1.95,uniform,23,0.08984375
2,256,1.95,uniform,24,0.09375
2,256,1.95,uniform,25,0.09765625
2,256,1.95,uniform,26,0.1015625
2,256,1.95,uniform,27,0.10546875
2,256,1.95,uniform,28,0.109375
2,256,1.95,uniform,29,0.11328125
2,256,1.95,uniform,30,0.1171875
2,256,1.95,uniform,31,0.12109375
2,256,1.95,uniform,32,0.125
2,256,1.95,uniform,33,0.12890625
2,256,1.95,uniform,34,0.1328125
2,256,1.95,uniform,35,0.13671875
2,256,1.95,uniform,36,0.140625
2,256,1.95,uniform,37,0.14453125
2,256,1.95,uniform,38,0.1484375
2,256,1.95,uniform,39,0.15234375
2,256,1.95,uniform,40,0.15625
2,256,1.95,uniform,41,0.16015625
2,256,1.95,uniform,42,0.1640625
2,256,1.95,uniform,43,0.16796875
2,256,1.95,uniform,44,0.171875
2,256,1.95,uniform,45,0.17578125
2,256,1.95,uniform,46,0.1796875
2,256,1.95,uniform,47,0.18359375
2,256,1.95,uniform,48,0.1875
2,256,1.95,uniform,49,0.19140625
2,256,1.95,uniform,50,0.1953125
2,256,1.95,uniform,51,0.19921875
2,256,1.95,uniform,52,0.203125
2,256,1.95,uniform,53,0.20703125
2,256,1.95,uniform,54,0.2109375
2,256,1.95,uniform,55,0.21484375
2,256,1.95,uniform,56,0.21875
2,256,1.95,uniform,57,0.22265625
2,256,1.95,uniform,58,0.2265625
2,256,1.95,uniform,59,0.23046875
2,256,1.95,uniform,60,0.234375
2,256,1.95,uniform,61,0.23828125
2,256,1.95,uniform,62,0.2421875
2,256,1.95,uniform,63,0.24609375
2,256,1.95,uniform,64,0.25
2,256,1.95,uniform,65,0.25390625
2,256,1.95,uniform,66,0.2578125
2,256,1.95,uniform,67,0.26171875
2,256,1.95,uniform,68,0.265625
2,256,1.95,uniform,69,0.26953125
2,256,1.95,uniform,70,0.2734375
2,256,1.95,uniform,71,0.27734375
2,256,1.95,uniform,72,0.28125
2,256,1.95,uniform,73,0.28515625
2,256,1.95,uniform,74,0.2890625
2,256,1.95,uniform,75,0.29296875
2,256,1.95,uniform,76,0.296875
2,256,1.95,uniform,77,0.30078125
2,256,1.95,uniform,78,0.3046875
2,256,1.95,uniform,79,0.30859375
2,256,1.95,uniform,80,0.3125
2,256,1.95,uniform,81,0.31640625
2,256,1.95,uniform,82,0.3203125
2,256,1.95,uniform,83,0.32421875
2,256,1.95,uniform,84,0.328125
2,256,1.95,uniform,85,0.33203125
2,256,1.95,uniform,86,0.3359375
2,256,1.95,uniform,87,0.33984375
2,256,1.95,uniform,88,0.34375
2,256,1.95,uniform,89,0.34765625
2,256,1.95,uniform,90,0.3515625
2,256,1.95,uniform,91,0.35546875
2,256,1.95,uniform,92,0.359375
2,256,1.95,uniform,93,0.36328125
2,256,1.95,uniform,94,0.3671875
2,256,1.95,uniform,95,0.37109375
2,256,1.95,uniform,96,0.375
2,256,1.95,uniform,97,0.37890625
2,256,1.95,uniform,98,0.3828125
2,256,1.95,uniform,99,0.38671875
2,256,1.95,uniform,100,0.390625
2,256,1.95,uniform,101,0.39453125
2,256,1.95,uniform,102,0.3984375
2,256,1.95,uniform,103,0.40234375
2,256,1.95,uniform,104,0.40625
2,256,1.95,uniform,105,0.41015625
2,256,1.95,uniform,106,0.4140625
2,256,1.95,uniform,107,0.41796875
2,256,1.95,uniform,108,0.421875
2,256,1.95,uniform,109,0.42578125
2,256,1.95,uniform,110,0.4296875
2,256,1.95,uniform,111,0.43359375
2,256,1.95,uniform,112,0.4375
2,256,1.95,uniform,113,0.44140625
2,256,1.95,uniform,114,0.4453125
2,256,1.95,uniform,115,0.44921875
2,256,1.95,uniform,116,0.453125
2,256,1.95,uniform,117,0.45703125
2,256,1.95,uniform,118,0.4609375
2,256,1.95,uniform,119,0.46484375
2,256,1.95,uniform,120,0.46875
2,256,1.95,uniform,121,0.47265625
2,256,1.95,uniform,122,0.4765625
2,256,1.95,uniform,123,0.48046875
2,256,1.95,uniform,124,0.484375
2,256,1.95,uniform,125,0.48828125
2,256,1.95,uniform,126,0.4921875
2,256,1.95,uniform,127,0.49609375
2,256,1.95,uniform,128,0.5
2,256,1.95,uniform,129,0.50390625
2,256,1.95,uniform,130,0.5078125
2,256,1.95,uniform,131,0.51171875
2,256,1.95,uniform,132,0.515625
2,256,1.95,uniform,133,0.51953125
2,256,1.95,uniform,134,0.5234375
2,256,1.95,uniform,135,0.52734375
2,256,1.95,uniform,136,0.53125
2,256,1.95,uniform,137,0.53515625
2,256,1.95,uniform,138,0.5390625
2,256,1.95,uniform,139,0.54296875
2,256,1.95,uniform,140,0.546875
2,256,1.95,uniform,141,0.55078125
2,256,1.95,uniform,142,0.5546875
2,256,1.95,uniform,143,0.55859375
2,256,1.95,uniform,144,0.5625
2,256,1.95,uniform,145,0.56640625
2,256,1.95,uniform,146,0.5703125
2,256,1.95,uniform,147,0.57421875
2,256,1.95,uniform,148,0.578125
2,256,1.95,uniform,149,0.58203125
2,256,1.95,uniform,150,0.5859375
2,256,1.95,uniform,151,0.58984375
2,256,1.95,uniform,152,0.59375
2,256,1.95,uniform,153,0.59765625
2,256,1.95,uniform,154,0.6015625
2,256,1.95,uniform,155,0.60546875
2,256,1.95,uniform,156,0.609375
2,256,1.95,uniform,157,0.61328125
2,256,1.95,uniform,158,0.6171875
2,256,1.95,uniform,159,0.62109375
2,256,1.95,uniform,160,0.625
2,256,1.95,uniform,161,0.62890625
2,256,1.95,uniform,162,0.6328125
2,256,1.95,uniform,163,0.63671875
2,256,1.95,uniform,164,0.640625
2,256,1.95,uniform,165,0.64453125
2,256,1.95,uniform,166,0.6484375
2,256,1.95,uniform,167,0.65234375
2,256,1.95,uniform,168,0.65625
2,256,1.95,uniform,169,0.66015625
2,256,1.95,uniform,170,0.6640625
2,256,1.95,uniform,171,0.66796875
2,256,1.95,uniform,172,0.671875
2,256,1.95,uniform,173,0.67578125
2,256,1.95,uniform,174,0.6796875
2,256,1.95,uniform,175,0.68359375
2,256,1.95,uniform,176,0.6875
2,256,1.95,uniform,177,0.69140625
2,256,1.95,uniform,178,0.6953125
2,256,1.95,uniform,179,0.69921875
2,256,1.95,uniform,180,0.703125
2,256,1.95,uniform,181,0.70703125
2,256,1.95,uniform,182,0.7109375
2,256,1.95,uniform,183,0.71484375
2,256,1.95,uniform,184,0.71875
2,256,1.95,uniform,185,0.72265625
2,256,1.95,uniform,186,0.7265625
2,256,1.95,uniform,187,0.73046875
2,256,1.95,uniform,188,0.734375
2,256,1.95,uniform,189,0.73828125
2,256,1.95,uniform,190,0.7421875
2,256,1.95,uniform,191,0.74609375
2,256,1.95,uniform,192,0.75
2,256,1.95,uniform,193,0.75390625
2,256,1.95,uniform,194,0.7578125
2,256,1.95,uniform,195,0.76171875
2,256,1.95,uniform,196,0.765625
2,256,1.95,uniform,197,0.76953125
2,256,1.95,uniform,198,0.7734375
2,256,1.95,uniform,199,0.77734375
2,256,1.95,uniform,200,0.78125
2,256,1.95,uniform,201,0.78515625
2,256,1.95,uniform,202,0.7890625
2,256,1.95,uniform,203,0.79296875
2,256,1.95,uniform,204,0.796875
2,256,1.95,uniform,205,0.80078125
2,256,1.95,uniform,206,0.8046875
2,256,1.95,uniform,207,0.80859375
2,256,1.95,uniform,208,0.8125
2,256,1.95,uniform,209,0.81640625
2,256,1.95,uniform,210,0.8203125
2,256,1.95,uniform,211,0.82421875
2,256,1.95,uniform,212,0.828125
2,256,1.95,uniform,213,0.83203125
2,256,1.95,uniform,214,0.8359375
2,256,1.95,uniform,215,0.83984375
2,256,1.95,uniform,216,0.84375
2,256,1.95,uniform,217,0.84765625
2,256,1.95,uniform,218,0.8515625
2,256,1.95,uniform,219,0.85546875
2,256,1.95,uniform,220,0.859375
2,256,1.95,uniform,221,0.86328125
2,256,1.95,uniform,222,0.8671875
2,256,1.95,uniform,223,0.87109375
2,256,1.95,uniform,224,0.875
2,256,1.95,uniform,225,0.87890625
2,256,1.95,uniform,226,0.8828125
2,256,1.95,uniform,227,0.88671875
2,256,1.95,uniform,228,0.890625
2,256,1.95,uniform,229,0.89453125
2,256,1.95,uniform,230,0.8984375
2,256,1.95,uniform,231,0.90234375
2,256,1.95,uniform,232,0.90625
2,256,1.95,uniform,233,0.91015625
2,256,1.95,uniform,234,0.9140625
2,256,1.95,uniform,235,0.91796875
2,256,1.95,uniform,236,0.921875
2,256,1.95,uniform,237,0.92578125
2,256,1.95,uniform,238,0.9296875
2,256,1.95,uniform,239,0.93359375
2,256,1.95,uniform,240,0.9375
2,256,1.95,uniform,241,0.94140625
2,256,1.95,uniform,242,0.9453125
2,256,1.95,uniform,243,0.94921875
2,256,1.95,uniform,244,0.953125
2,256,1.95,uniform,245,0.95703125
2,256,1.95,uniform,246,0.9609375
2,256,1.95,uniform,247,0.96484375
2,256,1.95,uniform,248,0.96875
2,256,1.95,uniform,249,0.97265625
2,256,1.95,uniform,250,0.9765625
2,256,1.95,uniform,251,0.98046875
2,256,1.95,uniform,252,0.984375
2,256,1.95,uniform,253,0.98828125
2,256,1.95,uniform,254,0.9921875
2,256,1.95,uniform,255,0.99609375
2,256,1.95,uniform,256,1.0
2,256,1.95,positional,0,0.0
2,256,1.95,positional,1,9.213626534093488e-06
2,256,1.95,positional,2,1.842725306838117e-05
2,256,1.95,positional,3,2.7640879609345965e-05
2,256,1.95,positional,4,3.6854507826324974e-05
2,256,1.95,positional,5,4.6133210349022665e-05
2,256,1.95,positional,6,0.00014568148340701458
2,256,1.95,positional,7,0.00036302083621720467
2,256,1.95,positional,8,0.0006207805641711589
2,256,1.95,positional,9,0.0009172127243974883
2,256,1.95,positional,10,0.0012588285923363152
2,256,1.95,positional,11,0.001651936220429675
2,256,1.95,positional,12,0.0021010100075243084
2,256,1.95,positional,13,0.002608406427497317
2,256,1.95,positional,14,0.0031746673988717567
2,256,1.95,positional,15,0.003799049104656491
2,256,1.95,positional,16,0.004480041277956168
2,256,1.95,positional,17,0.005215769565053509
2,256,1.95,positional,18,0.006004263460315758
2,256,1.95,positional,19,0.006843613692160624
2,256,1.95,positional,20,0.00773205235979385
2,256,1.95,positional,21,0.008667984506862271
2,256,1.95,positional,22,0.009649991717517738
2,256,1.95,positional,23,0.010676821083463649
2,256,1.95,positional,24,0.011747367616859399
2,256,1.95,positional,25,0.0128606547113754
2,256,1.95,positional,26,0.014015815104542279
2,256,1.95,positional,27,0.01521207352320701
2,256,1.95,positional,28,0.016448731471876716
2,256,1.95,positional,29,0.017725154232512787
2,256,1.95,positional,30,0.019040759946541364
2,256,1.95,positional,31,0.020395010561998432
2,256,1.95,positional,32,0.021787404401315227
2,256,1.95,positional,33,0.023217470109470503
2,256,1.95,positional,34,0.024684761761663565
2,256,1.95,positional,35,0.02618885493515164
2,256,1.95,positional,36,0.02772934357653324
2,256,1.95,positional,37,0.029305837521057122
2,256,1.95,positional,38,0.0309179605433686
2,256,1.95,positional,39,0.03256534883909589
2,256,1.95,positional,40,0.034247649853845354
2,256,1.95,positional,41,0.03596452139072521
2,256,1.95,positional,42,0.037715630939740896
2,256,1.95,positional,43,0.03950065518260857
2,256,1.95,positional,44,0.04131927963501059
2,256,1.95,positional,45,0.04317119839533573
2,256,1.95,positional,46,0.04505611397474201
2,256,1.95,positional,47,0.04697373718815471
2,256,1.95,positional,48,0.04892378708973784
2,256,1.95,positional,49,0.05090599093960028
2,256,1.95,positional,50,0.052920084191138514
2,256,1.95,positional,51,0.054965810490578804
2,256,1.95,positional,52,0.05704292168204635
2,256,1.95,positional,53,0.05915117781292775
2,256,1.95,positional,54,0.06129034713546336
2,256,1.95,positional,55,0.06346020610145683
2,256,1.95,positional,56,0.0656605393477584
2,256,1.95,positional,57,0.0678911396707999
2,256,1.95,positional,58,0.07015180798896065
2,256,1.95,positional,59,0.07244235329194408
2,256,1.95,positional,60,0.07476259257666765
2,256,1.95,positional,61,0.07711235076942316
2,256,1.95,positional,62,0.07949146063426901
2,256,1.95,positional,63,0.08189976266777546
2,256,1.95,positional,64,0.0843371049803708
2,256,1.95,positional,65,0.08680334316463494
2,256,1.95,positional,66,0.08929834015096383
2,256,1.95,positional,67,0.0918219660510885
2,256,1.95,positional,68,0.09437409798997817
2,256,1.95,positional,69,0.0969546199266936
2,256,1.95,positional,70,0.09956342246478402
2,256,1.95,positional,71,0.10220040265284294
2,256,1.95,positional,72,0.10486546377585537
2,256,1.95,positional,73,0.1075585151379821
2,256,1.95,positional,74,0.11027947183743782
2,256,1.95,positional,75,0.11302825453412912
2,256,1.95,positional,76,0.11580478921072575
2,256,1.95,positional,77,0.11860900692784468
2,256,1.95,positional,78,0.12144084357403277
2,256,1.95,positional,79,0.12430023961123743
2,256,1.95,positional,80,0.12718713981645927
2,256,1.95,positional,81,0.13010149302028293
2,256,1.95,positional,82,0.13304325184298443
2,256,1.95,positional,83,0.13601237242891343
2,256,1.95,positional,84,0.13900881417984892
2,256,1.95,positional,85,0.14203253948802338
2,256,1.95,positional,86,0.14508351346950735
2,256,1.95,positional,87,0.14816170369863987
2,256,1.95,positional,88,0.15126707994418256
2,256,1.95,positional,89,0.15439961390786422
2,256,1.95,positional,90,0.15755927896597124
2,256,1.95,positional,91,0.1607460499146227
2,256,1.95,positional,92,0.16395990271935232
2,256,1.95,positional,93,0.1672008142695982
2,256,1.95,positional,94,0.1704687621386795
2,256,1.95,positional,95,0.17376372434981202
2,256,1.95,positional,96,0.1770856791486875
2,256,1.95,positional,97,0.18043460478311069
2,256,1.95,positional,98,0.18381047929015448
2,256,1.95,positional,99,0.18721328029125905
2,256,1.95,positional,100,0.19064298479566272
2,256,1.95,positional,101,0.1940995690125139
2,256,1.95,positional,102,0.19758300817197263
2,256,1.95,positional,103,0.201093276355568
2,256,1.95,positional,104,0.20463034633603536
2,256,1.95,positional,105,0.2081941894268135
2,256,1.95,positional,106,0.2117847753413378
2,256,1.95,positional,107,0.2154020720622221
2,256,1.95,positional,108,0.2190460457203776
2,256,1.95,positional,109,0.222716660484075
2,256,1.95,positional,110,0.22641387845791344
2,256,1.95,positional,111,0.23013765959161922
2,256,1.95,positional,112,0.23388796159855862
2,256,1.95,positional,113,0.2376647398838109
2,256,1.95,positional,114,0.24146794748161302
2,256,1.95,positional,115,0.24529753500195436
2,256,1.95,positional,116,0.2491534505860697
2,256,1.95,positional,117,0.2530356398705501
2,256,1.95,positional,118,0.2569440459597676
2,256,1.95,positional,119,0.2608786094062865
2,256,1.95,positional,120,0.2648392681989157
2,256,1.95,positional,121,0.26882595775804047
2,256,1.95,positional,122,0.27283861093785866
2,256,1.95,positional,123,0.2768771580351365
2,256,1.95,positional,124,0.280941526804093
2,256,1.95,positional,125,0.28503164247701596
2,256,1.95,positional,126,0.2891474277902129
2,256,1.95,positional,127,0.29328880301490096
2,256,1.95,positional,128,0.2974556859926421
2,256,1.95,positional,129,0.30164799217493815
2,256,1.95,positional,130,0.3058656346666064
2,256,1.95,positional,131,0.31010852427256713
2,256,1.95,positional,132,0.31437656954768634
2,256,1.95,positional,133,0.31866967684932873
2,256,1.95,positional,134,0.32298775039229255
2,256,1.95,positional,135,0.3273306923058111
2,256,1.95,positional,136,0.3316984026923236
2,256,1.95,positional,137,0.33609077968773404
2,256,1.95,positional,138,0.3405077195228951
2,256,1.95,positional,139,0.3449491165860703
2,256,1.95,positional,140,0.34941486348614736
2,256,1.95,positional,141,0.3539048511163914
2,256,1.95,positional,142,0.3584189687185461
2,256,1.95,positional,143,0.3629571039471058
2,256,1.95,positional,144,0.3675191429336007
2,256,1.95,positional,145,0.3721049703507519
2,256,1.95,positional,146,0.3767144694763675
2,256,1.95,positional,147,0.38134752225686913
2,256,1.95,positional,148,0.3860040093703482
2,256,1.95,positional,149,0.3906838102890665
2,256,1.95,positional,150,0.39538680334132853
2,256,1.95,positional,151,0.400112865772661
2,256,1.95,positional,152,0.40486187380625
2,256,1.95,positional,153,0.40963370270259164
2,256,1.95,positional,154,0.41442822681832264
2,256,1.95,positional,155,0.4192453196642048
2,256,1.95,positional,156,0.4240848539622444
2,256,1.95,positional,157,0.428946701701932
2,256,1.95,positional,158,0.4338307341955962
2,256,1.95,positional,159,0.43873682213286613
2,256,1.95,positional,160,0.4436648356342446
2,256,1.95,positional,161,0.44861464430379433
2,256,1.95,positional,162,0.45358611728094395
2,256,1.95,positional,163,0.4585791232914221
2,256,1.95,positional,164,0.46359353069732884
2,256,1.95,positional,165,0.4686292075463565
2,256,1.95,positional,166,0.47368602162017054
2,256,1.95,positional,167,0.4787638404819638
2,256,1.95,positional,168,0.48386253152319575
2,256,1.95,positional,169,0.4889819620095297
2,256,1.95,positional,170,0.4941219991259794
2,256,1.95,positional,171,0.4992825100212775
2,256,1.95,positional,172,0.5044633618514757
2,256,1.95,positional,173,0.5096644218227884
2,256,1.95,positional,174,0.5148855572336882
2,256,1.95,positional,175,0.520126635516263
2,256,1.95,positional,176,0.5253875242768421
2,256,1.95,positional,177,0.5306680913358988
2,256,1.95,positional,178,0.5359682047672365
2,256,1.95,positional,179,0.5412877329364633
2,256,1.95,positional,180,0.5466265445387601
2,256,1.95,positional,181,0.5519845086359486
2,256,1.95,positional,182,0.5573614946928593
2,256,1.95,positional,183,0.5627573726130082
2,256,1.95,positional,184,0.5681720127735794
2,256,1.95,positional,185,0.5736052860597222
2,256,1.95,positional,186,0.5790570638981601
2,256,1.95,positional,187,0.5845272182901182
2,256,1.95,positional,188,0.5900156218435681
2,256,1.95,positional,189,0.5955221478047955
2,256,1.95,positional,190,0.6010466700892898
2,256,1.95,positional,191,0.6065890633119615
2,256,1.95,positional,192,0.6121492028166877
2,256,1.95,positional,193,0.6177269647051892
2,256,1.95,positional,194,0.623322225865244
2,256,1.95,positional,195,0.6289348639982393
2,256,1.95,positional,196,0.6345647576460659
2,256,1.95,positional,197,0.6402117862173613
2,256,1.95,positional,198,0.6458758300131048
2,256,1.95,positional,199,0.6515567702515705
2,256,1.95,positional,200,0.6572544890926454
2,256,1.95,positional,201,0.6629688696615159
2,256,1.95,positional,202,0.6686997960717347
2,256,1.95,positional,203,0.6744471534476696
2,256,1.95,positional,204,0.6802108279463482
2,256,1.95,positional,205,0.6859907067787022
2,256,1.95,positional,206,0.6917866782302227
2,256,1.95,positional,207,0.6975986316810363
2,256,1.95,positional,208,0.7034264576254105
2,256,1.95,positional,209,0.7092700476906995
2,256,1.95,positional,210,0.7151292946557417
2,256,1.95,positional,211,0.7210040924687194
2,256,1.95,positional,212,0.7268943362644924
2,256,1.95,positional,213,0.7327999223814169
2,256,1.95,positional,214,0.738720748377664
2,256,1.95,positional,215,0.7446567130470473
2,256,1.95,positional,216,0.7506077164343744
2,256,1.95,positional,217,0.7565736598503346
2,256,1.95,positional,218,0.762554445885936
2,256,1.95,positional,219,0.7685499784265043
2,256,1.95,positional,220,0.7745601626652594
2,256,1.95,positional,221,0.7805849051164803
2,256,1.95,positional,222,0.7866241136282729
2,256,1.95,positional,223,0.7926776973949555
2,256,1.95,positional,224,0.798745566969074
2,256,1.95,positional,225,0.8048276342730604
2,256,1.95,positional,226,0.8109238126105509
2,256,1.95,positional,227,0.8170340166773729
2,256,1.95,positional,228,0.823158162572217
2,256,1.95,positional,229,0.8292961678070079
2,256,1.95,positional,230,0.8354479513169846
2,256,1.95,positional,231,0.8416134334705062
2,256,1.95,positional,232,0.8477925360785937
2,256,1.95,positional,233,0.8539851824042219
2,256,1.95,positional,234,0.8601912971713734
2,256,1.95,positional,235,0.8664108065738679
2,256,1.95,positional,236,0.8726436382839774
2,256,1.95,positional,237,0.87888972146084
2,256,1.95,positional,238,0.8851489867586859
2,256,1.95,positional,239,0.8914213663348831
2,256,1.95,positional,240,0.8977067938578177
2,256,1.95,positional,241,0.9040052045146177
2,256,1.95,positional,242,0.9103165350187322
2,256,1.95,positional,243,0.9166407236173751
2,256,1.95,positional,244,0.9229777100988455
2,256,1.95,positional,245,0.9293274357997334
2,256,1.95,positional,246,0.9356898436120201
2,256,1.95,positional,247,0.9420648779900839
2,256,1.95,positional,248,0.9484524849576202
2,256,1.95,positional,249,0.9548526121144842
2,256,1.95,positional,250,0.9612652086434654
2,256,1.95,positional,251,0.9676902253170021
2,256,1.95,positional,252,0.974127614503845
2,256,1.95,positional,253,0.9805773301756774
2,256,1.95,positional,254,0.9870393279136984
2,256,1.95,positional,255,0.9935135649151796
2,256,1.95,positional,256,1.0
