p,N,beta,method,greville_index,x_greville,u_h_at_greville,u_exact_at_greville
2,2,1.55,uniform,0,0.0,0.0,0.0
2,2,1.55,uniform,1,0.25,0.11632944952270524,0.11662912394210093
2,2,1.55,uniform,2,0.75,0.6410234916537654,0.6402431759972019
2,2,1.55,uniform,3,1.0,1.0,1.0
2,2,1.55,positional,0,0.0,0.0,0.0
2,2,1.55,positional,1,0.10795008909842105,0.031250103092947346,0.03173186938273912
2,2,1.55,positional,2,0.6079500890984211,0.4617484293934212,0.46237600255446093
2,2,1.55,positional,3,1.0,0.9999999999999989,1.0
2,2,1.65,uniform,0,0.0,0.0,0.0
2,2,1.65,uniform,1,0.25,0.10135291896027306,0.10153154954452945
2,2,1.65,uniform,2,0.75,0.6227036848133125,0.6220869409614409
2,2,1.65,uniform,3,1.0,1.0000000000000004,1.0
2,2,1.65,positional,0,0.0,0.0,0.0
2,2,1.65,positional,1,0.15081836866663634,0.04379971931862905,0.04410110732465525
2,2,1.65,positional,2,0.6508183686666363,0.492140844702729,0.4922760114922842
2,2,1.65,positional,3,1.0,0.9999999999999992,1.0
2,2,1.75,uniform,0,0.0,0.0,0.0
2,2,1.75,uniform,1,0.25,0.08830097022764388,0.08838834764831845
2,2,1.75,uniform,2,0.75,0.6048808479541746,0.6044455866507423
2,2,1.75,uniform,3,1.0,1.0000000000000002,1.0
2,2,1.75,positional,0,0.0,0.0,0.0
2,2,1.75,positional,1,0.18252815829730407,0.05080979727991035,0.05097148372989493
2,2,1.75,positional,2,0.6825281582973041,0.5125863502334205,0.5125202192296658
2,2,1.75,positional,3,1.0,0.9999999999999999,1.0
2,2,1.85,uniform,0,0.0,0.0,0.0
2,2,1.85,uniform,1,0.25,0.0769170357984006,0.07694652583405726
2,2,1.85,uniform,2,0.75,0.5875566484121257,0.5873045119013454
2,2,1.85,uniform,3,1.0,0.9999999999999999,1.0
2,2,1.85,positional,0,0.0,0.0,0.0
2,2,1.85,positional,1,0.20301614653381192,0.05228102766645743,0.05235179454367074
2,2,1.85,positional,2,0.703016146533812,0.5211502384859771,0.5210576838074803
2,2,1.85,positional,3,1.0,0.9999999999999989,1.0
2,2,1.95,uniform,0,0.0,0.0,0.0
2,2,1.95,uniform,1,0.25,0.06698282930187002,0.06698584140851832
2,2,1.95,uniform,2,0.75,0.5707290351049097,0.5706495296142864
2,2,1.95,uniform,3,1.0,1.0,1.0
2,2,1.95,positional,0,0.0,0.0,0.0
2,2,1.95,positional,1,0.21590987864934597,0.0503141455139187,0.05033051809270328
2,2,1.95,positional,2,0.715909878649346,0.5212023270405433,0.5211632606642198
2,2,1.95,positional,3,1.0,0.9999999999999991,1.0
2,4,1.55,uniform,0,0.0,0.0,0.0
2,4,1.55,uniform,1,0.125,0.039740450107314015,0.03983001960372694
2,4,1.55,uniform,2,0.375,0.21887765677970644,0.21864948813111684
2,4,1.55,uniform,3,0.625,0.48259731988183074,0.4826296810348376
2,4,1.55,uniform,4,0.875,0.8130618502017809,0.8130410663714555
2,4,1.55,uniform,5,1.0,1.0000000000000009,1.0
2,4,1.55,positional,0,0.0,0.0,0.0
2,4,1.55,positional,1,0.03201419343440047,0.0048059324245432414,0.004822597040084178
2,4,1.55,positional,2,0.12439867594093564,0.039521941098799904,0.03953342349034486
2,4,1.55,positional,3,0.3190420839076627,0.1700816838034729,0.17020188228403788
2,4,1.55,positional,4,0.7266576014011276,0.6094990719492742,0.6096228297244671
2,4,1.55,positional,5,1.0,0.9999999999999996,1.0
2,4,1.65,uniform,0,0.0,0.0,0.0
2,4,1.65,uniform,1,0.125,0.03230387256289598,0.032352028870043056
2,4,1.65,uniform,2,0.375,0.19839211207671417,0.19822188042973374
2,4,1.65,uniform,3,0.625,0.4604497480339776,0.46047072926222576
2,4,1.65,uniform,4,0.875,0.8022723853851925,0.80225657940896
2,4,1.65,uniform,5,1.0,1.0000000000000013,1.0
2,4,1.65,positional,0,0.0,0.0,0.0
2,4,1.65,positional,1,0.04737466791555235,0.006505226392557122,0.006526061991175316
2,4,1.65,positional,2,0.17742293434708806,0.057661184132675576,0.05765886645341933
2,4,1.65,positional,3,0.4021055020223317,0.22236242477069057,0.22241343923345733
2,4,1.65,positional,4,0.772057235590796,0.6525221274473273,0.6525618354124659
2,4,1.65,positional,5,1.0,0.9999999999999996,1.0
2,4,1.75,uniform,0,0.0,0.0,0.0
2,4,1.75,uniform,1,0.125,0.02625733172471578,0.026278012976678578
2,4,1.75,uniform,2,0.375,0.17981626339711804,0.17970274806926415
2,4,1.75,uniform,3,0.625,0.43931747174611746,0.4393291603049602
2,4,1.75,uniform,4,0.875,0.7916259399655139,0.7916151419969174
2,4,1.75,uniform,5,1.0,1.0000000000000013,1.0
2,4,1.75,positional,0,0.0,0.0,0.0
2,4,1.75,positional,1,0.0607621937379344,0.007418254137903343,0.007436327856623963
2,4,1.75,positional,2,0.22032051910294698,0.07085986168936573,0.0708510279749263
2,4,1.75,positional,3,0.46420188722433026,0.2610406276185129,0.26105804302492175
2,4,1.75,positional,4,0.8046435618593177,0.6835983807430182,0.6836065201278961
2,4,1.75,positional,5,1.0,0.9999999999999991,1.0
2,4,1.85,uniform,0,0.0,0.0,0.0
2,4,1.85,uniform,1,0.125,0.021338781148587734,0.021344379011787425
2,4,1.85,uniform,2,0.375,0.1629759827042782,0.16291378930335976
2,4,1.85,uniform,3,0.625,0.4191532319036096,0.419158263118061
2,4,1.85,uniform,4,0.875,0.7811209508698456,0.7811148566715026
2,4,1.85,uniform,5,1.0,1.0000000000000016,1.0
2,4,1.85,positional,0,0.0,0.0,0.0
2,4,1.85,positional,1,0.07084844559418704,0.00745520203947276,0.007466397436270843
2,4,1.85,positional,2,0.25038138782019737,0.0771717248223653,0.07716383048495114
2,4,1.85,positional,3,0.5041881579923697,0.2817019231509861,0.2817061874176448
2,4,1.85,positional,4,0.8246552157663594,0.7000097691035087,0.700009539954758
2,4,1.85,positional,5,1.0,0.9999999999999982,1.0
2,4,1.95,uniform,0,0.0,0.0,0.0
2,4,1.95,uniform,1,0.125,0.01733691325939091,0.01733702300106008
2,4,1.95,uniform,2,0.375,0.1477119282442262,0.14769336045406303
2,4,1.95,uniform,3,0.625,0.39991241395109395,0.39991347129835847
2,4,1.95,uniform,4,0.875,0.7707557362570845,0.7707538511375747
2,4,1.95,uniform,5,1.0,1.0000000000000018,1.0
2,4,1.95,positional,0,0.0,0.0,0.0
2,4,1.95,positional,1,0.07823332187318882,0.006948521123553012,0.006952067080331832
2,4,1.95,positional,2,0.27100779406868053,0.07840258762997748,0.07839971308016865
2,4,1.95,positional,3,0.5295727393659609,0.2895039727417726,0.28950426149207986
2,4,1.95,positional,4,0.8367982671704692,0.7064980971976322,0.7064972988939203
2,4,1.95,positional,5,1.0,1.0000000000000007,1.0
2,8,1.55,uniform,0,0.0,0.0,0.0
2,8,1.55,uniform,1,0.0625,0.01357177465319585,0.013602352551501938
2,8,1.55,uniform,2,0.1875,0.07474888965779795,0.074671000726462
2,8,1.55,uniform,3,0.3125,0.16481196253788544,0.16482289334953037
2,8,1.55,uniform,4,0.4375,0.2776683542190183,0.27766170676448265
2,8,1.55,uniform,5,0.5625,0.4099114203199284,0.4099113244109841
2,8,1.55,uniform,6,0.6875,0.5594657685273939,0.5594646992351152
2,8,1.55,uniform,7,0.8125,0.7248138767148842,0.7248134153365206
2,8,1.55,uniform,8,0.9375,0.9048062651750423,0.9048060136980782
2,8,1.55,uniform,9,1.0,1.0000000000000004,1.0
2,8,1.55,positional,0,0.0,0.0,0.0
2,8,1.55,positional,1,0.010364919560038502,0.0008372202534956795,0.0008397058924483312
2,8,1.55,positional,2,0.0365060171838031,0.0059143729732075555,0.005911053682843658
2,8,1.55,positional,3,0.07516516291335117,0.018104242110661858,0.01810613419242243
2,8,1.55,positional,4,0.13199121319449517,0.04333305219132961,0.04333559682023615
2,8,1.55,positional,5,0.21877565397045778,0.09483488724974404,0.09484150469860478
2,8,1.55,positional,6,0.35378155386056986,0.19976390939501126,0.1997742628747251
2,8,1.55,positional,7,0.5560082306676132,0.4025902625183631,0.4026019664961207
2,8,1.55,positional,8,0.8380351828725925,0.7604168452029414,0.7604251818581347
2,8,1.55,positional,9,1.0,0.9999999999999984,1.0
2,8,1.65,uniform,0,0.0,0.0,0.0
2,8,1.65,uniform,1,0.0625,0.010293315305232044,0.01030865555291324
2,8,1.65,uniform,2,0.1875,0.0632156808491816,0.0631614510672313
2,8,1.65,uniform,3,0.3125,0.14671782706718053,0.14672446538765516
2,8,1.65,uniform,4,0.4375,0.25563602299057225,0.2556311622806224
2,8,1.65,uniform,5,0.5625,0.3869924613589447,0.3869921621147632
2,8,1.65,uniform,6,0.6875,0.538890669150669,0.538889794658675
2,8,1.65,uniform,7,0.8125,0.709919039160384,0.7099186081800853
2,8,1.65,uniform,8,0.9375,0.8989855527434425,0.8989853326051906
2,8,1.65,uniform,9,1.0,1.0000000000000027,1.0
2,8,1.65,positional,0,0.0,0.0,0.0
2,8,1.65,positional,1,0.014845853848704214,0.0009593302577826555,0.0009619412494114751
2,8,1.65,positional,2,0.052846081891914254,0.007818671591856114,0.007815758095954632
2,8,1.65,positional,3,0.10875125232286113,0.025709094602576255,0.025710856246820558
2,8,1.65,positional,4,0.18651931160435126,0.0626156903796719,0.06261729122651767
2,8,1.65,positional,5,0.2929574852229472,0.13189164337712192,0.1318947740617627
2,8,1.65,positional,6,0.4365696124812103,0.25473100770507084,0.25473480073180627
2,8,1.65,positional,7,0.6252622000010031,0.4607847625443214,0.460789514242374
2,8,1.65,positional,8,0.8658817854180397,0.7885052986064881,0.788509075984265
2,8,1.65,positional,9,1.0,0.9999999999999996,1.0
2,8,1.75,uniform,0,0.0,0.0,0.0
2,8,1.75,uniform,1,0.0625,0.007806351670649038,0.0078125
2,8,1.75,uniform,2,0.1875,0.0534596942253319,0.0534259466473776
2,8,1.75,uniform,3,0.3125,0.13060986846645956,0.1306133408157074
2,8,1.75,uniform,4,0.4375,0.23535179006751494,0.23534858980165588
2,8,1.75,uniform,5,0.5625,0.3653548240460737,0.36535446722156006
2,8,1.75,uniform,6,0.6875,0.5190721978319455,0.5190715539055438
2,8,1.75,uniform,7,0.8125,0.6953302403190574,0.6953298870804656
2,8,1.75,uniform,8,0.9375,0.8932022687586684,0.8932020963655337
2,8,1.75,uniform,9,1.0,1.0000000000000027,1.0
2,8,1.75,positional,0,0.0,0.0,0.0
2,8,1.75,positional,1,0.01924259731652354,0.0009920119530437302,0.000994171846358259
2,8,1.75,positional,2,0.06817485511728313,0.009097949086139681,0.009095831184930334
2,8,1.75,positional,3,0.13853213283331828,0.03145541465629634,0.031456718151342405
2,8,1.75,positional,4,0.23219731580132716,0.07766859245542498,0.07766942521909545
2,8,1.75,positional,5,0.35201707188019893,0.1608729622991792,0.16087424461161046
2,8,1.75,positional,6,0.5003958378661887,0.2977126432723456,0.29771379258032266
2,8,1.75,positional,7,0.6785909352893957,0.5073563104465363,0.5073575114066565
2,8,1.75,positional,8,0.8876147285346375,0.8116939925840545,0.8116950080738183
2,8,1.75,positional,9,1.0,0.9999999999999966,1.0
2,8,1.85,uniform,0,0.0,0.0,0.0
2,8,1.85,uniform,1,0.0625,0.005919213726533019,0.005920767837931241
2,8,1.85,uniform,2,0.1875,0.045208297692840314,0.045191041797475254
2,8,1.85,uniform,3,0.3125,0.11626989318414022,0.11627130318019543
2,8,1.85,uniform,4,0.4375,0.2166770438511011,0.2166752997853374
2,8,1.85,uniform,5,0.5625,0.344926874756469,0.34492658969967743
2,8,1.85,uniform,6,0.6875,0.4999825416257422,0.49998214986530265
2,8,1.85,uniform,7,0.8125,0.681041196562024,0.6810409620150252
2,8,1.85,uniform,8,0.9375,0.8874561749872111,0.8874560640937177
2,8,1.85,uniform,9,1.0,1.0000000000000027,1.0
2,8,1.85,positional,0,0.0,0.0,0.0
2,8,1.85,positional,1,0.02313252744405767,0.0009401769323407414,0.0009414834914812738
2,8,1.85,positional,2,0.08094889423182139,0.009555297213015743,0.009554109252097013
2,8,1.85,positional,3,0.16167540392788485,0.03435434673967644,0.034355107839520845
2,8,1.85,positional,4,0.26550905365605737,0.08600920196281212,0.08600956859443668
2,8,1.85,positional,5,0.3927199301751274,0.17744036058248136,0.17744078186867615
2,8,1.85,positional,6,0.5423464075436053,0.32241238918337495,0.32241261078736444
2,8,1.85,positional,7,0.7124372080651573,0.5340490079564872,0.5340491118227245
2,8,1.85,positional,8,0.9011607141807432,0.8248672937640997,0.8248674446588962
2,8,1.85,positional,9,1.0,0.9999999999999986,1.0
2,8,1.95,uniform,0,0.0,0.0,0.0
2,8,1.95,uniform,1,0.0625,0.004487073722356259,0.004487102949207168
2,8,1.95,uniform,2,0.1875,0.03823024700783288,0.038225438890588166
2,8,1.95,uniform,3,0.3125,0.10350381462989204,0.103504097351709
2,8,1.95,uniform,4,0.4375,0.19948412843008057,0.19948360674959742
2,8,1.95,uniform,5,0.5625,0.3256409986169171,0.3256408856490063
2,8,1.95,uniform,6,0.6875,0.48159490919774917,0.48159477879887747
2,8,1.95,uniform,7,0.8125,0.6670457561407235,0.6670456722201512
2,8,1.95,uniform,8,0.9375,0.8817470352803992,0.8817469964539856
2,8,1.95,uniform,9,1.0,1.0000000000000018,1.0
2,8,1.95,positional,0,0.0,0.0,0.0
2,8,1.95,positional,1,0.026524119702631545,0.0008431287242730662,0.0008435287892457114
2,8,1.95,positional,2,0.09143513492939093,0.00942294055776062,0.009422595866709486
2,8,1.95,positional,3,0.17937531757355074,0.03506179844260701,0.03506204411159406
2,8,1.95,positional,4,0.2894440002399915,0.08913543363024078,0.08913553506080714
2,8,1.95,positional,5,0.42040294392887523,0.18456443994847985,0.18456451667132104
2,8,1.95,positional,6,0.5695424851372151,0.33363833840205465,0.333638335238926
2,8,1.95,positional,7,0.7335101582811974,0.5464393982058119,0.5464393408315412
2,8,1.95,positional,8,0.9093909191796573,0.8309285930268362,0.8309285777779251
2,8,1.95,positional,9,1.0,1.0,1.0
2,16,1.55,uniform,0,0.0,0.0,0.0
2,16,1.55,uniform,1,0.03125,0.004634897627384874,0.004645340292979378
2,16,1.55,uniform,2,0.09375,0.02552749812180377,0.02550089825112095
2,16,1.55,uniform,3,0.15625,0.05628494384396953,0.056288676887548704
2,16,1.55,uniform,4,0.21875,0.0948265377013024,0.09482426729985438
2,16,1.55,uniform,5,0.28125,0.13998887461119286,0.13998884271122877
2,16,1.55,uniform,6,0.34375,0.19106319370790492,0.19106282534703936
2,16,1.55,uniform,7,0.40625,0.2475312216684181,0.2475310759963327
2,16,1.55,uniform,8,0.46875,0.3090004900844479,0.30900035981626095
2,16,1.55,uniform,9,0.53125,0.375157353787664,0.37515726557713075
2,16,1.55,uniform,10,0.59375,0.44574418121997683,0.44574411195209007
2,16,1.55,uniform,11,0.65625,0.520544048192724,0.5205439945498125
2,16,1.55,uniform,12,0.71875,0.5993709784964667,0.5993709354691211
2,16,1.55,uniform,13,0.78125,0.6820631233881983,0.6820630881529534
2,16,1.55,uniform,14,0.84375,0.7684779028494886,0.7684778744124325
2,16,1.55,uniform,15,0.90625,0.8584884248117028,0.8584883981240155
2,16,1.55,uniform,16,0.96875,0.9519807455446145,0.951980733431581
2,16,1.55,uniform,17,1.0,0.9999999999999949,1.0
2,16,1.55,positional,0,0.0,0.0,0.0
2,16,1.55,positional,1,0.003595462367538201,0.00016229827457003797,0.00016271210315099225
2,16,1.55,positional,2,0.012011778417373175,0.0010561315199678254,0.0010553374108286733
2,16,1.55,positional,3,0.023078069324568025,0.002903564954580176,0.0029037497410742373
2,16,1.55,positional,4,0.037224828057390205,0.006092461508819759,0.006092431930984163
2,16,1.55,positional,5,0.05492917127133466,0.011135042773732408,0.0111351154063048
2,16,1.55,positional,6,0.07679696166071845,0.018718939973179517,0.01871902650829762
2,16,1.55,positional,7,0.10375273164254896,0.029839881291050415,0.029840032149341902
2,16,1.55,positional,8,0.13720269629400614,0.04601610380910689,0.04601634300047657
2,16,1.55,positional,9,0.17914018303036788,0.06957398265207945,0.06957435215757465
2,16,1.55,positional,10,0.23211360316652085,0.10395220752785264,0.10395273488210252
2,16,1.55,positional,11,0.29897234593074706,0.1538955893445037,0.15389626498858885
2,16,1.55,positional,12,0.38243189558530893,0.22540180582915986,0.22540257053743779
2,16,1.55,positional,13,0.4846471084764232,0.32539336958458437,0.3253941345802114
2,16,1.55,positional,14,0.6069714007431367,0.4612221018434865,0.46122278531074523
2,16,1.55,positional,15,0.7499261795749267,0.6401449627604094,0.6401455017260782
2,16,1.55,positional,16,0.9132880876940003,0.8688441565713192,0.868844545909823
2,16,1.55,positional,17,1.0,1.0000000000000024,1.0
2,16,1.65,uniform,0,0.0,0.0,0.0
2,16,1.65,uniform,1,0.03125,0.0032798635983515055,0.0032847516220848236
2,16,1.65,uniform,2,0.09375,0.020143054474304287,0.020125774673661303
2,16,1.65,uniform,3,0.15625,0.04675019137354765,0.046752306661893284
2,16,1.65,uniform,4,0.21875,0.08145590265411462,0.08145435363968555
2,16,1.65,uniform,5,0.28125,0.12331133784403422,0.12331124322815756
2,16,1.65,uniform,6,0.34375,0.17171221007657564,0.17171192868402732
2,16,1.65,uniform,7,0.40625,0.22620870373272597,0.22620857664690677
2,16,1.65,uniform,8,0.46875,0.2864529357368488,0.28645282736902183
2,16,1.65,uniform,9,0.53125,0.352162695723248,0.3521626198256012
2,16,1.65,uniform,10,0.59375,0.4231029356992773,0.4231028759309851
2,16,1.65,uniform,11,0.65625,0.49907338824013947,0.4990733413507092
2,16,1.65,uniform,12,0.71875,0.5799005138741785,0.5799004759608274
2,16,1.65,uniform,13,0.78125,0.6654318294267534,0.6654317981036274
2,16,1.65,uniform,14,0.84375,0.7555318225222994,0.7555317970628757
2,16,1.65,uniform,15,0.90625,0.8500789157091745,0.8500788916134053
2,16,1.65,uniform,16,0.96875,0.9489631223072926,0.9489631113343109
2,16,1.65,uniform,17,1.0,0.999999999999995,1.0
2,16,1.65,positional,0,0.0,0.0,0.0
2,16,1.65,positional,1,0.004832554051917705,0.00015063518121045746,0.0001509703244824071
2,16,1.65,positional,2,0.016504815852374982,0.0011462490705358892,0.0011456649515234636
2,16,1.65,positional,3,0.03240800601082447,0.0034878299055743417,0.003487998686355724
2,16,1.65,positional,4,0.05296041805112346,0.007843678308113928,0.00784367910140639
2,16,1.65,positional,5,0.07854558549830454,0.015029644929763549,0.015029721710448972
2,16,1.65,positional,6,0.10960518312282526,0.026044734048298296,0.026044816491675202
2,16,1.65,positional,7,0.14677691428212936,0.04216810414869633,0.042168222308803974
2,16,1.65,positional,8,0.19093540869825548,0.06508211398065274,0.06508226876300957
2,16,1.65,positional,9,0.24316849983647312,0.09699429349726076,0.09699449151336462
2,16,1.65,positional,10,0.3046977528401687,0.140728975662491,0.1407292148355985
2,16,1.65,positional,11,0.3767487457590503,0.19974913361391586,0.19974940531835364
2,16,1.65,positional,12,0.46041982638468254,0.2781017188176207,0.2781020099148871
2,16,1.65,positional,13,0.5566166697081603,0.3803359694674694,0.38033627098611267
2,16,1.65,positional,14,0.6660755020149768,0.511462097414747,0.5114623977441879
2,16,1.65,positional,15,0.7894400507802606,0.6769808723837002,0.6769811978705309
2,16,1.65,positional,16,0.927338118962713,0.8829635222598556,0.8829637724713478
2,16,1.65,positional,17,1.0,1.0000000000000058,1.0
2,16,1.75,uniform,0,0.0,0.0,0.0
2,16,1.75,uniform,1,0.03125,0.002320842233572009,0.0023226701464896895
2,16,1.75,uniform,2,0.09375,0.015893662195651272,0.015883628969704303
2,16,1.75,uniform,3,0.15625,0.038830546177155804,0.038831578553078644
2,16,1.75,uniform,4,0.21875,0.06997050596948003,0.0699695543744965
2,16,1.75,uniform,5,0.28125,0.10862063850332733,0.10862053297947691
2,16,1.75,uniform,6,0.34375,0.15432108980803108,0.1543208962749978
2,16,1.75,uniform,7,0.40625,0.2067229094563955,0.20672281224753208
2,16,1.75,uniform,8,0.46875,0.26555065243187903,0.2655505720333097
2,16,1.75,uniform,9,0.53125,0.33057745087451257,0.3305773929545108
2,16,1.75,uniform,10,0.59375,0.40161173026484215,0.40161168441931483
2,16,1.75,uniform,11,0.65625,0.4784883153115238,0.4784882789059374
2,16,1.75,uniform,12,0.71875,0.5610625405903912,0.5610625109080203
2,16,1.75,uniform,13,0.78125,0.6492060668457799,0.6492060421075425
2,16,1.75,uniform,14,0.84375,0.742803834621398,0.7428038143707203
2,16,1.75,uniform,15,0.90625,0.8417517815489377,0.8417517622204201
2,16,1.75,uniform,16,0.96875,0.9459550634331676,0.9459550546019712
2,16,1.75,uniform,17,1.0,0.9999999999999877,1.0
2,16,1.75,positional,0,0.0,0.0,0.0
2,16,1.75,positional,1,0.006120917832005521,0.0001337036570468478,0.00013394575719510065
2,16,1.75,positional,2,0.021109960293926578,0.001169459967855515,0.0011691035486766984
2,16,1.75,positional,3,0.04172266638243853,0.00385155941591636,0.0038516879655339227
2,16,1.75,positional,4,0.06816941690147155,0.009094545327772381,0.009094561489188068
2,16,1.75,positional,5,0.10060127472867514,0.017970268816583694,0.017970331827126505
2,16,1.75,positional,6,0.1392251289504546,0.031732550729205285,0.031732614107680905
2,16,1.75,positional,7,0.18437601571718576,0.05187786424955493,0.05187794270871717
2,16,1.75,positional,8,0.23647307978837007,0.08018950141024518,0.08018958913188244
2,16,1.75,positional,9,0.29594688252363,0.11874730147846148,0.11874739650617415
2,16,1.75,positional,10,0.3631778371524339,0.16990595147372115,0.169906049185086
2,16,1.75,positional,11,0.4384500132042699,0.23624355903260824,0.2362436549976585
2,16,1.75,positional,12,0.5219310192580581,0.3204961498445101,0.32049624076195504
2,16,1.75,positional,13,0.6136934374257275,0.425515124161367,0.4255152100001019
2,16,1.75,positional,14,0.7137739814767166,0.554282521420369,0.5542826028828127
2,16,1.75,positional,15,0.8222481930345448,0.7099946393766334,0.709994727430763
2,16,1.75,positional,16,0.9392989770270458,0.8962036325418834,0.8962037078298807
2,16,1.75,positional,17,1.0,1.0000000000000009,1.0
2,16,1.85,uniform,0,0.0,0.0,0.0
2,16,1.85,uniform,1,0.03125,0.001641944710123416,0.0016423758110424107
2,16,1.85,uniform,2,0.09375,0.01254043675786617,0.012535650097355133
2,16,1.85,uniform,3,0.15625,0.032252380974369665,0.032252772121572446
2,16,1.85,uniform,4,0.21875,0.06010455838216706,0.06010407449823971
2,16,1.85,uniform,5,0.28125,0.0956800822328591,0.09568000350880831
2,16,1.85,uniform,6,0.34375,0.1386913424894126,0.1386912325173475
2,16,1.85,uniform,7,0.40625,0.1889156253771285,0.1889155651698972
2,16,1.85,uniform,8,0.46875,0.24617358800752276,0.24617353912996848
2,16,1.85,uniform,9,0.53125,0.31031523303187425,0.31031519695849497
2,16,1.85,uniform,10,0.59375,0.3812121505203118,0.38121212177349667
2,16,1.85,uniform,11,0.65625,0.45875230272902817,0.4587522796363461
2,16,1.85,uniform,12,0.71875,0.5428365128287327,0.5428364938394649
2,16,1.85,uniform,13,0.78125,0.6333759476675538,0.6333759317033798
2,16,1.85,uniform,14,0.84375,0.7302902653901581,0.7302902522284898
2,16,1.85,uniform,15,0.90625,0.8335062156713186,0.8335062030024054
2,16,1.85,uniform,16,0.96875,0.9429565387214803,0.9429565329139307
2,16,1.85,uniform,17,1.0,0.9999999999999987,1.0
2,16,1.85,positional,0,0.0,0.0,0.0
2,16,1.85,positional,1,0.007387406322020142,0.00011380910893963301,0.00011394891006658336
2,16,1.85,positional,2,0.02549433988032088,0.0011271611305589447,0.001126992373163524
2,16,1.85,positional,3,0.0502090288327079,0.0039485549478893295,0.00394862934806176
2,16,1.85,positional,4,0.08139983032291169,0.009652787353720261,0.0096528036962997
2,16,1.85,positional,5,0.11895675249177237,0.0194746179475975,0.019474657748415315
2,16,1.85,positional,6,0.16288683002040255,0.03483281375381688,0.03483285301874668
2,16,1.85,positional,7,0.21330287653769026,0.05736454936232681,0.05736459313745024
2,16,1.85,positional,8,0.27031630207753504,0.08891262460275093,0.08891266746337857
2,16,1.85,positional,9,0.3339480335581448,0.13146368977994696,0.1314637291216685
2,16,1.85,positional,10,0.4040977126655775,0.18706810547365074,0.18706813889528545
2,16,1.85,positional,11,0.480554214202015,0.25776466160152006,0.25776468801677993
2,16,1.85,positional,12,0.5630264467748207,0.34552402225601486,0.3455240417392146
2,16,1.85,positional,13,0.651186639247177,0.4522255830569985,0.4522255966558174
2,16,1.85,positional,14,0.7447195685897174,0.579677720739426,0.5796777307446395
2,16,1.85,positional,15,0.8433686087958985,0.7296796677039097,0.7296796748951787
2,16,1.85,positional,16,0.94697252965614,0.9041159869928265,0.9041159994488909
2,16,1.85,positional,17,1.0,1.0000000000000024,1.0
2,16,1.95,uniform,0,0.0,0.0,0.0
2,16,1.95,uniform,1,0.03125,0.0011613275080947425,0.001161335073244845
2,16,1.95,uniform,2,0.09375,0.009894608441548032,0.009893364020466998
2,16,1.95,uniform,3,0.15625,0.026788467184095385,0.026788540365521887
2,16,1.95,uniform,4,0.21875,0.05162973028809878,0.05162959523730632
2,16,1.95,uniform,5,0.28125,0.08428117579094377,0.0842811466702643
2,16,1.95,uniform,6,0.34375,0.12464457968581123,0.12464454549890625
2,16,1.95,uniform,7,0.40625,0.1726422668494157,0.17264224676242884
2,16,1.95,uniform,8,0.46875,0.22821045042621696,0.22821043428282467
2,16,1.95,uniform,9,0.53125,0.29129495101209346,0.29129493884247654
2,16,1.95,uniform,10,0.59375,0.36184874930365485,0.3618487395285111
2,16,1.95,uniform,11,0.65625,0.43983033054041587,0.43983032260005667
2,16,1.95,uniform,12,0.71875,0.5252025523187177,0.5252025457324333
2,16,1.95,uniform,13,0.78125,0.6179318251331285,0.617931819548085
2,16,1.95,uniform,14,0.84375,0.7179875030616928,0.7179874984241513
2,16,1.95,uniform,15,0.90625,0.8253414194231157,0.8253414149212855
2,16,1.95,uniform,16,0.96875,0.9399675181161383,0.93996751604567
2,16,1.95,uniform,17,1.0,0.9999999999999907,1.0
2,16,1.95,positional,0,0.0,0.0,0.0
2,16,1.95,positional,1,0.008650383383116987,9.484664831711747e-05,9.488967161440854e-05
2,16,1.95,positional,2,0.029689513830286104,0.0010509776823305515,0.001050935391696136
2,16,1.95,positional,3,0.05791552687728555,0.003867655152165029,0.0038676776663817145
2,16,1.95,positional,4,0.09282391467748474,0.00970367968242241,0.009703686698317794
2,16,1.95,positional,5,0.134094373441244,0.01988155206651958,0.019881565713328102
2,16,1.95,positional,6,0.18160688885743836,0.03591764522342886,0.035917658843677716
2,16,1.95,positional,7,0.23534180641240351,0.05954058640206257,0.059540600598832545
2,16,1.95,positional,8,0.295227075961163,0.0926412703848001,0.09264128299796077
2,16,1.95,positional,9,0.36104741272519164,0.13716718658173932,0.13716719653822637
2,16,1.95,positional,10,0.4324424056607403,0.19501145408060627,0.19501146080609952
2,16,1.95,positional,11,0.5089543267459098,0.2679314381647891,0.267931441709733
2,16,1.95,positional,12,0.5900840801122937,0.3575049834500142,0.3575049842585941
2,16,1.95,positional,13,0.6753385390079314,0.4651221185121338,0.465122117121838
2,16,1.95,positional,14,0.7642663882409093,0.5920076027510934,0.5920076001924052
2,16,1.95,positional,15,0.8564828235627405,0.7392671106269592,0.7392671062642715
2,16,1.95,positional,16,0.9516849248155078,0.9079495561245181,0.9079495554620297
2,16,1.95,positional,17,1.0,0.999999999999999,1.0
2,32,1.55,uniform,0,0.0,0.0,0.0
2,32,1.55,uniform,1,0.015625,0.0015828641862360446,0.0015864304616332722
2,32,1.55,uniform,2,0.046875,0.008717897522152358,0.008708813398607244
2,32,1.55,uniform,3,0.078125,0.019221874785006917,0.01922314965695806
2,32,1.55,uniform,4,0.109375,0.0323842169771566,0.03238344161221013
2,32,1.55,uniform,5,0.140625,0.04780760955415907,0.0478075986599994
2,32,1.55,uniform,6,0.171875,0.0652500035472738,0.06524987774832247
2,32,1.55,uniform,7,0.203125,0.08453440340064626,0.08453435365218052
2,32,1.55,uniform,8,0.234375,0.10552677720313026,0.10552673271515144
2,32,1.55,uniform,9,0.265625,0.12812001197256317,0.12811998184806514
2,32,1.55,uniform,10,0.296875,0.15222612394122048,0.15222610028444827
2,32,1.55,uniform,11,0.328125,0.17777103130724078,0.17777101299169615
2,32,1.55,uniform,12,0.359375,0.20469122135425052,0.2046912066448401
2,32,1.55,uniform,13,0.390625,0.2329314209925109,0.23293140901578907
2,32,1.55,uniform,14,0.421875,0.2624429381404257,0.26244292821810783
2,32,1.55,uniform,15,0.453125,0.29318243627601825,0.29318242794849997
2,32,1.55,uniform,16,0.484375,0.32511100845290464,0.3251110013805286
2,32,1.55,uniform,17,0.515625,0.3581934619644037,0.35819345589660956
2,32,1.55,uniform,18,0.546875,0.39239775578423086,0.3923977505310798
2,32,1.55,uniform,19,0.578125,0.42769455107653936,0.42769454649208793
2,32,1.55,uniform,20,0.609375,0.46405684707010453,0.464056843040433
2,32,1.55,uniform,21,0.640625,0.5014596824617858,0.5014596788968282
2,32,1.55,uniform,22,0.671875,0.53987988788557,0.5398798847132739
2,32,1.55,uniform,23,0.703125,0.5792958787093399,0.5792958758714254
2,32,1.55,uniform,24,0.734375,0.6196874800633181,0.619687477512236
2,32,1.55,uniform,25,0.765625,0.6610357779099687,0.6610357756064335
2,32,1.55,uniform,26,0.796875,0.7033229913600081,0.703322989271795
2,32,1.55,uniform,27,0.828125,0.7465323624828005,0.7465323605814791
2,32,1.55,uniform,28,0.859375,0.7906480606228545,0.7906480588899415
2,32,1.55,uniform,29,0.890625,0.8356550989000464,0.835655097299431
2,32,1.55,uniform,30,0.921875,0.8815392607726407,0.881539259349922
2,32,1.55,uniform,31,0.953125,0.9282870358646655,0.928287034373497
2,32,1.55,uniform,32,0.984375,0.9758855609413593,0.9758855602357629
2,32,1.55,uniform,33,1.0,1.0000000000000089,1.0
2,32,1.55,positional,0,0.0,0.0,0.0
2,32,1.55,positional,1,0.0009290105860455083,1.9912897552558005e-05,1.9972481489643706e-05
2,32,1.55,positional,2,0.003243361978660586,0.0001387801729705564,0.00013868928300000394
2,32,1.55,positional,3,0.006437998848258637,0.00040137126815217454,0.0004013875398733853
2,32,1.55,positional,4,0.010515826138943708,0.0008587360983523578,0.0008587312462076085
2,32,1.55,positional,5,0.015552166542490697,0.0015749773237654697,0.001574983079424811
2,32,1.55,positional,6,0.021636955574543874,0.002627563303756048,0.0026275684452155704
2,32,1.55,positional,7,0.028865918523954898,0.004107680416430187,0.004107686978354621
2,32,1.55,positional,8,0.03732499470664456,0.00611785444028302,0.006117861204480852
2,32,1.55,positional,9,0.04709284224116208,0.00877161864653312,0.008771625856875765
2,32,1.55,positional,10,0.05825017337585925,0.012195803456139272,0.012195811258028476
2,32,1.55,positional,11,0.07088926813030896,0.016534822379639366,0.016534831122427287
2,32,1.55,positional,12,0.08512149516117568,0.021956374426057072,0.021956384487385162
2,32,1.55,positional,13,0.10108256466658178,0.028658140823166582,0.028658152611893466
2,32,1.55,positional,14,0.11893565379220791,0.03687512792266294,0.036875141846215494
2,32,1.55,positional,15,0.1388723000195517,0.04688717553576616,0.04688719196895164
2,32,1.55,positional,16,0.16111052969776257,0.05902580830872657,0.059025827536436086
2,32,1.55,positional,17,0.18588943347917236,0.0736791590785033,0.07367918121562378
2,32,1.55,positional,18,0.2134596128294599,0.09129337095913921,0.09129339586096535
2,32,1.55,positional,19,0.24406972103605146,0.11236898222442115,0.1123690094182128
2,32,1.55,positional,20,0.27795050576180785,0.13745150067474046,0.13745152934832944
2,32,1.55,positional,21,0.3152988159037051,0.16711658452686282,0.16711661359699584
2,32,1.55,positional,22,0.3562643960800008,0.20195155157084305,0.20195157982355968
2,32,1.55,positional,23,0.4009416984678922,0.2425358001978128,0.2425358264617366
2,32,1.55,positional,24,0.44936763163314997,0.289422795648543,0.28942281894981164
2,32,1.55,positional,25,0.5015247200616042,0.343125590030986,0.3431256096884311
2,32,1.55,positional,26,0.5573481232341302,0.4041067687727545,0.40410678442859377
2,32,1.55,positional,27,0.6167346077722995,0.4727726933043943,0.47277270487375467
2,32,1.55,positional,28,0.6795517897846801,0.5494712363068208,0.5494712439836301
2,32,1.55,positional,29,0.745646497643732,0.6344919550146253,0.6344919589261526
2,32,1.55,positional,30,0.8148516830465592,0.728067722736251,0.7280677239151883
2,32,1.55,positional,31,0.886991767534667,0.8303771021123922,0.8303770984897973
2,32,1.55,positional,32,0.9618865986618921,0.9415470003445469,0.9415470017669942
2,32,1.55,positional,33,1.0,1.0000000000000115,1.0
2,32,1.65,uniform,0,0.0,0.0,0.0
2,32,1.65,uniform,1,0.015625,0.0010450962513593013,0.0010466537720080992
2,32,1.65,uniform,2,0.046875,0.006418386036724409,0.006412879998336968
2,32,1.65,uniform,3,0.078125,0.014896488311091933,0.014897162326901307
2,32,1.65,uniform,4,0.109375,0.02595512159642291,0.02595462801822066
2,32,1.65,uniform,5,0.140625,0.039291944029517814,0.039291913881099656
2,32,1.65,uniform,6,0.171875,0.054714405548401054,0.05471431588542857
2,32,1.65,uniform,7,0.203125,0.07207917683364967,0.07207913633901972
2,32,1.65,uniform,8,0.234375,0.09127540836761962,0.09127537383720921
2,32,1.65,uniform,9,0.265625,0.11221317659462186,0.11221315241082827
2,32,1.65,uniform,10,0.296875,0.13481758578730035,0.13481756674179507
2,32,1.65,uniform,11,0.328125,0.15902482269498136,0.15902480775757005
2,32,1.65,uniform,12,0.359375,0.18477959069942948,0.18477957860584274
2,32,1.65,uniform,13,0.390625,0.2120333024400784,0.212033292507286
2,32,1.65,uniform,14,0.421875,0.2407427785976307,0.2407427703060271
2,32,1.65,uniform,15,0.453125,0.2708692783504982,0.27086927134141126
2,32,1.65,uniform,16,0.484375,0.3023777606136986,0.30237775462127453
2,32,1.65,uniform,17,0.515625,0.3352363090480628,0.3352363038745542
2,32,1.65,uniform,18,0.546875,0.3694156766812229,0.3694156721758625
2,32,1.65,uniform,19,0.578125,0.4048889196697889,0.4048889157160256
2,32,1.65,uniform,20,0.609375,0.4416310987880021,0.441631095294353
2,32,1.65,uniform,21,0.640625,0.47961903321921234,0.4796190301129653
2,32,1.65,uniform,22,0.671875,0.5188310953363181,0.5188310925590078
2,32,1.65,uniform,23,0.703125,0.5592470380254466,0.5592470355295666
2,32,1.65,uniform,24,0.734375,0.6008478481517089,0.6008478458983088
2,32,1.65,uniform,25,0.765625,0.6436156212482005,0.6436156192049649
2,32,1.65,uniform,26,0.796875,0.6875334535999676,0.6875334517403047
2,32,1.65,uniform,27,0.828125,0.732585348714418,0.7325853470146494
2,32,1.65,uniform,28,0.859375,0.7787561357699188,0.7787561342150084
2,32,1.65,uniform,29,0.890625,0.8260313981699057,0.8260313967284175
2,32,1.65,uniform,30,0.921875,0.874397410460132,0.8743974091748142
2,32,1.65,uniform,31,0.953125,0.9238410830313577,0.9238410816787636
2,32,1.65,uniform,32,0.984375,0.9743499109760035,0.9743499103350205
2,32,1.65,uniform,33,1.0,1.0000000000000018,1.0
2,32,1.65,positional,0,0.0,0.0,0.0
2,32,1.65,positional,1,0.0016060447267363396,2.4469418021549303e-05,2.4518850129141936e-05
2,32,1.65,positional,2,0.005358918337338129,0.0001791572133381,0.0001790512178969109
2,32,1.65,positional,3,0.010196040894825543,0.0005174830075686882,0.0005175020664714282
2,32,1.65,positional,4,0.01612646727296472,0.0011026631829224635,0.0011026552390436366
2,32,1.65,positional,5,0.023186955542779712,0.0020074799058815754,0.002007484281190226
2,32,1.65,positional,6,0.03144453956711108,0.003318556755169502,0.0033185597832359483
2,32,1.65,positional,7,0.04096656941413286,0.0051346217759819105,0.005134626233419627
2,32,1.65,positional,8,0.051809290637435924,0.007564362849721044,0.007564367429545614
2,32,1.65,positional,9,0.0640230405024514,0.010726417236468617,0.01072642220189436
2,32,1.65,positional,10,0.07766071460094232,0.014751362071081896,0.01475136744216549
2,32,1.65,positional,11,0.09278455017970297,0.019784939164966955,0.01978494511932181
2,32,1.65,positional,12,0.1094702745968073,0.025991936087345423,0.025991942784545096
2,32,1.65,positional,13,0.1278090346507496,0.033560348862987574,0.03356035646609086
2,32,1.65,positional,14,0.14790779668417653,0.042705633982537884,0.042705642641086485
2,32,1.65,positional,15,0.1698887417405075,0.05367493287676573,0.0536749427253372
2,32,1.65,positional,16,0.1938878514313967,0.06675109805259101,0.06675110920131867
2,32,1.65,positional,17,0.22005258056982757,0.08225619246079517,0.0822562049809922
2,32,1.65,positional,18,0.2485384103717151,0.10055397464513395,0.10055398855125261
2,32,1.65,positional,19,0.27950424864581247,0.12205085570102511,0.1220508709354486
2,32,1.65,positional,20,0.31310701445956013,0.1471950030085356,0.14719501943597257
2,32,1.65,positional,21,0.34949611564327565,0.17647363853360562,0.1764736559495035
2,32,1.65,positional,22,0.3888086953399158,0.21040899950533384,0.21040901765793343
2,32,1.65,positional,23,0.43116639956816627,0.24955373139166065,0.24955375001271413
2,32,1.65,positional,24,0.47667406260441036,0.29448656221199987,0.2944865810483299
2,32,1.65,positional,25,0.525420275741324,0.34580896062831884,0.34580897946806416
2,32,1.65,positional,26,0.5774794511897876,0.4041431878138142,0.40414320649936664
2,32,1.65,positional,27,0.6329148010346598,0.4701318223277955,0.4701318407685587
2,32,1.65,positional,28,0.6917816244696765,0.544438553635507,0.544438571767997
2,32,1.65,positional,29,0.7541303859407268,0.627749844297883,0.6277498622048429
2,32,1.65,positional,30,0.8200092097400482,0.7207769573696744,0.7207769747603511
2,32,1.65,positional,31,0.8894655635367106,0.8242578068697473,0.8242578249965029
2,32,1.65,positional,32,0.9625470270291029,0.9389581208288708,0.9389581350692848
2,32,1.65,positional,33,1.0,1.0000000000000109,1.0
2,32,1.75,uniform,0,0.0,0.0,0.0
2,32,1.75,uniform,1,0.015625,0.0006899905242404958,0.0006905339660024879
2,32,1.75,uniform,2,0.046875,0.004725214041629112,0.0047222311457089244
2,32,1.75,uniform,3,0.078125,0.011544390448327987,0.011544697375527048
2,32,1.75,uniform,4,0.109375,0.02080235588481066,0.020802072973930254
2,32,1.75,uniform,5,0.140625,0.03229310903607145,0.03229307766364541
2,32,1.75,uniform,6,0.171875,0.045879934498673024,0.04587987696095607
2,32,1.75,uniform,7,0.203125,0.0614590886898867,0.0614590597895342
2,32,1.75,uniform,8,0.234375,0.07894868131644905,0.07894865741376363
2,32,1.75,uniform,9,0.265625,0.0982812641596686,0.09828124694013865
2,32,1.75,uniform,10,0.296875,0.11939988177557072,0.11939986814491917
2,32,1.75,uniform,11,0.328125,0.14225542725092516,0.1422554164300868
2,32,1.75,uniform,12,0.359375,0.16680489131761372,0.16680488248327738
2,32,1.75,uniform,13,0.390625,0.19301011841270876,0.19301011109426144
2,32,1.75,uniform,14,0.421875,0.22083690143112858,0.22083689527520528
2,32,1.75,uniform,15,0.453125,0.25025430141585814,0.25025429617465056
2,32,1.75,uniform,16,0.484375,0.28123412486228333,0.2812341203513629
2,32,1.75,uniform,17,0.515625,0.31375051383305114,0.3137505099141488
2,32,1.75,uniform,18,0.546875,0.34777961905111726,0.3477796156181976
2,32,1.75,uniform,19,0.578125,0.3832993352614441,0.3832993322320315
2,32,1.75,uniform,20,0.609375,0.4202890842031426,0.42028908151214645
2,32,1.75,uniform,21,0.640625,0.4587296345707498,0.4587296321661576
2,32,1.75,uniform,22,0.671875,0.4986029511271647,0.498602948966947
2,32,1.75,uniform,23,0.703125,0.5398920670855062,0.5398920651353379
2,32,1.75,uniform,24,0.734375,0.5825809752777318,0.5825809735093594
2,32,1.75,uniform,25,0.765625,0.62665453464894,0.6266545330387997
2,32,1.75,uniform,26,0.796875,0.6720983893704305,0.6720983878990836
2,32,1.75,uniform,27,0.828125,0.7188988984354255,0.718898897085385
2,32,1.75,uniform,28,0.859375,0.7670430740182825,0.767043072778762
2,32,1.75,uniform,29,0.890625,0.8165185272607739,0.8165185261074396
2,32,1.75,uniform,30,0.921875,0.8673134202155247,0.8673134191839044
2,32,1.75,uniform,31,0.953125,0.9194164235906233,0.919416422500617
2,32,1.75,uniform,32,0.984375,0.9728166774445752,0.9728166769272705
2,32,1.75,uniform,33,1.0,0.9999999999999801,1.0
2,32,1.75,positional,0,0.0,0.0,0.0
2,32,1.75,positional,1,0.002055001557214903,1.980700132487366e-05,1.9834500675700816e-05
2,32,1.75,positional,2,0.006835701119746013,0.00016256985331196936,0.00016250636083776847
2,32,1.75,positional,3,0.013037871439258095,0.0005030347013731877,0.0005030506506894886
2,32,1.75,positional,4,0.020727418347209446,0.001132283827207792,0.0011322807468981651
2,32,1.75,positional,5,0.029910382605246144,0.0021512329773695944,0.002151237920757861
2,32,1.75,positional,6,0.040627817980906034,0.0036765518003821804,0.003676555460359605
2,32,1.75,positional,7,0.05291335040643579,0.0058376611700985655,0.005837665516876031
2,32,1.75,positional,8,0.06678801322659478,0.008774496582088447,0.008774500799453001
2,32,1.75,positional,9,0.08226875384022264,0.012637493915720296,0.012637498239473974
2,32,1.75,positional,10,0.09937672386523788,0.01758928036928643,0.017589284837350457
2,32,1.75,positional,11,0.11814185260355337,0.02380710148933181,0.023807106209217384
2,32,1.75,positional,12,0.1386038348503416,0.03148521126547997,0.03148521629649208
2,32,1.75,positional,13,0.16081065820939178,0.0408367239695338,0.04083672934198045
2,32,1.75,positional,14,0.18481589545282445,0.05209472668528737,0.05209473239704274
2,32,1.75,positional,15,0.21067574014245283,0.06551268282171345,0.06551268884782269
2,32,1.75,positional,16,0.23844635380836837,0.08136425768582856,0.0813642639846517
2,32,1.75,positional,17,0.2681816756131685,0.09994265826491713,0.09994266478205396
2,32,1.75,positional,18,0.2999315813261657,0.12155947656943324,0.12155948323916889
2,32,1.75,positional,19,0.33374024694124604,0.14654297370934505,0.14654298045618783
2,32,1.75,positional,20,0.3696447164634824,0.17523581125454663,0.17523581799695445
2,32,1.75,positional,21,0.40767384739231205,0.20799240521270226,0.20799241186967707
2,32,1.75,positional,22,0.447847881937231,0.24517625471430504,0.24517626121377792
2,32,1.75,positional,23,0.4901788279921941,0.28715769023214216,0.28715769651915807
2,32,1.75,positional,24,0.5346716801211698,0.33431245729863124,0.3343124633413864
2,32,1.75,positional,25,0.5813263498313187,0.3870214259607943,0.3870214317537548
2,32,1.75,positional,26,0.6301400687851288,0.44567155141611764,0.4456715569791592
2,32,1.75,positional,27,0.6811099984923664,0.5106580621080254,0.5106580674863089
2,32,1.75,positional,28,0.7342358109776146,0.5823877489267967,0.5823877541770626
2,32,1.75,positional,29,0.7895220679411219,0.6612831781358759,0.66128318335852
2,32,1.75,positional,30,0.8469802942484848,0.7477876405218645,0.7477876457171122
2,32,1.75,positional,31,0.9066306983567483,0.8423706608863429,0.8423706664809416
2,32,1.75,positional,32,0.9685035308537457,0.9455339180503254,0.9455339228778947
2,32,1.75,positional,33,1.0,0.9999999999999987,1.0
2,32,1.85,uniform,0,0.0,0.0,0.0
2,32,1.85,uniform,1,0.015625,0.00045546293129414294,0.0004555825153988316
2,32,1.85,uniform,2,0.046875,0.003478621448231722,0.003477293665137391
2,32,1.85,uniform,3,0.078125,0.00894656433266599,0.008946672833914412
2,32,1.85,uniform,4,0.109375,0.0166725457782438,0.016672411552534565
2,32,1.85,uniform,5,0.140625,0.026540924582630576,0.0265409027451795
2,32,1.85,uniform,6,0.171875,0.03847191991659274,0.038471889411178
2,32,1.85,uniform,7,0.203125,0.05240375267875968,0.05240373597774035
2,32,1.85,uniform,8,0.234375,0.06828667452067082,0.06828666096237802
2,32,1.85,uniform,9,0.265625,0.0860790773223328,0.08607906731596665
2,32,1.85,uniform,10,0.296875,0.10574534115009998,0.10574533317552043
2,32,1.85,uniform,11,0.328125,0.1272543875856337,0.12725438118150526
2,32,1.85,uniform,12,0.359375,0.15057870574563256,0.15057870047215374
2,32,1.85,uniform,13,0.390625,0.17569365394610445,0.17569364954014963
2,32,1.85,uniform,14,0.421875,0.2025769461398633,0.20257694240536467
2,32,1.85,uniform,15,0.453125,0.23120826261011468,0.23120825940766324
2,32,1.85,uniform,16,0.484375,0.2615689483767259,0.2615689456020589
2,32,1.85,uniform,17,0.515625,0.2936417749116695,0.29364177248602685
2,32,1.85,uniform,18,0.546875,0.32741074875551973,0.3274107466181402
2,32,1.85,uniform,19,0.578125,0.3628609555725723,0.36286095367590776
2,32,1.85,uniform,20,0.609375,0.3999784314747401,0.399978429781057
2,32,1.85,uniform,21,0.640625,0.4387500556582206,0.43875005413720697
2,32,1.85,uniform,22,0.671875,0.4791634599319946,0.47916345855903303
2,32,1.85,uniform,23,0.703125,0.5212069518015603,0.5212069505564498
2,32,1.85,uniform,24,0.734375,0.5648694485523615,0.564869447418399
2,32,1.85,uniform,25,0.765625,0.6101404203497552,0.610140419312942
2,32,1.85,uniform,26,0.796875,0.6570098407970657,0.6570098398458282
2,32,1.85,uniform,27,0.828125,0.7054681437166747,0.7054681428404933
2,32,1.85,uniform,28,0.859375,0.7555061851547815,0.7555061843473646
2,32,1.85,uniform,29,0.890625,0.8071152098335143,0.8071152090794725
2,32,1.85,uniform,30,0.921875,0.8602868212955711,0.8602868206189809
2,32,1.85,uniform,31,0.953125,0.9150129555733302,0.91501295485555
2,32,1.85,uniform,32,0.984375,0.9712858565510885,0.9712858562099284
2,32,1.85,uniform,33,1.0,1.000000000000001,1.0
2,32,1.85,positional,0,0.0,0.0,0.0
2,32,1.85,positional,1,0.0023612480079887683,1.3799123860101533e-05,1.3813761975288062e-05
2,32,1.85,positional,2,0.008021525089469687,0.00013272502769751988,0.00013270135288149758
2,32,1.85,positional,3,0.015546687612570519,0.0004513596362229984,0.0004513672695836198
2,32,1.85,positional,4,0.02488433374771211,0.0010776134922000627,0.0010776137700410824
2,32,1.85,positional,5,0.03598741549369618,0.0021324459205155017,0.002132449314849257
2,32,1.85,positional,6,0.04884466861497655,0.0037524199904843797,0.0037524227460631
2,32,1.85,positional,7,0.06343967042822485,0.0060864981047768305,0.0060865010118713635
2,32,1.85,positional,8,0.07975158392393358,0.009294319694338426,0.00929432247933334
2,32,1.85,positional,9,0.09776386833281886,0.013546587562254256,0.013546590362205452
2,32,1.85,positional,10,0.11746995831553861,0.019026746933605305,0.01902674979139834
2,32,1.85,positional,11,0.13887440680892715,0.02593289798651985,0.025932900949495893
2,32,1.85,positional,12,0.1619905275477152,0.034479087045383223,0.03447909011999985
2,32,1.85,positional,13,0.1868360806423044,0.044895452559415266,0.04489545572290196
2,32,1.85,positional,14,0.21342847836981776,0.05742709620056014,0.05742709940652535
2,32,1.85,positional,15,0.24178065953891142,0.07233189830345267,0.0723319014936204
2,32,1.85,positional,16,0.27189827518991655,0.08987769423322368,0.08987769734724763
2,32,1.85,positional,17,0.30377829048890953,0.1103392291995455,0.11033923218203107
2,32,1.85,positional,18,0.3374087215739674,0.13399517305744837,0.13399517586153595
2,32,1.85,positional,19,0.3727690945078628,0.16112532475368083,0.1611253273423327
2,32,1.85,positional,20,0.4098312957752546,0.19200806244592694,0.19200806479224125
2,32,1.85,positional,21,0.4485606480399058,0.22691811198382342,0.22691811407121462
2,32,1.85,positional,22,0.48891717036179994,0.26612475998931584,0.2661247618117068
2,32,1.85,positional,23,0.5308570220378954,0.30989066629660544,0.3098906678583614
2,32,1.85,positional,24,0.5743341049951114,0.3584714065762477,0.35847140789160375
2,32,1.85,positional,25,0.6193017576652963,0.4121158113995041,0.4121158124913065
2,32,1.85,positional,26,0.6657144482424089,0.47106709308637773,0.4710670939846798
2,32,1.85,positional,27,0.7135293779107468,0.535564692791388,0.535564693530654
2,32,1.85,positional,28,0.762707928167,0.6058467493425796,0.6058467499634785
2,32,1.85,positional,29,0.8132169178862287,0.6821530870665709,0.6821530876008802
2,32,1.85,positional,30,0.8650296646919928,0.7647286336471874,0.7647286341678932
2,32,1.85,positional,31,0.9181268660003779,0.8538272023315123,0.8538272027582209
2,32,1.85,positional,32,0.9724973267960502,0.949715595269426,0.9497155960998491
2,32,1.85,positional,33,1.0,1.000000000000028,1.0
2,32,1.95,uniform,0,0.0,0.0,0.0
2,32,1.95,uniform,1,0.015625,0.0003005704085557645,0.00030057236653928626
2,32,1.95,uniform,2,0.046875,0.002560885263670224,0.002560563187295948
2,32,1.95,uniform,3,0.078125,0.006933290109792994,0.006933309050333421
2,32,1.95,uniform,4,0.109375,0.013362612198665741,0.013362577245327769
2,32,1.95,uniform,5,0.140625,0.021813336259119125,0.021813328722213785
2,32,1.95,uniform,6,0.171875,0.03226004032392004,0.032260031475792074
2,32,1.95,uniform,7,0.203125,0.04468262081041441,0.04468261561157755
2,32,1.95,uniform,8,0.234375,0.059064568645088134,0.05906456446690404
2,32,1.95,uniform,9,0.265625,0.0753918613186914,0.07539185816903379
2,32,1.95,uniform,10,0.296875,0.09365232947263308,0.09365232694252063
2,32,1.95,uniform,11,0.328125,0.11383522841197695,0.11383522635741905
2,32,1.95,uniform,12,0.359375,0.13593094508389375,0.1359309433772463
2,32,1.95,uniform,13,0.390625,0.15993078596391505,0.159930784525903
2,32,1.95,uniform,14,0.421875,0.18582681944701582,0.18582681821878505
2,32,1.95,uniform,15,0.453125,0.21361175532622034,0.21361175426540485
2,32,1.95,uniform,16,0.484375,0.24327885065335592,0.24327884972809732
2,32,1.95,uniform,17,0.515625,0.27482183480022,0.27482183398627574
2,32,1.95,uniform,18,0.546875,0.30823484884645647,0.30823484812500573
2,32,1.95,uniform,19,0.578125,0.34351239586725546,0.34351239522348964
2,32,1.95,uniform,20,0.609375,0.38064929966158,0.38064929908367473
2,32,1.95,uniform,21,0.640625,0.4196406701168693,0.4196406695952783
2,32,1.95,uniform,22,0.671875,0.4604818738634211,0.46048187339035274
2,32,1.95,uniform,23,0.703125,0.5031685091962452,0.5031685087652766
2,32,1.95,uniform,24,0.734375,0.5476963844774457,0.5476963840832356
2,32,1.95,uniform,25,0.765625,0.5940614994053411,0.5940614990434026
2,32,1.95,uniform,26,0.796875,0.642260028665821,0.6422600283324224
2,32,1.95,uniform,27,0.828125,0.6922883075800904,0.6922883072718132
2,32,1.95,uniform,28,0.859375,0.7441428194351891,0.7441428191500619
2,32,1.95,uniform,29,0.890625,0.7978201842537294,0.7978201839864724
2,32,1.95,uniform,30,0.921875,0.8533171487600687,0.8533171485195087
2,32,1.95,uniform,31,0.953125,0.9106305775047365,0.910630577248497
2,32,1.95,uniform,32,0.984375,0.9697574445083635,0.9697574443863936
2,32,1.95,uniform,33,1.0,0.9999999999999966,1.0
2,32,1.95,positional,0,0.0,0.0,0.0
2,32,1.95,positional,1,0.002692419315832903,9.740279859139062e-06,9.744919599138094e-06
2,32,1.95,positional,2,0.00927440337216428,0.00010869877620528103,0.00010869452337212794
2,32,1.95,positional,3,0.018118002141369043,0.0004011556069350447,0.00040115766795606933
2,32,1.95,positional,4,0.02901157439315317,0.0010046476584960923,0.0010046482460652334
2,32,1.95,positional,5,0.04183627510764332,0.0020512950125603823,0.0020512961732698522
2,32,1.95,positional,6,0.05651741037768819,0.0036876974236674433,0.0036876984086097104
2,32,1.95,positional,7,0.07298869077939203,0.00607223119028448,0.0060722321739841755
2,32,1.95,positional,8,0.09119391738521215,0.009374182543871826,0.009374183493416356
2,32,1.95,positional,9,0.11109222234383218,0.013774730047067418,0.013774731005686248
2,32,1.95,positional,10,0.1326594099368912,0.019468800616737857,0.01946880160152093
2,32,1.95,positional,11,0.15588524315466631,0.026666728704055863,0.026666729724413675
2,32,1.95,positional,12,0.18076804189120219,0.035594853671017834,0.035594854720475785
2,32,1.95,positional,13,0.20730818306589166,0.046494551042679876,0.046494552102950434
2,32,1.95,positional,14,0.2355019843995174,0.05961964774801848,0.05961964879282157
2,32,1.95,positional,15,0.2653371013956273,0.07523259742166945,0.07523259842208506
2,32,1.95,positional,16,0.29679000121073235,0.09360004629629788,0.09360004722538841
2,32,1.95,positional,17,0.32982546150395725,0.11498843029962705,0.11498843113560554
2,32,1.95,positional,18,0.3643975958279393,0.13966006137268688,0.13966006210032542
2,32,1.95,positional,19,0.4004517513155288,0.16786991990023062,0.1678699205108916
2,32,1.95,positional,20,0.43792671974036534,0.1998631900479454,0.19986319053882542
2,32,1.95,positional,21,0.47675691113520224,0.2358734960923362,0.23587349646543196
2,32,1.95,positional,22,0.5168743307240868,0.2761217902278611,0.2761217904889276
2,32,1.95,positional,23,0.5582103160657824,0.3208158550176471,0.32081585517524586
2,32,1.95,positional,24,0.6006970375152154,0.3701503851941917,0.3701503852588683
2,32,1.95,positional,25,0.6442687735369338,0.424307600060198,0.4243076000436915
2,32,1.95,positional,26,0.6888629709526567,0.48345832027596986,0.48345832019077933
2,32,1.95,positional,27,0.7344211018309887,0.5477634325180554,0.5477634323762204
2,32,1.95,positional,28,0.7808893347286001,0.6173756668137353,0.6173756666291589
2,32,1.95,positional,29,0.8282190449962924,0.6924416225591051,0.6924416223370858
2,32,1.95,positional,30,0.8763671936783157,0.7731039955311334,0.7731039953066887
2,32,1.95,positional,31,0.925296605851356,0.8595039757321268,0.8595039754251089
2,32,1.95,positional,32,0.9749761774065558,0.9517837995492129,0.9517837995089538
2,32,1.95,positional,33,1.0,1.000000000000012,1.0
2,64,1.55,uniform,0,0.0,0.0,0.0
2,64,1.55,uniform,1,0.0078125,0.0005405640498448955,0.0005417819687831274
2,64,1.55,uniform,2,0.0234375,0.0029772497423846455,0.00297414742276489
2,64,1.55,uniform,3,0.0390625,0.006564463691660876,0.006564899073254789
2,64,1.55,uniform,4,0.0546875,0.011059536018577384,0.011059271223633624
2,64,1.55,uniform,5,0.0703125,0.016326779807558645,0.01632677608707917
2,64,1.55,uniform,6,0.0859375,0.022283532899753267,0.022283489938127836
2,64,1.55,uniform,7,0.1015625,0.02886934953152029,0.02886933254189789
2,64,1.55,uniform,8,0.1171875,0.036038456456280836,0.03603844126316448
2,64,1.55,uniform,9,0.1328125,0.0437542735126212,0.04375426322477485
2,64,1.55,uniform,10,0.1484375,0.05198675335837796,0.05198674527932202
2,64,1.55,uniform,11,0.1640625,0.060710596312642626,0.060710590057666394
2,64,1.55,uniform,12,0.1796875,0.06990411214356929,0.0699041071201211
2,64,1.55,uniform,13,0.1953125,0.07954842453473372,0.0795484204445229
2,64,1.55,uniform,14,0.2109375,0.08962690465022408,0.08962690126160985
2,64,1.55,uniform,15,0.2265625,0.1001247526316387,0.10012474978766148
2,64,1.55,uniform,16,0.2421875,0.11102868136522086,0.111028678949884
2,64,1.55,uniform,17,0.2578125,0.12232667218745223,0.12232667011518718
2,64,1.55,uniform,18,0.2734375,0.13400778276539008,0.13400778097133087
2,64,1.55,uniform,19,0.2890625,0.14606199359132233,0.14606199202562664
2,64,1.55,uniform,20,0.3046875,0.15848008363013208,0.15848008225389681
2,64,1.55,uniform,21,0.3203125,0.1712535283455831,0.17125352712804998
2,64,1.55,uniform,22,0.3359375,0.18437441516600403,0.1843744140825635
2,64,1.55,uniform,23,0.3515625,0.19783537272228796,0.1978353717530411
2,64,1.55,uniform,24,0.3671875,0.2116295110933749,0.2116295102220746
2,64,1.55,uniform,25,0.3828125,0.22575037094505368,0.22575037015831334
2,64,1.55,uniform,26,0.3984375,0.24019187992482358,0.24019187921152793
2,64,1.55,uniform,27,0.4140625,0.2549483150301987,0.25494831438104715
2,64,1.55,uniform,28,0.4296875,0.2700142699349385,0.270014269342095
2,64,1.55,uniform,29,0.4453125,0.2853846264614357,0.28538462591825847
2,64,1.55,uniform,30,0.4609375,0.30105452954454254,0.3010545290453618
2,64,1.55,uniform,31,0.4765625,0.31701936515437673,0.31701936469433706
2,64,1.55,uniform,32,0.4921875,0.33327474074193025,0.3332747403168422
2,64,1.55,uniform,33,0.5078125,0.3498164678474009,0.3498164674536362
2,64,1.55,uniform,34,0.5234375,0.36664054657229417,0.3666405462066949
2,64,1.55,uniform,35,0.5390625,0.38374315166535167,0.3837431513251641
2,64,1.55,uniform,36,0.5546875,0.40112062001229404,0.4011206196950932
2,64,1.55,uniform,37,0.5703125,0.41876943935176875,0.4187694390554314
2,64,1.55,uniform,38,0.5859375,0.4366862380668689,0.4366862377895064
2,64,1.55,uniform,39,0.6015625,0.454867775923356,0.4548677756633037
2,64,1.55,uniform,40,0.6171875,0.4733109356444593,0.4733109354002311
2,64,1.55,uniform,41,0.6328125,0.4920127152271232,0.4920127149973947
2,64,1.55,uniform,42,0.6484375,0.5109702209177057,0.5109702207012923
2,64,1.55,uniform,43,0.6640625,0.5301806607758458,0.5301806605716926
2,64,1.55,uniform,44,0.6796875,0.549641338764534,0.54964133857167
2,64,1.55,uniform,45,0.6953125,0.5693496493120169,0.5693496491295923
2,64,1.55,uniform,46,0.7109375,0.589303072298311,0.5893030721255413
2,64,1.55,uniform,47,0.7265625,0.6094991684241924,0.6094991682603811
2,64,1.55,uniform,48,0.7421875,0.62993557492612,0.6299355747706136
2,64,1.55,uniform,49,0.7578125,0.6506100016042018,0.6506100014564221
2,64,1.55,uniform,50,0.7734375,0.6715202271345634,0.671520226993987
2,64,1.55,uniform,51,0.7890625,0.6926640956402227,0.6926640955063619
2,64,1.55,uniform,52,0.8046875,0.7140395134975921,0.7140395133699917
2,64,1.55,uniform,53,0.8203125,0.7356444463581234,0.7356444462363912
2,64,1.55,uniform,54,0.8359375,0.7574769163668851,0.7574769162506438
2,64,1.55,uniform,55,0.8515625,0.7795349995613525,0.779534999450256
2,64,1.55,uniform,56,0.8671875,0.8018168234358303,0.8018168233295625
2,64,1.55,uniform,57,0.8828125,0.824320564658058,0.824320564556336
2,64,1.55,uniform,58,0.8984375,0.8470444469259932,0.8470444468285495
2,64,1.55,uniform,59,0.9140625,0.8699867389538672,0.8699867388603908
2,64,1.55,uniform,60,0.9296875,0.8931457525771107,0.8931457524876438
2,64,1.55,uniform,61,0.9453125,0.9165198409701748,0.916519840883469
2,64,1.55,uniform,62,0.9609375,0.9401073969566833,0.9401073968764188
2,64,1.55,uniform,63,0.9765625,0.9639068514517709,0.9639068513632572
2,64,1.55,uniform,64,0.9921875,0.9879166718525585,0.9879166718098017
2,64,1.55,uniform,65,1.0,1.000000000000177,1.0
2,64,1.55,positional,0,0.0,0.0,0.0
2,64,1.55,positional,1,7.252832175549296e-05,3.8282378707951433e-07,3.835189467262824e-07
2,64,1.55,positional,2,0.0002175849652664881,2.1070473752148964e-06,2.105352250001045e-06
2,64,1.55,positional,3,0.00045735733749005015,6.651108367852252e-06,6.658804417784241e-06
2,64,1.55,positional,4,0.0010692474526621766,2.482960122372825e-05,2.4835405060034656e-05
2,64,1.55,positional,5,0.0021389301983223254,7.274622925898072e-05,7.27452680861044e-05
2,64,1.55,positional,6,0.0035841020384308952,0.00016191432107216474,0.0001619159254288761
2,64,1.55,positional,7,0.005420770752970108,0.00030746377847955285,0.00030746424132354445
2,64,1.55,positional,8,0.007648901349145932,0.0005242978525155134,0.0005242984122471161
2,64,1.55,positional,9,0.010268019348978207,0.0008275687969212008,0.0008275692619719861
2,64,1.55,positional,10,0.013281589270144431,0.0012332110234134777,0.001233211513627102
2,64,1.55,positional,11,0.01669527661397424,0.0017580045322910373,0.0017580050143302462
2,64,1.55,positional,12,0.02051481841568306,0.0024193840662922977,0.002419384531819203
2,64,1.55,positional,13,0.024744851950196045,0.003235202535304706,0.0032352029700270907
2,64,1.55,positional,14,0.02938859795858296,0.0042235457599498144,0.004223546158792744
2,64,1.55,positional,15,0.03444805795988801,0.005402631205791822,0.005402631568947068
2,64,1.55,positional,16,0.039924450182032056,0.006790790648524619,0.006790790980778895
2,64,1.55,positional,17,0.04581871073704206,0.008406523363824333,0.0084065236725866
2,64,1.55,positional,18,0.0521319664987044,0.010268602775349911,0.010268603069351708
2,64,1.55,positional,19,0.058865937902954246,0.0123962205718454,0.012396220860151555
2,64,1.55,positional,20,0.06602325982046989,0.014809155200530841,0.014809155491937296
2,64,1.55,positional,21,0.07360772405997867,0.01752795487203395,0.017527955174731626
2,64,1.55,positional,22,0.08162445366760591,0.02057412806344918,0.020574128384877387
2,64,1.55,positional,23,0.09008002083815561,0.0239703367092481,0.023970337056063457
2,64,1.55,positional,24,0.09898251930849769,0.027740588759776332,0.02774058913788493
2,64,1.55,positional,25,0.10834159991823233,0.03191042758706596,0.03191042800167947
2,64,1.55,positional,26,0.11816847535323058,0.03650711588640283,0.03650711634209325
2,64,1.55,positional,27,0.1284758973678135,0.04155981134259441,0.04155981184333031
2,64,1.55,positional,28,0.13927810729988718,0.047099730517114295,0.047099731066267525
2,64,1.55,positional,29,0.15059075868444594,0.05316029632419695,0.05316029692451641
2,64,1.55,positional,30,0.16243080944444674,0.05977726330538521,0.05977726395893736
2,64,1.55,positional,31,0.17481638066959643,0.06698881392509987,0.06698881463318077
2,64,1.55,positional,32,0.1877665794914994,0.07483561854888157,0.0748356193119102
2,64,1.55,positional,33,0.2013012850317971,0.08336085186014854,0.08336085267755346
2,64,1.55,positional,34,0.21544089871066163,0.09261015938132933,0.09261016025144359
2,64,1.55,positional,35,0.23020606309202477,0.10263156954441227,0.10263157046439408
2,64,1.55,positional,36,0.2456173565318584,0.11347534932560233,0.11347535029139294
2,64,1.55,positional,37,0.2616949737470663,0.1251938046059445,0.12519380561228316
2,64,1.55,positional,38,0.2784584046030949,0.13784102982133967,0.13784103086183422
2,64,1.55,positional,39,0.2959261245784852,0.15147261473530554,0.15147261580257226
2,64,1.55,positional,40,0.3141153102995047,0.16614531892003417,0.16614532000589025
2,64,1.55,positional,41,0.33304159222390917,0.18191672644335624,0.18191672753906418
2,64,1.55,positional,42,0.3527188541478013,0.1988448941253025,0.19884489522184243
2,64,1.55,positional,43,0.37315908601927106,0.2169880064871244,0.21698800757548212
2,64,1.55,positional,44,0.39437229296092674,0.23640404925326802,0.23640405032471057
2,64,1.55,positional,45,0.4163664598418364,0.25715051118844506,0.25715051223477264
2,64,1.55,positional,46,0.43914756756100937,0.27928412144012377,0.2792841224538794
2,64,1.55,positional,47,0.46271965467681586,0.3028606267196783,0.3028606276943053
2,64,1.55,positional,48,0.48708491628826583,0.32793460988065326,0.32793461081060254
2,64,1.55,positional,49,0.5122438311756953,0.3545593489722289,0.3545593498530015
2,64,1.55,positional,50,0.5381953080732047,0.3827867138178541,0.3827867146459993
2,64,1.55,positional,51,0.5649368424389465,0.4126670956738084,0.4126670964468823
2,64,1.55,positional,52,0.5924646760436407,0.44424936457178765,0.4442493652882659
2,64,1.55,positional,53,0.6207739529389114,0.4775808485024752,0.4775808491616572
2,64,1.55,positional,54,0.6498588667379552,0.5127073285784409,0.5127073291803348
2,64,1.55,positional,55,0.6797127955137975,0.5496730446323097,0.5496730451775066
2,64,1.55,positional,56,0.7103284219013759,0.5885207062654838,0.5885207067550529
2,64,1.55,positional,57,0.7416978371190122,0.6292915050764538,0.6292915055117828
2,64,1.55,positional,58,0.7738126285714637,0.6720251245907235,0.6720251249735743
2,64,1.55,positional,59,0.8066639514523937,0.7167597452301013,0.7167597455619483
2,64,1.55,positional,60,0.8402425853363706,0.7635320424445957,0.7635320427287006
2,64,1.55,positional,61,0.8745389771570469,0.8123771768885982,0.8123771771218616
2,64,1.55,positional,62,0.9095432722316897,0.86332877610998,0.8633287763133819
2,64,1.55,positional,63,0.9452453351370158,0.9164189080973023,0.9164189082009301
2,64,1.55,positional,64,0.9816347622907049,0.971678046414578,0.9716780466907127
2,64,1.55,positional,65,1.0,1.00000000000002,1.0
2,64,1.65,uniform,0,0.0,0.0,0.0
2,64,1.65,uniform,1,0.0078125,0.0003330096334367379,0.00033350592205917874
2,64,1.65,uniform,2,0.0234375,0.0020451555333402386,0.002043401088400879
2,64,1.65,uniform,3,0.0390625,0.004746619371666637,0.004746834140163052
2,64,1.65,uniform,4,0.0546875,0.008270344016030636,0.008270186742185357
2,64,1.65,uniform,5,0.0703125,0.012519991207726105,0.012519981601217202
2,64,1.65,uniform,6,0.0859375,0.017434206764807586,0.01743417819456903
2,64,1.65,uniform,7,0.1015625,0.022967320210455805,0.022967307307222903
2,64,1.65,uniform,8,0.1171875,0.02908401043698417,0.029083999434188386
2,64,1.65,uniform,9,0.1328125,0.035755624188505176,0.03575561648255432
2,64,1.65,uniform,10,0.1484375,0.042958296678708326,0.04295829061001971
2,64,1.65,uniform,11,0.1640625,0.05067169444339107,0.05067168968370339
2,64,1.65,uniform,12,0.1796875,0.058878197759446464,0.05887819390591296
2,64,1.65,uniform,13,0.1953125,0.06756232474268441,0.06756232157766377
2,64,1.65,uniform,14,0.2109375,0.0767103167280311,0.07671031408595673
2,64,1.65,uniform,15,0.2265625,0.08630982933402123,0.08630982710060514
2,64,1.65,uniform,16,0.2421875,0.09634969706383933,0.0963496951543704
2,64,1.65,uniform,17,0.2578125,0.1068197500901684,0.10681974844163565
2,64,1.65,uniform,18,0.2734375,0.11771066915314463,0.11771066771750857
2,64,1.65,uniform,19,0.2890625,0.1290138688622866,0.12901386760240838
2,64,1.65,uniform,20,0.3046875,0.14072140257878601,0.14072140146551587
2,64,1.65,uniform,21,0.3203125,0.15282588396359015,0.1528258829737593
2,64,1.65,uniform,22,0.3359375,0.165320421586208,0.1653204207011868
2,64,1.65,uniform,23,0.3515625,0.17819856390309932,0.1781985631077505
2,64,1.65,uniform,24,0.3671875,0.19145425256598597,0.19145425184789394
2,64,1.65,uniform,25,0.3828125,0.2050817824926961,0.20508178184158887
2,64,1.65,uniform,26,0.3984375,0.21907576748096716,0.21907576688827513
2,64,1.65,uniform,27,0.4140625,0.23343111040544398,0.23343110986397275
2,64,1.65,uniform,28,0.4296875,0.24814297723479062,0.2481429767384512
2,64,1.65,uniform,29,0.4453125,0.26320677425628003,0.26320677379989454
2,64,1.65,uniform,30,0.4609375,0.2786181280119126,0.2786181275910472
2,64,1.65,uniform,31,0.4765625,0.29437286754111003,0.29437286715194766
2,64,1.65,uniform,32,0.4921875,0.3104670085970234,0.31046700823626766
2,64,1.65,uniform,33,0.5078125,0.3268967395607266,0.32689673922550816
2,64,1.65,uniform,34,0.5234375,0.34365840882340726,0.34365840851122276
2,64,1.65,uniform,35,0.5390625,0.3607485134438989,0.3607485131525547
2,64,1.65,uniform,36,0.5546875,0.3781636889190138,0.3781636886465817
2,64,1.65,uniform,37,0.5703125,0.39590069992893173,0.39590069967371005
2,64,1.65,uniform,38,0.5859375,0.41395643194028164,0.41395643170075674
2,64,1.65,uniform,39,0.6015625,0.4323278835664341,0.4323278833412655
2,64,1.65,uniform,40,0.6171875,0.45101215959870455,0.45101215938669814
2,64,1.65,uniform,41,0.6328125,0.4700064646338678,0.47000646443394445
2,64,1.65,uniform,42,0.6484375,0.4893080972333222,0.4893080970445342
2,64,1.65,uniform,43,0.6640625,0.5089144445578647,0.5089144443793374
2,64,1.65,uniform,44,0.6796875,0.5288229774287148,0.5288229772596755
2,64,1.65,uniform,45,0.6953125,0.5490312457721053,0.5490312456118522
2,64,1.65,uniform,46,0.7109375,0.5695368744094322,0.5695368742573249
2,64,1.65,uniform,47,0.7265625,0.5903375591597534,0.5903375590152127
2,64,1.65,uniform,48,0.7421875,0.6114310632251989,0.6114310630877005
2,64,1.65,uniform,49,0.7578125,0.632815213833175,0.6328152137022384
2,64,1.65,uniform,50,0.7734375,0.6544878991121498,0.6544878989873367
2,64,1.65,uniform,51,0.7890625,0.676447065180369,0.6764470650612819
2,64,1.65,uniform,52,0.8046875,0.6986907134290381,0.6986907133153051
2,64,1.65,uniform,53,0.8203125,0.7212168979833825,0.7212168978746665
2,64,1.65,uniform,54,0.8359375,0.7440237233268201,0.7440237232228155
2,64,1.65,uniform,55,0.8515625,0.7671093420748722,0.7671093419752802
2,64,1.65,uniform,56,0.8671875,0.7904719528866815,0.790471952791258
2,64,1.65,uniform,57,0.8828125,0.814109798503573,0.8141097984120484
2,64,1.65,uniform,58,0.8984375,0.8380211639043069,0.8380211638164997
2,64,1.65,uniform,59,0.9140625,0.8622043745689578,0.8622043744845644
2,64,1.65,uniform,60,0.9296875,0.886657794841777,0.8866577947608787
2,64,1.65,uniform,61,0.9453125,0.9113798263895526,0.9113798263110059
2,64,1.65,uniform,62,0.9609375,0.9363689067364513,0.9363689066636482
2,64,1.65,uniform,63,0.9765625,0.9616235079131668,0.9616235078327081
2,64,1.65,uniform,64,0.9921875,0.9871421350524997,0.9871421350136128
2,64,1.65,uniform,65,1.0,1.0000000000001505,1.0
2,64,1.65,positional,0,0.0,0.0,0.0
2,64,1.65,positional,1,0.00010920936567688437,2.9132739402532054e-07,2.9048841008197257e-07
2,64,1.65,positional,2,0.0003276583123045453,1.7778158006727446e-06,1.7801023087128807e-06
2,64,1.65,positional,3,0.0008840105213625882,9.150062536976983e-06,9.154924478170424e-06
2,64,1.65,positional,4,0.0019739383916556746,3.445962593486203e-05,3.445882224874627e-05
2,64,1.65,positional,5,0.003484530566472067,8.800933505094058e-05,8.801122372868772e-05
2,64,1.65,positional,6,0.00544813420606397,0.00018399550917761238,0.0001839962048996139
2,64,1.65,positional,7,0.007861497636837475,0.00033696349054553954,0.00033696417118306423
2,64,1.65,positional,8,0.010714873983302776,0.0005616661497051487,0.0005616666811917817
2,64,1.65,positional,9,0.014004804527921248,0.0008736890066854818,0.0008736895375034253
2,64,1.65,positional,10,0.017732649772073613,0.0012896632576116097,0.00128966377268647
2,64,1.65,positional,11,0.02190131975264281,0.0018271569446162378,0.0018271574438408428
2,64,1.65,positional,12,0.02651326158135152,0.0025044601544419866,0.0025044606266752542
2,64,1.65,positional,13,0.03156968183626381,0.003340379279666883,0.0033403797196731497
2,64,1.65,positional,14,0.037070516388379146,0.004354088062277139,0.004354088468316033
2,64,1.65,positional,15,0.043014759477824016,0.005565047093967352,0.005565047468029555
2,64,1.65,positional,16,0.04940091423532608,0.006992986756932957,0.006992987103363117
2,64,1.65,positional,17,0.05622743721971761,0.008657941780519261,0.00865794210504099
2,64,1.65,positional,18,0.06349311805335313,0.010580324026392965,0.010580324335270081
2,64,1.65,positional,19,0.07119737408856562,0.012781021063920164,0.012781021363392734
2,64,1.65,positional,20,0.07934046031853292,0.015281510097239019,0.015281510393164142
2,64,1.65,positional,21,0.08792360420901613,0.01810397908211013,0.018103979379767002
2,64,1.65,positional,22,0.09694907864850572,0.02127144905349019,0.021271449357498157
2,64,1.65,positional,23,0.10642022664203121,0.024807893606468095,0.024807893920780283
2,64,1.65,positional,24,0.11634145026546991,0.028738353057135704,0.028738353385077638
2,64,1.65,positional,25,0.12671817455152345,0.033089042012021355,0.033089042356353224
2,64,1.65,positional,26,0.1375567947916884,0.037887449863747875,0.0378874502267339
2,64,1.65,positional,27,0.14886461342536367,0.04316243409182173,0.04316243447529682
2,64,1.65,positional,28,0.16064977040676148,0.048944306196804836,0.04894430660222853
2,64,1.65,positional,29,0.1729211688527698,0.05526490969440348,0.05526491012289888
2,64,1.65,positional,30,0.1856883960511461,0.06215768895535885,0.062157689407734106
2,64,1.65,positional,31,0.19896163870902134,0.06965774695395967,0.06965774743071249
2,64,1.65,positional,32,0.21275159076292244,0.07780188936308988,0.07780188986439872
2,64,1.65,positional,33,0.22706935219273067,0.08662865208119674,0.08662865260690408
2,64,1.65,positional,34,0.24192631802676307,0.09617830933116904,0.0961783098807613
2,64,1.65,positional,35,0.25733405794285114,0.10649286000046551,0.10649286057305937
2,64,1.65,positional,36,0.2733041883385654,0.11761599088135637,0.11761599147569281
2,64,1.65,positional,37,0.2898482402067404,0.12959301682428703,0.12959301743874233
2,64,1.65,positional,38,0.3069775273654908,0.14247079937716275,0.14247080000977708
2,64,1.65,positional,39,0.32470302036237453,0.15629764705534277,0.15629764770386256
2,64,1.65,positional,40,0.34303523158836174,0.17112320177775153,0.1711232024396975
2,64,1.65,positional,41,0.36198411677899467,0.1869983170518643,0.18699831772460368
2,64,1.65,positional,42,0.3815589972134329,0.20397493408702433,0.20397493476785786
2,64,1.65,positional,43,0.4017685056777928,0.2221059621204639,0.22210596280671344
2,64,1.65,positional,44,0.4226205578041958,0.24144516887623582,0.24144516956533024
2,64,1.65,positional,45,0.44412234890382496,0.2620470863194241,0.2620470870089812
2,64,1.65,positional,46,0.46628037503349073,0.2839669358257459,0.283966936513634
2,64,1.65,positional,47,0.48910047588537475,0.3072605756830439,0.30726057636744275
2,64,1.65,positional,48,0.5125878962375889,0.33198447259509073,0.33198447327452413
2,64,1.65,positional,49,0.5367473621726231,0.3581956976699235,0.3581956983432836
2,64,1.65,positional,50,0.5615831680472974,0.3859519463195967,0.3859519469861495
2,64,1.65,positional,51,0.587099270239773,0.41531158062170104,0.4153115812810752
2,64,1.65,positional,52,0.6132993839490153,0.44633369201501605,0.44633369266718964
2,64,1.65,positional,53,0.6401870797171074,0.479078181720089,0.47907818236535776
2,64,1.65,positional,54,0.6677658768250327,0.513605855972178,0.5136058566111272
2,64,1.65,positional,55,0.6960393312263196,0.5499785330015443,0.5499785336349994
2,64,1.65,positional,56,0.7250111161895709,0.5882591586622365,0.5882591592912223
2,64,1.65,positional,57,0.7546850942914005,0.6285119276636958,0.6285119282894198
2,64,1.65,positional,58,0.7850653798175251,0.670802407470436,0.6708024080941662
2,64,1.65,positional,59,0.8161563909827874,0.7151976620781902,0.7151976627014847
2,64,1.65,positional,60,0.8479628916689115,0.7617663730351792,0.7617663736588196
2,64,1.65,positional,61,0.8804900226051458,0.8105789552243675,0.8105789558522825
2,64,1.65,positional,62,0.913743322088222,0.8617076651085196,0.8617076657327243
2,64,1.65,positional,63,0.9477287364626374,0.9152266991282121,0.915226699785521
2,64,1.65,positional,64,0.9824526206691861,0.971212280608453,0.9712122811664041
2,64,1.65,positional,65,1.0,1.000000000000047,1.0
2,64,1.75,uniform,0,0.0,0.0,0.0
2,64,1.75,uniform,1,0.0078125,0.0002051354101792938,0.0002052969763803014
2,64,1.75,uniform,2,0.0234375,0.001404814539558466,0.0014039277192911261
2,64,1.75,uniform,3,0.0390625,0.003432167814887674,0.0034322590648825017
2,64,1.75,uniform,4,0.0546875,0.006184577406769252,0.006184493296850917
2,64,1.75,uniform,5,0.0703125,0.00960079875782703,0.009600789430735644
2,64,1.75,uniform,6,0.0859375,0.01364018613543648,0.013640169029354594
2,64,1.75,uniform,7,0.1015625,0.01827189638791835,0.018271887795772927
2,64,1.75,uniform,8,0.1171875,0.023471583385423118,0.023471576279090006
2,64,1.75,uniform,9,0.1328125,0.029219194652560135,0.02921918953313807
2,64,1.75,uniform,10,0.1484375,0.0354977972345262,0.035497793182081155
2,64,1.75,uniform,11,0.1640625,0.04229279155866916,0.04229278834158356
2,64,1.75,uniform,12,0.1796875,0.049591390893074586,0.04959138826657656
2,64,1.75,uniform,13,0.1953125,0.057382251521014706,0.05738224934519033
2,64,1.75,uniform,14,0.2109375,0.06565520360930326,0.06565520177909623
2,64,1.75,uniform,15,0.2265625,0.07440104895098634,0.07440104739272319
2,64,1.75,uniform,16,0.2421875,0.08361140556699398,0.08361140422584308
2,64,1.75,uniform,17,0.2578125,0.09327858584655478,0.09327858468140938
2,64,1.75,uniform,18,0.2734375,0.10339549935718338,0.10339549833651801
2,64,1.75,uniform,19,0.2890625,0.11395557416723527,0.11395557326653093
2,64,1.75,uniform,20,0.3046875,0.12495269232314715,0.12495269152305079
2,64,1.75,uniform,21,0.3203125,0.1363811363235943,0.13638113560864393
2,64,1.75,uniform,22,0.3359375,0.14823554426050933,0.148235543618208
2,64,1.75,uniform,23,0.3515625,0.16051087187796861,0.1605108712981141
2,64,1.75,uniform,24,0.3671875,0.17320236021644828,0.17320235969063552
2,64,1.75,uniform,25,0.3828125,0.1863055078133707,0.1863055073346121
2,64,1.75,uniform,26,0.3984375,0.19981604665541672,0.19981604621786223
2,64,1.75,uniform,27,0.4140625,0.21372992124667062,0.21372992084538722
2,64,1.75,uniform,28,0.4296875,0.22804327028471733,0.22804326991551344
2,64,1.75,uniform,29,0.4453125,0.24275241053532687,0.24275241019462554
2,64,1.75,uniform,30,0.4609375,0.2578538225729808,0.25785382225770914
2,64,1.75,uniform,31,0.4765625,0.27334413811451685,0.2733441378220204
2,64,1.75,uniform,32,0.4921875,0.2892201287208299,0.2892201284488034
2,64,1.75,uniform,33,0.5078125,0.30547869567956687,0.30547869542600375
2,64,1.75,uniform,34,0.5234375,0.3221168609124001,0.32211686067554174
2,64,1.75,uniform,35,0.5390625,0.3391317587752345,0.33913175855353683
2,64,1.75,uniform,36,0.5546875,0.3565206286400542,0.3565206284321517
2,64,1.75,uniform,37,0.5703125,0.37428080816369463,0.3742808079683825
2,64,1.75,uniform,38,0.5859375,0.39240972716269956,0.3924097269789001
2,64,1.75,uniform,39,0.6015625,0.41090490202473356,0.41090490185149764
2,64,1.75,uniform,40,0.6171875,0.4297639305968085,0.4297639304332732
2,64,1.75,uniform,41,0.6328125,0.4489844874983135,0.44898448734371915
2,64,1.75,uniform,42,0.6484375,0.46856431981402585,0.46856431966767603
2,64,1.75,uniform,43,0.6640625,0.48850124312758897,0.4885012429888658
2,64,1.75,uniform,44,0.6796875,0.5087931378612711,0.508793137729618
2,64,1.75,uniform,45,0.6953125,0.5294379458916973,0.5294379457665933
2,64,1.75,uniform,46,0.7109375,0.5504336674149116,0.5504336672959034
2,64,1.75,uniform,47,0.7265625,0.5717783580374584,0.5717783579241235
2,64,1.75,uniform,48,0.7421875,0.5934701260724136,0.5934701259643727
2,64,1.75,uniform,49,0.7578125,0.61550713002206,0.6155071299189552
2,64,1.75,uniform,50,0.7734375,0.6378875762305601,0.6378875761320796
2,64,1.75,uniform,51,0.7890625,0.6606097166920877,0.6606097165979341
2,64,1.75,uniform,52,0.8046875,0.683671847001038,0.6836718469109382
2,64,1.75,uniform,53,0.8203125,0.7070723044326418,0.7070723043463463
2,64,1.75,uniform,54,0.8359375,0.7308094661432857,0.7308094660605708
2,64,1.75,uniform,55,0.8515625,0.7548817474809807,0.7548817474016422
2,64,1.75,uniform,56,0.8671875,0.7792876003973265,0.7792876003211533
2,64,1.75,uniform,57,0.8828125,0.8040255119530412,0.8040255118798637
2,64,1.75,uniform,58,0.8984375,0.8290940029102102,0.8290940028398641
2,64,1.75,uniform,59,0.9140625,0.8544916264045826,0.854491626336863
2,64,1.75,uniform,60,0.9296875,0.8802169666917603,0.8802169666267328
2,64,1.75,uniform,61,0.9453125,0.9062686379642181,0.9062686379009743
2,64,1.75,uniform,62,0.9609375,0.9326452832249402,0.9326452831662311
2,64,1.75,uniform,63,0.9765625,0.9593455732484,0.9593455731833919
2,64,1.75,uniform,64,0.9921875,0.9863682054936644,0.9863682054622106
2,64,1.75,uniform,65,1.0,1.0000000000001468,1.0
2,64,1.75,positional,0,0.0,0.0,0.0
2,64,1.75,positional,1,0.0001407256720929038,1.8040208089612918e-07,1.818248885759375e-07
2,64,1.75,positional,2,0.0006434707823486099,2.597763174662424e-06,2.5997132995768213e-06
2,64,1.75,positional,3,0.0016464467478508465,1.3455657140920595e-05,1.3457316141194556e-05
2,64,1.75,positional,4,0.0031965058713984557,4.2970453836314175e-05,4.297166054481034e-05
2,64,1.75,positional,5,0.005301627059335923,0.00010416240781460442,0.00010416361768421927
2,64,1.75,positional,6,0.007967147705034067,0.00021246067049771676,0.00021246139089493293
2,64,1.75,positional,7,0.011167426784053545,0.0003836341655236336,0.0003836347589343978
2,64,1.75,positional,8,0.014884047550888473,0.0006342514665678455,0.0006342519854874373
2,64,1.75,positional,9,0.01910797696900254,0.0009820317391285903,0.0009820322290587267
2,64,1.75,positional,10,0.02383464622170098,0.0014458229157514302,0.001445823377653237
2,64,1.75,positional,11,0.029060499322972153,0.002045409574088421,0.002045410006551333
2,64,1.75,positional,12,0.034781467030901264,0.002801294417953274,0.002801294818181353
2,64,1.75,positional,13,0.04099260617607221,0.003734518671415105,0.003734519039185027
2,64,1.75,positional,14,0.04768829515084451,0.004866543550591236,0.004866543887810329
2,64,1.75,positional,15,0.054862629730786594,0.006219193433620346,0.006219193743866774
2,64,1.75,positional,16,0.06250983679176106,0.007814651637419599,0.00781465192519681
2,64,1.75,positional,17,0.07062462378991723,0.009675496180087643,0.009675496450236881
2,64,1.75,positional,18,0.07920243544088948,0.01182476255805451,0.0118247628153129
2,64,1.75,positional,19,0.08823961570580817,0.014286021733741466,0.014286021982454756
2,64,1.75,positional,20,0.09773348529179747,0.017083463345363058,0.017083463589317924
2,64,1.75,positional,21,0.1076823494976532,0.020241976187872674,0.020241976430220233
2,64,1.75,positional,22,0.11808545223633969,0.023787220074999622,0.023787220318242173
2,64,1.75,positional,23,0.12894289140593435,0.02774568517746186,0.02774568542348287
2,64,1.75,positional,24,0.14025550936868159,0.03214473676869771,0.03214473701881965
2,64,1.75,positional,25,0.1520247705009438,0.03701264491825016,0.03701264517330814
2,64,1.75,positional,26,0.1642526357232184,0.04237859996710805,0.042378600227530865
2,64,1.75,positional,27,0.17694144167181136,0.048272715518374226,0.04827271578426345
2,64,1.75,positional,28,0.19009378981825104,0.05472602113023126,0.054726021401436835
2,64,1.75,positional,29,0.20371244851811318,0.061770446907936594,0.06177044718411971
2,64,1.75,positional,30,0.21780026885844406,0.06943880182244148,0.06943880210312708
2,64,1.75,positional,31,0.2323601134592655,0.07776474695958048,0.0777647472441954
2,64,1.75,positional,32,0.24739479621851207,0.08678276418911463,0.08678276447701291
2,64,1.75,positional,33,0.26290703044490726,0.0965281201087736,0.096528120399253
2,64,1.75,positional,34,0.27889938287949567,0.10703682470992393,0.1070368250022353
2,64,1.75,positional,35,0.29537423165364746,0.1183455841191266,0.11834558441247768
2,64,1.75,positional,36,0.3123337270937332,0.13049174701457258,0.13049174730813456
2,64,1.75,positional,37,0.32977975525650016,0.14351324485066194,0.14351324514357539
2,64,1.75,positional,38,0.3477139049719278,0.15744852674723958,0.15744852703862866
2,64,1.75,positional,39,0.3661374398332313,0.17233649068376344,0.17233649097274883
2,64,1.75,positional,40,0.3850512769208712,0.18821641335363773,0.18821641363935962
2,64,1.75,positional,41,0.4044559740599226,0.20512788157395148,0.20512788185559308
2,64,1.75,positional,42,0.4243517271266492,0.22311072844277266,0.22311072871958634
2,64,1.75,positional,43,0.44473837841906205,0.24220497746593372,0.24220497773725966
2,64,1.75,positional,44,0.4656154364848392,0.26245079765411244,0.2624507979194099
2,64,1.75,positional,45,0.4869821071546928,0.2838884721662159,0.28388847242507614
2,64,1.75,positional,46,0.5088373349411695,0.3065583825113232,0.306558382763487
2,64,1.75,positional,47,0.5311798534892191,0.3305010096893263,0.33050100993468884
2,64,1.75,positional,48,0.554008243436691,0.35575695301440813,0.35575695325303214
2,64,1.75,positional,49,0.5773209958672967,0.3823669667784075,0.38236696701050654
2,64,1.75,positional,50,0.6011165795038751,0.41037201440904014,0.41037201463499307
2,64,1.75,positional,51,0.6253935098720169,0.4398133393818619,0.4398133396021872
2,64,1.75,positional,52,0.6501504188331853,0.47073255185986557,0.4707325520752231
2,64,1.75,positional,53,0.6753861231113505,0.5031717298565608,0.503171730067732
2,64,1.75,positional,54,0.7010996906894915,0.5371735336335322,0.5371735338414007
2,64,1.75,positional,55,0.7272905042086708,0.5727813320354774,0.5727813322410334
2,64,1.75,positional,56,0.7539583207451128,0.610039339515864,0.6100393397201637
2,64,1.75,positional,57,0.781103327557893,0.6489927626962952,0.6489927629004788
2,64,1.75,positional,58,0.8087261935847002,0.689687955417479,0.6896879556227192
2,64,1.75,positional,59,0.8368281166129419,0.732172581364278,0.73217258157184
2,64,1.75,positional,60,0.8654108661686394,0.776495783473471,0.7764957836844935
2,64,1.75,positional,61,0.89447682224852,0.8227083594480802,0.8227083596643473
2,64,1.75,positional,62,0.9240290100751466,0.8708629428138608,0.8708629430348173
2,64,1.75,positional,63,0.9540711310850543,0.9210141890117955,0.9210141892458191
2,64,1.75,positional,64,0.9846075903700018,0.9732189661970715,0.9732189664189804
2,64,1.75,positional,65,1.0,1.0000000000000253,1.0
2,64,1.85,uniform,0,0.0,0.0,0.0
2,64,1.85,uniform,1,0.0078125,0.0001263419410572366,0.0001263751127736056
2,64,1.85,uniform,2,0.0234375,0.000964943040964412,0.0009645747240628391
2,64,1.85,uniform,3,0.0390625,0.002481708665862343,0.002481738763272536
2,64,1.85,uniform,4,0.0546875,0.0046248369543094945,0.004624799721110904
2,64,1.85,uniform,5,0.0703125,0.007362249919349942,0.007362243861793208
2,64,1.85,uniform,6,0.0859375,0.010671816967840244,0.01067180850585332
2,64,1.85,uniform,7,0.1015625,0.01453640104855724,0.014536396415801022
2,64,1.85,uniform,8,0.1171875,0.018942202349316498,0.018942198588325423
2,64,1.85,uniform,9,0.1328125,0.02387767909518436,0.0238776763194674
2,64,1.85,uniform,10,0.1484375,0.02933295058841822,0.02933294837630014
2,64,1.85,uniform,11,0.1640625,0.035299395912960864,0.03529939413647077
2,64,1.85,uniform,12,0.1796875,0.04176938375974724,0.041769382296887446
2,64,1.85,uniform,13,0.1953125,0.0487360787137026,0.048736077491484196
2,64,1.85,uniform,14,0.2109375,0.05619329879542454,0.05619329775945968
2,64,1.85,uniform,15,0.2265625,0.06413540747055382,0.06413540658217157
2,64,1.85,uniform,16,0.2421875,0.07255722998997621,0.07255722922025483
2,64,1.85,uniform,17,0.2578125,0.08145398729150427,0.08145398661859676
2,64,1.85,uniform,18,0.2734375,0.0908212429115566,0.09082124231860719
2,64,1.85,uniform,19,0.2890625,0.10065485972723252,0.10065485920105292
2,64,1.85,uniform,20,0.3046875,0.11095096426255117,0.11095096379267326
2,64,1.85,uniform,21,0.3203125,0.12170591690667304,0.12170591648468979
2,64,1.85,uniform,22,0.3359375,0.13291628681780643,0.13291628643688724
2,64,1.85,uniform,23,0.3515625,0.14457883058720894,0.14457883024175286
2,64,1.85,uniform,24,0.3671875,0.1566904739544525,0.15669047363982208
2,64,1.85,uniform,25,0.3828125,0.16924829602375355,0.16924829573607866
2,64,1.85,uniform,26,0.3984375,0.1822495155492537,0.18224951528527872
2,64,1.85,uniform,27,0.4140625,0.19569147894608319,0.19569147870305229
2,64,1.85,uniform,28,0.4296875,0.20957164975201048,0.20957164952757432
2,64,1.85,uniform,29,0.4453125,0.22388759931691554,0.22388759910905967
2,64,1.85,uniform,30,0.4609375,0.23863699853829173,0.23863699834528188
2,64,1.85,uniform,31,0.4765625,0.2538176104932482,0.25381761031357786
2,64,1.85,uniform,32,0.4921875,0.26942728384309506,0.26942728367545377
2,64,1.85,uniform,33,0.5078125,0.28546394690722693,0.2854639467504713
2,64,1.85,uniform,34,0.5234375,0.3019256023195904,0.30192560217271075
2,64,1.85,uniform,35,0.5390625,0.31881032219451044,0.3188103220566245
2,64,1.85,uniform,36,0.5546875,0.3361162437398552,0.33611624361017384
2,64,1.85,uniform,37,0.5703125,0.353841565264441,0.3538415651422696
2,64,1.85,uniform,38,0.5859375,0.37198454253439855,0.3719845424191133
2,64,1.85,uniform,39,0.6015625,0.3905434854392995,0.3905434853303456
2,64,1.85,uniform,40,0.6171875,0.409516754934322,0.4095167548312061
2,64,1.85,uniform,41,0.6328125,0.4289027602290949,0.4289027601313635
2,64,1.85,uniform,42,0.6484375,0.4486999561975996,0.4486999561048539
2,64,1.85,uniform,43,0.6640625,0.4689068409868986,0.468906840898768
2,64,1.85,uniform,44,0.6796875,0.4895219538049049,0.4895219537210713
2,64,1.85,uniform,45,0.6953125,0.5105438728701417,0.5105438727902868
2,64,1.85,uniform,46,0.7109375,0.5319712135079167,0.5319712134317887
2,64,1.85,uniform,47,0.7265625,0.5538026263798687,0.5538026263072009
2,64,1.85,uniform,48,0.7421875,0.5760367958343249,0.5760367957649047
2,64,1.85,uniform,49,0.7578125,0.598672438367368,0.5986724383009716
2,64,1.85,uniform,50,0.7734375,0.621708301184533,0.6217083011209845
2,64,1.85,uniform,51,0.7890625,0.6451431608550927,0.6451431607942113
2,64,1.85,uniform,52,0.8046875,0.6689758220508556,0.6689758219924727
2,64,1.85,uniform,53,0.8203125,0.6932051163628365,0.6932051163068201
2,64,1.85,uniform,54,0.8359375,0.7178299011896255,0.7178299011358177
2,64,1.85,uniform,55,0.8515625,0.7428490586915361,0.7428490586398303
2,64,1.85,uniform,56,0.8671875,0.7682614948059864,0.7682614947562473
2,64,1.85,uniform,57,0.8828125,0.7940661383189213,0.7940661382710481
2,64,1.85,uniform,58,0.8984375,0.8202619399886382,0.8202619399425417
2,64,1.85,uniform,59,0.9140625,0.8468478717179393,0.8468478716734796
2,64,1.85,uniform,60,0.9296875,0.8738229257708537,0.8738229257280892
2,64,1.85,uniform,61,0.9453125,0.901186114032537,0.9011861139908677
2,64,1.85,uniform,62,0.9609375,0.9289364673029986,0.9289364672642517
2,64,1.85,uniform,63,0.9765625,0.9570730346454931,0.9570730346025206
2,64,1.85,uniform,64,0.9921875,0.9855948827003533,0.9855948826795089
2,64,1.85,uniform,65,1.0,1.0000000000001705,1.0
2,64,1.85,positional,0,0.0,0.0,0.0
2,64,1.85,positional,1,0.00018822878985271134,1.2678274301321255e-07,1.2828302510996568e-07
2,64,1.85,positional,2,0.0009752041539154271,2.6892963436257835e-06,2.6904613258124635e-06
2,64,1.85,positional,3,0.0024450741934545243,1.4734377734643032e-05,1.4734665378097658e-05
2,64,1.85,positional,4,0.004527184998523472,4.6054461670074596e-05,4.605557909195621e-05
2,64,1.85,positional,5,0.007275791654801025,0.00011078381179189654,0.00011078436445523097
2,64,1.85,positional,6,0.010652382861156696,0.0002242722964723499,0.0002242727556528705
2,64,1.85,positional,7,0.014615456607255042,0.00040262665645657123,0.0004026270207887025
2,64,1.85,positional,8,0.01913936042405593,0.000663079357716589,0.0006630796945935162
2,64,1.85,positional,9,0.02420830440048736,0.0010240801663455466,0.0010240804785356834
2,64,1.85,positional,10,0.029810599020538692,0.0015051705633317386,0.0015051708551289073
2,64,1.85,positional,11,0.035935796599436284,0.002126793900506463,0.0021267941712399888
2,64,1.85,positional,12,0.04257367530355226,0.0029101212104401582,0.0029101214607658724
2,64,1.85,positional,13,0.04971411139746681,0.003876924862686346,0.0038769250940045006
2,64,1.85,positional,14,0.05734730045413582,0.005049507161818544,0.005049507376420554
2,64,1.85,positional,15,0.0654640609908792,0.006450678995039634,0.006450679195690221
2,64,1.85,positional,16,0.07405610182084216,0.008103778432188095,0.008103778621827961
2,64,1.85,positional,17,0.0831162088508133,0.010032717524335221,0.010032717705822933
2,64,1.85,positional,18,0.09263834246172692,0.012262045661184082,0.012262045837122471
2,64,1.85,positional,19,0.10261765228157751,0.014817018829455625,0.014817019002081048
2,64,1.85,positional,20,0.11305042233325716,0.017723665529063896,0.017723665700187203
2,64,1.85,positional,21,0.12393396141179844,0.021008841764440043,0.021008841935425716
2,64,1.85,positional,22,0.13526645361209505,0.024700269355769012,0.024700269527542465
2,64,1.85,positional,23,0.14704678326683102,0.02882655375497507,0.028826553928051165
2,64,1.85,positional,24,0.15927434753154324,0.03341717952977036,0.03341717970429643
2,64,1.85,positional,25,0.1719488685183384,0.038502483585932924,0.03850248376174311
2,64,1.85,positional,26,0.1850702151854202,0.044113607894660574,0.04411360807133581
2,64,1.85,positional,27,0.19863824311751502,0.05028243483498854,0.0502824350119184
2,64,1.85,positional,28,0.21265265794861837,0.057041509134729024,0.05704150931117353
2,64,1.85,positional,29,0.2271129056426342,0.06442395073844837,0.06442395091359299
2,64,1.85,positional,30,0.24201809038456817,0.07246336276505122,0.072463362938055
2,64,1.85,positional,31,0.2573669186863382,0.08119373813510301,0.08119373830513774
2,64,1.85,positional,32,0.2731576666799784,0.09064936760245652,0.09064936776873601
2,64,1.85,positional,33,0.2893881665778141,0.10086475099615905,0.10086475115795679
2,64,1.85,positional,34,0.30605580794103426,0.11187451263650289,0.11187451279316647
2,64,1.85,positional,35,0.32315754963248744,0.1237133212602748,0.1237133214112293
2,64,1.85,positional,36,0.34068993898083155,0.13641581443942888,0.13641581458417734
2,64,1.85,positional,37,0.3586491355612371,0.15001652740434104,0.15001652754246447
2,64,1.85,positional,38,0.3770309379177403,0.16454982633350163,0.1645498264646559
2,64,1.85,positional,39,0.3958308123655967,0.18004984645931743,0.18004984658323137
2,64,1.85,positional,40,0.4150439236241986,0.19655043566892255,0.19655043578539427
2,64,1.85,positional,41,0.43466516740503547,0.2140851045651054,0.21408510467400593
2,64,1.85,positional,42,0.4546892052263354,0.23268698413631528,0.23268698423758277
2,64,1.85,positional,43,0.47511050169150637,0.25238879223698607,0.2523887923306333
2,64,1.85,positional,44,0.4959233643139288,0.2732228099999111,0.2732228100860106
2,64,1.85,positional,45,0.5171219857591658,0.29522086911220685,0.29522086919091056
2,64,1.85,positional,46,0.5387004881611681,0.31841435062077805,0.31841435069228957
2,64,1.85,positional,47,0.5606529689904061,0.34283419563023476,0.34283419569483453
2,64,1.85,positional,48,0.5829735478313723,0.36851092795357326,0.3685109280115892
2,64,1.85,positional,49,0.6056564133721034,0.3954746885013234,0.39547468855314005
2,64,1.85,positional,50,0.6286958699154124,0.42375528096965603,0.4237552810157058
2,64,1.85,positional,51,0.6520863827793759,0.45338222822121577,0.453382228261977
2,64,1.85,positional,52,0.6758226220486954,0.48438483864731774,0.4843848386832954
2,64,1.85,positional,53,0.6998995042538382,0.5167922817520164,0.5167922817837498
2,64,1.85,positional,54,0.7243122316778716,0.5506336721999231,0.55063367222797
2,64,1.85,positional,55,0.7490563291108427,0.5859381616098278,0.5859381616347686
2,64,1.85,positional,56,0.7741276779807024,0.6227350374453563,0.6227350374677854
2,64,1.85,positional,57,0.7995225478833744,0.6610538284416182,0.6610538284621337
2,64,1.85,positional,58,0.8252376256104001,0.7009244161050603,0.7009244161242737
2,64,1.85,positional,59,0.8512700418303802,0.7423771519257142,0.74237715194419
2,64,1.85,positional,60,0.87761739562131,0.7854429800408984,0.7854429800594215
2,64,1.85,positional,61,0.9042777770768311,0.8301535651876486,0.8301535652061534
2,64,1.85,positional,62,0.9312497882227992,0.8765414258597718,0.8765414258813794
2,64,1.85,positional,63,0.9585325624838931,0.924640072705242,0.9246400727210972
2,64,1.85,positional,64,0.9861257829356387,0.9744841521262594,0.9744841521724281
2,64,1.85,positional,65,1.0,0.9999999999999964,1.0
2,64,1.95,uniform,0,0.0,0.0,0.0
2,64,1.95,uniform,1,0.0078125,7.779250028211115e-05,7.77930070385292e-05
2,64,1.95,uniform,2,0.0234375,0.0006627986718695065,0.0006627153132717435
2,64,1.95,uniform,3,0.0390625,0.0017944480143787418,0.0017944529164905408
2,64,1.95,uniform,4,0.0546875,0.003458460925053867,0.003458451878552194
2,64,1.95,uniform,5,0.0703125,0.005645645475269302,0.005645643524582397
2,64,1.95,uniform,6,0.0859375,0.008349422047282173,0.00834941975722658
2,64,1.95,uniform,7,0.1015625,0.011564587507601184,0.011564586162038345
2,64,1.95,uniform,8,0.1171875,0.015286869040042695,0.015286867958638388
2,64,1.95,uniform,9,0.1328125,0.019512637391614178,0.019512636576406176
2,64,1.95,uniform,10,0.1484375,0.02423874293479168,0.0242387422799291
2,64,1.95,uniform,11,0.1640625,0.029462404768129283,0.02946240423634485
2,64,1.95,uniform,12,0.1796875,0.03518113487752538,0.03518113443578287
2,64,1.95,uniform,13,0.1953125,0.0413926832377434,0.04139268286552518
2,64,1.95,uniform,14,0.2109375,0.04809499702066527,0.04809499670273901
2,64,1.95,uniform,15,0.2265625,0.05528618940239906,0.055286189127799354
2,64,1.95,uniform,16,0.2421875,0.06296451519851241,0.06296451495899415
2,64,1.95,uniform,17,0.2578125,0.07112835146864892,0.07112835125793736
2,64,1.95,uniform,18,0.2734375,0.07977618182912341,0.07977618164234816
2,64,1.95,uniform,19,0.2890625,0.08890658358657663,0.0889065834199038
2,64,1.95,uniform,20,0.3046875,0.09851821705616365,0.09851821690653358
2,64,1.95,uniform,21,0.3203125,0.10860981659738246,0.10860981646232512
2,64,1.95,uniform,22,0.3359375,0.11918018301895203,0.11918018289644959
2,64,1.95,uniform,23,0.3515625,0.13022817708817588,0.1302281769765659
2,64,1.95,uniform,24,0.3671875,0.14175271394113173,0.14175271383903218
2,64,1.95,uniform,25,0.3828125,0.15375275823481344,0.15375275814106568
2,64,1.95,uniform,26,0.3984375,0.1662273199158565,0.16622731982948155
2,64,1.95,uniform,27,0.4140625,0.17917545050584138,0.1791754504260075
2,64,1.95,uniform,28,0.4296875,0.19259623982262905,0.1925962397486242
2,64,1.95,uniform,29,0.4453125,0.20648881307225533,0.20648881300346728
2,64,1.95,uniform,30,0.4609375,0.22085232825775017,0.22085232819364764
2,64,1.95,uniform,31,0.4765625,0.23568597386057485,0.23568597380069875
2,64,1.95,uniform,32,0.4921875,0.2509889667578753,0.25098896670182214
2,64,1.95,uniform,33,0.5078125,0.26676055034469043,0.2667605502921077
2,64,1.95,uniform,34,0.5234375,0.2829999928351962,0.28299999278577254
2,64,1.95,uniform,35,0.5390625,0.29970658572098163,0.29970658567443875
2,64,1.95,uniform,36,0.5546875,0.31687964236763816,0.3168796423237358
2,64,1.95,uniform,37,0.5703125,0.3345184967336936,0.33451849669221534
2,64,1.95,uniform,38,0.5859375,0.35262250219806796,0.35262250215881474
2,64,1.95,uniform,39,0.6015625,0.37119103048418506,0.3711910304469832
2,64,1.95,uniform,40,0.6171875,0.390223470670466,0.39022347063516655
2,64,1.95,uniform,41,0.6328125,0.40971922827822704,0.40971922824468016
2,64,1.95,uniform,42,0.6484375,0.4296777244290525,0.4296777243971331
2,64,1.95,uniform,43,0.6640625,0.45009839506493754,0.45009839503453225
2,64,1.95,uniform,44,0.6796875,0.470980690225019,0.4709806901960211
2,64,1.95,uniform,45,0.6953125,0.49232407337360296,0.49232407334591827
2,64,1.95,uniform,46,0.7109375,0.5141280207747908,0.5141280207483339
2,64,1.95,uniform,47,0.7265625,0.5363920209094867,0.5363920208841707
2,64,1.95,uniform,48,0.7421875,0.5591155739310167,0.559115573906779
2,64,1.95,uniform,49,0.7578125,0.5822981911561693,0.582298191132933
2,64,1.95,uniform,50,0.7734375,0.6059393945884314,0.6059393945661493
2,64,1.95,uniform,51,0.7890625,0.6300387164710763,0.6300387164496744
2,64,1.95,uniform,52,0.8046875,0.6545956988673022,0.6545956988467365
2,64,1.95,uniform,53,0.8203125,0.6796098932656792,0.6796098932458987
2,64,1.95,uniform,54,0.8359375,0.7050808602085876,0.7050808601895565
2,64,1.95,uniform,55,0.8515625,0.731008168942144,0.7310081689238123
2,64,1.95,uniform,56,0.8671875,0.7573913970857933,0.7573913970681229
2,64,1.95,uniform,57,0.8828125,0.7842301303203073,0.7842301303032656
2,64,1.95,uniform,58,0.8984375,0.8115239620927359,0.8115239620762955
2,64,1.95,uniform,59,0.9140625,0.8392724933371853,0.839272493321289
2,64,1.95,uniform,60,0.9296875,0.8674753322100774,0.86747533219477
2,64,1.95,uniform,61,0.9453125,0.8961320938397686,0.8961320938248127
2,64,1.95,uniform,62,0.9609375,0.9252424000868215,0.9252424000728949
2,64,1.95,uniform,63,0.9765625,0.9548058793231299,0.9548058793076579
2,64,1.95,uniform,64,0.9921875,0.9848221661973532,0.9848221661897949
2,64,1.95,uniform,65,1.0,1.0000000000001563,1.0
2,64,1.95,positional,0,0.0,0.0,0.0
2,64,1.95,positional,1,0.00030806227402959026,1.4165119462484815e-07,1.4218216012239554e-07
2,64,1.95,positional,2,0.0014600650747674596,2.954326130270642e-06,2.9547845166621187e-06
2,64,1.95,positional,3,0.0035114816729458027,1.6356957909971956e-05,1.635709936419762e-05
2,64,1.95,positional,4,0.006311095187609056,5.130996895213191e-05,5.1310261082647284e-05
2,64,1.95,positional,5,0.009838498497167267,0.00012195811595512868,0.00012195825620212858
2,64,1.95,positional,6,0.014019579221361128,0.00024329488813442006,0.0002432950142422787
2,64,1.95,positional,7,0.018801974085500855,0.00043121774185386313,0.00043121784715659977
2,64,1.95,positional,8,0.024152973432405505,0.0007027366692617693,0.0007027367683194903
2,64,1.95,positional,9,0.030049853807056465,0.0010759511932165338,0.0010759512856197853
2,64,1.95,positional,10,0.036474460978734115,0.0015699228009930716,0.0015699228877752388
2,64,1.95,positional,11,0.043410889876345365,0.0022045371742591886,0.0022045372555086853
2,64,1.95,positional,12,0.050844685131469405,0.0030003977786382963,0.003000397854860195
2,64,1.95,positional,13,0.05876268642727401,0.003978764131147906,0.003978764203003384
2,64,1.95,positional,14,0.0671530994528565,0.005161534277482911,0.005161534345796638
2,64,1.95,positional,15,0.07600560578155607,0.006571264736910723,0.006571264802562762
2,64,1.95,positional,16,0.0853114356697606,0.008231218593634508,0.008231218657493022
2,64,1.95,positional,17,0.09506337848012358,0.010165431648227075,0.010165431711091327
2,64,1.95,positional,18,0.10525572773279976,0.012398786662755084,0.012398786725317962
2,64,1.95,positional,19,0.11588416708872312,0.014957086327941696,0.014957086390765099
2,64,1.95,positional,20,0.1269456072184389,0.017867116500412217,0.01786711656391388
2,64,1.95,positional,21,0.13843798488841424,0.021156692472661456,0.021156692537109764
2,64,1.95,positional,22,0.15036003613317378,0.024854682550190993,0.024854682615707155
2,64,1.95,positional,23,0.162711055555249,0.02899100500087971,0.028991005067446146
2,64,1.95,positional,24,0.17549065364611585,0.033596596442471864,0.033596596509945294
2,64,1.95,positional,25,0.18869852342672466,0.03870335181805457,0.03870335188618335
2,64,1.95,positional,26,0.20233422653640265,0.04434403810259482,0.044344038171040524
2,64,1.95,positional,27,0.21639700710758972,0.05055218559333985,0.050552185661699174
2,64,1.95,positional,28,0.2308856394279244,0.057361961889793735,0.05736196195762254
2,64,1.95,positional,29,0.24579831270799996,0.06480803434892664,0.06480803441576403
2,64,1.95,positional,30,0.26113255352301445,0.07292542687595555,0.0729254269413415
2,64,1.95,positional,31,0.27688518398336354,0.08174937643962374,0.08174937650312035
2,64,1.95,positional,32,0.29305231167608187,0.09131519382001996,0.09131519388122192
2,64,1.95,positional,33,0.30962934607723297,0.10165813198894415,0.10165813204749082
2,64,1.95,positional,34,0.3266110355187353,0.11281326437687579,0.11281326443245832
2,64,1.95,positional,35,0.3439915188417755,0.12481537425577759,0.12481537430813688
2,64,1.95,positional,36,0.36176438643716957,0.1376988556682195,0.13769885571715224
2,64,1.95,positional,37,0.37992274627050904,0.15149762580276935,0.1514976258481236
2,64,1.95,positional,38,0.39845929152399495,0.16624504843892945,0.16624504848059946
2,64,1.95,positional,39,0.41736636749560097,0.18197386800886012,0.18197386804678786
2,64,1.95,positional,40,0.4366360362672784,0.1987161538756334,0.19871615390979808
2,64,1.95,positional,41,0.45626013832899265,0.21650325453720506,0.21650325456762362
2,64,1.95,positional,42,0.476230350813169,0.23536576157433764,0.23536576160106057
2,64,1.95,positional,43,0.4965382422770688,0.25533348323204696,0.2553334832551501
2,64,1.95,positional,44,0.5171753241098925,0.2764354275420314,0.2764354275616186
2,64,1.95,positional,45,0.5381330986837345,0.29869979485929504,0.2986997948754915
2,64,1.95,positional,46,0.559403104355668,0.32215397961237663,0.32215397962532283
2,64,1.95,positional,47,0.5809769573957213,0.3468245809715244,0.3468245809813802
2,64,1.95,positional,48,0.6028463908847197,0.3727374220410536,0.37273742204799093
2,64,1.95,positional,49,0.6250032906090373,0.3999175770961414,0.39991757710034076
2,64,1.95,positional,50,0.6474397279801773,0.4283894063210669,0.4283894063227165
2,64,1.95,positional,51,0.6701479900242431,0.45817659747048833,0.4581765974697815
2,64,1.95,positional,52,0.6931206065152207,0.4893022138685962,0.48930221386573197
2,64,1.95,positional,53,0.7163503743609512,0.5217887481802753,0.5217887481754454
2,64,1.95,positional,54,0.7398303793864391,0.5556581814288734,0.5556581814222848
2,64,1.95,positional,55,0.7635540156914749,0.5909320467914552,0.590932046783302
2,64,1.95,positional,56,0.7875150027855934,0.6276314977679803,0.6276314977584523
2,64,1.95,positional,57,0.8117074007216238,0.6657773803915636,0.6657773803808628
2,64,1.95,positional,58,0.8361256234591454,0.7053903092176549,0.705390309205969
2,64,1.95,positional,59,0.860764450691547,0.7464907468977898,0.746490746885269
2,64,1.95,positional,60,0.8856190383661359,0.7890990872065163,0.7890990871934496
2,64,1.95,positional,61,0.9106849281172273,0.8332357414484666,0.8332357414346243
2,64,1.95,positional,62,0.935958055818781,0.8789212282168979,0.8789212282039741
2,64,1.95,positional,63,0.9614347594473565,0.9261762665431315,0.9261762665255412
2,64,1.95,positional,64,0.9871117864291241,0.975021872426441,0.975021872425885
2,64,1.95,positional,65,1.0,0.9999999999999986,1.0
2,128,1.55,uniform,0,0.0,0.0,0.0
2,128,1.55,uniform,1,0.00390625,0.0001846080633608672,0.0001850239949353513
2,128,1.55,uniform,2,0.01171875,0.0010167607506281343,0.0010157012772547935
2,128,1.55,uniform,3,0.01953125,0.002241830416704271,0.0022419791038989162
2,128,1.55,uniform,4,0.02734375,0.0037769428556025005,0.0037768524254622434
2,128,1.55,uniform,5,0.03515625,0.005575759620075063,0.0055757583494912884
2,128,1.55,uniform,6,0.04296875,0.007610050750946671,0.007610036079116034
2,128,1.55,uniform,7,0.05078125,0.00985917341159632,0.009859167609465555
2,128,1.55,uniform,8,0.05859375,0.012307495577646816,0.012307490389040353
2,128,1.55,uniform,9,0.06640625,0.014942524755825661,0.01494252124241771
2,128,1.55,uniform,10,0.07421875,0.017753999476382017,0.0177539967172976
2,128,1.55,uniform,11,0.08203125,0.020733279643664723,0.020733277507521363
2,128,1.55,uniform,12,0.08984375,0.023872957825204027,0.02387295610963925
2,128,1.55,uniform,13,0.09765625,0.02716658756896599,0.027166586172110666
2,128,1.55,uniform,14,0.10546875,0.03060848996013128,0.030608488802877597
2,128,1.55,uniform,15,0.11328125,0.034193610698106926,0.034193609726851676
2,128,1.55,uniform,16,0.12109375,0.037917412099820955,0.03791741127495022
2,128,1.55,uniform,17,0.12890625,0.041775789670723984,0.041775788963015134
2,128,1.55,uniform,18,0.13671875,0.04576500649399044,0.0457650058812909
2,128,1.55,uniform,19,0.14453125,0.04988164080689754,0.04988164027218637
2,128,1.55,uniform,20,0.15234375,0.05412254353315233,0.05412254306314273
2,128,1.55,uniform,21,0.16015625,0.058484803457835806,0.05848480304202431
2,128,1.55,uniform,22,0.16796875,0.06296571835808969,0.06296571798807157
2,128,1.55,uniform,23,0.17578125,0.06756277083717682,0.06756277050615639
2,128,1.55,uniform,24,0.18359375,0.07227360791771345,0.07227360762014244
2,128,1.55,uniform,25,0.19140625,0.07709602367205937,0.07709602340336555
2,128,1.55,uniform,26,0.19921875,0.08202794433072116,0.08202794408710909
2,128,1.55,uniform,27,0.20703125,0.0870674154307532,0.0870674152090465
2,128,1.55,uniform,28,0.21484375,0.09221259065733406,0.0922125904548565
2,128,1.55,uniform,29,0.22265625,0.09746172210130058,0.09746172191578374
2,128,1.55,uniform,30,0.23046875,0.10281315170904125,0.1028131515385499
2,128,1.55,uniform,31,0.23828125,0.10826530374291696,0.10826530358579188
2,128,1.55,uniform,32,0.24609375,0.11381667810323322,0.11381667795804339
2,128,1.55,uniform,33,0.25390625,0.11946584438881301,0.11946584425432019
2,128,1.55,uniform,34,0.26171875,0.1252114365940652,0.12521143646919133
2,128,1.55,uniform,35,0.26953125,0.13105214835718915,0.131052148240992
2,128,1.55,uniform,36,0.27734375,0.1369867286877875,0.13698672857944183
2,128,1.55,uniform,37,0.28515625,0.14301397811326724,0.1430139780120439
2,128,1.55,uniform,38,0.29296875,0.14913274519251482,0.14913274509777208
2,128,1.55,uniform,39,0.30078125,0.15534192335293143,0.15534192326410004
2,128,1.55,uniform,40,0.30859375,0.16164044801312638,0.1616404479296987
2,128,1.55,uniform,41,0.31640625,0.1680272939588439,0.16802729388036708
2,128,1.55,uniform,42,0.32421875,0.17450147294408866,0.17450147287016085
2,128,1.55,uniform,43,0.33203125,0.18106203149313918,0.18106203142339244
2,128,1.55,uniform,44,0.33984375,0.18770804888220485,0.18770804881631845
2,128,1.55,uniform,45,0.34765625,0.19443863528232763,0.19443863522000332
2,128,1.55,uniform,46,0.35546875,0.20125293004715927,0.20125292998813213
2,128,1.55,uniform,47,0.36328125,0.20815010013146995,0.20815010007550036
2,128,1.55,uniform,48,0.37109375,0.21512933862772599,0.21512933857459415
2,128,1.55,uniform,49,0.37890625,0.22218986340962107,0.22218986335912713
2,128,1.55,uniform,50,0.38671875,0.22933091587269433,0.22933091582465898
2,128,1.55,uniform,51,0.39453125,0.23655175976326126,0.2365517597175154
2,128,1.55,uniform,52,0.40234375,0.24385168008778355,0.24385168004418176
2,128,1.55,uniform,53,0.41015625,0.2512299820957785,0.25122998205417624
2,128,1.55,uniform,54,0.41796875,0.25868599032986606,0.25868599029013933
2,128,1.55,uniform,55,0.42578125,0.26621904773748784,0.2662190476995163
2,128,1.55,uniform,56,0.43359375,0.27382851483909654,0.2738285148027773
2,128,1.55,uniform,57,0.44140625,0.28151376894838875,0.28151376891361635
2,128,1.55,uniform,58,0.44921875,0.2892742034403232,0.28927420340701415
2,128,1.55,uniform,59,0.45703125,0.29710922706338355,0.2971092270314419
2,128,1.55,uniform,60,0.46484375,0.3050182632924751,0.3050182632618297
2,128,1.55,uniform,61,0.47265625,0.3130007497196594,0.31300074969023794
2,128,1.55,uniform,62,0.48046875,0.32105613747971473,0.3210561374514424
2,128,1.55,uniform,63,0.48828125,0.32918389070807447,0.3291838906808962
2,128,1.55,uniform,64,0.49609375,0.33738348602889956,0.33738348600275236
2,128,1.55,uniform,65,0.50390625,0.34565441207099723,0.3456544120458297
2,128,1.55,uniform,66,0.51171875,0.35399616900983033,0.35399616898558617
2,128,1.55,uniform,67,0.51953125,0.36240826813369004,0.3624082681103247
2,128,1.55,uniform,68,0.52734375,0.3708902314325313,0.37089023141000227
2,128,1.55,uniform,69,0.53515625,0.37944159120788173,0.37944159118614595
2,128,1.55,uniform,70,0.54296875,0.3880618897024787,0.38806188968149913
2,128,1.55,uniform,71,0.55078125,0.3967506787483917,0.3967506787281286
2,128,1.55,uniform,72,0.55859375,0.40550751943240704,0.40550751941282315
2,128,1.55,uniform,73,0.56640625,0.4143319817776306,0.41433198175870223
2,128,1.55,uniform,74,0.57421875,0.42322364444034266,0.4232236444220367
2,128,1.55,uniform,75,0.58203125,0.43218209442107647,0.4321820944033559
2,128,1.55,uniform,76,0.58984375,0.441206926789133,0.4412069267719854
2,128,1.55,uniform,77,0.59765625,0.4502977444198311,0.45029774440322
2,128,1.55,uniform,78,0.60546875,0.45945415774348736,0.4594541577273947
2,128,1.55,uniform,79,0.61328125,0.4686757845057713,0.468675784490167
2,128,1.55,uniform,80,0.62109375,0.47796224953849753,0.4779622495233745
2,128,1.55,uniform,81,0.62890625,0.48731318454054673,0.48731318452587113
2,128,1.55,uniform,82,0.63671875,0.49672822786803345,0.49672822785379045
2,128,1.55,uniform,83,0.64453125,0.5062070243335396,0.5062070243197189
2,128,1.55,uniform,84,0.65234375,0.5157492250137306,0.515749225000296
2,128,1.55,uniform,85,0.66015625,0.5253544870648277,0.5253544870517914
2,128,1.55,uniform,86,0.66796875,0.5350224735459151,0.5350224735332385
2,128,1.55,uniform,87,0.67578125,0.5447528532490566,0.5447528532367264
2,128,1.55,uniform,88,0.68359375,0.5545453005364711,0.5545453005244853
2,128,1.55,uniform,89,0.69140625,0.5643994951840728,0.5643994951724152
2,128,1.55,uniform,90,0.69921875,0.574315122231086,0.5743151222197346
2,128,1.55,uniform,91,0.70703125,0.5842918718354831,0.584291871824443
2,128,1.55,uniform,92,0.71484375,0.5943294391350766,0.5943294391243115
2,128,1.55,uniform,93,0.72265625,0.6044275241136012,0.6044275241031303
2,128,1.55,uniform,94,0.73046875,0.6145858314721669,0.614585831461961
2,128,1.55,uniform,95,0.73828125,0.6248040705051062,0.6248040704951536
2,128,1.55,uniform,96,0.74609375,0.6350819549806045,0.6350819549709039
2,128,1.55,uniform,97,0.75390625,0.6454192030255983,0.6454192030161383
2,128,1.55,uniform,98,0.76171875,0.6558155370147614,0.6558155370055267
2,128,1.55,uniform,99,0.76953125,0.6662706834634348,0.666270683454434
2,128,1.55,uniform,100,0.77734375,0.6767843729244172,0.6767843729156318
2,128,1.55,uniform,101,0.78515625,0.6873563398881751,0.6873563398796019
2,128,1.55,uniform,102,0.79296875,0.6979863226866443,0.6979863226782722
2,128,1.55,uniform,103,0.80078125,0.7086740634002152,0.7086740633920328
2,128,1.55,uniform,104,0.80859375,0.7194193077678872,0.7194193077598916
2,128,1.55,uniform,105,0.81640625,0.7302218051004425,0.7302218050926329
2,128,1.55,uniform,106,0.82421875,0.7410813081964767,0.7410813081888499
2,128,1.55,uniform,107,0.83203125,0.7519975732611933,0.7519975732537311
2,128,1.55,uniform,108,0.83984375,0.7629703598277712,0.7629703598204851
2,128,1.55,uniform,109,0.84765625,0.7739994306814281,0.7739994306742929
2,128,1.55,uniform,110,0.85546875,0.7850845517856603,0.785084551778685
2,128,1.55,uniform,111,0.86328125,0.7962254922110661,0.7962254922042443
2,128,1.55,uniform,112,0.87109375,0.8074220240662308,0.8074220240595404
2,128,1.55,uniform,113,0.87890625,0.8186739224307344,0.8186739224242069
2,128,1.55,uniform,114,0.88671875,0.8299809652904748,0.8299809652840756
2,128,1.55,uniform,115,0.89453125,0.8413429334745574,0.8413429334682876
2,128,1.55,uniform,116,0.90234375,0.8527596105944406,0.8527596105883042
2,128,1.55,uniform,117,0.91015625,0.8642307829847533,0.8642307829787436
2,128,1.55,uniform,118,0.91796875,0.875756239645862,0.8757562396399741
2,128,1.55,uniform,119,0.92578125,0.8873357721881726,0.8873357721823973
2,128,1.55,uniform,120,0.93359375,0.8989691747780066,0.8989691747723569
2,128,1.55,uniform,121,0.94140625,0.9106562440851617,0.9106562440796127
2,128,1.55,uniform,122,0.94921875,0.9223967792317415,0.9223967792263221
2,128,1.55,uniform,123,0.95703125,0.9341905817428119,0.9341905817374746
2,128,1.55,uniform,124,0.96484375,0.9460374554979355,0.9460374554927236
2,128,1.55,uniform,125,0.97265625,0.9579372066847306,0.9579372066795686
2,128,1.55,uniform,126,0.98046875,0.969889643752712,0.9698896437478369
2,128,1.55,uniform,127,0.98828125,0.9818945773709198,0.9818945773654194
2,128,1.55,uniform,128,0.99609375,0.9939518203779426,0.9939518203752166
2,128,1.55,uniform,129,1.0,1.0000000000001172,1.0
2,128,1.55,positional,0,0.0,0.0,0.0
2,128,1.55,positional,1,2.6603839277888573e-06,2.279136749117556e-09,2.2838295555861147e-09
2,128,1.55,positional,2,7.981151783356991e-06,1.254898505963534e-08,1.2537231170731472e-08
2,128,1.55,positional,3,1.3301919639283884e-05,2.767671593933584e-08,2.767369790325036e-08
2,128,1.55,positional,4,1.8622687507056028e-05,4.6602316088892075e-08,4.661928961359972e-08
2,128,1.55,positional,5,2.3943503912386147e-05,6.889168583646466e-08,6.882416386180821e-08
2,128,1.55,positional,6,3.5151949769189595e-05,1.241402425622758e-07,1.248020156014216e-07
2,128,1.55,positional,7,0.00014054774527182142,1.0683378560508765e-06,1.069367592225223e-06
2,128,1.55,positional,8,0.00038991448600370114,5.200815141613645e-06,5.199990185475036e-06
2,128,1.55,positional,9,0.0007341090071763456,1.3865476036181762e-05,1.3865286780790952e-05
2,128,1.55,positional,10,0.0011569168091589892,2.8062060457603506e-05,2.8061979511577565e-05
2,128,1.55,positional,11,0.0016602000597367773,4.911890962775307e-05,4.9118903009631384e-05
2,128,1.55,positional,12,0.0022460909521092158,7.84715740570396e-05,7.847157592145927e-05
2,128,1.55,positional,13,0.0029149430449855076,0.00011753754029498075,0.00011753754460655977
2,128,1.55,positional,14,0.003666016455868021,0.00016768774673165478,0.00016768774927551478
2,128,1.55,positional,15,0.004498277148244844,0.00023026165446545259,0.00023026165671664986
2,128,1.55,positional,16,0.0054108579245201755,0.0003065931857188684,0.0003065931887949194
2,128,1.55,positional,17,0.0064032301878156755,0.0003980325804329241,0.0003980325852274674
2,128,1.55,positional,18,0.007475211289836243,0.0005059602246867229,0.0005059602315428167
2,128,1.55,positional,19,0.008626900706745074,0.0006317931792742511,0.0006317931881897735
2,128,1.55,positional,20,0.009858597476663533,0.0007769864641537531,0.0007769864749083451
2,128,1.55,positional,21,0.011170723502666298,0.0009430310944653193,0.0009430311067385239
2,128,1.55,positional,22,0.012563761911039945,0.0011314504156600597,0.0011314504291038599
2,128,1.55,positional,23,0.014038212124745332,0.0013437958211836747,0.0013437958354671528
2,128,1.55,positional,24,0.015594560071305887,0.00158164256365095,0.0015816425784838742
2,128,1.55,positional,25,0.017233260838248624,0.0018465860980161847,0.0018465861131594858
2,128,1.55,positional,26,0.01895473096775723,0.0021402392047326453,0.002140239220000799
2,128,1.55,positional,27,0.020759347869401278,0.002464230011307361,0.002464230026565994
2,128,1.55,positional,28,0.02264745425038303,0.0028202009448115117,0.002820200959972569
2,128,1.55,positional,29,0.02461936589180906,0.0032098085930317363,0.003209808608047417
2,128,1.55,positional,30,0.026675381485310012,0.0036347244188363213,0.003634724433692854
2,128,1.55,positional,31,0.028815793569875077,0.004096636254376982,0.00409663626908848
2,128,1.55,positional,32,0.03104089987292389,0.004597250494186735,0.004597250508789738
2,128,1.55,positional,33,0.03335101456807677,0.005138294905630962,0.005138294920179495
2,128,1.55,positional,34,0.03574647912285999,0.005721521979036423,0.0057215219935978084
2,128,1.55,positional,35,0.03822767253105462,0.006348712746391854,0.006348712761043265
2,128,1.55,positional,36,0.040795020814285834,0.007021681005530291,0.0070216810203558525
2,128,1.55,positional,37,0.04344900574246475,0.007742277895304372,0.007742277910392847
2,128,1.55,positional,38,0.04619017276845144,0.00851239677587255,0.008512396791315616
2,128,1.55,positional,39,0.04901913820337191,0.009333978376448993,0.009333978392339876
2,128,1.55,positional,40,0.05193659567902895,0.010209016180499183,0.0102090161969316
2,128,1.55,positional,41,0.05494332195563565,0.011139562025251439,0.011139562042319048
2,128,1.55,positional,42,0.05804018213884807,0.012127731898469005,0.012127731916264744
2,128,1.55,positional,43,0.061228134371427045,0.013175711920649166,0.013175711939265271
2,128,1.55,positional,44,0.06450823406304126,0.014285764505180057,0.014285764524707768
2,128,1.55,positional,45,0.06788163771763472,0.015460234692478526,0.015460234713008282
2,128,1.55,positional,46,0.07134960641207463,0.016701556656768694,0.016701556678390045
2,128,1.55,positional,47,0.07491350897294528,0.01801226038593116,0.018012260408733174
2,128,1.55,positional,48,0.07857482489070687,0.019394978535774987,0.019394978559846014
2,128,1.55,positional,49,0.08233514700225812,0.02085245346015204,0.02085245348558047
2,128,1.55,positional,50,0.08619618396443816,0.022387544417578824,0.0223875444444532
2,128,1.55,positional,51,0.09015976253235644,0.024003234953455743,0.024003234981864532
2,128,1.55,positional,52,0.09422782964782095,0.025702640454632348,0.025702640484664956
2,128,1.55,positional,53,0.09840245433471309,0.02748901587001109,0.02748901590175716
2,128,1.55,positional,54,0.10268582939010933,0.02936576358716395,0.029365763620714278
2,128,1.55,positional,55,0.1070802728524568,0.031336441450688715,0.031336441486134604
2,128,1.55,positional,56,0.11158822922136619,0.03340477090332435,0.03340477094075804
2,128,1.55,positional,57,0.11621227039777682,0.03557464522586064,0.03557464526537564
2,128,1.55,positional,58,0.12095509630856688,0.03785013784673924,0.03785013788842923
2,128,1.55,positional,59,0.12581953517629646,0.04023551068713672,0.04023551073109632
2,128,1.55,positional,60,0.1308085433928322,0.042735222502444645,0.04273522254876909
2,128,1.55,positional,61,0.13592520495523147,0.04535393717657279,0.04535393722535691
2,128,1.55,positional,62,0.14117273042353595,0.048096531921616476,0.04809653197295495
2,128,1.55,positional,63,0.1465544553630745,0.0509681053323219,0.05096810538630858
2,128,1.55,positional,64,0.15207383823847886,0.053973985242597264,0.05397398529932524
2,128,1.55,positional,65,0.15773445773280015,0.05711973633022382,0.057119736389783675
2,128,1.55,positional,66,0.16354000947274183,0.06041116741599285,0.0604111674784732
2,128,1.55,positional,67,0.16949430214991207,0.06385433840484993,0.06385433847033674
2,128,1.55,positional,68,0.17560125303790644,0.06745556681925055,0.06745556688782615
2,128,1.55,positional,69,0.18186488291567926,0.0712214338788539,0.07122143395059564
2,128,1.55,positional,70,0.18828931041874003,0.0751587900858271,0.07515879016080838
2,128,1.55,positional,71,0.19487874585088005,0.07927476028132767,0.07927476035961586
2,128,1.55,positional,72,0.2016374845000559,0.08357674814599815,0.08357674822765494
2,128,1.55,positional,73,0.20856989951238425,0.08807244012544188,0.08807244021052042
2,128,1.55,positional,74,0.21568043438762285,0.09276980877036739,0.09276980885891528
2,128,1.55,positional,75,0.22297359516772303,0.09767711549027185,0.09767711558232749
2,128,1.55,positional,76,0.23045394239679773,0.10280291272880696,0.10280291282440136
2,128,1.55,positional,77,0.2381260829359508,0.1081560455782624,0.1081560456774174
2,128,1.55,positional,78,0.24599466171971515,0.11374565285950326,0.1137456529622311
2,128,1.55,positional,79,0.25406435354227114,0.11958116770211834,0.11958116780842343
2,128,1.55,positional,80,0.26233985496114415,0.12567231766720247,0.12567231777707924
2,128,1.55,positional,81,0.27082587640375577,0.1320291244619214,0.13202912457535618
2,128,1.55,positional,82,0.2795271345581324,0.13866190330072176,0.13866190341769102
2,128,1.55,positional,83,0.2884483451234088,0.1455812619725308,0.1455812620930023
2,128,1.55,positional,84,0.29759421598870783,0.15279809967658442,0.15279809980051823
2,128,1.55,positional,85,0.3069694409007546,0.1603236056915006,0.16032360581885094
2,128,1.55,positional,86,0.3165786936714544,0.16816925794294704,0.16816925807365776
2,128,1.55,positional,87,0.3264266229668973,0.1763468215347075,0.17634682166871724
2,128,1.55,positional,88,0.3365178477091081,0.18486834730632262,0.18486834744356564
2,128,1.55,positional,89,0.34685695311161446,0.19374617047768955,0.19374617061809132
2,128,1.55,positional,90,0.35744848735978296,0.20299290943728746,0.20299290958077565
2,128,1.55,positional,91,0.36829695893711556,0.2126214647262476,0.21262146487273992
2,128,1.55,positional,92,0.3794068345894782,0.22264501826512095,0.2226450184145397
2,128,1.55,positional,93,0.3907825379107256,0.23307703286463427,0.23307703301689148
2,128,1.55,positional,94,0.40242844852550397,0.24393125205534516,0.24393125221036005
2,128,1.55,positional,95,0.41434890183825607,0.25522170026493346,0.2552217004226201
2,128,1.55,positional,96,0.42654818931167243,0.2669626833650842,0.26696268352536245
2,128,1.55,positional,97,0.43903055923305295,0.27916878960356967,0.2791687897663572
2,128,1.55,positional,98,0.45180021792326885,0.2918548909305127,0.2918548910957283
2,128,1.55,positional,99,0.4648613313402085,0.3050361447216488,0.30503614488921754
2,128,1.55,positional,100,0.47821802702671196,0.31872799589535195,0.3187279960652014
2,128,1.55,positional,101,0.4918743963519814,0.332946179414479,0.3329461795865375
2,128,1.55,positional,102,0.5058344969952191,0.3477067231587874,0.3477067233329905
2,128,1.55,positional,103,0.5201023556207127,0.36302595114878716,0.363025951325073
2,128,1.55,positional,104,0.5346819706946646,0.37892048709732334,0.3789204872756382
2,128,1.55,positional,105,0.5495773153956616,0.3954072582612113,0.3954072584414994
2,128,1.55,positional,106,0.5647923405727148,0.4125034995615039,0.41250349974372136
2,128,1.55,positional,107,0.5803309777071799,0.43022675793792964,0.43022675812202893
2,128,1.55,positional,108,0.5961971418375154,0.4485948969000399,0.4485948970859864
2,128,1.55,positional,109,0.6123947344086829,0.46762610123545195,0.4676261014232112
2,128,1.55,positional,110,0.6289276460109666,0.48733888183332463,0.48733888202286985
2,128,1.55,positional,111,0.6457997589760338,0.5077520805797379,0.5077520807710332
2,128,1.55,positional,112,0.6630149498011271,0.5288848752801056,0.5288848754731378
2,128,1.55,positional,113,0.6805770913753262,0.5507567845630144,0.5507567847577614
2,128,1.55,positional,114,0.6984900549848094,0.573387672718725,0.5733876729151683
2,128,1.55,positional,115,0.7167577120769599,0.5967977544254542,0.5967977546235911
2,128,1.55,positional,116,0.735383935765962,0.6210075993161339,0.6210075995159444
2,128,1.55,positional,117,0.7543726020652342,0.6460381363381655,0.6460381365396494
2,128,1.55,positional,118,0.7737275908345964,0.6719106578592489,0.6719106580623887
2,128,1.55,positional,119,0.7934527864325049,0.6986468234721934,0.6986468236769899
2,128,1.55,positional,120,0.8135520780659715,0.7262686634527089,0.7262686636591474
2,128,1.55,positional,121,0.8340293598329465,0.7547985818243216,0.754798582032411
2,128,1.55,positional,122,0.8548885304539593,0.7842593589860153,0.7842593591957161
2,128,1.55,positional,123,0.8761334926917117,0.8146741538583555,0.8146741540697626
2,128,1.55,positional,124,0.8977681524590841,0.846066505506986,0.8460665057197087
2,128,1.55,positional,125,0.919796417617681,0.8784603341975142,0.8784603344129739
2,128,1.55,positional,126,0.9422221964705826,0.9118799418596095,0.9118799420724134
2,128,1.55,positional,127,0.9650493959544275,0.9463500118563748,0.9463500120867422
2,128,1.55,positional,128,0.9882819195373067,0.981895608270146,0.9818956084418651
2,128,1.55,positional,129,1.0,0.9999999999999785,1.0
2,128,1.65,uniform,0,0.0,0.0,0.0
2,128,1.65,uniform,1,0.00390625,0.00010611024182449727,0.00010626837930860896
2,128,1.65,uniform,2,0.01171875,0.0006516686798860257,0.0006511096432742718
2,128,1.65,uniform,3,0.01953125,0.001512463541001176,0.0015125319748666775
2,128,1.65,uniform,4,0.02734375,0.002635263714307158,0.0026352136005418033
2,128,1.65,uniform,5,0.03515625,0.003989371961941141,0.003989368900918254
2,128,1.65,uniform,6,0.04296875,0.005555238377745848,0.005555229274116426
2,128,1.65,uniform,7,0.05078125,0.007318310513825107,0.007318306402332074
2,128,1.65,uniform,8,0.05859375,0.009267333646886255,0.009267330140948054
2,128,1.65,uniform,9,0.06640625,0.011393177698979597,0.011393175243547845
2,128,1.65,uniform,10,0.07421875,0.01368823839085249,0.013688236457117474
2,128,1.65,uniform,11,0.08203125,0.0161460366642825,0.016146035147646995
2,128,1.65,uniform,12,0.08984375,0.01876095816793555,0.018760956940036395
2,128,1.65,uniform,13,0.09765625,0.021528069751805226,0.021528068743293216
2,128,1.65,uniform,14,0.10546875,0.02444298735269485,0.024442986510813662
2,128,1.65,uniform,15,0.11328125,0.027501777554957998,0.02750177684329109
2,128,1.65,uniform,16,0.12109375,0.030700882582938682,0.030700881974493506
2,128,1.65,uniform,17,0.12890625,0.034037061921265224,0.034037061395964234
2,128,1.65,uniform,18,0.13671875,0.03750734607951378,0.037507345622049236
2,128,1.65,uniform,19,0.14453125,0.04110899940751407,0.041108999006052464
2,128,1.65,uniform,20,0.15234375,0.04483948978703078,0.044839489432283414
2,128,1.65,uniform,21,0.16015625,0.04869646363382883,0.0486964633184137
2,128,1.65,uniform,22,0.16796875,0.05267772506141688,0.05267772477939725
2,128,1.65,uniform,23,0.17578125,0.05678121834894811,0.05678121809550141
2,128,1.65,uniform,24,0.18359375,0.06100501306337856,0.06100501283454793
2,128,1.65,uniform,25,0.19140625,0.06534729133642919,0.0653472911289419
2,128,1.65,uniform,26,0.19921875,0.06980633690776693,0.0698063367188921
2,128,1.65,uniform,27,0.20703125,0.07438052562856856,0.07438052545601417
2,128,1.65,uniform,28,0.21484375,0.07906831718233143,0.07906831702415736
2,128,1.65,uniform,29,0.22265625,0.08386824782771239,0.0838682476822682
2,128,1.65,uniform,30,0.23046875,0.08877892400536798,0.08877892387124084
2,128,1.65,uniform,31,0.23828125,0.09379901667976417,0.09379901655573906
2,128,1.65,uniform,32,0.24609375,0.09892725630986343,0.09892725619488797
2,128,1.65,uniform,33,0.25390625,0.10416242836081041,0.10416242825397125
2,128,1.65,uniform,34,0.26171875,0.10950336928340046,0.10950336918390084
2,128,1.65,uniform,35,0.26953125,0.11494896289991241,0.11494896280705282
2,128,1.65,uniform,36,0.27734375,0.12049813714452288,0.12049813705768833
2,128,1.65,uniform,37,0.28515625,0.12614986111441606,0.1261498610330647
2,128,1.65,uniform,38,0.29296875,0.1319031423941909,0.13190314231783995
2,128,1.65,uniform,39,0.30078125,0.13775702462153894,0.13775702454976305
2,128,1.65,uniform,40,0.30859375,0.14371058526671607,0.14371058519913127
2,128,1.65,uniform,41,0.31640625,0.1497629336019926,0.14976293353825917
2,128,1.65,uniform,42,0.32421875,0.1559132088405564,0.155913208780369
2,128,1.65,uniform,43,0.33203125,0.16216057842690812,0.16216057836999054
2,128,1.65,uniform,44,0.33984375,0.1685042364631284,0.168504236409233
2,128,1.65,uniform,45,0.34765625,0.17494340225732755,0.1749434022062296
2,128,1.65,uniform,46,0.35546875,0.18147731898221947,0.18147731893371696
2,128,1.65,uniform,47,0.36328125,0.1881052524332285,0.18810525238713788
2,128,1.65,uniform,48,0.37109375,0.1948264898767357,0.19482648983288572
2,128,1.65,uniform,49,0.37890625,0.20164033898013178,0.2016403389383745
2,128,1.65,uniform,50,0.38671875,0.2085461268163494,0.20854612677654144
2,128,1.65,uniform,51,0.39453125,0.21554319893618099,0.21554319889819532
2,128,1.65,uniform,52,0.40234375,0.22263091850260489,0.2226309184663245
2,128,1.65,uniform,53,0.41015625,0.2298086654817792,0.2298086654470968
2,128,1.65,uniform,54,0.41796875,0.23707583588600234,0.23707583585282122
2,128,1.65,uniform,55,0.42578125,0.2444318410643935,0.2444318410326199
2,128,1.65,uniform,56,0.43359375,0.25187610703742913,0.25187610700697705
2,128,1.65,uniform,57,0.44140625,0.25940807387191034,0.25940807384270465
2,128,1.65,uniform,58,0.44921875,0.2670271950932209,0.267027195065194
2,128,1.65,uniform,59,0.45703125,0.27473293713203684,0.27473293710511465
2,128,1.65,uniform,60,0.46484375,0.2825247788028578,0.2825247787769848
2,128,1.65,uniform,61,0.47265625,0.2904022108121559,0.29040221078726897
2,128,1.65,uniform,62,0.48046875,0.29836473529381813,0.2983647352698678
2,128,1.65,uniform,63,0.48828125,0.30641186537011567,0.3064118653470515
2,128,1.65,uniform,64,0.49609375,0.31454312473627805,0.31454312471405654
2,128,1.65,uniform,65,0.50390625,0.3227580472671433,0.3227580472457154
2,128,1.65,uniform,66,0.51171875,0.33105617664429327,0.3310561766236253
2,128,1.65,uniform,67,0.51953125,0.3394370660024403,0.3394370659824857
2,128,1.65,uniform,68,0.52734375,0.3479002775936079,0.3479002775743423
2,128,1.65,uniform,69,0.53515625,0.35644538246820434,0.35644538244957985
2,128,1.65,uniform,70,0.54296875,0.3650719601715882,0.365071960153593
2,128,1.65,uniform,71,0.55078125,0.37377959845556075,0.3737795984381501
2,128,1.65,uniform,72,0.55859375,0.3825678930033857,0.3825678929865386
2,128,1.65,uniform,73,0.56640625,0.391436447167956,0.3914364471516493
2,128,1.65,uniform,74,0.57421875,0.40038487172201764,0.4003848717062202
2,128,1.65,uniform,75,0.58203125,0.4094127846198202,0.409412784604516
2,128,1.65,uniform,76,0.58984375,0.41851981076961486,0.41851981075477307
2,128,1.65,uniform,77,0.59765625,0.427705581816181,0.4277055818017866
2,128,1.65,uniform,78,0.60546875,0.43696973593301935,0.43696973591906085
2,128,1.65,uniform,79,0.61328125,0.4463119176235365,0.44631191760998307
2,128,1.65,uniform,80,0.62109375,0.45573177753067196,0.45573177751751887
2,128,1.65,uniform,81,0.62890625,0.4652289722547421,0.46522897224196125
2,128,1.65,uniform,82,0.63671875,0.4748031641787201,0.4748031641662953
2,128,1.65,uniform,83,0.64453125,0.4844540213008412,0.4844540212887719
2,128,1.65,uniform,84,0.65234375,0.49418121707404206,0.4941812170623067
2,128,1.65,uniform,85,0.66015625,0.5039844302517718,0.5039844302403494
2,128,1.65,uniform,86,0.66796875,0.5138633447399962,0.5138633447288876
2,128,1.65,uniform,87,0.67578125,0.5238176494550904,0.523817649444272
2,128,1.65,uniform,88,0.68359375,0.5338470381870978,0.5338470381765698
2,128,1.65,uniform,89,0.69140625,0.5439512094684306,0.5439512094581695
2,128,1.65,uniform,90,0.69921875,0.5541298664473644,0.5541298664373787
2,128,1.65,uniform,91,0.70703125,0.5643827167665174,0.5643827167567705
2,128,1.65,uniform,92,0.71484375,0.5747094724455386,0.5747094724360506
2,128,1.65,uniform,93,0.72265625,0.5851098497684961,0.5851098497592278
2,128,1.65,uniform,94,0.73046875,0.5955835691749145,0.5955835691658862
2,128,1.65,uniform,95,0.73828125,0.6061303551551862,0.6061303551463672
2,128,1.65,uniform,96,0.74609375,0.6167499361492819,0.6167499361406797
2,128,1.65,uniform,97,0.75390625,0.6274420444493742,0.62744204444097
2,128,1.65,uniform,98,0.76171875,0.6382064161055909,0.638206416097388
2,128,1.65,uniform,99,0.76953125,0.649042790835209,0.6490427908272001
2,128,1.65,uniform,100,0.77734375,0.6599509119348406,0.6599509119270027
2,128,1.65,uniform,101,0.78515625,0.6709305261955377,0.670930526187902
2,128,1.65,uniform,102,0.79296875,0.6819813838210226,0.6819813838135306
2,128,1.65,uniform,103,0.80078125,0.6931032383480847,0.693103238340778
2,128,1.65,uniform,104,0.80859375,0.7042958465702773,0.7042958465631219
2,128,1.65,uniform,105,0.81640625,0.71555896846344,0.7155589684564474
2,128,1.65,uniform,106,0.82421875,0.7268923671140981,0.726892367107253
2,128,1.65,uniform,107,0.83203125,0.738295808649842,0.7382958086431436
2,128,1.65,uniform,108,0.83984375,0.7497690621720632,0.7497690621655158
2,128,1.65,uniform,109,0.84765625,0.7613118996907713,0.7613118996843483
2,128,1.65,uniform,110,0.85546875,0.7729240960612972,0.7729240960550119
2,128,1.65,uniform,111,0.86328125,0.7846054289231694,0.784605428917018
2,128,1.65,uniform,112,0.87109375,0.7963556786406534,0.7963556786346301
2,128,1.65,uniform,113,0.87890625,0.8081746282451779,0.8081746282392653
2,128,1.65,uniform,114,0.88671875,0.8200620633794056,0.8200620633736152
2,128,1.65,uniform,115,0.89453125,0.8320177722430886,0.8320177722374218
2,128,1.65,uniform,116,0.90234375,0.8440415455403972,0.8440415455348438
2,128,1.65,uniform,117,0.91015625,0.8561331764288147,0.8561331764233547
2,128,1.65,uniform,118,0.91796875,0.8682924604694591,0.8682924604641138
2,128,1.65,uniform,119,0.92578125,0.8805191955789948,0.8805191955737567
2,128,1.65,uniform,120,0.93359375,0.8928131819826961,0.8928131819775522
2,128,1.65,uniform,121,0.94140625,0.9051742221689182,0.9051742221638763
2,128,1.65,uniform,122,0.94921875,0.9176021208449108,0.9176021208399554
2,128,1.65,uniform,123,0.95703125,0.9300966848936899,0.9300966848888327
2,128,1.65,uniform,124,0.96484375,0.9426577233322643,0.942657723327515
2,128,1.65,uniform,125,0.97265625,0.9552850472709861,0.9552850472662577
2,128,1.65,uniform,126,0.98046875,0.9679784698733996,0.9679784698689489
2,128,1.65,uniform,127,0.98828125,0.9807378063195742,0.9807378063145523
2,128,1.65,uniform,128,0.99609375,0.9935628737620956,0.9935628737595756
2,128,1.65,uniform,129,1.0,1.0000000000001323,1.0
2,128,1.65,positional,0,0.0,0.0,0.0
2,128,1.65,positional,1,4.247991958953922e-06,1.3663889545133929e-09,1.3693141054497845e-09
2,128,1.65,positional,2,1.2743975877015737e-05,8.39969570642684e-09,8.389829830362189e-09
2,128,1.65,positional,3,2.123995980342471e-05,1.9478985680338515e-08,1.9489629775068213e-08
2,128,1.65,positional,4,2.9736000755651792e-05,3.3993009096382355e-08,3.395597635987968e-08
2,128,1.65,positional,5,5.860015991192637e-05,1.0316374367685076e-07,1.0399992399259538e-07
2,128,1.65,positional,6,0.0002375717735736394,1.0465790749140832e-06,1.0472768071577878e-06
2,128,1.65,positional,7,0.0006031983006661335,4.8733498473855665e-06,4.872582268398612e-06
2,128,1.65,positional,8,0.0010772804773856487,1.2686419734202114e-05,1.2686519834812794e-05
2,128,1.65,positional,9,0.0016591189434759894,2.587007971016336e-05,2.5870088318053742e-05
2,128,1.65,positional,10,0.002355899759537014,4.613792401535581e-05,4.613799662602873e-05
2,128,1.65,positional,11,0.0031701867130150977,7.529908715477172e-05,7.52991351845366e-05
2,128,1.65,positional,12,0.004100843751415132,0.00011514382907796402,0.00011514386860546283
2,128,1.65,positional,13,0.005145199762148545,0.00016742242308666393,0.0001674224517420316
2,128,1.65,positional,14,0.0063004747779936785,0.00023386534131740428,0.00023386536456895406
2,128,1.65,positional,15,0.007564404585506666,0.000316211971743865,0.00031621199211811547
2,128,1.65,positional,16,0.008935382723599346,0.00041623317539819316,0.0004162331948608676
2,128,1.65,positional,17,0.010412385069145422,0.0005357446569070958,0.000535744676396906
2,128,1.65,positional,18,0.01199482619204029,0.000676612505030503,0.0006766125249621837
2,128,1.65,positional,19,0.013682415664209926,0.0008407532916402993,0.0008407533120822716
2,128,1.65,positional,20,0.015475039369108635,0.0010301308641409413,0.0010301308849890863
2,128,1.65,positional,21,0.01737267103875766,0.0012467514335677086,0.0012467514546400697
2,128,1.65,positional,22,0.01937531132091238,0.0014926580636208753,0.0014926580847174616
2,128,1.65,positional,23,0.021482949220725897,0.0017699252825997662,0.0017699253035347725
2,128,1.65,positional,24,0.023695540597393455,0.0020806542639615305,0.002080654284579686
2,128,1.65,positional,25,0.026012999072480662,0.0024269688285956277,0.0024269688487785963
2,128,1.65,positional,26,0.028435195594733648,0.002811012390198066,0.0028110124098650767
2,128,1.65,positional,27,0.03096196375524414,0.0032349458768738356,0.0032349458959791415
2,128,1.65,positional,28,0.03359310867181575,0.0037009466045916143,0.0037009466231202656
2,128,1.65,positional,29,0.036328417846789654,0.004211208042295699,0.0042112080602588
2,128,1.65,positional,30,0.03916767285991976,0.0047679403878655826,0.004767940405295368
2,128,1.65,positional,31,0.04211066110710071,0.005373371864040552,0.005373371880985872
2,128,1.65,positional,32,0.04515718705762351,0.006029750640538375,0.006029750657060612
2,128,1.65,positional,33,0.048307082695839276,0.006739347290471342,0.006739347306640789
2,128,1.65,positional,34,0.05156021695336196,0.007504457694073159,0.007504457709966071
2,128,1.65,positional,35,0.05491650403797264,0.008327406309477429,0.00832740632517358
2,128,1.65,positional,36,0.058375910635282,0.009210549737986129,0.009210549753566654
2,128,1.65,positional,37,0.061938462006800366,0.010156280519363134,0.010156280534909067
2,128,1.65,positional,38,0.06560424703935824,0.011167031100808914,0.011167031116399941
2,128,1.65,positional,39,0.0693734223203471,0.012245277931172908,0.012245277946886414
2,128,1.65,positional,40,0.07324621532438652,0.01339354563949577,0.013393545655406245
2,128,1.65,positional,41,0.07722292680224918,0.014614411264053748,0.014614411280232375
2,128,1.65,positional,42,0.08130393246397738,0.015910508504646027,0.01591050852116029
2,128,1.65,positional,43,0.08548968404637802,0.01728453197688805,0.017284531993801793
2,128,1.65,positional,44,0.0897807098513658,0.018739241452721066,0.018739241470094307
2,128,1.65,positional,45,0.09417761483654465,0.020277466076186662,0.020277466094075804
2,128,1.65,positional,46,0.09868108033337317,0.02190210854772101,0.021902108566178958
2,128,1.65,positional,47,0.10329186346152175,0.023616149273755202,0.02361614929283139
2,128,1.65,positional,48,0.10801079630077678,0.025422650481235945,0.02542265050097707
2,128,1.65,positional,49,0.11283878487421353,0.02732476029877729,0.027324760319226694
2,128,1.65,positional,50,0.11777680798845365,0.02932571680748009,0.029325716828678856
2,128,1.65,positional,51,0.12282591596875411,0.03142885206503218,0.03142885208701906
2,128,1.65,positional,52,0.1279872293185575,0.03363759610649617,0.03363759612930713
2,128,1.65,positional,53,0.1332619373251035,0.03595548092426462,0.03595548094793453
2,128,1.65,positional,54,0.13865129662490844,0.03838614442806311,0.038386144452624435
2,128,1.65,positional,55,0.14415662973552823,0.040933334383655255,0.04093333440913922
2,128,1.65,positional,56,0.1497793235532085,0.04360091232622123,0.043600912352657506
2,128,1.65,positional,57,0.1555208278099653,0.04639285744129884,0.046392857468715465
2,128,1.65,positional,58,0.16138265347850284,0.04931327040290076,0.049313270431324975
2,128,1.65,positional,59,0.16736637110930916,0.052366377155092424,0.05236637718455005
2,128,1.65,positional,60,0.17347360908139564,0.05555653262009885,0.05555653265061402
2,128,1.65,positional,61,0.17970605174655258,0.058888224313105086,0.058888224344701354
2,128,1.65,positional,62,0.18606543744671492,0.06236607584147317,0.062366075874172255
2,128,1.65,positional,63,0.19255355638507038,0.06599485026425904,0.06599485029808132
2,128,1.65,positional,64,0.19917224833383673,0.06977945328684579,0.06977945332181017
2,128,1.65,positional,65,0.2059234001650847,0.07372493626526679,0.07372493630138965
2,128,1.65,positional,66,0.2128089431954372,0.07783649899546737,0.07783649903276472
2,128,1.65,positional,67,0.2198308503407502,0.08211949226439105,0.08211949230287524
2,128,1.65,positional,68,0.22699113308275493,0.08657942014229307,0.08657942018197524
2,128,1.65,positional,69,0.23429183825588124,0.09122194199915784,0.0912219420400475
2,128,1.65,positional,70,0.24173504466883833,0.09605287423229777,0.09605287427440132
2,128,1.65,positional,71,0.2493228595817559,0.10107819169713664,0.10107819174045801
2,128,1.65,positional,72,0.25705741506555135,0.10630402883864383,0.10630402888318433
2,128,1.65,positional,73,0.2649408642754766,0.1117366805267162,0.11173668057247463
2,128,1.65,positional,74,0.2729753776753211,0.11738260260485611,0.11738260265182865
2,128,1.65,positional,75,0.2811631392523676,0.12324841216757211,0.12324841221575274
2,128,1.65,positional,76,0.28950634276579545,0.1293408875878701,0.12934088763725018
2,128,1.65,positional,77,0.29800718807274895,0.1356669683218324,0.13566696837239964
2,128,1.65,positional,78,0.30666787757670194,0.14223375452245873,0.1422337545742007
2,128,1.65,positional,79,0.3154906128420851,0.1490485064995663,0.14904850655246724
2,128,1.65,positional,80,0.3244775914174424,0.15611864406642564,0.15611864412046678
2,128,1.65,positional,81,0.3336310039067468,0.16345174581700325,0.16345174587216657
2,128,1.65,positional,82,0.3429530313250414,0.17105554838004072,0.17105554843630258
2,128,1.65,positional,83,0.3524458427704181,0.17893794569767738,0.17893794575501965
2,128,1.65,positional,84,0.36211159343964766,0.18710698837714618,0.1871069884355419
2,128,1.65,positional,85,0.37195242300969006,0.19557088316382756,0.19557088322325633
2,128,1.65,positional,86,0.38197045440199284,0.2043379925833357,0.20433799264377311
2,128,1.65,positional,87,0.3921677929410815,0.213416834798619,0.2134168348600392
2,128,1.65,positional,88,0.40254652591359397,0.22281608372611517,0.22281608378849904
2,128,1.65,positional,89,0.4131087225287371,0.23254456945238602,0.2325445695157113
2,128,1.65,positional,90,0.42385643427625774,0.2426112789895972,0.24261127905384075
2,128,1.65,positional,91,0.43479169567350623,0.25302535740499515,0.2530253574701371
2,128,1.65,positional,92,0.4459165253891016,0.2637961093559703,0.2637961094219932
2,128,1.65,positional,93,0.45723292772713064,0.27493300105863266,0.2749330011255219
2,128,1.65,positional,94,0.4687428944527632,0.2864456627141607,0.28644566278190065
2,128,1.65,positional,95,0.480448406937649,0.2983438914134838,0.29834389148206647
2,128,1.65,positional,96,0.492351438601484,0.310637654537363,0.3106376546067777
2,128,1.65,positional,97,0.504453957624672,0.3233370936653957,0.32333709373564223
2,128,1.65,positional,98,0.5167579299060445,0.33645252900442174,0.3364525290754958
2,128,1.65,positional,99,0.5292653222390844,0.3499944643436169,0.3499944644155188
2,128,1.65,positional,100,0.5419781056800095,0.3639735925410196,0.36397359261375256
2,128,1.65,positional,101,0.5548982590813398,0.37840080154363953,0.3784008016172119
2,128,1.65,positional,102,0.5680277727651604,0.39328718094117504,0.393287181015602
2,128,1.65,positional,103,0.5813686523111528,0.4086440290514544,0.4086440291267496
2,128,1.65,positional,104,0.5949229224355419,0.42448286053403317,0.42448286061021495
2,128,1.65,positional,105,0.6086926309383514,0.44081541452708645,0.4408154146041816
2,128,1.65,positional,106,0.6226798526977384,0.4576536633015545,0.45765366337959046
2,128,1.65,positional,107,0.6368866936916349,0.47500982142556847,0.47500982150457605
2,128,1.65,positional,108,0.6513152950284309,0.4928963554315536,0.4928963555115663
2,128,1.65,positional,109,0.665967836969963,0.5113259939778233,0.5113259940588859
2,128,1.65,positional,110,0.6808465429315776,0.5303117384961952,0.5303117385783439
2,128,1.65,positional,111,0.6959536834455156,0.5498668743167688,0.5498668744000562
2,128,1.65,positional,112,0.7112915800752834,0.570004982261167,0.5700049823456436
2,128,1.65,positional,113,0.7268626092700198,0.5907399506951944,0.5907399507809119
2,128,1.65,positional,114,0.742669206149128,0.6120859880321593,0.6120859881191681
2,128,1.65,positional,115,0.7587138682086092,0.6340576356780265,0.6340576357664008
2,128,1.65,positional,116,0.7749991589415988,0.6566697814098784,0.6566697814996748
2,128,1.65,positional,117,0.7915277113665735,0.6799376731789305,0.6799376732702076
2,128,1.65,positional,118,0.8083022314575463,0.7038769333298558,0.703876933422701
2,128,1.65,positional,119,0.8253255014713299,0.7285035732281333,0.7285035733226075
2,128,1.65,positional,120,0.8426003831675902,0.7538340082868678,0.7538340083830506
2,128,1.65,positional,121,0.860129820917973,0.7798850733851579,0.7798850734831402
2,128,1.65,positional,122,0.8779168447010329,0.8066740386695239,0.8066740387693626
2,128,1.65,positional,123,0.8959645729800726,0.8342186257297604,0.8342186258316167
2,128,1.65,positional,124,0.9142762154612748,0.8625370241415412,0.8625370242452685
2,128,1.65,positional,125,0.9328550757297216,0.8916479083637924,0.8916479084703239
2,128,1.65,positional,126,0.9517045537610249,0.9215704549921379,0.9215704550984516
2,128,1.65,positional,127,0.9708281483063623,0.9523243603202334,0.9523243604381258
2,128,1.65,positional,128,0.9902294591487235,0.9839298583420502,0.983929858427608
2,128,1.65,positional,129,1.0,1.0000000000001623,1.0
2,128,1.75,uniform,0,0.0,0.0,0.0
2,128,1.75,uniform,1,0.00390625,6.098712233165806e-05,6.103515625e-05
2,128,1.75,uniform,2,0.01171875,0.0004176538614273608,0.0004173902081826375
2,128,1.75,uniform,3,0.01953125,0.001020389596339959,0.0010204167251227142
2,128,1.75,uniform,4,0.02734375,0.0018386858638579934,0.0018386608578254365
2,128,1.75,uniform,5,0.03515625,0.0028543345481347304,0.002854331775168438
2,128,1.75,uniform,6,0.04296875,0.00405525160056227,0.004055246514887061
2,128,1.75,uniform,7,0.05078125,0.005432267297284107,0.005432264742816138
2,128,1.75,uniform,8,0.05859375,0.006978143490590256,0.006978141377855732
2,128,1.75,uniform,9,0.06640625,0.00868691854387874,0.008686917021855207
2,128,1.75,uniform,10,0.07421875,0.010553558259567103,0.010553557054756498
2,128,1.75,uniform,11,0.08203125,0.012573722158736757,0.012573721202278823
2,128,1.75,uniform,12,0.08984375,0.014743608723245255,0.014743607942368824
2,128,1.75,uniform,13,0.09765625,0.0170598454459317,0.017059844799040144
2,128,1.75,uniform,14,0.10546875,0.01951940881730016,0.019519408273160135
2,128,1.75,uniform,15,0.11328125,0.02211956419406223,0.022119563730770262
2,128,1.75,uniform,16,0.12109375,0.024857819598930513,0.02485781920018529
2,128,1.75,uniform,17,0.12890625,0.027731889491548745,0.027731889145128967
2,128,1.75,uniform,18,0.13671875,0.030739665873726466,0.030739665570259807
2,128,1.75,uniform,19,0.14453125,0.03387919489849644,0.03387919463069311
2,128,1.75,uniform,20,0.15234375,0.03714865768738151,0.037148657449488046
2,128,1.75,uniform,21,0.16015625,0.04054635441706817,0.04054635420448758
2,128,1.75,uniform,22,0.16796875,0.044070690982750654,0.04407069079176729
2,128,1.75,uniform,23,0.17578125,0.047720167718169636,0.047720167545750834
2,128,1.75,uniform,24,0.18359375,0.05149336977619449,0.05149336961984106
2,128,1.75,uniform,25,0.19140625,0.05538895886399351,0.055388958721628086
2,128,1.75,uniform,26,0.19921875,0.05940566609361463,0.059405665963498576
2,128,1.75,uniform,27,0.20703125,0.0635422857589101,0.06354228563957572
2,128,1.75,uniform,28,0.21484375,0.06779766988780143,0.06779766977800364
2,128,1.75,uniform,29,0.22265625,0.0721707234482017,0.07217072334687695
2,128,1.75,uniform,30,0.23046875,0.07666040010864508,0.07666040001487869
2,128,1.75,uniform,31,0.23828125,0.0812656984725541,0.08126569838555776
2,128,1.75,uniform,32,0.24609375,0.08598565871924141,0.08598565863832947
2,128,1.75,uniform,33,0.25390625,0.09081935959601176,0.09081935952058821
2,128,1.75,uniform,34,0.26171875,0.09576591571488188,0.0957659156444236
2,128,1.75,uniform,35,0.26953125,0.10082447511476553,0.10082447504881274
2,128,1.75,uniform,36,0.27734375,0.10599421705604145,0.10599421699418905
2,128,1.75,uniform,37,0.28515625,0.11127435001935226,0.1112743499612419
2,128,1.75,uniform,38,0.29296875,0.11666410988458424,0.1166641098298958
2,128,1.75,uniform,39,0.30078125,0.12216275826937402,0.12216275821782394
2,128,1.75,uniform,40,0.30859375,0.1277695810093628,0.12776958096069574
2,128,1.75,uniform,41,0.31640625,0.1334838867647596,0.13348388671875
2,128,1.75,uniform,42,0.32421875,0.13930500573986274,0.13930500569630244
2,128,1.75,uniform,43,0.33203125,0.1452322885038011,0.14523228846250807
2,128,1.75,uniform,44,0.33984375,0.1512651049023501,0.15126510486315528
2,128,1.75,uniform,45,0.34765625,0.15740284305176072,0.1574028430145144
2,128,1.75,uniform,46,0.35546875,0.1636449084067688,0.16364490837133222
2,128,1.75,uniform,47,0.36328125,0.16999072289573453,0.16999072286198502
2,128,1.75,uniform,48,0.37109375,0.17643972411677616,0.17643972408459827
2,128,1.75,uniform,49,0.37890625,0.18299136458934315,0.1829913645586314
2,128,1.75,uniform,50,0.38671875,0.18964511105636495,0.18964511102702725
2,128,1.75,uniform,51,0.39453125,0.19640044383260366,0.1964004438045486
2,128,1.75,uniform,52,0.40234375,0.20325685619523282,0.2032568561683847
2,128,1.75,uniform,53,0.41015625,0.21021385381322924,0.21021385378751112
2,128,1.75,uniform,54,0.41796875,0.2172709542122962,0.2172709541876426
2,128,1.75,uniform,55,0.42578125,0.22442768627258752,0.22442768624892992
2,128,1.75,uniform,56,0.43359375,0.23168358975653905,0.23168358973382808
2,128,1.75,uniform,57,0.44140625,0.23903821486463225,0.23903821484280968
2,128,1.75,uniform,58,0.44921875,0.24649112181680047,0.24649112179581315
2,128,1.75,uniform,59,0.45703125,0.254041880457702,0.254041880437511
2,128,1.75,uniform,60,0.46484375,0.2616900698840978,0.2616900698646558
2,128,1.75,uniform,61,0.47265625,0.2694352780926459,0.2694352780739158
2,128,1.75,uniform,62,0.48046875,0.27727710164681135,0.27727710162875235
2,128,1.75,uniform,63,0.48828125,0.285215145361434,0.2852151453440133
2,128,1.75,uniform,64,0.49609375,0.2932490220038469,0.2932490219870317
2,128,1.75,uniform,65,0.50390625,0.3013783520103547,0.30137835199411644
2,128,1.75,uniform,66,0.51171875,0.309602763217109,0.3096027632014163
2,128,1.75,uniform,67,0.51953125,0.3179218906043879,0.3179218905892171
2,128,1.75,uniform,68,0.52734375,0.32633537605348534,0.32633537603881013
2,128,1.75,uniform,69,0.53515625,0.3348428681153367,0.3348428681011344
2,128,1.75,uniform,70,0.54296875,0.3434440217902088,0.3434440217764589
2,128,1.75,uniform,71,0.55078125,0.35213849831774446,0.35213849830442534
2,128,1.75,uniform,72,0.55859375,0.36092596497673546,0.36092596496382356
2,128,1.75,uniform,73,0.56640625,0.3698060948940339,0.3698060948815177
2,128,1.75,uniform,74,0.57421875,0.3787785668621254,0.3787785668499843
2,128,1.75,uniform,75,0.58203125,0.38784306516474676,0.3878430651529608
2,128,1.75,uniform,76,0.58984375,0.39699927941018,0.39699927939874047
2,128,1.75,uniform,77,0.59765625,0.4062469043717849,0.40624690436067973
2,128,1.75,uniform,78,0.60546875,0.4155856398353127,0.4155856398245168
2,128,1.75,uniform,79,0.61328125,0.4250151904526193,0.4250151904421242
2,128,1.75,uniform,80,0.62109375,0.43453526560154737,0.4345352655913472
2,128,1.75,uniform,81,0.62890625,0.44414557925152154,0.44414557924159953
2,128,1.75,uniform,82,0.63671875,0.45384584983456444,0.45384584982491183
2,128,1.75,uniform,83,0.64453125,0.46363580012155003,0.46363580011214683
2,128,1.75,uniform,84,0.65234375,0.473515157103262,0.47351515709411407
2,128,1.75,uniform,85,0.66015625,0.4834836518762461,0.48348365186733305
2,128,1.75,uniform,86,0.66796875,0.4935410195328965,0.49354101952421076
2,128,1.75,uniform,87,0.67578125,0.5036869990558756,0.5036869990474125
2,128,1.75,uniform,88,0.68359375,0.5139213332164638,0.5139213332082191
2,128,1.75,uniform,89,0.69140625,0.5242437684767376,0.5242437684686763
2,128,1.75,uniform,90,0.69921875,0.5346540548951964,0.5346540548873536
2,128,1.75,uniform,91,0.70703125,0.5451519460361971,0.5451519460285396
2,128,1.75,uniform,92,0.71484375,0.555737198882198,0.5557371988747122
2,128,1.75,uniform,93,0.72265625,0.5664095737494312,0.5664095737421317
2,128,1.75,uniform,94,0.73046875,0.5771688342065471,0.5771688341994113
2,128,1.75,uniform,95,0.73828125,0.5880147469958894,0.5880147469889296
2,128,1.75,uniform,96,0.74609375,0.5989470819577696,0.5989470819509578
2,128,1.75,uniform,97,0.75390625,0.6099656119570299,0.6099656119503781
2,128,1.75,uniform,98,0.76171875,0.6210701128123938,0.6210701128058818
2,128,1.75,uniform,99,0.76953125,0.6322603632278953,0.6322603632215348
2,128,1.75,uniform,100,0.77734375,0.6435361447268313,0.6435361447206117
2,128,1.75,uniform,101,0.78515625,0.6548972415876911,0.6548972415815987
2,128,1.75,uniform,102,0.79296875,0.6663434407822214,0.6663434407762734
2,128,1.75,uniform,103,0.80078125,0.677874531915611,0.6778745319097763
2,128,1.75,uniform,104,0.80859375,0.6894903071682945,0.6894903071625886
2,128,1.75,uniform,105,0.81640625,0.7011905612399327,0.7011905612343384
2,128,1.75,uniform,106,0.82421875,0.7129750912948413,0.7129750912893627
2,128,1.75,uniform,107,0.83203125,0.7248436969093075,0.7248436969039499
2,128,1.75,uniform,108,0.83984375,0.7367961800204671,0.7367961800152013
2,128,1.75,uniform,109,0.84765625,0.7488323448765801,0.7488323448714411
2,128,1.75,uniform,110,0.85546875,0.7609519979891689,0.7609519979841195
2,128,1.75,uniform,111,0.86328125,0.7731549480860955,0.7731549480811464
2,128,1.75,uniform,112,0.87109375,0.7854410060664608,0.7854410060616043
2,128,1.75,uniform,113,0.87890625,0.7978099849565387,0.7978099849517841
2,128,1.75,uniform,114,0.88671875,0.8102616998671648,0.8102616998624971
2,128,1.75,uniform,115,0.89453125,0.8227959679521936,0.822795967947611
2,128,1.75,uniform,116,0.90234375,0.8354126083682655,0.8354126083637697
2,128,1.75,uniform,117,0.91015625,0.8481114422356686,0.8481114422312481
2,128,1.75,uniform,118,0.91796875,0.860892292600229,0.8608922925959034
2,128,1.75,uniform,119,0.92578125,0.8737549843964274,0.8737549843921822
2,128,1.75,uniform,120,0.93359375,0.8866993444113227,0.8866993444071457
2,128,1.75,uniform,121,0.94140625,0.8997252012495662,0.8997252012454757
2,128,1.75,uniform,122,0.94921875,0.9128323852994576,0.9128323852954282
2,128,1.75,uniform,123,0.95703125,0.9260207286996365,0.9260207286957004
2,128,1.75,uniform,124,0.96484375,0.9392900653070613,0.939290065303179
2,128,1.75,uniform,125,0.97265625,0.9526402306653966,0.9526402306615408
2,128,1.75,uniform,126,0.98046875,0.9660710619743021,0.9660710619706742
2,128,1.75,uniform,127,0.98828125,0.9795823980609901,0.9795823980568964
2,128,1.75,uniform,128,0.99609375,0.9931740793460135,0.9931740793439373
2,128,1.75,uniform,129,1.0,1.000000000000143,1.0
2,128,1.75,positional,0,0.0,0.0,0.0
2,128,1.75,positional,1,6.311889536577866e-06,7.96981954232939e-10,7.948385676502764e-10
2,128,1.75,positional,2,1.8935668611803087e-05,5.430647094440388e-09,5.435520373335486e-09
2,128,1.75,positional,3,3.155945200054716e-05,1.3318622612410977e-08,1.3288517834947043e-08
2,128,1.75,positional,4,6.317942392024808e-05,4.4357062807626054e-08,4.47720940969001e-08
2,128,1.75,positional,5,0.00027821274761177556,5.989747356028871e-07,5.993214124020498e-07
2,128,1.75,positional,6,0.0007199583072033067,3.164778604223171e-06,3.1643743646241247e-06
2,128,1.75,positional,7,0.0012891257979068878,8.770210404491368e-06,8.770346951766358e-06
2,128,1.75,positional,8,0.0019969634005883594,1.886453932035906e-05,1.8864603625993768e-05
2,128,1.75,positional,9,0.0028549463738311376,3.526105215736032e-05,3.526114587075851e-05
2,128,1.75,positional,10,0.0038651724118452593,5.991630738992686e-05,5.9916374184891636e-05
2,128,1.75,positional,11,0.005024064566330059,9.480830406635257e-05,9.480835714406336e-05
2,128,1.75,positional,12,0.006326216325682207,0.000141906387373739,0.00014190642773262335
2,128,1.75,positional,13,0.007766477584750467,0.00020318521005635,0.00020318524314792883
2,128,1.75,positional,14,0.009340686496060038,0.00028064857962263135,0.0002806486083126568
2,128,1.75,positional,15,0.01104572565770931,0.00037634825910323966,0.0003763482854308204
2,128,1.75,positional,16,0.012879331671854276,0.0004923946220121589,0.0004923946470541759
2,128,1.75,positional,17,0.014839858693200782,0.0006309603562049111,0.0006309603805210361
2,128,1.75,positional,18,0.016926071285926624,0.0007942793592908269,0.0007942793831106363
2,128,1.75,positional,19,0.01913698594308947,0.000984642735131921,0.0009846427585107945
2,128,1.75,positional,20,0.021471759161048973,0.0012043933236162427,0.001204393346522147
2,128,1.75,positional,21,0.02392961344891475,0.0014559197551962423,0.0014559197775634407
2,128,1.75,positional,22,0.02650979196906686,0.0017416506814631272,0.0017416507032218176
2,128,1.75,positional,23,0.02921153377332856,0.002064049586317198,0.002064049607409216
2,128,1.75,positional,24,0.03203406328884707,0.0024256104085887023,0.002425610428974632
2,128,1.75,positional,25,0.03497658927118001,0.0028288540868046746,0.002828854106465898
2,128,1.75,positional,26,0.03803830972580134,0.003276326055135976,0.0032763260740739726
2,128,1.75,positional,27,0.04121842029627855,0.00377059466536571,0.003770594683599775
2,128,1.75,positional,28,0.04451612436817663,0.0043142504750412055,0.004314250492605589
2,128,1.75,positional,29,0.047930643691932145,0.004909906321079373,0.004909906338020239
2,128,1.75,positional,30,0.051461228730873936,0.005560198086851037,0.0055601981032234495
2,128,1.75,positional,31,0.0551071682296789,0.006267786066189577,0.006267786082054919
2,128,1.75,positional,32,0.05886779770328786,0.007035356827709802,0.007035356843133362
2,128,1.75,positional,33,0.06274250668923403,0.007865625485754438,0.007865625500803487
2,128,1.75,positional,34,0.06673074470446543,0.008761338289141064,0.00876133830388303
2,128,1.75,positional,35,0.070832025913749,0.009725275444918823,0.009725275459420282
2,128,1.75,positional,36,0.07504593255997678,0.010760254101073962,0.010760254115399081
2,128,1.75,positional,37,0.07937211723398205,0.01186913141920989,0.011869131433420135
2,128,1.75,positional,38,0.08381030407775214,0.01305480767548688,0.013054807689640032
2,128,1.75,positional,39,0.08836028902371612,0.014320229335387267,0.014320229349537085
2,128,1.75,positional,40,0.09302193917656461,0.015668392055122885,0.0156683920693189
2,128,1.75,positional,41,0.09779519144452689,0.017102343569650305,0.017102343583937748
2,128,1.75,positional,42,0.10268005052532883,0.018625186434275263,0.018625186448694774
2,128,1.75,positional,43,0.1076765863489177,0.020240080593660285,0.020240080608247956
2,128,1.75,positional,44,0.11278493107491813,0.021950245758650937,0.02195024577343894
2,128,1.75,positional,45,0.11800527573793124,0.023758963577640856,0.023758963592656415
2,128,1.75,positional,46,0.12333786662833443,0.025669579595113942,0.025669579610381087
2,128,1.75,positional,47,0.1287830014902389,0.027685504995486943,0.02768550501102513
2,128,1.75,positional,48,0.13434102561173156,0.029810218135268067,0.029810218151093932
2,128,1.75,positional,49,0.1400123278754834,0.03204726587084463,0.032047265886971064
2,128,1.75,positional,50,0.1457973368302734,0.03440026469273619,0.03440026470917312
2,128,1.75,positional,51,0.1516965168360097,0.03687290167991596,0.03687290169667088
2,128,1.75,positional,52,0.1577103643265172,0.03946893528969896,0.039468935306776705
2,128,1.75,positional,53,0.16383940422583088,0.042192195999731404,0.042192196017134684
2,128,1.75,positional,54,0.17008418654514035,0.04504658681879549,0.045046586836525467
2,128,1.75,positional,55,0.17644528317906305,0.048036083682500834,0.048036083700556224
2,128,1.75,positional,56,0.1829232849117829,0.051164735748543855,0.051164735766922646
2,128,1.75,positional,57,0.18951879863598192,0.05443666560421223,0.05443666562291124
2,128,1.75,positional,58,0.1962324447806213,0.05785606939628012,0.05785606941529402
2,128,1.75,positional,59,0.20306485493767024,0.06142721689058636,0.06142721690991021
2,128,1.75,positional,60,0.21001666967299193,0.0651544514655755,0.06515445148520312
2,128,1.75,positional,61,0.21708853650288323,0.06904219004103895,0.06904219006096317
2,128,1.75,positional,62,0.22428110801529333,0.07309492294047926,0.07309492296069287
2,128,1.75,positional,63,0.23159504011352916,0.07731721368302302,0.07731721370351793
2,128,1.75,positional,64,0.23903099036025557,0.08171369869879448,0.08171369871956197
2,128,1.75,positional,65,0.24658961640072374,0.08628908696025864,0.08628908698128962
2,128,1.75,positional,66,0.2542715744462916,0.09104815952130338,0.09104815954258948
2,128,1.75,positional,67,0.26207751780225746,0.09599576895582032,0.0959957689773501
2,128,1.75,positional,68,0.2700080954276299,0.10113683868822924,0.10113683870999289
2,128,1.75,positional,69,0.27806395051849164,0.10647636220984354,0.10647636223183048
2,128,1.75,positional,70,0.2862457191108696,0.11201940217695995,0.11201940219915832
2,128,1.75,positional,71,0.29455402870329206,0.11777108938917193,0.11777108941157158
2,128,1.75,positional,72,0.30298949690330185,0.12373662164942337,0.1237366216720107
2,128,1.75,positional,73,0.3115527301059382,0.12992126251059752,0.12992126253336173
2,128,1.75,positional,74,0.3202443222154485,0.136330339916992,0.13633033993992055
2,128,1.75,positional,75,0.3290648534241468,0.14296924475247338,0.14296924477555145
2,128,1.75,positional,76,0.338014889064319,0.14984342931057235,0.14984342933378791
2,128,1.75,positional,77,0.34709497855034915,0.15695840570498532,0.156958405728323
2,128,1.75,positional,78,0.3563056544288017,0.16431974424176296,0.16431974426520973
2,128,1.75,positional,79,0.3656474315540672,0.17193307177701384,0.17193307180055625
2,128,1.75,positional,80,0.3751208064064122,0.17980407008586125,0.17980407010948637
2,128,1.75,positional,81,0.38472625656794246,0.18793847426991347,0.187938474293607
2,128,1.75,positional,82,0.39446424037017824,0.19634207123140557,0.19634207125515485
2,128,1.75,positional,83,0.4043351967247467,0.20502069824259653,0.2050206982663853
2,128,1.75,positional,84,0.4143395451462262,0.21398024163882087,0.21398024166264026
2,128,1.75,positional,85,0.4244776859735253,0.22322663566307968,0.22322663568691606
2,128,1.75,positional,86,0.4347500007934516,0.23276586148886003,0.23276586151270032
2,128,1.75,positional,87,0.4451568530674038,0.24260394644657912,0.24260394647041433
2,128,1.75,positional,88,0.4556985889594932,0.2527469634772227,0.252746963501046
2,128,1.75,positional,89,0.4663755383619266,0.26320103083476004,0.26320103085855623
2,128,1.75,positional,90,0.4771880161112295,0.27397231205669553,0.27397231208046485
2,128,1.75,positional,91,0.4881363233868843,0.28506701621998815,0.2850670162437184
2,128,1.75,positional,92,0.49922074928223964,0.29649139849691064,0.2964913985205968
2,128,1.75,positional,93,0.5104415725361373,0.30825176102342344,0.30825176104706964
2,128,1.75,positional,94,0.521799063412589,0.3203544540901211,0.32035445411372193
2,128,1.75,positional,95,0.5332934857150358,0.3328058776636347,0.3328058776871827
2,128,1.75,positional,96,0.5449250989212076,0.34561248324443034,0.34561248326793126
2,128,1.75,positional,97,0.5566941604243595,0.358780776065008,0.35878077608846726
2,128,1.75,positional,98,0.5686009278666762,0.3723173176307072,0.3723173176541278
2,128,1.75,positional,99,0.5806456615508584,0.3862287286039373,0.3862287286273222
2,128,1.75,positional,100,0.5928286269163405,0.40052169203130805,0.40052169205466265
2,128,1.75,positional,101,0.605150097067167,0.4152029569120387,0.4152029569353742
2,128,1.75,positional,102,0.6176103553392824,0.43027934210516344,0.43027934212848773
2,128,1.75,positional,103,0.6302096978958125,0.44575774057231476,0.44575774059563755
2,128,1.75,positional,104,0.642948436339814,0.46164512395245927,0.46164512397578933
2,128,1.75,positional,105,0.6558269003349282,0.4779485474645571,0.4779485474879202
2,128,1.75,positional,106,0.6688454402253491,0.4946751551341128,0.4946751551575154
2,128,1.75,positional,107,0.6820044296475138,0.5118321853392986,0.5118321853627571
2,128,1.75,positional,108,0.6953042681268995,0.529426976672873,0.5294269766964111
2,128,1.75,positional,109,0.7087453836542712,0.5474669741160438,0.5474669741396794
2,128,1.75,positional,110,0.7223282352366489,0.5659597355208814,0.5659597355446397
2,128,1.75,positional,111,0.7360533154191374,0.5849129383984502,0.5849129384223486
2,128,1.75,positional,112,0.7499211527745899,0.6043343870101459,0.6043343870342004
2,128,1.75,positional,113,0.7639323143588427,0.6242320197604825,0.6242320197847264
2,128,1.75,positional,114,0.778087408129968,0.6446139168901842,0.6446139169146485
2,128,1.75,positional,115,0.7923870853306354,0.665488308468977,0.66548830849368
2,128,1.75,positional,116,0.8068320428332514,0.6868635826882931,0.6868635827132652
2,128,1.75,positional,117,0.8214230254480739,0.7087482944549115,0.7087482944801832
2,128,1.75,positional,118,0.8361608281949473,0.731151174287075,0.7311511743126698
2,128,1.75,positional,119,0.851046298539713,0.7540811375155266,0.7540811375414687
2,128,1.75,positional,120,0.8660803385966886,0.7775472937926277,0.7775472938189636
2,128,1.75,positional,121,0.8812639072989078,0.8015589569135501,0.8015589569403005
2,128,1.75,positional,122,0.8965980225380494,0.8261256549539265,0.8261256549811398
2,128,1.75,positional,123,0.9120837632761903,0.851257140729713,0.8512571407574203
2,128,1.75,positional,124,0.9277222716316676,0.8769634025850308,0.8769634026132382
2,128,1.75,positional,125,0.9435147549414566,0.9032546755147497,0.9032546755436476
2,128,1.75,positional,126,0.9594624878025562,0.930141452630909,0.9301414526598967
2,128,1.75,positional,127,0.9755668140949234,0.9576344969737192,0.9576344970052852
2,128,1.75,positional,128,0.9918291489885259,0.9857448537055151,0.9857448537304988
2,128,1.75,positional,129,1.0,1.0000000000000893,1.0
2,128,1.85,uniform,0,0.0,0.0,0.0
2,128,1.85,uniform,1,0.00390625,3.504629021050632e-05,3.505549179068098e-05
2,128,1.85,uniform,2,0.01171875,0.000267667835136946,0.0002675656668370979
2,128,1.85,uniform,3,0.01953125,0.0006884070435556692,0.0006884153923436536
2,128,1.85,uniform,4,0.02734375,0.0012828944744537217,0.0012828841462431356
2,128,1.85,uniform,5,0.03515625,0.0020422319390681833,0.0020422302587411556
2,128,1.85,uniform,6,0.04296875,0.0029602805797613726,0.0029602782324622016
2,128,1.85,uniform,7,0.05078125,0.004032286709313668,0.004032285424212313
2,128,1.85,uniform,8,0.05859375,0.005254422365145051,0.0052544213218631295
2,128,1.85,uniform,9,0.06640625,0.006623485946975546,0.006623485176999582
2,128,1.85,uniform,10,0.07421875,0.008136736624660655,0.008136736011021174
2,128,1.85,uniform,11,0.08203125,0.009791783021880867,0.009791782529079663
2,128,1.85,uniform,12,0.08984375,0.011586508271743413,0.011586507865939347
2,128,1.85,uniform,13,0.09765625,0.013519016282274528,0.013519015943220926
2,128,1.85,uniform,14,0.10546875,0.015587592219568513,0.015587591932178723
2,128,1.85,uniform,15,0.11328125,0.017790672552012304,0.017790672305559172
2,128,1.85,uniform,16,0.12109375,0.020126821843694936,0.02012682163015594
2,128,1.85,uniform,17,0.12890625,0.022594714419239624,0.02259471423255443
2,128,1.85,uniform,18,0.13671875,0.02519311963750767,0.025193119473000698
2,128,1.85,uniform,19,0.14453125,0.027920889892181004,0.02792088974619389
2,128,1.85,uniform,20,0.15234375,0.030776950710584727,0.030776950580213763
2,128,1.85,uniform,21,0.16015625,0.033760292492449516,0.03376029237536262
2,128,1.85,uniform,22,0.16796875,0.03686996354844642,0.036869963442748864
2,128,1.85,uniform,23,0.17578125,0.04010506418174407,0.040105064085882075
2,128,1.85,uniform,24,0.18359375,0.04346474161596226,0.043464741528649486
2,128,1.85,uniform,25,0.19140625,0.046948185616902956,0.046948185537065826
2,128,1.85,uniform,26,0.19921875,0.050554624688191115,0.05055462461492684
2,128,1.85,uniform,27,0.20703125,0.05428332274563681,0.054283322678180417
2,128,1.85,uniform,28,0.21484375,0.058133576193974114,0.05813357613167451
2,128,1.85,uniform,29,0.22265625,0.06210471134419594,0.06210471128649416
2,128,1.85,uniform,30,0.23046875,0.06619608212104301,0.06619608206745739
2,128,1.85,uniform,31,0.23828125,0.07040706801917676,0.07040706796928965
2,128,1.85,uniform,32,0.24609375,0.0747370722736626,0.07473707222711168
2,128,1.85,uniform,33,0.25390625,0.07918552021611461,0.07918552017258096
2,128,1.85,uniform,34,0.26171875,0.08375185779242963,0.08375185775163521
2,128,1.85,uniform,35,0.26953125,0.08843555022183962,0.08843555018353713
2,128,1.85,uniform,36,0.27734375,0.09323608078001955,0.09323608074399194
2,128,1.85,uniform,37,0.28515625,0.09815294969158811,0.09815294965764201
2,128,1.85,uniform,38,0.29296875,0.10318567311938039,0.1031856730873436
2,128,1.85,uniform,39,0.30078125,0.10833378223966422,0.10833378220938193
2,128,1.85,uniform,40,0.30859375,0.11359682239391475,0.1135968223652496
2,128,1.85,uniform,41,0.31640625,0.11897435230902194,0.11897435228184963
2,128,1.85,uniform,42,0.32421875,0.12446594337882244,0.124465943353032
2,128,1.85,uniform,43,0.33203125,0.13007117900077342,0.13007117897626175
2,128,1.85,uniform,44,0.33984375,0.1357896539623008,0.1357896539389773
2,128,1.85,uniform,45,0.34765625,0.1416209738720653,0.1416209738498479
2,128,1.85,uniform,46,0.35546875,0.1475647546318898,0.14756475461070015
2,128,1.85,uniform,47,0.36328125,0.15362062194559317,0.15362062192536674
2,128,1.85,uniform,48,0.37109375,0.15978821086146203,0.1597882108421296
2,128,1.85,uniform,49,0.37890625,0.1660671653452867,0.16606716532679464
2,128,1.85,uniform,50,0.38671875,0.17245713788145473,0.17245713786375189
2,128,1.85,uniform,51,0.39453125,0.17895778909962146,0.17895778908265345
2,128,1.85,uniform,52,0.40234375,0.18556878742485716,0.18556878740858515
2,128,1.85,uniform,53,0.41015625,0.19228980874944385,0.19228980873382187
2,128,1.85,uniform,54,0.41796875,0.19912053612445224,0.19912053610944563
2,128,1.85,uniform,55,0.42578125,0.206060659469702,0.20606065945527305
2,128,1.85,uniform,56,0.43359375,0.213109875300568,0.21310987528668565
2,128,1.85,uniform,57,0.44140625,0.22026788647045692,0.2202678864570898
2,128,1.85,uniform,58,0.44921875,0.22753440192772703,0.22753440191484808
2,128,1.85,uniform,59,0.45703125,0.23490913648604433,0.2349091364736302
2,128,1.85,uniform,60,0.46484375,0.2423918106072035,0.2423918105952239
2,128,1.85,uniform,61,0.47265625,0.24998215019549863,0.24998215018392994
2,128,1.85,uniform,62,0.48046875,0.2576798864029065,0.25767988639174116
2,128,1.85,uniform,63,0.48828125,0.26548475544437194,0.26548475543357225
2,128,1.85,uniform,64,0.49609375,0.27339649842230773,0.2733964984118681
2,128,1.85,uniform,65,0.50390625,0.28141486116007525,0.2814148611499734
2,128,1.85,uniform,66,0.51171875,0.28953959404347734,0.28953959403369667
2,128,1.85,uniform,67,0.51953125,0.2977704518700183,0.29777045186054424
2,128,1.85,uniform,68,0.52734375,0.30610719370532663,0.3061071936961444
2,128,1.85,uniform,69,0.53515625,0.3145495827463156,0.31454958273741507
2,128,1.85,uniform,70,0.54296875,0.32309738619069733,0.3230973861820647
2,128,1.85,uniform,71,0.55078125,0.33175037511242245,0.3317503751040455
2,128,1.85,uniform,72,0.55859375,0.34050832434274314,0.3405083243346062
2,128,1.85,uniform,73,0.56640625,0.3493710123565184,0.34937101234861817
2,128,1.85,uniform,74,0.57421875,0.3583382211635475,0.3583382211558696
2,128,1.85,uniform,75,0.58203125,0.3674097362045147,0.36740973619704737
2,128,1.85,uniform,76,0.58984375,0.3765853462514006,0.3765853462441424
2,128,1.85,uniform,77,0.59765625,0.3858648433120985,0.3858648433050352
2,128,1.85,uniform,78,0.60546875,0.39524802253890945,0.3952480225320319
2,128,1.85,uniform,79,0.61328125,0.4047346821408306,0.40473468213414027
2,128,1.85,uniform,80,0.62109375,0.4143246232994047,0.4143246232928845
2,128,1.85,uniform,81,0.62890625,0.42401765008782427,0.42401765008147463
2,128,1.85,uniform,82,0.63671875,0.43381356939335103,0.4338135693871561
2,128,1.85,uniform,83,0.64453125,0.44371219084261265,0.44371219083657676
2,128,1.85,uniform,84,0.65234375,0.45371332672990616,0.45371332672401854
2,128,1.85,uniform,85,0.66015625,0.4638167919480972,0.463816791942351
2,128,1.85,uniform,86,0.66796875,0.4740224039221817,0.4740224039165719
2,128,1.85,uniform,87,0.67578125,0.48432998254528126,0.48432998253980913
2,128,1.85,uniform,88,0.68359375,0.4947393501170041,0.4947393501116649
2,128,1.85,uniform,89,0.69140625,0.5052503312840281,0.5052503312787908
2,128,1.85,uniform,90,0.69921875,0.5158627529826851,0.515862752977588
2,128,1.85,uniform,91,0.70703125,0.5265764443839248,0.5265764443789348
2,128,1.85,uniform,92,0.71484375,0.5373912368397165,0.5373912368348466
2,128,1.85,uniform,93,0.72265625,0.5483069638317554,0.5483069638269814
2,128,1.85,uniform,94,0.73046875,0.5593234609215747,0.5593234609169071
2,128,1.85,uniform,95,0.73828125,0.5704405657026206,0.5704405656980522
2,128,1.85,uniform,96,0.74609375,0.5816581177537277,0.5816581177492653
2,128,1.85,uniform,97,0.75390625,0.5929759585942966,0.5929759585899135
2,128,1.85,uniform,98,0.76171875,0.6043939316407417,0.6043939316364534
2,128,1.85,uniform,99,0.76953125,0.6159118821646028,0.6159118821604115
2,128,1.85,uniform,100,0.77734375,0.6275296572518314,0.6275296572477137
2,128,1.85,uniform,101,0.78515625,0.6392471057633315,0.6392471057593092
2,128,1.85,uniform,102,0.79296875,0.6510640782969872,0.6510640782930323
2,128,1.85,uniform,103,0.80078125,0.6629804271505267,0.6629804271466544
2,128,1.85,uniform,104,0.80859375,0.6749960062858789,0.6749960062820756
2,128,1.85,uniform,105,0.81640625,0.6871106712943289,0.6871106712906109
2,128,1.85,uniform,106,0.82421875,0.6993242793629753,0.6993242793593268
2,128,1.85,uniform,107,0.83203125,0.7116366892419773,0.7116366892383881
2,128,1.85,uniform,108,0.83984375,0.7240477612128906,0.7240477612093731
2,128,1.85,uniform,109,0.84765625,0.7365573570579778,0.7365573570545221
2,128,1.85,uniform,110,0.85546875,0.749165340030258,0.749165340026882
2,128,1.85,uniform,111,0.86328125,0.7618715748246444,0.7618715748213128
2,128,1.85,uniform,112,0.87109375,0.7746759275495931,0.7746759275463247
2,128,1.85,uniform,113,0.87890625,0.7875782656999328,0.7875782656967127
2,128,1.85,uniform,114,0.88671875,0.8005784581301041,0.8005784581269613
2,128,1.85,uniform,115,0.89453125,0.8136763750284848,0.8136763750253903
2,128,1.85,uniform,116,0.90234375,0.8268718878920561,0.8268718878890139
2,128,1.85,uniform,117,0.91015625,0.8401648695020734,0.8401648694990883
2,128,1.85,uniform,118,0.91796875,0.8535551939002716,0.8535551938973233
2,128,1.85,uniform,119,0.92578125,0.8670427363656315,0.8670427363627331
2,128,1.85,uniform,120,0.93359375,0.8806273733919342,0.8806273733891062
2,128,1.85,uniform,121,0.94140625,0.8943089826658716,0.8943089826630697
2,128,1.85,uniform,122,0.94921875,0.908087443045473,0.9080874430427298
2,128,1.85,uniform,123,0.95703125,0.921962634539574,0.9219626345368688
2,128,1.85,uniform,124,0.96484375,0.9359344382873312,0.9359344382846773
2,128,1.85,uniform,125,0.97265625,0.950002736538639,0.950002736536007
2,128,1.85,uniform,126,0.98046875,0.9641674126346219,0.9641674126321232
2,128,1.85,uniform,127,0.98828125,0.9784283509897431,0.9784283509869435
2,128,1.85,uniform,128,0.99609375,0.992785437070214,0.992785437068744
2,128,1.85,uniform,129,1.0,1.0000000000001932,1.0
2,128,1.85,positional,0,0.0,0.0,0.0
2,128,1.85,positional,1,8.767998251958562e-06,4.3499160653917155e-10,4.4092613440953893e-10
2,128,1.85,positional,2,2.6303994824929038e-05,3.3841683486741947e-09,3.3654269195996123e-09
2,128,1.85,positional,3,4.5251779182893944e-05,9.1105031340145e-09,9.181760695403178e-09
2,128,1.85,positional,4,0.0002583044257651625,2.3027967572183288e-07,2.303795457855972e-07
2,128,1.85,positional,5,0.0007346149434072502,1.5931184285303925e-06,1.5929808432090368e-06
2,128,1.85,positional,6,0.0013590762986953901,4.971566495431077e-06,4.9716563491450986e-06
2,128,1.85,positional,7,0.0021517950402018247,1.1632662953355756e-05,1.163273055984373e-05
2,128,1.85,positional,8,0.003129742157141726,2.3264270455627145e-05,2.326434532189892e-05
2,128,1.85,positional,9,0.004294469221279865,4.1771682958636046e-05,4.177173986695504e-05
2,128,1.85,positional,10,0.005639088402400566,6.914108476639529e-05,6.914112957958195e-05
2,128,1.85,positional,11,0.007154488062335592,0.00010739157236161768,0.00010739160726184945
2,128,1.85,positional,12,0.008832314312603371,0.0001585761156456504,0.00015857614435535464
2,128,1.85,positional,13,0.010665818320876774,0.00022479631534417233,0.0002247963400940457
2,128,1.85,positional,14,0.012649788576581026,0.00030821517145678906,0.00030821519375412904
2,128,1.85,positional,15,0.01478021594600042,0.0004110639772433388,0.00041106399794620156
2,128,1.85,positional,16,0.017053948516535626,0.0005356438675232161,0.0005356438871167024
2,128,1.85,positional,17,0.019468413470600937,0.0006843236138304531,0.0006843236325677628
2,128,1.85,positional,18,0.02202141511203537,0.0008595351758661729,0.0008595351938719555
2,128,1.85,positional,19,0.024710997058636476,0.0010637681683908747,0.0010637681857207852
2,128,1.85,positional,20,0.02753535290183965,0.0012995640569161953,0.0012995640735931151
2,128,1.85,positional,21,0.030492771476336545,0.0015695106202673725,0.0015695106363018624
2,128,1.85,positional,22,0.033581605938916376,0.0018762370145606732,0.0018762370299621883
2,128,1.85,positional,23,0.036800258702441774,0.00222240962778031,0.002222409642562772
2,128,1.85,positional,24,0.04014717654943199,0.0026107288124938848,0.0026107288266779436
2,128,1.85,positional,25,0.043620851960990824,0.0030439265145190473,0.00304392652813244
2,128,1.85,positional,26,0.04721982794103233,0.0035247647686114047,0.003524764781688319
2,128,1.85,positional,27,0.05094270450332808,0.00405603500190177,0.0040560350144817165
2,128,1.85,positional,28,0.05478814561380868,0.004640558067068734,0.004640558079195163
2,128,1.85,positional,29,0.05875488581581917,0.005281184916611651,0.005281184928330751
2,128,1.85,positional,30,0.06284173606606448,0.005980797824587552,0.005980797835946854
2,128,1.85,positional,31,0.06704758851347414,0.006742312061004334,0.006742312072051786
2,128,1.85,positional,32,0.0713714200907609,0.0075686779254747665,0.007568677936257659
2,128,1.85,positional,33,0.07581229487948515,0.008462883049857742,0.008462883060422024
2,128,1.85,positional,34,0.08036936526848412,0.009427954883873917,0.009427954894263468
2,128,1.85,positional,35,0.08504187196283199,0.01046696328269835,0.010466963292954682
2,128,1.85,positional,36,0.08982914292324556,0.011583023121079564,0.011583023131241165
2,128,1.85,positional,37,0.0947305913290255,0.0127792968644698,0.012779296874572117
2,128,1.85,positional,38,0.09974571266463989,0.014058997033916765,0.014058997043991907
2,128,1.85,positional,39,0.10487408103320878,0.015425388508014002,0.015425388518090406
2,128,1.85,positional,40,0.11011534480093219,0.016881790612026156,0.016881790622128873
2,128,1.85,positional,41,0.11546922167585374,0.018431578951374185,0.01843157896152497
2,128,1.85,positional,42,0.12093549332280962,0.020078186953947925,0.02007818696416437
2,128,1.85,positional,43,0.12651399961424775,0.021825107093161048,0.02182510710345814
2,128,1.85,positional,44,0.1322046326139114,0.02367589177122286,0.023675891781611884
2,128,1.85,positional,45,0.1380073303871443,0.02563415384962974,0.025634153860118865
2,128,1.85,positional,46,0.14392207072772067,0.027703566821322894,0.02770356683191743
2,128,1.85,positional,47,0.14994886488653597,0.029887864626125013,0.0298878646368274
2,128,1.85,positional,48,0.15608775138212627,0.032190841117842914,0.03219084112865316
2,128,1.85,positional,49,0.16233878996676698,0.034616349197648076,0.034616349208563296
2,128,1.85,positional,50,0.1687020558148144,0.037168299633863054,0.037168299644879096
2,128,1.85,positional,51,0.17517763399205166,0.039850659592988474,0.03985065960409836
2,128,1.85,positional,52,0.18176561425616833,0.04266745091053743,0.04266745092173352
2,128,1.85,positional,53,0.1884660862293016,0.04562274813300665,0.045622748144279156
2,128,1.85,positional,54,0.1952791349739863,0.04872067636396078,0.04872067637529872
2,128,1.85,positional,55,0.2022048369941348,0.05196540894784374,0.051965408959235085
2,128,1.85,positional,56,0.209243256673052,0.05536116502471137,0.05536116503614431
2,128,1.85,positional,57,0.21639444315124312,0.05891220698774919,0.05891220699921027
2,128,1.85,positional,58,0.2236584276381504,0.06262283787326324,0.06262283788473898
2,128,1.85,positional,59,0.23103522114418593,0.06649739871002826,0.06649739872150541
2,128,1.85,positional,60,0.23852481261271258,0.07054026585154302,0.0705402658630071
2,128,1.85,positional,61,0.24612716742610605,0.07475584831111498,0.0747558483225522
2,128,1.85,positional,62,0.25384222625581243,0.0791485851159668,0.07914858512736485
2,128,1.85,positional,63,0.26166990422343017,0.0837229426928637,0.08372294270420896
2,128,1.85,positional,64,0.26961009033828154,0.08848341229429975,0.08848341230557862
2,128,1.85,positional,65,0.2776626471766258,0.09343450747121701,0.09343450748241909
2,128,1.85,positional,66,0.28582741076848434,0.09858076159562659,0.09858076160673823
2,128,1.85,positional,67,0.2941041906598525,0.10392672543441148,0.10392672544542135
2,128,1.85,positional,68,0.3024927701206733,0.10947696477421441,0.10947696478511337
2,128,1.85,positional,69,0.3109929064721555,0.11523605809641241,0.11523605810718841
2,128,1.85,positional,70,0.3196043315106263,0.1212085943009185,0.12120859431156293
2,128,1.85,positional,71,0.3283267520089259,0.12739917047786856,0.1273991704883723
2,128,1.85,positional,72,0.33715985028018913,0.13381238972689385,0.13381238973724746
2,128,1.85,positional,73,0.34610328479256147,0.14045285902480897,0.14045285903500604
2,128,1.85,positional,74,0.3551566908268291,0.1473251871438804,0.14732518715391346
2,128,1.85,positional,75,0.36431968117199587,0.15443398262430802,0.1544339826341685
2,128,1.85,positional,76,0.3735918468564463,0.16178385180614363,0.16178385181582655
2,128,1.85,positional,77,0.3829727579144423,0.16937939692739717,0.16937939693689483
2,128,1.85,positional,78,0.39246196418930435,0.1772252142964333,0.17722521430574228
2,128,1.85,positional,79,0.4020589961757256,0.18532589254807078,0.18532589255718632
2,128,1.85,positional,80,0.411763365904299,0.19368601099368793,0.1936860110026066
2,128,1.85,positional,81,0.42157456787154,0.20231013807643103,0.20231013808514733
2,128,1.85,positional,82,0.4314920800185281,0.211202829942982,0.21120282995149467
2,128,1.85,positional,83,0.4415153647608251,0.22036862914353564,0.22036862915184005
2,128,1.85,positional,84,0.4516438700716354,0.22981206347139016,0.22981206347948505
2,128,1.85,positional,85,0.46187703061931085,0.23953764495322916,0.23953764496111324
2,128,1.85,positional,86,0.47221426895934254,0.24954986900042608,0.24954986900809456
2,128,1.85,positional,87,0.48265499677998125,0.25985321373086395,0.25985321373832
2,128,1.85,positional,88,0.4931986161996347,0.27045213946979474,0.2704521394770382
2,128,1.85,positional,89,0.5038445211132525,0.2813510884369859,0.2813510884440148
2,128,1.85,positional,90,0.5145920985840569,0.29255448462628836,0.2925544846331047
2,128,1.85,positional,91,0.5254407302762416,0.30406673388244937,0.30406673388906
2,128,1.85,positional,92,0.5363897939236527,0.3158922241787108,0.3158922241851184
2,128,1.85,positional,93,0.5474386648289952,0.32803532609746855,0.3280353261036708
2,128,1.85,positional,94,0.5585867173877902,0.34050039351512174,0.34050039352112255
2,128,1.85,positional,95,0.5698333266311169,0.35329176449114097,0.3532917644969446
2,128,1.85,positional,96,0.5811778697811227,0.3664137623602916,0.3664137623659056
2,128,1.85,positional,97,0.592619727813359,0.3798706970261444,0.3798706970315733
2,128,1.85,positional,98,0.6041582870201679,0.39366686645314286,0.39366686645839005
2,128,1.85,positional,99,0.6157929405696279,0.40780655835390217,0.40780655835897633
2,128,1.85,positional,100,0.6275230900549034,0.4222940520678746,0.4222940520727796
2,128,1.85,positional,101,0.6393481470292603,0.4371336206270394,0.43713362063178046
2,128,1.85,positional,102,0.6512675345224603,0.4523295330040846,0.4523295330086791
2,128,1.85,positional,103,0.6632806885347351,0.46788605653836196,0.46788605654280335
2,128,1.85,positional,104,0.6753870595050455,0.48380745953459714,0.483807459538905
2,128,1.85,positional,105,0.6875861137508443,0.5000980140298514,0.5000980140340338
2,128,1.85,positional,106,0.6998773348770608,0.5167619987237109,0.5167619987277684
2,128,1.85,positional,107,0.7122602251525284,0.5338037020673281,0.5338037020712743
2,128,1.85,positional,108,0.7247343068525403,0.5512274255070326,0.5512274255108782
2,128,1.85,positional,109,0.7372991235666746,0.5690374868784142,0.5690374868821588
2,128,1.85,positional,110,0.7499542414714406,0.5872382239472123,0.5872382239508711
2,128,1.85,positional,111,0.7626992505676882,0.6058339980938202,0.6058339980974078
2,128,1.85,positional,112,0.7755337658830674,0.6248291981383758,0.6248291981418872
2,128,1.85,positional,113,0.7884574286401453,0.6442282443039195,0.6442282443073856
2,128,1.85,positional,114,0.8014699073910593,0.6640355923158564,0.6640355923192582
2,128,1.85,positional,115,0.8145708991198368,0.6842557376355533,0.684255737638942
2,128,1.85,positional,116,0.8277601303137174,0.7048932198277292,0.7048932198310757
2,128,1.85,positional,117,0.8410373580049928,0.7259526270598787,0.7259526270632227
2,128,1.85,positional,118,0.8544023707850318,0.7474386007346174,0.7474386007379309
2,128,1.85,positional,119,0.8678549897922765,0.7693558402539753,0.7693558402573024
2,128,1.85,positional,120,0.8813950696760925,0.7917091079173364,0.7917091079206843
2,128,1.85,positional,121,0.8950224995384337,0.8145032339531534,0.8145032339565239
2,128,1.85,positional,122,0.9087372038553303,0.8377431216864356,0.8377431216898475
2,128,1.85,positional,123,0.9225391433802508,0.8614337528437805,0.8614337528472436
2,128,1.85,positional,124,0.9364283160314062,0.8855801929981036,0.8855801930016347
2,128,1.85,positional,125,0.9504047577650739,0.9101875971559205,0.9101875971595218
2,128,1.85,positional,126,0.9644685434370144,0.9352612154900399,0.9352612154937808
2,128,1.85,positional,127,0.978619787654043,0.9608063992219099,0.9608063992254783
2,128,1.85,positional,128,0.9928586456177981,0.9868286066538671,0.9868286066585572
2,128,1.85,positional,129,1.0,0.9999999999998166,1.0
2,128,1.95,uniform,0,0.0,0.0,0.0
2,128,1.95,uniform,1,0.00390625,2.0133961720666105e-05,2.013409287678367e-05
2,128,1.95,uniform,2,0.01171875,0.0001715430541407935,0.00017152147958069658
2,128,1.95,uniform,3,0.01953125,0.0004644322717391229,0.00046443354048187935
2,128,1.95,uniform,4,0.02734375,0.000895105821550748,0.0008951034801646016
2,128,1.95,uniform,5,0.03515625,0.0014611846832535416,0.0014611841783780904
2,128,1.95,uniform,6,0.04296875,0.0021609659449821307,0.0021609653522712173
2,128,1.95,uniform,7,0.05078125,0.0029931029513371155,0.002993102603074919
2,128,1.95,uniform,8,0.05859375,0.003956489828138253,0.003956489548243241
2,128,1.95,uniform,9,0.06640625,0.0050501872658048255,0.005050187054804405
2,128,1.95,uniform,10,0.07421875,0.006273380089612162,0.006273379920110395
2,128,1.95,uniform,11,0.08203125,0.0076253485571293475,0.007625348419480858
2,128,1.95,uniform,12,0.08984375,0.009105448729923986,0.009105448615578503
2,128,1.95,uniform,13,0.09765625,0.010713098264944898,0.010713098168592054
2,128,1.95,uniform,14,0.10546875,0.012447765856955666,0.0124477657746531
2,128,1.95,uniform,15,0.11328125,0.01430896316530806,0.014308963094217798
2,128,1.95,uniform,16,0.12109375,0.01629623850794503,0.01629623844593309
2,128,1.95,uniform,17,0.12890625,0.01840917184156047,0.01840917178700282
2,128,1.95,uniform,18,0.13671875,0.02064737070144427,0.020647370653080366
2,128,1.95,uniform,19,0.14453125,0.023010466871463162,0.023010466828300945
2,128,1.95,uniform,20,0.15234375,0.025498113619435495,0.025498113580682696
2,128,1.95,uniform,21,0.16015625,0.02810998337705609,0.02810998334207375
2,128,1.95,uniform,22,0.16796875,0.030845765774158037,0.03084576574242358
2,128,1.95,uniform,23,0.17578125,0.03370516595882782,0.03370516592991148
2,128,1.95,uniform,24,0.18359375,0.036687903150675064,0.03668790312421856
2,128,1.95,uniform,25,0.19140625,0.039793709386124136,0.03979370936182803
2,128,1.95,uniform,26,0.19921875,0.04302232842329529,0.043022328400906126
2,128,1.95,uniform,27,0.20703125,0.04637351478057861,0.04637351475988129
2,128,1.95,uniform,28,0.21484375,0.049847032888064156,0.04984703286887378
2,128,1.95,uniform,29,0.22265625,0.0534426563348743,0.05344265631703275
2,128,1.95,uniform,30,0.23046875,0.057160167198526984,0.057160167181896884
2,128,1.95,uniform,31,0.23828125,0.060999355444853125,0.060999355429315325
2,128,1.95,uniform,32,0.24609375,0.06496001838894623,0.064960018374397
2,128,1.95,uniform,33,0.25390625,0.06904196020916381,0.0690419601955107
2,128,1.95,uniform,34,0.26171875,0.0732449915074547,0.0732449914946183
2,128,1.95,uniform,35,0.26953125,0.07756892891034363,0.07756892889825179
2,128,1.95,uniform,36,0.27734375,0.08201359470570166,0.08201359469429133
2,128,1.95,uniform,37,0.28515625,0.0865788165111839,0.08657881650039961
2,128,1.95,uniform,38,0.29296875,0.09126442697076087,0.09126442696055033
2,128,1.95,uniform,39,0.30078125,0.09607026347625386,0.09607026346657463
2,128,1.95,uniform,40,0.30859375,0.10099616791124938,0.10099616790205843
2,128,1.95,uniform,41,0.31640625,0.10604198641500523,0.10604198640626919
2,128,1.95,uniform,42,0.32421875,0.1112075691644009,0.1112075691560836
2,128,1.95,uniform,43,0.33203125,0.1164927701720655,0.11649277016413782
2,128,1.95,uniform,44,0.33984375,0.12189744709919872,0.1218974470916358
2,128,1.95,uniform,45,0.34765625,0.1274214610816615,0.12742146107443472
2,128,1.95,uniform,46,0.35546875,0.13306467656809473,0.1330646765611855
2,128,1.95,uniform,47,0.36328125,0.1388269611690601,0.1388269611624434
2,128,1.95,uniform,48,0.37109375,0.1447081855161192,0.14470818550978243
2,128,1.95,uniform,49,0.37890625,0.15070822313013346,0.15070822312405194
2,128,1.95,uniform,50,0.38671875,0.156826950297838,0.15682695029200375
2,128,1.95,uniform,51,0.39453125,0.16306424595620572,0.16306424595059785
2,128,1.95,uniform,52,0.40234375,0.16941999158375848,0.169419991578365
2,128,1.95,uniform,53,0.41015625,0.17589407109845545,0.17589407109326552
2,128,1.95,uniform,54,0.41796875,0.1824863707615385,0.18248637075653856
2,128,1.95,uniform,55,0.42578125,0.18919677908690358,0.18919677908208382
2,128,1.95,uniform,56,0.43359375,0.19602518675560923,0.1960251867509612
2,128,1.95,uniform,57,0.44140625,0.20297148653511973,0.20297148653063096
2,128,1.95,uniform,58,0.44921875,0.2100355732029248,0.21003557319859226
2,128,1.95,uniform,59,0.45703125,0.21721734347429777,0.2172173434701068
2,128,1.95,uniform,60,0.46484375,0.22451669593377496,0.22451669592972306
2,128,1.95,uniform,61,0.47265625,0.2319335309702602,0.23193353096633973
2,128,1.95,uniform,62,0.48046875,0.239467750715368,0.23946775071156973
2,128,1.95,uniform,63,0.48828125,0.24711925898486659,0.2471192589811855
2,128,1.95,uniform,64,0.49609375,0.25488796122300933,0.2548879612194446
2,128,1.95,uniform,65,0.50390625,0.26277376444957057,0.26277376444611017
2,128,1.95,uniform,66,0.51171875,0.2707765772093513,0.2707765772059956
2,128,1.95,uniform,67,0.51953125,0.2788963095241364,0.2788963095208771
2,128,1.95,uniform,68,0.52734375,0.28713287284679234,0.28713287284362704
2,128,1.95,uniform,69,0.53515625,0.29548618001751614,0.29548618001443633
2,128,1.95,uniform,70,0.54296875,0.30395614522199066,0.3039561452189986
2,128,1.95,uniform,71,0.55078125,0.3125426839514573,0.3125426839485439
2,128,1.95,uniform,72,0.55859375,0.32124571296444104,0.32124571296161225
2,128,1.95,uniform,73,0.56640625,0.3300651502502251,0.3300651502474701
2,128,1.95,uniform,74,0.57421875,0.3390009149937577,0.3390009149910755
2,128,1.95,uniform,75,0.58203125,0.34805292754212325,0.3480529275395075
2,128,1.95,uniform,76,0.58984375,0.3572211093723279,0.35722110936977836
2,128,1.95,uniform,77,0.59765625,0.36650538306044217,0.36650538305795505
2,128,1.95,uniform,78,0.60546875,0.3759056722519466,0.3759056722495193
2,128,1.95,uniform,79,0.61328125,0.3854219016332618,0.38542190163090223
2,128,1.95,uniform,80,0.62109375,0.39505399690443993,0.3950539969021308
2,128,1.95,uniform,81,0.62890625,0.4048018847527854,0.4048018847505311
2,128,1.95,uniform,82,0.63671875,0.414665492827635,0.41466549282543386
2,128,1.95,uniform,83,0.64453125,0.424644749715985,0.42464474971383176
2,128,1.95,uniform,84,0.65234375,0.4347395849190447,0.43473958491694265
2,128,1.95,uniform,85,0.66015625,0.44494992882968964,0.44494992882763346
2,128,1.95,uniform,86,0.66796875,0.45527571271067335,0.45527571270866385
2,128,1.95,uniform,87,0.67578125,0.46571686867366996,0.4657168686717106
2,128,1.95,uniform,88,0.68359375,0.47627332965906694,0.4762733296571353
2,128,1.95,uniform,89,0.69140625,0.4869450294163451,0.48694502941446177
2,128,1.95,uniform,90,0.69921875,0.4977319024853731,0.4977319024835296
2,128,1.95,uniform,91,0.70703125,0.5086338841780966,0.5086338841762938
2,128,1.95,uniform,92,0.71484375,0.5196509105610114,0.519650910559241
2,128,1.95,uniform,93,0.72265625,0.5307829184381349,0.530782918436394
2,128,1.95,uniform,94,0.73046875,0.5420298453345826,0.5420298453328823
2,128,1.95,uniform,95,0.73828125,0.5533916294807169,0.553391629479048
2,128,1.95,uniform,96,0.74609375,0.5648682097967036,0.5648682097950694
2,128,1.95,uniform,97,0.75390625,0.576459525877683,0.576459525876078
2,128,1.95,uniform,98,0.76171875,0.5881655179793299,0.5881655179777481
2,128,1.95,uniform,99,0.76953125,0.5999861270038804,0.5999861270023388
2,128,1.95,uniform,100,0.77734375,0.6119212944866832,0.6119212944851711
2,128,1.95,uniform,101,0.78515625,0.6239709625830216,0.6239709625815217
2,128,1.95,uniform,102,0.79296875,0.6361350740553732,0.6361350740539157
2,128,1.95,uniform,103,0.80078125,0.648413572261244,0.6484135722598036
2,128,1.95,uniform,104,0.80859375,0.6608064011410197,0.6608064011396062
2,128,1.95,uniform,105,0.81640625,0.6733135052065079,0.6733135052051145
2,128,1.95,uniform,106,0.82421875,0.6859348295295924,0.685934829528228
2,128,1.95,uniform,107,0.83203125,0.6986703197313517,0.6986703197300225
2,128,1.95,uniform,108,0.83984375,0.7115199219714541,0.7115199219701291
2,128,1.95,uniform,109,0.84765625,0.7244835829377052,0.7244835829364201
2,128,1.95,uniform,110,0.85546875,0.7375612498362646,0.7375612498349817
2,128,1.95,uniform,111,0.86328125,0.7507528703816342,0.750752870380371
2,128,1.95,uniform,112,0.87109375,0.7640583927873681,0.7640583927861406
2,128,1.95,uniform,113,0.87890625,0.777477765756844,0.7774777657556248
2,128,1.95,uniform,114,0.88671875,0.7910109384741677,0.7910109384729761
2,128,1.95,uniform,115,0.89453125,0.8046578605956202,0.8046578605944442
2,128,1.95,uniform,116,0.90234375,0.8184184822410454,0.8184184822398874
2,128,1.95,uniform,117,0.91015625,0.832292753985654,0.8322927539845099
2,128,1.95,uniform,118,0.91796875,0.8462806268519523,0.8462806268508158
2,128,1.95,uniform,119,0.92578125,0.8603820523018696,0.8603820523007735
2,128,1.95,uniform,120,0.93359375,0.8745969822292738,0.8745969822281814
2,128,1.95,uniform,121,0.94140625,0.8889253689523166,0.8889253689512306
2,128,1.95,uniform,122,0.94921875,0.9033671652063145,0.9033671652052561
2,128,1.95,uniform,123,0.95703125,0.91792232413671,0.9179223241356698
2,128,1.95,uniform,124,0.96484375,0.9325907992921011,0.9325907992910714
2,128,1.95,uniform,125,0.97265625,0.9473725446175547,0.9473725446165299
2,128,1.95,uniform,126,0.98046875,0.9622675144480047,0.9622675144470297
2,128,1.95,uniform,127,0.98828125,0.9772756635021653,0.977275663501077
2,128,1.95,uniform,128,0.99609375,0.9923969468750656,0.9923969468744609
2,128,1.95,uniform,129,1.0,1.0000000000001508,1.0
2,128,1.95,positional,0,0.0,0.0,0.0
2,128,1.95,positional,1,1.1210839961727959e-05,2.260573412017631e-10,2.2222575900838896e-10
2,128,1.95,positional,2,3.36327336841676e-05,1.8818941086955493e-09,1.893155242304059e-09
2,128,1.95,positional,3,0.0002269243755487314,7.83060069858114e-08,7.833723536546583e-08
2,128,1.95,positional,4,0.0006864107194330933,6.781712128379668e-07,6.78170526652034e-07
2,128,1.95,positional,5,0.0013287461440299297,2.458713810542298e-06,2.458736189795031e-06
2,128,1.95,positional,6,0.002166748320822781,6.380054871429339e-06,6.380085722278006e-06
2,128,1.95,positional,7,0.0032271397180517703,1.3873745737304762e-05,1.387377504834782e-05
2,128,1.95,positional,8,0.004512086014933551,2.6670765503559955e-05,2.667078949941946e-05
2,128,1.95,positional,9,0.006010403070262373,4.665109491282308e-05,4.6651113633049975e-05
2,128,1.95,positional,10,0.007707788934648713,7.577275048366975e-05,7.577276525485875e-05
2,128,1.95,positional,11,0.009591369819739536,0.00011605589261772028,0.00011605590471139999
2,128,1.95,positional,12,0.011650770914160186,0.0001695866129063041,0.0001695866232392041
2,128,1.95,positional,13,0.013877879559494197,0.00023852288621174891,0.00023852289537294518
2,128,1.95,positional,14,0.016266307992094258,0.0003250974189777857,0.0003250974273275209
2,128,1.95,positional,15,0.01881089658810123,0.00043161696764185787,0.0004316169753948968
2,128,1.95,positional,16,0.02150733575855531,0.0005604590596120844,0.0005604590668954074
2,128,1.95,positional,17,0.024351900592858276,0.0007140671878031694,0.0007140671946924825
2,128,1.95,positional,18,0.027341272781969087,0.0008949453505206223,0.0008949453570626564
2,128,1.95,positional,19,0.030472424881919678,0.0011056525631890231,0.001105652569414813
2,128,1.95,positional,20,0.03374254730398911,0.001348797758715133,0.0013487977646477521
2,128,1.95,positional,21,0.037149003810781456,0.0016270353330348369,0.0016270353386937649
2,128,1.95,positional,22,0.0406893055953126,0.0019430614760418913,0.0019430614814453684
2,128,1.95,positional,23,0.044361097165315486,0.0022996113461669554,0.0022996113513331674
2,128,1.95,positional,24,0.04816214946938432,0.0026994570905838314,0.00269945709553133
2,128,1.95,positional,25,0.052090357230008454,0.0031454066753111333,0.003145406680058984
2,128,1.95,positional,26,0.05614373849127917,0.0036403034650002238,0.0036403034695678405
2,128,1.95,positional,27,0.060320435094665184,0.0041870264770029276,0.004187026481409827
2,128,1.95,positional,28,0.06461871327039899,0.004788491225537813,0.004788491229803472
2,128,1.95,positional,29,0.06903696384832236,0.00544765106738123,0.005447651071524744
2,128,1.95,positional,30,0.07357370180130085,0.006167498959067295,0.006167498963107129
2,128,1.95,positional,31,0.07822756497138866,0.006951069536112008,0.0069510695400659284
2,128,1.95,positional,32,0.08299731191764734,0.007801441426624764,0.007801441430509535
2,128,1.95,positional,33,0.08788181888115047,0.00872173971441775,0.00872173971824915
2,128,1.95,positional,34,0.09288007589829202,0.00971513847012763,0.009715138473920056
2,128,1.95,positional,35,0.09799118211552356,0.010784863272784715,0.010784863276551553
2,128,1.95,positional,36,0.10321434037208002,0.011934193648663282,0.011934193652416419
2,128,1.95,positional,37,0.10854885112542073,0.013166465359100219,0.01316646536285028
2,128,1.95,positional,38,0.11399410579915004,0.014485072474320959,0.01448507247807716
2,128,1.95,positional,39,0.11954957963641971,0.01589346917616729,0.015893469179937614
2,128,1.95,positional,40,0.12521482414402982,0.017395171239019142,0.017395171242809974
2,128,1.95,positional,41,0.13098945921403293,0.01899375714512914,0.01899375714894558
2,128,1.95,positional,42,0.13687316501075272,0.020692868798034832,0.020692868801880683
2,128,1.95,positional,43,0.1428656737117312,0.022496211805607607,0.02249621180948555
2,128,1.95,positional,44,0.1489667611911027,0.024407555312564982,0.024407555316476065
2,128,1.95,positional,45,0.15517623873308609,0.02643073137077602,0.026430731374720837
2,128,1.95,positional,46,0.16149394486151794,0.028569633844299162,0.028569633848276505
2,128,1.95,positional,47,0.16791973736845206,0.03082821685458704,0.030828216858595187
2,128,1.95,positional,48,0.1744534856207121,0.03321049277954174,0.033210492783577863
2,128,1.95,positional,49,0.18109506321783436,0.03572052982783113,0.03572052983189132
2,128,1.95,positional,50,0.18784434106808434,0.03836244921694585,0.03836244922102571
2,128,1.95,positional,51,0.19470118094124117,0.041140421989662765,0.041140421993756934
2,128,1.95,positional,52,0.20166542954776445,0.04405866550873229,0.04405866551283497
2,128,1.95,positional,53,0.20873691318399007,0.04712143967361124,0.047121439677716245
2,128,1.95,positional,54,0.21591543297240326,0.05033304290581338,0.05033304290991387
2,128,1.95,positional,55,0.22320076071510844,0.05369780795092755,0.053697807955017274
2,128,1.95,positional,56,0.23059263536767027,0.05722009754557421,0.05722009754964569
2,128,1.95,positional,57,0.23809076012986816,0.0609042999965674,0.06090430000061361
2,128,1.95,positional,58,0.2456948001398937,0.06475482471749408,0.06475482472150855
2,128,1.95,positional,59,0.2534043807494092,0.06877609776488575,0.06877609776886093
2,128,1.95,positional,60,0.2612190863489136,0.07297255741237405,0.07297255741630247
2,128,1.95,positional,61,0.2691384597062081,0.07734864979688288,0.07734864980075909
2,128,1.95,positional,62,0.27716200177553996,0.0819088246662006,0.08190882467001746
2,128,1.95,positional,63,0.28528917193128217,0.08665753125239056,0.08665753125614084
2,128,1.95,positional,64,0.29351938857777177,0.09159921429071004,0.09159921429438837
2,128,1.95,positional,65,0.301852030086109,0.09673831019907235,0.09673831020267436
2,128,1.95,positional,66,0.3102864360092028,0.10207924342882249,0.10207924343234206
2,128,1.95,positional,67,0.31882190852796843,0.10762642299378967,0.10762642299722268
2,128,1.95,positional,68,0.3274577140841597,0.11338423918133964,0.11338423918468254
2,128,1.95,positional,69,0.3361930851586466,0.11935706044642394,0.11935706044967294
2,128,1.95,positional,70,0.3450272221578174,0.1255492304875399,0.12554923049068933
2,128,1.95,positional,71,0.35395929537499593,0.13196506550195983,0.13196506550500864
2,128,1.95,positional,72,0.36298844699812327,0.1386088516166051,0.13860885161955114
2,128,1.95,positional,73,0.37211379313929804,0.145484842490317,0.14548484249315363
2,128,1.95,positional,74,0.38133442586595495,0.15259725708313496,0.15259725708586463
2,128,1.95,positional,75,0.3906494152173752,0.15995027758838007,0.15995027759099992
2,128,1.95,positional,76,0.4000578111937818,0.16754804752353927,0.16754804752604918
2,128,1.95,positional,77,0.4095586457084227,0.1753946699766244,0.17539466997902164
2,128,1.95,positional,78,0.4191509344957538,0.18349420600510635,0.18349420600738978
2,128,1.95,positional,79,0.4288336789710996,0.1918506731852007,0.19185067318737323
2,128,1.95,positional,80,0.43860586803900325,0.20046804430979515,0.20046804431185394
2,128,1.95,positional,81,0.448466479848905,0.20935024623373322,0.20935024623568035
2,128,1.95,positional,82,0.4584144834978559,0.21850115886565427,0.2185011588674893
2,128,1.95,positional,83,0.4684488406807199,0.22792461430569808,0.2279246143074221
2,128,1.95,positional,84,0.4785685072887944,0.23762439612862374,0.23762439613023634
2,128,1.95,positional,85,0.4887724349580452,0.24760423881181579,0.24760423881332203
2,128,1.95,positional,86,0.49905957256823874,0.2578678273076228,0.2578678273090215
2,128,1.95,positional,87,0.5094288676942278,0.26841879675915825,0.26841879676045166
2,128,1.95,positional,88,0.5198792680105291,0.27926073235855325,0.2792607323597461
2,128,1.95,positional,89,0.5304097226501663,0.29039716934619786,0.29039716934729237
2,128,1.95,positional,90,0.54101918351857,0.3018315931491723,0.30183159315016544
2,128,1.95,positional,91,0.551706606563139,0.3135674396566691,0.3135674396575591
2,128,1.95,positional,92,0.5624709529989036,0.3256080956298205,0.32560809563062265
2,128,1.95,positional,93,0.5733111904905994,0.33795689924302397,0.33795689924372924
2,128,1.95,positional,94,0.5842262942913563,0.35061714075323236,0.35061714075385203
2,128,1.95,positional,95,0.5952152483381572,0.36359206329388505,0.3635920632944161
2,128,1.95,positional,96,0.6062770463041984,0.3768848637892858,0.37688486378973085
2,128,1.95,positional,97,0.6174106926083065,0.3904986939855367,0.39049869398590137
2,128,1.95,positional,98,0.6286152033816255,0.40443666159368424,0.4044366615939735
2,128,1.95,positional,99,0.6398896073918643,0.41870183154075524,0.4187018315409648
2,128,1.95,positional,100,0.651232946925512,0.43329722732426934,0.4332972273244121
2,128,1.95,positional,101,0.6626442786285446,0.44822583246600295,0.44822583246607645
2,128,1.95,positional,102,0.6741226743062863,0.4634905920605128,0.46349059206052096
2,128,1.95,positional,103,0.6856672216832287,0.47909441441444595,0.4790944144143891
2,128,1.95,positional,104,0.6972770251237522,0.49504017277248635,0.495040172772369
2,128,1.95,positional,105,0.7089512063148302,0.5113307071261947,0.5113307071260156
2,128,1.95,positional,106,0.7206889049119269,0.5279688261020574,0.5279688261018194
2,128,1.95,positional,107,0.7324892791494175,0.5449573089254315,0.5449573089251525
2,128,1.95,positional,108,0.7443515064169638,0.5622989074573017,0.5622989074569723
2,128,1.95,positional,109,0.7562747838033711,0.5799963483008173,0.5799963483004397
2,128,1.95,positional,110,0.7682583286095249,0.598052334975287,0.5980523349748718
2,128,1.95,positional,111,0.7803013788320659,0.6164695501551776,0.6164695501547348
2,128,1.95,positional,112,0.7924031936195051,0.6352506579721396,0.635250657971652
2,128,1.95,positional,113,0.8045630537025105,0.6543983063782006,0.6543983063776784
2,128,1.95,positional,114,0.8167802618001041,0.6739151295689058,0.6739151295683502
2,128,1.95,positional,115,0.8290541430035152,0.693803750464857,0.6938037504642829
2,128,1.95,positional,116,0.8413840451394179,0.7140667832509507,0.7140667832503282
2,128,1.95,positional,117,0.8537693391142582,0.7347068359721781,0.7347068359715406
2,128,1.95,positional,118,0.8662094192413449,0.7557265131860846,0.7557265131854208
2,128,1.95,positional,119,0.8787037035523322,0.7771284186708005,0.7771284186701191
2,128,1.95,positional,120,0.8912516340946806,0.798915158189167,0.7989151581884746
2,128,1.95,positional,121,0.9038526772166207,0.8210893423086638,0.8210893423079543
2,128,1.95,positional,122,0.9165063238410961,0.8436535892774563,0.8436535892767322
2,128,1.95,positional,123,0.92921208973009,0.8666105279570221,0.8666105279563063
2,128,1.95,positional,124,0.9419695157406883,0.8899628008119425,0.8899628008112146
2,128,1.95,positional,125,0.9547781680741632,0.9137130669573018,0.9137130669565509
2,128,1.95,positional,126,0.9676376385192953,0.9378640052647986,0.9378640052641186
2,128,1.95,positional,127,0.9805475446910978,0.9624183175291543,0.9624183175281957
2,128,1.95,positional,128,0.99350753026604,0.9873787316918917,0.9873787316920104
2,128,1.95,positional,129,1.0,0.9999999999998449,1.0
2,256,1.55,uniform,0,0.0,0.0,0.0
2,256,1.55,uniform,1,0.001953125,6.304551156829409e-05,6.31875563868028e-05
2,256,1.55,uniform,2,0.005859375,0.0003472340292120365,0.00034687220839172637
2,256,1.55,uniform,3,0.009765625,0.0007656076495095858,0.0007656584276820163
2,256,1.55,uniform,4,0.013671875,0.0012898639970548207,0.001289833114250476
2,256,1.55,uniform,5,0.017578125,0.0019041780257537545,0.001904177591834886
2,256,1.55,uniform,6,0.021484375,0.0025989089204363964,0.00259890390985647
2,256,1.55,uniform,7,0.025390625,0.003367006944643279,0.0033670049631547364
2,256,1.55,uniform,8,0.029296875,0.004203133604725931,0.004203131832761734
2,256,1.55,uniform,9,0.033203125,0.005103022588505008,0.0051030213886375745
2,256,1.55,uniform,10,0.037109375,0.006063169500787205,0.006063168558528478
2,256,1.55,uniform,11,0.041015625,0.007080623661952139,0.007080622932433654
2,256,1.55,uniform,12,0.044921875,0.008152855359261557,0.008152854773374504
2,256,1.55,uniform,13,0.048828125,0.009277663064467536,0.009277662587422617
2,256,1.55,uniform,14,0.052734375,0.010453107371005682,0.010453106975786738
2,256,1.55,uniform,15,0.056640625,0.011677462184355997,0.011677461852657013
2,256,1.55,uniform,16,0.060546875,0.012949177840081361,0.012949177558373751
2,256,1.55,uniform,17,0.064453125,0.014266852611984696,0.014266852370288659
2,256,1.55,uniform,18,0.068359375,0.01562921030536098,0.01562921009611126
2,256,1.55,uniform,19,0.072265625,0.017035082353803358,0.017035082171186964
2,256,1.55,uniform,20,0.076171875,0.01848339331606456,0.018483393155544082
2,256,1.55,uniform,21,0.080078125,0.019973148982950953,0.019973148840939283
2,256,1.55,uniform,22,0.083984375,0.021503426518160715,0.021503426391787536
2,256,1.55,uniform,23,0.087890625,0.02307336620537246,0.02307336609231704
2,256,1.55,uniform,24,0.091796875,0.024682164479129073,0.024682164377496454
2,256,1.55,uniform,25,0.095703125,0.026329067992940148,0.02632906790116909
2,256,1.55,uniform,26,0.099609375,0.028013368533653125,0.028013368450447426
2,256,1.55,uniform,27,0.103515625,0.02973439863250221,0.02973439855677686
2,256,1.55,uniform,28,0.107421875,0.031491527754393726,0.03149152768523502
2,256,1.55,uniform,29,0.111328125,0.03328415897075742,0.03328415890739068
2,256,1.55,uniform,30,0.115234375,0.03511172603959842,0.03511172598136232
2,256,1.55,uniform,31,0.119140625,0.036973690830653404,0.03697369077698193
2,256,1.55,uniform,32,0.123046875,0.03886954104478047,0.038869540995184484
2,256,1.55,uniform,33,0.126953125,0.04079878818558123,0.04079878813963805
2,256,1.55,uniform,34,0.130859375,0.04276096574839893,0.0427609657057402
2,256,1.55,uniform,35,0.134765625,0.04475562759753081,0.04475562755783496
2,256,1.55,uniform,36,0.138671875,0.04678234650716671,0.04678234647015135
2,256,1.55,uniform,37,0.142578125,0.04884071284534258,0.04884071281075998
2,256,1.55,uniform,38,0.146484375,0.050930333383332284,0.050930333350962094
2,256,1.55,uniform,39,0.150390625,0.05305083021545536,0.053050830185103204
2,256,1.55,uniform,40,0.154296875,0.055201839776452245,0.05520183974794528
2,256,1.55,uniform,41,0.158203125,0.057383011945336855,0.05738301191852072
2,256,1.55,uniform,42,0.162109375,0.05959400922615745,0.05959400920089367
2,256,1.55,uniform,43,0.166015625,0.061834505997356404,0.061834505973520866
2,256,1.55,uniform,44,0.169921875,0.06410418782249588,0.06410418779997756
2,256,1.55,uniform,45,0.173828125,0.06640275081602832,0.06640275079472689
2,256,1.55,uniform,46,0.177734375,0.06872990105856733,0.0687299010383906
2,256,1.55,uniform,47,0.181640625,0.07108535405677963,0.07108535403764742
2,256,1.55,uniform,48,0.185546875,0.07346883424362406,0.07346883422546047
2,256,1.55,uniform,49,0.189453125,0.07588007451509453,0.07588007449783152
2,256,1.55,uniform,50,0.193359375,0.0783188158001338,0.07831881578370946
2,256,1.55,uniform,51,0.197265625,0.08078480666069665,0.0807848066450547
2,256,1.55,uniform,52,0.201171875,0.08327780291929704,0.08327780290438619
2,256,1.55,uniform,53,0.205078125,0.08579756731164988,0.08579756729742227
2,256,1.55,uniform,54,0.208984375,0.08834386916226505,0.08834386914867674
2,256,1.55,uniform,55,0.212890625,0.09091648408107786,0.09091648406808948
2,256,1.55,uniform,56,0.216796875,0.09351519367939098,0.09351519366696517
2,256,1.55,uniform,57,0.220703125,0.09613978530355981,0.0961397852916635
2,256,1.55,uniform,58,0.224609375,0.09879005178503454,0.09879005177363522
2,256,1.55,uniform,59,0.228515625,0.10146579120546315,0.1014657911945327
2,256,1.55,uniform,60,0.232421875,0.10416680667573124,0.1041668066652424
2,256,1.55,uniform,61,0.236328125,0.10689290612786506,0.10689290611779273
2,256,1.55,uniform,62,0.240234375,0.1096439021188636,0.1096439021091857
2,256,1.55,uniform,63,0.244140625,0.11241961164559233,0.11241961163628557
2,256,1.55,uniform,64,0.248046875,0.11521985596992726,0.1152198559609732
2,256,1.55,uniform,65,0.251953125,0.11804446045346442,0.1180444604448437
2,256,1.55,uniform,66,0.255859375,0.12089325440108974,0.12089325439278563
2,256,1.55,uniform,67,0.259765625,0.12376607091284014,0.12376607090483595
2,256,1.55,uniform,68,0.263671875,0.12666274674347372,0.12666274673575417
2,256,1.55,uniform,69,0.267578125,0.1295831221692537,0.1295831221618048
2,256,1.55,uniform,70,0.271484375,0.13252704086146966,0.13252704085427774
2,256,1.55,uniform,71,0.275390625,0.1354943497662604,0.13549434975931338
2,256,1.55,uniform,72,0.279296875,0.13848489899034536,0.13848489898363273
2,256,1.55,uniform,73,0.283203125,0.14149854169229764,0.14149854168580378
2,256,1.55,uniform,74,0.287109375,0.1445351339789813,0.14453513397270248
2,256,1.55,uniform,75,0.291015625,0.14759453480693074,0.14759453480085316
2,256,1.55,uniform,76,0.294921875,0.15067660588824164,0.15067660588235518
2,256,1.55,uniform,77,0.298828125,0.15378121160082475,0.15378121159512495
2,256,1.55,uniform,78,0.302734375,0.15690821890272647,0.1569082188972012
2,256,1.55,uniform,79,0.306640625,0.1600574972502339,0.16005749724487886
2,256,1.55,uniform,80,0.310546875,0.16322891851965085,0.16322891851445476
2,256,1.55,uniform,81,0.314453125,0.16642235693242138,0.16642235692738078
2,256,1.55,uniform,82,0.318359375,0.16963768898353107,0.16963768897863696
2,256,1.55,uniform,83,0.322265625,0.1728747933728957,0.17287479336814682
2,256,1.55,uniform,84,0.326171875,0.17613355093968663,0.1761335509350712
2,256,1.55,uniform,85,0.330078125,0.17941384459931303,0.17941384459482573
2,256,1.55,uniform,86,0.333984375,0.18271555928303934,0.18271555927867922
2,256,1.55,uniform,87,0.337890625,0.18603858188003589,0.1860385818757968
2,256,1.55,uniform,88,0.341796875,0.18938280118172598,0.1893828011776028
2,256,1.55,uniform,89,0.345703125,0.1927481078283585,0.19274810782434432
2,256,1.55,uniform,90,0.349609375,0.19613439425765034,0.19613439425374457
2,256,1.55,uniform,91,0.353515625,0.19954155465544626,0.1995415546516421
2,256,1.55,uniform,92,0.357421875,0.20296948490822306,0.20296948490451758
2,256,1.55,uniform,93,0.361328125,0.2064180825574237,0.2064180825538159
2,256,1.55,uniform,94,0.365234375,0.20988724675549597,0.2098872467519777
2,256,1.55,uniform,95,0.369140625,0.21337687822352788,0.21337687822009777
2,256,1.55,uniform,96,0.373046875,0.21688687921047625,0.21688687920713426
2,256,1.55,uniform,97,0.376953125,0.22041715345385873,0.22041715345059573
2,256,1.55,uniform,98,0.380859375,0.22396760614181999,0.22396760613863786
2,256,1.55,uniform,99,0.384765625,0.22753814387661134,0.22753814387350538
2,256,1.55,uniform,100,0.388671875,0.23112867463928954,0.23112867463625802
2,256,1.55,uniform,101,0.392578125,0.23473910775568577,0.23473910775272322
2,256,1.55,uniform,102,0.396484375,0.23836935386351377,0.2383693538606208
2,256,1.55,uniform,103,0.400390625,0.24201932488062983,0.24201932487780828
2,256,1.55,uniform,104,0.404296875,0.2456889339743589,0.24568893397159797
2,256,1.55,uniform,105,0.408203125,0.24937809553179985,0.2493780955290996
2,256,1.55,uniform,106,0.412109375,0.25308672513118097,0.2530867251285449
2,256,1.55,uniform,107,0.416015625,0.2568147395141316,0.25681473951155226
2,256,1.55,uniform,108,0.419921875,0.26056205655881526,0.2605620565562922
2,256,1.55,uniform,109,0.423828125,0.2643285952539835,0.26432859525151675
2,256,1.55,uniform,110,0.427734375,0.2681142756738358,0.2681142756714161
2,256,1.55,uniform,111,0.431640625,0.27191901895363124,0.2719190189512702
2,256,1.55,uniform,112,0.435546875,0.2757427472661774,0.27574274726386205
2,256,1.55,uniform,113,0.439453125,0.27958538379888753,0.2795853837966229
2,256,1.55,uniform,114,0.443359375,0.2834468527317025,0.2834468527294799
2,256,1.55,uniform,115,0.447265625,0.28732707921555306,0.28732707921337897
2,256,1.55,uniform,116,0.451171875,0.29122598935157956,0.2912259893494563
2,256,1.55,uniform,117,0.455078125,0.2951435101709222,0.2951435101688338
2,256,1.55,uniform,118,0.458984375,0.299079569615061,0.2990795696130135
2,256,1.55,uniform,119,0.462890625,0.30303409651685936,0.30303409651485047
2,256,1.55,uniform,120,0.466796875,0.3070070205820418,0.3070070205800794
2,256,1.55,uniform,121,0.470703125,0.3109982723713024,0.3109982723693769
2,256,1.55,uniform,122,0.474609375,0.31500778328282786,0.31500778328093815
2,256,1.55,uniform,123,0.478515625,0.31903548553540334,0.3190354855335495
2,256,1.55,uniform,124,0.482421875,0.32308131215196345,0.3230813121501388
2,256,1.55,uniform,125,0.486328125,0.32714519694357136,0.32714519694178656
2,256,1.55,uniform,126,0.490234375,0.3312270744939341,0.3312270744921811
2,256,1.55,uniform,127,0.494140625,0.33532688014421896,0.33532688014250156
2,256,1.55,uniform,128,0.498046875,0.33944454997840773,0.3394445499767149
2,256,1.55,uniform,129,0.501953125,0.3435800208089303,0.3435800208072711
2,256,1.55,uniform,130,0.505859375,0.3477332301628088,0.34773323016118324
2,256,1.55,uniform,131,0.509765625,0.3519041162680843,0.3519041162664794
2,256,1.55,uniform,132,0.513671875,0.35609261804058456,0.3560926180390137
2,256,1.55,uniform,133,0.517578125,0.36029867507117164,0.3602986750696236
2,256,1.55,uniform,134,0.521484375,0.36452222761314257,0.36452222761162273
2,256,1.55,uniform,135,0.525390625,0.3687632165701095,0.36876321656861755
2,256,1.55,uniform,136,0.529296875,0.37302158348410686,0.37302158348263686
2,256,1.55,uniform,137,0.533203125,0.37729727052400447,0.3772972705225648
2,256,1.55,uniform,138,0.537109375,0.3815902204742894,0.38159022047286595
2,256,1.55,uniform,139,0.541015625,0.38590037672398864,0.3859003767225949
2,256,1.55,uniform,140,0.544921875,0.39022768325605184,0.3902276832546794
2,256,1.55,uniform,141,0.548828125,0.3945720846368239,0.39457208463546917
2,256,1.55,uniform,142,0.552734375,0.39893352600586873,0.3989335260045424
2,256,1.55,uniform,143,0.556640625,0.403311953066075,0.40331195306476053
2,256,1.55,uniform,144,0.560546875,0.40770731207385486,0.4077073120725649
2,256,1.55,uniform,145,0.564453125,0.41211954982977844,0.4121195498285067
2,256,1.55,uniform,146,0.568359375,0.41654861366924817,0.4165486136680039
2,256,1.55,uniform,147,0.572265625,0.4209944514535513,0.4209944514523173
2,256,1.55,uniform,148,0.576171875,0.42545701156094384,0.4254570115597398
2,256,1.55,uniform,149,0.580078125,0.4299362428781905,0.4299362428769922
2,256,1.55,uniform,150,0.583984375,0.4344320947919981,0.434432094790819
2,256,1.55,uniform,151,0.587890625,0.43894451718093336,0.4389445171797786
2,256,1.55,uniform,152,0.591796875,0.44347346040736263,0.4434734604062224
2,256,1.55,uniform,153,0.595703125,0.44801887530958096,0.4480188753084562
2,256,1.55,uniform,154,0.599609375,0.4525807131941887,0.4525807131930801
2,256,1.55,uniform,155,0.603515625,0.4571589258285945,0.4571589258275
2,256,1.55,uniform,156,0.607421875,0.4617534654336817,0.4617534654326076
2,256,1.55,uniform,157,0.611328125,0.4663642846766858,0.4663642846756219
2,256,1.55,uniform,158,0.615234375,0.470991336664143,0.47099133666309007
2,256,1.55,uniform,159,0.619140625,0.4756345749350646,0.4756345749340409
2,256,1.55,uniform,160,0.623046875,0.4802939534543077,0.4802939534532882
2,256,1.55,uniform,161,0.626953125,0.4849694266058896,0.4849694266048788
2,256,1.55,uniform,162,0.630859375,0.48966094918666847,0.4896609491856821
2,256,1.55,uniform,163,0.634765625,0.4943684764000931,0.4943684763991164
2,256,1.55,uniform,164,0.638671875,0.4990919638499786,0.499091963849009
2,256,1.55,uniform,165,0.642578125,0.5038313675345434,0.5038313675335856
2,256,1.55,uniform,166,0.646484375,0.5085866438405158,0.5085866438395868
2,256,1.55,uniform,167,0.650390625,0.5133577495374368,0.5133577495365065
2,256,1.55,uniform,168,0.654296875,0.5181446417718791,0.5181446417709503
2,256,1.55,uniform,169,0.658203125,0.5229472780620102,0.5229472780611107
2,256,1.55,uniform,170,0.662109375,0.52776561629224,0.5277656162913551
2,256,1.55,uniform,171,0.666015625,0.5325996147078179,0.5325996147069239
2,256,1.55,uniform,172,0.669921875,0.5374492319095969,0.5374492319087368
2,256,1.55,uniform,173,0.673828125,0.5423144268491682,0.5423144268483037
2,256,1.55,uniform,174,0.677734375,0.5471951588235964,0.5471951588227361
2,256,1.55,uniform,175,0.681640625,0.5520913874707002,0.5520913874698602
2,256,1.55,uniform,176,0.685546875,0.5570030727642568,0.557003072763425
2,256,1.55,uniform,177,0.689453125,0.5619301750092244,0.5619301750084051
2,256,1.55,uniform,178,0.693359375,0.5668726548372058,0.5668726548363965
2,256,1.55,uniform,179,0.697265625,0.5718304732019095,0.5718304732010999
2,256,1.55,uniform,180,0.701171875,0.5768035913746848,0.576803591373894
2,256,1.55,uniform,181,0.705078125,0.5817919709402807,0.5817919709394921
2,256,1.55,uniform,182,0.708984375,0.5867955737924417,0.5867955737916825
2,256,1.55,uniform,183,0.712890625,0.5918143621299259,0.59181436212915
2,256,1.55,uniform,184,0.716796875,0.596848298452137,0.5968482984513769
2,256,1.55,uniform,185,0.720703125,0.6018973455553602,0.6018973455546204
2,256,1.55,uniform,186,0.724609375,0.6069614665286998,0.6069614665279657
2,256,1.55,uniform,187,0.728515625,0.6120406247501805,0.6120406247494526
2,256,1.55,uniform,188,0.732421875,0.6171347838829904,0.6171347838822746
2,256,1.55,uniform,189,0.736328125,0.6222439078717648,0.6222439078710462
2,256,1.55,uniform,190,0.740234375,0.6273679609388421,0.6273679609381406
2,256,1.55,uniform,191,0.744140625,0.6325069075807935,0.6325069075800929
2,256,1.55,uniform,192,0.748046875,0.6376607125647514,0.6376607125640693
2,256,1.55,uniform,193,0.751953125,0.6428293409250813,0.6428293409243994
2,256,1.55,uniform,194,0.755859375,0.648012757959843,0.648012757959171
2,256,1.55,uniform,195,0.759765625,0.6532109292275465,0.6532109292268862
2,256,1.55,uniform,196,0.763671875,0.6584238205438508,0.6584238205431755
2,256,1.55,uniform,197,0.767578125,0.6636513979782062,0.6636513979775718
2,256,1.55,uniform,198,0.771484375,0.6688936278509938,0.6688936278503393
2,256,1.55,uniform,199,0.775390625,0.6741504767299896,0.67415047672936
2,256,1.55,uniform,200,0.779296875,0.679421911427703,0.6794219114270718
2,256,1.55,uniform,201,0.783203125,0.6847078989980889,0.6847078989974615
2,256,1.55,uniform,202,0.787109375,0.6900084067337132,0.6900084067331099
2,256,1.55,uniform,203,0.791015625,0.6953234021628999,0.6953234021622855
2,256,1.55,uniform,204,0.794921875,0.7006528530466829,0.7006528530460896
2,256,1.55,uniform,205,0.798828125,0.7059967273762608,0.7059967273756494
2,256,1.55,uniform,206,0.802734375,0.7113549933699418,0.7113549933693587
2,256,1.55,uniform,207,0.806640625,0.7167276194707591,0.7167276194701636
2,256,1.55,uniform,208,0.810546875,0.722114574343476,0.7221145743428963
2,256,1.55,uniform,209,0.814453125,0.727515826872223,0.7275158268716501
2,256,1.55,uniform,210,0.818359375,0.7329313461577724,0.7329313461572009
2,256,1.55,uniform,211,0.822265625,0.7383611015150182,0.738361101514469
2,256,1.55,uniform,212,0.826171875,0.7438050624705858,0.7438050624700236
2,256,1.55,uniform,213,0.830078125,0.7492631987601701,0.7492631987596279
2,256,1.55,uniform,214,0.833984375,0.7547354803263795,0.7547354803258239
2,256,1.55,uniform,215,0.837890625,0.7602218773160825,0.7602218773155567
2,256,1.55,uniform,216,0.841796875,0.7657223600783696,0.7657223600778365
2,256,1.55,uniform,217,0.845703125,0.7712368991619645,0.7712368991614384
2,256,1.55,uniform,218,0.849609375,0.7767654653131657,0.7767654653126392
2,256,1.55,uniform,219,0.853515625,0.7823080294735076,0.7823080294729894
2,256,1.55,uniform,220,0.857421875,0.7878645627776286,0.787864562777121
2,256,1.55,uniform,221,0.861328125,0.7934350365510846,0.79343503655059
2,256,1.55,uniform,222,0.865234375,0.799019422308259,0.7990194223077514
2,256,1.55,uniform,223,0.869140625,0.8046176917501654,0.8046176917496694
2,256,1.55,uniform,224,0.873046875,0.8102298167625664,0.8102298167620581
2,256,1.55,uniform,225,0.876953125,0.8158557694137324,0.8158557694132552
2,256,1.55,uniform,226,0.880859375,0.8214955219527006,0.8214955219522266
2,256,1.55,uniform,227,0.884765625,0.8271490468070781,0.8271490468066015
2,256,1.55,uniform,228,0.888671875,0.8328163165812077,0.8328163165807368
2,256,1.55,uniform,229,0.892578125,0.8384973040543073,0.8384973040538126
2,256,1.55,uniform,230,0.896484375,0.8441919821784026,0.8441919821779549
2,256,1.55,uniform,231,0.900390625,0.8499003240768479,0.8499003240763866
2,256,1.55,uniform,232,0.904296875,0.8556223030420685,0.8556223030416079
2,256,1.55,uniform,233,0.908203125,0.8613578925340494,0.8613578925336016
2,256,1.55,uniform,234,0.912109375,0.8671070661785202,0.8671070661780667
2,256,1.55,uniform,235,0.916015625,0.8728697977651316,0.8728697977646769
2,256,1.55,uniform,236,0.919921875,0.8786460612458008,0.8786460612453666
2,256,1.55,uniform,237,0.923828125,0.884435830733095,0.8844358307326393
2,256,1.55,uniform,238,0.927734375,0.8902390804983342,0.8902390804979037
2,256,1.55,uniform,239,0.931640625,0.8960557849702732,0.8960557849698313
2,256,1.55,uniform,240,0.935546875,0.9018859187331575,0.90188591873274
2,256,1.55,uniform,241,0.939453125,0.9077294565254287,0.9077294565249995
2,256,1.55,uniform,242,0.943359375,0.9135863732378925,0.9135863732374602
2,256,1.55,uniform,243,0.947265625,0.9194566439123293,0.9194566439119046
2,256,1.55,uniform,244,0.951171875,0.9253402437399135,0.925340243739521
2,256,1.55,uniform,245,0.955078125,0.9312371480598348,0.9312371480593975
2,256,1.55,uniform,246,0.958984375,0.9371473323574431,0.9371473323570397
2,256,1.55,uniform,247,0.962890625,0.9430707722633154,0.9430707722629068
2,256,1.55,uniform,248,0.966796875,0.9490074435513759,0.9490074435509694
2,256,1.55,uniform,249,0.970703125,0.9549573221376939,0.9549573221372877
2,256,1.55,uniform,250,0.974609375,0.9609203840789997,0.9609203840786088
2,256,1.55,uniform,251,0.978515625,0.9668966055713835,0.9668966055709836
2,256,1.55,uniform,252,0.982421875,0.9728859629487937,0.9728859629484029
2,256,1.55,uniform,253,0.986328125,0.9788884326818473,0.9788884326814523
2,256,1.55,uniform,254,0.990234375,0.9849039913763666,0.984903991375985
2,256,1.55,uniform,255,0.994140625,0.9909326157722417,0.9909326157718136
2,256,1.55,uniform,256,0.998046875,0.9969742827416477,0.9969742827414185
2,256,1.55,uniform,257,1.0,1.0000000000000873,1.0
2,256,1.55,positional,0,0.0,0.0,0.0
2,256,1.55,positional,1,1.153732914962433e-06,6.241454386459805e-10,6.255516708034314e-10
2,256,1.55,positional,2,3.461198744826194e-06,3.43758865813267e-09,3.4340066607497745e-09
2,256,1.55,positional,3,5.7686645746091225e-06,7.579453481762003e-09,7.57995618224473e-09
2,256,1.55,positional,4,8.076130404370086e-06,1.2769548703822151e-08,1.2769242961082024e-08
2,256,1.55,positional,5,1.0383596234144031e-05,1.8851207618909787e-08,1.8851203339704856e-08
2,256,1.55,positional,6,1.2691062064001285e-05,2.5728987074538434e-08,2.572893740343445e-08
2,256,1.55,positional,7,1.4998527894243017e-05,3.333309475543557e-08,3.333307538201187e-08
2,256,1.55,positional,8,1.7305993726547143e-05,4.1610681875974814e-08,4.161066341912489e-08
2,256,1.55,positional,9,1.9613459578785947e-05,5.051950542055938e-08,5.051949694696885e-08
2,256,1.55,positional,10,2.1920926628305794e-05,6.002490309173523e-08,6.002488104716085e-08
2,256,1.55,positional,11,2.4229394418467594e-05,7.010204956680218e-08,7.010209022656462e-08
2,256,1.55,positional,12,2.7023929002055715e-05,8.302517839375055e-08,8.30252441558683e-08
2,256,1.55,positional,13,4.1237244184522874e-05,1.5967975800714671e-07,1.5984495487022715e-07
2,256,1.55,positional,14,9.392696712055639e-05,5.723470633189199e-07,5.725652203727081e-07
2,256,1.55,positional,15,0.0001959218386970182,1.789504580644106e-06,1.7894864500989118e-06
2,256,1.55,positional,16,0.00033415241297264994,4.09374088191077e-06,4.093682274426049e-06
2,256,1.55,positional,17,0.0004982903492535902,7.60501349804642e-06,7.604975823236449e-06
2,256,1.55,positional,18,0.0006844377301945659,1.243851157042404e-05,1.2438488548735692e-05
2,256,1.55,positional,19,0.0008917010077616852,1.874304481914944e-05,1.87430321040622e-05
2,256,1.55,positional,20,0.001120257958261306,2.6695807980069397e-05,2.669580114281053e-05
2,256,1.55,positional,21,0.0013705535567589686,3.6491259842732183e-05,3.6491256452475196e-05
2,256,1.55,positional,22,0.0016429918184773286,4.8332013133020215e-05,4.833201162266426e-05
2,256,1.55,positional,23,0.001937837145604656,6.242258972344637e-05,6.242258918531999e-05
2,256,1.55,positional,24,0.00225520478423372,7.896566116947233e-05,7.896566107327072e-05
2,256,1.55,positional,25,0.0025950867528389057,9.816019554645144e-05,9.816019560547437e-05
2,256,1.55,positional,26,0.002957388029363954,0.00012020094477996433,0.00012020094485307804
2,256,1.55,positional,27,0.003341961290390361,0.0001452787831171778,0.00014527878314904693
2,256,1.55,positional,28,0.0037486354328231386,0.00017358151287041347,0.0001735815128525422
2,256,1.55,positional,29,0.004177236697170169,0.0002052948625047828,0.00020529486245170344
2,256,1.55,positional,30,0.004627602937932122,0.0002406034978295725,0.000240603497764689
2,256,1.55,positional,31,0.005099592269823615,0.000279691941722549,0.00027969194167029246
2,256,1.55,positional,32,0.005593087449119849,0.0003227453508823055,0.00032274535086417787
2,256,1.55,positional,33,0.0061079972197830784,0.0003699501327973851,0.0003699501328303322
2,256,1.55,positional,34,0.006644255629028307,0.0004214944069227121,0.0004214944070187991
2,256,1.55,positional,35,0.007201820081551262,0.0004775683252067299,0.0004775683253734961
2,256,1.55,positional,36,0.007780668693611035,0.0005383642720213384,0.0005383642722624502
2,256,1.55,positional,37,0.008380797339800551,0.0006040769646822358,0.0006040769649982296
2,256,1.55,positional,38,0.009002216656385257,0.0006749034747796044,0.0006749034751686089
2,256,1.55,positional,39,0.009644949170096898,0.0007510431885327191,0.0007510431889910858
2,256,1.55,positional,40,0.010309026653405919,0.0008326977219790377,0.0008326977225018921
2,256,1.55,positional,41,0.010994487760107037,0.0009200708043729582,0.000920070804954642
2,256,1.55,positional,42,0.011701375963114994,0.0010133681408908705,0.0010133681415252882
2,256,1.55,positional,43,0.012429737795411754,0.0011127972637025726,0.0011127972643834826
2,256,1.55,positional,44,0.013179621381885935,0.0012185673786997842,0.0012185673794210077
2,256,1.55,positional,45,0.013951075241986589,0.0013308892136634314,0.0013308892144189759
2,256,1.55,positional,46,0.014744147338966358,0.001449974872380871,0.001449974873165091
2,256,1.55,positional,47,0.015558884349798406,0.0015760376981649733,0.0015760376989725979
2,256,1.55,positional,48,0.01639533112976533,0.0017092921493489068,0.0017092921501751328
2,256,1.55,positional,49,0.017253530346644525,0.0018499536886092207,0.001849953689449697
2,256,1.55,positional,50,0.018133522260947145,0.0019982386873787206,0.0019982386882295856
2,256,1.55,positional,51,0.01903534463053052,0.002154364346131602,0.0021543643469894664
2,256,1.55,positional,52,0.01995903271991159,0.0023185486309361732,0.0023185486317981443
2,256,1.55,positional,53,0.020904619396640164,0.0024910102263621843,0.0024910102272257717
2,256,1.55,positional,54,0.021872135299067265,0.0026719685045854427,0.002671968505448621
2,256,1.55,positional,55,0.0228616090617179,0.0028616435103441286,0.0028616435112052492
2,256,1.55,positional,56,0.02387306758622159,0.0030602559612560357,0.003060255962113848
2,256,1.55,positional,57,0.024906536347354596,0.003268027262900595,0.0032680272637541506
2,256,1.55,positional,58,0.02596203972520094,0.0034851795379932824,0.0034851795388419803
2,256,1.55,positional,59,0.02703960135574622,0.003711935668931179,0.0037119356697747213
2,256,1.55,positional,60,0.028139244493385764,0.003948519352958984,0.003948519353797287
2,256,1.55,positional,61,0.02926099237986392,0.004195155169193116,0.004195155170026338
2,256,1.55,positional,62,0.030404868615074205,0.004452068656743801,0.004452068657572355
2,256,1.55,positional,63,0.03157089752595085,0.0047194864031875235,0.0047194864040119135
2,256,1.55,positional,64,0.032759104530380695,0.004997636142662676,0.0049976361434836535
2,256,1.55,positional,65,0.03396951649367032,0.005286746862890615,0.005286746863709044
2,256,1.55,positional,66,0.03520216207562729,0.005587048920454754,0.005587048921271562
2,256,1.55,positional,67,0.03645707206676316,0.00589877416370721,0.005898774164523587
2,256,1.55,positional,68,0.0377342797125107,0.006222156062711578,0.006222156063528624
2,256,1.55,positional,69,0.039033821024673385,0.006557429845666682,0.006557429846485684
2,256,1.55,positional,70,0.04035573507960072,0.006904832641300575,0.006904832642122836
2,256,1.55,positional,71,0.04170006430281342,0.007264603626759886,0.007264603627586724
2,256,1.55,positional,72,0.043066854739994165,0.007636984180561419,0.007636984181394294
2,256,1.55,positional,73,0.04445615631441745,0.008022218040211096,0.008022218041051429
2,256,1.55,positional,74,0.045868023071020406,0.008420551464131062,0.008420551464980304
2,256,1.55,positional,75,0.04730251340741962,0.00883223339757355,0.008832233398433078
2,256,1.55,positional,76,0.048759690292260266,0.00925751564223212,0.009257515643103571
2,256,1.55,positional,77,0.05023962147134628,0.009696653029296147,0.009696653030180913
2,256,1.55,positional,78,0.05174237966204712,0.010149903595719947,0.010149903596619573
2,256,1.55,positional,79,0.05326804273650923,0.010617528763512855,0.010617528764428803
2,256,1.55,positional,80,0.05481669389422189,0.01109979352187723,0.01109979352281102
2,256,1.55,positional,81,0.05638842182449838,0.011596966612050367,0.011596966613003424
2,256,1.55,positional,82,0.05798332085943679,0.012109320714725943,0.012109320715699768
2,256,1.55,positional,83,0.059601491117920596,0.012637132639953787,0.012637132640949894
2,256,1.55,positional,84,0.06124303864120978,0.013180683519433689,0.013180683520453535
2,256,1.55,positional,85,0.06290807552065819,0.013740259001136625,0.013740259002181603
2,256,1.55,positional,86,0.0645967200180741,0.014316149446201512,0.014316149447273172
2,256,1.55,positional,87,0.06630909667921886,0.014908650128069594,0.014908650129169409
2,256,1.55,positional,88,0.06804533644091307,0.015518061433827666,0.015518061434956812
2,256,1.55,positional,89,0.06980557673219201,0.016144689067741316,0.016144689068901326
2,256,1.55,positional,90,0.07158996156992319,0.016788844256970276,0.016788844258162502
2,256,1.55,positional,91,0.07339864164926677,0.017450843959456393,0.017450843960682225
2,256,1.55,positional,92,0.07523177442932802,0.01813101107398553,0.018131011075246443
2,256,1.55,positional,93,0.07708952421431702,0.018829674652423002,0.018829674653720326
2,256,1.55,positional,94,0.07897206223049633,0.019547170114122544,0.019547170115457264
2,256,1.55,positional,95,0.08087956669916302,0.02028383946250699,0.02028383946388078
2,256,1.55,positional,96,0.08281222290587553,0.02104003150382094,0.021040031505234966
2,256,1.55,positional,97,0.08477022326610056,0.021816102068038554,0.021816102069494168
2,256,1.55,positional,98,0.08675376738741958,0.022612414231917337,0.022612414233415846
2,256,1.55,positional,99,0.08876306212839886,0.023429338544169724,0.023429338545712483
2,256,1.55,positional,100,0.09079832165419197,0.024267253252720077,0.024267253254308382
2,256,1.55,positional,101,0.09285976748890849,0.025126544534000688,0.02512654453563603
2,256,1.55,positional,102,0.09494762856474909,0.026007606724230435,0.026007606725913943
2,256,1.55,positional,103,0.09706214126787308,0.02691084255260071,0.02691084255433384
2,256,1.55,positional,104,0.09920354948093271,0.027836663376285858,0.027836663378069653
2,256,1.55,positional,105,0.10137210462217677,0.028785489417168512,0.028785489419004506
2,256,1.55,positional,106,0.10356806568099666,0.02975775000016539,0.029757750002054436
2,256,1.55,positional,107,0.10579169924975895,0.0307538837930046,0.030753883794948974
2,256,1.55,positional,108,0.10804327955174257,0.0317743390473101,0.03177433904931004
2,256,1.55,positional,109,0.11032308846497345,0.03281957384079312,0.03281957384285059
2,256,1.55,positional,110,0.11263141554172695,0.033890056320378434,0.03389005632249448
2,256,1.55,positional,111,0.11496855802344805,0.03498626494602237,0.03498626494819857
2,256,1.55,positional,112,0.1173348208508211,0.03610868873500021,0.03610868873723769
2,256,1.55,positional,113,0.11973051666870618,0.03725782750639255,0.037257827508692526
2,256,1.55,positional,114,0.12215596582564561,0.038434192125496515,0.038434192127860575
2,256,1.55,positional,115,0.12461149636763555,0.03963830474786146,0.0396383047502905
2,256,1.55,positional,116,0.12709744402585038,0.040870699062626706,0.04087069906512146
2,256,1.55,positional,117,0.12961415219800446,0.04213192053482768,0.04213192053739062
2,256,1.55,positional,118,0.13216197192303564,0.0434225266463233,0.04342252664895547
2,256,1.55,positional,119,0.13474126184879798,0.0447430871349588,0.04474308713766128
2,256,1.55,positional,120,0.13735238819245754,0.04609418423159542,0.04609418423437007
2,256,1.55,positional,121,0.13999572469329613,0.04747641289460792,0.047476412897455085
2,256,1.55,positional,122,0.14267165255763883,0.04889038104143068,0.04889038104435299
2,256,1.55,positional,123,0.14538056039564046,0.05033670977675989,0.05033670977975809
2,256,1.55,positional,124,0.14812284414968438,0.05181603361696085,0.05181603362003577
2,256,1.55,positional,125,0.1508989070141701,0.053329000710274424,0.05332900071342739
2,256,1.55,positional,126,0.15370915934649354,0.05487627305238558,0.05487627305561762
2,256,1.55,positional,127,0.15655401856905132,0.05645852669692119,0.05645852670023473
2,256,1.55,positional,128,0.15943390906213345,0.05807645196046263,0.058076451963857786
2,256,1.55,positional,129,0.16234926204760203,0.05973075362163203,0.05973075362510968
2,256,1.55,positional,130,0.1653005154632911,0.06142215111386112,0.061422151117423794
2,256,1.55,positional,131,0.16828811382810127,0.06315137871143522,0.0631513787150826
2,256,1.55,positional,132,0.17131250809780166,0.0649191857084055,0.06491918571213941
2,256,1.55,positional,133,0.1743741555115959,0.06672633659003051,0.06672633659385184
2,256,1.55,positional,134,0.17747351942955014,0.06857361119636364,0.06857361120027346
2,256,1.55,positional,135,0.1806110691610252,0.07046180487767145,0.07046180488167145
2,256,1.55,positional,136,0.1837872797842996,0.07239172864137197,0.07239172864546203
2,256,1.55,positional,137,0.18700263195761407,0.07436420929020035,0.07436420929438109
2,256,1.55,positional,138,0.1902576117219129,0.0763800895513618,0.07638008955563567
2,256,1.55,positional,139,0.19355271029560045,0.0784402281964457,0.07844022820081237
2,256,1.55,positional,140,0.196888423861674,0.08054550015188919,0.08054550015634976
2,256,1.55,positional,141,0.20026525334763612,0.08269679659986165,0.08269679660441676
2,256,1.55,positional,142,0.2036837041986283,0.0848950250694221,0.08489502507407239
2,256,1.55,positional,143,0.20714428614426647,0.08714110951787239,0.08714110952261953
2,256,1.55,positional,144,0.21064751295969447,0.0894359904022573,0.0894359904071019
2,256,1.55,positional,145,0.21419390222140416,0.0917806247409893,0.09178062474593116
2,256,1.55,positional,146,0.21778397505840213,0.0941759861656294,0.0941759861706694
2,256,1.55,positional,147,0.22141825589932912,0.09662306496289412,0.09662306496803057
2,256,1.55,positional,148,0.2250972722161637,0.09912286810696705,0.09912286811220274
2,256,1.55,positional,149,0.22882155426516143,0.10167641928229801,0.10167641928763106
2,256,1.55,positional,150,0.23259163482569825,0.10428475889700736,0.1042847589024387
2,256,1.55,positional,151,0.2364080489377006,0.10694894408716892,0.10694894409269964
2,256,1.55,positional,152,0.24027133363835407,0.10967004871218446,0.10967004871781291
2,256,1.55,positional,153,0.2441820276987885,0.11244916334153399,0.11244916334726192
2,256,1.55,positional,154,0.24814067136143908,0.11528739523324899,0.11528739523907507
2,256,1.55,positional,155,0.25214780607878207,0.11818586830441194,0.11818586831033588
2,256,1.55,positional,156,0.2562039742541372,0.12114572309409509,0.12114572310011877
2,256,1.55,positional,157,0.2603097189852204,0.12416811671913361,0.12416811672525475
2,256,1.55,positional,158,0.2644655838111156,0.12725422282313414,0.12725422282935525
2,256,1.55,positional,159,0.26867211246332257,0.13040523151922878,0.13040523152554667
2,256,1.55,positional,160,0.27292984862151065,0.13362234932697095,0.13362234933338568
2,256,1.55,positional,161,0.27723933567459336,0.13690679910393264,0.13690679911044565
2,256,1.55,positional,162,0.28160111648770686,0.14025981997246892,0.14025981997907758
2,256,1.55,positional,163,0.28601573317565,0.14368266724215767,0.1436826672488626
2,256,1.55,positional,164,0.29048372688331137,0.1471766123284823,0.14717661233528154
2,256,1.55,positional,165,0.2950056375735761,0.15074294266824337,0.1507429426751352
2,256,1.55,positional,166,0.29958200382316924,0.15438296163226836,0.15438296163925222
2,256,1.55,positional,167,0.3042133626268563,0.15809798843594608,0.15809798844302425
2,256,1.55,positional,168,0.3089002492103826,0.16188935804813603,0.16188935805530535
2,256,1.55,positional,169,0.31364319685249475,0.16575842109895347,0.1657584211062114
2,256,1.55,positional,170,0.31844273671634404,0.16970654378699887,0.16970654379434638
2,256,1.55,positional,171,0.3232993976905363,0.17373510778654336,0.17373510779397816
2,256,1.55,positional,172,0.3282137062400446,0.177845510155148,0.1778455101626706
2,256,1.55,positional,173,0.33318618626716556,0.18203916324226138,0.18203916324987096
2,256,1.55,positional,174,0.3382173589826558,0.18631749459924388,0.18631749460693406
2,256,1.55,positional,175,0.3433077427871451,0.1906819468912771,0.19068194689904872
2,256,1.55,positional,176,0.3484578531628827,0.195133977811663,0.1951339778195138
2,256,1.55,positional,177,0.3536682025758353,0.19967505999885965,0.19967506000679222
2,256,1.55,positional,178,0.35893930038811406,0.2043066809567407,0.20430668096474724
2,256,1.55,positional,179,0.36427165278067497,0.20903034297835899,0.20903034298644713
2,256,1.55,positional,180,0.36966576268619844,0.21384756307373282,0.2138475630818962
2,256,1.55,positional,181,0.3751221297320213,0.21875987290179227,0.21875987291002902
2,256,1.55,positional,182,0.3806412501929627,0.22376881870696558,0.22376881871527732
2,256,1.55,positional,183,0.3862236169538533,0.2288759612606126,0.22887596126899398
2,256,1.55,positional,184,0.39186971948155125,0.23408287580753973,0.23408287581599221
2,256,1.55,positional,185,0.39758004380619805,0.23939115201790973,0.23939115202642988
2,256,1.55,positional,186,0.4033550725114471,0.2448023939446503,0.24480239395324374
2,256,1.55,positional,187,0.40919528473337163,0.25031821998665194,0.2503182199953099
2,256,1.55,positional,188,0.4151011561677409,0.25594026285775817,0.25594026286648097
2,256,1.55,positional,189,0.4210731590853325,0.26167016956183337,0.2616701695706216
2,256,1.55,positional,190,0.427111762354935,0.26750960137389296,0.26750960138274005
2,256,1.55,positional,191,0.43321743147367875,0.2734602338273754,0.273460233836285
2,256,1.55,positional,192,0.43939062860432165,0.27952375670768387,0.2795237567166524
2,256,1.55,positional,193,0.44563181261910517,0.28570187405189906,0.28570187406092196
2,256,1.55,positional,194,0.4519414391497891,0.29199630415474337,0.2919963041638166
2,256,1.55,positional,195,0.4583199606434655,0.2984087795807264,0.2984087795898577
2,256,1.55,positional,196,0.4647678264237479,0.30494104718248194,0.304941047191662
2,256,1.55,positional,197,0.47128548275692983,0.31159486812507187,0.31159486813430703
2,256,1.55,positional,198,0.47787337292270315,0.31837201791638314,0.3183720179256689
2,256,1.55,positional,199,0.48453193728902866,0.32527428644328094,0.32527428645261414
2,256,1.55,positional,200,0.49126161339075286,0.3323034780135347,0.3323034780229137
2,256,1.55,positional,201,0.49806283601156554,0.33946141140329505,0.3394614114127193
2,256,1.55,positional,202,0.5049360372689002,0.34674991990995735,0.346749919919434
2,256,1.55,positional,203,0.5118816467013814,0.35417085141026444,0.35417085141978455
2,256,1.55,positional,204,0.5189000913584324,0.36172606842332133,0.3617260684328936
2,256,1.55,positional,205,0.5259917958916618,0.3694174481785205,0.3694174481881289
2,256,1.55,positional,206,0.5331571826476565,0.3772468826878441,0.3772468826974983
2,256,1.55,positional,207,0.5403966717618179,0.38521627882264897,0.38521627883234244
2,256,1.55,positional,208,0.547710681252888,0.3933275583943314,0.39332755840406775
2,256,1.55,positional,209,0.5550996271178213,0.40158265823888123,0.4015826582486494
2,256,1.55,positional,210,0.5625639234266716,0.40998353030481516,0.40998353031462553
2,256,1.55,positional,211,0.5701039824171696,0.4185321417444461,0.4185321417542918
2,256,1.55,positional,212,0.5777202145886857,0.4272304750079248,0.42723047501780176
2,256,1.55,positional,213,0.5854130287952781,0.43608052793994884,0.4360805279498661
2,256,1.55,positional,214,0.5931828323375413,0.4450843138787862,0.4450843138887392
2,256,1.55,positional,215,0.6010300310529839,0.4542438617571932,0.4542438617671765
2,256,1.55,positional,216,0.6089550294046742,0.4635612162050198,0.4635612162150388
2,256,1.55,positional,217,0.6169582305679062,0.47303843765316705,0.47303843766321557
2,256,1.55,positional,218,0.6250400365146538,0.48267760243845786,0.48267760244853825
2,256,1.55,positional,219,0.6332008480955857,0.49248080290923346,0.4924808029193446
2,256,1.55,positional,220,0.6414410651194395,0.5024501475312139,0.5024501475413634
2,256,1.55,positional,221,0.6497610864295487,0.5125877609933951,0.5125877610035726
2,256,1.55,positional,222,0.6581613099773466,0.5228957843135013,0.5228957843236984
2,256,1.55,positional,223,0.6666421328926679,0.5333763749427691,0.5333763749530068
2,256,1.55,positional,224,0.6752039515506917,0.5440317068697831,0.5440317068800508
2,256,1.55,positional,225,0.6838471616353747,0.5548639707227354,0.5548639707330304
2,256,1.55,positional,226,0.6925721581992386,0.5658753738700938,0.5658753738804225
2,256,1.55,positional,227,0.7013793357193836,0.5770681405191898,0.5770681405295424
2,256,1.55,positional,228,0.7102690881496161,0.5884445118123143,0.5884445118226987
2,256,1.55,positional,229,0.7192418089685826,0.6000067459201871,0.6000067459306045
2,256,1.55,positional,230,0.7282978912238185,0.6117571181322535,0.6117571181427094
2,256,1.55,positional,231,0.7374377275716258,0.623697920943642,0.6236979209541218
2,256,1.55,positional,232,0.7466617103127067,0.635831464138293,0.6358314641487924
2,256,1.55,positional,233,0.7559702314234875,0.6481600748680972,0.6481600748786325
2,256,1.55,positional,234,0.765363682583079,0.660686097727686,0.6606860977382454
2,256,1.55,positional,235,0.7748424551958231,0.6734118948243675,0.6734118948349533
2,256,1.55,positional,236,0.7844069404093919,0.6863398458431964,0.6863398458538045
2,256,1.55,positional,237,0.7940575291284067,0.6994723481066123,0.6994723481172523
2,256,1.55,positional,238,0.803794612023554,0.712811816628537,0.712811816639199
2,256,1.55,positional,239,0.8136185795361881,0.726360684162418,0.7263606841731083
2,256,1.55,positional,240,0.8235298218784094,0.7401214012431792,0.7401214012538868
2,256,1.55,positional,241,0.833528729028621,0.754096436222514,0.7540964362332497
2,256,1.55,positional,242,0.8436156907225694,0.7682882752975168,0.7682882753082834
2,256,1.55,positional,243,0.853791096439884,0.7826994225321358,0.7826994225429291
2,256,1.55,positional,244,0.8640553353861347,0.7973323998712828,0.7973323998821171
2,256,1.55,positional,245,0.8744087964704328,0.8121897471474295,0.8121897471582821
2,256,1.55,positional,246,0.8848518682786094,0.8272740220791165,0.8272740220900064
2,256,1.55,positional,247,0.8953849390420054,0.8425878002616327,0.8425878002725347
2,256,1.55,positional,248,0.906008396601919,0.8581336751489759,0.8581336751599175
2,256,1.55,positional,249,0.9167226283697558,0.8739142580275928,0.8739142580385457
2,256,1.55,positional,250,0.9275280212829372,0.8899321779808821,0.8899321779918462
2,256,1.55,positional,251,0.9384249617566217,0.9061900818449072,0.9061900818559134
2,256,1.55,positional,252,0.949413835631304,0.9226906341548713,0.9226906341658667
2,256,1.55,positional,253,0.960495028116356,0.9394365170816352,0.9394365170927218
2,256,1.55,positional,254,0.9716689237295821,0.9564304303596961,0.9564304303705822
2,256,1.55,positional,255,0.9829359062328636,0.9736750912022668,0.9736750912139586
2,256,1.55,positional,256,0.9942963585639681,0.9911732342162436,0.9911732342250335
2,256,1.55,positional,257,1.0,1.0000000000001692,1.0
2,256,1.65,uniform,0,0.0,0.0,0.0
2,256,1.65,uniform,1,0.001953125,3.3810984096552054e-05,3.386137304894549e-05
2,256,1.65,uniform,2,0.005859375,0.00020764781036099582,0.00020746967884631922
2,256,1.65,uniform,3,0.009765625,0.00048193161990571606,0.0004819534256816288
2,256,1.65,uniform,4,0.013671875,0.000839700843217167,0.0008396848749567032
2,256,1.65,uniform,5,0.017578125,0.001271174107608496,0.0012711731322405816
2,256,1.65,uniform,6,0.021484375,0.001770122027915737,0.0017701191271300403
2,256,1.65,uniform,7,0.025390625,0.002331907609859003,0.0023319062997677353
2,256,1.65,uniform,8,0.029296875,0.002952944646643232,0.0029529435295053644
2,256,1.65,uniform,9,0.033203125,0.0036303239287986807,0.0036303231463936576
2,256,1.65,uniform,10,0.037109375,0.0043616224275916885,0.004361621811419511
2,256,1.65,uniform,11,0.041015625,0.005144775654894158,0.005144775171625953
2,256,1.65,uniform,12,0.044921875,0.005977994652916519,0.005977994261650614
2,256,1.65,uniform,13,0.048828125,0.006859707521967039,0.006859707200606
2,256,1.65,uniform,14,0.052734375,0.007788517323461179,0.007788517055194732
2,256,1.65,uniform,15,0.056640625,0.0087631707132205,0.008763170486444863
2,256,1.65,uniform,16,0.060546875,0.009782534041052008,0.009782533847166269
2,256,1.65,uniform,17,0.064453125,0.010845574748629506,0.010845574581236103
2,256,1.65,uniform,18,0.068359375,0.011951346637058415,0.011951346491279864
2,256,1.65,uniform,19,0.072265625,0.013098978018339848,0.013098977890405289
2,256,1.65,uniform,20,0.076171875,0.014287662057921773,0.014287661944871643
2,256,1.65,uniform,21,0.080078125,0.01551664880935481,0.015516648708836702
2,256,1.65,uniform,22,0.083984375,0.016785238575022506,0.016785238485145
2,256,1.65,uniform,23,0.087890625,0.018092776319712386,0.01809277623893853
2,256,1.65,uniform,24,0.091796875,0.01943864692993597,0.019438646857005262
2,256,1.65,uniform,25,0.095703125,0.020822271159860347,0.020822271093729663
2,256,1.65,uniform,26,0.099609375,0.022243102140023167,0.02224310207982269
2,256,1.65,uniform,27,0.103515625,0.023700622351389405,0.023700622296388446
2,256,1.65,uniform,28,0.107421875,0.025194340987266604,0.025194340936847078
2,256,1.65,uniform,29,0.111328125,0.026723791640883624,0.026723791594519753
2,256,1.65,uniform,30,0.115234375,0.02828853026827289,0.02828853022551444
2,256,1.65,uniform,31,0.119140625,0.029888133385343393,0.02988813334580316
2,256,1.65,uniform,32,0.123046875,0.03152219646533989,0.031522196428682446
2,256,1.65,uniform,33,0.126953125,0.03319033250868504,0.03319033247461981
2,256,1.65,uniform,34,0.130859375,0.034892170761878796,0.034892170730151356
2,256,1.65,uniform,35,0.134765625,0.036627355565876395,0.03662735553626394
2,256,1.65,uniform,36,0.138671875,0.03839554531745565,0.03839554528976242
2,256,1.65,uniform,37,0.142578125,0.04019641152958207,0.04019641150363517
2,256,1.65,uniform,38,0.146484375,0.04202963797885572,0.04202963795450201
2,256,1.65,uniform,39,0.150390625,0.04389491992984233,0.043894919906945246
2,256,1.65,uniform,40,0.154296875,0.04579196342751793,0.04579196340595576
2,256,1.65,uniform,41,0.158203125,0.04772048465025963,0.04772048462992415
2,256,1.65,uniform,42,0.162109375,0.04968020931682282,0.04968020929761655
2,256,1.65,uniform,43,0.166015625,0.05167087214159243,0.05167087212342738
2,256,1.65,uniform,44,0.169921875,0.0536922163331294,0.05369221631592632
2,256,1.65,uniform,45,0.173828125,0.05574399313164642,0.0557439931153345
2,256,1.65,uniform,46,0.177734375,0.05782596138157935,0.05782596136609403
2,256,1.65,uniform,47,0.181640625,0.05993788713586767,0.05993788712114965
2,256,1.65,uniform,48,0.185546875,0.062079543288957414,0.06207954327495317
2,256,1.65,uniform,49,0.189453125,0.06425070923587933,0.06425070922254081
2,256,1.65,uniform,50,0.193359375,0.06645117055504533,0.06645117054232777
2,256,1.65,uniform,51,0.197265625,0.06868071871265888,0.06868071870052109
2,256,1.65,uniform,52,0.201171875,0.07093915078687088,0.07093915077527552
2,256,1.65,uniform,53,0.205078125,0.07322626920999956,0.07322626919891354
2,256,1.65,uniform,54,0.208984375,0.07554188152731169,0.07554188151670256
2,256,1.65,uniform,55,0.212890625,0.07788580017099594,0.07788580016083455
2,256,1.65,uniform,56,0.216796875,0.080257842248126,0.08025784223838657
2,256,1.65,uniform,57,0.220703125,0.08265782934150355,0.08265782933215979
2,256,1.65,uniform,58,0.224609375,0.0850855873223684,0.08508558731339917
2,256,1.65,uniform,59,0.228515625,0.08754094617410746,0.08754094616548959
2,256,1.65,uniform,60,0.232421875,0.09002373982609119,0.09002373981780738
2,256,1.65,uniform,61,0.236328125,0.0925338059969504,0.09253380598898055
2,256,1.65,uniform,62,0.240234375,0.09507098604654855,0.09507098603887708
2,256,1.65,uniform,63,0.244140625,0.09763512483609124,0.0976351248287008
2,256,1.65,uniform,64,0.248046875,0.10022607059575073,0.1002260705886272
2,256,1.65,uniform,65,0.251953125,0.10284367479932968,0.10284367479245976
2,256,1.65,uniform,66,0.255859375,0.1054877920454613,0.10548779203883109
2,256,1.65,uniform,67,0.259765625,0.10815827994491226,0.1081582799385117
2,256,1.65,uniform,68,0.263671875,0.11085499901360882,0.11085499900742479
2,256,1.65,uniform,69,0.267578125,0.11357781257097453,0.1135778125649977
2,256,1.65,uniform,70,0.271484375,0.11632658664328974,0.11632658663750904
2,256,1.65,uniform,71,0.275390625,0.11910118987171006,0.11910118986611763
2,256,1.65,uniform,72,0.279296875,0.12190149342469775,0.12190149341928275
2,256,1.65,uniform,73,0.283203125,0.1247273709145498,0.12472737090930734
2,256,1.65,uniform,74,0.287109375,0.1275786983178365,0.1275786983127556
2,256,1.65,uniform,75,0.291015625,0.13045535389943952,0.1304553538945145
2,256,1.65,uniform,76,0.294921875,0.1333572181400627,0.13335721813528562
2,256,1.65,uniform,77,0.298828125,0.13628417366694204,0.1362841736623088
2,256,1.65,uniform,78,0.302734375,0.1392361051876299,0.13923610518313265
2,256,1.65,uniform,79,0.306640625,0.14221289942662932,0.14221289942226073
2,256,1.65,uniform,80,0.310546875,0.14521444506475495,0.14521444506051284
2,256,1.65,uniform,81,0.314453125,0.14824063268107632,0.14824063267695242
2,256,1.65,uniform,82,0.318359375,0.15129135469724866,0.151291354693241
2,256,1.65,uniform,83,0.322265625,0.15436650532418617,0.1543665053202891
2,256,1.65,uniform,84,0.326171875,0.1574659805108744,0.15746598050708255
2,256,1.65,uniform,85,0.330078125,0.16058967789526085,0.1605896778915702
2,256,1.65,uniform,86,0.333984375,0.1637374967570983,0.16373749675350632
2,256,1.65,uniform,87,0.337890625,0.16690933797264695,0.1669093379691482
2,256,1.65,uniform,88,0.341796875,0.1701051039711227,0.17010510396771475
2,256,1.65,uniform,89,0.345703125,0.17332469869284237,0.173324698689519
2,256,1.65,uniform,90,0.349609375,0.17656802754892767,0.17656802754569112
2,256,1.65,uniform,91,0.353515625,0.17983499738257133,0.17983499737941475
2,256,1.65,uniform,92,0.357421875,0.18312551643168368,0.18312551642860375
2,256,1.65,uniform,93,0.361328125,0.18643949429295176,0.18643949428995016
2,256,1.65,uniform,94,0.365234375,0.18977684188721236,0.1897768418842793
2,256,1.65,uniform,95,0.369140625,0.19313747142601417,0.19313747142315021
2,256,1.65,uniform,96,0.373046875,0.1965212963794407,0.1965212963766449
2,256,1.65,uniform,97,0.376953125,0.19992823144501842,0.19992823144229077
2,256,1.65,uniform,98,0.380859375,0.2033581925177347,0.20335819251506623
2,256,1.65,uniform,99,0.384765625,0.2068110966610495,0.20681109665844022
2,256,1.65,uniform,100,0.388671875,0.21028686207894598,0.21028686207639993
2,256,1.65,uniform,101,0.392578125,0.21378540808892046,0.21378540808642377
2,256,1.65,uniform,102,0.396484375,0.2173066550957922,0.21730665509335803
2,256,1.65,uniform,103,0.400390625,0.22085052456654683,0.22085052456415855
2,256,1.65,uniform,104,0.404296875,0.2244169390057928,0.22441693900346088
2,256,1.65,uniform,105,0.408203125,0.2280058219322283,0.22800582192994343
2,256,1.65,uniform,106,0.412109375,0.23161709785568818,0.23161709785345097
2,256,1.65,uniform,107,0.416015625,0.23525069225503722,0.23525069225284678
2,256,1.65,uniform,108,0.419921875,0.23890653155670574,0.23890653155456368
2,256,1.65,uniform,109,0.423828125,0.24258454311393265,0.24258454311182556
2,256,1.65,uniform,110,0.427734375,0.24628465518656562,0.24628465518451242
2,256,1.65,uniform,111,0.431640625,0.25000679692166694,0.2500067969196433
2,256,1.65,uniform,112,0.435546875,0.2537508983344319,0.25375089833245273
2,256,1.65,uniform,113,0.439453125,0.2575168902899779,0.25751689028803737
2,256,1.65,uniform,114,0.443359375,0.2613047044854586,0.2613047044835509
2,256,1.65,uniform,115,0.447265625,0.265114273432788,0.2651142734309258
2,256,1.65,uniform,116,0.451171875,0.26894553044193586,0.26894553044010255
2,256,1.65,uniform,117,0.455078125,0.27279840960454443,0.2727984096027459
2,256,1.65,uniform,118,0.458984375,0.27667284577819656,0.27667284577643164
2,256,1.65,uniform,119,0.462890625,0.2805687745710168,0.28056877456928486
2,256,1.65,uniform,120,0.466796875,0.2844861323267525,0.2844861323250539
2,256,1.65,uniform,121,0.470703125,0.2884248561102726,0.28842485610860386
2,256,1.65,uniform,122,0.474609375,0.29238488369345916,0.29238488369181476
2,256,1.65,uniform,123,0.478515625,0.29636615354147916,0.29636615353986917
2,256,1.65,uniform,124,0.482421875,0.30036860479950334,0.30036860479791627
2,256,1.65,uniform,125,0.486328125,0.3043921772796475,0.30439217727809814
2,256,1.65,uniform,126,0.490234375,0.30843681144846496,0.30843681144692675
2,256,1.65,uniform,127,0.494140625,0.3125024484144956,0.31250244841299823
2,256,1.65,uniform,128,0.498046875,0.31658902991651533,0.3165890299150334
2,256,1.65,uniform,129,0.501953125,0.3206964983116871,0.3206964983102338
2,256,1.65,uniform,130,0.505859375,0.32482479656437413,0.3248247965629414
2,256,1.65,uniform,131,0.509765625,0.32897386823500435,0.3289738682335932
2,256,1.65,uniform,132,0.513671875,0.3331436574693368,0.33314365746795926
2,256,1.65,uniform,133,0.517578125,0.33733410898802346,0.33733410898665633
2,256,1.65,uniform,134,0.521484375,0.341545168076269,0.3415451680749267
2,256,1.65,uniform,135,0.525390625,0.34577678057399935,0.34577678057267464
2,256,1.65,uniform,136,0.529296875,0.35002889286604555,0.35002889286475114
2,256,1.65,uniform,137,0.533203125,0.3543014518727631,0.3543014518714801
2,256,1.65,uniform,138,0.537109375,0.35859440504068885,0.3585944050394167
2,256,1.65,uniform,139,0.541015625,0.3629077003335705,0.3629077003323324
2,256,1.65,uniform,140,0.544921875,0.3672412862236435,0.36724128622241775
2,256,1.65,uniform,141,0.548828125,0.37159511168290116,0.3715951116816975
2,256,1.65,uniform,142,0.552734375,0.37596912617484873,0.3759691261736507
2,256,1.65,uniform,143,0.556640625,0.3803632796461993,0.38036327964502936
2,256,1.65,uniform,144,0.560546875,0.384777522519033,0.3847775225178705
2,256,1.65,uniform,145,0.564453125,0.3892118056828319,0.3892118056816948
2,256,1.65,uniform,146,0.568359375,0.3936660804870104,0.39366608048588597
2,256,1.65,uniform,147,0.572265625,0.3981402987333616,0.3981402987322473
2,256,1.65,uniform,148,0.576171875,0.40263441266881883,0.40263441266772754
2,256,1.65,uniform,149,0.580078125,0.40714837497840217,0.4071483749773128
2,256,1.65,uniform,150,0.583984375,0.41168213877813353,0.4116821387770796
2,256,1.65,uniform,151,0.587890625,0.4162356576084662,0.4162356576074031
2,256,1.65,uniform,152,0.591796875,0.42080888542735473,0.4208088854263176
2,256,1.65,uniform,153,0.595703125,0.42540177660404405,0.4254017766030237
2,256,1.65,uniform,154,0.599609375,0.43001428591256574,0.4300142859115386
2,256,1.65,uniform,155,0.603515625,0.4346463685254742,0.4346463685244852
2,256,1.65,uniform,156,0.607421875,0.4392979800080104,0.43929798000701625
2,256,1.65,uniform,157,0.611328125,0.4439690763118412,0.4439690763108697
2,256,1.65,uniform,158,0.615234375,0.44865961376952246,0.4486596137685512
2,256,1.65,uniform,159,0.619140625,0.45336954908859056,0.45336954908764115
2,256,1.65,uniform,160,0.623046875,0.458098839346158,0.4580988393452221
2,256,1.65,uniform,161,0.626953125,0.46284744198335603,0.46284744198242306
2,256,1.65,uniform,162,0.630859375,0.46761531479999685,0.4676153147990787
2,256,1.65,uniform,163,0.634765625,0.4724024159494165,0.4724024159484987
2,256,1.65,uniform,164,0.638671875,0.47720870393324855,0.4772087039323459
2,256,1.65,uniform,165,0.642578125,0.48203413759650904,0.4820341375956191
2,256,1.65,uniform,166,0.646484375,0.486878676122615,0.48687867612173835
2,256,1.65,uniform,167,0.650390625,0.4917422790286008,0.49174227902773027
2,256,1.65,uniform,168,0.654296875,0.4966249061603678,0.4966249061595098
2,256,1.65,uniform,169,0.658203125,0.5015265176881145,0.5015265176872572
2,256,1.65,uniform,170,0.662109375,0.5064470741017348,0.5064470741008865
2,256,1.65,uniform,171,0.666015625,0.5113865362064369,0.5113865362056041
2,256,1.65,uniform,172,0.669921875,0.5163448651183837,0.516344865117555
2,256,1.65,uniform,173,0.673828125,0.5213220222603767,0.5213220222595528
2,256,1.65,uniform,174,0.677734375,0.5263179693577082,0.5263179693568957
2,256,1.65,uniform,175,0.681640625,0.5313326684340685,0.53133266843326
2,256,1.65,uniform,176,0.685546875,0.5363660818074646,0.5363660818066753
2,256,1.65,uniform,177,0.689453125,0.5414181720863627,0.5414181720855751
2,256,1.65,uniform,178,0.693359375,0.5464889021657114,0.5464889021649229
2,256,1.65,uniform,179,0.697265625,0.5515782352231792,0.5515782352224121
2,256,1.65,uniform,180,0.701171875,0.5566861347154947,0.5566861347147368
2,256,1.65,uniform,181,0.705078125,0.561812564374708,0.561812564373932
2,256,1.65,uniform,182,0.708984375,0.566957488204526,0.566957488203783
2,256,1.65,uniform,183,0.712890625,0.5721208704770407,0.5721208704762996
2,256,1.65,uniform,184,0.716796875,0.577302675728984,0.5773026757282569
2,256,1.65,uniform,185,0.720703125,0.5825028687585481,0.5825028687577979
2,256,1.65,uniform,186,0.724609375,0.5877214146218138,0.5877214146210986
2,256,1.65,uniform,187,0.728515625,0.5929582786298038,0.5929582786290934
2,256,1.65,uniform,188,0.732421875,0.598213426344969,0.5982134263442596
2,256,1.65,uniform,189,0.736328125,0.6034868235781544,0.6034868235774583
2,256,1.65,uniform,190,0.740234375,0.6087784363855424,0.6087784363848334
2,256,1.65,uniform,191,0.744140625,0.6140882310654375,0.6140882310647641
2,256,1.65,uniform,192,0.748046875,0.6194161741555663,0.6194161741548714
2,256,1.65,uniform,193,0.751953125,0.6247622324297574,0.6247622324290777
2,256,1.65,uniform,194,0.755859375,0.6301263728953896,0.6301263728947164
2,256,1.65,uniform,195,0.759765625,0.6355085627903482,0.6355085627896931
2,256,1.65,uniform,196,0.763671875,0.6409087695803585,0.6409087695796947
2,256,1.65,uniform,197,0.767578125,0.6463269609561038,0.6463269609554465
2,256,1.65,uniform,198,0.771484375,0.6517631048306508,0.6517631048300169
2,256,1.65,uniform,199,0.775390625,0.6572171693367919,0.657217169336167
2,256,1.65,uniform,200,0.779296875,0.6626891228244084,0.6626891228237458
2,256,1.65,uniform,201,0.783203125,0.6681789338577395,0.6681789338571283
2,256,1.65,uniform,202,0.787109375,0.6736865712133094,0.6736865712126973
2,256,1.65,uniform,203,0.791015625,0.6792120038769925,0.6792120038763667
2,256,1.65,uniform,204,0.794921875,0.6847552010417695,0.684755201041146
2,256,1.65,uniform,205,0.798828125,0.6903161321053481,0.6903161321047449
2,256,1.65,uniform,206,0.802734375,0.6958947666678141,0.6958947666672172
2,256,1.65,uniform,207,0.806640625,0.7014910745292464,0.7014910745286432
2,256,1.65,uniform,208,0.810546875,0.7071050256874416,0.7071050256868499
2,256,1.65,uniform,209,0.814453125,0.7127365903357394,0.7127365903351672
2,256,1.65,uniform,210,0.818359375,0.7183857388608148,0.7183857388602222
2,256,1.65,uniform,211,0.822265625,0.7240524418403392,0.7240524418397662
2,256,1.65,uniform,212,0.826171875,0.7297366700411135,0.7297366700405385
2,256,1.65,uniform,213,0.830078125,0.7354383944167406,0.7354383944161631
2,256,1.65,uniform,214,0.833984375,0.74115758610563,0.7411575861050784
2,256,1.65,uniform,215,0.837890625,0.7468942164290601,0.7468942164285006
2,256,1.65,uniform,216,0.841796875,0.7526482568889558,0.7526482568884174
2,256,1.65,uniform,217,0.845703125,0.7584196791661686,0.7584196791656138
2,256,1.65,uniform,218,0.849609375,0.7642084551182764,0.7642084551177291
2,256,1.65,uniform,219,0.853515625,0.7700145567778843,0.770014556777342
2,256,1.65,uniform,220,0.857421875,0.7758379563506241,0.7758379563500875
2,256,1.65,uniform,221,0.861328125,0.7816786262133227,0.7816786262128005
2,256,1.65,uniform,222,0.865234375,0.7875365389122156,0.7875365389116887
2,256,1.65,uniform,223,0.869140625,0.7934116671610771,0.7934116671605335
2,256,1.65,uniform,224,0.873046875,0.7993039838394044,0.7993039838389164
2,256,1.65,uniform,225,0.876953125,0.8052134619909874,0.8052134619904743
2,256,1.65,uniform,226,0.880859375,0.811140074821705,0.8111400748211789
2,256,1.65,uniform,227,0.884765625,0.8170837956981529,0.817083795697643
2,256,1.65,uniform,228,0.888671875,0.823044598145957,0.8230445981454508
2,256,1.65,uniform,229,0.892578125,0.8290224558480017,0.8290224558475143
2,256,1.65,uniform,230,0.896484375,0.8350173426429504,0.835017342642452
2,256,1.65,uniform,231,0.900390625,0.8410292325234803,0.8410292325229927
2,256,1.65,uniform,232,0.904296875,0.8470580996348855,0.8470580996344022
2,256,1.65,uniform,233,0.908203125,0.8531039182734131,0.8531039182729321
2,256,1.65,uniform,234,0.912109375,0.8591666628847944,0.8591666628842923
2,256,1.65,uniform,235,0.916015625,0.8652463080626336,0.8652463080621444
2,256,1.65,uniform,236,0.919921875,0.8713428285470812,0.8713428285466166
2,256,1.65,uniform,237,0.923828125,0.8774561992233193,0.8774561992228405
2,256,1.65,uniform,238,0.927734375,0.8835863951199654,0.883586395119508
2,256,1.65,uniform,239,0.931640625,0.8897333914079129,0.8897333914074492
2,256,1.65,uniform,240,0.935546875,0.8958971633986982,0.8958971633982298
2,256,1.65,uniform,241,0.939453125,0.9020776865432434,0.9020776865427679
2,256,1.65,uniform,242,0.943359375,0.9082749364304099,0.9082749364299711
2,256,1.65,uniform,243,0.947265625,0.9144888887858554,0.9144888887853916
2,256,1.65,uniform,244,0.951171875,0.9207195194703582,0.9207195194699002
2,256,1.65,uniform,245,0.955078125,0.9269668044788044,0.9269668044783784
2,256,1.65,uniform,246,0.958984375,0.933230719938894,0.9332307199384295
2,256,1.65,uniform,247,0.962890625,0.9395112421095335,0.9395112421091052
2,256,1.65,uniform,248,0.966796875,0.9458083473800895,0.9458083473796517
2,256,1.65,uniform,249,0.970703125,0.9521220122687318,0.9521220122682714
2,256,1.65,uniform,250,0.974609375,0.9584522134213314,0.9584522134209023
2,256,1.65,uniform,251,0.978515625,0.9647989276104391,0.9647989276100124
2,256,1.65,uniform,252,0.982421875,0.9711621317338349,0.9711621317334121
2,256,1.65,uniform,253,0.986328125,0.9775418028134981,0.9775418028130809
2,256,1.65,uniform,254,0.990234375,0.983937917994429,0.9839379179940105
2,256,1.65,uniform,255,0.994140625,0.9903504545434967,0.9903504545430628
2,256,1.65,uniform,256,0.998046875,0.9967793898481726,0.9967793898478432
2,256,1.65,uniform,257,1.0,1.0000000000001503,1.0
2,256,1.65,positional,0,0.0,0.0,0.0
2,256,1.65,positional,1,1.7978180237919021e-06,3.3089013304685205e-10,3.313831750001345e-10
2,256,1.65,positional,2,5.393454071323668e-06,2.032137961544699e-09,2.030394951553746e-09
2,256,1.65,positional,3,8.989090118795247e-06,4.716408367882193e-09,4.716620798834609e-09
2,256,1.65,positional,4,1.2584726166284251e-05,8.217700088863168e-09,8.217547452995482e-09
2,256,1.65,positional,5,1.6180362213965216e-05,1.2440315689661942e-08,1.2440292598912004e-08
2,256,1.65,positional,6,1.977599826297446e-05,1.7323188403078193e-08,1.7323210600195274e-08
2,256,1.65,positional,7,2.3371634326204614e-05,2.2821323240091178e-08,2.282112167233678e-08
2,256,1.65,positional,8,2.69672714163413e-05,2.8898189704648644e-08,2.8898883232601354e-08
2,256,1.65,positional,9,3.056465207350229e-05,3.5534020149620296e-08,3.553138227475164e-08
2,256,1.65,positional,10,3.584106796505592e-05,4.6192621449978653e-08,4.6209211108911336e-08
2,256,1.65,positional,11,7.148043388843133e-05,1.4419476773504117e-07,1.4434736054945847e-07
2,256,1.65,positional,12,0.00017259995015401385,6.180889371983587e-07,6.181830583790541e-07
2,256,1.65,positional,13,0.00033115138967073894,1.8115883145570518e-06,1.8115230321292253e-06
2,256,1.65,positional,14,0.0005248135577345323,3.872672713844444e-06,3.87265068893316e-06
2,256,1.65,positional,15,0.0007462921356910933,6.923099640807779e-06,6.92308442030784e-06
2,256,1.65,positional,16,0.0009948213634280033,1.1124476431595897e-05,1.1124472325799233e-05
2,256,1.65,positional,17,0.0012714416808402432,1.667589411233924e-05,1.6675894291002632e-05
2,256,1.65,positional,18,0.0015774282401331214,2.3802183873149633e-05,2.3802186793525235e-05
2,256,1.65,positional,19,0.0019137872309795776,3.274345278192066e-05,3.2743456787745265e-05
2,256,1.65,positional,20,0.0022811318211967513,4.374698113842068e-05,4.374698545017036e-05
2,256,1.65,positional,21,0.0026797067250153342,5.706160166696064e-05,5.7061605796524206e-05
2,256,1.65,positional,22,0.0031094676741972964,7.293432268634894e-05,7.293432641120124e-05
2,256,1.65,positional,23,0.0035701717696555,9.160876297191406e-05,9.16087662139364e-05
2,256,1.65,positional,24,0.0040614581452638335,0.00011332487788411848,0.0001133248806542498
2,256,1.65,positional,25,0.004582911226334545,0.00013831948921585972,0.00013831949156907885
2,256,1.65,positional,26,0.0051341057927590745,0.0001668272292810413,0.00016682723129000742
2,256,1.65,positional,27,0.005714636289397227,0.0001990816252405983,0.0001990816269796825
2,256,1.65,positional,28,0.006324133876815084,0.00023531615197949833,0.0002353161535165442
2,256,1.65,positional,29,0.006962274634888652,0.0002757651596001956,0.00027576516099291483
2,256,1.65,positional,30,0.007628781778226809,0.0003206646345631972,0.0003206646358583253
2,256,1.65,positional,31,0.008323424077009029,0.0003702527863929338,0.00037025278762684044
2,256,1.65,positional,32,0.009046012068141056,0.00042477047036332467,0.00042477047156328667
2,256,1.65,positional,33,0.009796393148871107,0.0004844614656118895,0.00048446146679758403
2,256,1.65,positional,34,0.010574446273506607,0.0005495726313787455,0.0005495726325637073
2,256,1.65,positional,35,0.011380076706856033,0.0006203539640283743,0.0006203539652213021
2,256,1.65,positional,36,0.012213211102877323,0.000697058575781077,0.0006970585769869669
2,256,1.65,positional,37,0.013073793052487747,0.0007799426136169215,0.0007799426148379859
2,256,1.65,positional,38,0.0139617791631747,0.0008692651341625903,0.0008692651353990127
2,256,1.65,positional,39,0.014877135681695018,0.0009652879478193588,0.0009652879490698943
2,256,1.65,positional,40,0.015819835640119417,0.0010682754430734484,0.00106827544433588
2,256,1.65,positional,41,0.016789856487958558,0.0011784943998973518,0.001178494401168866
2,256,1.65,positional,42,0.01778717816438934,0.0012962137994052855,0.0012962138006827422
2,256,1.65,positional,43,0.01881178156148365,0.0014217046354473655,0.0014217046367275034
2,256,1.65,positional,44,0.019863647329680482,0.0015552397325867711,0.0015552397338663574
2,256,1.65,positional,45,0.02094275497911546,0.0016970935738703412,0.00169709357514629
2,256,1.65,positional,46,0.02204908223390243,0.0018475421409461087,0.0018475421422155557
2,256,1.65,positional,47,0.023182604600453845,0.002006862768374018,0.0020068627696343553
2,256,1.65,positional,48,0.024343295115056653,0.002175334013395188,0.0021753340146441293
2,256,1.65,positional,49,0.025531124239959756,0.002353235541950719,0.0023532355431862624
2,256,1.65,positional,50,0.026746059881046006,0.002540848031354994,0.002540848032575473
2,256,1.65,positional,51,0.02798806750368641,0.0027384530897184203,0.0027384530909224623
2,256,1.65,positional,52,0.029257110326576158,0.0029463331919656814,0.0029463331931522726
2,256,1.65,positional,53,0.03055314957622614,0.0031647716321007565,0.0031647716332691045
2,256,1.65,positional,54,0.03187614478733957,0.0033940524912168517,0.0033940524923664847
2,256,1.65,positional,55,0.03322605413655906,0.0036344606206356244,0.003634460621766275
2,256,1.65,positional,56,0.034602834799048625,0.0038862816394733693,0.0038862816405850465
2,256,1.65,positional,57,0.03600644331910196,0.004149801945873634,0.004149801946966547
2,256,1.65,positional,58,0.037436835987467776,0.0044253087411053925,0.004425308742179884
2,256,1.65,positional,59,0.03889396921937998,0.004713090065704404,0.004713090066761066
2,256,1.65,positional,60,0.04037779992839689,0.005013434846827806,0.005013434847867321
2,256,1.65,positional,61,0.0418882858921117,0.005326632955993453,0.005326632957016706
2,256,1.65,positional,62,0.043425386106614144,0.005652975276389598,0.005652975277397412
2,256,1.65,positional,63,0.04498906112727962,0.005992753778956757,0.00599275377995025
2,256,1.65,positional,64,0.04657927339405157,0.0063462616064720425,0.0063462616074523
2,256,1.65,positional,65,0.04819598753987995,0.0067137931648901155,0.006713793165858326
2,256,1.65,positional,66,0.04983917068139617,0.007095644221230903,0.007095644222188305
2,256,1.65,positional,67,0.05150879269125285,0.00749211200733542,0.00749211200828329
2,256,1.65,positional,68,0.053204826451845946,0.007903495328847484,0.007903495329787114
2,256,1.65,positional,69,0.05492724809037479,0.008330094678814823,0.008330094679747577
2,256,1.65,positional,70,0.05667603719539037,0.008772212355340083,0.00877221235626722
2,256,1.65,positional,71,0.05845117701513982,0.009230152582747363,0.009230152583670225
2,256,1.65,positional,72,0.06025265463814128,0.009704221635768008,0.00970422163668801
2,256,1.65,positional,73,0.06208046115652325,0.010194727966283243,0.01019472796720166
2,256,1.65,positional,74,0.0639345918127395,0.01070198233219561,0.010701982333113954
2,256,1.65,positional,75,0.06581504613032928,0.011226297928038321,0.01122629792895766
2,256,1.65,positional,76,0.06772182802943513,0.01176799051695784,0.011767990517879525
2,256,1.65,positional,77,0.06965494592781996,0.01232737856374585,0.012327378564671088
2,256,1.65,positional,78,0.07161441282814351,0.012904783368617901,0.012904783369548038
2,256,1.65,positional,79,0.07360024639226823,0.013500529201473186,0.013500529202409312
2,256,1.65,positional,80,0.07561246900336532,0.014114943436391662,0.014114943437335109
2,256,1.65,positional,81,0.07765110781658852,0.014748356686158188,0.014748356687110047
2,256,1.65,positional,82,0.07971619479907283,0.015401102936622233,0.015401102937583445
2,256,1.65,positional,83,0.0818077667600022,0.01607351968073089,0.016073519681702866
2,256,1.65,positional,84,0.08392586537147256,0.01676594805209673,0.016765948053080362
2,256,1.65,positional,85,0.08607053718085692,0.017478732957976237,0.017478732958972548
2,256,1.65,positional,86,0.08824183361535645,0.018212223211566052,0.018212223212576022
2,256,1.65,positional,87,0.09043981097939761,0.018966771663534294,0.018966771664558842
2,256,1.65,positional,88,0.09266453044550868,0.019742735332726212,0.01974273533376632
2,256,1.65,positional,89,0.09491605803928242,0.02054047553599943,0.020540475537055795
2,256,1.65,positional,90,0.09719446461900247,0.021360358017155825,0.02136035801822971
2,256,1.65,positional,91,0.09949982585048181,0.02220275307495809,0.022202753076049807
2,256,1.65,positional,92,0.1018322221776314,0.023068035690216357,0.023068035691327062
2,256,1.65,positional,93,0.1041917387892458,0.02395658565196194,0.02395658565309225
2,256,1.65,positional,94,0.10657846558246095,0.024868787682709982,0.024868787683860787
2,256,1.65,positional,95,0.10899249712330733,0.025805031562840842,0.02580503156401285
2,256,1.65,positional,96,0.11143393260474882,0.02676571225412116,0.026765712255315075
2,256,1.65,positional,97,0.11390287580256502,0.027751230022397877,0.027751230023614477
2,256,1.65,positional,98,0.11639943502940167,0.02876199055949787,0.028761990560737444
2,256,1.65,positional,99,0.11892372308728036,0.029798405104363948,0.02979840510562749
2,256,1.65,positional,100,0.12147585721882602,0.030860890563467004,0.03086089056475486
2,256,1.65,positional,101,0.12405595905743763,0.031949869630515874,0.03194986963182877
2,256,1.65,positional,102,0.1266641545765947,0.033065770905500884,0.03306577090683924
2,256,1.65,positional,103,0.1293005740384603,0.034209029013085604,0.034209029014450484
2,256,1.65,positional,104,0.13196535194190945,0.03538008472037009,0.03538008472176124
2,256,1.65,positional,105,0.13465862697008119,0.03657938505402054,0.036579385055439506
2,256,1.65,positional,106,0.13738054193752253,0.03780738341678397,0.03780738341823059
2,256,1.65,positional,107,0.14013124373696406,0.039064539703351976,0.039064539704826866
2,256,1.65,positional,108,0.1429108832857392,0.040351320415573995,0.04035132041707716
2,256,1.65,positional,109,0.14571961547183304,0.04166819877696916,0.041668198778501565
2,256,1.65,positional,110,0.14855759909952312,0.043015654846504554,0.04301565484806541
2,256,1.65,positional,111,0.15142499683455068,0.04439417563156242,0.04439417563315296
2,256,1.65,positional,112,0.15432197514874169,0.045804255200047266,0.04580425520166846
2,256,1.65,positional,113,0.15724870426397725,0.0472463947915269,0.04724639479317846
2,256,1.65,positional,114,0.1602053580953977,0.048721102927313235,0.04872110292899617
2,256,1.65,positional,115,0.16319211419371032,0.05022889551938113,0.050228895521095426
2,256,1.65,positional,116,0.16620915368645933,0.0517702959779837,0.05177029597972907
2,256,1.65,positional,117,0.16925666121810798,0.0533458353178359,0.05334583531961399
2,256,1.65,positional,118,0.17233482488877616,0.05495605226272369,0.05495605226453389
2,256,1.65,positional,119,0.17544383619147366,0.056601493348357526,0.05660149335020016
2,256,1.65,positional,120,0.17858388994766797,0.0582827130233252,0.058282713025201494
2,256,1.65,positional,121,0.18175518424102716,0.06000027374795554,0.06000027374986455
2,256,1.65,positional,122,0.184957920349183,0.06175474609089904,0.06175474609284117
2,256,1.65,positional,123,0.18819230267336617,0.06354670882325532,0.0635467088252318
2,256,1.65,positional,124,0.19145853866577428,0.06537674901004001,0.06537674901205111
2,256,1.65,positional,125,0.19475683875454608,0.06724546209879487,0.06724546210083933
2,256,1.65,positional,126,0.1980874162662284,0.06915345200514324,0.06915345200722273
2,256,1.65,positional,127,0.20145048734563786,0.07110133119511303,0.07110133119722728
2,256,1.65,positional,128,0.20484627087303903,0.07308972076400437,0.07308972076615397
2,256,1.65,positional,129,0.20827498837857786,0.07511925051164216,0.07511925051382799
2,256,1.65,positional,130,0.2117368639539322,0.07719055901382194,0.07719055901604222
2,256,1.65,positional,131,0.2152321241611626,0.07930429368976816,0.0793042936920237
2,256,1.65,positional,132,0.21876099793876996,0.08146111086546975,0.0814611108677629
2,256,1.65,positional,133,0.222323716504991,0.08366167583273006,0.08366167583505779
2,256,1.65,positional,134,0.22592051325838725,0.0859066629037735,0.08590666290613959
2,256,1.65,positional,135,0.22955162367580736,0.08819675546136069,0.08819675546376216
2,256,1.65,positional,136,0.23321728520782903,0.09053264600421584,0.09053264600665525
2,256,1.65,positional,137,0.23691773717181033,0.09291503618778457,0.09291503619026015
2,256,1.65,positional,138,0.24065322064270517,0.09534463686017372,0.09534463686268613
2,256,1.65,positional,139,0.2444239783418214,0.09782216809329947,0.09782216809584805
2,256,1.65,positional,140,0.2482302545237225,0.1003483592091813,0.10034835921176649
2,256,1.65,positional,141,0.2520722948614956,0.10292394880141419,0.10292394880403545
2,256,1.65,positional,142,0.2559503463306294,0.10554968475182916,0.10554968475448595
2,256,1.65,positional,143,0.25986465709176343,0.10822632424240414,0.10822632424509734
2,256,1.65,positional,144,0.26381547637258806,0.11095463376250257,0.11095463376523243
2,256,1.65,positional,145,0.26780305434919094,0.1137353891115286,0.11373538911429755
2,256,1.65,positional,146,0.2718276420271559,0.1165693753971469,0.1165693753999505
2,256,1.65,positional,147,0.2758894911227367,0.11945738702916431,0.11945738703200597
2,256,1.65,positional,148,0.2799888539444323,0.12240022770933102,0.12240022771220858
2,256,1.65,positional,149,0.2841259832753017,0.12539871041715342,0.12539871042006814
2,256,1.65,positional,150,0.28830113225635956,0.12845365739202141,0.12845365739497278
2,256,1.65,positional,151,0.2925145542713959,0.13156590011182767,0.13156590011481623
2,256,1.65,positional,152,0.2967665028335661,0.1347362792683722,0.13473627927139598
2,256,1.65,positional,153,0.3010572314740943,0.13796564473979886,0.13796564474285725
2,256,1.65,positional,154,0.3053869936334302,0.14125485556037903,0.14125485556347522
2,256,1.65,positional,155,0.3097560425551931,0.14460477988795267,0.1446047798910832
2,256,1.65,positional,156,0.31416463118323085,0.14801629496930405,0.14801629497246993
2,256,1.65,positional,157,0.31861301206210957,0.15149028710387794,0.15149028710708093
2,256,1.65,positional,158,0.3231014372413411,0.1550276516061342,0.15502765160937082
2,256,1.65,positional,159,0.32763015818364094,0.1586292927668922,0.1586292927701629
2,256,1.65,positional,160,0.33219942567749394,0.16229612381407213,0.16229612381737932
2,256,1.65,positional,161,0.33680948975429276,0.16602906687317043,0.16602906687651353
2,256,1.65,positional,162,0.3414605996102921,0.16982905292784312,0.16982905293121825
2,256,1.65,positional,163,0.3461530035336085,0.1736970217809812,0.17369702178438817
2,256,1.65,positional,164,0.3508869488364723,0.17763392201667164,0.17763392202011496
2,256,1.65,positional,165,0.35566268179292204,0.18164071096342105,0.18164071096689438
2,256,1.65,positional,166,0.3604804475821079,0.18571835465895542,0.18571835466246084
2,256,1.65,positional,167,0.3653404902373527,0.18986782781708592,0.1898678278206236
2,256,1.65,positional,168,0.37024305260109636,0.19409011379690455,0.19409011380047259
2,256,1.65,positional,169,0.3751883762858279,0.19838620457471753,0.19838620457831566
2,256,1.65,positional,170,0.38017670164108935,0.20275710071906877,0.20275710072270245
2,256,1.65,positional,171,0.38520826772661343,0.20720381136922317,0.20720381137288071
2,256,1.65,positional,172,0.39028331229163576,0.2117273542173305,0.21172735422102115
2,256,1.65,positional,173,0.3954020717604032,0.2163287554948184,0.21632875549853678
2,256,1.65,positional,174,0.40056478122387784,0.22100904996306253,0.22100904996681042
2,256,1.65,positional,175,0.4057716744376183,0.22576928090885975,0.22576928091263215
2,256,1.65,positional,176,0.4110229838258004,0.230610500144833,0.23061050014863516
2,256,1.65,positional,177,0.41631894049132045,0.2355337680151782,0.23553376801900436
2,256,1.65,positional,178,0.4216597742319096,0.24054015340686613,0.24054015341071935
2,256,1.65,positional,179,0.4270457135621676,0.24563073376669303,0.2456307337705764
2,256,1.65,positional,180,0.4324769857414134,0.2508065951243162,0.25080659512822207
2,256,1.65,positional,181,0.4379538168072306,0.25606883212147646,0.25606883212541265
2,256,1.65,positional,182,0.4434764316145775,0.2614185480477414,0.26141854805170245
2,256,1.65,positional,183,0.44904505388031557,0.26685685488275684,0.2668568548867444
2,256,1.65,positional,184,0.4546599062329999,0.2723848733453601,0.27238487334937445
2,256,1.65,positional,185,0.46032121026776557,0.27800373294960185,0.27800373295363434
2,256,1.65,positional,186,0.4660291866061352,0.283714572067811,0.2837145720718733
2,256,1.65,positional,187,0.47178405496056264,0.28951853800096705,0.2895185380050536
2,256,1.65,positional,188,0.4775860342035238,0.2954167870562598,0.2954167870603717
2,256,1.65,positional,189,0.48343534244095776,0.3014104846321612,0.3014104846362912
2,256,1.65,positional,190,0.48933219708985654,0.3075008053109106,0.307500805315071
2,256,1.65,positional,191,0.495276814959799,0.3136889329586795,0.31368893296285894
2,256,1.65,positional,192,0.5012694123382211,0.3199760608332061,0.3199760608374084
2,256,1.65,positional,193,0.5073102050792102,0.32636339169923084,0.3263633917034616
2,256,1.65,positional,194,0.5133994086956153,0.3328521379515788,0.33285213795583374
2,256,1.65,positional,195,0.519537238454258,0.3394435217459353,0.3394435217502198
2,256,1.65,positional,196,0.5257239094740361,0.3461387751374298,0.3461387751417356
2,256,1.65,positional,197,0.5319596368267057,0.35293914022686135,0.35293914023119294
2,256,1.65,positional,198,0.5382446356401364,0.35984586931474755,0.3598458693191023
2,256,1.65,positional,199,0.5445791212038329,0.3668602250629991,0.36686022506738514
2,256,1.65,positional,200,0.5509633090765171,0.3739834806643605,0.3739834806687695
2,256,1.65,positional,201,0.557397415195575,0.3812169200194084,0.3812169200238376
2,256,1.65,positional,202,0.5638816559881682,0.3885618379212194,0.3885618379256824
2,256,1.65,positional,203,0.570416248483823,0.39601954024765834,0.3960195402521281
2,256,1.65,positional,204,0.5770014104283062,0.4035913441609574,0.40359134416546066
2,256,1.65,positional,205,0.5836373603986088,0.41127857831508935,0.41127857831960934
2,256,1.65,positional,206,0.5903243179188598,0.41908258307017693,0.4190825830747159
2,256,1.65,positional,207,0.5970625035769989,0.4270047107144597,0.42700471071902213
2,256,1.65,positional,208,0.6038521391420455,0.43504632569340695,0.4350463256980061
2,256,1.65,positional,209,0.610693447681801,0.4432088048460769,0.4432088048506868
2,256,1.65,positional,210,0.617586653680835,0.4514935376483892,0.45149353765302264
2,256,1.65,positional,211,0.6245319831586056,0.4599019264636627,0.4599019264683183
2,256,1.65,positional,212,0.6315296637875749,0.46843538679988367,0.4684353868045578
2,256,1.65,positional,213,0.6385799250111837,0.47709534757387956,0.47709534757857663
2,256,1.65,positional,214,0.6456829981615568,0.485883251382274,0.4858832513869846
2,256,1.65,positional,215,0.652839116576819,0.49480055477900825,0.4948005547837519
2,256,1.65,positional,216,0.6600485157179011,0.503848728559594,0.5038487285643656
2,256,1.65,positional,217,0.667311433284729,0.5130292580516682,0.5130292580564664
2,256,1.65,positional,218,0.67462810933169,0.5223436434120512,0.5223436434168743
2,256,1.65,positional,219,0.6819987863822792,0.5317933999300397,0.5317933999349119
2,256,1.65,positional,220,0.6894237095428284,0.5413800583370373,0.541380058341929
2,256,1.65,positional,221,0.6969031266152358,0.5511051651220161,0.551105165126942
2,256,1.65,positional,222,0.7044372882086094,0.5609702828533346,0.5609702828582906
2,256,1.65,positional,223,0.7120264478497489,0.5709769905062546,0.5709769905112249
2,256,1.65,positional,224,0.7196708620923926,0.5811268837963167,0.5811268838013257
2,256,1.65,positional,225,0.7273707906251636,0.5914215755186397,0.5914215755236741
2,256,1.65,positional,226,0.7351264963781499,0.6018626958926158,0.6018626958976736
2,256,1.65,positional,227,0.7429382456280594,0.6124518929123437,0.6124518929174372
2,256,1.65,positional,228,0.7508063081018992,0.6231908327025296,0.6231908327076534
2,256,1.65,positional,229,0.7587309570791221,0.6340811998796787,0.6340811998848366
2,256,1.65,positional,230,0.766712469492199,0.6451246979186817,0.6451246979238794
2,256,1.65,positional,231,0.7747511260255697,0.6563230495245818,0.6563230495298159
2,256,1.65,positional,232,0.7828472112129341,0.6676779970094285,0.6676779970147112
2,256,1.65,positional,233,0.7910010135328461,0.6791913026742589,0.6791913026795915
2,256,1.65,positional,234,0.7992128255025746,0.690864749195948,0.6908647492013263
2,256,1.65,positional,235,0.8074829437702018,0.7027001400189762,0.7027001400243814
2,256,1.65,positional,236,0.8158116692049284,0.7146992997518934,0.7146992997573535
2,256,1.65,positional,237,0.82419930698556,0.7268640745687065,0.7268640745742068
2,256,1.65,positional,238,0.8326461666871485,0.739196332614579,0.7391963326201237
2,256,1.65,positional,239,0.8411525623657663,0.7516979644163048,0.7516979644218846
2,256,1.65,positional,240,0.8497188126413926,0.7643708832970715,0.764370883302696
2,256,1.65,positional,241,0.8583452407788922,0.7772170257957007,0.7772170258013794
2,256,1.65,positional,242,0.8670321747670672,0.7902383520901152,0.7902383520958368
2,256,1.65,positional,243,0.875779947395767,0.8034368464249456,0.8034368464307077
2,256,1.65,positional,244,0.8845888963310392,0.8168145175433089,0.8168145175491315
2,256,1.65,positional,245,0.8934593641883062,0.8303733991226581,0.8303733991285287
2,256,1.65,positional,246,0.902391698603555,0.8441155502143882,0.8441155502203127
2,256,1.65,positional,247,0.9113862523025256,0.8580430556874663,0.8580430556934455
2,256,1.65,positional,248,0.9204433831678847,0.8721580266756938,0.8721580266817432
2,256,1.65,positional,249,0.9295634543043733,0.8864626010287546,0.8864626010348458
2,256,1.65,positional,250,0.9387468341019157,0.9009589437665879,0.9009589437727535
2,256,1.65,positional,251,0.947993896296677,0.9156492475376214,0.9156492475438384
2,256,1.65,positional,252,0.9573050200300576,0.9305357330799621,0.9305357330862317
2,256,1.65,positional,253,0.9666805899056138,0.9456206496861337,0.9456206496924922
2,256,1.65,positional,254,0.9761209960438906,0.9609062756711545,0.9609062756774515
2,256,1.65,positional,255,0.9856266341351554,0.9763949188422749,0.9763949188491345
2,256,1.65,positional,256,0.9951979054900205,0.9920889169775466,0.9920889169826507
2,256,1.65,positional,257,1.0,0.9999999999995978,1.0
2,256,1.75,uniform,0,0.0,0.0,0.0
2,256,1.75,uniform,1,0.001953125,1.813157994992309e-05,1.81458605194507e-05
2,256,1.75,uniform,2,0.005859375,0.00012416923590395187,0.00012409085132581487
2,256,1.75,uniform,3,0.009765625,0.00030336364200973754,0.0003033717074459269
2,256,1.75,uniform,4,0.013671875,0.0005466445778875631,0.000546637143550754
2,256,1.75,uniform,5,0.017578125,0.0008485987383084969,0.0008485979139021633
2,256,1.75,uniform,6,0.021484375,0.0012056335141268986,0.0012056320021484202
2,256,1.75,uniform,7,0.025390625,0.001615022730129582,0.0016150219706838444
2,256,1.75,uniform,8,0.029296875,0.0020746144721275005,0.002074613844010232
2,256,1.75,uniform,9,0.033203125,0.0025826363349546293,0.0025826358824571154
2,256,1.75,uniform,10,0.037109375,0.003137591642715113,0.003137591284525897
2,256,1.75,uniform,11,0.041015625,0.0037381899633058295,0.003738189678952636
2,256,1.75,uniform,12,0.044921875,0.004383301098621088,0.0043833008664689085
2,256,1.75,uniform,13,0.048828125,0.005071922396283074,0.005071922203965176
2,256,1.75,uniform,14,0.052734375,0.005803154961540637,0.005803154799771252
2,256,1.75,uniform,15,0.056640625,0.006576185780079796,0.006576185642347032
2,256,1.75,uniform,16,0.060546875,0.007390273982620476,0.0073902738640779
2,256,1.75,uniform,17,0.064453125,0.008244740073949326,0.008244739970963524
2,256,1.75,uniform,18,0.068359375,0.009138957342454719,0.009138957252239285
2,256,1.75,uniform,19,0.072265625,0.010072344905957934,0.010072344826345558
2,256,1.75,uniform,20,0.076171875,0.011044362008652277,0.011044361937932505
2,256,1.75,uniform,21,0.080078125,0.012054503290043234,0.01205450322684928
2,256,1.75,uniform,22,0.083984375,0.013102294819936241,0.013102294763163642
2,256,1.75,uniform,23,0.087890625,0.014187290744885278,0.014187290693632207
2,256,1.75,uniform,24,0.091796875,0.015309070428321527,0.015309070381844987
2,256,1.75,uniform,25,0.095703125,0.016467235993405493,0.016467235951088035
2,256,1.75,uniform,26,0.099609375,0.017661410197492365,0.017661410158816872
2,256,1.75,uniform,27,0.103515625,0.01889123458199936,0.01889123454652967
2,256,1.75,uniform,28,0.107421875,0.020156367852785757,0.02015636782015172
2,256,1.75,uniform,29,0.111328125,0.021456484454864796,0.021456484424749765
2,256,1.75,uniform,30,0.115234375,0.022791273312029327,0.022791273284162108
2,256,1.75,uniform,31,0.119140625,0.024160436707296996,0.024160436681442608
2,256,1.75,uniform,32,0.123046875,0.02556368928426915,0.02556368926022415
2,256,1.75,uniform,33,0.126953125,0.027000757152881555,0.027000757130468404
2,256,1.75,uniform,34,0.130859375,0.02847137708571142,0.028471377064774737
2,256,1.75,uniform,35,0.134765625,0.029975295793212217,0.029975295773615608
2,256,1.75,uniform,36,0.138671875,0.03151226926803548,0.03151226924965799
2,256,1.75,uniform,37,0.142578125,0.033082062190067596,0.033082062172802906
2,256,1.75,uniform,38,0.146484375,0.03468444738503956,0.03468444736879275
2,256,1.75,uniform,39,0.150390625,0.03631920533056194,0.03631920531524834
2,256,1.75,uniform,40,0.154296875,0.03798612370429978,0.037986123689843894
2,256,1.75,uniform,41,0.158203125,0.039684996969704824,0.03968499695603868
2,256,1.75,uniform,42,0.162109375,0.04141562599532106,0.041415625982384366
2,256,1.75,uniform,43,0.166015625,0.04317781770419879,0.04317781769193555
2,256,1.75,uniform,44,0.169921875,0.044971384750363004,0.044971384738724245
2,256,1.75,uniform,45,0.173828125,0.046796145219688466,0.046796145208629215
2,256,1.75,uniform,46,0.177734375,0.04865192235281003,0.048651922342289156
2,256,1.75,uniform,47,0.181640625,0.05053854428800104,0.05053854427798207
2,256,1.75,uniform,48,0.185546875,0.05245584382218207,0.052455843812630305
2,256,1.75,uniform,49,0.189453125,0.05440365818841075,0.05440365817929531
2,256,1.75,uniform,50,0.193359375,0.056381828848412016,0.056381828839705446
2,256,1.75,uniform,51,0.197265625,0.05839020129883978,0.05839020129051532
2,256,1.75,uniform,52,0.201171875,0.06042862489009745,0.06042862488213195
2,256,1.75,uniform,53,0.205078125,0.062496952656691654,0.06249695264906248
2,256,1.75,uniform,54,0.208984375,0.06459504115815702,0.06459504115084372
2,256,1.75,uniform,55,0.212890625,0.06672275032972194,0.06672275032270644
2,256,1.75,uniform,56,0.216796875,0.06887994334194464,0.06887994333520993
2,256,1.75,uniform,57,0.220703125,0.07106648646862458,0.07106648646215458
2,256,1.75,uniform,58,0.224609375,0.0732822489623662,0.07328224895614582
2,256,1.75,uniform,59,0.228515625,0.07552710293722414,0.07552710293123967
2,256,1.75,uniform,60,0.232421875,0.07780092325791346,0.07780092325215196
2,256,1.75,uniform,61,0.236328125,0.08010358743510969,0.08010358742955934
2,256,1.75,uniform,62,0.240234375,0.08243497552640999,0.08243497552106122
2,256,1.75,uniform,63,0.244140625,0.08479497004256911,0.08479497003740896
2,256,1.75,uniform,64,0.248046875,0.08718345585862086,0.08718345585364186
2,256,1.75,uniform,65,0.251953125,0.08960032012960727,0.08960032012479945
2,256,1.75,uniform,66,0.255859375,0.09204545221055091,0.09204545220590672
2,256,1.75,uniform,67,0.259765625,0.094518743580443,0.0945187435759534
2,256,1.75,uniform,68,0.263671875,0.09702008776995143,0.09702008776561037
2,256,1.75,uniform,69,0.267578125,0.09954938029264744,0.09954938028844666
2,256,1.75,uniform,70,0.271484375,0.10210651857949503,0.1021065185754286
2,256,1.75,uniform,71,0.275390625,0.10469140191643671,0.10469140191249907
2,256,1.75,uniform,72,0.279296875,0.1073039313848665,0.10730393138105045
2,256,1.75,uniform,73,0.283203125,0.1099440098048154,0.10994400980111806
2,256,1.75,uniform,74,0.287109375,0.11261154168072038,0.11261154167713379
2,256,1.75,uniform,75,0.291015625,0.11530643314957048,0.11530643314609124
2,256,1.75,uniform,76,0.294921875,0.1180285919313605,0.11802859192798383
2,256,1.75,uniform,77,0.298828125,0.12077792728166702,0.12077792727838758
2,256,1.75,uniform,78,0.302734375,0.12355434994625154,0.12355434994306838
2,256,1.75,uniform,79,0.306640625,0.12635777211759752,0.12635777211450264
2,256,1.75,uniform,80,0.310546875,0.12918810739321457,0.1291881073902068
2,256,1.75,uniform,81,0.314453125,0.13204527073570224,0.13204527073277875
2,256,1.75,uniform,82,0.318359375,0.1349291784344039,0.1349291784315604
2,256,1.75,uniform,83,0.322265625,0.1378397480686054,0.1378397480658361
2,256,1.75,uniform,84,0.326171875,0.1407768984721806,0.1407768984694879
2,256,1.75,uniform,85,0.330078125,0.14374054969965652,0.14374054969703276
2,256,1.75,uniform,86,0.333984375,0.14673062299352446,0.1467306229909721
2,256,1.75,uniform,87,0.337890625,0.14974704075287695,0.14974704075038794
2,256,1.75,uniform,88,0.341796875,0.1527897265031495,0.1527897265007246
2,256,1.75,uniform,89,0.345703125,0.15585860486705996,0.15585860486469724
2,256,1.75,uniform,90,0.349609375,0.1589536015365799,0.15895360153427407
2,256,1.75,uniform,91,0.353515625,0.16207464324592538,0.16207464324367965
2,256,1.75,uniform,92,0.357421875,0.16522165774556863,0.1652216577433725
2,256,1.75,uniform,93,0.361328125,0.16839457377708922,0.16839457377495037
2,256,1.75,uniform,94,0.365234375,0.17159332104902975,0.17159332104694147
2,256,1.75,uniform,95,0.369140625,0.1748178302134786,0.17481783021144
2,256,1.75,uniform,96,0.373046875,0.1780680328435404,0.1780680328415492
2,256,1.75,uniform,97,0.376953125,0.18134386141154152,0.1813438614095946
2,256,1.75,uniform,98,0.380859375,0.18464524926797493,0.18464524926607429
2,256,1.75,uniform,99,0.384765625,0.18797213062117202,0.18797213061931345
2,256,1.75,uniform,100,0.388671875,0.1913244405176069,0.19132444051579306
2,256,1.75,uniform,101,0.392578125,0.194702114822901,0.19470211482112326
2,256,1.75,uniform,102,0.396484375,0.19810509020337086,0.19810509020163466
2,256,1.75,uniform,103,0.400390625,0.2015333041082593,0.20153330410656128
2,256,1.75,uniform,104,0.404296875,0.20498669475245088,0.20498669475079048
2,256,1.75,uniform,105,0.408203125,0.20846520109978045,0.2084652010981566
2,256,1.75,uniform,106,0.412109375,0.21196876284684837,0.21196876284525615
2,256,1.75,uniform,107,0.416015625,0.21549732040732283,0.21549732040576328
2,256,1.75,uniform,108,0.419921875,0.21905081489674652,0.21905081489522576
2,256,1.75,uniform,109,0.423828125,0.2226291881178157,0.22262918811632232
2,256,1.75,uniform,110,0.427734375,0.2262323825460309,0.2262323825445628
2,256,1.75,uniform,111,0.431640625,0.229860341315843,0.22986034131441466
2,256,1.75,uniform,112,0.435546875,0.23351300820724497,0.23351300820583878
2,256,1.75,uniform,113,0.439453125,0.2371903276325903,0.2371903276312189
2,256,1.75,uniform,114,0.443359375,0.24089224462402087,0.2408922446226702
2,256,1.75,uniform,115,0.447265625,0.24461870482103584,0.24461870481971246
2,256,1.75,uniform,116,0.451171875,0.24836965445859377,0.24836965445729417
2,256,1.75,uniform,117,0.455078125,0.2521450403554176,0.25214504035415486
2,256,1.75,uniform,118,0.458984375,0.25594480990276713,0.2559448099015132
2,256,1.75,uniform,119,0.462890625,0.25976891105328737,0.2597689110520687
2,256,1.75,uniform,120,0.466796875,0.26361729231050934,0.2636172923093065
2,256,1.75,uniform,121,0.470703125,0.26748990271827117,0.26748990271709366
2,256,1.75,uniform,122,0.474609375,0.2713866918507086,0.2713866918495571
2,256,1.75,uniform,123,0.478515625,0.27530760980236546,0.27530760980123287
2,256,1.75,uniform,124,0.482421875,0.27925260717859224,0.27925260717747774
2,256,1.75,uniform,125,0.486328125,0.2832216350862272,0.2832216350851344
2,256,1.75,uniform,126,0.490234375,0.2872146451245141,0.2872146451234401
2,256,1.75,uniform,127,0.494140625,0.29123158937622573,0.29123158937517224
2,256,1.75,uniform,128,0.498046875,0.2952724203990592,0.2952724203980218
2,256,1.75,uniform,129,0.501953125,0.2993370912172054,0.2993370912161876
2,256,1.75,uniform,130,0.505859375,0.3034255553131813,0.30342555531218324
2,256,1.75,uniform,131,0.509765625,0.3075377666198388,0.3075377666188509
2,256,1.75,uniform,132,0.513671875,0.31167367951253694,0.3116736795115742
2,256,1.75,uniform,133,0.517578125,0.3158332488016351,0.31583324880068425
2,256,1.75,uniform,134,0.521484375,0.32001642972498584,0.3200164297240524
2,256,1.75,uniform,135,0.525390625,0.32422317794078315,0.32422317793986416
2,256,1.75,uniform,136,0.529296875,0.3284534495204716,0.32845344951956756
2,256,1.75,uniform,137,0.533203125,0.3327072009418821,0.3327072009409918
2,256,1.75,uniform,138,0.537109375,0.33698438908250383,0.33698438908163
2,256,1.75,uniform,139,0.541015625,0.34128497121294044,0.34128497121208085
2,256,1.75,uniform,140,0.544921875,0.3456089049904915,0.3456089049896449
2,256,1.75,uniform,141,0.548828125,0.3499561484529043,0.3499561484520706
2,256,1.75,uniform,142,0.552734375,0.3543266600122642,0.354326660011445
2,256,1.75,uniform,143,0.556640625,0.3587203984490353,0.3587203984482252
2,256,1.75,uniform,144,0.560546875,0.3631373229062055,0.36313732290540657
2,256,1.75,uniform,145,0.564453125,0.36757739288360547,0.3675773928828233
2,256,1.75,uniform,146,0.568359375,0.3720405682323509,0.3720405682315775
2,256,1.75,uniform,147,0.572265625,0.376526809149354,0.3765268091485926
2,256,1.75,uniform,148,0.576171875,0.38103607617203766,0.3810360761712887
2,256,1.75,uniform,149,0.580078125,0.3855683301731237,0.3855683301723749
2,256,1.75,uniform,150,0.583984375,0.39012353235548347,0.3901235323547563
2,256,1.75,uniform,151,0.587890625,0.3947016442472606,0.3947016442465515
2,256,1.75,uniform,152,0.591796875,0.39930262769693803,0.39930262769621894
2,256,1.75,uniform,153,0.595703125,0.4039264448684882,0.40392644486778656
2,256,1.75,uniform,154,0.599609375,0.40857305823686185,0.408573058236185
2,256,1.75,uniform,155,0.603515625,0.41324243058336635,0.41324243058267857
2,256,1.75,uniform,156,0.607421875,0.41793452499105993,0.4179345249903933
2,256,1.75,uniform,157,0.611328125,0.42264930484059293,0.42264930483993857
2,256,1.75,uniform,158,0.615234375,0.42738673380578623,0.4273867338051195
2,256,1.75,uniform,159,0.619140625,0.43214677584937616,0.4321467758487386
2,256,1.75,uniform,160,0.623046875,0.43692939521912183,0.4369293952184833
2,256,1.75,uniform,161,0.626953125,0.4417345564435232,0.4417345564428975
2,256,1.75,uniform,162,0.630859375,0.4465622243280522,0.44656222432743525
2,256,1.75,uniform,163,0.634765625,0.4514123639512104,0.45141236395059353
2,256,1.75,uniform,164,0.638671875,0.4562849406607172,0.45628494066012304
2,256,1.75,uniform,165,0.642578125,0.4611799200699182,0.46117992006931396
2,256,1.75,uniform,166,0.646484375,0.4660972680539486,0.4660972680533559
2,256,1.75,uniform,167,0.650390625,0.47103695074633456,0.47103695074576873
2,256,1.75,uniform,168,0.654296875,0.47599893453549297,0.4759989345349041
2,256,1.75,uniform,169,0.658203125,0.4809831860610797,0.48098318606051427
2,256,1.75,uniform,170,0.662109375,0.4859896722109533,0.48598967221038764
2,256,1.75,uniform,171,0.666015625,0.4910183601175993,0.4910183601170487
2,256,1.75,uniform,172,0.669921875,0.49606921715507984,0.49606921715452146
2,256,1.75,uniform,173,0.673828125,0.5011422109356873,0.5011422109351539
2,256,1.75,uniform,174,0.677734375,0.5062373093070449,0.5062373093065025
2,256,1.75,uniform,175,0.681640625,0.5113544803488049,0.5113544803482752
2,256,1.75,uniform,176,0.685546875,0.5164936923698444,0.5164936923693321
2,256,1.75,uniform,177,0.689453125,0.5216549139052772,0.5216549139047404
2,256,1.75,uniform,178,0.693359375,0.5268381137134024,0.5268381137128852
2,256,1.75,uniform,179,0.697265625,0.5320432607731285,0.5320432607726323
2,256,1.75,uniform,180,0.701171875,0.5372703242810389,0.5372703242805433
2,256,1.75,uniform,181,0.705078125,0.542519273648636,0.5425192736481408
2,256,1.75,uniform,182,0.708984375,0.547790078499702,0.5477900784992236
2,256,1.75,uniform,183,0.712890625,0.5530827086677166,0.5530827086672292
2,256,1.75,uniform,184,0.716796875,0.5583971341931266,0.5583971341926443
2,256,1.75,uniform,185,0.720703125,0.5637333253209392,0.5637333253204602
2,256,1.75,uniform,186,0.724609375,0.569091252498127,0.5690912524976744
2,256,1.75,uniform,187,0.728515625,0.5744708863712967,0.5744708863708349
2,256,1.75,uniform,188,0.732421875,0.5798721977840839,0.579872197783628
2,256,1.75,uniform,189,0.736328125,0.5852951577749637,0.5852951577745077
2,256,1.75,uniform,190,0.740234375,0.5907397375747876,0.5907397375743665
2,256,1.75,uniform,191,0.744140625,0.5962059086046803,0.5962059086042458
2,256,1.75,uniform,192,0.748046875,0.6016936424735244,0.6016936424730853
2,256,1.75,uniform,193,0.751953125,0.607202910975929,0.6072029109755116
2,256,1.75,uniform,194,0.755859375,0.6127336860900876,0.6127336860896625
2,256,1.75,uniform,195,0.759765625,0.6182859399754631,0.6182859399750502
2,256,1.75,uniform,196,0.763671875,0.6238596449708832,0.6238596449704582
2,256,1.75,uniform,197,0.767578125,0.6294547735922493,0.6294547735918742
2,256,1.75,uniform,198,0.771484375,0.6350712985308853,0.6350712985304574
2,256,1.75,uniform,199,0.775390625,0.6407091926509256,0.6407091926505387
2,256,1.75,uniform,200,0.779296875,0.6463684289880468,0.6463684289876546
2,256,1.75,uniform,201,0.783203125,0.6520489807469951,0.6520489807466116
2,256,1.75,uniform,202,0.787109375,0.6577508212999742,0.6577508212995843
2,256,1.75,uniform,203,0.791015625,0.6634739241846164,0.6634739241842422
2,256,1.75,uniform,204,0.794921875,0.6692182631022647,0.6692182631019077
2,256,1.75,uniform,205,0.798828125,0.6749838119161323,0.6749838119157431
2,256,1.75,uniform,206,0.802734375,0.6807705446493161,0.680770544648967
2,256,1.75,uniform,207,0.806640625,0.6865784354834499,0.6865784354830985
2,256,1.75,uniform,208,0.810546875,0.6924074587565896,0.6924074587562287
2,256,1.75,uniform,209,0.814453125,0.6982575889616888,0.6982575889613207
2,256,1.75,uniform,210,0.818359375,0.7041288007448744,0.7041288007445348
2,256,1.75,uniform,211,0.822265625,0.710021068903911,0.71002106890358
2,256,1.75,uniform,212,0.826171875,0.7159343683864497,0.7159343683860916
2,256,1.75,uniform,213,0.830078125,0.7218686742883513,0.7218686742880333
2,256,1.75,uniform,214,0.833984375,0.7278239618524593,0.7278239618521237
2,256,1.75,uniform,215,0.837890625,0.7338002064666083,0.7338002064662872
2,256,1.75,uniform,216,0.841796875,0.739797383662468,0.7397973836621278
2,256,1.75,uniform,217,0.845703125,0.7458154691137298,0.7458154691134266
2,256,1.75,uniform,218,0.849609375,0.7518544386349673,0.7518544386346616
2,256,1.75,uniform,219,0.853515625,0.757914268179846,0.7579142681795498
2,256,1.75,uniform,220,0.857421875,0.7639949338399267,0.7639949338396104
2,256,1.75,uniform,221,0.861328125,0.7700964118430463,0.7700964118427506
2,256,1.75,uniform,222,0.865234375,0.7762186785521716,0.7762186785518707
2,256,1.75,uniform,223,0.869140625,0.7823617104637849,0.7823617104634908
2,256,1.75,uniform,224,0.873046875,0.7885254842066909,0.7885254842063978
2,256,1.75,uniform,225,0.876953125,0.7947099765406018,0.7947099765403104
2,256,1.75,uniform,226,0.880859375,0.8009151643548342,0.8009151643545661
2,256,1.75,uniform,227,0.884765625,0.8071410246671268,0.8071410246668246
2,256,1.75,uniform,228,0.888671875,0.8133875346220444,0.8133875346217913
2,256,1.75,uniform,229,0.892578125,0.8196546714902686,0.8196546714899587
2,256,1.75,uniform,230,0.896484375,0.8259424126666114,0.8259424126663663
2,256,1.75,uniform,231,0.900390625,0.8322507356696537,0.8322507356693764
2,256,1.75,uniform,232,0.904296875,0.8385796181397391,0.8385796181394691
2,256,1.75,uniform,233,0.908203125,0.8449290378383079,0.8449290378380535
2,256,1.75,uniform,234,0.912109375,0.8512989726465887,0.8512989726462953
2,256,1.75,uniform,235,0.916015625,0.8576894005641935,0.8576894005639607
2,256,1.75,uniform,236,0.919921875,0.864100299708556,0.8641002997082772
2,256,1.75,uniform,237,0.923828125,0.8705316483130378,0.8705316483128089
2,256,1.75,uniform,238,0.927734375,0.8769834247266189,0.8769834247263487
2,256,1.75,uniform,239,0.931640625,0.8834556074120623,0.8834556074118242
2,256,1.75,uniform,240,0.935546875,0.8899481749454864,0.8899481749452194
2,256,1.75,uniform,241,0.939453125,0.8964611060147368,0.8964611060145112
2,256,1.75,uniform,242,0.943359375,0.9029943794188738,0.90299437941862
2,256,1.75,uniform,243,0.947265625,0.9095479740666043,0.909547974066374
2,256,1.75,uniform,244,0.951171875,0.9161218689757437,0.9161218689754883
2,256,1.75,uniform,245,0.955078125,0.9227160432717986,0.9227160432715569
2,256,1.75,uniform,246,0.958984375,0.9293304761872521,0.9293304761870586
2,256,1.75,uniform,247,0.962890625,0.9359651470606462,0.9359651470603757
2,256,1.75,uniform,248,0.966796875,0.9426200353350335,0.9426200353348262
2,256,1.75,uniform,249,0.970703125,0.9492951205579248,0.9492951205577078
2,256,1.75,uniform,250,0.974609375,0.955990382379617,0.9559903823793559
2,256,1.75,uniform,251,0.978515625,0.9627058005523881,0.9627058005522118
2,256,1.75,uniform,252,0.982421875,0.9694413549301509,0.9694413549299052
2,256,1.75,uniform,253,0.986328125,0.9761970254665605,0.9761970254663472
2,256,1.75,uniform,254,0.990234375,0.9829727922150313,0.9829727922148354
2,256,1.75,uniform,255,0.994140625,0.9897686353274388,0.9897686353271702
2,256,1.75,uniform,256,0.998046875,0.9965845350528777,0.9965845350527831
2,256,1.75,uniform,257,1.0,0.999999999999994,1.0
2,256,1.75,positional,0,0.0,0.0,0.0
2,256,1.75,positional,1,2.615672807355135e-06,1.699928880254108e-10,1.7012611342918944e-10
2,256,1.75,positional,2,7.847018422031695e-06,1.164143933797244e-09,1.1634110283936325e-09
2,256,1.75,positional,3,1.3078364036699137e-05,2.8441863886789286e-09,2.8442547244481086e-09
2,256,1.75,positional,4,1.8309709651660478e-05,5.125026984002608e-09,5.124984433237017e-09
2,256,1.75,positional,5,2.354105526992582e-05,7.956119981425493e-09,7.956010950352536e-09
2,256,1.75,positional,6,2.8772400996122624e-05,1.1303012312545934e-08,1.1303376214583447e-08
2,256,1.75,positional,7,3.4003859376499575e-05,1.5143108809771528e-08,1.5141690682556577e-08
2,256,1.75,positional,8,3.997292485420561e-05,2.0088782929396286e-08,2.0095109289035373e-08
2,256,1.75,positional,9,8.253046528822129e-05,7.137809030562075e-08,7.146197484985225e-08
2,256,1.75,positional,10,0.00020655419683890126,3.5583643328468377e-07,3.558848833539882e-07
2,256,1.75,positional,11,0.00039735497339931465,1.1183505926261048e-06,1.118311119030122e-06
2,256,1.75,positional,12,0.0006249717273606001,2.4703399147634897e-06,2.4703338498392895e-06
2,256,1.75,positional,13,0.0008840692165627551,4.532640771962138e-06,4.532637318111472e-06
2,256,1.75,positional,14,0.0011761170647795556,7.469444320264843e-06,7.469447255806665e-06
2,256,1.75,positional,15,0.0015036878458640855,1.148221748786424e-05,1.1482222451142074e-05
2,256,1.75,positional,16,0.0018689911011691722,1.680012440570725e-05,1.6800130635735043e-05
2,256,1.75,positional,17,0.002273497189623969,2.3670919008447164e-05,2.367092546679061e-05
2,256,1.75,positional,18,0.0027179290855598353,3.2353154281026356e-05,3.235316049241001e-05
2,256,1.75,positional,19,0.003202397494852712,4.3110355901987154e-05,4.311036157494388e-05
2,256,1.75,positional,20,0.0037265771322064784,5.620729196496668e-05,5.620729699478296e-05
2,256,1.75,positional,21,0.004289872028607309,7.190805851028729e-05,7.190806289400334e-05
2,256,1.75,positional,22,0.0048915475793875575,9.047549662197132e-05,9.047550041693146e-05
2,256,1.75,positional,23,0.005530824916813859,0.00011217144925760008,0.00011217145254689596
2,256,1.75,positional,24,0.0062069421063145665,0.00013725745957901444,0.0001372574624515992
2,256,1.75,positional,25,0.00691918973238818,0.0001659956329674565,0.00016599563550677627
2,256,1.75,positional,26,0.007666928389668963,0.000198649491222362,0.00019864949350118015
2,256,1.75,positional,27,0.0084495942726289,0.0002354847263094459,0.0002354847283882435
2,256,1.75,positional,28,0.009266697473066977,0.00027676981323857393,0.0002767698151659251
2,256,1.75,positional,29,0.010117816191041025,0.0003227764731870199,0.0003227764750008992
2,256,1.75,positional,30,0.011002588974983855,0.0003737799952883165,0.0003737799970177312
2,256,1.75,positional,31,0.011920706321933627,0.0004300594337913388,0.0004300594354579607
2,256,1.75,positional,32,0.012871902431433952,0.0004918977002357693,0.0004918977018554221
2,256,1.75,positional,33,0.013855947552463188,0.0005595815702808476,0.0005595815718647761
2,256,1.75,positional,34,0.014872641136928948,0.0006334016233310934,0.0006334016248870214
2,256,1.75,positional,35,0.015921805874141746,0.0007136521309809451,0.0007136521325139355
2,256,1.75,positional,36,0.01700328259852063,0.0008006309080227423,0.0008006309095358658
2,256,1.75,positional,37,0.018116926017181848,0.0008946391375732276,0.0008946391390681242
2,256,1.75,positional,38,0.019262601181396177,0.0009959811798854763,0.0009959811813627492
2,256,1.75,positional,39,0.020440180617255447,0.0011049643726645684,0.0011049643741241233
2,256,1.75,positional,40,0.021649542030523893,0.0012218988291990995,0.0012218988306403836
2,256,1.75,positional,41,0.022890566504926338,0.0013470972393387216,0.0013470972407609151
2,256,1.75,positional,42,0.024163137119774213,0.0014808746772672031,0.0014808746786693387
2,256,1.75,positional,43,0.025467137920466155,0.0016235484191143327,0.0016235484204954408
2,256,1.75,positional,44,0.026802453183200195,0.0017754377726947363,0.0017754377740538607
2,256,1.75,positional,45,0.028168966922731596,0.0019368639210334145,0.0019368639223697368
2,256,1.75,positional,46,0.029566562598958707,0.002108149780819688,0.00210814978213246
2,256,1.75,positional,47,0.03099512298440791,0.002289619876502681,0.0022896198777913697
2,256,1.75,positional,48,0.032454530160288916,0.0024816002303931486,0.002481600231657326
2,256,1.75,positional,49,0.03394466561372009,0.0026844182688499432,0.002684418270089392
2,256,1.75,positional,50,0.03546541041302355,0.0028984027444014363,0.002898402745616081
2,256,1.75,positional,51,0.03701664544171562,0.0031238836734670252,0.0031238836746569506
2,256,1.75,positional,52,0.038598251675029595,0.003361192289200004,0.0033611922903654416
2,256,1.75,positional,53,0.04021011048556247,0.0036106610088600323,0.0036106610100013563
2,256,1.75,positional,54,0.041852103966991475,0.0038726234150382754,0.003872623416155998
2,256,1.75,positional,55,0.0435241152668107,0.004147414249995478,0.0041474142510902435
2,256,1.75,positional,56,0.04522602892073917,0.0044353694223292755,0.004435369423401735
2,256,1.75,positional,57,0.04695773118289069,0.004736826025157873,0.00473682602620891
2,256,1.75,positional,58,0.048719110347008945,0.005052122364993234,0.005052122366023685
2,256,1.75,positional,59,0.05051005705509104,0.005381598000468545,0.0053815980014793605
2,256,1.75,positional,60,0.05233046459057669,0.005725593790091167,0.00572559379108331
2,256,1.75,positional,61,0.054180229153992635,0.006084451948199408,0.006084451949173981
2,256,1.75,positional,62,0.05605925011953422,0.006458516108319038,0.006458516109277106
2,256,1.75,positional,63,0.057967430271556195,0.006848131393132993,0.00684813139407567
2,256,1.75,positional,64,0.05990467602034826,0.007253644490302903,0.007253644491231284
2,256,1.75,positional,65,0.0618708975969018,0.007675403733404961,0.0076754037343202035
2,256,1.75,positional,66,0.06386600922664291,0.008113759187271714,0.008113759188174835
2,256,1.75,positional,67,0.06588992928232484,0.00856906273705835,0.008569062737950602
2,256,1.75,positional,68,0.06794258041644693,0.009041668180385702,0.009041668181268102
2,256,1.75,positional,69,0.07002388967370582,0.009531931321937472,0.009531931322811223
2,256,1.75,positional,70,0.07213378858409278,0.010040210069926928,0.010040210070793086
2,256,1.75,positional,71,0.07427221323733485,0.010566864533873475,0.01056686453473306
2,256,1.75,positional,72,0.07643910433944072,0.01111225712316558,0.011112257124019666
2,256,1.75,positional,73,0.07863440725215858,0.011676752645915901,0.011676752646765562
2,256,1.75,positional,74,0.08085807201618606,0.012260718407646075,0.01226071840849216
2,256,1.75,positional,75,0.08311005335899396,0.012864524309368956,0.012864524310212608
2,256,1.75,positional,76,0.08539031068813785,0.013488542944670546,0.01348854294551259
2,256,1.75,positional,77,0.08769880807093713,0.014133149695417797,0.014133149696259145
2,256,1.75,positional,78,0.09003551420140055,0.014798722825756245,0.014798722826597863
2,256,1.75,positional,79,0.09240040235527144,0.015485643574086301,0.015485643574928643
2,256,1.75,positional,80,0.09479345033405774,0.016194296242735634,0.016194296243579803
2,256,1.75,positional,81,0.0972146403988987,0.016925068285082848,0.01692506828592926
2,256,1.75,positional,82,0.09966395919510657,0.017678350389900673,0.017678350390750077
2,256,1.75,positional,83,0.10214139766820457,0.018454536562732674,0.018454536563585797
2,256,1.75,positional,84,0.10464695097226429,0.019254024204130714,0.019254024204988295
2,256,1.75,positional,85,0.10718061837132595,0.020077214184615257,0.020077214185477806
2,256,1.75,positional,86,0.1097424031346646,0.020924510916242846,0.020924510917110874
2,256,1.75,positional,87,0.11233231242664249,0.021796322420693064,0.021796322421567253
2,256,1.75,positional,88,0.11495035719186569,0.02269306039381074,0.022693060394691354
2,256,1.75,positional,89,0.11759655203633845,0.023615140266559434,0.023615140267447286
2,256,1.75,positional,90,0.12027091510528387,0.024562981262374096,0.02456298126326908
2,256,1.75,positional,91,0.12297346795827353,0.025537006450906178,0.025537006451809043
2,256,1.75,positional,92,0.12570423544228188,0.02653764279819644,0.026537642799107388
2,256,1.75,positional,93,0.12846324556325286,0.027565321213306456,0.027565321214225197
2,256,1.75,positional,94,0.13125052935673803,0.028620476591472602,0.028620476592400138
2,256,1.75,positional,95,0.1340661207581344,0.02970354785386416,0.029703547854800352
2,256,1.75,positional,96,0.13691005647302146,0.03081497798402147,0.03081497798496672
2,256,1.75,positional,97,0.13978237584806275,0.031955214061091676,0.0319552140620459
2,256,1.75,positional,98,0.14268312074290757,0.03312470728996439,0.03312470729092842
2,256,1.75,positional,99,0.14561233540349297,0.0343239130284412,0.034323913029414864
2,256,1.75,positional,100,0.14857006633711453,0.03555329081155797,0.03555329081254141
2,256,1.75,positional,101,0.15155636218959873,0.03681330437320796,0.036813304374201355
2,256,1.75,positional,102,0.1545712736248761,0.03810442166520096,0.038104421666203765
2,256,1.75,positional,103,0.15761485320721938,0.03942711487389934,0.03942711487491223
2,256,1.75,positional,104,0.1606871552863764,0.0407818604345852,0.040781860435607865
2,256,1.75,positional,105,0.16378823588579255,0.04216913904368616,0.042169139044718744
2,256,1.75,positional,106,0.16691815259408424,0.0435894356690125,0.043589435670055875
2,256,1.75,positional,107,0.17007696445989032,0.04504323955813803,0.04504323955919099
2,256,1.75,positional,108,0.17326473189019662,0.046531044245042,0.046531044246105636
2,256,1.75,positional,109,0.17648151655219635,0.048053347555160816,0.04805334755623409
2,256,1.75,positional,110,0.1797273812787188,0.04961065160893076,0.049610651610013795
2,256,1.75,positional,111,0.1830023899772295,0.05120346282395458,0.05120346282504781
2,256,1.75,positional,112,0.1863066075423778,0.05283229191587027,0.052832291916973105
2,256,1.75,positional,113,0.18964009977204124,0.054497653898003866,0.05449765389911738
2,256,1.75,positional,114,0.19300293328679358,0.05620006807989256,0.056200068081015284
2,256,1.75,positional,115,0.19639517545269977,0.05794005806470943,0.057940058065842376
2,256,1.75,positional,116,0.19981689430732374,0.059718151745671,0.05971815174681318
2,256,1.75,positional,117,0.20326815848881558,0.061534881301424066,0.06153488130257637
2,256,1.75,positional,118,0.2067490371679317,0.0633907831904684,0.06339078319162854
2,256,1.75,positional,119,0.21025959998282812,0.06528639814458444,0.06528639814575503
2,256,1.75,positional,120,0.21379991697645784,0.06722227116131503,0.06722227116249514
2,256,1.75,positional,121,0.21737005853639568,0.06919895149542951,0.06919895149661799
2,256,1.75,positional,122,0.22097009533690953,0.0712169926493866,0.07121699265058434
2,256,1.75,positional,123,0.22460009828309438,0.07327695236275462,0.07327695236396158
2,256,1.75,positional,124,0.2282601384568863,0.07537939260053339,0.07537939260174953
2,256,1.75,positional,125,0.23195028706477483,0.07752487954034491,0.07752487954156852
2,256,1.75,positional,126,0.23567061538703826,0.07971398355842058,0.07971398355965477
2,256,1.75,positional,127,0.2394211947283322,0.08194727921436246,0.08194727921560419
2,256,1.75,positional,128,0.24320209636947024,0.084225345234553,0.08422534523580173
2,256,1.75,positional,129,0.24701339152024712,0.08654876449421484,0.08654876449547305
2,256,1.75,positional,130,0.2508551512731653,0.08891812399802841,0.08891812399929368
2,256,1.75,positional,131,0.2547274465579402,0.09133401485922071,0.09133401486049324
2,256,1.75,positional,132,0.2586303480966732,0.09379703227711493,0.09379703227839453
2,256,1.75,positional,133,0.26256392635959747,0.09630777551304583,0.09630777551433155
2,256,1.75,positional,134,0.26652825152131765,0.09886684786460156,0.09886684786589588
2,256,1.75,positional,135,0.2705233934174804,0.10147485663816568,0.10147485663946812
2,256,1.75,positional,136,0.2745494215018317,0.10413241311969096,0.1041324131209992
2,256,1.75,positional,137,0.2786064048036314,0.1068401325437011,0.10684013254501436
2,256,1.75,positional,138,0.28269441188541444,0.1095986340605032,0.10959863406182474
2,256,1.75,positional,139,0.28681351080110407,0.11240854070161302,0.11240854070294104
2,256,1.75,positional,140,0.2909637690544994,0.11527047934336349,0.11527047934469682
2,256,1.75,positional,141,0.2951452535581733,0.11818508066876206,0.11818508067010021
2,256,1.75,positional,142,0.29935803059283406,0.12115297912760073,0.12115297912894736
2,256,1.75,positional,143,0.30360216576721644,0.12417481289489236,0.12417481289624356
2,256,1.75,positional,144,0.3078777239785802,0.1272512238276354,0.12725122382899132
2,256,1.75,positional,145,0.3121847693739084,0.1303828574200604,0.13038285742142003
2,256,1.75,positional,146,0.31652336531190384,0.1335703627573796,0.1335703627587431
2,256,1.75,positional,147,0.3208935743258967,0.13681439246817595,0.13681439246954522
2,256,1.75,positional,148,0.32529545808777827,0.14011560267553988,0.14011560267691217
2,256,1.75,positional,149,0.3297290773730863,0.14347465294705475,0.14347465294843162
2,256,1.75,positional,150,0.3341944920273716,0.1468922062438204,0.14689220624520383
2,256,1.75,positional,151,0.33869176093397624,0.1503689288686253,0.15036892887001327
2,256,1.75,positional,152,0.34322094198336,0.15390549041343654,0.1539054904148236
2,256,1.75,positional,153,0.34778209204410926,0.15750256370637247,0.1575025637077684
2,256,1.75,positional,154,0.3523752669357626,0.16116082475842364,0.16116082475981872
2,256,1.75,positional,155,0.3570005214035866,0.164880952709918,0.1648809527113182
2,256,1.75,positional,156,0.36165790909543083,0.16866362977718266,0.16866362977858262
2,256,1.75,positional,157,0.36634748254078725,0.17250954119936407,0.17250954120076828
2,256,1.75,positional,158,0.37106929313217385,0.17641937518581108,0.17641937518721684
2,256,1.75,positional,159,0.37582339110895613,0.18039382286408465,0.1803938228654915
2,256,1.75,positional,160,0.3806098255437127,0.18443357822891004,0.1844335782303198
2,256,1.75,positional,161,0.385428644331243,0.1885393380922513,0.18853933809366172
2,256,1.75,positional,162,0.3902798941803075,0.19271180203471083,0.19271180203612265
2,256,1.75,positional,163,0.3951636206081794,0.19695167235851518,0.19695167235992983
2,256,1.75,positional,164,0.4000798679380799,0.20125965404227392,0.20125965404369175
2,256,1.75,positional,165,0.40502867929955716,0.20563645469773384,0.20563645469915565
2,256,1.75,positional,166,0.4100100966318577,0.21008278452876392,0.21008278453017648
2,256,1.75,positional,167,0.41502416069033277,0.21459935629268986,0.21459935629410776
2,256,1.75,positional,168,0.4200709110559051,0.21918688526440258,0.21918688526581742
2,256,1.75,positional,169,0.42515038614761747,0.22384608920310675,0.22384608920452953
2,256,1.75,positional,170,0.43026262323826847,0.22857768832226558,0.22857768832368383
2,256,1.75,positional,171,0.435407658473135,0.23338240526257872,0.23338240526400078
2,256,1.75,positional,172,0.44058552689176633,0.2382609650685065,0.23826096506992975
2,256,1.75,positional,173,0.445796262452829,0.2432140951682296,0.24321409516965287
2,256,1.75,positional,174,0.45103989806196987,0.24824252535738514,0.24824252535880723
2,256,1.75,positional,175,0.4563164656026556,0.25334698778665143,0.25334698778807935
2,256,1.75,positional,176,0.46162599596993925,0.25852821695339023,0.2585282169548183
2,256,1.75,positional,177,0.46696851910709625,0.26378694969737804,0.2637869496988034
2,256,1.75,positional,178,0.4723440640450637,0.26912392520086964,0.2691239252022935
2,256,1.75,positional,179,0.47775265894461044,0.2745398849930521,0.27453988499447607
2,256,1.75,positional,180,0.48319433114115984,0.280035572959006,0.28003557296042414
2,256,1.75,positional,181,0.48866910719217915,0.2856117353532374,0.28561173535466
2,256,1.75,positional,182,0.49417701292704636,0.29126912081799355,0.2912691208194157
2,256,1.75,positional,183,0.499718073499299,0.2970084804062537,0.2970084804076697
2,256,1.75,positional,184,0.5052923134411669,0.3028305676096124,0.3028305676110324
2,256,1.75,positional,185,0.5108997567202862,0.308736138391126,0.3087361383925421
2,256,1.75,positional,186,0.5165404267984892,0.3147259512230026,0.314725951224425
2,256,1.75,positional,187,0.5222143466925642,0.3208007671294476,0.3208007671308667
2,256,1.75,positional,188,0.5279215390368728,0.3269613497344096,0.3269613497358292
2,256,1.75,positional,189,0.5336620261477196,0.333208465314527,0.3332084653159476
2,256,1.75,positional,190,0.5394358300893584,0.3395428828571075,0.3395428828585256
2,256,1.75,positional,191,0.545242972741526,0.34596537412322687,0.34596537412464673
2,256,1.75,positional,192,0.5510834758683935,0.35247671371599715,0.3524767137174108
2,256,1.75,positional,193,0.5569573611888221,0.3590776791538715,0.35907767915529637
2,256,1.75,positional,194,0.5628646504478189,0.36576905094923223,0.3657690509506501
2,256,1.75,positional,195,0.5688053654890793,0.3725516126918731,0.3725516126932899
2,256,1.75,positional,196,0.5747795283285168,0.3794261511377962,0.3794261511392129
2,256,1.75,positional,197,0.5807871612286706,0.3863934563029711,0.38639345630438837
2,256,1.75,positional,198,0.5868282867738948,0.3934543215621908,0.39345432156361326
2,256,1.75,positional,199,0.5929029279462283,0.40060954375297597,0.4006095437544082
2,256,1.75,positional,200,0.5990111082018506,0.4078599232844926,0.4078599232859205
2,256,1.75,positional,201,0.6051528515480313,0.41520626425138046,0.4152062642528072
2,256,1.75,positional,202,0.6113281826204858,0.42264937455262824,0.4226493745540606
2,256,1.75,positional,203,0.6175371267610483,0.4301900660153141,0.43019006601674137
2,256,1.75,positional,204,0.6237797100955849,0.4378291545231575,0.4378291545245827
2,256,1.75,positional,205,0.6300559596120654,0.4455674601499963,0.4455674601514241
2,256,1.75,positional,206,0.6363659032387208,0.45340580729802216,0.453405807299435
2,256,1.75,positional,207,0.6427095699222156,0.46134502484067486,0.461345024842088
2,256,1.75,positional,208,0.6490869897057685,0.46938594627042024,0.4693859462718386
2,256,1.75,positional,209,0.6554981938071591,0.47752940985104314,0.47752940985247233
2,256,1.75,positional,210,0.6619432146965608,0.4857762587746419,0.48577625877607433
2,256,1.75,positional,211,0.6684220861741461,0.49412734132315794,0.49412734132458364
2,256,1.75,positional,212,0.674934843447412,0.5025835110344503,0.5025835110358894
2,256,1.75,positional,213,0.6814815232081778,0.5111456268729897,0.5111456268744295
2,256,1.75,positional,214,0.688062163709214,0.519814553404811,0.5198145534062556
2,256,1.75,positional,215,0.6946768048404588,0.528591160977069,0.5285911609785233
2,256,1.75,positional,216,0.7013254882047877,0.5374763259019194,0.5374763259033761
2,256,1.75,positional,217,0.7080082571933023,0.5464709306447305,0.5464709306461837
2,256,1.75,positional,218,0.71472515706011,0.5555758640166552,0.5555758640181087
2,256,1.75,positional,219,0.7214762349965648,0.5647920213715074,0.5647920213729646
2,256,1.75,positional,220,0.7282615402049498,0.5741203048068829,0.5741203048083422
2,256,1.75,positional,221,0.735081123971578,0.5835616233694958,0.5835616233709735
2,256,1.75,positional,222,0.7419350397392952,0.5931168932648309,0.5931168932663133
2,256,1.75,positional,223,0.7488233431793706,0.6027870380708206,0.6027870380723132
2,256,1.75,positional,224,0.7557460922627619,0.6125729889558674,0.6125729889573702
2,256,1.75,positional,225,0.7627033473307472,0.6224756849009013,0.6224756849024348
2,256,1.75,positional,226,0.7696951711649139,0.6324960729257364,0.6324960729272594
2,256,1.75,positional,227,0.7767216290565033,0.6426351083192544,0.6426351083207815
2,256,1.75,positional,228,0.7837827888751053,0.6528937548740853,0.6528937548756278
2,256,1.75,positional,229,0.7908787211367037,0.6632729851251884,0.6632729851267339
2,256,1.75,positional,230,0.7980094990710738,0.673773780592528,0.673773780594078
2,256,1.75,positional,231,0.8051751986885352,0.6843971320279626,0.684397132029524
2,256,1.75,positional,232,0.8123758988460639,0.6951440396662363,0.6951440396677792
2,256,1.75,positional,233,0.8196116813127707,0.7060155134799005,0.7060155134814665
2,256,1.75,positional,234,0.8268826308347539,0.7170125734387663,0.7170125734403234
2,256,1.75,positional,235,0.8341888351993347,0.7281362497729867,0.728136249774533
2,256,1.75,positional,236,0.841530385298686,0.7393875832406236,0.7393875832421999
2,256,1.75,positional,237,0.8489073751928671,0.750767625399413,0.7507676254009912
2,256,1.75,positional,238,0.8563199021722747,0.7622774388823667,0.762277438883951
2,256,1.75,positional,239,0.8637680668195253,0.7739180976779294,0.7739180976795172
2,256,1.75,positional,240,0.8712519730707838,0.7856906874141505,0.7856906874157591
2,256,1.75,positional,241,0.8787717282765509,0.7975963056472615,0.7975963056488616
2,256,1.75,positional,242,0.8863274432619281,0.8096360621542488,0.8096360621558857
2,256,1.75,positional,243,0.8939192323863744,0.8218110792301956,0.8218110792318328
2,256,1.75,positional,244,0.9015472136029727,0.8341224919894018,0.8341224919910503
2,256,1.75,positional,245,0.9092115085172232,0.8465714486713248,0.8465714486730075
2,256,1.75,positional,246,0.9169122424453797,0.8591591109508065,0.8591591109524858
2,256,1.75,positional,247,0.9246495444723506,0.8718866542525285,0.8718866542542199
2,256,1.75,positional,248,0.9324235475091783,0.8847552680703323,0.8847552680720326
2,256,1.75,positional,249,0.9402343883501191,0.8977661562907927,0.8977661562925096
2,256,1.75,positional,250,0.9480822077293394,0.9109205375215347,0.9109205375232584
2,256,1.75,positional,251,0.9559671503772491,0.9242196454240704,0.9242196454258045
2,256,1.75,positional,252,0.9638893650764884,0.9376647290514133,0.93766472905317
2,256,1.75,positional,253,0.97184900471759,0.9512570531904038,0.951257053192198
2,256,1.75,positional,254,0.9798462263543304,0.9649978987088756,0.9649978987106651
2,256,1.75,positional,255,0.9878811912587941,0.9788885629073433,0.9788885629092525
2,256,1.75,positional,256,0.9959540649761639,0.9929303598768675,0.992930359878424
2,256,1.75,positional,257,1.0,0.9999999999998644,1.0
2,256,1.85,uniform,0,0.0,0.0,0.0
2,256,1.85,uniform,1,0.001953125,9.721573431918798e-06,9.724125879816142e-06
2,256,1.85,uniform,2,0.005859375,7.424901463126148e-05,7.42206739239799e-05
2,256,1.85,uniform,3,0.009765625,0.00019095885997254654,0.00019096117586153152
2,256,1.85,uniform,4,0.013671875,0.0003558651361861104,0.00035586227121780096
2,256,1.85,uniform,5,0.017578125,0.000566499553619945,0.0005664990875081006
2,256,1.85,uniform,6,0.021484375,0.0008211592400170146,0.0008211585888917546
2,256,1.85,uniform,7,0.025390625,0.0011185255588226574,0.0011185252023425307
2,256,1.85,uniform,8,0.029296875,0.0014575366624321197,0.001457536373030425
2,256,1.85,uniform,9,0.033203125,0.0018373044513622953,0.0018373042377731554
2,256,1.85,uniform,10,0.037109375,0.002257068640249079,0.002257068470026047
2,256,1.85,uniform,11,0.041015625,0.002716165879552354,0.0027161657428485175
2,256,1.85,uniform,12,0.044921875,0.0032140089665520064,0.0032140088539800637
2,256,1.85,uniform,13,0.048828125,0.0037500719398054,0.003750071845749105
2,256,1.85,uniform,14,0.052734375,0.004323879117474717,0.0043238790377491355
2,256,1.85,uniform,15,0.056640625,0.00493499678782333,0.00493499671945283
2,256,1.85,uniform,16,0.060546875,0.005583026771884749,0.005583026712643953
2,256,1.85,uniform,17,0.064453125,0.006267601337427008,0.00626760128563481
2,256,1.85,uniform,18,0.068359375,0.006988379113990432,0.0069883790683498825
2,256,1.85,uniform,19,0.072265625,0.007745041764340959,0.007745041723837214
2,256,1.85,uniform,20,0.076171875,0.0085372912379588,0.008537291201786484
2,256,1.85,uniform,21,0.080078125,0.009364847479434737,0.009364847446946798
2,256,1.85,uniform,22,0.083984375,0.010227446497411918,0.010227446468082898
2,256,1.85,uniform,23,0.087890625,0.011124838722855931,0.011124838696254816
2,256,1.85,uniform,24,0.091796875,0.012056787602107323,0.012056787577877237
2,256,1.85,uniform,25,0.095703125,0.013023068382383169,0.01302306836022634
2,256,1.85,uniform,26,0.099609375,0.014023467056477189,0.014023467036143112
2,256,1.85,uniform,27,0.103515625,0.015057779440252564,0.015057779421529279
2,256,1.85,uniform,28,0.107421875,0.016125810361752927,0.01612581034445949
2,256,1.85,uniform,29,0.111328125,0.017227372944788672,0.017227372928770315
2,256,1.85,uniform,30,0.115234375,0.01836228797301427,0.01836228795813711
2,256,1.85,uniform,31,0.119140625,0.019530383322983833,0.0195303833091324
2,256,1.85,uniform,32,0.123046875,0.020731493456659766,0.020731493443733175
2,256,1.85,uniform,33,0.126953125,0.021965458965417062,0.021965458953327084
2,256,1.85,uniform,34,0.130859375,0.023232126158876442,0.02323212614754578
2,256,1.85,uniform,35,0.134765625,0.024531346692934046,0.024531346682294175
2,256,1.85,uniform,36,0.138671875,0.02586297723220572,0.025862977222196524
2,256,1.85,uniform,37,0.142578125,0.027226879142815092,0.027226879133382904
2,256,1.85,uniform,38,0.146484375,0.028622918212025467,0.028622918203122266
2,256,1.85,uniform,39,0.150390625,0.030050964391710927,0.0300509643832942
2,256,1.85,uniform,40,0.154296875,0.03151089156306749,0.03151089155509869
2,256,1.85,uniform,41,0.158203125,0.033002577320301166,0.033002577312746424
2,256,1.85,uniform,42,0.162109375,0.03452590277133498,0.0345259027641625
2,256,1.85,uniform,43,0.166015625,0.036080752353801045,0.03608075234698323
2,256,1.85,uniform,44,0.169921875,0.03766701366482537,0.0376670136583366
2,256,1.85,uniform,45,0.173828125,0.03928457730325993,0.03928457729707745
2,256,1.85,uniform,46,0.177734375,0.04093333672320152,0.04093333671730392
2,256,1.85,uniform,47,0.181640625,0.04261318809774731,0.0426131880921158
2,256,1.85,uniform,48,0.185546875,0.04432403019207481,0.04432403018669181
2,256,1.85,uniform,49,0.189453125,0.046065764245014164,0.04606576423986376
2,256,1.85,uniform,50,0.193359375,0.047838293858386456,0.04783829385345369
2,256,1.85,uniform,51,0.197265625,0.04964152489344545,0.049641524888717134
2,256,1.85,uniform,52,0.201171875,0.05147536537383996,0.05147536536930349
2,256,1.85,uniform,53,0.205078125,0.05333972539455949,0.0533397253902034
2,256,1.85,uniform,54,0.208984375,0.055234517036392546,0.055234517032205964
2,256,1.85,uniform,55,0.212890625,0.05715965428546123,0.057159654281434824
2,256,1.85,uniform,56,0.216796875,0.059115052957447796,0.05911505295357302
2,256,1.85,uniform,57,0.220703125,0.061100630626156206,0.06110063062242329
2,256,1.85,uniform,58,0.224609375,0.06311630655607964,0.06311630655248271
2,256,1.85,uniform,59,0.228515625,0.06516200163871065,0.0651620016352398
2,256,1.85,uniform,60,0.232421875,0.06723763833227606,0.06723763832892792
2,256,1.85,uniform,61,0.236328125,0.06934314060472609,0.06934314060149196
2,256,1.85,uniform,62,0.240234375,0.07147843387967301,0.07147843387654663
2,256,1.85,uniform,63,0.244140625,0.07364344498514397,0.07364344498212243
2,256,1.85,uniform,64,0.248046875,0.07583810210493727,0.07583810210201346
2,256,1.85,uniform,65,0.251953125,0.07806233473238618,0.07806233472955547
2,256,1.85,uniform,66,0.255859375,0.08031607362641784,0.08031607362367674
2,256,1.85,uniform,67,0.259765625,0.08259925076973262,0.08259925076707693
2,256,1.85,uniform,68,0.263671875,0.08491179932897586,0.08491179932640013
2,256,1.85,uniform,69,0.267578125,0.08725365361677767,0.08725365361427864
2,256,1.85,uniform,70,0.271484375,0.08962474905555798,0.08962474905313354
2,256,1.85,uniform,71,0.275390625,0.09202502214298144,0.09202502214062631
2,256,1.85,uniform,72,0.279296875,0.09445441041895053,0.09445441041666389
2,256,1.85,uniform,73,0.283203125,0.09691285243408831,0.0969128524318662
2,256,1.85,uniform,74,0.287109375,0.0994002877195737,0.09940028771741223
2,256,1.85,uniform,75,0.291015625,0.10191665675828884,0.10191665675618601
2,256,1.85,uniform,76,0.294921875,0.10446190095719406,0.10446190095514993
2,256,1.85,uniform,77,0.298828125,0.10703596262086981,0.10703596261887739
2,256,1.85,uniform,78,0.302734375,0.10963878492612045,0.10963878492418157
2,256,1.85,uniform,79,0.306640625,0.11227031189767128,0.11227031189578127
2,256,1.85,uniform,80,0.310546875,0.11493048838478999,0.11493048838294864
2,256,1.85,uniform,81,0.314453125,0.11761926003888352,0.1176192600370875
2,256,1.85,uniform,82,0.318359375,0.12033657329194443,0.12033657329019355
2,256,1.85,uniform,83,0.322265625,0.12308237533586053,0.12308237533415184
2,256,1.85,uniform,84,0.326171875,0.1258566141024949,0.12585661410082874
2,256,1.85,uniform,85,0.330078125,0.1286592382445484,0.12865923824291897
2,256,1.85,uniform,86,0.333984375,0.1314901971170998,0.13149019711551035
2,256,1.85,uniform,87,0.337890625,0.13434944075988514,0.13434944075833113
2,256,1.85,uniform,88,0.341796875,0.13723691988016565,0.1372369198786472
2,256,1.85,uniform,89,0.345703125,0.14015258583626153,0.1401525858347779
2,256,1.85,uniform,90,0.349609375,0.14309639062165277,0.14309639062020185
2,256,1.85,uniform,91,0.353515625,0.14606828684964626,0.1460682868482244
2,256,1.85,uniform,92,0.357421875,0.14906822773857026,0.14906822773718173
2,256,1.85,uniform,93,0.361328125,0.15209616709751458,0.15209616709615667
2,256,1.85,uniform,94,0.365234375,0.1551520593125132,0.15515205931118314
2,256,1.85,uniform,95,0.369140625,0.15823585933322246,0.15823585933191767
2,256,1.85,uniform,96,0.373046875,0.16134752266003557,0.16134752265875718
2,256,1.85,uniform,97,0.376953125,0.16448700533163532,0.16448700533038363
2,256,1.85,uniform,98,0.380859375,0.1676542639129445,0.16765426391171717
2,256,1.85,uniform,99,0.384765625,0.17084925548345856,0.1708492554822601
2,256,1.85,uniform,100,0.388671875,0.1740719376259949,0.17407193762481535
2,256,1.85,uniform,101,0.392578125,0.17732226841571963,0.17732226841456364
2,256,1.85,uniform,102,0.396484375,0.18060020640962066,0.18060020640848448
2,256,1.85,uniform,103,0.400390625,0.18390571063621924,0.1839057106351069
2,256,1.85,uniform,104,0.404296875,0.18723874058566758,0.18723874058457657
2,256,1.85,uniform,105,0.408203125,0.1905992562000991,0.1905992561990264
2,256,1.85,uniform,106,0.412109375,0.19398721786429293,0.19398721786323858
2,256,1.85,uniform,107,0.416015625,0.19740258639662062,0.19740258639558683
2,256,1.85,uniform,108,0.419921875,0.2008453230402641,0.20084532303924726
2,256,1.85,uniform,109,0.423828125,0.20431538945466754,0.20431538945366828
2,256,1.85,uniform,110,0.427734375,0.20781274770727198,0.20781274770628874
2,256,1.85,uniform,111,0.431640625,0.21133736026546301,0.21133736026449543
2,256,1.85,uniform,112,0.435546875,0.21488918998875953,0.21488918998781092
2,256,1.85,uniform,113,0.439453125,0.21846820012123944,0.2184682001203026
2,256,1.85,uniform,114,0.443359375,0.2220743542841245,0.22207435428320543
2,256,1.85,uniform,115,0.447265625,0.22570761646865306,0.22570761646775003
2,256,1.85,uniform,116,0.451171875,0.2293679510290821,0.22936795102818885
2,256,1.85,uniform,117,0.455078125,0.2330553226758912,0.2330553226750133
2,256,1.85,uniform,118,0.458984375,0.2367696964692126,0.236769696468355
2,256,1.85,uniform,119,0.462890625,0.24051103781241703,0.24051103781156438
2,256,1.85,uniform,120,0.466796875,0.24427931244579765,0.2442793124449609
2,256,1.85,uniform,121,0.470703125,0.2480744864405732,0.24807448643974844
2,256,1.85,uniform,122,0.474609375,0.25189652619291036,0.25189652619209024
2,256,1.85,uniform,123,0.478515625,0.2557453984181379,0.25574539841733823
2,256,1.85,uniform,124,0.482421875,0.25962107014519237,0.2596210701444111
2,256,1.85,uniform,125,0.486328125,0.26352350871110286,0.2635235087103163
2,256,1.85,uniform,126,0.490234375,0.2674526817555764,0.26745268175481124
2,256,1.85,uniform,127,0.494140625,0.2714085572159532,0.27140855721519874
2,256,1.85,uniform,128,0.498046875,0.27539110332200095,0.2753911033212527
2,256,1.85,uniform,129,0.501953125,0.27940028859101496,0.2794002885902696
2,256,1.85,uniform,130,0.505859375,0.28343608182295915,0.28343608182224145
2,256,1.85,uniform,131,0.509765625,0.2874984520958664,0.28749845209514674
2,256,1.85,uniform,132,0.513671875,0.29158736876106445,0.2915873687603557
2,256,1.85,uniform,133,0.517578125,0.2957028014388535,0.2957028014381453
2,256,1.85,uniform,134,0.521484375,0.29984472001400897,0.29984472001332196
2,256,1.85,uniform,135,0.525390625,0.30401309463162873,0.3040130946309473
2,256,1.85,uniform,136,0.529296875,0.30820789569284807,0.30820789569216467
2,256,1.85,uniform,137,0.533203125,0.3124290938507888,0.312429093850123
2,256,1.85,uniform,138,0.537109375,0.31667666000665823,0.3166766600059949
2,256,1.85,uniform,139,0.541015625,0.3209505653057371,0.32095056530508603
2,256,1.85,uniform,140,0.544921875,0.32525078113368094,0.3252507811330338
2,256,1.85,uniform,141,0.548828125,0.3295772791127275,0.3295772791120917
2,256,1.85,uniform,142,0.552734375,0.3339300310981313,0.3339300310974975
2,256,1.85,uniform,143,0.556640625,0.3383090091745519,0.3383090091739223
2,256,1.85,uniform,144,0.560546875,0.34271418565261824,0.34271418565199846
2,256,1.85,uniform,145,0.564453125,0.3471455330655369,0.3471455330649238
2,256,1.85,uniform,146,0.568359375,0.35160302416574574,0.35160302416514044
2,256,1.85,uniform,147,0.572265625,0.356086631921692,0.35608663192108525
2,256,1.85,uniform,148,0.576171875,0.3605963295146001,0.3605963295140109
2,256,1.85,uniform,149,0.580078125,0.36513209033547334,0.3651320903348744
2,256,1.85,uniform,150,0.583984375,0.36969388798187314,0.36969388798129244
2,256,1.85,uniform,151,0.587890625,0.3742816962551412,0.3742816962545606
2,256,1.85,uniform,152,0.591796875,0.37889548915730553,0.3788954891567354
2,256,1.85,uniform,153,0.595703125,0.3835352408883377,0.3835352408877771
2,256,1.85,uniform,154,0.599609375,0.3882009258433231,0.3882009258427517
2,256,1.85,uniform,155,0.603515625,0.3928925186096406,0.39289251860909047
2,256,1.85,uniform,156,0.607421875,0.3976099939644699,0.3976099939639057
2,256,1.85,uniform,157,0.611328125,0.40235332687190006,0.40235332687136044
2,256,1.85,uniform,158,0.615234375,0.4071224924806363,0.4071224924800923
2,256,1.85,uniform,159,0.619140625,0.4119174661212248,0.41191746612068786
2,256,1.85,uniform,160,0.623046875,0.4167382233037415,0.41673822330320803
2,256,1.85,uniform,161,0.626953125,0.42158473971529264,0.42158473971476235
2,256,1.85,uniform,162,0.630859375,0.4264569912176492,0.42645699121713093
2,256,1.85,uniform,163,0.634765625,0.43135495384496275,0.4313549538444327
2,256,1.85,uniform,164,0.638671875,0.4362786038013527,0.4362786038008394
2,256,1.85,uniform,165,0.642578125,0.44122791745884243,0.4412279174583336
2,256,1.85,uniform,166,0.646484375,0.44620287135502146,0.4462028713545095
2,256,1.85,uniform,167,0.650390625,0.45120344219092645,0.45120344219041575
2,256,1.85,uniform,168,0.654296875,0.4562296068289352,0.4562296068284397
2,256,1.85,uniform,169,0.658203125,0.4612813422907392,0.46128134229023104
2,256,1.85,uniform,170,0.662109375,0.46635862575515497,0.4663586257546641
2,256,1.85,uniform,171,0.666015625,0.4714614345563215,0.4714614345558391
2,256,1.85,uniform,172,0.669921875,0.4765897461816242,0.47658974618111927
2,256,1.85,uniform,173,0.673828125,0.4817435382696823,0.4817435382692051
2,256,1.85,uniform,174,0.677734375,0.48692278860872723,0.48692278860824295
2,256,1.85,uniform,175,0.681640625,0.49212747513445027,0.49212747513396904
2,256,1.85,uniform,176,0.685546875,0.49735757592834917,0.49735757592788604
2,256,1.85,uniform,177,0.689453125,0.5026130692159553,0.5026130692154733
2,256,1.85,uniform,178,0.693359375,0.507893933364917,0.5078939333644285
2,256,1.85,uniform,179,0.697265625,0.51320014688339,0.5132001468829409
2,256,1.85,uniform,180,0.701171875,0.518531688418469,0.5185316884179955
2,256,1.85,uniform,181,0.705078125,0.5238885367541564,0.5238885367537056
2,256,1.85,uniform,182,0.708984375,0.5292706708101452,0.5292706708096767
2,256,1.85,uniform,183,0.712890625,0.5346780696398374,0.5346780696393967
2,256,1.85,uniform,184,0.716796875,0.5401107124291097,0.5401107124286556
2,256,1.85,uniform,185,0.720703125,0.5455685784944297,0.5455685784939914
2,256,1.85,uniform,186,0.724609375,0.551051647281624,0.5510516472811631
2,256,1.85,uniform,187,0.728515625,0.5565598983641098,0.5565598983636493
2,256,1.85,uniform,188,0.732421875,0.5620933114415992,0.5620933114411727
2,256,1.85,uniform,189,0.736328125,0.5676518663386854,0.567651866338249
2,256,1.85,uniform,190,0.740234375,0.5732355430032001,0.5732355430027605
2,256,1.85,uniform,191,0.744140625,0.5788443215049772,0.5788443215045527
2,256,1.85,uniform,192,0.748046875,0.5844781820344787,0.5844781820340554
2,256,1.85,uniform,193,0.751953125,0.5901371049013548,0.5901371049009255
2,256,1.85,uniform,194,0.755859375,0.5958210705331455,0.5958210705327125
2,256,1.85,uniform,195,0.759765625,0.6015300594739588,0.6015300594735453
2,256,1.85,uniform,196,0.763671875,0.6072640523832711,0.6072640523828414
2,256,1.85,uniform,197,0.767578125,0.613023030034439,0.6130230300340356
2,256,1.85,uniform,198,0.771484375,0.6188069733137411,0.61880697331333
2,256,1.85,uniform,199,0.775390625,0.6246158632188927,0.6246158632184636
2,256,1.85,uniform,200,0.779296875,0.6304496808578954,0.6304496808575021
2,256,1.85,uniform,201,0.783203125,0.6363084074480627,0.6363084074476455
2,256,1.85,uniform,202,0.787109375,0.6421920243144328,0.6421920243140562
2,256,1.85,uniform,203,0.791015625,0.6481005128891308,0.6481005128887039
2,256,1.85,uniform,204,0.794921875,0.6540338547096095,0.6540338547092295
2,256,1.85,uniform,205,0.798828125,0.6599920314182134,0.6599920314178265
2,256,1.85,uniform,206,0.802734375,0.6659750247605439,0.6659750247601391
2,256,1.85,uniform,207,0.806640625,0.6719828165845776,0.6719828165841779
2,256,1.85,uniform,208,0.810546875,0.6780153888396419,0.6780153888392517
2,256,1.85,uniform,209,0.814453125,0.6840727235752792,0.6840727235749156
2,256,1.85,uniform,210,0.818359375,0.6901548029403304,0.6901548029399357
2,256,1.85,uniform,211,0.822265625,0.6962616091816557,0.6962616091812682
2,256,1.85,uniform,212,0.826171875,0.7023931246434165,0.702393124643055
2,256,1.85,uniform,213,0.830078125,0.7085493317660313,0.7085493317656334
2,256,1.85,uniform,214,0.833984375,0.714730213084925,0.7147302130845611
2,256,1.85,uniform,215,0.837890625,0.7209357512300089,0.720935751229655
2,256,1.85,uniform,216,0.841796875,0.7271659289244361,0.7271659289240452
2,256,1.85,uniform,217,0.845703125,0.7334207289836003,0.7334207289832413
2,256,1.85,uniform,218,0.849609375,0.7397001343145884,0.7397001343142139
2,256,1.85,uniform,219,0.853515625,0.7460041279148399,0.7460041279144886
2,256,1.85,uniform,220,0.857421875,0.7523326928715995,0.7523326928712527
2,256,1.85,uniform,221,0.861328125,0.7586858123608488,0.7586858123604759
2,256,1.85,uniform,222,0.865234375,0.7650634696463878,0.7650634696460427
2,256,1.85,uniform,223,0.869140625,0.7714656480792788,0.771465648078897
2,256,1.85,uniform,224,0.873046875,0.7778923310965317,0.7778923310961999
2,256,1.85,uniform,225,0.876953125,0.784343502220843,0.7843435022204984
2,256,1.85,uniform,226,0.880859375,0.7908191450592839,0.7908191450589059
2,256,1.85,uniform,227,0.884765625,0.7973192433026344,0.7973192433022948
2,256,1.85,uniform,228,0.888671875,0.8038437807248369,0.8038437807244995
2,256,1.85,uniform,229,0.892578125,0.8103927411818829,0.8103927411815314
2,256,1.85,uniform,230,0.896484375,0.8169661086111354,0.8169661086108037
2,256,1.85,uniform,231,0.900390625,0.8235638670307217,0.8235638670303677
2,256,1.85,uniform,232,0.904296875,0.8301860005384865,0.8301860005381592
2,256,1.85,uniform,233,0.908203125,0.836832493311613,0.8368324933112551
2,256,1.85,uniform,234,0.912109375,0.843503329605452,0.8435033296051404
2,256,1.85,uniform,235,0.916015625,0.8501984937533426,0.8501984937529847
2,256,1.85,uniform,236,0.919921875,0.8569179701652627,0.856917970164929
2,256,1.85,uniform,237,0.923828125,0.8636617433277386,0.863661743327381
2,256,1.85,uniform,238,0.927734375,0.8704297978026486,0.8704297978023214
2,256,1.85,uniform,239,0.931640625,0.8772221182269493,0.877222118226618
2,256,1.85,uniform,240,0.935546875,0.884038689311662,0.8840386893113492
2,256,1.85,uniform,241,0.939453125,0.8908794958414883,0.8908794958411375
2,256,1.85,uniform,242,0.943359375,0.8977445226738137,0.8977445226734898
2,256,1.85,uniform,243,0.947265625,0.904633754738473,0.904633754738148
2,256,1.85,uniform,244,0.951171875,0.911547177036777,0.9115471770364474
2,256,1.85,uniform,245,0.955078125,0.9184847746409744,0.9184847746406832
2,256,1.85,uniform,246,0.958984375,0.9254465326938468,0.9254465326934858
2,256,1.85,uniform,247,0.962890625,0.9324324364075255,0.9324324364072032
2,256,1.85,uniform,248,0.966796875,0.9394424710636149,0.9394424710632925
2,256,1.85,uniform,249,0.970703125,0.9464766220120024,0.946476622011718
2,256,1.85,uniform,250,0.974609375,0.9535348746707035,0.9535348746703578
2,256,1.85,uniform,251,0.978515625,0.9606172145247286,0.9606172145244172
2,256,1.85,uniform,252,0.982421875,0.9677236271261593,0.9677236271258504
2,256,1.85,uniform,253,0.986328125,0.9748540980931083,0.9748540980927881
2,256,1.85,uniform,254,0.990234375,0.9820086131092582,0.9820086131089742
2,256,1.85,uniform,255,0.994140625,0.9891871579235368,0.9891871579232073
2,256,1.85,uniform,256,0.998046875,0.996389718349037,0.9963897183487906
2,256,1.85,uniform,257,1.0,1.0000000000001634,1.0
2,256,1.85,positional,0,0.0,0.0,0.0
2,256,1.85,positional,1,3.5625185751019132e-06,8.329603048769511e-11,8.332027684323128e-11
2,256,1.85,positional,2,1.0687555725303326e-05,6.362029578769841e-10,6.35953007526425e-10
2,256,1.85,positional,3,1.7812592875746007e-05,1.6361872780067557e-09,1.6362332446259253e-09
2,256,1.85,positional,4,2.493763003107049e-05,3.0492949552505648e-09,3.049173091152175e-09
2,256,1.85,positional,5,3.206266774188116e-05,4.853636173480743e-09,4.8539954055889916e-09
2,256,1.85,positional,6,3.919263473217649e-05,7.0390214772257586e-09,7.037659504024394e-09
2,256,1.85,positional,7,6.095262879859706e-05,1.5903591350218e-08,1.5930742415787595e-08
2,256,1.85,positional,8,0.00016466350558495376,1.0013649374599255e-07,1.0016248956827094e-07
2,256,1.85,positional,9,0.00036232477901230645,4.3087159584703555e-07,4.3085522754909957e-07
2,256,1.85,positional,10,0.000603790554305425,1.1082576286943892e-06,1.1082549559755977e-06
2,256,1.85,positional,11,0.0008804334532965678,2.2268376250524657e-06,2.226837833485689e-06
2,256,1.85,positional,12,0.0011953023021719052,3.920428023413282e-06,3.920431306034763e-06
2,256,1.85,positional,13,0.0015526432863650359,6.360369057123947e-06,6.360373596483655e-06
2,256,1.85,positional,14,0.0019558681041014774,9.749401637793686e-06,9.74940684704585e-06
2,256,1.85,positional,15,0.0024071074246439263,1.4314179645961124e-05,1.431418494022233e-05
2,256,1.85,positional,16,0.0029072707949152673,2.0297756594930565e-05,2.029776164638923e-05
2,256,1.85,positional,17,0.0034563100563221472,2.7953321140307785e-05,2.7953325758169874e-05
2,256,1.85,positional,18,0.004053529992583517,3.753978018859569e-05,3.753978430325363e-05
2,256,1.85,positional,19,0.004697862447081999,4.93191424693842e-05,4.9319146084701146e-05
2,256,1.85,positional,20,0.0053880723411487905,6.355530419041401e-05,6.355530735188888e-05
2,256,1.85,positional,21,0.006122895257785612,8.051376225693141e-05,8.051376502743588e-05
2,256,1.85,positional,22,0.006901119753495794,0.00010046185250504698,0.00010046185495042205
2,256,1.85,positional,23,0.007721630252157741,0.00012366922680701753,0.00012366922898826975
2,256,1.85,positional,24,0.008583424208358635,0.00015040838953148084,0.0001504083915014207
2,256,1.85,positional,25,0.009485613728387132,0.00018095519312337724,0.00018095519492579093
2,256,1.85,positional,26,0.010427418591834213,0.00021558924485839116,0.00021558924652852914
2,256,1.85,positional,27,0.011408155116896499,0.00025459420843089117,0.00025459420999652974
2,256,1.85,positional,28,0.01242722356336402,0.0002982580016377393,0.0002982580031204047
2,256,1.85,positional,29,0.013484095614876426,0.00034687290026180176,0.0003468729016779476
2,256,1.85,positional,30,0.014578302755151862,0.00040073556193506265,0.00040073556329711375
2,256,1.85,positional,31,0.015709425911194258,0.0004601469845606762,0.0004601469858779025
2,256,1.85,positional,32,0.016877086478329535,0.0005254124131793335,0.0005254124144585765
2,256,1.85,positional,33,0.01808093869841236,0.000596841207780436,0.0005968412090266779
2,256,1.85,positional,34,0.019320663288828165,0.0006747466829293652,0.0006747466841461903
2,256,1.85,positional,35,0.020595962187572866,0.0007594459284458884,0.000759445929635845
2,256,1.85,positional,36,0.021906554271084643,0.000851259618841463,0.0008512596200063216
2,256,1.85,positional,37,0.023252171905872036,0.0009505118178542317,0.0009505118189952292
2,256,1.85,positional,38,0.024632558205887625,0.0010575297832234182,0.0010575297843413974
2,256,1.85,positional,39,0.026047464881263895,0.0011726437758134529,0.0011726437769089934
2,256,1.85,positional,40,0.027496650578314005,0.001296186876320104,0.0012961868773936275
2,256,1.85,positional,41,0.028979879624445176,0.0014284948120482266,0.0014284948131000565
2,256,1.85,positional,42,0.030496921104261325,0.0015699057956267736,0.0015699057966571772
2,256,1.85,positional,43,0.03204754820440962,0.0017207603770052278,0.0017207603780144713
2,256,1.85,positional,44,0.03363153777461034,0.00188140130964189,0.0018814013106302559
2,256,1.85,positional,45,0.035248670060861645,0.0020521734314352907,0.0020521734324031042
2,256,1.85,positional,46,0.036898728574142,0.0022334235606546343,0.002233423561602249
2,256,1.85,positional,47,0.03858150006417452,0.0024255004068832985,0.0024255004078111236
2,256,1.85,positional,48,0.04029677457310348,0.002628754496793371,0.002628754497701878
2,256,1.85,positional,49,0.042044345548391135,0.002843538114411023,0.002843538115300734
2,256,1.85,positional,50,0.04382400999798945,0.0030702052554067555,0.003070205256278242
2,256,1.85,positional,51,0.04563556867398125,0.003309111594845848,0.0033091115956997413
2,256,1.85,positional,52,0.04747882627350833,0.0035606144677581436,0.003560614468595067
2,256,1.85,positional,53,0.04935359164799098,0.003825072861828491,0.0038250728626491692
2,256,1.85,positional,54,0.051259678013461485,0.004102847421468365,0.004102847422273562
2,256,1.85,positional,55,0.05319690315634161,0.00439430046249924,0.004394300463289677
2,256,1.85,positional,56,0.05516508963024122,0.004699795996660609,0.004699795997437063
2,256,1.85,positional,57,0.057164064940383244,0.005019699765146672,0.005019699765910005
2,256,1.85,positional,58,0.0591936617131057,0.005354379280372971,0.005354379281123879
2,256,1.85,positional,59,0.0612537178485839,0.005704203875176742,0.005704203875916156
2,256,1.85,positional,60,0.06334407665548157,0.0060695447586667315,0.0060695447593953605
2,256,1.85,positional,61,0.06546458696669881,0.006450775077944489,0.006450775078663274
2,256,1.85,positional,62,0.06761510323575659,0.006848269984941293,0.006848269985650986
2,256,1.85,positional,63,0.06979548561365652,0.0072624067076254946,0.007262406708326891
2,256,1.85,positional,64,0.07200560000629383,0.0076935646248605435,0.007693564625554437
2,256,1.85,positional,65,0.07424531811269104,0.008142125344211229,0.008142125344898417
2,256,1.85,positional,66,0.07651451744446983,0.008608472782019885,0.008608472782701188
2,256,1.85,positional,67,0.07881308132709439,0.009092993245097276,0.009092993245773427
2,256,1.85,positional,68,0.08114089888351042,0.009596075513396982,0.009596075514068585
2,256,1.85,positional,69,0.0834978650008709,0.010118110923067074,0.010118110923734899
2,256,1.85,positional,70,0.08588388028109185,0.010659493449300096,0.010659493449964768
2,256,1.85,positional,71,0.08829885097601708,0.011220619788424955,0.011220619789087193
2,256,1.85,positional,72,0.09074268890799814,0.01180188943871536,0.011801889439375986
2,256,1.85,positional,73,0.09321531137671171,0.012403704779414085,0.012403704780073329
2,256,1.85,positional,74,0.09571664105304857,0.013026471147497585,0.013026471148156226
2,256,1.85,positional,75,0.09824660586091236,0.013670596911742876,0.013670596912401314
2,256,1.85,positional,76,0.10080513884776851,0.014336493543673185,0.014336493544332087
2,256,1.85,positional,77,0.1033921780447814,0.015024575685001934,0.015024575685661647
2,256,1.85,positional,78,0.10600766631737385,0.01573526121121258,0.01573526121187349
2,256,1.85,positional,79,0.10865155120703648,0.01646897129094969,0.016468971291612473
2,256,1.85,positional,80,0.1113237847652079,0.017226130440923703,0.017226130441588522
2,256,1.85,positional,81,0.11402432338003651,0.018007166576058185,0.0180071665767258
2,256,1.85,positional,82,0.11675312759682625,0.018812511054650868,0.018812511055320915
2,256,1.85,positional,83,0.11951016193295724,0.019642598718331256,0.019642598719004648
2,256,1.85,positional,84,0.1222953946880603,0.020497867926655824,0.020497867927332433
2,256,1.85,positional,85,0.12510879775021236,0.0213787605861799,0.02137876058686008
2,256,1.85,positional,86,0.1279503463989056,0.02228572217390761,0.022285722174591887
2,256,1.85,positional,87,0.13082001910552848,0.02321920175503073,0.023219201755718986
2,256,1.85,positional,88,0.13371779733208083,0.024179651994903493,0.024179651995596137
2,256,1.85,positional,89,0.13664366532882768,0.025167529165237807,0.025167529165934847
2,256,1.85,positional,90,0.13959760993157838,0.02618329314451863,0.026183293145220107
2,256,1.85,positional,91,0.14257962035925614,0.027227407412679958,0.027227407413386105
2,256,1.85,positional,92,0.14558968801240246,0.028300339040103723,0.028300339040814124
2,256,1.85,positional,93,0.1486278062732368,0.02940255867102656,0.029402558671741946
2,256,1.85,positional,94,0.15169397030786658,0.03053454050147927,0.030534540502199385
2,256,1.85,positional,95,0.15478817687121615,0.03169676225188347,0.03169676225260835
2,256,1.85,positional,96,0.15791042411521405,0.03288970513447866,0.032889705135207885
2,256,1.85,positional,97,0.16106071140074846,0.0341138538157511,0.03411385381648566
2,256,1.85,positional,98,0.16423903911386822,0.035369696374076734,0.03536969637481575
2,256,1.85,positional,99,0.1674454084866741,0.03665772425277611,0.03665772425351976
2,256,1.85,positional,100,0.17067982142330895,0.037978432208835296,0.03797843220958307
2,256,1.85,positional,101,0.17394228033142162,0.03933231825751819,0.03933231825827115
2,256,1.85,positional,102,0.17723278795944036,0.04071988361314436,0.04071988361390128
2,256,1.85,positional,103,0.18055134723995503,0.042141632626272976,0.04214163262703387
2,256,1.85,positional,104,0.18389796113946838,0.043598072717588324,0.0435980727183539
2,256,1.85,positional,105,0.18727263251473764,0.04508971430874751,0.045089714309516964
2,256,1.85,positional,106,0.19067536397588986,0.046617070750463264,0.04661707075123705
2,256,1.85,positional,107,0.1941061577564536,0.04818065824811514,0.04818065824889231
2,256,1.85,positional,108,0.19756501559041292,0.049780995785143195,0.04978099578592368
2,256,1.85,positional,109,0.20105193859635076,0.051418605044512636,0.051418605045296724
2,256,1.85,positional,110,0.20456692716871183,0.05309401032850348,0.0530940103292912
2,256,1.85,positional,111,0.20810998087618005,0.05480773847708515,0.05480773847787535
2,256,1.85,positional,112,0.21168109836713003,0.05656031878511837,0.056560318785912396
2,256,1.85,positional,113,0.2152802772820805,0.05835228291863978,0.058352282919436275
2,256,1.85,positional,114,0.21890751417304577,0.060184164830422895,0.06018416483122163
2,256,1.85,positional,115,0.2225628044296528,0.06205650067505764,0.06205650067585984
2,256,1.85,positional,116,0.22624614221186487,0.06396982872373635,0.06396982872453938
2,256,1.85,positional,117,0.22995752038912837,0.06592468927890806,0.06592468927971368
2,256,1.85,positional,118,0.2336969304857373,0.067921624589018,0.0679216245898249
2,256,1.85,positional,119,0.2374643626321914,0.06996117876342864,0.06996117876423635
2,256,1.85,positional,120,0.24125980552230658,0.07204389768770131,0.0720438976885108
2,256,1.85,positional,121,0.24508324637582313,0.07417032893934807,0.0741703289401565
2,256,1.85,positional,122,0.24893467090624502,0.07634102170413656,0.07634102170494717
2,256,1.85,positional,123,0.25281406329363687,0.07855652669309875,0.07855652669390775
2,256,1.85,positional,124,0.2567214061620967,0.08081739606023222,0.08081739606104306
2,256,1.85,positional,125,0.26065668056162256,0.08312418332106354,0.08312418332187334
2,256,1.85,positional,126,0.2646198659540864,0.08547744327201705,0.08547744327282708
2,256,1.85,positional,127,0.2686109402030341,0.08787773191072026,0.0878777319115311
2,256,1.85,positional,128,0.2726298795670313,0.09032560635721666,0.09032560635802564
2,256,1.85,positional,129,0.2766766586962811,0.09282162477611249,0.09282162477692367
2,256,1.85,positional,130,0.2807512506322487,0.09536634629971326,0.09536634630052448
2,256,1.85,positional,131,0.28485362681003534,0.0979603309520728,0.097960330952885
2,256,1.85,positional,132,0.28898375706325574,0.10060413957403452,0.10060413957484549
2,256,1.85,positional,133,0.2931416096311858,0.1032983337491943,0.10329833375000246
2,256,1.85,positional,134,0.29732715116795905,0.10604347573080844,0.10604347573161743
2,256,1.85,positional,135,0.3015403467536057,0.10884012836964234,0.10884012837044792
2,256,1.85,positional,136,0.30578115990674204,0.11168885504268257,0.11168885504348633
2,256,1.85,positional,137,0.31004955259873423,0.1145902195827913,0.11459021958359208
2,256,1.85,positional,138,0.3143454852691736,0.11754478620920318,0.1175447862100027
2,256,1.85,positional,139,0.3186689168425206,0.12055311945891418,0.12055311945971343
2,256,1.85,positional,140,0.32301980474578385,0.12361578411891806,0.12361578411971477
2,256,1.85,positional,141,0.32739810492712307,0.1267333451592873,0.1267333451600841
2,256,1.85,positional,142,0.33180377187527343,0.12990636766713712,0.1299063676679296
2,256,1.85,positional,143,0.3362367586397079,0.13313541678140364,0.13313541678219065
2,256,1.85,positional,144,0.3406970168514646,0.13642105762851525,0.13642105762930345
2,256,1.85,positional,145,0.34518449674458196,0.1397638552589632,0.13976385525974747
2,256,1.85,positional,146,0.3496991471780948,0.14316437458470907,0.1431643745854925
2,256,1.85,positional,147,0.3542409156585574,0.1466231803175931,0.1466231803183746
2,256,1.85,positional,148,0.35880974836306856,0.15014083690865745,0.15014083690943286
2,256,1.85,positional,149,0.36340559016278373,0.1537179084884767,0.15371790848924688
2,256,1.85,positional,150,0.3680283846469095,0.1573549588085533,0.1573549588093203
2,256,1.85,positional,151,0.37267807414717935,0.16105255118379627,0.1610525511845614
2,256,1.85,positional,152,0.3773545997628198,0.1648112484361566,0.16481124843691752
2,256,1.85,positional,153,0.3820579013860195,0.16863161283946593,0.16863161284022524
2,256,1.85,positional,154,0.3867879177279182,0.17251420606558837,0.17251420606634313
2,256,1.85,positional,155,0.39154458634513667,0.17645958913188534,0.17645958913263807
2,256,1.85,positional,156,0.396327843666871,0.18046832235015076,0.18046832235090002
2,256,1.85,positional,157,0.4011376250225761,0.1845409652770171,0.18454096527776367
2,256,1.85,positional,158,0.4059738646702645,0.18867807666597639,0.18867807666671838
2,256,1.85,positional,159,0.41083649582544535,0.1928802144210471,0.19288021442178863
2,256,1.85,positional,160,0.41572545069073064,0.19714793555223267,0.19714793555297097
2,256,1.85,positional,161,0.42064066048613075,0.2014817961327745,0.20148179613351277
2,256,1.85,positional,162,0.4255820554800629,0.20588235125838683,0.20588235125911908
2,256,1.85,positional,163,0.4305495650210922,0.2103501550084432,0.21035015500917437
2,256,1.85,positional,164,0.43554311757042175,0.21488576040933627,0.2148857604100634
2,256,1.85,positional,165,0.44056264073514734,0.21948971939995268,0.2194897194006777
2,256,1.85,positional,166,0.44560806130228636,0.224162582799463,0.22416258280018786
2,256,1.85,positional,167,0.4506793052735883,0.2289049002774499,0.22890490027816301
2,256,1.85,positional,168,0.45577629790113117,0.23371722032640357,0.2337172203271161
2,256,1.85,positional,169,0.46089896372370276,0.23860009023684572,0.23860009023754802
2,256,1.85,positional,170,0.46604722660396214,0.24355405607486505,0.24355405607556246
2,256,1.85,positional,171,0.4712210097663747,0.24857966266242776,0.2485796626631195
2,256,1.85,positional,172,0.4764202358359069,0.25367745356029725,0.25367745356099025
2,256,1.85,positional,173,0.48164482687746646,0.25884797105378243,0.2588479710544724
2,256,1.85,positional,174,0.48689470443606764,0.26409175614124364,0.2640917561419207
2,256,1.85,positional,175,0.49216978957769975,0.2694093485254635,0.2694093485261431
2,256,1.85,positional,176,0.4974700029308714,0.27480128660802916,0.2748012866087061
2,256,1.85,positional,177,0.5027952647288026,0.28026810748651415,0.2802681074871909
2,256,1.85,positional,178,0.5081454948522326,0.28581034695476654,0.2858103469554354
2,256,1.85,positional,179,0.5135206128728068,0.2914285395061147,0.2914285395067908
2,256,1.85,positional,180,0.51892053809701,0.2971232183397591,0.2971232183404209
2,256,1.85,positional,181,0.5243451896106021,0.30289491537000796,0.30289491537066116
2,256,1.85,positional,182,0.5297944863235193,0.30874416123879783,0.308744161239456
2,256,1.85,positional,183,0.5352683470151973,0.31467148533122336,0.31467148533188416
2,256,1.85,positional,184,0.5407666903802718,0.3206774157941112,0.3206774157947772
2,256,1.85,positional,185,0.5462894350746146,0.32676247955778565,0.32676247955843624
2,256,1.85,positional,186,0.5518364997616579,0.3329272023607852,0.33292720236144124
2,256,1.85,positional,187,0.5574078031589625,0.3391721087778951,0.3391721087785482
2,256,1.85,positional,188,0.563003264084984,0.34549772225100944,0.3454977222516644
2,256,1.85,positional,189,0.5686228015059923,0.35190456512324475,0.35190456512388746
2,256,1.85,positional,190,0.5742663345830972,0.35839315867595106,0.3583931586765899
2,256,1.85,positional,191,0.5799337827193376,0.3649640231688881,0.3649640231695305
2,256,1.85,positional,192,0.5856250656067901,0.37161767788333216,0.37161767788396943
2,256,1.85,positional,193,0.5913401032736516,0.37835464116812234,0.3783546411687582
2,256,1.85,positional,194,0.5970788161312576,0.385175430488739,0.38517543048938035
2,256,1.85,positional,195,0.6028411250209926,0.39208056247927137,0.39208056247990897
2,256,1.85,positional,196,0.6086269512610547,0.3990705529972036,0.3990705529978498
2,256,1.85,positional,197,0.6144362166930359,0.4061459171812042,0.4061459171818365
2,256,1.85,positional,198,0.6202688437282833,0.4133071695114935,0.41330716951214114
2,256,1.85,positional,199,0.6261247553940028,0.42055482387333176,0.4205548238739622
2,256,1.85,positional,200,0.6320038753790793,0.4278893936228182,0.4278893936234571
2,256,1.85,positional,201,0.6379061280795748,0.43531139165585536,0.4353113916564733
2,256,1.85,positional,202,0.643831438643881,0.4428213304793155,0.44282133047994493
2,256,1.85,positional,203,0.6497797330174969,0.45041972228529753,0.450419722285912
2,256,1.85,positional,204,0.6557509379874065,0.4581070790274998,0.4581070790281244
2,256,1.85,positional,205,0.6617449812260336,0.4658839125005651,0.4658839125011893
2,256,1.85,positional,206,0.6677617913347527,0.4737507344216,0.47375073442222276
2,256,1.85,positional,207,0.6738012978869352,0.4817080565143457,0.48170805651496745
2,256,1.85,positional,208,0.679863431470517,0.48975639059572024,0.4897563905963369
2,256,1.85,positional,209,0.6859481237300673,0.49789624866474197,0.4978962486653479
2,256,1.85,positional,210,0.69205530740835,0.5061281429937942,0.5061281429944043
2,256,1.85,positional,211,0.6981849163873606,0.5144525862222807,0.5144525862228947
2,256,1.85,positional,212,0.7043368857288348,0.5228700914524622,0.5228700914530707
2,256,1.85,positional,213,0.7105111517142155,0.5313811723475578,0.5313811723481697
2,256,1.85,positional,214,0.7167076518840744,0.5399863432321298,0.5399863432327487
2,256,1.85,positional,215,0.7229263250769818,0.5486861191945773,0.5486861191951982
2,256,1.85,positional,216,0.7291671114678241,0.5574810161918088,0.5574810161924066
2,256,1.85,positional,217,0.735429952605563,0.5663715511559373,0.5663715511565436
2,256,1.85,positional,218,0.74171479145044,0.5753582421033255,0.5753582421039353
2,256,1.85,positional,219,0.7480215724106256,0.5844416082454036,0.5844416082460095
2,256,1.85,positional,220,0.7543502413783156,0.5936221701016906,0.593622170102279
2,256,1.85,positional,221,0.7607007457652768,0.6029004496147383,0.6029004496153448
2,256,1.85,positional,222,0.7670730345378505,0.6122769702672867,0.6122769702678987
2,256,1.85,positional,223,0.773467058251416,0.6217522572011086,0.621752257201703
2,256,1.85,positional,224,0.7798827690843231,0.6313268373379244,0.631326837338529
2,256,1.85,positional,225,0.7863201208713002,0.6410012395024335,0.6410012395030422
2,256,1.85,positional,226,0.7927790691363479,0.6507759945470313,0.650775994547614
2,256,1.85,positional,227,0.7992595711251262,0.6606516354784374,0.6606516354790505
2,256,1.85,positional,228,0.8057615858368485,0.6706286975866087,0.6706286975872283
2,256,1.85,positional,229,0.8122850740556894,0.6807077185750243,0.6807077185756244
2,256,1.85,positional,230,0.8188299983817211,0.6908892386931209,0.6908892386937342
2,256,1.85,positional,231,0.8253963232613899,0.7011738008707784,0.7011738008713722
2,256,1.85,positional,232,0.831984015017545,0.711561950854234,0.7115619508548505
2,256,1.85,positional,233,0.8385930418790336,0.7220542373444225,0.7220542373450316
2,256,1.85,positional,234,0.8452233740098752,0.7326512121366324,0.7326512121372558
2,256,1.85,positional,235,0.8518749835380303,0.7433534302625108,0.7433534302631425
2,256,1.85,positional,236,0.8585478445837764,0.7541614501336396,0.7541614501342689
2,256,1.85,positional,237,0.8652419332877082,0.7650758336870983,0.7650758336877289
2,256,1.85,positional,238,0.8719572278383743,0.7760971465329283,0.7760971465335788
2,256,1.85,positional,239,0.8786937084995672,0.7872259581035381,0.7872259581041741
2,256,1.85,positional,240,0.8854513576372822,0.7984628418047442,0.7984628418054105
2,256,1.85,positional,241,0.8922301597463594,0.8098083751692148,0.8098083751698751
2,256,1.85,positional,242,0.8990301014768252,0.8212631400112664,0.8212631400119214
2,256,1.85,positional,243,0.9058511716599477,0.8328277225839968,0.8328277225846787
2,256,1.85,positional,244,0.9126933613340243,0.8445027137383431,0.8445027137390163
2,256,1.85,positional,245,0.9195566637699146,0.8562887090837781,0.8562887090844705
2,256,1.85,positional,246,0.9264410744963345,0.8681863091514642,0.8681863091521591
2,256,1.85,positional,247,0.933346591324929,0.8801961195590196,0.8801961195596971
2,256,1.85,positional,248,0.9402732143751378,0.8923187511774654,0.8923187511781375
2,256,1.85,positional,249,0.9472209460988683,0.9045548203002842,0.904554820300956
2,256,1.85,positional,250,0.9541897913049948,0.9169049488144306,0.9169049488151046
2,256,1.85,positional,251,0.961179757183696,0.9293697643734652,0.9293697643741594
2,256,1.85,positional,252,0.9681908533306459,0.9419499005728812,0.9419499005735829
2,256,1.85,positional,253,0.9752230917710779,0.9546459971274419,0.9546459971281372
2,256,1.85,positional,254,0.9822764869837304,0.9674587000507421,0.9674587000514676
2,256,1.85,positional,255,0.9893510559246936,0.98038866183719,0.9803886618378906
2,256,1.85,positional,256,0.9964468180511712,0.9934365416456392,0.9934365416464188
2,256,1.85,positional,257,1.0,0.9999999999994713,1.0
2,256,1.95,uniform,0,0.0,0.0,0.0
2,256,1.95,uniform,1,0.001953125,5.2109960864329805e-06,5.211030032174667e-06
2,256,1.95,uniform,2,0.005859375,4.439812671891748e-05,4.439254287381756e-05
2,256,1.95,uniform,3,0.009765625,0.00012020261010582179,0.00012020293847908855
2,256,1.95,uniform,4,0.013671875,0.00023166791504155963,0.00023166730905568956
2,256,1.95,uniform,5,0.017578125,0.0003781783124529791,0.0003781781817867049
2,256,1.95,uniform,6,0.021484375,0.0005592930611094275,0.0005592929077107293
2,256,1.95,uniform,7,0.025390625,0.0007746636247360282,0.0007746635346054462
2,256,1.95,uniform,8,0.029296875,0.0010240037851455396,0.0010240037127103115
2,256,1.95,uniform,9,0.033203125,0.0013070704337725682,0.0013070703791691982
2,256,1.95,uniform,10,0.037109375,0.0016236525901673028,0.0016236525463052787
2,256,1.95,uniform,11,0.041015625,0.0019735639733065094,0.0019735639376894545
2,256,1.95,uniform,12,0.044921875,0.002356637921472167,0.002356637891887114
2,256,1.95,uniform,13,0.048828125,0.0027727237148305944,0.0027727236899031636
2,256,1.95,uniform,14,0.052734375,0.0032216838429630712,0.0032216838216728868
2,256,1.95,uniform,15,0.056640625,0.003703391915383528,0.0037033918969961175
2,256,1.95,uniform,16,0.060546875,0.004217731029444466,0.004217731013407462
2,256,1.95,uniform,17,0.064453125,0.004764592471120435,0.004764592457013577
2,256,1.95,uniform,18,0.068359375,0.005343874664174503,0.005343874651671484
2,256,1.95,uniform,19,0.072265625,0.005955482308294808,0.005955482297138881
2,256,1.95,uniform,20,0.076171875,0.006599325663564905,0.006599325653551067
2,256,1.95,uniform,21,0.080078125,0.0072753199499908045,0.007275319940953593
2,256,1.95,uniform,22,0.083984375,0.007983384838735503,0.00798338483053978
2,256,1.95,uniform,23,0.087890625,0.008723444017338312,0.008723444009872702
2,256,1.95,uniform,24,0.091796875,0.009495424815276465,0.009495424808448491
2,256,1.95,uniform,25,0.095703125,0.010299257879227874,0.010299257872959702
2,256,1.95,uniform,26,0.099609375,0.011134876889634375,0.011134876883860704
2,256,1.95,uniform,27,0.103515625,0.012002218311871512,0.012002218306536375
2,256,1.95,uniform,28,0.107421875,0.012901221176622431,0.012901221171678315
2,256,1.95,uniform,29,0.111328125,0.013831826885077723,0.013831826880483457
2,256,1.95,uniform,30,0.115234375,0.014793979035361617,0.014793979031081723
2,256,1.95,uniform,31,0.119140625,0.015787623267222106,0.01578762326322581
2,256,1.95,uniform,32,0.123046875,0.0168127071225159,0.016812707118776145
2,256,1.95,uniform,33,0.126953125,0.017869179919422964,0.017869179915916203
2,256,1.95,uniform,34,0.130859375,0.01895699263865449,0.01895699263535959
2,256,1.95,uniform,35,0.134765625,0.02007609782017764,0.020076097817076467
2,256,1.95,uniform,36,0.138671875,0.021226449469209794,0.02122644946628578
2,256,1.95,uniform,37,0.142578125,0.022408002970401988,0.0224080029676407
2,256,1.95,uniform,38,0.146484375,0.02362071500929668,0.023620715006685274
2,256,1.95,uniform,39,0.150390625,0.0248645435002598,0.024864543497786114
2,256,1.95,uniform,40,0.154296875,0.02613944752019507,0.026139447517848875
2,256,1.95,uniform,41,0.158203125,0.027445387247446565,0.027445387245218666
2,256,1.95,uniform,42,0.162109375,0.028782323905357742,0.028782323903239402
2,256,1.95,uniform,43,0.166015625,0.03015021971002866,0.03015021970801181
2,256,1.95,uniform,44,0.169921875,0.03154903782186713,0.03154903781994517
2,256,1.95,uniform,45,0.173828125,0.03297874230057916,0.03297874229874543
2,256,1.95,uniform,46,0.177734375,0.03443929806327409,0.034439298061523314
2,256,1.95,uniform,47,0.181640625,0.03593067084541573,0.03593067084374171
2,256,1.95,uniform,48,0.185546875,0.037452827164353816,0.03745282716275221
2,256,1.95,uniform,49,0.189453125,0.03900573428523103,0.03900573428369774
2,256,1.95,uniform,50,0.193359375,0.04058936018905187,0.04058936018758169
2,256,1.95,uniform,51,0.197265625,0.04220367354273398,0.04220367354132433
2,256,1.95,uniform,52,0.201171875,0.04384864367099936,0.043848643669645714
2,256,1.95,uniform,53,0.205078125,0.045524240529929816,0.04552424052862984
2,256,1.95,uniform,54,0.208984375,0.04723043468208913,0.04723043468083932
2,256,1.95,uniform,55,0.212890625,0.04896719727306507,0.04896719727186186
2,256,1.95,uniform,56,0.216796875,0.050734500009338664,0.050734500008181416
2,256,1.95,uniform,57,0.220703125,0.05253231513739205,0.052532315136276216
2,256,1.95,uniform,58,0.224609375,0.05436061542392956,0.054360615422855176
2,256,1.95,uniform,59,0.228515625,0.05621937413718896,0.05621937413615161
2,256,1.95,uniform,60,0.232421875,0.05810856502920068,0.058108565028200616
2,256,1.95,uniform,61,0.236328125,0.0600281623189974,0.060028162318032374
2,256,1.95,uniform,62,0.240234375,0.06197814067665375,0.0619781406757198
2,256,1.95,uniform,63,0.244140625,0.063958475208125,0.06395847520722367
2,256,1.95,uniform,64,0.248046875,0.06596914144085442,0.06596914143998309
2,256,1.95,uniform,65,0.251953125,0.06801011531004696,0.06801011530920358
2,256,1.95,uniform,66,0.255859375,0.0700813731456145,0.07008137314479848
2,256,1.95,uniform,67,0.259765625,0.07218289165973285,0.07218289165894301
2,256,1.95,uniform,68,0.263671875,0.07431464793496767,0.07431464793420338
2,256,1.95,uniform,69,0.267578125,0.07647661941294759,0.07647661941220625
2,256,1.95,uniform,70,0.271484375,0.07866878388353393,0.07866878388281633
2,256,1.95,uniform,71,0.275390625,0.08089111947448867,0.08089111947379227
2,256,1.95,uniform,72,0.279296875,0.08314360464156798,0.08314360464089314
2,256,1.95,uniform,73,0.283203125,0.08542621815906472,0.08542621815840999
2,256,1.95,uniform,74,0.287109375,0.08773893911073298,0.08773893911009827
2,256,1.95,uniform,75,0.291015625,0.09008174688110686,0.09008174688048919
2,256,1.95,uniform,76,0.294921875,0.09245462114715862,0.092454621146559
2,256,1.95,uniform,77,0.298828125,0.094857541870318,0.09485754186973717
2,256,1.95,uniform,78,0.302734375,0.0972904892888008,0.09729048928823512
2,256,1.95,uniform,79,0.306640625,0.0997534439102283,0.09975344390967873
2,256,1.95,uniform,80,0.310546875,0.10224638650456395,0.10224638650402905
2,256,1.95,uniform,81,0.314453125,0.1047692980972938,0.10476929809677617
2,256,1.95,uniform,82,0.318359375,0.10732215996289697,0.10732215996239251
2,256,1.95,uniform,83,0.322265625,0.10990495361852369,0.10990495361803272
2,256,1.95,uniform,84,0.326171875,0.11251766081794565,0.11251766081746768
2,256,1.95,uniform,85,0.330078125,0.11516026354570727,0.11516026354524157
2,256,1.95,uniform,86,0.333984375,0.11783274401149316,0.11783274401104095
2,256,1.95,uniform,87,0.337890625,0.1205350846447064,0.12053508464426582
2,256,1.95,uniform,88,0.341796875,0.12326726808921956,0.12326726808879336
2,256,1.95,uniform,89,0.345703125,0.12602927719834356,0.12602927719792503
2,256,1.95,uniform,90,0.349609375,0.1288210950299154,0.1288210950295088
2,256,1.95,uniform,91,0.353515625,0.13164270484162366,0.13164270484122872
2,256,1.95,uniform,92,0.357421875,0.1344940900864392,0.13449409008605376
2,256,1.95,uniform,93,0.361328125,0.13737523440821697,0.1373752344078394
2,256,1.95,uniform,94,0.365234375,0.14028612163744203,0.14028612163707502
2,256,1.95,uniform,95,0.369140625,0.14322673578712447,0.1432267357867706
2,256,1.95,uniform,96,0.373046875,0.1461970610488247,0.14619706104847693
2,256,1.95,uniform,97,0.376953125,0.14919708178877322,0.14919708178843363
2,256,1.95,uniform,98,0.380859375,0.15222678254417193,0.15222678254383945
2,256,1.95,uniform,99,0.384765625,0.1552861480195592,0.15528614801923982
2,256,1.95,uniform,100,0.388671875,0.15837516308333954,0.15837516308302696
2,256,1.95,uniform,101,0.392578125,0.1614938127643536,0.16149381276404753
2,256,1.95,uniform,102,0.396484375,0.16464208224861127,0.16464208224831403
2,256,1.95,uniform,103,0.400390625,0.16781995687610685,0.16781995687581527
2,256,1.95,uniform,104,0.404296875,0.1710274221377051,0.1710274221374223
2,256,1.95,uniform,105,0.408203125,0.17426446367216236,0.17426446367188594
2,256,1.95,uniform,106,0.412109375,0.17753106726318993,0.17753106726292234
2,256,1.95,uniform,107,0.416015625,0.18082721883664288,0.18082721883638314
2,256,1.95,uniform,108,0.419921875,0.18415290445776603,0.18415290445750718
2,256,1.95,uniform,109,0.423828125,0.1875081103284986,0.18750811032825032
2,256,1.95,uniform,110,0.427734375,0.19089282278493552,0.1908928227846909
2,256,1.95,uniform,111,0.431640625,0.19430702829474067,0.1943070282945076
2,256,1.95,uniform,112,0.435546875,0.19775071345476047,0.1977507134545273
2,256,1.95,uniform,113,0.439453125,0.20122386498856734,0.2012238649883403
2,256,1.95,uniform,114,0.443359375,0.2047264697441991,0.20472646974398057
2,256,1.95,uniform,115,0.447265625,0.20825851469188075,0.20825851469166828
2,256,1.95,uniform,116,0.451171875,0.21181998692181905,0.21181998692161322
2,256,1.95,uniform,117,0.455078125,0.21541087364208045,0.215410873641876
2,256,1.95,uniform,118,0.458984375,0.21903116217648344,0.21903116217628577
2,256,1.95,uniform,119,0.462890625,0.2226808399626031,0.22268083996241209
2,256,1.95,uniform,120,0.466796875,0.2263598945497768,0.22635989454958919
2,256,1.95,uniform,121,0.470703125,0.23006831359717136,0.23006831359699106
2,256,1.95,uniform,122,0.474609375,0.23380608487193127,0.23380608487175514
2,256,1.95,uniform,123,0.478515625,0.23757319624732748,0.2375731962471536
2,256,1.95,uniform,124,0.482421875,0.2413696357009782,0.2413696357008101
2,256,1.95,uniform,125,0.486328125,0.24519539131311807,0.24519539131296098
2,256,1.95,uniform,126,0.490234375,0.24905045126492747,0.24905045126475897
2,256,1.95,uniform,127,0.494140625,0.2529348038367641,0.25293480383661854
2,256,1.95,uniform,128,0.498046875,0.25684843740675656,0.25684843740660107
2,256,1.95,uniform,129,0.501953125,0.2607913404489806,0.260791340448839
2,256,1.95,uniform,130,0.505859375,0.26476350153214373,0.26476350153199724
2,256,1.95,uniform,131,0.509765625,0.2687649093179082,0.26876490931777136
2,256,1.95,uniform,132,0.513671875,0.2727955525595521,0.2727955525594207
2,256,1.95,uniform,133,0.517578125,0.2768554201004665,0.2768554201003355
2,256,1.95,uniform,134,0.521484375,0.28094450087276135,0.28094450087263767
2,256,1.95,uniform,135,0.525390625,0.2850627838959483,0.28506278389581324
2,256,1.95,uniform,136,0.529296875,0.28921025827548186,0.2892102582753759
2,256,1.95,uniform,137,0.533203125,0.29338691320168797,0.2933869132015608
2,256,1.95,uniform,138,0.537109375,0.29759273794815577,0.29759273794804786
2,256,1.95,uniform,139,0.541015625,0.30182772187083307,0.3018277218707132
2,256,1.95,uniform,140,0.544921875,0.3060918544065082,0.30609185440640846
2,256,1.95,uniform,141,0.548828125,0.3103851250718723,0.3103851250717664
2,256,1.95,uniform,142,0.552734375,0.31470752346213876,0.3147075234620332
2,256,1.95,uniform,143,0.556640625,0.31905903925002504,0.31905903924992524
2,256,1.95,uniform,144,0.560546875,0.3234396621845995,0.32343966218451126
2,256,1.95,uniform,145,0.564453125,0.32784938209021464,0.3278493820901179
2,256,1.95,uniform,146,0.568359375,0.3322881888653401,0.332288188865258
2,256,1.95,uniform,147,0.572265625,0.3367560724816785,0.3367560724815826
2,256,1.95,uniform,148,0.576171875,0.34125302298292653,0.34125302298285365
2,256,1.95,uniform,149,0.580078125,0.3457790304840178,0.34577903048393854
2,256,1.95,uniform,150,0.583984375,0.3503340851699107,0.35033408516982567
2,256,1.95,uniform,151,0.587890625,0.35491817729473135,0.3549181772946594
2,256,1.95,uniform,152,0.591796875,0.3595312971808772,0.3595312971807954
2,256,1.95,uniform,153,0.595703125,0.3641734352179427,0.36417343521787443
2,256,1.95,uniform,154,0.599609375,0.3688445818619941,0.36884458186191527
2,256,1.95,uniform,155,0.603515625,0.3735447276344891,0.3735447276344252
2,256,1.95,uniform,156,0.607421875,0.3782738631216031,0.3782738631215286
2,256,1.95,uniform,157,0.611328125,0.38303197897316904,0.3830319789731122
2,256,1.95,uniform,158,0.615234375,0.3878190659020448,0.3878190659019875
2,256,1.95,uniform,159,0.619140625,0.3926351146831304,0.39263511468306905
2,256,1.95,uniform,160,0.623046875,0.39748011615262346,0.39748011615256906
2,256,1.95,uniform,161,0.626953125,0.40235406120726486,0.40235406120720685
2,256,1.95,uniform,162,0.630859375,0.40725694080348335,0.40725694080343394
2,256,1.95,uniform,163,0.634765625,0.4121887459567301,0.4121887459566735
2,256,1.95,uniform,164,0.638671875,0.4171494677406168,0.4171494677405742
2,256,1.95,uniform,165,0.642578125,0.42213909728633336,0.4221390972862781
2,256,1.95,uniform,166,0.646484375,0.42715762578174366,0.4271576257817018
2,256,1.95,uniform,167,0.650390625,0.43220504447087865,0.4322050444708315
2,256,1.95,uniform,168,0.654296875,0.4372813446530708,0.43728134465303053
2,256,1.95,uniform,169,0.658203125,0.4423865176823941,0.4423865176823594
2,256,1.95,uniform,170,0.662109375,0.4475205549669565,0.44752055496690907
2,256,1.95,uniform,171,0.666015625,0.4526834479681784,0.45268344796814475
2,256,1.95,uniform,172,0.669921875,0.45787518820030043,0.45787518820026313
2,256,1.95,uniform,173,0.673828125,0.46309576722958656,0.46309576722956003
2,256,1.95,uniform,174,0.677734375,0.4683451766738375,0.46834517667380926
2,256,1.95,uniform,175,0.681640625,0.4736234082016806,0.4736234082016531
2,256,1.95,uniform,176,0.685546875,0.4789304535320487,0.4789304535320028
2,256,1.95,uniform,177,0.689453125,0.48426630443346225,0.4842663044334499
2,256,1.95,uniform,178,0.693359375,0.48963095272372903,0.48963095272368773
2,256,1.95,uniform,179,0.697265625,0.4950243902689611,0.4950243902689423
2,256,1.95,uniform,180,0.701171875,0.5004466089834365,0.5004466089834141
2,256,1.95,uniform,181,0.705078125,0.505897600828761,0.5058976008287284
2,256,1.95,uniform,182,0.708984375,0.511377357813393,0.5113773578133949
2,256,1.95,uniform,183,0.712890625,0.5168858719922946,0.5168858719922775
2,256,1.95,uniform,184,0.716796875,0.5224231354660863,0.5224231354660716
2,256,1.95,uniform,185,0.720703125,0.527989140380812,0.5279891403807908
2,256,1.95,uniform,186,0.724609375,0.5335838789272744,0.5335838789272627
2,256,1.95,uniform,187,0.728515625,0.539207343340641,0.5392073433406315
2,256,1.95,uniform,188,0.732421875,0.5448595258998773,0.5448595258998701
2,256,1.95,uniform,189,0.736328125,0.5505404189272873,0.5505404189272997
2,256,1.95,uniform,190,0.740234375,0.5562500147881386,0.5562500147881169
2,256,1.95,uniform,191,0.744140625,0.5619883058899118,0.561988305889929
2,256,1.95,uniform,192,0.748046875,0.5677552846823072,0.5677552846822963
2,256,1.95,uniform,193,0.751953125,0.5735509436562879,0.5735509436562819
2,256,1.95,uniform,194,0.755859375,0.5793752753439942,0.5793752753440086
2,256,1.95,uniform,195,0.759765625,0.5852282723182243,0.5852282723182227
2,256,1.95,uniform,196,0.763671875,0.5911099271918648,0.5911099271918652
2,256,1.95,uniform,197,0.767578125,0.5970202326176204,0.5970202326176487
2,256,1.95,uniform,198,0.771484375,0.602959181287644,0.602959181287642
2,256,1.95,uniform,199,0.775390625,0.6089267659328492,0.6089267659328603
2,256,1.95,uniform,200,0.779296875,0.6149229793228383,0.614922979322862
2,256,1.95,uniform,201,0.783203125,0.6209478142653573,0.6209478142653517
2,256,1.95,uniform,202,0.787109375,0.6270012636057714,0.6270012636057897
2,256,1.95,uniform,203,0.791015625,0.6330833202270134,0.6330833202270061
2,256,1.95,uniform,204,0.794921875,0.6391939770487736,0.6391939770488224
2,256,1.95,uniform,205,0.798828125,0.6453332270276635,0.6453332270276774
2,256,1.95,uniform,206,0.802734375,0.651501063156242,0.6515010631562597
2,256,1.95,uniform,207,0.806640625,0.6576974784631286,0.6576974784631451
2,256,1.95,uniform,208,0.810546875,0.6639224660124162,0.6639224660124392
2,256,1.95,uniform,209,0.814453125,0.6701760189034094,0.6701760189034263
2,256,1.95,uniform,210,0.818359375,0.6764581302702017,0.6764581302702216
2,256,1.95,uniform,211,0.822265625,0.6827687932813996,0.682768793281431
2,256,1.95,uniform,212,0.826171875,0.6891080011397931,0.6891080011398132
2,256,1.95,uniform,213,0.830078125,0.695475747081888,0.6954757470819485
2,256,1.95,uniform,214,0.833984375,0.701872024377893,0.7018720243779117
2,256,1.95,uniform,215,0.837890625,0.7082968263309338,0.70829682633095
2,256,1.95,uniform,216,0.841796875,0.7147501462771245,0.7147501462771647
2,256,1.95,uniform,217,0.845703125,0.72123197758516,0.7212319775851984
2,256,1.95,uniform,218,0.849609375,0.7277423136558762,0.7277423136559261
2,256,1.95,uniform,219,0.853515625,0.7342811479221419,0.7342811479221508
2,256,1.95,uniform,220,0.857421875,0.7408484738482511,0.7408484738483031
2,256,1.95,uniform,221,0.861328125,0.7474442849301154,0.7474442849301453
2,256,1.95,uniform,222,0.865234375,0.7540685746944473,0.7540685746944793
2,256,1.95,uniform,223,0.869140625,0.7607213366987937,0.7607213366988591
2,256,1.95,uniform,224,0.873046875,0.7674025645312751,0.7674025645313066
2,256,1.95,uniform,225,0.876953125,0.7741122518099766,0.7741122518100314
2,256,1.95,uniform,226,0.880859375,0.7808503921831244,0.7808503921831548
2,256,1.95,uniform,227,0.884765625,0.7876169793283875,0.7876169793284371
2,256,1.95,uniform,228,0.888671875,0.794412006952955,0.794412006953009
2,256,1.95,uniform,229,0.892578125,0.8012354687930819,0.801235468793106
2,256,1.95,uniform,230,0.896484375,0.8080873586137303,0.8080873586138076
2,256,1.95,uniform,231,0.900390625,0.8149676702087538,0.8149676702087779
2,256,1.95,uniform,232,0.904296875,0.8218763973999338,0.8218763974000117
2,256,1.95,uniform,233,0.908203125,0.8288135340375747,0.828813534037583
2,256,1.95,uniform,234,0.912109375,0.8357790739993121,0.8357790739993963
2,256,1.95,uniform,235,0.916015625,0.8427730111908949,0.842773011190943
2,256,1.95,uniform,236,0.919921875,0.8497953395450288,0.8497953395450584
2,256,1.95,uniform,237,0.923828125,0.8568460530216068,0.8568460530216839
2,256,1.95,uniform,238,0.927734375,0.8639251456075827,0.8639251456076315
2,256,1.95,uniform,239,0.931640625,0.8710326113163136,0.8710326113163513
2,256,1.95,uniform,240,0.935546875,0.8781684441876346,0.8781684441877022
2,256,1.95,uniform,241,0.939453125,0.8853326382877009,0.8853326382877252
2,256,1.95,uniform,242,0.943359375,0.8925251877083595,0.8925251877084199
2,256,1.95,uniform,243,0.947265625,0.8997460865674906,0.8997460865675239
2,256,1.95,uniform,244,0.951171875,0.9069953290082244,0.906995329008294
2,256,1.95,uniform,245,0.955078125,0.9142729091992168,0.9142729091992925
2,256,1.95,uniform,246,0.958984375,0.9215788213341348,0.9215788213341729
2,256,1.95,uniform,247,0.962890625,0.9289130596314141,0.9289130596314707
2,256,1.95,uniform,248,0.966796875,0.9362756183343458,0.9362756183343967
2,256,1.95,uniform,249,0.970703125,0.9436664917105789,0.9436664917106309
2,256,1.95,uniform,250,0.974609375,0.9510856740520677,0.9510856740521214
2,256,1.95,uniform,251,0.978515625,0.9585331596748127,0.958533159674884
2,256,1.95,uniform,252,0.982421875,0.9660089429187617,0.966008942918805
2,256,1.95,uniform,253,0.986328125,0.9735130181473969,0.9735130181474465
2,256,1.95,uniform,254,0.990234375,0.9810453797477849,0.9810453797478536
2,256,1.95,uniform,255,0.994140625,0.9886060221303133,0.9886060221303637
2,256,1.95,uniform,256,0.998046875,0.9961949397283292,0.9961949397284197
2,256,1.95,uniform,257,1.0,0.9999999999998876,1.0
2,256,1.95,positional,0,0.0,0.0,0.0
2,256,1.95,positional,1,4.606813267046744e-06,3.922802001481316e-11,3.923116339960668e-11
2,256,1.95,positional,2,1.3820439801237329e-05,3.342593055732072e-10,3.3420860990583245e-10
2,256,1.95,positional,3,2.3034066338863568e-05,9.049118324429917e-10,9.049460649658042e-10
2,256,1.95,positional,4,3.224769371783547e-05,1.7442269555359626e-09,1.7441040381880751e-09
2,256,1.95,positional,5,4.149385908767382e-05,2.8510246374007242e-09,2.851467750201313e-09
2,256,1.95,positional,6,9.590734687801862e-05,1.4601148490803608e-08,1.4608686199148142e-08
2,256,1.95,positional,7,0.0002543511598121096,9.785377534591253e-08,9.785786998537184e-08
2,256,1.95,positional,8,0.0004919007001941818,3.54131800242133e-07,3.5412860568368776e-07
2,256,1.95,positional,9,0.0007689966442843237,8.463543573522473e-07,8.463552004189544e-07
2,256,1.95,positional,10,0.0010880206583669017,1.6651070707221114e-06,1.6651080706263163e-06
2,256,1.95,positional,11,0.0014553824063829953,2.9363318019601684e-06,2.936333535260097e-06
2,256,1.95,positional,12,0.0018764731139769917,4.819671064679136e-06,4.8196730164113795e-06
2,256,1.95,positional,13,0.002354708217510813,7.503730456280175e-06,7.503732505965828e-06
2,256,1.95,positional,14,0.0028915369131845368,1.1199560179593344e-05,1.1199562163485543e-05
2,256,1.95,positional,15,0.003486858251764124,1.613417715883486e-05,1.6134178997763536e-05
2,256,1.95,positional,16,0.00413954519130633,2.2545381728933577e-05,2.2545383383346322e-05
2,256,1.95,positional,17,0.004847905421504838,3.0678247679533255e-05,3.0678249144874165e-05
2,256,1.95,positional,18,0.005610016512684633,4.078308349088936e-05,4.078308478070943e-05
2,256,1.95,positional,19,0.006423938576238191,5.311444907046405e-05,5.3114450206905054e-05
2,256,1.95,positional,20,0.0072878330259772365,6.793082679702644e-05,6.79308278041997e-05
2,256,1.95,positional,21,0.00820001843332806,8.54946446041316e-05,8.549464550476792e-05
2,256,1.95,positional,22,0.009158988112190004,0.0001060724530561227,0.00010607245387006392
2,256,1.95,positional,23,0.010163406400490693,0.00012993513941054216,0.00012993514015434586
2,256,1.95,positional,24,0.011212094350161524,0.0001573581163850541,0.0001573581170721447
2,256,1.95,positional,25,0.0123040111641174,0.00018862145722112672,0.00018862145786218204
2,256,1.95,positional,26,0.01343823490795884,0.00022400996823837378,0.000224009968841779
2,256,1.95,positional,27,0.014613944313874645,0.00026381320065716797,0.0002638132012294462
2,256,1.95,positional,28,0.015830402497541862,0.00030832540864635365,0.0003083254091925518
2,256,1.95,positional,29,0.017086942852194753,0.0003578454626285907,0.0003578454631525932
2,256,1.95,positional,30,0.018382957089527075,0.000412676727246843,0.00041267672775163934
2,256,1.95,positional,31,0.019717885254269898,0.0004731269128860099,0.00047312691337389354
2,256,1.95,positional,32,0.02109120748165683,0.0005395079087257647,0.000539507909198509
2,256,1.95,positional,33,0.022502437255392867,0.0006121356042381883,0.0006121356046971568
2,256,1.95,positional,34,0.023951115935567036,0.0006913297049773707,0.0006913297054236343
2,256,1.95,positional,35,0.025436808348407603,0.0007774135475097739,0.0007774135479441757
2,256,1.95,positional,36,0.02695909925584244,0.0008707139174344348,0.000870713917857658
2,256,1.95,positional,37,0.028517590548795182,0.0009715608736517471,0.0009715608740643476
2,256,1.95,positional,38,0.030111899032212862,0.0010802875813559804,0.0010802875817584351
2,256,1.95,positional,39,0.031741654691232246,0.0011972301556431098,0.0011972301560358235
2,256,1.95,positional,40,0.03340649934647062,0.0013227275171311713,0.0013227275175145298
2,256,1.95,positional,41,0.03510608562228528,0.001457121260575665,0.001457121260949992
2,256,1.95,positional,42,0.03684007616523305,0.001600755537115582,0.0016007555374812302
2,256,1.95,positional,43,0.03860814306117473,0.0017539769504994035,0.0017539769508566603
2,256,1.95,positional,44,0.04040996740880958,0.0019171344674025414,0.0019171344677517475
2,256,1.95,positional,45,0.04224523901517316,0.0020905793417556277,0.0020905793420970846
2,256,1.95,positional,46,0.044113656185038874,0.0022746650528441548,0.002274665053178182
2,256,1.95,positional,47,0.04601492558144836,0.0024697472568146485,0.0024697472571415598
2,256,1.95,positional,48,0.04794876213894628,0.002676183751120599,0.0026761837514407286
2,256,1.95,positional,49,0.04991488901466906,0.0028943344513623326,0.0028943344516760027
2,256,1.95,positional,50,0.0519130375653694,0.003124561379912872,0.0031245613802203974
2,256,1.95,positional,51,0.05394294734085866,0.0033672286656751104,0.0033672286659768456
2,256,1.95,positional,52,0.05600436608631258,0.0036227025542810297,0.0036227025545772775
2,256,1.95,positional,53,0.058097049747487056,0.003891351428018275,0.003891351428309398
2,256,1.95,positional,54,0.060220762474195555,0.004173545834754262,0.0041735458350405695
2,256,1.95,positional,55,0.062375276618460096,0.004469658525116616,0.0044696585253984735
2,256,1.95,positional,56,0.06456037272460761,0.00478006449718629,0.004780064497463993
2,256,1.95,positional,57,0.06677583950927915,0.005105141047958144,0.00510514104823195
2,256,1.95,positional,58,0.06902147382988028,0.005445267830828744,0.005445267831099101
2,256,1.95,positional,59,0.07129708064045237,0.005800826918378399,0.00580082691864551
2,256,1.95,positional,60,0.07360247293430586,0.00617220286972018,0.006172202869984439
2,256,1.95,positional,61,0.0759374716730454,0.006559782801705373,0.006559782801966946
2,256,1.95,positional,62,0.07830190570184609,0.0069639564632805314,0.0069639564635397945
2,256,1.95,positional,63,0.08069561165102224,0.007385116312312166,0.007385116312569394
2,256,1.95,positional,64,0.08311843382407313,0.007823657594203861,0.007823657594459313
2,256,1.95,positional,65,0.08557022407250287,0.008279978421651084,0.008279978421905114
2,256,1.95,positional,66,0.08805084165779939,0.008754479854894581,0.008754479855147183
2,256,1.95,positional,67,0.09056015310102616,0.009247565981848298,0.009247565982100027
2,256,1.95,positional,68,0.09309803202053334,0.009759643997504456,0.009759643997755384
2,256,1.95,positional,69,0.09566435895833589,0.010291124282025383,0.010291124282275793
2,256,1.95,positional,70,0.09825902119573882,0.01084242047696592,0.010842420477216012
2,256,1.95,positional,71,0.10088191255881349,0.011413949559080731,0.011413949559330675
2,256,1.95,positional,72,0.10353293321434916,0.012006131911199182,0.012006131911449138
2,256,1.95,positional,73,0.10621198945691873,0.012619391389671162,0.012619391389921426
2,256,1.95,positional,74,0.10891899348770996,0.013254155387913035,0.013254155388163559
2,256,1.95,positional,75,0.11165386318578346,0.013910854895604513,0.01391085489585566
2,256,1.95,positional,76,0.11441652187242743,0.014589924553120968,0.014589924553372637
2,256,1.95,positional,77,0.11720689806928522,0.015291802700801608,0.015291802701054312
2,256,1.95,positional,78,0.12002492525093872,0.016016931422696924,0.016016931422950454
2,256,1.95,positional,79,0.12287054159263511,0.016765756584450783,0.016765756584705374
2,256,1.95,positional,80,0.12574368971384836,0.017538727865021357,0.017538727865277017
2,256,1.95,positional,81,0.1286443164183711,0.018336298781960206,0.01833629878221696
2,256,1.95,positional,82,0.13157237243163367,0.019158926710011303,0.019158926710269607
2,256,1.95,positional,83,0.13452781213594894,0.02000707289282228,0.02000707289308186
2,256,1.95,positional,84,0.13751059330438117,0.020881202447586438,0.020881202447847993
2,256,1.95,positional,85,0.14052067683393615,0.021781784362486404,0.021781784362748857
2,256,1.95,positional,86,0.14355802647876537,0.022709291486813825,0.022709291487078405
2,256,1.95,positional,87,0.1466226085840736,0.023664200513720177,0.02366420051398591
2,256,1.95,positional,88,0.14971439182141122,0.02464699195552912,0.024646991955796668
2,256,1.95,positional,89,0.1528333469260234,0.025658150111639997,0.02565815011190873
2,256,1.95,positional,90,0.15597944643691775,0.02669816302902737,0.02669816302929774
2,256,1.95,positional,91,0.15915266444029696,0.027767522455423722,0.027767522455695793
2,256,1.95,positional,92,0.16235297631698753,0.028866723785270033,0.028866723785543492
2,256,1.95,positional,93,0.16558035849447528,0.029996265998571896,0.029996265998846472
2,256,1.95,positional,94,0.16883478820413886,0.03115665159282346,0.03115665159309951
2,256,1.95,positional,95,0.17211624324424576,0.0323483865081928,0.03234838650847048
2,256,1.95,positional,96,0.17542470174924976,0.03357198004618643,0.033571980046465305
2,256,1.95,positional,97,0.1787601419658991,0.034827944782040834,0.03482794478232159
2,256,1.95,positional,98,0.18212254203663258,0.036116796471121745,0.036116796471403645
2,256,1.95,positional,99,0.18551187979070677,0.03743905394961147,0.037439053949893976
2,256,1.95,positional,100,0.18892813254346089,0.038795239029813064,0.03879523903009748
2,256,1.95,positional,101,0.1923712769040883,0.04018587639040693,0.04018587639069235
2,256,1.95,positional,102,0.19584128859224326,0.04161149346199158,0.041611493462277896
2,256,1.95,positional,103,0.19933814226377033,0.043072620308295215,0.04307262030858288
2,256,1.95,positional,104,0.20286181134580167,0.04456978950341999,0.04456978950370819
2,256,1.95,positional,105,0.20641226788142442,0.04610353600549747,0.04610353600578697
2,256,1.95,positional,106,0.20998948238407567,0.04767439702715977,0.047674397027449446
2,256,1.95,positional,107,0.21359342370177994,0.04928291190319323,0.049282911903484064
2,256,1.95,positional,108,0.21722405889129986,0.05092962195579471,0.05092962195608613
2,256,1.95,positional,109,0.2208813531022263,0.0526150703577923,0.05261507035808311
2,256,1.95,positional,110,0.22456526947099423,0.054339801994229955,0.05433980199452192
2,256,1.95,positional,111,0.22827576902476632,0.05610436332270447,0.056104363322995954
2,256,1.95,positional,112,0.23201281059508894,0.05790930223278885,0.0579093022330814
2,256,1.95,positional,113,0.23577635074118475,0.05975516790495021,0.05975516790524102
2,256,1.95,positional,114,0.23956634368271196,0.06164251066924841,0.06164251066954147
2,256,1.95,positional,115,0.2433827412417837,0.06357188186422476,0.06357188186451497
2,256,1.95,positional,116,0.24722549279401201,0.06554383369618978,0.06554383369648144
2,256,1.95,positional,117,0.2510945452283099,0.06755891909933984,0.06755891909962952
2,256,1.95,positional,118,0.25498984291515886,0.06961769159684605,0.06961769159713689
2,256,1.95,positional,119,0.25891132768302705,0.07172070516330134,0.07172070516359179
2,256,1.95,positional,120,0.2628589388026011,0.07386851408866876,0.07386851408895806
2,256,1.95,positional,121,0.26683261297847805,0.07606167284401744,0.07606167284430607
2,256,1.95,positional,122,0.2708322843479496,0.07830073594922338,0.07830073594951206
2,256,1.95,positional,123,0.2748578844864976,0.08058625784282135,0.08058625784310812
2,256,1.95,positional,124,0.27890934241961474,0.08291879275416135,0.0829187927544461
2,256,1.95,positional,125,0.2829865846405545,0.08529889457803443,0.0852988945783182
2,256,1.95,positional,126,0.28708953513361446,0.08772711675187629,0.08772711675215844
2,256,1.95,positional,127,0.29121811540255693,0.0902040121356515,0.09020401213593196
2,256,1.95,positional,128,0.29537224450377153,0.09273013289452348,0.09273013289480046
2,256,1.95,positional,129,0.29955183908379013,0.09530603038435931,0.09530603038463582
2,256,1.95,positional,130,0.30375681342077226,0.09793225504016426,0.09793225504043937
2,256,1.95,positional,131,0.30798707946958676,0.10060935626743607,0.10060935626770892
2,256,1.95,positional,132,0.31224254691012676,0.10333788233651177,0.1033378823367829
2,256,1.95,positional,133,0.3165231231985075,0.10611838027990952,0.10611838028017855
2,256,1.95,positional,134,0.32082871362081067,0.10895139579266301,0.10895139579293103
2,256,1.95,positional,135,0.32515922134905184,0.11183747313566456,0.11183747313592929
2,256,1.95,positional,136,0.32951454749906733,0.11477715504197386,0.1147771550422379
2,256,1.95,positional,137,0.33389459119002884,0.11777098262612065,0.1177709826263851
2,256,1.95,positional,138,0.33829924960531454,0.12081949529633286,0.12081949529659201
2,256,1.95,positional,139,0.34272841805448273,0.1239232306696552,0.12392323066991347
2,256,1.95,positional,140,0.34718199003610883,0.12708272448999824,0.12708272449025496
2,256,1.95,positional,141,0.35165985730126936,0.13029851054897607,0.13029851054923022
2,256,1.95,positional,142,0.35616190991746877,0.13357112060956544,0.13357112060981866
2,256,1.95,positional,143,0.360688036332826,0.1369010843325328,0.1369010843327825
2,256,1.95,positional,144,0.3652381234403532,0.14028892920555824,0.1402889292058029
2,256,1.95,positional,145,0.3698120566421763,0.14373518047505043,0.14373518047529363
2,256,1.95,positional,146,0.3744097199135597,0.1472403610806106,0.1472403610808513
2,256,1.95,positional,147,0.3790309958666183,0.15080499159206406,0.1508049915923044
2,256,1.95,positional,148,0.3836757658136086,0.15442959014908839,0.15442959014932175
2,256,1.95,positional,149,0.38834390982970735,0.1581146724033142,0.15811467240354626
2,256,1.95,positional,150,0.3930353068151975,0.16186075146299758,0.16186075146321913
2,256,1.95,positional,151,0.39774983455699475,0.16566833784003607,0.16566833784026425
2,256,1.95,positional,152,0.4024873697894555,0.1695379393995839,0.16953793939980316
2,256,1.95,positional,153,0.4072477882544208,0.173470061311855,0.17347006131207543
2,256,1.95,positional,154,0.41203096476045714,0.1774652060065252,0.17746520600673946
2,256,1.95,positional,155,0.4168367732412637,0.18152387312931795,0.18152387312953316
2,256,1.95,positional,156,0.42166508681322457,0.18564655950106992,0.18564655950127562
2,256,1.95,positional,157,0.42651577783208816,0.18983375907898445,0.18983375907919267
2,256,1.95,positional,158,0.4313887179487641,0.19408596292034624,0.19408596292055158
2,256,1.95,positional,159,0.43628377816423114,0.19840365914838948,0.19840365914859232
2,256,1.95,positional,160,0.4412008288835554,0.202787332920541,0.2027873329207441
2,256,1.95,positional,161,0.44613973996901946,0.20723746639891874,0.2072374663991167
2,256,1.95,positional,162,0.45110038079236914,0.21175453872306535,0.21175453872325894
2,256,1.95,positional,163,0.456082620286183,0.2163390259849854,0.21633902598517518
2,256,1.95,positional,164,0.46108632699437546,0.22099140120640492,0.22099140120659364
2,256,1.95,positional,165,0.4661113691218427,0.22571213431829795,0.22571213431847884
2,256,1.95,positional,166,0.47115761458326355,0.23050169214260088,0.2305016921427822
2,256,1.95,positional,167,0.47622493105106717,0.23536053837624443,0.23536053837642373
2,256,1.95,positional,168,0.4813131860025798,0.24028913357732049,0.2402891335774974
2,256,1.95,positional,169,0.4864222467663627,0.24528793515351932,0.24528793515369296
2,256,1.95,positional,170,0.49155198056775457,0.25035739735275186,0.2503573973529262
2,256,1.95,positional,171,0.4967022545736285,0.2554979712559889,0.2554979712561677
2,256,1.95,positional,172,0.5018729359363766,0.26071010477230055,0.2607101047724606
2,256,1.95,positional,173,0.507063891837132,0.26599424263595806,0.2659942426361164
2,256,1.95,positional,174,0.5122749895282384,0.2713508264059154,0.2713508264060755
2,256,1.95,positional,175,0.5175060963749756,0.2767802944672643,0.2767802944674182
2,256,1.95,positional,176,0.5227570798965526,0.2822830820348547,0.28228308203501423
2,256,1.95,positional,177,0.5280278078063705,0.2878596211591398,0.2878596211592883
2,256,1.95,positional,178,0.5333181480515676,0.2935103407339404,0.29351034073409044
2,256,1.95,positional,179,0.5386279688518498,0.29923566650649924,0.2992356665066458
2,256,1.95,positional,180,0.5439571387376116,0.30503602108941974,0.3050360210895662
2,256,1.95,positional,181,0.5493055265873543,0.31091182397476247,0.3109118239748995
2,256,1.95,positional,182,0.5546730016644039,0.31686349155005183,0.31686349155019405
2,256,1.95,positional,183,0.5600594336529338,0.322891437116409,0.32289143711655166
2,256,1.95,positional,184,0.5654646926932938,0.3289960709085013,0.32899607090864347
2,256,1.95,positional,185,0.5708886494166507,0.335177800116533,0.3351778001166611
2,256,1.95,positional,186,0.5763311749789412,0.34143702891004674,0.34143702891017363
2,256,1.95,positional,187,0.5817921410941391,0.34777415846375204,0.3477741584638601
2,256,1.95,positional,188,0.5872714200668432,0.35418958698497144,0.3541895869850894
2,256,1.95,positional,189,0.5927688848241819,0.36068370974320685,0.3606837097433113
2,256,1.95,positional,190,0.5982844089470427,0.3672569191011137,0.36725691910123104
2,256,1.95,positional,191,0.6038178667006256,0.37390960454762934,0.3739096045477311
2,256,1.95,positional,192,0.6093691330643246,0.38064215273240476,0.3806421527325083
2,256,1.95,positional,193,0.6149380837609384,0.3874549475022824,0.387454947502391
2,256,1.95,positional,194,0.6205245952852165,0.3943483699391966,0.39434836993930455
2,256,1.95,positional,195,0.6261285449317416,0.401322798399746,0.40132279839984764
2,256,1.95,positional,196,0.6317498108221526,0.4083786085563341,0.4083786085564474
2,256,1.95,positional,197,0.6373882719317137,0.4155161734399542,0.41551617344005787
2,256,1.95,positional,198,0.643043808115233,0.42273586348426373,0.42273586348436776
2,256,1.95,positional,199,0.6487163001323377,0.43003804657137834,0.4300380465714843
2,256,1.95,positional,200,0.6544056296721079,0.43742308807895347,0.4374230880790564
2,256,1.95,positional,201,0.6601116793770807,0.4448913509287149,0.44489135092881005
2,256,1.95,positional,202,0.6658343328666253,0.45244319563636365,0.45244319563645485
2,256,1.95,positional,203,0.6715734747597022,0.4600789803628446,0.46007898036293854
2,256,1.95,positional,204,0.6773289906970089,0.467799060966927,0.46779906096700946
2,256,1.95,positional,205,0.6831007673625252,0.4756037910589691,0.4756037910590639
2,256,1.95,positional,206,0.6888886925044624,0.48349352205616275,0.48349352205624124
2,256,1.95,positional,207,0.6946926549556295,0.49146860323865527,0.49146860323874375
2,256,1.95,positional,208,0.7005125446532234,0.4995293818072683,0.4995293818073485
2,256,1.95,positional,209,0.7063482526580549,0.5076762029420048,0.5076762029420862
2,256,1.95,positional,210,0.7121996711732206,0.515909409861984,0.5159094098620606
2,256,1.95,positional,211,0.7180666935622306,0.5242293438863038,0.524229343886381
2,256,1.95,positional,212,0.723949214366606,0.5326363444961002,0.5326363444961859
2,256,1.95,positional,213,0.7298471293229547,0.5411307493976447,0.541130749397734
2,256,1.95,positional,214,0.7357603353795404,0.5497128945864486,0.5497128945865379
2,256,1.95,positional,215,0.7416887307123556,0.5583831144124246,0.5583831144125238
2,256,1.95,positional,216,0.7476322147407108,0.5671417416461046,0.5671417416461915
2,256,1.95,positional,217,0.7535906881423545,0.5759891075456642,0.5759891075457612
2,256,1.95,positional,218,0.7595640528681353,0.5849255419251779,0.5849255419252849
2,256,1.95,positional,219,0.7655522121562202,0.5939513732236241,0.5939513732237081
2,256,1.95,positional,220,0.7715550705458818,0.6030669285747459,0.6030669285748637
2,256,1.95,positional,221,0.7775725338908699,0.6122725338782888,0.6122725338783881
2,256,1.95,positional,222,0.7836045093723766,0.6215685138714205,0.6215685138715379
2,256,1.95,positional,223,0.7896509055116142,0.6309551922017836,0.6309551922019033
2,256,1.95,positional,224,0.7957116321820148,0.6404328915008638,0.6404328915010006
2,256,1.95,positional,225,0.8017866006210672,0.6500019334586041,0.6500019334587347
2,256,1.95,positional,226,0.8078757234418057,0.6596626388986055,0.6596626388987242
2,256,1.95,positional,227,0.8139789146439619,0.6694153278543511,0.6694153278544778
2,256,1.95,positional,228,0.8200960896247949,0.6792603196462895,0.6792603196464148
2,256,1.95,positional,229,0.8262271651896125,0.6891979329596086,0.6891979329597241
2,256,1.95,positional,230,0.8323720595619962,0.6992284859229302,0.6992284859230545
2,256,1.95,positional,231,0.8385306923937454,0.7093522961879337,0.7093522961880335
2,256,1.95,positional,232,0.84470298477455,0.7195696810095012,0.719569681009606
2,256,1.95,positional,233,0.8508888592414079,0.7298809573271379,0.729880957327196
2,256,1.95,positional,234,0.8570882397877977,0.7402864418465813,0.7402864418466817
2,256,1.95,positional,235,0.8633010518726207,0.7507864511230894,0.7507864511231888
2,256,1.95,positional,236,0.8695272224289227,0.7613813016445635,0.761381301644696
2,256,1.95,positional,237,0.8757666798724086,0.7720713099163667,0.7720713099164551
2,256,1.95,positional,238,0.882019354109763,0.7828567925461346,0.7828567925462256
2,256,1.95,positional,239,0.8882851765467845,0.7937380663302349,0.7937380663303236
2,256,1.95,positional,240,0.8945640800963504,0.8047154483404129,0.8047154483404892
2,256,1.95,positional,241,0.9008559991862177,0.815789256011465,0.8157892560115731
2,256,1.95,positional,242,0.907160869766675,0.8269598072299664,0.8269598072300443
2,256,1.95,positional,243,0.9134786293180537,0.8382274204232352,0.8382274204233252
2,256,1.95,positional,244,0.9198092168581103,0.8495924146498717,0.8495924146499567
2,256,1.95,positional,245,0.9261525729492894,0.861055109690513,0.861055109690598
2,256,1.95,positional,246,0.9325086397058768,0.8726158261397932,0.8726158261398668
2,256,1.95,positional,247,0.938877360801052,0.8842748854989396,0.8842748854990233
2,256,1.95,positional,248,0.9452586814738521,0.8960326102694294,0.8960326102695102
2,256,1.95,positional,249,0.9516525485360523,0.907889324047252,0.9078893240473479
2,256,1.95,positional,250,0.9580589103789748,0.9198453516183018,0.9198453516183975
2,256,1.95,positional,251,0.9644777169802338,0.9319010190544094,0.9319010190544982
2,256,1.95,positional,252,0.9709089199104235,0.9440566538104147,0.9440566538104838
2,256,1.95,positional,253,0.9773524723397612,0.9563125848220029,0.9563125848220936
2,256,1.95,positional,254,0.983808329044688,0.9686691426046766,0.9686691426047799
2,256,1.95,positional,255,0.990276446414439,0.9811266593533362,0.981126659353425
2,256,1.95,positional,256,0.9967567824575898,0.9936854690428569,0.9936854690429789
2,256,1.95,positional,257,1.0,0.9999999999998577,1.0
