p,N,beta,method,breakpoint_index,x_value
3,2,1.55,uniform,0,0.0
3,2,1.55,uniform,1,0.5
3,2,1.55,uniform,2,1.0
3,2,1.55,positional,0,0.0
3,2,1.55,positional,1,0.19942886638431317
3,2,1.55,positional,2,1.0
3,2,1.65,uniform,0,0.0
3,2,1.65,uniform,1,0.5
3,2,1.65,uniform,2,1.0
3,2,1.65,positional,0,0.0
3,2,1.65,positional,1,0.23249689013092756
3,2,1.65,positional,2,1.0
3,2,1.75,uniform,0,0.0
3,2,1.75,uniform,1,0.5
3,2,1.75,uniform,2,1.0
3,2,1.75,positional,0,0.0
3,2,1.75,positional,1,0.2647613504502299
3,2,1.75,positional,2,1.0
3,2,1.85,uniform,0,0.0
3,2,1.85,uniform,1,0.5
3,2,1.85,uniform,2,1.0
3,2,1.85,positional,0,0.0
3,2,1.85,positional,1,0.29450647859565665
3,2,1.85,positional,2,1.0
3,2,1.95,uniform,0,0.0
3,2,1.95,uniform,1,0.5
3,2,1.95,uniform,2,1.0
3,2,1.95,positional,0,0.0
3,2,1.95,positional,1,0.3208055577968464
3,2,1.95,positional,2,1.0
3,4,1.55,uniform,0,0.0
3,4,1.55,uniform,1,0.25
3,4,1.55,uniform,2,0.5
3,4,1.55,uniform,3,0.75
3,4,1.55,uniform,4,1.0
3,4,1.55,positional,0,0.0
3,4,1.55,positional,1,0.03285673617075374
3,4,1.55,positional,2,0.14946267840917318
3,4,1.55,positional,3,0.43761137747447265
3,4,1.55,positional,4,1.0
3,4,1.65,uniform,0,0.0
3,4,1.65,uniform,1,0.25
3,4,1.65,uniform,2,0.5
3,4,1.65,uniform,3,0.75
3,4,1.65,uniform,4,1.0
3,4,1.65,positional,0,0.0
3,4,1.65,positional,1,0.045544539914769006
3,4,1.65,positional,2,0.18093085216794447
3,4,1.65,positional,3,0.47414257796308856
3,4,1.65,positional,4,1.0
3,4,1.75,uniform,0,0.0
3,4,1.75,uniform,1,0.25
3,4,1.75,uniform,2,0.5
3,4,1.75,uniform,3,0.75
3,4,1.75,uniform,4,1.0
3,4,1.75,positional,0,0.0
3,4,1.75,positional,1,0.059630824436276264
3,4,1.75,positional,2,0.21292809986825237
3,4,1.75,positional,3,0.5098047179491255
3,4,1.75,positional,4,1.0
3,4,1.85,uniform,0,0.0
3,4,1.85,uniform,1,0.25
3,4,1.85,uniform,2,0.5
3,4,1.85,uniform,3,0.75
3,4,1.85,uniform,4,1.0
3,4,1.85,positional,0,0.0
3,4,1.85,positional,1,0.07419432356244685
3,4,1.85,positional,2,0.24350516994757063
3,4,1.85,positional,3,0.5423101072226082
3,4,1.85,positional,4,1.0
3,4,1.95,uniform,0,0.0
3,4,1.95,uniform,1,0.25
3,4,1.95,uniform,2,0.5
3,4,1.95,uniform,3,0.75
3,4,1.95,uniform,4,1.0
3,4,1.95,positional,0,0.0
3,4,1.95,positional,1,0.08843373961731266
3,4,1.95,positional,2,0.2713901650792211
3,4,1.95,positional,3,0.5705792960053937
3,4,1.95,positional,4,1.0
3,8,1.55,uniform,0,0.0
3,8,1.55,uniform,1,0.125
3,8,1.55,uniform,2,0.25
3,8,1.55,uniform,3,0.375
3,8,1.55,uniform,4,0.5
3,8,1.55,uniform,5,0.625
3,8,1.55,uniform,6,0.75
3,8,1.55,uniform,7,0.875
3,8,1.55,uniform,8,1.0
3,8,1.55,positional,0,0.0
3,8,1.55,positional,1,0.004202091724965706
3,8,1.55,positional,2,0.018899974661953613
3,8,1.55,positional,3,0.05303952965415451
3,8,1.55,positional,4,0.11821884300528228
3,8,1.55,positional,5,0.2294199570775698
3,8,1.55,positional,6,0.40312320694414616
3,8,1.55,positional,7,0.6548463260979906
3,8,1.55,positional,8,1.0
3,8,1.65,uniform,0,0.0
3,8,1.65,uniform,1,0.125
3,8,1.65,uniform,2,0.25
3,8,1.65,uniform,3,0.375
3,8,1.65,uniform,4,0.5
3,8,1.65,uniform,5,0.625
3,8,1.65,uniform,6,0.75
3,8,1.65,uniform,7,0.875
3,8,1.65,uniform,8,1.0
3,8,1.65,positional,0,0.0
3,8,1.65,positional,1,0.00702842504059402
3,8,1.65,positional,2,0.028052956614776386
3,8,1.65,positional,3,0.07143527765238808
3,8,1.65,positional,4,0.1467192104194582
3,8,1.65,positional,5,0.26543303072172525
3,8,1.65,positional,6,0.4395878046729931
3,8,1.65,positional,7,0.6804228931581527
3,8,1.65,positional,8,1.0
3,8,1.75,uniform,0,0.0
3,8,1.75,uniform,1,0.125
3,8,1.75,uniform,2,0.25
3,8,1.75,uniform,3,0.375
3,8,1.75,uniform,4,0.5
3,8,1.75,uniform,5,0.625
3,8,1.75,uniform,6,0.75
3,8,1.75,uniform,7,0.875
3,8,1.75,uniform,8,1.0
3,8,1.75,positional,0,0.0
3,8,1.75,positional,1,0.010789736855092857
3,8,1.75,positional,2,0.03897297669453717
3,8,1.75,positional,3,0.0917891945722133
3,8,1.75,positional,4,0.17664135722845248
3,8,1.75,positional,5,0.30197363448418696
3,8,1.75,positional,6,0.4759186250917617
3,8,1.75,positional,7,0.7057995261850643
3,8,1.75,positional,8,1.0
3,8,1.85,uniform,0,0.0
3,8,1.85,uniform,1,0.125
3,8,1.85,uniform,2,0.25
3,8,1.85,uniform,3,0.375
3,8,1.85,uniform,4,0.5
3,8,1.85,uniform,5,0.625
3,8,1.85,uniform,6,0.75
3,8,1.85,uniform,7,0.875
3,8,1.85,uniform,8,1.0
3,8,1.85,positional,0,0.0
3,8,1.85,positional,1,0.015303821446904469
3,8,1.85,positional,2,0.05098999308179599
3,8,1.85,positional,3,0.11280217365233364
3,8,1.85,positional,4,0.20610161125233786
3,8,1.85,positional,5,0.33672009072224796
3,8,1.85,positional,6,0.5096414288387904
3,8,1.85,positional,7,0.7290081316204302
3,8,1.85,positional,8,1.0
3,8,1.95,uniform,0,0.0
3,8,1.95,uniform,1,0.125
3,8,1.95,uniform,2,0.25
3,8,1.95,uniform,3,0.375
3,8,1.95,uniform,4,0.5
3,8,1.95,uniform,5,0.625
3,8,1.95,uniform,6,0.75
3,8,1.95,uniform,7,0.875
3,8,1.95,uniform,8,1.0
3,8,1.95,positional,0,0.0
3,8,1.95,positional,1,0.020292440086632915
3,8,1.95,positional,2,0.06338548655833479
3,8,1.95,positional,3,0.13333457008027827
3,8,1.95,positional,4,0.23370434492742945
3,8,1.95,positional,5,0.36822208952148877
3,8,1.95,positional,6,0.5394461002450948
3,8,1.95,positional,7,0.7491316355199865
3,8,1.95,positional,8,1.0
3,16,1.55,uniform,0,0.0
3,16,1.55,uniform,1,0.0625
3,16,1.55,uniform,2,0.125
3,16,1.55,uniform,3,0.1875
3,16,1.55,uniform,4,0.25
3,16,1.55,uniform,5,0.3125
3,16,1.55,uniform,6,0.375
3,16,1.55,uniform,7,0.4375
3,16,1.55,uniform,8,0.5
3,16,1.55,uniform,9,0.5625
3,16,1.55,uniform,10,0.625
3,16,1.55,uniform,11,0.6875
3,16,1.55,uniform,12,0.75
3,16,1.55,uniform,13,0.8125
3,16,1.55,uniform,14,0.875
3,16,1.55,uniform,15,0.9375
3,16,1.55,uniform,16,1.0
3,16,1.55,positional,0,0.0
3,16,1.55,positional,1,0.00044397076809931383
3,16,1.55,positional,2,0.001983572675010957
3,16,1.55,positional,3,0.005587801206125825
3,16,1.55,positional,4,0.012413944550109725
3,16,1.55,positional,5,0.023807738122211538
3,16,1.55,positional,6,0.04130200555982057
3,16,1.55,positional,7,0.0666102674714169
3,16,1.55,positional,8,0.10167275000449857
3,16,1.55,positional,9,0.14867479696108313
3,16,1.55,positional,10,0.2099618271035052
3,16,1.55,positional,11,0.28788084820731485
3,16,1.55,positional,12,0.38464819492479696
3,16,1.55,positional,13,0.5023132833777634
3,16,1.55,positional,14,0.6428111184156975
3,16,1.55,positional,15,0.8080518921250488
3,16,1.55,positional,16,1.0
3,16,1.65,uniform,0,0.0
3,16,1.65,uniform,1,0.0625
3,16,1.65,uniform,2,0.125
3,16,1.65,uniform,3,0.1875
3,16,1.65,uniform,4,0.25
3,16,1.65,uniform,5,0.3125
3,16,1.65,uniform,6,0.375
3,16,1.65,uniform,7,0.4375
3,16,1.65,uniform,8,0.5
3,16,1.65,uniform,9,0.5625
3,16,1.65,uniform,10,0.625
3,16,1.65,uniform,11,0.6875
3,16,1.65,uniform,12,0.75
3,16,1.65,uniform,13,0.8125
3,16,1.65,uniform,14,0.875
3,16,1.65,uniform,15,0.9375
3,16,1.65,uniform,16,1.0
3,16,1.65,positional,0,0.0
3,16,1.65,positional,1,0.0008700841591799372
3,16,1.65,positional,2,0.0035828867458754525
3,16,1.65,positional,3,0.009314616479198465
3,16,1.65,positional,4,0.019258864647792435
3,16,1.65,positional,5,0.03469323234828894
3,16,1.65,positional,6,0.05695164896903811
3,16,1.65,positional,7,0.08743213844165977
3,16,1.65,positional,8,0.1276616386148172
3,16,1.65,positional,9,0.17931383158514555
3,16,1.65,positional,10,0.24413762451377685
3,16,1.65,positional,11,0.3238449966276923
3,16,1.65,positional,12,0.42003920758440594
3,16,1.65,positional,13,0.5342250688582277
3,16,1.65,positional,14,0.6678841196451069
3,16,1.65,positional,15,0.8225715288007969
3,16,1.65,positional,16,1.0
3,16,1.75,uniform,0,0.0
3,16,1.75,uniform,1,0.0625
3,16,1.75,uniform,2,0.125
3,16,1.75,uniform,3,0.1875
3,16,1.75,uniform,4,0.25
3,16,1.75,uniform,5,0.3125
3,16,1.75,uniform,6,0.375
3,16,1.75,uniform,7,0.4375
3,16,1.75,uniform,8,0.5
3,16,1.75,uniform,9,0.5625
3,16,1.75,uniform,10,0.625
3,16,1.75,uniform,11,0.6875
3,16,1.75,uniform,12,0.75
3,16,1.75,uniform,13,0.8125
3,16,1.75,uniform,14,0.875
3,16,1.75,uniform,15,0.9375
3,16,1.75,uniform,16,1.0
3,16,1.75,positional,0,0.0
3,16,1.75,positional,1,0.0015576881177409307
3,16,1.75,positional,2,0.005916519818267709
3,16,1.75,positional,3,0.01429413571171811
3,16,1.75,positional,4,0.027818150368736975
3,16,1.75,positional,5,0.0476158278926928
3,16,1.75,positional,6,0.07476506665725767
3,16,1.75,positional,7,0.11033920698327745
3,16,1.75,positional,8,0.15548362497978724
3,16,1.75,positional,9,0.21142042778546752
3,16,1.75,positional,10,0.2793796056061597
3,16,1.75,positional,11,0.3605172620623755
3,16,1.75,positional,12,0.4558833373001011
3,16,1.75,positional,13,0.5664586697572305
3,16,1.75,positional,14,0.693237940210019
3,16,1.75,positional,15,0.8373226571331326
3,16,1.75,positional,16,1.0
3,16,1.85,uniform,0,0.0
3,16,1.85,uniform,1,0.0625
3,16,1.85,uniform,2,0.125
3,16,1.85,uniform,3,0.1875
3,16,1.85,uniform,4,0.25
3,16,1.85,uniform,5,0.3125
3,16,1.85,uniform,6,0.375
3,16,1.85,uniform,7,0.4375
3,16,1.85,uniform,8,0.5
3,16,1.85,uniform,9,0.5625
3,16,1.85,uniform,10,0.625
3,16,1.85,uniform,11,0.6875
3,16,1.85,uniform,12,0.75
3,16,1.85,uniform,13,0.8125
3,16,1.85,uniform,14,0.875
3,16,1.85,uniform,15,0.9375
3,16,1.85,uniform,16,1.0
3,16,1.85,positional,0,0.0
3,16,1.85,positional,1,0.002567143719718679
3,16,1.85,positional,2,0.008988341299098939
3,16,1.85,positional,3,0.02036140868625106
3,16,1.85,positional,4,0.03767964168765014
3,16,1.85,positional,5,0.061856848129271155
3,16,1.85,positional,6,0.093686924949896
3,16,1.85,positional,7,0.13393619048164607
3,16,1.85,positional,8,0.18341741708613563
3,16,1.85,positional,9,0.24297308758815075
3,16,1.85,positional,10,0.31340569158246173
3,16,1.85,positional,11,0.39541869824259157
3,16,1.85,positional,12,0.4896113502059239
3,16,1.85,positional,13,0.5965299553198601
3,16,1.85,positional,14,0.7167489239282583
3,16,1.85,positional,15,0.8509523271348761
3,16,1.85,positional,16,1.0
3,16,1.95,uniform,0,0.0
3,16,1.95,uniform,1,0.0625
3,16,1.95,uniform,2,0.125
3,16,1.95,uniform,3,0.1875
3,16,1.95,uniform,4,0.25
3,16,1.95,uniform,5,0.3125
3,16,1.95,uniform,6,0.375
3,16,1.95,uniform,7,0.4375
3,16,1.95,uniform,8,0.5
3,16,1.95,uniform,9,0.5625
3,16,1.95,uniform,10,0.625
3,16,1.95,uniform,11,0.6875
3,16,1.95,uniform,12,0.75
3,16,1.95,uniform,13,0.8125
3,16,1.95,uniform,14,0.875
3,16,1.95,uniform,15,0.9375
3,16,1.95,uniform,16,1.0
3,16,1.95,positional,0,0.0
3,16,1.95,positional,1,0.003908435102444788
3,16,1.95,positional,2,0.012681365068150902
3,16,1.95,positional,3,0.02720670500027165
3,16,1.95,positional,4,0.048302668870995366
3,16,1.95,positional,5,0.07662954524781179
3,16,1.95,positional,6,0.11269982727493037
3,16,1.95,positional,7,0.15701194530135923
3,16,1.95,positional,8,0.21010535667689073
3,16,1.95,positional,9,0.27251840783286846
3,16,1.95,positional,10,0.3447177908957606
3,16,1.95,positional,11,0.4270582394126039
3,16,1.95,positional,12,0.5197967238751797
3,16,1.95,positional,13,0.6231507494065371
3,16,1.95,positional,14,0.7373730469239346
3,16,1.95,positional,15,0.8628194190175218
3,16,1.95,positional,16,1.0
3,32,1.55,uniform,0,0.0
3,32,1.55,uniform,1,0.03125
3,32,1.55,uniform,2,0.0625
3,32,1.55,uniform,3,0.09375
3,32,1.55,uniform,4,0.125
3,32,1.55,uniform,5,0.15625
3,32,1.55,uniform,6,0.1875
3,32,1.55,uniform,7,0.21875
3,32,1.55,uniform,8,0.25
3,32,1.55,uniform,9,0.28125
3,32,1.55,uniform,10,0.3125
3,32,1.55,uniform,11,0.34375
3,32,1.55,uniform,12,0.375
3,32,1.55,uniform,13,0.40625
3,32,1.55,uniform,14,0.4375
3,32,1.55,uniform,15,0.46875
3,32,1.55,uniform,16,0.5
3,32,1.55,uniform,17,0.53125
3,32,1.55,uniform,18,0.5625
3,32,1.55,uniform,19,0.59375
3,32,1.55,uniform,20,0.625
3,32,1.55,uniform,21,0.65625
3,32,1.55,uniform,22,0.6875
3,32,1.55,uniform,23,0.71875
3,32,1.55,uniform,24,0.75
3,32,1.55,uniform,25,0.78125
3,32,1.55,uniform,26,0.8125
3,32,1.55,uniform,27,0.84375
3,32,1.55,uniform,28,0.875
3,32,1.55,uniform,29,0.90625
3,32,1.55,uniform,30,0.9375
3,32,1.55,uniform,31,0.96875
3,32,1.55,uniform,32,1.0
3,32,1.55,positional,0,0.0
3,32,1.55,positional,1,2.9887831495665988e-05
3,32,1.55,positional,2,0.00016012012353923595
3,32,1.55,positional,3,0.00048257014838562056
3,32,1.55,positional,4,0.0011026375813321635
3,32,1.55,positional,5,0.0021550143013576036
3,32,1.55,positional,6,0.003791997054417191
3,32,1.55,positional,7,0.006177782365387635
3,32,1.55,positional,8,0.009488768900111782
3,32,1.55,positional,9,0.013915066042588966
3,32,1.55,positional,10,0.019660189864234023
3,32,1.55,positional,11,0.026939268864308242
3,32,1.55,positional,12,0.03597757201626342
3,32,1.55,positional,13,0.04701057523895932
3,32,1.55,positional,14,0.06028545868957304
3,32,1.55,positional,15,0.0760629875565076
3,32,1.55,positional,16,0.09461849304090207
3,32,1.55,positional,17,0.11624098192593657
3,32,1.55,positional,18,0.14123000928576412
3,32,1.55,positional,19,0.16989062703481053
3,32,1.55,positional,20,0.202527272849984
3,32,1.55,positional,21,0.23943773210028108
3,32,1.55,positional,22,0.28090823024063527
3,32,1.55,positional,23,0.3272103622553368
3,32,1.55,positional,24,0.3786000948801593
3,32,1.55,positional,25,0.43531864963993877
3,32,1.55,positional,26,0.4975947941979017
3,32,1.55,positional,27,0.5656479610190838
3,32,1.55,positional,28,0.6396916421651058
3,32,1.55,positional,29,0.7199366197215965
3,32,1.55,positional,30,0.8065937296160749
3,32,1.55,positional,31,0.8998759863725705
3,32,1.55,positional,32,1.0
3,32,1.65,uniform,0,0.0
3,32,1.65,uniform,1,0.03125
3,32,1.65,uniform,2,0.0625
3,32,1.65,uniform,3,0.09375
3,32,1.65,uniform,4,0.125
3,32,1.65,uniform,5,0.15625
3,32,1.65,uniform,6,0.1875
3,32,1.65,uniform,7,0.21875
3,32,1.65,uniform,8,0.25
3,32,1.65,uniform,9,0.28125
3,32,1.65,uniform,10,0.3125
3,32,1.65,uniform,11,0.34375
3,32,1.65,uniform,12,0.375
3,32,1.65,uniform,13,0.40625
3,32,1.65,uniform,14,0.4375
3,32,1.65,uniform,15,0.46875
3,32,1.65,uniform,16,0.5
3,32,1.65,uniform,17,0.53125
3,32,1.65,uniform,18,0.5625
3,32,1.65,uniform,19,0.59375
3,32,1.65,uniform,20,0.625
3,32,1.65,uniform,21,0.65625
3,32,1.65,uniform,22,0.6875
3,32,1.65,uniform,23,0.71875
3,32,1.65,uniform,24,0.75
3,32,1.65,uniform,25,0.78125
3,32,1.65,uniform,26,0.8125
3,32,1.65,uniform,27,0.84375
3,32,1.65,uniform,28,0.875
3,32,1.65,uniform,29,0.90625
3,32,1.65,uniform,30,0.9375
3,32,1.65,uniform,31,0.96875
3,32,1.65,uniform,32,1.0
3,32,1.65,positional,0,0.0
3,32,1.65,positional,1,6.929438533673697e-05
3,32,1.65,positional,2,0.0003575270265348126
3,32,1.65,positional,3,0.0009928926158967015
3,32,1.65,positional,4,0.002132135078552765
3,32,1.65,positional,5,0.003943239914809945
3,32,1.65,positional,6,0.0065929436235041446
3,32,1.65,positional,7,0.01024841348768492
3,32,1.65,positional,8,0.015082041529708906
3,32,1.65,positional,9,0.021272828105914923
3,32,1.65,positional,10,0.0290043652571221
3,32,1.65,positional,11,0.038462396487052956
3,32,1.65,positional,12,0.04983421632328027
3,32,1.65,positional,13,0.06331022386183881
3,32,1.65,positional,14,0.07908659189764888
3,32,1.65,positional,15,0.09736767632504462
3,32,1.65,positional,16,0.1183671051067017
3,32,1.65,positional,17,0.1423070318673107
3,32,1.65,positional,18,0.16941559409404128
3,32,1.65,positional,19,0.1999230830576102
3,32,1.65,positional,20,0.23405763656685474
3,32,1.65,positional,21,0.2720413434653329
3,32,1.65,positional,22,0.31408749407783154
3,32,1.65,positional,23,0.3603993948354326
3,32,1.65,positional,24,0.41117080556261365
3,32,1.65,positional,25,0.4665877623508412
3,32,1.65,positional,26,0.52683137612893
3,32,1.65,positional,27,0.5920811502033597
3,32,1.65,positional,28,0.6625184061262385
3,32,1.65,positional,29,0.7383295020366482
3,32,1.65,positional,30,0.8197086336232199
3,32,1.65,positional,31,0.9068601015162673
3,32,1.65,positional,32,1.0
3,32,1.75,uniform,0,0.0
3,32,1.75,uniform,1,0.03125
3,32,1.75,uniform,2,0.0625
3,32,1.75,uniform,3,0.09375
3,32,1.75,uniform,4,0.125
3,32,1.75,uniform,5,0.15625
3,32,1.75,uniform,6,0.1875
3,32,1.75,uniform,7,0.21875
3,32,1.75,uniform,8,0.25
3,32,1.75,uniform,9,0.28125
3,32,1.75,uniform,10,0.3125
3,32,1.75,uniform,11,0.34375
3,32,1.75,uniform,12,0.375
3,32,1.75,uniform,13,0.40625
3,32,1.75,uniform,14,0.4375
3,32,1.75,uniform,15,0.46875
3,32,1.75,uniform,16,0.5
3,32,1.75,uniform,17,0.53125
3,32,1.75,uniform,18,0.5625
3,32,1.75,uniform,19,0.59375
3,32,1.75,uniform,20,0.625
3,32,1.75,uniform,21,0.65625
3,32,1.75,uniform,22,0.6875
3,32,1.75,uniform,23,0.71875
3,32,1.75,uniform,24,0.75
3,32,1.75,uniform,25,0.78125
3,32,1.75,uniform,26,0.8125
3,32,1.75,uniform,27,0.84375
3,32,1.75,uniform,28,0.875
3,32,1.75,uniform,29,0.90625
3,32,1.75,uniform,30,0.9375
3,32,1.75,uniform,31,0.96875
3,32,1.75,uniform,32,1.0
3,32,1.75,positional,0,0.0
3,32,1.75,positional,1,0.00016311771270265674
3,32,1.75,positional,2,0.0007160975789921853
3,32,1.75,positional,3,0.0018413113428857246
3,32,1.75,positional,4,0.0037321947480170956
3,32,1.75,positional,5,0.006564019038123056
3,32,1.75,positional,6,0.010497299477091644
3,32,1.75,positional,7,0.015688937748212842
3,32,1.75,positional,8,0.02229753296429965
3,32,1.75,positional,9,0.03048182710994316
3,32,1.75,positional,10,0.04039702843599309
3,32,1.75,positional,11,0.052193097559261305
3,32,1.75,positional,12,0.06601605576370795
3,32,1.75,positional,13,0.08201117212327488
3,32,1.75,positional,14,0.10032631409253183
3,32,1.75,positional,15,0.12111418926487036
3,32,1.75,positional,16,0.1445328987211164
3,32,1.75,positional,17,0.1707447916167649
3,32,1.75,positional,18,0.19991399997043713
3,32,1.75,positional,19,0.23220327532699941
3,32,1.75,positional,20,0.2677708500834647
3,32,1.75,positional,21,0.3067679907383653
3,32,1.75,positional,22,0.34933771259912505
3,32,1.75,positional,23,0.3956148483651058
3,32,1.75,positional,24,0.44572739245038145
3,32,1.75,positional,25,0.4997988478346955
3,32,1.75,positional,26,0.5579512107475468
3,32,1.75,positional,27,0.6203082298067304
3,32,1.75,positional,28,0.6869986380950606
3,32,1.75,positional,29,0.758159143925648
3,32,1.75,positional,30,0.8339370520740328
3,32,1.75,positional,31,0.9144924571880432
3,32,1.75,positional,32,1.0
3,32,1.85,uniform,0,0.0
3,32,1.85,uniform,1,0.03125
3,32,1.85,uniform,2,0.0625
3,32,1.85,uniform,3,0.09375
3,32,1.85,uniform,4,0.125
3,32,1.85,uniform,5,0.15625
3,32,1.85,uniform,6,0.1875
3,32,1.85,uniform,7,0.21875
3,32,1.85,uniform,8,0.25
3,32,1.85,uniform,9,0.28125
3,32,1.85,uniform,10,0.3125
3,32,1.85,uniform,11,0.34375
3,32,1.85,uniform,12,0.375
3,32,1.85,uniform,13,0.40625
3,32,1.85,uniform,14,0.4375
3,32,1.85,uniform,15,0.46875
3,32,1.85,uniform,16,0.5
3,32,1.85,uniform,17,0.53125
3,32,1.85,uniform,18,0.5625
3,32,1.85,uniform,19,0.59375
3,32,1.85,uniform,20,0.625
3,32,1.85,uniform,21,0.65625
3,32,1.85,uniform,22,0.6875
3,32,1.85,uniform,23,0.71875
3,32,1.85,uniform,24,0.75
3,32,1.85,uniform,25,0.78125
3,32,1.85,uniform,26,0.8125
3,32,1.85,uniform,27,0.84375
3,32,1.85,uniform,28,0.875
3,32,1.85,uniform,29,0.90625
3,32,1.85,uniform,30,0.9375
3,32,1.85,uniform,31,0.96875
3,32,1.85,uniform,32,1.0
3,32,1.85,positional,0,0.0
3,32,1.85,positional,1,0.00033255660088380297
3,32,1.85,positional,2,0.0012896389243799427
3,32,1.85,positional,3,0.0031012623068548796
3,32,1.85,positional,4,0.005960399529502019
3,32,1.85,positional,5,0.010022635918882647
3,32,1.85,positional,6,0.015428647069301908
3,32,1.85,positional,7,0.02231720343279921
3,32,1.85,positional,8,0.030825513245246912
3,32,1.85,positional,9,0.04108404386123721
3,32,1.85,positional,10,0.05321294171712996
3,32,1.85,positional,11,0.06732266028042062
3,32,1.85,positional,12,0.08351765338255707
3,32,1.85,positional,13,0.10190078185162167
3,32,1.85,positional,14,0.1225766382255225
3,32,1.85,positional,15,0.1456530249829433
3,32,1.85,positional,16,0.17124060622182846
3,32,1.85,positional,17,0.1994511658443378
3,32,1.85,positional,18,0.2303950709361133
3,32,1.85,positional,19,0.26417857599921857
3,32,1.85,positional,20,0.3009015536519121
3,32,1.85,positional,21,0.3406561021349709
3,32,1.85,positional,22,0.38352627531087363
3,32,1.85,positional,23,0.42958895386806933
3,32,1.85,positional,24,0.47891568518088573
3,32,1.85,positional,25,0.531575203700887
3,32,1.85,positional,26,0.5876363120420685
3,32,1.85,positional,27,0.6471708369862851
3,32,1.85,positional,28,0.7102564450794158
3,32,1.85,positional,29,0.7769791820238262
3,32,1.85,positional,30,0.8474356703788968
3,32,1.85,positional,31,0.9217349526079701
3,32,1.85,positional,32,1.0
3,32,1.95,uniform,0,0.0
3,32,1.95,uniform,1,0.03125
3,32,1.95,uniform,2,0.0625
3,32,1.95,uniform,3,0.09375
3,32,1.95,uniform,4,0.125
3,32,1.95,uniform,5,0.15625
3,32,1.95,uniform,6,0.1875
3,32,1.95,uniform,7,0.21875
3,32,1.95,uniform,8,0.25
3,32,1.95,uniform,9,0.28125
3,32,1.95,uniform,10,0.3125
3,32,1.95,uniform,11,0.34375
3,32,1.95,uniform,12,0.375
3,32,1.95,uniform,13,0.40625
3,32,1.95,uniform,14,0.4375
3,32,1.95,uniform,15,0.46875
3,32,1.95,uniform,16,0.5
3,32,1.95,uniform,17,0.53125
3,32,1.95,uniform,18,0.5625
3,32,1.95,uniform,19,0.59375
3,32,1.95,uniform,20,0.625
3,32,1.95,uniform,21,0.65625
3,32,1.95,uniform,22,0.6875
3,32,1.95,uniform,23,0.71875
3,32,1.95,uniform,24,0.75
3,32,1.95,uniform,25,0.78125
3,32,1.95,uniform,26,0.8125
3,32,1.95,uniform,27,0.84375
3,32,1.95,uniform,28,0.875
3,32,1.95,uniform,29,0.90625
3,32,1.95,uniform,30,0.9375
3,32,1.95,uniform,31,0.96875
3,32,1.95,uniform,32,1.0
3,32,1.95,positional,0,0.0
3,32,1.95,positional,1,0.0005942997799579568
3,32,1.95,positional,2,0.002114400940239605
3,32,1.95,positional,3,0.004791395408078139
3,32,1.95,positional,4,0.00877969381497776
3,32,1.95,positional,5,0.014200836443614289
3,32,1.95,positional,6,0.021171450851772057
3,32,1.95,positional,7,0.02980819211410768
3,32,1.95,positional,8,0.040220953957268615
3,32,1.95,positional,9,0.05250612100250011
3,32,1.95,positional,10,0.06674545130303836
3,32,1.95,positional,11,0.08300999421676711
3,32,1.95,positional,12,0.10136583619072265
3,32,1.95,positional,13,0.12187889552387515
3,32,1.95,positional,14,0.14461748580211503
3,32,1.95,positional,15,0.16965260644307212
3,32,1.95,positional,16,0.19705654260494448
3,32,1.95,positional,17,0.2269005206154392
3,32,1.95,positional,18,0.25925211020276306
3,32,1.95,positional,19,0.2941729396859065
3,32,1.95,positional,20,0.33171714137755653
3,32,1.95,positional,21,0.3719307732522749
3,32,1.95,positional,22,0.4148522775801446
3,32,1.95,positional,23,0.4605138668598938
3,32,1.95,positional,24,0.5089436062722413
3,32,1.95,positional,25,0.5601679087780338
3,32,1.95,positional,26,0.6142141696863865
3,32,1.95,positional,27,0.6711133214210638
3,32,1.95,positional,28,0.7309021612914728
3,32,1.95,positional,29,0.7936253750997357
3,32,1.95,positional,30,0.8593372356352894
3,32,1.95,positional,31,0.9281029935548885
3,32,1.95,positional,32,1.0
3,64,1.55,uniform,0,0.0
3,64,1.55,uniform,1,0.015625
3,64,1.55,uniform,2,0.03125
3,64,1.55,uniform,3,0.046875
3,64,1.55,uniform,4,0.0625
3,64,1.55,uniform,5,0.078125
3,64,1.55,uniform,6,0.09375
3,64,1.55,uniform,7,0.109375
3,64,1.55,uniform,8,0.125
3,64,1.55,uniform,9,0.140625
3,64,1.55,uniform,10,0.15625
3,64,1.55,uniform,11,0.171875
3,64,1.55,uniform,12,0.1875
3,64,1.55,uniform,13,0.203125
3,64,1.55,uniform,14,0.21875
3,64,1.55,uniform,15,0.234375
3,64,1.55,uniform,16,0.25
3,64,1.55,uniform,17,0.265625
3,64,1.55,uniform,18,0.28125
3,64,1.55,uniform,19,0.296875
3,64,1.55,uniform,20,0.3125
3,64,1.55,uniform,21,0.328125
3,64,1.55,uniform,22,0.34375
3,64,1.55,uniform,23,0.359375
3,64,1.55,uniform,24,0.375
3,64,1.55,uniform,25,0.390625
3,64,1.55,uniform,26,0.40625
3,64,1.55,uniform,27,0.421875
3,64,1.55,uniform,28,0.4375
3,64,1.55,uniform,29,0.453125
3,64,1.55,uniform,30,0.46875
3,64,1.55,uniform,31,0.484375
3,64,1.55,uniform,32,0.5
3,64,1.55,uniform,33,0.515625
3,64,1.55,uniform,34,0.53125
3,64,1.55,uniform,35,0.546875
3,64,1.55,uniform,36,0.5625
3,64,1.55,uniform,37,0.578125
3,64,1.55,uniform,38,0.59375
3,64,1.55,uniform,39,0.609375
3,64,1.55,uniform,40,0.625
3,64,1.55,uniform,41,0.640625
3,64,1.55,uniform,42,0.65625
3,64,1.55,uniform,43,0.671875
3,64,1.55,uniform,44,0.6875
3,64,1.55,uniform,45,0.703125
3,64,1.55,uniform,46,0.71875
3,64,1.55,uniform,47,0.734375
3,64,1.55,uniform,48,0.75
3,64,1.55,uniform,49,0.765625
3,64,1.55,uniform,50,0.78125
3,64,1.55,uniform,51,0.796875
3,64,1.55,uniform,52,0.8125
3,64,1.55,uniform,53,0.828125
3,64,1.55,uniform,54,0.84375
3,64,1.55,uniform,55,0.859375
3,64,1.55,uniform,56,0.875
3,64,1.55,uniform,57,0.890625
3,64,1.55,uniform,58,0.90625
3,64,1.55,uniform,59,0.921875
3,64,1.55,uniform,60,0.9375
3,64,1.55,uniform,61,0.953125
3,64,1.55,uniform,62,0.96875
3,64,1.55,uniform,63,0.984375
3,64,1.55,uniform,64,1.0
3,64,1.55,positional,0,0.0
3,64,1.55,positional,1,7.954511915314928e-06
3,64,1.55,positional,2,1.663159369716298e-05
3,64,1.55,positional,3,3.4008359204884916e-05
3,64,1.55,positional,4,7.582412299232037e-05
3,64,1.55,positional,5,0.00015512925698477268
3,64,1.55,positional,6,0.00028393603800710727
3,64,1.55,positional,7,0.0004762133085689712
3,64,1.55,positional,8,0.000748394052948146
3,64,1.55,positional,9,0.0011190160227764207
3,64,1.55,positional,10,0.0016082201952165424
3,64,1.55,positional,11,0.002237321190213819
3,64,1.55,positional,12,0.0030285183667960068
3,64,1.55,positional,13,0.004004754496859801
3,64,1.55,positional,14,0.00518968992570926
3,64,1.55,positional,15,0.006607740623405491
3,64,1.55,positional,16,0.008284128670897686
3,64,1.55,positional,17,0.010244908015321307
3,64,1.55,positional,18,0.01251694842552453
3,64,1.55,positional,19,0.015127879161673272
3,64,1.55,positional,20,0.01810600656541319
3,64,1.55,positional,21,0.0214802252482733
3,64,1.55,positional,22,0.02527994169779315
3,64,1.55,positional,23,0.029535023996257
3,64,1.55,positional,24,0.034275784273633765
3,64,1.55,positional,25,0.03953299344385222
3,64,1.55,positional,26,0.045337921987732496
3,64,1.55,positional,27,0.051722396649471425
3,64,1.55,positional,28,0.05871886097943465
3,64,1.55,positional,29,0.0663604274407987
3,64,1.55,positional,30,0.07468090993042407
3,64,1.55,positional,31,0.08371482766873672
3,64,1.55,positional,32,0.09349737415959096
3,64,1.55,positional,33,0.10406434802924708
3,64,1.55,positional,34,0.11545204577519419
3,64,1.55,positional,35,0.12769711955554178
3,64,1.55,positional,36,0.1408364059020838
3,64,1.55,positional,37,0.15490673343917455
3,64,1.55,positional,38,0.1699447191725015
3,64,1.55,positional,39,0.1859865635782764
3,64,1.55,positional,40,0.20306785455751608
3,64,1.55,positional,41,0.22122338939033437
3,64,1.55,positional,42,0.24048702227429974
3,64,1.55,positional,43,0.2608915430535615
3,64,1.55,positional,44,0.28246859055901397
3,64,1.55,positional,45,0.3052486017950211
3,64,1.55,positional,46,0.3292607962048713
3,64,1.55,positional,47,0.3545331925578696
3,64,1.55,positional,48,0.3810926547049315
3,64,1.55,positional,49,0.40896496157436235
3,64,1.55,positional,50,0.4381748963095281
3,64,1.55,positional,51,0.4687463493380978
3,64,1.55,positional,52,0.5007024303421304
3,64,1.55,positional,53,0.5340655844954324
3,64,1.55,positional,54,0.5688577088766325
3,64,1.55,positional,55,0.6051002655882181
3,64,1.55,positional,56,0.6428143887594924
3,64,1.55,positional,57,0.6820209832437134
3,64,1.55,positional,58,0.7227408134075199
3,64,1.55,positional,59,0.7649945809359439
3,64,1.55,positional,60,0.8088029910296497
3,64,1.55,positional,61,0.8541868067502143
3,64,1.55,positional,62,0.901166891576864
3,64,1.55,positional,63,0.9497642404799312
3,64,1.55,positional,64,1.0
3,64,1.65,uniform,0,0.0
3,64,1.65,uniform,1,0.015625
3,64,1.65,uniform,2,0.03125
3,64,1.65,uniform,3,0.046875
3,64,1.65,uniform,4,0.0625
3,64,1.65,uniform,5,0.078125
3,64,1.65,uniform,6,0.09375
3,64,1.65,uniform,7,0.109375
3,64,1.65,uniform,8,0.125
3,64,1.65,uniform,9,0.140625
3,64,1.65,uniform,10,0.15625
3,64,1.65,uniform,11,0.171875
3,64,1.65,uniform,12,0.1875
3,64,1.65,uniform,13,0.203125
3,64,1.65,uniform,14,0.21875
3,64,1.65,uniform,15,0.234375
3,64,1.65,uniform,16,0.25
3,64,1.65,uniform,17,0.265625
3,64,1.65,uniform,18,0.28125
3,64,1.65,uniform,19,0.296875
3,64,1.65,uniform,20,0.3125
3,64,1.65,uniform,21,0.328125
3,64,1.65,uniform,22,0.34375
3,64,1.65,uniform,23,0.359375
3,64,1.65,uniform,24,0.375
3,64,1.65,uniform,25,0.390625
3,64,1.65,uniform,26,0.40625
3,64,1.65,uniform,27,0.421875
3,64,1.65,uniform,28,0.4375
3,64,1.65,uniform,29,0.453125
3,64,1.65,uniform,30,0.46875
3,64,1.65,uniform,31,0.484375
3,64,1.65,uniform,32,0.5
3,64,1.65,uniform,33,0.515625
3,64,1.65,uniform,34,0.53125
3,64,1.65,uniform,35,0.546875
3,64,1.65,uniform,36,0.5625
3,64,1.65,uniform,37,0.578125
3,64,1.65,uniform,38,0.59375
3,64,1.65,uniform,39,0.609375
3,64,1.65,uniform,40,0.625
3,64,1.65,uniform,41,0.640625
3,64,1.65,uniform,42,0.65625
3,64,1.65,uniform,43,0.671875
3,64,1.65,uniform,44,0.6875
3,64,1.65,uniform,45,0.703125
3,64,1.65,uniform,46,0.71875
3,64,1.65,uniform,47,0.734375
3,64,1.65,uniform,48,0.75
3,64,1.65,uniform,49,0.765625
3,64,1.65,uniform,50,0.78125
3,64,1.65,uniform,51,0.796875
3,64,1.65,uniform,52,0.8125
3,64,1.65,uniform,53,0.828125
3,64,1.65,uniform,54,0.84375
3,64,1.65,uniform,55,0.859375
3,64,1.65,uniform,56,0.875
3,64,1.65,uniform,57,0.890625
3,64,1.65,uniform,58,0.90625
3,64,1.65,uniform,59,0.921875
3,64,1.65,uniform,60,0.9375
3,64,1.65,uniform,61,0.953125
3,64,1.65,uniform,62,0.96875
3,64,1.65,uniform,63,0.984375
3,64,1.65,uniform,64,1.0
3,64,1.65,positional,0,0.0
3,64,1.65,positional,1,1.1075401259437442e-05
3,64,1.65,positional,2,2.765616020388512e-05
3,64,1.65,positional,3,7.591643593570502e-05
3,64,1.65,positional,4,0.00017874665391190826
3,64,1.65,positional,5,0.0003529022353570843
3,64,1.65,positional,6,0.000617138115159257
3,64,1.65,positional,7,0.0009928062408593057
3,64,1.65,positional,8,0.001502776753771543
3,64,1.65,positional,9,0.0021704963084504523
3,64,1.65,positional,10,0.003019416942086048
3,64,1.65,positional,11,0.004072766414674933
3,64,1.65,positional,12,0.005353568630399328
3,64,1.65,positional,13,0.006884801687949046
3,64,1.65,positional,14,0.00868958885026725
3,64,1.65,positional,15,0.010791347162922012
3,64,1.65,positional,16,0.013213856492533696
3,64,1.65,positional,17,0.015981246111189895
3,64,1.65,positional,18,0.019117919462843396
3,64,1.65,positional,19,0.022648448618306487
3,64,1.65,positional,20,0.026597470033582232
3,64,1.65,positional,21,0.030989606197930508
3,64,1.65,positional,22,0.035849427467851316
3,64,1.65,positional,23,0.04120145800508338
3,64,1.65,positional,24,0.04707022131086166
3,64,1.65,positional,25,0.05348031526607433
3,64,1.65,positional,26,0.060456503846826104
3,64,1.65,positional,27,0.06802381226081652
3,64,1.65,positional,28,0.07620761342921001
3,64,1.65,positional,29,0.08503369585802002
3,64,1.65,positional,30,0.09452830550320551
3,64,1.65,positional,31,0.10471815691661518
3,64,1.65,positional,32,0.11563041158817115
3,64,1.65,positional,33,0.1272926238762759
3,64,1.65,positional,34,0.13973265717399289
3,64,1.65,positional,35,0.1529785749196595
3,64,1.65,positional,36,0.1670585126416149
3,64,1.65,positional,37,0.18200053834017746
3,64,1.65,positional,38,0.19783250908633762
3,64,1.65,positional,39,0.2145819317241633
3,64,1.65,positional,40,0.23227583502178406
3,64,1.65,positional,41,0.25094065959612555
3,64,1.65,positional,42,0.2706021705557662
3,64,1.65,positional,43,0.29128539620860056
3,64,1.65,positional,44,0.3130145945181719
3,64,1.65,positional,45,0.33581324740456775
3,64,1.65,positional,46,0.3597040815858573
3,64,1.65,positional,47,0.3847091135218791
3,64,1.65,positional,48,0.41084971519365493
3,64,1.65,positional,49,0.43814669693409064
3,64,1.65,positional,50,0.4666204032964325
3,64,1.65,positional,51,0.49629081796454494
3,64,1.65,positional,52,0.5271776739213467
3,64,1.65,positional,53,0.5593005654436729
3,64,1.65,positional,54,0.5926790589313105
3,64,1.65,positional,55,0.6273328000595649
3,64,1.65,positional,56,0.6632816152317901
3,64,1.65,positional,57,0.7005456057734452
3,64,1.65,positional,58,0.7391452337338194
3,64,1.65,positional,59,0.779101398534584
3,64,1.65,positional,60,0.8204355040210065
3,64,1.65,positional,61,0.8631695157318369
3,64,1.65,positional,62,0.9073260084107178
3,64,1.65,positional,63,0.952928203940658
3,64,1.65,positional,64,1.0
3,64,1.75,uniform,0,0.0
3,64,1.75,uniform,1,0.015625
3,64,1.75,uniform,2,0.03125
3,64,1.75,uniform,3,0.046875
3,64,1.75,uniform,4,0.0625
3,64,1.75,uniform,5,0.078125
3,64,1.75,uniform,6,0.09375
3,64,1.75,uniform,7,0.109375
3,64,1.75,uniform,8,0.125
3,64,1.75,uniform,9,0.140625
3,64,1.75,uniform,10,0.15625
3,64,1.75,uniform,11,0.171875
3,64,1.75,uniform,12,0.1875
3,64,1.75,uniform,13,0.203125
3,64,1.75,uniform,14,0.21875
3,64,1.75,uniform,15,0.234375
3,64,1.75,uniform,16,0.25
3,64,1.75,uniform,17,0.265625
3,64,1.75,uniform,18,0.28125
3,64,1.75,uniform,19,0.296875
3,64,1.75,uniform,20,0.3125
3,64,1.75,uniform,21,0.328125
3,64,1.75,uniform,22,0.34375
3,64,1.75,uniform,23,0.359375
3,64,1.75,uniform,24,0.375
3,64,1.75,uniform,25,0.390625
3,64,1.75,uniform,26,0.40625
3,64,1.75,uniform,27,0.421875
3,64,1.75,uniform,28,0.4375
3,64,1.75,uniform,29,0.453125
3,64,1.75,uniform,30,0.46875
3,64,1.75,uniform,31,0.484375
3,64,1.75,uniform,32,0.5
3,64,1.75,uniform,33,0.515625
3,64,1.75,uniform,34,0.53125
3,64,1.75,uniform,35,0.546875
3,64,1.75,uniform,36,0.5625
3,64,1.75,uniform,37,0.578125
3,64,1.75,uniform,38,0.59375
3,64,1.75,uniform,39,0.609375
3,64,1.75,uniform,40,0.625
3,64,1.75,uniform,41,0.640625
3,64,1.75,uniform,42,0.65625
3,64,1.75,uniform,43,0.671875
3,64,1.75,uniform,44,0.6875
3,64,1.75,uniform,45,0.703125
3,64,1.75,uniform,46,0.71875
3,64,1.75,uniform,47,0.734375
3,64,1.75,uniform,48,0.75
3,64,1.75,uniform,49,0.765625
3,64,1.75,uniform,50,0.78125
3,64,1.75,uniform,51,0.796875
3,64,1.75,uniform,52,0.8125
3,64,1.75,uniform,53,0.828125
3,64,1.75,uniform,54,0.84375
3,64,1.75,uniform,55,0.859375
3,64,1.75,uniform,56,0.875
3,64,1.75,uniform,57,0.890625
3,64,1.75,uniform,58,0.90625
3,64,1.75,uniform,59,0.921875
3,64,1.75,uniform,60,0.9375
3,64,1.75,uniform,61,0.953125
3,64,1.75,uniform,62,0.96875
3,64,1.75,uniform,63,0.984375
3,64,1.75,uniform,64,1.0
3,64,1.75,positional,0,0.0
3,64,1.75,positional,1,1.5199101735209952e-05
3,64,1.75,positional,2,5.656157823572012e-05
3,64,1.75,positional,3,0.00017135202361590697
3,64,1.75,positional,4,0.0003844779414880638
3,64,1.75,positional,5,0.0007202266642024616
3,64,1.75,positional,6,0.0012053468765927738
3,64,1.75,positional,7,0.0018668859605531865
3,64,1.75,positional,8,0.002730844228796516
3,64,1.75,positional,9,0.0038217120312071026
3,64,1.75,positional,10,0.005162555631352937
3,64,1.75,positional,11,0.006775383407285149
3,64,1.75,positional,12,0.008681588196860192
3,64,1.75,positional,13,0.010902324767511046
3,64,1.75,positional,14,0.013458748014959793
3,64,1.75,positional,15,0.016372097081074448
3,64,1.75,positional,16,0.01966365288074608
3,64,1.75,positional,17,0.023354618105669377
3,64,1.75,positional,18,0.027465972184742726
3,64,1.75,positional,19,0.03201834458441283
3,64,1.75,positional,20,0.037031934503476846
3,64,1.75,positional,21,0.04252648876655475
3,64,1.75,positional,22,0.04852133612312101
3,64,1.75,positional,23,0.055035466928055915
3,64,1.75,positional,24,0.06208764249725762
3,64,1.75,positional,25,0.06969651750413988
3,64,1.75,positional,26,0.07788076040502889
3,64,1.75,positional,27,0.08665915986779842
3,64,1.75,positional,28,0.09605070860479552
3,64,1.75,positional,29,0.10607465929255742
3,64,1.75,positional,30,0.1167505501136733
3,64,1.75,positional,31,0.12809819981007847
3,64,1.75,positional,32,0.1401376740365853
3,64,1.75,positional,33,0.1528892263275329
3,64,1.75,positional,34,0.1663732182003655
3,64,1.75,positional,35,0.1806100238418836
3,64,1.75,positional,36,0.1956199254441665
3,64,1.75,positional,37,0.21142300554718604
3,64,1.75,positional,38,0.22803904267655956
3,64,1.75,positional,39,0.24548741613277386
3,64,1.75,positional,40,0.2637870250212011
3,64,1.75,positional,41,0.28295622557394107
3,64,1.75,positional,42,0.30301278959615596
3,64,1.75,positional,43,0.3239738855768448
3,64,1.75,positional,44,0.3458560827422611
3,64,1.75,positional,45,0.3686753771910215
3,64,1.75,positional,46,0.3924472383018427
3,64,1.75,positional,47,0.41718667288863015
3,64,1.75,positional,48,0.4429083041067411
3,64,1.75,positional,49,0.4696264618784723
3,64,1.75,positional,50,0.4973552815773624
3,64,1.75,positional,51,0.5261088078509902
3,64,1.75,positional,52,0.5559011007272202
3,64,1.75,positional,53,0.5867463414964459
3,64,1.75,positional,54,0.6186589362536793
3,64,1.75,positional,55,0.6516536153871433
3,64,1.75,positional,56,0.6857455276894745
3,64,1.75,positional,57,0.7209503281261965
3,64,1.75,positional,58,0.7572842586127668
3,64,1.75,positional,59,0.794764221420748
3,64,1.75,positional,60,0.8334078450542911
3,64,1.75,positional,61,0.8732335426120329
3,64,1.75,positional,62,0.9142605627806502
3,64,1.75,positional,63,0.9565090336998346
3,64,1.75,positional,64,1.0
3,64,1.85,uniform,0,0.0
3,64,1.85,uniform,1,0.015625
3,64,1.85,uniform,2,0.03125
3,64,1.85,uniform,3,0.046875
3,64,1.85,uniform,4,0.0625
3,64,1.85,uniform,5,0.078125
3,64,1.85,uniform,6,0.09375
3,64,1.85,uniform,7,0.109375
3,64,1.85,uniform,8,0.125
3,64,1.85,uniform,9,0.140625
3,64,1.85,uniform,10,0.15625
3,64,1.85,uniform,11,0.171875
3,64,1.85,uniform,12,0.1875
3,64,1.85,uniform,13,0.203125
3,64,1.85,uniform,14,0.21875
3,64,1.85,uniform,15,0.234375
3,64,1.85,uniform,16,0.25
3,64,1.85,uniform,17,0.265625
3,64,1.85,uniform,18,0.28125
3,64,1.85,uniform,19,0.296875
3,64,1.85,uniform,20,0.3125
3,64,1.85,uniform,21,0.328125
3,64,1.85,uniform,22,0.34375
3,64,1.85,uniform,23,0.359375
3,64,1.85,uniform,24,0.375
3,64,1.85,uniform,25,0.390625
3,64,1.85,uniform,26,0.40625
3,64,1.85,uniform,27,0.421875
3,64,1.85,uniform,28,0.4375
3,64,1.85,uniform,29,0.453125
3,64,1.85,uniform,30,0.46875
3,64,1.85,uniform,31,0.484375
3,64,1.85,uniform,32,0.5
3,64,1.85,uniform,33,0.515625
3,64,1.85,uniform,34,0.53125
3,64,1.85,uniform,35,0.546875
3,64,1.85,uniform,36,0.5625
3,64,1.85,uniform,37,0.578125
3,64,1.85,uniform,38,0.59375
3,64,1.85,uniform,39,0.609375
3,64,1.85,uniform,40,0.625
3,64,1.85,uniform,41,0.640625
3,64,1.85,uniform,42,0.65625
3,64,1.85,uniform,43,0.671875
3,64,1.85,uniform,44,0.6875
3,64,1.85,uniform,45,0.703125
3,64,1.85,uniform,46,0.71875
3,64,1.85,uniform,47,0.734375
3,64,1.85,uniform,48,0.75
3,64,1.85,uniform,49,0.765625
3,64,1.85,uniform,50,0.78125
3,64,1.85,uniform,51,0.796875
3,64,1.85,uniform,52,0.8125
3,64,1.85,uniform,53,0.828125
3,64,1.85,uniform,54,0.84375
3,64,1.85,uniform,55,0.859375
3,64,1.85,uniform,56,0.875
3,64,1.85,uniform,57,0.890625
3,64,1.85,uniform,58,0.90625
3,64,1.85,uniform,59,0.921875
3,64,1.85,uniform,60,0.9375
3,64,1.85,uniform,61,0.953125
3,64,1.85,uniform,62,0.96875
3,64,1.85,uniform,63,0.984375
3,64,1.85,uniform,64,1.0
3,64,1.85,positional,0,0.0
3,64,1.85,positional,1,2.328129853264766e-05
3,64,1.85,positional,2,0.0001229620005584564
3,64,1.85,positional,3,0.00035225840348912285
3,64,1.85,positional,4,0.0007417244349008447
3,64,1.85,positional,5,0.0013237677491508841
3,64,1.85,positional,6,0.002129121009020201
3,64,1.85,positional,7,0.003185127739651084
3,64,1.85,positional,8,0.004515815058284286
3,64,1.85,positional,9,0.006142638868709299
3,64,1.85,positional,10,0.008085375159935917
3,64,1.85,positional,11,0.010362901993825203
3,64,1.85,positional,12,0.01299374804253169
3,64,1.85,positional,13,0.01599637416154153
3,64,1.85,positional,14,0.019389220697576925
3,64,1.85,positional,15,0.023190591910744646
3,64,1.85,positional,16,0.027418460613681264
3,64,1.85,positional,17,0.03209026709108112
3,64,1.85,positional,18,0.037222765237900184
3,64,1.85,positional,19,0.04283194396367536
3,64,1.85,positional,20,0.048933029518184346
3,64,1.85,positional,21,0.05554055805626587
3,64,1.85,positional,22,0.06266849850383843
3,64,1.85,positional,23,0.07033040281533728
3,64,1.85,positional,24,0.0785395622787443
3,64,1.85,positional,25,0.08730915269005039
3,64,1.85,positional,26,0.09665235634336067
3,64,1.85,positional,27,0.10658245373304588
3,64,1.85,positional,28,0.11711288202097245
3,64,1.85,positional,29,0.12825726047209937
3,64,1.85,positional,30,0.14002938525653688
3,64,1.85,positional,31,0.1524431974382935
3,64,1.85,positional,32,0.16551272883547913
3,64,1.85,positional,33,0.17925203092867853
3,64,1.85,positional,34,0.19367509223943946
3,64,1.85,positional,35,0.20879574966295225
3,64,1.85,positional,36,0.224627599133273
3,64,1.85,positional,37,0.24118391071495954
3,64,1.85,positional,38,0.25847755273746886
3,64,1.85,positional,39,0.27652092891811453
3,64,1.85,positional,40,0.29532593157944564
3,64,1.85,positional,41,0.3149039131054627
3,64,1.85,positional,42,0.33526567676384134
3,64,1.85,positional,43,0.35642148702141296
3,64,1.85,positional,44,0.3783810985668554
3,64,1.85,positional,45,0.40115380248408916
3,64,1.85,positional,46,0.4247484874294267
3,64,1.85,positional,47,0.44917371327134015
3,64,1.85,positional,48,0.474437794450509
3,64,1.85,positional,49,0.5005488902906621
3,64,1.85,positional,50,0.5275150996081114
3,64,1.85,positional,51,0.5553445571948554
3,64,1.85,positional,52,0.5840455300509275
3,64,1.85,positional,53,0.6136265115830855
3,64,1.85,positional,54,0.6440963123406814
3,64,1.85,positional,55,0.675464146203276
3,64,1.85,positional,56,0.7077397112521235
3,64,1.85,positional,57,0.7409332648386713
3,64,1.85,positional,58,0.7750556926022211
3,64,1.85,positional,59,0.8101185713843386
3,64,1.85,positional,60,0.8461342261408081
3,64,1.85,positional,61,0.8831157810662182
3,64,1.85,positional,62,0.9210772052260945
3,64,1.85,positional,63,0.9600333530418689
3,64,1.85,positional,64,1.0
3,64,1.95,uniform,0,0.0
3,64,1.95,uniform,1,0.015625
3,64,1.95,uniform,2,0.03125
3,64,1.95,uniform,3,0.046875
3,64,1.95,uniform,4,0.0625
3,64,1.95,uniform,5,0.078125
3,64,1.95,uniform,6,0.09375
3,64,1.95,uniform,7,0.109375
3,64,1.95,uniform,8,0.125
3,64,1.95,uniform,9,0.140625
3,64,1.95,uniform,10,0.15625
3,64,1.95,uniform,11,0.171875
3,64,1.95,uniform,12,0.1875
3,64,1.95,uniform,13,0.203125
3,64,1.95,uniform,14,0.21875
3,64,1.95,uniform,15,0.234375
3,64,1.95,uniform,16,0.25
3,64,1.95,uniform,17,0.265625
3,64,1.95,uniform,18,0.28125
3,64,1.95,uniform,19,0.296875
3,64,1.95,uniform,20,0.3125
3,64,1.95,uniform,21,0.328125
3,64,1.95,uniform,22,0.34375
3,64,1.95,uniform,23,0.359375
3,64,1.95,uniform,24,0.375
3,64,1.95,uniform,25,0.390625
3,64,1.95,uniform,26,0.40625
3,64,1.95,uniform,27,0.421875
3,64,1.95,uniform,28,0.4375
3,64,1.95,uniform,29,0.453125
3,64,1.95,uniform,30,0.46875
3,64,1.95,uniform,31,0.484375
3,64,1.95,uniform,32,0.5
3,64,1.95,uniform,33,0.515625
3,64,1.95,uniform,34,0.53125
3,64,1.95,uniform,35,0.546875
3,64,1.95,uniform,36,0.5625
3,64,1.95,uniform,37,0.578125
3,64,1.95,uniform,38,0.59375
3,64,1.95,uniform,39,0.609375
3,64,1.95,uniform,40,0.625
3,64,1.95,uniform,41,0.640625
3,64,1.95,uniform,42,0.65625
3,64,1.95,uniform,43,0.671875
3,64,1.95,uniform,44,0.6875
3,64,1.95,uniform,45,0.703125
3,64,1.95,uniform,46,0.71875
3,64,1.95,uniform,47,0.734375
3,64,1.95,uniform,48,0.75
3,64,1.95,uniform,49,0.765625
3,64,1.95,uniform,50,0.78125
3,64,1.95,uniform,51,0.796875
3,64,1.95,uniform,52,0.8125
3,64,1.95,uniform,53,0.828125
3,64,1.95,uniform,54,0.84375
3,64,1.95,uniform,55,0.859375
3,64,1.95,uniform,56,0.875
3,64,1.95,uniform,57,0.890625
3,64,1.95,uniform,58,0.90625
3,64,1.95,uniform,59,0.921875
3,64,1.95,uniform,60,0.9375
3,64,1.95,uniform,61,0.953125
3,64,1.95,uniform,62,0.96875
3,64,1.95,uniform,63,0.984375
3,64,1.95,uniform,64,1.0
3,64,1.95,positional,0,0.0
3,64,1.95,positional,1,4.698391072607737e-05
3,64,1.95,positional,2,0.0002475842425099555
3,64,1.95,positional,3,0.0006499672726295708
3,64,1.95,positional,4,0.0012925154104810044
3,64,1.95,positional,5,0.0022093356986982913
3,64,1.95,positional,6,0.0034277062187812414
3,64,1.95,positional,7,0.004969416131198854
3,64,1.95,positional,8,0.006852704732997796
3,64,1.95,positional,9,0.009093878910682916
3,64,1.95,positional,10,0.011708446541622466
3,64,1.95,positional,11,0.014711772143631969
3,64,1.95,positional,12,0.018119320768661594
3,64,1.95,positional,13,0.021946595866935543
3,64,1.95,positional,14,0.026208895543471784
3,64,1.95,positional,15,0.03092100588142615
3,64,1.95,positional,16,0.036096924989634606
3,64,1.95,positional,17,0.04174967666594559
3,64,1.95,positional,18,0.047891237564485795
3,64,1.95,positional,19,0.05453257339727117
3,64,1.95,positional,20,0.06168376128755206
3,64,1.95,positional,21,0.06935416700509087
3,64,1.95,positional,22,0.07755264543554537
3,64,1.95,positional,23,0.08628773741075844
3,64,1.95,positional,24,0.09556784322660047
3,64,1.95,positional,25,0.10540136072801187
3,64,1.95,positional,26,0.11579678246946595
3,64,1.95,positional,27,0.12676275157820405
3,64,1.95,positional,28,0.13830807946438295
3,64,1.95,positional,29,0.1504417306321413
3,64,1.95,positional,30,0.1631727808701885
3,64,1.95,positional,31,0.17651035537792412
3,64,1.95,positional,32,0.19046355320401545
3,64,1.95,positional,33,0.2050413639532347
3,64,1.95,positional,34,0.2202525821879325
3,64,1.95,positional,35,0.23610572437733296
3,64,1.95,positional,36,0.2526089526465526
3,64,1.95,positional,37,0.26977000893784864
3,64,1.95,positional,38,0.2875961625041548
3,64,1.95,positional,39,0.30609417290456126
3,64,1.95,positional,40,0.3252702698754424
3,64,1.95,positional,41,0.34513015063916785
3,64,1.95,positional,42,0.3656789944263975
3,64,1.95,positional,43,0.38692149327325415
3,64,1.95,positional,44,0.40886189755199764
3,64,1.95,positional,45,0.4315040742330105
3,64,1.95,positional,46,0.45485157557220324
3,64,1.95,positional,47,0.47890771577154173
3,64,1.95,positional,48,0.503675653158349
3,64,1.95,positional,49,0.529158475548721
3,64,1.95,positional,50,0.5553592866736387
3,64,1.95,positional,51,0.5822812918232466
3,64,1.95,positional,52,0.6099278811768702
3,64,1.95,positional,53,0.6383027096088575
3,64,1.95,positional,54,0.6674097720734021
3,64,1.95,positional,55,0.6972534739605385
3,64,1.95,positional,56,0.727838696070988
3,64,1.95,positional,57,0.7591708540744082
3,64,1.95,positional,58,0.7912559524923485
3,64,1.95,positional,59,0.8241006333850335
3,64,1.95,positional,60,0.857712220023017
3,64,1.95,positional,61,0.8920987558948794
3,64,1.95,positional,62,0.9272690394451724
3,64,1.95,positional,63,0.9632326549574475
3,64,1.95,positional,64,1.0
3,128,1.55,uniform,0,0.0
3,128,1.55,uniform,1,0.0078125
3,128,1.55,uniform,2,0.015625
3,128,1.55,uniform,3,0.0234375
3,128,1.55,uniform,4,0.03125
3,128,1.55,uniform,5,0.0390625
3,128,1.55,uniform,6,0.046875
3,128,1.55,uniform,7,0.0546875
3,128,1.55,uniform,8,0.0625
3,128,1.55,uniform,9,0.0703125
3,128,1.55,uniform,10,0.078125
3,128,1.55,uniform,11,0.0859375
3,128,1.55,uniform,12,0.09375
3,128,1.55,uniform,13,0.1015625
3,128,1.55,uniform,14,0.109375
3,128,1.55,uniform,15,0.1171875
3,128,1.55,uniform,16,0.125
3,128,1.55,uniform,17,0.1328125
3,128,1.55,uniform,18,0.140625
3,128,1.55,uniform,19,0.1484375
3,128,1.55,uniform,20,0.15625
3,128,1.55,uniform,21,0.1640625
3,128,1.55,uniform,22,0.171875
3,128,1.55,uniform,23,0.1796875
3,128,1.55,uniform,24,0.1875
3,128,1.55,uniform,25,0.1953125
3,128,1.55,uniform,26,0.203125
3,128,1.55,uniform,27,0.2109375
3,128,1.55,uniform,28,0.21875
3,128,1.55,uniform,29,0.2265625
3,128,1.55,uniform,30,0.234375
3,128,1.55,uniform,31,0.2421875
3,128,1.55,uniform,32,0.25
3,128,1.55,uniform,33,0.2578125
3,128,1.55,uniform,34,0.265625
3,128,1.55,uniform,35,0.2734375
3,128,1.55,uniform,36,0.28125
3,128,1.55,uniform,37,0.2890625
3,128,1.55,uniform,38,0.296875
3,128,1.55,uniform,39,0.3046875
3,128,1.55,uniform,40,0.3125
3,128,1.55,uniform,41,0.3203125
3,128,1.55,uniform,42,0.328125
3,128,1.55,uniform,43,0.3359375
3,128,1.55,uniform,44,0.34375
3,128,1.55,uniform,45,0.3515625
3,128,1.55,uniform,46,0.359375
3,128,1.55,uniform,47,0.3671875
3,128,1.55,uniform,48,0.375
3,128,1.55,uniform,49,0.3828125
3,128,1.55,uniform,50,0.390625
3,128,1.55,uniform,51,0.3984375
3,128,1.55,uniform,52,0.40625
3,128,1.55,uniform,53,0.4140625
3,128,1.55,uniform,54,0.421875
3,128,1.55,uniform,55,0.4296875
3,128,1.55,uniform,56,0.4375
3,128,1.55,uniform,57,0.4453125
3,128,1.55,uniform,58,0.453125
3,128,1.55,uniform,59,0.4609375
3,128,1.55,uniform,60,0.46875
3,128,1.55,uniform,61,0.4765625
3,128,1.55,uniform,62,0.484375
3,128,1.55,uniform,63,0.4921875
3,128,1.55,uniform,64,0.5
3,128,1.55,uniform,65,0.5078125
3,128,1.55,uniform,66,0.515625
3,128,1.55,uniform,67,0.5234375
3,128,1.55,uniform,68,0.53125
3,128,1.55,uniform,69,0.5390625
3,128,1.55,uniform,70,0.546875
3,128,1.55,uniform,71,0.5546875
3,128,1.55,uniform,72,0.5625
3,128,1.55,uniform,73,0.5703125
3,128,1.55,uniform,74,0.578125
3,128,1.55,uniform,75,0.5859375
3,128,1.55,uniform,76,0.59375
3,128,1.55,uniform,77,0.6015625
3,128,1.55,uniform,78,0.609375
3,128,1.55,uniform,79,0.6171875
3,128,1.55,uniform,80,0.625
3,128,1.55,uniform,81,0.6328125
3,128,1.55,uniform,82,0.640625
3,128,1.55,uniform,83,0.6484375
3,128,1.55,uniform,84,0.65625
3,128,1.55,uniform,85,0.6640625
3,128,1.55,uniform,86,0.671875
3,128,1.55,uniform,87,0.6796875
3,128,1.55,uniform,88,0.6875
3,128,1.55,uniform,89,0.6953125
3,128,1.55,uniform,90,0.703125
3,128,1.55,uniform,91,0.7109375
3,128,1.55,uniform,92,0.71875
3,128,1.55,uniform,93,0.7265625
3,128,1.55,uniform,94,0.734375
3,128,1.55,uniform,95,0.7421875
3,128,1.55,uniform,96,0.75
3,128,1.55,uniform,97,0.7578125
3,128,1.55,uniform,98,0.765625
3,128,1.55,uniform,99,0.7734375
3,128,1.55,uniform,100,0.78125
3,128,1.55,uniform,101,0.7890625
3,128,1.55,uniform,102,0.796875
3,128,1.55,uniform,103,0.8046875
3,128,1.55,uniform,104,0.8125
3,128,1.55,uniform,105,0.8203125
3,128,1.55,uniform,106,0.828125
3,128,1.55,uniform,107,0.8359375
3,128,1.55,uniform,108,0.84375
3,128,1.55,uniform,109,0.8515625
3,128,1.55,uniform,110,0.859375
3,128,1.55,uniform,111,0.8671875
3,128,1.55,uniform,112,0.875
3,128,1.55,uniform,113,0.8828125
3,128,1.55,uniform,114,0.890625
3,128,1.55,uniform,115,0.8984375
3,128,1.55,uniform,116,0.90625
3,128,1.55,uniform,117,0.9140625
3,128,1.55,uniform,118,0.921875
3,128,1.55,uniform,119,0.9296875
3,128,1.55,uniform,120,0.9375
3,128,1.55,uniform,121,0.9453125
3,128,1.55,uniform,122,0.953125
3,128,1.55,uniform,123,0.9609375
3,128,1.55,uniform,124,0.96875
3,128,1.55,uniform,125,0.9765625
3,128,1.55,uniform,126,0.984375
3,128,1.55,uniform,127,0.9921875
3,128,1.55,uniform,128,1.0
3,128,1.55,positional,0,0.0
3,128,1.55,positional,1,3.3484797826202034e-06
3,128,1.55,positional,2,6.7004426306770894e-06
3,128,1.55,positional,3,1.0070484766168198e-05
3,128,1.55,positional,4,1.3559191507635977e-05
3,128,1.55,positional,5,1.7682092136532153e-05
3,128,1.55,positional,6,2.3786873905592062e-05
3,128,1.55,positional,7,3.386759975170772e-05
3,128,1.55,positional,8,4.999582706287484e-05
3,128,1.55,positional,9,7.399715852650525e-05
3,128,1.55,positional,10,0.00010749448982918166
3,128,1.55,positional,11,0.0001520700398290058
3,128,1.55,positional,12,0.00020938865044154586
3,128,1.55,positional,13,0.00028126063994527264
3,128,1.55,positional,14,0.00036966377738554987
3,128,1.55,positional,15,0.0004767430614480725
3,128,1.55,positional,16,0.0006047995883304772
3,128,1.55,positional,17,0.0007562745737667624
3,128,1.55,positional,18,0.0009337317809220275
3,128,1.55,positional,19,0.0011398401996288
3,128,1.55,positional,20,0.001377358100000937
3,128,1.55,positional,21,0.0016491191611423392
3,128,1.55,positional,22,0.001958021076712268
3,128,1.55,positional,23,0.0023070167937273758
3,128,1.55,positional,24,0.002699108329932859
3,128,1.55,positional,25,0.0031373429398993038
3,128,1.55,positional,26,0.0036248112677075366
3,128,1.55,positional,27,0.004164647039820486
3,128,1.55,positional,28,0.004760027816034617
3,128,1.55,positional,29,0.00541417632498317
3,128,1.55,positional,30,0.006130361955598084
3,128,1.55,positional,31,0.006911902047231768
3,128,1.55,positional,32,0.007762162708269408
3,128,1.55,positional,33,0.00868455898618151
3,128,1.55,positional,34,0.009682554302706408
3,128,1.55,positional,35,0.010759659149736077
3,128,1.55,positional,36,0.011919429110030582
3,128,1.55,positional,37,0.013165462319532145
3,128,1.55,positional,38,0.014501396523879988
3,128,1.55,positional,39,0.01593090590119582
3,128,1.55,positional,40,0.01745769782780434
3,128,1.55,positional,41,0.019085509755471537
3,128,1.55,positional,42,0.02081810635059465
3,128,1.55,positional,43,0.022659277020319876
3,128,1.55,positional,44,0.0246128339204903
3,128,1.55,positional,45,0.02668261050810034
3,128,1.55,positional,46,0.028872460668673137
3,128,1.55,positional,47,0.031186258418395986
3,128,1.55,positional,48,0.03362789815322829
3,128,1.55,positional,49,0.036201295393405684
3,128,1.55,positional,50,0.03891038795229826
3,128,1.55,positional,51,0.04175913744362097
3,128,1.55,positional,52,0.044751531030473704
3,128,1.55,positional,53,0.04789158331335865
3,128,1.55,positional,54,0.051183338251817
3,128,1.55,positional,55,0.05463087101521373
3,128,1.55,positional,56,0.058238289662021325
3,128,1.55,positional,57,0.06200973655326028
3,128,1.55,positional,58,0.06594938941412234
3,128,1.55,positional,59,0.07006146196783823
3,128,1.55,positional,60,0.07435020407720358
3,128,1.55,positional,61,0.07881990134152256
3,128,1.55,positional,62,0.0834748741097754
3,128,1.55,positional,63,0.08831947588429165
3,128,1.55,positional,64,0.09335809110285569
3,128,1.55,positional,65,0.0985951323007346
3,128,1.55,positional,66,0.10403503666735543
3,128,1.55,positional,67,0.10968226202503062
3,128,1.55,positional,68,0.11554128226900232
3,128,1.55,positional,69,0.12161658231892825
3,128,1.55,positional,70,0.1279126526415587
3,128,1.55,positional,71,0.13443398341257465
3,128,1.55,positional,72,0.14118505839221912
3,128,1.55,positional,73,0.14817034859434425
3,128,1.55,positional,74,0.155394305831739
3,128,1.55,positional,75,0.16286135622207085
3,128,1.55,positional,76,0.17057589373848447
3,128,1.55,positional,77,0.17854227388691776
3,128,1.55,positional,78,0.18676480758862524
3,128,1.55,positional,79,0.19524775534139127
3,128,1.55,positional,80,0.20399532172664595
3,128,1.55,positional,81,0.21301165032237768
3,128,1.55,positional,82,0.2223008190735861
3,128,1.55,positional,83,0.23186683616327475
3,128,1.55,positional,84,0.24171363641788
3,128,1.55,positional,85,0.2518450782717984
3,128,1.55,positional,86,0.2622649413065251
3,128,1.55,positional,87,0.2729769243710478
3,128,1.55,positional,88,0.28398464428172526
3,128,1.55,positional,89,0.2952916350920638
3,128,1.55,positional,90,0.30690134791570084
3,128,1.55,positional,91,0.3188171512796071
3,128,1.55,positional,92,0.33104233197907496
3,128,1.55,positional,93,0.3435800964015094
3,128,1.55,positional,94,0.35643357228237876
3,128,1.55,positional,95,0.36960581085390254
3,128,1.55,positional,96,0.3830997893451099
3,128,1.55,positional,97,0.39691841379075427
3,128,1.55,positional,98,0.41106452210614003
3,128,1.55,positional,99,0.425540887385144
3,128,1.55,positional,100,0.44035022137951735
3,128,1.55,positional,101,0.4554951781188486
3,128,1.55,positional,102,0.47097835763228124
3,128,1.55,positional,103,0.4868023097351257
3,128,1.55,positional,104,0.5029695378458166
3,128,1.55,positional,105,0.5194825028011669
3,128,1.55,positional,106,0.5363436266405016
3,128,1.55,positional,107,0.5535552963319543
3,128,1.55,positional,108,0.5711198674169351
3,128,1.55,positional,109,0.5890396675514755
3,128,1.55,positional,110,0.6073169999258035
3,128,1.55,positional,111,0.6259541465460478
3,128,1.55,positional,112,0.6449533713644202
3,128,1.55,positional,113,0.6643169232465277
3,128,1.55,positional,114,0.6840470387666345
3,128,1.55,positional,115,0.7041459448237097
3,128,1.55,positional,116,0.7246158610729474
3,128,1.55,positional,117,0.7454590021691453
3,128,1.55,positional,118,0.7666775798198652
3,128,1.55,positional,119,0.7882738046476816
3,128,1.55,positional,120,0.8102498878620612
3,128,1.55,positional,121,0.8326080427425064
3,128,1.55,positional,122,0.8553504859355562
3,128,1.55,positional,123,0.8784794385690664
3,128,1.55,positional,124,0.9019971271879124
3,128,1.55,positional,125,0.9259057845158564
3,128,1.55,positional,126,0.9502076500488384
3,128,1.55,positional,127,0.9749049704853638
3,128,1.55,positional,128,1.0
3,128,1.65,uniform,0,0.0
3,128,1.65,uniform,1,0.0078125
3,128,1.65,uniform,2,0.015625
3,128,1.65,uniform,3,0.0234375
3,128,1.65,uniform,4,0.03125
3,128,1.65,uniform,5,0.0390625
3,128,1.65,uniform,6,0.046875
3,128,1.65,uniform,7,0.0546875
3,128,1.65,uniform,8,0.0625
3,128,1.65,uniform,9,0.0703125
3,128,1.65,uniform,10,0.078125
3,128,1.65,uniform,11,0.0859375
3,128,1.65,uniform,12,0.09375
3,128,1.65,uniform,13,0.1015625
3,128,1.65,uniform,14,0.109375
3,128,1.65,uniform,15,0.1171875
3,128,1.65,uniform,16,0.125
3,128,1.65,uniform,17,0.1328125
3,128,1.65,uniform,18,0.140625
3,128,1.65,uniform,19,0.1484375
3,128,1.65,uniform,20,0.15625
3,128,1.65,uniform,21,0.1640625
3,128,1.65,uniform,22,0.171875
3,128,1.65,uniform,23,0.1796875
3,128,1.65,uniform,24,0.1875
3,128,1.65,uniform,25,0.1953125
3,128,1.65,uniform,26,0.203125
3,128,1.65,uniform,27,0.2109375
3,128,1.65,uniform,28,0.21875
3,128,1.65,uniform,29,0.2265625
3,128,1.65,uniform,30,0.234375
3,128,1.65,uniform,31,0.2421875
3,128,1.65,uniform,32,0.25
3,128,1.65,uniform,33,0.2578125
3,128,1.65,uniform,34,0.265625
3,128,1.65,uniform,35,0.2734375
3,128,1.65,uniform,36,0.28125
3,128,1.65,uniform,37,0.2890625
3,128,1.65,uniform,38,0.296875
3,128,1.65,uniform,39,0.3046875
3,128,1.65,uniform,40,0.3125
3,128,1.65,uniform,41,0.3203125
3,128,1.65,uniform,42,0.328125
3,128,1.65,uniform,43,0.3359375
3,128,1.65,uniform,44,0.34375
3,128,1.65,uniform,45,0.3515625
3,128,1.65,uniform,46,0.359375
3,128,1.65,uniform,47,0.3671875
3,128,1.65,uniform,48,0.375
3,128,1.65,uniform,49,0.3828125
3,128,1.65,uniform,50,0.390625
3,128,1.65,uniform,51,0.3984375
3,128,1.65,uniform,52,0.40625
3,128,1.65,uniform,53,0.4140625
3,128,1.65,uniform,54,0.421875
3,128,1.65,uniform,55,0.4296875
3,128,1.65,uniform,56,0.4375
3,128,1.65,uniform,57,0.4453125
3,128,1.65,uniform,58,0.453125
3,128,1.65,uniform,59,0.4609375
3,128,1.65,uniform,60,0.46875
3,128,1.65,uniform,61,0.4765625
3,128,1.65,uniform,62,0.484375
3,128,1.65,uniform,63,0.4921875
3,128,1.65,uniform,64,0.5
3,128,1.65,uniform,65,0.5078125
3,128,1.65,uniform,66,0.515625
3,128,1.65,uniform,67,0.5234375
3,128,1.65,uniform,68,0.53125
3,128,1.65,uniform,69,0.5390625
3,128,1.65,uniform,70,0.546875
3,128,1.65,uniform,71,0.5546875
3,128,1.65,uniform,72,0.5625
3,128,1.65,uniform,73,0.5703125
3,128,1.65,uniform,74,0.578125
3,128,1.65,uniform,75,0.5859375
3,128,1.65,uniform,76,0.59375
3,128,1.65,uniform,77,0.6015625
3,128,1.65,uniform,78,0.609375
3,128,1.65,uniform,79,0.6171875
3,128,1.65,uniform,80,0.625
3,128,1.65,uniform,81,0.6328125
3,128,1.65,uniform,82,0.640625
3,128,1.65,uniform,83,0.6484375
3,128,1.65,uniform,84,0.65625
3,128,1.65,uniform,85,0.6640625
3,128,1.65,uniform,86,0.671875
3,128,1.65,uniform,87,0.6796875
3,128,1.65,uniform,88,0.6875
3,128,1.65,uniform,89,0.6953125
3,128,1.65,uniform,90,0.703125
3,128,1.65,uniform,91,0.7109375
3,128,1.65,uniform,92,0.71875
3,128,1.65,uniform,93,0.7265625
3,128,1.65,uniform,94,0.734375
3,128,1.65,uniform,95,0.7421875
3,128,1.65,uniform,96,0.75
3,128,1.65,uniform,97,0.7578125
3,128,1.65,uniform,98,0.765625
3,128,1.65,uniform,99,0.7734375
3,128,1.65,uniform,100,0.78125
3,128,1.65,uniform,101,0.7890625
3,128,1.65,uniform,102,0.796875
3,128,1.65,uniform,103,0.8046875
3,128,1.65,uniform,104,0.8125
3,128,1.65,uniform,105,0.8203125
3,128,1.65,uniform,106,0.828125
3,128,1.65,uniform,107,0.8359375
3,128,1.65,uniform,108,0.84375
3,128,1.65,uniform,109,0.8515625
3,128,1.65,uniform,110,0.859375
3,128,1.65,uniform,111,0.8671875
3,128,1.65,uniform,112,0.875
3,128,1.65,uniform,113,0.8828125
3,128,1.65,uniform,114,0.890625
3,128,1.65,uniform,115,0.8984375
3,128,1.65,uniform,116,0.90625
3,128,1.65,uniform,117,0.9140625
3,128,1.65,uniform,118,0.921875
3,128,1.65,uniform,119,0.9296875
3,128,1.65,uniform,120,0.9375
3,128,1.65,uniform,121,0.9453125
3,128,1.65,uniform,122,0.953125
3,128,1.65,uniform,123,0.9609375
3,128,1.65,uniform,124,0.96875
3,128,1.65,uniform,125,0.9765625
3,128,1.65,uniform,126,0.984375
3,128,1.65,uniform,127,0.9921875
3,128,1.65,uniform,128,1.0
3,128,1.65,positional,0,0.0
3,128,1.65,positional,1,4.5998186500378675e-06
3,128,1.65,positional,2,9.212925169253913e-06
3,128,1.65,positional,3,1.395147050775276e-05
3,128,1.65,positional,4,1.9709864922855617e-05
3,128,1.65,positional,5,2.9288988790477917e-05
3,128,1.65,positional,6,4.658279965278287e-05
3,128,1.65,positional,7,7.496250527082448e-05
3,128,1.65,positional,8,0.00011699297737926352
3,128,1.65,positional,9,0.00017490496123258583
3,128,1.65,positional,10,0.0002509588453894952
3,128,1.65,positional,11,0.0003475872344315344
3,128,1.65,positional,12,0.0004674178732214153
3,128,1.65,positional,13,0.0006132497161995278
3,128,1.65,positional,14,0.0007880151754654273
3,128,1.65,positional,15,0.0009947416606399854
3,128,1.65,positional,16,0.0012365173362276082
3,128,1.65,positional,17,0.001516462823645798
3,128,1.65,positional,18,0.0018377092894849287
3,128,1.65,positional,19,0.002203382774792574
3,128,1.65,positional,20,0.0026165942858704253
3,128,1.65,positional,21,0.0030804349376172976
3,128,1.65,positional,22,0.0035979752790476164
3,128,1.65,positional,23,0.0041722678355546605
3,128,1.65,positional,24,0.004806351876910459
3,128,1.65,positional,25,0.005503259461337934
3,128,1.65,positional,26,0.006266021904359362
3,128,1.65,positional,27,0.007097675961377886
3,128,1.65,positional,28,0.008001269177798892
3,128,1.65,positional,29,0.008979864033258492
3,128,1.65,positional,30,0.010036540672977547
3,128,1.65,positional,31,0.011174398168594335
3,128,1.65,positional,32,0.012396554375866644
3,128,1.65,positional,33,0.013706144553551665
3,128,1.65,positional,34,0.015106318975582705
3,128,1.65,positional,35,0.016600239808592824
3,128,1.65,positional,36,0.018191077541715714
3,128,1.65,positional,37,0.019882007249290783
3,128,1.65,positional,38,0.02167620494403437
3,128,1.65,positional,39,0.02357684424298508
3,128,1.65,positional,40,0.025587093525490545
3,128,1.65,positional,41,0.027710113715665768
3,128,1.65,positional,42,0.029949056774529893
3,128,1.65,positional,43,0.032307064942155524
3,128,1.65,positional,44,0.0347872707296729
3,128,1.65,positional,45,0.03739279762620601
3,128,1.65,positional,46,0.040126761457505405
3,128,1.65,positional,47,0.04299227231138199
3,128,1.65,positional,48,0.04599243692981905
3,128,1.65,positional,49,0.04913036145832435
3,128,1.65,positional,50,0.05240915443896211
3,128,1.65,positional,51,0.055831929933758885
3,128,1.65,positional,52,0.059401810668968553
3,128,1.65,positional,53,0.0631219310972097
3,128,1.65,positional,54,0.06699544028303195
3,128,1.65,positional,55,0.07102550452740719
3,128,1.65,positional,56,0.0752153096574702
3,128,1.65,positional,57,0.07956806291915162
3,128,1.65,positional,58,0.08408699442185388
3,128,1.65,positional,59,0.08877535809579881
3,128,1.65,positional,60,0.09363643213397069
3,128,1.65,positional,61,0.09867351890157831
3,128,1.65,positional,62,0.10388994430658716
3,128,1.65,positional,63,0.10928905663505833
3,128,1.65,positional,64,0.11487422486471349
3,128,1.65,positional,65,0.1206488364792552
3,128,1.65,positional,66,0.1266162948144383
3,128,1.65,positional,67,0.13278001597462263
3,128,1.65,positional,68,0.13914342536545538
3,128,1.65,positional,69,0.1457099538943386
3,128,1.65,positional,70,0.1524830338953466
3,128,1.65,positional,71,0.15946609483919094
3,128,1.65,positional,72,0.16666255889162526
3,128,1.65,positional,73,0.1740758363852927
3,128,1.65,positional,74,0.18170932127043377
3,128,1.65,positional,75,0.1895663866090956
3,128,1.65,positional,76,0.19765038017556125
3,128,1.65,positional,77,0.2059646202227125
3,128,1.65,positional,78,0.21451239147005263
3,128,1.65,positional,79,0.22329694136425807
3,128,1.65,positional,80,0.23232147665754557
3,128,1.65,positional,81,0.24158916034298109
3,128,1.65,positional,82,0.2511031089792778
3,128,1.65,positional,83,0.26086639043080173
3,128,1.65,positional,84,0.27088202204157696
3,128,1.65,positional,85,0.28115296925521766
3,128,1.65,positional,86,0.2916821446860468
3,128,1.65,positional,87,0.30247240764031763
3,128,1.65,positional,88,0.3135265640805397
3,128,1.65,positional,89,0.3248473670205156
3,128,1.65,positional,90,0.33643751733387756
3,128,1.65,positional,91,0.34829966495472714
3,128,1.65,positional,92,0.3604364104454472
3,128,1.65,positional,93,0.3728503069038827
3,128,1.65,positional,94,0.38554386217986586
3,128,1.65,positional,95,0.3985195413694705
3,128,1.65,positional,96,0.4117797695543816
3,128,1.65,positional,97,0.42532693475331945
3,128,1.65,positional,98,0.43916339105250735
3,128,1.65,positional,99,0.45329146188266684
3,128,1.65,positional,100,0.46771344341090104
3,128,1.65,positional,101,0.4824316080170309
3,128,1.65,positional,102,0.49744820782541993
3,128,1.65,positional,103,0.5127654782650043
3,128,1.65,positional,104,0.5283856416320865
3,128,1.65,positional,105,0.5443109106324013
3,128,1.65,positional,106,0.5605434918809813
3,128,1.65,positional,107,0.5770855893403899
3,128,1.65,positional,108,0.593939407679933
3,128,1.65,positional,109,0.6111071555404568
3,128,1.65,positional,110,0.6285910486912833
3,128,1.65,positional,111,0.646393313067698
3,128,1.65,positional,112,0.6645161876791701
3,128,1.65,positional,113,0.6829619273801488
3,128,1.65,positional,114,0.7017328054968256
3,128,1.65,positional,115,0.7208311163046819
3,128,1.65,positional,116,0.7402591773529514
3,128,1.65,positional,117,0.7600193316333127
3,128,1.65,positional,118,0.7801139495911977
3,128,1.65,positional,119,0.8005454309790586
3,128,1.65,positional,120,0.8213162065517781
3,128,1.65,positional,121,0.842428739605151
3,128,1.65,positional,122,0.8638855273590083
3,128,1.65,positional,123,0.8856891021871051
3,128,1.65,positional,124,0.9078420326963654
3,128,1.65,positional,125,0.9303469246584674
3,128,1.65,positional,126,0.9532064217970729
3,128,1.65,positional,127,0.9764232064342709
3,128,1.65,positional,128,1.0
3,128,1.75,uniform,0,0.0
3,128,1.75,uniform,1,0.0078125
3,128,1.75,uniform,2,0.015625
3,128,1.75,uniform,3,0.0234375
3,128,1.75,uniform,4,0.03125
3,128,1.75,uniform,5,0.0390625
3,128,1.75,uniform,6,0.046875
3,128,1.75,uniform,7,0.0546875
3,128,1.75,uniform,8,0.0625
3,128,1.75,uniform,9,0.0703125
3,128,1.75,uniform,10,0.078125
3,128,1.75,uniform,11,0.0859375
3,128,1.75,uniform,12,0.09375
3,128,1.75,uniform,13,0.1015625
3,128,1.75,uniform,14,0.109375
3,128,1.75,uniform,15,0.1171875
3,128,1.75,uniform,16,0.125
3,128,1.75,uniform,17,0.1328125
3,128,1.75,uniform,18,0.140625
3,128,1.75,uniform,19,0.1484375
3,128,1.75,uniform,20,0.15625
3,128,1.75,uniform,21,0.1640625
3,128,1.75,uniform,22,0.171875
3,128,1.75,uniform,23,0.1796875
3,128,1.75,uniform,24,0.1875
3,128,1.75,uniform,25,0.1953125
3,128,1.75,uniform,26,0.203125
3,128,1.75,uniform,27,0.2109375
3,128,1.75,uniform,28,0.21875
3,128,1.75,uniform,29,0.2265625
3,128,1.75,uniform,30,0.234375
3,128,1.75,uniform,31,0.2421875
3,128,1.75,uniform,32,0.25
3,128,1.75,uniform,33,0.2578125
3,128,1.75,uniform,34,0.265625
3,128,1.75,uniform,35,0.2734375
3,128,1.75,uniform,36,0.28125
3,128,1.75,uniform,37,0.2890625
3,128,1.75,uniform,38,0.296875
3,128,1.75,uniform,39,0.3046875
3,128,1.75,uniform,40,0.3125
3,128,1.75,uniform,41,0.3203125
3,128,1.75,uniform,42,0.328125
3,128,1.75,uniform,43,0.3359375
3,128,1.75,uniform,44,0.34375
3,128,1.75,uniform,45,0.3515625
3,128,1.75,uniform,46,0.359375
3,128,1.75,uniform,47,0.3671875
3,128,1.75,uniform,48,0.375
3,128,1.75,uniform,49,0.3828125
3,128,1.75,uniform,50,0.390625
3,128,1.75,uniform,51,0.3984375
3,128,1.75,uniform,52,0.40625
3,128,1.75,uniform,53,0.4140625
3,128,1.75,uniform,54,0.421875
3,128,1.75,uniform,55,0.4296875
3,128,1.75,uniform,56,0.4375
3,128,1.75,uniform,57,0.4453125
3,128,1.75,uniform,58,0.453125
3,128,1.75,uniform,59,0.4609375
3,128,1.75,uniform,60,0.46875
3,128,1.75,uniform,61,0.4765625
3,128,1.75,uniform,62,0.484375
3,128,1.75,uniform,63,0.4921875
3,128,1.75,uniform,64,0.5
3,128,1.75,uniform,65,0.5078125
3,128,1.75,uniform,66,0.515625
3,128,1.75,uniform,67,0.5234375
3,128,1.75,uniform,68,0.53125
3,128,1.75,uniform,69,0.5390625
3,128,1.75,uniform,70,0.546875
3,128,1.75,uniform,71,0.5546875
3,128,1.75,uniform,72,0.5625
3,128,1.75,uniform,73,0.5703125
3,128,1.75,uniform,74,0.578125
3,128,1.75,uniform,75,0.5859375
3,128,1.75,uniform,76,0.59375
3,128,1.75,uniform,77,0.6015625
3,128,1.75,uniform,78,0.609375
3,128,1.75,uniform,79,0.6171875
3,128,1.75,uniform,80,0.625
3,128,1.75,uniform,81,0.6328125
3,128,1.75,uniform,82,0.640625
3,128,1.75,uniform,83,0.6484375
3,128,1.75,uniform,84,0.65625
3,128,1.75,uniform,85,0.6640625
3,128,1.75,uniform,86,0.671875
3,128,1.75,uniform,87,0.6796875
3,128,1.75,uniform,88,0.6875
3,128,1.75,uniform,89,0.6953125
3,128,1.75,uniform,90,0.703125
3,128,1.75,uniform,91,0.7109375
3,128,1.75,uniform,92,0.71875
3,128,1.75,uniform,93,0.7265625
3,128,1.75,uniform,94,0.734375
3,128,1.75,uniform,95,0.7421875
3,128,1.75,uniform,96,0.75
3,128,1.75,uniform,97,0.7578125
3,128,1.75,uniform,98,0.765625
3,128,1.75,uniform,99,0.7734375
3,128,1.75,uniform,100,0.78125
3,128,1.75,uniform,101,0.7890625
3,128,1.75,uniform,102,0.796875
3,128,1.75,uniform,103,0.8046875
3,128,1.75,uniform,104,0.8125
3,128,1.75,uniform,105,0.8203125
3,128,1.75,uniform,106,0.828125
3,128,1.75,uniform,107,0.8359375
3,128,1.75,uniform,108,0.84375
3,128,1.75,uniform,109,0.8515625
3,128,1.75,uniform,110,0.859375
3,128,1.75,uniform,111,0.8671875
3,128,1.75,uniform,112,0.875
3,128,1.75,uniform,113,0.8828125
3,128,1.75,uniform,114,0.890625
3,128,1.75,uniform,115,0.8984375
3,128,1.75,uniform,116,0.90625
3,128,1.75,uniform,117,0.9140625
3,128,1.75,uniform,118,0.921875
3,128,1.75,uniform,119,0.9296875
3,128,1.75,uniform,120,0.9375
3,128,1.75,uniform,121,0.9453125
3,128,1.75,uniform,122,0.953125
3,128,1.75,uniform,123,0.9609375
3,128,1.75,uniform,124,0.96875
3,128,1.75,uniform,125,0.9765625
3,128,1.75,uniform,126,0.984375
3,128,1.75,uniform,127,0.9921875
3,128,1.75,uniform,128,1.0
3,128,1.75,positional,0,0.0
3,128,1.75,positional,1,6.057063843424247e-06
3,128,1.75,positional,2,1.2181936730078132e-05
3,128,1.75,positional,3,1.934536480798292e-05
3,128,1.75,positional,4,3.233835635093176e-05
3,128,1.75,positional,5,5.8289732929467996e-05
3,128,1.75,positional,6,0.00010245036379833425
3,128,1.75,positional,7,0.00016829620678803398
3,128,1.75,positional,8,0.00025886962371787813
3,128,1.75,positional,9,0.00037734492173091365
3,128,1.75,positional,10,0.0005271121831196292
3,128,1.75,positional,11,0.0007117162380461154
3,128,1.75,positional,12,0.0009347746333602612
3,128,1.75,positional,13,0.0011999083512563165
3,128,1.75,positional,14,0.0015106912370058071
3,128,1.75,positional,15,0.001870616654512502
3,128,1.75,positional,16,0.002283078376174946
3,128,1.75,positional,17,0.0027513627591698826
3,128,1.75,positional,18,0.0032786496005088716
3,128,1.75,positional,19,0.003868019379707844
3,128,1.75,positional,20,0.004522464855086681
3,128,1.75,positional,21,0.005244905211479942
3,128,1.75,positional,22,0.006038201197131955
3,128,1.75,positional,23,0.006905169950848572
3,128,1.75,positional,24,0.007848598504528608
3,128,1.75,positional,25,0.008871255237682858
3,128,1.75,positional,26,0.009975898842395881
3,128,1.75,positional,27,0.011165284613564488
3,128,1.75,positional,28,0.012442168098254654
3,128,1.75,positional,29,0.013809306312559161
3,128,1.75,positional,30,0.01526945686187019
3,128,1.75,positional,31,0.01682537538221414
3,128,1.75,positional,32,0.01847981176021646
3,128,1.75,positional,33,0.02023550559319963
3,128,1.75,positional,34,0.02209518132572757
3,128,1.75,positional,35,0.02406154345182599
3,128,1.75,positional,36,0.026137272110211777
3,128,1.75,positional,37,0.02832501932969362
3,128,1.75,positional,38,0.03062740610917171
3,128,1.75,positional,39,0.03304702044607303
3,128,1.75,positional,40,0.03558641636222798
3,128,1.75,positional,41,0.03824811391964951
3,128,1.75,positional,42,0.04103460017192226
3,128,1.75,positional,43,0.043948330960549266
3,128,1.75,positional,44,0.04699173343949972
3,128,1.75,positional,45,0.05016720919464418
3,128,1.75,positional,46,0.053477137816652774
3,128,1.75,positional,47,0.0569238807849348
3,128,1.75,positional,48,0.06050978552489038
3,128,1.75,positional,49,0.0642371895097257
3,128,1.75,positional,50,0.06810842429005519
3,128,1.75,positional,51,0.07212581934834131
3,128,1.75,positional,52,0.0762917056899594
3,128,1.75,positional,53,0.08060841909757388
3,128,1.75,positional,54,0.08507830299002099
3,128,1.75,positional,55,0.0897037108406306
3,128,1.75,positional,56,0.09448700812265604
3,128,1.75,positional,57,0.09943057376110473
3,128,1.75,positional,58,0.1045368010807546
3,128,1.75,positional,59,0.10980809824954221
3,128,1.75,positional,60,0.11524688822490098
3,128,1.75,positional,61,0.12085560821810636
3,128,1.75,positional,62,0.12663670869834787
3,128,1.75,positional,63,0.13259265196417963
3,128,1.75,positional,64,0.138725910315269
3,128,1.75,positional,65,0.1450389638620078
3,128,1.75,positional,66,0.15153429801459292
3,128,1.75,positional,67,0.15821440069662146
3,128,1.75,positional,68,0.1650817593310573
3,128,1.75,positional,69,0.17213885764858847
3,128,1.75,positional,70,0.17938817236986418
3,128,1.75,positional,71,0.18683216981385184
3,128,1.75,positional,72,0.1944733024845576
3,128,1.75,positional,73,0.20231400568759686
3,128,1.75,positional,74,0.21035669422658787
3,128,1.75,positional,75,0.21860375922709252
3,128,1.75,positional,76,0.22705756513288514
3,128,1.75,positional,77,0.2357204469157537
3,128,1.75,positional,78,0.244594707535904
3,128,1.75,positional,79,0.25368261568544176
3,128,1.75,positional,80,0.2629864038424494
3,128,1.75,positional,81,0.2725082666579701
3,128,1.75,positional,82,0.28225035969286993
3,128,1.75,positional,83,0.29221479851618776
3,128,1.75,positional,84,0.30240365817130677
3,128,1.75,positional,85,0.3128189730111949
3,128,1.75,positional,86,0.32346273689915017
3,128,1.75,positional,87,0.3343369037670304
3,128,1.75,positional,88,0.34544338851890377
3,128,1.75,positional,89,0.3567840682644797
3,128,1.75,positional,90,0.36836078386359405
3,128,1.75,positional,91,0.380175341760448
3,128,1.75,positional,92,0.39222951608424533
3,128,1.75,positional,93,0.40452505099131814
3,128,1.75,positional,94,0.4170636632227672
3,128,1.75,positional,95,0.42984704485103825
3,128,1.75,positional,96,0.4428768661886683
3,128,1.75,positional,97,0.4561547788326387
3,128,1.75,positional,98,0.4696824188183061
3,128,1.75,positional,99,0.4834614098577102
3,128,1.75,positional,100,0.49749336663813465
3,128,1.75,positional,101,0.5117798981580672
3,128,1.75,positional,102,0.5263226110791372
3,128,1.75,positional,103,0.5411231130741524
3,128,1.75,positional,104,0.5561830161529752
3,128,1.75,positional,105,0.571503939949644
3,128,1.75,positional,106,0.5870875149558166
3,128,1.75,positional,107,0.6029353856872709
3,128,1.75,positional,108,0.6190492137718209
3,128,1.75,positional,109,0.6354306809485682
3,128,1.75,positional,110,0.652081491969903
3,128,1.75,positional,111,0.6690033773990768
3,128,1.75,positional,112,0.6861980962974912
3,128,1.75,positional,113,0.703667438797059
3,128,1.75,positional,114,0.7214132285541244
3,128,1.75,positional,115,0.739437325082436
3,128,1.75,positional,116,0.7577416259635904
3,128,1.75,positional,117,0.7763280689341764
3,128,1.75,positional,118,0.795198633849572
3,128,1.75,positional,119,0.8143553445249763
3,128,1.75,positional,120,0.8338002704547979
3,128,1.75,positional,121,0.8535355284119869
3,128,1.75,positional,122,0.8735632839292758
3,128,1.75,positional,123,0.8938857526646199
3,128,1.75,positional,124,0.9145052016533715
3,128,1.75,positional,125,0.9354239504499237
3,128,1.75,positional,126,0.9566443721617003
3,128,1.75,positional,127,0.9781688943784675
3,128,1.75,positional,128,1.0
3,128,1.85,uniform,0,0.0
3,128,1.85,uniform,1,0.0078125
3,128,1.85,uniform,2,0.015625
3,128,1.85,uniform,3,0.0234375
3,128,1.85,uniform,4,0.03125
3,128,1.85,uniform,5,0.0390625
3,128,1.85,uniform,6,0.046875
3,128,1.85,uniform,7,0.0546875
3,128,1.85,uniform,8,0.0625
3,128,1.85,uniform,9,0.0703125
3,128,1.85,uniform,10,0.078125
3,128,1.85,uniform,11,0.0859375
3,128,1.85,uniform,12,0.09375
3,128,1.85,uniform,13,0.1015625
3,128,1.85,uniform,14,0.109375
3,128,1.85,uniform,15,0.1171875
3,128,1.85,uniform,16,0.125
3,128,1.85,uniform,17,0.1328125
3,128,1.85,uniform,18,0.140625
3,128,1.85,uniform,19,0.1484375
3,128,1.85,uniform,20,0.15625
3,128,1.85,uniform,21,0.1640625
3,128,1.85,uniform,22,0.171875
3,128,1.85,uniform,23,0.1796875
3,128,1.85,uniform,24,0.1875
3,128,1.85,uniform,25,0.1953125
3,128,1.85,uniform,26,0.203125
3,128,1.85,uniform,27,0.2109375
3,128,1.85,uniform,28,0.21875
3,128,1.85,uniform,29,0.2265625
3,128,1.85,uniform,30,0.234375
3,128,1.85,uniform,31,0.2421875
3,128,1.85,uniform,32,0.25
3,128,1.85,uniform,33,0.2578125
3,128,1.85,uniform,34,0.265625
3,128,1.85,uniform,35,0.2734375
3,128,1.85,uniform,36,0.28125
3,128,1.85,uniform,37,0.2890625
3,128,1.85,uniform,38,0.296875
3,128,1.85,uniform,39,0.3046875
3,128,1.85,uniform,40,0.3125
3,128,1.85,uniform,41,0.3203125
3,128,1.85,uniform,42,0.328125
3,128,1.85,uniform,43,0.3359375
3,128,1.85,uniform,44,0.34375
3,128,1.85,uniform,45,0.3515625
3,128,1.85,uniform,46,0.359375
3,128,1.85,uniform,47,0.3671875
3,128,1.85,uniform,48,0.375
3,128,1.85,uniform,49,0.3828125
3,128,1.85,uniform,50,0.390625
3,128,1.85,uniform,51,0.3984375
3,128,1.85,uniform,52,0.40625
3,128,1.85,uniform,53,0.4140625
3,128,1.85,uniform,54,0.421875
3,128,1.85,uniform,55,0.4296875
3,128,1.85,uniform,56,0.4375
3,128,1.85,uniform,57,0.4453125
3,128,1.85,uniform,58,0.453125
3,128,1.85,uniform,59,0.4609375
3,128,1.85,uniform,60,0.46875
3,128,1.85,uniform,61,0.4765625
3,128,1.85,uniform,62,0.484375
3,128,1.85,uniform,63,0.4921875
3,128,1.85,uniform,64,0.5
3,128,1.85,uniform,65,0.5078125
3,128,1.85,uniform,66,0.515625
3,128,1.85,uniform,67,0.5234375
3,128,1.85,uniform,68,0.53125
3,128,1.85,uniform,69,0.5390625
3,128,1.85,uniform,70,0.546875
3,128,1.85,uniform,71,0.5546875
3,128,1.85,uniform,72,0.5625
3,128,1.85,uniform,73,0.5703125
3,128,1.85,uniform,74,0.578125
3,128,1.85,uniform,75,0.5859375
3,128,1.85,uniform,76,0.59375
3,128,1.85,uniform,77,0.6015625
3,128,1.85,uniform,78,0.609375
3,128,1.85,uniform,79,0.6171875
3,128,1.85,uniform,80,0.625
3,128,1.85,uniform,81,0.6328125
3,128,1.85,uniform,82,0.640625
3,128,1.85,uniform,83,0.6484375
3,128,1.85,uniform,84,0.65625
3,128,1.85,uniform,85,0.6640625
3,128,1.85,uniform,86,0.671875
3,128,1.85,uniform,87,0.6796875
3,128,1.85,uniform,88,0.6875
3,128,1.85,uniform,89,0.6953125
3,128,1.85,uniform,90,0.703125
3,128,1.85,uniform,91,0.7109375
3,128,1.85,uniform,92,0.71875
3,128,1.85,uniform,93,0.7265625
3,128,1.85,uniform,94,0.734375
3,128,1.85,uniform,95,0.7421875
3,128,1.85,uniform,96,0.75
3,128,1.85,uniform,97,0.7578125
3,128,1.85,uniform,98,0.765625
3,128,1.85,uniform,99,0.7734375
3,128,1.85,uniform,100,0.78125
3,128,1.85,uniform,101,0.7890625
3,128,1.85,uniform,102,0.796875
3,128,1.85,uniform,103,0.8046875
3,128,1.85,uniform,104,0.8125
3,128,1.85,uniform,105,0.8203125
3,128,1.85,uniform,106,0.828125
3,128,1.85,uniform,107,0.8359375
3,128,1.85,uniform,108,0.84375
3,128,1.85,uniform,109,0.8515625
3,128,1.85,uniform,110,0.859375
3,128,1.85,uniform,111,0.8671875
3,128,1.85,uniform,112,0.875
3,128,1.85,uniform,113,0.8828125
3,128,1.85,uniform,114,0.890625
3,128,1.85,uniform,115,0.8984375
3,128,1.85,uniform,116,0.90625
3,128,1.85,uniform,117,0.9140625
3,128,1.85,uniform,118,0.921875
3,128,1.85,uniform,119,0.9296875
3,128,1.85,uniform,120,0.9375
3,128,1.85,uniform,121,0.9453125
3,128,1.85,uniform,122,0.953125
3,128,1.85,uniform,123,0.9609375
3,128,1.85,uniform,124,0.96875
3,128,1.85,uniform,125,0.9765625
3,128,1.85,uniform,126,0.984375
3,128,1.85,uniform,127,0.9921875
3,128,1.85,uniform,128,1.0
3,128,1.85,positional,0,0.0
3,128,1.85,positional,1,7.646677035422943e-06
3,128,1.85,positional,2,1.5774889095102237e-05
3,128,1.85,positional,3,3.0206564074930904e-05
3,128,1.85,positional,4,6.355366300335341e-05
3,128,1.85,positional,5,0.00012441840159114497
3,128,1.85,positional,6,0.00021751616588386934
3,128,1.85,positional,7,0.00034690057150797064
3,128,1.85,positional,8,0.0005168084534298704
3,128,1.85,positional,9,0.0007316124001870382
3,128,1.85,positional,10,0.0009956554031864762
3,128,1.85,positional,11,0.0013131295421485397
3,128,1.85,positional,12,0.0016880095979213523
3,128,1.85,positional,13,0.002124026967076374
3,128,1.85,positional,14,0.0026246695755580817
3,128,1.85,positional,15,0.003193197582928551
3,128,1.85,positional,16,0.0038326681238501914
3,128,1.85,positional,17,0.004545964620582826
3,128,1.85,positional,18,0.005335827599673319
3,128,1.85,positional,19,0.006204884812513907
3,128,1.85,positional,20,0.007155679051608389
3,128,1.85,positional,21,0.008190692520497988
3,128,1.85,positional,22,0.009312367022366392
3,128,1.85,positional,23,0.010523119599682527
3,128,1.85,positional,24,0.01182535358209499
3,128,1.85,positional,25,0.013221465273052967
3,128,1.85,positional,26,0.014713846719697152
3,128,1.85,positional,27,0.016304885162242076
3,128,1.85,positional,28,0.017996959849812484
3,128,1.85,positional,29,0.01979243694474552
3,128,1.85,positional,30,0.021693663224599046
3,128,1.85,positional,31,0.02370295923990908
3,128,1.85,positional,32,0.025822612506102204
3,128,1.85,positional,33,0.028054871209722353
3,128,1.85,positional,34,0.030401938801379043
3,128,1.85,positional,35,0.03286596973851812
3,128,1.85,positional,36,0.03544906653678698
3,128,1.85,positional,37,0.03815327819438193
3,128,1.85,positional,38,0.040980599972717864
3,128,1.85,positional,39,0.04393297445096353
3,128,1.85,positional,40,0.047012293722047044
3,128,1.85,positional,41,0.050220402563194995
3,128,1.85,positional,42,0.053559102393653524
3,128,1.85,positional,43,0.05703015582413075
3,128,1.85,positional,44,0.06063529160457034
3,128,1.85,positional,45,0.06437620978688861
3,128,1.85,positional,46,0.06825458693511999
3,128,1.85,positional,47,0.07227208123503939
3,128,1.85,positional,48,0.07643033737704644
3,128,1.85,positional,49,0.0807309911084877
3,128,1.85,positional,50,0.08517567337355002
3,128,1.85,positional,51,0.08976601397956664
3,128,1.85,positional,52,0.09450364474749363
3,128,1.85,positional,53,0.09939020212111721
3,128,1.85,positional,54,0.10442732922411634
3,128,1.85,positional,55,0.10961667736644323
3,128,1.85,positional,56,0.11495990701171842
3,128,1.85,positional,57,0.12045868822565887
3,128,1.85,positional,58,0.1261147006321983
3,128,1.85,positional,59,0.13192963290916293
3,128,1.85,positional,60,0.13790518185937625
3,128,1.85,positional,61,0.1440430510961015
3,128,1.85,positional,62,0.1503449493839866
3,128,1.85,positional,63,0.15681258867830766
3,128,1.85,positional,64,0.16344768190643616
3,128,1.85,positional,65,0.1702519405361683
3,128,1.85,positional,66,0.1772270719759044
3,128,1.85,positional,67,0.18437477685167727
3,128,1.85,positional,68,0.1916967462057082
3,128,1.85,positional,69,0.1991946586605054
3,128,1.85,positional,70,0.2068701775914951
3,128,1.85,positional,71,0.21472494834977335
3,128,1.85,positional,72,0.22276059557476702
3,128,1.85,positional,73,0.23097872063439245
3,128,1.85,positional,74,0.23938089922770067
3,128,1.85,positional,75,0.24796867918201884
3,128,1.85,positional,76,0.25674357847326823
3,128,1.85,positional,77,0.265707083494504
3,128,1.85,positional,78,0.27486064759384116
3,128,1.85,positional,79,0.28420568989886463
3,128,1.85,positional,80,0.2937435944404496
3,128,1.85,positional,81,0.30347570958471154
3,128,1.85,positional,82,0.3134033477776463
3,128,1.85,positional,83,0.32352778560298034
3,128,1.85,positional,84,0.33385026414990326
3,128,1.85,positional,85,0.3443719896837576
3,128,1.85,positional,86,0.35509413460947253
3,128,1.85,positional,87,0.36601783871458765
3,128,1.85,positional,88,0.37714421067615395
3,128,1.85,positional,89,0.3884743298136416
3,128,1.85,positional,90,0.40000924806823646
3,128,1.85,positional,91,0.4117499921875728
3,128,1.85,positional,92,0.423697566094011
3,128,1.85,positional,93,0.4358529534140145
3,128,1.85,positional,94,0.4482171201459817
3,128,1.85,positional,95,0.4607910174440167
3,128,1.85,positional,96,0.47357558449554144
3,128,1.85,positional,97,0.4865717514713289
3,128,1.85,positional,98,0.49978044252742887
3,128,1.85,positional,99,0.5132025788395319
3,128,1.85,positional,100,0.5268390816515328
3,128,1.85,positional,101,0.5406908753213776
3,128,1.85,positional,102,0.5547588903486765
3,128,1.85,positional,103,0.5690440663700068
3,128,1.85,positional,104,0.5835473551092867
3,128,1.85,positional,105,0.598269723272054
3,128,1.85,positional,106,0.6132121553739063
3,128,1.85,positional,107,0.6283756564947355
3,128,1.85,positional,108,0.64376125495171
3,128,1.85,positional,109,0.6593700048852057
3,128,1.85,positional,110,0.6752029887530531
3,128,1.85,positional,111,0.6912613197295547
3,128,1.85,positional,112,0.7075461440067201
3,128,1.85,positional,113,0.7240586429960695
3,128,1.85,positional,114,0.740800035430174
3,128,1.85,positional,115,0.7577715793638221
3,128,1.85,positional,116,0.7749745740753413
3,128,1.85,positional,117,0.7924103618691611
3,128,1.85,positional,118,0.8100803297811763
3,128,1.85,positional,119,0.8279859111888737
3,128,1.85,positional,120,0.8461285873285185
3,128,1.85,positional,121,0.8645098887219637
3,128,1.85,positional,122,0.8831313965158566
3,128,1.85,positional,123,0.9019947437361766
3,128,1.85,positional,124,0.921101616461142
3,128,1.85,positional,125,0.9404537549155959
3,128,1.85,positional,126,0.9600529544900064
3,128,1.85,positional,127,0.9799010666872101
3,128,1.85,positional,128,1.0
3,128,1.95,uniform,0,0.0
3,128,1.95,uniform,1,0.0078125
3,128,1.95,uniform,2,0.015625
3,128,1.95,uniform,3,0.0234375
3,128,1.95,uniform,4,0.03125
3,128,1.95,uniform,5,0.0390625
3,128,1.95,uniform,6,0.046875
3,128,1.95,uniform,7,0.0546875
3,128,1.95,uniform,8,0.0625
3,128,1.95,uniform,9,0.0703125
3,128,1.95,uniform,10,0.078125
3,128,1.95,uniform,11,0.0859375
3,128,1.95,uniform,12,0.09375
3,128,1.95,uniform,13,0.1015625
3,128,1.95,uniform,14,0.109375
3,128,1.95,uniform,15,0.1171875
3,128,1.95,uniform,16,0.125
3,128,1.95,uniform,17,0.1328125
3,128,1.95,uniform,18,0.140625
3,128,1.95,uniform,19,0.1484375
3,128,1.95,uniform,20,0.15625
3,128,1.95,uniform,21,0.1640625
3,128,1.95,uniform,22,0.171875
3,128,1.95,uniform,23,0.1796875
3,128,1.95,uniform,24,0.1875
3,128,1.95,uniform,25,0.1953125
3,128,1.95,uniform,26,0.203125
3,128,1.95,uniform,27,0.2109375
3,128,1.95,uniform,28,0.21875
3,128,1.95,uniform,29,0.2265625
3,128,1.95,uniform,30,0.234375
3,128,1.95,uniform,31,0.2421875
3,128,1.95,uniform,32,0.25
3,128,1.95,uniform,33,0.2578125
3,128,1.95,uniform,34,0.265625
3,128,1.95,uniform,35,0.2734375
3,128,1.95,uniform,36,0.28125
3,128,1.95,uniform,37,0.2890625
3,128,1.95,uniform,38,0.296875
3,128,1.95,uniform,39,0.3046875
3,128,1.95,uniform,40,0.3125
3,128,1.95,uniform,41,0.3203125
3,128,1.95,uniform,42,0.328125
3,128,1.95,uniform,43,0.3359375
3,128,1.95,uniform,44,0.34375
3,128,1.95,uniform,45,0.3515625
3,128,1.95,uniform,46,0.359375
3,128,1.95,uniform,47,0.3671875
3,128,1.95,uniform,48,0.375
3,128,1.95,uniform,49,0.3828125
3,128,1.95,uniform,50,0.390625
3,128,1.95,uniform,51,0.3984375
3,128,1.95,uniform,52,0.40625
3,128,1.95,uniform,53,0.4140625
3,128,1.95,uniform,54,0.421875
3,128,1.95,uniform,55,0.4296875
3,128,1.95,uniform,56,0.4375
3,128,1.95,uniform,57,0.4453125
3,128,1.95,uniform,58,0.453125
3,128,1.95,uniform,59,0.4609375
3,128,1.95,uniform,60,0.46875
3,128,1.95,uniform,61,0.4765625
3,128,1.95,uniform,62,0.484375
3,128,1.95,uniform,63,0.4921875
3,128,1.95,uniform,64,0.5
3,128,1.95,uniform,65,0.5078125
3,128,1.95,uniform,66,0.515625
3,128,1.95,uniform,67,0.5234375
3,128,1.95,uniform,68,0.53125
3,128,1.95,uniform,69,0.5390625
3,128,1.95,uniform,70,0.546875
3,128,1.95,uniform,71,0.5546875
3,128,1.95,uniform,72,0.5625
3,128,1.95,uniform,73,0.5703125
3,128,1.95,uniform,74,0.578125
3,128,1.95,uniform,75,0.5859375
3,128,1.95,uniform,76,0.59375
3,128,1.95,uniform,77,0.6015625
3,128,1.95,uniform,78,0.609375
3,128,1.95,uniform,79,0.6171875
3,128,1.95,uniform,80,0.625
3,128,1.95,uniform,81,0.6328125
3,128,1.95,uniform,82,0.640625
3,128,1.95,uniform,83,0.6484375
3,128,1.95,uniform,84,0.65625
3,128,1.95,uniform,85,0.6640625
3,128,1.95,uniform,86,0.671875
3,128,1.95,uniform,87,0.6796875
3,128,1.95,uniform,88,0.6875
3,128,1.95,uniform,89,0.6953125
3,128,1.95,uniform,90,0.703125
3,128,1.95,uniform,91,0.7109375
3,128,1.95,uniform,92,0.71875
3,128,1.95,uniform,93,0.7265625
3,128,1.95,uniform,94,0.734375
3,128,1.95,uniform,95,0.7421875
3,128,1.95,uniform,96,0.75
3,128,1.95,uniform,97,0.7578125
3,128,1.95,uniform,98,0.765625
3,128,1.95,uniform,99,0.7734375
3,128,1.95,uniform,100,0.78125
3,128,1.95,uniform,101,0.7890625
3,128,1.95,uniform,102,0.796875
3,128,1.95,uniform,103,0.8046875
3,128,1.95,uniform,104,0.8125
3,128,1.95,uniform,105,0.8203125
3,128,1.95,uniform,106,0.828125
3,128,1.95,uniform,107,0.8359375
3,128,1.95,uniform,108,0.84375
3,128,1.95,uniform,109,0.8515625
3,128,1.95,uniform,110,0.859375
3,128,1.95,uniform,111,0.8671875
3,128,1.95,uniform,112,0.875
3,128,1.95,uniform,113,0.8828125
3,128,1.95,uniform,114,0.890625
3,128,1.95,uniform,115,0.8984375
3,128,1.95,uniform,116,0.90625
3,128,1.95,uniform,117,0.9140625
3,128,1.95,uniform,118,0.921875
3,128,1.95,uniform,119,0.9296875
3,128,1.95,uniform,120,0.9375
3,128,1.95,uniform,121,0.9453125
3,128,1.95,uniform,122,0.953125
3,128,1.95,uniform,123,0.9609375
3,128,1.95,uniform,124,0.96875
3,128,1.95,uniform,125,0.9765625
3,128,1.95,uniform,126,0.984375
3,128,1.95,uniform,127,0.9921875
3,128,1.95,uniform,128,1.0
3,128,1.95,positional,0,0.0
3,128,1.95,positional,1,9.306369572378358e-06
3,128,1.95,positional,2,2.2011352297641793e-05
3,128,1.95,positional,3,5.71439087491844e-05
3,128,1.95,positional,4,0.00013099741362914983
3,128,1.95,positional,5,0.00025030609573195833
3,128,1.95,positional,6,0.00042024613892541304
3,128,1.95,positional,7,0.0006461035234952596
3,128,1.95,positional,8,0.0009330410970284912
3,128,1.95,positional,9,0.0012858388710563769
3,128,1.95,positional,10,0.0017087910801477863
3,128,1.95,positional,11,0.002205705909880718
3,128,1.95,positional,12,0.0027799546666524427
3,128,1.95,positional,13,0.003434539165501695
3,128,1.95,positional,14,0.004172161678531045
3,128,1.95,positional,15,0.004995290406760917
3,128,1.95,positional,16,0.005906217637347072
3,128,1.95,positional,17,0.006907109592800627
3,128,1.95,positional,18,0.008000047740019382
3,128,1.95,positional,19,0.009187061669793854
3,128,1.95,positional,20,0.010470153876462511
3,128,1.95,positional,21,0.011851316962632454
3,128,1.95,positional,22,0.013332543979587125
3,128,1.95,positional,23,0.014915832775917374
3,128,1.95,positional,24,0.01660318534797975
3,128,1.95,positional,25,0.01839660325508314
3,128,1.95,positional,26,0.020298080176455263
3,128,1.95,positional,27,0.022309592648928286
3,128,1.95,positional,28,0.024433089941183254
3,128,1.95,positional,29,0.02667048390224617
3,128,1.95,positional,30,0.029023639479912385
3,128,1.95,positional,31,0.031494366450160814
3,128,1.95,positional,32,0.03408441274187033
3,128,1.95,positional,33,0.03679545959126865
3,128,1.95,positional,34,0.03962911862463945
3,128,1.95,positional,35,0.04258693085091031
3,128,1.95,positional,36,0.04567036745078596
3,128,1.95,positional,37,0.048880832177123155
3,128,1.95,positional,38,0.05221966513170265
3,128,1.95,positional,39,0.05568814765464396
3,128,1.95,positional,40,0.05928750805177968
3,128,1.95,positional,41,0.06301892788922614
3,128,1.95,positional,42,0.06688354859985703
3,128,1.95,positional,43,0.07088247817019955
3,128,1.95,positional,44,0.07501679770549188
3,128,1.95,positional,45,0.07928756770272406
3,128,1.95,positional,46,0.08369583389433671
3,128,1.95,positional,47,0.08824263255724007
3,128,1.95,positional,48,0.09292899521174514
3,128,1.95,positional,49,0.09775595266206538
3,128,1.95,positional,50,0.10272453835378599
3,128,1.95,positional,51,0.10783579104391251
3,128,1.95,positional,52,0.11309075679581775
3,128,1.95,positional,53,0.11849049032477926
3,128,1.95,positional,54,0.12403605573011675
3,128,1.95,positional,55,0.12972852665754261
3,128,1.95,positional,56,0.1355689859406064
3,128,1.95,positional,57,0.14155852477342246
3,128,1.95,positional,58,0.1476982414685883
3,128,1.95,positional,59,0.15398923985466398
3,128,1.95,positional,60,0.1604326273670907
3,128,1.95,positional,61,0.16702951288523474
3,128,1.95,positional,62,0.17378100436656208
3,128,1.95,positional,63,0.1806882063269428
3,128,1.95,positional,64,0.18775221721387683
3,128,1.95,positional,65,0.1949741267171077
3,128,1.95,positional,66,0.20235501305869757
3,128,1.95,positional,67,0.20989594030220293
3,128,1.95,positional,68,0.21759795571811674
3,128,1.95,positional,69,0.22546208724022035
3,128,1.95,positional,70,0.23348934104490018
3,128,1.95,positional,71,0.24168069928281008
3,128,1.95,positional,72,0.2500371179894805
3,128,1.95,positional,73,0.2585595251985811
3,128,1.95,positional,74,0.2672488192785314
3,128,1.95,positional,75,0.2761058675100249
3,128,1.95,positional,76,0.28513150491881467
3,128,1.95,positional,77,0.294326533374815
3,128,1.95,positional,78,0.30369172096525204
3,128,1.95,positional,79,0.3132278016462794
3,128,1.95,positional,80,0.3229354751742135
3,128,1.95,positional,81,0.3328154073143842
3,128,1.95,positional,82,0.3428682303225852
3,128,1.95,positional,83,0.3530945436912949
3,128,1.95,positional,84,0.363494915150258
3,128,1.95,positional,85,0.3740698819087067
3,128,1.95,positional,86,0.384819952124489
3,128,1.95,positional,87,0.395745606583672
3,128,1.95,positional,88,0.40684730057281854
3,128,1.95,positional,89,0.4181254659250951
3,128,1.95,positional,90,0.4295805132206542
3,128,1.95,positional,91,0.4412128341213335
3,128,1.95,positional,92,0.4530228038196083
3,128,1.95,positional,93,0.46501078358190623
3,128,1.95,positional,94,0.47717712336680707
3,128,1.95,positional,95,0.4895221644992886
3,128,1.95,positional,96,0.5020462423830016
3,128,1.95,positional,97,0.5147496892335373
3,128,1.95,positional,98,0.5276328368167564
3,128,1.95,positional,99,0.5406960191774486
3,128,1.95,positional,100,0.5539395753448564
3,128,1.95,positional,101,0.5673638520029072
3,128,1.95,positional,102,0.580969206114316
3,128,1.95,positional,103,0.5947560074890391
3,128,1.95,positional,104,0.608724641288851
3,128,1.95,positional,105,0.6228755104610689
3,128,1.95,positional,106,0.6372090380956467
3,128,1.95,positional,107,0.6517256697009953
3,128,1.95,positional,108,0.6664258753949527
3,128,1.95,positional,109,0.6813101520083057
3,128,1.95,positional,110,0.6963790250991799
3,128,1.95,positional,111,0.7116330508774281
3,128,1.95,positional,112,0.7270728180388932
3,128,1.95,positional,113,0.7426989495100752
3,128,1.95,positional,114,0.7585121041043117
3,128,1.95,positional,115,0.7745129780910824
3,128,1.95,positional,116,0.7907023066804763
3,128,1.95,positional,117,0.8070808654252195
3,128,1.95,positional,118,0.8236494715429601
3,128,1.95,positional,119,0.8404089851617398
3,128,1.95,positional,120,0.8573603104917686
3,128,1.95,positional,121,0.8745043969267499
3,128,1.95,positional,122,0.8918422400780935
3,128,1.95,positional,123,0.909374882745406
3,128,1.95,positional,124,0.9271034158266586
3,128,1.95,positional,125,0.9450289791714213
3,128,1.95,positional,126,0.963152762380507
3,128,1.95,positional,127,0.9814760055553053
3,128,1.95,positional,128,1.0
3,256,1.55,uniform,0,0.0
3,256,1.55,uniform,1,0.00390625
3,256,1.55,uniform,2,0.0078125
3,256,1.55,uniform,3,0.01171875
3,256,1.55,uniform,4,0.015625
3,256,1.55,uniform,5,0.01953125
3,256,1.55,uniform,6,0.0234375
3,256,1.55,uniform,7,0.02734375
3,256,1.55,uniform,8,0.03125
3,256,1.55,uniform,9,0.03515625
3,256,1.55,uniform,10,0.0390625
3,256,1.55,uniform,11,0.04296875
3,256,1.55,uniform,12,0.046875
3,256,1.55,uniform,13,0.05078125
3,256,1.55,uniform,14,0.0546875
3,256,1.55,uniform,15,0.05859375
3,256,1.55,uniform,16,0.0625
3,256,1.55,uniform,17,0.06640625
3,256,1.55,uniform,18,0.0703125
3,256,1.55,uniform,19,0.07421875
3,256,1.55,uniform,20,0.078125
3,256,1.55,uniform,21,0.08203125
3,256,1.55,uniform,22,0.0859375
3,256,1.55,uniform,23,0.08984375
3,256,1.55,uniform,24,0.09375
3,256,1.55,uniform,25,0.09765625
3,256,1.55,uniform,26,0.1015625
3,256,1.55,uniform,27,0.10546875
3,256,1.55,uniform,28,0.109375
3,256,1.55,uniform,29,0.11328125
3,256,1.55,uniform,30,0.1171875
3,256,1.55,uniform,31,0.12109375
3,256,1.55,uniform,32,0.125
3,256,1.55,uniform,33,0.12890625
3,256,1.55,uniform,34,0.1328125
3,256,1.55,uniform,35,0.13671875
3,256,1.55,uniform,36,0.140625
3,256,1.55,uniform,37,0.14453125
3,256,1.55,uniform,38,0.1484375
3,256,1.55,uniform,39,0.15234375
3,256,1.55,uniform,40,0.15625
3,256,1.55,uniform,41,0.16015625
3,256,1.55,uniform,42,0.1640625
3,256,1.55,uniform,43,0.16796875
3,256,1.55,uniform,44,0.171875
3,256,1.55,uniform,45,0.17578125
3,256,1.55,uniform,46,0.1796875
3,256,1.55,uniform,47,0.18359375
3,256,1.55,uniform,48,0.1875
3,256,1.55,uniform,49,0.19140625
3,256,1.55,uniform,50,0.1953125
3,256,1.55,uniform,51,0.19921875
3,256,1.55,uniform,52,0.203125
3,256,1.55,uniform,53,0.20703125
3,256,1.55,uniform,54,0.2109375
3,256,1.55,uniform,55,0.21484375
3,256,1.55,uniform,56,0.21875
3,256,1.55,uniform,57,0.22265625
3,256,1.55,uniform,58,0.2265625
3,256,1.55,uniform,59,0.23046875
3,256,1.55,uniform,60,0.234375
3,256,1.55,uniform,61,0.23828125
3,256,1.55,uniform,62,0.2421875
3,256,1.55,uniform,63,0.24609375
3,256,1.55,uniform,64,0.25
3,256,1.55,uniform,65,0.25390625
3,256,1.55,uniform,66,0.2578125
3,256,1.55,uniform,67,0.26171875
3,256,1.55,uniform,68,0.265625
3,256,1.55,uniform,69,0.26953125
3,256,1.55,uniform,70,0.2734375
3,256,1.55,uniform,71,0.27734375
3,256,1.55,uniform,72,0.28125
3,256,1.55,uniform,73,0.28515625
3,256,1.55,uniform,74,0.2890625
3,256,1.55,uniform,75,0.29296875
3,256,1.55,uniform,76,0.296875
3,256,1.55,uniform,77,0.30078125
3,256,1.55,uniform,78,0.3046875
3,256,1.55,uniform,79,0.30859375
3,256,1.55,uniform,80,0.3125
3,256,1.55,uniform,81,0.31640625
3,256,1.55,uniform,82,0.3203125
3,256,1.55,uniform,83,0.32421875
3,256,1.55,uniform,84,0.328125
3,256,1.55,uniform,85,0.33203125
3,256,1.55,uniform,86,0.3359375
3,256,1.55,uniform,87,0.33984375
3,256,1.55,uniform,88,0.34375
3,256,1.55,uniform,89,0.34765625
3,256,1.55,uniform,90,0.3515625
3,256,1.55,uniform,91,0.35546875
3,256,1.55,uniform,92,0.359375
3,256,1.55,uniform,93,0.36328125
3,256,1.55,uniform,94,0.3671875
3,256,1.55,uniform,95,0.37109375
3,256,1.55,uniform,96,0.375
3,256,1.55,uniform,97,0.37890625
3,256,1.55,uniform,98,0.3828125
3,256,1.55,uniform,99,0.38671875
3,256,1.55,uniform,100,0.390625
3,256,1.55,uniform,101,0.39453125
3,256,1.55,uniform,102,0.3984375
3,256,1.55,uniform,103,0.40234375
3,256,1.55,uniform,104,0.40625
3,256,1.55,uniform,105,0.41015625
3,256,1.55,uniform,106,0.4140625
3,256,1.55,uniform,107,0.41796875
3,256,1.55,uniform,108,0.421875
3,256,1.55,uniform,109,0.42578125
3,256,1.55,uniform,110,0.4296875
3,256,1.55,uniform,111,0.43359375
3,256,1.55,uniform,112,0.4375
3,256,1.55,uniform,113,0.44140625
3,256,1.55,uniform,114,0.4453125
3,256,1.55,uniform,115,0.44921875
3,256,1.55,uniform,116,0.453125
3,256,1.55,uniform,117,0.45703125
3,256,1.55,uniform,118,0.4609375
3,256,1.55,uniform,119,0.46484375
3,256,1.55,uniform,120,0.46875
3,256,1.55,uniform,121,0.47265625
3,256,1.55,uniform,122,0.4765625
3,256,1.55,uniform,123,0.48046875
3,256,1.55,uniform,124,0.484375
3,256,1.55,uniform,125,0.48828125
3,256,1.55,uniform,126,0.4921875
3,256,1.55,uniform,127,0.49609375
3,256,1.55,uniform,128,0.5
3,256,1.55,uniform,129,0.50390625
3,256,1.55,uniform,130,0.5078125
3,256,1.55,uniform,131,0.51171875
3,256,1.55,uniform,132,0.515625
3,256,1.55,uniform,133,0.51953125
3,256,1.55,uniform,134,0.5234375
3,256,1.55,uniform,135,0.52734375
3,256,1.55,uniform,136,0.53125
3,256,1.55,uniform,137,0.53515625
3,256,1.55,uniform,138,0.5390625
3,256,1.55,uniform,139,0.54296875
3,256,1.55,uniform,140,0.546875
3,256,1.55,uniform,141,0.55078125
3,256,1.55,uniform,142,0.5546875
3,256,1.55,uniform,143,0.55859375
3,256,1.55,uniform,144,0.5625
3,256,1.55,uniform,145,0.56640625
3,256,1.55,uniform,146,0.5703125
3,256,1.55,uniform,147,0.57421875
3,256,1.55,uniform,148,0.578125
3,256,1.55,uniform,149,0.58203125
3,256,1.55,uniform,150,0.5859375
3,256,1.55,uniform,151,0.58984375
3,256,1.55,uniform,152,0.59375
3,256,1.55,uniform,153,0.59765625
3,256,1.55,uniform,154,0.6015625
3,256,1.55,uniform,155,0.60546875
3,256,1.55,uniform,156,0.609375
3,256,1.55,uniform,157,0.61328125
3,256,1.55,uniform,158,0.6171875
3,256,1.55,uniform,159,0.62109375
3,256,1.55,uniform,160,0.625
3,256,1.55,uniform,161,0.62890625
3,256,1.55,uniform,162,0.6328125
3,256,1.55,uniform,163,0.63671875
3,256,1.55,uniform,164,0.640625
3,256,1.55,uniform,165,0.64453125
3,256,1.55,uniform,166,0.6484375
3,256,1.55,uniform,167,0.65234375
3,256,1.55,uniform,168,0.65625
3,256,1.55,uniform,169,0.66015625
3,256,1.55,uniform,170,0.6640625
3,256,1.55,uniform,171,0.66796875
3,256,1.55,uniform,172,0.671875
3,256,1.55,uniform,173,0.67578125
3,256,1.55,uniform,174,0.6796875
3,256,1.55,uniform,175,0.68359375
3,256,1.55,uniform,176,0.6875
3,256,1.55,uniform,177,0.69140625
3,256,1.55,uniform,178,0.6953125
3,256,1.55,uniform,179,0.69921875
3,256,1.55,uniform,180,0.703125
3,256,1.55,uniform,181,0.70703125
3,256,1.55,uniform,182,0.7109375
3,256,1.55,uniform,183,0.71484375
3,256,1.55,uniform,184,0.71875
3,256,1.55,uniform,185,0.72265625
3,256,1.55,uniform,186,0.7265625
3,256,1.55,uniform,187,0.73046875
3,256,1.55,uniform,188,0.734375
3,256,1.55,uniform,189,0.73828125
3,256,1.55,uniform,190,0.7421875
3,256,1.55,uniform,191,0.74609375
3,256,1.55,uniform,192,0.75
3,256,1.55,uniform,193,0.75390625
3,256,1.55,uniform,194,0.7578125
3,256,1.55,uniform,195,0.76171875
3,256,1.55,uniform,196,0.765625
3,256,1.55,uniform,197,0.76953125
3,256,1.55,uniform,198,0.7734375
3,256,1.55,uniform,199,0.77734375
3,256,1.55,uniform,200,0.78125
3,256,1.55,uniform,201,0.78515625
3,256,1.55,uniform,202,0.7890625
3,256,1.55,uniform,203,0.79296875
3,256,1.55,uniform,204,0.796875
3,256,1.55,uniform,205,0.80078125
3,256,1.55,uniform,206,0.8046875
3,256,1.55,uniform,207,0.80859375
3,256,1.55,uniform,208,0.8125
3,256,1.55,uniform,209,0.81640625
3,256,1.55,uniform,210,0.8203125
3,256,1.55,uniform,211,0.82421875
3,256,1.55,uniform,212,0.828125
3,256,1.55,uniform,213,0.83203125
3,256,1.55,uniform,214,0.8359375
3,256,1.55,uniform,215,0.83984375
3,256,1.55,uniform,216,0.84375
3,256,1.55,uniform,217,0.84765625
3,256,1.55,uniform,218,0.8515625
3,256,1.55,uniform,219,0.85546875
3,256,1.55,uniform,220,0.859375
3,256,1.55,uniform,221,0.86328125
3,256,1.55,uniform,222,0.8671875
3,256,1.55,uniform,223,0.87109375
3,256,1.55,uniform,224,0.875
3,256,1.55,uniform,225,0.87890625
3,256,1.55,uniform,226,0.8828125
3,256,1.55,uniform,227,0.88671875
3,256,1.55,uniform,228,0.890625
3,256,1.55,uniform,229,0.89453125
3,256,1.55,uniform,230,0.8984375
3,256,1.55,uniform,231,0.90234375
3,256,1.55,uniform,232,0.90625
3,256,1.55,uniform,233,0.91015625
3,256,1.55,uniform,234,0.9140625
3,256,1.55,uniform,235,0.91796875
3,256,1.55,uniform,236,0.921875
3,256,1.55,uniform,237,0.92578125
3,256,1.55,uniform,238,0.9296875
3,256,1.55,uniform,239,0.93359375
3,256,1.55,uniform,240,0.9375
3,256,1.55,uniform,241,0.94140625
3,256,1.55,uniform,242,0.9453125
3,256,1.55,uniform,243,0.94921875
3,256,1.55,uniform,244,0.953125
3,256,1.55,uniform,245,0.95703125
3,256,1.55,uniform,246,0.9609375
3,256,1.55,uniform,247,0.96484375
3,256,1.55,uniform,248,0.96875
3,256,1.55,uniform,249,0.97265625
3,256,1.55,uniform,250,0.9765625
3,256,1.55,uniform,251,0.98046875
3,256,1.55,uniform,252,0.984375
3,256,1.55,uniform,253,0.98828125
3,256,1.55,uniform,254,0.9921875
3,256,1.55,uniform,255,0.99609375
3,256,1.55,uniform,256,1.0
3,256,1.55,positional,0,0.0
3,256,1.55,positional,1,5.540281177146669e-07
3,256,1.55,positional,2,1.1082664539806238e-06
3,256,1.55,positional,3,1.6629619870915285e-06
3,256,1.55,positional,4,2.2185935028302144e-06
3,256,1.55,positional,5,2.7761746938826577e-06
3,256,1.55,positional,6,3.338021383695387e-06
3,256,1.55,positional,7,3.90973576644997e-06
3,256,1.55,positional,8,4.5048990808527105e-06
3,256,1.55,positional,9,5.154055437011448e-06
3,256,1.55,positional,10,5.917284214304786e-06
3,256,1.55,positional,11,6.896623265662841e-06
3,256,1.55,positional,12,8.244084736268875e-06
3,256,1.55,positional,13,1.0160910486742532e-05
3,256,1.55,positional,14,1.2885691910320125e-05
3,256,1.55,positional,15,1.6675461134019247e-05
3,256,1.55,positional,16,2.1787949075107078e-05
3,256,1.55,positional,17,2.8470661935284455e-05
3,256,1.55,positional,18,3.6957444002379255e-05
3,256,1.55,positional,19,4.747021769873708e-05
3,256,1.55,positional,20,6.0223165355586654e-05
3,256,1.55,positional,21,7.542741019024368e-05
3,256,1.55,positional,22,9.32951790888269e-05
3,256,1.55,positional,23,0.00011404307641113816
3,256,1.55,positional,24,0.00013789444630640322
3,256,1.55,positional,25,0.0001650809480515613
3,256,1.55,positional,26,0.00019584350743409232
3,256,1.55,positional,27,0.00023043279717321793
3,256,1.55,positional,28,0.0002691093728700687
3,256,1.55,positional,29,0.00031214356275264225
3,256,1.55,positional,30,0.0003598151851425563
3,256,1.55,positional,31,0.00041241314845048214
3,256,1.55,positional,32,0.0004702349742054757
3,256,1.55,positional,33,0.0005335862732050105
3,256,1.55,positional,34,0.0006027801973729067
3,256,1.55,positional,35,0.0006781368845158416
3,256,1.55,positional,36,0.0007599829092448922
3,256,1.55,positional,37,0.0008486507504129237
3,256,1.55,positional,38,0.0009444782831824307
3,256,1.55,positional,39,0.001047808302054459
3,256,1.55,positional,40,0.0011589880797052464
3,256,1.55,positional,41,0.0012783689651947674
3,256,1.55,positional,42,0.001406306023969883
3,256,1.55,positional,43,0.0015431577210499156
3,256,1.55,positional,44,0.0016892856478372656
3,256,1.55,positional,45,0.001845054292134456
3,256,1.55,positional,46,0.0020108308501725815
3,256,1.55,positional,47,0.002186985078768643
3,256,1.55,positional,48,0.002373889185135712
3,256,1.55,positional,49,0.0025719177513747276
3,256,1.55,positional,50,0.0027814476902827323
3,256,1.55,positional,51,0.0030028582288202615
3,256,1.55,positional,52,0.0032365309153886464
3,256,1.55,positional,53,0.0034828496469722766
3,256,1.55,positional,54,0.003742200712195394
3,256,1.55,positional,55,0.004014972846419942
3,256,1.55,positional,56,0.004301557295161348
3,256,1.55,positional,57,0.004602347882312766
3,256,1.55,positional,58,0.004917741079934764
3,256,1.55,positional,59,0.005248136076675784
3,256,1.55,positional,60,0.005593934842228518
3,256,1.55,positional,61,0.005955542185588244
3,256,1.55,positional,62,0.00633336580525161
3,256,1.55,positional,63,0.006727816329869655
3,256,1.55,positional,64,0.007139307348238934
3,256,1.55,positional,65,0.007568255427872736
3,256,1.55,positional,66,0.008015080121734523
3,256,1.55,positional,67,0.008480203963033102
3,256,1.55,positional,68,0.008964052448269642
3,256,1.55,positional,69,0.00946705400898767
3,256,1.55,positional,70,0.009989639972906498
3,256,1.55,positional,71,0.010532244515314856
3,256,1.55,positional,72,0.011095304601764621
3,256,1.55,positional,73,0.01167925992323416
3,256,1.55,positional,74,0.012284552825028331
3,256,1.55,positional,75,0.012911628230748299
3,256,1.55,positional,76,0.013560933562701152
3,256,1.55,positional,77,0.014232918660128668
3,256,1.55,positional,78,0.014928035696618833
3,256,1.55,positional,79,0.015646739098025414
3,256,1.55,positional,80,0.016389485462162606
3,256,1.55,positional,81,0.017156733481466156
3,256,1.55,positional,82,0.017948943869722383
3,256,1.55,positional,83,0.01876657929386437
3,256,1.55,positional,84,0.019610104311723414
3,256,1.55,positional,85,0.020479985316505755
3,256,1.55,positional,86,0.021376690488641922
3,256,1.55,positional,87,0.022300689755531303
3,256,1.55,positional,88,0.023252454759579256
3,256,1.55,positional,89,0.0242324588348003
3,256,1.55,positional,90,0.025241176992140207
3,256,1.55,positional,91,0.0262790859135534
3,256,1.55,positional,92,0.02734666395476114
3,256,1.55,positional,93,0.028444391156511626
3,256,1.55,positional,94,0.029572749264065896
3,256,1.55,positional,95,0.03073222175454394
3,256,1.55,positional,96,0.03192329387168434
3,256,1.55,positional,97,0.0331464526674979
3,256,1.55,positional,98,0.034402187050231445
3,256,1.55,positional,99,0.035690987838002536
3,256,1.55,positional,100,0.037013347817418406
3,256,1.55,positional,101,0.0383697618064537
3,256,1.55,positional,102,0.03976072672083043
3,256,1.55,positional,103,0.04118674164312061
3,256,1.55,positional,104,0.04264830789377563
3,256,1.55,positional,105,0.04414592910327792
3,256,1.55,positional,106,0.04568011128460734
3,256,1.55,positional,107,0.04725136290521865
3,256,1.55,positional,108,0.04886019495773539
3,256,1.55,positional,109,0.05050712102857987
3,256,1.55,positional,110,0.052192657363778115
3,256,1.55,positional,111,0.05391732293120219
3,256,1.55,positional,112,0.05568163947853988
3,256,1.55,positional,113,0.057486131586312855
3,256,1.55,positional,114,0.05933132671529881
3,256,1.55,positional,115,0.0612177552477508
3,256,1.55,positional,116,0.06314595052184653
3,256,1.55,positional,117,0.06511644885884328
3,256,1.55,positional,118,0.067129789582458
3,256,1.55,positional,119,0.06918651503003867
3,256,1.55,positional,120,0.07128717055514076
3,256,1.55,positional,121,0.07343230452117103
3,256,1.55,positional,122,0.07562246828581147
3,256,1.55,positional,123,0.07785821617598677
3,256,1.55,positional,124,0.08014010545318957
3,256,1.55,positional,125,0.08246869626902988
3,256,1.55,positional,126,0.08484455161092641
3,256,1.55,positional,127,0.0872682372379092
3,256,1.55,positional,128,0.08974032160655382
3,256,1.55,positional,129,0.0922613757871183
3,256,1.55,positional,130,0.09483197337000343
3,256,1.55,positional,131,0.09745269036270585
3,256,1.55,positional,132,0.10012410507748047
3,256,1.55,positional,133,0.1028467980099751
3,256,1.55,positional,134,0.10562135170914376
3,256,1.55,positional,135,0.10844835063878813
3,256,1.55,positional,136,0.11132838103111592
3,256,1.55,positional,137,0.11426203073274342
3,256,1.55,positional,138,0.1172498890436047
3,256,1.55,positional,139,0.12029254654926222
3,256,1.55,positional,140,0.12339059494714423
3,256,1.55,positional,141,0.12654462686726056
3,256,1.55,positional,142,0.12975523568797268
3,256,1.55,positional,143,0.1330230153474146
3,256,1.55,positional,144,0.13634856015117847
3,256,1.55,positional,145,0.13973246457689306
3,256,1.55,positional,146,0.14317532307633404
3,256,1.55,positional,147,0.14667772987571231
3,256,1.55,positional,148,0.15024027877479088
3,256,1.55,positional,149,0.15386356294548156
3,256,1.55,positional,150,0.15754817473057
3,256,1.55,positional,151,0.16129470544321184
3,256,1.55,positional,152,0.16510374516783421
3,256,1.55,positional,153,0.16897588256306478
3,256,1.55,positional,154,0.1729117046672952
3,256,1.55,positional,155,0.17691179670746937
3,256,1.55,positional,156,0.18097674191166618
3,256,1.55,positional,157,0.18510712132602367
3,256,1.55,positional,158,0.18930351363652786
3,256,1.55,positional,159,0.19356649499616188
3,256,1.55,positional,160,0.19789663885788283
3,256,1.55,positional,161,0.20229451581386418
3,256,1.55,positional,162,0.2067606934414093
3,256,1.55,positional,163,0.21129573615591007
3,256,1.55,positional,164,0.21590020507119012
3,256,1.55,positional,165,0.22057465786753871
3,256,1.55,positional,166,0.2253196486677062
3,256,1.55,positional,167,0.23013572792109765
3,256,1.55,positional,168,0.23502344229636504
3,256,1.55,positional,169,0.23998333458256496
3,256,1.55,positional,170,0.24501594359901327
3,256,1.55,positional,171,0.2501218041139342
3,256,1.55,positional,172,0.25530144677196837
3,256,1.55,positional,173,0.2605553980305713
3,256,1.55,positional,174,0.26588418010530257
3,256,1.55,positional,175,0.27128831092397493
3,256,1.55,positional,176,0.2767683040896042
3,256,1.55,positional,177,0.2823246688520715
3,256,1.55,positional,178,0.2879579100883849
3,256,1.55,positional,179,0.29366852829139906
3,256,1.55,positional,180,0.29945701956683274
3,256,1.55,positional,181,0.30532387563839697
3,256,1.55,positional,182,0.3112695838608305
3,256,1.55,positional,183,0.31729462724061763
3,256,1.55,positional,184,0.32339948446414923
3,256,1.55,positional,185,0.3295846299330689
3,256,1.55,positional,186,0.33585053380653695
3,256,1.55,positional,187,0.3421976620501287
3,256,1.55,positional,188,0.3486264764910759
3,256,1.55,positional,189,0.35513743487955085
3,256,1.55,positional,190,0.36173099095568356
3,256,1.55,positional,191,0.3684075945220001
3,256,1.55,positional,192,0.3751676915209618
3,256,1.55,positional,193,0.38201172411728573
3,256,1.55,positional,194,0.388940130784722
3,256,1.55,positional,195,0.39595334639696567
3,256,1.55,positional,196,0.4030518023223795
3,256,1.55,positional,197,0.41023592652220753
3,256,1.55,positional,198,0.41750614365196037
3,256,1.55,positional,199,0.4248628751656592
3,256,1.55,positional,200,0.4323065394226274
3,256,1.55,positional,201,0.43983755179652706
3,256,1.55,positional,202,0.44745632478634056
3,256,1.55,positional,203,0.45516326812900826
3,256,1.55,positional,204,0.46295878891343695
3,256,1.55,positional,205,0.4708432916956037
3,256,1.55,positional,206,0.4788171786144882
3,256,1.55,positional,207,0.48688084950857446
3,256,1.55,positional,208,0.49503470203267297
3,256,1.55,positional,209,0.5032791317748225
3,256,1.55,positional,210,0.5116145323730427
3,256,1.55,positional,211,0.520041295631714
3,256,1.55,positional,212,0.5285598116373781
3,256,1.55,positional,213,0.5371704688737545
3,256,1.55,positional,214,0.5458736543357842
3,256,1.55,positional,215,0.5546697536425192
3,256,1.55,positional,216,0.5635591511486883
3,256,1.55,positional,217,0.5725422300547746
3,256,1.55,positional,218,0.581619372515458
3,256,1.55,positional,219,0.5907909597462776
3,256,1.55,positional,220,0.6000573721283827
3,256,1.55,positional,221,0.6094189893112496
3,256,1.55,positional,222,0.61887619031325
3,256,1.55,positional,223,0.6284293536199661
3,256,1.55,positional,224,0.6380788572801543
3,256,1.55,positional,225,0.6478250789992712
3,256,1.55,positional,226,0.6576683962304801
3,256,1.55,positional,227,0.6676091862630661
3,256,1.55,positional,228,0.6776478263081949
3,256,1.55,positional,229,0.6877846935819565
3,256,1.55,positional,230,0.6980201653856452
3,256,1.55,positional,231,0.7083546191832286
3,256,1.55,positional,232,0.7187884326759715
3,256,1.55,positional,233,0.7293219838741787
3,256,1.55,positional,234,0.7399556511660353
3,256,1.55,positional,235,0.7506898133835209
3,256,1.55,positional,236,0.7615248498653834
3,256,1.55,positional,237,0.7724611405171634
3,256,1.55,positional,238,0.7834990658682625
3,256,1.55,positional,239,0.7946390071260541
3,256,1.55,positional,240,0.8058813462270421
3,256,1.55,positional,241,0.8172264658850732
3,256,1.55,positional,242,0.8286747496366121
3,256,1.55,positional,243,0.8402265818830974
3,256,1.55,positional,244,0.8518823479303935
3,256,1.55,positional,245,0.8636424340253597
3,256,1.55,positional,246,0.8755072273895591
3,256,1.55,positional,247,0.8874771162501361
3,256,1.55,positional,248,0.8995524898678872
3,256,1.55,positional,249,0.911733738562558
3,256,1.55,positional,250,0.924021253735401
3,256,1.55,positional,251,0.9364154278890237
3,256,1.55,positional,252,0.9489166546445693
3,256,1.55,positional,253,0.9615253287562646
3,256,1.55,positional,254,0.9742418461233743
3,256,1.55,positional,255,0.9870666037996052
3,256,1.55,positional,256,1.0
3,256,1.65,uniform,0,0.0
3,256,1.65,uniform,1,0.00390625
3,256,1.65,uniform,2,0.0078125
3,256,1.65,uniform,3,0.01171875
3,256,1.65,uniform,4,0.015625
3,256,1.65,uniform,5,0.01953125
3,256,1.65,uniform,6,0.0234375
3,256,1.65,uniform,7,0.02734375
3,256,1.65,uniform,8,0.03125
3,256,1.65,uniform,9,0.03515625
3,256,1.65,uniform,10,0.0390625
3,256,1.65,uniform,11,0.04296875
3,256,1.65,uniform,12,0.046875
3,256,1.65,uniform,13,0.05078125
3,256,1.65,uniform,14,0.0546875
3,256,1.65,uniform,15,0.05859375
3,256,1.65,uniform,16,0.0625
3,256,1.65,uniform,17,0.06640625
3,256,1.65,uniform,18,0.0703125
3,256,1.65,uniform,19,0.07421875
3,256,1.65,uniform,20,0.078125
3,256,1.65,uniform,21,0.08203125
3,256,1.65,uniform,22,0.0859375
3,256,1.65,uniform,23,0.08984375
3,256,1.65,uniform,24,0.09375
3,256,1.65,uniform,25,0.09765625
3,256,1.65,uniform,26,0.1015625
3,256,1.65,uniform,27,0.10546875
3,256,1.65,uniform,28,0.109375
3,256,1.65,uniform,29,0.11328125
3,256,1.65,uniform,30,0.1171875
3,256,1.65,uniform,31,0.12109375
3,256,1.65,uniform,32,0.125
3,256,1.65,uniform,33,0.12890625
3,256,1.65,uniform,34,0.1328125
3,256,1.65,uniform,35,0.13671875
3,256,1.65,uniform,36,0.140625
3,256,1.65,uniform,37,0.14453125
3,256,1.65,uniform,38,0.1484375
3,256,1.65,uniform,39,0.15234375
3,256,1.65,uniform,40,0.15625
3,256,1.65,uniform,41,0.16015625
3,256,1.65,uniform,42,0.1640625
3,256,1.65,uniform,43,0.16796875
3,256,1.65,uniform,44,0.171875
3,256,1.65,uniform,45,0.17578125
3,256,1.65,uniform,46,0.1796875
3,256,1.65,uniform,47,0.18359375
3,256,1.65,uniform,48,0.1875
3,256,1.65,uniform,49,0.19140625
3,256,1.65,uniform,50,0.1953125
3,256,1.65,uniform,51,0.19921875
3,256,1.65,uniform,52,0.203125
3,256,1.65,uniform,53,0.20703125
3,256,1.65,uniform,54,0.2109375
3,256,1.65,uniform,55,0.21484375
3,256,1.65,uniform,56,0.21875
3,256,1.65,uniform,57,0.22265625
3,256,1.65,uniform,58,0.2265625
3,256,1.65,uniform,59,0.23046875
3,256,1.65,uniform,60,0.234375
3,256,1.65,uniform,61,0.23828125
3,256,1.65,uniform,62,0.2421875
3,256,1.65,uniform,63,0.24609375
3,256,1.65,uniform,64,0.25
3,256,1.65,uniform,65,0.25390625
3,256,1.65,uniform,66,0.2578125
3,256,1.65,uniform,67,0.26171875
3,256,1.65,uniform,68,0.265625
3,256,1.65,uniform,69,0.26953125
3,256,1.65,uniform,70,0.2734375
3,256,1.65,uniform,71,0.27734375
3,256,1.65,uniform,72,0.28125
3,256,1.65,uniform,73,0.28515625
3,256,1.65,uniform,74,0.2890625
3,256,1.65,uniform,75,0.29296875
3,256,1.65,uniform,76,0.296875
3,256,1.65,uniform,77,0.30078125
3,256,1.65,uniform,78,0.3046875
3,256,1.65,uniform,79,0.30859375
3,256,1.65,uniform,80,0.3125
3,256,1.65,uniform,81,0.31640625
3,256,1.65,uniform,82,0.3203125
3,256,1.65,uniform,83,0.32421875
3,256,1.65,uniform,84,0.328125
3,256,1.65,uniform,85,0.33203125
3,256,1.65,uniform,86,0.3359375
3,256,1.65,uniform,87,0.33984375
3,256,1.65,uniform,88,0.34375
3,256,1.65,uniform,89,0.34765625
3,256,1.65,uniform,90,0.3515625
3,256,1.65,uniform,91,0.35546875
3,256,1.65,uniform,92,0.359375
3,256,1.65,uniform,93,0.36328125
3,256,1.65,uniform,94,0.3671875
3,256,1.65,uniform,95,0.37109375
3,256,1.65,uniform,96,0.375
3,256,1.65,uniform,97,0.37890625
3,256,1.65,uniform,98,0.3828125
3,256,1.65,uniform,99,0.38671875
3,256,1.65,uniform,100,0.390625
3,256,1.65,uniform,101,0.39453125
3,256,1.65,uniform,102,0.3984375
3,256,1.65,uniform,103,0.40234375
3,256,1.65,uniform,104,0.40625
3,256,1.65,uniform,105,0.41015625
3,256,1.65,uniform,106,0.4140625
3,256,1.65,uniform,107,0.41796875
3,256,1.65,uniform,108,0.421875
3,256,1.65,uniform,109,0.42578125
3,256,1.65,uniform,110,0.4296875
3,256,1.65,uniform,111,0.43359375
3,256,1.65,uniform,112,0.4375
3,256,1.65,uniform,113,0.44140625
3,256,1.65,uniform,114,0.4453125
3,256,1.65,uniform,115,0.44921875
3,256,1.65,uniform,116,0.453125
3,256,1.65,uniform,117,0.45703125
3,256,1.65,uniform,118,0.4609375
3,256,1.65,uniform,119,0.46484375
3,256,1.65,uniform,120,0.46875
3,256,1.65,uniform,121,0.47265625
3,256,1.65,uniform,122,0.4765625
3,256,1.65,uniform,123,0.48046875
3,256,1.65,uniform,124,0.484375
3,256,1.65,uniform,125,0.48828125
3,256,1.65,uniform,126,0.4921875
3,256,1.65,uniform,127,0.49609375
3,256,1.65,uniform,128,0.5
3,256,1.65,uniform,129,0.50390625
3,256,1.65,uniform,130,0.5078125
3,256,1.65,uniform,131,0.51171875
3,256,1.65,uniform,132,0.515625
3,256,1.65,uniform,133,0.51953125
3,256,1.65,uniform,134,0.5234375
3,256,1.65,uniform,135,0.52734375
3,256,1.65,uniform,136,0.53125
3,256,1.65,uniform,137,0.53515625
3,256,1.65,uniform,138,0.5390625
3,256,1.65,uniform,139,0.54296875
3,256,1.65,uniform,140,0.546875
3,256,1.65,uniform,141,0.55078125
3,256,1.65,uniform,142,0.5546875
3,256,1.65,uniform,143,0.55859375
3,256,1.65,uniform,144,0.5625
3,256,1.65,uniform,145,0.56640625
3,256,1.65,uniform,146,0.5703125
3,256,1.65,uniform,147,0.57421875
3,256,1.65,uniform,148,0.578125
3,256,1.65,uniform,149,0.58203125
3,256,1.65,uniform,150,0.5859375
3,256,1.65,uniform,151,0.58984375
3,256,1.65,uniform,152,0.59375
3,256,1.65,uniform,153,0.59765625
3,256,1.65,uniform,154,0.6015625
3,256,1.65,uniform,155,0.60546875
3,256,1.65,uniform,156,0.609375
3,256,1.65,uniform,157,0.61328125
3,256,1.65,uniform,158,0.6171875
3,256,1.65,uniform,159,0.62109375
3,256,1.65,uniform,160,0.625
3,256,1.65,uniform,161,0.62890625
3,256,1.65,uniform,162,0.6328125
3,256,1.65,uniform,163,0.63671875
3,256,1.65,uniform,164,0.640625
3,256,1.65,uniform,165,0.64453125
3,256,1.65,uniform,166,0.6484375
3,256,1.65,uniform,167,0.65234375
3,256,1.65,uniform,168,0.65625
3,256,1.65,uniform,169,0.66015625
3,256,1.65,uniform,170,0.6640625
3,256,1.65,uniform,171,0.66796875
3,256,1.65,uniform,172,0.671875
3,256,1.65,uniform,173,0.67578125
3,256,1.65,uniform,174,0.6796875
3,256,1.65,uniform,175,0.68359375
3,256,1.65,uniform,176,0.6875
3,256,1.65,uniform,177,0.69140625
3,256,1.65,uniform,178,0.6953125
3,256,1.65,uniform,179,0.69921875
3,256,1.65,uniform,180,0.703125
3,256,1.65,uniform,181,0.70703125
3,256,1.65,uniform,182,0.7109375
3,256,1.65,uniform,183,0.71484375
3,256,1.65,uniform,184,0.71875
3,256,1.65,uniform,185,0.72265625
3,256,1.65,uniform,186,0.7265625
3,256,1.65,uniform,187,0.73046875
3,256,1.65,uniform,188,0.734375
3,256,1.65,uniform,189,0.73828125
3,256,1.65,uniform,190,0.7421875
3,256,1.65,uniform,191,0.74609375
3,256,1.65,uniform,192,0.75
3,256,1.65,uniform,193,0.75390625
3,256,1.65,uniform,194,0.7578125
3,256,1.65,uniform,195,0.76171875
3,256,1.65,uniform,196,0.765625
3,256,1.65,uniform,197,0.76953125
3,256,1.65,uniform,198,0.7734375
3,256,1.65,uniform,199,0.77734375
3,256,1.65,uniform,200,0.78125
3,256,1.65,uniform,201,0.78515625
3,256,1.65,uniform,202,0.7890625
3,256,1.65,uniform,203,0.79296875
3,256,1.65,uniform,204,0.796875
3,256,1.65,uniform,205,0.80078125
3,256,1.65,uniform,206,0.8046875
3,256,1.65,uniform,207,0.80859375
3,256,1.65,uniform,208,0.8125
3,256,1.65,uniform,209,0.81640625
3,256,1.65,uniform,210,0.8203125
3,256,1.65,uniform,211,0.82421875
3,256,1.65,uniform,212,0.828125
3,256,1.65,uniform,213,0.83203125
3,256,1.65,uniform,214,0.8359375
3,256,1.65,uniform,215,0.83984375
3,256,1.65,uniform,216,0.84375
3,256,1.65,uniform,217,0.84765625
3,256,1.65,uniform,218,0.8515625
3,256,1.65,uniform,219,0.85546875
3,256,1.65,uniform,220,0.859375
3,256,1.65,uniform,221,0.86328125
3,256,1.65,uniform,222,0.8671875
3,256,1.65,uniform,223,0.87109375
3,256,1.65,uniform,224,0.875
3,256,1.65,uniform,225,0.87890625
3,256,1.65,uniform,226,0.8828125
3,256,1.65,uniform,227,0.88671875
3,256,1.65,uniform,228,0.890625
3,256,1.65,uniform,229,0.89453125
3,256,1.65,uniform,230,0.8984375
3,256,1.65,uniform,231,0.90234375
3,256,1.65,uniform,232,0.90625
3,256,1.65,uniform,233,0.91015625
3,256,1.65,uniform,234,0.9140625
3,256,1.65,uniform,235,0.91796875
3,256,1.65,uniform,236,0.921875
3,256,1.65,uniform,237,0.92578125
3,256,1.65,uniform,238,0.9296875
3,256,1.65,uniform,239,0.93359375
3,256,1.65,uniform,240,0.9375
3,256,1.65,uniform,241,0.94140625
3,256,1.65,uniform,242,0.9453125
3,256,1.65,uniform,243,0.94921875
3,256,1.65,uniform,244,0.953125
3,256,1.65,uniform,245,0.95703125
3,256,1.65,uniform,246,0.9609375
3,256,1.65,uniform,247,0.96484375
3,256,1.65,uniform,248,0.96875
3,256,1.65,uniform,249,0.97265625
3,256,1.65,uniform,250,0.9765625
3,256,1.65,uniform,251,0.98046875
3,256,1.65,uniform,252,0.984375
3,256,1.65,uniform,253,0.98828125
3,256,1.65,uniform,254,0.9921875
3,256,1.65,uniform,255,0.99609375
3,256,1.65,uniform,256,1.0
3,256,1.65,positional,0,0.0
3,256,1.65,positional,1,7.661632722878233e-07
3,256,1.65,positional,2,1.532871303864429e-06
3,256,1.65,positional,3,2.3009126847519786e-06
3,256,1.65,positional,4,3.0722364328362494e-06
3,256,1.65,positional,5,3.852252092090641e-06
3,256,1.65,positional,6,4.657103118806047e-06
3,256,1.65,positional,7,5.5328839844010205e-06
3,256,1.65,positional,8,6.590275326507673e-06
3,256,1.65,positional,9,8.04181382285941e-06
3,256,1.65,positional,10,1.0219908048211527e-05
3,256,1.65,positional,11,1.3557000487291823e-05
3,256,1.65,positional,12,1.853040517948978e-05
3,256,1.65,positional,13,2.5604576834227784e-05
3,256,1.65,positional,14,3.5199400155251856e-05
3,256,1.65,positional,15,4.768632593815988e-05
3,256,1.65,positional,16,6.339971525347484e-05
3,256,1.65,positional,17,8.265189855983759e-05
3,256,1.65,positional,18,0.00010574614944438281
3,256,1.65,positional,19,0.00013298593378367483
3,256,1.65,positional,20,0.00016468071039634738
3,256,1.65,positional,21,0.00020114911901529653
3,256,1.65,positional,22,0.00024272037608403683
3,256,1.65,positional,23,0.00028973451557469496
3,256,1.65,positional,24,0.00034254192256950394
3,256,1.65,positional,25,0.00040150245853369537
3,256,1.65,positional,26,0.0004669843723136662
3,256,1.65,positional,27,0.0005393631207704877
3,256,1.65,positional,28,0.0006190201773467183
3,256,1.65,positional,29,0.0007063418775901084
3,256,1.65,positional,30,0.0008017183319506893
3,256,1.65,positional,31,0.0009055424241793972
3,256,1.65,positional,32,0.0010182089058950747
3,256,1.65,positional,33,0.001140113592765877
3,256,1.65,positional,34,0.0012716526642719914
3,256,1.65,positional,35,0.0014132220665571472
3,256,1.65,positional,36,0.0015652170160549471
3,256,1.65,positional,37,0.0017280316001636543
3,256,1.65,positional,38,0.0019020584701071683
3,256,1.65,positional,39,0.0020876886201880865
3,256,1.65,positional,40,0.0022853112468747645
3,256,1.65,positional,41,0.002495313680552746
3,256,1.65,positional,42,0.0027180813823069797
3,256,1.65,positional,43,0.0029539979977841386
3,256,1.65,positional,44,0.003203445460013512
3,256,1.65,positional,45,0.0034668041330376117
3,256,1.65,positional,46,0.003744452988313927
3,256,1.65,positional,47,0.00403676980608794
3,256,1.65,positional,48,0.004344131394292143
3,256,1.65,positional,49,0.004666913817981608
3,256,1.65,positional,50,0.005005492632856934
3,256,1.65,positional,51,0.005360243117032601
3,256,1.65,positional,52,0.0057315404958650455
3,256,1.65,positional,53,0.00611976015534266
3,256,1.65,positional,54,0.006525277840242951
3,256,1.65,positional,55,0.006948469833965038
3,256,1.65,positional,56,0.007389713117634965
3,256,1.65,positional,57,0.007849385506745197
3,256,1.65,positional,58,0.008327865764218158
3,256,1.65,positional,59,0.008825533689368822
3,256,1.65,positional,60,0.009342770182776794
3,256,1.65,positional,61,0.009879957287559613
3,256,1.65,positional,62,0.010437478207963155
3,256,1.65,positional,63,0.011015717306550456
3,256,1.65,positional,64,0.011615060081576842
3,256,1.65,positional,65,0.012235893126387652
3,256,1.65,positional,66,0.012878604072867037
3,256,1.65,positional,67,0.013543581521104698
3,256,1.65,positional,68,0.01423121495753532
3,256,1.65,positional,69,0.014941894663846675
3,256,1.65,positional,70,0.015676011618950707
3,256,1.65,positional,71,0.01643395739627219
3,256,1.65,positional,72,0.017216124058535894
3,256,1.65,positional,73,0.0180229040521304
3,256,1.65,positional,74,0.018854690102999432
3,256,1.65,positional,75,0.01971187511586402
3,256,1.65,positional,76,0.020594852078415687
3,256,1.65,positional,77,0.021504013971945863
3,256,1.65,positional,78,0.0224397536896941
3,256,1.65,positional,79,0.02340246396401081
3,256,1.65,positional,80,0.024392537303242277
3,256,1.65,positional,81,0.025410365939059792
3,256,1.65,positional,82,0.02645634178477337
3,256,1.65,positional,83,0.027530856404995575
3,256,1.65,positional,84,0.028634300996854968
3,256,1.65,positional,85,0.029767066382802385
3,256,1.65,positional,86,0.03092954301490843
3,256,1.65,positional,87,0.03212212099041774
3,256,1.65,positional,88,0.033345190078205494
3,256,1.65,positional,89,0.034599139755674566
3,256,1.65,positional,90,0.035884359255537804
3,256,1.65,positional,91,0.03720123762184892
3,256,1.65,positional,92,0.03855016377457721
3,256,1.65,positional,93,0.039931526581965394
3,256,1.65,positional,94,0.04134571493986533
3,256,1.65,positional,95,0.04279311785721321
3,256,1.65,positional,96,0.04427412454678259
3,256,1.65,positional,97,0.04578912452034009
3,256,1.65,positional,98,0.04733850768732343
3,256,1.65,positional,99,0.04892266445616447
3,256,1.65,positional,100,0.05054198583738968
3,256,1.65,positional,101,0.0521968635476463
3,256,1.65,positional,102,0.053887690113824036
3,256,1.65,positional,103,0.05561485897646809
3,256,1.65,positional,104,0.0573787645917094
3,256,1.65,positional,105,0.059179802530971375
3,256,1.65,positional,106,0.06101836957774854
3,256,1.65,positional,107,0.06289486382079097
3,256,1.65,positional,108,0.0648096847430686
3,256,1.65,positional,109,0.06676323330593087
3,256,1.65,positional,110,0.06875591202792002
3,256,1.65,positional,111,0.07078812505773927
3,256,1.65,positional,112,0.07286027824092087
3,256,1.65,positional,113,0.07497277917978301
3,256,1.65,positional,114,0.07712603728630801
3,256,1.65,positional,115,0.0793204638276182
3,256,1.65,positional,116,0.08155647196376924
3,256,1.65,positional,117,0.08383447677762323
3,256,1.65,positional,118,0.08615489529660704
3,256,1.65,positional,119,0.08851814650620232
3,256,1.65,positional,120,0.09092465135505587
3,256,1.65,positional,121,0.09337483275163865
3,256,1.65,positional,122,0.09586911555242211
3,256,1.65,positional,123,0.09840792654157939
3,256,1.65,positional,124,0.10099169440225635
3,256,1.65,positional,125,0.10362084967949588
3,256,1.65,positional,126,0.10629582473493351
3,256,1.65,positional,127,0.10901705369341869
3,256,1.65,positional,128,0.11178497238174934
3,256,1.65,positional,129,0.11460001825974028
3,256,1.65,positional,130,0.11746263034387754
3,256,1.65,positional,131,0.12037324912384045
3,256,1.65,positional,132,0.12333231647220233
3,256,1.65,positional,133,0.12634027554764699
3,256,1.65,positional,134,0.12939757069206442
3,256,1.65,positional,135,0.1325046473219118
3,256,1.65,positional,136,0.13566195181424837
3,256,1.65,positional,137,0.1388699313878718
3,256,1.65,positional,138,0.14212903398000262
3,256,1.65,positional,139,0.14543970811897755
3,256,1.65,positional,140,0.14880240279342738
3,256,1.65,positional,141,0.15221756731842556
3,256,1.65,positional,142,0.1556856511991036
3,256,1.65,positional,143,0.15920710399223512
3,256,1.65,positional,144,0.16278237516629593
3,256,1.65,positional,145,0.16641191396050917
3,256,1.65,positional,146,0.17009616924338433
3,256,1.65,positional,147,0.1738355893712573
3,256,1.65,positional,148,0.17763062204733268
3,256,1.65,positional,149,0.18148171418172424
3,256,1.65,positional,150,0.18538931175297904
3,256,1.65,positional,151,0.18935385967156051
3,256,1.65,positional,152,0.1933758016457526
3,256,1.65,positional,153,0.19745558005043176
3,256,1.65,positional,154,0.20159363579913742
3,256,1.65,positional,155,0.20579040821985278
3,256,1.65,positional,156,0.21004633493488864
3,256,1.65,positional,157,0.21436185174524053
3,256,1.65,positional,158,0.21873739251976854
3,256,1.65,positional,159,0.22317338908952453
3,256,1.65,positional,160,0.22767027114752747
3,256,1.65,positional,161,0.23222846615426257
3,256,1.65,positional,162,0.2368483992491538
3,256,1.65,positional,163,0.24153049316823333
3,256,1.65,positional,164,0.24627516816820502
3,256,1.65,positional,165,0.25108284195707187
3,256,1.65,positional,166,0.25595392963147157
3,256,1.65,positional,167,0.2608888436208365
3,256,1.65,positional,168,0.26588799363846993
3,256,1.65,positional,169,0.2709517866396028
3,256,1.65,positional,170,0.27608062678647044
3,256,1.65,positional,171,0.28127491542042554
3,256,1.65,positional,172,0.28653505104107685
3,256,1.65,positional,173,0.2918614292924231
3,256,1.65,positional,174,0.2972544429559269
3,256,1.65,positional,175,0.30271448195045425
3,256,1.65,positional,176,0.3082419333389838
3,256,1.65,positional,177,0.31383718134197175
3,256,1.65,positional,178,0.31950060735724034
3,256,1.65,positional,179,0.3252325899862417
3,256,1.65,positional,180,0.33103350506653223
3,256,1.65,positional,181,0.33690372571028043
3,256,1.65,positional,182,0.3428436223486167
3,256,1.65,positional,183,0.348853562781623
3,256,1.65,positional,184,0.35493391223374937
3,256,1.65,positional,185,0.3610850334144359
3,256,1.65,positional,186,0.3673072865837096
3,256,1.65,positional,187,0.37360102962252145
3,256,1.65,positional,188,0.3799666181075798
3,256,1.65,positional,189,0.3864044053904358
3,256,1.65,positional,190,0.3929147426805699
3,256,1.65,positional,191,0.39949797913222884
3,256,1.65,positional,192,0.40615446193475946
3,256,1.65,positional,193,0.4128845364061864
3,256,1.65,positional,194,0.4196885460897808
3,256,1.65,positional,195,0.42656683285336894
3,256,1.65,positional,196,0.4335197369911316
3,256,1.65,positional,197,0.44054759732764814
3,256,1.65,positional,198,0.44765075132394244
3,256,1.65,positional,199,0.45482953518529295
3,256,1.65,positional,200,0.46208428397057266
3,256,1.65,positional,201,0.46941533170289096
3,256,1.65,positional,202,0.476823011481315
3,256,1.65,positional,203,0.48430765559345385
3,256,1.65,positional,204,0.4918695956286953
3,256,1.65,positional,205,0.49950916259189304
3,256,1.65,positional,206,0.5072266870173064
3,256,1.65,positional,207,0.5150224990826054
3,256,1.65,positional,208,0.5228969287227583
3,256,1.65,positional,209,0.5308503057436286
3,256,1.65,positional,210,0.5388829599351141
3,256,1.65,positional,211,0.5469952211836704
3,256,1.65,positional,212,0.5551874195840661
3,256,1.65,positional,213,0.5634598855502287
3,256,1.65,positional,214,0.5718129499250433
3,256,1.65,positional,215,0.5802469440889767
3,256,1.65,positional,216,0.5887622000674072
3,256,1.65,positional,217,0.5973590506365443
3,256,1.65,positional,218,0.6060378294278354
3,256,1.65,positional,219,0.6147988710307581
3,256,1.65,positional,220,0.6236425110939071
3,256,1.65,positional,221,0.6325690864242898
3,256,1.65,positional,222,0.6415789350847527
3,256,1.65,positional,223,0.6506723964894664
3,256,1.65,positional,224,0.6598498114974007
3,256,1.65,positional,225,0.669111522503734
3,256,1.65,positional,226,0.6784578735291369
3,256,1.65,positional,227,0.6878892103068867
3,256,1.65,positional,228,0.6974058803677645
3,256,1.65,positional,229,0.7070082331227004
3,256,1.65,positional,230,0.7166966199431282
3,256,1.65,positional,231,0.7264713942390251
3,256,1.65,positional,232,0.7363329115346099
3,256,1.65,positional,233,0.7462815295416776
3,256,1.65,positional,234,0.7563176082305564
3,256,1.65,positional,235,0.7664415098986722
3,256,1.65,positional,236,0.7766535992367125
3,256,1.65,positional,237,0.7869542433923833
3,256,1.65,positional,238,0.7973438120317552
3,256,1.65,positional,239,0.8078226773982006
3,256,1.65,positional,240,0.8183912143689229
3,256,1.65,positional,241,0.8290498005090843
3,256,1.65,positional,242,0.8397988161235386
3,256,1.65,positional,243,0.8506386443061807
3,256,1.65,positional,244,0.8615696709869233
3,256,1.65,positional,245,0.8725922849763136
3,256,1.65,positional,246,0.8837068780078096
3,256,1.65,positional,247,0.894913844777728
3,256,1.65,positional,248,0.9062135829828859
3,256,1.65,positional,249,0.9176064933559547
3,256,1.65,positional,250,0.9290929796985474
3,256,1.65,positional,251,0.9406734489120618
3,256,1.65,positional,252,0.9523483110263025
3,256,1.65,positional,253,0.9641179792259049
3,256,1.65,positional,254,0.9759828698745883
3,256,1.65,positional,255,0.9879434025372601
3,256,1.65,positional,256,1.0
3,256,1.75,uniform,0,0.0
3,256,1.75,uniform,1,0.00390625
3,256,1.75,uniform,2,0.0078125
3,256,1.75,uniform,3,0.01171875
3,256,1.75,uniform,4,0.015625
3,256,1.75,uniform,5,0.01953125
3,256,1.75,uniform,6,0.0234375
3,256,1.75,uniform,7,0.02734375
3,256,1.75,uniform,8,0.03125
3,256,1.75,uniform,9,0.03515625
3,256,1.75,uniform,10,0.0390625
3,256,1.75,uniform,11,0.04296875
3,256,1.75,uniform,12,0.046875
3,256,1.75,uniform,13,0.05078125
3,256,1.75,uniform,14,0.0546875
3,256,1.75,uniform,15,0.05859375
3,256,1.75,uniform,16,0.0625
3,256,1.75,uniform,17,0.06640625
3,256,1.75,uniform,18,0.0703125
3,256,1.75,uniform,19,0.07421875
3,256,1.75,uniform,20,0.078125
3,256,1.75,uniform,21,0.08203125
3,256,1.75,uniform,22,0.0859375
3,256,1.75,uniform,23,0.08984375
3,256,1.75,uniform,24,0.09375
3,256,1.75,uniform,25,0.09765625
3,256,1.75,uniform,26,0.1015625
3,256,1.75,uniform,27,0.10546875
3,256,1.75,uniform,28,0.109375
3,256,1.75,uniform,29,0.11328125
3,256,1.75,uniform,30,0.1171875
3,256,1.75,uniform,31,0.12109375
3,256,1.75,uniform,32,0.125
3,256,1.75,uniform,33,0.12890625
3,256,1.75,uniform,34,0.1328125
3,256,1.75,uniform,35,0.13671875
3,256,1.75,uniform,36,0.140625
3,256,1.75,uniform,37,0.14453125
3,256,1.75,uniform,38,0.1484375
3,256,1.75,uniform,39,0.15234375
3,256,1.75,uniform,40,0.15625
3,256,1.75,uniform,41,0.16015625
3,256,1.75,uniform,42,0.1640625
3,256,1.75,uniform,43,0.16796875
3,256,1.75,uniform,44,0.171875
3,256,1.75,uniform,45,0.17578125
3,256,1.75,uniform,46,0.1796875
3,256,1.75,uniform,47,0.18359375
3,256,1.75,uniform,48,0.1875
3,256,1.75,uniform,49,0.19140625
3,256,1.75,uniform,50,0.1953125
3,256,1.75,uniform,51,0.19921875
3,256,1.75,uniform,52,0.203125
3,256,1.75,uniform,53,0.20703125
3,256,1.75,uniform,54,0.2109375
3,256,1.75,uniform,55,0.21484375
3,256,1.75,uniform,56,0.21875
3,256,1.75,uniform,57,0.22265625
3,256,1.75,uniform,58,0.2265625
3,256,1.75,uniform,59,0.23046875
3,256,1.75,uniform,60,0.234375
3,256,1.75,uniform,61,0.23828125
3,256,1.75,uniform,62,0.2421875
3,256,1.75,uniform,63,0.24609375
3,256,1.75,uniform,64,0.25
3,256,1.75,uniform,65,0.25390625
3,256,1.75,uniform,66,0.2578125
3,256,1.75,uniform,67,0.26171875
3,256,1.75,uniform,68,0.265625
3,256,1.75,uniform,69,0.26953125
3,256,1.75,uniform,70,0.2734375
3,256,1.75,uniform,71,0.27734375
3,256,1.75,uniform,72,0.28125
3,256,1.75,uniform,73,0.28515625
3,256,1.75,uniform,74,0.2890625
3,256,1.75,uniform,75,0.29296875
3,256,1.75,uniform,76,0.296875
3,256,1.75,uniform,77,0.30078125
3,256,1.75,uniform,78,0.3046875
3,256,1.75,uniform,79,0.30859375
3,256,1.75,uniform,80,0.3125
3,256,1.75,uniform,81,0.31640625
3,256,1.75,uniform,82,0.3203125
3,256,1.75,uniform,83,0.32421875
3,256,1.75,uniform,84,0.328125
3,256,1.75,uniform,85,0.33203125
3,256,1.75,uniform,86,0.3359375
3,256,1.75,uniform,87,0.33984375
3,256,1.75,uniform,88,0.34375
3,256,1.75,uniform,89,0.34765625
3,256,1.75,uniform,90,0.3515625
3,256,1.75,uniform,91,0.35546875
3,256,1.75,uniform,92,0.359375
3,256,1.75,uniform,93,0.36328125
3,256,1.75,uniform,94,0.3671875
3,256,1.75,uniform,95,0.37109375
3,256,1.75,uniform,96,0.375
3,256,1.75,uniform,97,0.37890625
3,256,1.75,uniform,98,0.3828125
3,256,1.75,uniform,99,0.38671875
3,256,1.75,uniform,100,0.390625
3,256,1.75,uniform,101,0.39453125
3,256,1.75,uniform,102,0.3984375
3,256,1.75,uniform,103,0.40234375
3,256,1.75,uniform,104,0.40625
3,256,1.75,uniform,105,0.41015625
3,256,1.75,uniform,106,0.4140625
3,256,1.75,uniform,107,0.41796875
3,256,1.75,uniform,108,0.421875
3,256,1.75,uniform,109,0.42578125
3,256,1.75,uniform,110,0.4296875
3,256,1.75,uniform,111,0.43359375
3,256,1.75,uniform,112,0.4375
3,256,1.75,uniform,113,0.44140625
3,256,1.75,uniform,114,0.4453125
3,256,1.75,uniform,115,0.44921875
3,256,1.75,uniform,116,0.453125
3,256,1.75,uniform,117,0.45703125
3,256,1.75,uniform,118,0.4609375
3,256,1.75,uniform,119,0.46484375
3,256,1.75,uniform,120,0.46875
3,256,1.75,uniform,121,0.47265625
3,256,1.75,uniform,122,0.4765625
3,256,1.75,uniform,123,0.48046875
3,256,1.75,uniform,124,0.484375
3,256,1.75,uniform,125,0.48828125
3,256,1.75,uniform,126,0.4921875
3,256,1.75,uniform,127,0.49609375
3,256,1.75,uniform,128,0.5
3,256,1.75,uniform,129,0.50390625
3,256,1.75,uniform,130,0.5078125
3,256,1.75,uniform,131,0.51171875
3,256,1.75,uniform,132,0.515625
3,256,1.75,uniform,133,0.51953125
3,256,1.75,uniform,134,0.5234375
3,256,1.75,uniform,135,0.52734375
3,256,1.75,uniform,136,0.53125
3,256,1.75,uniform,137,0.53515625
3,256,1.75,uniform,138,0.5390625
3,256,1.75,uniform,139,0.54296875
3,256,1.75,uniform,140,0.546875
3,256,1.75,uniform,141,0.55078125
3,256,1.75,uniform,142,0.5546875
3,256,1.75,uniform,143,0.55859375
3,256,1.75,uniform,144,0.5625
3,256,1.75,uniform,145,0.56640625
3,256,1.75,uniform,146,0.5703125
3,256,1.75,uniform,147,0.57421875
3,256,1.75,uniform,148,0.578125
3,256,1.75,uniform,149,0.58203125
3,256,1.75,uniform,150,0.5859375
3,256,1.75,uniform,151,0.58984375
3,256,1.75,uniform,152,0.59375
3,256,1.75,uniform,153,0.59765625
3,256,1.75,uniform,154,0.6015625
3,256,1.75,uniform,155,0.60546875
3,256,1.75,uniform,156,0.609375
3,256,1.75,uniform,157,0.61328125
3,256,1.75,uniform,158,0.6171875
3,256,1.75,uniform,159,0.62109375
3,256,1.75,uniform,160,0.625
3,256,1.75,uniform,161,0.62890625
3,256,1.75,uniform,162,0.6328125
3,256,1.75,uniform,163,0.63671875
3,256,1.75,uniform,164,0.640625
3,256,1.75,uniform,165,0.64453125
3,256,1.75,uniform,166,0.6484375
3,256,1.75,uniform,167,0.65234375
3,256,1.75,uniform,168,0.65625
3,256,1.75,uniform,169,0.66015625
3,256,1.75,uniform,170,0.6640625
3,256,1.75,uniform,171,0.66796875
3,256,1.75,uniform,172,0.671875
3,256,1.75,uniform,173,0.67578125
3,256,1.75,uniform,174,0.6796875
3,256,1.75,uniform,175,0.68359375
3,256,1.75,uniform,176,0.6875
3,256,1.75,uniform,177,0.69140625
3,256,1.75,uniform,178,0.6953125
3,256,1.75,uniform,179,0.69921875
3,256,1.75,uniform,180,0.703125
3,256,1.75,uniform,181,0.70703125
3,256,1.75,uniform,182,0.7109375
3,256,1.75,uniform,183,0.71484375
3,256,1.75,uniform,184,0.71875
3,256,1.75,uniform,185,0.72265625
3,256,1.75,uniform,186,0.7265625
3,256,1.75,uniform,187,0.73046875
3,256,1.75,uniform,188,0.734375
3,256,1.75,uniform,189,0.73828125
3,256,1.75,uniform,190,0.7421875
3,256,1.75,uniform,191,0.74609375
3,256,1.75,uniform,192,0.75
3,256,1.75,uniform,193,0.75390625
3,256,1.75,uniform,194,0.7578125
3,256,1.75,uniform,195,0.76171875
3,256,1.75,uniform,196,0.765625
3,256,1.75,uniform,197,0.76953125
3,256,1.75,uniform,198,0.7734375
3,256,1.75,uniform,199,0.77734375
3,256,1.75,uniform,200,0.78125
3,256,1.75,uniform,201,0.78515625
3,256,1.75,uniform,202,0.7890625
3,256,1.75,uniform,203,0.79296875
3,256,1.75,uniform,204,0.796875
3,256,1.75,uniform,205,0.80078125
3,256,1.75,uniform,206,0.8046875
3,256,1.75,uniform,207,0.80859375
3,256,1.75,uniform,208,0.8125
3,256,1.75,uniform,209,0.81640625
3,256,1.75,uniform,210,0.8203125
3,256,1.75,uniform,211,0.82421875
3,256,1.75,uniform,212,0.828125
3,256,1.75,uniform,213,0.83203125
3,256,1.75,uniform,214,0.8359375
3,256,1.75,uniform,215,0.83984375
3,256,1.75,uniform,216,0.84375
3,256,1.75,uniform,217,0.84765625
3,256,1.75,uniform,218,0.8515625
3,256,1.75,uniform,219,0.85546875
3,256,1.75,uniform,220,0.859375
3,256,1.75,uniform,221,0.86328125
3,256,1.75,uniform,222,0.8671875
3,256,1.75,uniform,223,0.87109375
3,256,1.75,uniform,224,0.875
3,256,1.75,uniform,225,0.87890625
3,256,1.75,uniform,226,0.8828125
3,256,1.75,uniform,227,0.88671875
3,256,1.75,uniform,228,0.890625
3,256,1.75,uniform,229,0.89453125
3,256,1.75,uniform,230,0.8984375
3,256,1.75,uniform,231,0.90234375
3,256,1.75,uniform,232,0.90625
3,256,1.75,uniform,233,0.91015625
3,256,1.75,uniform,234,0.9140625
3,256,1.75,uniform,235,0.91796875
3,256,1.75,uniform,236,0.921875
3,256,1.75,uniform,237,0.92578125
3,256,1.75,uniform,238,0.9296875
3,256,1.75,uniform,239,0.93359375
3,256,1.75,uniform,240,0.9375
3,256,1.75,uniform,241,0.94140625
3,256,1.75,uniform,242,0.9453125
3,256,1.75,uniform,243,0.94921875
3,256,1.75,uniform,244,0.953125
3,256,1.75,uniform,245,0.95703125
3,256,1.75,uniform,246,0.9609375
3,256,1.75,uniform,247,0.96484375
3,256,1.75,uniform,248,0.96875
3,256,1.75,uniform,249,0.97265625
3,256,1.75,uniform,250,0.9765625
3,256,1.75,uniform,251,0.98046875
3,256,1.75,uniform,252,0.984375
3,256,1.75,uniform,253,0.98828125
3,256,1.75,uniform,254,0.9921875
3,256,1.75,uniform,255,0.99609375
3,256,1.75,uniform,256,1.0
3,256,1.75,positional,0,0.0
3,256,1.75,positional,1,1.0125435120723285e-06
3,256,1.75,positional,2,2.0265092985702332e-06
3,256,1.75,positional,3,3.0447394431367e-06
3,256,1.75,positional,4,4.0769784996574154e-06
3,256,1.75,positional,5,5.16042945098007e-06
3,256,1.75,positional,6,6.423016975802033e-06
3,256,1.75,positional,7,8.191149647599524e-06
3,256,1.75,positional,8,1.106522911362391e-05
3,256,1.75,positional,9,1.587013336086631e-05
3,256,1.75,positional,10,2.348516045064767e-05
3,256,1.75,positional,11,3.4692309770319346e-05
3,256,1.75,positional,12,5.013137556267865e-05
3,256,1.75,positional,13,7.032890735366507e-05
3,256,1.75,positional,14,9.574482578537698e-05
3,256,1.75,positional,15,0.000126809520069778
3,256,1.75,positional,16,0.0001639466485170559
3,256,1.75,positional,17,0.00020758483362354088
3,256,1.75,positional,18,0.0002581623630066728
3,256,1.75,positional,19,0.000316127959882343
3,256,1.75,positional,20,0.00038193954680708353
3,256,1.75,positional,21,0.0004560621163201045
3,256,1.75,positional,22,0.0005389653213699159
3,256,1.75,positional,23,0.000631121107615531
3,256,1.75,positional,24,0.0007330015462447285
3,256,1.75,positional,25,0.0008450769360580737
3,256,1.75,positional,26,0.000967814195209314
3,256,1.75,positional,27,0.0011016755378197198
3,256,1.75,positional,28,0.0012471174183290449
3,256,1.75,positional,29,0.0014045897210733587
3,256,1.75,positional,30,0.0015745351709065057
3,256,1.75,positional,31,0.0017573889408670496
3,256,1.75,positional,32,0.001953578433919618
3,256,1.75,positional,33,0.0021635232171260655
3,256,1.75,positional,34,0.002387635087958878
3,256,1.75,positional,35,0.002626318253743833
3,256,1.75,positional,36,0.0028799696063835996
3,256,1.75,positional,37,0.0031489790755846866
3,256,1.75,positional,38,0.0034337300448203153
3,256,1.75,positional,39,0.0037345998152477477
3,256,1.75,positional,40,0.004051960103791424
3,256,1.75,positional,41,0.004386177562624949
3,256,1.75,positional,42,0.00473761430834773
3,256,1.75,positional,43,0.005106628450258609
3,256,1.75,positional,44,0.005493574608274395
3,256,1.75,positional,45,0.0058988044122149615
3,256,1.75,positional,46,0.006322666975363988
3,256,1.75,positional,47,0.006765509336398776
3,256,1.75,positional,48,0.007227676864946723
3,256,1.75,positional,49,0.007709513627153079
3,256,1.75,positional,50,0.008211362708719612
3,256,1.75,positional,51,0.008733566493883288
3,256,1.75,positional,52,0.009276466899737355
3,256,1.75,positional,53,0.009840405566145894
3,256,1.75,positional,54,0.010425724002260894
3,256,1.75,positional,55,0.011032763691314862
3,256,1.75,positional,56,0.011661866155930314
3,256,1.75,positional,57,0.012313372986660517
3,256,1.75,positional,58,0.012987625836856103
3,256,1.75,positional,59,0.013684966387242564
3,256,1.75,positional,60,0.014405736283799483
3,256,1.75,positional,61,0.015150277052658595
3,256,1.75,positional,62,0.015918929995791174
3,256,1.75,positional,63,0.01671203607124241
3,256,1.75,positional,64,0.01752993576159837
3,256,1.75,positional,65,0.018372968934247436
3,256,1.75,positional,66,0.019241474696829776
3,256,1.75,positional,67,0.020135791251063035
3,256,1.75,positional,68,0.021056255747896692
3,256,1.75,positional,69,0.022003204146688663
3,256,1.75,positional,70,0.02297697108082174
3,256,1.75,positional,71,0.023977889731890627
3,256,1.75,positional,72,0.025006291714298128
3,256,1.75,positional,73,0.026062506971806433
3,256,1.75,positional,74,0.02714686368730089
3,256,1.75,positional,75,0.028259688206743395
3,256,1.75,positional,76,0.029401304978023412
3,256,1.75,positional,77,0.03057203650516009
3,256,1.75,positional,78,0.031772203318070666
3,256,1.75,positional,79,0.03300212395790069
3,256,1.75,positional,80,0.034262114977711464
3,256,1.75,positional,81,0.035552490958140184
3,256,1.75,positional,82,0.03687356453748982
3,256,1.75,positional,83,0.03822564645556745
3,256,1.75,positional,84,0.03960904561047268
3,256,1.75,positional,85,0.04102406912744057
3,256,1.75,positional,86,0.0424710224387651
3,256,1.75,positional,87,0.04395020937376969
3,256,1.75,positional,88,0.04546193225774813
3,256,1.75,positional,89,0.04700649201877212
3,256,1.75,positional,90,0.048584188301248936
3,256,1.75,positional,91,0.05019531958511254
3,256,1.75,positional,92,0.05184018330954312
3,256,1.75,positional,93,0.05351907600013156
3,256,1.75,positional,94,0.05523229339843561
3,256,1.75,positional,95,0.056980130592911946
3,256,1.75,positional,96,0.05876288215025199
3,256,1.75,positional,97,0.060580842246197905
3,256,1.75,positional,98,0.062434304794967074
3,256,1.75,positional,99,0.06432356357646878
3,256,1.75,positional,100,0.06624891236055327
3,256,1.75,positional,101,0.06821064502759176
3,256,1.75,positional,102,0.07020905568474348
3,256,1.75,positional,103,0.07224443877732495
3,256,1.75,positional,104,0.07431708919475302
3,256,1.75,positional,105,0.0764273023705899
3,256,1.75,positional,106,0.07857537437627286
3,256,1.75,positional,107,0.08076160200816435
3,256,1.75,positional,108,0.08298628286760859
3,256,1.75,positional,109,0.08524971543373057
3,256,1.75,positional,110,0.08755219912875867
3,256,1.75,positional,111,0.08989403437569769
3,256,1.75,positional,112,0.09227552264822045
3,256,1.75,positional,113,0.09469696651268651
3,256,1.75,positional,114,0.0971586696622341
3,256,1.75,positional,115,0.09966093694292742
3,256,1.75,positional,116,0.10220407437197518
3,256,1.75,positional,117,0.104788389148068
3,256,1.75,positional,118,0.10741418965391264
3,256,1.75,positional,119,0.1100817854510697
3,256,1.75,positional,120,0.11279148726722789
3,256,1.75,positional,121,0.11554360697607391
3,256,1.75,positional,122,0.11833845756994088
3,256,1.75,positional,123,0.12117635312544076
3,256,1.75,positional,124,0.12405760876230817
3,256,1.75,positional,125,0.12698254059570296
3,256,1.75,positional,126,0.12995146568223795
3,256,1.75,positional,127,0.13296470196001675
3,256,1.75,positional,128,0.1360225681829827
3,256,1.75,positional,129,0.1391253838498962
3,256,1.75,positional,130,0.14227346912827238
3,256,1.75,positional,131,0.14546714477362394
3,256,1.75,positional,132,0.14870673204436685
3,256,1.75,positional,133,0.15199255261275743
3,256,1.75,positional,134,0.15532492847223922
3,256,1.75,positional,135,0.15870418184158672
3,256,1.75,positional,136,0.16213063506623976
3,256,1.75,positional,137,0.16560461051722952
3,256,1.75,positional,138,0.16912643048809992
3,256,1.75,positional,139,0.1726964170902329
3,256,1.75,positional,140,0.17631489214698667
3,256,1.75,positional,141,0.1799821770870568
3,256,1.75,positional,142,0.18369859283746814
3,256,1.75,positional,143,0.1874644597166037
3,256,1.75,positional,144,0.19128009732767132
3,256,1.75,positional,145,0.195145824453004
3,256,1.75,positional,146,0.199061958949582
3,256,1.75,positional,147,0.20302881764615677
3,256,1.75,positional,148,0.20704671624234597
3,256,1.75,positional,149,0.2111159692100583
3,256,1.75,positional,150,0.21523688969759358
3,256,1.75,positional,151,0.21940978943675013
3,256,1.75,positional,152,0.22363497865325596
3,256,1.75,positional,153,0.22791276598082486
3,256,1.75,positional,154,0.232243458379121
3,256,1.75,positional,155,0.23662736105589804
3,256,1.75,positional,156,0.2410647773935599
3,256,1.75,positional,157,0.24555600888037118
3,256,1.75,positional,158,0.2501013550465256
3,256,1.75,positional,159,0.2547011134052597
3,256,1.75,positional,160,0.25935557939917975
3,256,1.75,positional,161,0.264065046351948
3,256,1.75,positional,162,0.2688298054254533
3,256,1.75,positional,163,0.2736501455825717
3,256,1.75,positional,164,0.2785263535555996
3,256,1.75,positional,165,0.2834587138204237
3,256,1.75,positional,166,0.2884475085764699
3,256,1.75,positional,167,0.29349301773245473
3,256,1.75,positional,168,0.29859551889794267
3,256,1.75,positional,169,0.3037552873806944
3,256,1.75,positional,170,0.3089725961897725
3,256,1.75,positional,171,0.31424771604435436
3,256,1.75,positional,172,0.3195809153881844
3,256,1.75,positional,173,0.3249724604095827
3,256,1.75,positional,174,0.33042261506691234
3,256,1.75,positional,175,0.33593164111939255
3,256,1.75,positional,176,0.3414997981631328
3,256,1.75,positional,177,0.347127343672251
3,256,1.75,positional,178,0.35281453304492644
3,256,1.75,positional,179,0.3585616196542298
3,256,1.75,positional,180,0.36436885490356175
3,256,1.75,positional,181,0.37023648828652533
3,256,1.75,positional,182,0.37616476745104793
3,256,1.75,positional,183,0.38215393826756466
3,256,1.75,positional,184,0.3882042449010688
3,256,1.75,positional,185,0.39431592988683006
3,256,1.75,positional,186,0.40048923420957927
3,256,1.75,positional,187,0.406724397385955
3,256,1.75,positional,188,0.41302165755000586
3,256,1.75,positional,189,0.41938125154154154
3,256,1.75,positional,190,0.4258034149971257
3,256,1.75,positional,191,0.43228838244350415
3,256,1.75,positional,192,0.43883638739326347
3,256,1.75,positional,193,0.4454476624425166
3,256,1.75,positional,194,0.4521224393704153
3,256,1.75,positional,195,0.45886094924029164
3,256,1.75,positional,196,0.46566342250223464
3,256,1.75,positional,197,0.47253008909691235
3,256,1.75,positional,198,0.4794611785604543
3,256,1.75,positional,199,0.4864569201302126
3,256,1.75,positional,200,0.4935175428512283
3,256,1.75,positional,201,0.500643275683231
3,256,1.75,positional,202,0.5078343476080088
3,256,1.75,positional,203,0.5150909877369896
3,256,1.75,positional,204,0.5224134254188819
3,256,1.75,positional,205,0.5298018903472289
3,256,1.75,positional,206,0.5372566126677353
3,256,1.75,positional,207,0.5447778230852355
3,256,1.75,positional,208,0.5523657529701731
3,256,1.75,positional,209,0.5600206344644746
3,256,1.75,positional,210,0.5677427005866998
3,256,1.75,positional,211,0.5755321853363646
3,256,1.75,positional,212,0.5833893237973311
3,256,1.75,positional,213,0.5913143522401724
3,256,1.75,positional,214,0.5993075082234226
3,256,1.75,positional,215,0.6073690306936286
3,256,1.75,positional,216,0.6154991600841255
3,256,1.75,positional,217,0.6236981384124667
3,256,1.75,positional,218,0.6319662093764408
3,256,1.75,positional,219,0.6403036184486158
3,256,1.75,positional,220,0.6487106129693562
3,256,1.75,positional,221,0.6571874422382614
3,256,1.75,positional,222,0.6657343576039823
3,256,1.75,positional,223,0.6743516125523739
3,256,1.75,positional,224,0.6830394627929504
3,256,1.75,positional,225,0.691798166343609
3,256,1.75,positional,226,0.700627983613597
3,256,1.75,positional,227,0.7095291774846977
3,256,1.75,positional,228,0.7185020133906159
3,256,1.75,positional,229,0.7275467593945479
3,256,1.75,positional,230,0.7366636862649215
3,256,1.75,positional,231,0.745853067549298
3,256,1.75,positional,232,0.7551151796464296
3,256,1.75,positional,233,0.7644503018764681
3,256,1.75,positional,234,0.7738587165493237
3,256,1.75,positional,235,0.7833407090311765
3,256,1.75,positional,236,0.7928965678091426
3,256,1.75,positional,237,0.8025265845541026
3,256,1.75,positional,238,0.8122310541816988
3,256,1.75,positional,239,0.8220102749115114
3,256,1.75,positional,240,0.8318645483244246
3,256,1.75,positional,241,0.8417941794181961
3,256,1.75,positional,242,0.8517994766612433
3,256,1.75,positional,243,0.8618807520446617
3,256,1.75,positional,244,0.8720383211324927
3,256,1.75,positional,245,0.8822725031102571
3,256,1.75,positional,246,0.8925836208317743
3,256,1.75,positional,247,0.902972000864285
3,256,1.75,positional,248,0.9134379735318972
3,256,1.75,positional,249,0.9239818729573767
3,256,1.75,positional,250,0.9346040371023032
3,256,1.75,positional,251,0.9453048078056118
3,256,1.75,positional,252,0.9560845308205421
3,256,1.75,positional,253,0.966943555850018
3,256,1.75,positional,254,0.9778822365804781
3,256,1.75,positional,255,0.98890093071418
3,256,1.75,positional,256,1.0
3,256,1.85,uniform,0,0.0
3,256,1.85,uniform,1,0.00390625
3,256,1.85,uniform,2,0.0078125
3,256,1.85,uniform,3,0.01171875
3,256,1.85,uniform,4,0.015625
3,256,1.85,uniform,5,0.01953125
3,256,1.85,uniform,6,0.0234375
3,256,1.85,uniform,7,0.02734375
3,256,1.85,uniform,8,0.03125
3,256,1.85,uniform,9,0.03515625
3,256,1.85,uniform,10,0.0390625
3,256,1.85,uniform,11,0.04296875
3,256,1.85,uniform,12,0.046875
3,256,1.85,uniform,13,0.05078125
3,256,1.85,uniform,14,0.0546875
3,256,1.85,uniform,15,0.05859375
3,256,1.85,uniform,16,0.0625
3,256,1.85,uniform,17,0.06640625
3,256,1.85,uniform,18,0.0703125
3,256,1.85,uniform,19,0.07421875
3,256,1.85,uniform,20,0.078125
3,256,1.85,uniform,21,0.08203125
3,256,1.85,uniform,22,0.0859375
3,256,1.85,uniform,23,0.08984375
3,256,1.85,uniform,24,0.09375
3,256,1.85,uniform,25,0.09765625
3,256,1.85,uniform,26,0.1015625
3,256,1.85,uniform,27,0.10546875
3,256,1.85,uniform,28,0.109375
3,256,1.85,uniform,29,0.11328125
3,256,1.85,uniform,30,0.1171875
3,256,1.85,uniform,31,0.12109375
3,256,1.85,uniform,32,0.125
3,256,1.85,uniform,33,0.12890625
3,256,1.85,uniform,34,0.1328125
3,256,1.85,uniform,35,0.13671875
3,256,1.85,uniform,36,0.140625
3,256,1.85,uniform,37,0.14453125
3,256,1.85,uniform,38,0.1484375
3,256,1.85,uniform,39,0.15234375
3,256,1.85,uniform,40,0.15625
3,256,1.85,uniform,41,0.16015625
3,256,1.85,uniform,42,0.1640625
3,256,1.85,uniform,43,0.16796875
3,256,1.85,uniform,44,0.171875
3,256,1.85,uniform,45,0.17578125
3,256,1.85,uniform,46,0.1796875
3,256,1.85,uniform,47,0.18359375
3,256,1.85,uniform,48,0.1875
3,256,1.85,uniform,49,0.19140625
3,256,1.85,uniform,50,0.1953125
3,256,1.85,uniform,51,0.19921875
3,256,1.85,uniform,52,0.203125
3,256,1.85,uniform,53,0.20703125
3,256,1.85,uniform,54,0.2109375
3,256,1.85,uniform,55,0.21484375
3,256,1.85,uniform,56,0.21875
3,256,1.85,uniform,57,0.22265625
3,256,1.85,uniform,58,0.2265625
3,256,1.85,uniform,59,0.23046875
3,256,1.85,uniform,60,0.234375
3,256,1.85,uniform,61,0.23828125
3,256,1.85,uniform,62,0.2421875
3,256,1.85,uniform,63,0.24609375
3,256,1.85,uniform,64,0.25
3,256,1.85,uniform,65,0.25390625
3,256,1.85,uniform,66,0.2578125
3,256,1.85,uniform,67,0.26171875
3,256,1.85,uniform,68,0.265625
3,256,1.85,uniform,69,0.26953125
3,256,1.85,uniform,70,0.2734375
3,256,1.85,uniform,71,0.27734375
3,256,1.85,uniform,72,0.28125
3,256,1.85,uniform,73,0.28515625
3,256,1.85,uniform,74,0.2890625
3,256,1.85,uniform,75,0.29296875
3,256,1.85,uniform,76,0.296875
3,256,1.85,uniform,77,0.30078125
3,256,1.85,uniform,78,0.3046875
3,256,1.85,uniform,79,0.30859375
3,256,1.85,uniform,80,0.3125
3,256,1.85,uniform,81,0.31640625
3,256,1.85,uniform,82,0.3203125
3,256,1.85,uniform,83,0.32421875
3,256,1.85,uniform,84,0.328125
3,256,1.85,uniform,85,0.33203125
3,256,1.85,uniform,86,0.3359375
3,256,1.85,uniform,87,0.33984375
3,256,1.85,uniform,88,0.34375
3,256,1.85,uniform,89,0.34765625
3,256,1.85,uniform,90,0.3515625
3,256,1.85,uniform,91,0.35546875
3,256,1.85,uniform,92,0.359375
3,256,1.85,uniform,93,0.36328125
3,256,1.85,uniform,94,0.3671875
3,256,1.85,uniform,95,0.37109375
3,256,1.85,uniform,96,0.375
3,256,1.85,uniform,97,0.37890625
3,256,1.85,uniform,98,0.3828125
3,256,1.85,uniform,99,0.38671875
3,256,1.85,uniform,100,0.390625
3,256,1.85,uniform,101,0.39453125
3,256,1.85,uniform,102,0.3984375
3,256,1.85,uniform,103,0.40234375
3,256,1.85,uniform,104,0.40625
3,256,1.85,uniform,105,0.41015625
3,256,1.85,uniform,106,0.4140625
3,256,1.85,uniform,107,0.41796875
3,256,1.85,uniform,108,0.421875
3,256,1.85,uniform,109,0.42578125
3,256,1.85,uniform,110,0.4296875
3,256,1.85,uniform,111,0.43359375
3,256,1.85,uniform,112,0.4375
3,256,1.85,uniform,113,0.44140625
3,256,1.85,uniform,114,0.4453125
3,256,1.85,uniform,115,0.44921875
3,256,1.85,uniform,116,0.453125
3,256,1.85,uniform,117,0.45703125
3,256,1.85,uniform,118,0.4609375
3,256,1.85,uniform,119,0.46484375
3,256,1.85,uniform,120,0.46875
3,256,1.85,uniform,121,0.47265625
3,256,1.85,uniform,122,0.4765625
3,256,1.85,uniform,123,0.48046875
3,256,1.85,uniform,124,0.484375
3,256,1.85,uniform,125,0.48828125
3,256,1.85,uniform,126,0.4921875
3,256,1.85,uniform,127,0.49609375
3,256,1.85,uniform,128,0.5
3,256,1.85,uniform,129,0.50390625
3,256,1.85,uniform,130,0.5078125
3,256,1.85,uniform,131,0.51171875
3,256,1.85,uniform,132,0.515625
3,256,1.85,uniform,133,0.51953125
3,256,1.85,uniform,134,0.5234375
3,256,1.85,uniform,135,0.52734375
3,256,1.85,uniform,136,0.53125
3,256,1.85,uniform,137,0.53515625
3,256,1.85,uniform,138,0.5390625
3,256,1.85,uniform,139,0.54296875
3,256,1.85,uniform,140,0.546875
3,256,1.85,uniform,141,0.55078125
3,256,1.85,uniform,142,0.5546875
3,256,1.85,uniform,143,0.55859375
3,256,1.85,uniform,144,0.5625
3,256,1.85,uniform,145,0.56640625
3,256,1.85,uniform,146,0.5703125
3,256,1.85,uniform,147,0.57421875
3,256,1.85,uniform,148,0.578125
3,256,1.85,uniform,149,0.58203125
3,256,1.85,uniform,150,0.5859375
3,256,1.85,uniform,151,0.58984375
3,256,1.85,uniform,152,0.59375
3,256,1.85,uniform,153,0.59765625
3,256,1.85,uniform,154,0.6015625
3,256,1.85,uniform,155,0.60546875
3,256,1.85,uniform,156,0.609375
3,256,1.85,uniform,157,0.61328125
3,256,1.85,uniform,158,0.6171875
3,256,1.85,uniform,159,0.62109375
3,256,1.85,uniform,160,0.625
3,256,1.85,uniform,161,0.62890625
3,256,1.85,uniform,162,0.6328125
3,256,1.85,uniform,163,0.63671875
3,256,1.85,uniform,164,0.640625
3,256,1.85,uniform,165,0.64453125
3,256,1.85,uniform,166,0.6484375
3,256,1.85,uniform,167,0.65234375
3,256,1.85,uniform,168,0.65625
3,256,1.85,uniform,169,0.66015625
3,256,1.85,uniform,170,0.6640625
3,256,1.85,uniform,171,0.66796875
3,256,1.85,uniform,172,0.671875
3,256,1.85,uniform,173,0.67578125
3,256,1.85,uniform,174,0.6796875
3,256,1.85,uniform,175,0.68359375
3,256,1.85,uniform,176,0.6875
3,256,1.85,uniform,177,0.69140625
3,256,1.85,uniform,178,0.6953125
3,256,1.85,uniform,179,0.69921875
3,256,1.85,uniform,180,0.703125
3,256,1.85,uniform,181,0.70703125
3,256,1.85,uniform,182,0.7109375
3,256,1.85,uniform,183,0.71484375
3,256,1.85,uniform,184,0.71875
3,256,1.85,uniform,185,0.72265625
3,256,1.85,uniform,186,0.7265625
3,256,1.85,uniform,187,0.73046875
3,256,1.85,uniform,188,0.734375
3,256,1.85,uniform,189,0.73828125
3,256,1.85,uniform,190,0.7421875
3,256,1.85,uniform,191,0.74609375
3,256,1.85,uniform,192,0.75
3,256,1.85,uniform,193,0.75390625
3,256,1.85,uniform,194,0.7578125
3,256,1.85,uniform,195,0.76171875
3,256,1.85,uniform,196,0.765625
3,256,1.85,uniform,197,0.76953125
3,256,1.85,uniform,198,0.7734375
3,256,1.85,uniform,199,0.77734375
3,256,1.85,uniform,200,0.78125
3,256,1.85,uniform,201,0.78515625
3,256,1.85,uniform,202,0.7890625
3,256,1.85,uniform,203,0.79296875
3,256,1.85,uniform,204,0.796875
3,256,1.85,uniform,205,0.80078125
3,256,1.85,uniform,206,0.8046875
3,256,1.85,uniform,207,0.80859375
3,256,1.85,uniform,208,0.8125
3,256,1.85,uniform,209,0.81640625
3,256,1.85,uniform,210,0.8203125
3,256,1.85,uniform,211,0.82421875
3,256,1.85,uniform,212,0.828125
3,256,1.85,uniform,213,0.83203125
3,256,1.85,uniform,214,0.8359375
3,256,1.85,uniform,215,0.83984375
3,256,1.85,uniform,216,0.84375
3,256,1.85,uniform,217,0.84765625
3,256,1.85,uniform,218,0.8515625
3,256,1.85,uniform,219,0.85546875
3,256,1.85,uniform,220,0.859375
3,256,1.85,uniform,221,0.86328125
3,256,1.85,uniform,222,0.8671875
3,256,1.85,uniform,223,0.87109375
3,256,1.85,uniform,224,0.875
3,256,1.85,uniform,225,0.87890625
3,256,1.85,uniform,226,0.8828125
3,256,1.85,uniform,227,0.88671875
3,256,1.85,uniform,228,0.890625
3,256,1.85,uniform,229,0.89453125
3,256,1.85,uniform,230,0.8984375
3,256,1.85,uniform,231,0.90234375
3,256,1.85,uniform,232,0.90625
3,256,1.85,uniform,233,0.91015625
3,256,1.85,uniform,234,0.9140625
3,256,1.85,uniform,235,0.91796875
3,256,1.85,uniform,236,0.921875
3,256,1.85,uniform,237,0.92578125
3,256,1.85,uniform,238,0.9296875
3,256,1.85,uniform,239,0.93359375
3,256,1.85,uniform,240,0.9375
3,256,1.85,uniform,241,0.94140625
3,256,1.85,uniform,242,0.9453125
3,256,1.85,uniform,243,0.94921875
3,256,1.85,uniform,244,0.953125
3,256,1.85,uniform,245,0.95703125
3,256,1.85,uniform,246,0.9609375
3,256,1.85,uniform,247,0.96484375
3,256,1.85,uniform,248,0.96875
3,256,1.85,uniform,249,0.97265625
3,256,1.85,uniform,250,0.9765625
3,256,1.85,uniform,251,0.98046875
3,256,1.85,uniform,252,0.984375
3,256,1.85,uniform,253,0.98828125
3,256,1.85,uniform,254,0.9921875
3,256,1.85,uniform,255,0.99609375
3,256,1.85,uniform,256,1.0
3,256,1.85,positional,0,0.0
3,256,1.85,positional,1,1.2797383680510965e-06
3,256,1.85,positional,2,2.56339047541957e-06
3,256,1.85,positional,3,3.863225613652288e-06
3,256,1.85,positional,4,5.241777693322476e-06
3,256,1.85,positional,5,6.975772321055838e-06
3,256,1.85,positional,6,9.846485616351544e-06
3,256,1.85,positional,7,1.5227965427614136e-05
3,256,1.85,positional,8,2.471527262831413e-05
3,256,1.85,positional,9,3.966423059165263e-05
3,256,1.85,positional,10,6.107171743000317e-05
3,256,1.85,positional,11,8.96850620924751e-05
3,256,1.85,positional,12,0.00012612973827104987
3,256,1.85,positional,13,0.00017098781080267955
3,256,1.85,positional,14,0.00022483411280288266
3,256,1.85,positional,15,0.00028824847559475017
3,256,1.85,positional,16,0.00036181670172252253
3,256,1.85,positional,17,0.00044612708066749096
3,256,1.85,positional,18,0.00054176569285841
3,256,1.85,positional,19,0.00064931191666778
3,256,1.85,positional,20,0.0007693346732380766
3,256,1.85,positional,21,0.0009023895406332972
3,256,1.85,positional,22,0.001049016695052387
3,256,1.85,positional,23,0.001209739571455537
3,256,1.85,positional,24,0.001385064120504256
3,256,1.85,positional,25,0.001575478545091086
3,256,1.85,positional,26,0.0017814534144179604
3,256,1.85,positional,27,0.00200344207015696
3,256,1.85,positional,28,0.0022418812547900452
3,256,1.85,positional,29,0.0024971919056319147
3,256,1.85,positional,30,0.0027697800690283775
3,256,1.85,positional,31,0.0030600378979490314
3,256,1.85,positional,32,0.0033683447029938386
3,256,1.85,positional,33,0.003695068032093255
3,256,1.85,positional,34,0.004040564758267256
3,256,1.85,positional,35,0.004405182158036044
3,256,1.85,positional,36,0.004789258965698883
3,256,1.85,positional,37,0.005193126390911224
3,256,1.85,positional,38,0.005617109088932926
3,256,1.85,positional,39,0.0060615260746858
3,256,1.85,positional,40,0.006526691573404941
3,256,1.85,positional,41,0.007012915802227006
3,256,1.85,positional,42,0.007520505678542774
3,256,1.85,positional,43,0.008049765452352023
3,256,1.85,positional,44,0.008600997261189739
3,256,1.85,positional,45,0.009174501607434597
3,256,1.85,positional,46,0.009770577758953004
3,256,1.85,positional,47,0.010389524075065562
3,256,1.85,positional,48,0.011031638260739874
3,256,1.85,positional,49,0.011697217552709074
3,256,1.85,positional,50,0.012386558841886844
3,256,1.85,positional,51,0.013099958736996613
3,256,1.85,positional,52,0.013837713574757545
3,256,1.85,positional,53,0.014600119382276826
3,256,1.85,positional,54,0.015387471797492525
3,256,1.85,positional,55,0.016200065953601225
3,256,1.85,positional,56,0.017038196333397933
3,256,1.85,positional,57,0.017902156599361667
3,256,1.85,positional,58,0.01879223940514813
3,256,1.85,positional,59,0.0197087361939111
3,256,1.85,positional,60,0.020651936988576668
3,256,1.85,positional,61,0.02162213017884907
3,256,1.85,positional,62,0.022619602309343727
3,256,1.85,positional,63,0.0236446378728314
3,256,1.85,positional,64,0.024697519112146044
3,256,1.85,positional,65,0.02577852583386673
3,256,1.85,positional,66,0.026887935236438034
3,256,1.85,positional,67,0.028026021754951416
3,256,1.85,positional,68,0.029193056924377514
3,256,1.85,positional,69,0.030389309262622705
3,256,1.85,positional,70,0.03161504417438604
3,256,1.85,positional,71,0.03287052387641985
3,256,1.85,positional,72,0.03415600734445104
3,256,1.85,positional,73,0.03547175028170332
3,256,1.85,positional,74,0.03681800510867469
3,256,1.85,positional,75,0.038195020973570186
3,256,1.85,positional,76,0.039603043782568195
3,256,1.85,positional,77,0.041042316248908285
3,256,1.85,positional,78,0.04251307795963
3,256,1.85,positional,79,0.04401556545866338
3,256,1.85,positional,80,0.04555001234487201
3,256,1.85,positional,81,0.04711664938357659
3,256,1.85,positional,82,0.04871570463003913
3,256,1.85,positional,83,0.05034740356336284
3,256,1.85,positional,84,0.052011969229258846
3,256,1.85,positional,85,0.05370962239014475
3,256,1.85,positional,86,0.055440581681071036
3,256,1.85,positional,87,0.057205063770015385
3,256,1.85,positional,88,0.059003283521141564
3,256,1.85,positional,89,0.06083545415968555
3,256,1.85,positional,90,0.06270178743720567
3,256,1.85,positional,91,0.06460249379601313
3,256,1.85,positional,92,0.06653778253168387
3,256,1.85,positional,93,0.06850786195263983
3,256,1.85,positional,94,0.07051293953587584
3,256,1.85,positional,95,0.07255322207799765
3,256,1.85,positional,96,0.07462891584082439
3,256,1.85,positional,97,0.07674022669089504
3,256,1.85,positional,98,0.07888736023230239
3,256,1.85,positional,99,0.08107052193235881
3,256,1.85,positional,100,0.08328991723967544
3,256,1.85,positional,101,0.08554575169430957
3,256,1.85,positional,102,0.08783823102970414
3,256,1.85,positional,103,0.09016756126620819
3,256,1.85,positional,104,0.09253394879602694
3,256,1.85,positional,105,0.09493760045950644
3,256,1.85,positional,106,0.0973787236127086
3,256,1.85,positional,107,0.0998575261862797
3,256,1.85,positional,108,0.10237421673565794
3,256,1.85,positional,109,0.10492900448270477
3,256,1.85,positional,110,0.10752209934887902
3,256,1.85,positional,111,0.110153711980105
3,256,1.85,positional,112,0.1128240537635129
3,256,1.85,positional,113,0.11553333683625537
3,256,1.85,positional,114,0.11828177408662556
3,256,1.85,positional,115,0.12106957914772207
3,256,1.85,positional,116,0.12389696638392239
3,256,1.85,positional,117,0.1267641508704422
3,256,1.85,positional,118,0.1296713483662702
3,256,1.85,positional,119,0.13261877528077975
3,256,1.85,positional,120,0.13560664863432834
3,256,1.85,positional,121,0.13863518601316407
3,256,1.85,positional,122,0.14170460551896563
3,256,1.85,positional,123,0.14481512571334829
3,256,1.85,positional,124,0.14796696555767364
3,256,1.85,positional,125,0.15116034434850498
3,256,1.85,positional,126,0.1543954816490533
3,256,1.85,positional,127,0.15767259721696245
3,256,1.85,positional,128,0.16099191092878304
3,256,1.85,positional,129,0.1643536427014869
3,256,1.85,positional,130,0.16775801241137395
3,256,1.85,positional,131,0.1712052398107238
3,256,1.85,positional,132,0.17469554444254382
3,256,1.85,positional,133,0.1782291455537642
3,256,1.85,positional,134,0.1818062620072288
3,256,1.85,positional,135,0.18542711219282776
3,256,1.85,positional,136,0.18909191393811514
3,256,1.85,positional,137,0.19280088441875076
3,256,1.85,positional,138,0.1965542400691003
3,256,1.85,positional,139,0.20035219649332323
3,256,1.85,positional,140,0.20419496837727105
3,256,1.85,positional,141,0.2080827694015122
3,256,1.85,positional,142,0.21201581215579116
3,256,1.85,positional,143,0.21599430805522168
3,256,1.85,positional,144,0.2200184672585046
3,256,1.85,positional,145,0.22408849858844965
3,256,1.85,positional,146,0.22820460945507093
3,256,1.85,positional,147,0.23236700578151304
3,256,1.85,positional,148,0.23657589193305337
3,256,1.85,positional,149,0.24083147064941213
3,256,1.85,positional,150,0.2451339429805888
3,256,1.85,positional,151,0.24948350822642862
3,256,1.85,positional,152,0.2538803638801089
3,256,1.85,positional,153,0.2583247055757185
3,256,1.85,positional,154,0.26281672704008974
3,256,1.85,positional,155,0.2673566200490238
3,256,1.85,positional,156,0.2719445743880371
3,256,1.85,positional,157,0.276580777817738
3,256,1.85,positional,158,0.28126541604392635
3,256,1.85,positional,159,0.285998672692494
3,256,1.85,positional,160,0.2907807292891853
3,256,1.85,positional,161,0.29561176524426247
3,256,1.85,positional,162,0.3004919578421035
3,256,1.85,positional,163,0.30542148223574395
3,256,1.85,positional,164,0.31040051144636055
3,256,1.85,positional,165,0.31542921636767607
3,256,1.85,positional,166,0.32050776577525464
3,256,1.85,positional,167,0.32563632634063794
3,256,1.85,positional,168,0.33081506265026334
3,256,1.85,positional,169,0.3360441372290893
3,256,1.85,positional,170,0.34132371056884253
3,256,1.85,positional,171,0.34665394116078957
3,256,1.85,positional,172,0.3520349855329249
3,256,1.85,positional,173,0.35746699829145673
3,256,1.85,positional,174,0.3629501321664649
3,256,1.85,positional,175,0.36848453806159265
3,256,1.85,positional,176,0.3740703651076318
3,256,1.85,positional,177,0.3797077607198487
3,256,1.85,positional,178,0.38539687065889644
3,256,1.85,positional,179,0.39113783909515154
3,256,1.85,positional,180,0.39693080867630914
3,256,1.85,positional,181,0.40277592059806805
3,256,1.85,positional,182,0.4086733146777324
3,256,1.85,positional,183,0.4146231294305564
3,256,1.85,positional,184,0.42062550214865635
3,256,1.85,positional,185,0.4266805689823127
3,256,1.85,positional,186,0.43278846502348617
3,256,1.85,positional,187,0.43894932439137163
3,256,1.85,positional,188,0.4451632803198144
3,256,1.85,positional,189,0.4514304652464162
3,256,1.85,positional,190,0.4577510109031592
3,256,1.85,positional,191,0.46412504840837915
3,256,1.85,positional,192,0.4705527083599237
3,256,1.85,positional,193,0.477034120929332
3,256,1.85,positional,194,0.48356941595687886
3,256,1.85,positional,195,0.4901587230473291
3,256,1.85,positional,196,0.49680217166625285
3,256,1.85,positional,197,0.5034998912367569
3,256,1.85,positional,198,0.5102520112364927
3,256,1.85,positional,199,0.5170586612948064
3,256,1.85,positional,200,0.5239199712899018
3,256,1.85,positional,201,0.5308360714458916
3,256,1.85,positional,202,0.5378070924296212
3,256,1.85,positional,203,0.5448331654471488
3,256,1.85,positional,204,0.5519144223397782
3,256,1.85,positional,205,0.5590509956795415
3,256,1.85,positional,206,0.5662430188640359
3,256,1.85,positional,207,0.5734906262105257
3,256,1.85,positional,208,0.5807939530492239
3,256,1.85,positional,209,0.5881531358156762
3,256,1.85,positional,210,0.5955683121421728
3,256,1.85,positional,211,0.6030396209481199
3,256,1.85,positional,212,0.6105672025293103
3,256,1.85,positional,213,0.6181511986460321
3,256,1.85,positional,214,0.6257917526099661
3,256,1.85,positional,215,0.6334890093698228
3,256,1.85,positional,216,0.641243115595675
3,256,1.85,positional,217,0.6490542197619507
3,256,1.85,positional,218,0.6569224722290472
3,256,1.85,positional,219,0.6648480253235425
3,256,1.85,positional,220,0.6728310334169726
3,256,1.85,positional,221,0.6808716530031571
3,256,1.85,positional,222,0.6889700427740519
3,256,1.85,positional,223,0.6971263636941158
3,256,1.85,positional,224,0.705340779073179
3,256,1.85,positional,225,0.7136134546378059
3,256,1.85,positional,226,0.7219445586011458
3,256,1.85,positional,227,0.7303342617312704
3,256,1.85,positional,228,0.7387827374179976
3,256,1.85,positional,229,0.7472901617382045
3,256,1.85,positional,230,0.7558567135196348
3,256,1.85,positional,231,0.7644825744032068
3,256,1.85,positional,232,0.7731679289038338
3,256,1.85,positional,233,0.7819129644697648
3,256,1.85,positional,234,0.7907178715404604
3,256,1.85,positional,235,0.7995828436030172
3,256,1.85,positional,236,0.8085080772471581
3,256,1.85,positional,237,0.8174937722188028
3,256,1.85,positional,238,0.8265401314722396
3,256,1.85,positional,239,0.8356473612209163
3,256,1.85,positional,240,0.8448156709868708
3,256,1.85,positional,241,0.8540452736488219
3,256,1.85,positional,242,0.8633363854889435
3,256,1.85,positional,243,0.8726892262383437
3,256,1.85,positional,244,0.8821040191212707
3,256,1.85,positional,245,0.8915809908980709
3,256,1.85,positional,246,0.9011203719069222
3,256,1.85,positional,247,0.9107223961043651
3,256,1.85,positional,248,0.920387301104658
3,256,1.85,positional,249,0.9301153282179788
3,256,1.85,positional,250,0.9399067224874986
3,256,1.85,positional,251,0.9497617327253518
3,256,1.85,positional,252,0.9596806115475254
3,256,1.85,positional,253,0.9696636154076926
3,256,1.85,positional,254,0.9797110046300158
3,256,1.85,positional,255,0.9898230434409396
3,256,1.85,positional,256,1.0
3,256,1.95,uniform,0,0.0
3,256,1.95,uniform,1,0.00390625
3,256,1.95,uniform,2,0.0078125
3,256,1.95,uniform,3,0.01171875
3,256,1.95,uniform,4,0.015625
3,256,1.95,uniform,5,0.01953125
3,256,1.95,uniform,6,0.0234375
3,256,1.95,uniform,7,0.02734375
3,256,1.95,uniform,8,0.03125
3,256,1.95,uniform,9,0.03515625
3,256,1.95,uniform,10,0.0390625
3,256,1.95,uniform,11,0.04296875
3,256,1.95,uniform,12,0.046875
3,256,1.95,uniform,13,0.05078125
3,256,1.95,uniform,14,0.0546875
3,256,1.95,uniform,15,0.05859375
3,256,1.95,uniform,16,0.0625
3,256,1.95,uniform,17,0.06640625
3,256,1.95,uniform,18,0.0703125
3,256,1.95,uniform,19,0.07421875
3,256,1.95,uniform,20,0.078125
3,256,1.95,uniform,21,0.08203125
3,256,1.95,uniform,22,0.0859375
3,256,1.95,uniform,23,0.08984375
3,256,1.95,uniform,24,0.09375
3,256,1.95,uniform,25,0.09765625
3,256,1.95,uniform,26,0.1015625
3,256,1.95,uniform,27,0.10546875
3,256,1.95,uniform,28,0.109375
3,256,1.95,uniform,29,0.11328125
3,256,1.95,uniform,30,0.1171875
3,256,1.95,uniform,31,0.12109375
3,256,1.95,uniform,32,0.125
3,256,1.95,uniform,33,0.12890625
3,256,1.95,uniform,34,0.1328125
3,256,1.95,uniform,35,0.13671875
3,256,1.95,uniform,36,0.140625
3,256,1.95,uniform,37,0.14453125
3,256,1.95,uniform,38,0.1484375
3,256,1.95,uniform,39,0.15234375
3,256,1.95,uniform,40,0.15625
3,256,1.95,uniform,41,0.16015625
3,256,1.95,uniform,42,0.1640625
3,256,1.95,uniform,43,0.16796875
3,256,1.95,uniform,44,0.171875
3,256,1.95,uniform,45,0.17578125
3,256,1.95,uniform,46,0.1796875
3,256,1.95,uniform,47,0.18359375
3,256,1.95,uniform,48,0.1875
3,256,1.95,uniform,49,0.19140625
3,256,1.95,uniform,50,0.1953125
3,256,1.95,uniform,51,0.19921875
3,256,1.95,uniform,52,0.203125
3,256,1.95,uniform,53,0.20703125
3,256,1.95,uniform,54,0.2109375
3,256,1.95,uniform,55,0.21484375
3,256,1.95,uniform,56,0.21875
3,256,1.95,uniform,57,0.22265625
3,256,1.95,uniform,58,0.2265625
3,256,1.95,uniform,59,0.23046875
3,256,1.95,uniform,60,0.234375
3,256,1.95,uniform,61,0.23828125
3,256,1.95,uniform,62,0.2421875
3,256,1.95,uniform,63,0.24609375
3,256,1.95,uniform,64,0.25
3,256,1.95,uniform,65,0.25390625
3,256,1.95,uniform,66,0.2578125
3,256,1.95,uniform,67,0.26171875
3,256,1.95,uniform,68,0.265625
3,256,1.95,uniform,69,0.26953125
3,256,1.95,uniform,70,0.2734375
3,256,1.95,uniform,71,0.27734375
3,256,1.95,uniform,72,0.28125
3,256,1.95,uniform,73,0.28515625
3,256,1.95,uniform,74,0.2890625
3,256,1.95,uniform,75,0.29296875
3,256,1.95,uniform,76,0.296875
3,256,1.95,uniform,77,0.30078125
3,256,1.95,uniform,78,0.3046875
3,256,1.95,uniform,79,0.30859375
3,256,1.95,uniform,80,0.3125
3,256,1.95,uniform,81,0.31640625
3,256,1.95,uniform,82,0.3203125
3,256,1.95,uniform,83,0.32421875
3,256,1.95,uniform,84,0.328125
3,256,1.95,uniform,85,0.33203125
3,256,1.95,uniform,86,0.3359375
3,256,1.95,uniform,87,0.33984375
3,256,1.95,uniform,88,0.34375
3,256,1.95,uniform,89,0.34765625
3,256,1.95,uniform,90,0.3515625
3,256,1.95,uniform,91,0.35546875
3,256,1.95,uniform,92,0.359375
3,256,1.95,uniform,93,0.36328125
3,256,1.95,uniform,94,0.3671875
3,256,1.95,uniform,95,0.37109375
3,256,1.95,uniform,96,0.375
3,256,1.95,uniform,97,0.37890625
3,256,1.95,uniform,98,0.3828125
3,256,1.95,uniform,99,0.38671875
3,256,1.95,uniform,100,0.390625
3,256,1.95,uniform,101,0.39453125
3,256,1.95,uniform,102,0.3984375
3,256,1.95,uniform,103,0.40234375
3,256,1.95,uniform,104,0.40625
3,256,1.95,uniform,105,0.41015625
3,256,1.95,uniform,106,0.4140625
3,256,1.95,uniform,107,0.41796875
3,256,1.95,uniform,108,0.421875
3,256,1.95,uniform,109,0.42578125
3,256,1.95,uniform,110,0.4296875
3,256,1.95,uniform,111,0.43359375
3,256,1.95,uniform,112,0.4375
3,256,1.95,uniform,113,0.44140625
3,256,1.95,uniform,114,0.4453125
3,256,1.95,uniform,115,0.44921875
3,256,1.95,uniform,116,0.453125
3,256,1.95,uniform,117,0.45703125
3,256,1.95,uniform,118,0.4609375
3,256,1.95,uniform,119,0.46484375
3,256,1.95,uniform,120,0.46875
3,256,1.95,uniform,121,0.47265625
3,256,1.95,uniform,122,0.4765625
3,256,1.95,uniform,123,0.48046875
3,256,1.95,uniform,124,0.484375
3,256,1.95,uniform,125,0.48828125
3,256,1.95,uniform,126,0.4921875
3,256,1.95,uniform,127,0.49609375
3,256,1.95,uniform,128,0.5
3,256,1.95,uniform,129,0.50390625
3,256,1.95,uniform,130,0.5078125
3,256,1.95,uniform,131,0.51171875
3,256,1.95,uniform,132,0.515625
3,256,1.95,uniform,133,0.51953125
3,256,1.95,uniform,134,0.5234375
3,256,1.95,uniform,135,0.52734375
3,256,1.95,uniform,136,0.53125
3,256,1.95,uniform,137,0.53515625
3,256,1.95,uniform,138,0.5390625
3,256,1.95,uniform,139,0.54296875
3,256,1.95,uniform,140,0.546875
3,256,1.95,uniform,141,0.55078125
3,256,1.95,uniform,142,0.5546875
3,256,1.95,uniform,143,0.55859375
3,256,1.95,uniform,144,0.5625
3,256,1.95,uniform,145,0.56640625
3,256,1.95,uniform,146,0.5703125
3,256,1.95,uniform,147,0.57421875
3,256,1.95,uniform,148,0.578125
3,256,1.95,uniform,149,0.58203125
3,256,1.95,uniform,150,0.5859375
3,256,1.95,uniform,151,0.58984375
3,256,1.95,uniform,152,0.59375
3,256,1.95,uniform,153,0.59765625
3,256,1.95,uniform,154,0.6015625
3,256,1.95,uniform,155,0.60546875
3,256,1.95,uniform,156,0.609375
3,256,1.95,uniform,157,0.61328125
3,256,1.95,uniform,158,0.6171875
3,256,1.95,uniform,159,0.62109375
3,256,1.95,uniform,160,0.625
3,256,1.95,uniform,161,0.62890625
3,256,1.95,uniform,162,0.6328125
3,256,1.95,uniform,163,0.63671875
3,256,1.95,uniform,164,0.640625
3,256,1.95,uniform,165,0.64453125
3,256,1.95,uniform,166,0.6484375
3,256,1.95,uniform,167,0.65234375
3,256,1.95,uniform,168,0.65625
3,256,1.95,uniform,169,0.66015625
3,256,1.95,uniform,170,0.6640625
3,256,1.95,uniform,171,0.66796875
3,256,1.95,uniform,172,0.671875
3,256,1.95,uniform,173,0.67578125
3,256,1.95,uniform,174,0.6796875
3,256,1.95,uniform,175,0.68359375
3,256,1.95,uniform,176,0.6875
3,256,1.95,uniform,177,0.69140625
3,256,1.95,uniform,178,0.6953125
3,256,1.95,uniform,179,0.69921875
3,256,1.95,uniform,180,0.703125
3,256,1.95,uniform,181,0.70703125
3,256,1.95,uniform,182,0.7109375
3,256,1.95,uniform,183,0.71484375
3,256,1.95,uniform,184,0.71875
3,256,1.95,uniform,185,0.72265625
3,256,1.95,uniform,186,0.7265625
3,256,1.95,uniform,187,0.73046875
3,256,1.95,uniform,188,0.734375
3,256,1.95,uniform,189,0.73828125
3,256,1.95,uniform,190,0.7421875
3,256,1.95,uniform,191,0.74609375
3,256,1.95,uniform,192,0.75
3,256,1.95,uniform,193,0.75390625
3,256,1.95,uniform,194,0.7578125
3,256,1.95,uniform,195,0.76171875
3,256,1.95,uniform,196,0.765625
3,256,1.95,uniform,197,0.76953125
3,256,1.95,uniform,198,0.7734375
3,256,1.95,uniform,199,0.77734375
3,256,1.95,uniform,200,0.78125
3,256,1.95,uniform,201,0.78515625
3,256,1.95,uniform,202,0.7890625
3,256,1.95,uniform,203,0.79296875
3,256,1.95,uniform,204,0.796875
3,256,1.95,uniform,205,0.80078125
3,256,1.95,uniform,206,0.8046875
3,256,1.95,uniform,207,0.80859375
3,256,1.95,uniform,208,0.8125
3,256,1.95,uniform,209,0.81640625
3,256,1.95,uniform,210,0.8203125
3,256,1.95,uniform,211,0.82421875
3,256,1.95,uniform,212,0.828125
3,256,1.95,uniform,213,0.83203125
3,256,1.95,uniform,214,0.8359375
3,256,1.95,uniform,215,0.83984375
3,256,1.95,uniform,216,0.84375
3,256,1.95,uniform,217,0.84765625
3,256,1.95,uniform,218,0.8515625
3,256,1.95,uniform,219,0.85546875
3,256,1.95,uniform,220,0.859375
3,256,1.95,uniform,221,0.86328125
3,256,1.95,uniform,222,0.8671875
3,256,1.95,uniform,223,0.87109375
3,256,1.95,uniform,224,0.875
3,256,1.95,uniform,225,0.87890625
3,256,1.95,uniform,226,0.8828125
3,256,1.95,uniform,227,0.88671875
3,256,1.95,uniform,228,0.890625
3,256,1.95,uniform,229,0.89453125
3,256,1.95,uniform,230,0.8984375
3,256,1.95,uniform,231,0.90234375
3,256,1.95,uniform,232,0.90625
3,256,1.95,uniform,233,0.91015625
3,256,1.95,uniform,234,0.9140625
3,256,1.95,uniform,235,0.91796875
3,256,1.95,uniform,236,0.921875
3,256,1.95,uniform,237,0.92578125
3,256,1.95,uniform,238,0.9296875
3,256,1.95,uniform,239,0.93359375
3,256,1.95,uniform,240,0.9375
3,256,1.95,uniform,241,0.94140625
3,256,1.95,uniform,242,0.9453125
3,256,1.95,uniform,243,0.94921875
3,256,1.95,uniform,244,0.953125
3,256,1.95,uniform,245,0.95703125
3,256,1.95,uniform,246,0.9609375
3,256,1.95,uniform,247,0.96484375
3,256,1.95,uniform,248,0.96875
3,256,1.95,uniform,249,0.97265625
3,256,1.95,uniform,250,0.9765625
3,256,1.95,uniform,251,0.98046875
3,256,1.95,uniform,252,0.984375
3,256,1.95,uniform,253,0.98828125
3,256,1.95,uniform,254,0.9921875
3,256,1.95,uniform,255,0.99609375
3,256,1.95,uniform,256,1.0
3,256,1.95,positional,0,0.0
3,256,1.95,positional,1,1.5535453268619824e-06
3,256,1.95,positional,2,3.1191936756418004e-06
3,256,1.95,positional,3,4.76482679974389e-06
3,256,1.95,positional,4,6.92817152818947e-06
3,256,1.95,positional,5,1.1131515924285159e-05
3,256,1.95,positional,6,2.0039755920458548e-05
3,256,1.95,positional,7,3.6260375186448446e-05
3,256,1.95,positional,8,6.156911543706204e-05
3,256,1.95,positional,9,9.710475794011796e-05
3,256,1.95,positional,10,0.00014372372789901974
3,256,1.95,positional,11,0.0002021930663932545
3,256,1.95,positional,12,0.0002732598704103872
3,256,1.95,positional,13,0.00035766550337979505
3,256,1.95,positional,14,0.00045614087530169734
3,256,1.95,positional,15,0.000569397618306306
3,256,1.95,positional,16,0.0006981203141687974
3,256,1.95,positional,17,0.0008429611196538009
3,256,1.95,positional,18,0.0010045367652598844
3,256,1.95,positional,19,0.0011834274857970186
3,256,1.95,positional,20,0.0013801773799587134
3,256,1.95,positional,21,0.0015952957565006942
3,256,1.95,positional,22,0.001829259116141511
3,256,1.95,positional,23,0.002082513506911089
3,256,1.95,positional,24,0.0023554770651358025
3,256,1.95,positional,25,0.00264854261242556
3,256,1.95,positional,26,0.002962080222322241
3,256,1.95,positional,27,0.003296439701256898
3,256,1.95,positional,28,0.003651952949877298
3,256,1.95,positional,29,0.004028936185108405
3,256,1.95,positional,30,0.004427692012535928
3,256,1.95,positional,31,0.00484851134445553
3,256,1.95,positional,32,0.005291675162405344
3,256,1.95,positional,33,0.005757456125057915
3,256,1.95,positional,34,0.006246120023582314
3,256,1.95,positional,35,0.006757927087386823
3,256,1.95,positional,36,0.007293133143757011
3,256,1.95,positional,37,0.007851990635448577
3,256,1.95,positional,38,0.008434749500844304
3,256,1.95,positional,39,0.009041657921860933
3,256,1.95,positional,40,0.009672962945389668
3,256,1.95,positional,41,0.010328910984655217
3,256,1.95,positional,42,0.011009748207459067
3,256,1.95,positional,43,0.011715720818809538
3,256,1.95,positional,44,0.012447075245913332
3,256,1.95,positional,45,0.013204058233893716
3,256,1.95,positional,46,0.013986916860897376
3,256,1.95,positional,47,0.01479589848144732
3,256,1.95,positional,48,0.015631250606989694
3,256,1.95,positional,49,0.016493220732567693
3,256,1.95,positional,50,0.017382056118439192
3,256,1.95,positional,51,0.018298003535241573
3,256,1.95,positional,52,0.01924130898100485
3,256,1.95,positional,53,0.02021221737793184
3,256,1.95,positional,54,0.02121097225641132
3,256,1.95,positional,55,0.022237815433218257
3,256,1.95,positional,56,0.023292986690294837
3,256,1.95,positional,57,0.024376723459908933
3,256,1.95,positional,58,0.02548926052136387
3,256,1.95,positional,59,0.026630829713795427
3,256,1.95,positional,60,0.02780165966894988
3,256,1.95,positional,61,0.029001975567199207
3,256,1.95,positional,62,0.03023199891942601
3,256,1.95,positional,63,0.03149194737680819
3,256,1.95,positional,64,0.03278203456995929
3,256,1.95,positional,65,0.034102469978340266
3,256,1.95,positional,66,0.03545345883035636
3,256,1.95,positional,67,0.036835202034093524
3,256,1.95,positional,68,0.03824789613823341
3,256,1.95,positional,69,0.039691733322317305
3,256,1.95,positional,70,0.04116690141520741
3,256,1.95,positional,71,0.04267358394031845
3,256,1.95,positional,72,0.04421196018596328
3,256,1.95,positional,73,0.045782205298970736
3,256,1.95,positional,74,0.04738449039959122
3,256,1.95,positional,75,0.04901898271560175
3,256,1.95,positional,76,0.05068584573345602
3,256,1.95,positional,77,0.05238523936429209
3,256,1.95,positional,78,0.05411732012260766
3,256,1.95,positional,79,0.055882241315438064
3,256,1.95,positional,80,0.05768015323992026
3,256,1.95,positional,81,0.059511203387194914
3,256,1.95,positional,82,0.06137553665068477
3,256,1.95,positional,83,0.06327329553688776
3,256,1.95,positional,84,0.0652046203769343
3,256,1.95,positional,85,0.06716964953727814
3,256,1.95,positional,86,0.06916851962801625
3,256,1.95,positional,87,0.07120136570746191
3,256,1.95,positional,88,0.07326832148172732
3,256,1.95,positional,89,0.07536951949820254
3,256,1.95,positional,90,0.07750509133194747
3,256,1.95,positional,91,0.07967516776413981
3,256,1.95,positional,92,0.0818798789518449
3,256,1.95,positional,93,0.08411935458849036
3,256,1.95,positional,94,0.08639372405454059
3,256,1.95,positional,95,0.08870311655797158
3,256,1.95,positional,96,0.09104766126424553
3,256,1.95,positional,97,0.09342748741557638
3,256,1.95,positional,98,0.09584272443936248
3,256,1.95,positional,99,0.09829350204574037
3,256,1.95,positional,100,0.10077995031428419
3,256,1.95,positional,101,0.10330219976993903
3,256,1.95,positional,102,0.10586038144833389
3,256,1.95,positional,103,0.10845462695067018
3,256,1.95,positional,104,0.11108506848842643
3,256,1.95,positional,105,0.11375183891815839
3,256,1.95,positional,106,0.11645507176670718
3,256,1.95,positional,107,0.1191949012471559
3,256,1.95,positional,108,0.121971462265899
3,256,1.95,positional,109,0.12478489042120744
3,256,1.95,positional,110,0.12763532199368804
3,256,1.95,positional,111,0.1305228939290473
3,256,1.95,positional,112,0.13344774381357777
3,256,1.95,positional,113,0.13641000984279136
3,256,1.95,positional,114,0.1394098307836269
3,256,1.95,positional,115,0.14244734593065947
3,256,1.95,positional,116,0.14552269505673923
3,256,1.95,positional,117,0.14863601835848372
3,256,1.95,positional,118,0.1517874563970443
3,256,1.95,positional,119,0.15497715003456147
3,256,1.95,positional,120,0.1582052403667187
3,256,1.95,positional,121,0.1614718686517964
3,256,1.95,positional,122,0.16477717623662042
3,256,1.95,positional,123,0.1681213044797917
3,256,1.95,positional,124,0.17150439467257506
3,256,1.95,positional,125,0.17492658795781585
3,256,1.95,positional,126,0.17838802524724504
3,256,1.95,positional,127,0.18188884713752362
3,256,1.95,positional,128,0.18542919382536813
3,256,1.95,positional,129,0.1890092050220897
3,256,1.95,positional,130,0.19262901986786987
3,256,1.95,positional,131,0.19628877684608667
3,256,1.95,positional,132,0.19998861369799503
3,256,1.95,positional,133,0.20372866733805617
3,256,1.95,positional,134,0.20750907377020075
3,256,1.95,positional,135,0.21132996800530088
3,256,1.95,positional,136,0.21519148398011612
3,256,1.95,positional,137,0.2190937544779689
3,256,1.95,positional,138,0.2230369110513937
3,256,1.95,positional,139,0.2270210839469954
3,256,1.95,positional,140,0.2310464020327399
3,256,1.95,positional,141,0.2351129927278908
3,256,1.95,positional,142,0.2392209819357936
3,256,1.95,positional,143,0.2433704939796988
3,256,1.95,positional,144,0.24756165154180249
3,256,1.95,positional,145,0.2517945756056723
3,256,1.95,positional,146,0.25606938540221375
3,256,1.95,positional,147,0.26038619835932025
3,256,1.95,positional,148,0.2647451300553373
3,256,1.95,positional,149,0.2691462941764589
3,256,1.95,positional,150,0.27358980247816145
3,256,1.95,positional,151,0.278075764750767
3,256,1.95,positional,152,0.2826042887892156
3,256,1.95,positional,153,0.28717548036711216
3,256,1.95,positional,154,0.29178944321510175
3,256,1.95,positional,155,0.29644627900361264
3,256,1.95,positional,156,0.30114608732999437
3,256,1.95,positional,157,0.3058889657100652
3,256,1.95,positional,158,0.3106750095740703
3,256,1.95,positional,159,0.3155043122670401
3,256,1.95,positional,160,0.32037696505352586
3,256,1.95,positional,161,0.32529305712667717
3,256,1.95,positional,162,0.330252675621616
3,256,1.95,positional,163,0.33525590563304913
3,256,1.95,positional,164,0.3403028302370523
3,256,1.95,positional,165,0.34539353051694693
3,256,1.95,positional,166,0.3505280855931823
3,256,1.95,positional,167,0.35570657265712774
3,256,1.95,positional,168,0.3609290670086679
3,256,1.95,positional,169,0.3661956420974899
3,256,1.95,positional,170,0.3715063695679419
3,256,1.95,positional,171,0.376861319307336
3,256,1.95,positional,172,0.38226055949756343
3,256,1.95,positional,173,0.38770415666988395
3,256,1.95,positional,174,0.3931921757627469
3,256,1.95,positional,175,0.3987246801824977
3,256,1.95,positional,176,0.4043017318668193
3,256,1.95,positional,177,0.4099233913507567
3,256,1.95,positional,178,0.4155897178351694
3,256,1.95,positional,179,0.42130076925745563
3,256,1.95,positional,180,0.4270566023643917
3,256,1.95,positional,181,0.4328572727869283
3,256,1.95,positional,182,0.4387028351167879
3,256,1.95,positional,183,0.4445933429847052
3,256,1.95,positional,184,0.4505288491401566
3,256,1.95,positional,185,0.45650940553242497
3,256,1.95,positional,186,0.4625350633928483
3,256,1.95,positional,187,0.4686058733181033
3,256,1.95,positional,188,0.47472188535437876
3,256,1.95,positional,189,0.48088314908229524
3,256,1.95,positional,190,0.4870897137024331
3,256,1.95,positional,191,0.49334162812133286
3,256,1.95,positional,192,0.49963894103783835
3,256,1.95,positional,193,0.5059817010296545
3,256,1.95,positional,194,0.512369956639999
3,256,1.95,positional,195,0.5188037564642306
3,256,1.95,positional,196,0.5252831492363408
3,256,1.95,positional,197,0.531808183915203
3,256,1.95,positional,198,0.5383789097704749
3,256,1.95,positional,199,0.5449953764680591
3,256,1.95,positional,200,0.551657634155029
3,256,1.95,positional,201,0.558365733543932
3,256,1.95,positional,202,0.5651197259963917
3,256,1.95,positional,203,0.5719196636059282
3,256,1.95,positional,204,0.5787655992799294
3,256,1.95,positional,205,0.5856575868207045
3,256,1.95,positional,206,0.5925956810055584
3,256,1.95,positional,207,0.5995799376658331
3,256,1.95,positional,208,0.6066104137648608
3,256,1.95,positional,209,0.6136871674747848
3,256,1.95,positional,210,0.6208102582522046
3,256,1.95,positional,211,0.6279797469126073
3,256,1.95,positional,212,0.6351956957035518
3,256,1.95,positional,213,0.6424581683765763
3,256,1.95,positional,214,0.6497672302578039
3,256,1.95,positional,215,0.6571229483172237
3,256,1.95,positional,216,0.6645253912366309
3,256,1.95,positional,217,0.6719746294762102
3,256,1.95,positional,218,0.6794707353397519
3,256,1.95,positional,219,0.6870137830384926
3,256,1.95,positional,220,0.6946038487535765
3,256,1.95,positional,221,0.7022410106971341
3,256,1.95,positional,222,0.7099253491719797
3,256,1.95,positional,223,0.717656946629931
3,256,1.95,positional,224,0.7254358877287567
3,256,1.95,positional,225,0.7332622593877591
3,256,1.95,positional,226,0.7411361508420033
3,256,1.95,positional,227,0.7490576536952034
3,256,1.95,positional,228,0.75702686197128
3,256,1.95,positional,229,0.765043872164606
3,256,1.95,positional,230,0.7731087832889546
3,256,1.95,positional,231,0.7812216969251704
3,256,1.95,positional,232,0.7893827172675829
3,256,1.95,positional,233,0.7975919511691812
3,256,1.95,positional,234,0.8058495081855754
3,256,1.95,positional,235,0.8141555006177634
3,256,1.95,positional,236,0.8225100435537294
3,256,1.95,positional,237,0.8309132549088969
3,256,1.95,positional,238,0.8393652554654627
3,256,1.95,positional,239,0.8478661689106353
3,256,1.95,positional,240,0.8564161218738042
3,256,1.95,positional,241,0.865015243962668
3,256,1.95,positional,242,0.8736636677983443
3,256,1.95,positional,243,0.8823615290494907
3,256,1.95,positional,244,0.8911089664654638
3,256,1.95,positional,245,0.8999061219085406
3,256,1.95,positional,246,0.9087531403852314
3,256,1.95,positional,247,0.9176501700767092
3,256,1.95,positional,248,0.9265973623683847
3,256,1.95,positional,249,0.9355948718786495
3,256,1.95,positional,250,0.944642856486818
3,256,1.95,positional,251,0.9537414773602902
3,256,1.95,positional,252,0.9628908989809641
3,256,1.95,positional,253,0.972091289170921
3,256,1.95,positional,254,0.9813428191174091
3,256,1.95,positional,255,0.9906456633971514
3,256,1.95,positional,256,1.0
