p,N,beta,method,greville_index,x_greville,u_h_at_greville,u_exact_at_greville
3,2,1.55,uniform,0,0.0,0.0,0.0
3,2,1.55,uniform,1,0.16666666666666666,0.06157963569728523,0.062210767872207674
3,2,1.55,uniform,2,0.5,0.34230134276822366,0.34151006418859886
3,2,1.55,uniform,3,0.8333333333333334,0.7535615927993755,0.7538224523566759
3,2,1.55,uniform,4,1.0,1.0000000000000007,1.0
3,2,1.55,positional,0,0.0,0.0,0.0
3,2,1.55,positional,1,0.06647628879477106,0.014772042819229442,0.014966956178877546
3,2,1.55,positional,2,0.3998096221281044,0.24135940294114058,0.24147519478514634
3,2,1.55,positional,3,0.7331429554614376,0.6179664514977157,0.6180767855967182
3,2,1.55,positional,4,1.0,1.0000000000000002,1.0
3,2,1.65,uniform,0,0.0,0.0,0.0
3,2,1.65,uniform,1,0.16666666666666666,0.05156231178776177,0.052005638986799343
3,2,1.65,uniform,2,0.5,0.31923655943495144,0.31864015682981556
3,2,1.65,uniform,3,0.8333333333333334,0.7400070242696934,0.7402031757017181
3,2,1.65,uniform,4,1.0,1.0000000000000004,1.0
3,2,1.65,positional,0,0.0,0.0,0.0
3,2,1.65,positional,1,0.07749896337697586,0.014552497437358118,0.014700707082353794
3,2,1.65,positional,2,0.41083229671030913,0.23045647910360484,0.23043399687170293
3,2,1.65,positional,3,0.7441656300436424,0.6140377061655325,0.6141222791006065
3,2,1.65,positional,4,1.0,1.0,1.0
3,2,1.75,uniform,0,0.0,0.0,0.0
3,2,1.75,uniform,1,0.16666666666666666,0.0431965339621175,0.04347457166870242
3,2,1.75,uniform,2,0.5,0.2977039006056213,0.29730177875068026
3,2,1.75,uniform,3,0.8333333333333334,0.7266982174638017,0.7268299579111844
3,2,1.75,uniform,4,1.0,1.0000000000000009,1.0
3,2,1.75,positional,0,0.0,0.0,0.0
3,2,1.75,positional,1,0.08825378348340997,0.014188844626778866,0.014290036317653108
3,2,1.75,positional,2,0.4215871168167433,0.22065580445479643,0.22057324329791927
3,2,1.75,positional,3,0.7549204501500766,0.611343143253251,0.6114023207006006
3,2,1.75,positional,4,1.0,0.9999999999999998,1.0
3,2,1.85,uniform,0,0.0,0.0,0.0
3,2,1.85,uniform,1,0.16666666666666666,0.03619982068050813,0.03634295085301988
3,2,1.85,uniform,2,0.5,0.2776153304370264,0.2773923680169612
3,2,1.85,uniform,3,0.8333333333333334,0.7136257086327129,0.7136983534505362
3,2,1.85,uniform,4,1.0,1.0000000000000013,1.0
3,2,1.85,positional,0,0.0,0.0,0.0
3,2,1.85,positional,1,0.09816882619855222,0.013593613699741247,0.013650581637937458
3,2,1.85,positional,2,0.43150215953188553,0.21128979039336315,0.21121195725535682
3,2,1.85,positional,3,0.7648354928652189,0.608942424687871,0.608976960286116
3,2,1.85,positional,4,1.0,0.9999999999999991,1.0
3,2,1.95,uniform,0,0.0,0.0,0.0
3,2,1.95,uniform,1,0.16666666666666666,0.030341095167430332,0.030381209659067845
3,2,1.95,uniform,2,0.5,0.25888365531840407,0.2588162309603444
3,2,1.95,uniform,3,0.8333333333333334,0.7007821863336887,0.7008039971025091
3,2,1.95,uniform,4,1.0,1.0000000000000009,1.0
3,2,1.95,positional,0,0.0,0.0,0.0
3,2,1.95,positional,1,0.10693518593228213,0.012770013070562653,0.01278748762228127
3,2,1.95,positional,2,0.4402685192656155,0.2019840873217074,0.20195257003765543
3,2,1.95,positional,3,0.7736018525989489,0.6061794593199824,0.6061905016616046
3,2,1.95,positional,4,1.0,1.0000000000000004,1.0
3,4,1.55,uniform,0,0.0,0.0,0.0
3,4,1.55,uniform,1,0.08333333333333333,0.021055582563200725,0.021245603329259666
3,4,1.55,uniform,2,0.25,0.116801999048629,0.11662912394210093
3,4,1.55,uniform,3,0.5,0.34140524870939304,0.34151006418859886
3,4,1.55,uniform,4,0.75,0.6403101059202108,0.6402431759972019
3,4,1.55,uniform,5,0.9166666666666666,0.8738153153245838,0.8738315693310259
3,4,1.55,uniform,6,1.0,0.9999999999999996,1.0
3,4,1.55,positional,0,0.0,0.0,0.0
3,4,1.55,positional,1,0.010952245390251247,0.0009034460044126814,0.0009145972832492751
3,4,1.55,positional,2,0.06077313819330898,0.013021968553741915,0.013024260606848548
3,4,1.55,positional,3,0.20664359735146653,0.0868473820005201,0.08681485178672514
3,4,1.55,positional,4,0.5290246852945486,0.3727905287194537,0.3727242960167451
3,4,1.55,positional,5,0.8125371258248242,0.7248420385535586,0.7248647506383411
3,4,1.55,positional,6,1.0,0.9999999999999992,1.0
3,4,1.65,uniform,0,0.0,0.0,0.0
3,4,1.65,uniform,1,0.08333333333333333,0.01644711559105376,0.016571084962788512
3,4,1.65,uniform,2,0.25,0.10165557442824137,0.10153154954452945
3,4,1.65,uniform,3,0.5,0.31857051453192575,0.31864015682981556
3,4,1.65,uniform,4,0.75,0.6221337073584493,0.6220869409614409
3,4,1.65,uniform,5,0.9166666666666666,0.8662498618152455,0.8662612235933069
3,4,1.65,uniform,6,1.0,1.0000000000000016,1.0
3,4,1.65,positional,0,0.0,0.0,0.0
3,4,1.65,positional,1,0.015181513304923002,0.0009883818873290752,0.0009980903495820407
3,4,1.65,positional,2,0.07549179736090449,0.014082836359963644,0.014077794231601144
3,4,1.65,positional,3,0.2335393233486007,0.09076797472745116,0.09073900840138535
3,4,1.65,positional,4,0.551691143377011,0.3748482380148017,0.37479899686679186
3,4,1.65,positional,5,0.8247141926543629,0.727598548547527,0.7276134576267563
3,4,1.65,positional,6,1.0,0.9999999999999987,1.0
3,4,1.75,uniform,0,0.0,0.0,0.0
3,4,1.75,uniform,1,0.08333333333333333,0.012852809326796227,0.01292506748752916
3,4,1.75,uniform,2,0.25,0.08846815672616451,0.08838834764831845
3,4,1.75,uniform,3,0.5,0.29726097852848654,0.29730177875068026
3,4,1.75,uniform,4,0.75,0.6044748280343785,0.6044455866507423
3,4,1.75,uniform,5,0.9166666666666666,0.8587493568059824,0.8587564627309803
3,4,1.75,uniform,6,1.0,0.9999999999999987,1.0
3,4,1.75,positional,0,0.0,0.0,0.0
3,4,1.75,positional,1,0.019876941478758754,0.001044780832204102,0.0010522325406939336
3,4,1.75,positional,2,0.09085297476817622,0.015042596629882794,0.015034656693105736
3,4,1.75,positional,3,0.26078788075121806,0.09519273278366211,0.09517063323807788
3,4,1.75,positional,4,0.5742442726057927,0.37884079148480443,0.3788080299423382
3,4,1.75,positional,5,0.8366015726497085,0.7318168367613115,0.7318257459879054
3,4,1.75,positional,6,1.0,1.0,1.0
3,4,1.85,uniform,0,0.0,0.0,0.0
3,4,1.85,uniform,1,0.08333333333333333,0.010046655005719073,0.010081257197843226
3,4,1.85,uniform,2,0.25,0.0769888670629125,0.07694652583405726
3,4,1.85,uniform,3,0.5,0.27737307134143735,0.2773923680169612
3,4,1.85,uniform,4,0.75,0.587319564857111,0.5873045119013454
3,4,1.85,uniform,5,0.9166666666666666,0.8513130604575083,0.8513167185565381
3,4,1.85,uniform,6,1.0,0.9999999999999984,1.0
3,4,1.85,positional,0,0.0,0.0,0.0
3,4,1.85,positional,1,0.024731441187482283,0.0010608083168427258,0.0010653969181279059
3,4,1.85,positional,2,0.10589983117000583,0.015712465847727605,0.015705661945968837
3,4,1.85,positional,3,0.2866698669108752,0.09913236540628362,0.0991189705687923
3,4,1.85,positional,4,0.5952717590567262,0.38303941404824443,0.3830216003434344
3,4,1.85,positional,5,0.8474367024075361,0.736199987962017,0.736204467014109
3,4,1.85,positional,6,1.0,1.0000000000000007,1.0
3,4,1.95,uniform,0,0.0,0.0,0.0
3,4,1.95,uniform,1,0.08333333333333333,0.00785411796641622,0.007863150175975948
3,4,1.95,uniform,2,0.25,0.06699812228700605,0.06698584140851832
3,4,1.95,uniform,3,0.5,0.25881137405344234,0.2588162309603444
3,4,1.95,uniform,4,0.75,0.5706537651260915,0.5706495296142864
3,4,1.95,uniform,5,0.9166666666666666,0.8439403988331843,0.8439414278049036
3,4,1.95,uniform,6,1.0,1.0000000000000009,1.0
3,4,1.95,positional,0,0.0,0.0,0.0
3,4,1.95,positional,1,0.029477913205770884,0.001034880226693062,0.0010363790726355066
3,4,1.95,positional,2,0.11994130156551125,0.01599789345545925,0.015995177978386045
3,4,1.95,positional,3,0.3101344002339758,0.10198605927383055,0.10198173235287163
3,4,1.95,positional,4,0.6139898203615383,0.38629599299637896,0.3862907271509173
3,4,1.95,positional,5,0.8568597653351313,0.7399004234123508,0.7399016804241144
3,4,1.95,positional,6,1.0,1.0000000000000002,1.0
3,8,1.55,uniform,0,0.0,0.0,0.0
3,8,1.55,uniform,1,0.041666666666666664,0.007190990412471682,0.007255587356700979
3,8,1.55,uniform,2,0.125,0.03988782758323416,0.03983001960372694
3,8,1.55,uniform,3,0.25,0.11659567413053662,0.11662912394210093
3,8,1.55,uniform,4,0.375,0.2186678633789805,0.21864948813111684
3,8,1.55,uniform,5,0.5,0.3415037737399932,0.34151006418859886
3,8,1.55,uniform,6,0.625,0.48263336518904987,0.4826296810348376
3,8,1.55,uniform,7,0.75,0.6402421401553551,0.6402431759972019
3,8,1.55,uniform,8,0.875,0.8130420248462482,0.8130410663714555
3,8,1.55,uniform,9,0.9583333333333334,0.9361611521062848,0.9361613804560732
3,8,1.55,uniform,10,1.0,1.0000000000000324,1.0
3,8,1.55,positional,0,0.0,0.0,0.0
3,8,1.55,positional,1,0.0014006972416552353,3.7259855337003783e-05,3.7742757246250255e-05
3,8,1.55,positional,2,0.0077006887956397735,0.0005299503596713091,0.0005298108376482489
3,8,1.55,positional,3,0.025380532013691278,0.003366013746782353,0.0033649306502591125
3,8,1.55,positional,4,0.06338611577379681,0.013905032660579278,0.013902436377892041
3,8,1.55,positional,5,0.13355944324566885,0.04414116000329122,0.04413627023047248
3,8,1.55,positional,6,0.25025400234233275,0.11682023821501768,0.11681284449006744
3,8,1.55,positional,7,0.42912983003990224,0.26948349412421346,0.26947128427779227
3,8,1.55,positional,8,0.6859898443473789,0.5575733393079493,0.5575610326344043
3,8,1.55,positional,9,0.8849487753659968,0.8274116423581703,0.8274144583105244
3,8,1.55,positional,10,1.0,1.0,1.0
3,8,1.65,uniform,0,0.0,0.0,0.0
3,8,1.65,uniform,1,0.041666666666666664,0.005240898523732899,0.00528021311138313
3,8,1.65,uniform,2,0.125,0.032390773364973216,0.032352028870043056
3,8,1.65,uniform,3,0.25,0.10151083587357645,0.10153154954452945
3,8,1.65,uniform,4,0.375,0.19823395388879242,0.19822188042973374
3,8,1.65,uniform,5,0.5,0.3186363423229814,0.31864015682981556
3,8,1.65,uniform,6,0.625,0.46047321015207615,0.46047072926222576
3,8,1.65,uniform,7,0.75,0.6220863744479206,0.6220869409614409
3,8,1.65,uniform,8,0.875,0.8022572507616383,0.80225657940896
3,8,1.65,uniform,9,0.9583333333333334,0.9321854209264105,0.9321855801450938
3,8,1.65,uniform,10,1.0,1.0000000000000415,1.0
3,8,1.65,positional,0,0.0,0.0,0.0
3,8,1.65,positional,1,0.0023428083468646733,4.524088407495617e-05,4.571572992478213e-05
3,8,1.65,positional,2,0.011693793885123469,0.0006491987323485131,0.0006488233444274776
3,8,1.65,positional,3,0.035505553102586164,0.0040561664920779564,0.0040549813959254374
3,8,1.65,positional,4,0.08206914822887422,0.016160631911039308,0.01615834505043016
3,8,1.65,positional,5,0.1611958395978572,0.04922282162585309,0.04921911690304856
3,8,1.65,positional,6,0.2839133486047255,0.12524900994411853,0.12524390203201102
3,8,1.65,positional,7,0.4618145761842903,0.2795013309873437,0.27949342777727165
3,8,1.65,positional,8,0.706670232610382,0.5639152225714806,0.5639072993471744
3,8,1.65,positional,9,0.8934742977193842,0.8303945262060637,0.8303962997588795
3,8,1.65,positional,10,1.0,0.9999999999999948,1.0
3,8,1.75,uniform,0,0.0,0.0,0.0
3,8,1.75,uniform,1,0.041666666666666664,0.0038212673746158042,0.003842645554515005
3,8,1.75,uniform,2,0.125,0.026301308272277425,0.026278012976678578
3,8,1.75,uniform,3,0.25,0.08837704162087483,0.08838834764831845
3,8,1.75,uniform,4,0.375,0.17970985958191957,0.17970274806926415
3,8,1.75,uniform,5,0.5,0.2972997642595006,0.29730177875068026
3,8,1.75,uniform,6,0.625,0.4393306691120027,0.4393291603049602
3,8,1.75,uniform,7,0.75,0.6044453393571552,0.6044455866507423
3,8,1.75,uniform,8,0.875,0.7916155707726742,0.7916151419969174
3,8,1.75,uniform,9,0.9583333333333334,0.9282265636051809,0.9282266647307174
3,8,1.75,uniform,10,1.0,1.0000000000000417,1.0
3,8,1.75,positional,0,0.0,0.0,0.0
3,8,1.75,positional,1,0.003596578951697619,5.242065760364911e-05,5.2821021663357375e-05
3,8,1.75,positional,2,0.01658757118321001,0.0007671723184533272,0.0007666901774672871
3,8,1.75,positional,3,0.047183969373947775,0.004777868065437669,0.004776835968269722
3,8,1.75,positional,4,0.10246784283173431,0.0185596147626028,0.018557876856578084
3,8,1.75,positional,5,0.1901347287616176,0.05474916300486945,0.05474664838377551
3,8,1.75,positional,6,0.3181778722681337,0.13479781005845734,0.1347945872569797
3,8,1.75,positional,7,0.4945639285870043,0.29167295951779654,0.29166832377291774
3,8,1.75,positional,8,0.7272393837589419,0.5727154111208834,0.5727108788007211
3,8,1.75,positional,9,0.9019331753950214,0.8347465169369667,0.8347475112989529
3,8,1.75,positional,10,1.0,0.9999999999999987,1.0
3,8,1.85,uniform,0,0.0,0.0,0.0
3,8,1.85,uniform,1,0.041666666666666664,0.0027869126730653087,0.002796463806697768
3,8,1.85,uniform,2,0.125,0.021355928396797674,0.021344379011787425
3,8,1.85,uniform,3,0.25,0.07694154648222788,0.07694652583405726
3,8,1.85,uniform,4,0.375,0.16291724511752023,0.16291378930335976
3,8,1.85,uniform,5,0.5,0.2773915269534393,0.2773923680169612
3,8,1.85,uniform,6,0.625,0.41915902675615463,0.419158263118061
3,8,1.85,uniform,7,0.75,0.5873044450547527,0.5873045119013454
3,8,1.85,uniform,8,0.875,0.7811150867596149,0.7811148566715026
3,8,1.85,uniform,9,0.9583333333333334,0.9242845085886039,0.9242845625041782
3,8,1.85,uniform,10,1.0,0.9999999999999957,1.0
3,8,1.85,positional,0,0.0,0.0,0.0
3,8,1.85,positional,1,0.005101273815634823,5.7174204079694236e-05,5.743881550120059e-05
3,8,1.85,positional,2,0.022097938176233487,0.0008654773918815506,0.0008650689921457673
3,8,1.85,positional,3,0.059698662727011374,0.005439883709653032,0.0054391935769914305
3,8,1.85,positional,4,0.12329792599548917,0.020810868009839452,0.02080981297169191
3,8,1.85,positional,5,0.21854129187563984,0.059999430626177123,0.05999802935336518
3,8,1.85,positional,6,0.3508210436044587,0.14401692608055056,0.14401523149850498
3,8,1.85,positional,7,0.5251232170604895,0.30372917523119014,0.3037268996313806
3,8,1.85,positional,8,0.7462165201530735,0.581837348000742,0.5818351976574058
3,8,1.85,positional,9,0.9096693772068102,0.8393331444082056,0.8393336091829476
3,8,1.85,positional,10,1.0,0.9999999999999943,1.0
3,8,1.95,uniform,0,0.0,0.0,0.0
3,8,1.95,uniform,1,0.041666666666666664,0.0020327847059026464,0.002035110892021264
3,8,1.95,uniform,2,0.125,0.017340153863619822,0.01733702300106008
3,8,1.95,uniform,3,0.25,0.06698467525707824,0.06698584140851832
3,8,1.95,uniform,4,0.375,0.1476942804834065,0.14769336045406303
3,8,1.95,uniform,5,0.5,0.258816051164589,0.2588162309603444
3,8,1.95,uniform,6,0.625,0.3999136850966937,0.39991347129835847
3,8,1.95,uniform,7,0.75,0.5706495295966998,0.5706495296142864
3,8,1.95,uniform,8,0.875,0.7707539200264091,0.7707538511375747
3,8,1.95,uniform,9,0.9583333333333334,0.9203591860343572,0.9203592020612519
3,8,1.95,uniform,10,1.0,1.0000000000000087,1.0
3,8,1.95,positional,0,0.0,0.0,0.0
3,8,1.95,positional,1,0.006764146695544305,5.864653072338319e-05,5.873749004872707e-05
3,8,1.95,positional,2,0.027892642214989233,0.0009306412101323138,0.0009304752578385558
3,8,1.95,positional,3,0.07233749890841533,0.005967278336684045,0.005967037994731653
3,8,1.95,positional,4,0.14347480052201417,0.022683967037426887,0.02268362597689808
3,8,1.95,positional,5,0.24508700150973217,0.06444324620816912,0.06444282094182083
3,8,1.95,positional,6,0.38045751156467106,0.1519142178185681,0.15191372671331368
3,8,1.95,positional,7,0.5522666084288567,0.3141890107534212,0.3141883890381395
3,8,1.95,positional,8,0.7628592452550271,0.5898845542530041,0.5898839872109984
3,8,1.95,positional,9,0.9163772118399955,0.8434217279352503,0.8434218493558662
3,8,1.95,positional,10,1.0,1.0000000000000064,1.0
3,16,1.55,uniform,0,0.0,0.0,0.0
3,16,1.55,uniform,1,0.020833333333333332,0.0024557956969565894,0.002477856103912938
3,16,1.55,uniform,2,0.0625,0.01362209414531404,0.013602352551501938
3,16,1.55,uniform,3,0.125,0.039818596954138044,0.03983001960372694
3,16,1.55,uniform,4,0.1875,0.07467727428997831,0.074671000726462
3,16,1.55,uniform,5,0.25,0.11662697976068363,0.11662912394210093
3,16,1.55,uniform,6,0.3125,0.16482414209849652,0.16482289334953037
3,16,1.55,uniform,7,0.375,0.2186491560330084,0.21864948813111684
3,16,1.55,uniform,8,0.4375,0.27766198924315877,0.27766170676448265
3,16,1.55,uniform,9,0.5,0.34151004226114634,0.34151006418859886
3,16,1.55,uniform,10,0.5625,0.4099114080062466,0.4099113244109841
3,16,1.55,uniform,11,0.625,0.48262970200794153,0.4826296810348376
3,16,1.55,uniform,12,0.6875,0.5594647349967905,0.5594646992351152
3,16,1.55,uniform,13,0.75,0.6402431968127499,0.6402431759972019
3,16,1.55,uniform,14,0.8125,0.724813435601383,0.7248134153365206
3,16,1.55,uniform,15,0.875,0.8130410828970542,0.8130410663714555
3,16,1.55,uniform,16,0.9375,0.9048060262582828,0.9048060136980782
3,16,1.55,uniform,17,0.9791666666666666,0.9678939174657474,0.9678939202234372
3,16,1.55,uniform,18,1.0,0.9999999999999446,1.0
3,16,1.55,positional,0,0.0,0.0,0.0
3,16,1.55,positional,1,0.0001479902560331046,1.1438561648444554e-06,1.158407440593108e-06
3,16,1.55,positional,2,0.0008091811477034237,1.6127987258303087e-05,1.6123930660524822e-05
3,16,1.55,positional,3,0.0026717815497453654,0.00010272515168554102,0.00010269314797711072
3,16,1.55,positional,4,0.006661772810415502,0.000423302914729363,0.0004232180846377582
3,16,1.55,positional,5,0.013936494626149029,0.0013288785401978538,0.0013287338687435481
3,16,1.55,positional,6,0.025841229410713942,0.003460291093116206,0.0034600742304769904
3,16,1.55,positional,7,0.043906670384483,0.007869346339618867,0.007869049574509833
3,16,1.55,positional,8,0.06986167434524536,0.016165189802608743,0.016164803678236524
3,16,1.55,positional,9,0.10565260481233286,0.030691720372530828,0.030691232110788218
3,16,1.55,positional,10,0.15343645802302897,0.054726044915574576,0.05472544163912719
3,16,1.55,positional,11,0.21550582409063437,0.09265415521661438,0.09265342285685342
3,16,1.55,positional,12,0.29416362341187235,0.15007742250239545,0.15007657088447698
3,16,1.55,positional,13,0.391614108836625,0.23384724128810885,0.23384625080074972
3,16,1.55,positional,14,0.509924198906086,0.35207485038173564,0.3520738055324865
3,16,1.55,positional,15,0.6510587646395032,0.5141766646344211,0.514175399535379
3,16,1.55,positional,16,0.8169543368469153,0.7309829204556259,0.7309817983127302
3,16,1.55,positional,17,0.9360172973750163,0.9025886971629228,0.9025889356358554
3,16,1.55,positional,18,1.0,1.0000000000000135,1.0
3,16,1.65,uniform,0,0.0,0.0,0.0
3,16,1.65,uniform,1,0.020833333333333332,0.001669960780615741,0.001682487933905969
3,16,1.65,uniform,2,0.0625,0.010321000884766876,0.01030865555291324
3,16,1.65,uniform,3,0.125,0.03234542908778335,0.032352028870043056
3,16,1.65,uniform,4,0.1875,0.06316529721361241,0.0631614510672313
3,16,1.65,uniform,5,0.25,0.10153033625851969,0.10153154954452945
3,16,1.65,uniform,6,0.3125,0.14672525087392418,0.14672446538765516
3,16,1.65,uniform,7,0.375,0.19822171148180096,0.19822188042973374
3,16,1.65,uniform,8,0.4375,0.255631351667799,0.2556311622806224
3,16,1.65,uniform,9,0.5,0.31864015979585375,0.31864015682981556
3,16,1.65,uniform,10,0.5625,0.38699222445053355,0.3869921621147632
3,16,1.65,uniform,11,0.625,0.4604707518196167,0.46047072926222576
3,16,1.65,uniform,12,0.6875,0.5388898241612591,0.538889794658675
3,16,1.65,uniform,13,0.75,0.6220869602515986,0.6220869409614409
3,16,1.65,uniform,14,0.8125,0.7099186258938663,0.7099186081800853
3,16,1.65,uniform,15,0.875,0.8022565944536735,0.80225657940896
3,16,1.65,uniform,16,0.9375,0.8989853438891044,0.8989853326051906
3,16,1.65,uniform,17,0.9791666666666666,0.9658583146464056,0.9658583171183324
3,16,1.65,uniform,18,1.0,0.9999999999999103,1.0
3,16,1.65,positional,0,0.0,0.0,0.0
3,16,1.65,positional,1,0.00029002805305997905,1.4396420287522546e-06,1.4555462573340468e-06
3,16,1.65,positional,2,0.0014843236350184632,2.1538517950753094e-05,2.1528917555756294e-05
3,16,1.65,positional,3,0.0045891957947512855,0.00013867439181349016,0.00013863260004309632
3,16,1.65,positional,4,0.010718789290955452,0.0005620926328701467,0.0005620053638829941
3,16,1.65,positional,5,0.021088904491759947,0.0017168104140309903,0.0017166791520485734
3,16,1.65,positional,6,0.03696791532170649,0.004334402896772323,0.00433422232892596
3,16,1.65,positional,7,0.059692339919662274,0.009556000715734756,0.009555770166717312
3,16,1.65,positional,8,0.09068180867517169,0.019050867492450666,0.01905058369054315
3,16,1.65,positional,9,0.13146920288054084,0.03516121567932651,0.03516087296408656
3,16,1.65,positional,10,0.18370436490457986,0.061066078685236974,0.061065671136575135
3,16,1.65,positional,11,0.24909881757553823,0.10092884764792052,0.1009283675650551
3,16,1.65,positional,12,0.3293406095752917,0.1599986077830191,0.15999806126976873
3,16,1.65,positional,13,0.42603642435677536,0.24467422549347484,0.24467359677289494
3,16,1.65,positional,14,0.5407161320292468,0.36257694086099956,0.3625762802610887
3,16,1.65,positional,15,0.6748935724347106,0.5226836319695599,0.5226828275485966
3,16,1.65,positional,16,0.8301518828153013,0.7355469452569413,0.7355462224931372
3,16,1.65,positional,17,0.9408571762669323,0.9043031312474581,0.9043032838902387
3,16,1.65,positional,18,1.0,0.9999999999999934,1.0
3,16,1.75,uniform,0,0.0,0.0,0.0
3,16,1.75,uniform,1,0.020833333333333332,0.0011360696110336572,0.0011424253584657051
3,16,1.75,uniform,2,0.0625,0.007819425635554886,0.0078125
3,16,1.75,uniform,3,0.125,0.02627465186260321,0.026278012976678578
3,16,1.75,uniform,4,0.1875,0.05342806049617352,0.0534259466473776
3,16,1.75,uniform,5,0.25,0.08838774969557177,0.08838834764831845
3,16,1.75,uniform,6,0.3125,0.13061378716451297,0.1306133408157074
3,16,1.75,uniform,7,0.375,0.1797026796846594,0.17970274806926415
3,16,1.75,uniform,8,0.4375,0.23534870590039572,0.23534858980165588
3,16,1.75,uniform,9,0.5,0.29730179240351856,0.29730177875068026
3,16,1.75,uniform,10,0.5625,0.3653545098242326,0.36535446722156006
3,16,1.75,uniform,11,0.625,0.4393291800160758,0.4393291603049602
3,16,1.75,uniform,12,0.6875,0.5190715759208981,0.5190715539055438
3,16,1.75,uniform,13,0.75,0.6044456022827683,0.6044455866507423
3,16,1.75,uniform,14,0.8125,0.6953299009305312,0.6953298870804656
3,16,1.75,uniform,15,0.875,0.7916151541168455,0.7916151419969174
3,16,1.75,uniform,16,0.9375,0.8932021053970957,0.8932020963655337
3,16,1.75,uniform,17,0.9791666666666666,0.9638269931696479,0.9638269951435403
3,16,1.75,uniform,18,1.0,1.000000000000469,1.0
3,16,1.75,positional,0,0.0,0.0,0.0
3,16,1.75,positional,1,0.0005192293725803102,1.7710634564556485e-06,1.7859886375856732e-06
3,16,1.75,positional,2,0.002491402645336213,2.7797064260973443e-05,2.778285435044529e-05
3,16,1.75,positional,3,0.00725611454924225,0.0001804406798625865,0.00018039821157284138
3,16,1.75,positional,4,0.016009601966240933,0.0007206271390785892,0.0007205530078956738
3,16,1.75,positional,5,0.029909371324382632,0.002151213282869589,0.0021511106376391996
3,16,1.75,positional,6,0.05006634830622916,0.005299271993786924,0.0052991395144251436
3,16,1.75,positional,7,0.07757336717774264,0.011402583016297377,0.011402422398539096
3,16,1.75,positional,8,0.11352929954010745,0.02220458350247684,0.022204394108342684
3,16,1.75,positional,9,0.15908108658284406,0.040071430617455724,0.04007121032860435
3,16,1.75,positional,10,0.2154278861238048,0.0681208368430245,0.06812058359621093
3,16,1.75,positional,11,0.2837724318180009,0.11033136531304154,0.11033107593562046
3,16,1.75,positional,12,0.3652600683228788,0.1716147673411079,0.17161444613432184
3,16,1.75,positional,13,0.460953089706569,0.25786944637465936,0.2578690843132361
3,16,1.75,positional,14,0.5718599824224503,0.37606024083757617,0.37605986561732035
3,16,1.75,positional,15,0.6990064223667941,0.5343704174877411,0.5343699655670254
3,16,1.75,positional,16,0.8435201991143839,0.7424502174407653,0.7424498123616915
3,16,1.75,positional,17,0.9457742190443775,0.907043330066707,0.9070434152630072
3,16,1.75,positional,18,1.0,1.0000000000000262,1.0
3,16,1.85,uniform,0,0.0,0.0,0.0
3,16,1.85,uniform,1,0.020833333333333332,0.0007730683131536702,0.0007757177174136195
3,16,1.85,uniform,2,0.0625,0.005923971518878077,0.005920767837931241
3,16,1.85,uniform,3,0.125,0.02134299783617028,0.021344379011787425
3,16,1.85,uniform,4,0.1875,0.045192000284134365,0.045191041797475254
3,16,1.85,uniform,5,0.25,0.07694629282833723,0.07694652583405726
3,16,1.85,uniform,6,0.3125,0.11627151431436496,0.11627130318019543
3,16,1.85,uniform,7,0.375,0.16291377237806845,0.16291378930335976
3,16,1.85,uniform,8,0.4375,0.21667535967176488,0.2166752997853374
3,16,1.85,uniform,9,0.5,0.27739238139045064,0.2773923680169612
3,16,1.85,uniform,10,0.5625,0.3449266141314387,0.34492658969967743
3,16,1.85,uniform,11,0.625,0.4191582765521177,0.419158263118061
3,16,1.85,uniform,12,0.6875,0.49998216346638286,0.49998214986530265
3,16,1.85,uniform,13,0.75,0.5873045221491162,0.5873045119013454
3,16,1.85,uniform,14,0.8125,0.681040970903739,0.6810409620150252
3,16,1.85,uniform,15,0.875,0.7811148646282301,0.7811148566715026
3,16,1.85,uniform,16,0.9375,0.8874560700105766,0.8874560640937177
3,16,1.85,uniform,17,0.9791666666666666,0.9617999440042752,0.9617999452953037
3,16,1.85,uniform,18,1.0,1.0000000000001315,1.0
3,16,1.85,positional,0,0.0,0.0,0.0
3,16,1.85,positional,1,0.0008557145732395597,2.1017437687991198e-06,2.1125573971780805e-06
3,16,1.85,positional,2,0.003851828339605873,3.41714539279178e-05,3.4157321671858134e-05
3,16,1.85,positional,3,0.010638964568356226,0.00022378181325938778,0.00022375040015803588
3,16,1.85,positional,4,0.02234313055766671,0.0008829587732655678,0.0008829100147391973
3,16,1.85,positional,5,0.03996596616772412,0.0025890341559589823,0.0025889704012727207
3,16,1.85,positional,6,0.06440780492227242,0.006259529145229511,0.00625945067871412
3,16,1.85,positional,7,0.09649332118693775,0.013222784677562832,0.01322269318865344
3,16,1.85,positional,8,0.1370135108392259,0.025293799594143667,0.02529369517961548
3,16,1.85,positional,9,0.18677556505197748,0.0448686755941836,0.04486855766957588
3,16,1.85,positional,10,0.2465987320855827,0.0750211670472834,0.0750210352163011
3,16,1.85,positional,11,0.3172658258044014,0.11957313825792981,0.1195729916604607
3,16,1.85,positional,12,0.3994785800103257,0.18313162407017783,0.18313146527353313
3,16,1.85,positional,13,0.49385333458945846,0.2711168829333331,0.271116708015169
3,16,1.85,positional,14,0.6009634098180141,0.38982443194092703,0.38982425381633745
3,16,1.85,positional,15,0.7214104021276647,0.5465597016296946,0.5465594911532385
3,16,1.85,positional,16,0.8559004170210448,0.7498650258089611,0.749864839270927
3,16,1.85,positional,17,0.950317442378292,0.9100328659980375,0.9100329051559903
3,16,1.85,positional,18,1.0,1.000000000000027,1.0
3,16,1.95,uniform,0,0.0,0.0,0.0
3,16,1.95,uniform,1,0.020833333333333332,0.0005261176767012032,0.0005267197306592879
3,16,1.95,uniform,2,0.0625,0.004487913264066392,0.004487102949207168
3,16,1.95,uniform,3,0.125,0.017336721188274833,0.01733702300106008
3,16,1.95,uniform,4,0.1875,0.03822567699546872,0.038225438890588166
3,16,1.95,uniform,5,0.25,0.06698579490581784,0.06698584140851832
3,16,1.95,uniform,6,0.3125,0.10350415261305386,0.103504097351709
3,16,1.95,uniform,7,0.375,0.14769336062711155,0.14769336045406303
3,16,1.95,uniform,8,0.4375,0.19948362398308475,0.19948360674959742
3,16,1.95,uniform,9,0.5,0.2588162366020488,0.2588162309603444
3,16,1.95,uniform,10,0.5625,0.3256408934115154,0.3256408856490063
3,16,1.95,uniform,11,0.625,0.399913476129975,0.39991347129835847
3,16,1.95,uniform,12,0.6875,0.48159478339750017,0.48159477879887747
3,16,1.95,uniform,13,0.75,0.5706495332330127,0.5706495296142864
3,16,1.95,uniform,14,0.8125,0.6670456753223416,0.6670456722201512
3,16,1.95,uniform,15,0.875,0.7707538539645425,0.7707538511375747
3,16,1.95,uniform,16,0.9375,0.8817469985578905,0.8817469964539856
3,16,1.95,uniform,17,0.9791666666666666,0.959777158130355,0.9597771585888009
3,16,1.95,uniform,18,1.0,0.9999999999999111,1.0
3,16,1.95,positional,0,0.0,0.0,0.0
3,16,1.95,positional,1,0.0013028117008149294,2.362035566109685e-06,2.366024395795991e-06
3,16,1.95,positional,2,0.005529933390198563,3.966208516737359e-05,3.9655534254739365e-05
3,16,1.95,positional,3,0.014598835056955778,0.0002632931320951514,0.0002632815908455663
3,16,1.95,positional,4,0.029396912979805973,0.0010308498619090317,0.0010308331284376489
3,16,1.95,positional,5,0.05071297303969294,0.002985281144213786,0.002985260192971643
3,16,1.95,positional,6,0.07921068046457917,0.007122456723442483,0.007122431827540313
3,16,1.95,positional,7,0.11544710594136713,0.01484730986792941,0.0148472816894026
3,16,1.95,positional,8,0.15993904308439344,0.028035722218975174,0.028035690822723575
3,16,1.95,positional,9,0.21321190327037284,0.04911143547238247,0.049111400795353984
3,16,1.95,positional,10,0.2757805184685066,0.08111462997119605,0.08111459204307545
3,16,1.95,positional,11,0.3480981460470776,0.1277375185472656,0.12773747730742854
3,16,1.95,positional,12,0.4305242513945147,0.19332831142764412,0.19332826769226955
3,16,1.95,positional,13,0.5233352375647736,0.28289223663722607,0.2828921894922942
3,16,1.95,positional,14,0.6267735067352171,0.4021293585803016,0.40212931140373054
3,16,1.95,positional,15,0.7411144051159978,0.5575403319618468,0.5575402773822757
3,16,1.95,positional,16,0.8667308219804855,0.7566138676822384,0.756613820028598
3,16,1.95,positional,17,0.9542731396725074,0.9127708449380832,0.9127708549406811
3,16,1.95,positional,18,1.0,1.0000000000000069,1.0
3,32,1.55,uniform,0,0.0,0.0,0.0
3,32,1.55,uniform,1,0.010416666666666666,0.000838678946099744,0.0008462127970974188
3,32,1.55,uniform,2,0.03125,0.004652082245955106,0.004645340292979378
3,32,1.55,uniform,3,0.0625,0.013598451601692428,0.013602352551501938
3,32,1.55,uniform,4,0.09375,0.025503040736226133,0.02550089825112095
3,32,1.55,uniform,5,0.125,0.03982928734412224,0.03983001960372694
3,32,1.55,uniform,6,0.15625,0.05628910334803844,0.056288676887548704
3,32,1.55,uniform,7,0.1875,0.07467088731124859,0.074671000726462
3,32,1.55,uniform,8,0.21875,0.09482436376999624,0.09482426729985438
3,32,1.55,uniform,9,0.25,0.11662911645169928,0.11662912394210093
3,32,1.55,uniform,10,0.28125,0.1399888712643662,0.13998884271122877
3,32,1.55,uniform,11,0.3125,0.16482290050154408,0.16482289334953037
3,32,1.55,uniform,12,0.34375,0.1910628375843797,0.19106282534703936
3,32,1.55,uniform,13,0.375,0.2186494951832129,0.21864948813111684
3,32,1.55,uniform,14,0.40625,0.2475310830480297,0.2475310759963327
3,32,1.55,uniform,15,0.4375,0.27766171211310425,0.27766170676448265
3,32,1.55,uniform,16,0.46875,0.309000364573234,0.30900035981626095
3,32,1.55,uniform,17,0.5,0.3415100681519917,0.34151006418859886
3,32,1.55,uniform,18,0.53125,0.37515726904033353,0.37515726557713075
3,32,1.55,uniform,19,0.5625,0.4099113274045577,0.4099113244109841
3,32,1.55,uniform,20,0.59375,0.44574411458401086,0.44574411195209007
3,32,1.55,uniform,21,0.625,0.4826296833535468,0.4826296810348376
3,32,1.55,uniform,22,0.65625,0.5205439966095698,0.5205439945498125
3,32,1.55,uniform,23,0.6875,0.5594647010731559,0.5594646992351152
3,32,1.55,uniform,24,0.71875,0.5993709371179929,0.5993709354691211
3,32,1.55,uniform,25,0.75,0.6402431774836643,0.6402431759972019
3,32,1.55,uniform,26,0.78125,0.6820630894971166,0.6820630881529534
3,32,1.55,uniform,27,0.8125,0.72481341656042,0.7248134153365206
3,32,1.55,uniform,28,0.84375,0.7684778755223923,0.7684778744124325
3,32,1.55,uniform,29,0.875,0.8130410674010261,0.8130410663714555
3,32,1.55,uniform,30,0.90625,0.8584883990361935,0.8584883981240155
3,32,1.55,uniform,31,0.9375,0.9048060146120693,0.9048060136980782
3,32,1.55,uniform,32,0.96875,0.9519807341436244,0.951980733431581
3,32,1.55,uniform,33,0.9895833333333334,0.9839004901401753,0.9839004902933423
3,32,1.55,uniform,34,1.0,0.9999999999998945,1.0
3,32,1.55,positional,0,0.0,0.0,0.0
3,32,1.55,positional,1,9.96261049855533e-06,1.7371758775187216e-08,1.7679842205331943e-08
3,32,1.55,positional,2,6.333598501163397e-05,3.1068183785657093e-07,3.1085533136520235e-07
3,32,1.55,positional,3,0.00022419270114017414,2.2061367376599603e-06,2.205277658818595e-06
3,32,1.55,positional,4,0.0005817759510856733,9.670952267518007e-06,9.668774588028965e-06
3,32,1.55,positional,5,0.0012467406770251292,3.151405125025484e-05,3.151033355223559e-05
3,32,1.55,positional,6,0.0023498829790356526,8.416882778412586e-05,8.416308866407039e-05
3,32,1.55,positional,7,0.004041597907054144,0.00019506309295610813,0.00019505510049546923
3,32,1.55,positional,8,0.006486182773305535,0.00040606389716010344,0.0004060534761684995
3,32,1.55,positional,9,0.009860539102696126,0.0007772366568022268,0.0007772236773356489
3,32,1.55,positional,10,0.014354674935644926,0.0013910559926495372,0.0013910402978650372
3,32,1.55,positional,11,0.02017150825704374,0.002356936580276401,0.0023569180215496587
3,32,1.55,positional,12,0.027525676914935227,0.0038158945580644434,0.0038158730028952583
3,32,1.55,positional,13,0.03664247203984366,0.005945360419846706,0.005945335756387753
3,32,1.55,positional,14,0.047757868648265256,0.008964395372218619,0.008964367490342025
3,32,1.55,positional,15,0.061119673828346655,0.013139584294566896,0.013139553067787246
3,32,1.55,positional,16,0.07698897976232756,0.018791657033124427,0.018791622308032663
3,32,1.55,positional,17,0.09564082084111541,0.026302543103727517,0.026302504704660338
3,32,1.55,positional,18,0.11736316141753426,0.036122250279544924,0.03612220802699841
3,32,1.55,positional,19,0.14245387274883706,0.04877480206440146,0.04877475580189899
3,32,1.55,positional,20,0.17121596972351952,0.06486254061796469,0.06486249024256797
3,32,1.55,positional,21,0.20395187732835854,0.08506839217644231,0.08506833765923116
3,32,1.55,positional,22,0.24095774506363346,0.11015611505833481,0.11015605646477307
3,32,1.55,positional,23,0.2825187748654177,0.140968971047087,0.14096890851567112
3,32,1.55,positional,24,0.3289062291253771,0.17842755076270023,0.17842748453956744
3,32,1.55,positional,25,0.3803763689251449,0.223527573853295,0.22352750414978476
3,32,1.55,positional,26,0.43717117957266655,0.27733838053165144,0.27733830779130375
3,32,1.55,positional,27,0.4995204682856414,0.3410026027322039,0.34100252689200444
3,32,1.55,positional,28,0.5676447991273638,0.4157372213971329,0.41573714360612274
3,32,1.55,positional,29,0.6417587409685953,0.5028359838798392,0.5028359022677285
3,32,1.55,positional,30,0.7220739971675925,0.6036729299835027,0.60367284985897
3,32,1.55,positional,31,0.808802111903414,0.7197067624150529,0.7197066718500973
3,32,1.55,positional,32,0.9021565719962151,0.852485520248693,0.8524854428548129
3,32,1.55,positional,33,0.9666253287908568,0.9487464359847093,0.9487464522622797
3,32,1.55,positional,34,1.0,1.000000000000026,1.0
3,32,1.65,uniform,0,0.0,0.0,0.0
3,32,1.65,uniform,1,0.010416666666666666,0.0005321165650421,0.0005361082191240702
3,32,1.65,uniform,2,0.03125,0.003288685340594014,0.0032847516220848236
3,32,1.65,uniform,3,0.0625,0.010306552597298485,0.01030865555291324
3,32,1.65,uniform,4,0.09375,0.02012700021044855,0.020125774673661303
3,32,1.65,uniform,5,0.125,0.03235164226844267,0.032352028870043056
3,32,1.65,uniform,6,0.15625,0.04675255694962138,0.046752306661893284
3,32,1.65,uniform,7,0.1875,0.06316139723347844,0.0631614510672313
3,32,1.65,uniform,8,0.21875,0.08145441398694113,0.08145435363968555
3,32,1.65,uniform,9,0.25,0.10153155048816388,0.10153154954452945
3,32,1.65,uniform,10,0.28125,0.12331126309494014,0.12331124322815756
3,32,1.65,uniform,11,0.3125,0.14672447256660273,0.14672446538765516
3,32,1.65,uniform,12,0.34375,0.17171193810590685,0.17171192868402732
3,32,1.65,uniform,13,0.375,0.1982218865281538,0.19822188042973374
3,32,1.65,uniform,14,0.40625,0.22620858240385816,0.22620857664690677
3,32,1.65,uniform,15,0.4375,0.2556311668220242,0.2556311622806224
3,32,1.65,uniform,16,0.46875,0.286452831366166,0.28645282736902183
3,32,1.65,uniform,17,0.5,0.31864016021079755,0.31864015682981556
3,32,1.65,uniform,18,0.53125,0.3521626227845692,0.3521626198256012
3,32,1.65,uniform,19,0.5625,0.3869921646928313,0.3869921621147632
3,32,1.65,uniform,20,0.59375,0.4231028782073458,0.4231028759309851
3,32,1.65,uniform,21,0.625,0.46047073127911736,0.46047072926222576
3,32,1.65,uniform,22,0.65625,0.49907334315072827,0.4990733413507092
3,32,1.65,uniform,23,0.6875,0.5388897962725849,0.538889794658675
3,32,1.65,uniform,24,0.71875,0.5799004774151912,0.5799004759608274
3,32,1.65,uniform,25,0.75,0.622086942278138,0.6220869409614409
3,32,1.65,uniform,26,0.78125,0.6654317992992075,0.6654317981036274
3,32,1.65,uniform,27,0.8125,0.7099186092730576,0.7099186081800853
3,32,1.65,uniform,28,0.84375,0.7555317980578693,0.7555317970628757
3,32,1.65,uniform,29,0.875,0.802256580335397,0.80225657940896
3,32,1.65,uniform,30,0.90625,0.8500788924370379,0.8500788916134053
3,32,1.65,uniform,31,0.9375,0.8989853334333735,0.8989853326051906
3,32,1.65,uniform,32,0.96875,0.9489631119819473,0.9489631113343109
3,32,1.65,uniform,33,0.9895833333333334,0.9828707576735985,0.9828707578119682
3,32,1.65,uniform,34,1.0,1.0000000000006615,1.0
3,32,1.65,positional,0,0.0,0.0,0.0
3,32,1.65,positional,1,2.309812844557899e-05,2.1990121856183314e-08,2.2382145101989697e-08
3,32,1.65,positional,2,0.0001422738039571832,4.493114331590465e-07,4.4942389212542413e-07
3,32,1.65,positional,3,0.0004732380092560837,3.2662920660775956e-06,3.264986357658765e-06
3,32,1.65,positional,4,0.0011608515736614264,1.4353448310250662e-05,1.4350979558825856e-05
3,32,1.65,positional,5,0.0023560892030864704,4.614821902789301e-05,4.614411839648427e-05
3,32,1.65,positional,6,0.004222772872288952,0.00012085285111493084,0.00012084710273536606
3,32,1.65,positional,7,0.006928199008666337,0.0002735491756839691,0.0002735417268042027
3,32,1.65,positional,8,0.010641132880299324,0.0005553120622285232,0.0005553029487212136
3,32,1.65,positional,9,0.015534427707769582,0.0010366728155272438,0.0010366619929037051
3,32,1.65,positional,10,0.021786411630915308,0.0018113794148632803,0.0018113668403074556
3,32,1.65,positional,11,0.029579863283363327,0.0030001692019374342,0.003000154828927288
3,32,1.65,positional,12,0.03910032602248511,0.004754437078791116,0.0047544208816165815
3,32,1.65,positional,13,0.05053561222405734,0.00726000644331901,0.007259988400917308
3,32,1.65,positional,14,0.06407701069425599,0.010741365781501212,0.010741345865559294
3,32,1.65,positional,15,0.07992149736151077,0.015466625609775143,0.015466603771046458
3,32,1.65,positional,16,0.09827379110979839,0.021753177200892912,0.021753153366347675
3,32,1.65,positional,17,0.11934727109968568,0.02997374369984982,0.029973717777235745
3,32,1.65,positional,18,0.14336324368935124,0.04056231204252119,0.04056228393217034
3,32,1.65,positional,19,0.17054856967298737,0.054019377943901076,0.054019347553053605
3,32,1.65,positional,20,0.2011321045728354,0.07091604502679598,0.0709160122851521
3,32,1.65,positional,21,0.23534068769659924,0.0918967697926191,0.0918967346611627
3,32,1.65,positional,22,0.27339549137000635,0.11768086800377031,0.11768083048588122
3,32,1.65,positional,23,0.31550941079286565,0.1490632000164402,0.14906316014291265
3,32,1.65,positional,24,0.36188589815862593,0.18691464788014825,0.18691460573619195
3,32,1.65,positional,25,0.4127193209162958,0.23218304550155877,0.23218300113341886
3,32,1.65,positional,26,0.46819664801412825,0.28589513532981636,0.2858950889332093
3,32,1.65,positional,27,0.5285000962277103,0.3491599536015138,0.34915990502273747
3,32,1.65,positional,28,0.5938103108195093,0.4231738406594329,0.4231737905649057
3,32,1.65,positional,29,0.6643096861220821,0.5092271026935828,0.5092270497129285
3,32,1.65,positional,30,0.7401855139287021,0.6087121866419681,0.6087121342329425
3,32,1.65,positional,31,0.8216327457253785,0.723133208576442,0.7231331486441276
3,32,1.65,positional,32,0.9088562450464958,0.854116475570578,0.8541164237595322
3,32,1.65,positional,33,0.9689533671720891,0.9492918249396212,0.9492918358071043
3,32,1.65,positional,34,1.0,0.9999999999999795,1.0
3,32,1.75,uniform,0,0.0,0.0,0.0
3,32,1.75,uniform,1,0.010416666666666666,0.0003377555161503113,0.0003396450911617377
3,32,1.75,uniform,2,0.03125,0.0023247291502830015,0.0023226701464896895
3,32,1.75,uniform,3,0.0625,0.007811500734837135,0.0078125
3,32,1.75,uniform,4,0.09375,0.01588425742078862,0.015883628969704303
3,32,1.75,uniform,5,0.125,0.026277835204297474,0.026278012976678578
3,32,1.75,uniform,6,0.15625,0.038831711253570926,0.038831578553078644
3,32,1.75,uniform,7,0.1875,0.053425926316395,0.0534259466473776
3,32,1.75,uniform,8,0.21875,0.06996958889153901,0.0699695543744965
3,32,1.75,uniform,9,0.25,0.08838835170622367,0.08838834764831845
3,32,1.75,uniform,10,0.28125,0.10862054564843718,0.10862053297947691
3,32,1.75,uniform,11,0.3125,0.1306133466692357,0.1306133408157074
3,32,1.75,uniform,12,0.34375,0.1543209028362411,0.1543208962749978
3,32,1.75,uniform,13,0.375,0.17970275268017816,0.17970274806926415
3,32,1.75,uniform,14,0.40625,0.20672281645053264,0.20672281224753208
3,32,1.75,uniform,15,0.4375,0.235348593213624,0.23534858980165588
3,32,1.75,uniform,16,0.46875,0.2655505750229073,0.2655505720333097
3,32,1.75,uniform,17,0.5,0.2973017813102445,0.29730177875068026
3,32,1.75,uniform,18,0.53125,0.33057739520155693,0.3305773929545108
3,32,1.75,uniform,19,0.5625,0.36535446919340164,0.36535446722156006
3,32,1.75,uniform,20,0.59375,0.40161168616848997,0.40161168441931483
3,32,1.75,uniform,21,0.625,0.4393291618632874,0.4393291603049602
3,32,1.75,uniform,22,0.65625,0.478488280303172,0.4784882789059374
3,32,1.75,uniform,23,0.6875,0.5190715551643648,0.5190715539055438
3,32,1.75,uniform,24,0.71875,0.561062512047253,0.5610625109080203
3,32,1.75,uniform,25,0.75,0.60444558768664,0.6044455866507423
3,32,1.75,uniform,26,0.78125,0.6492060430519404,0.6492060421075425
3,32,1.75,uniform,27,0.8125,0.6953298879473748,0.6953298870804656
3,32,1.75,uniform,28,0.84375,0.7428038151625739,0.7428038143707203
3,32,1.75,uniform,29,0.875,0.7916151427372827,0.7916151419969174
3,32,1.75,uniform,30,0.90625,0.8417517628805646,0.8417517622204201
3,32,1.75,uniform,31,0.9375,0.8932020970319456,0.8932020963655337
3,32,1.75,uniform,32,0.96875,0.9459550551246081,0.9459550546019712
3,32,1.75,uniform,33,0.9895833333333334,0.9818421029185473,0.9818421030300095
3,32,1.75,uniform,34,1.0,1.000000000000598,1.0
3,32,1.75,positional,0,0.0,0.0,0.0
3,32,1.75,positional,1,5.437257090088558e-05,3.403576044837559e-08,3.442823585114315e-08
3,32,1.75,positional,2,0.0002930717638982807,6.565494488034071e-07,6.564542461897194e-07
3,32,1.75,positional,3,0.0009068422115268555,4.740253936251159e-06,4.738932501616591e-06
3,32,1.75,positional,4,0.0020965345566316684,2.0543767536977165e-05,2.0541329260890097e-05
3,32,1.75,positional,5,0.004045841709675292,6.490683755907303e-05,6.490311675634817e-05
3,32,1.75,positional,6,0.006931171087743933,0.0001665038350771171,0.00016649898230048531
3,32,1.75,positional,7,0.01091675208780918,0.00036869778263132246,0.0003686918468023148
3,32,1.75,positional,8,0.016161256729868043,0.0007325471920983151,0.0007325402229472595
3,32,1.75,positional,9,0.022822765940818546,0.0013401304659186224,0.001340122453095917
3,32,1.75,positional,10,0.03105879617007863,0.002297866503562578,0.002297857446085348
3,32,1.75,positional,11,0.041023984368399186,0.003739533164746286,0.003739523067451371
3,32,1.75,positional,12,0.05286872725298745,0.005829064024544491,0.0058290529049869495
3,32,1.75,positional,13,0.06674010848208138,0.00876350200539767,0.00876348987878817
3,32,1.75,positional,14,0.08278451399317155,0.012776484646153883,0.01277647151726736
3,32,1.75,positional,15,0.10115055849355903,0.01814240415250371,0.01814239000977546
3,32,1.75,positional,16,0.12199113402617286,0.025181101974452044,0.025181086791120584
3,32,1.75,positional,17,0.1454639598675839,0.03426274597934881,0.03426272971807295
3,32,1.75,positional,18,0.17173056343610615,0.04581244342694842,0.04581242604711976
3,32,1.75,positional,19,0.20095402230473383,0.060314171220177674,0.06031415268525918
3,32,1.75,positional,20,0.23329604179363375,0.07831374769345853,0.07831372797812329
3,32,1.75,positional,21,0.26891403871627645,0.10042079890448481,0.10042077799750124
3,32,1.75,positional,22,0.30795885114031835,0.12730993143811842,0.12730990934706535
3,32,1.75,positional,23,0.3505735172341988,0.15972154351373746,0.15972152025507388
3,32,1.75,positional,24,0.3968933178048708,0.19846283037496254,0.19846280598992552
3,32,1.75,positional,25,0.44704702955006087,0.24440954861289185,0.24440952311349298
3,32,1.75,positional,26,0.501159150344208,0.2985090147668993,0.29850898824689825
3,32,1.75,positional,27,0.5593527627963243,0.36178467076812965,0.36178464311527997
3,32,1.75,positional,28,0.6217526928831126,0.4353423923065546,0.43534236387757913
3,32,1.75,positional,29,0.6884886706091463,0.5203785921222012,0.5203785621055362
3,32,1.75,positional,30,0.7596982780315805,0.6181900624013298,0.6181900327349953
3,32,1.75,positional,31,0.8355295510625745,0.7301854854386564,0.7301854515016372
3,32,1.75,positional,32,0.9161431697540253,0.8578984319827526,0.857898402585212
3,32,1.75,positional,33,0.9714974857293477,0.9506550047110668,0.9506550108712413
3,32,1.75,positional,34,1.0,1.0000000000000169,1.0
3,32,1.85,uniform,0,0.0,0.0,0.0
3,32,1.85,uniform,1,0.010416666666666666,0.00021444325001721785,0.0002151781745460759
3,32,1.85,uniform,2,0.03125,0.0016432644876692491,0.0016423758110424107
3,32,1.85,uniform,3,0.0625,0.005920384710310695,0.005920767837931241
3,32,1.85,uniform,4,0.09375,0.012535915974190575,0.012535650097355133
3,32,1.85,uniform,5,0.125,0.021344314377671758,0.021344379011787425
3,32,1.85,uniform,6,0.15625,0.032252830688541324,0.032252772121572446
3,32,1.85,uniform,7,0.1875,0.045191037102263396,0.045191041797475254
3,32,1.85,uniform,8,0.21875,0.06010409111047268,0.06010407449823971
3,32,1.85,uniform,9,0.25,0.07694652954281865,0.07694652583405726
3,32,1.85,uniform,10,0.28125,0.09568001028762355,0.09568000350880831
3,32,1.85,uniform,11,0.3125,0.11627130690228904,0.11627130318019543
3,32,1.85,uniform,12,0.34375,0.13869123629973798,0.1386912325173475
3,32,1.85,uniform,13,0.375,0.16291379212307025,0.16291378930335976
3,32,1.85,uniform,14,0.40625,0.18891556768784676,0.1889155651698972
3,32,1.85,uniform,15,0.4375,0.21667530187388648,0.2166752997853374
3,32,1.85,uniform,16,0.46875,0.2461735409587277,0.24617353912996848
3,32,1.85,uniform,17,0.5,0.27739236959850033,0.2773923680169612
3,32,1.85,uniform,18,0.53125,0.3103151983525592,0.31031519695849497
3,32,1.85,uniform,19,0.5625,0.34492659093099554,0.34492658969967743
3,32,1.85,uniform,20,0.59375,0.3812121228710651,0.38121212177349667
3,32,1.85,uniform,21,0.625,0.4191582641009607,0.419158263118061
3,32,1.85,uniform,22,0.65625,0.45875228052173567,0.4587522796363461
3,32,1.85,uniform,23,0.6875,0.49998215066661295,0.49998214986530265
3,32,1.85,uniform,24,0.71875,0.5428364945677577,0.5428364938394649
3,32,1.85,uniform,25,0.75,0.5873045125663247,0.5873045119013454
3,32,1.85,uniform,26,0.78125,0.6333759323119569,0.6333759317033798
3,32,1.85,uniform,27,0.8125,0.6810409625757254,0.6810409620150252
3,32,1.85,uniform,28,0.84375,0.7302902527425266,0.7302902522284898
3,32,1.85,uniform,29,0.875,0.7811148571537733,0.7811148566715026
3,32,1.85,uniform,30,0.90625,0.8335062034336592,0.8335062030024054
3,32,1.85,uniform,31,0.9375,0.8874560645309335,0.8874560640937177
3,32,1.85,uniform,32,0.96875,0.94295653325736,0.9429565329139307
3,32,1.85,uniform,33,0.9895833333333334,0.9808145247452373,0.9808145248195654
3,32,1.85,uniform,34,1.0,0.9999999999993985,1.0
3,32,1.85,positional,0,0.0,0.0,0.0
3,32,1.85,positional,1,0.00011085220029460099,4.786421836903355e-08,4.8170037891555834e-08
3,32,1.85,positional,2,0.0005407318417545819,9.038987789414223e-07,9.036840084293521e-07
3,32,1.85,positional,3,0.0015744859440395417,6.527948299428638e-06,6.526896975941588e-06
3,32,1.85,positional,4,0.0034504335869122806,2.7867309059251674e-05,2.7865464980830764e-05
3,32,1.85,positional,5,0.0063614325850798485,8.641507126856933e-05,8.64125097491574e-05
3,32,1.85,positional,6,0.010470560839228857,0.0002172454663395907,0.00021724230269670985
3,32,1.85,positional,7,0.015922828806994586,0.00047178142935958104,0.00047177770980375786
3,32,1.85,positional,8,0.022857121249116014,0.0009208562538021102,0.0009208519971742955
3,32,1.85,positional,9,0.03140892017976111,0.0016578655825159742,0.0016578607925372354
3,32,1.85,positional,10,0.04170749960787135,0.0028015411692126433,0.002801535858397818
3,32,1.85,positional,11,0.0538732152862626,0.0044982171688179,0.004498211357275265
3,32,1.85,positional,12,0.06801775179336922,0.006923912956136206,0.006923906667193728
3,32,1.85,positional,13,0.08424703183819977,0.01028670561455799,0.01028669886683365
3,32,1.85,positional,14,0.10266502448656707,0.014829682863644526,0.014829675667167828
3,32,1.85,positional,15,0.12337681502002916,0.02083445937336899,0.020834451728784932
3,32,1.85,positional,16,0.1464900898100981,0.028624992174124207,0.028624984074790524
3,32,1.85,positional,17,0.17211493234970318,0.03857131228690851,0.03857130372220896
3,32,1.85,positional,18,0.20036228100075984,0.05109278971304701,0.05109278067214529
3,32,1.85,positional,19,0.2313416042598899,0.06666064115026703,0.06666063162527103
3,32,1.85,positional,20,0.26515840019574805,0.08579955242167299,0.08579954241028902
3,32,1.85,positional,21,0.3019120772620339,0.10908849278201613,0.1090884822880213
3,32,1.85,positional,22,0.34169464369925223,0.13716100261341646,0.13716099164813414
3,32,1.85,positional,23,0.3845904437713046,0.170705389672583,0.17070537824959012
3,32,1.85,positional,24,0.43067697145327627,0.21046533633938744,0.21046532448191876
3,32,1.85,positional,25,0.48002661424994736,0.25724139539796337,0.2572413831133547
3,32,1.85,positional,26,0.5327090669746137,0.3118937570149141,0.3118937443473297
3,32,1.85,positional,27,0.5887941175764135,0.37534654338196644,0.37534653027762677
3,32,1.85,positional,28,0.6483545313692565,0.4485937632653652,0.44859374988827405
3,32,1.85,positional,29,0.7114688213631757,0.5327069662132319,0.5327069521843679
3,32,1.85,positional,30,0.7782237658273795,0.6288445695915623,0.6288445558020292
3,32,1.85,positional,31,0.848716601670231,0.7382628238254862,0.7382628081477115
3,32,1.85,positional,32,0.9230568743289557,0.8623283408580287,0.8623283273299045
3,32,1.85,positional,33,0.9739116508693234,0.9522723778832544,0.9522723807187563
3,32,1.85,positional,34,1.0,1.0000000000002105,1.0
3,32,1.95,uniform,0,0.0,0.0,0.0
3,32,1.95,uniform,1,0.010416666666666666,0.00013616779410280448,0.00013632361546168464
3,32,1.95,uniform,2,0.03125,0.0011615447958163703,0.001161335073244845
3,32,1.95,uniform,3,0.0625,0.004487024835023491,0.004487102949207168
3,32,1.95,uniform,4,0.09375,0.009893425645677292,0.009893364020466998
3,32,1.95,uniform,5,0.125,0.01733701096512869,0.01733702300106008
3,32,1.95,uniform,6,0.15625,0.026788554667740418,0.026788540365521887
3,32,1.95,uniform,7,0.1875,0.038225438934923986,0.038225438890588166
3,32,1.95,uniform,8,0.21875,0.05162959969725658,0.05162959523730632
3,32,1.95,uniform,9,0.25,0.06698584286788387,0.06698584140851832
3,32,1.95,uniform,10,0.28125,0.08428114867933247,0.0842811466702643
3,32,1.95,uniform,11,0.3125,0.10350409860012738,0.103504097351709
3,32,1.95,uniform,12,0.34375,0.12464454669163666,0.12464454549890625
3,32,1.95,uniform,13,0.375,0.14769336138225755,0.14769336045406303
3,32,1.95,uniform,14,0.40625,0.17264224758201022,0.17264224676242884
3,32,1.95,uniform,15,0.4375,0.19948360744080168,0.19948360674959742
3,32,1.95,uniform,16,0.46875,0.22821043488902298,0.22821043428282467
3,32,1.95,uniform,17,0.5,0.25881623148907207,0.2588162309603444
3,32,1.95,uniform,18,0.53125,0.29129493931061834,0.29129493884247654
3,32,1.95,uniform,19,0.5625,0.32564088606488417,0.3256408856490063
3,32,1.95,uniform,20,0.59375,0.36184873990095134,0.3618487395285111
3,32,1.95,uniform,21,0.625,0.39991347163346636,0.39991347129835847
3,32,1.95,uniform,22,0.65625,0.4398303229031723,0.43983032260005667
3,32,1.95,uniform,23,0.6875,0.48159477907429976,0.48159477879887747
3,32,1.95,uniform,24,0.71875,0.5252025459837228,0.5252025457324333
3,32,1.95,uniform,25,0.75,0.5706495298444743,0.5706495296142864
3,32,1.95,uniform,26,0.78125,0.6179318197594973,0.617931819548085
3,32,1.95,uniform,27,0.8125,0.6670456724154403,0.6670456722201512
3,32,1.95,uniform,28,0.84375,0.7179874986037182,0.7179874984241513
3,32,1.95,uniform,29,0.875,0.7707538513063787,0.7707538511375747
3,32,1.95,uniform,30,0.90625,0.8253414150726321,0.8253414149212855
3,32,1.95,uniform,31,0.9375,0.8817469966078362,0.8817469964539856
3,32,1.95,uniform,32,0.96875,0.9399675161664713,0.93996751604567
3,32,1.95,uniform,33,0.9895833333333334,0.9797880220253139,0.9797880220539158
3,32,1.95,uniform,34,1.0,0.9999999999977739,1.0
3,32,1.95,positional,0,0.0,0.0,0.0
3,32,1.95,positional,1,0.00019809992665265226,5.998263609923418e-08,6.010691160308102e-08
3,32,1.95,positional,2,0.0009029002400658539,1.1575718834486601e-06,1.1574374987581046e-06
3,32,1.95,positional,3,0.002500032042758567,8.43366802010607e-06,8.43322856862253e-06
3,32,1.95,positional,4,0.005228496721098502,3.555030674338411e-05,3.5549609784863176e-05
3,32,1.95,positional,5,0.00925730855555673,0.00010830508320630402,0.00010830418583089134
3,32,1.95,positional,6,0.014717327036788035,0.00026746574329434127,0.00026746467665834646
3,32,1.95,positional,7,0.02172682646983134,0.0005716677689167409,0.0005716665442024858
3,32,1.95,positional,8,0.030400198974382786,0.0011005494863819724,0.0011005481066620618
3,32,1.95,positional,9,0.04084508902462547,0.001957595874579394,0.0019575943441684446
3,32,1.95,positional,10,0.05315750875426903,0.0032722858157985253,0.0032722841427248826
3,32,1.95,positional,11,0.06742052217410185,0.005201693621741189,0.005201691816290398
3,32,1.95,positional,12,0.08370709390350937,0.007932069696056586,0.00793206776793195
3,32,1.95,positional,13,0.10208490864378832,0.011680867233171773,0.011680865189515362
3,32,1.95,positional,14,0.1226207391722376,0.016699355843710992,0.01669935368846214
3,32,1.95,positional,15,0.14538299592302076,0.02327563777464044,0.023275635508987196
3,32,1.95,positional,16,0.17044221161671055,0.0317377033282594,0.03173770095163858
3,32,1.95,positional,17,0.19786988988781862,0.04245613582751569,0.04245613333875129
3,32,1.95,positional,18,0.2277363911410489,0.05584615367094092,0.05584615106927403
3,32,1.95,positional,19,0.2601085235013696,0.07236881390275614,0.07236881118857817
3,32,1.95,positional,20,0.295047397088742,0.09253137146381163,0.09253136863916234
3,32,1.95,positional,21,0.3326069514385794,0.1168869665988018,0.11688696366728293
3,32,1.95,positional,22,0.37283339740332533,0.14603396779051106,0.14603396475747096
3,32,1.95,positional,23,0.4157656392307711,0.18061539556859094,0.18061539243962108
3,32,1.95,positional,24,0.46143658357075995,0.22131887381754775,0.22131887060035046
3,32,1.95,positional,25,0.5098751273033897,0.26887750375461705,0.26887750045237435
3,32,1.95,positional,26,0.5611085615788872,0.3240719560552681,0.3240719526803556
3,32,1.95,positional,27,0.6151651332951614,0.38773396188704246,0.38773395842632713
3,32,1.95,positional,28,0.6720765507996411,0.4607512815352338,0.4607512780313989
3,32,1.95,positional,29,0.7318802859374242,0.5440741579871908,0.5440741543438198
3,32,1.95,positional,30,0.7946215906754993,0.6387232227608325,0.6387232192053286
3,32,1.95,positional,31,0.8603552014299712,0.7457988171170664,0.7457988131103115
3,32,1.95,positional,32,0.9291467430633927,0.8664916941246379,0.8664916906901852
3,32,1.95,positional,33,0.9760343311849629,0.9537991536605156,0.9537991543814827
3,32,1.95,positional,34,1.0,0.9999999999998203,1.0
3,64,1.55,uniform,0,0.0,0.0,0.0
3,64,1.55,uniform,1,0.005208333333333333,0.00028641730069421765,0.0002889901866539533
3,64,1.55,uniform,2,0.015625,0.0015887329063609624,0.0015864304616332722
3,64,1.55,uniform,3,0.03125,0.004644008079227946,0.004645340292979378
3,64,1.55,uniform,4,0.046875,0.008709545078635606,0.008708813398607244
3,64,1.55,uniform,5,0.0625,0.013602102477214165,0.013602352551501938
3,64,1.55,uniform,6,0.078125,0.01922329529717822,0.01922314965695806
3,64,1.55,uniform,7,0.09375,0.025500859518289253,0.02550089825112095
3,64,1.55,uniform,8,0.109375,0.032383474557273605,0.03238344161221013
3,64,1.55,uniform,9,0.125,0.03983001704515317,0.03983001960372694
3,64,1.55,uniform,10,0.140625,0.047807608410590015,0.0478075986599994
3,64,1.55,uniform,11,0.15625,0.05628867932937545,0.056288676887548704
3,64,1.55,uniform,12,0.171875,0.06524988192677324,0.06524987774832247
3,64,1.55,uniform,13,0.1875,0.07467100313403471,0.074671000726462
3,64,1.55,uniform,14,0.203125,0.08453435605955074,0.08453435365218052
3,64,1.55,uniform,15,0.21875,0.09482426912554046,0.09482426729985438
3,64,1.55,uniform,16,0.234375,0.10552673433872228,0.10552673271515144
3,64,1.55,uniform,17,0.25,0.11662912529458816,0.11662912394210093
3,64,1.55,uniform,18,0.265625,0.1281199830296639,0.12811998184806514
3,64,1.55,uniform,19,0.28125,0.1399888437323932,0.13998884271122877
3,64,1.55,uniform,20,0.296875,0.15222610118202418,0.15222610028444827
3,64,1.55,uniform,21,0.3125,0.16482289414006715,0.16482289334953037
3,64,1.55,uniform,22,0.328125,0.17777101369378226,0.17777101299169615
3,64,1.55,uniform,23,0.34375,0.19106282597327162,0.19106282534703936
3,64,1.55,uniform,24,0.359375,0.2046912072065106,0.2046912066448401
3,64,1.55,uniform,25,0.375,0.2186494886370635,0.21864948813111684
3,64,1.55,uniform,26,0.390625,0.23293140947349028,0.23293140901578907
3,64,1.55,uniform,27,0.40625,0.24753107641195884,0.2475310759963327
3,64,1.55,uniform,28,0.421875,0.26244292859688656,0.26244292821810783
3,64,1.55,uniform,29,0.4375,0.27766170711079186,0.27766170676448265
3,64,1.55,uniform,30,0.453125,0.2931824282661514,0.29318242794849997
3,64,1.55,uniform,31,0.46875,0.30900036010835863,0.30900035981626095
3,64,1.55,uniform,32,0.484375,0.32511100164990026,0.3251110013805286
3,64,1.55,uniform,33,0.5,0.34151006443761084,0.34151006418859886
3,64,1.55,uniform,34,0.515625,0.3581934561273612,0.35819345589660956
3,64,1.55,uniform,35,0.53125,0.37515726579132425,0.37515726557713075
3,64,1.55,uniform,36,0.546875,0.39239775073048494,0.3923977505310798
3,64,1.55,uniform,37,0.5625,0.4099113245967174,0.4099113244109841
3,64,1.55,uniform,38,0.578125,0.4276945466656896,0.42769454649208793
3,64,1.55,uniform,39,0.59375,0.4457441121143965,0.44574411195209007
3,64,1.55,uniform,40,0.609375,0.4640568431925093,0.464056843040433
3,64,1.55,uniform,41,0.625,0.4826296811776084,0.4826296810348376
3,64,1.55,uniform,42,0.640625,0.5014596790309207,0.5014596788968282
3,64,1.55,uniform,43,0.65625,0.5205439946758743,0.5205439945498125
3,64,1.55,uniform,44,0.671875,0.5398798848322921,0.5398798847132739
3,64,1.55,uniform,45,0.6875,0.559464699347183,0.5594646992351152
3,64,1.55,uniform,46,0.703125,0.5792958759773751,0.5792958758714254
3,64,1.55,uniform,47,0.71875,0.5993709355690084,0.5993709354691211
3,64,1.55,uniform,48,0.734375,0.6196874776070886,0.619687477512236
3,64,1.55,uniform,49,0.75,0.640243176086891,0.6402431759972019
3,64,1.55,uniform,50,0.765625,0.6610357756913401,0.6610357756064335
3,64,1.55,uniform,51,0.78125,0.6820630882334314,0.6820630881529534
3,64,1.55,uniform,52,0.796875,0.7033229893486478,0.703322989271795
3,64,1.55,uniform,53,0.8125,0.7248134154090806,0.7248134153365206
3,64,1.55,uniform,54,0.828125,0.7465323606507431,0.7465323605814791
3,64,1.55,uniform,55,0.84375,0.7684778744782395,0.7684778744124325
3,64,1.55,uniform,56,0.859375,0.7906480589527174,0.7906480588899415
3,64,1.55,uniform,57,0.875,0.8130410664309912,0.8130410663714555
3,64,1.55,uniform,58,0.890625,0.8356550973565079,0.835655097299431
3,64,1.55,uniform,59,0.90625,0.8584883981782929,0.8584883981240155
3,64,1.55,uniform,60,0.921875,0.8815392594016388,0.881539259349922
3,64,1.55,uniform,61,0.9375,0.904806013747934,0.9048060136980782
3,64,1.55,uniform,62,0.953125,0.9282870344195165,0.928287034373497
3,64,1.55,uniform,63,0.96875,0.9519807334797099,0.951980733431581
3,64,1.55,uniform,64,0.984375,0.9758855602739256,0.9758855602357629
3,64,1.55,uniform,65,0.9947916666666666,0.9919386551413318,0.9919386551551146
3,64,1.55,uniform,66,1.0,0.999999999995253,1.0
3,64,1.55,positional,0,0.0,0.0,0.0
3,64,1.55,positional,1,2.6515039717716424e-06,2.2539211974944037e-09,2.2720246406801097e-09
3,64,1.55,positional,2,8.195368537492636e-06,1.3077275750993369e-08,1.3062645971521102e-08
3,64,1.55,positional,3,1.9531488272454275e-05,5.017647714863339e-08,5.019260921371181e-08
3,64,1.55,positional,4,4.2154691964789426e-05,1.6539630428619388e-07,1.6539073462336502e-07
3,64,1.55,positional,5,8.8320579727326e-05,5.205227687765137e-07,5.204703120693326e-07
3,64,1.55,positional,6,0.00017162980599473346,1.4576587239200342e-06,1.4575340287577781e-06
3,64,1.55,positional,7,0.00030509286785361707,3.5554240025214897e-06,3.5552462390497763e-06
3,64,1.55,positional,8,0.0005028477998414081,7.713297738229356e-06,7.713059100302464e-06
3,64,1.55,positional,9,0.0007812077947645127,1.5268515269620794e-05,1.52682119581991e-05
3,64,1.55,positional,10,0.0011585434236470364,2.8123535599433035e-05,2.8123158227520324e-05
3,64,1.55,positional,11,0.0016548524694022608,4.8874345210161e-05,4.887388781863704e-05
3,64,1.55,positional,12,0.0022913532507421227,8.093671754626223e-05,8.093617474731658e-05
3,64,1.55,positional,13,0.0030901980179565427,0.0001286710695986841,0.00012867043818233327
3,64,1.55,positional,14,0.004074320929788356,0.00019750914207554928,0.00019750841968458992
3,64,1.55,positional,15,0.005267395015324851,0.0002940863252211077,0.0002940855102125206
3,64,1.55,positional,16,0.006693853073337479,0.00042638213334698395,0.00042638122417807875
3,64,1.55,positional,17,0.008378925769874828,0.0006038688872473632,0.0006038678823366989
3,64,1.55,positional,18,0.010348661703914507,0.0008376663434210715,0.0008376652410492394
3,64,1.55,positional,19,0.012629911867506371,0.0011406987181804568,0.0011406975165718356
3,64,1.55,positional,20,0.01525027805087033,0.0015278506433925127,0.0015278493408196637
3,64,1.55,positional,21,0.018238036991786586,0.0020161198504462722,0.0020161184453454705
3,64,1.55,positional,22,0.02162205783715988,0.0026247662793065225,0.0026247647703486936
3,64,1.55,positional,23,0.02543173031410782,0.003375459234966722,0.003375457621077925
3,64,1.55,positional,24,0.029696916655894637,0.00429242565791351,0.004292423938241793
3,64,1.55,positional,25,0.034447933904581,0.005402603238166722,0.005402601412010349
3,64,1.55,positional,26,0.039715566568406156,0.006735801905133565,0.006735799971847295
3,64,1.55,positional,27,0.04553110402701871,0.008324876265081806,0.008324874223981028
3,64,1.55,positional,28,0.051926393205546185,0.010205910038096786,0.010205907888374896
3,64,1.55,positional,29,0.05893389502323493,0.012418411710876692,0.012418409451548224
3,64,1.55,positional,30,0.06658673278355248,0.01500551870933345,0.015005516339208741
3,64,1.55,positional,31,0.07491872167998649,0.018014205616369725,0.018014203134065664
3,64,1.55,positional,32,0.0839643705862506,0.02149549049145873,0.021495487895442256
3,64,1.55,positional,33,0.09375884995252493,0.02550463233073825,0.025504629619398773
3,64,1.55,positional,34,0.10433792265467741,0.03010131224347759,0.03010130941522535
3,64,1.55,positional,35,0.11573783778666102,0.035349791074424874,0.03534978812780209
3,64,1.55,positional,36,0.1279951904109399,0.041319036981681406,0.04131903391548262
3,64,1.55,positional,37,0.14114675296560003,0.048082817838031776,0.04808281465142403
3,64,1.55,positional,38,0.15522928617125328,0.05571975515223847,0.055719751844869186
3,64,1.55,positional,39,0.17027933872998413,0.06431333834652457,0.06431333491861266
3,64,1.55,positional,40,0.18633304576943133,0.07395190048385668,0.07395189693626594
3,64,1.55,positional,41,0.20342593584204227,0.08472855870952459,0.08472855504380358
3,64,1.55,positional,42,0.2215927554073834,0.09674112456669369,0.09674112078508695
3,64,1.55,positional,43,0.24086731823939855,0.11009199081405908,0.11009198691949827
3,64,1.55,positional,44,0.2612823852956251,0.12488800231840162,0.12488799831444514
3,64,1.55,positional,45,0.28286957846919886,0.14124031897943862,0.14124031487022873
3,64,1.55,positional,46,0.3056593295196355,0.15926427849177602,0.1592642742819295
3,64,1.55,positional,47,0.329680863519254,0.17907926612844427,0.17907926182296596
3,64,1.55,positional,48,0.35496221448922416,0.20080859774699084,0.20080859335115742
3,64,1.55,positional,49,0.38153026961238784,0.22457942099064587,0.22457941650991725
3,64,1.55,positional,50,0.4094108375296073,0.2505226383047166,0.2505226337445951
3,64,1.55,positional,51,0.4386287357406628,0.278772854019156,0.2787728493851325
3,64,1.55,positional,52,0.4692078919965854,0.30946834645181814,0.3094683417492964
3,64,1.55,positional,53,0.5011714547252202,0.3427510648261852,0.34275106006018063
3,64,1.55,positional,54,0.5345419079047318,0.3787666498119014,0.3787666449876793
3,64,1.55,positional,55,0.5693411863200943,0.4176644757134895,0.417664470834868
3,64,1.55,positional,56,0.6055907877414476,0.459597711724516,0.4595977067975912
3,64,1.55,positional,57,0.6433118791971413,0.5047233992925226,0.5047233943169502
3,64,1.55,positional,58,0.6825253951369086,0.5532025423098474,0.55320253729921
3,64,1.55,positional,59,0.7232521258623924,0.6052002069370421,0.6052002018707864
3,64,1.55,positional,60,0.7655127951243713,0.6608856274038546,0.6608856223409804
3,64,1.55,positional,61,0.8093281262386025,0.7204323153263896,0.720432310136533
3,64,1.55,positional,62,0.8547188964522426,0.784018167628092,0.7840181626268737
3,64,1.55,positional,63,0.9017059796023364,0.8518255744954819,0.8518255689574094
3,64,1.55,positional,64,0.9503103773522651,0.9240415149080705,0.9240415102342668
3,64,1.55,positional,65,0.9832547468266437,0.9741646806417954,0.9741646816261585
3,64,1.55,positional,66,1.0,0.9999999999998437,1.0
3,64,1.65,uniform,0,0.0,0.0,0.0
3,64,1.65,uniform,1,0.005208333333333333,0.00016955370571540115,0.00017082560701944688
3,64,1.65,uniform,2,0.015625,0.0010479072126267266,0.0010466537720080992
3,64,1.65,uniform,3,0.03125,0.003284081535849792,0.0032847516220848236
3,64,1.65,uniform,4,0.046875,0.006413270503378868,0.006412879998336968
3,64,1.65,uniform,5,0.0625,0.010308532365862377,0.01030865555291324
3,64,1.65,uniform,6,0.078125,0.014897242078301948,0.014897162326901307
3,64,1.65,uniform,7,0.09375,0.02012575751968152,0.020125774673661303
3,64,1.65,uniform,8,0.109375,0.02595464724683121,0.02595462801822066
3,64,1.65,uniform,9,0.125,0.03235202917021034,0.032352028870043056
3,64,1.65,uniform,10,0.140625,0.03929192021087771,0.039291913881099656
3,64,1.65,uniform,11,0.15625,0.04675230894875409,0.046752306661893284
3,64,1.65,uniform,12,0.171875,0.05471431888691227,0.05471431588542857
3,64,1.65,uniform,13,0.1875,0.06316145300966598,0.0631614510672313
3,64,1.65,uniform,14,0.203125,0.07207913817258091,0.07207913633901972
3,64,1.65,uniform,15,0.21875,0.0814543550858659,0.08145435363968555
3,64,1.65,uniform,16,0.234375,0.09127537510989599,0.09127537383720921
3,64,1.65,uniform,17,0.25,0.10153155062082726,0.10153154954452945
3,64,1.65,uniform,18,0.265625,0.11221315335258121,0.11221315241082827
3,64,1.65,uniform,19,0.28125,0.12331124404848434,0.12331124322815756
3,64,1.65,uniform,20,0.296875,0.13481756746591997,0.13481756674179507
3,64,1.65,uniform,21,0.3125,0.14672446602902844,0.14672446538765516
3,64,1.65,uniform,22,0.328125,0.15902480832978522,0.15902480775757005
3,64,1.65,uniform,23,0.34375,0.17171192919685888,0.17171192868402732
3,64,1.65,uniform,24,0.359375,0.18477957906781348,0.18477957860584274
3,64,1.65,uniform,25,0.375,0.19822188084762934,0.19822188042973374
3,64,1.65,uniform,26,0.390625,0.2120332928868946,0.212033292507286
3,64,1.65,uniform,27,0.40625,0.2262085769929511,0.22620857664690677
3,64,1.65,uniform,28,0.421875,0.24074277062259547,0.2407427703060271
3,64,1.65,uniform,29,0.4375,0.2556311625711075,0.2556311622806224
3,64,1.65,uniform,30,0.453125,0.27086927160874724,0.27086927134141126
3,64,1.65,uniform,31,0.46875,0.2864528276157764,0.28645282736902183
3,64,1.65,uniform,32,0.484375,0.3023777548495029,0.30237775462127453
3,64,1.65,uniform,33,0.5,0.3186401570415259,0.31864015682981556
3,64,1.65,uniform,34,0.515625,0.33523630407130683,0.3352363038745542
3,64,1.65,uniform,35,0.53125,0.3521626200089285,0.3521626198256012
3,64,1.65,uniform,36,0.546875,0.36941567234687034,0.3694156721758625
3,64,1.65,uniform,37,0.5625,0.3869921622746702,0.3869921621147632
3,64,1.65,uniform,38,0.578125,0.4048889158657894,0.4048889157160256
3,64,1.65,uniform,39,0.59375,0.4231028760715057,0.4231028759309851
3,64,1.65,uniform,40,0.609375,0.441631095426271,0.441631095294353
3,64,1.65,uniform,41,0.625,0.4604707293865674,0.46047072926222576
3,64,1.65,uniform,42,0.640625,0.4796190302298016,0.4796190301129653
3,64,1.65,uniform,43,0.65625,0.49907334146121873,0.4990733413507092
3,64,1.65,uniform,44,0.671875,0.5188310926632623,0.5188310925590078
3,64,1.65,uniform,45,0.6875,0.5388897947572697,0.538889794658675
3,64,1.65,uniform,46,0.703125,0.5592470356229099,0.5592470355295666
3,64,1.65,uniform,47,0.71875,0.5799004760493404,0.5799004759608274
3,64,1.65,uniform,48,0.734375,0.6008478459822031,0.6008478458983088
3,64,1.65,uniform,49,0.75,0.6220869410410891,0.6220869409614409
3,64,1.65,uniform,50,0.765625,0.6436156192806193,0.6436156192049649
3,64,1.65,uniform,51,0.78125,0.665431798175548,0.6654317981036274
3,64,1.65,uniform,52,0.796875,0.6875334518086518,0.6875334517403047
3,64,1.65,uniform,53,0.8125,0.7099186082454297,0.7099186081800853
3,64,1.65,uniform,54,0.828125,0.732585347076476,0.7325853470146494
3,64,1.65,uniform,55,0.84375,0.7555317971224255,0.7555317970628757
3,64,1.65,uniform,56,0.859375,0.778756134271213,0.7787561342150084
3,64,1.65,uniform,57,0.875,0.8022565794631888,0.80225657940896
3,64,1.65,uniform,58,0.890625,0.8260313967794685,0.8260313967284175
3,64,1.65,uniform,59,0.90625,0.8500788916631583,0.8500788916134053
3,64,1.65,uniform,60,0.921875,0.8743974092213713,0.8743974091748142
3,64,1.65,uniform,61,0.9375,0.8989853326507871,0.8989853326051906
3,64,1.65,uniform,62,0.953125,0.9238410817203269,0.9238410816787636
3,64,1.65,uniform,63,0.96875,0.948963111378823,0.9489631113343109
3,64,1.65,uniform,64,0.984375,0.9743499103696798,0.9743499103350205
3,64,1.65,uniform,65,0.9947916666666666,0.9914208055548419,0.9914208055669633
3,64,1.65,uniform,66,1.0,0.9999999999959869,1.0
3,64,1.65,positional,0,0.0,0.0,0.0
3,64,1.65,positional,1,3.6918004198124807e-06,1.0812269001213905e-09,1.0862831788450003e-09
3,64,1.65,positional,2,1.2910520487774188e-05,8.574358867688523e-09,8.57150710548042e-09
3,64,1.65,positional,3,3.8215999133009196e-05,5.135410611237498e-08,5.1369413868456195e-08
3,64,1.65,positional,4,9.410641668383279e-05,2.2727054311973238e-07,2.2723317727616709e-07
3,64,1.65,positional,5,0.00020252177506823254,8.048790664919188e-07,8.047821712255888e-07
3,64,1.65,positional,6,0.00038292900147608315,2.3023583490142685e-06,2.3022110167539333e-06
3,64,1.65,positional,7,0.0006542821971252157,5.572213752381006e-06,5.572016844036549e-06
3,64,1.65,positional,8,0.0010375737032633685,1.1924507311872656e-05,1.1924255631189009e-05
3,64,1.65,positional,9,0.0015553597676937671,2.3255555416739334e-05,2.325524506656659e-05
3,64,1.65,positional,10,0.002230896668102681,4.2169157911104605e-05,4.216878621904395e-05
3,64,1.65,positional,11,0.003087559888403811,7.20888349939222e-05,7.208840122589378e-05
3,64,1.65,positional,12,0.004148583995720103,0.00011736447174888069,0.00011736397617560749
3,64,1.65,positional,13,0.005437045577674435,0.00018337926370481204,0.00018337870711556875
3,64,1.65,positional,14,0.006975986389538541,0.00027666246937824135,0.0002766618524876546
3,64,1.65,positional,15,0.008788579233712769,0.0004050107357132682,0.0004050100589228274
3,64,1.65,positional,16,0.010898264168574319,0.0005776172435241115,0.0005776165068340859
3,64,1.65,positional,17,0.013328816588881867,0.0008052051732179012,0.0008052043763086538
3,64,1.65,positional,18,0.01610434068885566,0.001100160898251479,0.0011001600406201036
3,64,1.65,positional,19,0.01924920473077993,0.0014766629431325986,0.0014766620242439297
3,64,1.65,positional,20,0.02278794603824404,0.0019508045920952819,0.0019508036114992552
3,64,1.65,positional,21,0.026745174949939745,0.002540710365225444,0.002540709322625967
3,64,1.65,positional,22,0.03114550123312135,0.0032666486994627182,0.0032666475947331465
3,64,1.65,positional,23,0.03601349722362174,0.004151144606520861,0.0041511434396759115
3,64,1.65,positional,24,0.04137370226126546,0.0052190966229621796,0.0052190953940991726
3,64,1.65,positional,25,0.04725066486067312,0.006497902051533228,0.006497900760759707
3,64,1.65,positional,26,0.053669013474587364,0.008017593504967654,0.008017592152328317
3,64,1.65,positional,27,0.06065354379123899,0.009810988354945203,0.009810986940359026
3,64,1.65,positional,28,0.06822930984561755,0.011913851102727526,0.011913849625943385
3,64,1.65,positional,29,0.0764217071826822,0.014365067119874142,0.014365065580445716
3,64,1.65,positional,30,0.08525653826347851,0.017206824797281223,0.017206823194563167
3,64,1.65,positional,31,0.09476005275928023,0.0204848019832675,0.020484800316434387
3,64,1.65,positional,32,0.10495895800266396,0.024248351752239043,0.024248350020316025
3,64,1.65,positional,33,0.1158803974603541,0.028550682073386447,0.028550680275298845
3,64,1.65,positional,34,0.12755189754614663,0.03344902387953891,0.03344902201416923
3,64,1.65,positional,35,0.14000128532330944,0.03900478238733202,0.03900478045358155
3,64,1.65,positional,36,0.1532565815784224,0.045283667282714435,0.04528366527956893
3,64,1.65,positional,37,0.16734587530048395,0.05235579851777113,0.052355796444366144
3,64,1.65,positional,38,0.18229718668937667,0.060295785886331416,0.06029578374199816
3,64,1.65,positional,39,0.19813832638355944,0.06918278214484894,0.06918277992918083
3,64,1.65,positional,40,0.21489675861076166,0.0791005110889983,0.07910050880185723
3,64,1.65,positional,41,0.23259947544735762,0.09013727354673004,0.09013727118830685
3,64,1.65,positional,42,0.25127288839122525,0.1023859355809869,0.1023859331517738
3,64,1.65,positional,43,0.27094274212016406,0.11594390421020345,0.11594390171100777
3,64,1.65,positional,44,0.2916340537608462,0.1309130965937037,0.13091309402562462
3,64,1.65,positional,45,0.3133710793771134,0.14739990887131893,0.14739990623572097
3,64,1.65,positional,46,0.3361773078361989,0.16551519071303047,0.16551518801150233
3,64,1.65,positional,47,0.36007548083743474,0.18537423117569768,0.1853742284099947
3,64,1.65,positional,48,0.3850876367671305,0.20709676075242964,0.2070967579244344
3,64,1.65,positional,49,0.4112351752165415,0.23080697361807892,0.23080697072975614
3,64,1.65,positional,50,0.438538938474726,0.2566335731031236,0.25663357015647004
3,64,1.65,positional,51,0.4670193060650227,0.2847098424416455,0.2847098394385849
3,64,1.65,positional,52,0.49669629839410806,0.31517374189653324,0.31517373883901373
3,64,1.65,positional,53,0.5275896857765215,0.34816803251232104,0.3481680294020189
3,64,1.65,positional,54,0.5597190994321101,0.3838404260057777,0.38384042284456904
3,64,1.65,positional,55,0.5931041414781828,0.42234375970146526,0.42234375649026795
3,64,1.65,positional,56,0.6277644914075551,0.46383619493076156,0.46383619167215506
3,64,1.65,positional,57,0.6637200070216001,0.508481436984566,0.5084814336766061
3,64,1.65,positional,58,0.7009908182463516,0.5564489744057058,0.5564489710563068
3,64,1.65,positional,59,0.7395974126806162,0.6079143353958418,0.6079143319890773
3,64,1.65,positional,60,0.7795607120964699,0.6630593587078354,0.6630593552832865
3,64,1.65,positional,61,0.8209021394291426,0.7220724771470001,0.7220724736122945
3,64,1.65,positional,62,0.8636436760545204,0.7851490100103943,0.7851490065839036
3,64,1.65,positional,63,0.9078079093610709,0.8524914651270923,0.8524914613024601
3,64,1.65,positional,64,0.9534180707837919,0.9243098414006388,0.9243098381497429
3,64,1.65,positional,65,0.9843094013135527,0.9742427764572021,0.9742427771404305
3,64,1.65,positional,66,1.0,1.0000000000002562,1.0
3,64,1.75,uniform,0,0.0,0.0,0.0
3,64,1.75,uniform,1,0.005208333333333333,0.00010041531571905823,0.00010097708974632156
3,64,1.75,uniform,2,0.015625,0.0006911461114468458,0.0006905339660024879
3,64,1.75,uniform,3,0.03125,0.0023223730630876236,0.0023226701464896895
3,64,1.75,uniform,4,0.046875,0.004722417985196609,0.0047222311457089244
3,64,1.75,uniform,5,0.0625,0.007812447147771466,0.0078125
3,64,1.75,uniform,6,0.078125,0.011544736827390264,0.011544697375527048
3,64,1.75,uniform,7,0.09375,0.01588362292499176,0.015883628969704303
3,64,1.75,uniform,8,0.109375,0.020802083235587607,0.020802072973930254
3,64,1.75,uniform,9,0.125,0.026278014182734347,0.026278012976678578
3,64,1.75,uniform,10,0.140625,0.03229308142973714,0.03229307766364541
3,64,1.75,uniform,11,0.15625,0.03883158029288543,0.038831578553078644
3,64,1.75,uniform,12,0.171875,0.04587987891112248,0.04587987696095607
3,64,1.75,uniform,13,0.1875,0.05342594801765976,0.0534259466473776
3,64,1.75,uniform,14,0.203125,0.06145906103849987,0.0614590597895342
3,64,1.75,uniform,15,0.21875,0.06996955538823696,0.0699695543744965
3,64,1.75,uniform,16,0.234375,0.078948658301894,0.07894865741376363
3,64,1.75,uniform,17,0.25,0.08838834840854418,0.08838834764831845
3,64,1.75,uniform,18,0.265625,0.09828124760741838,0.09828124694013865
3,64,1.75,uniform,19,0.28125,0.10862053356487844,0.10862053297947691
3,64,1.75,uniform,20,0.296875,0.11939986866410203,0.11939986814491917
3,64,1.75,uniform,21,0.3125,0.13061334127807775,0.1306133408157074
3,64,1.75,uniform,22,0.328125,0.14225541684455445,0.1422554164300868
3,64,1.75,uniform,23,0.34375,0.15432089664823687,0.1543208962749978
3,64,1.75,uniform,24,0.359375,0.166804882820973,0.16680488248327738
3,64,1.75,uniform,25,0.375,0.17970274837610056,0.17970274806926415
3,64,1.75,uniform,26,0.390625,0.19301011137411425,0.19301011109426144
3,64,1.75,uniform,27,0.40625,0.2067228125036608,0.20672281224753208
3,64,1.75,uniform,28,0.421875,0.22083689551043928,0.22083689527520528
3,64,1.75,uniform,29,0.4375,0.23534859001830127,0.23534858980165588
3,64,1.75,uniform,30,0.453125,0.25025429637476354,0.25025429617465056
3,64,1.75,uniform,31,0.46875,0.26555057221860634,0.2655505720333097
3,64,1.75,uniform,32,0.484375,0.28123412052345353,0.2812341203513629
3,64,1.75,uniform,33,0.5,0.2973017789107396,0.29730177875068026
3,64,1.75,uniform,34,0.515625,0.3137505100634252,0.3137505099141488
3,64,1.75,uniform,35,0.53125,0.33057739309394113,0.3305773929545108
3,64,1.75,uniform,36,0.546875,0.3477796157487735,0.3477796156181976
3,64,1.75,uniform,37,0.5625,0.36535446734393157,0.36535446722156006
3,64,1.75,uniform,38,0.578125,0.3832993323470798,0.3832993322320315
3,64,1.75,uniform,39,0.59375,0.4016116845273664,0.40161168441931483
3,64,1.75,uniform,40,0.609375,0.4202890816141414,0.42028908151214645
3,64,1.75,uniform,41,0.625,0.43932916040105,0.4393291603049602
3,64,1.75,uniform,42,0.640625,0.4587296322570554,0.4587296321661576
3,64,1.75,uniform,43,0.65625,0.47848827899184543,0.4784882789059374
3,64,1.75,uniform,44,0.671875,0.4986029490482172,0.498602948966947
3,64,1.75,uniform,45,0.6875,0.519071553982823,0.5190715539055438
3,64,1.75,uniform,46,0.703125,0.5398920652085537,0.5398920651353379
3,64,1.75,uniform,47,0.71875,0.5610625109775771,0.5610625109080203
3,64,1.75,uniform,48,0.734375,0.5825809735753895,0.5825809735093594
3,64,1.75,uniform,49,0.75,0.6044455867138198,0.6044455866507423
3,64,1.75,uniform,50,0.765625,0.6266545330986025,0.6266545330387997
3,64,1.75,uniform,51,0.78125,0.6492060421647095,0.6492060421075425
3,64,1.75,uniform,52,0.796875,0.6720983879535235,0.6720983878990836
3,64,1.75,uniform,53,0.8125,0.695329887132608,0.6953298870804656
3,64,1.75,uniform,54,0.828125,0.7188988971350607,0.718898897085385
3,64,1.75,uniform,55,0.84375,0.7428038144178082,0.7428038143707203
3,64,1.75,uniform,56,0.859375,0.7670430728246436,0.767043072778762
3,64,1.75,uniform,57,0.875,0.791615142040071,0.7916151419969174
3,64,1.75,uniform,58,0.890625,0.8165185261493664,0.8165185261074396
3,64,1.75,uniform,59,0.90625,0.8417517622603371,0.8417517622204201
3,64,1.75,uniform,60,0.921875,0.867313419221996,0.8673134191839044
3,64,1.75,uniform,61,0.9375,0.8932020964027225,0.8932020963655337
3,64,1.75,uniform,62,0.953125,0.9194164225348932,0.919416422500617
3,64,1.75,uniform,63,0.96875,0.9459550546384734,0.9459550546019712
3,64,1.75,uniform,64,0.984375,0.9728166769561681,0.9728166769272705
3,64,1.75,uniform,65,0.9947916666666666,0.9909032263173673,0.9909032263263728
3,64,1.75,uniform,66,1.0,0.9999999999975605,1.0
3,64,1.75,positional,0,0.0,0.0,0.0
3,64,1.75,positional,1,5.066367245069984e-06,5.383903463490951e-10,5.410272846798464e-10
3,64,1.75,positional,2,2.392022665697669e-05,8.176620580236844e-09,8.18161912991761e-09
3,64,1.75,positional,3,8.103756786227901e-05,6.921644757736763e-08,6.921515519594725e-08
3,64,1.75,positional,4,0.00020413051444656362,3.486724778795147e-07,3.4860922682371497e-07
3,64,1.75,positional,5,0.00042535220976881076,1.2599264864790064e-06,1.2598249743295862e-06
3,64,1.75,positional,6,0.0007700171607610998,3.55953474677343e-06,3.559391074715107e-06
3,64,1.75,positional,7,0.0012641531671161407,8.475374988724382e-06,8.475190520589167e-06
3,64,1.75,positional,8,0.0019343590219808254,1.7842078625750523e-05,1.784185049678634e-05
3,64,1.75,positional,9,0.0028064807401856017,3.42205551050631e-05,3.4220284495506974e-05
3,64,1.75,positional,10,0.0039050372971188517,6.100231232826354e-05,6.1002000266145216e-05
3,64,1.75,positional,11,0.005253217023281729,0.00010250518627820714,0.00010250483482418879
3,64,1.75,positional,12,0.006873175745166093,0.00016406901306822465,0.0001640686238754616
3,64,1.75,positional,13,0.008786432123885463,0.00025215797617427545,0.0002521575506143987
3,64,1.75,positional,14,0.011014220326443678,0.0003744722278087373,0.00037447176668090526
3,64,1.75,positional,15,0.01357772328784843,0.0005400669088265576,0.0005400664125156922
3,64,1.75,positional,16,0.016498165992260106,0.0007594736740936589,0.0007594731426656256
3,64,1.75,positional,17,0.01979678935582997,0.0010448190180916315,0.0010448184514711364
3,64,1.75,positional,18,0.023494747723719397,0.001409934901259995,0.001409934299357181
3,64,1.75,positional,19,0.027612978291608314,0.0018704596245580141,0.0018704589873668243
3,64,1.75,positional,20,0.032172083757544136,0.002443929666080895,0.002443928993723914
3,64,1.75,positional,21,0.03719225595148148,0.00314986550864733,0.0031498648013802873
3,64,1.75,positional,22,0.04269325313105087,0.004009855891143917,0.004009855149327628
3,64,1.75,positional,23,0.048694430605910555,0.005047645280560275,0.005047644504612976
3,64,1.75,positional,24,0.055214815182811516,0.006289228819389092,0.0062892280097328
3,64,1.75,positional,25,0.06227320897648447,0.007762957834379962,0.0077629569913885334
3,64,1.75,positional,26,0.06988830680214213,0.009499657511203569,0.009499656635160817
3,64,1.75,positional,27,0.0780788125923224,0.011532756812563017,0.011532755903633613
3,64,1.75,positional,28,0.08686354295920762,0.013898429328380958,0.013898428386594422
3,64,1.75,positional,29,0.09626150925505045,0.016635742596371846,0.016635741621619786
3,64,1.75,positional,30,0.10629197267034207,0.01978681255884592,0.01978681155089297
3,64,1.75,positional,31,0.11697446973876974,0.023396959233266807,0.02339695819176592
3,64,1.75,positional,32,0.12832880798677904,0.027514859366079718,0.027514858290599895
3,64,1.75,positional,33,0.1403750333913989,0.03219269181010854,0.03219269070016449
3,64,1.75,positional,34,0.1531333728548279,0.03748627161687705,0.03748627047195886
3,64,1.75,positional,35,0.16662415612326067,0.043455169364733016,0.04345516818434513
3,64,1.75,positional,36,0.18086772249547187,0.050162813036407884,0.05016281182008951
3,64,1.75,positional,37,0.1958843182777454,0.05767657077853964,0.05767656952591336
3,64,1.75,positional,38,0.21169399122263735,0.06606781405941356,0.06606781277018052
3,64,1.75,positional,39,0.22831648811883984,0.07541196200525956,0.07541196067926126
3,64,1.75,positional,40,0.24577116127684484,0.08578850894449808,0.0857885075816749
3,64,1.75,positional,41,0.2640768889093053,0.09728103832376413,0.09728103692422199
3,64,1.75,positional,42,0.2832520133970994,0.10997722709634462,0.10997722566030169
3,64,1.75,positional,43,0.3033143002489806,0.12396884535656055,0.1239688438843801
3,64,1.75,positional,44,0.3242809193050873,0.13935175637192593,0.13935175486407655
3,64,1.75,positional,45,0.3461684485033758,0.15622592224206408,0.15622592069913102
3,64,1.75,positional,46,0.36899289941170843,0.1746954202161699,0.17469541863880136
3,64,1.75,positional,47,0.3927697627938314,0.194868474272543,0.19486847266145635
3,64,1.75,positional,48,0.41751407176573796,0.21685750596494532,0.21685750432087994
3,64,1.75,positional,49,0.4432404796246145,0.24077920783275494,0.24077920615649442
3,64,1.75,positional,50,0.4699633491875253,0.26675464191813286,0.2667546402103531
3,64,1.75,positional,51,0.49769685043560835,0.2949093651840306,0.2949093634455076
3,64,1.75,positional,52,0.5264550633851909,0.3253735829289639,0.32537358116027876
3,64,1.75,positional,53,0.5562520833582187,0.35828233066896936,0.35828232887067835
3,64,1.75,positional,54,0.5871021261591151,0.3937756844336684,0.39377568260629214
3,64,1.75,positional,55,0.6190196310457562,0.43199899899657546,0.4319989971402798
3,64,1.75,positional,56,0.6520193597767657,0.473103173234573,0.4731031713501408
3,64,1.75,positional,57,0.6861164904009381,0.5172449415887762,0.5172449396747536
3,64,1.75,positional,58,0.7213267048094792,0.5645871904227239,0.5645871884830325
3,64,1.75,positional,59,0.7576662693865703,0.6152992980616407,0.6152992960864724
3,64,1.75,positional,60,0.795152108362602,0.6695574970853503,0.6695574950973271
3,64,1.75,positional,61,0.8338018696956907,0.7275452578977785,0.7275452558422394
3,64,1.75,positional,62,0.8736339834823248,0.7894536915709849,0.7894536895751386
3,64,1.75,positional,63,0.9146677130308393,0.8554819725150988,0.8554819702821244
3,64,1.75,positional,64,0.9569231988268282,0.9258377758284865,0.9258377739257888
3,64,1.75,positional,65,0.9855030112332782,0.974768355896156,0.9747683562967789
3,64,1.75,positional,66,1.0,0.9999999999994048,1.0
3,64,1.85,uniform,0,0.0,0.0,0.0
3,64,1.85,uniform,1,0.005208333333333333,5.948492092498383e-05,5.9688783382903e-05
3,64,1.85,uniform,2,0.015625,0.0004558290275051175,0.0004555825153988316
3,64,1.85,uniform,3,0.03125,0.0016422695343492207,0.0016423758110424107
3,64,1.85,uniform,4,0.046875,0.0034773674173194753,0.003477293665137391
3,64,1.85,uniform,5,0.0625,0.005920749908890277,0.005920767837931241
3,64,1.85,uniform,6,0.078125,0.008946689079906416,0.008946672833914412
3,64,1.85,uniform,7,0.09375,0.012535648794893339,0.012535650097355133
3,64,1.85,uniform,8,0.109375,0.016672416160587778,0.016672411552534565
3,64,1.85,uniform,9,0.125,0.021344380040508527,0.021344379011787425
3,64,1.85,uniform,10,0.140625,0.02654090462550257,0.0265409027451795
3,64,1.85,uniform,11,0.15625,0.03225277315397575,0.032252772121572446
3,64,1.85,uniform,12,0.171875,0.03847189046030017,0.038471889411178
3,64,1.85,uniform,13,0.1875,0.045191042579548146,0.045191041797475254
3,64,1.85,uniform,14,0.203125,0.05240373667610095,0.05240373597774035
3,64,1.85,uniform,15,0.21875,0.060104075077479946,0.06010407449823971
3,64,1.85,uniform,16,0.234375,0.06828666146954572,0.06828666096237802
3,64,1.85,uniform,17,0.25,0.07694652627263691,0.07694652583405726
3,64,1.85,uniform,18,0.265625,0.08607906770254299,0.08607906731596665
3,64,1.85,uniform,19,0.28125,0.0956800038502213,0.09568000350880831
3,64,1.85,uniform,20,0.296875,0.10574533347983177,0.10574533317552043
3,64,1.85,uniform,21,0.3125,0.11627130345267654,0.11627130318019543
3,64,1.85,uniform,22,0.328125,0.12725438142695422,0.12725438118150526
3,64,1.85,uniform,23,0.34375,0.1386912327394266,0.1386912325173475
3,64,1.85,uniform,24,0.359375,0.15057870067401719,0.15057870047215374
3,64,1.85,uniform,25,0.375,0.16291378948754912,0.16291378930335976
3,64,1.85,uniform,26,0.390625,0.17569364970888598,0.17569364954014963
3,64,1.85,uniform,27,0.40625,0.1889155653249447,0.1889155651698972
3,64,1.85,uniform,28,0.421875,0.20257694254831637,0.20257694240536467
3,64,1.85,uniform,29,0.4375,0.2166752999175156,0.2166752997853374
3,64,1.85,uniform,30,0.453125,0.23120825953017898,0.23120825940766324
3,64,1.85,uniform,31,0.46875,0.2461735392438649,0.24617353912996848
3,64,1.85,uniform,32,0.484375,0.26156894570817585,0.2615689456020589
3,64,1.85,uniform,33,0.5,0.2773923681159781,0.2773923680169612
3,64,1.85,uniform,34,0.515625,0.29364177257875435,0.29364177248602685
3,64,1.85,uniform,35,0.53125,0.31031519704531035,0.31031519695849497
3,64,1.85,uniform,36,0.546875,0.3274107466997531,0.3274107466181402
3,64,1.85,uniform,37,0.5625,0.34492658977636764,0.34492658969967743
3,64,1.85,uniform,38,0.578125,0.36286095374822314,0.36286095367590776
3,64,1.85,uniform,39,0.59375,0.38121212184176234,0.38121212177349667
3,64,1.85,uniform,40,0.609375,0.39997842984544546,0.399978429781057
3,64,1.85,uniform,41,0.625,0.4191582631791436,0.419158263118061
3,64,1.85,uniform,42,0.640625,0.43875005419493035,0.43875005413720697
3,64,1.85,uniform,43,0.65625,0.45875227969131,0.4587522796363461
3,64,1.85,uniform,44,0.671875,0.47916345861085247,0.47916345855903303
3,64,1.85,uniform,45,0.6875,0.4999821499151487,0.49998214986530265
3,64,1.85,uniform,46,0.703125,0.5212069506031957,0.5212069505564498
3,64,1.85,uniform,47,0.71875,0.5428364938846225,0.5428364938394649
3,64,1.85,uniform,48,0.734375,0.5648694474608027,0.564869447418399
3,64,1.85,uniform,49,0.75,0.5873045119424337,0.5873045119013454
3,64,1.85,uniform,50,0.765625,0.6101404193514822,0.610140419312942
3,64,1.85,uniform,51,0.78125,0.6333759317405652,0.6333759317033798
3,64,1.85,uniform,52,0.796875,0.6570098398812725,0.6570098398458282
3,64,1.85,uniform,53,0.8125,0.6810409620485753,0.6810409620150252
3,64,1.85,uniform,54,0.828125,0.7054681428731185,0.7054681428404933
3,64,1.85,uniform,55,0.84375,0.7302902522588572,0.7302902522284898
3,64,1.85,uniform,56,0.859375,0.7555061843772438,0.7555061843473646
3,64,1.85,uniform,57,0.875,0.7811148566993898,0.7811148566715026
3,64,1.85,uniform,58,0.890625,0.8071152091063784,0.8071152090794725
3,64,1.85,uniform,59,0.90625,0.8335062030282585,0.8335062030024054
3,64,1.85,uniform,60,0.921875,0.8602868206431885,0.8602868206189809
3,64,1.85,uniform,61,0.9375,0.8874560641179665,0.8874560640937177
3,64,1.85,uniform,62,0.953125,0.9150129548770906,0.91501295485555
3,64,1.85,uniform,63,0.96875,0.9429565329371121,0.9429565329139307
3,64,1.85,uniform,64,0.984375,0.9712858562281095,0.9712858562099284
3,64,1.85,uniform,65,0.9947916666666666,0.9903859172854075,0.9903859172922062
3,64,1.85,uniform,66,1.0,0.9999999999974217,1.0
3,64,1.85,positional,0,0.0,0.0,0.0
3,64,1.85,positional,1,7.760432844215887e-06,3.4759210891476724e-10,3.517944619122545e-10
3,64,1.85,positional,2,4.8747766363701346e-05,1.0530141693922846e-08,1.0536981895241335e-08
3,64,1.85,positional,3,0.00016616723419340897,1.0188006063299578e-07,1.0186124352517605e-07
3,64,1.85,positional,4,0.00040564827964947463,5.310328095229826e-07,5.309783714886494e-07
3,64,1.85,positional,5,0.0008059168625136172,1.8908424076033013e-06,1.8907623646303278e-06
3,64,1.85,positional,6,0.0013982043976906433,5.2397997485591575e-06,5.2396916253678355e-06
3,64,1.85,positional,7,0.002212672165940723,1.2249019800267478e-05,1.2248885770249495e-05
3,64,1.85,positional,8,0.003276687935651857,2.532547676960203e-05,2.532531768542715e-05
3,64,1.85,positional,9,0.004614527222214889,4.771303006389801e-05,4.7712848249806496e-05
3,64,1.85,positional,10,0.006247943028976501,8.358235750946255e-05,8.358215464694175e-05
3,64,1.85,positional,11,0.008196972007490139,0.00013812095907219345,0.00013812073672178255
3,64,1.85,positional,12,0.010480675065430939,0.00021763092377229506,0.0002176306829065955
3,64,1.85,positional,13,0.013117674732632806,0.0003296366774290803,0.0003296364186526081
3,64,1.85,positional,14,0.016126447633883382,0.00048299970254063235,0.00048299942611379064
3,64,1.85,positional,15,0.019525395589954368,0.0006880339881747079,0.0006880336941814247
3,64,1.85,positional,16,0.02333275774066761,0.000956615414010853,0.0009566151024588403
3,64,1.85,positional,17,0.027566439871835675,0.0013022800007539488,0.0013022796716731242
3,64,1.85,positional,18,0.03224383098088752,0.0017403089873552083,0.0017403086408495146
3,64,1.85,positional,19,0.03738165876421889,0.0022878019257417223,0.0022878015620128485
3,64,1.85,positional,20,0.04299591290658663,0.00296374154892805,0.002963741168269698
3,64,1.85,positional,21,0.04910184384604186,0.0037890555909273847,0.003789055193701738
3,64,1.85,positional,22,0.05571402869276288,0.004786680937900624,0.004786680524505142
3,64,1.85,positional,23,0.06284648645848052,0.005981634688401693,0.005981634259234307
3,64,1.85,positional,24,0.07051282119930667,0.007401095267110382,0.007401094822538046
3,64,1.85,positional,25,0.07872637259471066,0.009074495056870444,0.00907449459720463
3,64,1.85,positional,26,0.0875003571040518,0.01103362439721154,0.011033623922693522
3,64,1.85,positional,27,0.09684798758881898,0.013312745438028168,0.013312744948821389
3,64,1.85,positional,28,0.10678256403245967,0.015948713319345047,0.015948712815534585
3,64,1.85,positional,29,0.11731753207537259,0.018981101477146115,0.018981100958746513
3,64,1.85,positional,30,0.12846650924986958,0.022452327513131035,0.02245232698009427
3,64,1.85,positional,31,0.14024328105564324,0.02640777596320563,0.02640777541543802
3,64,1.85,positional,32,0.15266177051010316,0.030895914413822258,0.03089591385119605
3,64,1.85,positional,33,0.16573598573415038,0.035968399720316804,0.03596839914268805
3,64,1.85,positional,34,0.1794799506678657,0.04168017156347174,0.04168017097069802
3,64,1.85,positional,35,0.19390762427702343,0.04808953122964971,0.04808953062159747
3,64,1.85,positional,36,0.2090328136785549,0.05525820429991044,0.05525820367647748
3,64,1.85,positional,37,0.22486908650372825,0.06325138685441574,0.0632513862155319
3,64,1.85,positional,38,0.2414296875285671,0.07213777579209978,0.07213777513774997
3,64,1.85,positional,39,0.2587274641235143,0.08198958486994007,0.08198958420015234
3,64,1.85,positional,40,0.27677480441167635,0.09288254900983382,0.0928825483246873
3,64,1.85,positional,41,0.29558359120100763,0.1048959202358559,0.10489591953550098
3,64,1.85,positional,42,0.3151651738162499,0.11811245923240139,0.11811245851702996
3,64,1.85,positional,43,0.33553035896357236,0.13261842691587417,0.13261842618572767
3,64,1.85,positional,44,0.3566894207840366,0.14850358057456947,0.1485035798299221
3,64,1.85,positional,45,0.3786521293574525,0.16586117906018305,0.165861178301367
3,64,1.85,positional,46,0.40142779616012375,0.18478800123929712,0.18478800046662158
3,64,1.85,positional,47,0.425025334394952,0.20538438147519592,0.2053843806890396
3,64,1.85,positional,48,0.44945333171709195,0.22775426536251103,0.2277542645631767
3,64,1.85,positional,49,0.47472013267083707,0.25200528832657937,0.252005287514457
3,64,1.85,positional,50,0.5008339281164275,0.27824887908019413,0.278248878255546
3,64,1.85,positional,51,0.5278028490312097,0.3066003893337052,0.30660038849686055
3,64,1.85,positional,52,0.5556350622846314,0.3371792506208254,0.33717924977202884
3,64,1.85,positional,53,0.5843388662762895,0.3701091586402844,0.3701091577796637
3,64,1.85,positional,54,0.6139227846582315,0.4055182851428512,0.40551828427071934
3,64,1.85,positional,55,0.6443956567090142,0.4435395171119132,0.4435395162281053
3,64,1.85,positional,56,0.6757667232653604,0.4843107227829729,0.4843107218879565
3,64,1.85,positional,57,0.708045707431357,0.5279750439387538,0.5279750430315362
3,64,1.85,positional,58,0.7412428895643387,0.5746812138394762,0.5746812129220479
3,64,1.85,positional,59,0.7753691762750771,0.6245839001918163,0.6245838992593785
3,64,1.85,positional,60,0.8104361633757892,0.6778440725026524,0.6778440715656923
3,64,1.85,positional,61,0.8464561928637883,0.7346293934513918,0.7346293924842439
3,64,1.85,positional,62,0.8834424041443736,0.7951146335002931,0.7951146325624525
3,64,1.85,positional,63,0.9214087797780605,0.8594821092370667,0.8594821081893248
3,64,1.85,positional,64,0.9603701860893211,0.9279221433511866,0.9279221424593773
3,64,1.85,positional,65,0.9866777843472896,0.9754935389381129,0.9754935391270951
3,64,1.85,positional,66,1.0,0.9999999999987484,1.0
3,64,1.95,uniform,0,0.0,0.0,0.0
3,64,1.95,uniform,1,0.005208333333333333,3.524243520643983e-05,3.5282764344680544e-05
3,64,1.95,uniform,2,0.015625,0.00030062664602049455,0.00030057236653928626
3,64,1.95,uniform,3,0.03125,0.001161314855777647,0.001161335073244845
3,64,1.95,uniform,4,0.046875,0.0025605791365276966,0.002560563187295948
3,64,1.95,uniform,5,0.0625,0.00448709983361556,0.004487102949207168
3,64,1.95,uniform,6,0.078125,0.006933312751358149,0.006933309050333421
3,64,1.95,uniform,7,0.09375,0.009893364031196103,0.009893364020466998
3,64,1.95,uniform,8,0.109375,0.013362578398764832,0.013362577245327769
3,64,1.95,uniform,9,0.125,0.017337023377773344,0.01733702300106008
3,64,1.95,uniform,10,0.140625,0.021813329241073785,0.021813328722213785
3,64,1.95,uniform,11,0.15625,0.026788540687390363,0.026788540365521887
3,64,1.95,uniform,12,0.171875,0.03226003178312276,0.032260031475792074
3,64,1.95,uniform,13,0.1875,0.03822543912932847,0.038225438890588166
3,64,1.95,uniform,14,0.203125,0.04468261582208057,0.04468261561157755
3,64,1.95,uniform,15,0.21875,0.05162959541446317,0.05162959523730632
3,64,1.95,uniform,16,0.234375,0.05906456462193098,0.05906456446690404
3,64,1.95,uniform,17,0.25,0.06698584154337242,0.06698584140851832
3,64,1.95,uniform,18,0.265625,0.07539185828807685,0.07539185816903379
3,64,1.95,uniform,19,0.28125,0.08428114677566623,0.0842811466702643
3,64,1.95,uniform,20,0.296875,0.09365232703655091,0.09365232694252063
3,64,1.95,uniform,21,0.3125,0.10350409743594348,0.103504097351709
3,64,1.95,uniform,22,0.328125,0.11383522643326577,0.11383522635741905
3,64,1.95,uniform,23,0.34375,0.12464454556745952,0.12464454549890625
3,64,1.95,uniform,24,0.359375,0.13593094343942536,0.1359309433772463
3,64,1.95,uniform,25,0.375,0.14769336051064516,0.14769336045406303
3,64,1.95,uniform,26,0.390625,0.15993078457753443,0.159930784525903
3,64,1.95,uniform,27,0.40625,0.17264224680966156,0.17264224676242884
3,64,1.95,uniform,28,0.421875,0.18582681826208747,0.18582681821878505
3,64,1.95,uniform,29,0.4375,0.19948360678936114,0.19948360674959742
3,64,1.95,uniform,30,0.453125,0.21361175430201523,0.21361175426540485
3,64,1.95,uniform,31,0.46875,0.22821043431651297,0.22821043428282467
3,64,1.95,uniform,32,0.484375,0.24327884975920344,0.24327884972809732
3,64,1.95,uniform,33,0.5,0.2588162309890397,0.2588162309603444
3,64,1.95,uniform,34,0.515625,0.27482183401281246,0.27482183398627574
3,64,1.95,uniform,35,0.53125,0.2912949388670454,0.29129493884247654
3,64,1.95,uniform,36,0.546875,0.30823484814766106,0.30823484812500573
3,64,1.95,uniform,37,0.5625,0.3256408856699396,0.3256408856490063
3,64,1.95,uniform,38,0.578125,0.3435123952429201,0.34351239522348964
3,64,1.95,uniform,39,0.59375,0.3618487395464651,0.3618487395285111
3,64,1.95,uniform,40,0.609375,0.3806492991001186,0.38064929908367473
3,64,1.95,uniform,41,0.625,0.3999134713136457,0.39991347129835847
3,64,1.95,uniform,42,0.640625,0.41964066960941354,0.4196406695952783
3,64,1.95,uniform,43,0.65625,0.43983032261291194,0.43983032260005667
3,64,1.95,uniform,44,0.671875,0.4604818734022158,0.46048187339035274
3,64,1.95,uniform,45,0.6875,0.48159477880979684,0.48159477879887747
3,64,1.95,uniform,46,0.703125,0.5031685087750297,0.5031685087652766
3,64,1.95,uniform,47,0.71875,0.5252025457415853,0.5252025457324333
3,64,1.95,uniform,48,0.734375,0.5476963840911362,0.5476963840832356
3,64,1.95,uniform,49,0.75,0.5706495296218115,0.5706495296142864
3,64,1.95,uniform,50,0.765625,0.594061499049515,0.5940614990434026
3,64,1.95,uniform,51,0.78125,0.6179318195540737,0.617931819548085
3,64,1.95,uniform,52,0.796875,0.6422600283371841,0.6422600283324224
3,64,1.95,uniform,53,0.8125,0.667045672224592,0.6670456722201512
3,64,1.95,uniform,54,0.828125,0.6922883072750788,0.6922883072718132
3,64,1.95,uniform,55,0.84375,0.7179874984271902,0.7179874984241513
3,64,1.95,uniform,56,0.859375,0.744142819152356,0.7441428191500619
3,64,1.95,uniform,57,0.875,0.7707538511392242,0.7707538511375747
3,64,1.95,uniform,58,0.890625,0.7978201839874338,0.7978201839864724
3,64,1.95,uniform,59,0.90625,0.8253414149223989,0.8253414149212855
3,64,1.95,uniform,60,0.921875,0.8533171485187905,0.8533171485195087
3,64,1.95,uniform,61,0.9375,0.8817469964540563,0.8817469964539856
3,64,1.95,uniform,62,0.953125,0.9106305772470348,0.910630577248497
3,64,1.95,uniform,63,0.96875,0.9399675160447867,0.93996751604567
3,64,1.95,uniform,64,0.984375,0.9697574443837068,0.9697574443863936
3,64,1.95,uniform,65,0.9947916666666666,0.9898688783114457,0.9898688783233996
3,64,1.95,uniform,66,1.0,0.9999999999897041,1.0
3,64,1.95,positional,0,0.0,0.0,0.0
3,64,1.95,positional,1,1.5661303575359124e-05,4.241358685854679e-10,4.264954677835177e-10
3,64,1.95,positional,2,9.818938441201095e-05,1.529186799606531e-08,1.5294167692232847e-08
3,64,1.95,positional,3,0.00031484514195520124,1.483622426083973e-07,1.4835054401997583e-07
3,64,1.95,positional,4,0.0007300223085401769,7.647474170706472e-07,7.647252973360671e-07
3,64,1.95,positional,5,0.0013839394606029556,2.6618501230949345e-06,2.6618178351405347e-06
3,64,1.95,positional,6,0.002309852442653512,7.2275605631576975e-06,7.227519344477072e-06
3,64,1.95,positional,7,0.003535486016226129,1.6575898665364258e-05,1.657584936872751e-05
3,64,1.95,positional,8,0.005083275694325964,3.36496748461419e-05,3.364961858221079e-05
3,64,1.95,positional,9,0.006971999924959856,6.230850257585397e-05,6.230844010971437e-05
3,64,1.95,positional,10,0.00921834339510106,0.0001074170930840015,0.00010741702501257031
3,64,1.95,positional,11,0.011838032531979117,0.00017494247395725884,0.00017494240062431465
3,64,1.95,positional,12,0.014846513151305344,0.0002720619687372149,0.0002720618903324979
3,64,1.95,positional,13,0.01825922959307637,0.0004072779194610865,0.0004072778360551602
3,64,1.95,positional,14,0.02209160405968964,0.000590531684477632,0.0005905315960872862
3,64,1.95,positional,15,0.026358832430611157,0.0008333090119365744,0.0008333089185641659
3,64,1.95,positional,16,0.03107560880484418,0.001148731013377545,0.0011487309150440643
3,64,1.95,positional,17,0.036255869179002115,0.0015516285252684765,0.0015516284220294459
3,64,1.95,positional,18,0.04191261307335533,0.002058601391872955,0.002058601283823586
3,64,1.95,positional,19,0.04805782920923418,0.0026880671284719654,0.0026880670157425185
3,64,1.95,positional,20,0.054702524083103006,0.003460304985162694,0.0034603048679081004
3,64,1.95,positional,21,0.061856833896638035,0.004397501557450118,0.004397501435836967
3,64,1.95,positional,22,0.06953019124272942,0.005523803062923825,0.005523802937117932
3,64,1.95,positional,23,0.07773151661713157,0.006865377679719753,0.006865377549875137
3,64,1.95,positional,24,0.08646940869096809,0.00845048938715821,0.008450489253409079
3,64,1.95,positional,25,0.09575231378845693,0.010309582927375974,0.010309582789832478
3,64,1.95,positional,26,0.10558866214135942,0.012475378042210453,0.012475377900956937
3,64,1.95,positional,27,0.1159869649252273,0.014982970121236514,0.014982969976331074
3,64,1.95,positional,28,0.12695587117068433,0.017869933815307264,0.017869933666785902
3,64,1.95,positional,29,0.13850418722490943,0.02117642595986298,0.02117642580774313
3,64,1.95,positional,30,0.15064086365557092,0.0249452842291032,0.024945284073384644
3,64,1.95,positional,31,0.1633749556267513,0.029222118227586347,0.029222118068264146
3,64,1.95,positional,32,0.17671556315070935,0.03405539016087279,0.03405538999793133
3,64,1.95,positional,33,0.19067175751172474,0.039496482773670065,0.03949648260709841
3,64,1.95,positional,34,0.20525249978172755,0.045599752882052334,0.045599752711837076
3,64,1.95,positional,35,0.22046655683950003,0.05242256954174751,0.05242256936789067
3,64,1.95,positional,36,0.23632241973727267,0.06002533667276878,0.060025336495273425
3,64,1.95,positional,37,0.2528282286539114,0.06847150077709066,0.06847150059597708
3,64,1.95,positional,38,0.26999170802951866,0.07782754520599444,0.07782754502130043
3,64,1.95,positional,39,0.2878201147821882,0.08816297321099122,0.08816297302275455
3,64,1.95,positional,40,0.30632020176138613,0.09955028269780747,0.09955028250609234
3,64,1.95,positional,41,0.3254981978063905,0.11206493615048091,0.11206493595536902
3,64,1.95,positional,42,0.3453598049803359,0.12578532956558983,0.12578532936714312
3,64,1.95,positional,43,0.3659102127796065,0.1407927644156199,0.14079276421397618
3,64,1.95,positional,44,0.38715412841721647,0.15717142664440278,0.15717142643962323
3,64,1.95,positional,45,0.40909582168608744,0.17500837649951734,0.17500837629171553
3,64,1.95,positional,46,0.4317391824524038,0.19439355266230798,0.194393552451627
3,64,1.95,positional,47,0.4550877885255851,0.21541979367875974,0.2154197934652496
3,64,1.95,positional,48,0.479144981500698,0.23818287917227846,0.23818287895613185
3,64,1.95,positional,49,0.5039139481595373,0.26278159277503516,0.2627815925562557
3,64,1.95,positional,50,0.5293978051269028,0.28931780817818226,0.28931780795697615
3,64,1.95,positional,51,0.5555996846818688,0.31789659921673763,0.31789659899306894
3,64,1.95,positional,52,0.5825228198912519,0.34862637447342093,0.3486263742474911
3,64,1.95,positional,53,0.6101706275363248,0.38161903654410906,0.38161903631581856
3,64,1.95,positional,54,0.6385467876197101,0.41699016583257836,0.4169901656021724
3,64,1.95,positional,55,0.6676553185475994,0.45485922856407207,0.45485922833138936
3,64,1.95,positional,56,0.6975006473683095,0.49534980858404287,0.49534980834924236
3,64,1.95,positional,57,0.7280876747019782,0.5385898624718204,0.5385898622347206
3,64,1.95,positional,58,0.7594218342125815,0.584711997494218,0.5847119972552506
3,64,1.95,positional,59,0.7915091466505967,0.6338537719883752,0.6338537717463083
3,64,1.95,positional,60,0.8243562686334663,0.6861580178229966,0.6861580175805946
3,64,1.95,positional,61,0.8579705364343099,0.7417731847486094,0.741773184499213
3,64,1.95,positional,62,0.8923600051210229,0.8008537064406858,0.8008537061997325
3,64,1.95,positional,63,0.9275334834324998,0.8635603884751117,0.8635603882066342
3,64,1.95,positional,64,0.9635005648008733,0.9300608179104002,0.9300608176828624
3,64,1.95,positional,65,0.9877442183191492,0.9762403808097754,0.976240380858649
3,64,1.95,positional,66,1.0,0.9999999999991167,1.0
3,128,1.55,uniform,0,0.0,0.0,0.0
3,128,1.55,uniform,1,0.0026041666666666665,9.781439076549506e-05,9.869305719406676e-05
3,128,1.55,uniform,2,0.0078125,0.0005425682768919387,0.0005417819687831274
3,128,1.55,uniform,3,0.015625,0.0015859754973536321,0.0015864304616332722
3,128,1.55,uniform,4,0.0234375,0.002974397299044545,0.00297414742276489
3,128,1.55,uniform,5,0.03125,0.004645254890341549,0.004645340292979378
3,128,1.55,uniform,6,0.0390625,0.006564948811166117,0.006564899073254789
3,128,1.55,uniform,7,0.046875,0.00870880017132772,0.008708813398607244
3,128,1.55,uniform,8,0.0546875,0.01105928247513897,0.011059271223633624
3,128,1.55,uniform,9,0.0625,0.013602351678219667,0.013602352551501938
3,128,1.55,uniform,10,0.0703125,0.01632677941756297,0.01632677608707917
3,128,1.55,uniform,11,0.078125,0.01922315049148684,0.01922314965695806
3,128,1.55,uniform,12,0.0859375,0.022283491365794172,0.022283489938127836
3,128,1.55,uniform,13,0.09375,0.025500899074075496,0.02550089825112095
3,128,1.55,uniform,14,0.1015625,0.02886933336484678,0.02886933254189789
3,128,1.55,uniform,15,0.109375,0.032383442236568964,0.03238344161221013
3,128,1.55,uniform,16,0.1171875,0.03603844181856124,0.03603844126316448
3,128,1.55,uniform,17,0.125,0.03983002006660681,0.03983001960372694
3,128,1.55,uniform,18,0.1328125,0.04375426362936064,0.04375426322477485
3,128,1.55,uniform,19,0.140625,0.04780759900984826,0.0478075986599994
3,128,1.55,uniform,20,0.1484375,0.05198674558703771,0.05198674527932202
3,128,1.55,uniform,21,0.15625,0.05628867715876323,0.056288676887548704
3,128,1.55,uniform,22,0.1640625,0.06071059029873584,0.060710590057666394
3,128,1.55,uniform,23,0.171875,0.06524987796355546,0.06524987774832247
3,128,1.55,uniform,24,0.1796875,0.06990410731335561,0.0699041071201211
3,128,1.55,uniform,25,0.1875,0.07467100090074127,0.074671000726462
3,128,1.55,uniform,26,0.1953125,0.07954842060237738,0.0795484204445229
3,128,1.55,uniform,27,0.203125,0.08453435379573145,0.08453435365218052
3,128,1.55,uniform,28,0.2109375,0.08962690139263928,0.08962690126160985
3,128,1.55,uniform,29,0.21875,0.09482426741986182,0.09482426729985438
3,128,1.55,uniform,30,0.2265625,0.10012474989792662,0.10012474978766148
3,128,1.55,uniform,31,0.234375,0.10552673281677416,0.10552673271515144
3,128,1.55,uniform,32,0.2421875,0.11102867904380487,0.111028678949884
3,128,1.55,uniform,33,0.25,0.1166291240291315,0.11662912394210093
3,128,1.55,uniform,34,0.2578125,0.12232667019602382,0.12232667011518718
3,128,1.55,uniform,35,0.265625,0.12811998192335236,0.12811998184806514
3,128,1.55,uniform,36,0.2734375,0.1340077810415705,0.13400778097133087
3,128,1.55,uniform,37,0.28125,0.13998884277695076,0.13998884271122877
3,128,1.55,uniform,38,0.2890625,0.14606199208720086,0.14606199202562664
3,128,1.55,uniform,39,0.296875,0.1522261003422466,0.15222610028444827
3,128,1.55,uniform,40,0.3046875,0.1584800823082781,0.15848008225389681
3,128,1.55,uniform,41,0.3125,0.16482289340079834,0.16482289334953037
3,128,1.55,uniform,42,0.3203125,0.17125352717637007,0.17125352712804998
3,128,1.55,uniform,43,0.328125,0.17777101303748907,0.17777101299169615
3,128,1.55,uniform,44,0.3359375,0.1843744141258119,0.1843744140825635
3,128,1.55,uniform,45,0.34375,0.1910628253881149,0.19106282534703936
3,128,1.55,uniform,46,0.3515625,0.19783537179202462,0.1978353717530411
3,128,1.55,uniform,47,0.359375,0.20469120668191007,0.2046912066448401
3,128,1.55,uniform,48,0.3671875,0.211629510257348,0.2116295102220746
3,128,1.55,uniform,49,0.375,0.21864948816480698,0.21864948813111684
3,128,1.55,uniform,50,0.3828125,0.22575037019038133,0.22575037015831334
3,128,1.55,uniform,51,0.390625,0.23293140904654236,0.23293140901578907
3,128,1.55,uniform,52,0.3984375,0.24019187924079238,0.24019187921152793
3,128,1.55,uniform,53,0.40625,0.24753107602450122,0.2475310759963327
3,128,1.55,uniform,54,0.4140625,0.2549483144079563,0.25494831438104715
3,128,1.55,uniform,55,0.421875,0.262442928244034,0.26244292821810783
3,128,1.55,uniform,56,0.4296875,0.2700142693668234,0.270014269342095
3,128,1.55,uniform,57,0.4375,0.27766170678852264,0.27766170676448265
3,128,1.55,uniform,58,0.4453125,0.28538462594103686,0.28538462591825847
3,128,1.55,uniform,59,0.453125,0.2931824279708056,0.29318242794849997
3,128,1.55,uniform,60,0.4609375,0.3010545290667102,0.3010545290453618
3,128,1.55,uniform,61,0.46875,0.3090003598367225,0.30900035981626095
3,128,1.55,uniform,62,0.4765625,0.3170193647144631,0.31701936469433706
3,128,1.55,uniform,63,0.484375,0.3251110013996063,0.3251110013805286
3,128,1.55,uniform,64,0.4921875,0.33327474033554866,0.3332747403168422
3,128,1.55,uniform,65,0.5,0.3415100642065533,0.34151006418859886
3,128,1.55,uniform,66,0.5078125,0.3498164674712341,0.3498164674536362
3,128,1.55,uniform,67,0.515625,0.3581934559135698,0.35819345589660956
3,128,1.55,uniform,68,0.5234375,0.3666405462231529,0.3666405462066949
3,128,1.55,uniform,69,0.53125,0.3751572655931549,0.37515726557713075
3,128,1.55,uniform,70,0.5390625,0.38374315134064824,0.3837431513251641
3,128,1.55,uniform,71,0.546875,0.3923977505461653,0.3923977505310798
3,128,1.55,uniform,72,0.5546875,0.4011206197099929,0.4011206196950932
3,128,1.55,uniform,73,0.5625,0.4099113244250234,0.4099113244109841
3,128,1.55,uniform,74,0.5703125,0.4187694390693029,0.4187694390554314
3,128,1.55,uniform,75,0.578125,0.42769454650587146,0.42769454649208793
3,128,1.55,uniform,76,0.5859375,0.4366862378023316,0.4366862377895064
3,128,1.55,uniform,77,0.59375,0.44574411196517677,0.44574411195209007
3,128,1.55,uniform,78,0.6015625,0.45486777567552406,0.4548677756633037
3,128,1.55,uniform,79,0.609375,0.46405684305297185,0.464056843040433
3,128,1.55,uniform,80,0.6171875,0.4733109354116553,0.4733109354002311
3,128,1.55,uniform,81,0.625,0.4826296810468131,0.4826296810348376
3,128,1.55,uniform,82,0.6328125,0.49201271500868676,0.4920127149973947
3,128,1.55,uniform,83,0.640625,0.5014596789074962,0.5014596788968282
3,128,1.55,uniform,84,0.6484375,0.5109702207127648,0.5109702207012923
3,128,1.55,uniform,85,0.65625,0.5205439945595395,0.5205439945498125
3,128,1.55,uniform,86,0.6640625,0.5301806605825703,0.5301806605716926
3,128,1.55,uniform,87,0.671875,0.5398798847234261,0.5398798847132739
3,128,1.55,uniform,88,0.6796875,0.5496413385812995,0.54964133857167
3,128,1.55,uniform,89,0.6875,0.5594646992448393,0.5594646992351152
3,128,1.55,uniform,90,0.6953125,0.5693496491393242,0.5693496491295923
3,128,1.55,uniform,91,0.703125,0.5792958758801826,0.5792958758714254
3,128,1.55,uniform,92,0.7109375,0.5893030721354962,0.5893030721255413
3,128,1.55,uniform,93,0.71875,0.5993709354772482,0.5993709354691211
3,128,1.55,uniform,94,0.7265625,0.6094991682692955,0.6094991682603811
3,128,1.55,uniform,95,0.734375,0.6196874775211219,0.619687477512236
3,128,1.55,uniform,96,0.7421875,0.6299355747788736,0.6299355747706136
3,128,1.55,uniform,97,0.75,0.6402431760056766,0.6402431759972019
3,128,1.55,uniform,98,0.7578125,0.6506100014646631,0.6506100014564221
3,128,1.55,uniform,99,0.765625,0.6610357756143432,0.6610357756064335
3,128,1.55,uniform,100,0.7734375,0.6715202270016314,0.671520226993987
3,128,1.55,uniform,101,0.78125,0.6820630881609004,0.6820630881529534
3,128,1.55,uniform,102,0.7890625,0.6926640955136493,0.6926640955063619
3,128,1.55,uniform,103,0.796875,0.7033229892801338,0.703322989271795
3,128,1.55,uniform,104,0.8046875,0.7140395133771442,0.7140395133699917
3,128,1.55,uniform,105,0.8125,0.7248134153444465,0.7248134153365206
3,128,1.55,uniform,106,0.8203125,0.7356444462425888,0.7356444462363912
3,128,1.55,uniform,107,0.828125,0.7465323605899719,0.7465323605814791
3,128,1.55,uniform,108,0.8359375,0.7574769162566621,0.7574769162506438
3,128,1.55,uniform,109,0.84375,0.7684778744202988,0.7684778744124325
3,128,1.55,uniform,110,0.8515625,0.7795349994571623,0.779534999450256
3,128,1.55,uniform,111,0.859375,0.7906480588966458,0.7906480588899415
3,128,1.55,uniform,112,0.8671875,0.8018168233374239,0.8018168233295625
3,128,1.55,uniform,113,0.875,0.8130410663773927,0.8130410663714555
3,128,1.55,uniform,114,0.8828125,0.8243205645635723,0.824320564556336
3,128,1.55,uniform,115,0.890625,0.8356550973064241,0.835655097299431
3,128,1.55,uniform,116,0.8984375,0.8470444468349376,0.8470444468285495
3,128,1.55,uniform,117,0.90625,0.8584883981310476,0.8584883981240155
3,128,1.55,uniform,118,0.9140625,0.8699867388664425,0.8699867388603908
3,128,1.55,uniform,119,0.921875,0.8815392593576344,0.881539259349922
3,128,1.55,uniform,120,0.9296875,0.8931457524925964,0.8931457524876438
3,128,1.55,uniform,121,0.9375,0.9048060137055939,0.9048060136980782
3,128,1.55,uniform,122,0.9453125,0.9165198408886823,0.916519840883469
3,128,1.55,uniform,123,0.953125,0.928287034381059,0.928287034373497
3,128,1.55,uniform,124,0.9609375,0.9401073968819049,0.9401073968764188
3,128,1.55,uniform,125,0.96875,0.9519807334378181,0.951980733431581
3,128,1.55,uniform,126,0.9765625,0.963906851369704,0.9639068513632572
3,128,1.55,uniform,127,0.984375,0.975885560242252,0.9758855602357629
3,128,1.55,uniform,128,0.9921875,0.9879166718149249,0.9879166718098017
3,128,1.55,uniform,129,0.9973958333333334,0.9959664334931588,0.9959664334897278
3,128,1.55,uniform,130,1.0,1.0000000000032245,1.0
3,128,1.55,positional,0,0.0,0.0,0.0
3,128,1.55,positional,1,1.1161599275400678e-06,5.889794412466926e-10,5.942592642215582e-10
3,128,1.55,positional,2,3.3496408044324314e-06,3.268685729912873e-09,3.263978350523087e-09
3,128,1.55,positional,3,6.706469059821831e-06,9.570698964929216e-09,9.573386312463436e-09
3,128,1.55,positional,4,1.0110039634827089e-05,1.808847990308847e-08,1.8087016308526523e-08
3,128,1.55,positional,5,1.377058947011211e-05,2.9199100598747097e-08,2.919956781400136e-08
3,128,1.55,positional,6,1.8342719183253398e-05,4.553780299468416e-08,4.55374557071846e-08
3,128,1.55,positional,7,2.511218859794398e-05,7.410052867449046e-08,7.410048913302399e-08
3,128,1.55,positional,8,3.588343357339155e-05,1.28851425156925e-07,1.2885037551988238e-07
3,128,1.55,positional,9,5.262019511369594e-05,2.3323388959307286e-07,2.332310158379193e-07
3,128,1.55,positional,10,7.716249180618725e-05,4.221679880339206e-07,4.2216252426149126e-07
3,128,1.55,positional,11,0.00011118722939489757,7.436862328339786e-07,7.436782979983875e-07
3,128,1.55,positional,12,0.0001563177266999111,1.261003474735133e-06,1.260993237011458e-06
3,128,1.55,positional,13,0.00021423977673860808,2.0554067532408764e-06,2.055394385996528e-06
3,128,1.55,positional,14,0.00028677102259078944,3.2298444361808024e-06,3.2298299745631703e-06
3,128,1.55,positional,15,0.000375889159592965,4.91297052048965e-06,4.91295393070015e-06
3,128,1.55,positional,16,0.00048373547572136654,7.263457996087188e-06,7.263439183572439e-06
3,128,1.55,positional,17,0.0006126057411817706,1.0474457141849918e-05,1.047443598770538e-05
3,128,1.55,positional,18,0.0007649353143397557,1.4778113464808924e-05,1.477808983860296e-05
3,128,1.55,positional,19,0.00094328218477253,2.045008356184804e-05,2.045005733607843e-05
3,128,1.55,positional,20,0.0011503100268505883,2.7814006723684023e-05,2.7813977780199566e-05
3,128,1.55,positional,21,0.0013887724869240253,3.724590933043334e-05,3.7245877565246776e-05
3,128,1.55,positional,22,0.001661499445951848,4.917853842323352e-05,4.917850374812124e-05
3,128,1.55,positional,23,0.0019713856771939944,6.410563852737373e-05,6.410560087005163e-05
3,128,1.55,positional,24,0.002321382066790834,8.258619987126426e-05,8.258615917414083e-05
3,128,1.55,positional,25,0.0027144893545198463,0.00010524871496485925,0.0001052486711830608
3,128,1.55,positional,26,0.0031537541791799,0.00013279548330524498,0.000132795436404192
3,128,1.55,positional,27,0.0036422670824757756,0.00016600700090504912,0.00016600695085792946
3,128,1.55,positional,28,0.004183162041187546,0.0002057464633373016,0.0002057464101226834
3,128,1.55,positional,29,0.004779617060279425,0.000252964399551484,0.00025296434315122136
3,128,1.55,positional,30,0.005434855365538623,0.00030870344058825497,0.0003087033809857932
3,128,1.55,positional,31,0.006152146775937675,0.0003741032142320778,0.0003741031514112081
3,128,1.55,positional,32,0.006934808903699754,0.0004504053450837218,0.00045040527902776267
3,128,1.55,positional,33,0.007786207913894228,0.0005389585306296047,0.0005389584613209672
3,128,1.55,positional,34,0.008709758665719108,0.0006412236583234568,0.0006412235857436105
3,128,1.55,positional,35,0.009708924146207998,0.0007587789267430411,0.0007587788508726244
3,128,1.55,positional,36,0.010787214187491024,0.0008933249354256652,0.0008933248562449254
3,128,1.55,positional,37,0.011948183526432935,0.0010466897126072045,0.0010466896300964125
3,128,1.55,positional,38,0.013195429317814237,0.001220833657154423,0.0012208335712944546
3,128,1.55,positional,39,0.014532588248202652,0.0014178543797343703,0.0014178542905071447
3,128,1.55,positional,40,0.015963333417626718,0.0016399914378983826,0.0016399913452874552
3,128,1.55,positional,41,0.017491371161490566,0.0018896309694957007,0.0018896308734864611
3,128,1.55,positional,42,0.019120437977956845,0.0021693102379656028,0.0021693101385456136
3,128,1.55,positional,43,0.020854297708795353,0.0024817221110114483,0.0024817220081707054
3,128,1.55,positional,44,0.022696739097134943,0.0028297195004874562,0.0028297193942181144
3,128,1.55,positional,45,0.024651573816303504,0.0032163197957390047,0.00321631968603556
3,128,1.55,positional,46,0.026722635032421258,0.0036447093249901094,0.0036447092118490803
3,128,1.55,positional,47,0.028913776531723154,0.004118247879640903,0.004118247763060633
3,128,1.55,positional,48,0.031228872413432474,0.004640473334633373,0.004640473214613021
3,128,1.55,positional,49,0.03367181732167665,0.005215106394532007,0.005215106271072872
3,128,1.55,positional,50,0.036246527166310744,0.005846055489918858,0.00584605536302168
3,128,1.55,positional,51,0.03895694026310831,0.006537421842343774,0.006537421712009762
3,128,1.55,positional,52,0.04180701880879765,0.0072935047087858435,0.007293504575016424
3,128,1.55,positional,53,0.04480075059581778,0.008118806808574198,0.008118806671369638
3,128,1.55,positional,54,0.04794215086521645,0.009018039927338604,0.00901803978669822
3,128,1.55,positional,55,0.05123526419346313,0.0099961306840659,0.009996130539988154
3,128,1.55,positional,56,0.054684166309684014,0.011058226438957874,0.011058226291439663
3,128,1.55,positional,57,0.05829296574349844,0.012209701311761322,0.012209701160797259
3,128,1.55,positional,58,0.06206580520980132,0.013456162272767882,0.013456162118351883
3,128,1.55,positional,59,0.06600686264507362,0.014803455261947634,0.014803455104072473
3,128,1.55,positional,60,0.07012035181972139,0.01625767128581824,0.016257671124471986
3,128,1.55,positional,61,0.07441052246218811,0.017825152436814727,0.017825152271989143
3,128,1.55,positional,62,0.07888165984283385,0.019512497776309475,0.019512497607990675
3,128,1.55,positional,63,0.08353808377852985,0.021326569019891557,0.02132656884806611
3,128,1.55,positional,64,0.08838414703230758,0.023274495962518297,0.023274495787173142
3,128,1.55,positional,65,0.09342423309596064,0.025363681581319828,0.025363681402442113
3,128,1.55,positional,66,0.0986627533569819,0.027601806755511032,0.027601806573085037
3,128,1.55,positional,67,0.10410414366437355,0.0299968345458479,0.029996834359862307
3,128,1.55,positional,68,0.10975286032046279,0.032557013980453034,0.0325570137908968
3,128,1.55,positional,69,0.11561337553765372,0.035290883299350984,0.035290883106208745
3,128,1.55,positional,70,0.12169017240982975,0.03820727261679053,0.0382072724200634
3,128,1.55,positional,71,0.12798773945768718,0.04131530596826133,0.041315305767932735
3,128,1.55,positional,72,0.13451056481545082,0.04462440271732119,0.044624402513397665
3,128,1.55,positional,73,0.141263130133046,0.048144278306983916,0.048144278099461646
3,128,1.55,positional,74,0.14824990427276744,0.05188494434940963,0.05188494413829506
3,128,1.55,positional,75,0.15547533688271806,0.05585670805785366,0.05585670784315446
3,128,1.55,positional,76,0.16294385193076477,0.060070171034160194,0.060070170815892596
3,128,1.55,positional,77,0.17065984128249104,0.06453622743468955,0.06453622721286792
3,128,1.55,positional,78,0.17862765840467584,0.06926606154630323,0.06926606132095868
3,128,1.55,positional,79,0.18685161227231142,0.07427114481244161,0.07427114458359492
3,128,1.55,positional,80,0.1953359615522208,0.0795632323563748,0.07956323212406478
3,128,1.55,positional,81,0.2040849091301383,0.08515435905542866,0.08515435881969038
3,128,1.55,positional,82,0.2131025970408699,0.09105683522481268,0.09105683498569228
3,128,1.55,positional,83,0.2223931018530795,0.09728324197404546,0.09728324173159575
3,128,1.55,positional,84,0.2319604305515803,0.10384642630156367,0.1038464260558356
3,128,1.55,positional,85,0.2418085169509844,0.11075949599473647,0.11075949574578879
3,128,1.55,positional,86,0.25194121866540115,0.1180358144029293,0.1180358141508279
3,128,1.55,positional,87,0.26236231464979043,0.12568899515037876,0.12568899489520613
3,128,1.55,positional,88,0.27307550331976604,0.13373289685393708,0.13373289659573423
3,128,1.55,positional,89,0.284084401248279,0.14218161790751044,0.14218161764639978
3,128,1.55,positional,90,0.29539254242983,0.15104949139242063,0.1510494911284218
3,128,1.55,positional,91,0.30700337809579054,0.16035108016660526,0.16035107989986902
3,128,1.55,positional,92,0.31892027705812764,0.17010117218347517,0.1701011719140213
3,128,1.55,positional,93,0.3311465265533971,0.18031477608230354,0.18031477581027155
3,128,1.55,positional,94,0.34368533355432107,0.19100711709023377,0.1910071168156751
3,128,1.55,positional,95,0.3565398265125969,0.20219363326636303,0.20219363298938414
3,128,1.55,positional,96,0.36971305749379707,0.21388997211559924,0.21388997183628577
3,128,1.55,positional,97,0.38320800466325555,0.22611198759180814,0.22611198731028384
3,128,1.55,positional,98,0.39702757508066805,0.2388757375056634,0.23887573722194297
3,128,1.55,positional,99,0.41117460776067943,0.25219748134545816,0.25219748105971085
3,128,1.55,positional,100,0.4256518769569338,0.2660936785164536,0.2660936782287342
3,128,1.55,positional,101,0.44046209562783667,0.28058098699600453,0.2805809867064273
3,128,1.55,positional,102,0.4556079190435491,0.29567626240090783,0.2956762621094884
3,128,1.55,positional,103,0.4710919484954185,0.31139655745607375,0.31139655716300957
3,128,1.55,positional,104,0.4869167350710745,0.32775912185341505,0.32775912155870895
3,128,1.55,positional,105,0.5030847834607031,0.344781402482386,0.3447814021861369
3,128,1.55,positional,106,0.519598555762495,0.3624810440156832,0.36248104371796375
3,128,1.55,positional,107,0.5364604752578743,0.380875889827193,0.38087588952813767
3,128,1.55,positional,108,0.553672930129797,0.39998398322019924,0.3999839829197897
3,128,1.55,positional,109,0.5712382771001216,0.41982356893987094,0.4198235686382378
3,128,1.55,positional,110,0.589158844964738,0.44041309494603176,0.44041309464327355
3,128,1.55,positional,111,0.6074369380077757,0.46177121441797486,0.46177121411408606
3,128,1.55,positional,112,0.6260748392787572,0.4839167879645373,0.4839167876596421
3,128,1.55,positional,113,0.6450748137189986,0.5068688860130103,0.5068688857070905
3,128,1.55,positional,114,0.6644391111258607,0.5306467913474385,0.5306467910407388
3,128,1.55,positional,115,0.684169968945624,0.5552700017720388,0.5552700014643535
3,128,1.55,positional,116,0.7042696148877639,0.5807582328683302,0.580758232559917
3,128,1.55,positional,117,0.7247402693552675,0.6071314208257825,0.6071314205165226
3,128,1.55,positional,118,0.7455841476873193,0.6344097253135924,0.6344097250037574
3,128,1.55,positional,119,0.7668034622122306,0.6626135323753726,0.6626135320647181
3,128,1.55,positional,120,0.7884004241098692,0.6917634573158294,0.6917634570046779
3,128,1.55,positional,121,0.810377245084083,0.7218803475643695,0.7218803472523676
3,128,1.55,positional,122,0.8327361388467079,0.7529852854839215,0.752985285171838
3,128,1.55,positional,123,0.8554793224157097,0.7850995911176661,0.7850995908039093
3,128,1.55,positional,124,0.8786090172308451,0.8182448248289792,0.8182448245172746
3,128,1.55,positional,125,0.9021274500909451,0.852442789868466,0.8524427895504069
3,128,1.55,positional,126,0.9260368539175358,0.8877155347315326,0.8877155344265036
3,128,1.55,positional,127,0.9503394683500196,0.9240853555608263,0.9240853552247809
3,128,1.55,positional,128,0.9750375401780674,0.9615747979753457,0.9615747976925032
3,128,1.55,positional,129,0.9916349901617879,0.9870640983862302,0.9870640984464504
3,128,1.55,positional,130,1.0,0.9999999999995626,1.0
3,128,1.65,uniform,0,0.0,0.0,0.0
3,128,1.65,uniform,1,0.0026041666666666665,5.402661933521784e-05,5.443189821122499e-05
3,128,1.65,uniform,2,0.0078125,0.00033390531843943244,0.00033350592205917874
3,128,1.65,uniform,3,0.015625,0.0010464402553549965,0.0010466537720080992
3,128,1.65,uniform,4,0.0234375,0.0020435255185835438,0.002043401088400879
3,128,1.65,uniform,5,0.03125,0.003284712369203464,0.0032847516220848236
3,128,1.65,uniform,6,0.0390625,0.004746859551486627,0.004746834140163052
3,128,1.65,uniform,7,0.046875,0.006412874531579878,0.006412879998336968
3,128,1.65,uniform,8,0.0546875,0.008270192868247542,0.008270186742185357
3,128,1.65,uniform,9,0.0625,0.010308655647478177,0.01030865555291324
3,128,1.65,uniform,10,0.0703125,0.012519983616923396,0.012519981601217202
3,128,1.65,uniform,11,0.078125,0.014897163054236669,0.014897162326901307
3,128,1.65,uniform,12,0.0859375,0.017434179149477133,0.01743417819456903
3,128,1.65,uniform,13,0.09375,0.020125775290978386,0.020125774673661303
3,128,1.65,uniform,14,0.1015625,0.0229673078897149,0.022967307307222903
3,128,1.65,uniform,15,0.109375,0.025954628477140744,0.02595462801822066
3,128,1.65,uniform,16,0.1171875,0.029083999837693386,0.029083999434188386
3,128,1.65,uniform,17,0.125,0.03235202921083284,0.032352028870043056
3,128,1.65,uniform,18,0.1328125,0.035755616780340976,0.03575561648255432
3,128,1.65,uniform,19,0.140625,0.039291914140055464,0.039291913881099656
3,128,1.65,uniform,20,0.1484375,0.042958290838190874,0.04295829061001971
3,128,1.65,uniform,21,0.15625,0.04675230686355546,0.046752306661893284
3,128,1.65,uniform,22,0.1640625,0.05067168986319957,0.05067168968370339
3,128,1.65,uniform,23,0.171875,0.0547143160458582,0.05471431588542857
3,128,1.65,uniform,24,0.1796875,0.05887819405001139,0.05887819390591296
3,128,1.65,uniform,25,0.1875,0.06316145119713996,0.0631614510672313
3,128,1.65,uniform,26,0.1953125,0.06756232169524767,0.06756232157766377
3,128,1.65,uniform,27,0.203125,0.07207913644576208,0.07207913633901972
3,128,1.65,uniform,28,0.2109375,0.07671031418317639,0.07671031408595673
3,128,1.65,uniform,29,0.21875,0.08145435372846305,0.08145435363968555
3,128,1.65,uniform,30,0.2265625,0.08630982718187782,0.08630982710060514
3,128,1.65,uniform,31,0.234375,0.09127537391176327,0.09127537383720921
3,128,1.65,uniform,32,0.2421875,0.09634969522292583,0.0963496951543704
3,128,1.65,uniform,33,0.25,0.10153154960765934,0.10153154954452945
3,128,1.65,uniform,34,0.2578125,0.106819748499869,0.10681974844163565
3,128,1.65,uniform,35,0.265625,0.11221315246462814,0.11221315241082827
3,128,1.65,uniform,36,0.2734375,0.11771066776728085,0.11771066771750857
3,128,1.65,uniform,37,0.28125,0.12331124327422349,0.12331124322815756
3,128,1.65,uniform,38,0.2890625,0.12901386764514497,0.12901386760240838
3,128,1.65,uniform,39,0.296875,0.13481756678138984,0.13481756674179507
3,128,1.65,uniform,40,0.3046875,0.14072140150233173,0.14072140146551587
3,128,1.65,uniform,41,0.3125,0.14672446542180556,0.14672446538765516
3,128,1.65,uniform,42,0.3203125,0.15282588300549346,0.1528258829737593
3,128,1.65,uniform,43,0.328125,0.1590248077870728,0.15902480775757005
3,128,1.65,uniform,44,0.3359375,0.16532042072858952,0.1653204207011868
3,128,1.65,uniform,45,0.34375,0.17171192870952268,0.17171192868402732
3,128,1.65,uniform,46,0.3515625,0.17819856313139812,0.1781985631077505
3,128,1.65,uniform,47,0.359375,0.1847795786278051,0.18477957860584274
3,128,1.65,uniform,48,0.3671875,0.1914542518683537,0.19145425184789394
3,128,1.65,uniform,49,0.375,0.19822188044859987,0.19822188042973374
3,128,1.65,uniform,50,0.3828125,0.2050817818591444,0.20508178184158887
3,128,1.65,uniform,51,0.390625,0.21203329252350894,0.212033292507286
3,128,1.65,uniform,52,0.3984375,0.21907576690324873,0.21907576688827513
3,128,1.65,uniform,53,0.40625,0.2262085766607474,0.22620857664690677
3,128,1.65,uniform,54,0.4140625,0.233431109876632,0.23343110986397275
3,128,1.65,uniform,55,0.421875,0.2407427703177134,0.2407427703060271
3,128,1.65,uniform,56,0.4296875,0.24814297674918678,0.2481429767384512
3,128,1.65,uniform,57,0.4375,0.25563116229041616,0.2556311622806224
3,128,1.65,uniform,58,0.4453125,0.26320677380860147,0.26320677379989454
3,128,1.65,uniform,59,0.453125,0.2708692713495498,0.27086927134141126
3,128,1.65,uniform,60,0.4609375,0.2786181275981357,0.2786181275910472
3,128,1.65,uniform,61,0.46875,0.28645282737558714,0.28645282736902183
3,128,1.65,uniform,62,0.4765625,0.29437286715754674,0.29437286715194766
3,128,1.65,uniform,63,0.484375,0.3023777546263254,0.30237775462127453
3,128,1.65,uniform,64,0.4921875,0.3104670082404444,0.31046700823626766
3,128,1.65,uniform,65,0.5,0.3186401568336745,0.31864015682981556
3,128,1.65,uniform,66,0.5078125,0.32689673922835044,0.32689673922550816
3,128,1.65,uniform,67,0.515625,0.3352363038772912,0.3352363038745542
3,128,1.65,uniform,68,0.5234375,0.3436584085128315,0.34365840851122276
3,128,1.65,uniform,69,0.53125,0.35216261982741803,0.3521626198256012
3,128,1.65,uniform,70,0.5390625,0.360748513152977,0.3607485131525547
3,128,1.65,uniform,71,0.546875,0.3694156721764002,0.3694156721758625
3,128,1.65,uniform,72,0.5546875,0.3781636886463256,0.3781636886465817
3,128,1.65,uniform,73,0.5625,0.3869921621140908,0.3869921621147632
3,128,1.65,uniform,74,0.5703125,0.39590069967269853,0.39590069967371005
3,128,1.65,uniform,75,0.578125,0.40488891571431324,0.4048889157160256
3,128,1.65,uniform,76,0.5859375,0.4139564316989033,0.41395643170075674
3,128,1.65,uniform,77,0.59375,0.42310287592866586,0.4231028759309851
3,128,1.65,uniform,78,0.6015625,0.43232788333794553,0.4323278833412655
3,128,1.65,uniform,79,0.609375,0.4416310952914595,0.441631095294353
3,128,1.65,uniform,80,0.6171875,0.4510121593825116,0.45101215938669814
3,128,1.65,uniform,81,0.625,0.4604707292583123,0.46047072926222576
3,128,1.65,uniform,82,0.6328125,0.47000646442975447,0.47000646443394445
3,128,1.65,uniform,83,0.640625,0.47961903010756446,0.4796190301129653
3,128,1.65,uniform,84,0.6484375,0.4893080970394471,0.4893080970445342
3,128,1.65,uniform,85,0.65625,0.4990733413453686,0.4990733413507092
3,128,1.65,uniform,86,0.6640625,0.5089144443730435,0.5089144443793374
3,128,1.65,uniform,87,0.671875,0.5188310925531894,0.5188310925590078
3,128,1.65,uniform,88,0.6796875,0.5288229772527198,0.5288229772596755
3,128,1.65,uniform,89,0.6875,0.538889794652461,0.538889794658675
3,128,1.65,uniform,90,0.6953125,0.5490312456038404,0.5490312456118522
3,128,1.65,uniform,91,0.703125,0.559247035523053,0.5592470355295666
3,128,1.65,uniform,92,0.7109375,0.5695368742487762,0.5695368742573249
3,128,1.65,uniform,93,0.71875,0.5799004759539528,0.5799004759608274
3,128,1.65,uniform,94,0.7265625,0.5903375590060411,0.5903375590152127
3,128,1.65,uniform,95,0.734375,0.6008478458907129,0.6008478458983088
3,128,1.65,uniform,96,0.7421875,0.6114310630785648,0.6114310630877005
3,128,1.65,uniform,97,0.75,0.6220869409529685,0.6220869409614409
3,128,1.65,uniform,98,0.7578125,0.6328152136928561,0.6328152137022384
3,128,1.65,uniform,99,0.765625,0.643615619195419,0.6436156192049649
3,128,1.65,uniform,100,0.7734375,0.6544878989786348,0.6544878989873367
3,128,1.65,uniform,101,0.78125,0.6654317980923483,0.6654317981036274
3,128,1.65,uniform,102,0.7890625,0.6764470650534515,0.6764470650612819
3,128,1.65,uniform,103,0.796875,0.6875334517285581,0.6875334517403047
3,128,1.65,uniform,104,0.8046875,0.698690713305991,0.6986907133153051
3,128,1.65,uniform,105,0.8125,0.709918608169086,0.7099186081800853
3,128,1.65,uniform,106,0.8203125,0.7212168978646318,0.7212168978746665
3,128,1.65,uniform,107,0.828125,0.7325853470035674,0.7325853470146494
3,128,1.65,uniform,108,0.8359375,0.7440237232116627,0.7440237232228155
3,128,1.65,uniform,109,0.84375,0.7555317970525729,0.7555317970628757
3,128,1.65,uniform,110,0.8515625,0.7671093419641389,0.7671093419752802
3,128,1.65,uniform,111,0.859375,0.7787561342037268,0.7787561342150084
3,128,1.65,uniform,112,0.8671875,0.7904719527799469,0.790471952791258
3,128,1.65,uniform,113,0.875,0.8022565793982525,0.80225657940896
3,128,1.65,uniform,114,0.8828125,0.8141097984003308,0.8141097984120484
3,128,1.65,uniform,115,0.890625,0.8260313967171483,0.8260313967284175
3,128,1.65,uniform,116,0.8984375,0.8380211638046211,0.8380211638164997
3,128,1.65,uniform,117,0.90625,0.8500788916032971,0.8500788916134053
3,128,1.65,uniform,118,0.9140625,0.8622043744722493,0.8622043744845644
3,128,1.65,uniform,119,0.921875,0.8743974091631734,0.8743974091748142
3,128,1.65,uniform,120,0.9296875,0.886657794750177,0.8866577947608787
3,128,1.65,uniform,121,0.9375,0.8989853325927225,0.8989853326051906
3,128,1.65,uniform,122,0.9453125,0.9113798263001996,0.9113798263110059
3,128,1.65,uniform,123,0.953125,0.9238410816669198,0.9238410816787636
3,128,1.65,uniform,124,0.9609375,0.9363689066513821,0.9363689066636482
3,128,1.65,uniform,125,0.96875,0.9489631113236647,0.9489631113343109
3,128,1.65,uniform,126,0.9765625,0.9616235078201728,0.9616235078327081
3,128,1.65,uniform,127,0.984375,0.9743499103225393,0.9743499103350205
3,128,1.65,uniform,128,0.9921875,0.9871421350022916,0.9871421350136128
3,128,1.65,uniform,129,0.9973958333333334,0.9957067627678229,0.9957067627839258
3,128,1.65,uniform,130,1.0,0.9999999999851311,1.0
3,128,1.65,positional,0,0.0,0.0,0.0
3,128,1.65,positional,1,1.5332728833459558e-06,2.529606589057293e-10,2.5484264315772373e-10
3,128,1.65,positional,2,4.6042479397639266e-06,1.5657349714335197e-09,1.563910368721061e-09
3,128,1.65,positional,3,9.254738109014847e-06,4.947884506553037e-09,4.9488104577504906e-09
3,128,1.65,positional,4,1.4291420199954097e-05,1.013675117900438e-08,1.0136181798309404e-08
3,128,1.65,positional,5,2.0983441407028766e-05,1.9102551381028244e-08,1.910278035989631e-08
3,128,1.65,positional,6,3.18605511220388e-05,3.805146048135814e-08,3.805116154145608e-08
3,128,1.65,positional,7,5.027809790469508e-05,8.077608206293242e-08,8.077464999946425e-08
3,128,1.65,positional,8,7.951276076762361e-05,1.7208005592602383e-07,1.7207618708543413e-07
3,128,1.65,positional,9,0.00012228681462755794,3.500934623657322e-07,3.500873300657191e-07
3,128,1.65,positional,10,0.0001809522613337815,6.683222683631301e-07,6.683141007711557e-07
3,128,1.65,positional,11,0.0002578170136845385,1.198581866709982e-06,1.1985719133942019e-06
3,128,1.65,positional,12,0.000355321317680815,2.034827414878413e-06,2.0348157268248543e-06
3,128,1.65,positional,13,0.00047608494128415917,3.2974718960313435e-06,3.297458465786287e-06
3,128,1.65,positional,14,0.0006228942549621235,5.137891453735515e-06,5.1378762155719406e-06
3,128,1.65,positional,15,0.0007986688507683135,7.74294353519078e-06,7.742926415356408e-06
3,128,1.65,positional,16,0.001006424724111007,1.1339394664518586e-05,1.1339375587959018e-05
3,128,1.65,positional,17,0.0012492406068377972,1.6198194834929345e-05,1.6198173739091412e-05
3,128,1.65,positional,18,0.0015302298164527781,2.2638567014105887e-05,2.2638543850784315e-05
3,128,1.65,positional,19,0.0018525182959744336,3.1031908658485336e-05,3.103188339579094e-05
3,128,1.65,positional,20,0.0022192287833826428,4.180552779320397e-05,4.1805500414029134e-05
3,128,1.65,positional,21,0.0026334706660934323,5.544625673855903e-05,5.544622723856652e-05
3,128,1.65,positional,22,0.0030983348341784463,7.250399991593372e-05,7.250396830063776e-05
3,128,1.65,positional,23,0.0036168926840731918,9.359527713810541e-05,9.359524341993943e-05
3,128,1.65,positional,24,0.004192198330504246,0.00011940682050451453,0.000119406784699988
3,128,1.65,positional,25,0.004827293057934351,0.00015069927272097017,0.00015069923484821015
3,128,1.65,positional,26,0.005525211080869251,0.000188311019398417,0.0001883109794751715
3,128,1.65,positional,27,0.0062889857756917265,0.00023316217006743323,0.0002331621281095975
3,128,1.65,positional,28,0.007121655681178713,0.000286258684646395,0.0002862586406670568
3,128,1.65,positional,29,0.008026269724145088,0.0003486966259461769,0.00034869657995509725
3,128,1.65,positional,30,0.00900589129467831,0.00042166650598007344,0.00042166645798362976
3,128,1.65,positional,31,0.010063600958276792,0.0005064576852805939,0.0005064576352819111
3,128,1.65,positional,32,0.011202497739146175,0.0006044627804412436,0.000604462728440709
3,128,1.65,positional,33,0.01242569903267088,0.000717182035556876,0.0007171819815526704
3,128,1.65,positional,34,0.013736339301667004,0.000846227617604698,0.000846227561593442
3,128,1.65,positional,35,0.015137567779242397,0.000993327803315242,0.0009933277452927412
3,128,1.65,positional,36,0.016632545441963745,0.0011603310348061485,0.001160330974767944
3,128,1.65,positional,37,0.018224441533199773,0.001349209832227526,0.0013492097701694882
3,128,1.65,positional,38,0.01991642991168029,0.0015620645629746326,0.0015620644988934627
3,128,1.65,positional,39,0.021711685478770077,0.0018011270778365291,0.001801127011730115
3,128,1.65,positional,40,0.023613380904169996,0.0020687642340933765,0.0020687641659608747
3,128,1.65,positional,41,0.02562468382804713,0.0023674813335418524,0.0023674812633841576
3,128,1.65,positional,42,0.027748754671895404,0.0026999255093929945,0.0026999254372123004
3,128,1.65,positional,43,0.029988745144117063,0.003068889099779503,0.003068889025579752
3,128,1.65,positional,44,0.03234779748211944,0.0034773130472432207,0.0034773129710292607
3,128,1.65,positional,45,0.03482904443267815,0.003928290363138915,0.003928290284916909
3,128,1.65,positional,46,0.037435609937794774,0.004425069693634923,0.00442506961341185
3,128,1.65,positional,47,0.040170610465031134,0.004971059020155727,0.004971058937938704
3,128,1.65,positional,48,0.04303715689956881,0.005569829522032227,0.005569829437829219
3,128,1.65,positional,49,0.046038356899841794,0.006225119623114168,0.0062251195369319185
3,128,1.65,positional,50,0.049177317609035175,0.006940839237432527,0.006940839149278321
3,128,1.65,positional,51,0.05245714861034845,0.007721074222019843,0.007721074131899498
3,128,1.65,positional,52,0.05588096501389652,0.008570091037851009,0.008570090945769557
3,128,1.65,positional,53,0.05945189056664572,0.00949234161286553,0.009492341518827496
3,128,1.65,positional,54,0.06317306068307006,0.010492468394256304,0.010492468298262832
3,128,1.65,positional,55,0.06704762530254961,0.011575309570823786,0.011575309472877132
3,128,1.65,positional,56,0.07107875148930311,0.012745904440360835,0.012745904340459073
3,128,1.65,positional,57,0.075269625701343,0.014009498891678381,0.0140094987898197
3,128,1.65,positional,58,0.07962345566615857,0.015371550966314375,0.01537155086249503
3,128,1.65,positional,59,0.08414347181226811,0.016837736460979698,0.016837736355193766
3,128,1.65,positional,60,0.08883292821720778,0.018413954528657732,0.018413954420897778
3,128,1.65,positional,61,0.0936951030437826,0.020106333233898065,0.020106333124157653
3,128,1.65,positional,62,0.09873329844737871,0.021921235016334445,0.021921234904602984
3,128,1.65,positional,63,0.10395083994774128,0.023865262015773284,0.023865261902041066
3,128,1.65,positional,64,0.10935107526878633,0.025945261212515537,0.025945261096770554
3,128,1.65,positional,65,0.11493737265967567,0.02816832933767247,0.02816832921990275
3,128,1.65,positional,66,0.12071311871946899,0.03054181751036438,0.030541817390558917
3,128,1.65,positional,67,0.1266817157561054,0.03307333556163366,0.033073335439779625
3,128,1.65,positional,68,0.1328465787181721,0.03577075600871961,0.035770755884802274
3,128,1.65,positional,69,0.13921113174480554,0.038642217647960456,0.038642217521976684
3,128,1.65,positional,70,0.14577880438504687,0.041696128739983976,0.04169612861191433
3,128,1.65,positional,71,0.1525530275429587,0.04494116976657014,0.04494116963640538
3,128,1.65,positional,72,0.15953722920872093,0.048386295745327615,0.04838629561306693
3,128,1.65,positional,73,0.16673483003870296,0.05204073809484597,0.05204073796047299
3,128,1.65,positional,74,0.17414923884911726,0.05591400604999788,0.05591400591351474
3,128,1.65,positional,75,0.18178384808827405,0.06001588763439579,0.06001588749579437
3,128,1.65,positional,76,0.18964202935169686,0.06435645020353561,0.06435645006281446
3,128,1.65,positional,77,0.19772712900245648,0.068946040579263,0.06894604043643374
3,128,1.65,positional,78,0.20604246395610878,0.07379528480233785,0.07379528465737785
3,128,1.65,positional,79,0.2145913176856744,0.07891508753543579,0.07891508738839144
3,128,1.65,positional,80,0.2233769364972854,0.0843166311549509,0.08431663100577856
3,128,1.65,positional,81,0.23240252612159493,0.0900113745727545,0.09001137442151663
3,128,1.65,positional,82,0.24167124865993483,0.09601105183510188,0.09601105168176671
3,128,1.65,positional,83,0.25118621991768686,0.1023276705457835,0.10232767039040108
3,128,1.65,positional,84,0.2609505071505522,0.10897351016554016,0.10897351000809737
3,128,1.65,positional,85,0.2709671272425321,0.11596112023807616,0.11596112007861452
3,128,1.65,positional,86,0.2812390453276138,0.12330331859556173,0.12330331843408668
3,128,1.65,positional,87,0.2917691738605273,0.13101318959403735,0.13101318943058757
3,128,1.65,positional,88,0.30256037213563475,0.1391040824292986,0.13910408226389429
3,128,1.65,positional,89,0.31361544624712434,0.1475896095807094,0.14758960941337596
3,128,1.65,positional,90,0.3249371494783109,0.15648364542857682,0.15648364525934508
3,128,1.65,positional,91,0.33652818310304006,0.16580032508719972,0.1658003249161109
3,128,1.65,positional,92,0.34839119757801734,0.17555404349244122,0.1755540433194716
3,128,1.65,positional,93,0.36052879410135236,0.1857594547782676,0.18575945460355778
3,128,1.65,positional,94,0.3729435265097319,0.19643147197441568,0.19643147179789314
3,128,1.65,positional,95,0.38563790348440635,0.20758526704960173,0.20758526687134757
3,128,1.65,positional,96,0.3986143910345727,0.21923627132537052,0.21923627114541613
3,128,1.65,positional,97,0.41187541522572385,0.2314001762766535,0.23140017609502808
3,128,1.65,positional,98,0.42542336512006945,0.24409293473420282,0.24409293455094333
3,128,1.65,positional,99,0.43926059589616456,0.2573307624986161,0.25733076231378543
3,128,1.65,positional,100,0.45338943211535837,0.2711301403723495,0.2711301401859385
3,128,1.65,positional,101,0.46781217110353285,0.2855078166118866,0.28550781642393547
3,128,1.65,positional,102,0.4825310864177839,0.30048080980005343,0.30048080961061635
3,128,1.65,positional,103,0.4975484313691518,0.31606641213412084,0.3160664119432618
3,128,1.65,positional,104,0.5128664425741702,0.3322821931234552,0.3322821929311153
3,128,1.65,positional,105,0.5284873435098306,0.3491460036869512,0.34914600349321057
3,128,1.65,positional,106,0.5444133480484897,0.3666759806402398,0.3666759804452074
3,128,1.65,positional,107,0.5606466639512575,0.3848905515584709,0.384890551362018
3,128,1.65,positional,108,0.5771894963004347,0.40380843999904437,0.40380843980135844
3,128,1.65,positional,109,0.5940440508535932,0.4234486710710234,0.423448670871965
3,128,1.65,positional,110,0.611212537303891,0.4438305773293933,0.44383057712907953
3,128,1.65,positional,111,0.628697172433146,0.464973804980323,0.4649738047788892
3,128,1.65,positional,112,0.6465001831460505,0.48689832037575137,0.4868983201729001
3,128,1.65,positional,113,0.6646238093756723,0.5096244167767167,0.509624416572706
3,128,1.65,positional,114,0.6830703068520482,0.5331727213703423,0.5331727211652626
3,128,1.65,positional,115,0.7018419497272187,0.557564202515033,0.5575642023085774
3,128,1.65,positional,116,0.7209410330514863,0.5828201771951702,0.5828201769876514
3,128,1.65,positional,117,0.7403698750969819,0.6089623186692524,0.6089623184605472
3,128,1.65,positional,118,0.7601308195258206,0.636012664284449,0.636012664074595
3,128,1.65,positional,119,0.7802262374011897,0.6639936234439306,0.6639936232329504
3,128,1.65,positional,120,0.8006585290406782,0.6929279857040785,0.6929279854919974
3,128,1.65,positional,121,0.8214301257119958,0.7228389289838173,0.7228389287704093
3,128,1.65,positional,122,0.8425434911719791,0.7537500278651217,0.7537500276510438
3,128,1.65,positional,123,0.8640011230504214,0.7856852619733389,0.7856852617572274
3,128,1.65,positional,124,0.8858055540808264,0.818669024400656,0.8186690241854062
3,128,1.65,positional,125,0.9079593531806459,0.852726130197233,0.8527261299765339
3,128,1.65,positional,126,0.9304651263839686,0.887881824821148,0.8878818246090109
3,128,1.65,positional,127,0.9533255176299371,0.9241617927314414,0.9241617924963794
3,128,1.65,positional,128,0.9765432094104479,0.9615921656716693,0.9615921654734142
3,128,1.65,positional,129,0.9921410688114237,0.9870659142440437,0.9870659142880724
3,128,1.65,positional,130,1.0,0.9999999999981917,1.0
3,128,1.75,uniform,0,0.0,0.0,0.0
3,128,1.75,uniform,1,0.0026041666666666665,2.9853652080707587e-05,3.0020668394648477e-05
3,128,1.75,uniform,2,0.0078125,0.00020547896862062464,0.0002052969763803014
3,128,1.75,uniform,3,0.015625,0.0006904456432003385,0.0006905339660024879
3,128,1.75,uniform,4,0.0234375,0.0014039832679357395,0.0014039277192911261
3,128,1.75,uniform,5,0.03125,0.002322654434671585,0.0023226701464896895
3,128,1.75,uniform,6,0.0390625,0.003432270795545902,0.0034322590648825017
3,128,1.75,uniform,7,0.046875,0.004722229350470326,0.0047222311457089244
3,128,1.75,uniform,8,0.0546875,0.006184496349835873,0.006184493296850917
3,128,1.75,uniform,9,0.0625,0.007812500361049322,0.0078125
3,128,1.75,uniform,10,0.0703125,0.009600790553199163,0.009600789430735644
3,128,1.75,uniform,11,0.078125,0.011544697895883011,0.011544697375527048
3,128,1.75,uniform,12,0.0859375,0.013640169612561863,0.013640169029354594
3,128,1.75,uniform,13,0.09375,0.015883629380821808,0.015883628969704303
3,128,1.75,uniform,14,0.1015625,0.01827188817113319,0.018271887795772927
3,128,1.75,uniform,15,0.109375,0.020802073279669802,0.020802072973930254
3,128,1.75,uniform,16,0.1171875,0.02347157654779459,0.023471576279090006
3,128,1.75,uniform,17,0.125,0.026278013207669444,0.026278012976678578
3,128,1.75,uniform,18,0.1328125,0.02921918973680417,0.02921918953313807
3,128,1.75,uniform,19,0.140625,0.03229307784328196,0.03229307766364541
3,128,1.75,uniform,20,0.1484375,0.03549779334233838,0.035497793182081155
3,128,1.75,uniform,21,0.15625,0.03883157869675779,0.038831578553078644
3,128,1.75,uniform,22,0.1640625,0.042292788471334074,0.04229278834158356
3,128,1.75,uniform,23,0.171875,0.04587987707875362,0.04587987696095607
3,128,1.75,uniform,24,0.1796875,0.04959138837412194,0.04959138826657656
3,128,1.75,uniform,25,0.1875,0.05342594674605688,0.0534259466473776
3,128,1.75,uniform,26,0.1953125,0.05738224943615089,0.05738224934519033
3,128,1.75,uniform,27,0.203125,0.06145905987376657,0.0614590597895342
3,128,1.75,uniform,28,0.2109375,0.06565520185741344,0.06565520177909623
3,128,1.75,uniform,29,0.21875,0.0699695544475954,0.0699695543744965
3,128,1.75,uniform,30,0.2265625,0.07440104746123509,0.07440104739272319
3,128,1.75,uniform,31,0.234375,0.07894865747816511,0.07894865741376363
3,128,1.75,uniform,32,0.2421875,0.08361140428662733,0.08361140422584308
3,128,1.75,uniform,33,0.25,0.08838834770583572,0.08838834764831845
3,128,1.75,uniform,34,0.2578125,0.09327858473602178,0.09327858468140938
3,128,1.75,uniform,35,0.265625,0.09828124699215768,0.09828124694013865
3,128,1.75,uniform,36,0.2734375,0.10339549838618878,0.10339549833651801
3,128,1.75,uniform,37,0.28125,0.10862053302702533,0.10862053297947691
3,128,1.75,uniform,38,0.2890625,0.1139555733122114,0.11395557326653093
3,128,1.75,uniform,39,0.296875,0.11939986818885627,0.11939986814491917
3,128,1.75,uniform,40,0.3046875,0.12495269156547822,0.12495269152305079
3,128,1.75,uniform,41,0.3125,0.13061334085666185,0.1306133408157074
3,128,1.75,uniform,42,0.3203125,0.13638113564843724,0.13638113560864393
3,128,1.75,uniform,43,0.328125,0.14225541646862686,0.1422554164300868
3,128,1.75,uniform,44,0.3359375,0.14823554365579822,0.148235543618208
3,128,1.75,uniform,45,0.34375,0.15432089631158635,0.1543208962749978
3,128,1.75,uniform,46,0.3515625,0.1605108713338826,0.1605108712981141
3,128,1.75,uniform,47,0.359375,0.16680488251822906,0.16680488248327738
3,128,1.75,uniform,48,0.3671875,0.173202359724873,0.17320235969063552
3,128,1.75,uniform,49,0.375,0.17970274810296238,0.17970274806926415
3,128,1.75,uniform,50,0.3828125,0.18630550736759446,0.1863055073346121
3,128,1.75,uniform,51,0.390625,0.1930101111268776,0.19301011109426144
3,128,1.75,uniform,52,0.3984375,0.19981604624980007,0.19981604621786223
3,128,1.75,uniform,53,0.40625,0.20672281227922068,0.20672281224753208
3,128,1.75,uniform,54,0.4140625,0.21372992087653836,0.21372992084538722
3,128,1.75,uniform,55,0.421875,0.22083689530622957,0.22083689527520528
3,128,1.75,uniform,56,0.4296875,0.2280432699459377,0.22804326991551344
3,128,1.75,uniform,57,0.4375,0.23534858983200072,0.23534858980165588
3,128,1.75,uniform,58,0.4453125,0.24275241022475388,0.24275241019462554
3,128,1.75,uniform,59,0.453125,0.25025429620442274,0.25025429617465056
3,128,1.75,uniform,60,0.4609375,0.2578538222874512,0.25785382225770914
3,128,1.75,uniform,61,0.46875,0.265550572062803,0.2655505720333097
3,128,1.75,uniform,62,0.4765625,0.27334413785139927,0.2733441378220204
3,128,1.75,uniform,63,0.484375,0.2812341203807673,0.2812341203513629
3,128,1.75,uniform,64,0.4921875,0.2892201284780003,0.2892201284488034
3,128,1.75,uniform,65,0.5,0.2973017787798141,0.29730177875068026
3,128,1.75,uniform,66,0.5078125,0.30547869545519063,0.30547869542600375
3,128,1.75,uniform,67,0.515625,0.3137505099431896,0.3137505099141488
3,128,1.75,uniform,68,0.5234375,0.32211686070468915,0.32211686067554174
3,128,1.75,uniform,69,0.53125,0.33057739298361183,0.3305773929545108
3,128,1.75,uniform,70,0.5390625,0.3391317585826096,0.33913175855353683
3,128,1.75,uniform,71,0.546875,0.34777961564734267,0.3477796156181976
3,128,1.75,uniform,72,0.5546875,0.3565206284615058,0.3565206284321517
3,128,1.75,uniform,73,0.5625,0.36535446725074333,0.36535446722156006
3,128,1.75,uniform,74,0.5703125,0.37428080799767427,0.3742808079683825
3,128,1.75,uniform,75,0.578125,0.38329933226154655,0.3832993322320315
3,128,1.75,uniform,76,0.5859375,0.39240972700832427,0.3924097269789001
3,128,1.75,uniform,77,0.59375,0.4016116844486682,0.40161168441931483
3,128,1.75,uniform,78,0.6015625,0.41090490188117434,0.41090490185149764
3,128,1.75,uniform,79,0.609375,0.4202890815421241,0.42028908151214645
3,128,1.75,uniform,80,0.6171875,0.4297639304625303,0.4297639304332732
3,128,1.75,uniform,81,0.625,0.43932916033514546,0.4393291603049602
3,128,1.75,uniform,82,0.6328125,0.4489844873732403,0.44898448734371915
3,128,1.75,uniform,83,0.640625,0.45872963219650914,0.4587296321661576
3,128,1.75,uniform,84,0.6484375,0.46856431969735,0.46856431966767603
3,128,1.75,uniform,85,0.65625,0.4784882789360402,0.4784882789059374
3,128,1.75,uniform,86,0.6640625,0.48850124301916426,0.4885012429888658
3,128,1.75,uniform,87,0.671875,0.4986029489971593,0.498602948966947
3,128,1.75,uniform,88,0.6796875,0.5087931377595449,0.508793137729618
3,128,1.75,uniform,89,0.6875,0.5190715539370987,0.5190715539055438
3,128,1.75,uniform,90,0.6953125,0.5294379457959767,0.5294379457665933
3,128,1.75,uniform,91,0.703125,0.5398920651665506,0.5398920651353379
3,128,1.75,uniform,92,0.7109375,0.5504336673270626,0.5504336672959034
3,128,1.75,uniform,93,0.71875,0.5610625109385519,0.5610625109080203
3,128,1.75,uniform,94,0.7265625,0.5717783579555602,0.5717783579241235
3,128,1.75,uniform,95,0.734375,0.5825809735399878,0.5825809735093594
3,128,1.75,uniform,96,0.7421875,0.5934701259963319,0.5934701259643727
3,128,1.75,uniform,97,0.75,0.6044455866818462,0.6044455866507423
3,128,1.75,uniform,98,0.7578125,0.6155071299510291,0.6155071299189552
3,128,1.75,uniform,99,0.765625,0.6266545330701567,0.6266545330387997
3,128,1.75,uniform,100,0.7734375,0.6378875761639716,0.6378875761320796
3,128,1.75,uniform,101,0.78125,0.649206042140337,0.6492060421075425
3,128,1.75,uniform,102,0.7890625,0.660609716628965,0.6606097165979341
3,128,1.75,uniform,103,0.796875,0.6720983879322198,0.6720983878990836
3,128,1.75,uniform,104,0.8046875,0.6836718469431087,0.6836718469109382
3,128,1.75,uniform,105,0.8125,0.695329887113584,0.6953298870804656
3,128,1.75,uniform,106,0.8203125,0.707072304378759,0.7070723043463463
3,128,1.75,uniform,107,0.828125,0.7188988971174953,0.718898897085385
3,128,1.75,uniform,108,0.8359375,0.7308094660949128,0.7308094660605708
3,128,1.75,uniform,109,0.84375,0.7428038144019339,0.7428038143707203
3,128,1.75,uniform,110,0.8515625,0.7548817474356282,0.7548817474016422
3,128,1.75,uniform,111,0.859375,0.7670430728123634,0.767043072778762
3,128,1.75,uniform,112,0.8671875,0.779287600353936,0.7792876003211533
3,128,1.75,uniform,113,0.875,0.7916151420305456,0.7916151419969174
3,128,1.75,uniform,114,0.8828125,0.8040255119128462,0.8040255118798637
3,128,1.75,uniform,115,0.890625,0.8165185261418464,0.8165185261074396
3,128,1.75,uniform,116,0.8984375,0.829094002873548,0.8290940028398641
3,128,1.75,uniform,117,0.90625,0.8417517622548736,0.8417517622204201
3,128,1.75,uniform,118,0.9140625,0.8544916263701894,0.854491626336863
3,128,1.75,uniform,119,0.921875,0.8673134192178646,0.8673134191839044
3,128,1.75,uniform,120,0.9296875,0.8802169666622561,0.8802169666267328
3,128,1.75,uniform,121,0.9375,0.8932020963986349,0.8932020963655337
3,128,1.75,uniform,122,0.9453125,0.9062686379369503,0.9062686379009743
3,128,1.75,uniform,123,0.953125,0.9194164225337325,0.919416422500617
3,128,1.75,uniform,124,0.9609375,0.9326452832029404,0.9326452831662311
3,128,1.75,uniform,125,0.96875,0.9459550546368467,0.9459550546019712
3,128,1.75,uniform,126,0.9765625,0.9593455732173128,0.9593455731833919
3,128,1.75,uniform,127,0.984375,0.9728166769623574,0.9728166769272705
3,128,1.75,uniform,128,0.9921875,0.9863682054984619,0.9863682054622106
3,128,1.75,uniform,129,0.9973958333333334,0.9954471598118859,0.9954471597800796
3,128,1.75,uniform,130,1.0,1.0000000000331597,1.0
3,128,1.75,positional,0,0.0,0.0,0.0
3,128,1.75,positional,1,2.0190212811414156e-06,1.075595985302014e-10,1.0814254078268436e-10
3,128,1.75,positional,2,6.079666857834127e-06,7.449733472245643e-10,7.443712980515312e-10
3,128,1.75,positional,3,1.2528121793828433e-05,2.6378975038032493e-09,2.638155812380344e-09
3,128,1.75,positional,4,2.1288552629664273e-05,6.672108554402991e-09,6.671995384541947e-09
3,128,1.75,positional,5,3.665781802946089e-05,1.7269937843815524e-08,1.7269969449912348e-08
3,128,1.75,positional,6,6.435948435957801e-05,4.6247300578962015e-08,4.624576552235981e-08
3,128,1.75,positional,7,0.00010967876783861207,1.1755135344836723e-07,1.17547794470885e-07
3,128,1.75,positional,8,0.0001765387314347488,2.7038252868318234e-07,2.7037716043577075e-07
3,128,1.75,positional,9,0.0002681702507456086,5.619838516720597e-07,5.619770065223429e-07
3,128,1.75,positional,10,0.00038777557618947366,1.0715664886733055e-06,1.0715582657766396e-06
3,128,1.75,positional,11,0.0005387244476322195,1.9049951734746024e-06,1.904985603456123e-06
3,128,1.75,positional,12,0.0007245343515086686,3.1996664113641084e-06,3.1996554665295286e-06
3,128,1.75,positional,13,0.0009487997408875645,5.1292813446610654e-06,5.129268995558791e-06
3,128,1.75,positional,14,0.0012151247405407949,7.908375240058785e-06,7.908361459590697e-06
3,128,1.75,positional,15,0.0015270720809248753,1.1796542874658062e-05,1.1796527649646722e-05
3,128,1.75,positional,16,0.0018881287558977517,1.7102347822328197e-05,1.710233115218762e-05
3,128,1.75,positional,17,0.0023016859299524435,2.4186940439436624e-05,2.418692233603535e-05
3,128,1.75,positional,18,0.0027710302452845664,3.3467438102157664e-05,3.346741858675386e-05
3,128,1.75,positional,19,0.003299343913128866,4.542014096500726e-05,4.542012006557555e-05
3,128,1.75,positional,20,0.0038897112784344653,6.0583666102063934e-05,6.0583643850303875e-05
3,128,1.75,positional,21,0.0045451298154248225,7.956208200072803e-05,7.956205842955482e-05
3,128,1.75,positional,22,0.005268523754566192,0.00010302811503551596,0.00010302809017694788
3,128,1.75,positional,23,0.006062758786486822,0.00013172648191900262,0.0001317264558025922
3,128,1.75,positional,24,0.006930656550836378,0.00016647738010018318,0.00016647735275194704
3,128,1.75,positional,25,0.00787500789768668,0.00020818014471102507,0.0002081801161528738
3,128,1.75,positional,26,0.008898584194869115,0.00025781705870860604,0.0002578170289581276
3,128,1.75,positional,27,0.010004146231214409,0.00031645728447198045,0.0003164572535426277
3,128,1.75,positional,28,0.011194450518071672,0.000385260871694697,0.0003852608395961033
3,128,1.75,positional,29,0.012472253008126101,0.0004654827886210662,0.00046548275535966357
3,128,1.75,positional,30,0.013840310424228003,0.0005584769215136377,0.0005584768870932558
3,128,1.75,positional,31,0.015301379518881164,0.0006656999901969024,0.000665699954619469
3,128,1.75,positional,32,0.016858214668100262,0.0007887153347305137,0.0007887152979967046
3,128,1.75,positional,33,0.018513564245210074,0.0009291965386368839,0.0009291965007468059
3,128,1.75,positional,34,0.02027016622638122,0.0010889308664763131,0.0010889308274299582
3,128,1.75,positional,35,0.02213074345691773,0.001269822506778912,0.0012698224665767018
3,128,1.75,positional,36,0.024097998962588445,0.0014738956243693076,0.0014738955830124157
3,128,1.75,positional,37,0.026174611630577133,0.0017032972380767026,0.0017032971955673556
3,128,1.75,positional,38,0.028363232516359037,0.0019602999500384494,0.001960299906379908
3,128,1.75,positional,39,0.03066648196164612,0.0022473045608161395,0.0022473045160130434
3,128,1.75,positional,40,0.03308694763915757,0.0025668426101096396,0.0025668425641676602
3,128,1.75,positional,41,0.035627183575983504,0.0029215788859135853,0.0029215788388396733
3,128,1.75,positional,42,0.03828971015126658,0.003314313945640815,0.003314313897442498
3,128,1.75,positional,43,0.04107701501737368,0.003747986691256453,0.0037479866419425248
3,128,1.75,positional,44,0.04399155485732375,0.0042256770371799715,0.004225676986759273
3,128,1.75,positional,45,0.04703575786489772,0.004750608704957583,0.004750608653439705
3,128,1.75,positional,46,0.05021202681693223,0.0053261521729232,0.005326152120317337
3,128,1.75,positional,47,0.05352274259874392,0.005955827802570595,0.005955827748886441
3,128,1.75,positional,48,0.05697026804215932,0.006643309156553608,0.006643309101799476
3,128,1.75,positional,49,0.0605569519398503,0.007392426516337318,0.007392426460522119
3,128,1.75,positional,50,0.06428513310822376,0.008207170600858429,0.008207170543989877
3,128,1.75,positional,51,0.0681571443827074,0.00909169648119753,0.009091696423281356
3,128,1.75,positional,52,0.0721753164427853,0.010050327680439137,0.010050327621481937
3,128,1.75,positional,53,0.07634198137862486,0.01108756044263151,0.011087560382638717
3,128,1.75,positional,54,0.08065947592585143,0.012208068150075118,0.012208068089047702
3,128,1.75,positional,55,0.0851301443094085,0.013416705864142066,0.013416705802085295
3,128,1.75,positional,56,0.08975634065110254,0.014718514961484793,0.01471851489839875
3,128,1.75,positional,57,0.09454043090813047,0.01611872783461034,0.016118727770494844
3,128,1.75,positional,58,0.09948479432150513,0.017622772623745165,0.01762277255860059
3,128,1.75,positional,59,0.1045918243638005,0.01923627794527975,0.01923627787910314
3,128,1.75,positional,60,0.10986392918506593,0.020965077581112112,0.020965077513900206
3,128,1.75,positional,61,0.11530353156418317,0.022815215092854724,0.0228152150246056
3,128,1.75,positional,62,0.12091306838045174,0.024792948325050624,0.024792948255757292
3,128,1.75,positional,63,0.12669498962687795,0.026904753762311117,0.026904753691970686
3,128,1.75,positional,64,0.13265175699259882,0.029157330706764628,0.029157330635370425
3,128,1.75,positional,65,0.13878584204715214,0.03155760524406828,0.03155760517161713
3,128,1.75,positional,66,0.14509972406395658,0.03411273396892986,0.03411273389541232
3,128,1.75,positional,67,0.1515958875244074,0.03683010744408192,0.036830107369495345
3,128,1.75,positional,68,0.15827681934742388,0.03971735337047076,0.03971735329480855
3,128,1.75,positional,69,0.16514500589208905,0.04278233945039901,0.0427823393736539
3,128,1.75,positional,70,0.17220292978316998,0.04603317593006627,0.046033175852236104
3,128,1.75,positional,71,0.17945306661076818,0.049478217812829045,0.04947821773390705
3,128,1.75,positional,72,0.18689788155609122,0.05312606673962578,0.053126066659607736
3,128,1.75,positional,73,0.19453982599533545,0.05698557253845806,0.05698557245734644
3,128,1.75,positional,74,0.20238133413291412,0.06106583445016862,0.061065834367951786
3,128,1.75,positional,75,0.21042481971375906,0.06537620204300663,0.06537620195968591
3,128,1.75,positional,76,0.2186726728621885,0.069926275833896,0.06992627574948586
3,128,1.75,positional,77,0.22712725709191042,0.07472590763904884,0.07472590755351678
3,128,1.75,positional,78,0.23579090652818094,0.07978520068089077,0.07978520059426873
3,128,1.75,positional,79,0.24466592337903315,0.08511450948324073,0.08511450939552187
3,128,1.75,positional,80,0.25375457568793175,0.09072443958888932,0.09072443950007206
3,128,1.75,positional,81,0.2630590953952871,0.09662584713799344,0.09662584704808665
3,128,1.75,positional,82,0.2725816767310965,0.1028298383473146,0.10282983825631417
3,128,1.75,positional,83,0.2823244749556759,0.10934776893212735,0.10934776884007004
3,128,1.75,positional,84,0.29228960546012145,0.11619124351413321,0.11619124342096541
3,128,1.75,positional,85,0.3024791432328965,0.12337211505792053,0.12337211496374
3,128,1.75,positional,86,0.3128951226938839,0.13090248438061752,0.13090248428533388
3,128,1.75,positional,87,0.3235395378924585,0.13879469977480627,0.13879469967852393
3,128,1.75,positional,88,0.3344143430616948,0.1470613567884354,0.1470613566911048
3,128,1.75,positional,89,0.3455214535168046,0.1557152981981596,0.15571529809977835
3,128,1.75,positional,90,0.35686274688232583,0.16476961421502612,0.16476961411568714
3,128,1.75,positional,91,0.36844006462950724,0.17423764295632538,0.17423764285595583
3,128,1.75,positional,92,0.38025521390276246,0.18413297121410485,0.1841329711127704
3,128,1.75,positional,93,0.3923099696120038,0.19446943555075832,0.1944694354484806
3,128,1.75,positional,94,0.4046060767661102,0.20526112374531869,0.20526112364204185
3,128,1.75,positional,95,0.4171452530217079,0.21652237661300508,0.216522376508872
3,128,1.75,positional,96,0.42992919142082453,0.22826779021806218,0.22826779011294598
3,128,1.75,positional,97,0.44295956329078173,0.24051221849275842,0.24051221838674633
3,128,1.75,positional,98,0.45623802127987095,0.25327077627844313,0.253270776171563
3,128,1.75,positional,99,0.469766202502885,0.26655884279540765,0.2665588426876516
3,128,1.75,positional,100,0.48354573177138366,0.2803920655496195,0.28039206544091805
3,128,1.75,positional,101,0.4975782248846374,0.294786364679662,0.2947863645701596
3,128,1.75,positional,102,0.5118652919584464,0.30975793774678756,0.30975793763644127
3,128,1.75,positional,103,0.5264085407704523,0.3253232649651326,0.32532326485396185
3,128,1.75,positional,104,0.5412095801020883,0.34149911487179047,0.3414991147597574
3,128,1.75,positional,105,0.5562700230589238,0.3583025504305817,0.3583025503178077
3,128,1.75,positional,106,0.5715914903528119,0.3757509355652169,0.3757509354515523
3,128,1.75,positional,107,0.5871756135309104,0.39386194211180425,0.39386194199747565
3,128,1.75,positional,108,0.6030240381383029,0.41265355718653285,0.4126535570712866
3,128,1.75,positional,109,0.6191384268025533,0.4321440909531777,0.4321440908372674
3,128,1.75,positional,110,0.6355204622300974,0.45235218478736294,0.452352184670613
3,128,1.75,positional,111,0.6521718501058493,0.47329681981951754,0.4732968197019722
3,128,1.75,positional,112,0.6690943218888238,0.49499732585121625,0.494997325732974
3,128,1.75,positional,113,0.6862896374978756,0.51747339063023,0.5174733905111933
3,128,1.75,positional,114,0.7037595878828915,0.5407450694725049,0.5407450693528378
3,128,1.75,positional,115,0.7215059974778731,0.5648327952220232,0.56483279510133
3,128,1.75,positional,116,0.7395307265333836,0.5897573885311309,0.5897573884099807
3,128,1.75,positional,117,0.7578356733267343,0.6155400684590572,0.6155400683370088
3,128,1.75,positional,118,0.7764227762491128,0.6422024633640533,0.6422024632413035
3,128,1.75,positional,119,0.7952940157695748,0.6697666220911276,0.6697666219675136
3,128,1.75,positional,120,0.8144514162764488,0.6982550254334221,0.6982550253092571
3,128,1.75,positional,121,0.8338970477972537,0.7276905978645638,0.7276905977395014
3,128,1.75,positional,122,0.8536330275986869,0.7580967195233188,0.7580967193974194
3,128,1.75,positional,123,0.8736615216686275,0.7894972384480061,0.7894972383212948
3,128,1.75,positional,124,0.8939847460824225,0.8219164830441563,0.8219164829173258
3,128,1.75,positional,125,0.9146049682559717,0.8553792747843537,0.8553792746544329
3,128,1.75,positional,126,0.9355245080883319,0.8899109411004842,0.8899109409754355
3,128,1.75,positional,127,0.9567457389966972,0.9255373285543115,0.9255373284151863
3,128,1.75,positional,128,0.9782710888467226,0.9622848160333753,0.9622848159164786
3,128,1.75,positional,129,0.9927229647928225,0.9872999613607694,0.9872999613869138
3,128,1.75,positional,130,1.0,0.9999999999986633,1.0
3,128,1.85,uniform,0,0.0,0.0,0.0
3,128,1.85,uniform,1,0.0026041666666666665,1.6500663026382483e-05,1.655721296663491e-05
3,128,1.85,uniform,2,0.0078125,0.00012644349319961107,0.0001263751127736056
3,128,1.85,uniform,3,0.015625,0.0004555530347534391,0.0004555825153988316
3,128,1.85,uniform,4,0.0234375,0.0009645951819025667,0.0009645747240628391
3,128,1.85,uniform,5,0.03125,0.0016423708370596726,0.0016423758110424107
3,128,1.85,uniform,6,0.0390625,0.0024817432690322195,0.002481738763272536
3,128,1.85,uniform,7,0.046875,0.003477293302939015,0.003477293665137391
3,128,1.85,uniform,8,0.0546875,0.004624800998293375,0.004624799721110904
3,128,1.85,uniform,9,0.0625,0.00592076812208343,0.005920767837931241
3,128,1.85,uniform,10,0.0703125,0.007362244382022171,0.007362243861793208
3,128,1.85,uniform,11,0.078125,0.008946673118786434,0.008946672833914412
3,128,1.85,uniform,12,0.0859375,0.010671808795211395,0.01067180850585332
3,128,1.85,uniform,13,0.09375,0.01253565031248584,0.012535650097355133
3,128,1.85,uniform,14,0.1015625,0.01453639660755822,0.014536396415801022
3,128,1.85,uniform,15,0.109375,0.016672411711099067,0.016672411552534565
3,128,1.85,uniform,16,0.1171875,0.018942198726745532,0.018942198588325423
3,128,1.85,uniform,17,0.125,0.021344379131032102,0.021344379011787425
3,128,1.85,uniform,18,0.1328125,0.02387767642413609,0.0238776763194674
3,128,1.85,uniform,19,0.140625,0.02654090283716995,0.0265409027451795
3,128,1.85,uniform,20,0.1484375,0.02933294845784895,0.02933294837630014
3,128,1.85,uniform,21,0.15625,0.032252772194140286,0.032252772121572446
3,128,1.85,uniform,22,0.1640625,0.035299394201390964,0.03529939413647077
3,128,1.85,uniform,23,0.171875,0.03847188946946473,0.038471889411178
3,128,1.85,uniform,24,0.1796875,0.04176938234941664,0.041769382296887446
3,128,1.85,uniform,25,0.1875,0.045191041844952956,0.045191041797475254
3,128,1.85,uniform,26,0.1953125,0.04873607753451759,0.048736077491484196
3,128,1.85,uniform,27,0.203125,0.05240373601683733,0.05240373597774035
3,128,1.85,uniform,28,0.2109375,0.056193297795042924,0.05619329775945968
3,128,1.85,uniform,29,0.21875,0.06010407453068395,0.06010407449823971
3,128,1.85,uniform,30,0.2265625,0.06413540661179616,0.06413540658217157
3,128,1.85,uniform,31,0.234375,0.06828666098945958,0.06828666096237802
3,128,1.85,uniform,32,0.2421875,0.07255722924500178,0.07255722922025483
3,128,1.85,uniform,33,0.25,0.07694652585672682,0.07694652583405726
3,128,1.85,uniform,34,0.2578125,0.08145398663932225,0.08145398661859676
3,128,1.85,uniform,35,0.265625,0.08607906733495106,0.08607906731596665
3,128,1.85,uniform,36,0.2734375,0.09082124233595675,0.09082124231860719
3,128,1.85,uniform,37,0.28125,0.09568000352465897,0.09568000350880831
3,128,1.85,uniform,38,0.2890625,0.10065485921551824,0.10065485920105292
3,128,1.85,uniform,39,0.296875,0.10574533318872001,0.10574533317552043
3,128,1.85,uniform,40,0.3046875,0.11095096380464001,0.11095096379267326
3,128,1.85,uniform,41,0.3125,0.11627130319108764,0.11627130318019543
3,128,1.85,uniform,42,0.3203125,0.12170591649448072,0.12170591648468979
3,128,1.85,uniform,43,0.328125,0.12725438119038054,0.12725438118150526
3,128,1.85,uniform,44,0.3359375,0.1329162864448043,0.13291628643688724
3,128,1.85,uniform,45,0.34375,0.1386912325243745,0.1386912325173475
3,128,1.85,uniform,46,0.3515625,0.14457883024803708,0.14457883024175286
3,128,1.85,uniform,47,0.359375,0.15057870047752495,0.15057870047215374
3,128,1.85,uniform,48,0.3671875,0.1566904736446293,0.15669047363982208
3,128,1.85,uniform,49,0.375,0.16291378930736136,0.16291378930335976
3,128,1.85,uniform,50,0.3828125,0.1692482957393287,0.16924829573607866
3,128,1.85,uniform,51,0.390625,0.17569364954299238,0.17569364954014963
3,128,1.85,uniform,52,0.3984375,0.18224951528726618,0.18224951528527872
3,128,1.85,uniform,53,0.40625,0.18891556517147454,0.1889155651698972
3,128,1.85,uniform,54,0.4140625,0.19569147870397627,0.19569147870305229
3,128,1.85,uniform,55,0.421875,0.2025769424058084,0.20257694240536467
3,128,1.85,uniform,56,0.4296875,0.20957164952748472,0.20957164952757432
3,128,1.85,uniform,57,0.4375,0.21667529978477545,0.2166752997853374
3,128,1.85,uniform,58,0.4453125,0.2238875991080224,0.22388759910905967
3,128,1.85,uniform,59,0.453125,0.2312082594061033,0.23120825940766324
3,128,1.85,uniform,60,0.4609375,0.238636998343347,0.23863699834528188
3,128,1.85,uniform,61,0.46875,0.24617353912780587,0.24617353912996848
3,128,1.85,uniform,62,0.4765625,0.25381761031038724,0.25381761031357786
3,128,1.85,uniform,63,0.484375,0.2615689455991787,0.2615689456020589
3,128,1.85,uniform,64,0.4921875,0.26942728367173424,0.26942728367545377
3,128,1.85,uniform,65,0.5,0.27739236801298783,0.2773923680169612
3,128,1.85,uniform,66,0.5078125,0.28546394674628917,0.2854639467504713
3,128,1.85,uniform,67,0.515625,0.2936417724813592,0.29364177248602685
3,128,1.85,uniform,68,0.5234375,0.3019256021678838,0.30192560217271075
3,128,1.85,uniform,69,0.53125,0.3103151969531624,0.31031519695849497
3,128,1.85,uniform,70,0.5390625,0.3188103220510295,0.3188103220566245
3,128,1.85,uniform,71,0.546875,0.32741074661224895,0.3274107466181402
3,128,1.85,uniform,72,0.5546875,0.33611624360413583,0.33611624361017384
3,128,1.85,uniform,73,0.5625,0.3449265896930679,0.34492658969967743
3,128,1.85,uniform,74,0.5703125,0.35384156513545817,0.3538415651422696
3,128,1.85,uniform,75,0.578125,0.36286095366899745,0.36286095367590776
3,128,1.85,uniform,76,0.5859375,0.37198454241147805,0.3719845424191133
3,128,1.85,uniform,77,0.59375,0.38121212176594405,0.38121212177349667
3,128,1.85,uniform,78,0.6015625,0.3905434853222627,0.3905434853303456
3,128,1.85,uniform,79,0.609375,0.39997842977244924,0.399978429781057
3,128,1.85,uniform,80,0.6171875,0.4095167548227986,0.4095167548312061
3,128,1.85,uniform,81,0.625,0.41915826310892773,0.419158263118061
3,128,1.85,uniform,82,0.6328125,0.42890276012225276,0.4289027601313635
3,128,1.85,uniform,83,0.640625,0.43875005412750867,0.43875005413720697
3,128,1.85,uniform,84,0.6484375,0.4486999560951208,0.4486999561048539
3,128,1.85,uniform,85,0.65625,0.458752279626156,0.4587522796363461
3,128,1.85,uniform,86,0.6640625,0.4689068408884824,0.468906840898768
3,128,1.85,uniform,87,0.671875,0.4791634585482213,0.47916345855903303
3,128,1.85,uniform,88,0.6796875,0.4895219537095925,0.4895219537210713
3,128,1.85,uniform,89,0.6875,0.4999821498552967,0.49998214986530265
3,128,1.85,uniform,90,0.6953125,0.5105438727774112,0.5105438727902868
3,128,1.85,uniform,91,0.703125,0.5212069505452578,0.5212069505564498
3,128,1.85,uniform,92,0.7109375,0.5319712134188607,0.5319712134317887
3,128,1.85,uniform,93,0.71875,0.5428364938279345,0.5428364938394649
3,128,1.85,uniform,94,0.7265625,0.553802626293986,0.5538026263072009
3,128,1.85,uniform,95,0.734375,0.5648694474057694,0.564869447418399
3,128,1.85,uniform,96,0.7421875,0.576036795751028,0.5760367957649047
3,128,1.85,uniform,97,0.75,0.5873045118889799,0.5873045119013454
3,128,1.85,uniform,98,0.7578125,0.5986724382870255,0.5986724383009716
3,128,1.85,uniform,99,0.765625,0.6101404192986135,0.610140419312942
3,128,1.85,uniform,100,0.7734375,0.6217083011073272,0.6217083011209845
3,128,1.85,uniform,101,0.78125,0.6333759316887384,0.6333759317033798
3,128,1.85,uniform,102,0.7890625,0.6451431607800463,0.6451431607942113
3,128,1.85,uniform,103,0.796875,0.6570098398309205,0.6570098398458282
3,128,1.85,uniform,104,0.8046875,0.6689758219775326,0.6689758219924727
3,128,1.85,uniform,105,0.8125,0.6810409619999042,0.6810409620150252
3,128,1.85,uniform,106,0.8203125,0.6932051162907021,0.6932051163068201
3,128,1.85,uniform,107,0.828125,0.7054681428258709,0.7054681428404933
3,128,1.85,uniform,108,0.8359375,0.7178299011192617,0.7178299011358177
3,128,1.85,uniform,109,0.84375,0.7302902522127978,0.7302902522284898
3,128,1.85,uniform,110,0.8515625,0.7428490586221502,0.7428490586398303
3,128,1.85,uniform,111,0.859375,0.7555061843325079,0.7555061843473646
3,128,1.85,uniform,112,0.8671875,0.7682614947386615,0.7682614947562473
3,128,1.85,uniform,113,0.875,0.7811148566557655,0.7811148566715026
3,128,1.85,uniform,114,0.8828125,0.7940661382525427,0.7940661382710481
3,128,1.85,uniform,115,0.890625,0.8071152090640582,0.8071152090794725
3,128,1.85,uniform,116,0.8984375,0.8202619399249316,0.8202619399425417
3,128,1.85,uniform,117,0.90625,0.8335062029854753,0.8335062030024054
3,128,1.85,uniform,118,0.9140625,0.846847871657335,0.8468478716734796
3,128,1.85,uniform,119,0.921875,0.8602868206018071,0.8602868206189809
3,128,1.85,uniform,120,0.9296875,0.8738229257092757,0.8738229257280892
3,128,1.85,uniform,121,0.9375,0.8874560640778116,0.8874560640937177
3,128,1.85,uniform,122,0.9453125,0.901186113973023,0.9011861139908677
3,128,1.85,uniform,123,0.953125,0.9150129548373991,0.91501295485555
3,128,1.85,uniform,124,0.9609375,0.9289364672470193,0.9289364672642517
3,128,1.85,uniform,125,0.96875,0.9429565328953267,0.9429565329139307
3,128,1.85,uniform,126,0.9765625,0.9570730345856086,0.9570730346025206
3,128,1.85,uniform,127,0.984375,0.971285856191089,0.9712858562099284
3,128,1.85,uniform,128,0.9921875,0.9855948826624132,0.9855948826795089
3,128,1.85,uniform,129,0.9973958333333334,0.995187624440466,0.9951876244605377
3,128,1.85,uniform,130,1.0,0.9999999999805821,1.0
3,128,1.85,positional,0,0.0,0.0,0.0
3,128,1.85,positional,1,2.548892345140981e-06,4.470802624866035e-11,4.4848741631309235e-11
3,128,1.85,positional,2,7.80718871017506e-06,3.558944542265036e-10,3.557256260690736e-10
3,128,1.85,positional,3,1.7876043401818695e-05,1.6468802827265408e-09,1.6470322035762783e-09
3,128,1.85,positional,4,3.6511705391128846e-05,6.173001193678483e-09,6.173044663205862e-09
3,128,1.85,positional,5,7.272620955647643e-05,2.208739730329455e-08,2.208656934005704e-08
3,128,1.85,positional,6,0.00013516274349278923,6.951844969011308e-08,6.951610763525012e-08
3,128,1.85,positional,7,0.0002296117129943283,1.852878940958252e-07,1.85284449458951e-07
3,128,1.85,positional,8,0.0003604083969405701,4.2665326542214397e-07,4.26648837332696e-07
3,128,1.85,positional,9,0.0005317738083749597,8.761883600338904e-07,8.761830445837857e-07
3,128,1.85,positional,10,0.0007480254189344616,1.6472021293743332e-06,1.6471959229693105e-06
3,128,1.85,positional,11,0.0010134657818406847,2.889002262237423e-06,2.888995174543535e-06
3,128,1.85,positional,12,0.0013322648477521227,4.791740326875493e-06,4.7917323598397565e-06
3,128,1.85,positional,13,0.0017083887023820888,7.590770884770884e-06,7.590762054183876e-06
3,128,1.85,positional,14,0.0021455687135186027,1.1570546028713143e-05,1.1570536355644051e-05
3,128,1.85,positional,15,0.0026472980418543353,1.7068113332115604e-05,1.7068102844703805e-05
3,128,1.85,positional,16,0.0032168450941122747,2.447631163370123e-05,2.4476300362938136e-05
3,128,1.85,positional,17,0.0038572767757871895,3.424677156773557e-05,3.424675954603856e-05
3,128,1.85,positional,18,0.004571486781368779,4.689282903233932e-05,4.6892816291322674e-05
3,128,1.85,positional,19,0.005362225677590017,6.29924507895818e-05,6.299243735882663e-05
3,128,1.85,positional,20,0.006232130487931872,8.319125363296547e-05,8.319123953899503e-05
3,128,1.85,positional,21,0.007183752128206762,0.00010820567434346683,0.0001082056596092132
3,128,1.85,positional,22,0.008219579531490924,0.00013882632005067082,0.00013882630469524873
3,128,1.85,positional,23,0.009342059714182302,0.00017592150084391007,0.00017592148488265158
3,128,1.85,positional,24,0.010553613401381301,0.00022044092142566664,0.00022044090487039164
3,128,1.85,positional,25,0.011856646151610162,0.0002734194884451786,0.0002734194713045717
3,128,1.85,positional,26,0.013253555191615037,0.0003359811762236038,0.00033598115850371185
3,128,1.85,positional,27,0.014746732384997399,0.0004093428863824027,0.0004093428680871669
3,128,1.85,positional,28,0.016338563910583904,0.0004948182362005039,0.000494818217332316
3,128,1.85,positional,29,0.01803142731893336,0.0005938212155980745,0.0005938211961582478
3,128,1.85,positional,30,0.01982768667305235,0.0007078696623507997,0.0007078696423401198
3,128,1.85,positional,31,0.02172968646975122,0.0008385885181533775,0.0008385884975724617
3,128,1.85,positional,32,0.023739744990203444,0.0009877128430848111,0.0009877128219345256
3,128,1.85,positional,33,0.02586014765191121,0.0011570905815556478,0.001157090559837177
3,128,1.85,positional,34,0.02809314083906787,0.001348685087752532,0.001348685065468044
3,128,1.85,positional,35,0.030440926583206504,0.0015645774319793973,0.0015645774091314322
3,128,1.85,positional,36,0.03290565835889472,0.0018069685203907539,0.0018069684969832262
3,128,1.85,positional,37,0.03548943815656234,0.002078181068994829,0.002078181045031977
3,128,1.85,positional,38,0.038194314901295594,0.002380661478224276,0.002380661453711743
3,128,1.85,positional,39,0.04102228420602111,0.0027169816569074085,0.0027169816318510205
3,128,1.85,positional,40,0.04397528938190948,0.003089840844265386,0.0030898408186720806
3,128,1.85,positional,41,0.047055223578735185,0.0035020674760239024,0.003502067449900614
3,128,1.85,positional,42,0.050263932892965185,0.0039566211362262295,0.003956621109580687
3,128,1.85,positional,43,0.05360322026032641,0.004456594630410769,0.004456594603250541
3,128,1.85,positional,44,0.05707484994078487,0.005005216208885916,0.005005216181218832
3,128,1.85,positional,45,0.06068055240519656,0.00560585196140282,0.005605851933235926
3,128,1.85,positional,46,0.06442202944219298,0.006262008396933609,0.006262008368275169
3,128,1.85,positional,47,0.068300959319016,0.006977335214894038,0.0069773351857506175
3,128,1.85,positional,48,0.0723190018490686,0.007755628267176183,0.007755628237554047
3,128,1.85,positional,49,0.07647780324019117,0.008600832704068568,0.008600832673975012
3,128,1.85,positional,50,0.08077900061969473,0.00951704629154869,0.009517046260987153
3,128,1.85,positional,51,0.08522422615386811,0.010508522882620315,0.01050852285159818
3,128,1.85,positional,52,0.08981511070020343,0.011579676021460275,0.011579675989979955
3,128,1.85,positional,53,0.09455328694939251,0.01273508265582831,0.012735082623894549
3,128,1.85,positional,54,0.09944039203090906,0.013979486930850342,0.013979486898465376
3,128,1.85,positional,55,0.10447806957055894,0.01531780403538284,0.01531780400254872
3,128,1.85,positional,56,0.10966797120075933,0.01675512407105558,0.016755124037776327
3,128,1.85,positional,57,0.11501175753460684,0.018296715913428983,0.018296715879702694
3,128,1.85,positional,58,0.12051109862319187,0.019948031034513026,0.01994803100034521
3,128,1.85,positional,59,0.12616767392234005,0.021714707256323608,0.02171470722170779
3,128,1.85,positional,60,0.13198317180024585,0.023602572405651567,0.02360257237059354
3,128,1.85,positional,61,0.1379592886215469,0.025617647841619153,0.025617647806115803
3,128,1.85,positional,62,0.1440977274464881,0.027766151828741183,0.027766151792794083
3,128,1.85,positional,63,0.15040019638613192,0.030054502730356657,0.03005450269396203
3,128,1.85,positional,64,0.1568684066562435,0.032489321999252065,0.03248932196241211
3,128,1.85,positional,65,0.16350407037363737,0.03507743694503829,0.035077436907749206
3,128,1.85,positional,66,0.17030889813950292,0.03782588326055129,0.037825883222811135
3,128,1.85,positional,67,0.1772845964545833,0.04074190729290671,0.040741907254721835
3,128,1.85,positional,68,0.1844328650110966,0.04383296804828806,0.043832968009646374
3,128,1.85,positional,69,0.1917553939059636,0.04710673892316734,0.04710673888408077
3,128,1.85,positional,70,0.19925386081923624,0.05057110915902569,0.05057110911948609
3,128,1.85,positional,71,0.20692992820059128,0.05423418502120583,0.05423418498121161
3,128,1.85,positional,72,0.21478524050534517,0.05810429070732089,0.05810429066687819
3,128,1.85,positional,73,0.22282142151964426,0.062189968994537485,0.06218996895363901
3,128,1.85,positional,74,0.2310400718122867,0.06649998163926008,0.06649998159792395
3,128,1.85,positional,75,0.23944276634803732,0.0710433095471258,0.07104330950532492
3,128,1.85,positional,76,0.24803105229432923,0.07582915273435327,0.07582915269211793
3,128,1.85,positional,77,0.25680644704993033,0.08086693010616906,0.08086693006346582
3,128,1.85,positional,78,0.2657704365205378,0.08616627907965928,0.08616627903653977
3,128,1.85,positional,79,0.2749244736624033,0.09173705508314899,0.09173705503957855
3,128,1.85,positional,80,0.2842699773110518,0.0975893309642465,0.09758933092022498
3,128,1.85,positional,81,0.2938083313080086,0.10373339634274996,0.10373339629830833
3,128,1.85,positional,82,0.3035408839342692,0.1101797569444167,0.11017975689955271
3,128,1.85,positional,83,0.31346894765511274,0.11693913395278782,0.11693913390748642
3,128,1.85,positional,84,0.32359379917684333,0.12402246341682903,0.12402246337110336
3,128,1.85,positional,85,0.33391667981221373,0.13144089575170587,0.13144089570560713
3,128,1.85,positional,86,0.3444387961477111,0.13920579536947206,0.1392057953228832
3,128,1.85,positional,87,0.3551613210026059,0.1473287404741118,0.14732874042722516
3,128,1.85,positional,88,0.366085394666738,0.15582152305773692,0.15582152301034313
3,128,1.85,positional,89,0.3772121264014611,0.16469614912557062,0.16469614907784993
3,128,1.85,positional,90,0.38854259618601067,0.17396483918544278,0.1739648391373109
3,128,1.85,positional,91,0.40007785668981694,0.18364002902414012,0.18364002897561818
3,128,1.85,positional,92,0.41181893544994014,0.1937343707998152,0.19373437075095534
3,128,1.85,positional,93,0.4237668372318661,0.20426073447125434,0.20426073442202328
3,128,1.85,positional,94,0.4359225465513357,0.215232209584175,0.21523220953454456
3,128,1.85,positional,95,0.44828703033467093,0.22666210743232354,0.22666210738240075
3,128,1.85,positional,96,0.4608612406951799,0.23856396360843016,0.23856396355814005
3,128,1.85,positional,97,0.47364611780362903,0.250951540955705,0.25095154090504257
3,128,1.85,positional,98,0.4866425928314331,0.26383883293141897,0.2638388328804955
3,128,1.85,positional,99,0.49985159094609655,0.277240067389436,0.27724006733812956
3,128,1.85,positional,100,0.5132740343394979,0.291169710785668,0.29116971073402403
3,128,1.85,positional,101,0.5269108452708141,0.30564247281223983,0.30564247276031814
3,128,1.85,positional,102,0.5407629491071956,0.3206733114601302,0.3206733114077841
3,128,1.85,positional,103,0.554831277346687,0.33627743850981595,0.33627743845731795
3,128,1.85,positional,104,0.5691167706093233,0.3524703254518564,0.35247032539890655
3,128,1.85,positional,105,0.5836203815837825,0.3692677098286483,0.3692677097754204
3,128,1.85,positional,106,0.5983430779184157,0.38668560200105573,0.38668560194754903
3,128,1.85,positional,107,0.6132858450468985,0.4047402923291368,0.4047402922753615
3,128,1.85,positional,108,0.6284496889401172,0.42344835876547127,0.42344835871129
3,128,1.85,positional,109,0.6438356387772171,0.4428266748533193,0.4428266747988188
3,128,1.85,positional,110,0.6594447495299895,0.46289241812546034,0.4628924180707901
3,128,1.85,positional,111,0.6752781044559378,0.4836630788960855,0.48366307884099813
3,128,1.85,positional,112,0.6913368174964427,0.5051564694379999,0.5051564693826208
3,128,1.85,positional,113,0.7076220355774482,0.5273907335428333,0.5273907334870294
3,128,1.85,positional,114,0.724134940810988,0.5503843564526145,0.5503843563965911
3,128,1.85,positional,115,0.7408767525966886,0.5741561751615453,0.574156175105241
3,128,1.85,positional,116,0.7578487296231126,0.5987253890775374,0.598725389020825
3,128,1.85,positional,117,0.7750521717694415,0.6241115710406003,0.6241115709834973
3,128,1.85,positional,118,0.7924884219085596,0.6503346786921207,0.6503346786347831
3,128,1.85,positional,119,0.8101588676130703,0.6774150661898796,0.6774150661322758
3,128,1.85,positional,120,0.8280649427661895,0.7053734962634074,0.7053734962053281
3,128,1.85,positional,121,0.8462081290797853,0.7342311526060997,0.7342311525474938
3,128,1.85,positional,122,0.8645899575221129,0.7640096526001837,0.7640096525418919
3,128,1.85,positional,123,0.8832120096579988,0.7947310603756836,0.794731060316077
3,128,1.85,positional,124,0.9020759189043916,0.8264179001823839,0.8264179001234103
3,128,1.85,positional,125,0.9211833717043049,0.8590931701090407,0.859093170048323
3,128,1.85,positional,126,0.940536108622248,0.8927803560916465,0.8927803560332556
3,128,1.85,positional,127,0.9601359253642707,0.9275034462904995,0.9275034462254234
3,128,1.85,positional,128,0.9799846737257388,0.9632869456964006,0.9632869456419018
3,128,1.85,positional,129,0.9933003555624035,0.9876409606384001,0.9876409606516289
3,128,1.85,positional,130,1.0,0.9999999999985052,1.0
3,128,1.95,uniform,0,0.0,0.0,0.0
3,128,1.95,uniform,1,0.0026041666666666665,9.121314172043425e-06,9.131752085552244e-06
3,128,1.95,uniform,2,0.0078125,7.780705521541928e-05,7.77930070385292e-05
3,128,1.95,uniform,3,0.015625,0.00030056713346291825,0.00030057236653928626
3,128,1.95,uniform,4,0.0234375,0.0006627194404902264,0.0006627153132717435
3,128,1.95,uniform,5,0.03125,0.0011613342659437535,0.001161335073244845
3,128,1.95,uniform,6,0.0390625,0.0017944538732065371,0.0017944529164905408
3,128,1.95,uniform,7,0.046875,0.002560563188669706,0.002560563187295948
3,128,1.95,uniform,8,0.0546875,0.003458452175443446,0.003458451878552194
3,128,1.95,uniform,9,0.0625,0.004487103044835874,0.004487102949207168
3,128,1.95,uniform,10,0.0703125,0.005645643656767083,0.005645643524582397
3,128,1.95,uniform,11,0.078125,0.0069333091312998325,0.006933309050333421
3,128,1.95,uniform,12,0.0859375,0.008349419834195937,0.00834941975722658
3,128,1.95,uniform,13,0.09375,0.009893364079450788,0.009893364020466998
3,128,1.95,uniform,14,0.1015625,0.01156458621348011,0.011564586162038345
3,128,1.95,uniform,15,0.109375,0.013362577287904027,0.013362577245327769
3,128,1.95,uniform,16,0.1171875,0.0152868679952544,0.015286867958638388
3,128,1.95,uniform,17,0.125,0.01733702303222066,0.01733702300106008
3,128,1.95,uniform,18,0.1328125,0.01951263660324097,0.019512636576406176
3,128,1.95,uniform,19,0.140625,0.021813328745281045,0.021813328722213785
3,128,1.95,uniform,20,0.1484375,0.024238742299823233,0.0242387422799291
3,128,1.95,uniform,21,0.15625,0.02678854038264028,0.026788540365521887
3,128,1.95,uniform,22,0.1640625,0.0294624042510655,0.02946240423634485
3,128,1.95,uniform,23,0.171875,0.032260031488381746,0.032260031475792074
3,128,1.95,uniform,24,0.1796875,0.03518113444649858,0.03518113443578287
3,128,1.95,uniform,25,0.1875,0.0382254388996127,0.038225438890588166
3,128,1.95,uniform,26,0.1953125,0.0413926828730426,0.04139268286552518
3,128,1.95,uniform,27,0.203125,0.044682615617714055,0.04468261561157755
3,128,1.95,uniform,28,0.2109375,0.048094996707638685,0.04809499670273901
3,128,1.95,uniform,29,0.21875,0.05162959524105218,0.05162959523730632
3,128,1.95,uniform,30,0.2265625,0.05528618913049606,0.055286189127799354
3,128,1.95,uniform,31,0.234375,0.05906456446861566,0.05906456446690404
3,128,1.95,uniform,32,0.2421875,0.06296451495979237,0.06296451495899415
3,128,1.95,uniform,33,0.25,0.06698584140847881,0.06698584140851832
3,128,1.95,uniform,34,0.2578125,0.07112835125708185,0.07112835125793736
3,128,1.95,uniform,35,0.265625,0.07539185816744137,0.07539185816903379
3,128,1.95,uniform,36,0.2734375,0.07977618164004843,0.07977618164234816
3,128,1.95,uniform,37,0.28125,0.08428114666726468,0.0842811466702643
3,128,1.95,uniform,38,0.2890625,0.08890658341631545,0.0889065834199038
3,128,1.95,uniform,39,0.296875,0.09365232693824771,0.09365232694252063
3,128,1.95,uniform,40,0.3046875,0.09851821690175416,0.09851821690653358
3,128,1.95,uniform,41,0.3125,0.10350409734627927,0.103504097351709
3,128,1.95,uniform,42,0.3203125,0.10860981645642213,0.10860981646232512
3,128,1.95,uniform,43,0.328125,0.11383522635097207,0.11383522635741905
3,128,1.95,uniform,44,0.3359375,0.11918018288945242,0.11918018289644959
3,128,1.95,uniform,45,0.34375,0.12464454549152748,0.12464454549890625
3,128,1.95,uniform,46,0.3515625,0.13022817696855785,0.1302281769765659
3,128,1.95,uniform,47,0.359375,0.1359309433689648,0.1359309433772463
3,128,1.95,uniform,48,0.3671875,0.141752713830056,0.14175271383903218
3,128,1.95,uniform,49,0.375,0.14769336044492704,0.14769336045406303
3,128,1.95,uniform,50,0.3828125,0.15375275813120254,0.15375275814106568
3,128,1.95,uniform,51,0.390625,0.1599307845158521,0.159930784525903
3,128,1.95,uniform,52,0.3984375,0.1662273198188737,0.16622731982948155
3,128,1.95,uniform,53,0.40625,0.1726422467514804,0.17264224676242884
3,128,1.95,uniform,54,0.4140625,0.17917545041459845,0.1791754504260075
3,128,1.95,uniform,55,0.421875,0.18582681820708316,0.18582681821878505
3,128,1.95,uniform,56,0.4296875,0.1925962397363234,0.1925962397486242
3,128,1.95,uniform,57,0.4375,0.19948360673719687,0.19948360674959742
3,128,1.95,uniform,58,0.4453125,0.20648881299036376,0.20648881300346728
3,128,1.95,uniform,59,0.453125,0.21361175425226103,0.21361175426540485
3,128,1.95,uniform,60,0.4609375,0.2208523281798925,0.22085232819364764
3,128,1.95,uniform,61,0.46875,0.2282104342687575,0.22821043428282467
3,128,1.95,uniform,62,0.4765625,0.2356859737863305,0.23568597380069875
3,128,1.95,uniform,63,0.484375,0.24327884971337965,0.24327884972809732
3,128,1.95,uniform,64,0.4921875,0.2509889666865621,0.25098896670182214
3,128,1.95,uniform,65,0.5,0.25881623094504125,0.2588162309603444
3,128,1.95,uniform,66,0.5078125,0.2667605502761511,0.2667605502921077
3,128,1.95,uniform,67,0.515625,0.2748218339702842,0.27482183398627574
3,128,1.95,uniform,68,0.5234375,0.28299999276925863,0.28299999278577254
3,128,1.95,uniform,69,0.53125,0.29129493882589846,0.29129493884247654
3,128,1.95,uniform,70,0.5390625,0.2997065856571739,0.29970658567443875
3,128,1.95,uniform,71,0.546875,0.3082348481077116,0.30823484812500573
3,128,1.95,uniform,72,0.5546875,0.31687964230587184,0.3168796423237358
3,128,1.95,uniform,73,0.5625,0.3256408856310232,0.3256408856490063
3,128,1.95,uniform,74,0.5703125,0.3345184966738529,0.33451849669221534
3,128,1.95,uniform,75,0.578125,0.34351239520498317,0.34351239522348964
3,128,1.95,uniform,76,0.5859375,0.3526225021398743,0.35262250215881474
3,128,1.95,uniform,77,0.59375,0.3618487395092445,0.3618487395285111
3,128,1.95,uniform,78,0.6015625,0.3711910304275466,0.3711910304469832
3,128,1.95,uniform,79,0.609375,0.3806492990634348,0.38064929908367473
3,128,1.95,uniform,80,0.6171875,0.39022347061518015,0.39022347063516655
3,128,1.95,uniform,81,0.625,0.3999134712778126,0.39991347129835847
3,128,1.95,uniform,82,0.6328125,0.40971922822368506,0.40971922824468016
3,128,1.95,uniform,83,0.640625,0.41964066957444157,0.4196406695952783
3,128,1.95,uniform,84,0.6484375,0.4296777243753438,0.4296777243971331
3,128,1.95,uniform,85,0.65625,0.43983032257834986,0.43983032260005667
3,128,1.95,uniform,86,0.6640625,0.4500983950121922,0.45009839503453225
3,128,1.95,uniform,87,0.671875,0.4604818733677086,0.46048187339035274
3,128,1.95,uniform,88,0.6796875,0.4709806901735118,0.4709806901960211
3,128,1.95,uniform,89,0.6875,0.481594778775539,0.48159477879887747
3,128,1.95,uniform,90,0.6953125,0.4923240733221823,0.49232407334591827
3,128,1.95,uniform,91,0.703125,0.5031685087410345,0.5031685087652766
3,128,1.95,uniform,92,0.7109375,0.5141280207241721,0.5141280207483339
3,128,1.95,uniform,93,0.71875,0.5252025457081259,0.5252025457324333
3,128,1.95,uniform,94,0.7265625,0.5363920208584627,0.5363920208841707
3,128,1.95,uniform,95,0.734375,0.5476963840583231,0.5476963840832356
3,128,1.95,uniform,96,0.7421875,0.5591155738805694,0.559115573906779
3,128,1.95,uniform,97,0.75,0.5706495295886572,0.5706495296142864
3,128,1.95,uniform,98,0.7578125,0.5822981911068112,0.582298191132933
3,128,1.95,uniform,99,0.765625,0.5940614990161731,0.5940614990434026
3,128,1.95,uniform,100,0.7734375,0.6059393945392713,0.6059393945661493
3,128,1.95,uniform,101,0.78125,0.6179318195217103,0.617931819548085
3,128,1.95,uniform,102,0.7890625,0.630038716421318,0.6300387164496744
3,128,1.95,uniform,103,0.796875,0.6422600283052156,0.6422600283324224
3,128,1.95,uniform,104,0.8046875,0.6545956988185402,0.6545956988467365
3,128,1.95,uniform,105,0.8125,0.6670456721927494,0.6670456722201512
3,128,1.95,uniform,106,0.8203125,0.679609893216848,0.6796098932458987
3,128,1.95,uniform,107,0.828125,0.6922883072428275,0.6922883072718132
3,128,1.95,uniform,108,0.8359375,0.7050808601618178,0.7050808601895565
3,128,1.95,uniform,109,0.84375,0.7179874983940219,0.7179874984241513
3,128,1.95,uniform,110,0.8515625,0.7310081688962546,0.7310081689238123
3,128,1.95,uniform,111,0.859375,0.744142819119985,0.7441428191500619
3,128,1.95,uniform,112,0.8671875,0.7573913970386894,0.7573913970681229
3,128,1.95,uniform,113,0.875,0.7707538511080543,0.7707538511375747
3,128,1.95,uniform,114,0.8828125,0.7842301302731401,0.7842301303032656
3,128,1.95,uniform,115,0.890625,0.7978201839573618,0.7978201839864724
3,128,1.95,uniform,116,0.8984375,0.8115239620458855,0.8115239620762955
3,128,1.95,uniform,117,0.90625,0.8253414148923661,0.8253414149212855
3,128,1.95,uniform,118,0.9140625,0.8392724932914902,0.839272493321289
3,128,1.95,uniform,119,0.921875,0.8533171484875127,0.8533171485195087
3,128,1.95,uniform,120,0.9296875,0.8674753321655673,0.86747533219477
3,128,1.95,uniform,121,0.9375,0.8817469964228937,0.8817469964539856
3,128,1.95,uniform,122,0.9453125,0.8961320937937354,0.8961320938248127
3,128,1.95,uniform,123,0.953125,0.910630577216601,0.910630577248497
3,128,1.95,uniform,124,0.9609375,0.9252424000417754,0.9252424000728949
3,128,1.95,uniform,125,0.96875,0.9399675160137991,0.93996751604567
3,128,1.95,uniform,126,0.9765625,0.9548058792751509,0.9548058793076579
3,128,1.95,uniform,127,0.984375,0.9697574443547501,0.9697574443863936
3,128,1.95,uniform,128,0.9921875,0.9848221661572201,0.9848221661897949
3,128,1.95,uniform,129,0.9973958333333334,0.9949281567745436,0.9949281568076535
3,128,1.95,uniform,130,1.0,0.9999999999670277,1.0
3,128,1.95,positional,0,0.0,0.0,0.0
3,128,1.95,positional,1,3.102123190792786e-06,1.8132331802389778e-11,1.814408738365183e-11
3,128,1.95,positional,2,1.0439240623340051e-05,1.9338466654010714e-10,1.933768007237377e-10
3,128,1.95,positional,3,2.9487210206401518e-05,1.4647317160326854e-09,1.4648248105622759e-09
3,128,1.95,positional,4,7.005089155865867e-05,7.91708782660357e-09,7.916927188042954e-09
3,128,1.95,positional,5,0.0001461491393700975,3.3217103392751035e-08,3.321641144776373e-08
3,128,1.95,positional,6,0.00026718321609550704,1.0771653078508079e-07,1.077154221093572e-07
3,128,1.95,positional,7,0.00043888525271754364,2.8352193350031516e-07,2.835204742939212e-07
3,128,1.95,positional,8,0.0006664635864830547,6.40273077953353e-07,6.402712931557304e-07
3,128,1.95,positional,9,0.0009549944971933758,1.291226412512371e-06,1.2912243125024541e-06
3,128,1.95,positional,10,0.0013092236827442181,2.3887871266603554e-06,2.38878472227861e-06
3,128,1.95,positional,11,0.0017334452870282936,4.129286854714838e-06,4.12928415879301e-06
3,128,1.95,positional,12,0.002231483885560316,6.757063701978536e-06,6.757060729609242e-06
3,128,1.95,positional,13,0.0028067332473449523,1.0567989039266585e-05,1.0567985806346658e-05
3,128,1.95,positional,14,0.003462218503561728,1.591260628524789e-05,1.591260280752728e-05
3,128,1.95,positional,15,0.004200663750264552,2.3199039884005982e-05,2.3199036176214835e-05
3,128,1.95,positional,16,0.005024556574213011,3.289581464285324e-05,3.2895810718214935e-05
3,128,1.95,positional,17,0.005936205878969539,4.553470224618697e-05,4.55346981161222e-05
3,128,1.95,positional,18,0.00693779165672236,6.171368440486463e-05,6.17136800788957e-05
3,128,1.95,positional,19,0.00803140633420462,8.210009157276724e-05,8.210008705853335e-05
3,128,1.95,positional,20,0.009219087762091916,0.00010743394418770251,0.00010743393949108036
3,128,1.95,positional,21,0.010502844169629606,0.00013853149243922018,0.00013853148756448738
3,128,1.95,positional,22,0.011884671606227365,0.0001762889231878824,0.00017628891813793463
3,128,1.95,positional,23,0.013366564572712318,0.00022168618094587335,0.00022168617572245703
3,128,1.95,positional,24,0.014950520701161416,0.0002757908350969062,0.00027579082970083065
3,128,1.95,positional,25,0.016638540459660088,0.00033976191827848727,0.0003397619127099051
3,128,1.95,positional,26,0.01843262292650605,0.0004148536608274764,0.00041485365508604657
3,128,1.95,positional,27,0.020334758693488896,0.0005024190525688833,0.0005024190466539805
3,128,1.95,positional,28,0.02234692092218894,0.0006039131747684976,0.0006039131686794066
3,128,1.95,positional,29,0.02447105549745257,0.0007208962602870862,0.0007208962540231408
3,128,1.95,positional,30,0.0267090711077806,0.0008550364572998718,0.0008550364508605263
3,128,1.95,positional,31,0.029062829944106455,0.0010081122898606305,0.0010081122832456164
3,128,1.95,positional,32,0.03153413955731451,0.0011820148257372194,0.0011820148189465654
3,128,1.95,positional,33,0.03412474626109993,0.0013787495772052307,0.0013787495702392279
3,128,1.95,positional,34,0.036836330319259473,0.0016004381730341595,0.0016004381658934876
3,128,1.95,positional,35,0.0396705030222728,0.0018493198492181384,0.001849319841903906
3,128,1.95,positional,36,0.042628805642111904,0.0021277528118717566,0.0021277528043851463
3,128,1.95,positional,37,0.04571271015960648,0.0024382155281799938,0.002438215520522645
3,128,1.95,positional,38,0.04892362158653726,0.002783308000634027,0.002783307992807753
3,128,1.95,positional,39,0.052262881654489925,0.0031657530764158098,0.0031657530684223584
3,128,1.95,positional,40,0.05573177361270876,0.003588397838258091,0.003588397830099855
3,128,1.95,positional,41,0.059331527865216595,0.004054215115972805,0.0040542151076514
3,128,1.95,positional,42,0.0630633281802876,0.004566305149661272,0.004566305141179255
3,128,1.95,positional,43,0.0669283182197609,0.005127897426974016,0.005127897418332863
3,128,1.95,positional,44,0.07092760815851615,0.005742352708057964,0.00574235269926045
3,128,1.95,positional,45,0.07506228119280517,0.00641316524350267,0.006413165234549681
3,128,1.95,positional,46,0.07933339976751756,0.007143965182831751,0.00714396517372594
3,128,1.95,positional,47,0.08374201138476695,0.007938521164248754,0.007938521154990705
3,128,1.95,positional,48,0.08828915388777397,0.00880074307036721,0.008800743060959284
3,128,1.95,positional,49,0.09297586014368353,0.009734684929810703,0.009734684920252475
3,128,1.95,positional,50,0.0978031620758655,0.010744547940615442,0.010744547930910057
3,128,1.95,positional,51,0.10277209401992128,0.01183468358853726,0.011834683578681861
3,128,1.95,positional,52,0.10788369539783875,0.013009596831241572,0.013009596821241252
3,128,1.95,positional,53,0.11313901272150317,0.014273949318313823,0.014273949308164613
3,128,1.95,positional,54,0.11853910095023794,0.015632562616323852,0.015632562606028168
3,128,1.95,positional,55,0.12408502423747954,0.017090421408534597,0.017090421398089636
3,128,1.95,positional,56,0.1297778561094219,0.018652676639244286,0.018652676628651825
3,128,1.95,positional,57,0.13561867912385717,0.020324648574002627,0.02032464856326266
3,128,1.95,positional,58,0.14160858406087237,0.022111829748211555,0.022111829737319413
3,128,1.95,positional,59,0.14774866869889158,0.024019887778393707,0.02401988776735495
3,128,1.95,positional,60,0.15404003623011434,0.026054668012440135,0.026054668001244667
3,128,1.95,positional,61,0.16048379336899646,0.028222195997093597,0.02822219598575293
3,128,1.95,positional,62,0.16708104820629585,0.03052867974371279,0.030528679732212228
3,128,1.95,positional,63,0.17383290785957986,0.03298051177532979,0.03298051176368278
3,128,1.95,positional,64,0.18074047596912723,0.0355842709414736,0.03558427092966394
3,128,1.95,positional,65,0.18780485008597578,0.03834672398926476,0.03834672397731036
3,128,1.95,positional,66,0.1950271189965607,0.04127482688326196,0.041274826871137524
3,128,1.95,positional,67,0.20240836002600274,0.04437572586863004,0.044375725856365386
3,128,1.95,positional,68,0.20994963635967243,0.04765675827676458,0.047656758264327914
3,128,1.95,positional,69,0.21765199442018002,0.05112545307432865,0.051125453061742716
3,128,1.95,positional,70,0.22551646133441242,0.05478953116180289,0.05478953114905382
3,128,1.95,positional,71,0.23354404252264352,0.05865690542940026,0.05865690541649318
3,128,1.95,positional,72,0.24173571943906358,0.06273568058297045,0.06273568056990317
3,128,1.95,positional,73,0.2500924474902906,0.06703415275490297,0.06703415274167374
3,128,1.95,positional,74,0.258615154155531,0.07156080891871609,0.07156080890531798
3,128,1.95,positional,75,0.2673047373290458,0.07632432612874113,0.07632432611518482
3,128,1.95,positional,76,0.276162063902457,0.08133357060925661,0.08133357059553296
3,128,1.95,positional,77,0.2851879686012182,0.0865975967195063,0.08659759670561942
3,128,1.95,positional,78,0.29438325308629393,0.09212564582360547,0.09212564580954259
3,128,1.95,positional,79,0.30374868532878213,0.09792714509549165,0.09792714508129094
3,128,1.95,positional,80,0.31328499926191494,0.10401170629115156,0.10401170627675864
3,128,1.95,positional,81,0.3229928947116257,0.11038912451990229,0.11038912450537906
3,128,1.95,positional,82,0.3328730376037276,0.11706937704921401,0.11706937703449541
3,128,1.95,positional,83,0.3429260604427548,0.12406262217448721,0.1240626221596362
3,128,1.95,positional,84,0.3531525630547127,0.13137919818855112,0.1313791981735066
3,128,1.95,positional,85,0.36355311358341985,0.13902962248095602,0.13902962246577147
3,128,1.95,positional,86,0.37412824972781794,0.14702459079994204,0.1470245907846185
3,128,1.95,positional,87,0.3848784802056226,0.15537497670524486,0.15537497668969277
3,128,1.95,positional,88,0.3958042864269932,0.16409183123997642,0.16409183122432835
3,128,1.95,positional,89,0.40690612436052853,0.1731863828489565,0.17318638283310905
3,128,1.95,positional,90,0.418184426572856,0.18267003756475575,0.1826700375487271
3,128,1.95,positional,91,0.42963960442236093,0.19255437948603035,0.1925543794699105
3,128,1.95,positional,92,0.4412720503871987,0.20285117156627686,0.20285117154991603
3,128,1.95,positional,93,0.45308214050761597,0.21357235672919822,0.2135723567127659
3,128,1.95,positional,94,0.4650702369227739,0.22473005932878673,0.22473005931209938
3,128,1.95,positional,95,0.4772366904826673,0.2363365869619655,0.2363365869452364
3,128,1.95,positional,96,0.48958184341636574,0.2484044326498503,0.24840443263285736
3,128,1.95,positional,97,0.5021060320386092,0.260946277389626,0.2609462773726045
3,128,1.95,positional,98,0.514809589477765,0.2739749930902476,0.2739749930729432
3,128,1.95,positional,99,0.5276928484092475,0.28750364588910093,0.28750364587179467
3,128,1.95,positional,100,0.5407561437796872,0.3015454998604272,0.30154549984278034
3,128,1.95,positional,101,0.553999815508404,0.3161140211079861,0.3161140210904204
3,128,1.95,positional,102,0.5674242111540265,0.33122288225218294,0.33122288223429275
3,128,1.95,positional,103,0.5810296885354207,0.34688596729898463,0.3468859672810057
3,128,1.95,positional,104,0.5948166182974021,0.3631173768999631,0.36311737688185297
3,128,1.95,positional,105,0.6087853864129863,0.3799314339914049,0.3799314339731984
3,128,1.95,positional,106,0.6229363966151888,0.3973426898144085,0.39734268979599013
3,128,1.95,positional,107,0.6372700727525703,0.41536593030882707,0.41536593029029095
3,128,1.95,positional,108,0.651786861063865,0.43401618287907895,0.4340161828603632
3,128,1.95,positional,109,0.6664872323680845,0.453308723524439,0.45330872350561136
3,128,1.95,positional,110,0.6813716841674795,0.47325908433153513,0.4732590843125879
3,128,1.95,positional,111,0.6964407426616379,0.4938830613224866,0.493883061303261
3,128,1.95,positional,112,0.7116949646718337,0.515196722653828,0.5151967226348613
3,128,1.95,positional,113,0.7271349394754655,0.5372164171663217,0.5372164171467944
3,128,1.95,positional,114,0.7427612905510935,0.559958783270053,0.5599587832503827
3,128,1.95,positional,115,0.7585746772351564,0.5834407581767291,0.5834407581575184
3,128,1.95,positional,116,0.7745757962919568,0.6076795874648342,0.6076795874446966
3,128,1.95,positional,117,0.790765383398926,0.6326928349689296,0.6326928349493092
3,128,1.95,positional,118,0.8071442145495519,0.6584983930154895,0.6584983929955577
3,128,1.95,positional,119,0.8237131073766397,0.6851144929679238,0.68511449294781
3,128,1.95,positional,120,0.8404729223988229,0.7125597161096613,0.7125597160897449
3,128,1.95,positional,121,0.8574245641934194,0.7408530048486796,0.7408530048281395
3,128,1.95,positional,122,0.8745689824988707,0.7700136742407813,0.7700136742206852
3,128,1.95,positional,123,0.8919071732500831,0.8000614238483612,0.8000614238277355
3,128,1.95,positional,124,0.9094401795500527,0.8310163499087305,0.8310163498884271
3,128,1.95,positional,125,0.9271690925811619,0.8628989578430015,0.8628989578221163
3,128,1.95,positional,126,0.9450950524595289,0.8957301750770367,0.8957301750565971
3,128,1.95,positional,127,0.9632192490357445,0.9295313642066939,0.9295313641850447
3,128,1.95,positional,128,0.9815429226452709,0.9643243364736085,0.9643243364541204
3,128,1.95,positional,129,0.9938253351851017,0.9879947219100935,0.9879947219083886
3,128,1.95,positional,130,1.0,1.0000000000048002,1.0
3,256,1.55,uniform,0,0.0,0.0,0.0
3,256,1.55,uniform,1,0.0013020833333333333,3.340459871293544e-05,3.37046722973148e-05
3,256,1.55,uniform,2,0.00390625,0.00018529252660019112,0.0001850239949353513
3,256,1.55,uniform,3,0.0078125,0.0005416265929670388,0.0005417819687831274
3,256,1.55,uniform,4,0.01171875,0.0010157866111154806,0.0010157012772547935
3,256,1.55,uniform,5,0.015625,0.0015864012939014573,0.0015864304616332722
3,256,1.55,uniform,6,0.01953125,0.0022419960875568316,0.0022419791038989162
3,256,1.55,uniform,7,0.0234375,0.0029741429027086014,0.00297414742276489
3,256,1.55,uniform,8,0.02734375,0.0037768562646894135,0.0037768524254622434
3,256,1.55,uniform,9,0.03125,0.004645339991001757,0.004645340292979378
3,256,1.55,uniform,10,0.03515625,0.005575759482674121,0.0055757583494912884
3,256,1.55,uniform,11,0.0390625,0.006564899353576107,0.006564899073254789
3,256,1.55,uniform,12,0.04296875,0.007610036561531917,0.007610036079116034
3,256,1.55,uniform,13,0.046875,0.008708813674039946,0.008708813398607244
3,256,1.55,uniform,14,0.05078125,0.009859167884428699,0.009859167609465555
3,256,1.55,uniform,15,0.0546875,0.011059271430308503,0.011059271223633624
3,256,1.55,uniform,16,0.05859375,0.01230749057169616,0.012307490389040353
3,256,1.55,uniform,17,0.0625,0.013602352702094733,0.013602352551501938
3,256,1.55,uniform,18,0.06640625,0.014942521372633464,0.01494252124241771
3,256,1.55,uniform,19,0.0703125,0.016326776198136002,0.01632677608707917
3,256,1.55,uniform,20,0.07421875,0.017753996813495602,0.0177539967172976
3,256,1.55,uniform,21,0.078125,0.01922314974022321,0.01922314965695806
3,256,1.55,uniform,22,0.08203125,0.020733277580024776,0.020733277507521363
3,256,1.55,uniform,23,0.0859375,0.022283490001338013,0.022283489938127836
3,256,1.55,uniform,24,0.08984375,0.023872956164872464,0.02387295610963925
3,256,1.55,uniform,25,0.09375,0.025500898299409325,0.02550089825112095
3,256,1.55,uniform,26,0.09765625,0.0271665862143223,0.027166586172110666
3,256,1.55,uniform,27,0.1015625,0.02886933257876057,0.02886933254189789
3,256,1.55,uniform,28,0.10546875,0.03060848883499432,0.030608488802877597
3,256,1.55,uniform,29,0.109375,0.03238344164009179,0.03238344161221013
3,256,1.55,uniform,30,0.11328125,0.034193609750948414,0.034193609726851676
3,256,1.55,uniform,31,0.1171875,0.036038441283830054,0.03603844126316448
3,256,1.55,uniform,32,0.12109375,0.03791741129252619,0.03791741127495022
3,256,1.55,uniform,33,0.125,0.03983001961847464,0.03983001960372694
3,256,1.55,uniform,34,0.12890625,0.04177578897519,0.041775788963015134
3,256,1.55,uniform,35,0.1328125,0.0437542632345765,0.04375426322477485
3,256,1.55,uniform,36,0.13671875,0.045765005888915994,0.0457650058812909
3,256,1.55,uniform,37,0.140625,0.047807598665587946,0.0478075986599994
3,256,1.55,uniform,38,0.14453125,0.049881640275910064,0.04988164027218637
3,256,1.55,uniform,39,0.1484375,0.0519867452812902,0.05198674527932202
3,256,1.55,uniform,40,0.15234375,0.0541225430634641,0.05412254306314273
3,256,1.55,uniform,41,0.15625,0.05628867688632865,0.056288676887548704
3,256,1.55,uniform,42,0.16015625,0.05848480303936319,0.05848480304202431
3,256,1.55,uniform,43,0.1640625,0.06071059005363094,0.060710590057666394
3,256,1.55,uniform,44,0.16796875,0.06296571798273527,0.06296571798807157
3,256,1.55,uniform,45,0.171875,0.06524987774174713,0.06524987774832247
3,256,1.55,uniform,46,0.17578125,0.06756277049843648,0.06756277050615639
3,256,1.55,uniform,47,0.1796875,0.0699041071112267,0.0699041071201211
3,256,1.55,uniform,48,0.18359375,0.07227360761020686,0.07227360762014244
3,256,1.55,uniform,49,0.1875,0.07467100071549752,0.074671000726462
3,256,1.55,uniform,50,0.19140625,0.0770960233914035,0.07709602340336555
3,256,1.55,uniform,51,0.1953125,0.07954842043160892,0.0795484204445229
3,256,1.55,uniform,52,0.19921875,0.0820279440732524,0.08202794408710909
3,256,1.55,uniform,53,0.203125,0.08453435363744764,0.08453435365218052
3,256,1.55,uniform,54,0.20703125,0.08706741519346191,0.0870674152090465
3,256,1.55,uniform,55,0.2109375,0.0896269012451613,0.08962690126160985
3,256,1.55,uniform,56,0.21484375,0.09221259043762227,0.0922125904548565
3,256,1.55,uniform,57,0.21875,0.09482426728178828,0.09482426729985438
3,256,1.55,uniform,58,0.22265625,0.09746172189700024,0.09746172191578374
3,256,1.55,uniform,59,0.2265625,0.10012474976806339,0.10012474978766148
3,256,1.55,uniform,60,0.23046875,0.10281315151825426,0.1028131515385499
3,256,1.55,uniform,61,0.234375,0.10552673269413466,0.10552673271515144
3,256,1.55,uniform,62,0.23828125,0.10826530356401903,0.10826530358579188
3,256,1.55,uniform,63,0.2421875,0.11102867892749722,0.111028678949884
3,256,1.55,uniform,64,0.24609375,0.1138166779348939,0.11381667795804339
3,256,1.55,uniform,65,0.25,0.1166291239183521,0.11662912394210093
3,256,1.55,uniform,66,0.25390625,0.11946584422985862,0.11946584425432019
3,256,1.55,uniform,67,0.2578125,0.12232667009009651,0.12232667011518718
3,256,1.55,uniform,68,0.26171875,0.12521143644347343,0.12521143646919133
3,256,1.55,uniform,69,0.265625,0.12811998182171283,0.12811998184806514
3,256,1.55,uniform,70,0.26953125,0.13105214821402655,0.131052148240992
3,256,1.55,uniform,71,0.2734375,0.13400778094375393,0.13400778097133087
3,256,1.55,uniform,72,0.27734375,0.1369867285511938,0.13698672857944183
3,256,1.55,uniform,73,0.28125,0.13998884268257508,0.13998884271122877
3,256,1.55,uniform,74,0.28515625,0.14301397798251,0.1430139780120439
3,256,1.55,uniform,75,0.2890625,0.14606199199568545,0.14606199202562664
3,256,1.55,uniform,76,0.29296875,0.14913274506725058,0.14913274509777208
3,256,1.55,uniform,77,0.296875,0.15222610025316696,0.15222610028444827
3,256,1.55,uniform,78,0.30078125,0.15534192323243914,0.15534192326410004
3,256,1.55,uniform,79,0.3046875,0.15848008222148327,0.15848008225389681
3,256,1.55,uniform,80,0.30859375,0.16164044789687207,0.1616404479296987
3,256,1.55,uniform,81,0.3125,0.16482289331597413,0.16482289334953037
3,256,1.55,uniform,82,0.31640625,0.16802729384643386,0.16802729388036708
3,256,1.55,uniform,83,0.3203125,0.17125352709326727,0.17125352712804998
3,256,1.55,uniform,84,0.32421875,0.17450147283510795,0.17450147287016085
3,256,1.55,uniform,85,0.328125,0.17777101295604653,0.17777101299169615
3,256,1.55,uniform,86,0.33203125,0.18106203138703447,0.18106203142339244
3,256,1.55,uniform,87,0.3359375,0.184374414045671,0.1843744140825635
3,256,1.55,uniform,88,0.33984375,0.18770804877903238,0.18770804881631845
3,256,1.55,uniform,89,0.34375,0.191062825309051,0.19106282534703936
3,256,1.55,uniform,90,0.34765625,0.19443863518156593,0.19443863522000332
3,256,1.55,uniform,91,0.3515625,0.19783537171403529,0.1978353717530411
3,256,1.55,uniform,92,0.35546875,0.20125292994856456,0.20125292998813213
3,256,1.55,uniform,93,0.359375,0.20469120660471224,0.2046912066448401
3,256,1.55,uniform,94,0.36328125,0.20815010003494083,0.20815010007550036
3,256,1.55,uniform,95,0.3671875,0.2116295101809625,0.2116295102220746
3,256,1.55,uniform,96,0.37109375,0.21512933853273108,0.21512933857459415
3,256,1.55,uniform,97,0.375,0.21864948808915108,0.21864948813111684
3,256,1.55,uniform,98,0.37890625,0.22218986331624943,0.22218986335912713
3,256,1.55,uniform,99,0.3828125,0.2257503701151577,0.22575037015831334
3,256,1.55,uniform,100,0.38671875,0.22933091578088444,0.22933091582465898
3,256,1.55,uniform,101,0.390625,0.23293140897162845,0.23293140901578907
3,256,1.55,uniform,102,0.39453125,0.23655175967277844,0.2365517597175154
3,256,1.55,uniform,103,0.3984375,0.2401918791660663,0.24019187921152793
3,256,1.55,uniform,104,0.40234375,0.24385167999855728,0.24385168004418176
3,256,1.55,uniform,105,0.40625,0.24753107595010845,0.2475310759963327
3,256,1.55,uniform,106,0.41015625,0.2512299820072442,0.25122998205417624
3,256,1.55,uniform,107,0.4140625,0.2549483143337654,0.25494831438104715
3,256,1.55,uniform,108,0.41796875,0.2586859902425114,0.25868599029013933
3,256,1.55,uniform,109,0.421875,0.26244292816955844,0.26244292821810783
3,256,1.55,uniform,110,0.42578125,0.2662190476511953,0.2662190476995163
3,256,1.55,uniform,111,0.4296875,0.2700142692924591,0.270014269342095
3,256,1.55,uniform,112,0.43359375,0.27382851475313297,0.2738285148027773
3,256,1.55,uniform,113,0.4375,0.27766170671423335,0.27766170676448265
3,256,1.55,uniform,114,0.44140625,0.28151376886317137,0.28151376891361635
3,256,1.55,uniform,115,0.4453125,0.2853846258669026,0.28538462591825847
3,256,1.55,uniform,116,0.44921875,0.2892742033548468,0.28927420340701415
3,256,1.55,uniform,117,0.453125,0.29318242789684457,0.29318242794849997
3,256,1.55,uniform,118,0.45703125,0.29710922697865,0.2971092270314419
3,256,1.55,uniform,119,0.4609375,0.3010545289924269,0.3010545290453618
3,256,1.55,uniform,120,0.46484375,0.30501826320775166,0.3050182632618297
3,256,1.55,uniform,121,0.46875,0.3090003597620314,0.30900035981626095
3,256,1.55,uniform,122,0.47265625,0.31300074963575975,0.31300074969023794
3,256,1.55,uniform,123,0.4765625,0.3170193646391455,0.31701936469433706
3,256,1.55,uniform,124,0.48046875,0.3210561373962577,0.3210561374514424
3,256,1.55,uniform,125,0.484375,0.3251110013237833,0.3251110013805286
3,256,1.55,uniform,126,0.48828125,0.3291838906247426,0.3291838906808962
3,256,1.55,uniform,127,0.4921875,0.3332747402592147,0.3332747403168422
3,256,1.55,uniform,128,0.49609375,0.3373834859459673,0.33738348600275236
3,256,1.55,uniform,129,0.5,0.341510064130175,0.34151006418859886
3,256,1.55,uniform,130,0.50390625,0.3456544119873893,0.3456544120458297
3,256,1.55,uniform,131,0.5078125,0.34981646739504724,0.3498164674536362
3,256,1.55,uniform,132,0.51171875,0.35399616892593105,0.35399616898558617
3,256,1.55,uniform,133,0.515625,0.3581934558369372,0.35819345589660956
3,256,1.55,uniform,134,0.51953125,0.36240826804992887,0.3624082681103247
3,256,1.55,uniform,135,0.5234375,0.36664054614573643,0.3666405462066949
3,256,1.55,uniform,136,0.52734375,0.37089023134886456,0.37089023141000227
3,256,1.55,uniform,137,0.53125,0.3751572655148717,0.37515726557713075
3,256,1.55,uniform,138,0.53515625,0.37944159112438636,0.37944159118614595
3,256,1.55,uniform,139,0.5390625,0.38374315126173497,0.3837431513251641
3,256,1.55,uniform,140,0.54296875,0.38806188961829347,0.38806188968149913
3,256,1.55,uniform,141,0.546875,0.3923977504676449,0.3923977505310798
3,256,1.55,uniform,142,0.55078125,0.39675067866287556,0.3967506787281286
3,256,1.55,uniform,143,0.5546875,0.4011206196312374,0.4011206196950932
3,256,1.55,uniform,144,0.55859375,0.4055075193469956,0.40550751941282315
3,256,1.55,uniform,145,0.5625,0.40991132434529254,0.4099113244109841
3,256,1.55,uniform,146,0.56640625,0.41433198169159585,0.41433198175870223
3,256,1.55,uniform,147,0.5703125,0.4187694389896194,0.4187694390554314
3,256,1.55,uniform,148,0.57421875,0.4232236443534235,0.4232236444220367
3,256,1.55,uniform,149,0.578125,0.42769454642524385,0.42769454649208793
3,256,1.55,uniform,150,0.58203125,0.43218209433510124,0.4321820944033559
3,256,1.55,uniform,151,0.5859375,0.43668623772021187,0.4366862377895064
3,256,1.55,uniform,152,0.58984375,0.4412069267027772,0.4412069267719854
3,256,1.55,uniform,153,0.59375,0.4457441118826277,0.44574411195209007
3,256,1.55,uniform,154,0.59765625,0.45029774433291186,0.45029774440322
3,256,1.55,uniform,155,0.6015625,0.4548677755922582,0.4548677756633037
3,256,1.55,uniform,156,0.60546875,0.45945415765635444,0.4594541577273947
3,256,1.55,uniform,157,0.609375,0.46405684296892935,0.464056843040433
3,256,1.55,uniform,158,0.61328125,0.46867578441806634,0.468675784490167
3,256,1.55,uniform,159,0.6171875,0.47331093532657786,0.4733109354002311
3,256,1.55,uniform,160,0.62109375,0.4779622494508201,0.4779622495233745
3,256,1.55,uniform,161,0.625,0.4826296809618812,0.4826296810348376
3,256,1.55,uniform,162,0.62890625,0.487313184450953,0.48731318452587113
3,256,1.55,uniform,163,0.6328125,0.49201271492291115,0.4920127149973947
3,256,1.55,uniform,164,0.63671875,0.49672822777925973,0.49672822785379045
3,256,1.55,uniform,165,0.640625,0.50145967882127,0.5014596788968282
3,256,1.55,uniform,166,0.64453125,0.5062070242427006,0.5062070243197189
3,256,1.55,uniform,167,0.6484375,0.5109702206259934,0.5109702207012923
3,256,1.55,uniform,168,0.65234375,0.5157492249243728,0.515749225000296
3,256,1.55,uniform,169,0.65625,0.5205439944712928,0.5205439945498125
3,256,1.55,uniform,170,0.66015625,0.5253544869736863,0.5253544870517914
3,256,1.55,uniform,171,0.6640625,0.5301806604960603,0.5301806605716926
3,256,1.55,uniform,172,0.66796875,0.5350224734524983,0.5350224735332385
3,256,1.55,uniform,173,0.671875,0.5398798846357186,0.5398798847132739
3,256,1.55,uniform,174,0.67578125,0.5447528531581259,0.5447528532367264
3,256,1.55,uniform,175,0.6796875,0.5496413384911357,0.54964133857167
3,256,1.55,uniform,176,0.68359375,0.5545453004448325,0.5545453005244853
3,256,1.55,uniform,177,0.6875,0.5594646991551036,0.5594646992351152
3,256,1.55,uniform,178,0.69140625,0.5643994950915413,0.5643994951724152
3,256,1.55,uniform,179,0.6953125,0.5693496490496501,0.5693496491295923
3,256,1.55,uniform,180,0.69921875,0.5743151221374151,0.5743151222197346
3,256,1.55,uniform,181,0.703125,0.5792958757913109,0.5792958758714254
3,256,1.55,uniform,182,0.70703125,0.5842918717401216,0.584291871824443
3,256,1.55,uniform,183,0.7109375,0.5893030720461272,0.5893030721255413
3,256,1.55,uniform,184,0.71484375,0.5943294390416094,0.5943294391243115
3,256,1.55,uniform,185,0.71875,0.5993709353846535,0.5993709354691211
3,256,1.55,uniform,186,0.72265625,0.6044275240214948,0.6044275241031303
3,256,1.55,uniform,187,0.7265625,0.6094991681759502,0.6094991682603811
3,256,1.55,uniform,188,0.73046875,0.6145858313785735,0.614585831461961
3,256,1.55,uniform,189,0.734375,0.6196874774284544,0.619687477512236
3,256,1.55,uniform,190,0.73828125,0.6248040704102914,0.6248040704951536
3,256,1.55,uniform,191,0.7421875,0.6299355746856252,0.6299355747706136
3,256,1.55,uniform,192,0.74609375,0.6350819548852094,0.6350819549709039
3,256,1.55,uniform,193,0.75,0.6402431759117454,0.6402431759972019
3,256,1.55,uniform,194,0.75390625,0.645419202930422,0.6454192030161383
3,256,1.55,uniform,195,0.7578125,0.6506100013684213,0.6506100014564221
3,256,1.55,uniform,196,0.76171875,0.6558155369218891,0.6558155370055267
3,256,1.55,uniform,197,0.765625,0.6610357755152901,0.6610357756064335
3,256,1.55,uniform,198,0.76953125,0.6662706833710484,0.666270683454434
3,256,1.55,uniform,199,0.7734375,0.6715202269022289,0.671520226993987
3,256,1.55,uniform,200,0.77734375,0.6767843728304446,0.6767843729156318
3,256,1.55,uniform,201,0.78125,0.6820630880632361,0.6820630881529534
3,256,1.55,uniform,202,0.78515625,0.6873563397904923,0.6873563398796019
3,256,1.55,uniform,203,0.7890625,0.6926640954177424,0.6926640955063619
3,256,1.55,uniform,204,0.79296875,0.697986322587162,0.6979863226782722
3,256,1.55,uniform,205,0.796875,0.7033229891847478,0.703322989271795
3,256,1.55,uniform,206,0.80078125,0.7086740632992938,0.7086740633920328
3,256,1.55,uniform,207,0.8046875,0.714039513281451,0.7140395133699917
3,256,1.55,uniform,208,0.80859375,0.7194193076666199,0.7194193077598916
3,256,1.55,uniform,209,0.8125,0.7248134152460916,0.7248134153365206
3,256,1.55,uniform,210,0.81640625,0.7302218050016174,0.7302218050926329
3,256,1.55,uniform,211,0.8203125,0.7356444461402286,0.7356444462363912
3,256,1.55,uniform,212,0.82421875,0.741081308100455,0.7410813081888499
3,256,1.55,uniform,213,0.828125,0.7465323604861988,0.7465323605814791
3,256,1.55,uniform,214,0.83203125,0.7519975731639036,0.7519975732537311
3,256,1.55,uniform,215,0.8359375,0.7574769161530299,0.7574769162506438
3,256,1.55,uniform,216,0.83984375,0.7629703597292931,0.7629703598204851
3,256,1.55,uniform,217,0.84375,0.7684778743177669,0.7684778744124325
3,256,1.55,uniform,218,0.84765625,0.7739994305812902,0.7739994306742929
3,256,1.55,uniform,219,0.8515625,0.7795349993549816,0.779534999450256
3,256,1.55,uniform,220,0.85546875,0.7850845516854134,0.785084551778685
3,256,1.55,uniform,221,0.859375,0.7906480587924062,0.7906480588899415
3,256,1.55,uniform,222,0.86328125,0.7962254921133959,0.7962254922042443
3,256,1.55,uniform,223,0.8671875,0.8018168232324651,0.8018168233295625
3,256,1.55,uniform,224,0.87109375,0.8074220239671399,0.8074220240595404
3,256,1.55,uniform,225,0.875,0.8130410662733554,0.8130410663714555
3,256,1.55,uniform,226,0.87890625,0.8186739223298237,0.8186739224242069
3,256,1.55,uniform,227,0.8828125,0.8243205644609138,0.824320564556336
3,256,1.55,uniform,228,0.88671875,0.8299809651885375,0.8299809652840756
3,256,1.55,uniform,229,0.890625,0.8356550972071846,0.835655097299431
3,256,1.55,uniform,230,0.89453125,0.8413429333674693,0.8413429334682876
3,256,1.55,uniform,231,0.8984375,0.8470444467355024,0.8470444468285495
3,256,1.55,uniform,232,0.90234375,0.8527596104922436,0.8527596105883042
3,256,1.55,uniform,233,0.90625,0.8584883980275674,0.8584883981240155
3,256,1.55,uniform,234,0.91015625,0.8642307828843293,0.8642307829787436
3,256,1.55,uniform,235,0.9140625,0.8699867387638947,0.8699867388603908
3,256,1.55,uniform,236,0.91796875,0.8757562395426779,0.8757562396399741
3,256,1.55,uniform,237,0.921875,0.8815392592566175,0.881539259349922
3,256,1.55,uniform,238,0.92578125,0.8873357720847798,0.8873357721823973
3,256,1.55,uniform,239,0.9296875,0.8931457523915063,0.8931457524876438
3,256,1.55,uniform,240,0.93359375,0.8989691746736193,0.8989691747723569
3,256,1.55,uniform,241,0.9375,0.9048060136047518,0.9048060136980782
3,256,1.55,uniform,242,0.94140625,0.9106562439810804,0.9106562440796127
3,256,1.55,uniform,243,0.9453125,0.9165198407894644,0.916519840883469
3,256,1.55,uniform,244,0.94921875,0.9223967791244116,0.9223967792263221
3,256,1.55,uniform,245,0.953125,0.9282870342829692,0.928287034373497
3,256,1.55,uniform,246,0.95703125,0.9341905816379863,0.9341905817374746
3,256,1.55,uniform,247,0.9609375,0.9401073967805385,0.9401073968764188
3,256,1.55,uniform,248,0.96484375,0.9460374553965505,0.9460374554927236
3,256,1.55,uniform,249,0.96875,0.9519807333357639,0.951980733431581
3,256,1.55,uniform,250,0.97265625,0.9579372065820972,0.9579372066795686
3,256,1.55,uniform,251,0.9765625,0.9639068512687745,0.9639068513632572
3,256,1.55,uniform,252,0.98046875,0.9698896436519306,0.9698896437478369
3,256,1.55,uniform,253,0.984375,0.9758855601396678,0.9758855602357629
3,256,1.55,uniform,254,0.98828125,0.9818945772697815,0.9818945773654194
3,256,1.55,uniform,255,0.9921875,0.9879166717163537,0.9879166718098017
3,256,1.55,uniform,256,0.99609375,0.9939518202739226,0.9939518203752166
3,256,1.55,uniform,257,0.9986979166666666,0.9979824935581734,0.9979824936477513
3,256,1.55,uniform,258,1.0,0.999999999904486,1.0
3,256,1.55,positional,0,0.0,0.0,0.0
3,256,1.55,positional,1,1.8467603923822231e-07,3.6228762087566235e-11,3.6554121836587394e-11
3,256,1.55,positional,2,5.54098190565097e-07,2.0099687608670113e-10,2.0070557429310707e-10
3,256,1.55,positional,3,1.1084188529289398e-06,5.877148294593881e-10,5.878832023651073e-10
3,256,1.55,positional,4,1.663273981300789e-06,1.1028853002462437e-09,1.102792694678836e-09
3,256,1.55,positional,5,2.219243394601467e-06,1.7242876158981143e-09,1.7243191469624503e-09
3,256,1.55,positional,6,2.777596526802753e-06,2.441689829480924e-09,2.441671301436583e-09
3,256,1.55,positional,7,3.341310614676005e-06,3.251400634235517e-09,3.2514053654660066e-09
3,256,1.55,positional,8,3.917552076999356e-06,4.160766731732798e-09,4.160762307209146e-09
3,256,1.55,positional,9,4.522896761438042e-06,5.198713130382037e-09,5.198713041016082e-09
3,256,1.55,positional,10,5.192079577389648e-06,6.438418664195492e-09,6.438416641235516e-09
3,256,1.55,positional,11,5.989320972326358e-06,8.034065250750224e-09,8.034063522458852e-09
3,256,1.55,positional,12,7.019330738745501e-06,1.0274448033150074e-08,1.0274444356113735e-08
3,256,1.55,positional,13,8.433872829558084e-06,1.3656587493335947e-08,1.3656579106023282e-08
3,256,1.55,positional,14,1.0430229044443844e-05,1.8982612714411782e-08,1.8982589689425375e-08
3,256,1.55,positional,15,1.3240687843693967e-05,2.7476553346008676e-08,2.747649601373649e-08
3,256,1.55,positional,16,1.7116367373148815e-05,4.09062096974252e-08,4.090609088198326e-08
3,256,1.55,positional,17,2.2311357381470256e-05,6.169027864054299e-08,6.169007365505252e-08
3,256,1.55,positional,18,2.907201833759026e-05,9.297966192313391e-08,9.297935626335084e-08
3,256,1.55,positional,19,3.763277454546693e-05,1.387167651364968e-07,1.3871635546000062e-07
3,256,1.55,positional,20,4.8216942352234325e-05,2.0368571377727317e-07,2.036852042695074e-07
3,256,1.55,positional,21,6.10402644148558e-05,2.9356638162569927e-07,2.9356577983021647e-07
3,256,1.55,positional,22,7.631525154488574e-05,4.150001895734446e-07,4.149995034519134e-07
3,256,1.55,positional,23,9.425522189673624e-05,5.756705034000891e-07,5.756697398136537e-07
3,256,1.55,positional,24,0.00011507756726878943,7.843971461934136e-07,7.84396310348302e-07
3,256,1.55,positional,25,0.00013900615692303422,1.0512430328289327e-06,1.0512421282512773e-06
3,256,1.55,positional,26,0.00016627296726401896,1.3876305640595004e-06,1.3876295928003026e-06
3,256,1.55,positional,27,0.00019711908421962384,1.8064655849466574e-06,1.8064645478579072e-06
3,256,1.55,positional,28,0.000231795225825793,2.3222670533448695e-06,2.322265950349974e-06
3,256,1.55,positional,29,0.0002705619109319763,2.9513009078168392e-06,2.9512997381468142e-06
3,256,1.55,positional,30,0.00031368937358842243,3.711716911085114e-06,3.711715673473011e-06
3,256,1.55,positional,31,0.0003614572987818935,4.623687467605684e-06,4.623686160441984e-06
3,256,1.55,positional,32,0.0004141544359328381,5.709547584206115e-06,5.7095462056614835e-06
3,256,1.55,positional,33,0.0004720781319536561,6.99393527701094e-06,6.993933825130724e-06
3,256,1.55,positional,34,0.0005355338149277976,8.503931839986075e-06,8.503930312765071e-06
3,256,1.55,positional,35,0.0006048344516979196,1.0269201490526024e-05,1.0269199885963595e-05
3,256,1.55,positional,36,0.0006802999970445468,1.2322130001982022e-05,1.2322128318126978e-05
3,256,1.55,positional,37,0.0007622568480578859,1.4697962025418754e-05,1.4697960260399188e-05
3,256,1.55,positional,38,0.0008510373142800822,1.743493689434027e-05,1.743493504638879e-05
3,256,1.55,positional,39,0.0009469791118832711,2.0574422796456025e-05,2.057442086392425e-05
3,256,1.55,positional,40,0.0010504248883140453,2.416104928435035e-05,2.4161047265719934e-05
3,256,1.55,positional,41,0.0011617217823181576,2.8242838180435776e-05,2.824283607432399e-05
3,256,1.55,positional,42,0.0012812210229566322,3.287133300865036e-05,3.287133081381043e-05
3,256,1.55,positional,43,0.001409277570071522,3.81017271540071e-05,3.810172486932559e-05
3,256,1.55,positional,44,0.0015462497976190214,4.399299100949002e-05,4.39929886339854e-05
3,256,1.55,positional,45,0.0016924992203405456,5.060799841648139e-05,5.0607995949291014e-05
3,256,1.55,positional,46,0.0018483902633814342,5.801365273879418e-05,5.801365017917472e-05
3,256,1.55,positional,47,0.0020142900736918935,6.628101293118256e-05,6.62810102784877e-05
3,256,1.55,positional,48,0.002190568371358979,7.548541997048864e-05,7.54854172241734e-05
3,256,1.55,positional,49,0.0023775973384263607,8.570662401239129e-05,8.57066211719875e-05
3,256,1.55,positional,50,0.0025757515422643903,9.70289126191909e-05,9.702890968430416e-05
3,256,1.55,positional,51,0.0027854078901592403,0.00010954124037623286,0.00010954123734652964
3,256,1.55,positional,52,0.003006945611497213,0.00012333736017726163,0.0001233373570524537
3,256,1.55,positional,53,0.0032407462637270615,0.0001385159564143878,0.0001385159531942345
3,256,1.55,positional,54,0.003487193758185439,0.00015518078025820957,0.00015518077694248663
3,256,1.55,positional,55,0.003746674401862538,0.00017344078715950792,0.0001734407837480261
3,256,1.55,positional,56,0.004019576951258895,0.00019341027664852278,0.0001934102731410857
3,256,1.55,positional,57,0.004306292674631352,0.0002152090344515975,0.0002152090308480441
3,256,1.55,positional,58,0.004607215419136293,0.00023896247689143363,0.00023896247319155883
3,256,1.55,positional,59,0.004922741679641105,0.00026480179748528354,0.00026480179368893136
3,256,1.55,positional,60,0.0052532706662796885,0.00029286411560990174,0.00029286411171683966
3,256,1.55,positional,61,0.005599204368164182,0.00032329262705923926,0.0003232926230692946
3,256,1.55,positional,62,0.00596094761102279,0.0003562367562877107,0.0003562367522006398
3,256,1.55,positional,63,0.0063389081069031685,0.000391852310101673,0.00039185230591721126
3,256,1.55,positional,64,0.0067334964944534,0.0004303016325423474,0.00043030162826026994
3,256,1.55,positional,65,0.0071451263686604415,0.00047175376068920205,0.0004717537563091872
3,256,1.55,positional,66,0.0075742142992820645,0.0005163845811057608,0.0005163845766275613
3,256,1.55,positional,67,0.008021179837546787,0.0005643769866525693,0.0005643769820757555
3,256,1.55,positional,68,0.008486445511012422,0.0006159210333965618,0.0006159210287209425
3,256,1.55,positional,69,0.008970436806763472,0.0006712140973644886,0.0006712140925895886
3,256,1.55,positional,70,0.009473582143387936,0.0007304610309013623,0.0007304610260268508
3,256,1.55,positional,71,0.009996312832403008,0.0007938743184263242,0.00079387431345189
3,256,1.55,positional,72,0.010539063029995327,0.0008616742314017564,0.000861674226326887
3,256,1.55,positional,73,0.011102269680104545,0.0009340889823654451,0.0009340889771898067
3,256,1.55,positional,74,0.011686372450009037,0.0010113548779126086,0.0010113548726358873
3,256,1.55,positional,75,0.012291813659670263,0.0010937164705480164,0.00109371646516961
3,256,1.55,positional,76,0.012919038206159262,0.0011814267093671054,0.001181426703886791
3,256,1.55,positional,77,0.01356849348452604,0.001274747089567319,0.0012747470839845965
3,256,1.55,positional,78,0.014240629306482884,0.0013739478008204904,0.0013739477951350703
3,256,1.55,positional,79,0.014935897818257639,0.0014793078745831184,0.0014793078687944392
3,256,1.55,positional,80,0.015654753418935616,0.0015911153304476908,0.001591115324555481
3,256,1.55,positional,81,0.01639765268055139,0.0017096673216791122,0.0017096673156830147
3,256,1.55,positional,82,0.017165054271117048,0.0018352702801032194,0.001835270274002634
3,256,1.55,positional,83,0.0179574188816843,0.0019682400605447476,0.001968240054339794
3,256,1.55,positional,84,0.018775209158436723,0.002108902085040181,0.0021089020787298956
3,256,1.55,positional,85,0.019618889640697846,0.00225759148705549,0.0022575914806398727
3,256,1.55,positional,86,0.0204889267056237,0.002414653255979111,0.002414653249457818
3,256,1.55,positional,87,0.021385788520226327,0.0025804423821464808,0.0025804423755191827
3,256,1.55,positional,88,0.022309945001250827,0.0027553240026800623,0.0027553239959461568
3,256,1.55,positional,89,0.02326186778330362,0.0029396735484211877,0.002939673541580792
3,256,1.55,positional,90,0.02424203019550659,0.0031338768922399723,0.003133876885292555
3,256,1.55,positional,91,0.025250907246831305,0.0033383304989920114,0.0033383304919372045
3,256,1.55,positional,92,0.02628897562015158,0.0035534415773984685,0.00355344157023649
3,256,1.55,positional,93,0.027356713674942055,0.003779628234107379,0.0037796282268372193
3,256,1.55,positional,94,0.02845460145844622,0.004017319630172197,0.004017319622794072
3,256,1.55,positional,95,0.02958312072504049,0.004266956140189967,0.0042669561327033576
3,256,1.55,positional,96,0.03074275496343139,0.0045289895142898344,0.00452898950669487
3,256,1.55,positional,97,0.03193398943124206,0.0048038830431713,0.004803883035466575
3,256,1.55,positional,98,0.03315731119647123,0.005092111726334521,0.005092111718522108
3,256,1.55,positional,99,0.03441320918524396,0.005394162443668413,0.005394162435744462
3,256,1.55,positional,100,0.03570217423521746,0.005710534130442939,0.005710534122410904
3,256,1.55,positional,101,0.037024699153958215,0.006041737955867854,0.006041737947724478
3,256,1.55,positional,102,0.03838127878156751,0.006388297505159103,0.0063882974969066385
3,256,1.55,positional,103,0.03977241005680158,0.006750748965228049,0.006750748956863933
3,256,1.55,positional,104,0.04119859208590889,0.007129641313884614,0.007129641305409343
3,256,1.55,positional,105,0.042660326213391386,0.007525536512572301,0.007525536503986364
3,256,1.55,positional,106,0.04415811609388696,0.007939009702510125,0.007939009693811139
3,256,1.55,positional,107,0.04569246776436797,0.008370649404124124,0.008370649395315387
3,256,1.55,positional,108,0.04726388971585379,0.00882105771966451,0.008821057710740552
3,256,1.55,positional,109,0.04887289296384464,0.009290850538736739,0.009290850529701916
3,256,1.55,positional,110,0.0505199911166978,0.009780657746659413,0.009780657737510261
3,256,1.55,positional,111,0.05220570044118672,0.010291123435271096,0.010291123426008665
3,256,1.55,positional,112,0.05393053992450673,0.010822906116028904,0.010822906106652864
3,256,1.55,positional,113,0.05569503133201831,0.011376678935028065,0.01137667892553576
3,256,1.55,positional,114,0.05749969926005052,0.011953129889634944,0.01195312988003038
3,256,1.55,positional,115,0.05934507118312082,0.012552962046422598,0.012552962036700479
3,256,1.55,positional,116,0.061231677494965386,0.013176893759943104,0.01317689375010497
3,256,1.55,positional,117,0.06316005154281353,0.013825658892054447,0.013825658882100834
3,256,1.55,positional,118,0.0651307296543826,0.01450000703130193,0.014500007021229807
3,256,1.55,positional,119,0.06714425115711332,0.015200703711943188,0.015200703701756534
3,256,1.55,positional,120,0.06920115838921248,0.015928530632220092,0.015928530621910974
3,256,1.55,positional,121,0.07130199670211682,0.016684285871300154,0.016684285860874448
3,256,1.55,positional,122,0.07344731445404108,0.01746878410458334,0.017468784094038327
3,256,1.55,positional,123,0.07563766299432308,0.018282856816721062,0.018282856806055965
3,256,1.55,positional,124,0.07787359663832927,0.01912735251199122,0.019127352501202906
3,256,1.55,positional,125,0.08015567263273542,0.020003136921462935,0.020003136910556864
3,256,1.55,positional,126,0.08248445111104862,0.0209110932065396,0.02091109319550871
3,256,1.55,positional,127,0.0848604950392885,0.021852122158267033,0.0218521221471174
3,256,1.55,positional,128,0.08728437015179648,0.022827142392104583,0.022827142380826396
3,256,1.55,positional,129,0.08975664487719377,0.02383709053746577,0.023837090526066487
3,256,1.55,positional,130,0.09227789025455851,0.024882921421803882,0.024882921410279625
3,256,1.55,positional,131,0.09484867983994254,0.025965608248557377,0.02596560823691076
3,256,1.55,positional,132,0.09746958960339658,0.027086142768710384,0.027086142756929645
3,256,1.55,positional,133,0.10014119781672047,0.028245535445364296,0.028245535433462064
3,256,1.55,positional,134,0.10286408493219978,0.029444815611158654,0.029444815599129308
3,256,1.55,positional,135,0.10563883345263565,0.030685031617878607,0.030685031605717363
3,256,1.55,positional,136,0.10846602779301594,0.031967250978109304,0.03196725096582105
3,256,1.55,positional,137,0.11134625413421582,0.03329256049855523,0.033292560486134735
3,256,1.55,positional,138,0.1142801002691547,0.03466206640463758,0.034662066392089595
3,256,1.55,positional,139,0.11726815544187012,0.036076894456237726,0.036076894443567084
3,256,1.55,positional,140,0.12031101018000372,0.03753819005427303,0.037538190041450065
3,256,1.55,positional,141,0.12340925612122233,0.039047118337730696,0.03904711832480564
3,256,1.55,positional,142,0.12656348583412583,0.04060486427161007,0.040604864258528155
3,256,1.55,positional,143,0.12977429263421594,0.04221263272451187,0.0422126327113058
3,256,1.55,positional,144,0.1330422703955219,0.04387164853714712,0.04387164852381029
3,256,1.55,positional,145,0.13636801335849535,0.045583156580511874,0.04558315656704555
3,256,1.55,positional,146,0.13975211593480186,0.047348421804433986,0.04734842179082837
3,256,1.55,positional,147,0.14319517250964647,0.049168729276143616,0.04916872926241089
3,256,1.55,positional,148,0.14669777724227906,0.05104538420916839,0.05104538419529216
3,256,1.55,positional,149,0.15026052386532826,0.052979711982299185,0.052979711968302395
3,256,1.55,positional,150,0.15388400548361414,0.05497305814921482,0.05497305813507989
3,256,1.55,positional,151,0.1575688143730878,0.05702678843836304,0.05702678842409675
3,256,1.55,positional,152,0.16131554178053867,0.05914228874382734,0.059142288729423106
3,256,1.55,positional,153,0.1651247777247036,0.061320965106981484,0.061320965092454625
3,256,1.55,positional,154,0.16899711079939805,0.063564243689546,0.063564243674859
3,256,1.55,positional,155,0.17293312797927643,0.0658735707378171,0.06587357072302936
3,256,1.55,positional,156,0.17693341442881025,0.06825041253930757,0.06825041252436104
3,256,1.55,positional,157,0.18099855331505307,0.07069625537076259,0.07069625535569596
3,256,1.55,positional,158,0.18512912562473924,0.07321260543952461,0.07321260542430533
3,256,1.55,positional,159,0.1893257099862378,0.07580098881715472,0.0758009888018039
3,256,1.55,positional,160,0.19358888249685755,0.07846295136688083,0.07846295135141222
3,256,1.55,positional,161,0.19791921655596964,0.08120005866464293,0.08120005864900165
3,256,1.55,positional,162,0.20231728270438545,0.08401389591412746,0.08401389589837543
3,256,1.55,positional,163,0.20678364847039452,0.08690606785717755,0.08690606784125315
3,256,1.55,positional,164,0.2113188782228365,0.08987819867843867,0.08987819866243976
3,256,1.55,positional,165,0.21592353303154632,0.09293193190688093,0.09293193189067005
3,256,1.55,positional,166,0.22059817053547834,0.09606893031192695,0.0960689302956283
3,256,1.55,positional,167,0.22534334481878085,0.09929087579811102,0.09929087578164852
3,256,1.55,positional,168,0.2301596062950563,0.10259946929518544,0.10259946927860406
3,256,1.55,positional,169,0.2350475016000092,0.10599643064724254,0.10599643063049734
3,256,1.55,positional,170,0.24000757349264776,0.10948349849912528,0.10948349848225973
3,256,1.55,positional,171,0.2450403607651708,0.11306243018227749,0.11306243016526785
3,256,1.55,positional,172,0.2501463981616386,0.11673500159923095,0.11673500158207935
3,256,1.55,positional,173,0.2553262163054913,0.12050300710816572,0.12050300709088284
3,256,1.55,positional,174,0.2605803416359474,0.12436825940759821,0.12436825939014891
3,256,1.55,positional,175,0.265909296353283,0.12833258942146733,0.12833258940395934
3,256,1.55,positional,176,0.27131359837296054,0.13239784618624423,0.13239784616847766
3,256,1.55,positional,177,0.2767937612885502,0.13656589673776745,0.13656589672001399
3,256,1.55,positional,178,0.2823502943433535,0.14083862600312183,0.14083862598511834
3,256,1.55,positional,179,0.2879837024106185,0.14521793669124952,0.1452179366731245
3,256,1.55,positional,180,0.29369448598220554,0.1497057491897718,0.14970574917154572
3,256,1.55,positional,181,0.2994831411655429,0.1543040014631013,0.1543040014447086
3,256,1.55,positional,182,0.30535015968868673,0.15901464895445655,0.15901464893598896
3,256,1.55,positional,183,0.31129602891328173,0.163839664492697,0.1638396644739972
3,256,1.55,positional,184,0.3173212318551991,0.16878103820176657,0.16878103818303686
3,256,1.55,positional,185,0.32342624721261193,0.1738407774171734,0.17384077739814188
3,256,1.55,positional,186,0.3296115494012517,0.1790209066039347,0.17902090658497413
3,256,1.55,positional,187,0.33587760859657817,0.18432346728407076,0.1843234672648434
3,256,1.55,positional,188,0.3422248907825805,0.1897505179644371,0.18975051794508832
3,256,1.55,positional,189,0.3486538578069185,0.19530413407449448,0.19530413405503574
3,256,1.55,positional,190,0.3551649674421034,0.20098640790729255,0.20098640788773378
3,256,1.55,positional,191,0.36175867345241147,0.20679944856738397,0.20679944854763235
3,256,1.55,positional,192,0.3684354256662152,0.21274538192417242,0.21274538190436262
3,256,1.55,positional,193,0.37519567005341586,0.21882635057280436,0.2188263505527462
3,256,1.55,positional,194,0.38203984880765657,0.22504451379924997,0.22504451377914417
3,256,1.55,positional,195,0.38896840043299113,0.2314020475545125,0.2314020475342336
3,256,1.55,positional,196,0.3959817598346891,0.23790114443260593,0.23790114441228302
3,256,1.55,positional,197,0.4030803584138509,0.24454401365749998,0.24454401363697323
3,256,1.55,positional,198,0.41026462416551573,0.2513328810744559,0.2513328810537969
3,256,1.55,positional,199,0.41753498177994236,0.25826998914977234,0.25826998912904825
3,256,1.55,positional,200,0.42489185274674907,0.26535759697621053,0.2653575969553959
3,256,1.55,positional,201,0.4323356554616045,0.2725979802851487,0.27259798026402
3,256,1.55,positional,202,0.43986680533516503,0.2799934314643648,0.279993431443273
3,256,1.55,positional,203,0.4474857149039586,0.2875462595848924,0.28754625956380964
3,256,1.55,positional,204,0.4551927939429286,0.2952587904316696,0.2952587904101205
3,256,1.55,positional,205,0.46298844957934965,0.3031333665397238,0.3031333665183835
3,256,1.55,positional,206,0.4708730864078429,0.3111723472423161,0.31117234722054105
3,256,1.55,positional,207,0.4788471066062221,0.31937810871599565,0.319378108694492
3,256,1.55,positional,208,0.48691091005191184,0.3277530440423024,0.3277530440202815
3,256,1.55,positional,209,0.49506489443868995,0.33629956326398597,0.3362995632421571
3,256,1.55,positional,210,0.5033094553935128,0.3450200934585825,0.34502009343635237
3,256,1.55,positional,211,0.511644986593193,0.35391707880637713,0.3539170787844464
3,256,1.55,positional,212,0.5200718798807116,0.36299298067462804,0.36299298065214497
3,256,1.55,positional,213,0.5285905253809489,0.37225027769575203,0.3722502776733133
3,256,1.55,positional,214,0.537201311615639,0.3816914658615242,0.3816914658390917
3,256,1.55,positional,215,0.5459046256173526,0.39131905861472155,0.39131905859191185
3,256,1.55,positional,216,0.5547008530423305,0.4011355869467816,0.40113558692423174
3,256,1.55,positional,217,0.5635903782819941,0.41114359950485574,0.4111435994817966
3,256,1.55,positional,218,0.5725735845729737,0.42134566269416535,0.421345662671233
3,256,1.55,positional,219,0.5816508541055034,0.43174436079474887,0.4317443607717786
3,256,1.55,positional,220,0.5908225681300395,0.44234229607417375,0.44234229605094366
3,256,1.55,positional,221,0.6000891070619699,0.4531420889070937,0.453142088883902
3,256,1.55,positional,222,0.6094508505842942,0.4641463778999074,0.46414637787640484
3,256,1.55,positional,223,0.6189081777481552,0.47535782001428495,0.47535781999100674
3,256,1.55,positional,224,0.6284614670711235,0.48677909069986014,0.4867790906763985
3,256,1.55,positional,225,0.6381110966331306,0.49841288402305534,0.4984128839996315
3,256,1.55,positional,226,0.6478574441699686,0.5102619128047567,0.5102619127810264
3,256,1.55,positional,227,0.6577008871642724,0.5223289087550553,0.5223289087315537
3,256,1.55,positional,228,0.6676418029339137,0.5346166226162765,0.5346166225924753
3,256,1.55,positional,229,0.6776805687177392,0.547127824300659,0.5471278242770375
3,256,1.55,positional,230,0.6878175617585988,0.5598653030380543,0.5598653030140063
3,256,1.55,positional,231,0.6980531593836101,0.5728318675165984,0.5728318674928373
3,256,1.55,positional,232,0.7083877390816151,0.586030346034645,0.5860303460102728
3,256,1.55,positional,233,0.7188216785777929,0.5994635866417626,0.5994635866181637
3,256,1.55,positional,234,0.7293553559053952,0.6131344572966595,0.6131344572723111
3,256,1.55,positional,235,0.7399891494745784,0.6270458460063018,0.6270458459821284
3,256,1.55,positional,236,0.7507234381383133,0.6412006609850754,0.6412006609609266
3,256,1.55,positional,237,0.761558601255356,0.6556018308011674,0.6556018307766254
3,256,1.55,positional,238,0.7724950187502698,0.6702523045266676,0.670252304502699
3,256,1.55,positional,239,0.7835330711704933,0.685155051893882,0.6851550518691656
3,256,1.55,positional,240,0.7946731397404528,0.700313063437721,0.7003130634134335
3,256,1.55,positional,241,0.805915606412723,0.7157293506553956,0.7157293506308209
3,256,1.55,positional,242,0.8172608539162426,0.7314069461493402,0.7314069461245678
3,256,1.55,positional,243,0.8287092658015943,0.7473489037798098,0.7473489037551597
3,256,1.55,positional,244,0.8402612264833677,0.7635582988133607,0.7635582987887969
3,256,1.55,positional,245,0.8519171212796168,0.7800382280698189,0.7800382280448275
3,256,1.55,positional,246,0.8636773364484375,0.7967918100665292,0.796791810041985
3,256,1.55,positional,247,0.8755422592216849,0.8138221851683649,0.8138221851432625
3,256,1.55,positional,248,0.8875122778358607,0.8311325157237799,0.8311325156992648
3,256,1.55,positional,249,0.8995877815601938,0.8487259862148613,0.8487259861898787
3,256,1.55,positional,250,0.9117691607219487,0.866605803388748,0.8666058033641102
3,256,1.55,positional,251,0.9240568067289942,0.8847751964030248,0.8847751963779383
3,256,1.55,positional,252,0.9364511120896646,0.9032374169546256,0.9032374169300383
3,256,1.55,positional,253,0.9489524704299525,0.9219957394203511,0.9219957393952298
3,256,1.55,positional,254,0.9615612765080694,0.9410534609798048,0.9410534609555141
3,256,1.55,positional,255,0.9742779262264148,0.9604139017548112,0.960413901728561
3,256,1.55,positional,256,0.9871028166409932,0.9800804049162363,0.9800804048935139
3,256,1.55,positional,257,0.9956888679332018,0.9933256726488695,0.9933256726502442
3,256,1.55,positional,258,1.0,1.0000000000028921,1.0
3,256,1.65,uniform,0,0.0,0.0,0.0
3,256,1.65,uniform,1,0.0013020833333333333,1.7215050297058087e-05,1.7344188582569288e-05
3,256,1.65,uniform,2,0.00390625,0.00010639564255114849,0.00010626837930860896
3,256,1.65,uniform,3,0.0078125,0.00033343788611394525,0.00033350592205917874
3,256,1.65,uniform,4,0.01171875,0.0006511492902790845,0.0006511096432742718
3,256,1.65,uniform,5,0.015625,0.0010466412625330201,0.0010466537720080992
3,256,1.65,uniform,6,0.01953125,0.0015125400695212966,0.0015125319748666775
3,256,1.65,uniform,7,0.0234375,0.0020433993435763458,0.002043401088400879
3,256,1.65,uniform,8,0.02734375,0.0026352155491723064,0.0026352136005418033
3,256,1.65,uniform,9,0.03125,0.00328475164835543,0.0032847516220848236
3,256,1.65,uniform,10,0.03515625,0.00398936953885886,0.003989368900918254
3,256,1.65,uniform,11,0.0390625,0.004746834367094247,0.004746834140163052
3,256,1.65,uniform,12,0.04296875,0.005555229573078742,0.005555229274116426
3,256,1.65,uniform,13,0.046875,0.006412880189246596,0.006412879998336968
3,256,1.65,uniform,14,0.05078125,0.007318306581662052,0.007318306402332074
3,256,1.65,uniform,15,0.0546875,0.008270186881658054,0.008270186742185357
3,256,1.65,uniform,16,0.05859375,0.00926733026228024,0.009267330140948054
3,256,1.65,uniform,17,0.0625,0.010308655653779962,0.01030865555291324
3,256,1.65,uniform,18,0.06640625,0.01139317533022761,0.011393175243547845
3,256,1.65,uniform,19,0.0703125,0.012519981675043665,0.012519981601217202
3,256,1.65,uniform,20,0.07421875,0.013688236520650085,0.013688236457117474
3,256,1.65,uniform,21,0.078125,0.014897162381506972,0.014897162326901307
3,256,1.65,uniform,22,0.08203125,0.016146035194704273,0.016146035147646995
3,256,1.65,uniform,23,0.0859375,0.017434178235072272,0.01743417819456903
3,256,1.65,uniform,24,0.08984375,0.018760956974848742,0.018760956940036395
3,256,1.65,uniform,25,0.09375,0.02012577470347469,0.020125774673661303
3,256,1.65,uniform,26,0.09765625,0.021528068768692003,0.021528068743293216
3,256,1.65,uniform,27,0.1015625,0.02296730732868885,0.022967307307222903
3,256,1.65,uniform,28,0.10546875,0.024442986528761392,0.024442986510813662
3,256,1.65,uniform,29,0.109375,0.025954628032992824,0.02595462801822066
3,256,1.65,uniform,30,0.11328125,0.027501776855191593,0.02750177684329109
3,256,1.65,uniform,31,0.1171875,0.029083999443464112,0.029083999434188386
3,256,1.65,uniform,32,0.12109375,0.030700881981376243,0.030700881974493506
3,256,1.65,uniform,33,0.125,0.03235202887470863,0.032352028870043056
3,256,1.65,uniform,34,0.12890625,0.034037061398592666,0.034037061395964234
3,256,1.65,uniform,35,0.1328125,0.035755616483286984,0.03575561648255432
3,256,1.65,uniform,36,0.13671875,0.037507345621012114,0.037507345622049236
3,256,1.65,uniform,37,0.140625,0.03929191387840654,0.039291913881099656
3,256,1.65,uniform,38,0.14453125,0.0411089990017983,0.041108999006052464
3,256,1.65,uniform,39,0.1484375,0.04295829060430677,0.04295829061001971
3,256,1.65,uniform,40,0.15234375,0.044839489425180054,0.044839489432283414
3,256,1.65,uniform,41,0.15625,0.04675230665346919,0.046752306661893284
3,256,1.65,uniform,42,0.16015625,0.04869646330873194,0.0486964633184137
3,256,1.65,uniform,43,0.1640625,0.050671689672827924,0.05067168968370339
3,256,1.65,uniform,44,0.16796875,0.05267772476738391,0.05267772477939725
3,256,1.65,uniform,45,0.171875,0.054714315872302986,0.05471431588542857
3,256,1.65,uniform,46,0.17578125,0.05678121808130813,0.05678121809550141
3,256,1.65,uniform,47,0.1796875,0.05887819389071929,0.05887819390591296
3,256,1.65,uniform,48,0.18359375,0.061005012818362576,0.06100501283454793
3,256,1.65,uniform,49,0.1875,0.06316145105007569,0.0631614510672313
3,256,1.65,uniform,50,0.19140625,0.06534729111086703,0.0653472911289419
3,256,1.65,uniform,51,0.1953125,0.0675623215586961,0.06756232157766377
3,256,1.65,uniform,52,0.19921875,0.06980633669904529,0.0698063367188921
3,256,1.65,uniform,53,0.203125,0.07207913631829092,0.07207913633901972
3,256,1.65,uniform,54,0.20703125,0.07438052543447304,0.07438052545601417
3,256,1.65,uniform,55,0.2109375,0.07671031406360815,0.07671031408595673
3,256,1.65,uniform,56,0.21484375,0.07906831700096759,0.07906831702415736
3,256,1.65,uniform,57,0.21875,0.08145435361578277,0.08145435363968555
3,256,1.65,uniform,58,0.22265625,0.08386824765752518,0.0838682476822682
3,256,1.65,uniform,59,0.2265625,0.08630982707518198,0.08630982710060514
3,256,1.65,uniform,60,0.23046875,0.08877892384500388,0.08877892387124084
3,256,1.65,uniform,61,0.234375,0.09127537381029868,0.09127537383720921
3,256,1.65,uniform,62,0.23828125,0.0937990165280687,0.09379901655573906
3,256,1.65,uniform,63,0.2421875,0.09634969512604344,0.0963496951543704
3,256,1.65,uniform,64,0.24609375,0.09892725616584933,0.09892725619488797
3,256,1.65,uniform,65,0.25,0.10153154951478176,0.10153154954452945
3,256,1.65,uniform,66,0.25390625,0.10416242822359864,0.10416242825397125
3,256,1.65,uniform,67,0.2578125,0.10681974841053848,0.10681974844163565
3,256,1.65,uniform,68,0.26171875,0.10950336915217436,0.10950336918390084
3,256,1.65,uniform,69,0.265625,0.11221315237842934,0.11221315241082827
3,256,1.65,uniform,70,0.26953125,0.11494896277405436,0.11494896280705282
3,256,1.65,uniform,71,0.2734375,0.11771066768375849,0.11771066771750857
3,256,1.65,uniform,72,0.27734375,0.1204981370234609,0.12049813705768833
3,256,1.65,uniform,73,0.28125,0.12331124319310763,0.12331124322815756
3,256,1.65,uniform,74,0.28515625,0.1261498609975183,0.1261498610330647
3,256,1.65,uniform,75,0.2890625,0.12901386756619612,0.12901386760240838
3,256,1.65,uniform,76,0.29296875,0.1319031422810037,0.13190314231783995
3,256,1.65,uniform,77,0.296875,0.13481756670431114,0.13481756674179507
3,256,1.65,uniform,78,0.30078125,0.13775702451167052,0.13775702454976305
3,256,1.65,uniform,79,0.3046875,0.14072140142694625,0.14072140146551587
3,256,1.65,uniform,80,0.30859375,0.14371058515972152,0.14371058519913127
3,256,1.65,uniform,81,0.3125,0.14672446534783326,0.14672446538765516
3,256,1.65,uniform,82,0.31640625,0.14976293349769712,0.14976293353825917
3,256,1.65,uniform,83,0.3203125,0.1528258829326473,0.1528258829737593
3,256,1.65,uniform,84,0.32421875,0.15591320873870979,0.155913208780369
3,256,1.65,uniform,85,0.328125,0.15902480771526242,0.15902480775757005
3,256,1.65,uniform,86,0.33203125,0.16216057832706215,0.16216057836999054
3,256,1.65,uniform,87,0.3359375,0.16532042065771538,0.1653204207011868
3,256,1.65,uniform,88,0.33984375,0.16850423636511092,0.168504236409233
3,256,1.65,uniform,89,0.34375,0.17171192863944176,0.17171192868402732
3,256,1.65,uniform,90,0.34765625,0.17494340216090692,0.1749434022062296
3,256,1.65,uniform,91,0.3515625,0.1781985630618817,0.1781985631077505
3,256,1.65,uniform,92,0.35546875,0.18147731888739382,0.18147731893371696
3,256,1.65,uniform,93,0.359375,0.18477957855873364,0.18477957860584274
3,256,1.65,uniform,94,0.36328125,0.18810525233973693,0.18810525238713788
3,256,1.65,uniform,95,0.3671875,0.1914542517998673,0.19145425184789394
3,256,1.65,uniform,96,0.37109375,0.19482648978411432,0.19482648983288572
3,256,1.65,uniform,97,0.375,0.1982218803804697,0.19822188042973374
3,256,1.65,uniform,98,0.37890625,0.20164033888864366,0.2016403389383745
3,256,1.65,uniform,99,0.3828125,0.20508178179136574,0.20508178184158887
3,256,1.65,uniform,100,0.38671875,0.2085461267253913,0.20854612677654144
3,256,1.65,uniform,101,0.390625,0.2120332924562007,0.212033292507286
3,256,1.65,uniform,102,0.39453125,0.21554319884576553,0.21554319889819532
3,256,1.65,uniform,103,0.3984375,0.2190757668360923,0.21907576688827513
3,256,1.65,uniform,104,0.40234375,0.2226309184128739,0.2226309184663245
3,256,1.65,uniform,105,0.40625,0.226208576593424,0.22620857664690677
3,256,1.65,uniform,106,0.41015625,0.2298086653928444,0.2298086654470968
3,256,1.65,uniform,107,0.4140625,0.23343110980925957,0.23343110986397275
3,256,1.65,uniform,108,0.41796875,0.23707583579722535,0.23707583585282122
3,256,1.65,uniform,109,0.421875,0.24074277025077406,0.2407427703060271
3,256,1.65,uniform,110,0.42578125,0.24443184097549062,0.2444318410326199
3,256,1.65,uniform,111,0.4296875,0.2481429766822761,0.2481429767384512
3,256,1.65,uniform,112,0.43359375,0.25187610694928086,0.25187610700697705
3,256,1.65,uniform,113,0.4375,0.2556311622227433,0.2556311622806224
3,256,1.65,uniform,114,0.44140625,0.259408073784575,0.25940807384270465
3,256,1.65,uniform,115,0.4453125,0.2632067737403579,0.26320677379989454
3,256,1.65,uniform,116,0.44921875,0.2670271950062152,0.267027195065194
3,256,1.65,uniform,117,0.453125,0.2708692712814701,0.27086927134141126
3,256,1.65,uniform,118,0.45703125,0.27473293704449664,0.27473293710511465
3,256,1.65,uniform,119,0.4609375,0.2786181275303411,0.2786181275910472
3,256,1.65,uniform,120,0.46484375,0.28252477871514486,0.2825247787769848
3,256,1.65,uniform,121,0.46875,0.2864528273073979,0.28645282736902183
3,256,1.65,uniform,122,0.47265625,0.2904022107250878,0.29040221078726897
3,256,1.65,uniform,123,0.4765625,0.29437286708853594,0.29437286715194766
3,256,1.65,uniform,124,0.48046875,0.29836473520720164,0.2983647352698678
3,256,1.65,uniform,125,0.484375,0.30237775455656013,0.30237775462127453
3,256,1.65,uniform,126,0.48828125,0.30641186528382575,0.3064118653470515
3,256,1.65,uniform,127,0.4921875,0.3104670081704612,0.31046700823626766
3,256,1.65,uniform,128,0.49609375,0.31454312464958134,0.31454312471405654
3,256,1.65,uniform,129,0.5,0.3186401567637464,0.31864015682981556
3,256,1.65,uniform,130,0.50390625,0.3227580471800001,0.3227580472457154
3,256,1.65,uniform,131,0.5078125,0.3268967391588291,0.32689673922550816
3,256,1.65,uniform,132,0.51171875,0.3310561765559567,0.3310561766236253
3,256,1.65,uniform,133,0.515625,0.33523630380774116,0.3352363038745542
3,256,1.65,uniform,134,0.51953125,0.33943706591423056,0.3394370659824857
3,256,1.65,uniform,135,0.5234375,0.34365840844302664,0.34365840851122276
3,256,1.65,uniform,136,0.52734375,0.3479002775047188,0.3479002775743423
3,256,1.65,uniform,137,0.53125,0.3521626197568104,0.3521626198256012
3,256,1.65,uniform,138,0.53515625,0.3564453823806461,0.35644538244957985
3,256,1.65,uniform,139,0.5390625,0.36074851308084704,0.3607485131525547
3,256,1.65,uniform,140,0.54296875,0.36507196008411386,0.365071960153593
3,256,1.65,uniform,141,0.546875,0.3694156721038725,0.3694156721758625
3,256,1.65,uniform,142,0.55078125,0.3737795983679515,0.3737795984381501
3,256,1.65,uniform,143,0.5546875,0.37816368857365534,0.3781636886465817
3,256,1.65,uniform,144,0.55859375,0.38256789291514093,0.3825678929865386
3,256,1.65,uniform,145,0.5625,0.3869921620415061,0.3869921621147632
3,256,1.65,uniform,146,0.56640625,0.3914364470789919,0.3914364471516493
3,256,1.65,uniform,147,0.5703125,0.39590069960064095,0.39590069967371005
3,256,1.65,uniform,148,0.57421875,0.40038487163186137,0.4003848717062202
3,256,1.65,uniform,149,0.578125,0.4048889156431894,0.4048889157160256
3,256,1.65,uniform,150,0.58203125,0.40941278452821933,0.409412784604516
3,256,1.65,uniform,151,0.5859375,0.41395643162787366,0.41395643170075674
3,256,1.65,uniform,152,0.58984375,0.41851981067883676,0.41851981075477307
3,256,1.65,uniform,153,0.59375,0.42310287585526907,0.4231028759309851
3,256,1.65,uniform,154,0.59765625,0.4277055817278414,0.4277055818017866
3,256,1.65,uniform,155,0.6015625,0.4323278832626788,0.4323278833412655
3,256,1.65,uniform,156,0.60546875,0.4369697358446883,0.43696973591906085
3,256,1.65,uniform,157,0.609375,0.44163109521692767,0.441631095294353
3,256,1.65,uniform,158,0.61328125,0.4463119175338204,0.44631191760998307
3,256,1.65,uniform,159,0.6171875,0.451012159308821,0.45101215938669814
3,256,1.65,uniform,160,0.62109375,0.4557317774400655,0.45573177751751887
3,256,1.65,uniform,161,0.625,0.4604707291856817,0.46047072926222576
3,256,1.65,uniform,162,0.62890625,0.4652289721632348,0.46522897224196125
3,256,1.65,uniform,163,0.6328125,0.4700064643577005,0.47000646443394445
3,256,1.65,uniform,164,0.63671875,0.47480316408701173,0.4748031641662953
3,256,1.65,uniform,165,0.640625,0.47961903003495404,0.4796190301129653
3,256,1.65,uniform,166,0.64453125,0.4844540212094821,0.4844540212887719
3,256,1.65,uniform,167,0.6484375,0.48930809696715527,0.4893080970445342
3,256,1.65,uniform,168,0.65234375,0.49418121698244366,0.4941812170623067
3,256,1.65,uniform,169,0.65625,0.4990733412727216,0.4990733413507092
3,256,1.65,uniform,170,0.66015625,0.5039844301612177,0.5039844302403494
3,256,1.65,uniform,171,0.6640625,0.5089144442993748,0.5089144443793374
3,256,1.65,uniform,172,0.66796875,0.5138633446496846,0.5138633447288876
3,256,1.65,uniform,173,0.671875,0.5188310924798618,0.5188310925590078
3,256,1.65,uniform,174,0.67578125,0.5238176493634299,0.523817649444272
3,256,1.65,uniform,175,0.6796875,0.5288229771803397,0.5288229772596755
3,256,1.65,uniform,176,0.68359375,0.5338470380943622,0.5338470381765698
3,256,1.65,uniform,177,0.6875,0.5388897945785397,0.538889794658675
3,256,1.65,uniform,178,0.69140625,0.5439512093781791,0.5439512094581695
3,256,1.65,uniform,179,0.6953125,0.5490312455282721,0.5490312456118522
3,256,1.65,uniform,180,0.69921875,0.5541298663562636,0.5541298664373787
3,256,1.65,uniform,181,0.703125,0.559247035449979,0.5592470355295666
3,256,1.65,uniform,182,0.70703125,0.5643827166715815,0.5643827167567705
3,256,1.65,uniform,183,0.7109375,0.5695368741766611,0.5695368742573249
3,256,1.65,uniform,184,0.71484375,0.5747094723519884,0.5747094724360506
3,256,1.65,uniform,185,0.71875,0.5799004758813372,0.5799004759608274
3,256,1.65,uniform,186,0.72265625,0.5851098496736028,0.5851098497592278
3,256,1.65,uniform,187,0.7265625,0.590337558931816,0.5903375590152127
3,256,1.65,uniform,188,0.73046875,0.5955835690829009,0.5955835691658862
3,256,1.65,uniform,189,0.734375,0.6008478458135841,0.6008478458983088
3,256,1.65,uniform,190,0.73828125,0.6061303550646188,0.6061303551463672
3,256,1.65,uniform,191,0.7421875,0.6114310629997001,0.6114310630877005
3,256,1.65,uniform,192,0.74609375,0.616749936058845,0.6167499361406797
3,256,1.65,uniform,193,0.75,0.6220869408749351,0.6220869409614409
3,256,1.65,uniform,194,0.75390625,0.6274420443558598,0.62744204444097
3,256,1.65,uniform,195,0.7578125,0.6328152136144449,0.6328152137022384
3,256,1.65,uniform,196,0.76171875,0.638206416013146,0.638206416097388
3,256,1.65,uniform,197,0.765625,0.6436156191175714,0.6436156192049649
3,256,1.65,uniform,198,0.76953125,0.6490427907392955,0.6490427908272001
3,256,1.65,uniform,199,0.7734375,0.6544878988985987,0.6544878989873367
3,256,1.65,uniform,200,0.77734375,0.6599509118440996,0.6599509119270027
3,256,1.65,uniform,201,0.78125,0.665431798011159,0.6654317981036274
3,256,1.65,uniform,202,0.78515625,0.6709305260992702,0.670930526187902
3,256,1.65,uniform,203,0.7890625,0.6764470649743999,0.6764470650612819
3,256,1.65,uniform,204,0.79296875,0.6819813837253421,0.6819813838135306
3,256,1.65,uniform,205,0.796875,0.6875334516478854,0.6875334517403047
3,256,1.65,uniform,206,0.80078125,0.6931032382504486,0.693103238340778
3,256,1.65,uniform,207,0.8046875,0.6986907132252644,0.6986907133153051
3,256,1.65,uniform,208,0.80859375,0.7042958464725374,0.7042958465631219
3,256,1.65,uniform,209,0.8125,0.7099186080862784,0.7099186081800853
3,256,1.65,uniform,210,0.81640625,0.7155589683675602,0.7155589684564474
3,256,1.65,uniform,211,0.8203125,0.7212168977795176,0.7212168978746665
3,256,1.65,uniform,212,0.82421875,0.7268923670176627,0.726892367107253
3,256,1.65,uniform,213,0.828125,0.7325853469201815,0.7325853470146494
3,256,1.65,uniform,214,0.83203125,0.7382958085482282,0.7382958086431436
3,256,1.65,uniform,215,0.8359375,0.7440237231302346,0.7440237232228155
3,256,1.65,uniform,216,0.83984375,0.7497690620697024,0.7497690621655158
3,256,1.65,uniform,217,0.84375,0.7555317969717147,0.7555317970628757
3,256,1.65,uniform,218,0.84765625,0.7613118995870781,0.7613118996843483
3,256,1.65,uniform,219,0.8515625,0.7671093418827902,0.7671093419752802
3,256,1.65,uniform,220,0.85546875,0.7729240959581867,0.7729240960550119
3,256,1.65,uniform,221,0.859375,0.7787561341196745,0.7787561342150084
3,256,1.65,uniform,222,0.86328125,0.7846054288225158,0.784605428917018
3,256,1.65,uniform,223,0.8671875,0.790471952698873,0.790471952791258
3,256,1.65,uniform,224,0.87109375,0.7963556785332799,0.7963556786346301
3,256,1.65,uniform,225,0.875,0.8022565793157577,0.80225657940896
3,256,1.65,uniform,226,0.87890625,0.8081746281475466,0.8081746282392653
3,256,1.65,uniform,227,0.8828125,0.8141097983148138,0.8141097984120484
3,256,1.65,uniform,228,0.88671875,0.8200620632774743,0.8200620633736152
3,256,1.65,uniform,229,0.890625,0.8260313966334585,0.8260313967284175
3,256,1.65,uniform,230,0.89453125,0.8320177721428182,0.8320177722374218
3,256,1.65,uniform,231,0.8984375,0.8380211637221875,0.8380211638164997
3,256,1.65,uniform,232,0.90234375,0.844041545437656,0.8440415455348438
3,256,1.65,uniform,233,0.90625,0.8500788915198073,0.8500788916134053
3,256,1.65,uniform,234,0.91015625,0.8561331763318959,0.8561331764233547
3,256,1.65,uniform,235,0.9140625,0.8622043743880854,0.8622043744845644
3,256,1.65,uniform,236,0.91796875,0.868292460366713,0.8682924604641138
3,256,1.65,uniform,237,0.921875,0.8743974090826838,0.8743974091748142
3,256,1.65,uniform,238,0.92578125,0.8805191954771241,0.8805191955737567
3,256,1.65,uniform,239,0.9296875,0.8866577946670633,0.8866577947608787
3,256,1.65,uniform,240,0.93359375,0.8928131818852653,0.8928131819775522
3,256,1.65,uniform,241,0.9375,0.8989853325098349,0.8989853326051906
3,256,1.65,uniform,242,0.94140625,0.9051742220659741,0.9051742221638763
3,256,1.65,uniform,243,0.9453125,0.9113798262195767,0.9113798263110059
3,256,1.65,uniform,244,0.94921875,0.9176021207452557,0.9176021208399554
3,256,1.65,uniform,245,0.953125,0.9238410815812154,0.9238410816787636
3,256,1.65,uniform,246,0.95703125,0.9300966847987714,0.9300966848888327
3,256,1.65,uniform,247,0.9609375,0.9363689065648824,0.9363689066636482
3,256,1.65,uniform,248,0.96484375,0.9426577232338802,0.942657723327515
3,256,1.65,uniform,249,0.96875,0.9489631112432598,0.9489631113343109
3,256,1.65,uniform,250,0.97265625,0.9552850471668047,0.9552850472662577
3,256,1.65,uniform,251,0.9765625,0.9616235077401399,0.9616235078327081
3,256,1.65,uniform,252,0.98046875,0.9679784697731081,0.9679784698689489
3,256,1.65,uniform,253,0.984375,0.9743499102380533,0.9743499103350205
3,256,1.65,uniform,254,0.98828125,0.9807378062235795,0.9807378063145523
3,256,1.65,uniform,255,0.9921875,0.9871421349129521,0.9871421350136128
3,256,1.65,uniform,256,0.99609375,0.9935628736754274,0.9935628737595756
3,256,1.65,uniform,257,0.9986979166666666,0.9978524717039019,0.9978524718076873
3,256,1.65,uniform,258,1.0,0.9999999999053601,1.0
3,256,1.65,positional,0,0.0,0.0,0.0
3,256,1.65,positional,1,2.553877574292744e-07,1.314123170390573e-11,1.3239760317555687e-11
3,256,1.65,positional,2,7.663448587174175e-07,8.124930343008415e-11,8.115214610479689e-11
3,256,1.65,positional,3,1.5333157536347437e-06,2.5480256925141376e-10,2.548544001692903e-10
3,256,1.65,positional,4,2.3020068071508858e-06,4.983130376655221e-10,4.982827995467062e-10
3,256,1.65,positional,5,3.075133736559623e-06,8.034715474465293e-10,8.034810028384454e-10
3,256,1.65,positional,6,3.860530547910979e-06,1.169418200030178e-09,1.1694119809303862e-09
3,256,1.65,positional,7,4.6807463984325694e-06,1.6070138836936304e-09,1.6070150146644907e-09
3,256,1.65,positional,8,5.593420809904913e-06,2.156096778935454e-09,2.1560948629309316e-09
3,256,1.65,positional,9,6.721657711256035e-06,2.9196861488136967e-09,2.919685334775875e-09
3,256,1.65,positional,10,8.283999065859537e-06,4.121889525998056e-09,4.1218868716375195e-09
3,256,1.65,positional,11,1.0606240786120919e-05,6.196936523228918e-09,6.1969279381997675e-09
3,256,1.65,positional,12,1.4102437904997711e-05,9.916007106693746e-09,9.915975010828171e-09
3,256,1.65,positional,13,1.9230660833669796e-05,1.6542177444394546e-08,1.6542092456796057e-08
3,256,1.65,positional,14,2.6444794056323142e-05,2.7981042197241006e-08,2.798087634439901e-08
3,256,1.65,positional,15,3.616343430921318e-05,4.68972480123001e-08,4.689698800891152e-08
3,256,1.65,positional,16,4.876181378229552e-05,7.679514321324703e-08,7.679478964897478e-08
3,256,1.65,positional,17,6.457931325049077e-05,1.2208314521055984e-07,1.220827059603784e-07
3,256,1.65,positional,18,8.393258775256508e-05,1.8814240950850328e-07,1.8814189403033112e-07
3,256,1.65,positional,19,0.0001071279939292984,2.81410828609453e-07,2.8141024514223776e-07
3,256,1.65,positional,20,0.00013447093120813502,4.0948459198564927e-07,4.094839466424555e-07
3,256,1.65,positional,21,0.00016627192106510622,5.812349682230025e-07,5.812342650469515e-07
3,256,1.65,positional,22,0.00020285006849856023,8.06936611276925e-07,8.069358526147947e-07
3,256,1.65,positional,23,0.0002445346702246761,1.09840386202906e-06,1.0984030489600597e-06
3,256,1.65,positional,24,0.0002916656047427452,1.4691321560028827e-06,1.4691312887113862e-06
3,256,1.65,positional,25,0.00034459296555929805,1.934442296917527e-06,1.9344413749893616e-06
3,256,1.65,positional,26,0.0004036762511389551,2.511625877449556e-06,2.5116249000952102e-06
3,256,1.65,positional,27,0.00046928331720594974,3.2200905179588367e-06,3.220089484178204e-06
3,256,1.65,positional,28,0.0005417892234769574,4.081503883629399e-06,4.081502792330915e-06
3,256,1.65,positional,29,0.0006215750585691048,5.119935664744321e-06,5.119934514830463e-06
3,256,1.65,positional,30,0.000709026795629172,6.361996889512766e-06,6.361995679940018e-06
3,256,1.65,positional,31,0.000804534211240065,7.836976100699926e-06,7.836974830520018e-06
3,256,1.65,positional,32,0.0009084898873417203,9.576972075822263e-06,9.576970744209249e-06
3,256,1.65,positional,33,0.0010212883076134497,1.1617022910392942e-05,1.1617021516659267e-05
3,256,1.65,positional,34,0.001143325054310981,1.3995231415921322e-05,1.3995229959526758e-05
3,256,1.65,positional,35,0.0012749961078650054,1.675288690839879e-05,1.6752885388951342e-05
3,256,1.65,positional,36,0.001416697248961362,1.9934583577032695e-05,1.9934581994286015e-05
3,256,1.65,positional,37,0.0015688235609252496,2.3588335724814196e-05,2.358833407866278e-05
3,256,1.65,positional,38,0.0017317690287752567,2.77656902598444e-05,2.776568855031042e-05
3,256,1.65,positional,39,0.0019059262301529699,3.252183688720939e-05,3.252183511443787e-05
3,256,1.65,positional,40,0.0020916861123900063,3.791571650426063e-05,3.791571466849954e-05
3,256,1.65,positional,41,0.002289437849205199,4.4010128336346684e-05,4.401012643794209e-05
3,256,1.65,positional,42,0.0024995687699114967,5.087183636557129e-05,5.0871834404946316e-05
3,256,1.65,positional,43,0.0027224643535479543,5.8571675602103476e-05,5.857167357975026e-05
3,256,1.65,positional,44,0.002958508280034877,6.718465872755159e-05,6.718465664401759e-05
3,256,1.65,positional,45,0.0032080825302784207,7.679008360421589e-05,7.679008146008472e-05
3,256,1.65,positional,46,0.0034715675271216836,8.747164209499686e-05,8.747163989089598e-05
3,256,1.65,positional,47,0.003749342309146493,9.931753057888146e-05,9.931752831543522e-05
3,256,1.65,positional,48,0.00404178472956467,0.00011242056247822651,0.00011242056015609665
3,256,1.65,positional,49,0.0043492716727872305,0.00012687828304054326,0.00012687828066037526
3,256,1.65,positional,50,0.004672179281710228,0.00014279308653970287,0.00014279308410213574
3,256,1.65,positional,51,0.005010883189290381,0.00016027233598436984,0.0001602723334900439
3,256,1.65,positional,52,0.00536575874858486,0.0001794284853452883,0.00017942848279481585
3,256,1.65,positional,53,0.0057371812560801025,0.00020037920424083652,0.0002003792016348087
3,256,1.65,positional,54,0.0061255261638168855,0.0002232475049538815,0.00022324750229288574
3,256,1.65,positional,55,0.006531169276516883,0.0002481618715933412,0.0002481618688778821
3,256,1.65,positional,56,0.0069544869306143176,0.00027525639116182156,0.00027525638839247604
3,256,1.65,positional,57,0.007395856152781734,0.00030467088624943874,0.00030467088342664233
3,256,1.65,positional,58,0.00785565479619944,0.0003365510490383714,0.0003365510461626037
3,256,1.65,positional,59,0.008334261653444058,0.0003710485762817927,0.0003710485733535307
3,256,1.65,positional,60,0.00883205654545459,0.00040832130490453343,0.0004083213019241016
3,256,1.65,positional,61,0.00934942038656841,0.0004485333478682866,0.0004485333448361733
3,256,1.65,positional,62,0.009886735226099855,0.0004918552299502819,0.0004918552268667425
3,256,1.65,positional,63,0.010444384267357743,0.0005384640230919692,0.0005384640199574869
3,256,1.65,positional,64,0.011022751865363487,0.0005885434809999272,0.0005885434778146932
3,256,1.65,positional,65,0.011622223504838316,0.0006422841726999954,0.0006422841694644554
3,256,1.65,positional,66,0.012243185760277178,0.0006998836147853526,0.0006998836114997377
3,256,1.65,positional,67,0.012886026240119796,0.0007615464021275914,0.0007615463987922439
3,256,1.65,positional,68,0.013551133517169018,0.0008274843368669218,0.0008274843334820821
3,256,1.65,positional,69,0.014238897047495565,0.0008979165555348027,0.0008979165521008943
3,256,1.65,positional,70,0.014949707080110902,0.0009730696542114304,0.0009730696507285462
3,256,1.65,positional,71,0.01568395455968986,0.0010531778116600018,0.001053177808128664
3,256,1.65,positional,72,0.016442031024586263,0.0011384829104330394,0.0011384829068534082
3,256,1.65,positional,73,0.017224328502312827,0.0012292346559797155,0.0012292346523520878
3,256,1.65,positional,74,0.01803123940455524,0.0013256906938359768,0.0013256906901607949
3,256,1.65,positional,75,0.01886315642366462,0.0014281167250129304,0.001428116721290555
3,256,1.65,positional,76,0.01972047243242638,0.0015367866197385073,0.0015367866159689502
3,256,1.65,positional,77,0.020603580388741854,0.001651982529740352,0.0016519825259243505
3,256,1.65,positional,78,0.021512873246685216,0.0017739949992945758,0.0017739949954323445
3,256,1.65,positional,79,0.022448743875216923,0.001903123075278557,0.0019031230713704862
3,256,1.65,positional,80,0.023411584985649065,0.00203967441650342,0.0020396744125497877
3,256,1.65,positional,81,0.024401789068770958,0.002183965402607907,0.0021839653986094037
3,256,1.65,positional,82,0.02541974834235848,0.0023363212428177387,0.002336321238774656
3,256,1.65,positional,83,0.026465854709609576,0.0024970760848749447,0.0024970760807878755
3,256,1.65,positional,84,0.027540499728874637,0.0026665731244575456,0.002666573120326723
3,256,1.65,positional,85,0.02864407459488431,0.0028451647153996482,0.002845164711225657
3,256,1.65,positional,86,0.02977697013152193,0.003033212481029797,0.0030332124768134316
3,256,1.65,positional,87,0.03093957679604285,0.003231087426931848,0.003231087422672996
3,256,1.65,positional,88,0.03213228469451055,0.003439170055420363,0.003439170051120296
3,256,1.65,positional,89,0.033355483608099264,0.0036578504820269156,0.0036578504776854895
3,256,1.65,positional,90,0.03460956302980595,0.0038875285542463974,0.003887528549864312
3,256,1.65,positional,91,0.03589491221102043,0.004128613972810578,0.004128613968389038
3,256,1.65,positional,92,0.03721192021732131,0.004381526415709107,0.00438152641124802
3,256,1.65,positional,93,0.038560975992797175,0.004646695665160956,0.00464669566066048
3,256,1.65,positional,94,0.03994246843213598,0.004924561737727945,0.004924561733189312
3,256,1.65,positional,95,0.041356786459681306,0.005215575017725,0.005215575013149538
3,256,1.65,positional,96,0.042804319114620376,0.00552019639405783,0.00552019638944388
3,256,1.65,positional,97,0.044285455641445294,0.00583889740057918,0.005838897395930049
3,256,1.65,positional,98,0.04580058558481537,0.006172160360083733,0.006172160355397043
3,256,1.65,positional,99,0.047350098887942664,0.006520478531921291,0.006520478527200058
3,256,1.65,positional,100,0.04893438599362585,0.006884356263331843,0.006884356258576056
3,256,1.65,positional,101,0.050553837947066825,0.007264309144424172,0.007264309139634484
3,256,1.65,positional,102,0.05220884649962001,0.00766086416681576,0.007660864161990359
3,256,1.65,positional,103,0.05389980421264614,0.008074559885835428,0.008074559880980391
3,256,1.65,positional,104,0.05562710456066718,0.00850594658626594,0.008505946581376388
3,256,1.65,positional,105,0.057391142033049625,0.008955586451405947,0.008955586446484979
3,256,1.65,positional,106,0.059192312233476437,0.0094240537354495,0.009424053730497966
3,256,1.65,positional,107,0.061031011976503624,0.009911934938915514,0.009911934933933872
3,256,1.65,positional,108,0.06290763938053605,0.010419828987001811,0.01041982898198863
3,256,1.65,positional,109,0.06482259395659681,0.010948347410632836,0.01094834740559157
3,256,1.65,positional,110,0.0667762766923065,0.011498114530013445,0.011498114524942555
3,256,1.65,positional,111,0.06876909013053005,0.01206976764038571,0.012069767635286503
3,256,1.65,positional,112,0.07080143844219337,0.012663957199791092,0.012663957194663773
3,256,1.65,positional,113,0.07287372749281439,0.013281347018511682,0.01328134701335793
3,256,1.65,positional,114,0.0749863649023373,0.013922614449931111,0.013922614444747027
3,256,1.65,positional,115,0.07713976009790308,0.014588450582458792,0.014588450577250707
3,256,1.65,positional,116,0.07933432435923182,0.015279560432286959,0.015279560427052627
3,256,1.65,positional,117,0.0815704708563369,0.015996663136529185,0.015996663131266832
3,256,1.65,positional,118,0.08384861467933317,0.01674049214648878,0.016740492141207187
3,256,1.65,positional,119,0.0861691728601442,0.017511795420721097,0.01751179541541091
3,256,1.65,positional,120,0.08853256438595507,0.018311335617392132,0.018311335612061098
3,256,1.65,positional,121,0.09093921020429895,0.019139890285806437,0.019139890280448255
3,256,1.65,positional,122,0.09338953321970554,0.019998252056484492,0.01999825205110808
3,256,1.65,positional,123,0.09588395828188005,0.02088722882967551,0.020887228824271343
3,256,1.65,positional,124,0.09842291216541928,0.021807643961681132,0.021807643956262026
3,256,1.65,positional,125,0.10100682354111053,0.022760336448930458,0.0227603364434825
3,256,1.65,positional,126,0.10363612293889524,0.023746161109091835,0.02374616110362791
3,256,1.65,positional,127,0.10631124270261604,0.024765988759269553,0.0247659887537782
3,256,1.65,positional,128,0.10903261693670052,0.025820706390527005,0.02582070638502332
3,256,1.65,positional,129,0.11180068144496942,0.026911217338816507,0.02691121733328663
3,256,1.65,positional,130,0.11461587366178905,0.028038441451578945,0.028038441446022296
3,256,1.65,positional,131,0.11747863257581942,0.02920331525003704,0.02920331524447516
3,256,1.65,positional,132,0.12038939864664011,0.03040679208680847,0.030406792081206026
3,256,1.65,positional,133,0.12334861371456325,0.03164984229819783,0.03164984229260089
3,256,1.65,positional,134,0.12635672090397124,0.032933453351743816,0.03293345334610036
3,256,1.65,positional,135,0.12941416452054108,0.03425862998754156,0.03425862998190406
3,256,1.65,positional,136,0.13252138994274154,0.035626394354608085,0.03562639434892547
3,256,1.65,positional,137,0.13567884350801065,0.0370377861404547,0.03703778613479376
3,256,1.65,positional,138,0.13888697239404094,0.03849386269545486,0.03849386268972213
3,256,1.65,positional,139,0.1421462244956173,0.03999569914977768,0.03999569914408576
3,256,1.65,positional,140,0.1454570482974692,0.04154438852533021,0.04154438851957742
3,256,1.65,positional,141,0.14881989274361015,0.043141041839585,0.04314104183383377
3,256,1.65,positional,142,0.15223520710365218,0.044786788204220544,0.04478678819845237
3,256,1.65,positional,143,0.15570344083658808,0.046482774916135866,0.04648277491034504
3,256,1.65,positional,144,0.15922504345254487,0.048230167542206305,0.0482301675364015
3,256,1.65,positional,145,0.1628004643730134,0.050030149997267175,0.05003014999146336
3,256,1.65,positional,146,0.16643015279006315,0.05188392461548621,0.05188392460963705
3,256,1.65,positional,147,0.17011455752505025,0.05379271221483206,0.053792712209000684
3,256,1.65,positional,148,0.1738541268873248,0.055757752155660104,0.05575775214978782
3,256,1.65,positional,149,0.17764930853343808,0.057780302392017924,0.057780302386156966
3,256,1.65,positional,150,0.1815005493273453,0.05986163951757837,0.059861639511683246
3,256,1.65,positional,151,0.18540829520208793,0.06200305880462922,0.062003058798732774
3,256,1.65,positional,152,0.18937299102343072,0.06420587423779084,0.06420587423190634
3,256,1.65,positional,153,0.19339508045591494,0.0664714185417098,0.06647141853576265
3,256,1.65,positional,154,0.19747500583177394,0.06880104320297017,0.06880104319705412
3,256,1.65,positional,155,0.20161320802314067,0.07119611848767102,0.07119611848172998
3,256,1.65,positional,156,0.2058101263179596,0.07365803345291311,0.07365803344698281
3,256,1.65,positional,157,0.21006619829999398,0.07618819595462446,0.07618819594863295
3,256,1.65,positional,158,0.21438185973329923,0.07878803265011261,0.07878803264416341
3,256,1.65,positional,159,0.2187575444515112,0.08145898899772051,0.08145898899173487
3,256,1.65,positional,160,0.2231936842522735,0.08420252925148408,0.08420252924552424
3,256,1.65,positional,161,0.22769070879710487,0.08702013645376223,0.08702013644774433
3,256,1.65,positional,162,0.2322490455169813,0.08991331242367111,0.08991331241771333
3,256,1.65,positional,163,0.23686911952388323,0.09288357774435792,0.09288357773835326
3,256,1.65,positional,164,0.24155135352853072,0.09593247174650503,0.0959324717405044
3,256,1.65,positional,165,0.2462961677645034,0.09906155249141813,0.09906155248544962
3,256,1.65,positional,166,0.25110397991891614,0.10227239675206146,0.10227239674604797
3,256,1.65,positional,167,0.25597520506979327,0.10556659999285384,0.10556659998687935
3,256,1.65,positional,168,0.2609102556302593,0.1089457763497775,0.10894577634380508
3,256,1.65,positional,169,0.2659095412996364,0.11241155860935997,0.11241155860334782
3,256,1.65,positional,170,0.27097346902151437,0.1159655981882098,0.11596559818229522
3,256,1.65,positional,171,0.27610244294883296,0.11960956511392978,0.11960956510792628
3,256,1.65,positional,172,0.28129686441599094,0.1233451480051971,0.12334514799925704
3,256,1.65,positional,173,0.28655713191797516,0.127174054055627,0.1271740540496968
3,256,1.65,positional,174,0.29188364109647563,0.13109800901741578,0.13109800901149718
3,256,1.65,positional,175,0.2972767847329348,0.13511875718829694,0.13511875718237065
3,256,1.65,positional,176,0.30273695274845497,0.1392380614005251,0.13923806139464517
3,256,1.65,positional,177,0.30826453221046995,0.1434577030131654,0.1434577030073107
3,256,1.65,positional,178,0.3138599073460653,0.14777948190723555,0.14777948190130255
3,256,1.65,positional,179,0.31952345956181794,0.15220521648414945,0.15220521647835616
3,256,1.65,positional,180,0.3252555674700048,0.15673674366959403,0.15673674366375165
3,256,1.65,positional,181,0.3310566069210181,0.1613759189191371,0.16137591891325664
3,256,1.65,positional,182,0.3369269510418098,0.16612461623033783,0.16612461622455965
3,256,1.65,positional,183,0.3428669702801734,0.17098472815928398,0.17098472815347163
3,256,1.65,positional,184,0.348877032454663,0.1759581658409134,0.17595816583516005
3,256,1.65,positional,185,0.3549575028099361,0.18104685901644368,0.1810468590106621
3,256,1.65,positional,186,0.36110874407729826,0.1862527560646457,0.18625275605890962
3,256,1.65,positional,187,0.36733111654022227,0.19157782404018248,0.19157782403448279
3,256,1.65,positional,188,0.37362497810460366,0.19702404871699908,0.19702404871129123
3,256,1.65,positional,189,0.37999068437351236,0.20259343463802956,0.20259343463236829
3,256,1.65,positional,190,0.3864285887261952,0.20828800517165055,0.20828800516594675
3,256,1.65,positional,191,0.3929390424010782,0.21410980257353113,0.21410980256796724
3,256,1.65,positional,192,0.3995223945825194,0.22006088805682028,0.22006088805115756
3,256,1.65,positional,193,0.4061789924910582,0.2261433418663453,0.22614334186080295
3,256,1.65,positional,194,0.41290918147690886,0.232359263362931,0.2323592633573141
3,256,1.65,positional,195,0.4197133051164454,0.2387107711111584,0.23871077110568276
3,256,1.65,positional,196,0.42659170531142715,0.2452000029774745,0.2452000029719019
3,256,1.65,positional,197,0.43354472239071623,0.2518291162317053,0.2518291162264123
3,256,1.65,positional,198,0.44057269521424075,0.2586002876602417,0.2586002876546232
3,256,1.65,positional,199,0.44767596127896114,0.26551571367976123,0.26551571367454163
3,256,1.65,positional,200,0.45485485682660265,0.2725776104668619,0.27257761046153284
3,256,1.65,positional,201,0.46210971695291886,0.2797882140857007,0.2797882140802195
3,256,1.65,positional,202,0.46944087571825954,0.28714978062860785,0.28714978062351787
3,256,1.65,positional,203,0.47684866625921996,0.29466458636419657,0.2946645863587971
3,256,1.65,positional,204,0.4843334209011547,0.3023349278861382,0.3023349278811338
3,256,1.65,positional,205,0.4918954712713474,0.31016312227894943,0.3101631222736298
3,256,1.65,positional,206,0.49953514841263164,0.31815150727985814,0.31815150727474395
3,256,1.65,positional,207,0.5072527828972683,0.3263024414576839,0.3263024414525851
3,256,1.65,positional,208,0.5150487049408901,0.3346183043912626,0.3346183043861023
3,256,1.65,positional,209,0.5229232445163308,0.34310149685810587,0.34310149685309854
3,256,1.65,positional,210,0.530876731467167,0.3517544410300515,0.3517544410249902
3,256,1.65,positional,211,0.5389094956208044,0.3605795806730743,0.36057958066822376
3,256,1.65,positional,212,0.5470218669009502,0.36957938135744317,0.369579381352256
3,256,1.65,positional,213,0.5552141754393217,0.3787563306687666,0.3787563306639981
3,256,1.65,positional,214,0.563486751686446,0.3881129384336086,0.3881129384286178
3,256,1.65,positional,215,0.5718399265214162,0.39765173694137723,0.39765173693658723
3,256,1.65,positional,216,0.5802740313604757,0.4073752811818635,0.407375281176862
3,256,1.65,positional,217,0.5887893982643094,0.41728614908085476,0.4172861490760702
3,256,1.65,positional,218,0.597386360043929,0.4273869417486265,0.4273869417435869
3,256,1.65,positional,219,0.606065250365046,0.437680283727076,0.43768028372236634
3,256,1.65,positional,220,0.6148264038508335,0.4481688232504508,0.448168823245401
3,256,1.65,positional,221,0.6236701561829849,0.45885523250225957,0.45885523249767274
3,256,1.65,positional,222,0.6325968442009832,0.4697422078887848,0.46974220788345983
3,256,1.65,positional,223,0.6416068059995029,0.48083247030334875,0.48083247029886117
3,256,1.65,positional,224,0.6507003810238733,0.49212876541472955,0.49212876540939765
3,256,1.65,positional,225,0.6598779101635337,0.5036338639374185,0.5036338639325478
3,256,1.65,positional,226,0.6691397358434239,0.5153505619302216,0.5153505619250754
3,256,1.65,positional,227,0.6784862021132526,0.5272816810798269,0.5272816810750026
3,256,1.65,positional,228,0.687917654734596,0.5394300690034088,0.539430068998086
3,256,1.65,positional,229,0.6974344412657838,0.551798599543662,0.5517985995386497
3,256,1.65,positional,230,0.707036911144531,0.5643901730795196,0.564390173074626
3,256,1.65,positional,231,0.7167254157682845,0.5772077168321417,0.5772077168266614
3,256,1.65,positional,232,0.7265003085722544,0.5902541851764306,0.5902541851711404
3,256,1.65,positional,233,0.7363619451051043,0.6035325599613216,0.6035325599569791
3,256,1.65,positional,234,0.7463106831022812,0.6170458508322871,0.6170458508260468
3,256,1.65,positional,235,0.7563468825569687,0.6307970955412125,0.6307970955370671
3,256,1.65,positional,236,0.7664709057886471,0.6447893602988483,0.6447893602928524
3,256,1.65,positional,237,0.776683117509256,0.6590257400756764,0.6590257400707332
3,256,1.65,positional,238,0.7869838848869503,0.6735093589615994,0.6735093589560334
3,256,1.65,positional,239,0.7973735776074463,0.6882433704834772,0.6882433704784514
3,256,1.65,positional,240,0.8078525679329595,0.7032309579563423,0.7032309579512048
3,256,1.65,positional,241,0.818421230758736,0.7184753348180821,0.7184753348127987
3,256,1.65,positional,242,0.8290799436671819,0.7339797449765161,0.7339797449712749
3,256,1.65,positional,243,0.8398290869796012,0.7497474631563645,0.74974746315081
3,256,1.65,positional,244,0.8506690438055475,0.765781795245352,0.7657817952405142
3,256,1.65,positional,245,0.8616002000898059,0.7820860786506674,0.7820860786453053
3,256,1.65,positional,246,0.8726229446570155,0.7986636826436803,0.7986636826387145
3,256,1.65,positional,247,0.8837376692539504,0.8155180087224645,0.8155180087174926
3,256,1.65,positional,248,0.8949447685894745,0.83265249096316,0.8326524909578841
3,256,1.65,positional,249,0.9062446403721894,0.8500705963782204,0.8500705963734341
3,256,1.65,positional,250,0.917637685345796,0.8677758252790776,0.8677758252742007
3,256,1.65,positional,251,0.929124307322188,0.8857717116325203,0.8857717116272383
3,256,1.65,positional,252,0.9407049132123039,0.9040618234229028,0.9040618234182278
3,256,1.65,positional,253,0.9523799130547564,0.922649763018783,0.9226497630141213
3,256,1.65,positional,254,0.9641497200422652,0.941539167531723,0.9415391675266769
3,256,1.65,positional,255,0.9760147505459177,0.9607337091815147,0.960733709176758
3,256,1.65,positional,256,0.9879754241372828,0.9802370956631378,0.9802370956592702
3,256,1.65,positional,257,0.9959811341790866,0.993377536573716,0.9933775365871665
3,256,1.65,positional,258,1.0,0.9999999999895645,1.0
3,256,1.75,uniform,0,0.0,0.0,0.0
3,256,1.75,uniform,1,0.0013020833333333333,8.87554368310314e-06,8.925198113013321e-06
3,256,1.75,uniform,2,0.00390625,6.108926231868064e-05,6.103515625e-05
3,256,1.75,uniform,3,0.0078125,0.00020527071675794753,0.0002052969763803014
3,256,1.75,uniform,4,0.01171875,0.00041740672124922874,0.0004173902081826375
3,256,1.75,uniform,5,0.015625,0.0006905292926586788,0.0006905339660024879
3,256,1.75,uniform,6,0.01953125,0.0010204202099293699,0.0010204167251227142
3,256,1.75,uniform,7,0.0234375,0.0014039271822749964,0.0014039277192911261
3,256,1.75,uniform,8,0.02734375,0.0018386617616466853,0.0018386608578254365
3,256,1.75,uniform,9,0.03125,0.002322670249445616,0.0023226701464896895
3,256,1.75,uniform,10,0.03515625,0.0028543321039460738,0.002854331775168438
3,256,1.75,uniform,11,0.0390625,0.0034322592141043853,0.0034322590648825017
3,256,1.75,uniform,12,0.04296875,0.004055246682246733,0.004055246514887061
3,256,1.75,uniform,13,0.046875,0.004722231261357768,0.0047222311457089244
3,256,1.75,uniform,14,0.05078125,0.005432264847286396,0.005432264742816138
3,256,1.75,uniform,15,0.0546875,0.006184493380074519,0.006184493296850917
3,256,1.75,uniform,16,0.05859375,0.006978141449520725,0.006978141377855732
3,256,1.75,uniform,17,0.0625,0.007812500059904751,0.0078125
3,256,1.75,uniform,18,0.06640625,0.008686917073088014,0.008686917021855207
3,256,1.75,uniform,19,0.0703125,0.00960078947427684,0.009600789430735644
3,256,1.75,uniform,20,0.07421875,0.010553557091987274,0.010553557054756498
3,256,1.75,uniform,21,0.078125,0.011544697407282176,0.011544697375527048
3,256,1.75,uniform,22,0.08203125,0.012573721229342942,0.012573721202278823
3,256,1.75,uniform,23,0.0859375,0.013640169052318615,0.013640169029354594
3,256,1.75,uniform,24,0.08984375,0.014743607961737137,0.014743607942368824
3,256,1.75,uniform,25,0.09375,0.015883628985885977,0.015883628969704303
3,256,1.75,uniform,26,0.09765625,0.01705984481238216,0.017059844799040144
3,256,1.75,uniform,27,0.1015625,0.018271887806564902,0.018271887795772927
3,256,1.75,uniform,28,0.10546875,0.01951940828164136,0.019519408273160135
3,256,1.75,uniform,29,0.109375,0.02080207298032388,0.020802072973930254
3,256,1.75,uniform,30,0.11328125,0.022119563735235173,0.022119563730770262
3,256,1.75,uniform,31,0.1171875,0.023471576281801406,0.023471576279090006
3,256,1.75,uniform,32,0.12109375,0.02485781920126152,0.02485781920018529
3,256,1.75,uniform,33,0.125,0.026278012976245487,0.026278012976678578
3,256,1.75,uniform,34,0.12890625,0.027731889143283988,0.027731889145128967
3,256,1.75,uniform,35,0.1328125,0.02921918952996652,0.02921918953313807
3,256,1.75,uniform,36,0.13671875,0.03073966556585818,0.030739665570259807
3,256,1.75,uniform,37,0.140625,0.03229307765805769,0.03229307766364541
3,256,1.75,uniform,38,0.14453125,0.03387919462400054,0.03387919463069311
3,256,1.75,uniform,39,0.1484375,0.03549779317433101,0.035497793182081155
3,256,1.75,uniform,40,0.15234375,0.037148657440729045,0.037148657449488046
3,256,1.75,uniform,41,0.15625,0.03883157854335956,0.038831578553078644
3,256,1.75,uniform,42,0.16015625,0.04054635419383497,0.04054635420448758
3,256,1.75,uniform,43,0.1640625,0.042292788330059325,0.04229278834158356
3,256,1.75,uniform,44,0.16796875,0.04407069077937291,0.04407069079176729
3,256,1.75,uniform,45,0.171875,0.045879876947733385,0.04587987696095607
3,256,1.75,uniform,46,0.17578125,0.04772016753174148,0.047720167545750834
3,256,1.75,uniform,47,0.1796875,0.04959138825176444,0.04959138826657656
3,256,1.75,uniform,48,0.18359375,0.051493369604296124,0.05149336961984106
3,256,1.75,uniform,49,0.1875,0.05342594663109622,0.0534259466473776
3,256,1.75,uniform,50,0.19140625,0.05538895870460617,0.055388958721628086
3,256,1.75,uniform,51,0.1953125,0.057382249327486236,0.05738224934519033
3,256,1.75,uniform,52,0.19921875,0.059405665945086825,0.059405665963498576
3,256,1.75,uniform,53,0.203125,0.06145905977047031,0.0614590597895342
3,256,1.75,uniform,54,0.20703125,0.063542285619849,0.06354228563957572
3,256,1.75,uniform,55,0.2109375,0.06565520175872301,0.06565520177909623
3,256,1.75,uniform,56,0.21484375,0.06779766975696809,0.06779766977800364
3,256,1.75,uniform,57,0.21875,0.06996955435285969,0.0699695543744965
3,256,1.75,uniform,58,0.22265625,0.07217072332459575,0.07217072334687695
3,256,1.75,uniform,59,0.2265625,0.07440104736988076,0.07440104739272319
3,256,1.75,uniform,60,0.23046875,0.07666039999138466,0.07666040001487869
3,256,1.75,uniform,61,0.234375,0.07894865738972512,0.07894865741376363
3,256,1.75,uniform,62,0.23828125,0.08126569836085086,0.08126569838555776
3,256,1.75,uniform,63,0.2421875,0.08361140420069489,0.08361140422584308
3,256,1.75,uniform,64,0.24609375,0.08598565861247628,0.08598565863832947
3,256,1.75,uniform,65,0.25,0.08838834762199548,0.08838834764831845
3,256,1.75,uniform,66,0.25390625,0.0908193594936616,0.09081935952058821
3,256,1.75,uniform,67,0.2578125,0.09327858465397075,0.09327858468140938
3,256,1.75,uniform,68,0.26171875,0.09576591561639516,0.0957659156444236
3,256,1.75,uniform,69,0.265625,0.09828124691162476,0.09828124694013865
3,256,1.75,uniform,70,0.26953125,0.10082447501975882,0.10082447504881274
3,256,1.75,uniform,71,0.2734375,0.10339549830689812,0.10339549833651801
3,256,1.75,uniform,72,0.27734375,0.10599421696407402,0.10599421699418905
3,256,1.75,uniform,73,0.28125,0.10862053294877023,0.10862053297947691
3,256,1.75,uniform,74,0.28515625,0.11127434993012043,0.1112743499612419
3,256,1.75,uniform,75,0.2890625,0.11395557323482919,0.11395557326653093
3,256,1.75,uniform,76,0.29296875,0.11666410979768761,0.1166641098298958
3,256,1.75,uniform,77,0.296875,0.11939986811222981,0.11939986814491917
3,256,1.75,uniform,78,0.30078125,0.12216275818450084,0.12216275821782394
3,256,1.75,uniform,79,0.3046875,0.12495269148933631,0.12495269152305079
3,256,1.75,uniform,80,0.30859375,0.1277695809264696,0.12776958096069574
3,256,1.75,uniform,81,0.3125,0.1306133407808364,0.1306133408157074
3,256,1.75,uniform,82,0.31640625,0.13348388668348599,0.13348388671875
3,256,1.75,uniform,83,0.3203125,0.1363811355729382,0.13638113560864393
3,256,1.75,uniform,84,0.32421875,0.13930500565995782,0.13930500569630244
3,256,1.75,uniform,85,0.328125,0.14225541639332634,0.1422554164300868
3,256,1.75,uniform,86,0.33203125,0.1452322884251081,0.14523228846250807
3,256,1.75,uniform,87,0.3359375,0.14823554358057134,0.148235543618208
3,256,1.75,uniform,88,0.33984375,0.15126510482478525,0.15126510486315528
3,256,1.75,uniform,89,0.34375,0.15432089623618644,0.1543208962749978
3,256,1.75,uniform,90,0.34765625,0.15740284297532373,0.1574028430145144
3,256,1.75,uniform,91,0.3515625,0.1605108712581467,0.1605108712981141
3,256,1.75,uniform,92,0.35546875,0.1636449083312679,0.16364490837133222
3,256,1.75,uniform,93,0.359375,0.16680488244225666,0.16680488248327738
3,256,1.75,uniform,94,0.36328125,0.16999072282074473,0.16999072286198502
3,256,1.75,uniform,95,0.3671875,0.173202359648734,0.17320235969063552
3,256,1.75,uniform,96,0.37109375,0.17643972404229122,0.17643972408459827
3,256,1.75,uniform,97,0.375,0.17970274802663047,0.17970274806926415
3,256,1.75,uniform,98,0.37890625,0.18299136451508483,0.1829913645586314
3,256,1.75,uniform,99,0.3828125,0.1863055072909679,0.1863055073346121
3,256,1.75,uniform,100,0.38671875,0.1896451109824572,0.18964511102702725
3,256,1.75,uniform,101,0.390625,0.19301011104974455,0.19301011109426144
3,256,1.75,uniform,102,0.39453125,0.19640044375908575,0.1964004438045486
3,256,1.75,uniform,103,0.3984375,0.19981604617201956,0.19981604621786223
3,256,1.75,uniform,104,0.40234375,0.20325685612202943,0.2032568561683847
3,256,1.75,uniform,105,0.40625,0.2067228122007559,0.20672281224753208
3,256,1.75,uniform,106,0.41015625,0.21021385374028384,0.21021385378751112
3,256,1.75,uniform,107,0.4140625,0.2137299207977168,0.21372992084538722
3,256,1.75,uniform,108,0.41796875,0.21727095413902123,0.2172709541876426
3,256,1.75,uniform,109,0.421875,0.22083689522661903,0.22083689527520528
3,256,1.75,uniform,110,0.42578125,0.22442768620008471,0.22442768624892992
3,256,1.75,uniform,111,0.4296875,0.22804326986516993,0.22804326991551344
3,256,1.75,uniform,112,0.43359375,0.23168358968401515,0.23168358973382808
3,256,1.75,uniform,113,0.4375,0.23534858975052853,0.23534858980165588
3,256,1.75,uniform,114,0.44140625,0.23903821479221035,0.23903821484280968
3,256,1.75,uniform,115,0.4453125,0.24275241014258625,0.24275241019462554
3,256,1.75,uniform,116,0.44921875,0.24649112174420856,0.24649112179581315
3,256,1.75,uniform,117,0.453125,0.2502542961211514,0.25025429617465056
3,256,1.75,uniform,118,0.45703125,0.2540418803855637,0.254041880437511
3,256,1.75,uniform,119,0.4609375,0.2578538222032947,0.25785382225770914
3,256,1.75,uniform,120,0.46484375,0.2616900698113608,0.2616900698646558
3,256,1.75,uniform,121,0.46875,0.26555057197835197,0.2655505720333097
3,256,1.75,uniform,122,0.47265625,0.2694352780190515,0.2694352780739158
3,256,1.75,uniform,123,0.4765625,0.27334413776645955,0.2733441378220204
3,256,1.75,uniform,124,0.48046875,0.2772771015729176,0.27727710162875235
3,256,1.75,uniform,125,0.484375,0.28123412029511413,0.2812341203513629
3,256,1.75,uniform,126,0.48828125,0.2852151452871419,0.2852151453440133
3,256,1.75,uniform,127,0.4921875,0.28922012839117656,0.2892201284488034
3,256,1.75,uniform,128,0.49609375,0.29324902192974844,0.2932490219870317
3,256,1.75,uniform,129,0.5,0.2973017786921878,0.29730177875068026
3,256,1.75,uniform,130,0.50390625,0.3013783519351844,0.30137835199411644
3,256,1.75,uniform,131,0.5078125,0.30547869536720396,0.30547869542600375
3,256,1.75,uniform,132,0.51171875,0.30960276314119595,0.3096027632014163
3,256,1.75,uniform,133,0.515625,0.31375050985424385,0.3137505099141488
3,256,1.75,uniform,134,0.51953125,0.3179218905282657,0.3179218905892171
3,256,1.75,uniform,135,0.5234375,0.32211686061457623,0.32211686067554174
3,256,1.75,uniform,136,0.52734375,0.3263353759771148,0.32633537603881013
3,256,1.75,uniform,137,0.53125,0.3305773928924475,0.3305773929545108
3,256,1.75,uniform,138,0.53515625,0.3348428680383691,0.3348428681011344
3,256,1.75,uniform,139,0.5390625,0.3391317584906597,0.33913175855353683
3,256,1.75,uniform,140,0.54296875,0.34344402171249916,0.3434440217764589
3,256,1.75,uniform,141,0.546875,0.3477796155546811,0.3477796156181976
3,256,1.75,uniform,142,0.55078125,0.35213849823945176,0.35213849830442534
3,256,1.75,uniform,143,0.5546875,0.3565206283678925,0.3565206284321517
3,256,1.75,uniform,144,0.55859375,0.3609259648980639,0.36092596496382356
3,256,1.75,uniform,145,0.5625,0.36535446715576037,0.36535446722156006
3,256,1.75,uniform,146,0.56640625,0.3698060948151452,0.3698060948815177
3,256,1.75,uniform,147,0.5703125,0.3742808079017339,0.3742808079683825
3,256,1.75,uniform,148,0.57421875,0.37877856678231375,0.3787785668499843
3,256,1.75,uniform,149,0.578125,0.38329933216538487,0.3832993322320315
3,256,1.75,uniform,150,0.58203125,0.38784306508380517,0.3878430651529608
3,256,1.75,uniform,151,0.5859375,0.3924097269097617,0.3924097269789001
3,256,1.75,uniform,152,0.58984375,0.3969992793313349,0.39699927939874047
3,256,1.75,uniform,153,0.59375,0.40161168434887357,0.40161168441931483
3,256,1.75,uniform,154,0.59765625,0.4062469042897655,0.40624690436067973
3,256,1.75,uniform,155,0.6015625,0.41090490178193695,0.41090490185149764
3,256,1.75,uniform,156,0.60546875,0.41558563975299234,0.4155856398245168
3,256,1.75,uniform,157,0.609375,0.4202890814399538,0.42028908151214645
3,256,1.75,uniform,158,0.61328125,0.4250151903723161,0.4250151904421242
3,256,1.75,uniform,159,0.6171875,0.4297639303582795,0.4297639304332732
3,256,1.75,uniform,160,0.62109375,0.4345352655192018,0.4345352655913472
3,256,1.75,uniform,161,0.625,0.43932916023165436,0.4393291603049602
3,256,1.75,uniform,162,0.62890625,0.4441455791670038,0.44414557924159953
3,256,1.75,uniform,163,0.6328125,0.44898448726985646,0.44898448734371915
3,256,1.75,uniform,164,0.63671875,0.4538458497489514,0.45384584982491183
3,256,1.75,uniform,165,0.640625,0.4587296320920947,0.4587296321661576
3,256,1.75,uniform,166,0.64453125,0.46363580003627247,0.46363580011214683
3,256,1.75,uniform,167,0.6484375,0.46856431958904965,0.46856431966767603
3,256,1.75,uniform,168,0.65234375,0.4735151570212479,0.47351515709411407
3,256,1.75,uniform,169,0.65625,0.4784882788255648,0.4784882789059374
3,256,1.75,uniform,170,0.66015625,0.48348365179149805,0.48348365186733305
3,256,1.75,uniform,171,0.6640625,0.4885012429092843,0.4885012429888658
3,256,1.75,uniform,172,0.66796875,0.49354101944683954,0.49354101952421076
3,256,1.75,uniform,173,0.671875,0.4986029488852458,0.498602948966947
3,256,1.75,uniform,174,0.67578125,0.5036869989697882,0.5036869990474125
3,256,1.75,uniform,175,0.6796875,0.5087931376474045,0.508793137729618
3,256,1.75,uniform,176,0.68359375,0.5139213331269754,0.5139213332082191
3,256,1.75,uniform,177,0.6875,0.5190715538257621,0.5190715539055438
3,256,1.75,uniform,178,0.69140625,0.524243768385856,0.5242437684686763
3,256,1.75,uniform,179,0.6953125,0.5294379456821688,0.5294379457665933
3,256,1.75,uniform,180,0.69921875,0.5346540548047286,0.5346540548873536
3,256,1.75,uniform,181,0.703125,0.539892065052756,0.5398920651353379
3,256,1.75,uniform,182,0.70703125,0.5451519459421081,0.5451519460285396
3,256,1.75,uniform,183,0.7109375,0.5504336672128066,0.5504336672959034
3,256,1.75,uniform,184,0.71484375,0.5557371987885478,0.5557371988747122
3,256,1.75,uniform,185,0.71875,0.5610625108224773,0.5610625109080203
3,256,1.75,uniform,186,0.72265625,0.5664095736532154,0.5664095737421317
3,256,1.75,uniform,187,0.7265625,0.5717783578380163,0.5717783579241235
3,256,1.75,uniform,188,0.73046875,0.5771688341107253,0.5771688341994113
3,256,1.75,uniform,189,0.734375,0.582580973421429,0.5825809735093594
3,256,1.75,uniform,190,0.73828125,0.5880147468967858,0.5880147469889296
3,256,1.75,uniform,191,0.7421875,0.5934701258760765,0.5934701259643727
3,256,1.75,uniform,192,0.74609375,0.5989470818609017,0.5989470819509578
3,256,1.75,uniform,193,0.75,0.604445586557049,0.6044455866507423
3,256,1.75,uniform,194,0.75390625,0.6099656118612553,0.6099656119503781
3,256,1.75,uniform,195,0.7578125,0.6155071298231873,0.6155071299189552
3,256,1.75,uniform,196,0.76171875,0.6210701127165862,0.6210701128058818
3,256,1.75,uniform,197,0.765625,0.6266545329385377,0.6266545330387997
3,256,1.75,uniform,198,0.76953125,0.6322603631334011,0.6322603632215348
3,256,1.75,uniform,199,0.7734375,0.6378875760332834,0.6378875761320796
3,256,1.75,uniform,200,0.77734375,0.6435361446258604,0.6435361447206117
3,256,1.75,uniform,201,0.78125,0.6492060420107209,0.6492060421075425
3,256,1.75,uniform,202,0.78515625,0.6548972414874192,0.6548972415815987
3,256,1.75,uniform,203,0.7890625,0.6606097164969611,0.6606097165979341
3,256,1.75,uniform,204,0.79296875,0.6663434406799045,0.6663434407762734
3,256,1.75,uniform,205,0.796875,0.6720983878023811,0.6720983878990836
3,256,1.75,uniform,206,0.80078125,0.6778745318082458,0.6778745319097763
3,256,1.75,uniform,207,0.8046875,0.6836718468121394,0.6836718469109382
3,256,1.75,uniform,208,0.80859375,0.68949030706326,0.6894903071625886
3,256,1.75,uniform,209,0.8125,0.6953298869807979,0.6953298870804656
3,256,1.75,uniform,210,0.81640625,0.7011905611316787,0.7011905612343384
3,256,1.75,uniform,211,0.8203125,0.7070723042408125,0.7070723043463463
3,256,1.75,uniform,212,0.82421875,0.7129750911938421,0.7129750912893627
3,256,1.75,uniform,213,0.828125,0.7188988969750053,0.718898897085385
3,256,1.75,uniform,214,0.83203125,0.7248436968051417,0.7248436969039499
3,256,1.75,uniform,215,0.8359375,0.7308094659538503,0.7308094660605708
3,256,1.75,uniform,216,0.83984375,0.7367961799137812,0.7367961800152013
3,256,1.75,uniform,217,0.84375,0.7428038142615876,0.7428038143707203
3,256,1.75,uniform,218,0.84765625,0.7488323447653413,0.7488323448714411
3,256,1.75,uniform,219,0.8515625,0.7548817472962193,0.7548817474016422
3,256,1.75,uniform,220,0.85546875,0.7609519978782379,0.7609519979841195
3,256,1.75,uniform,221,0.859375,0.7670430726726708,0.767043072778762
3,256,1.75,uniform,222,0.86328125,0.773154947971905,0.7731549480811464
3,256,1.75,uniform,223,0.8671875,0.7792876002136195,0.7792876003211533
3,256,1.75,uniform,224,0.87109375,0.7854410059522678,0.7854410060616043
3,256,1.75,uniform,225,0.875,0.7916151418892583,0.7916151419969174
3,256,1.75,uniform,226,0.87890625,0.7978099848412024,0.7978099849517841
3,256,1.75,uniform,227,0.8828125,0.8040255117732464,0.8040255118798637
3,256,1.75,uniform,228,0.88671875,0.8102616997470489,0.8102616998624971
3,256,1.75,uniform,229,0.890625,0.816518526007214,0.8165185261074396
3,256,1.75,uniform,230,0.89453125,0.8227959678264578,0.822795967947611
3,256,1.75,uniform,231,0.8984375,0.8290940027360435,0.8290940028398641
3,256,1.75,uniform,232,0.90234375,0.8354126082508694,0.8354126083637697
3,256,1.75,uniform,233,0.90625,0.8417517621079242,0.8417517622204201
3,256,1.75,uniform,234,0.91015625,0.8481114421246895,0.8481114422312481
3,256,1.75,uniform,235,0.9140625,0.8544916262169142,0.854491626336863
3,256,1.75,uniform,236,0.91796875,0.8608922924915728,0.8608922925959034
3,256,1.75,uniform,237,0.921875,0.8673134190642083,0.8673134191839044
3,256,1.75,uniform,238,0.92578125,0.8737549842861155,0.8737549843921822
3,256,1.75,uniform,239,0.9296875,0.8802169665104044,0.8802169666267328
3,256,1.75,uniform,240,0.93359375,0.8866993442997423,0.8866993444071457
3,256,1.75,uniform,241,0.9375,0.8932020962456857,0.8932020963655337
3,256,1.75,uniform,242,0.94140625,0.8997252011403309,0.8997252012454757
3,256,1.75,uniform,243,0.9453125,0.9062686377861046,0.9062686379009743
3,256,1.75,uniform,244,0.94921875,0.9128323851841743,0.9128323852954282
3,256,1.75,uniform,245,0.953125,0.9194164223918572,0.919416422500617
3,256,1.75,uniform,246,0.95703125,0.9260207285751059,0.9260207286957004
3,256,1.75,uniform,247,0.9609375,0.9326452830674334,0.9326452831662311
3,256,1.75,uniform,248,0.96484375,0.9392900651849965,0.939290065303179
3,256,1.75,uniform,249,0.96875,0.9459550544914204,0.9459550546019712
3,256,1.75,uniform,250,0.97265625,0.9526402305602906,0.9526402306615408
3,256,1.75,uniform,251,0.9765625,0.9593455730586147,0.9593455731833919
3,256,1.75,uniform,252,0.98046875,0.9660710618756037,0.9660710619706742
3,256,1.75,uniform,253,0.984375,0.9728166768084067,0.9728166769272705
3,256,1.75,uniform,254,0.98828125,0.9795823979510055,0.9795823980568964
3,256,1.75,uniform,255,0.9921875,0.9863682053577578,0.9863682054622106
3,256,1.75,uniform,256,0.99609375,0.993174079228077,0.9931740793439373
3,256,1.75,uniform,257,0.9986979166666666,0.9977224668041905,0.9977224669074786
3,256,1.75,uniform,258,1.0,0.999999999891719,1.0
3,256,1.75,positional,0,0.0,0.0,0.0
3,256,1.75,positional,1,3.375145040241095e-07,4.6999415695104425e-12,4.726196463854483e-12
3,256,1.75,positional,2,1.0130176035475205e-06,3.2375323943317155e-11,3.234668181598893e-11
3,256,1.75,positional,3,2.027930751259754e-06,1.0896527205347521e-10,1.0897903588857428e-10
3,256,1.75,positional,4,3.0494090804547825e-06,2.2253304296918342e-10,2.2252430643135157e-10
3,256,1.75,positional,5,4.094049131258062e-06,3.726191744864264e-10,3.726214382540986e-10
3,256,1.75,positional,6,5.220141642146506e-06,5.700928175658575e-10,5.700907607598782e-10
3,256,1.75,positional,7,6.591532024793875e-06,8.574842846621546e-10,8.574842291600347e-10
3,256,1.75,positional,8,8.559798579008489e-06,1.3546012967465233e-09,1.3546004153715782e-09
3,256,1.75,positional,9,1.1708837374029915e-05,2.3436879550071906e-09,2.3436842667488515e-09
3,256,1.75,positional,10,1.6806840975045964e-05,4.4116715901075126e-09,4.411646025562319e-09
3,256,1.75,positional,11,2.4682534527277775e-05,8.643427877040066e-09,8.643349375416861e-09
3,256,1.75,positional,12,3.6102948594548554e-05,1.6815262443987274e-08,1.6815108645956706e-08
3,256,1.75,positional,13,5.171753089555436e-05,3.1540554270758927e-08,3.1540321759911184e-08
3,256,1.75,positional,14,7.206836956724024e-05,5.637097724123091e-08,5.6370672978534386e-08
3,256,1.75,positional,15,9.76277510696067e-05,9.588593554046481e-08,9.588556882185403e-08
3,256,1.75,positional,16,0.00012883366479073696,1.5579465594349588e-07,1.5579423445931955e-07
3,256,1.75,positional,17,0.00016611366740345828,2.4305817513187965e-07,2.430577042005338e-07
3,256,1.75,positional,18,0.0002098979483824232,3.6602854249685995e-07,3.660280253313655e-07
3,256,1.75,positional,19,0.0002606250521708522,5.345997299214819e-07,5.345991682057209e-07
3,256,1.75,positional,20,0.00031874328989869974,7.60365117477359e-07,7.603645118668123e-07
3,256,1.75,positional,21,0.0003847098743365103,1.05677760320358e-06,1.0567769537158107e-06
3,256,1.75,positional,22,0.000458988994832368,1.439309481592281e-06,1.439308787878972e-06
3,256,1.75,positional,23,0.0005420495151018505,1.9256100636706053e-06,1.9256093252046615e-06
3,256,1.75,positional,24,0.0006343626584100584,2.5356596076273624e-06,2.5356588238262213e-06
3,256,1.75,positional,25,0.0007363998633061111,3.2919185644559593e-06,3.2919177347615613e-06
3,256,1.75,positional,26,0.0008486308925040386,4.219471475707952e-06,4.219470599636328e-06
3,256,1.75,positional,27,0.0009715222230290357,5.346165127595495e-06,5.346164204765031e-06
3,256,1.75,positional,28,0.0011055357171193597,6.702740789567798e-06,6.702739819713815e-06
3,256,1.75,positional,29,0.001251127559074041,8.322960558474752e-06,8.322959541453253e-06
3,256,1.75,positional,30,0.0014087474367696362,1.0243727997839132e-05,1.0243726933623725e-05
3,256,1.75,positional,31,0.0015788379442823047,1.2505203408351133e-05,1.250520229702706e-05
3,256,1.75,positional,32,0.0017618341818977246,1.5150914191151329e-05,1.5150913032903184e-05
3,256,1.75,positional,33,0.001958163530637578,1.8227860869335775e-05,1.8227859664436408e-05
3,256,1.75,positional,34,0.002168245579668187,2.1786619414628666e-05,2.1786618163427257e-05
3,256,1.75,positional,35,0.0023924921862762587,2.5881440584470205e-05,2.5881439287374334e-05
3,256,1.75,positional,36,0.0026313076493621034,3.05703470094493e-05,3.0570345666917616e-05
3,256,1.75,positional,37,0.0028850889785707067,3.5915228782331734e-05,3.59152273948565e-05
3,256,1.75,positional,38,0.0031542262422628673,4.1981938288508606e-05,4.198193685660312e-05
3,256,1.75,positional,39,0.003439102978550917,4.884038498529088e-05,4.88403835094844e-05
3,256,1.75,positional,40,0.003740096654619829,5.6564630786096705e-05,5.656462926691659e-05
3,256,1.75,positional,41,0.004057579160554707,6.523298663786e-05,6.523298507582285e-05
3,256,1.75,positional,42,0.004391917324921367,7.492811079919687e-05,7.492810919481202e-05
3,256,1.75,positional,43,0.004743473440410429,8.573710923613999e-05,8.573710758988631e-05
3,256,1.75,positional,44,0.0051126057889602445,9.77516384548462e-05,9.775163676717705e-05
3,256,1.75,positional,45,0.0054996691569159884,0.00011106801099041116,0.0001110680092617488
3,256,1.75,positional,46,0.005905015331951115,0.00012578730367027413,0.00012578730190100426
3,256,1.75,positional,47,0.006328993574659242,0.00014201546867307648,0.00014201546686354224
3,256,1.75,positional,48,0.006771951058903163,0.00015986344731147602,0.00015986344546198978
3,256,1.75,positional,49,0.007234233276166194,0.00017944728638267377,0.00017944728449348612
3,256,1.75,positional,50,0.007716184400273138,0.0002008882568545078,0.00020088825492585894
3,256,1.75,positional,51,0.00821814760991866,0.00022431297459033883,0.00022431297262240588
3,256,1.75,positional,52,0.008740465367446751,0.00024985352276154604,0.0002498535207544689
3,256,1.75,positional,53,0.009283479653255513,0.00027764757555529977,0.0002776475735091849
3,256,1.75,positional,54,0.009847532156048047,0.0003078385227551302,0.00030783852067006387
3,256,1.75,positional,55,0.010432964419907216,0.00034057559475426187,0.0003405755926302468
3,256,1.75,positional,56,0.011040117949835357,0.0003760139875548904,0.000376013985391993
3,256,1.75,positional,57,0.011669334277968563,0.00041431498731237773,0.0004143149851104992
3,256,1.75,positional,58,0.012320954993148977,0.00045564609399552353,0.00045564609175471226
3,256,1.75,positional,59,0.012995321736919729,0.000500181143761265,0.0005001811414813707
3,256,1.75,positional,60,0.013692776169299384,0.0005481004296690433,0.0005481004273500119
3,256,1.75,positional,61,0.014413659907900214,0.0005995908204031548,0.0005995908180449263
3,256,1.75,positional,62,0.015158314444083082,0.0006548458767114426,0.0006548458743138116
3,256,1.75,positional,63,0.01592708103989739,0.0007140659653180335,0.0007140659628809649
3,256,1.75,positional,64,0.016720300609543985,0.0007774583701207852,0.0007774583676440183
3,256,1.75,positional,65,0.017538313589029405,0.000845237400532769,0.0008452373980163108
3,256,1.75,positional,66,0.01838145979755853,0.0009176244968872976,0.0009176244943308654
3,256,1.75,positional,67,0.01925007829404675,0.0009948483328719978,0.0009948483302755584
3,256,1.75,positional,68,0.020144507231929835,0.0010771449150180957,0.0010771449123814837
3,256,1.75,positional,69,0.02106508371521613,0.0011647576793138179,0.001164757676636831
3,256,1.75,positional,70,0.02201214365846903,0.0012579375850635642,0.0012579375823460962
3,256,1.75,positional,71,0.022986021653133678,0.0013569432061566107,0.001356943203398443
3,256,1.75,positional,72,0.02398705084233683,0.001462040819947788,0.0014620408171490103
3,256,1.75,positional,73,0.025015562805998398,0.001573504493992482,0.0015735044911525222
3,256,1.75,positional,74,0.026071887457801816,0.0016916161709002026,0.0016916161680193113
3,256,1.75,positional,75,0.027156352955283573,0.0018166657516116842,0.0018166657486897277
3,256,1.75,positional,76,0.028269285624022564,0.001948951177406932,0.0019489511744436277
3,256,1.75,positional,77,0.0294110098966423,0.0020887785109821,0.002088778507977369
3,256,1.75,positional,78,0.030581848267084724,0.002236462016937614,0.002236462013891376
3,256,1.75,positional,79,0.031782121260377154,0.00239232424202452,0.002392324238937224
3,256,1.75,positional,80,0.03301214741789427,0.002556696095503859,0.002556696092374339
3,256,1.75,positional,81,0.03427224329791744,0.002729916929953925,0.0027299169267832957
3,256,1.75,positional,82,0.03556272349111383,0.0029123346228884465,0.00291233461967544
3,256,1.75,positional,83,0.03688390065039915,0.003104305659481592,0.0031043056562276524
3,256,1.75,positional,84,0.03823608553450999,0.0033061952167533423,0.0033061952134568803
3,256,1.75,positional,85,0.03961958706449357,0.0035183772494698476,0.003518377246131769
3,256,1.75,positional,86,0.041034712392226114,0.003741234578079474,0.003741234574699155
3,256,1.75,positional,87,0.042481766979991786,0.003975158978903255,0.003975158975481185
3,256,1.75,positional,88,0.04396105469009431,0.004220551276839756,0.00422055127337528
3,256,1.75,positional,89,0.045472877883429984,0.004477821440770417,0.00447782143726414
3,256,1.75,positional,90,0.04701753752592306,0.004747388681865461,0.004747388678316914
3,256,1.75,positional,91,0.048595333301711195,0.0050296815549265746,0.005029681551335984
3,256,1.75,positional,92,0.0502065637319682,0.005325138062910189,0.005325138059276601
3,256,1.75,positional,93,0.0518515262982624,0.005634205764713275,0.00563420576103943
3,256,1.75,positional,94,0.0535305175693701,0.005957341886328526,0.005957341882608939
3,256,1.75,positional,95,0.05524383333049304,0.006295013435342051,0.006295013431583755
3,256,1.75,positional,96,0.05699176871386652,0.006647697318922964,0.006647697315118992
3,256,1.75,positional,97,0.058774618329787275,0.00701588046511998,0.007015880461274957
3,256,1.75,positional,98,0.06059267639713898,0.0074000599476294684,0.007400059943742079
3,256,1.75,positional,99,0.06244623687254458,0.007800743113818228,0.007800743109888111
3,256,1.75,positional,100,0.06433559357732971,0.008218447716025437,0.00821844771205108
3,256,1.75,positional,101,0.06626104032153794,0.008653702045996116,0.008653702041979882
3,256,1.75,positional,102,0.06822287102429617,0.009107045072361649,0.009107045068304034
3,256,1.75,positional,103,0.07022137982988673,0.009579026580999381,0.009579026576894932
3,256,1.75,positional,104,0.07225686121894048,0.010070207318105408,0.01007020731396294
3,256,1.75,positional,105,0.07432961011422262,0.010581159135909424,0.010581159131717983
3,256,1.75,positional,106,0.0764399219805386,0.011112465140634463,0.011112465136405708
3,256,1.75,positional,107,0.07858809291834236,0.011664719842796024,0.011664719838516972
3,256,1.75,positional,108,0.08077441975068193,0.01223852930927186,0.012238529304955458
3,256,1.75,positional,109,0.08299920010316784,0.012834511317302899,0.012834511312936047
3,256,1.75,positional,110,0.08526273247669929,0.013453295509780363,0.0134532955053762
3,256,1.75,positional,111,0.08756531631272897,0.014095523551984034,0.014095523547532764
3,256,1.75,positional,112,0.08990725205089227,0.014761849289124912,0.01476184928462838
3,256,1.75,positional,113,0.09228884117886821,0.01545293890474273,0.015452938900204322
3,256,1.75,positional,114,0.09471038627438037,0.016169471079518584,0.01616947107493061
3,256,1.75,positional,115,0.0971721910392827,0.016912137150222824,0.016912137145599034
3,256,1.75,positional,116,0.09967456032571224,0.017681641268705136,0.017681641264021136
3,256,1.75,positional,117,0.10221780015432352,0.018478700560260033,0.018478700555550207
3,256,1.75,positional,118,0.10480221772465194,0.01930404528171765,0.019304045276944893
3,256,1.75,positional,119,0.10742812141768343,0.020158418978103106,0.020158418973291445
3,256,1.75,positional,120,0.11009582079073675,0.021042578638558865,0.021042578633702434
3,256,1.75,positional,121,0.1128056265647905,0.021957294850419206,0.021957294845511316
3,256,1.75,positional,122,0.11555785060441422,0.02290335195163327,0.022903351946685573
3,256,1.75,positional,123,0.11835280589048518,0.023881548181189552,0.023881548176184778
3,256,1.75,positional,124,0.1211908064858966,0.024892695827044127,0.024892695821995662
3,256,1.75,positional,125,0.12407216749448396,0.025937621371672947,0.025937621366582432
3,256,1.75,positional,126,0.12699720501341635,0.02701716563465233,0.027017165629498262
3,256,1.75,positional,127,0.12996623607931923,0.028132183912097604,0.028132183906912717
3,256,1.75,positional,128,0.13297957860841245,0.029283546113066695,0.029283546107819525
3,256,1.75,positional,129,0.1360375513309652,0.030472136891993584,0.030472136886700606
3,256,1.75,positional,130,0.13914047372038377,0.03169885577777368,0.03169885577243372
3,256,1.75,positional,131,0.14228866591726416,0.0329646172986436,0.032964617293245055
3,256,1.75,positional,132,0.1454824486487544,0.03427035110295936,0.034270351097521815
3,256,1.75,positional,133,0.14872214314358276,0.035617002075809055,0.03561700207031513
3,256,1.75,positional,134,0.15200807104312117,0.03700553045091973,0.03700553044538017
3,256,1.75,positional,135,0.15534055430886115,0.03843691191821565,0.0384369119126171
3,256,1.75,positional,136,0.15871991512668857,0.03991213772643755,0.0399121377207942
3,256,1.75,positional,137,0.16214647580835198,0.04143221478115901,0.04143221477545397
3,256,1.75,positional,138,0.16562055869052306,0.04299816573765993,0.04299816573192095
3,256,1.75,positional,139,0.1691424860318541,0.04461102908915868,0.044611029083351406
3,256,1.75,positional,140,0.17271257990843983,0.04627185924963508,0.04627185924378406
3,256,1.75,positional,141,0.1763311621080921,0.047981726632078246,0.047981726626172706
3,256,1.75,positional,142,0.17999855402383722,0.049741717721364154,0.04974171771540204
3,256,1.75,positional,143,0.18371507654704286,0.05155293514231282,0.05155293513630935
3,256,1.75,positional,144,0.18748104996058104,0.05341649772282886,0.05341649771675642
3,256,1.75,positional,145,0.19129679383242634,0.05533354055193975,0.055333540545816455
3,256,1.75,positional,146,0.19516262691008576,0.05730521503334948,0.057305215027162675
3,256,1.75,positional,147,0.19907886701624758,0.0593326889339703,0.05933268892776579
3,256,1.75,positional,148,0.20304583094602824,0.06141714642832602,0.061417146422027835
3,256,1.75,positional,149,0.207063834366187,0.06355978813781195,0.06355978813150046
3,256,1.75,positional,150,0.21113319171666597,0.06576183116678581,0.06576183116035457
3,256,1.75,positional,151,0.21525421611480067,0.0680245091331728,0.06802450912678754
3,256,1.75,positional,152,0.21942721926253325,0.0703490721971326,0.0703490721905722
3,256,1.75,positional,153,0.22365251135694364,0.072736787083442,0.07273678707696836
3,256,1.75,positional,154,0.22793040100440062,0.07518893710388788,0.07518893709723552
3,256,1.75,positional,155,0.23226119513861465,0.07770682217264062,0.07770682216599827
3,256,1.75,positional,156,0.23664519894285965,0.08029175882246084,0.08029175881573296
3,256,1.75,positional,157,0.2410827157766097,0.08294508021538681,0.08294508020865511
3,256,1.75,positional,158,0.24557404710681888,0.08566813615316278,0.08566813614629992
3,256,1.75,positional,159,0.2501194924440521,0.08846229308395609,0.08846229307709921
3,256,1.75,positional,160,0.254719349283655,0.09132893410922084,0.09132893410226726
3,256,1.75,positional,161,0.25937391305212915,0.09426945898729476,0.0942694589803161
3,256,1.75,positional,162,0.26408347705886037,0.09728528413757409,0.09728528413052884
3,256,1.75,positional,163,0.26884833245332435,0.1003778426428378,0.10037784263572358
3,256,1.75,positional,164,0.2736687681878749,0.1035485842517675,0.10354858424464695
3,256,1.75,positional,165,0.27854507098619835,0.10679897538157063,0.10679897537433758
3,256,1.75,positional,166,0.28347752531749776,0.11013049912008269,0.11013049911280302
3,256,1.75,positional,167,0.28846641337644946,0.1135446552296894,0.11354465522235392
3,256,1.75,positional,168,0.29351201506895575,0.11704296015128735,0.11704296014393836
3,256,1.75,positional,169,0.29861460800369727,0.1206269470102449,0.12062694700281837
3,256,1.75,positional,170,0.30377446748946985,0.12429816562339875,0.12429816561592673
3,256,1.75,positional,171,0.30899186653827376,0.12805818250878706,0.12805818250123996
3,256,1.75,positional,172,0.31426707587410374,0.13190858089698454,0.13190858088949636
3,256,1.75,positional,173,0.31960036394737384,0.13585096074630057,0.13585096073858452
3,256,1.75,positional,174,0.3249919969548931,0.13988693875848188,0.1398869387509187
3,256,1.75,positional,175,0.33044223886529583,0.14401814840196936,0.14401814839411198
3,256,1.75,positional,176,0.33595135144981264,0.14824623993287922,0.148246239925248
3,256,1.75,positional,177,0.3415195943182588,0.15257288042703787,0.1525728804190439
3,256,1.75,positional,178,0.34714722496010336,0.15699975380795742,0.15699975380018868
3,256,1.75,positional,179,0.3528344987904691,0.16152856088815642,0.16152856088012738
3,256,1.75,positional,180,0.358581669200906,0.166161019406517,0.16616101939855452
3,256,1.75,positional,181,0.3643889876147723,0.17089886407803973,0.17089886406986785
3,256,1.75,positional,182,0.370256703547045,0.1757438466428494,0.17574384663482032
3,256,1.75,positional,183,0.3761850646683793,0.18069773592573532,0.1806977359175988
3,256,1.75,positional,184,0.38217431687322717,0.18576231789692477,0.1857623178885443
3,256,1.75,positional,185,0.38822470435182116,0.1909393957409036,0.19093939573271712
3,256,1.75,positional,186,0.3943364696658261,0.19623078993298632,0.19623078992449794
3,256,1.75,positional,187,0.4005098538274548,0.20163833831676733,0.2016383383084021
3,256,1.75,positional,188,0.4067450963818467,0.20716389619492448,0.2071638961862749
3,256,1.75,positional,189,0.4130424354925008,0.2128093364196154,0.21280933641101982
3,256,1.75,positional,190,0.41940210802955774,0.21857654949542543,0.21857654948700214
3,256,1.75,positional,191,0.42582434966072386,0.2244674436863108,0.22446744367725657
3,256,1.75,positional,192,0.4323093949446311,0.2304839451262301,0.230483945117617
3,256,1.75,positional,193,0.43885747742642806,0.23662799794670047,0.23662799793787326
3,256,1.75,positional,194,0.4454688297353984,0.24290156439907182,0.2429015643900493
3,256,1.75,positional,195,0.4521436836844079,0.2493066249930903,0.2493066249838864
3,256,1.75,positional,196,0.4588822703709805,0.2558451786385426,0.25584517862960215
3,256,1.75,positional,197,0.4656848202798129,0.2625192427970884,0.26251924278798944
3,256,1.75,positional,198,0.47255156338653376,0.2693308536374845,0.26933085362790354
3,256,1.75,positional,199,0.4794827292625264,0.2762820662003095,0.27628206619118223
3,256,1.75,positional,200,0.4864785471806317,0.283374954574474,0.28337495456502954
3,256,1.75,positional,201,0.49353924622155726,0.29061161207170066,0.29061161206188657
3,256,1.75,positional,202,0.5006650553808227,0.29799415141610136,0.29799415140680574
3,256,1.75,positional,203,0.5078562036760764,0.3055247049422431,0.3055247049323323
3,256,1.75,positional,204,0.5151129202546267,0.31320542479072283,0.31320542478089625
3,256,1.75,positional,205,0.5224354345010335,0.3210384831246395,0.3210384831147014
3,256,1.75,positional,206,0.5298239761446154,0.3290260723429584,0.3290260723331013
3,256,1.75,positional,207,0.5372787753667332,0.3371704053077,0.3371704052974369
3,256,1.75,positional,208,0.5448000629077147,0.34547371557350676,0.3454737155633105
3,256,1.75,positional,209,0.5523880701732944,0.35393825763049674,0.3539382576202612
3,256,1.75,positional,210,0.5600430293404491,0.36256630714940685,0.3625663071388055
3,256,1.75,positional,211,0.567765173462513,0.37136016123514226,0.371360161224798
3,256,1.75,positional,212,0.5755547365734652,0.3803221386918041,0.38032213868106596
3,256,1.75,positional,213,0.5834119537912894,0.3894545802869281,0.38945458027626545
3,256,1.75,positional,214,0.5913370614203086,0.39875984903162465,0.3987598490209046
3,256,1.75,positional,215,0.5993302970524078,0.40824033046172664,0.40824033045047575
3,256,1.75,positional,216,0.607391899667059,0.41789843292605966,0.41789843291563294
3,256,1.75,positional,217,0.6155221097300736,0.42773658789066904,0.42773658787935387
3,256,1.75,positional,218,0.6237211692910111,0.43775725023225287,0.4377572502210188
3,256,1.75,positional,219,0.6319893220791744,0.4479628985585882,0.4479628985473358
3,256,1.75,positional,220,0.6403268135981376,0.4583560355209604,0.4583560355100476
3,256,1.75,positional,221,0.6487338912187445,0.46893918814223146,0.4689391881303417
3,256,1.75,positional,222,0.6572108042705332,0.4797149081409816,0.47971490812989753
3,256,1.75,positional,223,0.6657578041315392,0.49068577228023325,0.49068577226849336
3,256,1.75,positional,224,0.6743751443164355,0.5018543826997334,0.5018543826880985
3,256,1.75,positional,225,0.6830630805629777,0.5132233672748209,0.513223367263378
3,256,1.75,positional,226,0.6918218709167188,0.5247953799704456,0.5247953799585334
3,256,1.75,positional,227,0.700651775813968,0.5365731012023564,0.5365731011904031
3,256,1.75,positional,228,0.7095530581629701,0.5485592382096837,0.5485592381977484
3,256,1.75,positional,229,0.7185259834232872,0.5607565254286212,0.5607565254166517
3,256,1.75,positional,230,0.7275708196833618,0.573167724874028,0.5731677248619448
3,256,1.75,positional,231,0.7366878377362558,0.5857956265267295,0.5857956265146037
3,256,1.75,positional,232,0.7458773111535497,0.5986430487269618,0.5986430487150255
3,256,1.75,positional,233,0.7551395163573987,0.6117128385749805,0.6117128385621207
3,256,1.75,positional,234,0.7644747326907404,0.625007872329924,0.6250078723181438
3,256,1.75,positional,235,0.7738832424856561,0.6385310558320264,0.6385310558191972
3,256,1.75,positional,236,0.783365331129881,0.6522853249040236,0.6522853248913263
3,256,1.75,positional,237,0.7929212871314739,0.6662736457847862,0.666273645772146
3,256,1.75,positional,238,0.8025514021816481,0.680499015550519,0.6804990155379267
3,256,1.75,positional,239,0.812255971215771,0.6949644625492823,0.6949644625360657
3,256,1.75,positional,240,0.8220352924725449,0.7096730468360298,0.7096730468228866
3,256,1.75,positional,241,0.8318896675513773,0.7246278606196729,0.7246278606066917
3,256,1.75,positional,242,0.8418194014679546,0.7398320287098439,0.7398320286960093
3,256,1.75,positional,243,0.8518248027080338,0.7552887089658924,0.7552887089529654
3,256,1.75,positional,244,0.861906183279466,0.7710010927659016,0.7710010927517227
3,256,1.75,positional,245,0.8720638587624704,0.7869724054554222,0.7869724054419219
3,256,1.75,positional,246,0.8822981483581748,0.8032059068311435,0.8032059068170647
3,256,1.75,positional,247,0.8926093749354388,0.8197048916018776,0.8197048915877758
3,256,1.75,positional,248,0.9029978650759855,0.8364726898742874,0.8364726898598934
3,256,1.75,positional,249,0.9134639491178529,0.8535126676317834,0.8535126676173194
3,256,1.75,positional,250,0.9240079611971924,0.8708282272232432,0.8708282272095793
3,256,1.75,positional,251,0.9346302392884306,0.8884228078596832,0.8884228078440329
3,256,1.75,positional,252,0.9453311252428191,0.9062998860961586,0.9062998860826819
3,256,1.75,positional,253,0.9561109648253906,0.9244629763597713,0.9244629763435157
3,256,1.75,positional,254,0.966970107750346,0.9429156314191302,0.9429156314063482
3,256,1.75,positional,255,0.977908907714892,0.9616614429406051,0.961661442923084
3,256,1.75,positional,256,0.9889277224315527,0.9807040419448649,0.9807040419323673
3,256,1.75,positional,257,0.99630031023806,0.9935345282506163,0.993534528245171
3,256,1.75,positional,258,1.0,1.0000000000062688,1.0
3,256,1.85,uniform,0,0.0,0.0,0.0
3,256,1.85,uniform,1,0.0013020833333333333,4.577157685987552e-06,4.592844512575993e-06
3,256,1.85,uniform,2,0.00390625,3.507445908472514e-05,3.505549179068098e-05
3,256,1.85,uniform,3,0.0078125,0.00012636693323906596,0.0001263751127736056
3,256,1.85,uniform,4,0.01171875,0.0002675713389429499,0.0002675656668370979
3,256,1.85,uniform,5,0.015625,0.00045558113199697426,0.0004555825153988316
3,256,1.85,uniform,6,0.01953125,0.0006884166376357462,0.0006884153923436536
3,256,1.85,uniform,7,0.0234375,0.000964574618106256,0.0009645747240628391
3,256,1.85,uniform,8,0.02734375,0.0012828844941240505,0.0012828841462431356
3,256,1.85,uniform,9,0.03125,0.0016423758825500252,0.0016423758110424107
3,256,1.85,uniform,10,0.03515625,0.002042230394820493,0.0020422302587411556
3,256,1.85,uniform,11,0.0390625,0.002481738833151274,0.002481738763272536
3,256,1.85,uniform,12,0.04296875,0.002960278302671298,0.0029602782324622016
3,256,1.85,uniform,13,0.046875,0.003477293713841937,0.003477293665137391
3,256,1.85,uniform,14,0.05078125,0.004032285465519125,0.004032285424212313
3,256,1.85,uniform,15,0.0546875,0.0046247997522960976,0.004624799721110904
3,256,1.85,uniform,16,0.05859375,0.005254421346546088,0.0052544213218631295
3,256,1.85,uniform,17,0.0625,0.005920767856381098,0.005920767837931241
3,256,1.85,uniform,18,0.06640625,0.006623485190491402,0.006623485176999582
3,256,1.85,uniform,19,0.0703125,0.007362243870854638,0.007362243861793208
3,256,1.85,uniform,20,0.07421875,0.008136736016270522,0.008136736011021174
3,256,1.85,uniform,21,0.078125,0.008946672835760226,0.008946672833914412
3,256,1.85,uniform,22,0.08203125,0.009791782527888261,0.009791782529079663
3,256,1.85,uniform,23,0.0859375,0.010671808501908167,0.01067180850585332
3,256,1.85,uniform,24,0.08984375,0.011586507859482457,0.011586507865939347
3,256,1.85,uniform,25,0.09375,0.012535650088583053,0.012535650097355133
3,256,1.85,uniform,26,0.09765625,0.013519015932302715,0.013519015943220926
3,256,1.85,uniform,27,0.1015625,0.014536396402872362,0.014536396415801022
3,256,1.85,uniform,28,0.10546875,0.015587591917365836,0.015587591932178723
3,256,1.85,uniform,29,0.109375,0.016672411535931613,0.016672411552534565
3,256,1.85,uniform,30,0.11328125,0.017790672287264206,0.017790672305559172
3,256,1.85,uniform,31,0.1171875,0.018942198568402978,0.018942198588325423
3,256,1.85,uniform,32,0.12109375,0.02012682160867849,0.02012682163015594
3,256,1.85,uniform,33,0.125,0.021344378988814573,0.021344379011787425
3,256,1.85,uniform,34,0.12890625,0.022594714208129925,0.02259471423255443
3,256,1.85,uniform,35,0.1328125,0.023877676293647017,0.0238776763194674
3,256,1.85,uniform,36,0.13671875,0.02519311944581206,0.025193119473000698
3,256,1.85,uniform,37,0.140625,0.026540902716659646,0.0265409027451795
3,256,1.85,uniform,38,0.14453125,0.027920889716387193,0.02792088974619389
3,256,1.85,uniform,39,0.1484375,0.02933294834521162,0.02933294837630014
3,256,1.85,uniform,40,0.15234375,0.030776950547894606,0.030776950580213763
3,256,1.85,uniform,41,0.15625,0.03225277208800826,0.032252772121572446
3,256,1.85,uniform,42,0.16015625,0.03376029234062165,0.03376029237536262
3,256,1.85,uniform,43,0.1640625,0.035299394100525676,0.03529939413647077
3,256,1.85,uniform,44,0.16796875,0.036869963405644364,0.036869963442748864
3,256,1.85,uniform,45,0.171875,0.038471889372912176,0.038471889411178
3,256,1.85,uniform,46,0.17578125,0.04010506404648405,0.040105064085882075
3,256,1.85,uniform,47,0.1796875,0.04176938225635989,0.041769382296887446
3,256,1.85,uniform,48,0.18359375,0.04346474148700052,0.043464741528649486
3,256,1.85,uniform,49,0.1875,0.045191041754717984,0.045191041797475254
3,256,1.85,uniform,50,0.19140625,0.046948185493217914,0.046948185537065826
3,256,1.85,uniform,51,0.1953125,0.048736077446538975,0.048736077491484196
3,256,1.85,uniform,52,0.19921875,0.05055462456890235,0.05055462461492684
3,256,1.85,uniform,53,0.203125,0.0524037359306384,0.05240373597774035
3,256,1.85,uniform,54,0.20703125,0.054283322630022654,0.054283322678180417
3,256,1.85,uniform,55,0.2109375,0.05619329771023135,0.05619329775945968
3,256,1.85,uniform,56,0.21484375,0.05813357608136985,0.05813357613167451
3,256,1.85,uniform,57,0.21875,0.06010407444692286,0.06010407449823971
3,256,1.85,uniform,58,0.22265625,0.06210471123407945,0.06210471128649416
3,256,1.85,uniform,59,0.2265625,0.06413540652879782,0.06413540658217157
3,256,1.85,uniform,60,0.23046875,0.0661960820129347,0.06619608206745739
3,256,1.85,uniform,61,0.234375,0.0682866609068834,0.06828666096237802
3,256,1.85,uniform,62,0.23828125,0.07040706791280577,0.07040706796928965
3,256,1.85,uniform,63,0.2421875,0.07255722916263416,0.07255722922025483
3,256,1.85,uniform,64,0.24609375,0.07473707216853213,0.07473707222711168
3,256,1.85,uniform,65,0.25,0.07694652577447535,0.07694652583405726
3,256,1.85,uniform,66,0.25390625,0.07918552011192592,0.07918552017258096
3,256,1.85,uniform,67,0.2578125,0.08145398655694966,0.08145398661859676
3,256,1.85,uniform,68,0.26171875,0.08375185768900528,0.08375185775163521
3,256,1.85,uniform,69,0.265625,0.08607906725232517,0.08607906731596665
3,256,1.85,uniform,70,0.26953125,0.08843555011884426,0.08843555018353713
3,256,1.85,uniform,71,0.2734375,0.09082124225295925,0.09082124231860719
3,256,1.85,uniform,72,0.27734375,0.09323608067728326,0.09323608074399194
3,256,1.85,uniform,73,0.28125,0.09568000344111083,0.09568000350880831
3,256,1.85,uniform,74,0.28515625,0.09815294958895299,0.09815294965764201
3,256,1.85,uniform,75,0.2890625,0.10065485913138766,0.10065485920105292
3,256,1.85,uniform,76,0.29296875,0.10318567301651518,0.1031856730873436
3,256,1.85,uniform,77,0.296875,0.10574533310389049,0.10574533317552043
3,256,1.85,uniform,78,0.30078125,0.10833378213657201,0.10833378220938193
3,256,1.85,uniform,79,0.3046875,0.1109509637189447,0.11095096379267326
3,256,1.85,uniform,80,0.30859375,0.11359682229039429,0.1135968223652496
3,256,1.85,uniform,81,0.3125,0.11627130310449679,0.11627130318019543
3,256,1.85,uniform,82,0.31640625,0.11897435220492368,0.11897435228184963
3,256,1.85,uniform,83,0.3203125,0.12170591640691092,0.12170591648468979
3,256,1.85,uniform,84,0.32421875,0.12446594327412303,0.124465943353032
3,256,1.85,uniform,85,0.328125,0.12725438110177492,0.12725438118150526
3,256,1.85,uniform,86,0.33203125,0.13007117889536343,0.13007117897626175
3,256,1.85,uniform,87,0.3359375,0.13291628635505318,0.13291628643688724
3,256,1.85,uniform,88,0.33984375,0.13578965385609967,0.1357896539389773
3,256,1.85,uniform,89,0.34375,0.13869123243346923,0.1386912325173475
3,256,1.85,uniform,90,0.34765625,0.14162097376490512,0.1416209738498479
3,256,1.85,uniform,91,0.3515625,0.14457883015601264,0.14457883024175286
3,256,1.85,uniform,92,0.35546875,0.1475647545236204,0.14756475461070015
3,256,1.85,uniform,93,0.359375,0.15057870038419618,0.15057870047215374
3,256,1.85,uniform,94,0.36328125,0.1536206218364599,0.15362062192536674
3,256,1.85,uniform,95,0.3671875,0.15669047355000248,0.15669047363982208
3,256,1.85,uniform,96,0.37109375,0.15978821075124372,0.1597882108421296
3,256,1.85,uniform,97,0.375,0.1629137892113605,0.16291378930335976
3,256,1.85,uniform,98,0.37890625,0.16606716523398696,0.16606716532679464
3,256,1.85,uniform,99,0.3828125,0.169248295641812,0.16924829573607866
3,256,1.85,uniform,100,0.38671875,0.17245713776919835,0.17245713786375189
3,256,1.85,uniform,101,0.390625,0.17569364944414187,0.17569364954014963
3,256,1.85,uniform,102,0.39453125,0.17895778898591497,0.17895778908265345
3,256,1.85,uniform,103,0.3984375,0.18224951518712645,0.18224951528527872
3,256,1.85,uniform,104,0.40234375,0.18556878730964294,0.18556878740858515
3,256,1.85,uniform,105,0.40625,0.18891556506990195,0.1889155651698972
3,256,1.85,uniform,106,0.41015625,0.19228980863290995,0.19228980873382187
3,256,1.85,uniform,107,0.4140625,0.1956914786008774,0.19569147870305229
3,256,1.85,uniform,108,0.41796875,0.19912053600646107,0.19912053610944563
3,256,1.85,uniform,109,0.421875,0.20257694230109338,0.20257694240536467
3,256,1.85,uniform,110,0.42578125,0.20606065935038806,0.20606065945527305
3,256,1.85,uniform,111,0.4296875,0.2095716494213186,0.20957164952757432
3,256,1.85,uniform,112,0.43359375,0.21310987517934993,0.21310987528668565
3,256,1.85,uniform,113,0.4375,0.2166752996773491,0.2166752997853374
3,256,1.85,uniform,114,0.44140625,0.22026788634752387,0.2202678864570898
3,256,1.85,uniform,115,0.4453125,0.22388759899879954,0.22388759910905967
3,256,1.85,uniform,116,0.44921875,0.22753440180366793,0.22753440191484808
3,256,1.85,uniform,117,0.453125,0.23120825929526495,0.23120825940766324
3,256,1.85,uniform,118,0.45703125,0.23490913635973246,0.2349091364736302
3,256,1.85,uniform,119,0.4609375,0.23863699823122836,0.23863699834528188
3,256,1.85,uniform,120,0.46484375,0.24239181047939923,0.2423918105952239
3,256,1.85,uniform,121,0.46875,0.24617353901336805,0.24617353912996848
3,256,1.85,uniform,122,0.47265625,0.24998215006664076,0.24998215018392994
3,256,1.85,uniform,123,0.4765625,0.25381761019407395,0.25381761031357786
3,256,1.85,uniform,124,0.48046875,0.2576798862714303,0.25767988639174116
3,256,1.85,uniform,125,0.484375,0.2615689454820863,0.2615689456020589
3,256,1.85,uniform,126,0.48828125,0.2654847553105471,0.26548475543357225
3,256,1.85,uniform,127,0.4921875,0.2694272835524798,0.26942728367545377
3,256,1.85,uniform,128,0.49609375,0.27339649828758483,0.2733964984118681
3,256,1.85,uniform,129,0.5,0.27739236789222077,0.2773923680169612
3,256,1.85,uniform,130,0.50390625,0.281414861022089,0.2814148611499734
3,256,1.85,uniform,131,0.5078125,0.28546394662414054,0.2854639467504713
3,256,1.85,uniform,132,0.51171875,0.28953959390456974,0.28953959403369667
3,256,1.85,uniform,133,0.515625,0.293641772357287,0.29364177248602685
3,256,1.85,uniform,134,0.51953125,0.29777045172843997,0.29777045186054424
3,256,1.85,uniform,135,0.5234375,0.30192560204162483,0.30192560217271075
3,256,1.85,uniform,136,0.52734375,0.30610719356323457,0.3061071936961444
3,256,1.85,uniform,137,0.53125,0.3103151968239758,0.31031519695849497
3,256,1.85,uniform,138,0.53515625,0.31454958260257326,0.31454958273741507
3,256,1.85,uniform,139,0.5390625,0.3188103219197839,0.3188103220566245
3,256,1.85,uniform,140,0.54296875,0.3230973860449534,0.3230973861820647
3,256,1.85,uniform,141,0.546875,0.32741074647898105,0.3274107466181402
3,256,1.85,uniform,142,0.55078125,0.33175037496504145,0.3317503751040455
3,256,1.85,uniform,143,0.5546875,0.3361162434693001,0.33611624361017384
3,256,1.85,uniform,144,0.55859375,0.34050832419232113,0.3405083243346062
3,256,1.85,uniform,145,0.5625,0.3449265895565782,0.34492658969967743
3,256,1.85,uniform,146,0.56640625,0.3493710122041723,0.34937101234861817
3,256,1.85,uniform,147,0.5703125,0.35384156499749475,0.3538415651422696
3,256,1.85,uniform,148,0.57421875,0.3583382210082645,0.3583382211558696
3,256,1.85,uniform,149,0.578125,0.3628609535298569,0.36286095367590776
3,256,1.85,uniform,150,0.58203125,0.3674097360469826,0.36740973619704737
3,256,1.85,uniform,151,0.5859375,0.3719845422704082,0.3719845424191133
3,256,1.85,uniform,152,0.58984375,0.37658534609237004,0.3765853462441424
3,256,1.85,uniform,153,0.59375,0.38121212162199747,0.38121212177349667
3,256,1.85,uniform,154,0.59765625,0.38586484315323183,0.3858648433050352
3,256,1.85,uniform,155,0.6015625,0.3905434851751243,0.3905434853303456
3,256,1.85,uniform,156,0.60546875,0.3952480223786481,0.3952480225320319
3,256,1.85,uniform,157,0.609375,0.39997842962376073,0.399978429781057
3,256,1.85,uniform,158,0.61328125,0.4047346819779747,0.40473468213414027
3,256,1.85,uniform,159,0.6171875,0.4095167546735222,0.4095167548312061
3,256,1.85,uniform,160,0.62109375,0.41432462313381613,0.4143246232928845
3,256,1.85,uniform,161,0.625,0.4191582629586359,0.419158263118061
3,256,1.85,uniform,162,0.62890625,0.42401764991960783,0.42401765008147463
3,256,1.85,uniform,163,0.6328125,0.42890275997084315,0.4289027601313635
3,256,1.85,uniform,164,0.63671875,0.43381356922297865,0.4338135693871561
3,256,1.85,uniform,165,0.640625,0.4387500539738082,0.43875005413720697
3,256,1.85,uniform,166,0.64453125,0.44371219067187767,0.44371219083657676
3,256,1.85,uniform,167,0.6484375,0.44869995594018763,0.4486999561048539
3,256,1.85,uniform,168,0.65234375,0.4537133265552899,0.45371332672401854
3,256,1.85,uniform,169,0.65625,0.45875227947059044,0.4587522796363461
3,256,1.85,uniform,170,0.66015625,0.4638167917723503,0.463816791942351
3,256,1.85,uniform,171,0.6640625,0.4689068407290212,0.468906840898768
3,256,1.85,uniform,172,0.66796875,0.4740224037481658,0.4740224039165719
3,256,1.85,uniform,173,0.671875,0.4791634583851909,0.47916345855903303
3,256,1.85,uniform,174,0.67578125,0.48432998236895547,0.48432998253980913
3,256,1.85,uniform,175,0.6796875,0.48952195354707273,0.4895219537210713
3,256,1.85,uniform,176,0.68359375,0.4947393499369845,0.4947393501116649
3,256,1.85,uniform,177,0.6875,0.49998214969127824,0.49998214986530265
3,256,1.85,uniform,178,0.69140625,0.5052503311052993,0.5052503312787908
3,256,1.85,uniform,179,0.6953125,0.5105438726088299,0.5105438727902868
3,256,1.85,uniform,180,0.69921875,0.5158627528038799,0.515862752977588
3,256,1.85,uniform,181,0.703125,0.5212069503750101,0.5212069505564498
3,256,1.85,uniform,182,0.70703125,0.5265764442031827,0.5265764443789348
3,256,1.85,uniform,183,0.7109375,0.5319712132487119,0.5319712134317887
3,256,1.85,uniform,184,0.71484375,0.5373912366560251,0.5373912368348466
3,256,1.85,uniform,185,0.71875,0.5428364936564273,0.5428364938394649
3,256,1.85,uniform,186,0.72265625,0.5483069636477101,0.5483069638269814
3,256,1.85,uniform,187,0.7265625,0.5538026261231861,0.5538026263072009
3,256,1.85,uniform,188,0.73046875,0.5593234607310098,0.5593234609169071
3,256,1.85,uniform,189,0.734375,0.56486944723477,0.564869447418399
3,256,1.85,uniform,190,0.73828125,0.5704405655131018,0.5704405656980522
3,256,1.85,uniform,191,0.7421875,0.576036795576983,0.5760367957649047
3,256,1.85,uniform,192,0.74609375,0.5816581175631663,0.5816581177492653
3,256,1.85,uniform,193,0.75,0.5873045117139073,0.5873045119013454
3,256,1.85,uniform,194,0.75390625,0.5929759584025588,0.5929759585899135
3,256,1.85,uniform,195,0.7578125,0.5986724381084159,0.5986724383009716
3,256,1.85,uniform,196,0.76171875,0.6043939314498917,0.6043939316364534
3,256,1.85,uniform,197,0.765625,0.6101404191177524,0.610140419312942
3,256,1.85,uniform,198,0.76953125,0.6159118819702935,0.6159118821604115
3,256,1.85,uniform,199,0.7734375,0.6217083009300896,0.6217083011209845
3,256,1.85,uniform,200,0.77734375,0.6275296570493216,0.6275296572477137
3,256,1.85,uniform,201,0.78125,0.6333759315136234,0.6333759317033798
3,256,1.85,uniform,202,0.78515625,0.639247105558363,0.6392471057593092
3,256,1.85,uniform,203,0.7890625,0.645143160603557,0.6451431607942113
3,256,1.85,uniform,204,0.79296875,0.6510640780907457,0.6510640782930323
3,256,1.85,uniform,205,0.796875,0.657009839648862,0.6570098398458282
3,256,1.85,uniform,206,0.80078125,0.6629804269492741,0.6629804271466544
3,256,1.85,uniform,207,0.8046875,0.6689758217930066,0.6689758219924727
3,256,1.85,uniform,208,0.80859375,0.6749960060794509,0.6749960062820756
3,256,1.85,uniform,209,0.8125,0.6810409618122851,0.6810409620150252
3,256,1.85,uniform,210,0.81640625,0.6871106710929902,0.6871106712906109
3,256,1.85,uniform,211,0.8203125,0.6932051161023354,0.6932051163068201
3,256,1.85,uniform,212,0.82421875,0.6993242791529789,0.6993242793593268
3,256,1.85,uniform,213,0.828125,0.7054681426412486,0.7054681428404933
3,256,1.85,uniform,214,0.83203125,0.7116366890307867,0.7116366892383881
3,256,1.85,uniform,215,0.8359375,0.7178299009294767,0.7178299011358177
3,256,1.85,uniform,216,0.83984375,0.7240477610074385,0.7240477612093731
3,256,1.85,uniform,217,0.84375,0.7302902520177497,0.7302902522284898
3,256,1.85,uniform,218,0.84765625,0.7365573568507184,0.7365573570545221
3,256,1.85,uniform,219,0.8515625,0.7428490584286785,0.7428490586398303
3,256,1.85,uniform,220,0.85546875,0.7491653398171129,0.749165340026882
3,256,1.85,uniform,221,0.859375,0.7555061841414701,0.7555061843473646
3,256,1.85,uniform,222,0.86328125,0.761871574607644,0.7618715748213128
3,256,1.85,uniform,223,0.8671875,0.7682614945477864,0.7682614947562473
3,256,1.85,uniform,224,0.87109375,0.7746759273298653,0.7746759275463247
3,256,1.85,uniform,225,0.875,0.7811148564569815,0.7811148566715026
3,256,1.85,uniform,226,0.87890625,0.7875782654901868,0.7875782656967127
3,256,1.85,uniform,227,0.8828125,0.7940661380488998,0.7940661382710481
3,256,1.85,uniform,228,0.88671875,0.8005784579126649,0.8005784581269613
3,256,1.85,uniform,229,0.890625,0.8071152088654473,0.8071152090794725
3,256,1.85,uniform,230,0.89453125,0.8136763748064232,0.8136763750253903
3,256,1.85,uniform,231,0.8984375,0.8202619397261711,0.8202619399425417
3,256,1.85,uniform,232,0.90234375,0.8268718876689691,0.8268718878890139
3,256,1.85,uniform,233,0.90625,0.8335062027877584,0.8335062030024054
3,256,1.85,uniform,234,0.91015625,0.84016486927391,0.8401648694990883
3,256,1.85,uniform,235,0.9140625,0.8468478714608028,0.8468478716734796
3,256,1.85,uniform,236,0.91796875,0.853555193673392,0.8535551938973233
3,256,1.85,uniform,237,0.921875,0.8602868204021566,0.8602868206189809
3,256,1.85,uniform,238,0.92578125,0.8670427361377945,0.8670427363627331
3,256,1.85,uniform,239,0.9296875,0.8738229255107433,0.8738229257280892
3,256,1.85,uniform,240,0.93359375,0.8806273731603577,0.8806273733891062
3,256,1.85,uniform,241,0.9375,0.8874560638811609,0.8874560640937177
3,256,1.85,uniform,242,0.94140625,0.8943089824357726,0.8943089826630697
3,256,1.85,uniform,243,0.9453125,0.9011861137692888,0.9011861139908677
3,256,1.85,uniform,244,0.94921875,0.9080874428245765,0.9080874430427298
3,256,1.85,uniform,245,0.953125,0.9150129546225021,0.91501295485555
3,256,1.85,uniform,246,0.95703125,0.9219626343271745,0.9219626345368688
3,256,1.85,uniform,247,0.9609375,0.9289364670342583,0.9289364672642517
3,256,1.85,uniform,248,0.96484375,0.9359344380637841,0.9359344382846773
3,256,1.85,uniform,249,0.96875,0.9429565326841255,0.9429565329139307
3,256,1.85,uniform,250,0.97265625,0.9500027363224901,0.950002736536007
3,256,1.85,uniform,251,0.9765625,0.9570730343743834,0.9570730346025206
3,256,1.85,uniform,252,0.98046875,0.9641674124099621,0.9641674126321232
3,256,1.85,uniform,253,0.984375,0.971285855985877,0.9712858562099284
3,256,1.85,uniform,254,0.98828125,0.9784283507629937,0.9784283509869435
3,256,1.85,uniform,255,0.9921875,0.9855948824560518,0.9855948826795089
3,256,1.85,uniform,256,0.99609375,0.9927854368499931,0.992785437068744
3,256,1.85,uniform,257,0.9986979166666666,0.9975924787184951,0.997592478944918
3,256,1.85,uniform,258,1.0,0.9999999997774888,1.0
3,256,1.85,positional,0,0.0,0.0,0.0
3,256,1.85,positional,1,4.265794560170322e-07,1.6368934066835703e-12,1.6424792124511958e-12
3,256,1.85,positional,2,1.2810429478235552e-06,1.256683877761402e-11,1.256009217285792e-11
3,256,1.85,positional,3,2.568784819040985e-06,4.5495602084178286e-11,4.549841765991788e-11
3,256,1.85,positional,4,3.889464594131445e-06,9.801781889967963e-11,9.801581863784902e-11
3,256,1.85,positional,5,5.360258542676867e-06,1.7741596739954553e-10,1.7741633953761165e-10
3,256,1.85,positional,6,7.354678543576619e-06,3.185247726071735e-10,3.1852449554041257e-10
3,256,1.85,positional,7,1.0683407788340507e-05,6.354952389186845e-10,6.354964674923981e-10
3,256,1.85,positional,8,1.6596574557426604e-05,1.4356092333973909e-09,1.4356023261313732e-09
3,256,1.85,positional,9,2.6535822882526963e-05,3.420544056550193e-09,3.4205050468321967e-09
3,256,1.85,positional,10,4.1817073549989974e-05,7.93430967393471e-09,7.934219806710867e-09
3,256,1.85,positional,11,6.347367003804364e-05,1.717124415431977e-08,1.7171102405295228e-08
3,256,1.85,positional,12,9.229550593117606e-05,3.4323091431795534e-08,3.4322904060080224e-08
3,256,1.85,positional,13,0.00012893420372206817,6.370633283806053e-08,6.370610653969914e-08
3,256,1.85,positional,14,0.00017398388729220404,1.1090285480422219e-07,1.1090259428055965e-07
3,256,1.85,positional,15,0.00022802346640010413,1.8292069737619225e-07,1.8292040551291512e-07
3,256,1.85,positional,16,0.00029163309670671844,2.88369006943691e-07,2.883686852994889e-07
3,256,1.85,positional,17,0.0003653974193282545,4.3763946468332404e-07,4.376391140230577e-07
3,256,1.85,positional,18,0.00044990315841614113,6.430881157727901e-07,6.430877364115642e-07
3,256,1.85,positional,19,0.000545734896731227,9.192134804495316e-07,9.192130724901017e-07
3,256,1.85,positional,20,0.0006534707609214223,1.2828283351619555e-06,1.2828278986334055e-06
3,256,1.85,positional,21,0.0007736787101797179,1.753223611119549e-06,1.7532231460613588e-06
3,256,1.85,positional,22,0.0009069136363079204,2.352323597574942e-06,2.3523231040813586e-06
3,256,1.85,positional,23,0.0010537152690470737,3.104832163010012e-06,3.10483164125156e-06
3,256,1.85,positional,24,0.0012146067956707266,4.038370087867754e-06,4.038369538097608e-06
3,256,1.85,positional,25,0.0013900940790169596,5.183603881087145e-06,5.183603303638628e-06
3,256,1.85,positional,26,0.0015806653600044342,6.574366657869554e-06,6.574366053148822e-06
3,256,1.85,positional,27,0.0017867913432220023,8.247771806770691e-06,8.247771175245702e-06
3,256,1.85,positional,28,0.002008925579788322,1.0244320282992516e-05,1.0244319625182174e-05
3,256,1.85,positional,29,0.00224750507685964,1.2608002439830857e-05,1.260800175629327e-05
3,256,1.85,positional,30,0.002502951076483446,1.538639535662192e-05,1.5386394647941633e-05
3,256,1.85,positional,31,0.002775669957536441,1.8630756642213358e-05,1.8630755908993683e-05
3,256,1.85,positional,32,0.003066054223323749,2.2396115689802485e-05,2.239611493265189e-05
3,256,1.85,positional,33,0.003374483544345375,2.6741363333190852e-05,2.6741362552718455e-05
3,256,1.85,positional,34,0.0037013258311181167,3.172934080766405e-05,3.1729340004470224e-05
3,256,1.85,positional,35,0.0040469383161321855,3.7426928852369305e-05,3.7426928027036515e-05
3,256,1.85,positional,36,0.004411668627334061,4.390513770764759e-05,4.3905136860743645e-05
3,256,1.85,positional,37,0.004795855838215383,5.12391986630155e-05,5.123919779507805e-05
3,256,1.85,positional,38,0.0051998314818476775,5.950865770235174e-05,5.950865681389552e-05
3,256,1.85,positional,39,0.005623920518176649,6.87974716762113e-05,6.879747076771652e-05
3,256,1.85,positional,40,0.006068442245674555,7.919410731003014e-05,7.91941063819501e-05
3,256,1.85,positional,41,0.006533711150105916,9.079164323544159e-05,9.079164228818655e-05
3,256,1.85,positional,42,0.007020037684724908,0.00010368787511263515,0.00010368787414659613
3,256,1.85,positional,43,0.007527728977707267,0.00011798542379843767,0.00011798542281396214
3,256,1.85,positional,44,0.008057089464028179,0.00013379184640915378,0.00013379184540655934
3,256,1.85,positional,45,0.008608421440325453,0.00015121975003254374,0.00015121974901211404
3,256,1.85,positional,46,0.00918202554252578,0.0001703869077601366,0.00017038690672213435
3,256,1.85,positional,47,0.009778201147151054,0.00019141637664153927,0.00019141637558618102
3,256,1.85,positional,48,0.010397246698252814,0.00021443661710642995,0.0002144366160339283
3,256,1.85,positional,49,0.01103945996283817,0.00023958161335894515,0.00023958161226946405
3,256,1.85,positional,50,0.011705138218445264,0.00026699099422145483,0.00026699099311516507
3,256,1.85,positional,51,0.012394578377197511,0.0002968101538922331,0.00029681015276925954
3,256,1.85,positional,52,0.013108077051213668,0.0003291903720807325,0.0003291903709411985
3,256,1.85,positional,53,0.013845930564676997,0.0003642889329972804,0.00036428893184127417
3,256,1.85,positional,54,0.014608434918175631,0.0004022692426967946,0.0004022692415244489
3,256,1.85,positional,55,0.015395885711123526,0.00044330094431052234,0.00044330094312183913
3,256,1.85,positional,56,0.016208578028163893,0.00048756003074020015,0.00048756002953535946
3,256,1.85,positional,57,0.017046806295453607,0.0005352289544413586,0.0005352289532202779
3,256,1.85,positional,58,0.01791086411263591,0.0005864967339724963,0.0005864967327353525
3,256,1.85,positional,59,0.0188010440661403,0.0006415590570526366,0.0006415590557994179
3,256,1.85,positional,60,0.019717637529211966,0.0007006183799245116,0.0007006183786552845
3,256,1.85,positional,61,0.020660934453778947,0.0007638840228904153,0.0007638840216052685
3,256,1.85,positional,62,0.021631223158923157,0.0008315722619473718,0.0008315722606462813
3,256,1.85,positional,63,0.0226287901203414,0.0009039064165119172,0.0009039064151949799
3,256,1.85,positional,64,0.023653919764773722,0.0009811169332866138,0.00098111693195393
3,256,1.85,positional,65,0.02470689427294806,0.001063441466375568,0.0010634414650271037
3,256,1.85,positional,66,0.025787993394150267,0.0011511249538104509,0.0011511249524464881
3,256,1.85,positional,67,0.026897494275085393,0.001244419690700159,0.0012444196893204508
3,256,1.85,positional,68,0.028035671305255656,0.001343585399253374,0.0013435853978581807
3,256,1.85,positional,69,0.029202795980650547,0.0014488892959732826,0.0014488892945626734
3,256,1.85,positional,70,0.030399136787128755,0.0015606061563426968,0.0015606061549169677
3,256,1.85,positional,71,0.0316249591044762,0.001679018377355937,0.0016790183759145924
3,256,1.85,positional,72,0.03288052513175231,0.0018044160382614458,0.001804416036805358
3,256,1.85,positional,73,0.0341660938341914,0.00193709695991333,0.001937096958441813
3,256,1.85,positional,74,0.035481920911609684,0.0020773667631061718,0.0020773667616200615
3,256,1.85,positional,75,0.03682825878798273,0.0022255389263119802,0.0022255389248113868
3,256,1.85,positional,76,0.038205356621604354,0.0023819348431945906,0.0023819348416787164
3,256,1.85,positional,77,0.03961346033501555,0.0025468838802939877,0.0025468838787645535
3,256,1.85,positional,78,0.041052812663702164,0.002720723435269847,0.0027207234337252714
3,256,1.85,positional,79,0.04252365322240056,0.0029037989960281545,0.0029037989944708685
3,256,1.85,positional,80,0.044026218587721794,0.0030964642011231296,0.003096464199550046
3,256,1.85,positional,81,0.04556074239570399,0.003299080901683516,0.003299080900098169
3,256,1.85,positional,82,0.04712745545282924,0.0035120192252408623,0.0035120192236409295
3,256,1.85,positional,83,0.04872658585899286,0.0037356576416328184,0.0037356576400197294
3,256,1.85,positional,84,0.05035835914088694,0.003970383031302648,0.003970383029676434
3,256,1.85,positional,85,0.05202299839425548,0.0042165907561458734,0.0042165907545057574
3,256,1.85,positional,86,0.05372072443349154,0.004474684733105156,0.0044746847314533385
3,256,1.85,positional,87,0.055451755947077054,0.004745077510672654,0.004745077509007239
3,256,1.85,positional,88,0.057216309657409335,0.005028190348378795,0.005028190346700132
3,256,1.85,positional,89,0.05901460048361417,0.005324453299399135,0.005324453297709566
3,256,1.85,positional,90,0.06084684170601093,0.005634305296317306,0.005634305294614284
3,256,1.85,positional,91,0.06271324513096811,0.005958194240051487,0.005958194238336162
3,256,1.85,positional,92,0.06461402125496755,0.006296577091995926,0.006296577090269966
3,256,1.85,positional,93,0.06654937942677894,0.006649919969316748,0.006649919967577036
3,256,1.85,positional,94,0.06851952800673318,0.0070186982433447865,0.007018698241594312
3,256,1.85,positional,95,0.07052467452217111,0.007403396641047768,0.007403396639286834
3,256,1.85,positional,96,0.07256502581823261,0.00780450934942657,0.007804509347650236
3,256,1.85,positional,97,0.07464078820323904,0.008222540122731822,0.008222540120949662
3,256,1.85,positional,98,0.07675216758800728,0.008658002392462179,0.008658002390662984
3,256,1.85,positional,99,0.07889936961851875,0.009111419379784392,0.009111419377979539
3,256,1.85,positional,100,0.08108259980144554,0.009583324210509246,0.009583324208690104
3,256,1.85,positional,101,0.0833020636221146,0.010074260032117102,0.010074260030290319
3,256,1.85,positional,102,0.08555796665456306,0.01058478013295002,0.010584780131107458
3,256,1.85,positional,103,0.0878505146634073,0.011115448063097548,0.011115448061249825
3,256,1.85,positional,104,0.0901799136973131,0.011666837757026777,0.011666837755168587
3,256,1.85,positional,105,0.09254637017391386,0.012239533657486127,0.01223953365561399
3,256,1.85,positional,106,0.09495009095608066,0.01283413084064405,0.012834130838761082
3,256,1.85,positional,107,0.09739128341949825,0.013451235142161398,0.013451235140274567
3,256,1.85,positional,108,0.09987015551154875,0.014091463283983995,0.014091463282078023
3,256,1.85,positional,109,0.10238691580154746,0.014755443001496032,0.014755442999589403
3,256,1.85,positional,110,0.1049417735224139,0.015443813171109206,0.015443813169182368
3,256,1.85,positional,111,0.10753493860389625,0.016157223937561548,0.016157223935631695
3,256,1.85,positional,112,0.11016662169749897,0.016896336841244662,0.016896336839300627
3,256,1.85,positional,113,0.1128370341932911,0.017661824944771053,0.017661824942828298
3,256,1.85,positional,114,0.11554638822879794,0.01845437295904706,0.01845437295707678
3,256,1.85,positional,115,0.11829489669020099,0.019274677368062147,0.019274677366099356
3,256,1.85,positional,116,0.12108277320609001,0.020123446552879985,0.020123446550894267
3,256,1.85,positional,117,0.1239102321340289,0.02100140091369576,0.021001400911712056
3,256,1.85,positional,118,0.1267774885402116,0.02190927299069275,0.021909272988688805
3,256,1.85,positional,119,0.1296847581724974,0.022847807582585145,0.02284780758058259
3,256,1.85,positional,120,0.13263225742712612,0.023817761863416526,0.023817761861396326
3,256,1.85,positional,121,0.13562020330942404,0.024819905496701055,0.02481990549467668
3,256,1.85,positional,122,0.13864881338881935,0.025855020747318665,0.025855020745285954
3,256,1.85,positional,123,0.14171830574849267,0.02692390259049775,0.026923902588451436
3,256,1.85,positional,124,0.14482889892999584,0.02802735881795946,0.02802735881590595
3,256,1.85,positional,125,0.14798081187317566,0.029166210140996563,0.029166210138942012
3,256,1.85,positional,126,0.15117426385174398,0.03034129029027741,0.030341290288212232
3,256,1.85,positional,127,0.15440947440484024,0.031553446112199034,0.03155344611011958
3,256,1.85,positional,128,0.15768666326493294,0.032803537661726535,0.03280353765965181
3,256,1.85,positional,129,0.1610060502824108,0.03409243829161557,0.03409243828952704
3,256,1.85,positional,130,0.16436785534721463,0.035421034737619726,0.03542103473552972
3,256,1.85,positional,131,0.16777229830786156,0.036790227200032596,0.036790227197929584
3,256,1.85,positional,132,0.17121959888821384,0.03820092942098793,0.038200929418889966
3,256,1.85,positional,133,0.17470997660234397,0.03965406875790378,0.03965406875578644
3,256,1.85,positional,134,0.17824365066784562,0.04115058625248726,0.04115058625037112
3,256,1.85,positional,135,0.18182083991794026,0.042691436695864025,0.04269143669373429
3,256,1.85,positional,136,0.18544176271272392,0.04427758868915487,0.044277588687029426
3,256,1.85,positional,137,0.1891066368498979,0.04591002470007673,0.04591002469794502
3,256,1.85,positional,138,0.19281567947532208,0.047589741115051924,0.04758974111292238
3,256,1.85,positional,139,0.19656910699372476,0.04931774828728684,0.04931774828513519
3,256,1.85,positional,140,0.2003671349798982,0.051095070580398666,0.05109507057826373
3,256,1.85,positional,141,0.20420997809070215,0.0529227464082652,0.05292274640611311
3,256,1.85,positional,142,0.20809784997819147,0.05480182827026595,0.05480182826814219
3,256,1.85,positional,143,0.21203096320417503,0.056733382783152396,0.056733382780986066
3,256,1.85,positional,144,0.21600952915650581,0.05871849070820665,0.05871849070607228
3,256,1.85,positional,145,0.22003375796739197,0.06075824697562842,0.060758246973446915
3,256,1.85,positional,146,0.2241038584340084,0.06285376070404546,0.06285376070194294
3,256,1.85,positional,147,0.2282200379416779,0.06500615521800854,0.06500615521583884
3,256,1.85,positional,148,0.23238250238987912,0.0672165680602904,0.0672165680581711
3,256,1.85,positional,149,0.23659145612132618,0.06948615100302026,0.06948615100087838
3,256,1.85,positional,150,0.24084710185435143,0.07181607005409758,0.07181607005196981
3,256,1.85,positional,151,0.24514964061880984,0.07420750546205705,0.07420750545992273
3,256,1.85,positional,152,0.24949927169570874,0.07666165171765853,0.0766616517155286
3,256,1.85,positional,153,0.25389619256075197,0.07917971755348475,0.07917971755141708
3,256,1.85,positional,154,0.25834059883197236,0.08176292594162245,0.08176292593949958
3,256,1.85,positional,155,0.26283268422161066,0.08441251408869176,0.08441251408658404
3,256,1.85,positional,156,0.2673726404923835,0.08712973343046908,0.08712973342842144
3,256,1.85,positional,157,0.2719606574182663,0.0899158496245391,0.0899158496224532
3,256,1.85,positional,158,0.2765969227499005,0.09277214254156549,0.09277214253953575
3,256,1.85,positional,159,0.28128162218471947,0.09569990625696473,0.0956999062549251
3,256,1.85,positional,160,0.28601493934186856,0.09870044904087988,0.0987004490388089
3,256,1.85,positional,161,0.2907970557419806,0.1017750933486574,0.10177509334667867
3,256,1.85,positional,162,0.2956281507918504,0.10492517581185676,0.10492517580983693
3,256,1.85,positional,163,0.30050840177403665,0.10815204722835398,0.10815204722633748
3,256,1.85,positional,164,0.3054379838414027,0.11145707255468823,0.11145707255265673
3,256,1.85,positional,165,0.3104170700165935,0.11484163089836961,0.11484163089639572
3,256,1.85,positional,166,0.3154458311964304,0.11830711551230723,0.11830711551031071
3,256,1.85,positional,167,0.3205244361611896,0.1218549337899216,0.1218549337879685
3,256,1.85,positional,168,0.3256530515887186,0.12548650726337154,0.1254865072613203
3,256,1.85,positional,169,0.3308318420733302,0.12920327160234193,0.12920327160048578
3,256,1.85,positional,170,0.3360609701493984,0.13300667661810217,0.13300667661603063
3,256,1.85,positional,171,0.34134059631957386,0.13689818626584188,0.13689818626402198
3,256,1.85,positional,172,0.346670879087519,0.14087927865617375,0.1408792786541337
3,256,1.85,positional,173,0.352051974995057,0.14495144606294,0.14495144606107296
3,256,1.85,positional,174,0.3574840386636155,0.14911619494143455,0.14911619493958772
3,256,1.85,positional,175,0.3629672228398381,0.15337504594529566,0.15337504594331003
3,256,1.85,positional,176,0.3685016784452298,0.15772953394948025,0.15772953394768122
3,256,1.85,positional,177,0.37408755462969107,0.16218120807899564,0.16218120807719552
3,256,1.85,positional,178,0.3797249988287923,0.16673163173920522,0.1667316317371907
3,256,1.85,positional,179,0.38541415682463215,0.17138238265225134,0.17138238265040429
3,256,1.85,positional,180,0.391155172810119,0.17613505290039913,0.1761350528985051
3,256,1.85,positional,181,0.3969481894565096,0.18099124897056137,0.1809912489687983
3,256,1.85,positional,182,0.4027933479840365,0.18595259180833268,0.18595259180629478
3,256,1.85,positional,183,0.4086907882354523,0.191020716873153,0.1910207168713228
3,256,1.85,positional,184,0.41464064875231504,0.1961972742048535,0.19619727420285032
3,256,1.85,positional,185,0.42064306685384184,0.20148392848944724,0.2014839284876785
3,256,1.85,positional,186,0.4266981787181517,0.20688235913777475,0.20688235913565178
3,256,1.85,positional,187,0.4328061194657235,0.21239426036283515,0.2123942603610258
3,256,1.85,positional,188,0.43896702324489073,0.21802134127211917,0.21802134127011719
3,256,1.85,positional,189,0.4451810233192008,0.22376532595714083,0.22376532595535728
3,256,1.85,positional,190,0.4514482521564633,0.22962795359809676,0.2296279535958542
3,256,1.85,positional,191,0.4577688415193182,0.23561097856625757,0.2356109785645644
3,256,1.85,positional,192,0.464142922557154,0.24171617054436131,0.24171617054216088
3,256,1.85,positional,193,0.47057062589921167,0.24794531463940453,0.24794531463767924
3,256,1.85,positional,194,0.47705208174871155,0.25430021151829024,0.2543002115160117
3,256,1.85,positional,195,0.4835874199778467,0.2607826775339492,0.2607826775323127
3,256,1.85,positional,196,0.49017677022348694,0.26739454487547126,0.2673945448733691
3,256,1.85,positional,197,0.49682026198344625,0.27413766170813253,0.2741376617059824
3,256,1.85,positional,198,0.5035180247131675,0.2810138923342675,0.2810138923324014
3,256,1.85,positional,199,0.5102701879226853,0.2880251173548435,0.2880251173528362
3,256,1.85,positional,200,0.5170768812737335,0.29517323383734867,0.2951732338350807
3,256,1.85,positional,201,0.5239382346768666,0.30246015549310457,0.3024601554912591
3,256,1.85,positional,202,0.5308543783884715,0.3098878128639561,0.30988781286170947
3,256,1.85,positional,203,0.5378254431075539,0.31745815350771744,0.3174581535060137
3,256,1.85,positional,204,0.5448515600721827,0.3251731422034774,0.32517314220117016
3,256,1.85,positional,205,0.5519328611554895,0.3330347611488223,0.33303476114691
3,256,1.85,positional,206,0.5590694789611186,0.3410450101802129,0.3410450101781459
3,256,1.85,positional,207,0.5662615469180344,0.3492059069865161,0.3492059069845418
3,256,1.85,positional,208,0.5735091993745952,0.35751948733885686,0.3575194873371874
3,256,1.85,positional,209,0.5808125716918086,0.3659878053244076,0.3659878053223574
3,256,1.85,positional,210,0.5881718003356909,0.3746129335841233,0.3746129335823325
3,256,1.85,positional,211,0.5955870229686563,0.38339696356485103,0.3833969635632556
3,256,1.85,positional,212,0.6030583785398677,0.39234200577167627,0.3923420057699965
3,256,1.85,positional,213,0.6105860073744874,0.401450190029586,0.40145019002799354
3,256,1.85,positional,214,0.6181700512617695,0.41072366575384106,0.4107236657520396
3,256,1.85,positional,215,0.6258106535419402,0.42016460222342045,0.4201646022219791
3,256,1.85,positional,216,0.6335079591918213,0.4297751888664052,0.4297751888652815
3,256,1.85,positional,217,0.6412621149091494,0.4395576355485887,0.4395576355464517
3,256,1.85,positional,218,0.6490732691955576,0.44951417286399115,0.4495141728632467
3,256,1.85,positional,219,0.6569415724381801,0.45964705245161525,0.45964705244965254
3,256,1.85,positional,220,0.6648671769898541,0.4699585472869192,0.46995854728559194
3,256,1.85,positional,221,0.6728502372478907,0.48045095201465765,0.48045095201331794
3,256,1.85,positional,222,0.680890909731394,0.4911265832618373,0.4911265832604605
3,256,1.85,positional,223,0.6889893531571083,0.5019877799708896,0.5019877799696847
3,256,1.85,positional,224,0.6971457285137822,0.5130369037362941,0.5130369037349277
3,256,1.85,positional,225,0.7053601991350336,0.5242763391452897,0.5242763391441729
3,256,1.85,positional,226,0.7136329307707103,0.5357084941299313,0.5357084941287291
3,256,1.85,positional,227,0.7219640916567407,0.5473358003207676,0.5473358003189794
3,256,1.85,positional,228,0.7303538525834713,0.5591607134066555,0.5591607134065666
3,256,1.85,positional,229,0.7388023869624908,0.5711857135151297,0.5711857135129782
3,256,1.85,positional,230,0.7473098708919457,0.5834133055646692,0.5834133055645083
3,256,1.85,positional,231,0.7558764832203487,0.59584601967581,0.595846019673556
3,256,1.85,positional,232,0.7645024056088917,0.6084864115262203,0.6084864115262415
3,256,1.85,positional,233,0.7731878225922685,0.6213370627785288,0.6213370627763068
3,256,1.85,positional,234,0.7819329216380195,0.6344005814459087,0.6344005814452769
3,256,1.85,positional,235,0.7907378932044141,0.6476796023301827,0.6476796023288612
3,256,1.85,positional,236,0.7996029307968785,0.6611767874105489,0.661176787409566
3,256,1.85,positional,237,0.8085282310229928,0.6748948262773465,0.6748948262755075
3,256,1.85,positional,238,0.8175139936460668,0.6888364365462033,0.6888364365453966
3,256,1.85,positional,239,0.8265604216373195,0.7030043643007822,0.7030043642996877
3,256,1.85,positional,240,0.8356677212266757,0.7174013845198147,0.7174013845178705
3,256,1.85,positional,241,0.844836101952203,0.7320303015216361,0.7320303015218926
3,256,1.85,positional,242,0.8540657767082122,0.7468939494281408,0.7468939494257071
3,256,1.85,positional,243,0.8633569617920364,0.7619951925912448,0.7619951925909266
3,256,1.85,positional,244,0.8727098769495193,0.777336926089535,0.7773369260885854
3,256,1.85,positional,245,0.8821247454192284,0.7929220761677278,0.7929220761669951
3,256,1.85,positional,246,0.8916017939754212,0.8087536007256731,0.808753600725697
3,256,1.85,positional,247,0.9011412529697861,0.8248344897962866,0.8248344897955059
3,256,1.85,positional,248,0.9107433563719818,0.8411677660250474,0.8411677660246416
3,256,1.85,positional,249,0.9204083418090007,0.8577564851716487,0.8577564851709569
3,256,1.85,positional,250,0.9301364506033784,0.8746037365991363,0.8746037366002561
3,256,1.85,positional,251,0.9399279278102765,0.8917126437916771,0.8917126437907164
3,256,1.85,positional,252,0.9497830222534587,0.9090863648434664,0.9090863648434089
3,256,1.85,positional,253,0.9597019865601899,0.9267280929974636,0.926728092998939
3,256,1.85,positional,254,0.969685077195078,0.9446410571605541,0.944641057160204
3,256,1.85,positional,255,0.9797325544928827,0.962828522421086,0.9628285224212819
3,256,1.85,positional,256,0.9898446826903186,0.9812937906018043,0.9812937906024695
3,256,1.85,positional,257,0.9966076811469798,0.9937332596813542,0.9937332596872381
3,256,1.85,positional,258,1.0,0.9999999999953955,1.0
3,256,1.95,uniform,0,0.0,0.0,0.0
3,256,1.95,uniform,1,0.0013020833333333333,2.3607437689728754e-06,2.363445656846896e-06
3,256,1.95,uniform,2,0.00390625,2.0137727613656606e-05,2.013409287678367e-05
3,256,1.95,uniform,3,0.0078125,7.779165031478365e-05,7.77930070385292e-05
3,256,1.95,uniform,4,0.01171875,0.00017152254429386404,0.00017152147958069658
3,256,1.95,uniform,5,0.015625,0.00030057215295937486,0.00030057236653928626
3,256,1.95,uniform,6,0.01953125,0.00046443378229890127,0.00046443354048187935
3,256,1.95,uniform,7,0.0234375,0.0006627153066713632,0.0006627153132717435
3,256,1.95,uniform,8,0.02734375,0.0008951035488896369,0.0008951034801646016
3,256,1.95,uniform,9,0.03125,0.0011613350887205267,0.001161335073244845
3,256,1.95,uniform,10,0.03515625,0.0014611842021557768,0.0014611841783780904
3,256,1.95,uniform,11,0.0390625,0.0017944529258526823,0.0017944529164905408
3,256,1.95,uniform,12,0.04296875,0.002160965359439738,0.0021609653522712173
3,256,1.95,uniform,13,0.046875,0.002560563188649897,0.002560563187295948
3,256,1.95,uniform,14,0.05078125,0.0029931026013178368,0.002993102603074919
3,256,1.95,uniform,15,0.0546875,0.0034584518733409477,0.003458451878552194
3,256,1.95,uniform,16,0.05859375,0.003956489540330522,0.003956489548243241
3,256,1.95,uniform,17,0.0625,0.004487102938722683,0.004487102949207168
3,256,1.95,uniform,18,0.06640625,0.005050187042041652,0.005050187054804405
3,256,1.95,uniform,19,0.0703125,0.005645643509685052,0.005645643524582397
3,256,1.95,uniform,20,0.07421875,0.006273379903231971,0.006273379920110395
3,256,1.95,uniform,21,0.078125,0.006933309031578919,0.006933309050333421
3,256,1.95,uniform,22,0.08203125,0.007625348398944331,0.007625348419480858
3,256,1.95,uniform,23,0.0859375,0.008349419734981711,0.00834941975722658
3,256,1.95,uniform,24,0.08984375,0.009105448591685366,0.009105448615578503
3,256,1.95,uniform,25,0.09375,0.009893363994982175,0.009893364020466998
3,256,1.95,uniform,26,0.09765625,0.010713098141551594,0.010713098168592054
3,256,1.95,uniform,27,0.1015625,0.011564586133487754,0.011564586162038345
3,256,1.95,uniform,28,0.10546875,0.012447765744616215,0.0124477657746531
3,256,1.95,uniform,29,0.109375,0.013362577213837426,0.013362577245327769
3,256,1.95,uniform,30,0.11328125,0.014308963061293275,0.014308963094217798
3,256,1.95,uniform,31,0.1171875,0.015286867924301714,0.015286867958638388
3,256,1.95,uniform,32,0.12109375,0.01629623841020153,0.01629623844593309
3,256,1.95,uniform,33,0.125,0.01733702296394594,0.01733702300106008
3,256,1.95,uniform,34,0.12890625,0.0184091717485307,0.01840917178700282
3,256,1.95,uniform,35,0.1328125,0.019512636536571107,0.019512636576406176
3,256,1.95,uniform,36,0.13671875,0.020647370611911478,0.020647370653080366
3,256,1.95,uniform,37,0.140625,0.021813328679704657,0.021813328722213785
3,256,1.95,uniform,38,0.14453125,0.023010466784468848,0.023010466828300945
3,256,1.95,uniform,39,0.1484375,0.02423874223478665,0.0242387422799291
3,256,1.95,uniform,40,0.15234375,0.025498113534227686,0.025498113580682696
3,256,1.95,uniform,41,0.15625,0.026788540317758264,0.026788540365521887
3,256,1.95,uniform,42,0.16015625,0.028109983293011155,0.02810998334207375
3,256,1.95,uniform,43,0.1640625,0.029462404186005303,0.02946240423634485
3,256,1.95,uniform,44,0.16796875,0.030845765690776156,0.03084576574242358
3,256,1.95,uniform,45,0.171875,0.032260031422876506,0.032260031475792074
3,256,1.95,uniform,46,0.17578125,0.033705165875693985,0.03370516592991148
3,256,1.95,uniform,47,0.1796875,0.03518113438031105,0.03518113443578287
3,256,1.95,uniform,48,0.18359375,0.03668790306745805,0.03668790312421856
3,256,1.95,uniform,49,0.1875,0.03822543883254102,0.038225438890588166
3,256,1.95,uniform,50,0.19140625,0.03979370930254634,0.03979370936182803
3,256,1.95,uniform,51,0.1953125,0.041392682804935826,0.04139268286552518
3,256,1.95,uniform,52,0.19921875,0.04302232833907081,0.043022328400906126
3,256,1.95,uniform,53,0.203125,0.04468261554845247,0.04468261561157755
3,256,1.95,uniform,54,0.20703125,0.04637351469551362,0.04637351475988129
3,256,1.95,uniform,55,0.2109375,0.04809499663713018,0.04809499670273901
3,256,1.95,uniform,56,0.21484375,0.04984703280194171,0.04984703286887378
3,256,1.95,uniform,57,0.21875,0.05162959516920433,0.05162959523730632
3,256,1.95,uniform,58,0.22265625,0.053442656247581655,0.05344265631703275
3,256,1.95,uniform,59,0.2265625,0.055286189057200646,0.055286189127799354
3,256,1.95,uniform,60,0.23046875,0.057160167109960136,0.057160167181896884
3,256,1.95,uniform,61,0.234375,0.059064564393731755,0.05906456446690404
3,256,1.95,uniform,62,0.23828125,0.06099935535497611,0.060999355429315325
3,256,1.95,uniform,63,0.2421875,0.0629645148832969,0.06296451495899415
3,256,1.95,uniform,64,0.24609375,0.0649600182975144,0.064960018374397
3,256,1.95,uniform,65,0.25,0.06698584133036539,0.06698584140851832
3,256,1.95,uniform,66,0.25390625,0.06904196011614026,0.0690419601955107
3,256,1.95,uniform,67,0.2578125,0.07112835117728711,0.07112835125793736
3,256,1.95,uniform,68,0.26171875,0.0732449914127188,0.0732449914946183
3,256,1.95,uniform,69,0.265625,0.07539185808595116,0.07539185816903379
3,256,1.95,uniform,70,0.26953125,0.0775689288138588,0.07756892889825179
3,256,1.95,uniform,71,0.2734375,0.07977618155676555,0.07977618164234816
3,256,1.95,uniform,72,0.27734375,0.0820135946074344,0.08201359469429133
3,256,1.95,uniform,73,0.28125,0.08428114658219406,0.0842811466702643
3,256,1.95,uniform,74,0.28515625,0.08657881641104333,0.08657881650039961
3,256,1.95,uniform,75,0.2890625,0.08890658332943703,0.0889065834199038
3,256,1.95,uniform,76,0.29296875,0.09126442686875649,0.09126442696055033
3,256,1.95,uniform,77,0.296875,0.09365232684945324,0.09365232694252063
3,256,1.95,uniform,78,0.30078125,0.09607026337237227,0.09607026346657463
3,256,1.95,uniform,79,0.3046875,0.09851821681105039,0.09851821690653358
3,256,1.95,uniform,80,0.30859375,0.10099616780534806,0.10099616790205843
3,256,1.95,uniform,81,0.3125,0.10350409725363849,0.103504097351709
3,256,1.95,uniform,82,0.31640625,0.10604198630707648,0.10604198640626919
3,256,1.95,uniform,83,0.3203125,0.10860981636184057,0.10860981646232512
3,256,1.95,uniform,84,0.32421875,0.11120756905438665,0.1112075691560836
3,256,1.95,uniform,85,0.328125,0.11383522625446243,0.11383522635741905
3,256,1.95,uniform,86,0.33203125,0.11649277005982829,0.11649277016413782
3,256,1.95,uniform,87,0.3359375,0.11918018279109457,0.11918018289644959
3,256,1.95,uniform,88,0.33984375,0.1218974469846842,0.1218974470916358
3,256,1.95,uniform,89,0.34375,0.1246445453911814,0.12464454549890625
3,256,1.95,uniform,90,0.34765625,0.12742146096513604,0.12742146107443472
3,256,1.95,uniform,91,0.3515625,0.13022817686605867,0.1302281769765659
3,256,1.95,uniform,92,0.35546875,0.13306467644949624,0.1330646765611855
3,256,1.95,uniform,93,0.359375,0.13593094326443692,0.1359309433772463
3,256,1.95,uniform,94,0.36328125,0.13882696104818826,0.1388269611624434
3,256,1.95,uniform,95,0.3671875,0.14175271372339654,0.14175271383903218
3,256,1.95,uniform,96,0.37109375,0.14470818539332111,0.14470818550978243
3,256,1.95,uniform,97,0.375,0.14769336033609848,0.14769336045406303
3,256,1.95,uniform,98,0.37890625,0.15070822300509043,0.15070822312405194
3,256,1.95,uniform,99,0.3828125,0.15375275802031305,0.15375275814106568
3,256,1.95,uniform,100,0.38671875,0.1568269501705542,0.15682695029200375
3,256,1.95,uniform,101,0.390625,0.15993078440303177,0.159930784525903
3,256,1.95,uniform,102,0.39453125,0.1630642458265643,0.16306424595059785
3,256,1.95,uniform,103,0.3984375,0.16622731970411098,0.16622731982948155
3,256,1.95,uniform,104,0.40234375,0.1694199914518823,0.169419991578365
3,256,1.95,uniform,105,0.40625,0.17264224663475788,0.17264224676242884
3,256,1.95,uniform,106,0.41015625,0.17589407096420867,0.17589407109326552
3,256,1.95,uniform,107,0.4140625,0.17917545029574944,0.1791754504260075
3,256,1.95,uniform,108,0.41796875,0.18248637062543155,0.18248637075653856
3,256,1.95,uniform,109,0.421875,0.18582681808593923,0.18582681821878505
3,256,1.95,uniform,110,0.42578125,0.18919677894858872,0.18919677908208382
3,256,1.95,uniform,111,0.4296875,0.19259623961303945,0.1925962397486242
3,256,1.95,uniform,112,0.43359375,0.19602518661520954,0.1960251867509612
3,256,1.95,uniform,113,0.4375,0.19948360661223863,0.19948360674959742
3,256,1.95,uniform,114,0.44140625,0.20297148639184698,0.20297148653063096
3,256,1.95,uniform,115,0.4453125,0.20648881286359427,0.20648881300346728
3,256,1.95,uniform,116,0.44921875,0.21003557305775794,0.21003557319859226
3,256,1.95,uniform,117,0.453125,0.21361175412336353,0.21361175426540485
3,256,1.95,uniform,118,0.45703125,0.21721734332693246,0.2172173434701068
3,256,1.95,uniform,119,0.4609375,0.22085232804878924,0.22085232819364764
3,256,1.95,uniform,120,0.46484375,0.22451669578449585,0.22451669592972306
3,256,1.95,uniform,121,0.46875,0.2282104341355495,0.22821043428282467
3,256,1.95,uniform,122,0.47265625,0.23193353081851442,0.23193353096633973
3,256,1.95,uniform,123,0.4765625,0.2356859736513679,0.23568597380069875
3,256,1.95,uniform,124,0.48046875,0.23946775056129688,0.23946775071156973
3,256,1.95,uniform,125,0.484375,0.243278849575765,0.24327884972809732
3,256,1.95,uniform,126,0.48828125,0.2471192588294723,0.2471192589811855
3,256,1.95,uniform,127,0.4921875,0.2509889665463877,0.25098896670182214
3,256,1.95,uniform,128,0.49609375,0.2548879610653124,0.2548879612194446
3,256,1.95,uniform,129,0.5,0.2588162308031257,0.2588162309603444
3,256,1.95,uniform,130,0.50390625,0.26277376428925164,0.26277376444611017
3,256,1.95,uniform,131,0.5078125,0.26676055013274846,0.2667605502921077
3,256,1.95,uniform,132,0.51171875,0.2707765770459859,0.2707765772059956
3,256,1.95,uniform,133,0.515625,0.2748218338257016,0.27482183398627574
3,256,1.95,uniform,134,0.51953125,0.27889630935774273,0.2788963095208771
3,256,1.95,uniform,135,0.5234375,0.28299999262379816,0.28299999278577254
3,256,1.95,uniform,136,0.52734375,0.28713287267708143,0.28713287284362704
3,256,1.95,uniform,137,0.53125,0.2912949386787177,0.29129493884247654
3,256,1.95,uniform,138,0.53515625,0.29548617984615816,0.29548618001443633
3,256,1.95,uniform,139,0.5390625,0.29970658550751533,0.29970658567443875
3,256,1.95,uniform,140,0.54296875,0.30395614504856877,0.3039561452189986
3,256,1.95,uniform,141,0.546875,0.30823484795574174,0.30823484812500573
3,256,1.95,uniform,142,0.55078125,0.31254268377655964,0.3125426839485439
3,256,1.95,uniform,143,0.5546875,0.3168796421519066,0.3168796423237358
3,256,1.95,uniform,144,0.55859375,0.32124571278695635,0.32124571296161225
3,256,1.95,uniform,145,0.5625,0.3256408854755215,0.3256408856490063
3,256,1.95,uniform,146,0.56640625,0.33006515007042875,0.3300651502474701
3,256,1.95,uniform,147,0.5703125,0.3345184965168865,0.33451849669221534
3,256,1.95,uniform,148,0.57421875,0.33900091481128436,0.3390009149910755
3,256,1.95,uniform,149,0.578125,0.34351239504508685,0.34351239522348964
3,256,1.95,uniform,150,0.58203125,0.3480529273599182,0.3480529275395075
3,256,1.95,uniform,151,0.5859375,0.3526225019763074,0.35262250215881474
3,256,1.95,uniform,152,0.58984375,0.3572211091882703,0.35722110936977836
3,256,1.95,uniform,153,0.59375,0.3618487393434488,0.3618487395285111
3,256,1.95,uniform,154,0.59765625,0.36650538287443507,0.36650538305795505
3,256,1.95,uniform,155,0.6015625,0.3711910302596589,0.3711910304469832
3,256,1.95,uniform,156,0.60546875,0.37590567206361075,0.3759056722495193
3,256,1.95,uniform,157,0.609375,0.3806492988940756,0.38064929908367473
3,256,1.95,uniform,158,0.61328125,0.38542190144172683,0.38542190163090223
3,256,1.95,uniform,159,0.6171875,0.39022347044507977,0.39022347063516655
3,256,1.95,uniform,160,0.62109375,0.3950539967099177,0.3950539969021308
3,256,1.95,uniform,161,0.625,0.39991347110647124,0.39991347129835847
3,256,1.95,uniform,162,0.62890625,0.40480188455541666,0.4048018847505311
3,256,1.95,uniform,163,0.6328125,0.40971922805104355,0.40971922824468016
3,256,1.95,uniform,164,0.63671875,0.41466549262743274,0.41466549282543386
3,256,1.95,uniform,165,0.640625,0.4196406693998053,0.4196406695952783
3,256,1.95,uniform,166,0.64453125,0.4246447495143186,0.42464474971383176
3,256,1.95,uniform,167,0.6484375,0.42967772419683326,0.4296777243971331
3,256,1.95,uniform,168,0.65234375,0.43473958471704044,0.43473958491694265
3,256,1.95,uniform,169,0.65625,0.43983032239582054,0.43983032260005667
3,256,1.95,uniform,170,0.66015625,0.44494992862698096,0.44494992882763346
3,256,1.95,uniform,171,0.6640625,0.45009839482734526,0.45009839503453225
3,256,1.95,uniform,172,0.66796875,0.45527571250455945,0.45527571270866385
3,256,1.95,uniform,173,0.671875,0.4604818731822882,0.46048187339035274
3,256,1.95,uniform,174,0.67578125,0.46571686846448485,0.4657168686717106
3,256,1.95,uniform,175,0.6796875,0.4709806899861957,0.4709806901960211
3,256,1.95,uniform,176,0.68359375,0.4762733294490029,0.4762733296571353
3,256,1.95,uniform,177,0.6875,0.48159477858465755,0.48159477879887747
3,256,1.95,uniform,178,0.69140625,0.4869450292053684,0.48694502941446177
3,256,1.95,uniform,179,0.6953125,0.4923240731293407,0.49232407334591827
3,256,1.95,uniform,180,0.69921875,0.4977319022706592,0.4977319024835296
3,256,1.95,uniform,181,0.703125,0.5031685085498395,0.5031685087652766
3,256,1.95,uniform,182,0.70703125,0.5086338839568665,0.5086338841762938
3,256,1.95,uniform,183,0.7109375,0.5141280205323073,0.5141280207483339
3,256,1.95,uniform,184,0.71484375,0.5196509103404416,0.519650910559241
3,256,1.95,uniform,185,0.71875,0.5252025455130367,0.5252025457324333
3,256,1.95,uniform,186,0.72265625,0.5307829182150989,0.530782918436394
3,256,1.95,uniform,187,0.7265625,0.5363920206608888,0.5363920208841707
3,256,1.95,uniform,188,0.73046875,0.5420298451106945,0.5420298453328823
3,256,1.95,uniform,189,0.734375,0.5476963838568445,0.5476963840832356
3,256,1.95,uniform,190,0.73828125,0.5533916292569241,0.553391629479048
3,256,1.95,uniform,191,0.7421875,0.5591155736754747,0.559115573906779
3,256,1.95,uniform,192,0.74609375,0.5648682095700763,0.5648682097950694
3,256,1.95,uniform,193,0.75,0.5706495293855709,0.5706495296142864
3,256,1.95,uniform,194,0.75390625,0.5764595256423058,0.576459525876078
3,256,1.95,uniform,195,0.7578125,0.582298190903293,0.582298191132933
3,256,1.95,uniform,196,0.76171875,0.5881655177450499,0.5881655179777481
3,256,1.95,uniform,197,0.765625,0.5940614988057268,0.5940614990434026
3,256,1.95,uniform,198,0.76953125,0.5999861267704761,0.5999861270023388
3,256,1.95,uniform,199,0.7734375,0.6059393943287091,0.6059393945661493
3,256,1.95,uniform,200,0.77734375,0.6119212942452125,0.6119212944851711
3,256,1.95,uniform,201,0.78125,0.6179318193123704,0.617931819548085
3,256,1.95,uniform,202,0.78515625,0.6239709623386442,0.6239709625815217
3,256,1.95,uniform,203,0.7890625,0.6300387162114255,0.6300387164496744
3,256,1.95,uniform,204,0.79296875,0.6361350738044331,0.6361350740539157
3,256,1.95,uniform,205,0.796875,0.6422600280923013,0.6422600283324224
3,256,1.95,uniform,206,0.80078125,0.6484135720134901,0.6484135722598036
3,256,1.95,uniform,207,0.8046875,0.6545956985994192,0.6545956988467365
3,256,1.95,uniform,208,0.80859375,0.6608064008918706,0.6608064011396062
3,256,1.95,uniform,209,0.8125,0.6670456719714237,0.6670456722201512
3,256,1.95,uniform,210,0.81640625,0.6733135049533449,0.6733135052051145
3,256,1.95,uniform,211,0.8203125,0.6796098929928809,0.6796098932458987
3,256,1.95,uniform,212,0.82421875,0.6859348292747856,0.685934829528228
3,256,1.95,uniform,213,0.828125,0.6922883070130891,0.6922883072718132
3,256,1.95,uniform,214,0.83203125,0.6986703194796512,0.6986703197300225
3,256,1.95,uniform,215,0.8359375,0.7050808599323044,0.7050808601895565
3,256,1.95,uniform,216,0.83984375,0.7115199217087957,0.7115199219701291
3,256,1.95,uniform,217,0.84375,0.7179874981659751,0.7179874984241513
3,256,1.95,uniform,218,0.84765625,0.7244835826751512,0.7244835829364201
3,256,1.95,uniform,219,0.8515625,0.731008168668305,0.7310081689238123
3,256,1.95,uniform,220,0.85546875,0.7375612495673117,0.7375612498349817
3,256,1.95,uniform,221,0.859375,0.7441428188908401,0.7441428191500619
3,256,1.95,uniform,222,0.86328125,0.7507528701151092,0.750752870380371
3,256,1.95,uniform,223,0.8671875,0.7573913968012076,0.7573913970681229
3,256,1.95,uniform,224,0.87109375,0.7640583925273747,0.7640583927861406
3,256,1.95,uniform,225,0.875,0.7707538508664737,0.7707538511375747
3,256,1.95,uniform,226,0.87890625,0.7774777654933722,0.7774777657556248
3,256,1.95,uniform,227,0.8828125,0.7842301300348187,0.7842301303032656
3,256,1.95,uniform,228,0.88671875,0.7910109382036922,0.7910109384729761
3,256,1.95,uniform,229,0.890625,0.7978201837237668,0.7978201839864724
3,256,1.95,uniform,230,0.89453125,0.8046578603194184,0.8046578605944442
3,256,1.95,uniform,231,0.8984375,0.8115239618143767,0.8115239620762955
3,256,1.95,uniform,232,0.90234375,0.8184184819622128,0.8184184822398874
3,256,1.95,uniform,233,0.90625,0.8253414146637922,0.8253414149212855
3,256,1.95,uniform,234,0.91015625,0.8322927537026267,0.8322927539845099
3,256,1.95,uniform,235,0.9140625,0.839272493055285,0.839272493321289
3,256,1.95,uniform,236,0.91796875,0.846280626583714,0.8462806268508158
3,256,1.95,uniform,237,0.921875,0.8533171482405496,0.8533171485195087
3,256,1.95,uniform,238,0.92578125,0.8603820520367436,0.8603820523007735
3,256,1.95,uniform,239,0.9296875,0.8674753319246501,0.86747533219477
3,256,1.95,uniform,240,0.93359375,0.8745969819542294,0.8745969822281814
3,256,1.95,uniform,241,0.9375,0.88174699619041,0.8817469964539856
3,256,1.95,uniform,242,0.94140625,0.8889253686720671,0.8889253689512306
3,256,1.95,uniform,243,0.9453125,0.8961320935626493,0.8961320938248127
3,256,1.95,uniform,244,0.94921875,0.9033671649275077,0.9033671652052561
3,256,1.95,uniform,245,0.953125,0.910630576977658,0.910630577248497
3,256,1.95,uniform,246,0.95703125,0.9179223238712495,0.9179223241356698
3,256,1.95,uniform,247,0.9609375,0.9252423997978221,0.9252424000728949
3,256,1.95,uniform,248,0.96484375,0.932590799023813,0.9325907992910714
3,256,1.95,uniform,249,0.96875,0.9399675157728763,0.93996751604567
3,256,1.95,uniform,250,0.97265625,0.9473725443490547,0.9473725446165299
3,256,1.95,uniform,251,0.9765625,0.9548058790318432,0.9548058793076579
3,256,1.95,uniform,252,0.98046875,0.9622675141843652,0.9622675144470297
3,256,1.95,uniform,253,0.984375,0.9697574441154925,0.9697574443863936
3,256,1.95,uniform,254,0.98828125,0.977275663228609,0.977275663501077
3,256,1.95,uniform,255,0.9921875,0.9848221659241224,0.9848221661897949
3,256,1.95,uniform,256,0.99609375,0.9923969466028675,0.9923969468744609
3,256,1.95,uniform,257,0.9986979166666666,0.9974625076509187,0.9974625079177988
3,256,1.95,uniform,258,1.0,0.9999999997314306,1.0
3,256,1.95,positional,0,0.0,0.0,0.0
3,256,1.95,positional,1,5.178484422873275e-07,5.523204741132737e-13,5.529619076179285e-13
3,256,1.95,positional,2,1.557579667501261e-06,4.7353252151096274e-12,4.7345425628915085e-12
3,256,1.95,positional,3,3.145855267415891e-06,1.8645820628863258e-11,1.8646208626059595e-11
3,256,1.95,positional,4,4.937397334525054e-06,4.490784870067998e-11,4.4907745482765974e-11
3,256,1.95,positional,5,7.608171417406172e-06,1.0435031422499987e-10,1.043509875682152e-10
3,256,1.95,positional,6,1.2699814457644393e-05,2.834018684140068e-10,2.8340328714803386e-10
3,256,1.95,positional,7,2.247721567706405e-05,8.627793801730935e-10,8.627756905640754e-10
3,256,1.95,positional,8,3.9289748847989683e-05,2.5635852632782737e-09,2.5635662344771804e-09
3,256,1.95,positional,9,6.497808285454282e-05,6.837506922932665e-09,6.837470135391555e-09
3,256,1.95,positional,10,0.00010079920042539992,1.6096917717965394e-08,1.6096865673707942e-08
3,256,1.95,positional,11,0.00014767385074413074,3.3895562452391404e-08,3.389549802810504e-08
3,256,1.95,positional,12,0.0002063922215675538,6.51107178477474e-08,6.511064314150827e-08
3,256,1.95,positional,13,0.00027770614672781226,1.1614272807497847e-07,1.1614264448204337e-07
3,256,1.95,positional,14,0.0003623554163639598,1.951250289759571e-07,1.951249374740611e-07
3,256,1.95,positional,15,0.0004610679989959328,3.1213455438587886e-07,3.1213445574415803e-07
3,256,1.95,positional,16,0.0005745529359256002,4.793952087282662e-07,4.793951036385537e-07
3,256,1.95,positional,17,0.0007034930173763014,7.114701116215206e-07,7.114700007691421e-07
3,256,1.95,positional,18,0.0008485393996941608,1.0254405173557238e-06,1.0254404014556026e-06
3,256,1.95,positional,19,0.0010103084569035678,1.4410707839222004e-06,1.441070663733487e-06
3,256,1.95,positional,20,0.0011893805436718724,1.980959722254145e-06,1.9809595985834947e-06
3,256,1.95,positional,21,0.0013863002074188087,2.67067925251128e-06,2.6706791262096707e-06
3,256,1.95,positional,22,0.0016015774175336395,3.5389016396971185e-06,3.5389015116539287e-06
3,256,1.95,positional,23,0.001835689459851098,4.617516755102408e-06,4.617516626238368e-06
3,256,1.95,positional,24,0.0020890832293961343,5.94174087171732e-06,5.941740742977316e-06
3,256,1.95,positional,25,0.002362177728157484,7.55021849296926e-06,7.550218365316076e-06
3,256,1.95,positional,26,0.0026553666332945346,9.485118663367974e-06,9.485118537776167e-06
3,256,1.95,positional,27,0.0029690208453349,1.1792227134517957e-05,1.1792227011969588e-05
3,256,1.95,positional,28,0.0033034909578188126,1.4521035670302892e-05,1.4521035551782859e-05
3,256,1.95,positional,29,0.003659109612080867,1.7724829675476476e-05,1.7724829561969832e-05
3,256,1.95,positional,30,0.0040361937158405435,2.1460775224170774e-05,2.1460775116660372e-05
3,256,1.95,positional,31,0.004435046514033287,2.5790006449393833e-05,2.5790006348857643e-05
3,256,1.95,positional,32,0.004855959506465601,3.077771413173379e-05,3.077771403914599e-05
3,256,1.95,positional,33,0.005299214210639597,3.649323619594185e-05,3.6493236112265994e-05
3,256,1.95,positional,34,0.005765083770348524,4.3010150689086815e-05,4.301015061528412e-05
3,256,1.95,positional,35,0.006253834412009017,5.040637167575763e-05,5.0406371612780334e-05
3,256,1.95,positional,36,0.006765726751575382,5.876424834649243e-05,5.876424829528059e-05
3,256,1.95,positional,37,0.007301016955530803,6.817066749833672e-05,6.817066745983672e-05
3,256,1.95,positional,38,0.007859957760016632,7.87171594139036e-05,7.871715938903756e-05
3,256,1.95,positional,39,0.008442799352717937,9.050000703984126e-05,9.050000702954138e-05
3,256,1.95,positional,40,0.009049790122698303,0.0001036203582507241,0.00010362035825590323
3,256,1.95,positional,41,0.009681177283968605,0.000118184340880533,0.00011818434090211747
3,256,1.95,positional,42,0.010337207379167985,0.0001343031801146825,0.0001343031801535781
3,256,1.95,positional,43,0.011018126670307942,0.00015209331776015563,0.0001520933178172742
3,256,1.95,positional,44,0.011724181424060646,0.00017167653285252784,0.00017167653292877235
3,256,1.95,positional,45,0.012455618099538863,0.00019318006301490386,0.0001931800631112041
3,256,1.95,positional,46,0.013212683446901475,0.00021673672595679805,0.00021673672607403245
3,256,1.95,positional,47,0.013995624525412803,0.0002424850404882754,0.00024248504062739548
3,256,1.95,positional,48,0.01480468864977813,0.000270569346428706,0.00027056934659058687
3,256,1.95,positional,49,0.015640123273668236,0.000301139922804158,0.00030113992298974834
3,256,1.95,positional,50,0.016502175819332193,0.00033435310375869013,0.00033435310396890506
3,256,1.95,positional,51,0.01739109346208282,0.00037037139164291475,0.00037037139187868617
3,256,1.95,positional,52,0.018307122878228537,0.00040936356679468274,0.0004093635670569304
3,256,1.95,positional,53,0.01925050996472609,0.0004515047935835648,0.0004515047938732824
3,256,1.95,positional,54,0.020221499538449334,0.0004969767223561412,0.0004969767226741814
3,256,1.95,positional,55,0.021220335022520475,0.0005459675869862338,0.0005459675873336961
3,256,1.95,positional,56,0.02224725812664147,0.0005986722978101318,0.0005986722981877945
3,256,1.95,positional,57,0.023302508527807343,0.0006552925297943481,0.0006552925302033422
3,256,1.95,positional,58,0.024386323557189213,0.0007160368058655948,0.0007160368063068108
3,256,1.95,positional,59,0.025498937898356073,0.0007811205753955831,0.0007811205758700674
3,256,1.95,positional,60,0.026640583301369727,0.0008507662879115532,0.0008507662884203502
3,256,1.95,positional,61,0.027811488316648172,0.0009252034621635431,0.0009252034627075555
3,256,1.95,positional,62,0.02901187805185837,0.0010046687507428943,0.0010046687513232879
3,256,1.95,positional,63,0.030241973954477804,0.0010894060005043665,0.0010894060011219207
3,256,1.95,positional,64,0.031501993622064496,0.0011796663090872818,0.0011796663097436023
3,256,1.95,positional,65,0.03279215064170258,0.001275708077886761,0.0012757080785821683
3,256,1.95,positional,66,0.03411265445955197,0.0013777970618407758,0.0013777970625770317
3,256,1.95,positional,67,0.035463710280930046,0.0014862064164592743,0.0014862064172371041
3,256,1.95,positional,68,0.036845519000894424,0.0016012167425064547,0.0016012167433266573
3,256,1.95,positional,69,0.038258277164881414,0.0017231161287935462,0.0017231161296578379
3,256,1.95,positional,70,0.03970217695858604,0.0018522001935335822,0.0018522001944425582
3,256,1.95,positional,71,0.041177406225947726,0.001988772124703017,0.00198877212565799
3,256,1.95,positional,72,0.04268414851382971,0.0021331427198731474,0.002133142720875277
3,256,1.95,positional,73,0.04422258314175082,0.002285630425940726,0.0022856304269909104
3,256,1.95,positional,74,0.04579288529484175,0.0024465613791853046,0.0024465613802848673
3,256,1.95,positional,75,0.04739522613805456,0.0026162694460599473,0.0026162694472098313
3,256,1.95,positional,76,0.04902977294954966,0.0027950962650903537,0.0027950962662920205
3,256,1.95,positional,77,0.05069668927111662,0.0029833912902423967,0.0029833912914970337
3,256,1.95,positional,78,0.05239613507345192,0.0031815118360764964,0.003181511837384328
3,256,1.95,positional,79,0.0541282669341126,0.003389823124977763,0.0033898231263418633
3,256,1.95,positional,80,0.05589323822598866,0.003608698336739645,0.0036086983381589076
3,256,1.95,positional,81,0.057691199314184406,0.0038385186606831865,0.0038385186621602858
3,256,1.95,positional,82,0.05952229775926665,0.004079673350552966,0.004079673352090165
3,256,1.95,positional,83,0.06138667852492249,0.004332559782303584,0.004332559783898064
3,256,1.95,positional,84,0.06328448418816894,0.00459758351488694,0.004597583516544845
3,256,1.95,positional,85,0.06521585515036674,0.004875158354192524,0.004875158355911972
3,256,1.95,positional,86,0.06718092984740955,0.005165706420081831,0.005165706421864067
3,256,1.95,positional,87,0.06917984495758543,0.005469658216634667,0.00546965821848267
3,256,1.95,positional,88,0.07121273560573517,0.005787452705546264,0.005787452707458511
3,256,1.95,positional,89,0.07327973556246392,0.006119537382618796,0.006119537384600817
3,256,1.95,positional,90,0.07538097743729245,0.006466368357348802,0.006466368359395064
3,256,1.95,positional,91,0.07751659286476327,0.006828410435396706,0.006828410437515498
3,256,1.95,positional,92,0.07968671268264406,0.007206137203985345,0.007206137206175824
3,256,1.95,positional,93,0.08189146710149169,0.007600031119922065,0.0076000311221802435
3,256,1.95,positional,94,0.08413098586495861,0.00801058360018246,0.008010583602518348
3,256,1.95,positional,95,0.08640539840033418,0.008438295114923429,0.008438295117330321
3,256,1.95,positional,96,0.08871483395891923,0.008883675282567076,0.008883675285054172
3,256,1.95,positional,97,0.09105942174593117,0.009347242966992552,0.00934724296955387
3,256,1.95,positional,98,0.09343929103972813,0.009829526376374954,0.009829526379016178
3,256,1.95,positional,99,0.09585457130022641,0.010331063163675634,0.010331063166395007
3,256,1.95,positional,100,0.09830539226646236,0.010852400528367575,0.010852400531174524
3,256,1.95,positional,101,0.10079188404332119,0.011394095319335969,0.011394095322216581
3,256,1.95,positional,102,0.10331417717751902,0.011956714138480054,0.011956714141453766
3,256,1.95,positional,103,0.10587240272298104,0.01254083344513292,0.012540833448186411
3,256,1.95,positional,104,0.10846669229581017,0.013147039660599907,0.013147039663740553
3,256,1.95,positional,105,0.111097178119085,0.013775929273009288,0.013775929276243477
3,256,1.95,positional,106,0.11376399305776401,0.01442810894195852,0.014428108945274186
3,256,1.95,positional,107,0.11646727064400715,0.015104195602732334,0.015104195606148096
3,256,1.95,positional,108,0.11920714509325403,0.015804816570103405,0.015804816573598085
3,256,1.95,positional,109,0.12198375131142077,0.016530609641014098,0.016530609644617354
3,256,1.95,positional,110,0.12479722489359817,0.017282223196552423,0.017282223200234387
3,256,1.95,positional,111,0.1276477021146476,0.018060316302203214,0.01806031630599486
3,256,1.95,positional,112,0.13053531991210438,0.018865558807053248,0.01886555881093162
3,256,1.95,positional,113,0.13346021586180548,0.01969863144082365,0.01969863144480968
3,256,1.95,positional,114,0.13642252814666533,0.020560225909367163,0.02056022591344035
3,256,1.95,positional,115,0.1394223955190259,0.021451044987679416,0.021451044991865804
3,256,1.95,positional,116,0.14245995725700852,0.022371802610945932,0.02237180261522315
3,256,1.95,positional,117,0.14553535311529414,0.02332322396271046,0.02332322396710542
3,256,1.95,positional,118,0.14864872327075573,0.024306045560763725,0.02430604556524533
3,256,1.95,positional,119,0.15180020826336316,0.02532101533975231,0.025321015344356854
3,256,1.95,positional,120,0.15498994893277482,0.02636889273128057,0.026368892735978762
3,256,1.95,positional,121,0.15821808635102552,0.027450448740344906,0.027450448745174362
3,256,1.95,positional,122,0.16148476175171184,0.028566466019037024,0.028566466023951357
3,256,1.95,positional,123,0.16479011645606953,0.02971773893624177,0.029717738941276422
3,256,1.95,positional,124,0.16813429179632908,0.03090507364441745,0.030905073649569625
3,256,1.95,positional,125,0.17151742903672754,0.032129288142313486,0.03212928814757519
3,256,1.95,positional,126,0.1749396692925453,0.03339121233412712,0.03339121233951601
3,256,1.95,positional,127,0.17840115344752816,0.034691688084956575,0.034691688090451436
3,256,1.95,positional,128,0.1819020220700456,0.03603156927217594,0.03603156927776959
3,256,1.95,positional,129,0.18544241532832717,0.037411721833005035,0.03741172183875779
3,256,1.95,positional,130,0.18902247290510923,0.03883302380835815,0.038833023814207154
3,256,1.95,positional,131,0.19264233391201543,0.040296365382038284,0.04029636538802044
3,256,1.95,positional,132,0.19630213680398387,0.04180264891672463,0.04180264892280458
3,256,1.95,positional,133,0.20000201929404596,0.04335278898521318,0.04335278899144349
3,256,1.95,positional,134,0.20374211826875066,0.04494771239831966,0.044947712404659196
3,256,1.95,positional,135,0.2075225697045193,0.0465883582281049,0.046588358234583224
3,256,1.95,positional,136,0.21134350858520592,0.04827567782778662,0.048275677834373996
3,256,1.95,positional,137,0.21520506882112864,0.050010634847201176,0.05001063485392914
3,256,1.95,positional,138,0.21910738316982623,0.05179420524490355,0.051794205251755474
3,256,1.95,positional,139,0.223050583158786,0.05362737729607532,0.053627377303073244
3,256,1.95,positional,140,0.22703479901037635,0.055511151597107955,0.05551115160424427
3,256,1.95,positional,141,0.2310601595692087,0.05744654106640637,0.057446541073627594
3,256,1.95,positional,142,0.23512679223214147,0.05943457094152257,0.05943457094897874
3,256,1.95,positional,143,0.23923482288112774,0.06147627877404213,0.06147627878152204
3,256,1.95,positional,144,0.2433843758190983,0.06357271441913463,0.0635727144268383
3,256,1.95,positional,145,0.24757557370905783,0.0657249400249375,0.06572494003272156
3,256,1.95,positional,146,0.25180853751656285,0.06793403001617893,0.0679340300241714
3,256,1.95,positional,147,0.2560833864557355,0.07020107107761549,0.07020107108569788
3,256,1.95,positional,148,0.2604002379389571,0.07252716213285201,0.0725271621411277
3,256,1.95,positional,149,0.26475920753037213,0.07491341432275575,0.07491341433110983
3,256,1.95,positional,150,0.2691604089033192,0.07736095097996033,0.07736095098852881
3,256,1.95,positional,151,0.2736039538017958,0.07987090760339947,0.07987090761204285
3,256,1.95,positional,152,0.278089952006048,0.08244443182906938,0.0824444318379721
3,256,1.95,positional,153,0.2826185113023649,0.08508268340177541,0.08508268341077012
3,256,1.95,positional,154,0.2871897374571432,0.08778683414315289,0.08778683415231812
3,256,1.95,positional,155,0.2918037341952755,0.09055806792095328,0.09055806793028746
3,256,1.95,positional,156,0.29646060318290296,0.09339758061626695,0.09339758062582199
3,256,1.95,positional,157,0.3011604440145574,0.09630658009119254,0.09630658010079395
3,256,1.95,positional,158,0.30590335420471,0.09928628615499582,0.0992862861648942
3,256,1.95,positional,159,0.31068942918372516,0.1023379305328654,0.10233793054281554
3,256,1.95,positional,160,0.31551876229821213,0.10546275683156259,0.10546275684179492
3,256,1.95,positional,161,0.3203914448157477,0.1086620205094211,0.10866202051977603
3,256,1.95,positional,162,0.32530756593393967,0.11193698884393004,0.11193698885445903
3,256,1.95,positional,163,0.33026721279378074,0.11528894090268565,0.11528894091349884
3,256,1.95,positional,164,0.3352704704972391,0.11871916751524011,0.11871916752611554
3,256,1.95,positional,165,0.3403174221290161,0.1222289712452755,0.12222897125637629
3,256,1.95,positional,166,0.34540814878239384,0.12581966636708855,0.12581966637840564
3,256,1.95,positional,167,0.35054272958908567,0.12949257884232052,0.129492578853778
3,256,1.95,positional,168,0.3557212417529927,0.13324904629959386,0.13324904631134066
3,256,1.95,positional,169,0.36094376058776184,0.13709041801782787,0.13709041802971186
3,256,1.95,positional,170,0.36621035955803327,0.1410180549106318,0.14101805492269243
3,256,1.95,positional,171,0.37152111032425594,0.14503332951560696,0.1450333295278226
3,256,1.95,positional,172,0.37687608279094714,0.14913762598591077,0.14913762599831132
3,256,1.95,positional,173,0.38227534515826117,0.15333234008579436,0.15333234009855498
3,256,1.95,positional,174,0.3877189639767315,0.15761887919078696,0.1576188792034583
3,256,1.95,positional,175,0.39320700420504284,0.16199866228860887,0.16199866230175994
3,256,1.95,positional,176,0.39873952927068795,0.16647311999062034,0.1664731200035589
3,256,1.95,positional,177,0.4043166011333579,0.17104369453885315,0.1710436945522276
3,256,1.95,positional,178,0.4099382803509151,0.17571183982735789,0.17571183984089067
3,256,1.95,positional,179,0.4156046261477939,0.18047902141996472,0.1804790214336389
3,256,1.95,positional,180,0.4213156964856723,0.18534671657794344,0.18534671659163837
3,256,1.95,positional,181,0.4270715481362585,0.19031641429021234,0.19031641430428653
3,256,1.95,positional,182,0.432872236756036,0.19538961531132035,0.19538961532555815
3,256,1.95,positional,183,0.4387178169628072,0.20056783220126134,0.20056783221567312
3,256,1.95,positional,184,0.4446083424138833,0.20585258937388107,0.20585258938821185
3,256,1.95,positional,185,0.4505438658857623,0.21124542314790892,0.21124542316279324
3,256,1.95,positional,186,0.4565244393551433,0.2167478818085969,0.21674788182342095
3,256,1.95,positional,187,0.4625501140811255,0.2223615256673676,0.2223615256825965
3,256,1.95,positional,188,0.46862094068844345,0.2280879271361767,0.2280879271512886
3,256,1.95,positional,189,0.4747369692515924,0.23392867079930224,0.23392867081483826
3,256,1.95,positional,190,0.4808982493797023,0.23988535349950368,0.23988535351487444
3,256,1.95,positional,191,0.48710483030202045,0.24595958442102187,0.24595958443730298
3,256,1.95,positional,192,0.4933567609538681,0.2521529851910688,0.25215298520642687
3,256,1.95,positional,193,0.49965409006294187,0.25846718996854867,0.25846718998524876
3,256,1.95,positional,194,0.5059968662358306,0.2649038455660933,0.2649038455819961
3,256,1.95,positional,195,0.5123851380446279,0.2714646115459324,0.2714646115629066
3,256,1.95,positional,196,0.5188189541135234,0.27815116035501614,0.278151160371304
3,256,1.95,positional,197,0.5252983632052581,0.2849651774358445,0.28496517745298544
3,256,1.95,positional,198,0.5318234143073396,0.2919083613711418,0.2919083613879402
3,256,1.95,positional,199,0.5383941567179124,0.2989824240106826,0.29898242402841135
3,256,1.95,positional,200,0.5450106401311876,0.30618909062626665,0.3061890906433071
3,256,1.95,positional,201,0.55167291472234,0.31353010005101495,0.31353010006896487
3,256,1.95,positional,202,0.5583810312317842,0.3210072048485634,0.321007204866265
3,256,1.95,positional,203,0.5651350410487507,0.3286221714659514,0.3286221714840904
3,256,1.95,positional,204,0.5719349962940831,0.33637678041089036,0.3363767804291186
3,256,1.95,positional,205,0.5787809499021873,0.3442728264236349,0.34427282644193774
3,256,1.95,positional,206,0.585672955702064,0.3523121186608068,0.35231211867946505
3,256,1.95,positional,207,0.5926110684973652,0.36049648088502173,0.3604964809036537
3,256,1.95,positional,208,0.5995953441454174,0.36882775165700665,0.3688277516764631
3,256,1.95,positional,209,0.6066258396351595,0.37730778454206654,0.37730778456107067
3,256,1.95,positional,210,0.6137026131639501,0.3859384483099766,0.3859384483293003
3,256,1.95,positional,211,0.6208257242131988,0.3947216271554176,0.3947216271752376
3,256,1.95,positional,212,0.6279952336227879,0.4036592209152663,0.40365922093500994
3,256,1.95,positional,213,0.6352112036642451,0.4127531452927095,0.41275314531269297
3,256,1.95,positional,214,0.6424736981126441,0.42200533209146507,0.42200533211232344
3,256,1.95,positional,215,0.6497827823172013,0.43141772945579143,0.43141772947598006
3,256,1.95,positional,216,0.6571385232705529,0.4409923021069445,0.44099230212790813
3,256,1.95,positional,217,0.6645409896766883,0.4507310316037116,0.45073103162465095
3,256,1.95,positional,218,0.671990252017531,0.4606359165900374,0.46063591661116343
3,256,1.95,positional,219,0.6794863826181515,0.4707089730613312,0.4707089730828729
3,256,1.95,positional,220,0.687029455710607,0.4809522346319878,0.48095223465366155
3,256,1.95,positional,221,0.6946195474964011,0.49136775280787,0.49136775282973727
3,256,1.95,positional,222,0.7022567362075635,0.5019575972671882,0.5019575972893698
3,256,1.95,positional,223,0.7099411021663483,0.5127238561465011,0.5127238561684612
3,256,1.95,positional,224,0.7176727278435558,0.5236686363286562,0.5236686363519257
3,256,1.95,positional,225,0.7254516979154823,0.5347940637487579,0.5347940637708575
3,256,1.95,positional,226,0.7332780993195064,0.5461022836825501,0.5461022837054584
3,256,1.95,positional,227,0.7411520213083219,0.5575954610708276,0.5575954610937086
3,256,1.95,positional,228,0.7490735555028288,0.5692757808222476,0.5692757808457569
3,256,1.95,positional,229,0.7570427959436964,0.5811454481409785,0.5811454481640158
3,256,1.95,positional,230,0.7650598391416136,0.5932066888451857,0.5932066888689422
3,256,1.95,positional,231,0.7731247841262436,0.6054617497062009,0.6054617497304908
3,256,1.95,positional,232,0.7812377324939027,0.617912898782349,0.6179128988052285
3,256,1.95,positional,233,0.7893987884539783,0.6305624257538189,0.6305624257790966
3,256,1.95,positional,234,0.7976080588741133,0.6434126422926459,0.6434126423158166
3,256,1.95,positional,235,0.8058656533241733,0.6564658823861321,0.6564658824109293
3,256,1.95,positional,236,0.8141716841190227,0.6697245027260512,0.6697245027514681
3,256,1.95,positional,237,0.8225262663601299,0.6831908830574809,0.6831908830812558
3,256,1.95,positional,238,0.8309295179760298,0.6968674265463617,0.6968674265718375
3,256,1.95,positional,239,0.839381559761665,0.7107565601744403,0.7107565601990421
3,256,1.95,positional,240,0.8478825154166341,0.72486073509991,0.7248607351251822
3,256,1.95,positional,241,0.8564325115823692,0.7391824270609791,0.7391824270868972
3,256,1.95,positional,242,0.8650316778782722,0.7537241367642273,0.7537241367886504
3,256,1.95,positional,243,0.8736801469368344,0.7684883902761397,0.7684883903018918
3,256,1.95,positional,244,0.8823780544377663,0.7834777394450394,0.7834777394698984
3,256,1.95,positional,245,0.8911255391411651,0.7986947622909819,0.7986947623183113
3,256,1.95,positional,246,0.8999227429197453,0.8141420634473087,0.8141420634713842
3,256,1.95,positional,247,0.9087698107901604,0.8298222745471171,0.8298222745739673
3,256,1.95,positional,248,0.9176668909434418,0.8457380546923112,0.8457380547192468
3,256,1.95,positional,249,0.9266141347745812,0.8618920908561026,0.8618920908822655
3,256,1.95,positional,250,0.9356116969112841,0.8782870983322376,0.878287098359253
3,256,1.95,positional,251,0.9446597352419194,0.8949258211862063,0.8949258212127931
3,256,1.95,positional,252,0.9537584109426908,0.9118110326959128,0.911811032722858
3,256,1.95,positional,253,0.9629078885040586,0.9289455358149222,0.9289455358437502
3,256,1.95,positional,254,0.9721083357564314,0.9463321636412764,0.9463321636669725
3,256,1.95,positional,255,0.9813599238951604,0.9639737798620138,0.9639737798900846
3,256,1.95,positional,256,0.9906628275048535,0.9818732792629717,0.9818732792915646
3,256,1.95,positional,257,0.9968818877990504,0.993928687228516,0.9939286872567387
3,256,1.95,positional,258,1.0,0.9999999999710878,1.0
