x,y,z
0.000000,0.000000,0.000000e+00
0.012500,0.000000,0.000000e+00
0.025000,0.000000,0.000000e+00
0.037500,0.000000,0.000000e+00
0.050000,0.000000,0.000000e+00
0.062500,0.000000,0.000000e+00
0.075000,0.000000,0.000000e+00
0.087500,0.000000,0.000000e+00
0.100000,0.000000,0.000000e+00
0.112500,0.000000,0.000000e+00
0.125000,0.000000,0.000000e+00
0.137500,0.000000,0.000000e+00
0.150000,0.000000,0.000000e+00
0.162500,0.000000,0.000000e+00
0.175000,0.000000,0.000000e+00
0.187500,0.000000,0.000000e+00
0.200000,0.000000,0.000000e+00
0.212500,0.000000,0.000000e+00
0.225000,0.000000,0.000000e+00
0.237500,0.000000,0.000000e+00
0.250000,0.000000,0.000000e+00
0.262500,0.000000,0.000000e+00
0.275000,0.000000,0.000000e+00
0.287500,0.000000,0.000000e+00
0.300000,0.000000,0.000000e+00
0.312500,0.000000,0.000000e+00
0.325000,0.000000,0.000000e+00
0.337500,0.000000,0.000000e+00
0.350000,0.000000,0.000000e+00
0.362500,0.000000,0.000000e+00
0.375000,0.000000,0.000000e+00
0.387500,0.000000,0.000000e+00
0.400000,0.000000,0.000000e+00
0.412500,0.000000,0.000000e+00
0.425000,0.000000,0.000000e+00
0.437500,0.000000,0.000000e+00
0.450000,0.000000,0.000000e+00
0.462500,0.000000,0.000000e+00
0.475000,0.000000,0.000000e+00
0.487500,0.000000,0.000000e+00
0.500000,0.000000,0.000000e+00
0.512500,0.000000,0.000000e+00
0.525000,0.000000,0.000000e+00
0.537500,0.000000,0.000000e+00
0.550000,0.000000,0.000000e+00
0.562500,0.000000,0.000000e+00
0.575000,0.000000,0.000000e+00
0.587500,0.000000,0.000000e+00
0.600000,0.000000,0.000000e+00
0.612500,0.000000,0.000000e+00
0.625000,0.000000,0.000000e+00
0.637500,0.000000,0.000000e+00
0.650000,0.000000,0.000000e+00
0.662500,0.000000,0.000000e+00
0.675000,0.000000,0.000000e+00
0.687500,0.000000,0.000000e+00
0.700000,0.000000,0.000000e+00
0.712500,0.000000,0.000000e+00
0.725000,0.000000,0.000000e+00
0.737500,0.000000,0.000000e+00
0.750000,0.000000,0.000000e+00
0.762500,0.000000,0.000000e+00
0.775000,0.000000,0.000000e+00
0.787500,0.000000,0.000000e+00
0.800000,0.000000,0.000000e+00
0.812500,0.000000,0.000000e+00
0.825000,0.000000,0.000000e+00
0.837500,0.000000,0.000000e+00
0.850000,0.000000,0.000000e+00
0.862500,0.000000,0.000000e+00
0.875000,0.000000,0.000000e+00
0.887500,0.000000,0.000000e+00
0.900000,0.000000,0.000000e+00
0.912500,0.000000,0.000000e+00
0.925000,0.000000,0.000000e+00
0.937500,0.000000,0.000000e+00
0.950000,0.000000,0.000000e+00
0.962500,0.000000,0.000000e+00
0.975000,0.000000,0.000000e+00
0.987500,0.000000,0.000000e+00
1.000000,0.000000,0.000000e+00
0.000000,0.012500,0.000000e+00
0.012500,0.012500,3.728037e-05
0.025000,0.012500,6.738000e-05
0.037500,0.012500,9.226634e-05
0.050000,0.012500,1.138739e-04
0.062500,0.012500,1.332876e-04
0.075000,0.012500,1.506884e-04
0.087500,0.012500,1.662135e-04
0.100000,0.012500,1.799998e-04
0.112500,0.012500,1.921845e-04
0.125000,0.012500,2.029047e-04
0.137500,0.012500,2.122974e-04
0.150000,0.012500,2.204998e-04
0.162500,0.012500,2.276489e-04
0.175000,0.012500,2.338532e-04
0.187500,0.012500,2.391285e-04
0.200000,0.012500,2.434717e-04
0.212500,0.012500,2.468796e-04
0.225000,0.012500,2.493493e-04
0.237500,0.012500,2.508775e-04
0.250000,0.012500,2.514611e-04
0.262500,0.012500,2.510972e-04
0.275000,0.012500,2.497825e-04
0.287500,0.012500,2.475140e-04
0.300000,0.012500,2.442885e-04
0.312500,0.012500,2.401030e-04
0.325000,0.012500,2.349474e-04
0.337500,0.012500,2.287705e-04
0.350000,0.012500,2.215064e-04
0.362500,0.012500,2.130890e-04
0.375000,0.012500,2.034523e-04
0.387500,0.012500,1.925304e-04
0.400000,0.012500,1.802572e-04
0.412500,0.012500,1.665668e-04
0.425000,0.012500,1.513910e-04
0.437500,0.012500,1.344804e-04
0.450000,0.012500,1.152656e-04
0.462500,0.012500,9.314496e-05
0.475000,0.012500,6.751571e-05
0.487500,0.012500,3.726248e-05
0.500000,0.012500,0.000000e+00
0.512500,0.012500,0.000000e+00
0.525000,0.012500,0.000000e+00
0.537500,0.012500,0.000000e+00
0.550000,0.012500,0.000000e+00
0.562500,0.012500,0.000000e+00
0.575000,0.012500,0.000000e+00
0.587500,0.012500,0.000000e+00
0.600000,0.012500,0.000000e+00
0.612500,0.012500,0.000000e+00
0.625000,0.012500,0.000000e+00
0.637500,0.012500,0.000000e+00
0.650000,0.012500,0.000000e+00
0.662500,0.012500,0.000000e+00
0.675000,0.012500,0.000000e+00
0.687500,0.012500,0.000000e+00
0.700000,0.012500,0.000000e+00
0.712500,0.012500,0.000000e+00
0.725000,0.012500,0.000000e+00
0.737500,0.012500,0.000000e+00
0.750000,0.012500,0.000000e+00
0.762500,0.012500,0.000000e+00
0.775000,0.012500,0.000000e+00
0.787500,0.012500,0.000000e+00
0.800000,0.012500,0.000000e+00
0.812500,0.012500,0.000000e+00
0.825000,0.012500,0.000000e+00
0.837500,0.012500,0.000000e+00
0.850000,0.012500,0.000000e+00
0.862500,0.012500,0.000000e+00
0.875000,0.012500,0.000000e+00
0.887500,0.012500,0.000000e+00
0.900000,0.012500,0.000000e+00
0.912500,0.012500,0.000000e+00
0.925000,0.012500,0.000000e+00
0.937500,0.012500,0.000000e+00
0.950000,0.012500,0.000000e+00
0.962500,0.012500,0.000000e+00
0.975000,0.012500,0.000000e+00
0.987500,0.012500,0.000000e+00
1.000000,0.012500,0.000000e+00
0.000000,0.025000,0.000000e+00
0.012500,0.025000,6.802396e-05
0.025000,0.025000,1.244801e-04
0.037500,0.025000,1.723090e-04
0.050000,0.025000,2.144023e-04
0.062500,0.025000,2.523991e-04
0.075000,0.025000,2.866054e-04
0.087500,0.025000,3.172622e-04
0.100000,0.025000,3.446107e-04
0.112500,0.025000,3.688922e-04
0.125000,0.025000,3.903477e-04
0.137500,0.025000,4.092185e-04
0.150000,0.025000,4.257457e-04
0.162500,0.025000,4.401705e-04
0.175000,0.025000,4.526841e-04
0.187500,0.025000,4.633149e-04
0.200000,0.025000,4.720584e-04
0.212500,0.025000,4.789102e-04
0.225000,0.025000,4.838657e-04
0.237500,0.025000,4.869204e-04
0.250000,0.025000,4.880699e-04
0.262500,0.025000,4.873096e-04
0.275000,0.025000,4.846351e-04
0.287500,0.025000,4.800419e-04
0.300000,0.025000,4.735254e-04
0.312500,0.025000,4.650812e-04
0.325000,0.025000,4.546916e-04
0.337500,0.025000,4.422621e-04
0.350000,0.025000,4.276703e-04
0.362500,0.025000,4.107938e-04
0.375000,0.025000,3.915101e-04
0.387500,0.025000,3.696970e-04
0.400000,0.025000,3.452318e-04
0.412500,0.025000,3.179924e-04
0.425000,0.025000,2.878529e-04
0.437500,0.025000,2.544027e-04
0.450000,0.025000,2.167294e-04
0.462500,0.025000,1.738693e-04
0.475000,0.025000,1.248575e-04
0.487500,0.025000,6.803570e-05
0.500000,0.025000,0.000000e+00
0.512500,0.025000,0.000000e+00
0.525000,0.025000,0.000000e+00
0.537500,0.025000,0.000000e+00
0.550000,0.025000,0.000000e+00
0.562500,0.025000,0.000000e+00
0.575000,0.025000,0.000000e+00
0.587500,0.025000,0.000000e+00
0.600000,0.025000,0.000000e+00
0.612500,0.025000,0.000000e+00
0.625000,0.025000,0.000000e+00
0.637500,0.025000,0.000000e+00
0.650000,0.025000,0.000000e+00
0.662500,0.025000,0.000000e+00
0.675000,0.025000,0.000000e+00
0.687500,0.025000,0.000000e+00
0.700000,0.025000,0.000000e+00
0.712500,0.025000,0.000000e+00
0.725000,0.025000,0.000000e+00
0.737500,0.025000,0.000000e+00
0.750000,0.025000,0.000000e+00
0.762500,0.025000,0.000000e+00
0.775000,0.025000,0.000000e+00
0.787500,0.025000,0.000000e+00
0.800000,0.025000,0.000000e+00
0.812500,0.025000,0.000000e+00
0.825000,0.025000,0.000000e+00
0.837500,0.025000,0.000000e+00
0.850000,0.025000,0.000000e+00
0.862500,0.025000,0.000000e+00
0.875000,0.025000,0.000000e+00
0.887500,0.025000,0.000000e+00
0.900000,0.025000,0.000000e+00
0.912500,0.025000,0.000000e+00
0.925000,0.025000,0.000000e+00
0.937500,0.025000,0.000000e+00
0.950000,0.025000,0.000000e+00
0.962500,0.025000,0.000000e+00
0.975000,0.025000,0.000000e+00
0.987500,0.025000,0.000000e+00
1.000000,0.025000,0.000000e+00
0.000000,0.037500,0.000000e+00
0.012500,0.037500,9.352173e-05
0.025000,0.037500,1.731909e-04
0.037500,0.037500,2.421884e-04
0.050000,0.037500,3.036434e-04
0.062500,0.037500,3.593561e-04
0.075000,0.037500,4.097121e-04
0.087500,0.037500,4.550286e-04
0.100000,0.037500,4.956225e-04
0.112500,0.037500,5.318111e-04
0.125000,0.037500,5.639113e-04
0.137500,0.037500,5.922403e-04
0.150000,0.037500,6.171152e-04
0.162500,0.037500,6.388530e-04
0.175000,0.037500,6.577053e-04
0.187500,0.037500,6.737105e-04
0.200000,0.037500,6.868641e-04
0.212500,0.037500,6.971614e-04
0.225000,0.037500,7.045976e-04
0.237500,0.037500,7.091681e-04
0.250000,0.037500,7.108683e-04
0.262500,0.037500,7.096934e-04
0.275000,0.037500,7.056388e-04
0.287500,0.037500,6.986997e-04
0.300000,0.037500,6.888717e-04
0.312500,0.037500,6.761498e-04
0.325000,0.037500,6.605111e-04
0.337500,0.037500,6.418250e-04
0.350000,0.037500,6.199217e-04
0.362500,0.037500,5.946317e-04
0.375000,0.037500,5.657852e-04
0.387500,0.037500,5.332127e-04
0.400000,0.037500,4.967444e-04
0.412500,0.037500,4.562107e-04
0.425000,0.037500,4.114381e-04
0.437500,0.037500,3.619246e-04
0.450000,0.037500,3.065893e-04
0.462500,0.037500,2.442922e-04
0.475000,0.037500,1.738925e-04
0.487500,0.037500,9.360813e-05
0.500000,0.037500,0.000000e+00
0.512500,0.037500,0.000000e+00
0.525000,0.037500,0.000000e+00
0.537500,0.037500,0.000000e+00
0.550000,0.037500,0.000000e+00
0.562500,0.037500,0.000000e+00
0.575000,0.037500,0.000000e+00
0.587500,0.037500,0.000000e+00
0.600000,0.037500,0.000000e+00
0.612500,0.037500,0.000000e+00
0.625000,0.037500,0.000000e+00
0.637500,0.037500,0.000000e+00
0.650000,0.037500,0.000000e+00
0.662500,0.037500,0.000000e+00
0.675000,0.037500,0.000000e+00
0.687500,0.037500,0.000000e+00
0.700000,0.037500,0.000000e+00
0.712500,0.037500,0.000000e+00
0.725000,0.037500,0.000000e+00
0.737500,0.037500,0.000000e+00
0.750000,0.037500,0.000000e+00
0.762500,0.037500,0.000000e+00
0.775000,0.037500,0.000000e+00
0.787500,0.037500,0.000000e+00
0.800000,0.037500,0.000000e+00
0.812500,0.037500,0.000000e+00
0.825000,0.037500,0.000000e+00
0.837500,0.037500,0.000000e+00
0.850000,0.037500,0.000000e+00
0.862500,0.037500,0.000000e+00
0.875000,0.037500,0.000000e+00
0.887500,0.037500,0.000000e+00
0.900000,0.037500,0.000000e+00
0.912500,0.037500,0.000000e+00
0.925000,0.037500,0.000000e+00
0.937500,0.037500,0.000000e+00
0.950000,0.037500,0.000000e+00
0.962500,0.037500,0.000000e+00
0.975000,0.037500,0.000000e+00
0.987500,0.037500,0.000000e+00
1.000000,0.037500,0.000000e+00
0.000000,0.050000,0.000000e+00
0.012500,0.050000,1.150647e-04
0.025000,0.050000,2.154030e-04
0.037500,0.050000,3.039653e-04
0.050000,0.050000,3.836556e-04
0.062500,0.050000,4.561800e-04
0.075000,0.050000,5.219700e-04
0.087500,0.050000,5.813951e-04
0.100000,0.050000,6.348250e-04
0.112500,0.050000,6.826294e-04
0.125000,0.050000,7.251779e-04
0.137500,0.050000,7.628401e-04
0.150000,0.050000,7.959857e-04
0.162500,0.050000,8.249842e-04
0.175000,0.050000,8.501292e-04
0.187500,0.050000,8.714668e-04
0.200000,0.050000,8.889927e-04
0.212500,0.050000,9.027030e-04
0.225000,0.050000,9.125934e-04
0.237500,0.050000,9.186598e-04
0.250000,0.050000,9.208982e-04
0.262500,0.050000,9.193043e-04
0.275000,0.050000,9.138741e-04
0.287500,0.050000,9.046034e-04
0.300000,0.050000,8.914882e-04
0.312500,0.050000,8.745242e-04
0.325000,0.050000,8.536846e-04
0.337500,0.050000,8.288095e-04
0.350000,0.050000,7.996907e-04
0.362500,0.050000,7.661200e-04
0.375000,0.050000,7.278894e-04
0.387500,0.050000,6.847906e-04
0.400000,0.050000,6.366154e-04
0.412500,0.050000,5.831556e-04
0.425000,0.050000,5.241994e-04
0.437500,0.050000,4.592038e-04
0.450000,0.050000,3.870433e-04
0.462500,0.050000,3.065332e-04
0.475000,0.050000,2.164877e-04
0.487500,0.050000,1.152682e-04
0.500000,0.050000,0.000000e+00
0.512500,0.050000,0.000000e+00
0.525000,0.050000,0.000000e+00
0.537500,0.050000,0.000000e+00
0.550000,0.050000,0.000000e+00
0.562500,0.050000,0.000000e+00
0.575000,0.050000,0.000000e+00
0.587500,0.050000,0.000000e+00
0.600000,0.050000,0.000000e+00
0.612500,0.050000,0.000000e+00
0.625000,0.050000,0.000000e+00
0.637500,0.050000,0.000000e+00
0.650000,0.050000,0.000000e+00
0.662500,0.050000,0.000000e+00
0.675000,0.050000,0.000000e+00
0.687500,0.050000,0.000000e+00
0.700000,0.050000,0.000000e+00
0.712500,0.050000,0.000000e+00
0.725000,0.050000,0.000000e+00
0.737500,0.050000,0.000000e+00
0.750000,0.050000,0.000000e+00
0.762500,0.050000,0.000000e+00
0.775000,0.050000,0.000000e+00
0.787500,0.050000,0.000000e+00
0.800000,0.050000,0.000000e+00
0.812500,0.050000,0.000000e+00
0.825000,0.050000,0.000000e+00
0.837500,0.050000,0.000000e+00
0.850000,0.050000,0.000000e+00
0.862500,0.050000,0.000000e+00
0.875000,0.050000,0.000000e+00
0.887500,0.050000,0.000000e+00
0.900000,0.050000,0.000000e+00
0.912500,0.050000,0.000000e+00
0.925000,0.050000,0.000000e+00
0.937500,0.050000,0.000000e+00
0.950000,0.050000,0.000000e+00
0.962500,0.050000,0.000000e+00
0.975000,0.050000,0.000000e+00
0.987500,0.050000,0.000000e+00
1.000000,0.050000,0.000000e+00
0.000000,0.062500,0.000000e+00
0.012500,0.062500,1.339437e-04
0.025000,0.062500,2.530068e-04
0.037500,0.062500,3.597002e-04
0.050000,0.062500,4.564970e-04
0.062500,0.062500,5.448923e-04
0.075000,0.062500,6.253401e-04
0.087500,0.062500,6.982442e-04
0.100000,0.062500,7.640080e-04
0.112500,0.062500,8.230354e-04
0.125000,0.062500,8.757298e-04
0.137500,0.062500,9.224950e-04
0.150000,0.062500,9.637346e-04
0.162500,0.062500,9.998522e-04
0.175000,0.062500,1.031169e-03
0.187500,0.062500,1.057735e-03
0.200000,0.062500,1.079548e-03
0.212500,0.062500,1.096605e-03
0.225000,0.062500,1.108901e-03
0.237500,0.062500,1.116435e-03
0.250000,0.062500,1.119201e-03
0.262500,0.062500,1.117198e-03
0.275000,0.062500,1.110422e-03
0.287500,0.062500,1.098869e-03
0.300000,0.062500,1.082536e-03
0.312500,0.062500,1.061420e-03
0.325000,0.062500,1.035491e-03
0.337500,0.062500,1.004566e-03
0.350000,0.062500,9.684071e-04
0.362500,0.062500,9.267761e-04
0.375000,0.062500,8.794344e-04
0.387500,0.062500,8.261436e-04
0.400000,0.062500,7.666653e-04
0.412500,0.062500,7.007612e-04
0.425000,0.062500,6.281893e-04
0.437500,0.062500,5.483979e-04
0.450000,0.062500,4.602896e-04
0.462500,0.062500,3.627115e-04
0.475000,0.062500,2.545102e-04
0.487500,0.062500,1.343045e-04
0.500000,0.062500,0.000000e+00
0.512500,0.062500,0.000000e+00
0.525000,0.062500,0.000000e+00
0.537500,0.062500,0.000000e+00
0.550000,0.062500,0.000000e+00
0.562500,0.062500,0.000000e+00
0.575000,0.062500,0.000000e+00
0.587500,0.062500,0.000000e+00
0.600000,0.062500,0.000000e+00
0.612500,0.062500,0.000000e+00
0.625000,0.062500,0.000000e+00
0.637500,0.062500,0.000000e+00
0.650000,0.062500,0.000000e+00
0.662500,0.062500,0.000000e+00
0.675000,0.062500,0.000000e+00
0.687500,0.062500,0.000000e+00
0.700000,0.062500,0.000000e+00
0.712500,0.062500,0.000000e+00
0.725000,0.062500,0.000000e+00
0.737500,0.062500,0.000000e+00
0.750000,0.062500,0.000000e+00
0.762500,0.062500,0.000000e+00
0.775000,0.062500,0.000000e+00
0.787500,0.062500,0.000000e+00
0.800000,0.062500,0.000000e+00
0.812500,0.062500,0.000000e+00
0.825000,0.062500,0.000000e+00
0.837500,0.062500,0.000000e+00
0.850000,0.062500,0.000000e+00
0.862500,0.062500,0.000000e+00
0.875000,0.062500,0.000000e+00
0.887500,0.062500,0.000000e+00
0.900000,0.062500,0.000000e+00
0.912500,0.062500,0.000000e+00
0.925000,0.062500,0.000000e+00
0.937500,0.062500,0.000000e+00
0.950000,0.062500,0.000000e+00
0.962500,0.062500,0.000000e+00
0.975000,0.062500,0.000000e+00
0.987500,0.062500,0.000000e+00
1.000000,0.062500,0.000000e+00
0.000000,0.075000,0.000000e+00
0.012500,0.075000,1.512808e-04
0.025000,0.075000,2.876527e-04
0.037500,0.075000,4.112023e-04
0.050000,0.075000,5.239865e-04
0.062500,0.075000,6.272901e-04
0.075000,0.075000,7.215764e-04
0.087500,0.075000,8.072687e-04
0.100000,0.075000,8.847905e-04
0.112500,0.075000,9.545652e-04
0.125000,0.075000,1.017016e-03
0.137500,0.075000,1.072567e-03
0.150000,0.075000,1.121641e-03
0.162500,0.075000,1.164662e-03
0.175000,0.075000,1.201965e-03
0.187500,0.075000,1.233607e-03
0.200000,0.075000,1.259583e-03
0.212500,0.075000,1.279891e-03
0.225000,0.075000,1.294529e-03
0.237500,0.075000,1.303494e-03
0.250000,0.075000,1.306782e-03
0.262500,0.075000,1.304392e-03
0.275000,0.075000,1.296320e-03
0.287500,0.075000,1.282564e-03
0.300000,0.075000,1.263121e-03
0.312500,0.075000,1.237988e-03
0.325000,0.075000,1.207133e-03
0.337500,0.075000,1.170358e-03
0.350000,0.075000,1.127401e-03
0.362500,0.075000,1.078002e-03
0.375000,0.075000,1.021900e-03
0.387500,0.075000,9.588339e-04
0.400000,0.075000,8.885435e-04
0.412500,0.075000,8.107679e-04
0.425000,0.075000,7.252433e-04
0.437500,0.075000,6.314243e-04
0.450000,0.075000,5.282704e-04
0.462500,0.075000,4.146902e-04
0.475000,0.075000,2.895927e-04
0.487500,0.075000,1.518374e-04
0.500000,0.075000,0.000000e+00
0.512500,0.075000,0.000000e+00
0.525000,0.075000,0.000000e+00
0.537500,0.075000,0.000000e+00
0.550000,0.075000,0.000000e+00
0.562500,0.075000,0.000000e+00
0.575000,0.075000,0.000000e+00
0.587500,0.075000,0.000000e+00
0.600000,0.075000,0.000000e+00
0.612500,0.075000,0.000000e+00
0.625000,0.075000,0.000000e+00
0.637500,0.075000,0.000000e+00
0.650000,0.075000,0.000000e+00
0.662500,0.075000,0.000000e+00
0.675000,0.075000,0.000000e+00
0.687500,0.075000,0.000000e+00
0.700000,0.075000,0.000000e+00
0.712500,0.075000,0.000000e+00
0.725000,0.075000,0.000000e+00
0.737500,0.075000,0.000000e+00
0.750000,0.075000,0.000000e+00
0.762500,0.075000,0.000000e+00
0.775000,0.075000,0.000000e+00
0.787500,0.075000,0.000000e+00
0.800000,0.075000,0.000000e+00
0.812500,0.075000,0.000000e+00
0.825000,0.075000,0.000000e+00
0.837500,0.075000,0.000000e+00
0.850000,0.075000,0.000000e+00
0.862500,0.075000,0.000000e+00
0.875000,0.075000,0.000000e+00
0.887500,0.075000,0.000000e+00
0.900000,0.075000,0.000000e+00
0.912500,0.075000,0.000000e+00
0.925000,0.075000,0.000000e+00
0.937500,0.075000,0.000000e+00
0.950000,0.075000,0.000000e+00
0.962500,0.075000,0.000000e+00
0.975000,0.075000,0.000000e+00
0.987500,0.075000,0.000000e+00
1.000000,0.075000,0.000000e+00
0.000000,0.087500,0.000000e+00
0.012500,0.087500,1.674040e-04
0.025000,0.087500,3.198629e-04
0.037500,0.087500,4.591009e-04
0.050000,0.087500,5.868187e-04
0.062500,0.087500,7.041170e-04
0.075000,0.087500,8.114576e-04
0.087500,0.087500,9.092715e-04
0.100000,0.087500,9.979896e-04
0.112500,0.087500,1.078043e-03
0.125000,0.087500,1.149862e-03
0.137500,0.087500,1.213878e-03
0.150000,0.087500,1.270523e-03
0.162500,0.087500,1.320226e-03
0.175000,0.087500,1.363330e-03
0.187500,0.087500,1.399891e-03
0.200000,0.087500,1.429907e-03
0.212500,0.087500,1.453375e-03
0.225000,0.087500,1.470293e-03
0.237500,0.087500,1.480657e-03
0.250000,0.087500,1.484465e-03
0.262500,0.087500,1.481715e-03
0.275000,0.087500,1.472404e-03
0.287500,0.087500,1.456530e-03
0.300000,0.087500,1.434090e-03
0.312500,0.087500,1.405081e-03
0.325000,0.087500,1.369470e-03
0.337500,0.087500,1.327047e-03
0.350000,0.087500,1.277535e-03
0.362500,0.087500,1.220660e-03
0.375000,0.087500,1.156146e-03
0.387500,0.087500,1.083716e-03
0.400000,0.087500,1.003095e-03
0.412500,0.087500,9.140084e-04
0.425000,0.087500,8.161768e-04
0.437500,0.087500,7.090723e-04
0.450000,0.087500,5.917274e-04
0.462500,0.087500,4.631298e-04
0.475000,0.087500,3.222671e-04
0.487500,0.087500,1.681980e-04
0.500000,0.087500,0.000000e+00
0.512500,0.087500,0.000000e+00
0.525000,0.087500,0.000000e+00
0.537500,0.087500,0.000000e+00
0.550000,0.087500,0.000000e+00
0.562500,0.087500,0.000000e+00
0.575000,0.087500,0.000000e+00
0.587500,0.087500,0.000000e+00
0.600000,0.087500,0.000000e+00
0.612500,0.087500,0.000000e+00
0.625000,0.087500,0.000000e+00
0.637500,0.087500,0.000000e+00
0.650000,0.087500,0.000000e+00
0.662500,0.087500,0.000000e+00
0.675000,0.087500,0.000000e+00
0.687500,0.087500,0.000000e+00
0.700000,0.087500,0.000000e+00
0.712500,0.087500,0.000000e+00
0.725000,0.087500,0.000000e+00
0.737500,0.087500,0.000000e+00
0.750000,0.087500,0.000000e+00
0.762500,0.087500,0.000000e+00
0.775000,0.087500,0.000000e+00
0.787500,0.087500,0.000000e+00
0.800000,0.087500,0.000000e+00
0.812500,0.087500,0.000000e+00
0.825000,0.087500,0.000000e+00
0.837500,0.087500,0.000000e+00
0.850000,0.087500,0.000000e+00
0.862500,0.087500,0.000000e+00
0.875000,0.087500,0.000000e+00
0.887500,0.087500,0.000000e+00
0.900000,0.087500,0.000000e+00
0.912500,0.087500,0.000000e+00
0.925000,0.087500,0.000000e+00
0.937500,0.087500,0.000000e+00
0.950000,0.087500,0.000000e+00
0.962500,0.087500,0.000000e+00
0.975000,0.087500,0.000000e+00
0.987500,0.087500,0.000000e+00
1.000000,0.087500,0.000000e+00
0.000000,0.100000,0.000000e+00
0.012500,0.100000,1.824084e-04
0.025000,0.100000,3.498290e-04
0.037500,0.100000,5.036792e-04
0.050000,0.100000,6.453586e-04
0.062500,0.100000,7.758075e-04
0.075000,0.100000,8.954770e-04
0.087500,0.100000,1.004794e-03
0.100000,0.100000,1.104187e-03
0.112500,0.100000,1.194083e-03
0.125000,0.100000,1.274909e-03
0.137500,0.100000,1.347093e-03
0.150000,0.100000,1.411061e-03
0.162500,0.100000,1.467243e-03
0.175000,0.100000,1.515976e-03
0.187500,0.100000,1.557317e-03
0.200000,0.100000,1.591262e-03
0.212500,0.100000,1.617807e-03
0.225000,0.100000,1.636952e-03
0.237500,0.100000,1.648691e-03
0.250000,0.100000,1.653023e-03
0.262500,0.100000,1.649944e-03
0.275000,0.100000,1.639452e-03
0.287500,0.100000,1.621543e-03
0.300000,0.100000,1.596214e-03
0.312500,0.100000,1.563463e-03
0.325000,0.100000,1.523255e-03
0.337500,0.100000,1.475374e-03
0.350000,0.100000,1.419535e-03
0.362500,0.100000,1.355454e-03
0.375000,0.100000,1.282849e-03
0.387500,0.100000,1.201436e-03
0.400000,0.100000,1.110930e-03
0.412500,0.100000,1.011049e-03
0.425000,0.100000,9.015062e-04
0.437500,0.100000,7.818003e-04
0.450000,0.100000,6.510505e-04
0.462500,0.100000,5.083377e-04
0.475000,0.100000,3.527427e-04
0.487500,0.100000,1.834861e-04
0.500000,0.100000,0.000000e+00
0.512500,0.100000,0.000000e+00
0.525000,0.100000,0.000000e+00
0.537500,0.100000,0.000000e+00
0.550000,0.100000,0.000000e+00
0.562500,0.100000,0.000000e+00
0.575000,0.100000,0.000000e+00
0.587500,0.100000,0.000000e+00
0.600000,0.100000,0.000000e+00
0.612500,0.100000,0.000000e+00
0.625000,0.100000,0.000000e+00
0.637500,0.100000,0.000000e+00
0.650000,0.100000,0.000000e+00
0.662500,0.100000,0.000000e+00
0.675000,0.100000,0.000000e+00
0.687500,0.100000,0.000000e+00
0.700000,0.100000,0.000000e+00
0.712500,0.100000,0.000000e+00
0.725000,0.100000,0.000000e+00
0.737500,0.100000,0.000000e+00
0.750000,0.100000,0.000000e+00
0.762500,0.100000,0.000000e+00
0.775000,0.100000,0.000000e+00
0.787500,0.100000,0.000000e+00
0.800000,0.100000,0.000000e+00
0.812500,0.100000,0.000000e+00
0.825000,0.100000,0.000000e+00
0.837500,0.100000,0.000000e+00
0.850000,0.100000,0.000000e+00
0.862500,0.100000,0.000000e+00
0.875000,0.100000,0.000000e+00
0.887500,0.100000,0.000000e+00
0.900000,0.100000,0.000000e+00
0.912500,0.100000,0.000000e+00
0.925000,0.100000,0.000000e+00
0.937500,0.100000,0.000000e+00
0.950000,0.100000,0.000000e+00
0.962500,0.100000,0.000000e+00
0.975000,0.100000,0.000000e+00
0.987500,0.100000,0.000000e+00
1.000000,0.100000,0.000000e+00
0.000000,0.112500,0.000000e+00
0.012500,0.112500,1.963894e-04
0.025000,0.112500,3.777423e-04
0.037500,0.112500,5.452203e-04
0.050000,0.112500,6.999712e-04
0.062500,0.112500,8.427963e-04
0.075000,0.112500,9.741276e-04
0.087500,0.112500,1.094379e-03
0.100000,0.112500,1.203966e-03
0.112500,0.112500,1.303300e-03
0.125000,0.112500,1.392798e-03
0.137500,0.112500,1.472873e-03
0.150000,0.112500,1.543940e-03
0.162500,0.112500,1.606411e-03
0.175000,0.112500,1.660617e-03
0.187500,0.112500,1.706610e-03
0.200000,0.112500,1.744385e-03
0.212500,0.112500,1.773938e-03
0.225000,0.112500,1.795266e-03
0.237500,0.112500,1.808364e-03
0.250000,0.112500,1.813228e-03
0.262500,0.112500,1.809854e-03
0.275000,0.112500,1.798239e-03
0.287500,0.112500,1.778377e-03
0.300000,0.112500,1.750265e-03
0.312500,0.112500,1.713899e-03
0.325000,0.112500,1.669244e-03
0.337500,0.112500,1.616080e-03
0.350000,0.112500,1.554123e-03
0.362500,0.112500,1.483088e-03
0.375000,0.112500,1.402688e-03
0.387500,0.112500,1.312640e-03
0.400000,0.112500,1.212658e-03
0.412500,0.112500,1.102456e-03
0.425000,0.112500,9.817479e-04
0.437500,0.112500,8.500665e-04
0.450000,0.112500,7.066293e-04
0.462500,0.112500,5.506215e-04
0.475000,0.112500,3.812287e-04
0.487500,0.112500,1.978014e-04
0.500000,0.112500,0.000000e+00
0.512500,0.112500,0.000000e+00
0.525000,0.112500,0.000000e+00
0.537500,0.112500,0.000000e+00
0.550000,0.112500,0.000000e+00
0.562500,0.112500,0.000000e+00
0.575000,0.112500,0.000000e+00
0.587500,0.112500,0.000000e+00
0.600000,0.112500,0.000000e+00
0.612500,0.112500,0.000000e+00
0.625000,0.112500,0.000000e+00
0.637500,0.112500,0.000000e+00
0.650000,0.112500,0.000000e+00
0.662500,0.112500,0.000000e+00
0.675000,0.112500,0.000000e+00
0.687500,0.112500,0.000000e+00
0.700000,0.112500,0.000000e+00
0.712500,0.112500,0.000000e+00
0.725000,0.112500,0.000000e+00
0.737500,0.112500,0.000000e+00
0.750000,0.112500,0.000000e+00
0.762500,0.112500,0.000000e+00
0.775000,0.112500,0.000000e+00
0.787500,0.112500,0.000000e+00
0.800000,0.112500,0.000000e+00
0.812500,0.112500,0.000000e+00
0.825000,0.112500,0.000000e+00
0.837500,0.112500,0.000000e+00
0.850000,0.112500,0.000000e+00
0.862500,0.112500,0.000000e+00
0.875000,0.112500,0.000000e+00
0.887500,0.112500,0.000000e+00
0.900000,0.112500,0.000000e+00
0.912500,0.112500,0.000000e+00
0.925000,0.112500,0.000000e+00
0.937500,0.112500,0.000000e+00
0.950000,0.112500,0.000000e+00
0.962500,0.112500,0.000000e+00
0.975000,0.112500,0.000000e+00
0.987500,0.112500,0.000000e+00
1.000000,0.112500,0.000000e+00
0.000000,0.125000,0.000000e+00
0.012500,0.125000,2.094420e-04
0.025000,0.125000,4.037943e-04
0.037500,0.125000,5.840073e-04
0.050000,0.125000,7.510214e-04
0.062500,0.125000,9.055178e-04
0.075000,0.125000,1.047902e-03
0.087500,0.125000,1.178568e-03
0.100000,0.125000,1.297906e-03
0.112500,0.125000,1.406310e-03
0.125000,0.125000,1.504172e-03
0.137500,0.125000,1.591884e-03
0.150000,0.125000,1.669839e-03
0.162500,0.125000,1.738430e-03
0.175000,0.125000,1.797967e-03
0.187500,0.125000,1.848498e-03
0.200000,0.125000,1.890017e-03
0.212500,0.125000,1.922518e-03
0.225000,0.125000,1.945996e-03
0.237500,0.125000,1.960443e-03
0.250000,0.125000,1.965853e-03
0.262500,0.125000,1.962222e-03
0.275000,0.125000,1.949542e-03
0.287500,0.125000,1.927809e-03
0.300000,0.125000,1.897015e-03
0.312500,0.125000,1.857154e-03
0.325000,0.125000,1.808191e-03
0.337500,0.125000,1.749909e-03
0.350000,0.125000,1.682027e-03
0.362500,0.125000,1.604265e-03
0.375000,0.125000,1.516341e-03
0.387500,0.125000,1.417976e-03
0.400000,0.125000,1.308888e-03
0.412500,0.125000,1.188796e-03
0.425000,0.125000,1.057418e-03
0.437500,0.125000,9.143293e-04
0.450000,0.125000,7.588534e-04
0.462500,0.125000,5.902888e-04
0.475000,0.125000,4.079341e-04
0.487500,0.125000,2.112435e-04
0.500000,0.125000,0.000000e+00
0.512500,0.125000,0.000000e+00
0.525000,0.125000,0.000000e+00
0.537500,0.125000,0.000000e+00
0.550000,0.125000,0.000000e+00
0.562500,0.125000,0.000000e+00
0.575000,0.125000,0.000000e+00
0.587500,0.125000,0.000000e+00
0.600000,0.125000,0.000000e+00
0.612500,0.125000,0.000000e+00
0.625000,0.125000,0.000000e+00
0.637500,0.125000,0.000000e+00
0.650000,0.125000,0.000000e+00
0.662500,0.125000,0.000000e+00
0.675000,0.125000,0.000000e+00
0.687500,0.125000,0.000000e+00
0.700000,0.125000,0.000000e+00
0.712500,0.125000,0.000000e+00
0.725000,0.125000,0.000000e+00
0.737500,0.125000,0.000000e+00
0.750000,0.125000,0.000000e+00
0.762500,0.125000,0.000000e+00
0.775000,0.125000,0.000000e+00
0.787500,0.125000,0.000000e+00
0.800000,0.125000,0.000000e+00
0.812500,0.125000,0.000000e+00
0.825000,0.125000,0.000000e+00
0.837500,0.125000,0.000000e+00
0.850000,0.125000,0.000000e+00
0.862500,0.125000,0.000000e+00
0.875000,0.125000,0.000000e+00
0.887500,0.125000,0.000000e+00
0.900000,0.125000,0.000000e+00
0.912500,0.125000,0.000000e+00
0.925000,0.125000,0.000000e+00
0.937500,0.125000,0.000000e+00
0.950000,0.125000,0.000000e+00
0.962500,0.125000,0.000000e+00
0.975000,0.125000,0.000000e+00
0.987500,0.125000,0.000000e+00
1.000000,0.125000,0.000000e+00
0.000000,0.137500,0.000000e+00
0.012500,0.137500,2.216614e-04
0.025000,0.137500,4.281763e-04
0.037500,0.137500,6.203235e-04
0.050000,0.137500,7.988741e-04
0.062500,0.137500,9.644067e-04
0.075000,0.137500,1.117295e-03
0.087500,0.137500,1.257902e-03
0.100000,0.137500,1.386591e-03
0.112500,0.137500,1.503726e-03
0.125000,0.137500,1.609671e-03
0.137500,0.137500,1.704789e-03
0.150000,0.137500,1.789443e-03
0.162500,0.137500,1.863997e-03
0.175000,0.137500,1.928739e-03
0.187500,0.137500,1.983709e-03
0.200000,0.137500,2.028898e-03
0.212500,0.137500,2.064298e-03
0.225000,0.137500,2.089900e-03
0.237500,0.137500,2.105694e-03
0.250000,0.137500,2.111671e-03
0.262500,0.137500,2.107823e-03
0.275000,0.137500,2.094140e-03
0.287500,0.137500,2.070613e-03
0.300000,0.137500,2.037233e-03
0.312500,0.137500,1.993992e-03
0.325000,0.137500,1.940851e-03
0.337500,0.137500,1.877600e-03
0.350000,0.137500,1.803970e-03
0.362500,0.137500,1.719688e-03
0.375000,0.137500,1.624485e-03
0.387500,0.137500,1.518089e-03
0.400000,0.137500,1.400229e-03
0.412500,0.137500,1.270635e-03
0.425000,0.137500,1.129033e-03
0.437500,0.137500,9.750471e-04
0.450000,0.137500,8.081125e-04
0.462500,0.137500,6.276471e-04
0.475000,0.137500,4.330683e-04
0.487500,0.137500,2.239121e-04
0.500000,0.137500,0.000000e+00
0.512500,0.137500,0.000000e+00
0.525000,0.137500,0.000000e+00
0.537500,0.137500,0.000000e+00
0.550000,0.137500,0.000000e+00
0.562500,0.137500,0.000000e+00
0.575000,0.137500,0.000000e+00
0.587500,0.137500,0.000000e+00
0.600000,0.137500,0.000000e+00
0.612500,0.137500,0.000000e+00
0.625000,0.137500,0.000000e+00
0.637500,0.137500,0.000000e+00
0.650000,0.137500,0.000000e+00
0.662500,0.137500,0.000000e+00
0.675000,0.137500,0.000000e+00
0.687500,0.137500,0.000000e+00
0.700000,0.137500,0.000000e+00
0.712500,0.137500,0.000000e+00
0.725000,0.137500,0.000000e+00
0.737500,0.137500,0.000000e+00
0.750000,0.137500,0.000000e+00
0.762500,0.137500,0.000000e+00
0.775000,0.137500,0.000000e+00
0.787500,0.137500,0.000000e+00
0.800000,0.137500,0.000000e+00
0.812500,0.137500,0.000000e+00
0.825000,0.137500,0.000000e+00
0.837500,0.137500,0.000000e+00
0.850000,0.137500,0.000000e+00
0.862500,0.137500,0.000000e+00
0.875000,0.137500,0.000000e+00
0.887500,0.137500,0.000000e+00
0.900000,0.137500,0.000000e+00
0.912500,0.137500,0.000000e+00
0.925000,0.137500,0.000000e+00
0.937500,0.137500,0.000000e+00
0.950000,0.137500,0.000000e+00
0.962500,0.137500,0.000000e+00
0.975000,0.137500,0.000000e+00
0.987500,0.137500,0.000000e+00
1.000000,0.137500,0.000000e+00
0.000000,0.150000,0.000000e+00
0.012500,0.150000,2.331430e-04
0.025000,0.150000,4.510799e-04
0.037500,0.150000,6.544519e-04
0.050000,0.150000,8.438942e-04
0.062500,0.150000,1.019897e-03
0.075000,0.150000,1.182797e-03
0.087500,0.150000,1.332923e-03
0.100000,0.150000,1.470602e-03
0.112500,0.150000,1.596164e-03
0.125000,0.150000,1.709938e-03
0.137500,0.150000,1.812251e-03
0.150000,0.150000,1.903433e-03
0.162500,0.150000,1.983811e-03
0.175000,0.150000,2.053646e-03
0.187500,0.150000,2.112969e-03
0.200000,0.150000,2.161768e-03
0.212500,0.150000,2.200029e-03
0.225000,0.150000,2.227739e-03
0.237500,0.150000,2.244885e-03
0.250000,0.150000,2.251454e-03
0.262500,0.150000,2.247432e-03
0.275000,0.150000,2.232807e-03
0.287500,0.150000,2.207565e-03
0.300000,0.150000,2.171693e-03
0.312500,0.150000,2.125177e-03
0.325000,0.150000,2.067978e-03
0.337500,0.150000,1.999897e-03
0.350000,0.150000,1.920677e-03
0.362500,0.150000,1.830063e-03
0.375000,0.150000,1.727798e-03
0.387500,0.150000,1.613627e-03
0.400000,0.150000,1.487292e-03
0.412500,0.150000,1.348539e-03
0.425000,0.150000,1.197110e-03
0.437500,0.150000,1.032678e-03
0.450000,0.150000,8.547963e-04
0.462500,0.150000,6.630039e-04
0.475000,0.150000,4.568404e-04
0.487500,0.150000,2.359070e-04
0.500000,0.150000,0.000000e+00
0.512500,0.150000,0.000000e+00
0.525000,0.150000,0.000000e+00
0.537500,0.150000,0.000000e+00
0.550000,0.150000,0.000000e+00
0.562500,0.150000,0.000000e+00
0.575000,0.150000,0.000000e+00
0.587500,0.150000,0.000000e+00
0.600000,0.150000,0.000000e+00
0.612500,0.150000,0.000000e+00
0.625000,0.150000,0.000000e+00
0.637500,0.150000,0.000000e+00
0.650000,0.150000,0.000000e+00
0.662500,0.150000,0.000000e+00
0.675000,0.150000,0.000000e+00
0.687500,0.150000,0.000000e+00
0.700000,0.150000,0.000000e+00
0.712500,0.150000,0.000000e+00
0.725000,0.150000,0.000000e+00
0.737500,0.150000,0.000000e+00
0.750000,0.150000,0.000000e+00
0.762500,0.150000,0.000000e+00
0.775000,0.150000,0.000000e+00
0.787500,0.150000,0.000000e+00
0.800000,0.150000,0.000000e+00
0.812500,0.150000,0.000000e+00
0.825000,0.150000,0.000000e+00
0.837500,0.150000,0.000000e+00
0.850000,0.150000,0.000000e+00
0.862500,0.150000,0.000000e+00
0.875000,0.150000,0.000000e+00
0.887500,0.150000,0.000000e+00
0.900000,0.150000,0.000000e+00
0.912500,0.150000,0.000000e+00
0.925000,0.150000,0.000000e+00
0.937500,0.150000,0.000000e+00
0.950000,0.150000,0.000000e+00
0.962500,0.150000,0.000000e+00
0.975000,0.150000,0.000000e+00
0.987500,0.150000,0.000000e+00
1.000000,0.150000,0.000000e+00
0.000000,0.162500,0.000000e+00
0.012500,0.162500,2.439818e-04
0.025000,0.162500,4.726964e-04
0.037500,0.162500,6.866757e-04
0.050000,0.162500,8.864468e-04
0.062500,0.162500,1.072425e-03
0.075000,0.162500,1.244904e-03
0.087500,0.162500,1.404173e-03
0.100000,0.162500,1.550522e-03
0.112500,0.162500,1.684239e-03
0.125000,0.162500,1.805613e-03
0.137500,0.162500,1.914934e-03
0.150000,0.162500,2.012490e-03
0.162500,0.162500,2.098571e-03
0.175000,0.162500,2.173402e-03
0.187500,0.162500,2.237006e-03
0.200000,0.162500,2.289365e-03
0.212500,0.162500,2.330460e-03
0.225000,0.162500,2.360273e-03
0.237500,0.162500,2.378784e-03
0.250000,0.162500,2.385975e-03
0.262500,0.162500,2.381827e-03
0.275000,0.162500,2.366322e-03
0.287500,0.162500,2.339440e-03
0.300000,0.162500,2.301164e-03
0.312500,0.162500,2.251474e-03
0.325000,0.162500,2.190328e-03
0.337500,0.162500,2.117540e-03
0.350000,0.162500,2.032874e-03
0.362500,0.162500,1.936092e-03
0.375000,0.162500,1.826958e-03
0.387500,0.162500,1.705235e-03
0.400000,0.162500,1.570686e-03
0.412500,0.162500,1.423075e-03
0.425000,0.162500,1.262164e-03
0.437500,0.162500,1.087681e-03
0.450000,0.162500,8.992945e-04
0.462500,0.162500,6.966667e-04
0.475000,0.162500,4.794595e-04
0.487500,0.162500,2.473279e-04
0.500000,0.162500,0.000000e+00
0.512500,0.162500,0.000000e+00
0.525000,0.162500,0.000000e+00
0.537500,0.162500,0.000000e+00
0.550000,0.162500,0.000000e+00
0.562500,0.162500,0.000000e+00
0.575000,0.162500,0.000000e+00
0.587500,0.162500,0.000000e+00
0.600000,0.162500,0.000000e+00
0.612500,0.162500,0.000000e+00
0.625000,0.162500,0.000000e+00
0.637500,0.162500,0.000000e+00
0.650000,0.162500,0.000000e+00
0.662500,0.162500,0.000000e+00
0.675000,0.162500,0.000000e+00
0.687500,0.162500,0.000000e+00
0.700000,0.162500,0.000000e+00
0.712500,0.162500,0.000000e+00
0.725000,0.162500,0.000000e+00
0.737500,0.162500,0.000000e+00
0.750000,0.162500,0.000000e+00
0.762500,0.162500,0.000000e+00
0.775000,0.162500,0.000000e+00
0.787500,0.162500,0.000000e+00
0.800000,0.162500,0.000000e+00
0.812500,0.162500,0.000000e+00
0.825000,0.162500,0.000000e+00
0.837500,0.162500,0.000000e+00
0.850000,0.162500,0.000000e+00
0.862500,0.162500,0.000000e+00
0.875000,0.162500,0.000000e+00
0.887500,0.162500,0.000000e+00
0.900000,0.162500,0.000000e+00
0.912500,0.162500,0.000000e+00
0.925000,0.162500,0.000000e+00
0.937500,0.162500,0.000000e+00
0.950000,0.162500,0.000000e+00
0.962500,0.162500,0.000000e+00
0.975000,0.162500,0.000000e+00
0.987500,0.162500,0.000000e+00
1.000000,0.162500,0.000000e+00
0.000000,0.175000,0.000000e+00
0.012500,0.175000,2.542730e-04
0.025000,0.175000,4.932173e-04
0.037500,0.175000,7.172781e-04
0.050000,0.175000,9.268968e-04
0.062500,0.175000,1.122423e-03
0.075000,0.175000,1.304106e-03
0.087500,0.175000,1.472194e-03
0.100000,0.175000,1.626931e-03
0.112500,0.175000,1.768564e-03
0.125000,0.175000,1.897339e-03
0.137500,0.175000,2.013502e-03
0.150000,0.175000,2.117298e-03
0.162500,0.175000,2.208974e-03
0.175000,0.175000,2.288720e-03
0.187500,0.175000,2.356548e-03
0.200000,0.175000,2.412431e-03
0.212500,0.175000,2.456344e-03
0.225000,0.175000,2.488261e-03
0.237500,0.175000,2.508157e-03
0.250000,0.175000,2.516006e-03
0.262500,0.175000,2.511782e-03
0.275000,0.175000,2.495460e-03
0.287500,0.175000,2.467014e-03
0.300000,0.175000,2.426418e-03
0.312500,0.175000,2.373648e-03
0.325000,0.175000,2.308655e-03
0.337500,0.175000,2.231272e-03
0.350000,0.175000,2.141285e-03
0.362500,0.175000,2.038479e-03
0.375000,0.175000,1.922643e-03
0.387500,0.175000,1.793561e-03
0.400000,0.175000,1.651021e-03
0.412500,0.175000,1.494809e-03
0.425000,0.175000,1.324711e-03
0.437500,0.175000,1.140513e-03
0.450000,0.175000,9.419966e-04
0.462500,0.175000,7.289432e-04
0.475000,0.175000,5.011349e-04
0.487500,0.175000,2.582744e-04
0.500000,0.175000,0.000000e+00
0.512500,0.175000,0.000000e+00
0.525000,0.175000,0.000000e+00
0.537500,0.175000,0.000000e+00
0.550000,0.175000,0.000000e+00
0.562500,0.175000,0.000000e+00
0.575000,0.175000,0.000000e+00
0.587500,0.175000,0.000000e+00
0.600000,0.175000,0.000000e+00
0.612500,0.175000,0.000000e+00
0.625000,0.175000,0.000000e+00
0.637500,0.175000,0.000000e+00
0.650000,0.175000,0.000000e+00
0.662500,0.175000,0.000000e+00
0.675000,0.175000,0.000000e+00
0.687500,0.175000,0.000000e+00
0.700000,0.175000,0.000000e+00
0.712500,0.175000,0.000000e+00
0.725000,0.175000,0.000000e+00
0.737500,0.175000,0.000000e+00
0.750000,0.175000,0.000000e+00
0.762500,0.175000,0.000000e+00
0.775000,0.175000,0.000000e+00
0.787500,0.175000,0.000000e+00
0.800000,0.175000,0.000000e+00
0.812500,0.175000,0.000000e+00
0.825000,0.175000,0.000000e+00
0.837500,0.175000,0.000000e+00
0.850000,0.175000,0.000000e+00
0.862500,0.175000,0.000000e+00
0.875000,0.175000,0.000000e+00
0.887500,0.175000,0.000000e+00
0.900000,0.175000,0.000000e+00
0.912500,0.175000,0.000000e+00
0.925000,0.175000,0.000000e+00
0.937500,0.175000,0.000000e+00
0.950000,0.175000,0.000000e+00
0.962500,0.175000,0.000000e+00
0.975000,0.175000,0.000000e+00
0.987500,0.175000,0.000000e+00
1.000000,0.175000,0.000000e+00
0.000000,0.187500,0.000000e+00
0.012500,0.187500,2.641119e-04
0.025000,0.187500,5.128340e-04
0.037500,0.187500,7.465421e-04
0.050000,0.187500,9.656091e-04
0.062500,0.187500,1.170326e-03
0.075000,0.187500,1.360899e-03
0.087500,0.187500,1.537527e-03
0.100000,0.187500,1.700413e-03
0.112500,0.187500,1.849756e-03
0.125000,0.187500,1.985757e-03
0.137500,0.187500,2.108618e-03
0.150000,0.187500,2.218538e-03
0.162500,0.187500,2.315720e-03
0.175000,0.187500,2.400315e-03
0.187500,0.187500,2.472321e-03
0.200000,0.187500,2.531704e-03
0.212500,0.187500,2.578429e-03
0.225000,0.187500,2.612463e-03
0.237500,0.187500,2.633771e-03
0.250000,0.187500,2.642319e-03
0.262500,0.187500,2.638073e-03
0.275000,0.187500,2.620999e-03
0.287500,0.187500,2.591061e-03
0.300000,0.187500,2.548227e-03
0.312500,0.187500,2.492462e-03
0.325000,0.187500,2.423715e-03
0.337500,0.187500,2.341835e-03
0.350000,0.187500,2.246635e-03
0.362500,0.187500,2.137929e-03
0.375000,0.187500,2.015530e-03
0.387500,0.187500,1.879251e-03
0.400000,0.187500,1.728906e-03
0.412500,0.187500,1.564307e-03
0.425000,0.187500,1.385269e-03
0.437500,0.187500,1.191634e-03
0.450000,0.187500,9.832923e-04
0.462500,0.187500,7.601408e-04
0.475000,0.187500,5.220757e-04
0.487500,0.187500,2.688463e-04
0.500000,0.187500,0.000000e+00
0.512500,0.187500,0.000000e+00
0.525000,0.187500,0.000000e+00
0.537500,0.187500,0.000000e+00
0.550000,0.187500,0.000000e+00
0.562500,0.187500,0.000000e+00
0.575000,0.187500,0.000000e+00
0.587500,0.187500,0.000000e+00
0.600000,0.187500,0.000000e+00
0.612500,0.187500,0.000000e+00
0.625000,0.187500,0.000000e+00
0.637500,0.187500,0.000000e+00
0.650000,0.187500,0.000000e+00
0.662500,0.187500,0.000000e+00
0.675000,0.187500,0.000000e+00
0.687500,0.187500,0.000000e+00
0.700000,0.187500,0.000000e+00
0.712500,0.187500,0.000000e+00
0.725000,0.187500,0.000000e+00
0.737500,0.187500,0.000000e+00
0.750000,0.187500,0.000000e+00
0.762500,0.187500,0.000000e+00
0.775000,0.187500,0.000000e+00
0.787500,0.187500,0.000000e+00
0.800000,0.187500,0.000000e+00
0.812500,0.187500,0.000000e+00
0.825000,0.187500,0.000000e+00
0.837500,0.187500,0.000000e+00
0.850000,0.187500,0.000000e+00
0.862500,0.187500,0.000000e+00
0.875000,0.187500,0.000000e+00
0.887500,0.187500,0.000000e+00
0.900000,0.187500,0.000000e+00
0.912500,0.187500,0.000000e+00
0.925000,0.187500,0.000000e+00
0.937500,0.187500,0.000000e+00
0.950000,0.187500,0.000000e+00
0.962500,0.187500,0.000000e+00
0.975000,0.187500,0.000000e+00
0.987500,0.187500,0.000000e+00
1.000000,0.187500,0.000000e+00
0.000000,0.200000,0.000000e+00
0.012500,0.200000,2.735936e-04
0.025000,0.200000,5.317378e-04
0.037500,0.200000,7.747510e-04
0.050000,0.200000,1.002949e-03
0.062500,0.200000,1.216570e-03
0.075000,0.200000,1.415774e-03
0.087500,0.200000,1.600715e-03
0.100000,0.200000,1.771548e-03
0.112500,0.200000,1.928428e-03
0.125000,0.200000,2.071509e-03
0.137500,0.200000,2.200945e-03
0.150000,0.200000,2.316893e-03
0.162500,0.200000,2.419506e-03
0.175000,0.200000,2.508898e-03
0.187500,0.200000,2.585052e-03
0.200000,0.200000,2.647923e-03
0.212500,0.200000,2.697467e-03
0.225000,0.200000,2.733639e-03
0.237500,0.200000,2.756394e-03
0.250000,0.200000,2.765688e-03
0.262500,0.200000,2.761477e-03
0.275000,0.200000,2.743715e-03
0.287500,0.200000,2.712358e-03
0.300000,0.200000,2.667362e-03
0.312500,0.200000,2.608682e-03
0.325000,0.200000,2.536261e-03
0.337500,0.200000,2.449969e-03
0.350000,0.200000,2.349649e-03
0.362500,0.200000,2.235144e-03
0.375000,0.200000,2.106297e-03
0.387500,0.200000,1.962951e-03
0.400000,0.200000,1.804950e-03
0.412500,0.200000,1.632136e-03
0.425000,0.200000,1.444354e-03
0.437500,0.200000,1.241501e-03
0.450000,0.200000,1.023571e-03
0.462500,0.200000,7.905671e-04
0.475000,0.200000,5.424911e-04
0.487500,0.200000,2.791431e-04
0.500000,0.200000,0.000000e+00
0.512500,0.200000,0.000000e+00
0.525000,0.200000,0.000000e+00
0.537500,0.200000,0.000000e+00
0.550000,0.200000,0.000000e+00
0.562500,0.200000,0.000000e+00
0.575000,0.200000,0.000000e+00
0.587500,0.200000,0.000000e+00
0.600000,0.200000,0.000000e+00
0.612500,0.200000,0.000000e+00
0.625000,0.200000,0.000000e+00
0.637500,0.200000,0.000000e+00
0.650000,0.200000,0.000000e+00
0.662500,0.200000,0.000000e+00
0.675000,0.200000,0.000000e+00
0.687500,0.200000,0.000000e+00
0.700000,0.200000,0.000000e+00
0.712500,0.200000,0.000000e+00
0.725000,0.200000,0.000000e+00
0.737500,0.200000,0.000000e+00
0.750000,0.200000,0.000000e+00
0.762500,0.200000,0.000000e+00
0.775000,0.200000,0.000000e+00
0.787500,0.200000,0.000000e+00
0.800000,0.200000,0.000000e+00
0.812500,0.200000,0.000000e+00
0.825000,0.200000,0.000000e+00
0.837500,0.200000,0.000000e+00
0.850000,0.200000,0.000000e+00
0.862500,0.200000,0.000000e+00
0.875000,0.200000,0.000000e+00
0.887500,0.200000,0.000000e+00
0.900000,0.200000,0.000000e+00
0.912500,0.200000,0.000000e+00
0.925000,0.200000,0.000000e+00
0.937500,0.200000,0.000000e+00
0.950000,0.200000,0.000000e+00
0.962500,0.200000,0.000000e+00
0.975000,0.200000,0.000000e+00
0.987500,0.200000,0.000000e+00
1.000000,0.200000,0.000000e+00
0.000000,0.212500,0.000000e+00
0.012500,0.212500,2.828133e-04
0.025000,0.212500,5.501203e-04
0.037500,0.212500,8.021879e-04
0.050000,0.212500,1.039280e-03
0.062500,0.212500,1.261588e-03
0.075000,0.212500,1.469225e-03
0.087500,0.212500,1.662299e-03
0.100000,0.212500,1.840920e-03
0.112500,0.212500,2.005195e-03
0.125000,0.212500,2.155235e-03
0.137500,0.212500,2.291149e-03
0.150000,0.212500,2.413045e-03
0.162500,0.212500,2.521031e-03
0.175000,0.212500,2.615185e-03
0.187500,0.212500,2.695470e-03
0.200000,0.212500,2.761830e-03
0.212500,0.212500,2.814209e-03
0.225000,0.212500,2.852549e-03
0.237500,0.212500,2.876793e-03
0.250000,0.212500,2.886885e-03
0.262500,0.212500,2.882768e-03
0.275000,0.212500,2.864385e-03
0.287500,0.212500,2.831679e-03
0.300000,0.212500,2.784594e-03
0.312500,0.212500,2.723072e-03
0.325000,0.212500,2.647049e-03
0.337500,0.212500,2.556417e-03
0.350000,0.212500,2.451052e-03
0.362500,0.212500,2.330828e-03
0.375000,0.212500,2.195621e-03
0.387500,0.212500,2.045308e-03
0.400000,0.212500,1.879763e-03
0.412500,0.212500,1.698862e-03
0.425000,0.212500,1.502482e-03
0.437500,0.212500,1.290574e-03
0.450000,0.212500,1.063224e-03
0.462500,0.212500,8.205296e-04
0.475000,0.212500,5.625902e-04
0.487500,0.212500,2.892648e-04
0.500000,0.212500,0.000000e+00
0.512500,0.212500,0.000000e+00
0.525000,0.212500,0.000000e+00
0.537500,0.212500,0.000000e+00
0.550000,0.212500,0.000000e+00
0.562500,0.212500,0.000000e+00
0.575000,0.212500,0.000000e+00
0.587500,0.212500,0.000000e+00
0.600000,0.212500,0.000000e+00
0.612500,0.212500,0.000000e+00
0.625000,0.212500,0.000000e+00
0.637500,0.212500,0.000000e+00
0.650000,0.212500,0.000000e+00
0.662500,0.212500,0.000000e+00
0.675000,0.212500,0.000000e+00
0.687500,0.212500,0.000000e+00
0.700000,0.212500,0.000000e+00
0.712500,0.212500,0.000000e+00
0.725000,0.212500,0.000000e+00
0.737500,0.212500,0.000000e+00
0.750000,0.212500,0.000000e+00
0.762500,0.212500,0.000000e+00
0.775000,0.212500,0.000000e+00
0.787500,0.212500,0.000000e+00
0.800000,0.212500,0.000000e+00
0.812500,0.212500,0.000000e+00
0.825000,0.212500,0.000000e+00
0.837500,0.212500,0.000000e+00
0.850000,0.212500,0.000000e+00
0.862500,0.212500,0.000000e+00
0.875000,0.212500,0.000000e+00
0.887500,0.212500,0.000000e+00
0.900000,0.212500,0.000000e+00
0.912500,0.212500,0.000000e+00
0.925000,0.212500,0.000000e+00
0.937500,0.212500,0.000000e+00
0.950000,0.212500,0.000000e+00
0.962500,0.212500,0.000000e+00
0.975000,0.212500,0.000000e+00
0.987500,0.212500,0.000000e+00
1.000000,0.212500,0.000000e+00
0.000000,0.225000,0.000000e+00
0.012500,0.225000,2.918663e-04
0.025000,0.225000,5.681728e-04
0.037500,0.225000,8.291359e-04
0.050000,0.225000,1.074969e-03
0.062500,0.225000,1.305816e-03
0.075000,0.225000,1.521745e-03
0.087500,0.225000,1.722821e-03
0.100000,0.225000,1.909109e-03
0.112500,0.225000,2.080673e-03
0.125000,0.225000,2.237579e-03
0.137500,0.225000,2.379891e-03
0.150000,0.225000,2.507675e-03
0.162500,0.225000,2.620995e-03
0.175000,0.225000,2.719888e-03
0.187500,0.225000,2.804301e-03
0.200000,0.225000,2.874164e-03
0.212500,0.225000,2.929404e-03
0.225000,0.225000,2.969952e-03
0.237500,0.225000,2.995735e-03
0.250000,0.225000,3.006683e-03
0.262500,0.225000,3.002723e-03
0.275000,0.225000,2.983786e-03
0.287500,0.225000,2.949800e-03
0.300000,0.225000,2.900694e-03
0.312500,0.225000,2.836396e-03
0.325000,0.225000,2.756834e-03
0.337500,0.225000,2.661921e-03
0.350000,0.225000,2.551568e-03
0.362500,0.225000,2.425685e-03
0.375000,0.225000,2.284182e-03
0.387500,0.225000,2.126968e-03
0.400000,0.225000,1.953955e-03
0.412500,0.225000,1.765051e-03
0.425000,0.225000,1.560168e-03
0.437500,0.225000,1.339309e-03
0.450000,0.225000,1.102638e-03
0.462500,0.225000,8.503359e-04
0.475000,0.225000,5.825824e-04
0.487500,0.225000,2.993108e-04
0.500000,0.225000,0.000000e+00
0.512500,0.225000,0.000000e+00
0.525000,0.225000,0.000000e+00
0.537500,0.225000,0.000000e+00
0.550000,0.225000,0.000000e+00
0.562500,0.225000,0.000000e+00
0.575000,0.225000,0.000000e+00
0.587500,0.225000,0.000000e+00
0.600000,0.225000,0.000000e+00
0.612500,0.225000,0.000000e+00
0.625000,0.225000,0.000000e+00
0.637500,0.225000,0.000000e+00
0.650000,0.225000,0.000000e+00
0.662500,0.225000,0.000000e+00
0.675000,0.225000,0.000000e+00
0.687500,0.225000,0.000000e+00
0.700000,0.225000,0.000000e+00
0.712500,0.225000,0.000000e+00
0.725000,0.225000,0.000000e+00
0.737500,0.225000,0.000000e+00
0.750000,0.225000,0.000000e+00
0.762500,0.225000,0.000000e+00
0.775000,0.225000,0.000000e+00
0.787500,0.225000,0.000000e+00
0.800000,0.225000,0.000000e+00
0.812500,0.225000,0.000000e+00
0.825000,0.225000,0.000000e+00
0.837500,0.225000,0.000000e+00
0.850000,0.225000,0.000000e+00
0.862500,0.225000,0.000000e+00
0.875000,0.225000,0.000000e+00
0.887500,0.225000,0.000000e+00
0.900000,0.225000,0.000000e+00
0.912500,0.225000,0.000000e+00
0.925000,0.225000,0.000000e+00
0.937500,0.225000,0.000000e+00
0.950000,0.225000,0.000000e+00
0.962500,0.225000,0.000000e+00
0.975000,0.225000,0.000000e+00
0.987500,0.225000,0.000000e+00
1.000000,0.225000,0.000000e+00
0.000000,0.237500,0.000000e+00
0.012500,0.237500,3.008381e-04
0.025000,0.237500,5.860676e-04
0.037500,0.237500,8.558502e-04
0.050000,0.237500,1.110345e-03
0.062500,0.237500,1.349647e-03
0.075000,0.237500,1.573783e-03
0.087500,0.237500,1.782777e-03
0.100000,0.237500,1.976652e-03
0.112500,0.237500,2.155430e-03
0.125000,0.237500,2.319137e-03
0.137500,0.237500,2.467794e-03
0.150000,0.237500,2.601426e-03
0.162500,0.237500,2.720056e-03
0.175000,0.237500,2.823685e-03
0.187500,0.237500,2.912239e-03
0.200000,0.237500,2.985632e-03
0.212500,0.237500,3.043775e-03
0.225000,0.237500,3.086581e-03
0.237500,0.237500,3.113963e-03
0.250000,0.237500,3.125832e-03
0.262500,0.237500,3.122100e-03
0.275000,0.237500,3.102681e-03
0.287500,0.237500,3.067486e-03
0.300000,0.237500,3.016429e-03
0.312500,0.237500,2.949420e-03
0.325000,0.237500,2.866376e-03
0.337500,0.237500,2.767236e-03
0.350000,0.237500,2.651944e-03
0.362500,0.237500,2.520446e-03
0.375000,0.237500,2.372687e-03
0.387500,0.237500,2.208614e-03
0.400000,0.237500,2.028172e-03
0.412500,0.237500,1.831306e-03
0.425000,0.237500,1.617963e-03
0.437500,0.237500,1.388193e-03
0.450000,0.237500,1.142224e-03
0.462500,0.237500,8.803062e-04
0.475000,0.237500,6.026860e-04
0.487500,0.237500,3.093883e-04
0.500000,0.237500,0.000000e+00
0.512500,0.237500,0.000000e+00
0.525000,0.237500,0.000000e+00
0.537500,0.237500,0.000000e+00
0.550000,0.237500,0.000000e+00
0.562500,0.237500,0.000000e+00
0.575000,0.237500,0.000000e+00
0.587500,0.237500,0.000000e+00
0.600000,0.237500,0.000000e+00
0.612500,0.237500,0.000000e+00
0.625000,0.237500,0.000000e+00
0.637500,0.237500,0.000000e+00
0.650000,0.237500,0.000000e+00
0.662500,0.237500,0.000000e+00
0.675000,0.237500,0.000000e+00
0.687500,0.237500,0.000000e+00
0.700000,0.237500,0.000000e+00
0.712500,0.237500,0.000000e+00
0.725000,0.237500,0.000000e+00
0.737500,0.237500,0.000000e+00
0.750000,0.237500,0.000000e+00
0.762500,0.237500,0.000000e+00
0.775000,0.237500,0.000000e+00
0.787500,0.237500,0.000000e+00
0.800000,0.237500,0.000000e+00
0.812500,0.237500,0.000000e+00
0.825000,0.237500,0.000000e+00
0.837500,0.237500,0.000000e+00
0.850000,0.237500,0.000000e+00
0.862500,0.237500,0.000000e+00
0.875000,0.237500,0.000000e+00
0.887500,0.237500,0.000000e+00
0.900000,0.237500,0.000000e+00
0.912500,0.237500,0.000000e+00
0.925000,0.237500,0.000000e+00
0.937500,0.237500,0.000000e+00
0.950000,0.237500,0.000000e+00
0.962500,0.237500,0.000000e+00
0.975000,0.237500,0.000000e+00
0.987500,0.237500,0.000000e+00
1.000000,0.237500,0.000000e+00
0.000000,0.250000,0.000000e+00
0.012500,0.250000,3.097801e-04
0.025000,0.250000,6.039081e-04
0.037500,0.250000,8.824855e-04
0.050000,0.250000,1.145612e-03
0.062500,0.250000,1.393332e-03
0.075000,0.250000,1.625633e-03
0.087500,0.250000,1.842501e-03
0.100000,0.250000,2.043919e-03
0.112500,0.250000,2.229873e-03
0.125000,0.250000,2.400348e-03
0.137500,0.250000,2.555327e-03
0.150000,0.250000,2.694797e-03
0.162500,0.250000,2.818741e-03
0.175000,0.250000,2.927126e-03
0.187500,0.250000,3.019857e-03
0.200000,0.250000,3.096830e-03
0.212500,0.250000,3.157937e-03
0.225000,0.250000,3.203073e-03
0.237500,0.250000,3.232131e-03
0.250000,0.250000,3.245006e-03
0.262500,0.250000,3.241591e-03
0.275000,0.250000,3.221779e-03
0.287500,0.250000,3.185466e-03
0.300000,0.250000,3.132545e-03
0.312500,0.250000,3.062909e-03
0.325000,0.250000,2.976463e-03
0.337500,0.250000,2.873165e-03
0.350000,0.250000,2.752995e-03
0.362500,0.250000,2.615934e-03
0.375000,0.250000,2.461959e-03
0.387500,0.250000,2.291052e-03
0.400000,0.250000,2.103191e-03
0.412500,0.250000,1.898357e-03
0.425000,0.250000,1.676529e-03
0.437500,0.250000,1.437801e-03
0.450000,0.250000,1.182458e-03
0.462500,0.250000,9.108069e-04
0.475000,0.250000,6.231535e-04
0.487500,0.250000,3.196310e-04
0.500000,0.250000,0.000000e+00
0.512500,0.250000,0.000000e+00
0.525000,0.250000,0.000000e+00
0.537500,0.250000,0.000000e+00
0.550000,0.250000,0.000000e+00
0.562500,0.250000,0.000000e+00
0.575000,0.250000,0.000000e+00
0.587500,0.250000,0.000000e+00
0.600000,0.250000,0.000000e+00
0.612500,0.250000,0.000000e+00
0.625000,0.250000,0.000000e+00
0.637500,0.250000,0.000000e+00
0.650000,0.250000,0.000000e+00
0.662500,0.250000,0.000000e+00
0.675000,0.250000,0.000000e+00
0.687500,0.250000,0.000000e+00
0.700000,0.250000,0.000000e+00
0.712500,0.250000,0.000000e+00
0.725000,0.250000,0.000000e+00
0.737500,0.250000,0.000000e+00
0.750000,0.250000,0.000000e+00
0.762500,0.250000,0.000000e+00
0.775000,0.250000,0.000000e+00
0.787500,0.250000,0.000000e+00
0.800000,0.250000,0.000000e+00
0.812500,0.250000,0.000000e+00
0.825000,0.250000,0.000000e+00
0.837500,0.250000,0.000000e+00
0.850000,0.250000,0.000000e+00
0.862500,0.250000,0.000000e+00
0.875000,0.250000,0.000000e+00
0.887500,0.250000,0.000000e+00
0.900000,0.250000,0.000000e+00
0.912500,0.250000,0.000000e+00
0.925000,0.250000,0.000000e+00
0.937500,0.250000,0.000000e+00
0.950000,0.250000,0.000000e+00
0.962500,0.250000,0.000000e+00
0.975000,0.250000,0.000000e+00
0.987500,0.250000,0.000000e+00
1.000000,0.250000,0.000000e+00
0.000000,0.262500,0.000000e+00
0.012500,0.262500,3.187357e-04
0.025000,0.262500,6.217821e-04
0.037500,0.262500,9.091740e-04
0.050000,0.262500,1.180944e-03
0.062500,0.262500,1.437087e-03
0.075000,0.262500,1.677551e-03
0.087500,0.262500,1.902288e-03
0.100000,0.262500,2.111245e-03
0.112500,0.262500,2.304370e-03
0.125000,0.262500,2.481614e-03
0.137500,0.262500,2.642925e-03
0.150000,0.262500,2.788251e-03
0.162500,0.262500,2.917542e-03
0.175000,0.262500,3.030731e-03
0.187500,0.262500,3.127701e-03
0.200000,0.262500,3.208327e-03
0.212500,0.262500,3.272482e-03
0.225000,0.262500,3.320041e-03
0.237500,0.262500,3.350876e-03
0.250000,0.262500,3.364862e-03
0.262500,0.262500,3.361872e-03
0.275000,0.262500,3.341780e-03
0.287500,0.262500,3.304460e-03
0.300000,0.262500,3.249786e-03
0.312500,0.262500,3.177631e-03
0.325000,0.262500,3.087885e-03
0.337500,0.262500,2.980524e-03
0.350000,0.262500,2.855557e-03
0.362500,0.262500,2.712994e-03
0.375000,0.262500,2.552844e-03
0.387500,0.262500,2.375116e-03
0.400000,0.262500,2.179820e-03
0.412500,0.262500,1.966963e-03
0.425000,0.262500,1.736558e-03
0.437500,0.262500,1.488734e-03
0.450000,0.262500,1.223832e-03
0.462500,0.262500,9.422145e-04
0.475000,0.262500,6.442445e-04
0.487500,0.262500,3.301785e-04
0.500000,0.262500,0.000000e+00
0.512500,0.262500,0.000000e+00
0.525000,0.262500,0.000000e+00
0.537500,0.262500,0.000000e+00
0.550000,0.262500,0.000000e+00
0.562500,0.262500,0.000000e+00
0.575000,0.262500,0.000000e+00
0.587500,0.262500,0.000000e+00
0.600000,0.262500,0.000000e+00
0.612500,0.262500,0.000000e+00
0.625000,0.262500,0.000000e+00
0.637500,0.262500,0.000000e+00
0.650000,0.262500,0.000000e+00
0.662500,0.262500,0.000000e+00
0.675000,0.262500,0.000000e+00
0.687500,0.262500,0.000000e+00
0.700000,0.262500,0.000000e+00
0.712500,0.262500,0.000000e+00
0.725000,0.262500,0.000000e+00
0.737500,0.262500,0.000000e+00
0.750000,0.262500,0.000000e+00
0.762500,0.262500,0.000000e+00
0.775000,0.262500,0.000000e+00
0.787500,0.262500,0.000000e+00
0.800000,0.262500,0.000000e+00
0.812500,0.262500,0.000000e+00
0.825000,0.262500,0.000000e+00
0.837500,0.262500,0.000000e+00
0.850000,0.262500,0.000000e+00
0.862500,0.262500,0.000000e+00
0.875000,0.262500,0.000000e+00
0.887500,0.262500,0.000000e+00
0.900000,0.262500,0.000000e+00
0.912500,0.262500,0.000000e+00
0.925000,0.262500,0.000000e+00
0.937500,0.262500,0.000000e+00
0.950000,0.262500,0.000000e+00
0.962500,0.262500,0.000000e+00
0.975000,0.262500,0.000000e+00
0.987500,0.262500,0.000000e+00
1.000000,0.262500,0.000000e+00
0.000000,0.275000,0.000000e+00
0.012500,0.275000,3.277486e-04
0.025000,0.275000,6.397776e-04
0.037500,0.275000,9.360477e-04
0.050000,0.275000,1.216519e-03
0.062500,0.275000,1.481129e-03
0.075000,0.275000,1.729796e-03
0.087500,0.275000,1.962435e-03
0.100000,0.275000,2.178962e-03
0.112500,0.275000,2.379292e-03
0.125000,0.275000,2.563340e-03
0.137500,0.275000,2.731023e-03
0.150000,0.275000,2.882256e-03
0.162500,0.275000,3.016954e-03
0.175000,0.275000,3.135021e-03
0.187500,0.275000,3.236316e-03
0.200000,0.275000,3.320693e-03
0.212500,0.275000,3.388003e-03
0.225000,0.275000,3.438099e-03
0.237500,0.275000,3.470832e-03
0.250000,0.275000,3.486056e-03
0.262500,0.275000,3.483622e-03
0.275000,0.275000,3.463382e-03
0.287500,0.275000,3.425189e-03
0.300000,0.275000,3.368896e-03
0.312500,0.275000,3.294353e-03
0.325000,0.275000,3.201434e-03
0.337500,0.275000,3.090126e-03
0.350000,0.275000,2.960463e-03
0.362500,0.275000,2.812474e-03
0.375000,0.275000,2.646190e-03
0.387500,0.275000,2.461644e-03
0.400000,0.275000,2.258865e-03
0.412500,0.275000,2.037886e-03
0.425000,0.275000,1.798739e-03
0.437500,0.275000,1.541589e-03
0.450000,0.275000,1.266837e-03
0.462500,0.275000,9.749057e-04
0.475000,0.275000,6.662190e-04
0.487500,0.275000,3.411703e-04
0.500000,0.275000,0.000000e+00
0.512500,0.275000,0.000000e+00
0.525000,0.275000,0.000000e+00
0.537500,0.275000,0.000000e+00
0.550000,0.275000,0.000000e+00
0.562500,0.275000,0.000000e+00
0.575000,0.275000,0.000000e+00
0.587500,0.275000,0.000000e+00
0.600000,0.275000,0.000000e+00
0.612500,0.275000,0.000000e+00
0.625000,0.275000,0.000000e+00
0.637500,0.275000,0.000000e+00
0.650000,0.275000,0.000000e+00
0.662500,0.275000,0.000000e+00
0.675000,0.275000,0.000000e+00
0.687500,0.275000,0.000000e+00
0.700000,0.275000,0.000000e+00
0.712500,0.275000,0.000000e+00
0.725000,0.275000,0.000000e+00
0.737500,0.275000,0.000000e+00
0.750000,0.275000,0.000000e+00
0.762500,0.275000,0.000000e+00
0.775000,0.275000,0.000000e+00
0.787500,0.275000,0.000000e+00
0.800000,0.275000,0.000000e+00
0.812500,0.275000,0.000000e+00
0.825000,0.275000,0.000000e+00
0.837500,0.275000,0.000000e+00
0.850000,0.275000,0.000000e+00
0.862500,0.275000,0.000000e+00
0.875000,0.275000,0.000000e+00
0.887500,0.275000,0.000000e+00
0.900000,0.275000,0.000000e+00
0.912500,0.275000,0.000000e+00
0.925000,0.275000,0.000000e+00
0.937500,0.275000,0.000000e+00
0.950000,0.275000,0.000000e+00
0.962500,0.275000,0.000000e+00
0.975000,0.275000,0.000000e+00
0.987500,0.275000,0.000000e+00
1.000000,0.275000,0.000000e+00
0.000000,0.287500,0.000000e+00
0.012500,0.287500,3.368622e-04
0.025000,0.287500,6.579824e-04
0.037500,0.287500,9.632389e-04
0.050000,0.287500,1.252510e-03
0.062500,0.287500,1.525677e-03
0.075000,0.287500,1.782625e-03
0.087500,0.287500,2.023240e-03
0.100000,0.287500,2.247405e-03
0.112500,0.287500,2.455006e-03
0.125000,0.287500,2.645928e-03
0.137500,0.287500,2.820057e-03
0.150000,0.287500,2.977276e-03
0.162500,0.287500,3.117472e-03
0.175000,0.287500,3.240517e-03
0.187500,0.287500,3.346249e-03
0.200000,0.287500,3.434497e-03
0.212500,0.287500,3.505091e-03
0.225000,0.287500,3.557861e-03
0.237500,0.287500,3.592636e-03
0.250000,0.287500,3.609245e-03
0.262500,0.287500,3.607518e-03
0.275000,0.287500,3.587284e-03
0.287500,0.287500,3.548374e-03
0.300000,0.287500,3.490616e-03
0.312500,0.287500,3.413840e-03
0.325000,0.287500,3.317900e-03
0.337500,0.287500,3.202788e-03
0.350000,0.287500,3.068546e-03
0.362500,0.287500,2.915217e-03
0.375000,0.287500,2.742844e-03
0.387500,0.287500,2.551469e-03
0.400000,0.287500,2.341135e-03
0.412500,0.287500,2.111884e-03
0.425000,0.287500,1.863762e-03
0.437500,0.287500,1.596966e-03
0.450000,0.287500,1.311966e-03
0.462500,0.287500,1.009257e-03
0.475000,0.287500,6.893368e-04
0.487500,0.287500,3.527460e-04
0.500000,0.287500,0.000000e+00
0.512500,0.287500,0.000000e+00
0.525000,0.287500,0.000000e+00
0.537500,0.287500,0.000000e+00
0.550000,0.287500,0.000000e+00
0.562500,0.287500,0.000000e+00
0.575000,0.287500,0.000000e+00
0.587500,0.287500,0.000000e+00
0.600000,0.287500,0.000000e+00
0.612500,0.287500,0.000000e+00
0.625000,0.287500,0.000000e+00
0.637500,0.287500,0.000000e+00
0.650000,0.287500,0.000000e+00
0.662500,0.287500,0.000000e+00
0.675000,0.287500,0.000000e+00
0.687500,0.287500,0.000000e+00
0.700000,0.287500,0.000000e+00
0.712500,0.287500,0.000000e+00
0.725000,0.287500,0.000000e+00
0.737500,0.287500,0.000000e+00
0.750000,0.287500,0.000000e+00
0.762500,0.287500,0.000000e+00
0.775000,0.287500,0.000000e+00
0.787500,0.287500,0.000000e+00
0.800000,0.287500,0.000000e+00
0.812500,0.287500,0.000000e+00
0.825000,0.287500,0.000000e+00
0.837500,0.287500,0.000000e+00
0.850000,0.287500,0.000000e+00
0.862500,0.287500,0.000000e+00
0.875000,0.287500,0.000000e+00
0.887500,0.287500,0.000000e+00
0.900000,0.287500,0.000000e+00
0.912500,0.287500,0.000000e+00
0.925000,0.287500,0.000000e+00
0.937500,0.287500,0.000000e+00
0.950000,0.287500,0.000000e+00
0.962500,0.287500,0.000000e+00
0.975000,0.287500,0.000000e+00
0.987500,0.287500,0.000000e+00
1.000000,0.287500,0.000000e+00
0.000000,0.300000,0.000000e+00
0.012500,0.300000,3.461202e-04
0.025000,0.300000,6.764845e-04
0.037500,0.300000,9.908797e-04
0.050000,0.300000,1.289094e-03
0.062500,0.300000,1.570948e-03
0.075000,0.300000,1.836296e-03
0.087500,0.300000,2.084997e-03
0.100000,0.300000,2.316907e-03
0.112500,0.300000,2.531883e-03
0.125000,0.300000,2.729782e-03
0.137500,0.300000,2.910461e-03
0.150000,0.300000,3.073778e-03
0.162500,0.300000,3.219588e-03
0.175000,0.300000,3.347740e-03
0.187500,0.300000,3.458045e-03
0.200000,0.300000,3.550309e-03
0.212500,0.300000,3.624340e-03
0.225000,0.300000,3.679942e-03
0.237500,0.300000,3.716921e-03
0.250000,0.300000,3.735084e-03
0.262500,0.300000,3.734237e-03
0.275000,0.300000,3.714185e-03
0.287500,0.300000,3.674734e-03
0.300000,0.300000,3.615691e-03
0.312500,0.300000,3.536861e-03
0.325000,0.300000,3.438076e-03
0.337500,0.300000,3.319323e-03
0.350000,0.300000,3.180640e-03
0.362500,0.300000,3.022070e-03
0.375000,0.300000,2.843651e-03
0.387500,0.300000,2.645426e-03
0.400000,0.300000,2.427435e-03
0.412500,0.300000,2.189718e-03
0.425000,0.300000,1.932318e-03
0.437500,0.300000,1.655464e-03
0.450000,0.300000,1.359710e-03
0.462500,0.300000,1.045645e-03
0.475000,0.300000,7.138577e-04
0.487500,0.300000,3.650452e-04
0.500000,0.300000,0.000000e+00
0.512500,0.300000,0.000000e+00
0.525000,0.300000,0.000000e+00
0.537500,0.300000,0.000000e+00
0.550000,0.300000,0.000000e+00
0.562500,0.300000,0.000000e+00
0.575000,0.300000,0.000000e+00
0.587500,0.300000,0.000000e+00
0.600000,0.300000,0.000000e+00
0.612500,0.300000,0.000000e+00
0.625000,0.300000,0.000000e+00
0.637500,0.300000,0.000000e+00
0.650000,0.300000,0.000000e+00
0.662500,0.300000,0.000000e+00
0.675000,0.300000,0.000000e+00
0.687500,0.300000,0.000000e+00
0.700000,0.300000,0.000000e+00
0.712500,0.300000,0.000000e+00
0.725000,0.300000,0.000000e+00
0.737500,0.300000,0.000000e+00
0.750000,0.300000,0.000000e+00
0.762500,0.300000,0.000000e+00
0.775000,0.300000,0.000000e+00
0.787500,0.300000,0.000000e+00
0.800000,0.300000,0.000000e+00
0.812500,0.300000,0.000000e+00
0.825000,0.300000,0.000000e+00
0.837500,0.300000,0.000000e+00
0.850000,0.300000,0.000000e+00
0.862500,0.300000,0.000000e+00
0.875000,0.300000,0.000000e+00
0.887500,0.300000,0.000000e+00
0.900000,0.300000,0.000000e+00
0.912500,0.300000,0.000000e+00
0.925000,0.300000,0.000000e+00
0.937500,0.300000,0.000000e+00
0.950000,0.300000,0.000000e+00
0.962500,0.300000,0.000000e+00
0.975000,0.300000,0.000000e+00
0.987500,0.300000,0.000000e+00
1.000000,0.300000,0.000000e+00
0.000000,0.312500,0.000000e+00
0.012500,0.312500,3.555660e-04
0.025000,0.312500,6.953716e-04
0.037500,0.312500,1.019102e-03
0.050000,0.312500,1.326446e-03
0.062500,0.312500,1.617158e-03
0.075000,0.312500,1.891067e-03
0.087500,0.312500,2.148004e-03
0.100000,0.312500,2.387802e-03
0.112500,0.312500,2.610291e-03
0.125000,0.312500,2.815304e-03
0.137500,0.312500,3.002672e-03
0.150000,0.312500,3.172226e-03
0.162500,0.312500,3.323798e-03
0.175000,0.312500,3.457210e-03
0.187500,0.312500,3.572249e-03
0.200000,0.312500,3.668699e-03
0.212500,0.312500,3.746340e-03
0.225000,0.312500,3.804955e-03
0.237500,0.312500,3.844324e-03
0.250000,0.312500,3.864231e-03
0.262500,0.312500,3.864457e-03
0.275000,0.312500,3.844782e-03
0.287500,0.312500,3.804991e-03
0.300000,0.312500,3.744863e-03
0.312500,0.312500,3.664181e-03
0.325000,0.312500,3.562753e-03
0.337500,0.312500,3.440546e-03
0.350000,0.312500,3.297580e-03
0.362500,0.312500,3.133877e-03
0.375000,0.312500,2.949461e-03
0.387500,0.312500,2.744352e-03
0.400000,0.312500,2.518573e-03
0.412500,0.312500,2.272147e-03
0.425000,0.312500,2.005097e-03
0.437500,0.312500,1.717680e-03
0.450000,0.312500,1.410562e-03
0.462500,0.312500,1.084447e-03
0.475000,0.312500,7.400415e-04
0.487500,0.312500,3.782076e-04
0.500000,0.312500,0.000000e+00
0.512500,0.312500,0.000000e+00
0.525000,0.312500,0.000000e+00
0.537500,0.312500,0.000000e+00
0.550000,0.312500,0.000000e+00
0.562500,0.312500,0.000000e+00
0.575000,0.312500,0.000000e+00
0.587500,0.312500,0.000000e+00
0.600000,0.312500,0.000000e+00
0.612500,0.312500,0.000000e+00
0.625000,0.312500,0.000000e+00
0.637500,0.312500,0.000000e+00
0.650000,0.312500,0.000000e+00
0.662500,0.312500,0.000000e+00
0.675000,0.312500,0.000000e+00
0.687500,0.312500,0.000000e+00
0.700000,0.312500,0.000000e+00
0.712500,0.312500,0.000000e+00
0.725000,0.312500,0.000000e+00
0.737500,0.312500,0.000000e+00
0.750000,0.312500,0.000000e+00
0.762500,0.312500,0.000000e+00
0.775000,0.312500,0.000000e+00
0.787500,0.312500,0.000000e+00
0.800000,0.312500,0.000000e+00
0.812500,0.312500,0.000000e+00
0.825000,0.312500,0.000000e+00
0.837500,0.312500,0.000000e+00
0.850000,0.312500,0.000000e+00
0.862500,0.312500,0.000000e+00
0.875000,0.312500,0.000000e+00
0.887500,0.312500,0.000000e+00
0.900000,0.312500,0.000000e+00
0.912500,0.312500,0.000000e+00
0.925000,0.312500,0.000000e+00
0.937500,0.312500,0.000000e+00
0.950000,0.312500,0.000000e+00
0.962500,0.312500,0.000000e+00
0.975000,0.312500,0.000000e+00
0.987500,0.312500,0.000000e+00
1.000000,0.312500,0.000000e+00
0.000000,0.325000,0.000000e+00
0.012500,0.325000,3.652433e-04
0.025000,0.325000,7.147318e-04
0.037500,0.325000,1.048038e-03
0.050000,0.325000,1.364741e-03
0.062500,0.325000,1.664525e-03
0.075000,0.325000,1.947194e-03
0.087500,0.325000,2.212558e-03
0.100000,0.325000,2.460423e-03
0.112500,0.325000,2.690601e-03
0.125000,0.325000,2.902898e-03
0.137500,0.325000,3.097123e-03
0.150000,0.325000,3.273086e-03
0.162500,0.325000,3.430595e-03
0.175000,0.325000,3.569448e-03
0.187500,0.325000,3.689409e-03
0.200000,0.325000,3.790235e-03
0.212500,0.325000,3.871685e-03
0.225000,0.325000,3.933514e-03
0.237500,0.325000,3.975481e-03
0.250000,0.325000,3.997342e-03
0.262500,0.325000,3.998855e-03
0.275000,0.325000,3.979776e-03
0.287500,0.325000,3.939864e-03
0.300000,0.325000,3.878876e-03
0.312500,0.325000,3.796568e-03
0.325000,0.325000,3.692723e-03
0.337500,0.325000,3.567271e-03
0.350000,0.325000,3.420198e-03
0.362500,0.325000,3.251485e-03
0.375000,0.325000,3.061118e-03
0.387500,0.325000,2.849081e-03
0.400000,0.325000,2.615357e-03
0.412500,0.325000,2.359930e-03
0.425000,0.325000,2.082789e-03
0.437500,0.325000,1.784215e-03
0.450000,0.325000,1.465012e-03
0.462500,0.325000,1.126038e-03
0.475000,0.325000,7.681481e-04
0.487500,0.325000,3.923727e-04
0.500000,0.325000,0.000000e+00
0.512500,0.325000,0.000000e+00
0.525000,0.325000,0.000000e+00
0.537500,0.325000,0.000000e+00
0.550000,0.325000,0.000000e+00
0.562500,0.325000,0.000000e+00
0.575000,0.325000,0.000000e+00
0.587500,0.325000,0.000000e+00
0.600000,0.325000,0.000000e+00
0.612500,0.325000,0.000000e+00
0.625000,0.325000,0.000000e+00
0.637500,0.325000,0.000000e+00
0.650000,0.325000,0.000000e+00
0.662500,0.325000,0.000000e+00
0.675000,0.325000,0.000000e+00
0.687500,0.325000,0.000000e+00
0.700000,0.325000,0.000000e+00
0.712500,0.325000,0.000000e+00
0.725000,0.325000,0.000000e+00
0.737500,0.325000,0.000000e+00
0.750000,0.325000,0.000000e+00
0.762500,0.325000,0.000000e+00
0.775000,0.325000,0.000000e+00
0.787500,0.325000,0.000000e+00
0.800000,0.325000,0.000000e+00
0.812500,0.325000,0.000000e+00
0.825000,0.325000,0.000000e+00
0.837500,0.325000,0.000000e+00
0.850000,0.325000,0.000000e+00
0.862500,0.325000,0.000000e+00
0.875000,0.325000,0.000000e+00
0.887500,0.325000,0.000000e+00
0.900000,0.325000,0.000000e+00
0.912500,0.325000,0.000000e+00
0.925000,0.325000,0.000000e+00
0.937500,0.325000,0.000000e+00
0.950000,0.325000,0.000000e+00
0.962500,0.325000,0.000000e+00
0.975000,0.325000,0.000000e+00
0.987500,0.325000,0.000000e+00
1.000000,0.325000,0.000000e+00
0.000000,0.337500,0.000000e+00
0.012500,0.337500,3.751956e-04
0.025000,0.337500,7.346528e-04
0.037500,0.337500,1.077821e-03
0.050000,0.337500,1.404154e-03
0.062500,0.337500,1.713266e-03
0.075000,0.337500,2.004937e-03
0.087500,0.337500,2.278953e-03
0.100000,0.337500,2.535105e-03
0.112500,0.337500,2.773180e-03
0.125000,0.337500,2.992966e-03
0.137500,0.337500,3.194251e-03
0.150000,0.337500,3.376824e-03
0.162500,0.337500,3.540473e-03
0.175000,0.337500,3.684974e-03
0.187500,0.337500,3.810069e-03
0.200000,0.337500,3.915488e-03
0.212500,0.337500,4.000966e-03
0.225000,0.337500,4.066234e-03
0.237500,0.337500,4.111026e-03
0.250000,0.337500,4.135073e-03
0.262500,0.337500,4.138109e-03
0.275000,0.337500,4.119865e-03
0.287500,0.337500,4.080076e-03
0.300000,0.337500,4.018472e-03
0.312500,0.337500,3.934787e-03
0.325000,0.337500,3.828776e-03
0.337500,0.337500,3.700315e-03
0.350000,0.337500,3.549328e-03
0.362500,0.337500,3.375739e-03
0.375000,0.337500,3.179472e-03
0.387500,0.337500,2.960448e-03
0.400000,0.337500,2.718593e-03
0.412500,0.337500,2.453829e-03
0.425000,0.337500,2.166084e-03
0.437500,0.337500,1.855666e-03
0.450000,0.337500,1.523554e-03
0.462500,0.337500,1.170796e-03
0.475000,0.337500,7.984374e-04
0.487500,0.337500,4.076801e-04
0.500000,0.337500,0.000000e+00
0.512500,0.337500,0.000000e+00
0.525000,0.337500,0.000000e+00
0.537500,0.337500,0.000000e+00
0.550000,0.337500,0.000000e+00
0.562500,0.337500,0.000000e+00
0.575000,0.337500,0.000000e+00
0.587500,0.337500,0.000000e+00
0.600000,0.337500,0.000000e+00
0.612500,0.337500,0.000000e+00
0.625000,0.337500,0.000000e+00
0.637500,0.337500,0.000000e+00
0.650000,0.337500,0.000000e+00
0.662500,0.337500,0.000000e+00
0.675000,0.337500,0.000000e+00
0.687500,0.337500,0.000000e+00
0.700000,0.337500,0.000000e+00
0.712500,0.337500,0.000000e+00
0.725000,0.337500,0.000000e+00
0.737500,0.337500,0.000000e+00
0.750000,0.337500,0.000000e+00
0.762500,0.337500,0.000000e+00
0.775000,0.337500,0.000000e+00
0.787500,0.337500,0.000000e+00
0.800000,0.337500,0.000000e+00
0.812500,0.337500,0.000000e+00
0.825000,0.337500,0.000000e+00
0.837500,0.337500,0.000000e+00
0.850000,0.337500,0.000000e+00
0.862500,0.337500,0.000000e+00
0.875000,0.337500,0.000000e+00
0.887500,0.337500,0.000000e+00
0.900000,0.337500,0.000000e+00
0.912500,0.337500,0.000000e+00
0.925000,0.337500,0.000000e+00
0.937500,0.337500,0.000000e+00
0.950000,0.337500,0.000000e+00
0.962500,0.337500,0.000000e+00
0.975000,0.337500,0.000000e+00
0.987500,0.337500,0.000000e+00
1.000000,0.337500,0.000000e+00
0.000000,0.350000,0.000000e+00
0.012500,0.350000,3.854664e-04
0.025000,0.350000,7.552227e-04
0.037500,0.350000,1.108581e-03
0.050000,0.350000,1.444862e-03
0.062500,0.350000,1.763599e-03
0.075000,0.350000,2.064551e-03
0.087500,0.350000,2.347488e-03
0.100000,0.350000,2.612181e-03
0.112500,0.350000,2.858398e-03
0.125000,0.350000,3.085912e-03
0.137500,0.350000,3.294491e-03
0.150000,0.350000,3.483906e-03
0.162500,0.350000,3.653926e-03
0.175000,0.350000,3.804311e-03
0.187500,0.350000,3.934775e-03
0.200000,0.350000,4.045027e-03
0.212500,0.350000,4.134776e-03
0.225000,0.350000,4.203729e-03
0.237500,0.350000,4.251594e-03
0.250000,0.350000,4.278080e-03
0.262500,0.350000,4.282895e-03
0.275000,0.350000,4.265748e-03
0.287500,0.350000,4.226345e-03
0.300000,0.350000,4.164395e-03
0.312500,0.350000,4.079607e-03
0.325000,0.350000,3.971703e-03
0.337500,0.350000,3.840490e-03
0.350000,0.350000,3.685805e-03
0.362500,0.350000,3.507485e-03
0.375000,0.350000,3.305367e-03
0.387500,0.350000,3.079289e-03
0.400000,0.350000,2.829088e-03
0.412500,0.350000,2.554602e-03
0.425000,0.350000,2.255672e-03
0.437500,0.350000,1.932633e-03
0.450000,0.350000,1.586679e-03
0.462500,0.350000,1.219097e-03
0.475000,0.350000,8.311690e-04
0.487500,0.350000,4.242694e-04
0.500000,0.350000,0.000000e+00
0.512500,0.350000,0.000000e+00
0.525000,0.350000,0.000000e+00
0.537500,0.350000,0.000000e+00
0.550000,0.350000,0.000000e+00
0.562500,0.350000,0.000000e+00
0.575000,0.350000,0.000000e+00
0.587500,0.350000,0.000000e+00
0.600000,0.350000,0.000000e+00
0.612500,0.350000,0.000000e+00
0.625000,0.350000,0.000000e+00
0.637500,0.350000,0.000000e+00
0.650000,0.350000,0.000000e+00
0.662500,0.350000,0.000000e+00
0.675000,0.350000,0.000000e+00
0.687500,0.350000,0.000000e+00
0.700000,0.350000,0.000000e+00
0.712500,0.350000,0.000000e+00
0.725000,0.350000,0.000000e+00
0.737500,0.350000,0.000000e+00
0.750000,0.350000,0.000000e+00
0.762500,0.350000,0.000000e+00
0.775000,0.350000,0.000000e+00
0.787500,0.350000,0.000000e+00
0.800000,0.350000,0.000000e+00
0.812500,0.350000,0.000000e+00
0.825000,0.350000,0.000000e+00
0.837500,0.350000,0.000000e+00
0.850000,0.350000,0.000000e+00
0.862500,0.350000,0.000000e+00
0.875000,0.350000,0.000000e+00
0.887500,0.350000,0.000000e+00
0.900000,0.350000,0.000000e+00
0.912500,0.350000,0.000000e+00
0.925000,0.350000,0.000000e+00
0.937500,0.350000,0.000000e+00
0.950000,0.350000,0.000000e+00
0.962500,0.350000,0.000000e+00
0.975000,0.350000,0.000000e+00
0.987500,0.350000,0.000000e+00
1.000000,0.350000,0.000000e+00
0.000000,0.362500,0.000000e+00
0.012500,0.362500,3.960994e-04
0.025000,0.362500,7.765292e-04
0.037500,0.362500,1.140452e-03
0.050000,0.362500,1.487040e-03
0.062500,0.362500,1.815741e-03
0.075000,0.362500,2.126296e-03
0.087500,0.362500,2.418459e-03
0.100000,0.362500,2.691984e-03
0.112500,0.362500,2.946625e-03
0.125000,0.362500,3.182138e-03
0.137500,0.362500,3.398277e-03
0.150000,0.362500,3.594796e-03
0.162500,0.362500,3.771449e-03
0.175000,0.362500,3.927977e-03
0.187500,0.362500,4.064073e-03
0.200000,0.362500,4.179421e-03
0.212500,0.362500,4.273706e-03
0.225000,0.362500,4.346612e-03
0.237500,0.362500,4.397822e-03
0.250000,0.362500,4.427021e-03
0.262500,0.362500,4.433893e-03
0.275000,0.362500,4.418122e-03
0.287500,0.362500,4.379393e-03
0.300000,0.362500,4.317389e-03
0.312500,0.362500,4.231794e-03
0.325000,0.362500,4.122298e-03
0.337500,0.362500,3.988613e-03
0.350000,0.362500,3.830462e-03
0.362500,0.362500,3.647567e-03
0.375000,0.362500,3.439652e-03
0.387500,0.362500,3.206439e-03
0.400000,0.362500,2.947651e-03
0.412500,0.362500,2.663009e-03
0.425000,0.362500,2.352244e-03
0.437500,0.362500,2.015713e-03
0.450000,0.362500,1.654879e-03
0.462500,0.362500,1.271318e-03
0.475000,0.362500,8.666030e-04
0.487500,0.362500,4.422803e-04
0.500000,0.362500,0.000000e+00
0.512500,0.362500,0.000000e+00
0.525000,0.362500,0.000000e+00
0.537500,0.362500,0.000000e+00
0.550000,0.362500,0.000000e+00
0.562500,0.362500,0.000000e+00
0.575000,0.362500,0.000000e+00
0.587500,0.362500,0.000000e+00
0.600000,0.362500,0.000000e+00
0.612500,0.362500,0.000000e+00
0.625000,0.362500,0.000000e+00
0.637500,0.362500,0.000000e+00
0.650000,0.362500,0.000000e+00
0.662500,0.362500,0.000000e+00
0.675000,0.362500,0.000000e+00
0.687500,0.362500,0.000000e+00
0.700000,0.362500,0.000000e+00
0.712500,0.362500,0.000000e+00
0.725000,0.362500,0.000000e+00
0.737500,0.362500,0.000000e+00
0.750000,0.362500,0.000000e+00
0.762500,0.362500,0.000000e+00
0.775000,0.362500,0.000000e+00
0.787500,0.362500,0.000000e+00
0.800000,0.362500,0.000000e+00
0.812500,0.362500,0.000000e+00
0.825000,0.362500,0.000000e+00
0.837500,0.362500,0.000000e+00
0.850000,0.362500,0.000000e+00
0.862500,0.362500,0.000000e+00
0.875000,0.362500,0.000000e+00
0.887500,0.362500,0.000000e+00
0.900000,0.362500,0.000000e+00
0.912500,0.362500,0.000000e+00
0.925000,0.362500,0.000000e+00
0.937500,0.362500,0.000000e+00
0.950000,0.362500,0.000000e+00
0.962500,0.362500,0.000000e+00
0.975000,0.362500,0.000000e+00
0.987500,0.362500,0.000000e+00
1.000000,0.362500,0.000000e+00
0.000000,0.375000,0.000000e+00
0.012500,0.375000,4.071401e-04
0.025000,0.375000,7.986641e-04
0.037500,0.375000,1.173570e-03
0.050000,0.375000,1.530868e-03
0.062500,0.375000,1.869915e-03
0.075000,0.375000,2.190434e-03
0.087500,0.375000,2.492166e-03
0.100000,0.375000,2.774853e-03
0.112500,0.375000,3.038235e-03
0.125000,0.375000,3.282053e-03
0.137500,0.375000,3.506049e-03
0.150000,0.375000,3.709963e-03
0.162500,0.375000,3.893537e-03
0.175000,0.375000,4.056495e-03
0.187500,0.375000,4.198509e-03
0.200000,0.375000,4.319239e-03
0.212500,0.375000,4.418348e-03
0.225000,0.375000,4.495495e-03
0.237500,0.375000,4.550341e-03
0.250000,0.375000,4.582548e-03
0.262500,0.375000,4.591776e-03
0.275000,0.375000,4.577686e-03
0.287500,0.375000,4.539939e-03
0.300000,0.375000,4.478195e-03
0.312500,0.375000,4.392116e-03
0.325000,0.375000,4.281354e-03
0.337500,0.375000,4.145504e-03
0.350000,0.375000,3.984143e-03
0.362500,0.375000,3.796847e-03
0.375000,0.375000,3.583193e-03
0.387500,0.375000,3.342758e-03
0.400000,0.375000,3.075117e-03
0.412500,0.375000,2.779848e-03
0.425000,0.375000,2.456536e-03
0.437500,0.375000,2.105561e-03
0.450000,0.375000,1.728705e-03
0.462500,0.375000,1.327891e-03
0.475000,0.375000,9.050431e-04
0.487500,0.375000,4.618744e-04
0.500000,0.375000,0.000000e+00
0.512500,0.375000,0.000000e+00
0.525000,0.375000,0.000000e+00
0.537500,0.375000,0.000000e+00
0.550000,0.375000,0.000000e+00
0.562500,0.375000,0.000000e+00
0.575000,0.375000,0.000000e+00
0.587500,0.375000,0.000000e+00
0.600000,0.375000,0.000000e+00
0.612500,0.375000,0.000000e+00
0.625000,0.375000,0.000000e+00
0.637500,0.375000,0.000000e+00
0.650000,0.375000,0.000000e+00
0.662500,0.375000,0.000000e+00
0.675000,0.375000,0.000000e+00
0.687500,0.375000,0.000000e+00
0.700000,0.375000,0.000000e+00
0.712500,0.375000,0.000000e+00
0.725000,0.375000,0.000000e+00
0.737500,0.375000,0.000000e+00
0.750000,0.375000,0.000000e+00
0.762500,0.375000,0.000000e+00
0.775000,0.375000,0.000000e+00
0.787500,0.375000,0.000000e+00
0.800000,0.375000,0.000000e+00
0.812500,0.375000,0.000000e+00
0.825000,0.375000,0.000000e+00
0.837500,0.375000,0.000000e+00
0.850000,0.375000,0.000000e+00
0.862500,0.375000,0.000000e+00
0.875000,0.375000,0.000000e+00
0.887500,0.375000,0.000000e+00
0.900000,0.375000,0.000000e+00
0.912500,0.375000,0.000000e+00
0.925000,0.375000,0.000000e+00
0.937500,0.375000,0.000000e+00
0.950000,0.375000,0.000000e+00
0.962500,0.375000,0.000000e+00
0.975000,0.375000,0.000000e+00
0.987500,0.375000,0.000000e+00
1.000000,0.375000,0.000000e+00
0.000000,0.387500,0.000000e+00
0.012500,0.387500,4.186920e-04
0.025000,0.387500,8.218189e-04
0.037500,0.387500,1.208201e-03
0.050000,0.387500,1.576676e-03
0.062500,0.387500,1.926501e-03
0.075000,0.387500,2.257388e-03
0.087500,0.387500,2.569067e-03
0.100000,0.387500,2.861269e-03
0.112500,0.387500,3.133725e-03
0.125000,0.387500,3.386166e-03
0.137500,0.387500,3.618324e-03
0.150000,0.387500,3.829930e-03
0.162500,0.387500,4.020714e-03
0.175000,0.387500,4.190390e-03
0.187500,0.387500,4.338609e-03
0.200000,0.387500,4.465011e-03
0.212500,0.387500,4.569236e-03
0.225000,0.387500,4.650922e-03
0.237500,0.387500,4.709711e-03
0.250000,0.387500,4.745240e-03
0.262500,0.387500,4.757151e-03
0.275000,0.387500,4.745083e-03
0.287500,0.387500,4.708675e-03
0.300000,0.387500,4.647566e-03
0.312500,0.387500,4.561398e-03
0.325000,0.387500,4.449781e-03
0.337500,0.387500,4.312172e-03
0.350000,0.387500,4.147967e-03
0.362500,0.387500,3.956565e-03
0.375000,0.387500,3.737363e-03
0.387500,0.387500,3.489759e-03
0.400000,0.387500,3.213149e-03
0.412500,0.387500,2.906933e-03
0.425000,0.387500,2.570519e-03
0.437500,0.387500,2.204278e-03
0.450000,0.387500,1.810279e-03
0.462500,0.387500,1.390764e-03
0.475000,0.387500,9.479738e-04
0.487500,0.387500,4.838085e-04
0.500000,0.387500,0.000000e+00
0.512500,0.387500,0.000000e+00
0.525000,0.387500,0.000000e+00
0.537500,0.387500,0.000000e+00
0.550000,0.387500,0.000000e+00
0.562500,0.387500,0.000000e+00
0.575000,0.387500,0.000000e+00
0.587500,0.387500,0.000000e+00
0.600000,0.387500,0.000000e+00
0.612500,0.387500,0.000000e+00
0.625000,0.387500,0.000000e+00
0.637500,0.387500,0.000000e+00
0.650000,0.387500,0.000000e+00
0.662500,0.387500,0.000000e+00
0.675000,0.387500,0.000000e+00
0.687500,0.387500,0.000000e+00
0.700000,0.387500,0.000000e+00
0.712500,0.387500,0.000000e+00
0.725000,0.387500,0.000000e+00
0.737500,0.387500,0.000000e+00
0.750000,0.387500,0.000000e+00
0.762500,0.387500,0.000000e+00
0.775000,0.387500,0.000000e+00
0.787500,0.387500,0.000000e+00
0.800000,0.387500,0.000000e+00
0.812500,0.387500,0.000000e+00
0.825000,0.387500,0.000000e+00
0.837500,0.387500,0.000000e+00
0.850000,0.387500,0.000000e+00
0.862500,0.387500,0.000000e+00
0.875000,0.387500,0.000000e+00
0.887500,0.387500,0.000000e+00
0.900000,0.387500,0.000000e+00
0.912500,0.387500,0.000000e+00
0.925000,0.387500,0.000000e+00
0.937500,0.387500,0.000000e+00
0.950000,0.387500,0.000000e+00
0.962500,0.387500,0.000000e+00
0.975000,0.387500,0.000000e+00
0.987500,0.387500,0.000000e+00
1.000000,0.387500,0.000000e+00
0.000000,0.400000,0.000000e+00
0.012500,0.400000,4.309207e-04
0.025000,0.400000,8.462940e-04
0.037500,0.400000,1.244753e-03
0.050000,0.400000,1.624952e-03
0.062500,0.400000,1.986052e-03
0.075000,0.400000,2.327752e-03
0.087500,0.400000,2.649780e-03
0.100000,0.400000,2.951863e-03
0.112500,0.400000,3.233727e-03
0.125000,0.400000,3.495100e-03
0.137500,0.400000,3.735709e-03
0.150000,0.400000,3.955280e-03
0.162500,0.400000,4.153541e-03
0.175000,0.400000,4.330196e-03
0.187500,0.400000,4.484883e-03
0.200000,0.400000,4.617225e-03
0.212500,0.400000,4.726845e-03
0.225000,0.400000,4.813364e-03
0.237500,0.400000,4.876407e-03
0.250000,0.400000,4.915595e-03
0.262500,0.400000,4.930552e-03
0.275000,0.400000,4.920900e-03
0.287500,0.400000,4.886262e-03
0.300000,0.400000,4.826261e-03
0.312500,0.400000,4.740520e-03
0.325000,0.400000,4.628613e-03
0.337500,0.400000,4.489829e-03
0.350000,0.400000,4.323355e-03
0.362500,0.400000,4.128379e-03
0.375000,0.400000,3.904087e-03
0.387500,0.400000,3.649666e-03
0.400000,0.400000,3.364302e-03
0.412500,0.400000,3.047182e-03
0.425000,0.400000,2.697505e-03
0.437500,0.400000,2.315539e-03
0.450000,0.400000,1.903432e-03
0.462500,0.400000,1.463526e-03
0.475000,0.400000,9.981601e-04
0.487500,0.400000,5.094847e-04
0.500000,0.400000,0.000000e+00
0.512500,0.400000,0.000000e+00
0.525000,0.400000,0.000000e+00
0.537500,0.400000,0.000000e+00
0.550000,0.400000,0.000000e+00
0.562500,0.400000,0.000000e+00
0.575000,0.400000,0.000000e+00
0.587500,0.400000,0.000000e+00
0.600000,0.400000,0.000000e+00
0.612500,0.400000,0.000000e+00
0.625000,0.400000,0.000000e+00
0.637500,0.400000,0.000000e+00
0.650000,0.400000,0.000000e+00
0.662500,0.400000,0.000000e+00
0.675000,0.400000,0.000000e+00
0.687500,0.400000,0.000000e+00
0.700000,0.400000,0.000000e+00
0.712500,0.400000,0.000000e+00
0.725000,0.400000,0.000000e+00
0.737500,0.400000,0.000000e+00
0.750000,0.400000,0.000000e+00
0.762500,0.400000,0.000000e+00
0.775000,0.400000,0.000000e+00
0.787500,0.400000,0.000000e+00
0.800000,0.400000,0.000000e+00
0.812500,0.400000,0.000000e+00
0.825000,0.400000,0.000000e+00
0.837500,0.400000,0.000000e+00
0.850000,0.400000,0.000000e+00
0.862500,0.400000,0.000000e+00
0.875000,0.400000,0.000000e+00
0.887500,0.400000,0.000000e+00
0.900000,0.400000,0.000000e+00
0.912500,0.400000,0.000000e+00
0.925000,0.400000,0.000000e+00
0.937500,0.400000,0.000000e+00
0.950000,0.400000,0.000000e+00
0.962500,0.400000,0.000000e+00
0.975000,0.400000,0.000000e+00
0.987500,0.400000,0.000000e+00
1.000000,0.400000,0.000000e+00
0.000000,0.412500,0.000000e+00
0.012500,0.412500,4.439954e-04
0.025000,0.412500,8.723951e-04
0.037500,0.412500,1.283640e-03
0.050000,0.412500,1.676196e-03
0.062500,0.412500,2.049125e-03
0.075000,0.412500,2.402128e-03
0.087500,0.412500,2.734934e-03
0.100000,0.412500,3.047275e-03
0.112500,0.412500,3.338881e-03
0.125000,0.412500,3.609484e-03
0.137500,0.412500,3.858813e-03
0.150000,0.412500,4.086600e-03
0.162500,0.412500,4.292576e-03
0.175000,0.412500,4.476446e-03
0.187500,0.412500,4.637839e-03
0.200000,0.412500,4.776369e-03
0.212500,0.412500,4.891648e-03
0.225000,0.412500,4.983289e-03
0.237500,0.412500,5.050904e-03
0.250000,0.412500,5.094106e-03
0.262500,0.412500,5.112508e-03
0.275000,0.412500,5.105722e-03
0.287500,0.412500,5.073362e-03
0.300000,0.412500,5.015040e-03
0.312500,0.412500,4.930369e-03
0.325000,0.412500,4.818887e-03
0.337500,0.412500,4.679696e-03
0.350000,0.412500,4.511741e-03
0.362500,0.412500,4.313967e-03
0.375000,0.412500,4.085318e-03
0.387500,0.412500,3.824738e-03
0.400000,0.412500,3.531173e-03
0.412500,0.412500,3.203566e-03
0.425000,0.412500,2.840873e-03
0.437500,0.412500,2.443097e-03
0.450000,0.412500,2.012079e-03
0.462500,0.412500,1.549847e-03
0.475000,0.412500,1.058432e-03
0.487500,0.412500,5.403372e-04
0.500000,0.412500,0.000000e+00
0.512500,0.412500,0.000000e+00
0.525000,0.412500,0.000000e+00
0.537500,0.412500,0.000000e+00
0.550000,0.412500,0.000000e+00
0.562500,0.412500,0.000000e+00
0.575000,0.412500,0.000000e+00
0.587500,0.412500,0.000000e+00
0.600000,0.412500,0.000000e+00
0.612500,0.412500,0.000000e+00
0.625000,0.412500,0.000000e+00
0.637500,0.412500,0.000000e+00
0.650000,0.412500,0.000000e+00
0.662500,0.412500,0.000000e+00
0.675000,0.412500,0.000000e+00
0.687500,0.412500,0.000000e+00
0.700000,0.412500,0.000000e+00
0.712500,0.412500,0.000000e+00
0.725000,0.412500,0.000000e+00
0.737500,0.412500,0.000000e+00
0.750000,0.412500,0.000000e+00
0.762500,0.412500,0.000000e+00
0.775000,0.412500,0.000000e+00
0.787500,0.412500,0.000000e+00
0.800000,0.412500,0.000000e+00
0.812500,0.412500,0.000000e+00
0.825000,0.412500,0.000000e+00
0.837500,0.412500,0.000000e+00
0.850000,0.412500,0.000000e+00
0.862500,0.412500,0.000000e+00
0.875000,0.412500,0.000000e+00
0.887500,0.412500,0.000000e+00
0.900000,0.412500,0.000000e+00
0.912500,0.412500,0.000000e+00
0.925000,0.412500,0.000000e+00
0.937500,0.412500,0.000000e+00
0.950000,0.412500,0.000000e+00
0.962500,0.412500,0.000000e+00
0.975000,0.412500,0.000000e+00
0.987500,0.412500,0.000000e+00
1.000000,0.412500,0.000000e+00
0.000000,0.425000,0.000000e+00
0.012500,0.425000,4.580849e-04
0.025000,0.425000,9.004278e-04
0.037500,0.425000,1.325276e-03
0.050000,0.425000,1.730904e-03
0.062500,0.425000,2.116282e-03
0.075000,0.425000,2.481118e-03
0.087500,0.425000,2.825158e-03
0.100000,0.425000,3.148146e-03
0.112500,0.425000,3.449827e-03
0.125000,0.425000,3.729946e-03
0.137500,0.425000,3.988248e-03
0.150000,0.425000,4.224477e-03
0.162500,0.425000,4.438380e-03
0.175000,0.425000,4.629672e-03
0.187500,0.425000,4.797985e-03
0.200000,0.425000,4.942929e-03
0.212500,0.425000,5.064118e-03
0.225000,0.425000,5.161162e-03
0.237500,0.425000,5.233674e-03
0.250000,0.425000,5.281265e-03
0.262500,0.425000,5.303548e-03
0.275000,0.425000,5.300134e-03
0.287500,0.425000,5.270635e-03
0.300000,0.425000,5.214663e-03
0.312500,0.425000,5.131830e-03
0.325000,0.425000,5.021643e-03
0.337500,0.425000,4.882995e-03
0.350000,0.425000,4.714559e-03
0.362500,0.425000,4.515006e-03
0.375000,0.425000,4.283008e-03
0.387500,0.425000,4.017236e-03
0.400000,0.425000,3.716362e-03
0.412500,0.425000,3.379057e-03
0.425000,0.425000,3.004003e-03
0.437500,0.425000,2.590707e-03
0.450000,0.425000,2.140135e-03
0.462500,0.425000,1.653400e-03
0.475000,0.425000,1.131617e-03
0.487500,0.425000,5.778006e-04
0.500000,0.425000,0.000000e+00
0.512500,0.425000,0.000000e+00
0.525000,0.425000,0.000000e+00
0.537500,0.425000,0.000000e+00
0.550000,0.425000,0.000000e+00
0.562500,0.425000,0.000000e+00
0.575000,0.425000,0.000000e+00
0.587500,0.425000,0.000000e+00
0.600000,0.425000,0.000000e+00
0.612500,0.425000,0.000000e+00
0.625000,0.425000,0.000000e+00
0.637500,0.425000,0.000000e+00
0.650000,0.425000,0.000000e+00
0.662500,0.425000,0.000000e+00
0.675000,0.425000,0.000000e+00
0.687500,0.425000,0.000000e+00
0.700000,0.425000,0.000000e+00
0.712500,0.425000,0.000000e+00
0.725000,0.425000,0.000000e+00
0.737500,0.425000,0.000000e+00
0.750000,0.425000,0.000000e+00
0.762500,0.425000,0.000000e+00
0.775000,0.425000,0.000000e+00
0.787500,0.425000,0.000000e+00
0.800000,0.425000,0.000000e+00
0.812500,0.425000,0.000000e+00
0.825000,0.425000,0.000000e+00
0.837500,0.425000,0.000000e+00
0.850000,0.425000,0.000000e+00
0.862500,0.425000,0.000000e+00
0.875000,0.425000,0.000000e+00
0.887500,0.425000,0.000000e+00
0.900000,0.425000,0.000000e+00
0.912500,0.425000,0.000000e+00
0.925000,0.425000,0.000000e+00
0.937500,0.425000,0.000000e+00
0.950000,0.425000,0.000000e+00
0.962500,0.425000,0.000000e+00
0.975000,0.425000,0.000000e+00
0.987500,0.425000,0.000000e+00
1.000000,0.425000,0.000000e+00
0.000000,0.437500,0.000000e+00
0.012500,0.437500,4.733583e-04
0.025000,0.437500,9.306978e-04
0.037500,0.437500,1.370074e-03
0.050000,0.437500,1.789575e-03
0.062500,0.437500,2.188082e-03
0.075000,0.437500,2.565327e-03
0.087500,0.437500,2.921081e-03
0.100000,0.437500,3.255116e-03
0.112500,0.437500,3.567203e-03
0.125000,0.437500,3.857115e-03
0.137500,0.437500,4.124622e-03
0.150000,0.437500,4.369498e-03
0.162500,0.437500,4.591513e-03
0.175000,0.437500,4.790408e-03
0.187500,0.437500,4.965827e-03
0.200000,0.437500,5.117393e-03
0.212500,0.437500,5.244726e-03
0.225000,0.437500,5.347452e-03
0.237500,0.437500,5.425191e-03
0.250000,0.437500,5.477567e-03
0.262500,0.437500,5.504202e-03
0.275000,0.437500,5.504719e-03
0.287500,0.437500,5.478741e-03
0.300000,0.437500,5.425890e-03
0.312500,0.437500,5.345788e-03
0.325000,0.437500,5.237919e-03
0.337500,0.437500,5.100948e-03
0.350000,0.437500,4.933244e-03
0.362500,0.437500,4.733175e-03
0.375000,0.437500,4.499110e-03
0.387500,0.437500,4.229419e-03
0.400000,0.437500,3.922469e-03
0.412500,0.437500,3.576629e-03
0.425000,0.437500,3.190273e-03
0.437500,0.437500,2.762123e-03
0.450000,0.437500,2.291516e-03
0.462500,0.437500,1.777855e-03
0.475000,0.437500,1.220547e-03
0.487500,0.437500,6.233093e-04
0.500000,0.437500,0.000000e+00
0.512500,0.437500,0.000000e+00
0.525000,0.437500,0.000000e+00
0.537500,0.437500,0.000000e+00
0.550000,0.437500,0.000000e+00
0.562500,0.437500,0.000000e+00
0.575000,0.437500,0.000000e+00
0.587500,0.437500,0.000000e+00
0.600000,0.437500,0.000000e+00
0.612500,0.437500,0.000000e+00
0.625000,0.437500,0.000000e+00
0.637500,0.437500,0.000000e+00
0.650000,0.437500,0.000000e+00
0.662500,0.437500,0.000000e+00
0.675000,0.437500,0.000000e+00
0.687500,0.437500,0.000000e+00
0.700000,0.437500,0.000000e+00
0.712500,0.437500,0.000000e+00
0.725000,0.437500,0.000000e+00
0.737500,0.437500,0.000000e+00
0.750000,0.437500,0.000000e+00
0.762500,0.437500,0.000000e+00
0.775000,0.437500,0.000000e+00
0.787500,0.437500,0.000000e+00
0.800000,0.437500,0.000000e+00
0.812500,0.437500,0.000000e+00
0.825000,0.437500,0.000000e+00
0.837500,0.437500,0.000000e+00
0.850000,0.437500,0.000000e+00
0.862500,0.437500,0.000000e+00
0.875000,0.437500,0.000000e+00
0.887500,0.437500,0.000000e+00
0.900000,0.437500,0.000000e+00
0.912500,0.437500,0.000000e+00
0.925000,0.437500,0.000000e+00
0.937500,0.437500,0.000000e+00
0.950000,0.437500,0.000000e+00
0.962500,0.437500,0.000000e+00
0.975000,0.437500,0.000000e+00
0.987500,0.437500,0.000000e+00
1.000000,0.437500,0.000000e+00
0.000000,0.450000,0.000000e+00
0.012500,0.450000,4.899857e-04
0.025000,0.450000,9.635128e-04
0.037500,0.450000,1.418452e-03
0.050000,0.450000,1.852707e-03
0.062500,0.450000,2.265086e-03
0.075000,0.450000,2.655357e-03
0.087500,0.450000,3.023331e-03
0.100000,0.450000,3.368824e-03
0.112500,0.450000,3.691648e-03
0.125000,0.450000,3.991618e-03
0.137500,0.450000,4.268546e-03
0.150000,0.450000,4.522247e-03
0.162500,0.450000,4.752534e-03
0.175000,0.450000,4.959187e-03
0.187500,0.450000,5.141874e-03
0.200000,0.450000,5.300245e-03
0.212500,0.450000,5.433946e-03
0.225000,0.450000,5.542625e-03
0.237500,0.450000,5.625928e-03
0.250000,0.450000,5.683504e-03
0.262500,0.450000,5.714999e-03
0.275000,0.450000,5.720062e-03
0.287500,0.450000,5.698339e-03
0.300000,0.450000,5.649479e-03
0.312500,0.450000,5.573127e-03
0.325000,0.450000,5.468752e-03
0.337500,0.450000,5.334772e-03
0.350000,0.450000,5.169224e-03
0.362500,0.450000,4.970145e-03
0.375000,0.450000,4.735572e-03
0.387500,0.450000,4.463541e-03
0.400000,0.450000,4.152090e-03
0.412500,0.450000,3.799255e-03
0.425000,0.450000,3.403068e-03
0.437500,0.450000,2.961108e-03
0.450000,0.450000,2.470157e-03
0.462500,0.450000,1.926913e-03
0.475000,0.450000,1.328093e-03
0.487500,0.450000,6.783422e-04
0.500000,0.450000,0.000000e+00
0.512500,0.450000,0.000000e+00
0.525000,0.450000,0.000000e+00
0.537500,0.450000,0.000000e+00
0.550000,0.450000,0.000000e+00
0.562500,0.450000,0.000000e+00
0.575000,0.450000,0.000000e+00
0.587500,0.450000,0.000000e+00
0.600000,0.450000,0.000000e+00
0.612500,0.450000,0.000000e+00
0.625000,0.450000,0.000000e+00
0.637500,0.450000,0.000000e+00
0.650000,0.450000,0.000000e+00
0.662500,0.450000,0.000000e+00
0.675000,0.450000,0.000000e+00
0.687500,0.450000,0.000000e+00
0.700000,0.450000,0.000000e+00
0.712500,0.450000,0.000000e+00
0.725000,0.450000,0.000000e+00
0.737500,0.450000,0.000000e+00
0.750000,0.450000,0.000000e+00
0.762500,0.450000,0.000000e+00
0.775000,0.450000,0.000000e+00
0.787500,0.450000,0.000000e+00
0.800000,0.450000,0.000000e+00
0.812500,0.450000,0.000000e+00
0.825000,0.450000,0.000000e+00
0.837500,0.450000,0.000000e+00
0.850000,0.450000,0.000000e+00
0.862500,0.450000,0.000000e+00
0.875000,0.450000,0.000000e+00
0.887500,0.450000,0.000000e+00
0.900000,0.450000,0.000000e+00
0.912500,0.450000,0.000000e+00
0.925000,0.450000,0.000000e+00
0.937500,0.450000,0.000000e+00
0.950000,0.450000,0.000000e+00
0.962500,0.450000,0.000000e+00
0.975000,0.450000,0.000000e+00
0.987500,0.450000,0.000000e+00
1.000000,0.450000,0.000000e+00
0.000000,0.462500,0.000000e+00
0.012500,0.462500,5.083608e-04
0.025000,0.462500,9.994911e-04
0.037500,0.462500,1.471135e-03
0.050000,0.462500,1.921074e-03
0.062500,0.462500,2.348082e-03
0.075000,0.462500,2.751981e-03
0.087500,0.462500,3.132650e-03
0.100000,0.462500,3.489964e-03
0.112500,0.462500,3.823798e-03
0.125000,0.462500,4.134029e-03
0.137500,0.462500,4.420533e-03
0.150000,0.462500,4.683187e-03
0.162500,0.462500,4.921865e-03
0.175000,0.462500,5.136405e-03
0.187500,0.462500,5.326516e-03
0.200000,0.462500,5.491883e-03
0.212500,0.462500,5.632188e-03
0.225000,0.462500,5.747116e-03
0.237500,0.462500,5.836349e-03
0.250000,0.462500,5.899572e-03
0.262500,0.462500,5.936469e-03
0.275000,0.462500,5.946723e-03
0.287500,0.462500,5.930017e-03
0.300000,0.462500,5.886035e-03
0.312500,0.462500,5.814462e-03
0.325000,0.462500,5.714760e-03
0.337500,0.462500,5.585108e-03
0.350000,0.462500,5.423217e-03
0.362500,0.462500,5.226800e-03
0.375000,0.462500,4.993569e-03
0.387500,0.462500,4.721234e-03
0.400000,0.462500,4.407507e-03
0.412500,0.462500,4.050101e-03
0.425000,0.462500,3.646709e-03
0.437500,0.462500,3.193383e-03
0.450000,0.462500,2.683290e-03
0.462500,0.462500,2.109304e-03
0.475000,0.462500,1.464319e-03
0.487500,0.462500,7.518952e-04
0.500000,0.462500,0.000000e+00
0.512500,0.462500,0.000000e+00
0.525000,0.462500,0.000000e+00
0.537500,0.462500,0.000000e+00
0.550000,0.462500,0.000000e+00
0.562500,0.462500,0.000000e+00
0.575000,0.462500,0.000000e+00
0.587500,0.462500,0.000000e+00
0.600000,0.462500,0.000000e+00
0.612500,0.462500,0.000000e+00
0.625000,0.462500,0.000000e+00
0.637500,0.462500,0.000000e+00
0.650000,0.462500,0.000000e+00
0.662500,0.462500,0.000000e+00
0.675000,0.462500,0.000000e+00
0.687500,0.462500,0.000000e+00
0.700000,0.462500,0.000000e+00
0.712500,0.462500,0.000000e+00
0.725000,0.462500,0.000000e+00
0.737500,0.462500,0.000000e+00
0.750000,0.462500,0.000000e+00
0.762500,0.462500,0.000000e+00
0.775000,0.462500,0.000000e+00
0.787500,0.462500,0.000000e+00
0.800000,0.462500,0.000000e+00
0.812500,0.462500,0.000000e+00
0.825000,0.462500,0.000000e+00
0.837500,0.462500,0.000000e+00
0.850000,0.462500,0.000000e+00
0.862500,0.462500,0.000000e+00
0.875000,0.462500,0.000000e+00
0.887500,0.462500,0.000000e+00
0.900000,0.462500,0.000000e+00
0.912500,0.462500,0.000000e+00
0.925000,0.462500,0.000000e+00
0.937500,0.462500,0.000000e+00
0.950000,0.462500,0.000000e+00
0.962500,0.462500,0.000000e+00
0.975000,0.462500,0.000000e+00
0.987500,0.462500,0.000000e+00
1.000000,0.462500,0.000000e+00
0.000000,0.475000,0.000000e+00
0.012500,0.475000,5.293506e-04
0.025000,0.475000,1.039910e-03
0.037500,0.475000,1.529512e-03
0.050000,0.475000,1.996031e-03
0.062500,0.475000,2.438333e-03
0.075000,0.475000,2.856336e-03
0.087500,0.475000,3.250014e-03
0.100000,0.475000,3.619337e-03
0.112500,0.475000,3.964277e-03
0.125000,0.475000,4.284805e-03
0.137500,0.475000,4.580892e-03
0.150000,0.475000,4.852511e-03
0.162500,0.475000,5.099633e-03
0.175000,0.475000,5.322177e-03
0.187500,0.475000,5.519896e-03
0.200000,0.475000,5.692509e-03
0.212500,0.475000,5.839735e-03
0.225000,0.475000,5.961292e-03
0.237500,0.475000,6.056899e-03
0.250000,0.475000,6.126275e-03
0.262500,0.475000,6.169138e-03
0.275000,0.475000,6.185208e-03
0.287500,0.475000,6.174202e-03
0.300000,0.475000,6.135840e-03
0.312500,0.475000,6.069840e-03
0.325000,0.475000,5.975673e-03
0.337500,0.475000,5.851367e-03
0.350000,0.475000,5.694424e-03
0.362500,0.475000,5.502346e-03
0.375000,0.475000,5.272637e-03
0.387500,0.475000,5.002799e-03
0.400000,0.475000,4.690333e-03
0.412500,0.475000,4.332744e-03
0.425000,0.475000,3.927495e-03
0.437500,0.475000,3.468798e-03
0.450000,0.475000,2.945136e-03
0.462500,0.475000,2.344405e-03
0.475000,0.475000,1.654514e-03
0.487500,0.475000,8.688798e-04
0.500000,0.475000,0.000000e+00
0.512500,0.475000,0.000000e+00
0.525000,0.475000,0.000000e+00
0.537500,0.475000,0.000000e+00
0.550000,0.475000,0.000000e+00
0.562500,0.475000,0.000000e+00
0.575000,0.475000,0.000000e+00
0.587500,0.475000,0.000000e+00
0.600000,0.475000,0.000000e+00
0.612500,0.475000,0.000000e+00
0.625000,0.475000,0.000000e+00
0.637500,0.475000,0.000000e+00
0.650000,0.475000,0.000000e+00
0.662500,0.475000,0.000000e+00
0.675000,0.475000,0.000000e+00
0.687500,0.475000,0.000000e+00
0.700000,0.475000,0.000000e+00
0.712500,0.475000,0.000000e+00
0.725000,0.475000,0.000000e+00
0.737500,0.475000,0.000000e+00
0.750000,0.475000,0.000000e+00
0.762500,0.475000,0.000000e+00
0.775000,0.475000,0.000000e+00
0.787500,0.475000,0.000000e+00
0.800000,0.475000,0.000000e+00
0.812500,0.475000,0.000000e+00
0.825000,0.475000,0.000000e+00
0.837500,0.475000,0.000000e+00
0.850000,0.475000,0.000000e+00
0.862500,0.475000,0.000000e+00
0.875000,0.475000,0.000000e+00
0.887500,0.475000,0.000000e+00
0.900000,0.475000,0.000000e+00
0.912500,0.475000,0.000000e+00
0.925000,0.475000,0.000000e+00
0.937500,0.475000,0.000000e+00
0.950000,0.475000,0.000000e+00
0.962500,0.475000,0.000000e+00
0.975000,0.475000,0.000000e+00
0.987500,0.475000,0.000000e+00
1.000000,0.475000,0.000000e+00
0.000000,0.487500,0.000000e+00
0.012500,0.487500,5.539361e-04
0.025000,0.487500,1.086184e-03
0.037500,0.487500,1.595083e-03
0.050000,0.487500,2.079008e-03
0.062500,0.487500,2.537152e-03
0.075000,0.487500,2.969584e-03
0.087500,0.487500,3.376415e-03
0.100000,0.487500,3.757755e-03
0.112500,0.487500,4.113715e-03
0.125000,0.487500,4.444406e-03
0.137500,0.487500,4.749939e-03
0.150000,0.487500,5.030424e-03
0.162500,0.487500,5.285972e-03
0.175000,0.487500,5.516620e-03
0.187500,0.487500,5.722155e-03
0.200000,0.487500,5.902320e-03
0.212500,0.487500,6.056853e-03
0.225000,0.487500,6.185496e-03
0.237500,0.487500,6.287988e-03
0.250000,0.487500,6.364070e-03
0.262500,0.487500,6.413481e-03
0.275000,0.487500,6.435963e-03
0.287500,0.487500,6.431255e-03
0.300000,0.487500,6.399097e-03
0.312500,0.487500,6.339230e-03
0.325000,0.487500,6.251146e-03
0.337500,0.487500,6.132888e-03
0.350000,0.487500,5.981974e-03
0.362500,0.487500,5.795924e-03
0.375000,0.487500,5.572254e-03
0.387500,0.487500,5.308483e-03
0.400000,0.487500,5.002128e-03
0.412500,0.487500,4.650707e-03
0.425000,0.487500,4.251679e-03
0.437500,0.487500,3.797238e-03
0.450000,0.487500,3.270314e-03
0.462500,0.487500,2.652892e-03
0.475000,0.487500,1.926928e-03
0.487500,0.487500,1.059031e-03
0.500000,0.487500,0.000000e+00
0.512500,0.487500,0.000000e+00
0.525000,0.487500,0.000000e+00
0.537500,0.487500,0.000000e+00
0.550000,0.487500,0.000000e+00
0.562500,0.487500,0.000000e+00
0.575000,0.487500,0.000000e+00
0.587500,0.487500,0.000000e+00
0.600000,0.487500,0.000000e+00
0.612500,0.487500,0.000000e+00
0.625000,0.487500,0.000000e+00
0.637500,0.487500,0.000000e+00
0.650000,0.487500,0.000000e+00
0.662500,0.487500,0.000000e+00
0.675000,0.487500,0.000000e+00
0.687500,0.487500,0.000000e+00
0.700000,0.487500,0.000000e+00
0.712500,0.487500,0.000000e+00
0.725000,0.487500,0.000000e+00
0.737500,0.487500,0.000000e+00
0.750000,0.487500,0.000000e+00
0.762500,0.487500,0.000000e+00
0.775000,0.487500,0.000000e+00
0.787500,0.487500,0.000000e+00
0.800000,0.487500,0.000000e+00
0.812500,0.487500,0.000000e+00
0.825000,0.487500,0.000000e+00
0.837500,0.487500,0.000000e+00
0.850000,0.487500,0.000000e+00
0.862500,0.487500,0.000000e+00
0.875000,0.487500,0.000000e+00
0.887500,0.487500,0.000000e+00
0.900000,0.487500,0.000000e+00
0.912500,0.487500,0.000000e+00
0.925000,0.487500,0.000000e+00
0.937500,0.487500,0.000000e+00
0.950000,0.487500,0.000000e+00
0.962500,0.487500,0.000000e+00
0.975000,0.487500,0.000000e+00
0.987500,0.487500,0.000000e+00
1.000000,0.487500,0.000000e+00
0.000000,0.500000,0.000000e+00
0.012500,0.500000,5.847067e-04
0.025000,0.500000,1.141397e-03
0.037500,0.500000,1.670291e-03
0.050000,0.500000,2.171610e-03
0.062500,0.500000,2.645584e-03
0.075000,0.500000,3.092457e-03
0.087500,0.500000,3.512472e-03
0.100000,0.500000,3.905873e-03
0.112500,0.500000,4.272903e-03
0.125000,0.500000,4.613806e-03
0.137500,0.500000,4.928825e-03
0.150000,0.500000,5.218204e-03
0.162500,0.500000,5.482185e-03
0.175000,0.500000,5.720919e-03
0.187500,0.500000,5.934250e-03
0.200000,0.500000,6.121960e-03
0.212500,0.500000,6.283832e-03
0.225000,0.500000,6.419648e-03
0.237500,0.500000,6.529190e-03
0.250000,0.500000,6.612241e-03
0.262500,0.500000,6.668582e-03
0.275000,0.500000,6.697997e-03
0.287500,0.500000,6.700268e-03
0.300000,0.500000,6.675177e-03
0.312500,0.500000,6.622507e-03
0.325000,0.500000,6.541795e-03
0.337500,0.500000,6.431159e-03
0.350000,0.500000,6.288198e-03
0.362500,0.500000,6.110512e-03
0.375000,0.500000,5.895702e-03
0.387500,0.500000,5.641365e-03
0.400000,0.500000,5.345103e-03
0.412500,0.500000,5.004515e-03
0.425000,0.500000,4.617136e-03
0.437500,0.500000,4.174921e-03
0.450000,0.500000,3.659991e-03
0.462500,0.500000,3.053469e-03
0.475000,0.500000,2.336383e-03
0.487500,0.500000,1.440515e-03
0.500000,0.500000,0.000000e+00
0.512500,0.500000,0.000000e+00
0.525000,0.500000,0.000000e+00
0.537500,0.500000,0.000000e+00
0.550000,0.500000,0.000000e+00
0.562500,0.500000,0.000000e+00
0.575000,0.500000,0.000000e+00
0.587500,0.500000,0.000000e+00
0.600000,0.500000,0.000000e+00
0.612500,0.500000,0.000000e+00
0.625000,0.500000,0.000000e+00
0.637500,0.500000,0.000000e+00
0.650000,0.500000,0.000000e+00
0.662500,0.500000,0.000000e+00
0.675000,0.500000,0.000000e+00
0.687500,0.500000,0.000000e+00
0.700000,0.500000,0.000000e+00
0.712500,0.500000,0.000000e+00
0.725000,0.500000,0.000000e+00
0.737500,0.500000,0.000000e+00
0.750000,0.500000,0.000000e+00
0.762500,0.500000,0.000000e+00
0.775000,0.500000,0.000000e+00
0.787500,0.500000,0.000000e+00
0.800000,0.500000,0.000000e+00
0.812500,0.500000,0.000000e+00
0.825000,0.500000,0.000000e+00
0.837500,0.500000,0.000000e+00
0.850000,0.500000,0.000000e+00
0.862500,0.500000,0.000000e+00
0.875000,0.500000,0.000000e+00
0.887500,0.500000,0.000000e+00
0.900000,0.500000,0.000000e+00
0.912500,0.500000,0.000000e+00
0.925000,0.500000,0.000000e+00
0.937500,0.500000,0.000000e+00
0.950000,0.500000,0.000000e+00
0.962500,0.500000,0.000000e+00
0.975000,0.500000,0.000000e+00
0.987500,0.500000,0.000000e+00
1.000000,0.500000,0.000000e+00
0.000000,0.512500,0.000000e+00
0.012500,0.512500,8.900968e-04
0.025000,0.512500,1.689747e-03
0.037500,0.512500,2.417569e-03
0.050000,0.512500,3.091876e-03
0.062500,0.512500,3.723087e-03
0.075000,0.512500,4.313220e-03
0.087500,0.512500,4.863882e-03
0.100000,0.512500,5.376685e-03
0.112500,0.512500,5.853236e-03
0.125000,0.512500,6.295147e-03
0.137500,0.512500,6.704027e-03
0.150000,0.512500,7.081484e-03
0.162500,0.512500,7.429130e-03
0.175000,0.512500,7.748294e-03
0.187500,0.512500,8.039405e-03
0.200000,0.512500,8.302707e-03
0.212500,0.512500,8.538444e-03
0.225000,0.512500,8.746860e-03
0.237500,0.512500,8.928199e-03
0.250000,0.512500,9.082707e-03
0.262500,0.512500,9.210626e-03
0.275000,0.512500,9.312201e-03
0.287500,0.512500,9.387677e-03
0.300000,0.512500,9.437298e-03
0.312500,0.512500,9.461307e-03
0.325000,0.512500,9.459816e-03
0.337500,0.512500,9.432158e-03
0.350000,0.512500,9.377384e-03
0.362500,0.512500,9.294545e-03
0.375000,0.512500,9.182691e-03
0.387500,0.512500,9.040873e-03
0.400000,0.512500,8.868141e-03
0.412500,0.512500,8.663548e-03
0.425000,0.512500,8.426156e-03
0.437500,0.512500,8.156265e-03
0.450000,0.512500,7.856341e-03
0.462500,0.512500,7.529072e-03
0.475000,0.512500,7.177229e-03
0.487500,0.512500,6.846254e-03
0.500000,0.512500,6.753591e-03
0.512500,0.512500,8.870909e-03
0.525000,0.512500,1.070357e-02
0.537500,0.512500,1.229191e-02
0.550000,0.512500,1.366555e-02
0.562500,0.512500,1.485358e-02
0.575000,0.512500,1.588512e-02
0.587500,0.512500,1.678925e-02
0.600000,0.512500,1.759149e-02
0.612500,0.512500,1.830104e-02
0.625000,0.512500,1.892242e-02
0.637500,0.512500,1.946016e-02
0.650000,0.512500,1.991879e-02
0.662500,0.512500,2.030284e-02
0.675000,0.512500,2.061685e-02
0.687500,0.512500,2.086533e-02
0.700000,0.512500,2.105283e-02
0.712500,0.512500,2.118306e-02
0.725000,0.512500,2.125597e-02
0.737500,0.512500,2.127047e-02
0.750000,0.512500,2.122543e-02
0.762500,0.512500,2.111974e-02
0.775000,0.512500,2.095228e-02
0.787500,0.512500,2.072194e-02
0.800000,0.512500,2.042760e-02
0.812500,0.512500,2.006815e-02
0.825000,0.512500,1.964118e-02
0.837500,0.512500,1.914130e-02
0.850000,0.512500,1.856273e-02
0.862500,0.512500,1.789968e-02
0.875000,0.512500,1.714635e-02
0.887500,0.512500,1.629697e-02
0.900000,0.512500,1.534573e-02
0.912500,0.512500,1.428248e-02
0.925000,0.512500,1.307587e-02
0.937500,0.512500,1.168817e-02
0.950000,0.512500,1.008162e-02
0.962500,0.512500,8.218496e-03
0.975000,0.512500,6.059251e-03
0.987500,0.512500,3.441040e-03
1.000000,0.512500,0.000000e+00
0.000000,0.525000,0.000000e+00
0.012500,0.525000,1.134081e-03
0.025000,0.525000,2.145465e-03
0.037500,0.525000,3.059600e-03
0.050000,0.525000,3.901527e-03
0.062500,0.525000,4.685811e-03
0.075000,0.525000,5.415863e-03
0.087500,0.525000,6.094555e-03
0.100000,0.525000,6.724758e-03
0.112500,0.525000,7.309344e-03
0.125000,0.525000,7.851183e-03
0.137500,0.525000,8.353148e-03
0.150000,0.525000,8.818110e-03
0.162500,0.525000,9.248940e-03
0.175000,0.525000,9.648070e-03
0.187500,0.525000,1.001651e-02
0.200000,0.525000,1.035497e-02
0.212500,0.525000,1.066417e-02
0.225000,0.525000,1.094483e-02
0.237500,0.525000,1.119766e-02
0.250000,0.525000,1.142338e-02
0.262500,0.525000,1.162270e-02
0.275000,0.525000,1.179636e-02
0.287500,0.525000,1.194505e-02
0.300000,0.525000,1.206949e-02
0.312500,0.525000,1.217041e-02
0.325000,0.525000,1.224851e-02
0.337500,0.525000,1.230435e-02
0.350000,0.525000,1.233849e-02
0.362500,0.525000,1.235147e-02
0.375000,0.525000,1.234384e-02
0.387500,0.525000,1.231612e-02
0.400000,0.525000,1.226888e-02
0.412500,0.525000,1.220264e-02
0.425000,0.525000,1.211802e-02
0.437500,0.525000,1.202150e-02
0.450000,0.525000,1.192990e-02
0.462500,0.525000,1.186108e-02
0.475000,0.525000,1.183301e-02
0.487500,0.525000,1.190310e-02
0.500000,0.525000,1.222172e-02
0.512500,0.525000,1.652241e-02
0.525000,0.525000,2.010124e-02
0.537500,0.525000,2.321039e-02
0.550000,0.525000,2.591358e-02
0.562500,0.525000,2.826336e-02
0.575000,0.525000,3.031229e-02
0.587500,0.525000,3.211291e-02
0.600000,0.525000,3.371144e-02
0.612500,0.525000,3.512516e-02
0.625000,0.525000,3.636309e-02
0.637500,0.525000,3.743428e-02
0.650000,0.525000,3.834777e-02
0.662500,0.525000,3.911258e-02
0.675000,0.525000,3.973775e-02
0.687500,0.525000,4.023232e-02
0.700000,0.525000,4.060533e-02
0.712500,0.525000,4.086419e-02
0.725000,0.525000,4.100888e-02
0.737500,0.525000,4.103723e-02
0.750000,0.525000,4.094707e-02
0.762500,0.525000,4.073623e-02
0.775000,0.525000,4.040253e-02
0.787500,0.525000,3.994382e-02
0.800000,0.525000,3.935791e-02
0.812500,0.525000,3.864262e-02
0.825000,0.525000,3.779315e-02
0.837500,0.525000,3.679858e-02
0.850000,0.525000,3.564719e-02
0.862500,0.525000,3.432722e-02
0.875000,0.525000,3.282693e-02
0.887500,0.525000,3.113459e-02
0.900000,0.525000,2.923845e-02
0.912500,0.525000,2.711930e-02
0.925000,0.525000,2.472184e-02
0.937500,0.525000,2.197983e-02
0.950000,0.525000,1.882704e-02
0.962500,0.525000,1.519721e-02
0.975000,0.525000,1.102214e-02
0.987500,0.525000,6.098029e-03
1.000000,0.525000,0.000000e+00
0.000000,0.537500,0.000000e+00
0.012500,0.537500,1.334632e-03
0.025000,0.537500,2.531937e-03
0.037500,0.537500,3.617895e-03
0.050000,0.537500,4.618092e-03
0.062500,0.537500,5.547887e-03
0.075000,0.537500,6.411762e-03
0.087500,0.537500,7.213668e-03
0.100000,0.537500,7.957559e-03
0.112500,0.537500,8.647387e-03
0.125000,0.537500,9.287105e-03
0.137500,0.537500,9.880666e-03
0.150000,0.537500,1.043202e-02
0.162500,0.537500,1.094513e-02
0.175000,0.537500,1.142337e-02
0.187500,0.537500,1.186830e-02
0.200000,0.537500,1.228111e-02
0.212500,0.537500,1.266298e-02
0.225000,0.537500,1.301510e-02
0.237500,0.537500,1.333865e-02
0.250000,0.537500,1.363482e-02
0.262500,0.537500,1.390479e-02
0.275000,0.537500,1.414974e-02
0.287500,0.537500,1.437086e-02
0.300000,0.537500,1.456933e-02
0.312500,0.537500,1.474635e-02
0.325000,0.537500,1.490318e-02
0.337500,0.537500,1.504171e-02
0.350000,0.537500,1.516400e-02
0.362500,0.537500,1.527213e-02
0.375000,0.537500,1.536817e-02
0.387500,0.537500,1.545421e-02
0.400000,0.537500,1.553232e-02
0.412500,0.537500,1.560457e-02
0.425000,0.537500,1.567313e-02
0.437500,0.537500,1.574720e-02
0.450000,0.537500,1.584843e-02
0.462500,0.537500,1.599973e-02
0.475000,0.537500,1.622405e-02
0.487500,0.537500,1.657174e-02
0.500000,0.537500,1.714101e-02
0.512500,0.537500,2.323915e-02
0.525000,0.537500,2.841228e-02
0.537500,0.537500,3.293920e-02
0.550000,0.537500,3.690048e-02
0.562500,0.537500,4.036493e-02
0.575000,0.537500,4.340135e-02
0.587500,0.537500,4.607853e-02
0.600000,0.537500,4.845719e-02
0.612500,0.537500,5.056118e-02
0.625000,0.537500,5.240384e-02
0.637500,0.537500,5.399850e-02
0.650000,0.537500,5.535851e-02
0.662500,0.537500,5.649721e-02
0.675000,0.537500,5.742794e-02
0.687500,0.537500,5.816403e-02
0.700000,0.537500,5.871884e-02
0.712500,0.537500,5.910332e-02
0.725000,0.537500,5.931755e-02
0.737500,0.537500,5.935844e-02
0.750000,0.537500,5.922292e-02
0.762500,0.537500,5.890791e-02
0.775000,0.537500,5.841031e-02
0.787500,0.537500,5.772707e-02
0.800000,0.537500,5.685509e-02
0.812500,0.537500,5.579127e-02
0.825000,0.537500,5.452845e-02
0.837500,0.537500,5.305005e-02
0.850000,0.537500,5.133818e-02
0.862500,0.537500,4.937498e-02
0.875000,0.537500,4.714256e-02
0.887500,0.537500,4.462304e-02
0.900000,0.537500,4.179854e-02
0.912500,0.537500,3.864227e-02
0.925000,0.537500,3.508439e-02
0.937500,0.537500,3.104199e-02
0.950000,0.537500,2.643216e-02
0.962500,0.537500,2.117203e-02
0.975000,0.537500,1.517702e-02
0.987500,0.537500,8.248166e-03
1.000000,0.537500,0.000000e+00
0.000000,0.550000,0.000000e+00
0.012500,0.550000,1.505081e-03
0.025000,0.550000,2.867376e-03
0.037500,0.550000,4.110518e-03
0.050000,0.550000,5.257802e-03
0.062500,0.550000,6.323798e-03
0.075000,0.550000,7.313797e-03
0.087500,0.550000,8.232637e-03
0.100000,0.550000,9.085157e-03
0.112500,0.550000,9.876197e-03
0.125000,0.550000,1.061060e-02
0.137500,0.550000,1.129319e-02
0.150000,0.550000,1.192882e-02
0.162500,0.550000,1.252233e-02
0.175000,0.550000,1.307790e-02
0.187500,0.550000,1.359762e-02
0.200000,0.550000,1.408312e-02
0.212500,0.550000,1.453606e-02
0.225000,0.550000,1.495809e-02
0.237500,0.550000,1.535085e-02
0.250000,0.550000,1.571600e-02
0.262500,0.550000,1.605518e-02
0.275000,0.550000,1.637004e-02
0.287500,0.550000,1.666222e-02
0.300000,0.550000,1.693338e-02
0.312500,0.550000,1.718517e-02
0.325000,0.550000,1.741943e-02
0.337500,0.550000,1.763920e-02
0.350000,0.550000,1.784791e-02
0.362500,0.550000,1.804904e-02
0.375000,0.550000,1.824603e-02
0.387500,0.550000,1.844234e-02
0.400000,0.550000,1.864141e-02
0.412500,0.550000,1.884672e-02
0.425000,0.550000,1.906177e-02
0.437500,0.550000,1.929666e-02
0.450000,0.550000,1.957301e-02
0.462500,0.550000,1.991363e-02
0.475000,0.550000,2.034133e-02
0.487500,0.550000,2.089238e-02
0.500000,0.550000,2.162596e-02
0.512500,0.550000,2.924377e-02
0.525000,0.550000,3.585341e-02
0.537500,0.550000,4.167914e-02
0.550000,0.550000,4.680838e-02
0.562500,0.550000,5.132040e-02
0.575000,0.550000,5.529448e-02
0.587500,0.550000,5.880989e-02
0.600000,0.550000,6.193685e-02
0.612500,0.550000,6.470429e-02
0.625000,0.550000,6.712937e-02
0.637500,0.550000,6.922928e-02
0.650000,0.550000,7.102117e-02
0.662500,0.550000,7.252223e-02
0.675000,0.550000,7.374961e-02
0.687500,0.550000,7.472049e-02
0.700000,0.550000,7.545204e-02
0.712500,0.550000,7.595839e-02
0.725000,0.550000,7.623971e-02
0.737500,0.550000,7.629211e-02
0.750000,0.550000,7.611172e-02
0.762500,0.550000,7.569468e-02
0.775000,0.550000,7.503710e-02
0.787500,0.550000,7.413512e-02
0.800000,0.550000,7.298487e-02
0.812500,0.550000,7.158245e-02
0.825000,0.550000,6.991853e-02
0.837500,0.550000,6.797130e-02
0.850000,0.550000,6.571721e-02
0.862500,0.550000,6.313269e-02
0.875000,0.550000,6.019418e-02
0.887500,0.550000,5.687813e-02
0.900000,0.550000,5.316097e-02
0.912500,0.550000,4.900981e-02
0.925000,0.550000,4.434653e-02
0.937500,0.550000,3.907934e-02
0.950000,0.550000,3.311642e-02
0.962500,0.550000,2.636598e-02
0.975000,0.550000,1.873503e-02
0.987500,0.550000,1.004895e-02
1.000000,0.550000,0.000000e+00
0.000000,0.562500,0.000000e+00
0.012500,0.562500,1.656330e-03
0.025000,0.562500,3.166797e-03
0.037500,0.562500,4.552527e-03
0.050000,0.562500,5.834371e-03
0.062500,0.562500,7.025932e-03
0.075000,0.562500,8.133111e-03
0.087500,0.562500,9.161431e-03
0.100000,0.562500,1.011642e-02
0.112500,0.562500,1.100360e-02
0.125000,0.562500,1.182849e-02
0.137500,0.562500,1.259662e-02
0.150000,0.562500,1.331353e-02
0.162500,0.562500,1.398472e-02
0.175000,0.562500,1.461503e-02
0.187500,0.562500,1.520703e-02
0.200000,0.562500,1.576282e-02
0.212500,0.562500,1.628450e-02
0.225000,0.562500,1.677420e-02
0.237500,0.562500,1.723401e-02
0.250000,0.562500,1.766604e-02
0.262500,0.562500,1.807240e-02
0.275000,0.562500,1.845519e-02
0.287500,0.562500,1.881653e-02
0.300000,0.562500,1.915851e-02
0.312500,0.562500,1.948326e-02
0.325000,0.562500,1.979313e-02
0.337500,0.562500,2.009209e-02
0.350000,0.562500,2.038467e-02
0.362500,0.562500,2.067538e-02
0.375000,0.562500,2.096876e-02
0.387500,0.562500,2.126933e-02
0.400000,0.562500,2.158162e-02
0.412500,0.562500,2.191015e-02
0.425000,0.562500,2.225952e-02
0.437500,0.562500,2.264008e-02
0.450000,0.562500,2.307239e-02
0.462500,0.562500,2.357801e-02
0.475000,0.562500,2.417851e-02
0.487500,0.562500,2.489863e-02
0.500000,0.562500,2.576984e-02
0.512500,0.562500,3.471898e-02
0.525000,0.562500,4.260526e-02
0.537500,0.562500,4.960002e-02
0.550000,0.562500,5.579336e-02
0.562500,0.562500,6.127055e-02
0.575000,0.562500,6.611684e-02
0.587500,0.562500,7.041750e-02
0.600000,0.562500,7.424832e-02
0.612500,0.562500,7.764193e-02
0.625000,0.562500,8.061863e-02
0.637500,0.562500,8.319875e-02
0.650000,0.562500,8.540262e-02
0.662500,0.562500,8.725054e-02
0.675000,0.562500,8.876284e-02
0.687500,0.562500,8.995984e-02
0.700000,0.562500,9.086187e-02
0.712500,0.562500,9.148564e-02
0.725000,0.562500,9.183135e-02
0.737500,0.562500,9.189444e-02
0.750000,0.562500,9.167032e-02
0.762500,0.562500,9.115443e-02
0.775000,0.562500,9.034220e-02
0.787500,0.562500,8.922905e-02
0.800000,0.562500,8.781041e-02
0.812500,0.562500,8.608168e-02
0.825000,0.562500,8.403173e-02
0.837500,0.562500,8.163438e-02
0.850000,0.562500,7.886133e-02
0.862500,0.562500,7.568430e-02
0.875000,0.562500,7.207501e-02
0.887500,0.562500,6.800517e-02
0.900000,0.562500,6.344650e-02
0.912500,0.562500,5.836139e-02
0.925000,0.562500,5.266716e-02
0.937500,0.562500,4.626747e-02
0.950000,0.562500,3.906598e-02
0.962500,0.562500,3.096635e-02
0.975000,0.562500,2.187145e-02
0.987500,0.562500,1.162956e-02
1.000000,0.562500,0.000000e+00
0.000000,0.575000,0.000000e+00
0.012500,0.575000,1.791267e-03
0.025000,0.575000,3.434644e-03
0.037500,0.575000,4.949055e-03
0.050000,0.575000,6.353190e-03
0.062500,0.575000,7.659757e-03
0.075000,0.575000,8.875097e-03
0.087500,0.575000,1.000524e-02
0.100000,0.575000,1.105623e-02
0.112500,0.575000,1.203408e-02
0.125000,0.575000,1.294484e-02
0.137500,0.575000,1.379453e-02
0.150000,0.575000,1.458920e-02
0.162500,0.575000,1.533486e-02
0.175000,0.575000,1.603685e-02
0.187500,0.575000,1.669818e-02
0.200000,0.575000,1.732143e-02
0.212500,0.575000,1.790913e-02
0.225000,0.575000,1.846384e-02
0.237500,0.575000,1.898813e-02
0.250000,0.575000,1.948455e-02
0.262500,0.575000,1.995565e-02
0.275000,0.575000,2.040398e-02
0.287500,0.575000,2.083212e-02
0.300000,0.575000,2.124260e-02
0.312500,0.575000,2.163800e-02
0.325000,0.575000,2.202116e-02
0.337500,0.575000,2.239675e-02
0.350000,0.575000,2.277006e-02
0.362500,0.575000,2.314641e-02
0.375000,0.575000,2.353110e-02
0.387500,0.575000,2.392943e-02
0.400000,0.575000,2.434670e-02
0.412500,0.575000,2.478823e-02
0.425000,0.575000,2.525937e-02
0.437500,0.575000,2.577047e-02
0.450000,0.575000,2.634063e-02
0.462500,0.575000,2.698985e-02
0.475000,0.575000,2.773814e-02
0.487500,0.575000,2.860229e-02
0.500000,0.575000,2.959569e-02
0.512500,0.575000,3.971552e-02
0.525000,0.575000,4.872930e-02
0.537500,0.575000,5.676926e-02
0.550000,0.575000,6.392550e-02
0.562500,0.575000,7.028564e-02
0.575000,0.575000,7.593726e-02
0.587500,0.575000,8.096796e-02
0.600000,0.575000,8.545588e-02
0.612500,0.575000,8.943613e-02
0.625000,0.575000,9.293150e-02
0.637500,0.575000,9.596483e-02
0.650000,0.575000,9.855894e-02
0.662500,0.575000,1.007366e-01
0.675000,0.575000,1.025207e-01
0.687500,0.575000,1.039340e-01
0.700000,0.575000,1.049994e-01
0.712500,0.575000,1.057356e-01
0.725000,0.575000,1.061428e-01
0.737500,0.575000,1.062158e-01
0.750000,0.575000,1.059494e-01
0.762500,0.575000,1.053384e-01
0.775000,0.575000,1.043777e-01
0.787500,0.575000,1.030621e-01
0.800000,0.575000,1.013864e-01
0.812500,0.575000,9.934526e-02
0.825000,0.575000,9.692620e-02
0.837500,0.575000,9.409948e-02
0.850000,0.575000,9.083306e-02
0.862500,0.575000,8.709484e-02
0.875000,0.575000,8.285278e-02
0.887500,0.575000,7.807480e-02
0.900000,0.575000,7.272884e-02
0.912500,0.575000,6.677386e-02
0.925000,0.575000,6.012536e-02
0.937500,0.575000,5.268572e-02
0.950000,0.575000,4.435728e-02
0.962500,0.575000,3.504242e-02
0.975000,0.575000,2.464298e-02
0.987500,0.575000,1.302569e-02
1.000000,0.575000,0.000000e+00
0.000000,0.587500,0.000000e+00
0.012500,0.587500,1.911122e-03
0.025000,0.587500,3.673185e-03
0.037500,0.587500,5.303188e-03
0.050000,0.587500,6.817937e-03
0.062500,0.587500,8.229315e-03
0.075000,0.587500,9.543967e-03
0.087500,0.587500,1.076828e-02
0.100000,0.587500,1.190865e-02
0.112500,0.587500,1.297147e-02
0.125000,0.587500,1.396312e-02
0.137500,0.587500,1.489000e-02
0.150000,0.587500,1.575850e-02
0.162500,0.587500,1.657500e-02
0.175000,0.587500,1.734521e-02
0.187500,0.587500,1.807256e-02
0.200000,0.587500,1.876006e-02
0.212500,0.587500,1.941069e-02
0.225000,0.587500,2.002743e-02
0.237500,0.587500,2.061328e-02
0.250000,0.587500,2.117122e-02
0.262500,0.587500,2.170425e-02
0.275000,0.587500,2.221536e-02
0.287500,0.587500,2.270752e-02
0.300000,0.587500,2.318374e-02
0.312500,0.587500,2.364700e-02
0.325000,0.587500,2.410060e-02
0.337500,0.587500,2.454972e-02
0.350000,0.587500,2.500017e-02
0.362500,0.587500,2.545781e-02
0.375000,0.587500,2.592846e-02
0.387500,0.587500,2.641796e-02
0.400000,0.587500,2.693214e-02
0.412500,0.587500,2.747684e-02
0.425000,0.587500,2.805795e-02
0.437500,0.587500,2.868552e-02
0.450000,0.587500,2.937703e-02
0.462500,0.587500,3.015065e-02
0.475000,0.587500,3.102459e-02
0.487500,0.587500,3.201069e-02
0.500000,0.587500,3.311205e-02
0.512500,0.587500,4.425698e-02
0.525000,0.587500,5.426244e-02
0.537500,0.587500,6.323317e-02
0.550000,0.587500,7.125716e-02
0.562500,0.587500,7.842142e-02
0.575000,0.587500,8.481296e-02
0.587500,0.587500,9.051880e-02
0.600000,0.587500,9.561685e-02
0.612500,0.587500,1.001437e-01
0.625000,0.587500,1.041240e-01
0.637500,0.587500,1.075825e-01
0.650000,0.587500,1.105440e-01
0.662500,0.587500,1.130332e-01
0.675000,0.587500,1.150749e-01
0.687500,0.587500,1.166938e-01
0.700000,0.587500,1.179146e-01
0.712500,0.587500,1.187576e-01
0.725000,0.587500,1.192231e-01
0.737500,0.587500,1.193052e-01
0.750000,0.587500,1.189983e-01
0.762500,0.587500,1.182966e-01
0.775000,0.587500,1.171944e-01
0.787500,0.587500,1.156860e-01
0.800000,0.587500,1.137656e-01
0.812500,0.587500,1.114275e-01
0.825000,0.587500,1.086579e-01
0.837500,0.587500,1.054244e-01
0.850000,0.587500,1.016919e-01
0.862500,0.587500,9.742541e-02
0.875000,0.587500,9.258995e-02
0.887500,0.587500,8.715050e-02
0.900000,0.587500,8.107203e-02
0.912500,0.587500,7.431114e-02
0.925000,0.587500,6.678377e-02
0.937500,0.587500,5.839356e-02
0.950000,0.587500,4.904414e-02
0.962500,0.587500,3.863915e-02
0.975000,0.587500,2.708191e-02
0.987500,0.587500,1.425372e-02
1.000000,0.587500,0.000000e+00
0.000000,0.600000,0.000000e+00
0.012500,0.600000,2.017128e-03
0.025000,0.600000,3.884686e-03
0.037500,0.600000,5.618013e-03
0.050000,0.600000,7.232287e-03
0.062500,0.600000,8.738648e-03
0.075000,0.600000,1.014393e-02
0.087500,0.600000,1.145476e-02
0.100000,0.600000,1.267777e-02
0.112500,0.600000,1.381958e-02
0.125000,0.600000,1.488681e-02
0.137500,0.600000,1.588611e-02
0.150000,0.600000,1.682409e-02
0.162500,0.600000,1.770738e-02
0.175000,0.600000,1.854195e-02
0.187500,0.600000,1.933163e-02
0.200000,0.600000,2.007983e-02
0.212500,0.600000,2.078995e-02
0.225000,0.600000,2.146538e-02
0.237500,0.600000,2.210952e-02
0.250000,0.600000,2.272578e-02
0.262500,0.600000,2.331756e-02
0.275000,0.600000,2.388826e-02
0.287500,0.600000,2.444128e-02
0.300000,0.600000,2.498001e-02
0.312500,0.600000,2.550787e-02
0.325000,0.600000,2.602855e-02
0.337500,0.600000,2.654757e-02
0.350000,0.600000,2.707109e-02
0.362500,0.600000,2.760527e-02
0.375000,0.600000,2.815627e-02
0.387500,0.600000,2.873027e-02
0.400000,0.600000,2.933341e-02
0.412500,0.600000,2.997187e-02
0.425000,0.600000,3.065184e-02
0.437500,0.600000,3.138296e-02
0.450000,0.600000,3.218087e-02
0.462500,0.600000,3.306187e-02
0.475000,0.600000,3.404221e-02
0.487500,0.600000,3.513112e-02
0.500000,0.600000,3.632750e-02
0.512500,0.600000,4.836691e-02
0.525000,0.600000,5.924160e-02
0.537500,0.600000,6.903806e-02
0.550000,0.600000,7.784066e-02
0.562500,0.600000,8.573362e-02
0.575000,0.600000,9.280118e-02
0.587500,0.600000,9.912757e-02
0.600000,0.600000,1.047886e-01
0.612500,0.600000,1.098213e-01
0.625000,0.600000,1.142520e-01
0.637500,0.600000,1.181067e-01
0.650000,0.600000,1.214117e-01
0.662500,0.600000,1.241931e-01
0.675000,0.600000,1.264770e-01
0.687500,0.600000,1.282897e-01
0.700000,0.600000,1.296572e-01
0.712500,0.600000,1.306011e-01
0.725000,0.600000,1.311214e-01
0.737500,0.600000,1.312119e-01
0.750000,0.600000,1.308665e-01
0.762500,0.600000,1.300788e-01
0.775000,0.600000,1.288428e-01
0.787500,0.600000,1.271523e-01
0.800000,0.600000,1.250010e-01
0.812500,0.600000,1.223829e-01
0.825000,0.600000,1.192830e-01
0.837500,0.600000,1.156669e-01
0.850000,0.600000,1.114973e-01
0.862500,0.600000,1.067371e-01
0.875000,0.600000,1.013490e-01
0.887500,0.600000,9.529573e-02
0.900000,0.600000,8.854009e-02
0.912500,0.600000,8.103717e-02
0.925000,0.600000,7.270503e-02
0.937500,0.600000,6.345049e-02
0.950000,0.600000,5.318038e-02
0.962500,0.600000,4.180151e-02
0.975000,0.600000,2.922052e-02
0.987500,0.600000,1.533005e-02
1.000000,0.600000,0.000000e+00
0.000000,0.612500,0.000000e+00
0.012500,0.612500,2.110517e-03
0.025000,0.612500,4.071413e-03
0.037500,0.612500,5.896615e-03
0.050000,0.612500,7.599918e-03
0.062500,0.612500,9.191798e-03
0.075000,0.612500,1.067920e-02
0.087500,0.612500,1.206889e-02
0.100000,0.612500,1.336763e-02
0.112500,0.612500,1.458221e-02
0.125000,0.612500,1.571939e-02
0.137500,0.612500,1.678594e-02
0.150000,0.612500,1.778864e-02
0.162500,0.612500,1.873424e-02
0.175000,0.612500,1.962892e-02
0.187500,0.612500,2.047687e-02
0.200000,0.612500,2.128185e-02
0.212500,0.612500,2.204767e-02
0.225000,0.612500,2.277810e-02
0.237500,0.612500,2.347692e-02
0.250000,0.612500,2.414793e-02
0.262500,0.612500,2.479491e-02
0.275000,0.612500,2.542165e-02
0.287500,0.612500,2.603192e-02
0.300000,0.612500,2.662951e-02
0.312500,0.612500,2.721821e-02
0.325000,0.612500,2.780208e-02
0.337500,0.612500,2.838686e-02
0.350000,0.612500,2.897888e-02
0.362500,0.612500,2.958447e-02
0.375000,0.612500,3.020996e-02
0.387500,0.612500,3.086169e-02
0.400000,0.612500,3.154599e-02
0.412500,0.612500,3.226919e-02
0.425000,0.612500,3.303766e-02
0.437500,0.612500,3.386047e-02
0.450000,0.612500,3.475147e-02
0.462500,0.612500,3.572499e-02
0.475000,0.612500,3.679537e-02
0.487500,0.612500,3.797092e-02
0.500000,0.612500,3.925059e-02
0.512500,0.612500,5.206888e-02
0.525000,0.612500,6.370367e-02
0.537500,0.612500,7.423026e-02
0.550000,0.612500,8.372836e-02
0.562500,0.612500,9.227799e-02
0.575000,0.612500,9.995915e-02
0.587500,0.612500,1.068518e-01
0.600000,0.612500,1.130283e-01
0.612500,0.612500,1.185258e-01
0.625000,0.612500,1.233715e-01
0.637500,0.612500,1.275924e-01
0.650000,0.612500,1.312158e-01
0.662500,0.612500,1.342689e-01
0.675000,0.612500,1.367787e-01
0.687500,0.612500,1.387724e-01
0.700000,0.612500,1.402772e-01
0.712500,0.612500,1.413154e-01
0.725000,0.612500,1.418869e-01
0.737500,0.612500,1.419850e-01
0.750000,0.612500,1.416032e-01
0.762500,0.612500,1.407350e-01
0.775000,0.612500,1.393737e-01
0.787500,0.612500,1.375127e-01
0.800000,0.612500,1.351456e-01
0.812500,0.612500,1.322656e-01
0.825000,0.612500,1.288573e-01
0.837500,0.612500,1.248847e-01
0.850000,0.612500,1.203089e-01
0.862500,0.612500,1.150910e-01
0.875000,0.612500,1.091924e-01
0.887500,0.612500,1.025740e-01
0.900000,0.612500,9.519705e-02
0.912500,0.612500,8.701590e-02
0.925000,0.612500,7.795179e-02
0.937500,0.612500,6.791600e-02
0.950000,0.612500,5.681979e-02
0.962500,0.612500,4.457444e-02
0.975000,0.612500,3.109107e-02
0.987500,0.612500,1.627108e-02
1.000000,0.612500,0.000000e+00
0.000000,0.625000,0.000000e+00
0.012500,0.625000,2.192522e-03
0.025000,0.625000,4.235633e-03
0.037500,0.625000,6.142081e-03
0.050000,0.625000,7.924504e-03
0.062500,0.625000,9.592806e-03
0.075000,0.625000,1.115398e-02
0.087500,0.625000,1.261487e-02
0.100000,0.625000,1.398232e-02
0.112500,0.625000,1.526320e-02
0.125000,0.625000,1.646433e-02
0.137500,0.625000,1.759259e-02
0.150000,0.625000,1.865481e-02
0.162500,0.625000,1.965784e-02
0.175000,0.625000,2.060798e-02
0.187500,0.625000,2.150973e-02
0.200000,0.625000,2.236723e-02
0.212500,0.625000,2.318461e-02
0.225000,0.625000,2.396600e-02
0.237500,0.625000,2.471555e-02
0.250000,0.625000,2.543738e-02
0.262500,0.625000,2.613564e-02
0.275000,0.625000,2.681446e-02
0.287500,0.625000,2.747797e-02
0.300000,0.625000,2.813032e-02
0.312500,0.625000,2.877563e-02
0.325000,0.625000,2.941829e-02
0.337500,0.625000,3.006417e-02
0.350000,0.625000,3.071964e-02
0.362500,0.625000,3.139111e-02
0.375000,0.625000,3.208496e-02
0.387500,0.625000,3.280758e-02
0.400000,0.625000,3.356536e-02
0.412500,0.625000,3.436470e-02
0.425000,0.625000,3.521201e-02
0.437500,0.625000,3.611577e-02
0.450000,0.625000,3.708810e-02
0.462500,0.625000,3.814150e-02
0.475000,0.625000,3.928845e-02
0.487500,0.625000,4.053738e-02
0.500000,0.625000,4.188987e-02
0.512500,0.625000,5.538646e-02
0.525000,0.625000,6.768556e-02
0.537500,0.625000,7.885606e-02
0.550000,0.625000,8.897261e-02
0.562500,0.625000,9.811026e-02
0.575000,0.625000,1.063441e-01
0.587500,0.625000,1.137491e-01
0.600000,0.625000,1.203935e-01
0.612500,0.625000,1.263140e-01
0.625000,0.625000,1.315385e-01
0.637500,0.625000,1.360947e-01
0.650000,0.625000,1.400104e-01
0.662500,0.625000,1.433134e-01
0.675000,0.625000,1.460316e-01
0.687500,0.625000,1.481927e-01
0.700000,0.625000,1.498245e-01
0.712500,0.625000,1.509499e-01
0.725000,0.625000,1.515686e-01
0.737500,0.625000,1.516736e-01
0.750000,0.625000,1.512580e-01
0.762500,0.625000,1.503150e-01
0.775000,0.625000,1.488376e-01
0.787500,0.625000,1.468190e-01
0.800000,0.625000,1.442521e-01
0.812500,0.625000,1.411301e-01
0.825000,0.625000,1.374370e-01
0.837500,0.625000,1.331356e-01
0.850000,0.625000,1.281860e-01
0.862500,0.625000,1.225483e-01
0.875000,0.625000,1.161825e-01
0.887500,0.625000,1.090487e-01
0.900000,0.625000,1.011069e-01
0.912500,0.625000,9.231124e-02
0.925000,0.625000,8.258667e-02
0.937500,0.625000,7.184956e-02
0.950000,0.625000,6.001621e-02
0.962500,0.625000,4.700291e-02
0.975000,0.625000,3.272585e-02
0.987500,0.625000,1.709320e-02
1.000000,0.625000,0.000000e+00
0.000000,0.637500,0.000000e+00
0.012500,0.637500,2.264374e-03
0.025000,0.637500,4.379612e-03
0.037500,0.637500,6.357497e-03
0.050000,0.637500,8.209723e-03
0.062500,0.637500,9.945715e-03
0.075000,0.637500,1.157248e-02
0.087500,0.637500,1.309691e-02
0.100000,0.637500,1.452590e-02
0.112500,0.637500,1.586634e-02
0.125000,0.637500,1.712512e-02
0.137500,0.637500,1.830913e-02
0.150000,0.637500,1.942526e-02
0.162500,0.637500,2.048041e-02
0.175000,0.637500,2.148096e-02
0.187500,0.637500,2.243170e-02
0.200000,0.637500,2.333707e-02
0.212500,0.637500,2.420153e-02
0.225000,0.637500,2.502951e-02
0.237500,0.637500,2.582546e-02
0.250000,0.637500,2.659384e-02
0.262500,0.637500,2.733908e-02
0.275000,0.637500,2.806565e-02
0.287500,0.637500,2.877798e-02
0.300000,0.637500,2.948052e-02
0.312500,0.637500,3.017773e-02
0.325000,0.637500,3.087426e-02
0.337500,0.637500,3.157604e-02
0.350000,0.637500,3.228945e-02
0.362500,0.637500,3.302087e-02
0.375000,0.637500,3.377668e-02
0.387500,0.637500,3.456326e-02
0.400000,0.637500,3.538701e-02
0.412500,0.637500,3.625428e-02
0.425000,0.637500,3.717150e-02
0.437500,0.637500,3.814657e-02
0.450000,0.637500,3.919007e-02
0.462500,0.637500,4.031286e-02
0.475000,0.637500,4.152580e-02
0.487500,0.637500,4.283782e-02
0.500000,0.637500,4.425391e-02
0.512500,0.637500,5.834320e-02
0.525000,0.637500,7.122419e-02
0.537500,0.637500,8.296178e-02
0.550000,0.637500,9.362573e-02
0.562500,0.637500,1.032862e-01
0.575000,0.637500,1.120132e-01
0.587500,0.637500,1.198770e-01
0.600000,0.637500,1.269414e-01
0.612500,0.637500,1.332427e-01
0.625000,0.637500,1.388089e-01
0.637500,0.637500,1.436683e-01
0.650000,0.637500,1.478491e-01
0.662500,0.637500,1.513794e-01
0.675000,0.637500,1.542873e-01
0.687500,0.637500,1.566011e-01
0.700000,0.637500,1.583490e-01
0.712500,0.637500,1.595539e-01
0.725000,0.637500,1.602156e-01
0.737500,0.637500,1.603267e-01
0.750000,0.637500,1.598802e-01
0.762500,0.637500,1.588688e-01
0.775000,0.637500,1.572853e-01
0.787500,0.637500,1.551227e-01
0.800000,0.637500,1.523736e-01
0.812500,0.637500,1.490308e-01
0.825000,0.637500,1.450780e-01
0.837500,0.637500,1.404774e-01
0.850000,0.637500,1.351883e-01
0.862500,0.637500,1.291700e-01
0.875000,0.637500,1.223820e-01
0.887500,0.637500,1.147835e-01
0.900000,0.637500,1.063338e-01
0.912500,0.637500,9.698713e-02
0.925000,0.637500,8.667233e-02
0.937500,0.637500,7.531067e-02
0.950000,0.637500,6.282343e-02
0.962500,0.637500,4.913187e-02
0.975000,0.637500,3.415714e-02
0.987500,0.637500,1.781280e-02
1.000000,0.637500,0.000000e+00
0.000000,0.650000,0.000000e+00
0.012500,0.650000,2.327189e-03
0.025000,0.650000,4.505406e-03
0.037500,0.650000,6.545669e-03
0.050000,0.650000,8.458921e-03
0.062500,0.650000,1.025421e-02
0.075000,0.650000,1.193855e-02
0.087500,0.650000,1.351886e-02
0.100000,0.650000,1.500208e-02
0.112500,0.650000,1.639513e-02
0.125000,0.650000,1.770491e-02
0.137500,0.650000,1.893837e-02
0.150000,0.650000,2.010243e-02
0.162500,0.650000,2.120400e-02
0.175000,0.650000,2.224955e-02
0.187500,0.650000,2.324411e-02
0.200000,0.650000,2.419239e-02
0.212500,0.650000,2.509910e-02
0.225000,0.650000,2.596896e-02
0.237500,0.650000,2.680669e-02
0.250000,0.650000,2.761699e-02
0.262500,0.650000,2.840459e-02
0.275000,0.650000,2.917421e-02
0.287500,0.650000,2.993055e-02
0.300000,0.650000,3.067834e-02
0.312500,0.650000,3.142228e-02
0.325000,0.650000,3.216729e-02
0.337500,0.650000,3.291931e-02
0.350000,0.650000,3.368469e-02
0.362500,0.650000,3.446979e-02
0.375000,0.650000,3.528094e-02
0.387500,0.650000,3.612450e-02
0.400000,0.650000,3.700681e-02
0.412500,0.650000,3.793422e-02
0.425000,0.650000,3.891308e-02
0.437500,0.650000,3.995083e-02
0.450000,0.650000,4.105679e-02
0.462500,0.650000,4.224050e-02
0.475000,0.650000,4.351147e-02
0.487500,0.650000,4.487894e-02
0.500000,0.650000,4.635055e-02
0.512500,0.650000,6.096066e-02
0.525000,0.650000,7.435328e-02
0.537500,0.650000,8.658979e-02
0.550000,0.650000,9.773573e-02
0.562500,0.650000,1.078569e-01
0.575000,0.650000,1.170192e-01
0.587500,0.650000,1.252885e-01
0.600000,0.650000,1.327250e-01
0.612500,0.650000,1.393643e-01
0.625000,0.650000,1.452347e-01
0.637500,0.650000,1.503645e-01
0.650000,0.650000,1.547821e-01
0.662500,0.650000,1.585159e-01
0.675000,0.650000,1.615940e-01
0.687500,0.650000,1.640450e-01
0.700000,0.650000,1.658971e-01
0.712500,0.650000,1.671736e-01
0.725000,0.650000,1.678738e-01
0.737500,0.650000,1.679903e-01
0.750000,0.650000,1.675158e-01
0.762500,0.650000,1.664429e-01
0.775000,0.650000,1.647640e-01
0.787500,0.650000,1.624719e-01
0.800000,0.650000,1.595592e-01
0.812500,0.650000,1.560182e-01
0.825000,0.650000,1.518324e-01
0.837500,0.650000,1.469637e-01
0.850000,0.650000,1.413708e-01
0.862500,0.650000,1.350128e-01
0.875000,0.650000,1.278485e-01
0.887500,0.650000,1.198369e-01
0.900000,0.650000,1.109367e-01
0.912500,0.650000,1.011025e-01
0.925000,0.650000,9.026632e-02
0.937500,0.650000,7.835388e-02
0.950000,0.650000,6.529072e-02
0.962500,0.650000,5.100240e-02
0.975000,0.650000,3.541440e-02
0.987500,0.650000,1.844486e-02
1.000000,0.650000,0.000000e+00
0.000000,0.662500,0.000000e+00
0.012500,0.662500,2.381327e-03
0.025000,0.662500,4.613707e-03
0.037500,0.662500,6.707571e-03
0.050000,0.662500,8.673290e-03
0.062500,0.662500,1.051962e-02
0.075000,0.662500,1.225359e-02
0.087500,0.662500,1.388216e-02
0.100000,0.662500,1.541227e-02
0.112500,0.662500,1.685089e-02
0.125000,0.662500,1.820496e-02
0.137500,0.662500,1.948143e-02
0.150000,0.662500,2.068725e-02
0.162500,0.662500,2.182939e-02
0.175000,0.662500,2.291437e-02
0.187500,0.662500,2.394741e-02
0.200000,0.662500,2.493346e-02
0.212500,0.662500,2.587745e-02
0.225000,0.662500,2.678432e-02
0.237500,0.662500,2.765901e-02
0.250000,0.662500,2.850646e-02
0.262500,0.662500,2.933162e-02
0.275000,0.662500,3.013942e-02
0.287500,0.662500,3.093481e-02
0.300000,0.662500,3.172272e-02
0.312500,0.662500,3.250810e-02
0.325000,0.662500,3.329604e-02
0.337500,0.662500,3.409251e-02
0.350000,0.662500,3.490382e-02
0.362500,0.662500,3.573626e-02
0.375000,0.662500,3.659614e-02
0.387500,0.662500,3.748974e-02
0.400000,0.662500,3.842338e-02
0.412500,0.662500,3.940335e-02
0.425000,0.662500,4.043595e-02
0.437500,0.662500,4.152824e-02
0.450000,0.662500,4.268857e-02
0.462500,0.662500,4.392543e-02
0.475000,0.662500,4.524731e-02
0.487500,0.662500,4.666348e-02
0.500000,0.662500,4.818305e-02
0.512500,0.662500,6.324721e-02
0.525000,0.662500,7.708589e-02
0.537500,0.662500,8.975686e-02
0.550000,0.662500,1.013222e-01
0.562500,0.662500,1.118442e-01
0.575000,0.662500,1.213854e-01
0.587500,0.662500,1.300079e-01
0.600000,0.662500,1.377693e-01
0.612500,0.662500,1.447044e-01
0.625000,0.662500,1.508414e-01
0.637500,0.662500,1.562088e-01
0.650000,0.662500,1.608349e-01
0.662500,0.662500,1.647481e-01
0.675000,0.662500,1.679766e-01
0.687500,0.662500,1.705490e-01
0.700000,0.662500,1.724934e-01
0.712500,0.662500,1.738331e-01
0.725000,0.662500,1.745674e-01
0.737500,0.662500,1.746887e-01
0.750000,0.662500,1.741894e-01
0.762500,0.662500,1.730619e-01
0.775000,0.662500,1.712987e-01
0.787500,0.662500,1.688921e-01
0.800000,0.662500,1.658346e-01
0.812500,0.662500,1.621185e-01
0.825000,0.662500,1.577269e-01
0.837500,0.662500,1.526216e-01
0.850000,0.662500,1.467612e-01
0.862500,0.662500,1.401044e-01
0.875000,0.662500,1.326099e-01
0.887500,0.662500,1.242364e-01
0.900000,0.662500,1.149426e-01
0.912500,0.662500,1.046832e-01
0.925000,0.662500,9.339314e-02
0.937500,0.662500,8.100160e-02
0.950000,0.662500,6.743764e-02
0.962500,0.662500,5.263037e-02
0.975000,0.662500,3.650879e-02
0.987500,0.662500,1.899502e-02
1.000000,0.662500,0.000000e+00
0.000000,0.675000,0.000000e+00
0.012500,0.675000,2.426842e-03
0.025000,0.675000,4.704658e-03
0.037500,0.675000,6.843450e-03
0.050000,0.675000,8.853166e-03
0.062500,0.675000,1.074235e-02
0.075000,0.675000,1.251806e-02
0.087500,0.675000,1.418727e-02
0.100000,0.675000,1.575695e-02
0.112500,0.675000,1.723410e-02
0.125000,0.675000,1.862568e-02
0.137500,0.675000,1.993868e-02
0.150000,0.675000,2.118008e-02
0.162500,0.675000,2.235685e-02
0.175000,0.675000,2.347560e-02
0.187500,0.675000,2.454170e-02
0.200000,0.675000,2.556028e-02
0.212500,0.675000,2.653645e-02
0.225000,0.675000,2.747536e-02
0.237500,0.675000,2.838211e-02
0.250000,0.675000,2.926183e-02
0.262500,0.675000,3.011965e-02
0.275000,0.675000,3.096070e-02
0.287500,0.675000,3.179010e-02
0.300000,0.675000,3.261297e-02
0.312500,0.675000,3.343443e-02
0.325000,0.675000,3.425975e-02
0.337500,0.675000,3.509489e-02
0.350000,0.675000,3.594609e-02
0.362500,0.675000,3.681960e-02
0.375000,0.675000,3.772167e-02
0.387500,0.675000,3.865852e-02
0.400000,0.675000,3.963640e-02
0.412500,0.675000,4.066156e-02
0.425000,0.675000,4.174025e-02
0.437500,0.675000,4.287920e-02
0.450000,0.675000,4.408605e-02
0.462500,0.675000,4.536853e-02
0.475000,0.675000,4.673435e-02
0.487500,0.675000,4.819254e-02
0.500000,0.675000,4.975281e-02
0.512500,0.675000,6.520597e-02
0.525000,0.675000,7.942679e-02
0.537500,0.675000,9.246949e-02
0.550000,0.675000,1.043933e-01
0.562500,0.675000,1.152580e-01
0.575000,0.675000,1.251230e-01
0.587500,0.675000,1.340480e-01
0.600000,0.675000,1.420881e-01
0.612500,0.675000,1.492774e-01
0.625000,0.675000,1.556441e-01
0.637500,0.675000,1.612166e-01
0.650000,0.675000,1.660231e-01
0.662500,0.675000,1.700918e-01
0.675000,0.675000,1.734509e-01
0.687500,0.675000,1.761287e-01
0.700000,0.675000,1.781535e-01
0.712500,0.675000,1.795483e-01
0.725000,0.675000,1.803122e-01
0.737500,0.675000,1.804376e-01
0.750000,0.675000,1.799167e-01
0.762500,0.675000,1.787418e-01
0.775000,0.675000,1.769052e-01
0.787500,0.675000,1.743991e-01
0.800000,0.675000,1.712159e-01
0.812500,0.675000,1.673478e-01
0.825000,0.675000,1.627778e-01
0.837500,0.675000,1.574675e-01
0.850000,0.675000,1.513756e-01
0.862500,0.675000,1.444607e-01
0.875000,0.675000,1.366817e-01
0.887500,0.675000,1.279970e-01
0.900000,0.675000,1.183655e-01
0.912500,0.675000,1.077421e-01
0.925000,0.675000,9.606409e-02
0.937500,0.675000,8.326340e-02
0.950000,0.675000,6.927192e-02
0.962500,0.675000,5.402157e-02
0.975000,0.675000,3.744416e-02
0.987500,0.675000,1.946521e-02
1.000000,0.675000,0.000000e+00
0.000000,0.687500,0.000000e+00
0.012500,0.687500,2.463790e-03
0.025000,0.687500,4.778403e-03
0.037500,0.687500,6.953545e-03
0.050000,0.687500,8.998878e-03
0.062500,0.687500,1.092280e-02
0.075000,0.687500,1.273240e-02
0.087500,0.687500,1.443466e-02
0.100000,0.687500,1.603660e-02
0.112500,0.687500,1.754523e-02
0.125000,0.687500,1.896754e-02
0.137500,0.687500,2.031055e-02
0.150000,0.687500,2.158125e-02
0.162500,0.687500,2.278667e-02
0.175000,0.687500,2.393344e-02
0.187500,0.687500,2.502707e-02
0.200000,0.687500,2.607284e-02
0.212500,0.687500,2.707602e-02
0.225000,0.687500,2.804187e-02
0.237500,0.687500,2.897566e-02
0.250000,0.687500,2.988268e-02
0.262500,0.687500,3.076818e-02
0.275000,0.687500,3.163745e-02
0.287500,0.687500,3.249574e-02
0.300000,0.687500,3.334834e-02
0.312500,0.687500,3.420051e-02
0.325000,0.687500,3.505762e-02
0.337500,0.687500,3.592565e-02
0.350000,0.687500,3.681076e-02
0.362500,0.687500,3.771913e-02
0.375000,0.687500,3.865693e-02
0.387500,0.687500,3.963035e-02
0.400000,0.687500,4.064557e-02
0.412500,0.687500,4.170875e-02
0.425000,0.687500,4.282608e-02
0.437500,0.687500,4.400408e-02
0.450000,0.687500,4.524987e-02
0.462500,0.687500,4.657064e-02
0.475000,0.687500,4.797357e-02
0.487500,0.687500,4.946727e-02
0.500000,0.687500,5.106125e-02
0.512500,0.687500,6.684005e-02
0.525000,0.687500,8.138076e-02
0.537500,0.687500,9.473417e-02
0.550000,0.687500,1.069574e-01
0.562500,0.687500,1.181080e-01
0.575000,0.687500,1.282435e-01
0.587500,0.687500,1.374213e-01
0.600000,0.687500,1.456949e-01
0.612500,0.687500,1.530977e-01
0.625000,0.687500,1.596578e-01
0.637500,0.687500,1.654033e-01
0.650000,0.687500,1.703622e-01
0.662500,0.687500,1.745626e-01
0.675000,0.687500,1.780325e-01
0.687500,0.687500,1.808000e-01
0.700000,0.687500,1.828931e-01
0.712500,0.687500,1.843347e-01
0.725000,0.687500,1.851238e-01
0.737500,0.687500,1.852527e-01
0.750000,0.687500,1.847135e-01
0.762500,0.687500,1.834984e-01
0.775000,0.687500,1.815995e-01
0.787500,0.687500,1.790092e-01
0.800000,0.687500,1.757195e-01
0.812500,0.687500,1.717226e-01
0.825000,0.687500,1.670014e-01
0.837500,0.687500,1.615177e-01
0.850000,0.687500,1.552303e-01
0.862500,0.687500,1.480980e-01
0.875000,0.687500,1.400796e-01
0.887500,0.687500,1.311338e-01
0.900000,0.687500,1.212194e-01
0.912500,0.687500,1.102920e-01
0.925000,0.687500,9.829042e-02
0.937500,0.687500,8.514880e-02
0.950000,0.687500,7.080122e-02
0.962500,0.687500,5.518173e-02
0.975000,0.687500,3.822433e-02
0.987500,0.687500,1.985735e-02
1.000000,0.687500,0.000000e+00
0.000000,0.700000,0.000000e+00
0.012500,0.700000,2.492226e-03
0.025000,0.700000,4.835084e-03
0.037500,0.700000,7.038101e-03
0.050000,0.700000,9.110758e-03
0.062500,0.700000,1.106138e-02
0.075000,0.700000,1.289705e-02
0.087500,0.700000,1.462481e-02
0.100000,0.700000,1.625170e-02
0.112500,0.700000,1.778474e-02
0.125000,0.700000,1.923096e-02
0.137500,0.700000,2.059741e-02
0.150000,0.700000,2.189111e-02
0.162500,0.700000,2.311910e-02
0.175000,0.700000,2.428807e-02
0.187500,0.700000,2.540362e-02
0.200000,0.700000,2.647115e-02
0.212500,0.700000,2.749602e-02
0.225000,0.700000,2.848364e-02
0.237500,0.700000,2.943936e-02
0.250000,0.700000,3.036859e-02
0.262500,0.700000,3.127669e-02
0.275000,0.700000,3.216906e-02
0.287500,0.700000,3.305108e-02
0.300000,0.700000,3.392812e-02
0.312500,0.700000,3.480557e-02
0.325000,0.700000,3.568890e-02
0.337500,0.700000,3.658403e-02
0.350000,0.700000,3.749708e-02
0.362500,0.700000,3.843415e-02
0.375000,0.700000,3.940135e-02
0.387500,0.700000,4.040479e-02
0.400000,0.700000,4.145056e-02
0.412500,0.700000,4.254478e-02
0.425000,0.700000,4.369357e-02
0.437500,0.700000,4.490326e-02
0.450000,0.700000,4.618067e-02
0.462500,0.700000,4.753263e-02
0.475000,0.700000,4.896599e-02
0.487500,0.700000,5.048878e-02
0.500000,0.700000,5.210977e-02
0.512500,0.700000,6.815254e-02
0.525000,0.700000,8.295255e-02
0.537500,0.700000,9.655739e-02
0.550000,0.700000,1.090226e-01
0.562500,0.700000,1.204042e-01
0.575000,0.700000,1.307582e-01
0.587500,0.700000,1.401406e-01
0.600000,0.700000,1.486034e-01
0.612500,0.700000,1.561798e-01
0.625000,0.700000,1.628974e-01
0.637500,0.700000,1.687841e-01
0.650000,0.700000,1.738678e-01
0.662500,0.700000,1.781762e-01
0.675000,0.700000,1.817371e-01
0.687500,0.700000,1.845784e-01
0.700000,0.700000,1.867278e-01
0.712500,0.700000,1.882080e-01
0.725000,0.700000,1.890179e-01
0.737500,0.700000,1.891498e-01
0.750000,0.700000,1.885956e-01
0.762500,0.700000,1.873476e-01
0.775000,0.700000,1.853978e-01
0.787500,0.700000,1.827383e-01
0.800000,0.700000,1.793614e-01
0.812500,0.700000,1.752590e-01
0.825000,0.700000,1.704141e-01
0.837500,0.700000,1.647887e-01
0.850000,0.700000,1.583417e-01
0.862500,0.700000,1.510322e-01
0.875000,0.700000,1.428191e-01
0.887500,0.700000,1.336616e-01
0.900000,0.700000,1.235185e-01
0.912500,0.700000,1.123456e-01
0.925000,0.700000,1.000834e-01
0.937500,0.700000,8.666736e-02
0.950000,0.700000,7.203323e-02
0.962500,0.700000,5.611663e-02
0.975000,0.700000,3.885312e-02
0.987500,0.700000,2.017336e-02
1.000000,0.700000,0.000000e+00
0.000000,0.712500,0.000000e+00
0.012500,0.712500,2.512203e-03
0.025000,0.712500,4.874845e-03
0.037500,0.712500,7.097359e-03
0.050000,0.712500,9.189136e-03
0.062500,0.712500,1.115847e-02
0.075000,0.712500,1.301247e-02
0.087500,0.712500,1.475820e-02
0.100000,0.712500,1.640272e-02
0.112500,0.712500,1.795311e-02
0.125000,0.712500,1.941640e-02
0.137500,0.712500,2.079968e-02
0.150000,0.712500,2.211000e-02
0.162500,0.712500,2.335442e-02
0.175000,0.712500,2.453967e-02
0.187500,0.712500,2.567144e-02
0.200000,0.712500,2.675519e-02
0.212500,0.712500,2.779637e-02
0.225000,0.712500,2.880045e-02
0.237500,0.712500,2.977288e-02
0.250000,0.712500,3.071914e-02
0.262500,0.712500,3.164468e-02
0.275000,0.712500,3.255496e-02
0.287500,0.712500,3.345544e-02
0.300000,0.712500,3.435159e-02
0.312500,0.712500,3.524886e-02
0.325000,0.712500,3.615279e-02
0.337500,0.712500,3.706926e-02
0.350000,0.712500,3.800432e-02
0.362500,0.712500,3.896400e-02
0.375000,0.712500,3.995433e-02
0.387500,0.712500,4.098134e-02
0.400000,0.712500,4.205107e-02
0.412500,0.712500,4.316956e-02
0.425000,0.712500,4.434283e-02
0.437500,0.712500,4.557714e-02
0.450000,0.712500,4.687910e-02
0.462500,0.712500,4.825537e-02
0.475000,0.712500,4.971261e-02
0.487500,0.712500,5.125819e-02
0.500000,0.712500,5.289977e-02
0.512500,0.712500,6.914655e-02
0.525000,0.712500,8.414692e-02
0.537500,0.712500,9.794562e-02
0.550000,0.712500,1.105971e-01
0.562500,0.712500,1.221564e-01
0.575000,0.712500,1.326785e-01
0.587500,0.712500,1.422186e-01
0.600000,0.712500,1.508275e-01
0.612500,0.712500,1.585381e-01
0.625000,0.712500,1.653779e-01
0.637500,0.712500,1.713745e-01
0.650000,0.712500,1.765555e-01
0.662500,0.712500,1.809482e-01
0.675000,0.712500,1.845804e-01
0.687500,0.712500,1.874796e-01
0.700000,0.712500,1.896732e-01
0.712500,0.712500,1.911838e-01
0.725000,0.712500,1.920102e-01
0.737500,0.712500,1.921445e-01
0.750000,0.712500,1.915788e-01
0.762500,0.712500,1.903052e-01
0.775000,0.712500,1.883158e-01
0.787500,0.712500,1.856026e-01
0.800000,0.712500,1.821577e-01
0.812500,0.712500,1.779732e-01
0.825000,0.712500,1.730322e-01
0.837500,0.712500,1.672967e-01
0.850000,0.712500,1.607260e-01
0.862500,0.712500,1.532793e-01
0.875000,0.712500,1.449161e-01
0.887500,0.712500,1.355954e-01
0.900000,0.712500,1.252765e-01
0.912500,0.712500,1.139157e-01
0.925000,0.712500,1.014542e-01
0.937500,0.712500,8.782858e-02
0.950000,0.712500,7.297562e-02
0.962500,0.712500,5.683200e-02
0.975000,0.712500,3.933436e-02
0.987500,0.712500,2.041515e-02
1.000000,0.712500,0.000000e+00
0.000000,0.725000,0.000000e+00
0.012500,0.725000,2.523778e-03
0.025000,0.725000,4.897829e-03
0.037500,0.725000,7.131562e-03
0.050000,0.725000,9.234344e-03
0.062500,0.725000,1.121447e-02
0.075000,0.725000,1.307908e-02
0.087500,0.725000,1.483528e-02
0.100000,0.725000,1.649015e-02
0.112500,0.725000,1.805080e-02
0.125000,0.725000,1.952430e-02
0.137500,0.725000,2.091776e-02
0.150000,0.725000,2.223826e-02
0.162500,0.725000,2.349290e-02
0.175000,0.725000,2.468845e-02
0.187500,0.725000,2.583064e-02
0.200000,0.725000,2.692496e-02
0.212500,0.725000,2.797694e-02
0.225000,0.725000,2.899209e-02
0.237500,0.725000,2.997591e-02
0.250000,0.725000,3.093392e-02
0.262500,0.725000,3.187162e-02
0.275000,0.725000,3.279453e-02
0.287500,0.725000,3.370816e-02
0.300000,0.725000,3.461802e-02
0.312500,0.725000,3.552962e-02
0.325000,0.725000,3.644852e-02
0.337500,0.725000,3.738057e-02
0.350000,0.725000,3.833174e-02
0.362500,0.725000,3.930799e-02
0.375000,0.725000,4.031527e-02
0.387500,0.725000,4.135955e-02
0.400000,0.725000,4.244679e-02
0.412500,0.725000,4.358295e-02
0.425000,0.725000,4.477399e-02
0.437500,0.725000,4.602608e-02
0.450000,0.725000,4.734579e-02
0.462500,0.725000,4.873971e-02
0.475000,0.725000,5.021442e-02
0.487500,0.725000,5.177665e-02
0.500000,0.725000,5.343266e-02
0.512500,0.725000,6.982518e-02
0.525000,0.725000,8.496864e-02
0.537500,0.725000,9.890536e-02
0.550000,0.725000,1.116891e-01
0.562500,0.725000,1.233745e-01
0.575000,0.725000,1.340159e-01
0.587500,0.725000,1.436678e-01
0.600000,0.725000,1.523807e-01
0.612500,0.725000,1.601872e-01
0.625000,0.725000,1.671145e-01
0.637500,0.725000,1.731899e-01
0.650000,0.725000,1.784408e-01
0.662500,0.725000,1.828944e-01
0.675000,0.725000,1.865782e-01
0.687500,0.725000,1.895193e-01
0.700000,0.725000,1.917451e-01
0.712500,0.725000,1.932778e-01
0.725000,0.725000,1.941164e-01
0.737500,0.725000,1.942527e-01
0.750000,0.725000,1.936790e-01
0.762500,0.725000,1.923872e-01
0.775000,0.725000,1.903695e-01
0.787500,0.725000,1.876180e-01
0.800000,0.725000,1.841247e-01
0.812500,0.725000,1.798817e-01
0.825000,0.725000,1.748720e-01
0.837500,0.725000,1.690581e-01
0.850000,0.725000,1.623994e-01
0.862500,0.725000,1.548555e-01
0.875000,0.725000,1.463859e-01
0.887500,0.725000,1.369501e-01
0.900000,0.725000,1.265077e-01
0.912500,0.725000,1.150151e-01
0.925000,0.725000,1.024141e-01
0.937500,0.725000,8.864201e-02
0.950000,0.725000,7.363607e-02
0.962500,0.725000,5.733360e-02
0.975000,0.725000,3.967186e-02
0.987500,0.725000,2.058463e-02
1.000000,0.725000,0.000000e+00
0.000000,0.737500,0.000000e+00
0.012500,0.737500,2.527005e-03
0.025000,0.737500,4.904178e-03
0.037500,0.737500,7.140951e-03
0.050000,0.737500,9.246713e-03
0.062500,0.737500,1.122979e-02
0.075000,0.737500,1.309735e-02
0.087500,0.737500,1.485654e-02
0.100000,0.737500,1.651447e-02
0.112500,0.737500,1.807828e-02
0.125000,0.737500,1.955509e-02
0.137500,0.737500,2.095203e-02
0.150000,0.737500,2.227623e-02
0.162500,0.737500,2.353482e-02
0.175000,0.737500,2.473459e-02
0.187500,0.737500,2.588129e-02
0.200000,0.737500,2.698046e-02
0.212500,0.737500,2.803764e-02
0.225000,0.737500,2.905835e-02
0.237500,0.737500,3.004812e-02
0.250000,0.737500,3.101250e-02
0.262500,0.737500,3.195702e-02
0.275000,0.737500,3.288720e-02
0.287500,0.737500,3.380858e-02
0.300000,0.737500,3.472670e-02
0.312500,0.737500,3.564708e-02
0.325000,0.737500,3.657531e-02
0.337500,0.737500,3.751719e-02
0.350000,0.737500,3.847860e-02
0.362500,0.737500,3.946544e-02
0.375000,0.737500,4.048359e-02
0.387500,0.737500,4.153895e-02
0.400000,0.737500,4.263740e-02
0.412500,0.737500,4.378484e-02
0.425000,0.737500,4.498716e-02
0.437500,0.737500,4.625049e-02
0.450000,0.737500,4.758140e-02
0.462500,0.737500,4.898651e-02
0.475000,0.737500,5.047243e-02
0.487500,0.737500,5.204525e-02
0.500000,0.737500,5.370984e-02
0.512500,0.737500,7.019154e-02
0.525000,0.737500,8.542246e-02
0.537500,0.737500,9.944308e-02
0.550000,0.737500,1.123069e-01
0.562500,0.737500,1.240683e-01
0.575000,0.737500,1.347815e-01
0.587500,0.737500,1.445009e-01
0.600000,0.737500,1.532768e-01
0.612500,0.737500,1.611414e-01
0.625000,0.737500,1.681220e-01
0.637500,0.737500,1.742456e-01
0.650000,0.737500,1.795393e-01
0.662500,0.737500,1.840305e-01
0.675000,0.737500,1.877460e-01
0.687500,0.737500,1.907132e-01
0.700000,0.737500,1.929590e-01
0.712500,0.737500,1.945057e-01
0.725000,0.737500,1.953520e-01
0.737500,0.737500,1.954900e-01
0.750000,0.737500,1.949118e-01
0.762500,0.737500,1.936094e-01
0.775000,0.737500,1.915751e-01
0.787500,0.737500,1.888007e-01
0.800000,0.737500,1.852786e-01
0.812500,0.737500,1.810006e-01
0.825000,0.737500,1.759500e-01
0.837500,0.737500,1.700893e-01
0.850000,0.737500,1.633783e-01
0.862500,0.737500,1.557767e-01
0.875000,0.737500,1.472443e-01
0.887500,0.737500,1.377408e-01
0.900000,0.737500,1.272260e-01
0.912500,0.737500,1.156566e-01
0.925000,0.737500,1.029745e-01
0.937500,0.737500,8.911718e-02
0.950000,0.737500,7.402225e-02
0.962500,0.737500,5.762719e-02
0.975000,0.737500,3.986947e-02
0.987500,0.737500,2.068373e-02
1.000000,0.737500,0.000000e+00
0.000000,0.750000,0.000000e+00
0.012500,0.750000,2.521939e-03
0.025000,0.750000,4.894036e-03
0.037500,0.750000,7.125769e-03
0.050000,0.750000,9.226574e-03
0.062500,0.750000,1.120481e-02
0.075000,0.750000,1.306771e-02
0.087500,0.750000,1.482244e-02
0.100000,0.750000,1.647615e-02
0.112500,0.750000,1.803603e-02
0.125000,0.750000,1.950923e-02
0.137500,0.750000,2.090292e-02
0.150000,0.750000,2.222426e-02
0.162500,0.750000,2.348044e-02
0.175000,0.750000,2.467827e-02
0.187500,0.750000,2.582351e-02
0.200000,0.750000,2.692169e-02
0.212500,0.750000,2.797834e-02
0.225000,0.750000,2.899901e-02
0.237500,0.750000,2.998921e-02
0.250000,0.750000,3.095448e-02
0.262500,0.750000,3.190035e-02
0.275000,0.750000,3.283235e-02
0.287500,0.750000,3.375603e-02
0.300000,0.750000,3.467690e-02
0.312500,0.750000,3.560050e-02
0.325000,0.750000,3.653239e-02
0.337500,0.750000,3.747834e-02
0.350000,0.750000,3.844415e-02
0.362500,0.750000,3.943566e-02
0.375000,0.750000,4.045869e-02
0.387500,0.750000,4.151907e-02
0.400000,0.750000,4.262260e-02
0.412500,0.750000,4.377512e-02
0.425000,0.750000,4.498246e-02
0.437500,0.750000,4.625073e-02
0.450000,0.750000,4.758656e-02
0.462500,0.750000,4.899664e-02
0.475000,0.750000,5.048765e-02
0.487500,0.750000,5.206515e-02
0.500000,0.750000,5.373273e-02
0.512500,0.750000,7.024872e-02
0.525000,0.750000,8.551315e-02
0.537500,0.750000,9.956528e-02
0.550000,0.750000,1.124587e-01
0.562500,0.750000,1.242477e-01
0.575000,0.750000,1.349869e-01
0.587500,0.750000,1.447307e-01
0.600000,0.750000,1.535294e-01
0.612500,0.750000,1.614153e-01
0.625000,0.750000,1.684154e-01
0.637500,0.750000,1.745569e-01
0.650000,0.750000,1.798667e-01
0.662500,0.750000,1.843720e-01
0.675000,0.750000,1.880997e-01
0.687500,0.750000,1.910769e-01
0.700000,0.750000,1.933307e-01
0.712500,0.750000,1.948831e-01
0.725000,0.750000,1.957329e-01
0.737500,0.750000,1.958722e-01
0.750000,0.750000,1.952931e-01
0.762500,0.750000,1.939877e-01
0.775000,0.750000,1.919483e-01
0.787500,0.750000,1.891668e-01
0.800000,0.750000,1.856354e-01
0.812500,0.750000,1.813462e-01
0.825000,0.750000,1.762823e-01
0.837500,0.750000,1.704066e-01
0.850000,0.750000,1.636789e-01
0.862500,0.750000,1.560590e-01
0.875000,0.750000,1.475069e-01
0.887500,0.750000,1.379824e-01
0.900000,0.750000,1.274455e-01
0.912500,0.750000,1.158528e-01
0.925000,0.750000,1.031464e-01
0.937500,0.750000,8.926361e-02
0.950000,0.750000,7.414185e-02
0.962500,0.750000,5.771852e-02
0.975000,0.750000,3.993099e-02
0.987500,0.750000,2.071436e-02
1.000000,0.750000,0.000000e+00
0.000000,0.762500,0.000000e+00
0.012500,0.762500,2.508635e-03
0.025000,0.762500,4.867545e-03
0.037500,0.762500,7.086258e-03
0.050000,0.762500,9.174257e-03
0.062500,0.762500,1.113995e-02
0.075000,0.762500,1.299062e-02
0.087500,0.762500,1.473345e-02
0.100000,0.762500,1.637568e-02
0.112500,0.762500,1.792451e-02
0.125000,0.762500,1.938714e-02
0.137500,0.762500,2.077080e-02
0.150000,0.762500,2.208269e-02
0.162500,0.762500,2.333003e-02
0.175000,0.762500,2.451968e-02
0.187500,0.762500,2.565738e-02
0.200000,0.762500,2.674863e-02
0.212500,0.762500,2.779895e-02
0.225000,0.762500,2.881385e-02
0.237500,0.762500,2.979884e-02
0.250000,0.762500,3.075942e-02
0.262500,0.762500,3.170111e-02
0.275000,0.762500,3.262941e-02
0.287500,0.762500,3.354983e-02
0.300000,0.762500,3.446789e-02
0.312500,0.762500,3.538909e-02
0.325000,0.762500,3.631898e-02
0.337500,0.762500,3.726325e-02
0.350000,0.762500,3.822766e-02
0.362500,0.762500,3.921799e-02
0.375000,0.762500,4.023999e-02
0.387500,0.762500,4.129943e-02
0.400000,0.762500,4.240207e-02
0.412500,0.762500,4.355368e-02
0.425000,0.762500,4.476002e-02
0.437500,0.762500,4.602720e-02
0.450000,0.762500,4.736192e-02
0.462500,0.762500,4.877096e-02
0.475000,0.762500,5.026108e-02
0.487500,0.762500,5.183745e-02
0.500000,0.762500,5.350272e-02
0.512500,0.762500,6.999983e-02
0.525000,0.762500,8.524547e-02
0.537500,0.762500,9.927842e-02
0.550000,0.762500,1.121526e-01
0.562500,0.762500,1.239226e-01
0.575000,0.762500,1.346434e-01
0.587500,0.762500,1.443697e-01
0.600000,0.762500,1.531522e-01
0.612500,0.762500,1.610232e-01
0.625000,0.762500,1.680098e-01
0.637500,0.762500,1.741392e-01
0.650000,0.762500,1.794384e-01
0.662500,0.762500,1.839346e-01
0.675000,0.762500,1.876548e-01
0.687500,0.762500,1.906261e-01
0.700000,0.762500,1.928757e-01
0.712500,0.762500,1.944256e-01
0.725000,0.762500,1.952746e-01
0.737500,0.762500,1.954149e-01
0.750000,0.762500,1.948387e-01
0.762500,0.762500,1.935380e-01
0.775000,0.762500,1.915052e-01
0.787500,0.762500,1.887322e-01
0.800000,0.762500,1.852114e-01
0.812500,0.762500,1.809347e-01
0.825000,0.762500,1.758855e-01
0.837500,0.762500,1.700265e-01
0.850000,0.762500,1.633175e-01
0.862500,0.762500,1.557185e-01
0.875000,0.762500,1.471893e-01
0.887500,0.762500,1.376899e-01
0.900000,0.762500,1.271801e-01
0.912500,0.762500,1.156166e-01
0.925000,0.762500,1.029412e-01
0.937500,0.762500,8.909085e-02
0.950000,0.762500,7.400254e-02
0.962500,0.762500,5.761334e-02
0.975000,0.762500,3.986026e-02
0.987500,0.762500,2.067844e-02
1.000000,0.762500,0.000000e+00
0.000000,0.775000,0.000000e+00
0.012500,0.775000,2.487125e-03
0.025000,0.775000,4.824796e-03
0.037500,0.775000,7.022574e-03
0.050000,0.775000,9.089980e-03
0.062500,0.775000,1.103547e-02
0.075000,0.775000,1.286635e-02
0.087500,0.775000,1.458989e-02
0.100000,0.775000,1.621336e-02
0.112500,0.775000,1.774401e-02
0.125000,0.775000,1.918911e-02
0.137500,0.775000,2.055592e-02
0.150000,0.775000,2.185171e-02
0.162500,0.775000,2.308373e-02
0.175000,0.775000,2.425888e-02
0.187500,0.775000,2.538288e-02
0.200000,0.775000,2.646119e-02
0.212500,0.775000,2.749927e-02
0.225000,0.775000,2.850261e-02
0.237500,0.775000,2.947666e-02
0.250000,0.775000,3.042689e-02
0.262500,0.775000,3.135877e-02
0.275000,0.775000,3.227777e-02
0.287500,0.775000,3.318936e-02
0.300000,0.775000,3.409901e-02
0.312500,0.775000,3.501217e-02
0.325000,0.775000,3.593436e-02
0.337500,0.775000,3.687122e-02
0.350000,0.775000,3.782847e-02
0.362500,0.775000,3.881181e-02
0.375000,0.775000,3.982697e-02
0.387500,0.775000,4.087965e-02
0.400000,0.775000,4.197556e-02
0.412500,0.775000,4.312042e-02
0.425000,0.775000,4.431995e-02
0.437500,0.775000,4.558025e-02
0.450000,0.775000,4.690806e-02
0.462500,0.775000,4.831024e-02
0.475000,0.775000,4.979360e-02
0.487500,0.775000,5.136314e-02
0.500000,0.775000,5.302105e-02
0.512500,0.775000,6.944746e-02
0.525000,0.775000,8.462333e-02
0.537500,0.775000,9.858783e-02
0.550000,0.775000,1.113953e-01
0.562500,0.775000,1.231011e-01
0.575000,0.775000,1.337603e-01
0.587500,0.775000,1.434284e-01
0.600000,0.775000,1.521564e-01
0.612500,0.775000,1.599770e-01
0.625000,0.775000,1.669174e-01
0.637500,0.775000,1.730051e-01
0.650000,0.775000,1.782673e-01
0.662500,0.775000,1.827312e-01
0.675000,0.775000,1.864242e-01
0.687500,0.775000,1.893737e-01
0.700000,0.775000,1.916068e-01
0.712500,0.775000,1.931459e-01
0.725000,0.775000,1.939899e-01
0.737500,0.775000,1.941310e-01
0.750000,0.775000,1.935613e-01
0.762500,0.775000,1.922732e-01
0.775000,0.775000,1.902587e-01
0.787500,0.775000,1.875101e-01
0.800000,0.775000,1.840196e-01
0.812500,0.775000,1.797794e-01
0.825000,0.775000,1.747727e-01
0.837500,0.775000,1.689621e-01
0.850000,0.775000,1.623073e-01
0.862500,0.775000,1.547681e-01
0.875000,0.775000,1.463041e-01
0.887500,0.775000,1.368752e-01
0.900000,0.775000,1.264411e-01
0.912500,0.775000,1.149583e-01
0.925000,0.775000,1.023679e-01
0.937500,0.775000,8.860650e-02
0.950000,0.775000,7.361044e-02
0.962500,0.775000,5.731622e-02
0.975000,0.775000,3.966030e-02
0.987500,0.775000,2.057750e-02
1.000000,0.775000,0.000000e+00
0.000000,0.787500,0.000000e+00
0.012500,0.787500,2.457242e-03
0.025000,0.787500,4.765424e-03
0.037500,0.787500,6.934153e-03
0.050000,0.787500,8.972995e-03
0.062500,0.787500,1.089045e-02
0.075000,0.787500,1.269390e-02
0.087500,0.787500,1.439066e-02
0.100000,0.787500,1.598803e-02
0.112500,0.787500,1.749335e-02
0.125000,0.787500,1.891393e-02
0.137500,0.787500,2.025708e-02
0.150000,0.787500,2.153012e-02
0.162500,0.787500,2.274038e-02
0.175000,0.787500,2.389477e-02
0.187500,0.787500,2.499897e-02
0.200000,0.787500,2.605837e-02
0.212500,0.787500,2.707839e-02
0.225000,0.787500,2.806443e-02
0.237500,0.787500,2.902190e-02
0.250000,0.787500,2.995621e-02
0.262500,0.787500,3.087276e-02
0.275000,0.787500,3.177695e-02
0.287500,0.787500,3.267421e-02
0.300000,0.787500,3.356993e-02
0.312500,0.787500,3.446951e-02
0.325000,0.787500,3.537841e-02
0.337500,0.787500,3.630221e-02
0.350000,0.787500,3.724660e-02
0.362500,0.787500,3.821723e-02
0.375000,0.787500,3.921977e-02
0.387500,0.787500,4.025990e-02
0.400000,0.787500,4.134329e-02
0.412500,0.787500,4.247559e-02
0.425000,0.787500,4.366248e-02
0.437500,0.787500,4.491005e-02
0.450000,0.787500,4.622509e-02
0.462500,0.787500,4.761450e-02
0.475000,0.787500,4.908514e-02
0.487500,0.787500,5.064202e-02
0.500000,0.787500,5.228735e-02
0.512500,0.787500,6.858981e-02
0.525000,0.787500,8.364348e-02
0.537500,0.787500,9.748881e-02
0.550000,0.787500,1.101809e-01
0.562500,0.787500,1.217756e-01
0.575000,0.787500,1.323290e-01
0.587500,0.787500,1.418971e-01
0.600000,0.787500,1.505317e-01
0.612500,0.787500,1.582657e-01
0.625000,0.787500,1.651269e-01
0.637500,0.787500,1.711429e-01
0.650000,0.787500,1.763413e-01
0.662500,0.787500,1.807498e-01
0.675000,0.787500,1.843960e-01
0.687500,0.787500,1.873076e-01
0.700000,0.787500,1.895121e-01
0.712500,0.787500,1.910322e-01
0.725000,0.787500,1.918668e-01
0.737500,0.787500,1.920083e-01
0.750000,0.787500,1.914489e-01
0.762500,0.787500,1.901809e-01
0.775000,0.787500,1.881964e-01
0.787500,0.787500,1.854879e-01
0.800000,0.787500,1.820475e-01
0.812500,0.787500,1.778674e-01
0.825000,0.787500,1.729309e-01
0.837500,0.787500,1.672003e-01
0.850000,0.787500,1.606351e-01
0.862500,0.787500,1.531947e-01
0.875000,0.787500,1.448385e-01
0.887500,0.787500,1.355261e-01
0.900000,0.787500,1.252168e-01
0.912500,0.787500,1.138668e-01
0.925000,0.787500,1.014167e-01
0.937500,0.787500,8.780200e-02
0.950000,0.787500,7.295846e-02
0.962500,0.787500,5.682174e-02
0.975000,0.787500,3.932748e-02
0.987500,0.787500,2.040975e-02
1.000000,0.787500,0.000000e+00
0.000000,0.800000,0.000000e+00
0.012500,0.800000,2.418722e-03
0.025000,0.800000,4.688838e-03
0.037500,0.800000,6.820063e-03
0.050000,0.800000,8.822070e-03
0.062500,0.800000,1.070344e-02
0.075000,0.800000,1.247161e-02
0.087500,0.800000,1.413395e-02
0.100000,0.800000,1.569782e-02
0.112500,0.800000,1.717059e-02
0.125000,0.800000,1.855965e-02
0.137500,0.800000,1.987236e-02
0.150000,0.800000,2.111609e-02
0.162500,0.800000,2.229820e-02
0.175000,0.800000,2.342567e-02
0.187500,0.800000,2.450408e-02
0.200000,0.800000,2.553875e-02
0.212500,0.800000,2.653502e-02
0.225000,0.800000,2.749820e-02
0.237500,0.800000,2.843361e-02
0.250000,0.800000,2.934658e-02
0.262500,0.800000,3.024243e-02
0.275000,0.800000,3.112649e-02
0.287500,0.800000,3.200408e-02
0.300000,0.800000,3.288051e-02
0.312500,0.800000,3.376112e-02
0.325000,0.800000,3.465126e-02
0.337500,0.800000,3.555649e-02
0.350000,0.800000,3.648242e-02
0.362500,0.800000,3.743468e-02
0.375000,0.800000,3.841890e-02
0.387500,0.800000,3.944070e-02
0.400000,0.800000,4.050571e-02
0.412500,0.800000,4.161954e-02
0.425000,0.800000,4.278784e-02
0.437500,0.800000,4.401667e-02
0.450000,0.800000,4.531287e-02
0.462500,0.800000,4.668339e-02
0.475000,0.800000,4.813513e-02
0.487500,0.800000,4.967331e-02
0.500000,0.800000,5.130052e-02
0.512500,0.800000,6.742287e-02
0.525000,0.800000,8.229908e-02
0.537500,0.800000,9.597165e-02
0.550000,0.800000,1.084967e-01
0.562500,0.800000,1.199312e-01
0.575000,0.800000,1.303322e-01
0.587500,0.800000,1.397565e-01
0.600000,0.800000,1.482570e-01
0.612500,0.800000,1.558672e-01
0.625000,0.800000,1.626152e-01
0.637500,0.800000,1.685290e-01
0.650000,0.800000,1.736366e-01
0.662500,0.800000,1.779662e-01
0.675000,0.800000,1.815458e-01
0.687500,0.800000,1.844034e-01
0.700000,0.800000,1.865672e-01
0.712500,0.800000,1.880599e-01
0.725000,0.800000,1.888809e-01
0.737500,0.800000,1.890223e-01
0.750000,0.800000,1.884767e-01
0.762500,0.800000,1.872362e-01
0.775000,0.800000,1.852932e-01
0.787500,0.800000,1.826401e-01
0.800000,0.800000,1.792692e-01
0.812500,0.800000,1.751728e-01
0.825000,0.800000,1.703340e-01
0.837500,0.800000,1.647149e-01
0.850000,0.800000,1.582746e-01
0.862500,0.800000,1.509722e-01
0.875000,0.800000,1.427668e-01
0.887500,0.800000,1.336176e-01
0.900000,0.800000,1.234836e-01
0.912500,0.800000,1.123206e-01
0.925000,0.800000,1.000680e-01
0.937500,0.800000,8.666064e-02
0.950000,0.800000,7.203290e-02
0.962500,0.800000,5.611944e-02
0.975000,0.800000,3.885482e-02
0.987500,0.800000,2.017175e-02
1.000000,0.800000,0.000000e+00
0.000000,0.812500,0.000000e+00
0.012500,0.812500,2.371300e-03
0.025000,0.812500,4.594446e-03
0.037500,0.812500,6.679372e-03
0.050000,0.812500,8.635967e-03
0.062500,0.812500,1.047295e-02
0.075000,0.812500,1.219781e-02
0.087500,0.812500,1.381796e-02
0.100000,0.812500,1.534082e-02
0.112500,0.812500,1.677381e-02
0.125000,0.812500,1.812434e-02
0.137500,0.812500,1.939984e-02
0.150000,0.812500,2.060773e-02
0.162500,0.812500,2.175543e-02
0.175000,0.812500,2.284990e-02
0.187500,0.812500,2.389665e-02
0.200000,0.812500,2.490091e-02
0.212500,0.812500,2.586788e-02
0.225000,0.812500,2.680278e-02
0.237500,0.812500,2.771082e-02
0.250000,0.812500,2.859722e-02
0.262500,0.812500,2.946718e-02
0.275000,0.812500,3.032593e-02
0.287500,0.812500,3.117868e-02
0.300000,0.812500,3.203064e-02
0.312500,0.812500,3.288703e-02
0.325000,0.812500,3.375309e-02
0.337500,0.812500,3.463433e-02
0.350000,0.812500,3.553631e-02
0.362500,0.812500,3.646462e-02
0.375000,0.812500,3.742484e-02
0.387500,0.812500,3.842253e-02
0.400000,0.812500,3.946328e-02
0.412500,0.812500,4.055267e-02
0.425000,0.812500,4.169628e-02
0.437500,0.812500,4.290017e-02
0.450000,0.812500,4.417126e-02
0.462500,0.812500,4.551654e-02
0.475000,0.812500,4.694300e-02
0.487500,0.812500,4.845618e-02
0.500000,0.812500,5.005940e-02
0.512500,0.812500,6.594264e-02
0.525000,0.812500,8.058324e-02
0.537500,0.812500,9.402660e-02
0.550000,0.812500,1.063303e-01
0.562500,0.812500,1.175527e-01
0.575000,0.812500,1.277522e-01
0.587500,0.812500,1.369870e-01
0.600000,0.812500,1.453113e-01
0.612500,0.812500,1.527591e-01
0.625000,0.812500,1.593590e-01
0.637500,0.812500,1.651394e-01
0.650000,0.812500,1.701289e-01
0.662500,0.812500,1.743560e-01
0.675000,0.812500,1.778491e-01
0.687500,0.812500,1.806368e-01
0.700000,0.812500,1.827475e-01
0.712500,0.812500,1.842046e-01
0.725000,0.812500,1.850074e-01
0.737500,0.812500,1.851483e-01
0.750000,0.812500,1.846197e-01
0.762500,0.812500,1.834140e-01
0.775000,0.812500,1.815238e-01
0.787500,0.812500,1.789413e-01
0.800000,0.812500,1.756591e-01
0.812500,0.812500,1.716696e-01
0.825000,0.812500,1.669557e-01
0.837500,0.812500,1.614794e-01
0.850000,0.812500,1.551993e-01
0.862500,0.812500,1.480744e-01
0.875000,0.812500,1.400633e-01
0.887500,0.812500,1.311249e-01
0.900000,0.812500,1.212180e-01
0.912500,0.812500,1.102978e-01
0.925000,0.812500,9.830261e-02
0.937500,0.812500,8.516563e-02
0.950000,0.812500,7.081999e-02
0.962500,0.812500,5.519883e-02
0.975000,0.812500,3.823528e-02
0.987500,0.812500,1.986006e-02
1.000000,0.812500,0.000000e+00
0.000000,0.825000,0.000000e+00
0.012500,0.825000,2.314710e-03
0.025000,0.825000,4.481654e-03
0.037500,0.825000,6.511147e-03
0.050000,0.825000,8.413451e-03
0.062500,0.825000,1.019750e-02
0.075000,0.825000,1.187083e-02
0.087500,0.825000,1.344089e-02
0.100000,0.825000,1.491514e-02
0.112500,0.825000,1.630104e-02
0.125000,0.825000,1.760604e-02
0.137500,0.825000,1.883761e-02
0.150000,0.825000,2.000319e-02
0.162500,0.825000,2.111026e-02
0.175000,0.825000,2.216577e-02
0.187500,0.825000,2.317513e-02
0.200000,0.825000,2.414341e-02
0.212500,0.825000,2.507570e-02
0.225000,0.825000,2.597706e-02
0.237500,0.825000,2.685257e-02
0.250000,0.825000,2.770732e-02
0.262500,0.825000,2.854638e-02
0.275000,0.825000,2.937482e-02
0.287500,0.825000,3.019773e-02
0.300000,0.825000,3.102017e-02
0.312500,0.825000,3.184723e-02
0.325000,0.825000,3.268404e-02
0.337500,0.825000,3.353600e-02
0.350000,0.825000,3.440865e-02
0.362500,0.825000,3.530749e-02
0.375000,0.825000,3.623807e-02
0.387500,0.825000,3.720589e-02
0.400000,0.825000,3.821648e-02
0.412500,0.825000,3.927536e-02
0.425000,0.825000,4.038805e-02
0.437500,0.825000,4.156063e-02
0.450000,0.825000,4.280011e-02
0.462500,0.825000,4.411359e-02
0.475000,0.825000,4.550818e-02
0.487500,0.825000,4.698986e-02
0.500000,0.825000,4.856287e-02
0.512500,0.825000,6.414509e-02
0.525000,0.825000,7.848909e-02
0.537500,0.825000,9.164392e-02
0.550000,0.825000,1.036691e-01
0.562500,0.825000,1.146249e-01
0.575000,0.825000,1.245715e-01
0.587500,0.825000,1.335691e-01
0.600000,0.825000,1.416733e-01
0.612500,0.825000,1.489190e-01
0.625000,0.825000,1.553351e-01
0.637500,0.825000,1.609505e-01
0.650000,0.825000,1.657941e-01
0.662500,0.825000,1.698948e-01
0.675000,0.825000,1.732816e-01
0.687500,0.825000,1.759833e-01
0.700000,0.825000,1.780288e-01
0.712500,0.825000,1.794418e-01
0.725000,0.825000,1.802218e-01
0.737500,0.825000,1.803614e-01
0.750000,0.825000,1.798531e-01
0.762500,0.825000,1.786893e-01
0.775000,0.825000,1.768628e-01
0.787500,0.825000,1.743660e-01
0.800000,0.825000,1.711914e-01
0.812500,0.825000,1.673316e-01
0.825000,0.825000,1.627697e-01
0.837500,0.825000,1.574672e-01
0.850000,0.825000,1.513828e-01
0.862500,0.825000,1.444749e-01
0.875000,0.825000,1.367022e-01
0.887500,0.825000,1.280232e-01
0.900000,0.825000,1.183964e-01
0.912500,0.825000,1.077767e-01
0.925000,0.825000,9.610090e-02
0.937500,0.825000,8.330020e-02
0.950000,0.825000,6.930594e-02
0.962500,0.825000,5.404941e-02
0.975000,0.825000,3.746185e-02
0.987500,0.825000,1.947120e-02
1.000000,0.825000,0.000000e+00
0.000000,0.837500,0.000000e+00
0.012500,0.837500,2.248687e-03
0.025000,0.837500,4.349870e-03
0.037500,0.837500,6.314455e-03
0.050000,0.837500,8.153284e-03
0.062500,0.837500,9.875613e-03
0.075000,0.837500,1.148900e-02
0.087500,0.837500,1.300094e-02
0.100000,0.837500,1.441890e-02
0.112500,0.837500,1.575036e-02
0.125000,0.837500,1.700282e-02
0.137500,0.837500,1.818374e-02
0.150000,0.837500,1.930061e-02
0.162500,0.837500,2.036092e-02
0.175000,0.837500,2.137161e-02
0.187500,0.837500,2.233794e-02
0.200000,0.837500,2.326483e-02
0.212500,0.837500,2.415718e-02
0.225000,0.837500,2.501991e-02
0.237500,0.837500,2.585791e-02
0.250000,0.837500,2.667610e-02
0.262500,0.837500,2.747940e-02
0.275000,0.837500,2.827270e-02
0.287500,0.837500,2.906092e-02
0.300000,0.837500,2.984897e-02
0.312500,0.837500,3.064176e-02
0.325000,0.837500,3.144426e-02
0.337500,0.837500,3.226179e-02
0.350000,0.837500,3.309980e-02
0.362500,0.837500,3.396375e-02
0.375000,0.837500,3.485909e-02
0.387500,0.837500,3.579127e-02
0.400000,0.837500,3.676575e-02
0.412500,0.837500,3.778797e-02
0.425000,0.837500,3.886340e-02
0.437500,0.837500,3.999812e-02
0.450000,0.837500,4.119929e-02
0.462500,0.837500,4.247419e-02
0.475000,0.837500,4.383009e-02
0.487500,0.837500,4.527354e-02
0.500000,0.837500,4.680979e-02
0.512500,0.837500,6.202622e-02
0.525000,0.837500,7.600973e-02
0.537500,0.837500,8.881385e-02
0.550000,0.837500,1.005006e-01
0.562500,0.837500,1.111327e-01
0.575000,0.837500,1.207727e-01
0.587500,0.837500,1.294832e-01
0.600000,0.837500,1.373220e-01
0.612500,0.837500,1.443246e-01
0.625000,0.837500,1.505203e-01
0.637500,0.837500,1.559384e-01
0.650000,0.837500,1.606080e-01
0.662500,0.837500,1.645583e-01
0.675000,0.837500,1.678187e-01
0.687500,0.837500,1.704183e-01
0.700000,0.837500,1.723864e-01
0.712500,0.837500,1.737469e-01
0.725000,0.837500,1.744996e-01
0.737500,0.837500,1.746370e-01
0.750000,0.837500,1.741520e-01
0.762500,0.837500,1.730371e-01
0.775000,0.837500,1.712851e-01
0.787500,0.837500,1.688886e-01
0.800000,0.837500,1.658403e-01
0.812500,0.837500,1.621330e-01
0.825000,0.837500,1.577497e-01
0.837500,0.837500,1.526521e-01
0.850000,0.837500,1.467985e-01
0.862500,0.837500,1.401476e-01
0.875000,0.837500,1.326578e-01
0.887500,0.837500,1.242875e-01
0.900000,0.837500,1.149954e-01
0.912500,0.837500,1.047357e-01
0.925000,0.837500,9.344347e-02
0.937500,0.837500,8.104758e-02
0.950000,0.837500,6.747701e-02
0.962500,0.837500,5.266069e-02
0.975000,0.837500,3.652752e-02
0.987500,0.837500,1.900174e-02
1.000000,0.837500,0.000000e+00
0.000000,0.850000,0.000000e+00
0.012500,0.850000,2.172964e-03
0.025000,0.850000,4.198500e-03
0.037500,0.850000,6.088363e-03
0.050000,0.850000,7.854231e-03
0.062500,0.850000,9.505800e-03
0.075000,0.850000,1.105066e-02
0.087500,0.850000,1.249629e-02
0.100000,0.850000,1.385019e-02
0.112500,0.850000,1.511984e-02
0.125000,0.850000,1.631272e-02
0.137500,0.850000,1.743632e-02
0.150000,0.850000,1.849812e-02
0.162500,0.850000,1.950562e-02
0.175000,0.850000,2.046573e-02
0.187500,0.850000,2.138353e-02
0.200000,0.850000,2.226374e-02
0.212500,0.850000,2.311106e-02
0.225000,0.850000,2.393020e-02
0.237500,0.850000,2.472586e-02
0.250000,0.850000,2.550277e-02
0.262500,0.850000,2.626561e-02
0.275000,0.850000,2.701912e-02
0.287500,0.850000,2.776798e-02
0.300000,0.850000,2.851692e-02
0.312500,0.850000,2.927063e-02
0.325000,0.850000,3.003391e-02
0.337500,0.850000,3.081196e-02
0.350000,0.850000,3.161014e-02
0.362500,0.850000,3.243383e-02
0.375000,0.850000,3.328838e-02
0.387500,0.850000,3.417917e-02
0.400000,0.850000,3.511155e-02
0.412500,0.850000,3.609089e-02
0.425000,0.850000,3.712257e-02
0.437500,0.850000,3.821269e-02
0.450000,0.850000,3.936865e-02
0.462500,0.850000,4.059797e-02
0.475000,0.850000,4.190817e-02
0.487500,0.850000,4.330641e-02
0.500000,0.850000,4.479902e-02
0.512500,0.850000,5.958200e-02
0.525000,0.850000,7.313830e-02
0.537500,0.850000,8.552664e-02
0.550000,0.850000,9.681226e-02
0.562500,0.850000,1.070609e-01
0.575000,0.850000,1.163381e-01
0.587500,0.850000,1.247097e-01
0.600000,0.850000,1.322361e-01
0.612500,0.850000,1.389535e-01
0.625000,0.850000,1.448914e-01
0.637500,0.850000,1.500792e-01
0.650000,0.850000,1.545463e-01
0.662500,0.850000,1.583221e-01
0.675000,0.850000,1.614361e-01
0.687500,0.850000,1.639175e-01
0.700000,0.850000,1.657960e-01
0.712500,0.850000,1.670956e-01
0.725000,0.850000,1.678161e-01
0.737500,0.850000,1.679505e-01
0.750000,0.850000,1.674915e-01
0.762500,0.850000,1.664322e-01
0.775000,0.850000,1.647652e-01
0.787500,0.850000,1.624836e-01
0.800000,0.850000,1.595801e-01
0.812500,0.850000,1.560476e-01
0.825000,0.850000,1.518695e-01
0.837500,0.850000,1.470074e-01
0.850000,0.850000,1.414201e-01
0.862500,0.850000,1.350661e-01
0.875000,0.850000,1.279042e-01
0.887500,0.850000,1.198931e-01
0.900000,0.850000,1.109912e-01
0.912500,0.850000,1.011530e-01
0.925000,0.850000,9.031087e-02
0.937500,0.850000,7.839099e-02
0.950000,0.850000,6.531941e-02
0.962500,0.850000,5.102217e-02
0.975000,0.850000,3.542526e-02
0.987500,0.850000,1.844820e-02
1.000000,0.850000,0.000000e+00
0.000000,0.862500,0.000000e+00
0.012500,0.862500,2.087278e-03
0.025000,0.862500,4.026953e-03
0.037500,0.862500,5.831939e-03
0.050000,0.862500,7.515054e-03
0.062500,0.862500,9.086584e-03
0.075000,0.862500,1.055413e-02
0.087500,0.862500,1.192515e-02
0.100000,0.862500,1.320713e-02
0.112500,0.862500,1.440752e-02
0.125000,0.862500,1.553379e-02
0.137500,0.862500,1.659341e-02
0.150000,0.862500,1.759386e-02
0.162500,0.862500,1.854258e-02
0.175000,0.862500,1.944645e-02
0.187500,0.862500,2.031034e-02
0.200000,0.862500,2.113871e-02
0.212500,0.862500,2.193604e-02
0.225000,0.862500,2.270681e-02
0.237500,0.862500,2.345547e-02
0.250000,0.862500,2.418652e-02
0.262500,0.862500,2.490441e-02
0.275000,0.862500,2.561361e-02
0.287500,0.862500,2.631861e-02
0.300000,0.862500,2.702387e-02
0.312500,0.862500,2.773386e-02
0.325000,0.862500,2.845314e-02
0.337500,0.862500,2.918679e-02
0.350000,0.862500,2.994005e-02
0.362500,0.862500,3.071818e-02
0.375000,0.862500,3.152644e-02
0.387500,0.862500,3.237008e-02
0.400000,0.862500,3.325435e-02
0.412500,0.862500,3.418450e-02
0.425000,0.862500,3.516582e-02
0.437500,0.862500,3.620443e-02
0.450000,0.862500,3.730806e-02
0.462500,0.862500,3.848458e-02
0.475000,0.862500,3.974185e-02
0.487500,0.862500,4.108768e-02
0.500000,0.862500,4.252942e-02
0.512500,0.862500,5.680841e-02
0.525000,0.862500,6.986792e-02
0.537500,0.862500,8.177255e-02
0.550000,0.862500,9.259150e-02
0.562500,0.862500,1.023943e-01
0.575000,0.862500,1.112503e-01
0.587500,0.862500,1.192292e-01
0.600000,0.862500,1.263946e-01
0.612500,0.862500,1.327835e-01
0.625000,0.862500,1.384252e-01
0.637500,0.862500,1.433493e-01
0.650000,0.862500,1.475850e-01
0.662500,0.862500,1.511619e-01
0.675000,0.862500,1.541092e-01
0.687500,0.862500,1.564565e-01
0.700000,0.862500,1.582331e-01
0.712500,0.862500,1.594632e-01
0.725000,0.862500,1.601468e-01
0.737500,0.862500,1.602770e-01
0.750000,0.862500,1.598468e-01
0.762500,0.862500,1.588495e-01
0.775000,0.862500,1.572780e-01
0.787500,0.862500,1.551255e-01
0.800000,0.862500,1.523849e-01
0.812500,0.862500,1.490494e-01
0.825000,0.862500,1.451027e-01
0.837500,0.862500,1.405068e-01
0.850000,0.862500,1.352210e-01
0.862500,0.862500,1.292043e-01
0.875000,0.862500,1.224159e-01
0.887500,0.862500,1.148149e-01
0.900000,0.862500,1.063605e-01
0.912500,0.862500,9.700679e-02
0.925000,0.862500,8.668365e-02
0.937500,0.862500,7.531365e-02
0.950000,0.862500,6.281937e-02
0.962500,0.862500,4.912337e-02
0.975000,0.862500,3.414807e-02
0.987500,0.862500,1.780715e-02
1.000000,0.862500,0.000000e+00
0.000000,0.875000,0.000000e+00
0.012500,0.875000,1.991361e-03
0.025000,0.875000,3.834634e-03
0.037500,0.875000,5.544250e-03
0.050000,0.875000,7.134517e-03
0.062500,0.875000,8.616485e-03
0.075000,0.875000,9.997744e-03
0.087500,0.875000,1.128571e-02
0.100000,0.875000,1.248781e-02
0.112500,0.875000,1.361147e-02
0.125000,0.875000,1.466410e-02
0.137500,0.875000,1.565312e-02
0.150000,0.875000,1.658595e-02
0.162500,0.875000,1.747002e-02
0.175000,0.875000,1.831209e-02
0.187500,0.875000,1.911679e-02
0.200000,0.875000,1.988831e-02
0.212500,0.875000,2.063085e-02
0.225000,0.875000,2.134861e-02
0.237500,0.875000,2.204578e-02
0.250000,0.875000,2.272656e-02
0.262500,0.875000,2.339515e-02
0.275000,0.875000,2.405573e-02
0.287500,0.875000,2.471252e-02
0.300000,0.875000,2.536970e-02
0.312500,0.875000,2.603146e-02
0.325000,0.875000,2.670212e-02
0.337500,0.875000,2.738656e-02
0.350000,0.875000,2.808990e-02
0.362500,0.875000,2.881726e-02
0.375000,0.875000,2.957375e-02
0.387500,0.875000,3.036450e-02
0.400000,0.875000,3.119460e-02
0.412500,0.875000,3.206918e-02
0.425000,0.875000,3.299338e-02
0.437500,0.875000,3.397339e-02
0.450000,0.875000,3.501737e-02
0.462500,0.875000,3.613365e-02
0.475000,0.875000,3.733055e-02
0.487500,0.875000,3.861654e-02
0.500000,0.875000,3.999987e-02
0.512500,0.875000,5.370145e-02
0.525000,0.875000,6.619170e-02
0.537500,0.875000,7.754183e-02
0.550000,0.875000,8.782579e-02
0.562500,0.875000,9.711772e-02
0.575000,0.875000,1.054918e-01
0.587500,0.875000,1.130221e-01
0.600000,0.875000,1.197763e-01
0.612500,0.875000,1.257920e-01
0.625000,0.875000,1.310984e-01
0.637500,0.875000,1.357247e-01
0.650000,0.875000,1.396998e-01
0.662500,0.875000,1.430531e-01
0.675000,0.875000,1.458137e-01
0.687500,0.875000,1.480107e-01
0.700000,0.875000,1.496732e-01
0.712500,0.875000,1.508252e-01
0.725000,0.875000,1.514670e-01
0.737500,0.875000,1.515918e-01
0.750000,0.875000,1.511931e-01
0.762500,0.875000,1.502641e-01
0.775000,0.875000,1.487982e-01
0.787500,0.875000,1.467887e-01
0.800000,0.875000,1.442291e-01
0.812500,0.875000,1.411125e-01
0.825000,0.875000,1.374231e-01
0.837500,0.875000,1.331239e-01
0.850000,0.875000,1.281748e-01
0.862500,0.875000,1.225358e-01
0.875000,0.875000,1.161670e-01
0.887500,0.875000,1.090282e-01
0.900000,0.875000,1.010796e-01
0.912500,0.875000,9.227542e-02
0.925000,0.875000,8.254235e-02
0.937500,0.875000,7.179879e-02
0.950000,0.875000,5.996314e-02
0.962500,0.875000,4.695377e-02
0.975000,0.875000,3.268891e-02
0.987500,0.875000,1.707511e-02
1.000000,0.875000,0.000000e+00
0.000000,0.887500,0.000000e+00
0.012500,0.887500,1.884949e-03
0.025000,0.887500,3.620951e-03
0.037500,0.887500,5.224364e-03
0.050000,0.887500,6.711384e-03
0.062500,0.887500,8.094022e-03
0.075000,0.887500,9.379836e-03
0.087500,0.887500,1.057617e-02
0.100000,0.887500,1.169036e-02
0.112500,0.887500,1.272975e-02
0.125000,0.887500,1.370168e-02
0.137500,0.887500,1.461350e-02
0.150000,0.887500,1.547254e-02
0.162500,0.887500,1.628615e-02
0.175000,0.887500,1.706097e-02
0.187500,0.887500,1.780133e-02
0.200000,0.887500,1.851111e-02
0.212500,0.887500,1.919421e-02
0.225000,0.887500,1.985448e-02
0.237500,0.887500,2.049583e-02
0.250000,0.887500,2.112211e-02
0.262500,0.887500,2.173722e-02
0.275000,0.887500,2.234503e-02
0.287500,0.887500,2.294942e-02
0.300000,0.887500,2.355427e-02
0.312500,0.887500,2.416345e-02
0.325000,0.887500,2.478098e-02
0.337500,0.887500,2.541154e-02
0.350000,0.887500,2.606006e-02
0.362500,0.887500,2.673151e-02
0.375000,0.887500,2.743081e-02
0.387500,0.887500,2.816292e-02
0.400000,0.887500,2.893277e-02
0.412500,0.887500,2.974531e-02
0.425000,0.887500,3.060550e-02
0.437500,0.887500,3.151965e-02
0.450000,0.887500,3.249645e-02
0.462500,0.887500,3.354482e-02
0.475000,0.887500,3.467371e-02
0.487500,0.887500,3.589220e-02
0.500000,0.887500,3.720922e-02
0.512500,0.887500,5.025709e-02
0.525000,0.887500,6.210276e-02
0.537500,0.887500,7.282472e-02
0.550000,0.887500,8.250260e-02
0.562500,0.887500,9.121610e-02
0.575000,0.887500,9.904495e-02
0.587500,0.887500,1.060689e-01
0.600000,0.887500,1.123601e-01
0.612500,0.887500,1.179569e-01
0.625000,0.887500,1.228879e-01
0.637500,0.887500,1.271816e-01
0.650000,0.887500,1.308667e-01
0.662500,0.887500,1.339716e-01
0.675000,0.887500,1.365251e-01
0.687500,0.887500,1.385556e-01
0.700000,0.887500,1.400918e-01
0.712500,0.887500,1.411572e-01
0.725000,0.887500,1.417522e-01
0.737500,0.887500,1.418703e-01
0.750000,0.887500,1.415053e-01
0.762500,0.887500,1.406508e-01
0.775000,0.887500,1.393004e-01
0.787500,0.887500,1.374479e-01
0.800000,0.887500,1.350868e-01
0.812500,0.887500,1.322107e-01
0.825000,0.887500,1.288044e-01
0.837500,0.887500,1.248321e-01
0.850000,0.887500,1.202550e-01
0.862500,0.887500,1.150344e-01
0.875000,0.887500,1.091317e-01
0.887500,0.887500,1.025081e-01
0.900000,0.887500,9.512503e-02
0.912500,0.887500,8.693714e-02
0.925000,0.887500,7.786752e-02
0.937500,0.887500,6.782963e-02
0.950000,0.887500,5.673694e-02
0.962500,0.887500,4.450290e-02
0.975000,0.887500,3.104077e-02
0.987500,0.887500,1.624865e-02
1.000000,0.887500,0.000000e+00
0.000000,0.900000,0.000000e+00
0.012500,0.900000,1.767309e-03
0.025000,0.900000,3.384549e-03
0.037500,0.900000,4.870414e-03
0.050000,0.900000,6.243394e-03
0.062500,0.900000,7.516650e-03
0.075000,0.900000,8.697676e-03
0.087500,0.900000,9.793689e-03
0.100000,0.900000,1.081191e-02
0.112500,0.900000,1.175955e-02
0.125000,0.900000,1.264384e-02
0.137500,0.900000,1.347199e-02
0.150000,0.900000,1.425121e-02
0.162500,0.900000,1.498874e-02
0.175000,0.900000,1.569102e-02
0.187500,0.900000,1.636209e-02
0.200000,0.900000,1.700545e-02
0.212500,0.900000,1.762463e-02
0.225000,0.900000,1.822315e-02
0.237500,0.900000,1.880453e-02
0.250000,0.900000,1.937229e-02
0.262500,0.900000,1.992995e-02
0.275000,0.900000,2.048103e-02
0.287500,0.900000,2.102905e-02
0.300000,0.900000,2.157753e-02
0.312500,0.900000,2.212999e-02
0.325000,0.900000,2.269008e-02
0.337500,0.900000,2.326226e-02
0.350000,0.900000,2.385124e-02
0.362500,0.900000,2.446177e-02
0.375000,0.900000,2.509857e-02
0.387500,0.900000,2.576638e-02
0.400000,0.900000,2.646993e-02
0.412500,0.900000,2.721394e-02
0.425000,0.900000,2.800317e-02
0.437500,0.900000,2.884404e-02
0.450000,0.900000,2.974590e-02
0.462500,0.900000,3.071839e-02
0.475000,0.900000,3.177118e-02
0.487500,0.900000,3.291397e-02
0.500000,0.900000,3.415612e-02
0.512500,0.900000,4.646752e-02
0.525000,0.900000,5.758727e-02
0.537500,0.900000,6.760257e-02
0.550000,0.900000,7.659952e-02
0.562500,0.900000,8.466416e-02
0.575000,0.900000,9.188253e-02
0.587500,0.900000,9.834067e-02
0.600000,0.900000,1.041161e-01
0.612500,0.900000,1.092476e-01
0.625000,0.900000,1.137627e-01
0.637500,0.900000,1.176891e-01
0.650000,0.900000,1.210546e-01
0.662500,0.900000,1.238866e-01
0.675000,0.900000,1.262130e-01
0.687500,0.900000,1.280612e-01
0.700000,0.900000,1.294591e-01
0.712500,0.900000,1.304294e-01
0.725000,0.900000,1.309726e-01
0.737500,0.900000,1.310826e-01
0.750000,0.900000,1.307535e-01
0.762500,0.900000,1.299793e-01
0.775000,0.900000,1.287540e-01
0.787500,0.900000,1.270717e-01
0.800000,0.900000,1.249263e-01
0.812500,0.900000,1.223118e-01
0.825000,0.900000,1.192138e-01
0.837500,0.900000,1.155980e-01
0.850000,0.900000,1.114276e-01
0.862500,0.900000,1.066658e-01
0.875000,0.900000,1.012756e-01
0.887500,0.900000,9.522033e-02
0.900000,0.900000,8.846297e-02
0.912500,0.900000,8.095917e-02
0.925000,0.900000,7.262797e-02
0.937500,0.900000,6.337737e-02
0.950000,0.900000,5.311533e-02
0.962500,0.900000,4.174987e-02
0.975000,0.900000,2.918867e-02
0.987500,0.900000,1.531993e-02
1.000000,0.900000,0.000000e+00
0.000000,0.912500,0.000000e+00
0.012500,0.912500,1.635922e-03
0.025000,0.912500,3.121157e-03
0.037500,0.912500,4.476970e-03
0.050000,0.912500,5.724369e-03
0.062500,0.912500,6.877750e-03
0.075000,0.912500,7.944464e-03
0.087500,0.912500,8.931522e-03
0.100000,0.912500,9.845937e-03
0.112500,0.912500,1.069472e-02
0.125000,0.912500,1.148488e-02
0.137500,0.912500,1.222343e-02
0.150000,0.912500,1.291738e-02
0.162500,0.912500,1.357375e-02
0.175000,0.912500,1.419875e-02
0.187500,0.912500,1.479602e-02
0.200000,0.912500,1.536870e-02
0.212500,0.912500,1.591992e-02
0.225000,0.912500,1.645278e-02
0.237500,0.912500,1.697043e-02
0.250000,0.912500,1.747599e-02
0.262500,0.912500,1.797257e-02
0.275000,0.912500,1.846332e-02
0.287500,0.912500,1.895134e-02
0.300000,0.912500,1.943977e-02
0.312500,0.912500,1.993174e-02
0.325000,0.912500,2.043051e-02
0.337500,0.912500,2.094024e-02
0.350000,0.912500,2.146539e-02
0.362500,0.912500,2.201042e-02
0.375000,0.912500,2.257981e-02
0.387500,0.912500,2.317801e-02
0.400000,0.912500,2.380948e-02
0.412500,0.912500,2.447870e-02
0.425000,0.912500,2.519016e-02
0.437500,0.912500,2.595032e-02
0.450000,0.912500,2.676920e-02
0.462500,0.912500,2.765713e-02
0.475000,0.912500,2.862448e-02
0.487500,0.912500,2.968156e-02
0.500000,0.912500,3.083837e-02
0.512500,0.912500,4.231033e-02
0.525000,0.912500,5.260476e-02
0.537500,0.912500,6.182261e-02
0.550000,0.912500,7.005640e-02
0.562500,0.912500,7.739812e-02
0.575000,0.912500,8.393979e-02
0.587500,0.912500,8.977339e-02
0.600000,0.912500,9.498134e-02
0.612500,0.912500,9.960238e-02
0.625000,0.912500,1.036628e-01
0.637500,0.912500,1.071889e-01
0.650000,0.912500,1.102069e-01
0.662500,0.912500,1.127431e-01
0.675000,0.912500,1.148239e-01
0.687500,0.912500,1.164754e-01
0.700000,0.912500,1.177241e-01
0.712500,0.912500,1.185915e-01
0.725000,0.912500,1.190782e-01
0.737500,0.912500,1.191787e-01
0.750000,0.912500,1.188874e-01
0.762500,0.912500,1.181988e-01
0.775000,0.912500,1.171073e-01
0.787500,0.912500,1.156073e-01
0.800000,0.912500,1.136933e-01
0.812500,0.912500,1.113597e-01
0.825000,0.912500,1.085929e-01
0.837500,0.912500,1.053612e-01
0.850000,0.912500,1.016299e-01
0.862500,0.912500,9.736463e-02
0.875000,0.912500,9.253097e-02
0.887500,0.912500,8.709444e-02
0.900000,0.912500,8.102058e-02
0.912500,0.912500,7.426640e-02
0.925000,0.912500,6.674753e-02
0.937500,0.912500,5.836709e-02
0.950000,0.912500,4.902820e-02
0.962500,0.912500,3.863397e-02
0.975000,0.912500,2.708716e-02
0.987500,0.912500,1.426444e-02
1.000000,0.912500,0.000000e+00
0.000000,0.925000,0.000000e+00
0.012500,0.925000,1.487840e-03
0.025000,0.925000,2.825804e-03
0.037500,0.925000,4.037741e-03
0.050000,0.925000,5.147192e-03
0.062500,0.925000,6.169726e-03
0.075000,0.925000,7.112428e-03
0.087500,0.925000,7.981974e-03
0.100000,0.925000,8.785039e-03
0.112500,0.925000,9.528297e-03
0.125000,0.925000,1.021842e-02
0.137500,0.925000,1.086209e-02
0.150000,0.925000,1.146598e-02
0.162500,0.925000,1.203675e-02
0.175000,0.925000,1.258029e-02
0.187500,0.925000,1.309982e-02
0.200000,0.925000,1.359805e-02
0.212500,0.925000,1.407767e-02
0.225000,0.925000,1.454141e-02
0.237500,0.925000,1.499194e-02
0.250000,0.925000,1.543199e-02
0.262500,0.925000,1.586425e-02
0.275000,0.925000,1.629143e-02
0.287500,0.925000,1.671623e-02
0.300000,0.925000,1.714135e-02
0.312500,0.925000,1.756950e-02
0.325000,0.925000,1.800353e-02
0.337500,0.925000,1.844724e-02
0.350000,0.925000,1.890476e-02
0.362500,0.925000,1.938021e-02
0.375000,0.925000,1.987772e-02
0.387500,0.925000,2.040141e-02
0.400000,0.925000,2.095542e-02
0.412500,0.925000,2.154386e-02
0.425000,0.925000,2.217090e-02
0.437500,0.925000,2.284297e-02
0.450000,0.925000,2.357052e-02
0.462500,0.925000,2.436442e-02
0.475000,0.925000,2.523552e-02
0.487500,0.925000,2.619480e-02
0.500000,0.925000,2.725355e-02
0.512500,0.925000,3.775965e-02
0.525000,0.925000,4.710837e-02
0.537500,0.925000,5.542388e-02
0.550000,0.925000,6.280400e-02
0.562500,0.925000,6.934497e-02
0.575000,0.925000,7.514301e-02
0.587500,0.925000,8.029435e-02
0.600000,0.925000,8.488476e-02
0.612500,0.925000,8.895222e-02
0.625000,0.925000,9.252112e-02
0.637500,0.925000,9.561586e-02
0.650000,0.925000,9.826082e-02
0.662500,0.925000,1.004804e-01
0.675000,0.925000,1.022990e-01
0.687500,0.925000,1.037409e-01
0.700000,0.925000,1.048306e-01
0.712500,0.925000,1.055883e-01
0.725000,0.925000,1.060145e-01
0.737500,0.925000,1.061041e-01
0.750000,0.925000,1.058522e-01
0.762500,0.925000,1.052536e-01
0.775000,0.925000,1.043034e-01
0.787500,0.925000,1.029965e-01
0.800000,0.925000,1.013278e-01
0.812500,0.925000,9.929228e-02
0.825000,0.925000,9.687760e-02
0.837500,0.925000,9.405466e-02
0.850000,0.925000,9.079200e-02
0.862500,0.925000,8.705821e-02
0.875000,0.925000,8.282184e-02
0.887500,0.925000,7.805146e-02
0.900000,0.925000,7.271563e-02
0.912500,0.925000,6.677358e-02
0.925000,0.925000,6.013923e-02
0.937500,0.925000,5.271286e-02
0.950000,0.925000,4.439469e-02
0.962500,0.925000,3.508499e-02
0.975000,0.925000,2.468347e-02
0.987500,0.925000,1.305365e-02
1.000000,0.925000,0.000000e+00
0.000000,0.937500,0.000000e+00
0.012500,0.937500,1.320114e-03
0.025000,0.937500,2.493519e-03
0.037500,0.937500,3.546441e-03
0.050000,0.937500,4.504744e-03
0.062500,0.937500,5.384981e-03
0.075000,0.937500,6.193796e-03
0.087500,0.937500,6.937351e-03
0.100000,0.937500,7.621808e-03
0.112500,0.937500,8.253330e-03
0.125000,0.937500,8.838079e-03
0.137500,0.937500,9.382217e-03
0.150000,0.937500,9.891908e-03
0.162500,0.937500,1.037331e-02
0.175000,0.937500,1.083180e-02
0.187500,0.937500,1.127016e-02
0.200000,0.937500,1.169064e-02
0.212500,0.937500,1.209552e-02
0.225000,0.937500,1.248705e-02
0.237500,0.937500,1.286750e-02
0.250000,0.937500,1.323912e-02
0.262500,0.937500,1.360418e-02
0.275000,0.937500,1.396494e-02
0.287500,0.937500,1.432367e-02
0.300000,0.937500,1.468262e-02
0.312500,0.937500,1.504406e-02
0.325000,0.937500,1.541040e-02
0.337500,0.937500,1.578502e-02
0.350000,0.937500,1.617161e-02
0.362500,0.937500,1.657387e-02
0.375000,0.937500,1.699550e-02
0.387500,0.937500,1.744022e-02
0.400000,0.937500,1.791171e-02
0.412500,0.937500,1.841367e-02
0.425000,0.937500,1.894985e-02
0.437500,0.937500,1.952645e-02
0.450000,0.937500,2.015403e-02
0.462500,0.937500,2.084362e-02
0.475000,0.937500,2.160622e-02
0.487500,0.937500,2.245350e-02
0.500000,0.937500,2.339925e-02
0.512500,0.937500,3.278956e-02
0.525000,0.937500,4.105125e-02
0.537500,0.937500,4.834544e-02
0.550000,0.937500,5.477313e-02
0.562500,0.937500,6.043169e-02
0.575000,0.937500,6.541849e-02
0.587500,0.937500,6.983093e-02
0.600000,0.937500,7.375535e-02
0.612500,0.937500,7.722794e-02
0.625000,0.937500,8.027058e-02
0.637500,0.937500,8.290516e-02
0.650000,0.937500,8.515355e-02
0.662500,0.937500,8.703763e-02
0.675000,0.937500,8.857929e-02
0.687500,0.937500,8.980041e-02
0.700000,0.937500,9.072287e-02
0.712500,0.937500,9.136475e-02
0.725000,0.937500,9.172665e-02
0.737500,0.937500,9.180414e-02
0.750000,0.937500,9.159278e-02
0.762500,0.937500,9.108811e-02
0.775000,0.937500,9.028572e-02
0.787500,0.937500,8.918115e-02
0.800000,0.937500,8.776997e-02
0.812500,0.937500,8.604772e-02
0.825000,0.937500,8.400349e-02
0.837500,0.937500,8.161160e-02
0.850000,0.937500,7.884430e-02
0.862500,0.937500,7.567383e-02
0.875000,0.937500,7.207245e-02
0.887500,0.937500,6.801239e-02
0.900000,0.937500,6.346590e-02
0.912500,0.937500,5.839545e-02
0.925000,0.937500,5.271614e-02
0.937500,0.937500,4.632873e-02
0.950000,0.937500,3.913399e-02
0.962500,0.937500,3.103269e-02
0.975000,0.937500,2.192484e-02
0.987500,0.937500,1.165903e-02
1.000000,0.937500,0.000000e+00
0.000000,0.950000,0.000000e+00
0.012500,0.950000,1.129797e-03
0.025000,0.950000,2.119332e-03
0.037500,0.950000,2.996780e-03
0.050000,0.950000,3.789907e-03
0.062500,0.950000,4.515921e-03
0.075000,0.950000,5.180795e-03
0.087500,0.950000,5.789958e-03
0.100000,0.950000,6.348838e-03
0.112500,0.950000,6.862863e-03
0.125000,0.950000,7.337462e-03
0.137500,0.950000,7.778063e-03
0.150000,0.950000,8.190095e-03
0.162500,0.950000,8.578986e-03
0.175000,0.950000,8.949427e-03
0.187500,0.950000,9.303714e-03
0.200000,0.950000,9.643656e-03
0.212500,0.950000,9.971063e-03
0.225000,0.950000,1.028775e-02
0.237500,0.950000,1.059551e-02
0.250000,0.950000,1.089617e-02
0.262500,0.950000,1.119153e-02
0.275000,0.950000,1.148341e-02
0.287500,0.950000,1.177361e-02
0.300000,0.950000,1.206394e-02
0.312500,0.950000,1.235622e-02
0.325000,0.950000,1.265240e-02
0.337500,0.950000,1.295533e-02
0.350000,0.950000,1.326819e-02
0.362500,0.950000,1.359414e-02
0.375000,0.950000,1.393637e-02
0.387500,0.950000,1.429804e-02
0.400000,0.950000,1.468232e-02
0.412500,0.950000,1.509239e-02
0.425000,0.950000,1.553145e-02
0.437500,0.950000,1.600523e-02
0.450000,0.950000,1.652390e-02
0.462500,0.950000,1.709811e-02
0.475000,0.950000,1.773848e-02
0.487500,0.950000,1.845748e-02
0.500000,0.950000,1.927308e-02
0.512500,0.950000,2.737420e-02
0.525000,0.950000,3.438654e-02
0.537500,0.950000,4.052633e-02
0.550000,0.950000,4.589455e-02
0.562500,0.950000,5.058525e-02
0.575000,0.950000,5.469253e-02
0.587500,0.950000,5.831045e-02
0.600000,0.950000,6.152209e-02
0.612500,0.950000,6.436041e-02
0.625000,0.950000,6.684409e-02
0.637500,0.950000,6.899181e-02
0.650000,0.950000,7.082225e-02
0.662500,0.950000,7.235408e-02
0.675000,0.950000,7.360598e-02
0.687500,0.950000,7.459663e-02
0.700000,0.950000,7.534472e-02
0.712500,0.950000,7.586568e-02
0.725000,0.950000,7.616008e-02
0.737500,0.950000,7.622419e-02
0.750000,0.950000,7.605429e-02
0.762500,0.950000,7.564664e-02
0.775000,0.950000,7.499753e-02
0.787500,0.950000,7.410321e-02
0.800000,0.950000,7.295997e-02
0.812500,0.950000,7.156405e-02
0.825000,0.950000,6.990630e-02
0.837500,0.950000,6.796508e-02
0.850000,0.950000,6.571702e-02
0.862500,0.950000,6.313877e-02
0.875000,0.950000,6.020695e-02
0.887500,0.950000,5.689820e-02
0.900000,0.950000,5.318915e-02
0.912500,0.950000,4.904677e-02
0.925000,0.950000,4.439129e-02
0.937500,0.950000,3.912876e-02
0.950000,0.950000,3.316525e-02
0.962500,0.950000,2.640683e-02
0.975000,0.950000,1.875849e-02
0.987500,0.950000,1.005205e-02
1.000000,0.950000,0.000000e+00
0.000000,0.962500,0.000000e+00
0.012500,0.962500,9.139406e-04
0.025000,0.962500,1.698272e-03
0.037500,0.962500,2.382472e-03
0.050000,0.962500,2.995564e-03
0.062500,0.962500,3.554949e-03
0.075000,0.962500,4.065653e-03
0.087500,0.962500,4.532102e-03
0.100000,0.962500,4.958723e-03
0.112500,0.962500,5.349942e-03
0.125000,0.962500,5.710186e-03
0.137500,0.962500,6.043881e-03
0.150000,0.962500,6.355455e-03
0.162500,0.962500,6.649333e-03
0.175000,0.962500,6.929316e-03
0.187500,0.962500,7.197172e-03
0.200000,0.962500,7.454254e-03
0.212500,0.962500,7.701919e-03
0.225000,0.962500,7.941521e-03
0.237500,0.962500,8.174415e-03
0.250000,0.962500,8.401955e-03
0.262500,0.962500,8.625496e-03
0.275000,0.962500,8.846394e-03
0.287500,0.962500,9.066002e-03
0.300000,0.962500,9.285676e-03
0.312500,0.962500,9.506771e-03
0.325000,0.962500,9.730771e-03
0.337500,0.962500,9.959923e-03
0.350000,0.962500,1.019675e-02
0.362500,0.962500,1.044377e-02
0.375000,0.962500,1.070351e-02
0.387500,0.962500,1.097850e-02
0.400000,0.962500,1.127124e-02
0.412500,0.962500,1.158427e-02
0.425000,0.962500,1.192014e-02
0.437500,0.962500,1.228378e-02
0.450000,0.962500,1.268430e-02
0.462500,0.962500,1.313126e-02
0.475000,0.962500,1.363421e-02
0.487500,0.962500,1.420656e-02
0.500000,0.962500,1.487262e-02
0.512500,0.962500,2.148766e-02
0.525000,0.962500,2.706738e-02
0.537500,0.962500,3.190561e-02
0.550000,0.962500,3.609905e-02
0.562500,0.962500,3.973266e-02
0.575000,0.962500,4.289142e-02
0.587500,0.962500,4.566028e-02
0.600000,0.962500,4.811398e-02
0.612500,0.962500,5.028051e-02
0.625000,0.962500,5.217458e-02
0.637500,0.962500,5.381088e-02
0.650000,0.962500,5.520410e-02
0.662500,0.962500,5.636895e-02
0.675000,0.962500,5.732012e-02
0.687500,0.962500,5.807230e-02
0.700000,0.962500,5.864019e-02
0.712500,0.962500,5.903596e-02
0.725000,0.962500,5.926008e-02
0.737500,0.962500,5.930964e-02
0.750000,0.962500,5.918176e-02
0.762500,0.962500,5.887354e-02
0.775000,0.962500,5.838209e-02
0.787500,0.962500,5.770451e-02
0.800000,0.962500,5.683790e-02
0.812500,0.962500,5.577936e-02
0.825000,0.962500,5.452175e-02
0.837500,0.962500,5.304819e-02
0.850000,0.962500,5.134045e-02
0.862500,0.962500,4.938031e-02
0.875000,0.962500,4.714953e-02
0.887500,0.962500,4.462989e-02
0.900000,0.962500,4.180315e-02
0.912500,0.962500,3.864229e-02
0.925000,0.962500,3.507773e-02
0.937500,0.962500,3.102701e-02
0.950000,0.962500,2.640765e-02
0.962500,0.962500,2.113719e-02
0.975000,0.962500,1.513168e-02
0.987500,0.962500,8.204189e-03
1.000000,0.962500,0.000000e+00
0.000000,0.975000,0.000000e+00
0.012500,0.975000,6.689229e-04
0.025000,0.975000,1.224530e-03
0.037500,0.975000,1.696512e-03
0.050000,0.975000,2.114080e-03
0.062500,0.975000,2.494111e-03
0.075000,0.975000,2.840358e-03
0.087500,0.975000,3.155937e-03
0.100000,0.975000,3.443964e-03
0.112500,0.975000,3.707556e-03
0.125000,0.975000,3.949827e-03
0.137500,0.975000,4.173894e-03
0.150000,0.975000,4.382874e-03
0.162500,0.975000,4.579881e-03
0.175000,0.975000,4.767583e-03
0.187500,0.975000,4.947179e-03
0.200000,0.975000,5.119577e-03
0.212500,0.975000,5.285681e-03
0.225000,0.975000,5.446395e-03
0.237500,0.975000,5.602626e-03
0.250000,0.975000,5.755278e-03
0.262500,0.975000,5.905257e-03
0.275000,0.975000,6.053467e-03
0.287500,0.975000,6.200814e-03
0.300000,0.975000,6.348203e-03
0.312500,0.975000,6.496538e-03
0.325000,0.975000,6.646819e-03
0.337500,0.975000,6.800586e-03
0.350000,0.975000,6.959576e-03
0.362500,0.975000,7.125530e-03
0.375000,0.975000,7.300183e-03
0.387500,0.975000,7.485275e-03
0.400000,0.975000,7.682543e-03
0.412500,0.975000,7.893727e-03
0.425000,0.975000,8.120586e-03
0.437500,0.975000,8.366863e-03
0.450000,0.975000,8.639790e-03
0.462500,0.975000,8.946957e-03
0.475000,0.975000,9.295962e-03
0.487500,0.975000,9.701179e-03
0.500000,0.975000,1.019544e-02
0.512500,0.975000,1.509809e-02
0.525000,0.975000,1.904117e-02
0.537500,0.975000,2.241730e-02
0.550000,0.975000,2.531323e-02
0.562500,0.975000,2.779760e-02
0.575000,0.975000,2.993902e-02
0.587500,0.975000,3.180612e-02
0.600000,0.975000,3.345894e-02
0.612500,0.975000,3.491850e-02
0.625000,0.975000,3.619466e-02
0.637500,0.975000,3.729730e-02
0.650000,0.975000,3.823628e-02
0.662500,0.975000,3.902150e-02
0.675000,0.975000,3.966281e-02
0.687500,0.975000,4.017009e-02
0.700000,0.975000,4.055322e-02
0.712500,0.975000,4.082037e-02
0.725000,0.975000,4.097186e-02
0.737500,0.975000,4.100576e-02
0.750000,0.975000,4.092015e-02
0.762500,0.975000,4.071308e-02
0.775000,0.975000,4.038264e-02
0.787500,0.975000,3.992689e-02
0.800000,0.975000,3.934389e-02
0.812500,0.975000,3.863171e-02
0.825000,0.975000,3.778554e-02
0.837500,0.975000,3.679398e-02
0.850000,0.975000,3.564472e-02
0.862500,0.975000,3.432544e-02
0.875000,0.975000,3.282383e-02
0.887500,0.975000,3.112756e-02
0.900000,0.975000,2.922433e-02
0.912500,0.975000,2.709482e-02
0.925000,0.975000,2.468583e-02
0.937500,0.975000,2.193390e-02
0.950000,0.975000,1.877557e-02
0.962500,0.975000,1.514740e-02
0.975000,0.975000,1.098388e-02
0.987500,0.975000,6.079422e-03
1.000000,0.975000,0.000000e+00
0.000000,0.987500,0.000000e+00
0.012500,0.987500,3.757272e-04
0.025000,0.987500,6.731297e-04
0.037500,0.987500,9.155604e-04
0.050000,0.987500,1.125980e-03
0.062500,0.987500,1.317242e-03
0.075000,0.987500,1.491442e-03
0.087500,0.987500,1.650156e-03
0.100000,0.987500,1.794958e-03
0.112500,0.987500,1.927424e-03
0.125000,0.987500,2.049128e-03
0.137500,0.987500,2.161645e-03
0.150000,0.987500,2.266551e-03
0.162500,0.987500,2.365420e-03
0.175000,0.987500,2.459600e-03
0.187500,0.987500,2.549698e-03
0.200000,0.987500,2.636173e-03
0.212500,0.987500,2.719482e-03
0.225000,0.987500,2.800083e-03
0.237500,0.987500,2.878435e-03
0.250000,0.987500,2.954994e-03
0.262500,0.987500,3.030220e-03
0.275000,0.987500,3.104570e-03
0.287500,0.987500,3.178501e-03
0.300000,0.987500,3.252472e-03
0.312500,0.987500,3.326941e-03
0.325000,0.987500,3.402411e-03
0.337500,0.987500,3.479649e-03
0.350000,0.987500,3.559519e-03
0.362500,0.987500,3.642884e-03
0.375000,0.987500,3.730608e-03
0.387500,0.987500,3.823553e-03
0.400000,0.987500,3.922584e-03
0.412500,0.987500,4.028564e-03
0.425000,0.987500,4.142370e-03
0.437500,0.987500,4.266115e-03
0.450000,0.987500,4.404085e-03
0.462500,0.987500,4.560789e-03
0.475000,0.987500,4.740749e-03
0.487500,0.987500,4.956032e-03
0.500000,0.987500,5.238883e-03
0.512500,0.987500,8.037037e-03
0.525000,0.987500,1.012377e-02
0.537500,0.987500,1.188053e-02
0.550000,0.987500,1.336822e-02
0.562500,0.987500,1.462874e-02
0.575000,0.987500,1.570400e-02
0.587500,0.987500,1.663591e-02
0.600000,0.987500,1.746093e-02
0.612500,0.987500,1.819079e-02
0.625000,0.987500,1.883013e-02
0.637500,0.987500,1.938362e-02
0.650000,0.987500,1.985591e-02
0.662500,0.987500,2.025165e-02
0.675000,0.987500,2.057551e-02
0.687500,0.987500,2.083214e-02
0.700000,0.987500,2.102620e-02
0.712500,0.987500,2.116154e-02
0.725000,0.987500,2.123831e-02
0.737500,0.987500,2.125561e-02
0.750000,0.987500,2.121251e-02
0.762500,0.987500,2.110811e-02
0.775000,0.987500,2.094149e-02
0.787500,0.987500,2.071175e-02
0.800000,0.987500,2.041796e-02
0.812500,0.987500,2.005921e-02
0.825000,0.987500,1.963319e-02
0.837500,0.987500,1.913434e-02
0.850000,0.987500,1.855670e-02
0.862500,0.987500,1.789426e-02
0.875000,0.987500,1.714104e-02
0.887500,0.987500,1.629105e-02
0.900000,0.987500,1.533831e-02
0.912500,0.987500,1.427270e-02
0.925000,0.987500,1.306420e-02
0.937500,0.987500,1.167672e-02
0.950000,0.987500,1.007421e-02
0.962500,0.987500,8.220593e-03
0.975000,0.987500,6.077805e-03
0.987500,0.987500,3.470583e-03
1.000000,0.987500,0.000000e+00
0.000000,1.000000,0.000000e+00
0.012500,1.000000,0.000000e+00
0.025000,1.000000,0.000000e+00
0.037500,1.000000,0.000000e+00
0.050000,1.000000,0.000000e+00
0.062500,1.000000,0.000000e+00
0.075000,1.000000,0.000000e+00
0.087500,1.000000,0.000000e+00
0.100000,1.000000,0.000000e+00
0.112500,1.000000,0.000000e+00
0.125000,1.000000,0.000000e+00
0.137500,1.000000,0.000000e+00
0.150000,1.000000,0.000000e+00
0.162500,1.000000,0.000000e+00
0.175000,1.000000,0.000000e+00
0.187500,1.000000,0.000000e+00
0.200000,1.000000,0.000000e+00
0.212500,1.000000,0.000000e+00
0.225000,1.000000,0.000000e+00
0.237500,1.000000,0.000000e+00
0.250000,1.000000,0.000000e+00
0.262500,1.000000,0.000000e+00
0.275000,1.000000,0.000000e+00
0.287500,1.000000,0.000000e+00
0.300000,1.000000,0.000000e+00
0.312500,1.000000,0.000000e+00
0.325000,1.000000,0.000000e+00
0.337500,1.000000,0.000000e+00
0.350000,1.000000,0.000000e+00
0.362500,1.000000,0.000000e+00
0.375000,1.000000,0.000000e+00
0.387500,1.000000,0.000000e+00
0.400000,1.000000,0.000000e+00
0.412500,1.000000,0.000000e+00
0.425000,1.000000,0.000000e+00
0.437500,1.000000,0.000000e+00
0.450000,1.000000,0.000000e+00
0.462500,1.000000,0.000000e+00
0.475000,1.000000,0.000000e+00
0.487500,1.000000,0.000000e+00
0.500000,1.000000,0.000000e+00
0.512500,1.000000,0.000000e+00
0.525000,1.000000,0.000000e+00
0.537500,1.000000,0.000000e+00
0.550000,1.000000,0.000000e+00
0.562500,1.000000,0.000000e+00
0.575000,1.000000,0.000000e+00
0.587500,1.000000,0.000000e+00
0.600000,1.000000,0.000000e+00
0.612500,1.000000,0.000000e+00
0.625000,1.000000,0.000000e+00
0.637500,1.000000,0.000000e+00
0.650000,1.000000,0.000000e+00
0.662500,1.000000,0.000000e+00
0.675000,1.000000,0.000000e+00
0.687500,1.000000,0.000000e+00
0.700000,1.000000,0.000000e+00
0.712500,1.000000,0.000000e+00
0.725000,1.000000,0.000000e+00
0.737500,1.000000,0.000000e+00
0.750000,1.000000,0.000000e+00
0.762500,1.000000,0.000000e+00
0.775000,1.000000,0.000000e+00
0.787500,1.000000,0.000000e+00
0.800000,1.000000,0.000000e+00
0.812500,1.000000,0.000000e+00
0.825000,1.000000,0.000000e+00
0.837500,1.000000,0.000000e+00
0.850000,1.000000,0.000000e+00
0.862500,1.000000,0.000000e+00
0.875000,1.000000,0.000000e+00
0.887500,1.000000,0.000000e+00
0.900000,1.000000,0.000000e+00
0.912500,1.000000,0.000000e+00
0.925000,1.000000,0.000000e+00
0.937500,1.000000,0.000000e+00
0.950000,1.000000,0.000000e+00
0.962500,1.000000,0.000000e+00
0.975000,1.000000,0.000000e+00
0.987500,1.000000,0.000000e+00
1.000000,1.000000,0.000000e+00
