x,y,z
0.000000,0.000000,0.000000e+00
0.012500,0.000000,0.000000e+00
0.025000,0.000000,0.000000e+00
0.037500,0.000000,0.000000e+00
0.050000,0.000000,0.000000e+00
0.062500,0.000000,0.000000e+00
0.075000,0.000000,0.000000e+00
0.087500,0.000000,0.000000e+00
0.100000,0.000000,0.000000e+00
0.112500,0.000000,0.000000e+00
0.125000,0.000000,0.000000e+00
0.137500,0.000000,0.000000e+00
0.150000,0.000000,0.000000e+00
0.162500,0.000000,0.000000e+00
0.175000,0.000000,0.000000e+00
0.187500,0.000000,0.000000e+00
0.200000,0.000000,0.000000e+00
0.212500,0.000000,0.000000e+00
0.225000,0.000000,0.000000e+00
0.237500,0.000000,0.000000e+00
0.250000,0.000000,0.000000e+00
0.262500,0.000000,0.000000e+00
0.275000,0.000000,0.000000e+00
0.287500,0.000000,0.000000e+00
0.300000,0.000000,0.000000e+00
0.312500,0.000000,0.000000e+00
0.325000,0.000000,0.000000e+00
0.337500,0.000000,0.000000e+00
0.350000,0.000000,0.000000e+00
0.362500,0.000000,0.000000e+00
0.375000,0.000000,0.000000e+00
0.387500,0.000000,0.000000e+00
0.400000,0.000000,0.000000e+00
0.412500,0.000000,0.000000e+00
0.425000,0.000000,0.000000e+00
0.437500,0.000000,0.000000e+00
0.450000,0.000000,0.000000e+00
0.462500,0.000000,0.000000e+00
0.475000,0.000000,0.000000e+00
0.487500,0.000000,0.000000e+00
0.500000,0.000000,0.000000e+00
0.512500,0.000000,0.000000e+00
0.525000,0.000000,0.000000e+00
0.537500,0.000000,0.000000e+00
0.550000,0.000000,0.000000e+00
0.562500,0.000000,0.000000e+00
0.575000,0.000000,0.000000e+00
0.587500,0.000000,0.000000e+00
0.600000,0.000000,0.000000e+00
0.612500,0.000000,0.000000e+00
0.625000,0.000000,0.000000e+00
0.637500,0.000000,0.000000e+00
0.650000,0.000000,0.000000e+00
0.662500,0.000000,0.000000e+00
0.675000,0.000000,0.000000e+00
0.687500,0.000000,0.000000e+00
0.700000,0.000000,0.000000e+00
0.712500,0.000000,0.000000e+00
0.725000,0.000000,0.000000e+00
0.737500,0.000000,0.000000e+00
0.750000,0.000000,0.000000e+00
0.762500,0.000000,0.000000e+00
0.775000,0.000000,0.000000e+00
0.787500,0.000000,0.000000e+00
0.800000,0.000000,0.000000e+00
0.812500,0.000000,0.000000e+00
0.825000,0.000000,0.000000e+00
0.837500,0.000000,0.000000e+00
0.850000,0.000000,0.000000e+00
0.862500,0.000000,0.000000e+00
0.875000,0.000000,0.000000e+00
0.887500,0.000000,0.000000e+00
0.900000,0.000000,0.000000e+00
0.912500,0.000000,0.000000e+00
0.925000,0.000000,0.000000e+00
0.937500,0.000000,0.000000e+00
0.950000,0.000000,0.000000e+00
0.962500,0.000000,0.000000e+00
0.975000,0.000000,0.000000e+00
0.987500,0.000000,0.000000e+00
1.000000,0.000000,0.000000e+00
0.000000,0.012500,0.000000e+00
0.012500,0.012500,3.655605e-04
0.025000,0.012500,6.892806e-04
0.037500,0.012500,9.711604e-04
0.050000,0.012500,1.211200e-03
0.062500,0.012500,1.409399e-03
0.075000,0.012500,1.569463e-03
0.087500,0.012500,1.713767e-03
0.100000,0.012500,1.846068e-03
0.112500,0.012500,1.966365e-03
0.125000,0.012500,2.074658e-03
0.137500,0.012500,2.170947e-03
0.150000,0.012500,2.255231e-03
0.162500,0.012500,2.327512e-03
0.175000,0.012500,2.387789e-03
0.187500,0.012500,2.437081e-03
0.200000,0.012500,2.477479e-03
0.212500,0.012500,2.509044e-03
0.225000,0.012500,2.531777e-03
0.237500,0.012500,2.545678e-03
0.250000,0.012500,2.550746e-03
0.262500,0.012500,2.546982e-03
0.275000,0.012500,2.534386e-03
0.287500,0.012500,2.512957e-03
0.300000,0.012500,2.482695e-03
0.312500,0.012500,2.443190e-03
0.325000,0.012500,2.392649e-03
0.337500,0.012500,2.330864e-03
0.350000,0.012500,2.257834e-03
0.362500,0.012500,2.173560e-03
0.375000,0.012500,2.078041e-03
0.387500,0.012500,1.971277e-03
0.400000,0.012500,1.853269e-03
0.412500,0.012500,1.723698e-03
0.425000,0.012500,1.572980e-03
0.437500,0.012500,1.396628e-03
0.450000,0.012500,1.194643e-03
0.462500,0.012500,9.670250e-04
0.475000,0.012500,7.097203e-04
0.487500,0.012500,3.916899e-04
0.500000,0.012500,0.000000e+00
0.512500,0.012500,0.000000e+00
0.525000,0.012500,0.000000e+00
0.537500,0.012500,0.000000e+00
0.550000,0.012500,0.000000e+00
0.562500,0.012500,0.000000e+00
0.575000,0.012500,0.000000e+00
0.587500,0.012500,0.000000e+00
0.600000,0.012500,0.000000e+00
0.612500,0.012500,0.000000e+00
0.625000,0.012500,0.000000e+00
0.637500,0.012500,0.000000e+00
0.650000,0.012500,0.000000e+00
0.662500,0.012500,0.000000e+00
0.675000,0.012500,0.000000e+00
0.687500,0.012500,0.000000e+00
0.700000,0.012500,0.000000e+00
0.712500,0.012500,0.000000e+00
0.725000,0.012500,0.000000e+00
0.737500,0.012500,0.000000e+00
0.750000,0.012500,0.000000e+00
0.762500,0.012500,0.000000e+00
0.775000,0.012500,0.000000e+00
0.787500,0.012500,0.000000e+00
0.800000,0.012500,0.000000e+00
0.812500,0.012500,0.000000e+00
0.825000,0.012500,0.000000e+00
0.837500,0.012500,0.000000e+00
0.850000,0.012500,0.000000e+00
0.862500,0.012500,0.000000e+00
0.875000,0.012500,0.000000e+00
0.887500,0.012500,0.000000e+00
0.900000,0.012500,0.000000e+00
0.912500,0.012500,0.000000e+00
0.925000,0.012500,0.000000e+00
0.937500,0.012500,0.000000e+00
0.950000,0.012500,0.000000e+00
0.962500,0.012500,0.000000e+00
0.975000,0.012500,0.000000e+00
0.987500,0.012500,0.000000e+00
1.000000,0.012500,0.000000e+00
0.000000,0.025000,0.000000e+00
0.012500,0.025000,6.805020e-04
0.025000,0.025000,1.287164e-03
0.037500,0.025000,1.819986e-03
0.050000,0.025000,2.278969e-03
0.062500,0.025000,2.664111e-03
0.075000,0.025000,2.981610e-03
0.087500,0.025000,3.268891e-03
0.100000,0.025000,3.532235e-03
0.112500,0.025000,3.771640e-03
0.125000,0.025000,3.987108e-03
0.137500,0.025000,4.178638e-03
0.150000,0.025000,4.346231e-03
0.162500,0.025000,4.489885e-03
0.175000,0.025000,4.609602e-03
0.187500,0.025000,4.707437e-03
0.200000,0.025000,4.787602e-03
0.212500,0.025000,4.850223e-03
0.225000,0.025000,4.895300e-03
0.237500,0.025000,4.922832e-03
0.250000,0.025000,4.932820e-03
0.262500,0.025000,4.925264e-03
0.275000,0.025000,4.900164e-03
0.287500,0.025000,4.857519e-03
0.300000,0.025000,4.797330e-03
0.312500,0.025000,4.718778e-03
0.325000,0.025000,4.618293e-03
0.337500,0.025000,4.495459e-03
0.350000,0.025000,4.350277e-03
0.362500,0.025000,4.182747e-03
0.375000,0.025000,3.992868e-03
0.387500,0.025000,3.780641e-03
0.400000,0.025000,3.546065e-03
0.412500,0.025000,3.288581e-03
0.425000,0.025000,2.991320e-03
0.437500,0.025000,2.646388e-03
0.450000,0.025000,2.253785e-03
0.462500,0.025000,1.813512e-03
0.475000,0.025000,1.319120e-03
0.487500,0.025000,7.212441e-04
0.500000,0.025000,0.000000e+00
0.512500,0.025000,0.000000e+00
0.525000,0.025000,0.000000e+00
0.537500,0.025000,0.000000e+00
0.550000,0.025000,0.000000e+00
0.562500,0.025000,0.000000e+00
0.575000,0.025000,0.000000e+00
0.587500,0.025000,0.000000e+00
0.600000,0.025000,0.000000e+00
0.612500,0.025000,0.000000e+00
0.625000,0.025000,0.000000e+00
0.637500,0.025000,0.000000e+00
0.650000,0.025000,0.000000e+00
0.662500,0.025000,0.000000e+00
0.675000,0.025000,0.000000e+00
0.687500,0.025000,0.000000e+00
0.700000,0.025000,0.000000e+00
0.712500,0.025000,0.000000e+00
0.725000,0.025000,0.000000e+00
0.737500,0.025000,0.000000e+00
0.750000,0.025000,0.000000e+00
0.762500,0.025000,0.000000e+00
0.775000,0.025000,0.000000e+00
0.787500,0.025000,0.000000e+00
0.800000,0.025000,0.000000e+00
0.812500,0.025000,0.000000e+00
0.825000,0.025000,0.000000e+00
0.837500,0.025000,0.000000e+00
0.850000,0.025000,0.000000e+00
0.862500,0.025000,0.000000e+00
0.875000,0.025000,0.000000e+00
0.887500,0.025000,0.000000e+00
0.900000,0.025000,0.000000e+00
0.912500,0.025000,0.000000e+00
0.925000,0.025000,0.000000e+00
0.937500,0.025000,0.000000e+00
0.950000,0.025000,0.000000e+00
0.962500,0.025000,0.000000e+00
0.975000,0.025000,0.000000e+00
0.987500,0.025000,0.000000e+00
1.000000,0.025000,0.000000e+00
0.000000,0.037500,0.000000e+00
0.012500,0.037500,9.448247e-04
0.025000,0.037500,1.793651e-03
0.037500,0.037500,2.546478e-03
0.050000,0.037500,3.203306e-03
0.062500,0.037500,3.764136e-03
0.075000,0.037500,4.236442e-03
0.087500,0.037500,4.665371e-03
0.100000,0.037500,5.058499e-03
0.112500,0.037500,5.415825e-03
0.125000,0.037500,5.737351e-03
0.137500,0.037500,6.023075e-03
0.150000,0.037500,6.272998e-03
0.162500,0.037500,6.487120e-03
0.175000,0.037500,6.665440e-03
0.187500,0.037500,6.811068e-03
0.200000,0.037500,6.930370e-03
0.212500,0.037500,7.023536e-03
0.225000,0.037500,7.090567e-03
0.237500,0.037500,7.131463e-03
0.250000,0.037500,7.146223e-03
0.262500,0.037500,7.134847e-03
0.275000,0.037500,7.097335e-03
0.287500,0.037500,7.033688e-03
0.300000,0.037500,6.943906e-03
0.312500,0.037500,6.826764e-03
0.325000,0.037500,6.676931e-03
0.337500,0.037500,6.493786e-03
0.350000,0.037500,6.277330e-03
0.362500,0.037500,6.027562e-03
0.375000,0.037500,5.744483e-03
0.387500,0.037500,5.428091e-03
0.400000,0.037500,5.078388e-03
0.412500,0.037500,4.694648e-03
0.425000,0.037500,4.255021e-03
0.437500,0.037500,3.749280e-03
0.450000,0.037500,3.177426e-03
0.462500,0.037500,2.539460e-03
0.475000,0.037500,1.828200e-03
0.487500,0.037500,9.886625e-04
0.500000,0.037500,0.000000e+00
0.512500,0.037500,0.000000e+00
0.525000,0.037500,0.000000e+00
0.537500,0.037500,0.000000e+00
0.550000,0.037500,0.000000e+00
0.562500,0.037500,0.000000e+00
0.575000,0.037500,0.000000e+00
0.587500,0.037500,0.000000e+00
0.600000,0.037500,0.000000e+00
0.612500,0.037500,0.000000e+00
0.625000,0.037500,0.000000e+00
0.637500,0.037500,0.000000e+00
0.650000,0.037500,0.000000e+00
0.662500,0.037500,0.000000e+00
0.675000,0.037500,0.000000e+00
0.687500,0.037500,0.000000e+00
0.700000,0.037500,0.000000e+00
0.712500,0.037500,0.000000e+00
0.725000,0.037500,0.000000e+00
0.737500,0.037500,0.000000e+00
0.750000,0.037500,0.000000e+00
0.762500,0.037500,0.000000e+00
0.775000,0.037500,0.000000e+00
0.787500,0.037500,0.000000e+00
0.800000,0.037500,0.000000e+00
0.812500,0.037500,0.000000e+00
0.825000,0.037500,0.000000e+00
0.837500,0.037500,0.000000e+00
0.850000,0.037500,0.000000e+00
0.862500,0.037500,0.000000e+00
0.875000,0.037500,0.000000e+00
0.887500,0.037500,0.000000e+00
0.900000,0.037500,0.000000e+00
0.912500,0.037500,0.000000e+00
0.925000,0.037500,0.000000e+00
0.937500,0.037500,0.000000e+00
0.950000,0.037500,0.000000e+00
0.962500,0.037500,0.000000e+00
0.975000,0.037500,0.000000e+00
0.987500,0.037500,0.000000e+00
1.000000,0.037500,0.000000e+00
0.000000,0.050000,0.000000e+00
0.012500,0.050000,1.163193e-03
0.025000,0.050000,2.216946e-03
0.037500,0.050000,3.161259e-03
0.050000,0.050000,3.996132e-03
0.062500,0.050000,4.721565e-03
0.075000,0.050000,5.345250e-03
0.087500,0.050000,5.913646e-03
0.100000,0.050000,6.434547e-03
0.112500,0.050000,6.907954e-03
0.125000,0.050000,7.333867e-03
0.137500,0.050000,7.712286e-03
0.150000,0.050000,8.043210e-03
0.162500,0.050000,8.326641e-03
0.175000,0.050000,8.562577e-03
0.187500,0.050000,8.755169e-03
0.200000,0.050000,8.912918e-03
0.212500,0.050000,9.036078e-03
0.225000,0.050000,9.124650e-03
0.237500,0.050000,9.178632e-03
0.250000,0.050000,9.198025e-03
0.262500,0.050000,9.182829e-03
0.275000,0.050000,9.133044e-03
0.287500,0.050000,9.048670e-03
0.300000,0.050000,8.929706e-03
0.312500,0.050000,8.774537e-03
0.325000,0.050000,8.576115e-03
0.337500,0.050000,8.333620e-03
0.350000,0.050000,8.047052e-03
0.362500,0.050000,7.716411e-03
0.375000,0.050000,7.341698e-03
0.387500,0.050000,6.922911e-03
0.400000,0.050000,6.460052e-03
0.412500,0.050000,5.952298e-03
0.425000,0.050000,5.374898e-03
0.437500,0.050000,4.716270e-03
0.450000,0.050000,3.976413e-03
0.462500,0.050000,3.155328e-03
0.475000,0.050000,2.246526e-03
0.487500,0.050000,1.200329e-03
0.500000,0.050000,0.000000e+00
0.512500,0.050000,0.000000e+00
0.525000,0.050000,0.000000e+00
0.537500,0.050000,0.000000e+00
0.550000,0.050000,0.000000e+00
0.562500,0.050000,0.000000e+00
0.575000,0.050000,0.000000e+00
0.587500,0.050000,0.000000e+00
0.600000,0.050000,0.000000e+00
0.612500,0.050000,0.000000e+00
0.625000,0.050000,0.000000e+00
0.637500,0.050000,0.000000e+00
0.650000,0.050000,0.000000e+00
0.662500,0.050000,0.000000e+00
0.675000,0.050000,0.000000e+00
0.687500,0.050000,0.000000e+00
0.700000,0.050000,0.000000e+00
0.712500,0.050000,0.000000e+00
0.725000,0.050000,0.000000e+00
0.737500,0.050000,0.000000e+00
0.750000,0.050000,0.000000e+00
0.762500,0.050000,0.000000e+00
0.775000,0.050000,0.000000e+00
0.787500,0.050000,0.000000e+00
0.800000,0.050000,0.000000e+00
0.812500,0.050000,0.000000e+00
0.825000,0.050000,0.000000e+00
0.837500,0.050000,0.000000e+00
0.850000,0.050000,0.000000e+00
0.862500,0.050000,0.000000e+00
0.875000,0.050000,0.000000e+00
0.887500,0.050000,0.000000e+00
0.900000,0.050000,0.000000e+00
0.912500,0.050000,0.000000e+00
0.925000,0.050000,0.000000e+00
0.937500,0.050000,0.000000e+00
0.950000,0.050000,0.000000e+00
0.962500,0.050000,0.000000e+00
0.975000,0.050000,0.000000e+00
0.987500,0.050000,0.000000e+00
1.000000,0.050000,0.000000e+00
0.000000,0.062500,0.000000e+00
0.012500,0.062500,1.361686e-03
0.025000,0.062500,2.602929e-03
0.037500,0.062500,3.723730e-03
0.050000,0.062500,4.724088e-03
0.062500,0.062500,5.604003e-03
0.075000,0.062500,6.371173e-03
0.087500,0.062500,7.072085e-03
0.100000,0.062500,7.714541e-03
0.112500,0.062500,8.298539e-03
0.125000,0.062500,8.824081e-03
0.137500,0.062500,9.291166e-03
0.150000,0.062500,9.699795e-03
0.162500,0.062500,1.004997e-02
0.175000,0.062500,1.034168e-02
0.187500,0.062500,1.057997e-02
0.200000,0.062500,1.077515e-02
0.212500,0.062500,1.092751e-02
0.225000,0.062500,1.103707e-02
0.237500,0.062500,1.110383e-02
0.250000,0.062500,1.112777e-02
0.262500,0.062500,1.110891e-02
0.275000,0.062500,1.104723e-02
0.287500,0.062500,1.094276e-02
0.300000,0.062500,1.079547e-02
0.312500,0.062500,1.060342e-02
0.325000,0.062500,1.035807e-02
0.337500,0.062500,1.005843e-02
0.350000,0.062500,9.704507e-03
0.362500,0.062500,9.296294e-03
0.375000,0.062500,8.833793e-03
0.387500,0.062500,8.317003e-03
0.400000,0.062500,7.745924e-03
0.412500,0.062500,7.119667e-03
0.425000,0.062500,6.411431e-03
0.437500,0.062500,5.608672e-03
0.450000,0.062500,4.711391e-03
0.462500,0.062500,3.719588e-03
0.475000,0.062500,2.627587e-03
0.487500,0.062500,1.391937e-03
0.500000,0.062500,0.000000e+00
0.512500,0.062500,0.000000e+00
0.525000,0.062500,0.000000e+00
0.537500,0.062500,0.000000e+00
0.550000,0.062500,0.000000e+00
0.562500,0.062500,0.000000e+00
0.575000,0.062500,0.000000e+00
0.587500,0.062500,0.000000e+00
0.600000,0.062500,0.000000e+00
0.612500,0.062500,0.000000e+00
0.625000,0.062500,0.000000e+00
0.637500,0.062500,0.000000e+00
0.650000,0.062500,0.000000e+00
0.662500,0.062500,0.000000e+00
0.675000,0.062500,0.000000e+00
0.687500,0.062500,0.000000e+00
0.700000,0.062500,0.000000e+00
0.712500,0.062500,0.000000e+00
0.725000,0.062500,0.000000e+00
0.737500,0.062500,0.000000e+00
0.750000,0.062500,0.000000e+00
0.762500,0.062500,0.000000e+00
0.775000,0.062500,0.000000e+00
0.787500,0.062500,0.000000e+00
0.800000,0.062500,0.000000e+00
0.812500,0.062500,0.000000e+00
0.825000,0.062500,0.000000e+00
0.837500,0.062500,0.000000e+00
0.850000,0.062500,0.000000e+00
0.862500,0.062500,0.000000e+00
0.875000,0.062500,0.000000e+00
0.887500,0.062500,0.000000e+00
0.900000,0.062500,0.000000e+00
0.912500,0.062500,0.000000e+00
0.925000,0.062500,0.000000e+00
0.937500,0.062500,0.000000e+00
0.950000,0.062500,0.000000e+00
0.962500,0.062500,0.000000e+00
0.975000,0.062500,0.000000e+00
0.987500,0.062500,0.000000e+00
1.000000,0.062500,0.000000e+00
0.000000,0.075000,0.000000e+00
0.012500,0.075000,1.544347e-03
0.025000,0.075000,2.958714e-03
0.037500,0.075000,4.243101e-03
0.050000,0.075000,5.397507e-03
0.062500,0.075000,6.421932e-03
0.075000,0.075000,7.323998e-03
0.087500,0.075000,8.149738e-03
0.100000,0.075000,8.906876e-03
0.112500,0.075000,9.595412e-03
0.125000,0.075000,1.021535e-02
0.137500,0.075000,1.076668e-02
0.150000,0.075000,1.124941e-02
0.162500,0.075000,1.166353e-02
0.175000,0.075000,1.200906e-02
0.187500,0.075000,1.229171e-02
0.200000,0.075000,1.252324e-02
0.212500,0.075000,1.270399e-02
0.225000,0.075000,1.283397e-02
0.237500,0.075000,1.291317e-02
0.250000,0.075000,1.294159e-02
0.262500,0.075000,1.291923e-02
0.275000,0.075000,1.284610e-02
0.287500,0.075000,1.272219e-02
0.300000,0.075000,1.254751e-02
0.312500,0.075000,1.231981e-02
0.325000,0.075000,1.202934e-02
0.337500,0.075000,1.167496e-02
0.350000,0.075000,1.125668e-02
0.362500,0.075000,1.077450e-02
0.375000,0.075000,1.022841e-02
0.387500,0.075000,9.618412e-03
0.400000,0.075000,8.944512e-03
0.412500,0.075000,8.205770e-03
0.425000,0.075000,7.373995e-03
0.437500,0.075000,6.435993e-03
0.450000,0.075000,5.391763e-03
0.462500,0.075000,4.241306e-03
0.475000,0.075000,2.979678e-03
0.487500,0.075000,1.569021e-03
0.500000,0.075000,0.000000e+00
0.512500,0.075000,0.000000e+00
0.525000,0.075000,0.000000e+00
0.537500,0.075000,0.000000e+00
0.550000,0.075000,0.000000e+00
0.562500,0.075000,0.000000e+00
0.575000,0.075000,0.000000e+00
0.587500,0.075000,0.000000e+00
0.600000,0.075000,0.000000e+00
0.612500,0.075000,0.000000e+00
0.625000,0.075000,0.000000e+00
0.637500,0.075000,0.000000e+00
0.650000,0.075000,0.000000e+00
0.662500,0.075000,0.000000e+00
0.675000,0.075000,0.000000e+00
0.687500,0.075000,0.000000e+00
0.700000,0.075000,0.000000e+00
0.712500,0.075000,0.000000e+00
0.725000,0.075000,0.000000e+00
0.737500,0.075000,0.000000e+00
0.750000,0.075000,0.000000e+00
0.762500,0.075000,0.000000e+00
0.775000,0.075000,0.000000e+00
0.787500,0.075000,0.000000e+00
0.800000,0.075000,0.000000e+00
0.812500,0.075000,0.000000e+00
0.825000,0.075000,0.000000e+00
0.837500,0.075000,0.000000e+00
0.850000,0.075000,0.000000e+00
0.862500,0.075000,0.000000e+00
0.875000,0.075000,0.000000e+00
0.887500,0.075000,0.000000e+00
0.900000,0.075000,0.000000e+00
0.912500,0.075000,0.000000e+00
0.925000,0.075000,0.000000e+00
0.937500,0.075000,0.000000e+00
0.950000,0.075000,0.000000e+00
0.962500,0.075000,0.000000e+00
0.975000,0.075000,0.000000e+00
0.987500,0.075000,0.000000e+00
1.000000,0.075000,0.000000e+00
0.000000,0.087500,0.000000e+00
0.012500,0.087500,1.711177e-03
0.025000,0.087500,3.284301e-03
0.037500,0.087500,4.719371e-03
0.050000,0.087500,6.016388e-03
0.062500,0.087500,7.175352e-03
0.075000,0.087500,8.203727e-03
0.087500,0.087500,9.146606e-03
0.100000,0.087500,1.001155e-02
0.112500,0.087500,1.079857e-02
0.125000,0.087500,1.150766e-02
0.137500,0.087500,1.213882e-02
0.150000,0.087500,1.269204e-02
0.162500,0.087500,1.316734e-02
0.175000,0.087500,1.356471e-02
0.187500,0.087500,1.389039e-02
0.200000,0.087500,1.415720e-02
0.212500,0.087500,1.436551e-02
0.225000,0.087500,1.451533e-02
0.237500,0.087500,1.460665e-02
0.250000,0.087500,1.463948e-02
0.262500,0.087500,1.461381e-02
0.275000,0.087500,1.452964e-02
0.287500,0.087500,1.438698e-02
0.300000,0.087500,1.418582e-02
0.312500,0.087500,1.392371e-02
0.325000,0.087500,1.358992e-02
0.337500,0.087500,1.318321e-02
0.350000,0.087500,1.270358e-02
0.362500,0.087500,1.215102e-02
0.375000,0.087500,1.152554e-02
0.387500,0.087500,1.082714e-02
0.400000,0.087500,1.005582e-02
0.412500,0.087500,9.210608e-03
0.425000,0.087500,8.262592e-03
0.437500,0.087500,7.198233e-03
0.450000,0.087500,6.017530e-03
0.462500,0.087500,4.720483e-03
0.475000,0.087500,3.302797e-03
0.487500,0.087500,1.731582e-03
0.500000,0.087500,0.000000e+00
0.512500,0.087500,0.000000e+00
0.525000,0.087500,0.000000e+00
0.537500,0.087500,0.000000e+00
0.550000,0.087500,0.000000e+00
0.562500,0.087500,0.000000e+00
0.575000,0.087500,0.000000e+00
0.587500,0.087500,0.000000e+00
0.600000,0.087500,0.000000e+00
0.612500,0.087500,0.000000e+00
0.625000,0.087500,0.000000e+00
0.637500,0.087500,0.000000e+00
0.650000,0.087500,0.000000e+00
0.662500,0.087500,0.000000e+00
0.675000,0.087500,0.000000e+00
0.687500,0.087500,0.000000e+00
0.700000,0.087500,0.000000e+00
0.712500,0.087500,0.000000e+00
0.725000,0.087500,0.000000e+00
0.737500,0.087500,0.000000e+00
0.750000,0.087500,0.000000e+00
0.762500,0.087500,0.000000e+00
0.775000,0.087500,0.000000e+00
0.787500,0.087500,0.000000e+00
0.800000,0.087500,0.000000e+00
0.812500,0.087500,0.000000e+00
0.825000,0.087500,0.000000e+00
0.837500,0.087500,0.000000e+00
0.850000,0.087500,0.000000e+00
0.862500,0.087500,0.000000e+00
0.875000,0.087500,0.000000e+00
0.887500,0.087500,0.000000e+00
0.900000,0.087500,0.000000e+00
0.912500,0.087500,0.000000e+00
0.925000,0.087500,0.000000e+00
0.937500,0.087500,0.000000e+00
0.950000,0.087500,0.000000e+00
0.962500,0.087500,0.000000e+00
0.975000,0.087500,0.000000e+00
0.987500,0.087500,0.000000e+00
1.000000,0.087500,0.000000e+00
0.000000,0.100000,0.000000e+00
0.012500,0.100000,1.862176e-03
0.025000,0.100000,3.579689e-03
0.037500,0.100000,5.152542e-03
0.050000,0.100000,6.580733e-03
0.062500,0.100000,7.864262e-03
0.075000,0.100000,9.010358e-03
0.087500,0.100000,1.006269e-02
0.100000,0.100000,1.102857e-02
0.112500,0.100000,1.190802e-02
0.125000,0.100000,1.270103e-02
0.137500,0.100000,1.340759e-02
0.150000,0.100000,1.402771e-02
0.162500,0.100000,1.456139e-02
0.175000,0.100000,1.500863e-02
0.187500,0.100000,1.537601e-02
0.200000,0.100000,1.567703e-02
0.212500,0.100000,1.591208e-02
0.225000,0.100000,1.608116e-02
0.237500,0.100000,1.618429e-02
0.250000,0.100000,1.622144e-02
0.262500,0.100000,1.619263e-02
0.275000,0.100000,1.609786e-02
0.287500,0.100000,1.593712e-02
0.300000,0.100000,1.571042e-02
0.312500,0.100000,1.541513e-02
0.325000,0.100000,1.503982e-02
0.337500,0.100000,1.458318e-02
0.350000,0.100000,1.404519e-02
0.362500,0.100000,1.342587e-02
0.375000,0.100000,1.272520e-02
0.387500,0.100000,1.194319e-02
0.400000,0.100000,1.107984e-02
0.412500,0.100000,1.013418e-02
0.425000,0.100000,9.077221e-03
0.437500,0.100000,7.895391e-03
0.450000,0.100000,6.588691e-03
0.462500,0.100000,5.157118e-03
0.475000,0.100000,3.596946e-03
0.487500,0.100000,1.879617e-03
0.500000,0.100000,0.000000e+00
0.512500,0.100000,0.000000e+00
0.525000,0.100000,0.000000e+00
0.537500,0.100000,0.000000e+00
0.550000,0.100000,0.000000e+00
0.562500,0.100000,0.000000e+00
0.575000,0.100000,0.000000e+00
0.587500,0.100000,0.000000e+00
0.600000,0.100000,0.000000e+00
0.612500,0.100000,0.000000e+00
0.625000,0.100000,0.000000e+00
0.637500,0.100000,0.000000e+00
0.650000,0.100000,0.000000e+00
0.662500,0.100000,0.000000e+00
0.675000,0.100000,0.000000e+00
0.687500,0.100000,0.000000e+00
0.700000,0.100000,0.000000e+00
0.712500,0.100000,0.000000e+00
0.725000,0.100000,0.000000e+00
0.737500,0.100000,0.000000e+00
0.750000,0.100000,0.000000e+00
0.762500,0.100000,0.000000e+00
0.775000,0.100000,0.000000e+00
0.787500,0.100000,0.000000e+00
0.800000,0.100000,0.000000e+00
0.812500,0.100000,0.000000e+00
0.825000,0.100000,0.000000e+00
0.837500,0.100000,0.000000e+00
0.850000,0.100000,0.000000e+00
0.862500,0.100000,0.000000e+00
0.875000,0.100000,0.000000e+00
0.887500,0.100000,0.000000e+00
0.900000,0.100000,0.000000e+00
0.912500,0.100000,0.000000e+00
0.925000,0.100000,0.000000e+00
0.937500,0.100000,0.000000e+00
0.950000,0.100000,0.000000e+00
0.962500,0.100000,0.000000e+00
0.975000,0.100000,0.000000e+00
0.987500,0.100000,0.000000e+00
1.000000,0.100000,0.000000e+00
0.000000,0.112500,0.000000e+00
0.012500,0.112500,1.997342e-03
0.025000,0.112500,3.844880e-03
0.037500,0.112500,5.542612e-03
0.050000,0.112500,7.090540e-03
0.062500,0.112500,8.488663e-03
0.075000,0.112500,9.743893e-03
0.087500,0.112500,1.089798e-02
0.100000,0.112500,1.195794e-02
0.112500,0.112500,1.292376e-02
0.125000,0.112500,1.379544e-02
0.137500,0.112500,1.457299e-02
0.150000,0.112500,1.525640e-02
0.162500,0.112500,1.584568e-02
0.175000,0.112500,1.634083e-02
0.187500,0.112500,1.674857e-02
0.200000,0.112500,1.708272e-02
0.212500,0.112500,1.734369e-02
0.225000,0.112500,1.753147e-02
0.237500,0.112500,1.764607e-02
0.250000,0.112500,1.768748e-02
0.262500,0.112500,1.765571e-02
0.275000,0.112500,1.755075e-02
0.287500,0.112500,1.737261e-02
0.300000,0.112500,1.712129e-02
0.312500,0.112500,1.679405e-02
0.325000,0.112500,1.637904e-02
0.337500,0.112500,1.587487e-02
0.350000,0.112500,1.528153e-02
0.362500,0.112500,1.459903e-02
0.375000,0.112500,1.382737e-02
0.387500,0.112500,1.296655e-02
0.400000,0.112500,1.201657e-02
0.412500,0.112500,1.097648e-02
0.425000,0.112500,9.817881e-03
0.437500,0.112500,8.527469e-03
0.450000,0.112500,7.105246e-03
0.462500,0.112500,5.551212e-03
0.475000,0.112500,3.862123e-03
0.487500,0.112500,2.013129e-03
0.500000,0.112500,0.000000e+00
0.512500,0.112500,0.000000e+00
0.525000,0.112500,0.000000e+00
0.537500,0.112500,0.000000e+00
0.550000,0.112500,0.000000e+00
0.562500,0.112500,0.000000e+00
0.575000,0.112500,0.000000e+00
0.587500,0.112500,0.000000e+00
0.600000,0.112500,0.000000e+00
0.612500,0.112500,0.000000e+00
0.625000,0.112500,0.000000e+00
0.637500,0.112500,0.000000e+00
0.650000,0.112500,0.000000e+00
0.662500,0.112500,0.000000e+00
0.675000,0.112500,0.000000e+00
0.687500,0.112500,0.000000e+00
0.700000,0.112500,0.000000e+00
0.712500,0.112500,0.000000e+00
0.725000,0.112500,0.000000e+00
0.737500,0.112500,0.000000e+00
0.750000,0.112500,0.000000e+00
0.762500,0.112500,0.000000e+00
0.775000,0.112500,0.000000e+00
0.787500,0.112500,0.000000e+00
0.800000,0.112500,0.000000e+00
0.812500,0.112500,0.000000e+00
0.825000,0.112500,0.000000e+00
0.837500,0.112500,0.000000e+00
0.850000,0.112500,0.000000e+00
0.862500,0.112500,0.000000e+00
0.875000,0.112500,0.000000e+00
0.887500,0.112500,0.000000e+00
0.900000,0.112500,0.000000e+00
0.912500,0.112500,0.000000e+00
0.925000,0.112500,0.000000e+00
0.937500,0.112500,0.000000e+00
0.950000,0.112500,0.000000e+00
0.962500,0.112500,0.000000e+00
0.975000,0.112500,0.000000e+00
0.987500,0.112500,0.000000e+00
1.000000,0.112500,0.000000e+00
0.000000,0.125000,0.000000e+00
0.012500,0.125000,2.116677e-03
0.025000,0.125000,4.079871e-03
0.037500,0.125000,5.889582e-03
0.050000,0.125000,7.545810e-03
0.062500,0.125000,9.048554e-03
0.075000,0.125000,1.040433e-02
0.087500,0.125000,1.165249e-02
0.100000,0.125000,1.279964e-02
0.112500,0.125000,1.384578e-02
0.125000,0.125000,1.479091e-02
0.137500,0.125000,1.563502e-02
0.150000,0.125000,1.637812e-02
0.162500,0.125000,1.702022e-02
0.175000,0.125000,1.756130e-02
0.187500,0.125000,1.800807e-02
0.200000,0.125000,1.837428e-02
0.212500,0.125000,1.866034e-02
0.225000,0.125000,1.886624e-02
0.237500,0.125000,1.899199e-02
0.250000,0.125000,1.903759e-02
0.262500,0.125000,1.900303e-02
0.275000,0.125000,1.888832e-02
0.287500,0.125000,1.869345e-02
0.300000,0.125000,1.841843e-02
0.312500,0.125000,1.806049e-02
0.325000,0.125000,1.760757e-02
0.337500,0.125000,1.705827e-02
0.350000,0.125000,1.641259e-02
0.362500,0.125000,1.567052e-02
0.375000,0.125000,1.483207e-02
0.387500,0.125000,1.389724e-02
0.400000,0.125000,1.286602e-02
0.412500,0.125000,1.173752e-02
0.425000,0.125000,1.048457e-02
0.437500,0.125000,9.094465e-03
0.450000,0.125000,7.567195e-03
0.462500,0.125000,5.902764e-03
0.475000,0.125000,4.098330e-03
0.487500,0.125000,2.132117e-03
0.500000,0.125000,0.000000e+00
0.512500,0.125000,0.000000e+00
0.525000,0.125000,0.000000e+00
0.537500,0.125000,0.000000e+00
0.550000,0.125000,0.000000e+00
0.562500,0.125000,0.000000e+00
0.575000,0.125000,0.000000e+00
0.587500,0.125000,0.000000e+00
0.600000,0.125000,0.000000e+00
0.612500,0.125000,0.000000e+00
0.625000,0.125000,0.000000e+00
0.637500,0.125000,0.000000e+00
0.650000,0.125000,0.000000e+00
0.662500,0.125000,0.000000e+00
0.675000,0.125000,0.000000e+00
0.687500,0.125000,0.000000e+00
0.700000,0.125000,0.000000e+00
0.712500,0.125000,0.000000e+00
0.725000,0.125000,0.000000e+00
0.737500,0.125000,0.000000e+00
0.750000,0.125000,0.000000e+00
0.762500,0.125000,0.000000e+00
0.775000,0.125000,0.000000e+00
0.787500,0.125000,0.000000e+00
0.800000,0.125000,0.000000e+00
0.812500,0.125000,0.000000e+00
0.825000,0.125000,0.000000e+00
0.837500,0.125000,0.000000e+00
0.850000,0.125000,0.000000e+00
0.862500,0.125000,0.000000e+00
0.875000,0.125000,0.000000e+00
0.887500,0.125000,0.000000e+00
0.900000,0.125000,0.000000e+00
0.912500,0.125000,0.000000e+00
0.925000,0.125000,0.000000e+00
0.937500,0.125000,0.000000e+00
0.950000,0.125000,0.000000e+00
0.962500,0.125000,0.000000e+00
0.975000,0.125000,0.000000e+00
0.987500,0.125000,0.000000e+00
1.000000,0.125000,0.000000e+00
0.000000,0.137500,0.000000e+00
0.012500,0.137500,2.220260e-03
0.025000,0.137500,4.284812e-03
0.037500,0.137500,6.193657e-03
0.050000,0.137500,7.946796e-03
0.062500,0.137500,9.544227e-03
0.075000,0.137500,1.099199e-02
0.087500,0.137500,1.232656e-02
0.100000,0.137500,1.355405e-02
0.112500,0.137500,1.467447e-02
0.125000,0.137500,1.568781e-02
0.137500,0.137500,1.659408e-02
0.150000,0.137500,1.739328e-02
0.162500,0.137500,1.808540e-02
0.175000,0.137500,1.867045e-02
0.187500,0.137500,1.915492e-02
0.200000,0.137500,1.955211e-02
0.212500,0.137500,1.986244e-02
0.225000,0.137500,2.008589e-02
0.237500,0.137500,2.022247e-02
0.250000,0.137500,2.027218e-02
0.262500,0.137500,2.023501e-02
0.275000,0.137500,2.011097e-02
0.287500,0.137500,1.990006e-02
0.300000,0.137500,1.960227e-02
0.312500,0.137500,1.921486e-02
0.325000,0.137500,1.872584e-02
0.337500,0.137500,1.813381e-02
0.350000,0.137500,1.743878e-02
0.362500,0.137500,1.664074e-02
0.375000,0.137500,1.573969e-02
0.387500,0.137500,1.473563e-02
0.400000,0.137500,1.362857e-02
0.412500,0.137500,1.241766e-02
0.425000,0.137500,1.107765e-02
0.437500,0.137500,9.596694e-03
0.450000,0.137500,7.974808e-03
0.462500,0.137500,6.211989e-03
0.475000,0.137500,4.305712e-03
0.487500,0.137500,2.236654e-03
0.500000,0.137500,0.000000e+00
0.512500,0.137500,0.000000e+00
0.525000,0.137500,0.000000e+00
0.537500,0.137500,0.000000e+00
0.550000,0.137500,0.000000e+00
0.562500,0.137500,0.000000e+00
0.575000,0.137500,0.000000e+00
0.587500,0.137500,0.000000e+00
0.600000,0.137500,0.000000e+00
0.612500,0.137500,0.000000e+00
0.625000,0.137500,0.000000e+00
0.637500,0.137500,0.000000e+00
0.650000,0.137500,0.000000e+00
0.662500,0.137500,0.000000e+00
0.675000,0.137500,0.000000e+00
0.687500,0.137500,0.000000e+00
0.700000,0.137500,0.000000e+00
0.712500,0.137500,0.000000e+00
0.725000,0.137500,0.000000e+00
0.737500,0.137500,0.000000e+00
0.750000,0.137500,0.000000e+00
0.762500,0.137500,0.000000e+00
0.775000,0.137500,0.000000e+00
0.787500,0.137500,0.000000e+00
0.800000,0.137500,0.000000e+00
0.812500,0.137500,0.000000e+00
0.825000,0.137500,0.000000e+00
0.837500,0.137500,0.000000e+00
0.850000,0.137500,0.000000e+00
0.862500,0.137500,0.000000e+00
0.875000,0.137500,0.000000e+00
0.887500,0.137500,0.000000e+00
0.900000,0.137500,0.000000e+00
0.912500,0.137500,0.000000e+00
0.925000,0.137500,0.000000e+00
0.937500,0.137500,0.000000e+00
0.950000,0.137500,0.000000e+00
0.962500,0.137500,0.000000e+00
0.975000,0.137500,0.000000e+00
0.987500,0.137500,0.000000e+00
1.000000,0.137500,0.000000e+00
0.000000,0.150000,0.000000e+00
0.012500,0.150000,2.314394e-03
0.025000,0.150000,4.471478e-03
0.037500,0.150000,6.471251e-03
0.050000,0.150000,8.313714e-03
0.062500,0.150000,9.998866e-03
0.075000,0.150000,1.153226e-02
0.087500,0.150000,1.294744e-02
0.100000,0.150000,1.425003e-02
0.112500,0.150000,1.544003e-02
0.125000,0.150000,1.651744e-02
0.137500,0.150000,1.748225e-02
0.150000,0.150000,1.833449e-02
0.162500,0.150000,1.907413e-02
0.175000,0.150000,1.970118e-02
0.187500,0.150000,2.022184e-02
0.200000,0.150000,2.064883e-02
0.212500,0.150000,2.098252e-02
0.225000,0.150000,2.122291e-02
0.237500,0.150000,2.136999e-02
0.250000,0.150000,2.142379e-02
0.262500,0.150000,2.138428e-02
0.275000,0.150000,2.125147e-02
0.287500,0.150000,2.102536e-02
0.300000,0.150000,2.070595e-02
0.312500,0.150000,2.029054e-02
0.325000,0.150000,1.976730e-02
0.337500,0.150000,1.913487e-02
0.350000,0.150000,1.839325e-02
0.362500,0.150000,1.754243e-02
0.375000,0.150000,1.658242e-02
0.387500,0.150000,1.551321e-02
0.400000,0.150000,1.433481e-02
0.412500,0.150000,1.304645e-02
0.425000,0.150000,1.162490e-02
0.437500,0.150000,1.005931e-02
0.450000,0.150000,8.349678e-03
0.462500,0.150000,6.496000e-03
0.475000,0.150000,4.496031e-03
0.487500,0.150000,2.332559e-03
0.500000,0.150000,0.000000e+00
0.512500,0.150000,0.000000e+00
0.525000,0.150000,0.000000e+00
0.537500,0.150000,0.000000e+00
0.550000,0.150000,0.000000e+00
0.562500,0.150000,0.000000e+00
0.575000,0.150000,0.000000e+00
0.587500,0.150000,0.000000e+00
0.600000,0.150000,0.000000e+00
0.612500,0.150000,0.000000e+00
0.625000,0.150000,0.000000e+00
0.637500,0.150000,0.000000e+00
0.650000,0.150000,0.000000e+00
0.662500,0.150000,0.000000e+00
0.675000,0.150000,0.000000e+00
0.687500,0.150000,0.000000e+00
0.700000,0.150000,0.000000e+00
0.712500,0.150000,0.000000e+00
0.725000,0.150000,0.000000e+00
0.737500,0.150000,0.000000e+00
0.750000,0.150000,0.000000e+00
0.762500,0.150000,0.000000e+00
0.775000,0.150000,0.000000e+00
0.787500,0.150000,0.000000e+00
0.800000,0.150000,0.000000e+00
0.812500,0.150000,0.000000e+00
0.825000,0.150000,0.000000e+00
0.837500,0.150000,0.000000e+00
0.850000,0.150000,0.000000e+00
0.862500,0.150000,0.000000e+00
0.875000,0.150000,0.000000e+00
0.887500,0.150000,0.000000e+00
0.900000,0.150000,0.000000e+00
0.912500,0.150000,0.000000e+00
0.925000,0.150000,0.000000e+00
0.937500,0.150000,0.000000e+00
0.950000,0.150000,0.000000e+00
0.962500,0.150000,0.000000e+00
0.975000,0.150000,0.000000e+00
0.987500,0.150000,0.000000e+00
1.000000,0.150000,0.000000e+00
0.000000,0.162500,0.000000e+00
0.012500,0.162500,2.403064e-03
0.025000,0.162500,4.647308e-03
0.037500,0.162500,6.732733e-03
0.050000,0.162500,8.659338e-03
0.062500,0.162500,1.042712e-02
0.075000,0.162500,1.204119e-02
0.087500,0.162500,1.353236e-02
0.100000,0.162500,1.490581e-02
0.112500,0.162500,1.616153e-02
0.125000,0.162500,1.729953e-02
0.137500,0.162500,1.831980e-02
0.150000,0.162500,1.922235e-02
0.162500,0.162500,2.000717e-02
0.175000,0.162500,2.067427e-02
0.187500,0.162500,2.122953e-02
0.200000,0.162500,2.168503e-02
0.212500,0.162500,2.204112e-02
0.225000,0.162500,2.229781e-02
0.237500,0.162500,2.245509e-02
0.250000,0.162500,2.251297e-02
0.262500,0.162500,2.247144e-02
0.275000,0.162500,2.233051e-02
0.287500,0.162500,2.209017e-02
0.300000,0.162500,2.175042e-02
0.312500,0.162500,2.130861e-02
0.325000,0.162500,2.075310e-02
0.337500,0.162500,2.008254e-02
0.350000,0.162500,1.929694e-02
0.362500,0.162500,1.839630e-02
0.375000,0.162500,1.738060e-02
0.387500,0.162500,1.624986e-02
0.400000,0.162500,1.500407e-02
0.412500,0.162500,1.364253e-02
0.425000,0.162500,1.214391e-02
0.437500,0.162500,1.049821e-02
0.450000,0.162500,8.705445e-03
0.462500,0.162500,6.765612e-03
0.475000,0.162500,4.676718e-03
0.487500,0.162500,2.423510e-03
0.500000,0.162500,0.000000e+00
0.512500,0.162500,0.000000e+00
0.525000,0.162500,0.000000e+00
0.537500,0.162500,0.000000e+00
0.550000,0.162500,0.000000e+00
0.562500,0.162500,0.000000e+00
0.575000,0.162500,0.000000e+00
0.587500,0.162500,0.000000e+00
0.600000,0.162500,0.000000e+00
0.612500,0.162500,0.000000e+00
0.625000,0.162500,0.000000e+00
0.637500,0.162500,0.000000e+00
0.650000,0.162500,0.000000e+00
0.662500,0.162500,0.000000e+00
0.675000,0.162500,0.000000e+00
0.687500,0.162500,0.000000e+00
0.700000,0.162500,0.000000e+00
0.712500,0.162500,0.000000e+00
0.725000,0.162500,0.000000e+00
0.737500,0.162500,0.000000e+00
0.750000,0.162500,0.000000e+00
0.762500,0.162500,0.000000e+00
0.775000,0.162500,0.000000e+00
0.787500,0.162500,0.000000e+00
0.800000,0.162500,0.000000e+00
0.812500,0.162500,0.000000e+00
0.825000,0.162500,0.000000e+00
0.837500,0.162500,0.000000e+00
0.850000,0.162500,0.000000e+00
0.862500,0.162500,0.000000e+00
0.875000,0.162500,0.000000e+00
0.887500,0.162500,0.000000e+00
0.900000,0.162500,0.000000e+00
0.912500,0.162500,0.000000e+00
0.925000,0.162500,0.000000e+00
0.937500,0.162500,0.000000e+00
0.950000,0.162500,0.000000e+00
0.962500,0.162500,0.000000e+00
0.975000,0.162500,0.000000e+00
0.987500,0.162500,0.000000e+00
1.000000,0.162500,0.000000e+00
0.000000,0.175000,0.000000e+00
0.012500,0.175000,2.486270e-03
0.025000,0.175000,4.812305e-03
0.037500,0.175000,6.978104e-03
0.050000,0.175000,8.983669e-03
0.062500,0.175000,1.082900e-02
0.075000,0.175000,1.251878e-02
0.087500,0.175000,1.408133e-02
0.100000,0.175000,1.552140e-02
0.112500,0.175000,1.683899e-02
0.125000,0.175000,1.803410e-02
0.137500,0.175000,1.910672e-02
0.150000,0.175000,2.005687e-02
0.162500,0.175000,2.088453e-02
0.175000,0.175000,2.158971e-02
0.187500,0.175000,2.217798e-02
0.200000,0.175000,2.266071e-02
0.212500,0.175000,2.303825e-02
0.225000,0.175000,2.331060e-02
0.237500,0.175000,2.347776e-02
0.250000,0.175000,2.353972e-02
0.262500,0.175000,2.349650e-02
0.275000,0.175000,2.334809e-02
0.287500,0.175000,2.309448e-02
0.300000,0.175000,2.273568e-02
0.312500,0.175000,2.226908e-02
0.325000,0.175000,2.168323e-02
0.337500,0.175000,2.097683e-02
0.350000,0.175000,2.014986e-02
0.362500,0.175000,1.920233e-02
0.375000,0.175000,1.813424e-02
0.387500,0.175000,1.694558e-02
0.400000,0.175000,1.563636e-02
0.412500,0.175000,1.420592e-02
0.425000,0.175000,1.263466e-02
0.437500,0.175000,1.091339e-02
0.450000,0.175000,9.042111e-03
0.462500,0.175000,7.020824e-03
0.475000,0.175000,4.847772e-03
0.487500,0.175000,2.509506e-03
0.500000,0.175000,0.000000e+00
0.512500,0.175000,0.000000e+00
0.525000,0.175000,0.000000e+00
0.537500,0.175000,0.000000e+00
0.550000,0.175000,0.000000e+00
0.562500,0.175000,0.000000e+00
0.575000,0.175000,0.000000e+00
0.587500,0.175000,0.000000e+00
0.600000,0.175000,0.000000e+00
0.612500,0.175000,0.000000e+00
0.625000,0.175000,0.000000e+00
0.637500,0.175000,0.000000e+00
0.650000,0.175000,0.000000e+00
0.662500,0.175000,0.000000e+00
0.675000,0.175000,0.000000e+00
0.687500,0.175000,0.000000e+00
0.700000,0.175000,0.000000e+00
0.712500,0.175000,0.000000e+00
0.725000,0.175000,0.000000e+00
0.737500,0.175000,0.000000e+00
0.750000,0.175000,0.000000e+00
0.762500,0.175000,0.000000e+00
0.775000,0.175000,0.000000e+00
0.787500,0.175000,0.000000e+00
0.800000,0.175000,0.000000e+00
0.812500,0.175000,0.000000e+00
0.825000,0.175000,0.000000e+00
0.837500,0.175000,0.000000e+00
0.850000,0.175000,0.000000e+00
0.862500,0.175000,0.000000e+00
0.875000,0.175000,0.000000e+00
0.887500,0.175000,0.000000e+00
0.900000,0.175000,0.000000e+00
0.912500,0.175000,0.000000e+00
0.925000,0.175000,0.000000e+00
0.937500,0.175000,0.000000e+00
0.950000,0.175000,0.000000e+00
0.962500,0.175000,0.000000e+00
0.975000,0.175000,0.000000e+00
0.987500,0.175000,0.000000e+00
1.000000,0.175000,0.000000e+00
0.000000,0.187500,0.000000e+00
0.012500,0.187500,2.564011e-03
0.025000,0.187500,4.966466e-03
0.037500,0.187500,7.207365e-03
0.050000,0.187500,9.286706e-03
0.062500,0.187500,1.120449e-02
0.075000,0.187500,1.296503e-02
0.087500,0.187500,1.459434e-02
0.100000,0.187500,1.609680e-02
0.112500,0.187500,1.747240e-02
0.125000,0.187500,1.872114e-02
0.137500,0.187500,1.984302e-02
0.150000,0.187500,2.083804e-02
0.162500,0.187500,2.170621e-02
0.175000,0.187500,2.244752e-02
0.187500,0.187500,2.306718e-02
0.200000,0.187500,2.357587e-02
0.212500,0.187500,2.397390e-02
0.225000,0.187500,2.426128e-02
0.237500,0.187500,2.443799e-02
0.250000,0.187500,2.450405e-02
0.262500,0.187500,2.445946e-02
0.275000,0.187500,2.430421e-02
0.287500,0.187500,2.403830e-02
0.300000,0.187500,2.366173e-02
0.312500,0.187500,2.317194e-02
0.325000,0.187500,2.255770e-02
0.337500,0.187500,2.181772e-02
0.350000,0.187500,2.095200e-02
0.362500,0.187500,1.996053e-02
0.375000,0.187500,1.884332e-02
0.387500,0.187500,1.760037e-02
0.400000,0.187500,1.623167e-02
0.412500,0.187500,1.473662e-02
0.425000,0.187500,1.309717e-02
0.437500,0.187500,1.130485e-02
0.450000,0.187500,9.359676e-03
0.462500,0.187500,7.261637e-03
0.475000,0.187500,5.009194e-03
0.487500,0.187500,2.590549e-03
0.500000,0.187500,0.000000e+00
0.512500,0.187500,0.000000e+00
0.525000,0.187500,0.000000e+00
0.537500,0.187500,0.000000e+00
0.550000,0.187500,0.000000e+00
0.562500,0.187500,0.000000e+00
0.575000,0.187500,0.000000e+00
0.587500,0.187500,0.000000e+00
0.600000,0.187500,0.000000e+00
0.612500,0.187500,0.000000e+00
0.625000,0.187500,0.000000e+00
0.637500,0.187500,0.000000e+00
0.650000,0.187500,0.000000e+00
0.662500,0.187500,0.000000e+00
0.675000,0.187500,0.000000e+00
0.687500,0.187500,0.000000e+00
0.700000,0.187500,0.000000e+00
0.712500,0.187500,0.000000e+00
0.725000,0.187500,0.000000e+00
0.737500,0.187500,0.000000e+00
0.750000,0.187500,0.000000e+00
0.762500,0.187500,0.000000e+00
0.775000,0.187500,0.000000e+00
0.787500,0.187500,0.000000e+00
0.800000,0.187500,0.000000e+00
0.812500,0.187500,0.000000e+00
0.825000,0.187500,0.000000e+00
0.837500,0.187500,0.000000e+00
0.850000,0.187500,0.000000e+00
0.862500,0.187500,0.000000e+00
0.875000,0.187500,0.000000e+00
0.887500,0.187500,0.000000e+00
0.900000,0.187500,0.000000e+00
0.912500,0.187500,0.000000e+00
0.925000,0.187500,0.000000e+00
0.937500,0.187500,0.000000e+00
0.950000,0.187500,0.000000e+00
0.962500,0.187500,0.000000e+00
0.975000,0.187500,0.000000e+00
0.987500,0.187500,0.000000e+00
1.000000,0.187500,0.000000e+00
0.000000,0.200000,0.000000e+00
0.012500,0.200000,2.636289e-03
0.025000,0.200000,5.109793e-03
0.037500,0.200000,7.420514e-03
0.050000,0.200000,9.568450e-03
0.062500,0.200000,1.155360e-02
0.075000,0.200000,1.337994e-02
0.087500,0.200000,1.507140e-02
0.100000,0.200000,1.663200e-02
0.112500,0.200000,1.806175e-02
0.125000,0.200000,1.936065e-02
0.137500,0.200000,2.052869e-02
0.150000,0.200000,2.156588e-02
0.162500,0.200000,2.247221e-02
0.175000,0.200000,2.324769e-02
0.187500,0.200000,2.389715e-02
0.200000,0.200000,2.443052e-02
0.212500,0.200000,2.484808e-02
0.225000,0.200000,2.514984e-02
0.237500,0.200000,2.533580e-02
0.250000,0.200000,2.540596e-02
0.262500,0.200000,2.536032e-02
0.275000,0.200000,2.519887e-02
0.287500,0.200000,2.492162e-02
0.300000,0.200000,2.452857e-02
0.312500,0.200000,2.401719e-02
0.325000,0.200000,2.337651e-02
0.337500,0.200000,2.260523e-02
0.350000,0.200000,2.170336e-02
0.362500,0.200000,2.067091e-02
0.375000,0.200000,1.950786e-02
0.387500,0.200000,1.821422e-02
0.400000,0.200000,1.678999e-02
0.412500,0.200000,1.523462e-02
0.425000,0.200000,1.353142e-02
0.437500,0.200000,1.167260e-02
0.450000,0.200000,9.658139e-03
0.462500,0.200000,7.488050e-03
0.475000,0.200000,5.160985e-03
0.487500,0.200000,2.666638e-03
0.500000,0.200000,0.000000e+00
0.512500,0.200000,0.000000e+00
0.525000,0.200000,0.000000e+00
0.537500,0.200000,0.000000e+00
0.550000,0.200000,0.000000e+00
0.562500,0.200000,0.000000e+00
0.575000,0.200000,0.000000e+00
0.587500,0.200000,0.000000e+00
0.600000,0.200000,0.000000e+00
0.612500,0.200000,0.000000e+00
0.625000,0.200000,0.000000e+00
0.637500,0.200000,0.000000e+00
0.650000,0.200000,0.000000e+00
0.662500,0.200000,0.000000e+00
0.675000,0.200000,0.000000e+00
0.687500,0.200000,0.000000e+00
0.700000,0.200000,0.000000e+00
0.712500,0.200000,0.000000e+00
0.725000,0.200000,0.000000e+00
0.737500,0.200000,0.000000e+00
0.750000,0.200000,0.000000e+00
0.762500,0.200000,0.000000e+00
0.775000,0.200000,0.000000e+00
0.787500,0.200000,0.000000e+00
0.800000,0.200000,0.000000e+00
0.812500,0.200000,0.000000e+00
0.825000,0.200000,0.000000e+00
0.837500,0.200000,0.000000e+00
0.850000,0.200000,0.000000e+00
0.862500,0.200000,0.000000e+00
0.875000,0.200000,0.000000e+00
0.887500,0.200000,0.000000e+00
0.900000,0.200000,0.000000e+00
0.912500,0.200000,0.000000e+00
0.925000,0.200000,0.000000e+00
0.937500,0.200000,0.000000e+00
0.950000,0.200000,0.000000e+00
0.962500,0.200000,0.000000e+00
0.975000,0.200000,0.000000e+00
0.987500,0.200000,0.000000e+00
1.000000,0.200000,0.000000e+00
0.000000,0.212500,0.000000e+00
0.012500,0.212500,2.703102e-03
0.025000,0.212500,5.242286e-03
0.037500,0.212500,7.617552e-03
0.050000,0.212500,9.828901e-03
0.062500,0.212500,1.187633e-02
0.075000,0.212500,1.376350e-02
0.087500,0.212500,1.551249e-02
0.100000,0.212500,1.712701e-02
0.112500,0.212500,1.860706e-02
0.125000,0.212500,1.995263e-02
0.137500,0.212500,2.116374e-02
0.150000,0.212500,2.224037e-02
0.162500,0.212500,2.318253e-02
0.175000,0.212500,2.399021e-02
0.187500,0.212500,2.466788e-02
0.200000,0.212500,2.522465e-02
0.212500,0.212500,2.566079e-02
0.225000,0.212500,2.597630e-02
0.237500,0.212500,2.617119e-02
0.250000,0.212500,2.624544e-02
0.262500,0.212500,2.619907e-02
0.275000,0.212500,2.603207e-02
0.287500,0.212500,2.574445e-02
0.300000,0.212500,2.533620e-02
0.312500,0.212500,2.480485e-02
0.325000,0.212500,2.413965e-02
0.337500,0.212500,2.333935e-02
0.350000,0.212500,2.240395e-02
0.362500,0.212500,2.133345e-02
0.375000,0.212500,2.012785e-02
0.387500,0.212500,1.878715e-02
0.400000,0.212500,1.731134e-02
0.412500,0.212500,1.569993e-02
0.425000,0.212500,1.393743e-02
0.437500,0.212500,1.201662e-02
0.450000,0.212500,9.937500e-03
0.462500,0.212500,7.700064e-03
0.475000,0.212500,5.303142e-03
0.487500,0.212500,2.737772e-03
0.500000,0.212500,0.000000e+00
0.512500,0.212500,0.000000e+00
0.525000,0.212500,0.000000e+00
0.537500,0.212500,0.000000e+00
0.550000,0.212500,0.000000e+00
0.562500,0.212500,0.000000e+00
0.575000,0.212500,0.000000e+00
0.587500,0.212500,0.000000e+00
0.600000,0.212500,0.000000e+00
0.612500,0.212500,0.000000e+00
0.625000,0.212500,0.000000e+00
0.637500,0.212500,0.000000e+00
0.650000,0.212500,0.000000e+00
0.662500,0.212500,0.000000e+00
0.675000,0.212500,0.000000e+00
0.687500,0.212500,0.000000e+00
0.700000,0.212500,0.000000e+00
0.712500,0.212500,0.000000e+00
0.725000,0.212500,0.000000e+00
0.737500,0.212500,0.000000e+00
0.750000,0.212500,0.000000e+00
0.762500,0.212500,0.000000e+00
0.775000,0.212500,0.000000e+00
0.787500,0.212500,0.000000e+00
0.800000,0.212500,0.000000e+00
0.812500,0.212500,0.000000e+00
0.825000,0.212500,0.000000e+00
0.837500,0.212500,0.000000e+00
0.850000,0.212500,0.000000e+00
0.862500,0.212500,0.000000e+00
0.875000,0.212500,0.000000e+00
0.887500,0.212500,0.000000e+00
0.900000,0.212500,0.000000e+00
0.912500,0.212500,0.000000e+00
0.925000,0.212500,0.000000e+00
0.937500,0.212500,0.000000e+00
0.950000,0.212500,0.000000e+00
0.962500,0.212500,0.000000e+00
0.975000,0.212500,0.000000e+00
0.987500,0.212500,0.000000e+00
1.000000,0.212500,0.000000e+00
0.000000,0.225000,0.000000e+00
0.012500,0.225000,2.764451e-03
0.025000,0.225000,5.363944e-03
0.037500,0.225000,7.798479e-03
0.050000,0.225000,1.006806e-02
0.062500,0.225000,1.217268e-02
0.075000,0.225000,1.411572e-02
0.087500,0.225000,1.591763e-02
0.100000,0.225000,1.758183e-02
0.112500,0.225000,1.910832e-02
0.125000,0.225000,2.049709e-02
0.137500,0.225000,2.174816e-02
0.150000,0.225000,2.286152e-02
0.162500,0.225000,2.383716e-02
0.175000,0.225000,2.467510e-02
0.187500,0.225000,2.537937e-02
0.200000,0.225000,2.595826e-02
0.212500,0.225000,2.641202e-02
0.225000,0.225000,2.674065e-02
0.237500,0.225000,2.694414e-02
0.250000,0.225000,2.702250e-02
0.262500,0.225000,2.697573e-02
0.275000,0.225000,2.680382e-02
0.287500,0.225000,2.650678e-02
0.300000,0.225000,2.608461e-02
0.312500,0.225000,2.553490e-02
0.325000,0.225000,2.484713e-02
0.337500,0.225000,2.402008e-02
0.350000,0.225000,2.305376e-02
0.362500,0.225000,2.194816e-02
0.375000,0.225000,2.070329e-02
0.387500,0.225000,1.931914e-02
0.400000,0.225000,1.779572e-02
0.412500,0.225000,1.613254e-02
0.425000,0.225000,1.431519e-02
0.437500,0.225000,1.233693e-02
0.450000,0.225000,1.019776e-02
0.462500,0.225000,7.897678e-03
0.475000,0.225000,5.435668e-03
0.487500,0.225000,2.803952e-03
0.500000,0.225000,0.000000e+00
0.512500,0.225000,0.000000e+00
0.525000,0.225000,0.000000e+00
0.537500,0.225000,0.000000e+00
0.550000,0.225000,0.000000e+00
0.562500,0.225000,0.000000e+00
0.575000,0.225000,0.000000e+00
0.587500,0.225000,0.000000e+00
0.600000,0.225000,0.000000e+00
0.612500,0.225000,0.000000e+00
0.625000,0.225000,0.000000e+00
0.637500,0.225000,0.000000e+00
0.650000,0.225000,0.000000e+00
0.662500,0.225000,0.000000e+00
0.675000,0.225000,0.000000e+00
0.687500,0.225000,0.000000e+00
0.700000,0.225000,0.000000e+00
0.712500,0.225000,0.000000e+00
0.725000,0.225000,0.000000e+00
0.737500,0.225000,0.000000e+00
0.750000,0.225000,0.000000e+00
0.762500,0.225000,0.000000e+00
0.775000,0.225000,0.000000e+00
0.787500,0.225000,0.000000e+00
0.800000,0.225000,0.000000e+00
0.812500,0.225000,0.000000e+00
0.825000,0.225000,0.000000e+00
0.837500,0.225000,0.000000e+00
0.850000,0.225000,0.000000e+00
0.862500,0.225000,0.000000e+00
0.875000,0.225000,0.000000e+00
0.887500,0.225000,0.000000e+00
0.900000,0.225000,0.000000e+00
0.912500,0.225000,0.000000e+00
0.925000,0.225000,0.000000e+00
0.937500,0.225000,0.000000e+00
0.950000,0.225000,0.000000e+00
0.962500,0.225000,0.000000e+00
0.975000,0.225000,0.000000e+00
0.987500,0.225000,0.000000e+00
1.000000,0.225000,0.000000e+00
0.000000,0.237500,0.000000e+00
0.012500,0.237500,2.820335e-03
0.025000,0.237500,5.474767e-03
0.037500,0.237500,7.963295e-03
0.050000,0.237500,1.028592e-02
0.062500,0.237500,1.244264e-02
0.075000,0.237500,1.443661e-02
0.087500,0.237500,1.628681e-02
0.100000,0.237500,1.799645e-02
0.112500,0.237500,1.956552e-02
0.125000,0.237500,2.099403e-02
0.137500,0.237500,2.228196e-02
0.150000,0.237500,2.342932e-02
0.162500,0.237500,2.443612e-02
0.175000,0.237500,2.530235e-02
0.187500,0.237500,2.603162e-02
0.200000,0.237500,2.663136e-02
0.212500,0.237500,2.710178e-02
0.225000,0.237500,2.744288e-02
0.237500,0.237500,2.765466e-02
0.250000,0.237500,2.773713e-02
0.262500,0.237500,2.769028e-02
0.275000,0.237500,2.751411e-02
0.287500,0.237500,2.720862e-02
0.300000,0.237500,2.677382e-02
0.312500,0.237500,2.620734e-02
0.325000,0.237500,2.549894e-02
0.337500,0.237500,2.464743e-02
0.350000,0.237500,2.365279e-02
0.362500,0.237500,2.251505e-02
0.375000,0.237500,2.123419e-02
0.387500,0.237500,1.981021e-02
0.400000,0.237500,1.824311e-02
0.412500,0.237500,1.653245e-02
0.425000,0.237500,1.466470e-02
0.437500,0.237500,1.263352e-02
0.450000,0.237500,1.043892e-02
0.462500,0.237500,8.080893e-03
0.475000,0.237500,5.558562e-03
0.487500,0.237500,2.865178e-03
0.500000,0.237500,0.000000e+00
0.512500,0.237500,0.000000e+00
0.525000,0.237500,0.000000e+00
0.537500,0.237500,0.000000e+00
0.550000,0.237500,0.000000e+00
0.562500,0.237500,0.000000e+00
0.575000,0.237500,0.000000e+00
0.587500,0.237500,0.000000e+00
0.600000,0.237500,0.000000e+00
0.612500,0.237500,0.000000e+00
0.625000,0.237500,0.000000e+00
0.637500,0.237500,0.000000e+00
0.650000,0.237500,0.000000e+00
0.662500,0.237500,0.000000e+00
0.675000,0.237500,0.000000e+00
0.687500,0.237500,0.000000e+00
0.700000,0.237500,0.000000e+00
0.712500,0.237500,0.000000e+00
0.725000,0.237500,0.000000e+00
0.737500,0.237500,0.000000e+00
0.750000,0.237500,0.000000e+00
0.762500,0.237500,0.000000e+00
0.775000,0.237500,0.000000e+00
0.787500,0.237500,0.000000e+00
0.800000,0.237500,0.000000e+00
0.812500,0.237500,0.000000e+00
0.825000,0.237500,0.000000e+00
0.837500,0.237500,0.000000e+00
0.850000,0.237500,0.000000e+00
0.862500,0.237500,0.000000e+00
0.875000,0.237500,0.000000e+00
0.887500,0.237500,0.000000e+00
0.900000,0.237500,0.000000e+00
0.912500,0.237500,0.000000e+00
0.925000,0.237500,0.000000e+00
0.937500,0.237500,0.000000e+00
0.950000,0.237500,0.000000e+00
0.962500,0.237500,0.000000e+00
0.975000,0.237500,0.000000e+00
0.987500,0.237500,0.000000e+00
1.000000,0.237500,0.000000e+00
0.000000,0.250000,0.000000e+00
0.012500,0.250000,2.870986e-03
0.025000,0.250000,5.575215e-03
0.037500,0.250000,8.112689e-03
0.050000,0.250000,1.048341e-02
0.062500,0.250000,1.268737e-02
0.075000,0.250000,1.472751e-02
0.087500,0.250000,1.662162e-02
0.100000,0.250000,1.837266e-02
0.112500,0.250000,1.998063e-02
0.125000,0.250000,2.144554e-02
0.137500,0.250000,2.276739e-02
0.150000,0.250000,2.394618e-02
0.162500,0.250000,2.498190e-02
0.175000,0.250000,2.587456e-02
0.187500,0.250000,2.662733e-02
0.200000,0.250000,2.724672e-02
0.212500,0.250000,2.773293e-02
0.225000,0.250000,2.808595e-02
0.237500,0.250000,2.830578e-02
0.250000,0.250000,2.839242e-02
0.262500,0.250000,2.834588e-02
0.275000,0.250000,2.816615e-02
0.287500,0.250000,2.785323e-02
0.300000,0.250000,2.740713e-02
0.312500,0.250000,2.682554e-02
0.325000,0.250000,2.609846e-02
0.337500,0.250000,2.522472e-02
0.350000,0.250000,2.420432e-02
0.362500,0.250000,2.303726e-02
0.375000,0.250000,2.172354e-02
0.387500,0.250000,2.026316e-02
0.400000,0.250000,1.865613e-02
0.412500,0.250000,1.690200e-02
0.425000,0.250000,1.498800e-02
0.437500,0.250000,1.290813e-02
0.450000,0.250000,1.066239e-02
0.462500,0.250000,8.250779e-03
0.475000,0.250000,5.672541e-03
0.487500,0.250000,2.921841e-03
0.500000,0.250000,0.000000e+00
0.512500,0.250000,0.000000e+00
0.525000,0.250000,0.000000e+00
0.537500,0.250000,0.000000e+00
0.550000,0.250000,0.000000e+00
0.562500,0.250000,0.000000e+00
0.575000,0.250000,0.000000e+00
0.587500,0.250000,0.000000e+00
0.600000,0.250000,0.000000e+00
0.612500,0.250000,0.000000e+00
0.625000,0.250000,0.000000e+00
0.637500,0.250000,0.000000e+00
0.650000,0.250000,0.000000e+00
0.662500,0.250000,0.000000e+00
0.675000,0.250000,0.000000e+00
0.687500,0.250000,0.000000e+00
0.700000,0.250000,0.000000e+00
0.712500,0.250000,0.000000e+00
0.725000,0.250000,0.000000e+00
0.737500,0.250000,0.000000e+00
0.750000,0.250000,0.000000e+00
0.762500,0.250000,0.000000e+00
0.775000,0.250000,0.000000e+00
0.787500,0.250000,0.000000e+00
0.800000,0.250000,0.000000e+00
0.812500,0.250000,0.000000e+00
0.825000,0.250000,0.000000e+00
0.837500,0.250000,0.000000e+00
0.850000,0.250000,0.000000e+00
0.862500,0.250000,0.000000e+00
0.875000,0.250000,0.000000e+00
0.887500,0.250000,0.000000e+00
0.900000,0.250000,0.000000e+00
0.912500,0.250000,0.000000e+00
0.925000,0.250000,0.000000e+00
0.937500,0.250000,0.000000e+00
0.950000,0.250000,0.000000e+00
0.962500,0.250000,0.000000e+00
0.975000,0.250000,0.000000e+00
0.987500,0.250000,0.000000e+00
1.000000,0.250000,0.000000e+00
0.000000,0.262500,0.000000e+00
0.012500,0.262500,2.918344e-03
0.025000,0.262500,5.669164e-03
0.037500,0.262500,8.252462e-03
0.050000,0.262500,1.066824e-02
0.062500,0.262500,1.291649e-02
0.075000,0.262500,1.499997e-02
0.087500,0.262500,1.693534e-02
0.100000,0.262500,1.872538e-02
0.112500,0.262500,2.037009e-02
0.125000,0.262500,2.186948e-02
0.137500,0.262500,2.322354e-02
0.150000,0.262500,2.443227e-02
0.162500,0.262500,2.549568e-02
0.175000,0.262500,2.641376e-02
0.187500,0.262500,2.718927e-02
0.200000,0.262500,2.782783e-02
0.212500,0.262500,2.832963e-02
0.225000,0.262500,2.869465e-02
0.237500,0.262500,2.892290e-02
0.250000,0.262500,2.901438e-02
0.262500,0.262500,2.896908e-02
0.275000,0.262500,2.878702e-02
0.287500,0.262500,2.846818e-02
0.300000,0.262500,2.801257e-02
0.312500,0.262500,2.741789e-02
0.325000,0.262500,2.667414e-02
0.337500,0.262500,2.578016e-02
0.350000,0.262500,2.473594e-02
0.362500,0.262500,2.354147e-02
0.375000,0.262500,2.219678e-02
0.387500,0.262500,2.070184e-02
0.400000,0.262500,1.905667e-02
0.412500,0.262500,1.726086e-02
0.425000,0.262500,1.530232e-02
0.437500,0.262500,1.317539e-02
0.450000,0.262500,1.088008e-02
0.462500,0.262500,8.416370e-03
0.475000,0.262500,5.783660e-03
0.487500,0.262500,2.977237e-03
0.500000,0.262500,0.000000e+00
0.512500,0.262500,0.000000e+00
0.525000,0.262500,0.000000e+00
0.537500,0.262500,0.000000e+00
0.550000,0.262500,0.000000e+00
0.562500,0.262500,0.000000e+00
0.575000,0.262500,0.000000e+00
0.587500,0.262500,0.000000e+00
0.600000,0.262500,0.000000e+00
0.612500,0.262500,0.000000e+00
0.625000,0.262500,0.000000e+00
0.637500,0.262500,0.000000e+00
0.650000,0.262500,0.000000e+00
0.662500,0.262500,0.000000e+00
0.675000,0.262500,0.000000e+00
0.687500,0.262500,0.000000e+00
0.700000,0.262500,0.000000e+00
0.712500,0.262500,0.000000e+00
0.725000,0.262500,0.000000e+00
0.737500,0.262500,0.000000e+00
0.750000,0.262500,0.000000e+00
0.762500,0.262500,0.000000e+00
0.775000,0.262500,0.000000e+00
0.787500,0.262500,0.000000e+00
0.800000,0.262500,0.000000e+00
0.812500,0.262500,0.000000e+00
0.825000,0.262500,0.000000e+00
0.837500,0.262500,0.000000e+00
0.850000,0.262500,0.000000e+00
0.862500,0.262500,0.000000e+00
0.875000,0.262500,0.000000e+00
0.887500,0.262500,0.000000e+00
0.900000,0.262500,0.000000e+00
0.912500,0.262500,0.000000e+00
0.925000,0.262500,0.000000e+00
0.937500,0.262500,0.000000e+00
0.950000,0.262500,0.000000e+00
0.962500,0.262500,0.000000e+00
0.975000,0.262500,0.000000e+00
0.987500,0.262500,0.000000e+00
1.000000,0.262500,0.000000e+00
0.000000,0.275000,0.000000e+00
0.012500,0.275000,2.962849e-03
0.025000,0.275000,5.757492e-03
0.037500,0.275000,8.383930e-03
0.050000,0.275000,1.084216e-02
0.062500,0.275000,1.313219e-02
0.075000,0.275000,1.525660e-02
0.087500,0.275000,1.723100e-02
0.100000,0.275000,1.905801e-02
0.112500,0.275000,2.073763e-02
0.125000,0.275000,2.226987e-02
0.137500,0.275000,2.365472e-02
0.150000,0.275000,2.489218e-02
0.162500,0.275000,2.598225e-02
0.175000,0.275000,2.692494e-02
0.187500,0.275000,2.772258e-02
0.200000,0.275000,2.838001e-02
0.212500,0.275000,2.889735e-02
0.225000,0.275000,2.927461e-02
0.237500,0.275000,2.951179e-02
0.250000,0.275000,2.960889e-02
0.262500,0.275000,2.956591e-02
0.275000,0.275000,2.938285e-02
0.287500,0.275000,2.905971e-02
0.300000,0.275000,2.859648e-02
0.312500,0.275000,2.799082e-02
0.325000,0.275000,2.723243e-02
0.337500,0.275000,2.632012e-02
0.350000,0.275000,2.525388e-02
0.362500,0.275000,2.403372e-02
0.375000,0.275000,2.265964e-02
0.387500,0.275000,2.113164e-02
0.400000,0.275000,1.944971e-02
0.412500,0.275000,1.761349e-02
0.425000,0.275000,1.561157e-02
0.437500,0.275000,1.343864e-02
0.450000,0.275000,1.109468e-02
0.462500,0.275000,8.579712e-03
0.475000,0.275000,5.893290e-03
0.487500,0.275000,3.032113e-03
0.500000,0.275000,0.000000e+00
0.512500,0.275000,0.000000e+00
0.525000,0.275000,0.000000e+00
0.537500,0.275000,0.000000e+00
0.550000,0.275000,0.000000e+00
0.562500,0.275000,0.000000e+00
0.575000,0.275000,0.000000e+00
0.587500,0.275000,0.000000e+00
0.600000,0.275000,0.000000e+00
0.612500,0.275000,0.000000e+00
0.625000,0.275000,0.000000e+00
0.637500,0.275000,0.000000e+00
0.650000,0.275000,0.000000e+00
0.662500,0.275000,0.000000e+00
0.675000,0.275000,0.000000e+00
0.687500,0.275000,0.000000e+00
0.700000,0.275000,0.000000e+00
0.712500,0.275000,0.000000e+00
0.725000,0.275000,0.000000e+00
0.737500,0.275000,0.000000e+00
0.750000,0.275000,0.000000e+00
0.762500,0.275000,0.000000e+00
0.775000,0.275000,0.000000e+00
0.787500,0.275000,0.000000e+00
0.800000,0.275000,0.000000e+00
0.812500,0.275000,0.000000e+00
0.825000,0.275000,0.000000e+00
0.837500,0.275000,0.000000e+00
0.850000,0.275000,0.000000e+00
0.862500,0.275000,0.000000e+00
0.875000,0.275000,0.000000e+00
0.887500,0.275000,0.000000e+00
0.900000,0.275000,0.000000e+00
0.912500,0.275000,0.000000e+00
0.925000,0.275000,0.000000e+00
0.937500,0.275000,0.000000e+00
0.950000,0.275000,0.000000e+00
0.962500,0.275000,0.000000e+00
0.975000,0.275000,0.000000e+00
0.987500,0.275000,0.000000e+00
1.000000,0.275000,0.000000e+00
0.000000,0.287500,0.000000e+00
0.012500,0.287500,3.004501e-03
0.025000,0.287500,5.840199e-03
0.037500,0.287500,8.507093e-03
0.050000,0.287500,1.100518e-02
0.062500,0.287500,1.333447e-02
0.075000,0.287500,1.549738e-02
0.087500,0.287500,1.750859e-02
0.100000,0.287500,1.937054e-02
0.112500,0.287500,2.108325e-02
0.125000,0.287500,2.264671e-02
0.137500,0.287500,2.406093e-02
0.150000,0.287500,2.532589e-02
0.162500,0.287500,2.644161e-02
0.175000,0.287500,2.740808e-02
0.187500,0.287500,2.822728e-02
0.200000,0.287500,2.890324e-02
0.212500,0.287500,2.943609e-02
0.225000,0.287500,2.982583e-02
0.237500,0.287500,3.007245e-02
0.250000,0.287500,3.017596e-02
0.262500,0.287500,3.013636e-02
0.275000,0.287500,2.995364e-02
0.287500,0.287500,2.962781e-02
0.300000,0.287500,2.915886e-02
0.312500,0.287500,2.854432e-02
0.325000,0.287500,2.777331e-02
0.337500,0.287500,2.684460e-02
0.350000,0.287500,2.575816e-02
0.362500,0.287500,2.451401e-02
0.375000,0.287500,2.311214e-02
0.387500,0.287500,2.155255e-02
0.400000,0.287500,1.983525e-02
0.412500,0.287500,1.795987e-02
0.425000,0.287500,1.591574e-02
0.437500,0.287500,1.369785e-02
0.450000,0.287500,1.130621e-02
0.462500,0.287500,8.740804e-03
0.475000,0.287500,6.001431e-03
0.487500,0.287500,3.086468e-03
0.500000,0.287500,0.000000e+00
0.512500,0.287500,0.000000e+00
0.525000,0.287500,0.000000e+00
0.537500,0.287500,0.000000e+00
0.550000,0.287500,0.000000e+00
0.562500,0.287500,0.000000e+00
0.575000,0.287500,0.000000e+00
0.587500,0.287500,0.000000e+00
0.600000,0.287500,0.000000e+00
0.612500,0.287500,0.000000e+00
0.625000,0.287500,0.000000e+00
0.637500,0.287500,0.000000e+00
0.650000,0.287500,0.000000e+00
0.662500,0.287500,0.000000e+00
0.675000,0.287500,0.000000e+00
0.687500,0.287500,0.000000e+00
0.700000,0.287500,0.000000e+00
0.712500,0.287500,0.000000e+00
0.725000,0.287500,0.000000e+00
0.737500,0.287500,0.000000e+00
0.750000,0.287500,0.000000e+00
0.762500,0.287500,0.000000e+00
0.775000,0.287500,0.000000e+00
0.787500,0.287500,0.000000e+00
0.800000,0.287500,0.000000e+00
0.812500,0.287500,0.000000e+00
0.825000,0.287500,0.000000e+00
0.837500,0.287500,0.000000e+00
0.850000,0.287500,0.000000e+00
0.862500,0.287500,0.000000e+00
0.875000,0.287500,0.000000e+00
0.887500,0.287500,0.000000e+00
0.900000,0.287500,0.000000e+00
0.912500,0.287500,0.000000e+00
0.925000,0.287500,0.000000e+00
0.937500,0.287500,0.000000e+00
0.950000,0.287500,0.000000e+00
0.962500,0.287500,0.000000e+00
0.975000,0.287500,0.000000e+00
0.987500,0.287500,0.000000e+00
1.000000,0.287500,0.000000e+00
0.000000,0.300000,0.000000e+00
0.012500,0.300000,3.043301e-03
0.025000,0.300000,5.917284e-03
0.037500,0.300000,8.621950e-03
0.050000,0.300000,1.115730e-02
0.062500,0.300000,1.352333e-02
0.075000,0.300000,1.572233e-02
0.087500,0.300000,1.776811e-02
0.100000,0.300000,1.966298e-02
0.112500,0.300000,2.140695e-02
0.125000,0.300000,2.300001e-02
0.137500,0.300000,2.444217e-02
0.150000,0.300000,2.573342e-02
0.162500,0.300000,2.687376e-02
0.175000,0.300000,2.786320e-02
0.187500,0.300000,2.870336e-02
0.200000,0.300000,2.939754e-02
0.212500,0.300000,2.994586e-02
0.225000,0.300000,3.034830e-02
0.237500,0.300000,3.060488e-02
0.250000,0.300000,3.071559e-02
0.262500,0.300000,3.068042e-02
0.275000,0.300000,3.049939e-02
0.287500,0.300000,3.017249e-02
0.300000,0.300000,2.969972e-02
0.312500,0.300000,2.907839e-02
0.325000,0.300000,2.829680e-02
0.337500,0.300000,2.735360e-02
0.350000,0.300000,2.624877e-02
0.362500,0.300000,2.498233e-02
0.375000,0.300000,2.355426e-02
0.387500,0.300000,2.196458e-02
0.400000,0.300000,2.021328e-02
0.412500,0.300000,1.830002e-02
0.425000,0.300000,1.621484e-02
0.437500,0.300000,1.395305e-02
0.450000,0.300000,1.151465e-02
0.462500,0.300000,8.899646e-03
0.475000,0.300000,6.108084e-03
0.487500,0.300000,3.140302e-03
0.500000,0.300000,0.000000e+00
0.512500,0.300000,0.000000e+00
0.525000,0.300000,0.000000e+00
0.537500,0.300000,0.000000e+00
0.550000,0.300000,0.000000e+00
0.562500,0.300000,0.000000e+00
0.575000,0.300000,0.000000e+00
0.587500,0.300000,0.000000e+00
0.600000,0.300000,0.000000e+00
0.612500,0.300000,0.000000e+00
0.625000,0.300000,0.000000e+00
0.637500,0.300000,0.000000e+00
0.650000,0.300000,0.000000e+00
0.662500,0.300000,0.000000e+00
0.675000,0.300000,0.000000e+00
0.687500,0.300000,0.000000e+00
0.700000,0.300000,0.000000e+00
0.712500,0.300000,0.000000e+00
0.725000,0.300000,0.000000e+00
0.737500,0.300000,0.000000e+00
0.750000,0.300000,0.000000e+00
0.762500,0.300000,0.000000e+00
0.775000,0.300000,0.000000e+00
0.787500,0.300000,0.000000e+00
0.800000,0.300000,0.000000e+00
0.812500,0.300000,0.000000e+00
0.825000,0.300000,0.000000e+00
0.837500,0.300000,0.000000e+00
0.850000,0.300000,0.000000e+00
0.862500,0.300000,0.000000e+00
0.875000,0.300000,0.000000e+00
0.887500,0.300000,0.000000e+00
0.900000,0.300000,0.000000e+00
0.912500,0.300000,0.000000e+00
0.925000,0.300000,0.000000e+00
0.937500,0.300000,0.000000e+00
0.950000,0.300000,0.000000e+00
0.962500,0.300000,0.000000e+00
0.975000,0.300000,0.000000e+00
0.987500,0.300000,0.000000e+00
1.000000,0.300000,0.000000e+00
0.000000,0.312500,0.000000e+00
0.012500,0.312500,3.079247e-03
0.025000,0.312500,5.988747e-03
0.037500,0.312500,8.728501e-03
0.050000,0.312500,1.129851e-02
0.062500,0.312500,1.369877e-02
0.075000,0.312500,1.593144e-02
0.087500,0.312500,1.800956e-02
0.100000,0.312500,1.993532e-02
0.112500,0.312500,2.170872e-02
0.125000,0.312500,2.332976e-02
0.137500,0.312500,2.479843e-02
0.150000,0.312500,2.611475e-02
0.162500,0.312500,2.727870e-02
0.175000,0.312500,2.829029e-02
0.187500,0.312500,2.915081e-02
0.200000,0.312500,2.986290e-02
0.212500,0.312500,3.042665e-02
0.225000,0.312500,3.084204e-02
0.237500,0.312500,3.110908e-02
0.250000,0.312500,3.122777e-02
0.262500,0.312500,3.119811e-02
0.275000,0.312500,3.102010e-02
0.287500,0.312500,3.069374e-02
0.300000,0.312500,3.021904e-02
0.312500,0.312500,2.959303e-02
0.325000,0.312500,2.880289e-02
0.337500,0.312500,2.784712e-02
0.350000,0.312500,2.672572e-02
0.362500,0.312500,2.543868e-02
0.375000,0.312500,2.398602e-02
0.387500,0.312500,2.236773e-02
0.400000,0.312500,2.058380e-02
0.412500,0.312500,1.863394e-02
0.425000,0.312500,1.650886e-02
0.437500,0.312500,1.420421e-02
0.450000,0.312500,1.172001e-02
0.462500,0.312500,9.056239e-03
0.475000,0.312500,6.213247e-03
0.487500,0.312500,3.193616e-03
0.500000,0.312500,0.000000e+00
0.512500,0.312500,0.000000e+00
0.525000,0.312500,0.000000e+00
0.537500,0.312500,0.000000e+00
0.550000,0.312500,0.000000e+00
0.562500,0.312500,0.000000e+00
0.575000,0.312500,0.000000e+00
0.587500,0.312500,0.000000e+00
0.600000,0.312500,0.000000e+00
0.612500,0.312500,0.000000e+00
0.625000,0.312500,0.000000e+00
0.637500,0.312500,0.000000e+00
0.650000,0.312500,0.000000e+00
0.662500,0.312500,0.000000e+00
0.675000,0.312500,0.000000e+00
0.687500,0.312500,0.000000e+00
0.700000,0.312500,0.000000e+00
0.712500,0.312500,0.000000e+00
0.725000,0.312500,0.000000e+00
0.737500,0.312500,0.000000e+00
0.750000,0.312500,0.000000e+00
0.762500,0.312500,0.000000e+00
0.775000,0.312500,0.000000e+00
0.787500,0.312500,0.000000e+00
0.800000,0.312500,0.000000e+00
0.812500,0.312500,0.000000e+00
0.825000,0.312500,0.000000e+00
0.837500,0.312500,0.000000e+00
0.850000,0.312500,0.000000e+00
0.862500,0.312500,0.000000e+00
0.875000,0.312500,0.000000e+00
0.887500,0.312500,0.000000e+00
0.900000,0.312500,0.000000e+00
0.912500,0.312500,0.000000e+00
0.925000,0.312500,0.000000e+00
0.937500,0.312500,0.000000e+00
0.950000,0.312500,0.000000e+00
0.962500,0.312500,0.000000e+00
0.975000,0.312500,0.000000e+00
0.987500,0.312500,0.000000e+00
1.000000,0.312500,0.000000e+00
0.000000,0.325000,0.000000e+00
0.012500,0.325000,3.112341e-03
0.025000,0.325000,6.054589e-03
0.037500,0.325000,8.826746e-03
0.050000,0.325000,1.142881e-02
0.062500,0.325000,1.386078e-02
0.075000,0.325000,1.612471e-02
0.087500,0.325000,1.823295e-02
0.100000,0.325000,2.018757e-02
0.112500,0.325000,2.198857e-02
0.125000,0.325000,2.363596e-02
0.137500,0.325000,2.512973e-02
0.150000,0.325000,2.646989e-02
0.162500,0.325000,2.765643e-02
0.175000,0.325000,2.868936e-02
0.187500,0.325000,2.956965e-02
0.200000,0.325000,3.029933e-02
0.212500,0.325000,3.087845e-02
0.225000,0.325000,3.130703e-02
0.237500,0.325000,3.158504e-02
0.250000,0.325000,3.171251e-02
0.262500,0.325000,3.168942e-02
0.275000,0.325000,3.151577e-02
0.287500,0.325000,3.119158e-02
0.300000,0.325000,3.071683e-02
0.312500,0.325000,3.008825e-02
0.325000,0.325000,2.929158e-02
0.337500,0.325000,2.832516e-02
0.350000,0.325000,2.718899e-02
0.362500,0.325000,2.588307e-02
0.375000,0.325000,2.440741e-02
0.387500,0.325000,2.276199e-02
0.400000,0.325000,2.094682e-02
0.412500,0.325000,1.896162e-02
0.425000,0.325000,1.679780e-02
0.437500,0.325000,1.445135e-02
0.450000,0.325000,1.192228e-02
0.462500,0.325000,9.210581e-03
0.475000,0.325000,6.316921e-03
0.487500,0.325000,3.246410e-03
0.500000,0.325000,0.000000e+00
0.512500,0.325000,0.000000e+00
0.525000,0.325000,0.000000e+00
0.537500,0.325000,0.000000e+00
0.550000,0.325000,0.000000e+00
0.562500,0.325000,0.000000e+00
0.575000,0.325000,0.000000e+00
0.587500,0.325000,0.000000e+00
0.600000,0.325000,0.000000e+00
0.612500,0.325000,0.000000e+00
0.625000,0.325000,0.000000e+00
0.637500,0.325000,0.000000e+00
0.650000,0.325000,0.000000e+00
0.662500,0.325000,0.000000e+00
0.675000,0.325000,0.000000e+00
0.687500,0.325000,0.000000e+00
0.700000,0.325000,0.000000e+00
0.712500,0.325000,0.000000e+00
0.725000,0.325000,0.000000e+00
0.737500,0.325000,0.000000e+00
0.750000,0.325000,0.000000e+00
0.762500,0.325000,0.000000e+00
0.775000,0.325000,0.000000e+00
0.787500,0.325000,0.000000e+00
0.800000,0.325000,0.000000e+00
0.812500,0.325000,0.000000e+00
0.825000,0.325000,0.000000e+00
0.837500,0.325000,0.000000e+00
0.850000,0.325000,0.000000e+00
0.862500,0.325000,0.000000e+00
0.875000,0.325000,0.000000e+00
0.887500,0.325000,0.000000e+00
0.900000,0.325000,0.000000e+00
0.912500,0.325000,0.000000e+00
0.925000,0.325000,0.000000e+00
0.937500,0.325000,0.000000e+00
0.950000,0.325000,0.000000e+00
0.962500,0.325000,0.000000e+00
0.975000,0.325000,0.000000e+00
0.987500,0.325000,0.000000e+00
1.000000,0.325000,0.000000e+00
0.000000,0.337500,0.000000e+00
0.012500,0.337500,3.142582e-03
0.025000,0.337500,6.114810e-03
0.037500,0.337500,8.916686e-03
0.050000,0.337500,1.154821e-02
0.062500,0.337500,1.400938e-02
0.075000,0.337500,1.630214e-02
0.087500,0.337500,1.843827e-02
0.100000,0.337500,2.041972e-02
0.112500,0.337500,2.224650e-02
0.125000,0.337500,2.391862e-02
0.137500,0.337500,2.543606e-02
0.150000,0.337500,2.679884e-02
0.162500,0.337500,2.800695e-02
0.175000,0.337500,2.906039e-02
0.187500,0.337500,2.995986e-02
0.200000,0.337500,3.070681e-02
0.212500,0.337500,3.130128e-02
0.225000,0.337500,3.174327e-02
0.237500,0.337500,3.203278e-02
0.250000,0.337500,3.216980e-02
0.262500,0.337500,3.215434e-02
0.275000,0.337500,3.198641e-02
0.287500,0.337500,3.166599e-02
0.300000,0.337500,3.119308e-02
0.312500,0.337500,3.056404e-02
0.325000,0.337500,2.976287e-02
0.337500,0.337500,2.878772e-02
0.350000,0.337500,2.763860e-02
0.362500,0.337500,2.631550e-02
0.375000,0.337500,2.481842e-02
0.387500,0.337500,2.314737e-02
0.400000,0.337500,2.130233e-02
0.412500,0.337500,1.928306e-02
0.425000,0.337500,1.708166e-02
0.437500,0.337500,1.469447e-02
0.450000,0.337500,1.212147e-02
0.462500,0.337500,9.362674e-03
0.475000,0.337500,6.419105e-03
0.487500,0.337500,3.298683e-03
0.500000,0.337500,0.000000e+00
0.512500,0.337500,0.000000e+00
0.525000,0.337500,0.000000e+00
0.537500,0.337500,0.000000e+00
0.550000,0.337500,0.000000e+00
0.562500,0.337500,0.000000e+00
0.575000,0.337500,0.000000e+00
0.587500,0.337500,0.000000e+00
0.600000,0.337500,0.000000e+00
0.612500,0.337500,0.000000e+00
0.625000,0.337500,0.000000e+00
0.637500,0.337500,0.000000e+00
0.650000,0.337500,0.000000e+00
0.662500,0.337500,0.000000e+00
0.675000,0.337500,0.000000e+00
0.687500,0.337500,0.000000e+00
0.700000,0.337500,0.000000e+00
0.712500,0.337500,0.000000e+00
0.725000,0.337500,0.000000e+00
0.737500,0.337500,0.000000e+00
0.750000,0.337500,0.000000e+00
0.762500,0.337500,0.000000e+00
0.775000,0.337500,0.000000e+00
0.787500,0.337500,0.000000e+00
0.800000,0.337500,0.000000e+00
0.812500,0.337500,0.000000e+00
0.825000,0.337500,0.000000e+00
0.837500,0.337500,0.000000e+00
0.850000,0.337500,0.000000e+00
0.862500,0.337500,0.000000e+00
0.875000,0.337500,0.000000e+00
0.887500,0.337500,0.000000e+00
0.900000,0.337500,0.000000e+00
0.912500,0.337500,0.000000e+00
0.925000,0.337500,0.000000e+00
0.937500,0.337500,0.000000e+00
0.950000,0.337500,0.000000e+00
0.962500,0.337500,0.000000e+00
0.975000,0.337500,0.000000e+00
0.987500,0.337500,0.000000e+00
1.000000,0.337500,0.000000e+00
0.000000,0.350000,0.000000e+00
0.012500,0.350000,3.169969e-03
0.025000,0.350000,6.169410e-03
0.037500,0.350000,8.998320e-03
0.050000,0.350000,1.165670e-02
0.062500,0.350000,1.414455e-02
0.075000,0.350000,1.646374e-02
0.087500,0.350000,1.862552e-02
0.100000,0.350000,2.063177e-02
0.112500,0.350000,2.248251e-02
0.125000,0.350000,2.417773e-02
0.137500,0.350000,2.571743e-02
0.150000,0.350000,2.710160e-02
0.162500,0.350000,2.833026e-02
0.175000,0.350000,2.940340e-02
0.187500,0.350000,3.032146e-02
0.200000,0.350000,3.108536e-02
0.212500,0.350000,3.169513e-02
0.225000,0.350000,3.215077e-02
0.237500,0.350000,3.245228e-02
0.250000,0.350000,3.259965e-02
0.262500,0.350000,3.259289e-02
0.275000,0.350000,3.243200e-02
0.287500,0.350000,3.211697e-02
0.300000,0.350000,3.164781e-02
0.312500,0.350000,3.102040e-02
0.325000,0.350000,3.021676e-02
0.337500,0.350000,2.923481e-02
0.350000,0.350000,2.807454e-02
0.362500,0.350000,2.673596e-02
0.375000,0.350000,2.521907e-02
0.387500,0.350000,2.352386e-02
0.400000,0.350000,2.165034e-02
0.412500,0.350000,1.959826e-02
0.425000,0.350000,1.736045e-02
0.437500,0.350000,1.493356e-02
0.450000,0.350000,1.231758e-02
0.462500,0.350000,9.512518e-03
0.475000,0.350000,6.519801e-03
0.487500,0.350000,3.350435e-03
0.500000,0.350000,0.000000e+00
0.512500,0.350000,0.000000e+00
0.525000,0.350000,0.000000e+00
0.537500,0.350000,0.000000e+00
0.550000,0.350000,0.000000e+00
0.562500,0.350000,0.000000e+00
0.575000,0.350000,0.000000e+00
0.587500,0.350000,0.000000e+00
0.600000,0.350000,0.000000e+00
0.612500,0.350000,0.000000e+00
0.625000,0.350000,0.000000e+00
0.637500,0.350000,0.000000e+00
0.650000,0.350000,0.000000e+00
0.662500,0.350000,0.000000e+00
0.675000,0.350000,0.000000e+00
0.687500,0.350000,0.000000e+00
0.700000,0.350000,0.000000e+00
0.712500,0.350000,0.000000e+00
0.725000,0.350000,0.000000e+00
0.737500,0.350000,0.000000e+00
0.750000,0.350000,0.000000e+00
0.762500,0.350000,0.000000e+00
0.775000,0.350000,0.000000e+00
0.787500,0.350000,0.000000e+00
0.800000,0.350000,0.000000e+00
0.812500,0.350000,0.000000e+00
0.825000,0.350000,0.000000e+00
0.837500,0.350000,0.000000e+00
0.850000,0.350000,0.000000e+00
0.862500,0.350000,0.000000e+00
0.875000,0.350000,0.000000e+00
0.887500,0.350000,0.000000e+00
0.900000,0.350000,0.000000e+00
0.912500,0.350000,0.000000e+00
0.925000,0.350000,0.000000e+00
0.937500,0.350000,0.000000e+00
0.950000,0.350000,0.000000e+00
0.962500,0.350000,0.000000e+00
0.975000,0.350000,0.000000e+00
0.987500,0.350000,0.000000e+00
1.000000,0.350000,0.000000e+00
0.000000,0.362500,0.000000e+00
0.012500,0.362500,3.194528e-03
0.025000,0.362500,6.218435e-03
0.037500,0.362500,9.071722e-03
0.050000,0.362500,1.175439e-02
0.062500,0.362500,1.426643e-02
0.075000,0.362500,1.660965e-02
0.087500,0.362500,1.879488e-02
0.100000,0.362500,2.082394e-02
0.112500,0.362500,2.269683e-02
0.125000,0.362500,2.441355e-02
0.137500,0.362500,2.597411e-02
0.150000,0.362500,2.737849e-02
0.162500,0.362500,2.862670e-02
0.175000,0.362500,2.971874e-02
0.187500,0.362500,3.065482e-02
0.200000,0.362500,3.143539e-02
0.212500,0.362500,3.206045e-02
0.225000,0.362500,3.253002e-02
0.237500,0.362500,3.284407e-02
0.250000,0.362500,3.300263e-02
0.262500,0.362500,3.300568e-02
0.275000,0.362500,3.285323e-02
0.287500,0.362500,3.254527e-02
0.300000,0.362500,3.208181e-02
0.312500,0.362500,3.145820e-02
0.325000,0.362500,3.065422e-02
0.337500,0.362500,2.966751e-02
0.350000,0.362500,2.849808e-02
0.362500,0.362500,2.714591e-02
0.375000,0.362500,2.561102e-02
0.387500,0.362500,2.389339e-02
0.400000,0.362500,2.199304e-02
0.412500,0.362500,1.990974e-02
0.425000,0.362500,1.763687e-02
0.437500,0.362500,1.517133e-02
0.450000,0.362500,1.251312e-02
0.462500,0.362500,9.662252e-03
0.475000,0.362500,6.620585e-03
0.487500,0.362500,3.402466e-03
0.500000,0.362500,0.000000e+00
0.512500,0.362500,0.000000e+00
0.525000,0.362500,0.000000e+00
0.537500,0.362500,0.000000e+00
0.550000,0.362500,0.000000e+00
0.562500,0.362500,0.000000e+00
0.575000,0.362500,0.000000e+00
0.587500,0.362500,0.000000e+00
0.600000,0.362500,0.000000e+00
0.612500,0.362500,0.000000e+00
0.625000,0.362500,0.000000e+00
0.637500,0.362500,0.000000e+00
0.650000,0.362500,0.000000e+00
0.662500,0.362500,0.000000e+00
0.675000,0.362500,0.000000e+00
0.687500,0.362500,0.000000e+00
0.700000,0.362500,0.000000e+00
0.712500,0.362500,0.000000e+00
0.725000,0.362500,0.000000e+00
0.737500,0.362500,0.000000e+00
0.750000,0.362500,0.000000e+00
0.762500,0.362500,0.000000e+00
0.775000,0.362500,0.000000e+00
0.787500,0.362500,0.000000e+00
0.800000,0.362500,0.000000e+00
0.812500,0.362500,0.000000e+00
0.825000,0.362500,0.000000e+00
0.837500,0.362500,0.000000e+00
0.850000,0.362500,0.000000e+00
0.862500,0.362500,0.000000e+00
0.875000,0.362500,0.000000e+00
0.887500,0.362500,0.000000e+00
0.900000,0.362500,0.000000e+00
0.912500,0.362500,0.000000e+00
0.925000,0.362500,0.000000e+00
0.937500,0.362500,0.000000e+00
0.950000,0.362500,0.000000e+00
0.962500,0.362500,0.000000e+00
0.975000,0.362500,0.000000e+00
0.987500,0.362500,0.000000e+00
1.000000,0.362500,0.000000e+00
0.000000,0.375000,0.000000e+00
0.012500,0.375000,3.216627e-03
0.025000,0.375000,6.262643e-03
0.037500,0.375000,9.138046e-03
0.050000,0.375000,1.184284e-02
0.062500,0.375000,1.437702e-02
0.075000,0.375000,1.674232e-02
0.087500,0.375000,1.894924e-02
0.100000,0.375000,2.099953e-02
0.112500,0.375000,2.289320e-02
0.125000,0.375000,2.463023e-02
0.137500,0.375000,2.621064e-02
0.150000,0.375000,2.763442e-02
0.162500,0.375000,2.890158e-02
0.175000,0.375000,3.001210e-02
0.187500,0.375000,3.096604e-02
0.200000,0.375000,3.176344e-02
0.212500,0.375000,3.240431e-02
0.225000,0.375000,3.288866e-02
0.237500,0.375000,3.321647e-02
0.250000,0.375000,3.338776e-02
0.262500,0.375000,3.340252e-02
0.275000,0.375000,3.326076e-02
0.287500,0.375000,3.296246e-02
0.300000,0.375000,3.250764e-02
0.312500,0.375000,3.189114e-02
0.325000,0.375000,3.109051e-02
0.337500,0.375000,3.010314e-02
0.350000,0.375000,2.892903e-02
0.362500,0.375000,2.756818e-02
0.375000,0.375000,2.602059e-02
0.387500,0.375000,2.428626e-02
0.400000,0.375000,2.236518e-02
0.412500,0.375000,2.025709e-02
0.425000,0.375000,1.795347e-02
0.437500,0.375000,1.545036e-02
0.450000,0.375000,1.274775e-02
0.462500,0.375000,9.845640e-03
0.475000,0.375000,6.746326e-03
0.487500,0.375000,3.467363e-03
0.500000,0.375000,0.000000e+00
0.512500,0.375000,0.000000e+00
0.525000,0.375000,0.000000e+00
0.537500,0.375000,0.000000e+00
0.550000,0.375000,0.000000e+00
0.562500,0.375000,0.000000e+00
0.575000,0.375000,0.000000e+00
0.587500,0.375000,0.000000e+00
0.600000,0.375000,0.000000e+00
0.612500,0.375000,0.000000e+00
0.625000,0.375000,0.000000e+00
0.637500,0.375000,0.000000e+00
0.650000,0.375000,0.000000e+00
0.662500,0.375000,0.000000e+00
0.675000,0.375000,0.000000e+00
0.687500,0.375000,0.000000e+00
0.700000,0.375000,0.000000e+00
0.712500,0.375000,0.000000e+00
0.725000,0.375000,0.000000e+00
0.737500,0.375000,0.000000e+00
0.750000,0.375000,0.000000e+00
0.762500,0.375000,0.000000e+00
0.775000,0.375000,0.000000e+00
0.787500,0.375000,0.000000e+00
0.800000,0.375000,0.000000e+00
0.812500,0.375000,0.000000e+00
0.825000,0.375000,0.000000e+00
0.837500,0.375000,0.000000e+00
0.850000,0.375000,0.000000e+00
0.862500,0.375000,0.000000e+00
0.875000,0.375000,0.000000e+00
0.887500,0.375000,0.000000e+00
0.900000,0.375000,0.000000e+00
0.912500,0.375000,0.000000e+00
0.925000,0.375000,0.000000e+00
0.937500,0.375000,0.000000e+00
0.950000,0.375000,0.000000e+00
0.962500,0.375000,0.000000e+00
0.975000,0.375000,0.000000e+00
0.987500,0.375000,0.000000e+00
1.000000,0.375000,0.000000e+00
0.000000,0.387500,0.000000e+00
0.012500,0.387500,3.236394e-03
0.025000,0.387500,6.302291e-03
0.037500,0.387500,9.197692e-03
0.050000,0.387500,1.192259e-02
0.062500,0.387500,1.447700e-02
0.075000,0.387500,1.686260e-02
0.087500,0.387500,1.908959e-02
0.100000,0.387500,2.115969e-02
0.112500,0.387500,2.307289e-02
0.125000,0.387500,2.482919e-02
0.137500,0.387500,2.642860e-02
0.150000,0.387500,2.787112e-02
0.162500,0.387500,2.915674e-02
0.175000,0.387500,3.028547e-02
0.187500,0.387500,3.125720e-02
0.200000,0.387500,3.207176e-02
0.212500,0.387500,3.272914e-02
0.225000,0.387500,3.322933e-02
0.237500,0.387500,3.357234e-02
0.250000,0.387500,3.375817e-02
0.262500,0.387500,3.378681e-02
0.275000,0.387500,3.365828e-02
0.287500,0.387500,3.337255e-02
0.300000,0.387500,3.292965e-02
0.312500,0.387500,3.232393e-02
0.325000,0.387500,3.153088e-02
0.337500,0.387500,3.054765e-02
0.350000,0.387500,2.937424e-02
0.362500,0.387500,2.801065e-02
0.375000,0.387500,2.645687e-02
0.387500,0.387500,2.471290e-02
0.400000,0.387500,2.277876e-02
0.412500,0.387500,2.065398e-02
0.425000,0.387500,1.832496e-02
0.437500,0.387500,1.578535e-02
0.450000,0.387500,1.303514e-02
0.462500,0.387500,1.007433e-02
0.475000,0.387500,6.905603e-03
0.487500,0.387500,3.549470e-03
0.500000,0.387500,0.000000e+00
0.512500,0.387500,0.000000e+00
0.525000,0.387500,0.000000e+00
0.537500,0.387500,0.000000e+00
0.550000,0.387500,0.000000e+00
0.562500,0.387500,0.000000e+00
0.575000,0.387500,0.000000e+00
0.587500,0.387500,0.000000e+00
0.600000,0.387500,0.000000e+00
0.612500,0.387500,0.000000e+00
0.625000,0.387500,0.000000e+00
0.637500,0.387500,0.000000e+00
0.650000,0.387500,0.000000e+00
0.662500,0.387500,0.000000e+00
0.675000,0.387500,0.000000e+00
0.687500,0.387500,0.000000e+00
0.700000,0.387500,0.000000e+00
0.712500,0.387500,0.000000e+00
0.725000,0.387500,0.000000e+00
0.737500,0.387500,0.000000e+00
0.750000,0.387500,0.000000e+00
0.762500,0.387500,0.000000e+00
0.775000,0.387500,0.000000e+00
0.787500,0.387500,0.000000e+00
0.800000,0.387500,0.000000e+00
0.812500,0.387500,0.000000e+00
0.825000,0.387500,0.000000e+00
0.837500,0.387500,0.000000e+00
0.850000,0.387500,0.000000e+00
0.862500,0.387500,0.000000e+00
0.875000,0.387500,0.000000e+00
0.887500,0.387500,0.000000e+00
0.900000,0.387500,0.000000e+00
0.912500,0.387500,0.000000e+00
0.925000,0.387500,0.000000e+00
0.937500,0.387500,0.000000e+00
0.950000,0.387500,0.000000e+00
0.962500,0.387500,0.000000e+00
0.975000,0.387500,0.000000e+00
0.987500,0.387500,0.000000e+00
1.000000,0.387500,0.000000e+00
0.000000,0.400000,0.000000e+00
0.012500,0.400000,3.253830e-03
0.025000,0.400000,6.337382e-03
0.037500,0.400000,9.250658e-03
0.050000,0.400000,1.199366e-02
0.062500,0.400000,1.456638e-02
0.075000,0.400000,1.697048e-02
0.087500,0.400000,1.921592e-02
0.100000,0.400000,2.130440e-02
0.112500,0.400000,2.323590e-02
0.125000,0.400000,2.501043e-02
0.137500,0.400000,2.662799e-02
0.150000,0.400000,2.808857e-02
0.162500,0.400000,2.939218e-02
0.175000,0.400000,3.053882e-02
0.187500,0.400000,3.152832e-02
0.200000,0.400000,3.236037e-02
0.212500,0.400000,3.303494e-02
0.225000,0.400000,3.355205e-02
0.237500,0.400000,3.391168e-02
0.250000,0.400000,3.411385e-02
0.262500,0.400000,3.415855e-02
0.275000,0.400000,3.404578e-02
0.287500,0.400000,3.377553e-02
0.300000,0.400000,3.334782e-02
0.312500,0.400000,3.275657e-02
0.325000,0.400000,3.197535e-02
0.337500,0.400000,3.100106e-02
0.350000,0.400000,2.983372e-02
0.362500,0.400000,2.847331e-02
0.375000,0.400000,2.691986e-02
0.387500,0.400000,2.517334e-02
0.400000,0.400000,2.323376e-02
0.412500,0.400000,2.110040e-02
0.425000,0.400000,1.875133e-02
0.437500,0.400000,1.617629e-02
0.450000,0.400000,1.337529e-02
0.462500,0.400000,1.034832e-02
0.475000,0.400000,7.098417e-03
0.487500,0.400000,3.648786e-03
0.500000,0.400000,0.000000e+00
0.512500,0.400000,0.000000e+00
0.525000,0.400000,0.000000e+00
0.537500,0.400000,0.000000e+00
0.550000,0.400000,0.000000e+00
0.562500,0.400000,0.000000e+00
0.575000,0.400000,0.000000e+00
0.587500,0.400000,0.000000e+00
0.600000,0.400000,0.000000e+00
0.612500,0.400000,0.000000e+00
0.625000,0.400000,0.000000e+00
0.637500,0.400000,0.000000e+00
0.650000,0.400000,0.000000e+00
0.662500,0.400000,0.000000e+00
0.675000,0.400000,0.000000e+00
0.687500,0.400000,0.000000e+00
0.700000,0.400000,0.000000e+00
0.712500,0.400000,0.000000e+00
0.725000,0.400000,0.000000e+00
0.737500,0.400000,0.000000e+00
0.750000,0.400000,0.000000e+00
0.762500,0.400000,0.000000e+00
0.775000,0.400000,0.000000e+00
0.787500,0.400000,0.000000e+00
0.800000,0.400000,0.000000e+00
0.812500,0.400000,0.000000e+00
0.825000,0.400000,0.000000e+00
0.837500,0.400000,0.000000e+00
0.850000,0.400000,0.000000e+00
0.862500,0.400000,0.000000e+00
0.875000,0.400000,0.000000e+00
0.887500,0.400000,0.000000e+00
0.900000,0.400000,0.000000e+00
0.912500,0.400000,0.000000e+00
0.925000,0.400000,0.000000e+00
0.937500,0.400000,0.000000e+00
0.950000,0.400000,0.000000e+00
0.962500,0.400000,0.000000e+00
0.975000,0.400000,0.000000e+00
0.987500,0.400000,0.000000e+00
1.000000,0.400000,0.000000e+00
0.000000,0.412500,0.000000e+00
0.012500,0.412500,3.268933e-03
0.025000,0.412500,6.367915e-03
0.037500,0.412500,9.296945e-03
0.050000,0.412500,1.205602e-02
0.062500,0.412500,1.464515e-02
0.075000,0.412500,1.706595e-02
0.087500,0.412500,1.932825e-02
0.100000,0.412500,2.143368e-02
0.112500,0.412500,2.338225e-02
0.125000,0.412500,2.517395e-02
0.137500,0.412500,2.680880e-02
0.150000,0.412500,2.828678e-02
0.162500,0.412500,2.960791e-02
0.175000,0.412500,3.077217e-02
0.187500,0.412500,3.177940e-02
0.200000,0.412500,3.262925e-02
0.212500,0.412500,3.332172e-02
0.225000,0.412500,3.385680e-02
0.237500,0.412500,3.423449e-02
0.250000,0.412500,3.445480e-02
0.262500,0.412500,3.451773e-02
0.275000,0.412500,3.442326e-02
0.287500,0.412500,3.417141e-02
0.300000,0.412500,3.376218e-02
0.312500,0.412500,3.318908e-02
0.325000,0.412500,3.242390e-02
0.337500,0.412500,3.146336e-02
0.350000,0.412500,3.030745e-02
0.362500,0.412500,2.895618e-02
0.375000,0.412500,2.740955e-02
0.387500,0.412500,2.566755e-02
0.400000,0.412500,2.373019e-02
0.412500,0.412500,2.159636e-02
0.425000,0.412500,1.923258e-02
0.437500,0.412500,1.662320e-02
0.450000,0.412500,1.376821e-02
0.462500,0.412500,1.066762e-02
0.475000,0.412500,7.324767e-03
0.487500,0.412500,3.765312e-03
0.500000,0.412500,0.000000e+00
0.512500,0.412500,0.000000e+00
0.525000,0.412500,0.000000e+00
0.537500,0.412500,0.000000e+00
0.550000,0.412500,0.000000e+00
0.562500,0.412500,0.000000e+00
0.575000,0.412500,0.000000e+00
0.587500,0.412500,0.000000e+00
0.600000,0.412500,0.000000e+00
0.612500,0.412500,0.000000e+00
0.625000,0.412500,0.000000e+00
0.637500,0.412500,0.000000e+00
0.650000,0.412500,0.000000e+00
0.662500,0.412500,0.000000e+00
0.675000,0.412500,0.000000e+00
0.687500,0.412500,0.000000e+00
0.700000,0.412500,0.000000e+00
0.712500,0.412500,0.000000e+00
0.725000,0.412500,0.000000e+00
0.737500,0.412500,0.000000e+00
0.750000,0.412500,0.000000e+00
0.762500,0.412500,0.000000e+00
0.775000,0.412500,0.000000e+00
0.787500,0.412500,0.000000e+00
0.800000,0.412500,0.000000e+00
0.812500,0.412500,0.000000e+00
0.825000,0.412500,0.000000e+00
0.837500,0.412500,0.000000e+00
0.850000,0.412500,0.000000e+00
0.862500,0.412500,0.000000e+00
0.875000,0.412500,0.000000e+00
0.887500,0.412500,0.000000e+00
0.900000,0.412500,0.000000e+00
0.912500,0.412500,0.000000e+00
0.925000,0.412500,0.000000e+00
0.937500,0.412500,0.000000e+00
0.950000,0.412500,0.000000e+00
0.962500,0.412500,0.000000e+00
0.975000,0.412500,0.000000e+00
0.987500,0.412500,0.000000e+00
1.000000,0.412500,0.000000e+00
0.000000,0.425000,0.000000e+00
0.012500,0.425000,3.281705e-03
0.025000,0.425000,6.393889e-03
0.037500,0.425000,9.336553e-03
0.050000,0.425000,1.210970e-02
0.062500,0.425000,1.471332e-02
0.075000,0.425000,1.714903e-02
0.087500,0.425000,1.942656e-02
0.100000,0.425000,2.154752e-02
0.112500,0.425000,2.351192e-02
0.125000,0.425000,2.531975e-02
0.137500,0.425000,2.697103e-02
0.150000,0.425000,2.846575e-02
0.162500,0.425000,2.980391e-02
0.175000,0.425000,3.098551e-02
0.187500,0.425000,3.201042e-02
0.200000,0.425000,3.287841e-02
0.212500,0.425000,3.358947e-02
0.225000,0.425000,3.414359e-02
0.237500,0.425000,3.454077e-02
0.250000,0.425000,3.478103e-02
0.262500,0.425000,3.486435e-02
0.275000,0.425000,3.479073e-02
0.287500,0.425000,3.456018e-02
0.300000,0.425000,3.417270e-02
0.312500,0.425000,3.362143e-02
0.325000,0.425000,3.287654e-02
0.337500,0.425000,3.193454e-02
0.350000,0.425000,3.079545e-02
0.362500,0.425000,2.945925e-02
0.375000,0.425000,2.792595e-02
0.387500,0.425000,2.619556e-02
0.400000,0.425000,2.426805e-02
0.412500,0.425000,2.214185e-02
0.425000,0.425000,1.976871e-02
0.437500,0.425000,1.712605e-02
0.450000,0.425000,1.421389e-02
0.462500,0.425000,1.103221e-02
0.475000,0.425000,7.584654e-03
0.487500,0.425000,3.899048e-03
0.500000,0.425000,0.000000e+00
0.512500,0.425000,0.000000e+00
0.525000,0.425000,0.000000e+00
0.537500,0.425000,0.000000e+00
0.550000,0.425000,0.000000e+00
0.562500,0.425000,0.000000e+00
0.575000,0.425000,0.000000e+00
0.587500,0.425000,0.000000e+00
0.600000,0.425000,0.000000e+00
0.612500,0.425000,0.000000e+00
0.625000,0.425000,0.000000e+00
0.637500,0.425000,0.000000e+00
0.650000,0.425000,0.000000e+00
0.662500,0.425000,0.000000e+00
0.675000,0.425000,0.000000e+00
0.687500,0.425000,0.000000e+00
0.700000,0.425000,0.000000e+00
0.712500,0.425000,0.000000e+00
0.725000,0.425000,0.000000e+00
0.737500,0.425000,0.000000e+00
0.750000,0.425000,0.000000e+00
0.762500,0.425000,0.000000e+00
0.775000,0.425000,0.000000e+00
0.787500,0.425000,0.000000e+00
0.800000,0.425000,0.000000e+00
0.812500,0.425000,0.000000e+00
0.825000,0.425000,0.000000e+00
0.837500,0.425000,0.000000e+00
0.850000,0.425000,0.000000e+00
0.862500,0.425000,0.000000e+00
0.875000,0.425000,0.000000e+00
0.887500,0.425000,0.000000e+00
0.900000,0.425000,0.000000e+00
0.912500,0.425000,0.000000e+00
0.925000,0.425000,0.000000e+00
0.937500,0.425000,0.000000e+00
0.950000,0.425000,0.000000e+00
0.962500,0.425000,0.000000e+00
0.975000,0.425000,0.000000e+00
0.987500,0.425000,0.000000e+00
1.000000,0.425000,0.000000e+00
0.000000,0.437500,0.000000e+00
0.012500,0.437500,3.292145e-03
0.025000,0.437500,6.415305e-03
0.037500,0.437500,9.369483e-03
0.050000,0.437500,1.215468e-02
0.062500,0.437500,1.477089e-02
0.075000,0.437500,1.721972e-02
0.087500,0.437500,1.951085e-02
0.100000,0.437500,2.164592e-02
0.112500,0.437500,2.362491e-02
0.125000,0.437500,2.544784e-02
0.137500,0.437500,2.711469e-02
0.150000,0.437500,2.862548e-02
0.162500,0.437500,2.998019e-02
0.175000,0.437500,3.117884e-02
0.187500,0.437500,3.222140e-02
0.200000,0.437500,3.310785e-02
0.212500,0.437500,3.383819e-02
0.225000,0.437500,3.441241e-02
0.237500,0.437500,3.483053e-02
0.250000,0.437500,3.509252e-02
0.262500,0.437500,3.519841e-02
0.275000,0.437500,3.514819e-02
0.287500,0.437500,3.494185e-02
0.300000,0.437500,3.457940e-02
0.312500,0.437500,3.405364e-02
0.325000,0.437500,3.333327e-02
0.337500,0.437500,3.241462e-02
0.350000,0.437500,3.129771e-02
0.362500,0.437500,2.998252e-02
0.375000,0.437500,2.846907e-02
0.387500,0.437500,2.675734e-02
0.400000,0.437500,2.484734e-02
0.412500,0.437500,2.273688e-02
0.425000,0.437500,2.035972e-02
0.437500,0.437500,1.768487e-02
0.450000,0.437500,1.471233e-02
0.462500,0.437500,1.144211e-02
0.475000,0.437500,7.878078e-03
0.487500,0.437500,4.049994e-03
0.500000,0.437500,0.000000e+00
0.512500,0.437500,0.000000e+00
0.525000,0.437500,0.000000e+00
0.537500,0.437500,0.000000e+00
0.550000,0.437500,0.000000e+00
0.562500,0.437500,0.000000e+00
0.575000,0.437500,0.000000e+00
0.587500,0.437500,0.000000e+00
0.600000,0.437500,0.000000e+00
0.612500,0.437500,0.000000e+00
0.625000,0.437500,0.000000e+00
0.637500,0.437500,0.000000e+00
0.650000,0.437500,0.000000e+00
0.662500,0.437500,0.000000e+00
0.675000,0.437500,0.000000e+00
0.687500,0.437500,0.000000e+00
0.700000,0.437500,0.000000e+00
0.712500,0.437500,0.000000e+00
0.725000,0.437500,0.000000e+00
0.737500,0.437500,0.000000e+00
0.750000,0.437500,0.000000e+00
0.762500,0.437500,0.000000e+00
0.775000,0.437500,0.000000e+00
0.787500,0.437500,0.000000e+00
0.800000,0.437500,0.000000e+00
0.812500,0.437500,0.000000e+00
0.825000,0.437500,0.000000e+00
0.837500,0.437500,0.000000e+00
0.850000,0.437500,0.000000e+00
0.862500,0.437500,0.000000e+00
0.875000,0.437500,0.000000e+00
0.887500,0.437500,0.000000e+00
0.900000,0.437500,0.000000e+00
0.912500,0.437500,0.000000e+00
0.925000,0.437500,0.000000e+00
0.937500,0.437500,0.000000e+00
0.950000,0.437500,0.000000e+00
0.962500,0.437500,0.000000e+00
0.975000,0.437500,0.000000e+00
0.987500,0.437500,0.000000e+00
1.000000,0.437500,0.000000e+00
0.000000,0.450000,0.000000e+00
0.012500,0.450000,3.300250e-03
0.025000,0.450000,6.432160e-03
0.037500,0.450000,9.395728e-03
0.050000,0.450000,1.219096e-02
0.062500,0.450000,1.481784e-02
0.075000,0.450000,1.727799e-02
0.087500,0.450000,1.958113e-02
0.100000,0.450000,2.172887e-02
0.112500,0.450000,2.372123e-02
0.125000,0.450000,2.555819e-02
0.137500,0.450000,2.723977e-02
0.150000,0.450000,2.876595e-02
0.162500,0.450000,3.013675e-02
0.175000,0.450000,3.135216e-02
0.187500,0.450000,3.241233e-02
0.200000,0.450000,3.331756e-02
0.212500,0.450000,3.406788e-02
0.225000,0.450000,3.466327e-02
0.237500,0.450000,3.510374e-02
0.250000,0.450000,3.538929e-02
0.262500,0.450000,3.551991e-02
0.275000,0.450000,3.549562e-02
0.287500,0.450000,3.531640e-02
0.300000,0.450000,3.498226e-02
0.312500,0.450000,3.448570e-02
0.325000,0.450000,3.379407e-02
0.337500,0.450000,3.290358e-02
0.350000,0.450000,3.181423e-02
0.362500,0.450000,3.052600e-02
0.375000,0.450000,2.903891e-02
0.387500,0.450000,2.735295e-02
0.400000,0.450000,2.546812e-02
0.412500,0.450000,2.338152e-02
0.425000,0.450000,2.100572e-02
0.437500,0.450000,1.829981e-02
0.450000,0.450000,1.526379e-02
0.462500,0.450000,1.189765e-02
0.475000,0.450000,8.205474e-03
0.487500,0.450000,4.218497e-03
0.500000,0.450000,0.000000e+00
0.512500,0.450000,0.000000e+00
0.525000,0.450000,0.000000e+00
0.537500,0.450000,0.000000e+00
0.550000,0.450000,0.000000e+00
0.562500,0.450000,0.000000e+00
0.575000,0.450000,0.000000e+00
0.587500,0.450000,0.000000e+00
0.600000,0.450000,0.000000e+00
0.612500,0.450000,0.000000e+00
0.625000,0.450000,0.000000e+00
0.637500,0.450000,0.000000e+00
0.650000,0.450000,0.000000e+00
0.662500,0.450000,0.000000e+00
0.675000,0.450000,0.000000e+00
0.687500,0.450000,0.000000e+00
0.700000,0.450000,0.000000e+00
0.712500,0.450000,0.000000e+00
0.725000,0.450000,0.000000e+00
0.737500,0.450000,0.000000e+00
0.750000,0.450000,0.000000e+00
0.762500,0.450000,0.000000e+00
0.775000,0.450000,0.000000e+00
0.787500,0.450000,0.000000e+00
0.800000,0.450000,0.000000e+00
0.812500,0.450000,0.000000e+00
0.825000,0.450000,0.000000e+00
0.837500,0.450000,0.000000e+00
0.850000,0.450000,0.000000e+00
0.862500,0.450000,0.000000e+00
0.875000,0.450000,0.000000e+00
0.887500,0.450000,0.000000e+00
0.900000,0.450000,0.000000e+00
0.912500,0.450000,0.000000e+00
0.925000,0.450000,0.000000e+00
0.937500,0.450000,0.000000e+00
0.950000,0.450000,0.000000e+00
0.962500,0.450000,0.000000e+00
0.975000,0.450000,0.000000e+00
0.987500,0.450000,0.000000e+00
1.000000,0.450000,0.000000e+00
0.000000,0.462500,0.000000e+00
0.012500,0.462500,3.305127e-03
0.025000,0.462500,6.442831e-03
0.037500,0.462500,9.413113e-03
0.050000,0.462500,1.221597e-02
0.062500,0.462500,1.485141e-02
0.075000,0.462500,1.732103e-02
0.087500,0.462500,1.963452e-02
0.100000,0.462500,2.179351e-02
0.112500,0.462500,2.379800e-02
0.125000,0.462500,2.564799e-02
0.137500,0.462500,2.734348e-02
0.150000,0.462500,2.888448e-02
0.162500,0.462500,3.027097e-02
0.175000,0.462500,3.150296e-02
0.187500,0.462500,3.258079e-02
0.200000,0.462500,3.350517e-02
0.212500,0.462500,3.427610e-02
0.225000,0.462500,3.489360e-02
0.237500,0.462500,3.535765e-02
0.250000,0.462500,3.566827e-02
0.262500,0.462500,3.582544e-02
0.275000,0.462500,3.582918e-02
0.287500,0.462500,3.567948e-02
0.300000,0.462500,3.537634e-02
0.312500,0.462500,3.491221e-02
0.325000,0.462500,3.425421e-02
0.337500,0.462500,3.339851e-02
0.350000,0.462500,3.234511e-02
0.362500,0.462500,3.109400e-02
0.375000,0.462500,2.964520e-02
0.387500,0.462500,2.799870e-02
0.400000,0.462500,2.615450e-02
0.412500,0.462500,2.410905e-02
0.425000,0.462500,2.175584e-02
0.437500,0.462500,1.904499e-02
0.450000,0.462500,1.597651e-02
0.462500,0.462500,1.255040e-02
0.475000,0.462500,8.760396e-03
0.487500,0.462500,4.558620e-03
0.500000,0.462500,0.000000e+00
0.512500,0.462500,0.000000e+00
0.525000,0.462500,0.000000e+00
0.537500,0.462500,0.000000e+00
0.550000,0.462500,0.000000e+00
0.562500,0.462500,0.000000e+00
0.575000,0.462500,0.000000e+00
0.587500,0.462500,0.000000e+00
0.600000,0.462500,0.000000e+00
0.612500,0.462500,0.000000e+00
0.625000,0.462500,0.000000e+00
0.637500,0.462500,0.000000e+00
0.650000,0.462500,0.000000e+00
0.662500,0.462500,0.000000e+00
0.675000,0.462500,0.000000e+00
0.687500,0.462500,0.000000e+00
0.700000,0.462500,0.000000e+00
0.712500,0.462500,0.000000e+00
0.725000,0.462500,0.000000e+00
0.737500,0.462500,0.000000e+00
0.750000,0.462500,0.000000e+00
0.762500,0.462500,0.000000e+00
0.775000,0.462500,0.000000e+00
0.787500,0.462500,0.000000e+00
0.800000,0.462500,0.000000e+00
0.812500,0.462500,0.000000e+00
0.825000,0.462500,0.000000e+00
0.837500,0.462500,0.000000e+00
0.850000,0.462500,0.000000e+00
0.862500,0.462500,0.000000e+00
0.875000,0.462500,0.000000e+00
0.887500,0.462500,0.000000e+00
0.900000,0.462500,0.000000e+00
0.912500,0.462500,0.000000e+00
0.925000,0.462500,0.000000e+00
0.937500,0.462500,0.000000e+00
0.950000,0.462500,0.000000e+00
0.962500,0.462500,0.000000e+00
0.975000,0.462500,0.000000e+00
0.987500,0.462500,0.000000e+00
1.000000,0.462500,0.000000e+00
0.000000,0.475000,0.000000e+00
0.012500,0.475000,3.306035e-03
0.025000,0.475000,6.445982e-03
0.037500,0.475000,9.419840e-03
0.050000,0.475000,1.222761e-02
0.062500,0.475000,1.486929e-02
0.075000,0.475000,1.734646e-02
0.087500,0.475000,1.966865e-02
0.100000,0.475000,2.183746e-02
0.112500,0.475000,2.385287e-02
0.125000,0.475000,2.571490e-02
0.137500,0.475000,2.742355e-02
0.150000,0.475000,2.897881e-02
0.162500,0.475000,3.038069e-02
0.175000,0.475000,3.162918e-02
0.187500,0.475000,3.272482e-02
0.200000,0.475000,3.366870e-02
0.212500,0.475000,3.446085e-02
0.225000,0.475000,3.510128e-02
0.237500,0.475000,3.558998e-02
0.250000,0.475000,3.592695e-02
0.262500,0.475000,3.611219e-02
0.275000,0.475000,3.614571e-02
0.287500,0.475000,3.602750e-02
0.300000,0.475000,3.575756e-02
0.312500,0.475000,3.532873e-02
0.325000,0.475000,3.470974e-02
0.337500,0.475000,3.389698e-02
0.350000,0.475000,3.289043e-02
0.362500,0.475000,3.169009e-02
0.375000,0.475000,3.029598e-02
0.387500,0.475000,2.870807e-02
0.400000,0.475000,2.692639e-02
0.412500,0.475000,2.494696e-02
0.425000,0.475000,2.265061e-02
0.437500,0.475000,1.998158e-02
0.450000,0.475000,1.693985e-02
0.462500,0.475000,1.352544e-02
0.475000,0.475000,9.702577e-03
0.487500,0.475000,5.197508e-03
0.500000,0.475000,0.000000e+00
0.512500,0.475000,0.000000e+00
0.525000,0.475000,0.000000e+00
0.537500,0.475000,0.000000e+00
0.550000,0.475000,0.000000e+00
0.562500,0.475000,0.000000e+00
0.575000,0.475000,0.000000e+00
0.587500,0.475000,0.000000e+00
0.600000,0.475000,0.000000e+00
0.612500,0.475000,0.000000e+00
0.625000,0.475000,0.000000e+00
0.637500,0.475000,0.000000e+00
0.650000,0.475000,0.000000e+00
0.662500,0.475000,0.000000e+00
0.675000,0.475000,0.000000e+00
0.687500,0.475000,0.000000e+00
0.700000,0.475000,0.000000e+00
0.712500,0.475000,0.000000e+00
0.725000,0.475000,0.000000e+00
0.737500,0.475000,0.000000e+00
0.750000,0.475000,0.000000e+00
0.762500,0.475000,0.000000e+00
0.775000,0.475000,0.000000e+00
0.787500,0.475000,0.000000e+00
0.800000,0.475000,0.000000e+00
0.812500,0.475000,0.000000e+00
0.825000,0.475000,0.000000e+00
0.837500,0.475000,0.000000e+00
0.850000,0.475000,0.000000e+00
0.862500,0.475000,0.000000e+00
0.875000,0.475000,0.000000e+00
0.887500,0.475000,0.000000e+00
0.900000,0.475000,0.000000e+00
0.912500,0.475000,0.000000e+00
0.925000,0.475000,0.000000e+00
0.937500,0.475000,0.000000e+00
0.950000,0.475000,0.000000e+00
0.962500,0.475000,0.000000e+00
0.975000,0.475000,0.000000e+00
0.987500,0.475000,0.000000e+00
1.000000,0.475000,0.000000e+00
0.000000,0.487500,0.000000e+00
0.012500,0.487500,3.302974e-03
0.025000,0.487500,6.441611e-03
0.037500,0.487500,9.415911e-03
0.050000,0.487500,1.222587e-02
0.062500,0.487500,1.487150e-02
0.075000,0.487500,1.735431e-02
0.087500,0.487500,1.968353e-02
0.100000,0.487500,2.186071e-02
0.112500,0.487500,2.388584e-02
0.125000,0.487500,2.575893e-02
0.137500,0.487500,2.747997e-02
0.150000,0.487500,2.904896e-02
0.162500,0.487500,3.046591e-02
0.175000,0.487500,3.173082e-02
0.187500,0.487500,3.284441e-02
0.200000,0.487500,3.380816e-02
0.212500,0.487500,3.462213e-02
0.225000,0.487500,3.528632e-02
0.237500,0.487500,3.580072e-02
0.250000,0.487500,3.616533e-02
0.262500,0.487500,3.638016e-02
0.275000,0.487500,3.644521e-02
0.287500,0.487500,3.636046e-02
0.300000,0.487500,3.612593e-02
0.312500,0.487500,3.573525e-02
0.325000,0.487500,3.516069e-02
0.337500,0.487500,3.439900e-02
0.350000,0.487500,3.345019e-02
0.362500,0.487500,3.231427e-02
0.375000,0.487500,3.099123e-02
0.387500,0.487500,2.948107e-02
0.400000,0.487500,2.778379e-02
0.412500,0.487500,2.589523e-02
0.425000,0.487500,2.369005e-02
0.437500,0.487500,2.110957e-02
0.450000,0.487500,1.815381e-02
0.462500,0.487500,1.482276e-02
0.475000,0.487500,1.103202e-02
0.487500,0.487500,6.135159e-03
0.500000,0.487500,0.000000e+00
0.512500,0.487500,0.000000e+00
0.525000,0.487500,0.000000e+00
0.537500,0.487500,0.000000e+00
0.550000,0.487500,0.000000e+00
0.562500,0.487500,0.000000e+00
0.575000,0.487500,0.000000e+00
0.587500,0.487500,0.000000e+00
0.600000,0.487500,0.000000e+00
0.612500,0.487500,0.000000e+00
0.625000,0.487500,0.000000e+00
0.637500,0.487500,0.000000e+00
0.650000,0.487500,0.000000e+00
0.662500,0.487500,0.000000e+00
0.675000,0.487500,0.000000e+00
0.687500,0.487500,0.000000e+00
0.700000,0.487500,0.000000e+00
0.712500,0.487500,0.000000e+00
0.725000,0.487500,0.000000e+00
0.737500,0.487500,0.000000e+00
0.750000,0.487500,0.000000e+00
0.762500,0.487500,0.000000e+00
0.775000,0.487500,0.000000e+00
0.787500,0.487500,0.000000e+00
0.800000,0.487500,0.000000e+00
0.812500,0.487500,0.000000e+00
0.825000,0.487500,0.000000e+00
0.837500,0.487500,0.000000e+00
0.850000,0.487500,0.000000e+00
0.862500,0.487500,0.000000e+00
0.875000,0.487500,0.000000e+00
0.887500,0.487500,0.000000e+00
0.900000,0.487500,0.000000e+00
0.912500,0.487500,0.000000e+00
0.925000,0.487500,0.000000e+00
0.937500,0.487500,0.000000e+00
0.950000,0.487500,0.000000e+00
0.962500,0.487500,0.000000e+00
0.975000,0.487500,0.000000e+00
0.987500,0.487500,0.000000e+00
1.000000,0.487500,0.000000e+00
0.000000,0.500000,0.000000e+00
0.012500,0.500000,3.294779e-03
0.025000,0.500000,6.427812e-03
0.037500,0.500000,9.399101e-03
0.050000,0.500000,1.220865e-02
0.062500,0.500000,1.485644e-02
0.075000,0.500000,1.734387e-02
0.087500,0.500000,1.967918e-02
0.100000,0.500000,2.186377e-02
0.112500,0.500000,2.389763e-02
0.125000,0.500000,2.578077e-02
0.137500,0.500000,2.751318e-02
0.150000,0.500000,2.909487e-02
0.162500,0.500000,3.052584e-02
0.175000,0.500000,3.180608e-02
0.187500,0.500000,3.293669e-02
0.200000,0.500000,3.391992e-02
0.212500,0.500000,3.475584e-02
0.225000,0.500000,3.544444e-02
0.237500,0.500000,3.598572e-02
0.250000,0.500000,3.637969e-02
0.262500,0.500000,3.662635e-02
0.275000,0.500000,3.672569e-02
0.287500,0.500000,3.667771e-02
0.300000,0.500000,3.648242e-02
0.312500,0.500000,3.613435e-02
0.325000,0.500000,3.560970e-02
0.337500,0.500000,3.490569e-02
0.350000,0.500000,3.402232e-02
0.362500,0.500000,3.295960e-02
0.375000,0.500000,3.171752e-02
0.387500,0.500000,3.029608e-02
0.400000,0.500000,2.869529e-02
0.412500,0.500000,2.691146e-02
0.425000,0.500000,2.483388e-02
0.437500,0.500000,2.241072e-02
0.450000,0.500000,1.964199e-02
0.462500,0.500000,1.652768e-02
0.475000,0.500000,1.297292e-02
0.487500,0.500000,8.251204e-03
0.500000,0.500000,0.000000e+00
0.512500,0.500000,0.000000e+00
0.525000,0.500000,0.000000e+00
0.537500,0.500000,0.000000e+00
0.550000,0.500000,0.000000e+00
0.562500,0.500000,0.000000e+00
0.575000,0.500000,0.000000e+00
0.587500,0.500000,0.000000e+00
0.600000,0.500000,0.000000e+00
0.612500,0.500000,0.000000e+00
0.625000,0.500000,0.000000e+00
0.637500,0.500000,0.000000e+00
0.650000,0.500000,0.000000e+00
0.662500,0.500000,0.000000e+00
0.675000,0.500000,0.000000e+00
0.687500,0.500000,0.000000e+00
0.700000,0.500000,0.000000e+00
0.712500,0.500000,0.000000e+00
0.725000,0.500000,0.000000e+00
0.737500,0.500000,0.000000e+00
0.750000,0.500000,0.000000e+00
0.762500,0.500000,0.000000e+00
0.775000,0.500000,0.000000e+00
0.787500,0.500000,0.000000e+00
0.800000,0.500000,0.000000e+00
0.812500,0.500000,0.000000e+00
0.825000,0.500000,0.000000e+00
0.837500,0.500000,0.000000e+00
0.850000,0.500000,0.000000e+00
0.862500,0.500000,0.000000e+00
0.875000,0.500000,0.000000e+00
0.887500,0.500000,0.000000e+00
0.900000,0.500000,0.000000e+00
0.912500,0.500000,0.000000e+00
0.925000,0.500000,0.000000e+00
0.937500,0.500000,0.000000e+00
0.950000,0.500000,0.000000e+00
0.962500,0.500000,0.000000e+00
0.975000,0.500000,0.000000e+00
0.987500,0.500000,0.000000e+00
1.000000,0.500000,0.000000e+00
0.000000,0.512500,0.000000e+00
0.012500,0.512500,3.285690e-03
0.025000,0.512500,6.412067e-03
0.037500,0.512500,9.379131e-03
0.050000,0.512500,1.218688e-02
0.062500,0.512500,1.483532e-02
0.075000,0.512500,1.732566e-02
0.087500,0.512500,1.966524e-02
0.100000,0.512500,2.185531e-02
0.112500,0.512500,2.389585e-02
0.125000,0.512500,2.578688e-02
0.137500,0.512500,2.752838e-02
0.150000,0.512500,2.912036e-02
0.162500,0.512500,3.056283e-02
0.175000,0.512500,3.185577e-02
0.187500,0.512500,3.300074e-02
0.200000,0.512500,3.400090e-02
0.212500,0.512500,3.485635e-02
0.225000,0.512500,3.556709e-02
0.237500,0.512500,3.613312e-02
0.250000,0.512500,3.655444e-02
0.262500,0.512500,3.683105e-02
0.275000,0.512500,3.696295e-02
0.287500,0.512500,3.695013e-02
0.300000,0.512500,3.679261e-02
0.312500,0.512500,3.648579e-02
0.325000,0.512500,3.600972e-02
0.337500,0.512500,3.536208e-02
0.350000,0.512500,3.454286e-02
0.362500,0.512500,3.355207e-02
0.375000,0.512500,3.238971e-02
0.387500,0.512500,3.105577e-02
0.400000,0.512500,2.955026e-02
0.412500,0.512500,2.787061e-02
0.425000,0.512500,2.593944e-02
0.437500,0.512500,2.372053e-02
0.450000,0.512500,2.121389e-02
0.462500,0.512500,1.841951e-02
0.475000,0.512500,1.532395e-02
0.487500,0.512500,1.182423e-02
0.500000,0.512500,8.251733e-03
0.512500,0.512500,6.149551e-03
0.525000,0.512500,5.150223e-03
0.537500,0.512500,4.537009e-03
0.550000,0.512500,4.265358e-03
0.562500,0.512500,4.066219e-03
0.575000,0.512500,3.894456e-03
0.587500,0.512500,3.750070e-03
0.600000,0.512500,3.633060e-03
0.612500,0.512500,3.543427e-03
0.625000,0.512500,3.477966e-03
0.637500,0.512500,3.417267e-03
0.650000,0.512500,3.358064e-03
0.662500,0.512500,3.300357e-03
0.675000,0.512500,3.244147e-03
0.687500,0.512500,3.189434e-03
0.700000,0.512500,3.136217e-03
0.712500,0.512500,3.084497e-03
0.725000,0.512500,3.034244e-03
0.737500,0.512500,2.982261e-03
0.750000,0.512500,2.926372e-03
0.762500,0.512500,2.866576e-03
0.775000,0.512500,2.802874e-03
0.787500,0.512500,2.735266e-03
0.800000,0.512500,2.663751e-03
0.812500,0.512500,2.588330e-03
0.825000,0.512500,2.509002e-03
0.837500,0.512500,2.425769e-03
0.850000,0.512500,2.337268e-03
0.862500,0.512500,2.237966e-03
0.875000,0.512500,2.127273e-03
0.887500,0.512500,2.005189e-03
0.900000,0.512500,1.871714e-03
0.912500,0.512500,1.726848e-03
0.925000,0.512500,1.570590e-03
0.937500,0.512500,1.402942e-03
0.950000,0.512500,1.217979e-03
0.962500,0.512500,9.874132e-04
0.975000,0.512500,7.075615e-04
0.987500,0.512500,3.784237e-04
1.000000,0.512500,0.000000e+00
0.000000,0.525000,0.000000e+00
0.012500,0.525000,3.277746e-03
0.025000,0.525000,6.398048e-03
0.037500,0.525000,9.360908e-03
0.050000,0.525000,1.216632e-02
0.062500,0.525000,1.481430e-02
0.075000,0.525000,1.730597e-02
0.087500,0.525000,1.964828e-02
0.100000,0.525000,2.184239e-02
0.112500,0.525000,2.388829e-02
0.125000,0.525000,2.578598e-02
0.137500,0.525000,2.753548e-02
0.150000,0.525000,2.913677e-02
0.162500,0.525000,3.058985e-02
0.175000,0.525000,3.189473e-02
0.187500,0.525000,3.305346e-02
0.200000,0.525000,3.407026e-02
0.212500,0.525000,3.494523e-02
0.225000,0.525000,3.567840e-02
0.237500,0.525000,3.626975e-02
0.250000,0.525000,3.671929e-02
0.262500,0.525000,3.702701e-02
0.275000,0.525000,3.719292e-02
0.287500,0.525000,3.721701e-02
0.300000,0.525000,3.709930e-02
0.312500,0.525000,3.683622e-02
0.325000,0.525000,3.641232e-02
0.337500,0.525000,3.582581e-02
0.350000,0.525000,3.507668e-02
0.362500,0.525000,3.416494e-02
0.375000,0.525000,3.309058e-02
0.387500,0.525000,3.185361e-02
0.400000,0.525000,3.045402e-02
0.412500,0.525000,2.889056e-02
0.425000,0.525000,2.712522e-02
0.437500,0.525000,2.514023e-02
0.450000,0.525000,2.293557e-02
0.462500,0.525000,2.051127e-02
0.475000,0.525000,1.789747e-02
0.487500,0.525000,1.532522e-02
0.500000,0.525000,1.296478e-02
0.512500,0.525000,1.102750e-02
0.525000,0.525000,9.664507e-03
0.537500,0.525000,8.764816e-03
0.550000,0.525000,8.277452e-03
0.562500,0.525000,7.894590e-03
0.575000,0.525000,7.564591e-03
0.587500,0.525000,7.287454e-03
0.600000,0.525000,7.063181e-03
0.612500,0.525000,6.891770e-03
0.625000,0.525000,6.766940e-03
0.637500,0.525000,6.650642e-03
0.650000,0.525000,6.536476e-03
0.662500,0.525000,6.424442e-03
0.675000,0.525000,6.314539e-03
0.687500,0.525000,6.206768e-03
0.700000,0.525000,6.101130e-03
0.712500,0.525000,5.997623e-03
0.725000,0.525000,5.896197e-03
0.737500,0.525000,5.791190e-03
0.750000,0.525000,5.678749e-03
0.762500,0.525000,5.558876e-03
0.775000,0.525000,5.431570e-03
0.787500,0.525000,5.296831e-03
0.800000,0.525000,5.154659e-03
0.812500,0.525000,5.005054e-03
0.825000,0.525000,4.848016e-03
0.837500,0.525000,4.683545e-03
0.850000,0.525000,4.508778e-03
0.862500,0.525000,4.312072e-03
0.875000,0.525000,4.092186e-03
0.887500,0.525000,3.849120e-03
0.900000,0.525000,3.582872e-03
0.912500,0.525000,3.293445e-03
0.925000,0.525000,2.980837e-03
0.937500,0.525000,2.645048e-03
0.950000,0.525000,2.276779e-03
0.962500,0.525000,1.831609e-03
0.975000,0.525000,1.303756e-03
0.987500,0.525000,6.932198e-04
1.000000,0.525000,0.000000e+00
0.000000,0.537500,0.000000e+00
0.012500,0.537500,3.270938e-03
0.025000,0.537500,6.385658e-03
0.037500,0.537500,9.344163e-03
0.050000,0.537500,1.214645e-02
0.062500,0.537500,1.479252e-02
0.075000,0.537500,1.728356e-02
0.087500,0.537500,1.962675e-02
0.100000,0.537500,2.182330e-02
0.112500,0.537500,2.387319e-02
0.125000,0.537500,2.577644e-02
0.137500,0.537500,2.753304e-02
0.150000,0.537500,2.914299e-02
0.162500,0.537500,3.060629e-02
0.175000,0.537500,3.192294e-02
0.187500,0.537500,3.309545e-02
0.200000,0.537500,3.412893e-02
0.212500,0.537500,3.502354e-02
0.225000,0.537500,3.577927e-02
0.237500,0.537500,3.639613e-02
0.250000,0.537500,3.687411e-02
0.262500,0.537500,3.721323e-02
0.275000,0.537500,3.741346e-02
0.287500,0.537500,3.747483e-02
0.300000,0.537500,3.739732e-02
0.312500,0.537500,3.717874e-02
0.325000,0.537500,3.680954e-02
0.337500,0.537500,3.628861e-02
0.350000,0.537500,3.561595e-02
0.362500,0.537500,3.479155e-02
0.375000,0.537500,3.381542e-02
0.387500,0.537500,3.268756e-02
0.400000,0.537500,3.140796e-02
0.412500,0.537500,2.997651e-02
0.425000,0.537500,2.838962e-02
0.437500,0.537500,2.664562e-02
0.450000,0.537500,2.474451e-02
0.462500,0.537500,2.268629e-02
0.475000,0.537500,2.050156e-02
0.487500,0.537500,1.842469e-02
0.500000,0.537500,1.655741e-02
0.512500,0.537500,1.484992e-02
0.525000,0.537500,1.352101e-02
0.537500,0.537500,1.256731e-02
0.550000,0.537500,1.195052e-02
0.562500,0.537500,1.143936e-02
0.575000,0.537500,1.099505e-02
0.587500,0.537500,1.061758e-02
0.600000,0.537500,1.030695e-02
0.612500,0.537500,1.006317e-02
0.625000,0.537500,9.878351e-03
0.637500,0.537500,9.704827e-03
0.650000,0.537500,9.534575e-03
0.662500,0.537500,9.367593e-03
0.675000,0.537500,9.203883e-03
0.687500,0.537500,9.043444e-03
0.700000,0.537500,8.886275e-03
0.712500,0.537500,8.732378e-03
0.725000,0.537500,8.581677e-03
0.737500,0.537500,8.425651e-03
0.750000,0.537500,8.258506e-03
0.762500,0.537500,8.080242e-03
0.775000,0.537500,7.890860e-03
0.787500,0.537500,7.690359e-03
0.800000,0.537500,7.478739e-03
0.812500,0.537500,7.256001e-03
0.825000,0.537500,7.022144e-03
0.837500,0.537500,6.777168e-03
0.850000,0.537500,6.516807e-03
0.862500,0.537500,6.223707e-03
0.875000,0.537500,5.896016e-03
0.887500,0.537500,5.533736e-03
0.900000,0.537500,5.136866e-03
0.912500,0.537500,4.705407e-03
0.925000,0.537500,4.239358e-03
0.937500,0.537500,3.738719e-03
0.950000,0.537500,3.192712e-03
0.962500,0.537500,2.549858e-03
0.975000,0.537500,1.803455e-03
0.987500,0.537500,9.535020e-04
1.000000,0.537500,0.000000e+00
0.000000,0.550000,0.000000e+00
0.012500,0.550000,3.263725e-03
0.025000,0.550000,6.372233e-03
0.037500,0.550000,9.325523e-03
0.050000,0.550000,1.212360e-02
0.062500,0.550000,1.476645e-02
0.075000,0.550000,1.725536e-02
0.087500,0.550000,1.959795e-02
0.100000,0.550000,2.179552e-02
0.112500,0.550000,2.384807e-02
0.125000,0.550000,2.575560e-02
0.137500,0.550000,2.751810e-02
0.150000,0.550000,2.913558e-02
0.162500,0.550000,3.060803e-02
0.175000,0.550000,3.193546e-02
0.187500,0.550000,3.312083e-02
0.200000,0.550000,3.417022e-02
0.212500,0.550000,3.508382e-02
0.225000,0.550000,3.586162e-02
0.237500,0.550000,3.650363e-02
0.250000,0.550000,3.700984e-02
0.262500,0.550000,3.738025e-02
0.275000,0.550000,3.761487e-02
0.287500,0.550000,3.771369e-02
0.300000,0.550000,3.767671e-02
0.312500,0.550000,3.750309e-02
0.325000,0.550000,3.718914e-02
0.337500,0.550000,3.673442e-02
0.350000,0.550000,3.613893e-02
0.362500,0.550000,3.540268e-02
0.375000,0.550000,3.452567e-02
0.387500,0.550000,3.350789e-02
0.400000,0.550000,3.234935e-02
0.412500,0.550000,3.105081e-02
0.425000,0.550000,2.963513e-02
0.437500,0.550000,2.811303e-02
0.450000,0.550000,2.648451e-02
0.462500,0.550000,2.474956e-02
0.475000,0.550000,2.293199e-02
0.487500,0.550000,2.121405e-02
0.500000,0.550000,1.965637e-02
0.512500,0.550000,1.816650e-02
0.525000,0.550000,1.694407e-02
0.537500,0.550000,1.599512e-02
0.550000,0.550000,1.529489e-02
0.562500,0.550000,1.469386e-02
0.575000,0.550000,1.416696e-02
0.587500,0.550000,1.371418e-02
0.600000,0.550000,1.333552e-02
0.612500,0.550000,1.303099e-02
0.625000,0.550000,1.279190e-02
0.637500,0.550000,1.256574e-02
0.650000,0.550000,1.234366e-02
0.662500,0.550000,1.212566e-02
0.675000,0.550000,1.191175e-02
0.687500,0.550000,1.170192e-02
0.700000,0.550000,1.149617e-02
0.712500,0.550000,1.129450e-02
0.725000,0.550000,1.109681e-02
0.737500,0.550000,1.089193e-02
0.750000,0.550000,1.067225e-02
0.762500,0.550000,1.043777e-02
0.775000,0.550000,1.018849e-02
0.787500,0.550000,9.924412e-03
0.800000,0.550000,9.645534e-03
0.812500,0.550000,9.351857e-03
0.825000,0.550000,9.043380e-03
0.837500,0.550000,8.720104e-03
0.850000,0.550000,8.376534e-03
0.862500,0.550000,7.990320e-03
0.875000,0.550000,7.559080e-03
0.887500,0.550000,7.082814e-03
0.900000,0.550000,6.561522e-03
0.912500,0.550000,5.995204e-03
0.925000,0.550000,5.383859e-03
0.937500,0.550000,4.727489e-03
0.950000,0.550000,4.014508e-03
0.962500,0.550000,3.189591e-03
0.975000,0.550000,2.245534e-03
0.987500,0.550000,1.182337e-03
1.000000,0.550000,0.000000e+00
0.000000,0.562500,0.000000e+00
0.012500,0.562500,3.255745e-03
0.025000,0.562500,6.357142e-03
0.037500,0.562500,9.304191e-03
0.050000,0.562500,1.209689e-02
0.062500,0.562500,1.473525e-02
0.075000,0.562500,1.722062e-02
0.087500,0.562500,1.956123e-02
0.100000,0.562500,2.175847e-02
0.112500,0.562500,2.381234e-02
0.125000,0.562500,2.572284e-02
0.137500,0.562500,2.748996e-02
0.150000,0.562500,2.911371e-02
0.162500,0.562500,3.059409e-02
0.175000,0.562500,3.193110e-02
0.187500,0.562500,3.312821e-02
0.200000,0.562500,3.419254e-02
0.212500,0.562500,3.512432e-02
0.225000,0.562500,3.592354e-02
0.237500,0.562500,3.659020e-02
0.250000,0.562500,3.712430e-02
0.262500,0.562500,3.752584e-02
0.275000,0.562500,3.779482e-02
0.287500,0.562500,3.793125e-02
0.300000,0.562500,3.793511e-02
0.312500,0.562500,3.780683e-02
0.325000,0.562500,3.754819e-02
0.337500,0.562500,3.715941e-02
0.350000,0.562500,3.664049e-02
0.362500,0.562500,3.599142e-02
0.375000,0.562500,3.521221e-02
0.387500,0.562500,3.430286e-02
0.400000,0.562500,3.326337e-02
0.412500,0.562500,3.209508e-02
0.425000,0.562500,3.083867e-02
0.437500,0.562500,2.951317e-02
0.450000,0.562500,2.811859e-02
0.462500,0.562500,2.665492e-02
0.475000,0.562500,2.514043e-02
0.487500,0.562500,2.371492e-02
0.500000,0.562500,2.241004e-02
0.512500,0.562500,2.110735e-02
0.525000,0.562500,1.998679e-02
0.537500,0.562500,1.906023e-02
0.550000,0.562500,1.831301e-02
0.562500,0.562500,1.765650e-02
0.575000,0.562500,1.707584e-02
0.587500,0.562500,1.657102e-02
0.600000,0.562500,1.614205e-02
0.612500,0.562500,1.578892e-02
0.625000,0.562500,1.550279e-02
0.637500,0.562500,1.523005e-02
0.650000,0.562500,1.496168e-02
0.662500,0.562500,1.469767e-02
0.675000,0.562500,1.443804e-02
0.687500,0.562500,1.418277e-02
0.700000,0.562500,1.393187e-02
0.712500,0.562500,1.368534e-02
0.725000,0.562500,1.344306e-02
0.737500,0.562500,1.319152e-02
0.750000,0.562500,1.292155e-02
0.762500,0.562500,1.263314e-02
0.775000,0.562500,1.232630e-02
0.787500,0.562500,1.200102e-02
0.800000,0.562500,1.165730e-02
0.812500,0.562500,1.129515e-02
0.825000,0.562500,1.091456e-02
0.837500,0.562500,1.051554e-02
0.850000,0.562500,1.009155e-02
0.862500,0.562500,9.616044e-03
0.875000,0.562500,9.086187e-03
0.887500,0.562500,8.501982e-03
0.900000,0.562500,7.863426e-03
0.912500,0.562500,7.170521e-03
0.925000,0.562500,6.423267e-03
0.937500,0.562500,5.621663e-03
0.950000,0.562500,4.753702e-03
0.962500,0.562500,3.762035e-03
0.975000,0.562500,2.639196e-03
0.987500,0.562500,1.385184e-03
1.000000,0.562500,0.000000e+00
0.000000,0.575000,0.000000e+00
0.012500,0.575000,3.246995e-03
0.025000,0.575000,6.340384e-03
0.037500,0.575000,9.280166e-03
0.050000,0.575000,1.206634e-02
0.062500,0.575000,1.469891e-02
0.075000,0.575000,1.717935e-02
0.087500,0.575000,1.951659e-02
0.100000,0.575000,2.171215e-02
0.112500,0.575000,2.376600e-02
0.125000,0.575000,2.567817e-02
0.137500,0.575000,2.744863e-02
0.150000,0.575000,2.907740e-02
0.162500,0.575000,3.056448e-02
0.175000,0.575000,3.190986e-02
0.187500,0.575000,3.311758e-02
0.200000,0.575000,3.419589e-02
0.212500,0.575000,3.514504e-02
0.225000,0.575000,3.596502e-02
0.237500,0.575000,3.665585e-02
0.250000,0.575000,3.721751e-02
0.262500,0.575000,3.765000e-02
0.275000,0.575000,3.795334e-02
0.287500,0.575000,3.812751e-02
0.300000,0.575000,3.817252e-02
0.312500,0.575000,3.808995e-02
0.325000,0.575000,3.788671e-02
0.337500,0.575000,3.756360e-02
0.350000,0.575000,3.712062e-02
0.362500,0.575000,3.655777e-02
0.375000,0.575000,3.587505e-02
0.387500,0.575000,3.507246e-02
0.400000,0.575000,3.414999e-02
0.412500,0.575000,3.310932e-02
0.425000,0.575000,3.200023e-02
0.437500,0.575000,3.084605e-02
0.450000,0.575000,2.964676e-02
0.462500,0.575000,2.840237e-02
0.475000,0.575000,2.712687e-02
0.487500,0.575000,2.592732e-02
0.500000,0.575000,2.481841e-02
0.512500,0.575000,2.367249e-02
0.525000,0.575000,2.264915e-02
0.537500,0.575000,2.176263e-02
0.550000,0.575000,2.100487e-02
0.562500,0.575000,2.032728e-02
0.575000,0.575000,1.972169e-02
0.587500,0.575000,1.918811e-02
0.600000,0.575000,1.872654e-02
0.612500,0.575000,1.833698e-02
0.625000,0.575000,1.801102e-02
0.637500,0.575000,1.769776e-02
0.650000,0.575000,1.738862e-02
0.662500,0.575000,1.708362e-02
0.675000,0.575000,1.678274e-02
0.687500,0.575000,1.648600e-02
0.700000,0.575000,1.619338e-02
0.712500,0.575000,1.590490e-02
0.725000,0.575000,1.562041e-02
0.737500,0.575000,1.532442e-02
0.750000,0.575000,1.500640e-02
0.762500,0.575000,1.466635e-02
0.775000,0.575000,1.430428e-02
0.787500,0.575000,1.392018e-02
0.800000,0.575000,1.351404e-02
0.812500,0.575000,1.308588e-02
0.825000,0.575000,1.263569e-02
0.837500,0.575000,1.216347e-02
0.850000,0.575000,1.166186e-02
0.862500,0.575000,1.110088e-02
0.875000,0.575000,1.047734e-02
0.887500,0.575000,9.791238e-03
0.900000,0.575000,9.042579e-03
0.912500,0.575000,8.231359e-03
0.925000,0.575000,7.357580e-03
0.937500,0.575000,6.421241e-03
0.950000,0.575000,5.410294e-03
0.962500,0.575000,4.267192e-03
0.975000,0.575000,2.984442e-03
0.987500,0.575000,1.562045e-03
1.000000,0.575000,0.000000e+00
0.000000,0.587500,0.000000e+00
0.012500,0.587500,3.237472e-03
0.025000,0.587500,6.321949e-03
0.037500,0.587500,9.253431e-03
0.050000,0.587500,1.203192e-02
0.062500,0.587500,1.465741e-02
0.075000,0.587500,1.713152e-02
0.087500,0.587500,1.946401e-02
0.100000,0.587500,2.165650e-02
0.112500,0.587500,2.370901e-02
0.125000,0.587500,2.562153e-02
0.137500,0.587500,2.739406e-02
0.150000,0.587500,2.902660e-02
0.162500,0.587500,3.051914e-02
0.175000,0.587500,3.187170e-02
0.187500,0.587500,3.308890e-02
0.200000,0.587500,3.418021e-02
0.212500,0.587500,3.514590e-02
0.225000,0.587500,3.598600e-02
0.237500,0.587500,3.670048e-02
0.250000,0.587500,3.728936e-02
0.262500,0.587500,3.775264e-02
0.275000,0.587500,3.809030e-02
0.287500,0.587500,3.830236e-02
0.300000,0.587500,3.838881e-02
0.312500,0.587500,3.835233e-02
0.325000,0.587500,3.820454e-02
0.337500,0.587500,3.794681e-02
0.350000,0.587500,3.757914e-02
0.362500,0.587500,3.710151e-02
0.375000,0.587500,3.651394e-02
0.387500,0.587500,3.581642e-02
0.400000,0.587500,3.500896e-02
0.412500,0.587500,3.409322e-02
0.425000,0.587500,3.311952e-02
0.437500,0.587500,3.211141e-02
0.450000,0.587500,3.106887e-02
0.462500,0.587500,2.999192e-02
0.475000,0.587500,2.889153e-02
0.487500,0.587500,2.785168e-02
0.500000,0.587500,2.688211e-02
0.512500,0.587500,2.586261e-02
0.525000,0.587500,2.493188e-02
0.537500,0.587500,2.410294e-02
0.550000,0.587500,2.337096e-02
0.562500,0.587500,2.270653e-02
0.575000,0.587500,2.210475e-02
0.587500,0.587500,2.156560e-02
0.600000,0.587500,2.108908e-02
0.612500,0.587500,2.067521e-02
0.625000,0.587500,2.031663e-02
0.637500,0.587500,1.996890e-02
0.650000,0.587500,1.962453e-02
0.662500,0.587500,1.928354e-02
0.675000,0.587500,1.894591e-02
0.687500,0.587500,1.861164e-02
0.700000,0.587500,1.828075e-02
0.712500,0.587500,1.795322e-02
0.725000,0.587500,1.762891e-02
0.737500,0.587500,1.729067e-02
0.750000,0.587500,1.692686e-02
0.762500,0.587500,1.653747e-02
0.775000,0.587500,1.612251e-02
0.787500,0.587500,1.568196e-02
0.800000,0.587500,1.521584e-02
0.812500,0.587500,1.472415e-02
0.825000,0.587500,1.420687e-02
0.837500,0.587500,1.366402e-02
0.850000,0.587500,1.308758e-02
0.862500,0.587500,1.244496e-02
0.875000,0.587500,1.173267e-02
0.887500,0.587500,1.095073e-02
0.900000,0.587500,1.009913e-02
0.912500,0.587500,9.177868e-03
0.925000,0.587500,8.186950e-03
0.937500,0.587500,7.126373e-03
0.950000,0.587500,5.984428e-03
0.962500,0.587500,4.705186e-03
0.975000,0.587500,3.281368e-03
0.987500,0.587500,1.712973e-03
1.000000,0.587500,0.000000e+00
0.000000,0.600000,0.000000e+00
0.012500,0.600000,3.226309e-03
0.025000,0.600000,6.300176e-03
0.037500,0.600000,9.221600e-03
0.050000,0.600000,1.199058e-02
0.062500,0.600000,1.460712e-02
0.075000,0.600000,1.707298e-02
0.087500,0.600000,1.939879e-02
0.100000,0.600000,2.158635e-02
0.112500,0.600000,2.363566e-02
0.125000,0.600000,2.554670e-02
0.137500,0.600000,2.731950e-02
0.150000,0.600000,2.895403e-02
0.162500,0.600000,3.045031e-02
0.175000,0.600000,3.180834e-02
0.187500,0.600000,3.303334e-02
0.200000,0.600000,3.413602e-02
0.212500,0.600000,3.511671e-02
0.225000,0.600000,3.597540e-02
0.237500,0.600000,3.671210e-02
0.250000,0.600000,3.732680e-02
0.262500,0.600000,3.781951e-02
0.275000,0.600000,3.819022e-02
0.287500,0.600000,3.843894e-02
0.300000,0.600000,3.856566e-02
0.312500,0.600000,3.857402e-02
0.325000,0.600000,3.847982e-02
0.337500,0.600000,3.828492e-02
0.350000,0.600000,3.798930e-02
0.362500,0.600000,3.759297e-02
0.375000,0.600000,3.709594e-02
0.387500,0.600000,3.649819e-02
0.400000,0.600000,3.579974e-02
0.412500,0.600000,3.500214e-02
0.425000,0.600000,3.415267e-02
0.437500,0.600000,3.327344e-02
0.450000,0.600000,3.236445e-02
0.462500,0.600000,3.142570e-02
0.475000,0.600000,3.046587e-02
0.487500,0.600000,2.955138e-02
0.500000,0.600000,2.869193e-02
0.512500,0.600000,2.778087e-02
0.525000,0.600000,2.693701e-02
0.537500,0.600000,2.617096e-02
0.550000,0.600000,2.547944e-02
0.562500,0.600000,2.484276e-02
0.575000,0.600000,2.425761e-02
0.587500,0.600000,2.372400e-02
0.600000,0.600000,2.324192e-02
0.612500,0.600000,2.281137e-02
0.625000,0.600000,2.242624e-02
0.637500,0.600000,2.204957e-02
0.650000,0.600000,2.167514e-02
0.662500,0.600000,2.130294e-02
0.675000,0.600000,2.093298e-02
0.687500,0.600000,2.056525e-02
0.700000,0.600000,2.019975e-02
0.712500,0.600000,1.983649e-02
0.725000,0.600000,1.947530e-02
0.737500,0.600000,1.909770e-02
0.750000,0.600000,1.869112e-02
0.762500,0.600000,1.825556e-02
0.775000,0.600000,1.779101e-02
0.787500,0.600000,1.729749e-02
0.800000,0.600000,1.677498e-02
0.812500,0.600000,1.622350e-02
0.825000,0.600000,1.564303e-02
0.837500,0.600000,1.503359e-02
0.850000,0.600000,1.438663e-02
0.862500,0.600000,1.366748e-02
0.875000,0.600000,1.287242e-02
0.887500,0.600000,1.200146e-02
0.900000,0.600000,1.105460e-02
0.912500,0.600000,1.003184e-02
0.925000,0.600000,8.933174e-03
0.937500,0.600000,7.758611e-03
0.950000,0.600000,6.496908e-03
0.962500,0.600000,5.094389e-03
0.975000,0.600000,3.544064e-03
0.987500,0.600000,1.845935e-03
1.000000,0.600000,0.000000e+00
0.000000,0.612500,0.000000e+00
0.012500,0.612500,3.212891e-03
0.025000,0.612500,6.273882e-03
0.037500,0.612500,9.182971e-03
0.050000,0.612500,1.194016e-02
0.062500,0.612500,1.454545e-02
0.075000,0.612500,1.700075e-02
0.087500,0.612500,1.931761e-02
0.100000,0.612500,2.149799e-02
0.112500,0.612500,2.354187e-02
0.125000,0.612500,2.544925e-02
0.137500,0.612500,2.722015e-02
0.150000,0.612500,2.885455e-02
0.162500,0.612500,3.035246e-02
0.175000,0.612500,3.171387e-02
0.187500,0.612500,3.294461e-02
0.200000,0.612500,3.405660e-02
0.212500,0.612500,3.505018e-02
0.225000,0.612500,3.592536e-02
0.237500,0.612500,3.668213e-02
0.250000,0.612500,3.732051e-02
0.262500,0.612500,3.784049e-02
0.275000,0.612500,3.824206e-02
0.287500,0.612500,3.852523e-02
0.300000,0.612500,3.869000e-02
0.312500,0.612500,3.874080e-02
0.325000,0.612500,3.869695e-02
0.337500,0.612500,3.856070e-02
0.350000,0.612500,3.833205e-02
0.362500,0.612500,3.801100e-02
0.375000,0.612500,3.759755e-02
0.387500,0.612500,3.709170e-02
0.400000,0.612500,3.649345e-02
0.412500,0.612500,3.580426e-02
0.425000,0.612500,3.506842e-02
0.437500,0.612500,3.430663e-02
0.450000,0.612500,3.351890e-02
0.462500,0.612500,3.270522e-02
0.475000,0.612500,3.187232e-02
0.487500,0.612500,3.107161e-02
0.500000,0.612500,3.031257e-02
0.512500,0.612500,2.950076e-02
0.525000,0.612500,2.873730e-02
0.537500,0.612500,2.803066e-02
0.550000,0.612500,2.737893e-02
0.562500,0.612500,2.677053e-02
0.575000,0.612500,2.620354e-02
0.587500,0.612500,2.567795e-02
0.600000,0.612500,2.519376e-02
0.612500,0.612500,2.475098e-02
0.625000,0.612500,2.434457e-02
0.637500,0.612500,2.394413e-02
0.650000,0.612500,2.354452e-02
0.662500,0.612500,2.314576e-02
0.675000,0.612500,2.274784e-02
0.687500,0.612500,2.235075e-02
0.700000,0.612500,2.195451e-02
0.712500,0.612500,2.155912e-02
0.725000,0.612500,2.116438e-02
0.737500,0.612500,2.075078e-02
0.750000,0.612500,2.030500e-02
0.762500,0.612500,1.982706e-02
0.775000,0.612500,1.931695e-02
0.787500,0.612500,1.877467e-02
0.800000,0.612500,1.820022e-02
0.812500,0.612500,1.759360e-02
0.825000,0.612500,1.695482e-02
0.837500,0.612500,1.628387e-02
0.850000,0.612500,1.557179e-02
0.862500,0.612500,1.478212e-02
0.875000,0.612500,1.391099e-02
0.887500,0.612500,1.295839e-02
0.900000,0.612500,1.192433e-02
0.912500,0.612500,1.080879e-02
0.925000,0.612500,9.611786e-03
0.937500,0.612500,8.333314e-03
0.950000,0.612500,6.962562e-03
0.962500,0.612500,5.447889e-03
0.975000,0.612500,3.782571e-03
0.987500,0.612500,1.966608e-03
1.000000,0.612500,0.000000e+00
0.000000,0.625000,0.000000e+00
0.012500,0.625000,3.197218e-03
0.025000,0.625000,6.243067e-03
0.037500,0.625000,9.137545e-03
0.050000,0.625000,1.188065e-02
0.062500,0.625000,1.447239e-02
0.075000,0.625000,1.691483e-02
0.087500,0.625000,1.922047e-02
0.100000,0.625000,2.139141e-02
0.112500,0.625000,2.342764e-02
0.125000,0.625000,2.532918e-02
0.137500,0.625000,2.709601e-02
0.150000,0.625000,2.872815e-02
0.162500,0.625000,3.022558e-02
0.175000,0.625000,3.158831e-02
0.187500,0.625000,3.282273e-02
0.200000,0.625000,3.394193e-02
0.212500,0.625000,3.494631e-02
0.225000,0.625000,3.583586e-02
0.237500,0.625000,3.661059e-02
0.250000,0.625000,3.727049e-02
0.262500,0.625000,3.781556e-02
0.275000,0.625000,3.824581e-02
0.287500,0.625000,3.856123e-02
0.300000,0.625000,3.876183e-02
0.312500,0.625000,3.885268e-02
0.325000,0.625000,3.885594e-02
0.337500,0.625000,3.877418e-02
0.350000,0.625000,3.860740e-02
0.362500,0.625000,3.835559e-02
0.375000,0.625000,3.801878e-02
0.387500,0.625000,3.759694e-02
0.400000,0.625000,3.709008e-02
0.412500,0.625000,3.649958e-02
0.425000,0.625000,3.586676e-02
0.437500,0.625000,3.521097e-02
0.450000,0.625000,3.453221e-02
0.462500,0.625000,3.383048e-02
0.475000,0.625000,3.311087e-02
0.487500,0.625000,3.241237e-02
0.500000,0.625000,3.174404e-02
0.512500,0.625000,3.102229e-02
0.525000,0.625000,3.033274e-02
0.537500,0.625000,2.968205e-02
0.550000,0.625000,2.906940e-02
0.562500,0.625000,2.848984e-02
0.575000,0.625000,2.794252e-02
0.587500,0.625000,2.742745e-02
0.600000,0.625000,2.694462e-02
0.612500,0.625000,2.649405e-02
0.625000,0.625000,2.607162e-02
0.637500,0.625000,2.565256e-02
0.650000,0.625000,2.523268e-02
0.662500,0.625000,2.481199e-02
0.675000,0.625000,2.439048e-02
0.687500,0.625000,2.396816e-02
0.700000,0.625000,2.354504e-02
0.712500,0.625000,2.312109e-02
0.725000,0.625000,2.269616e-02
0.737500,0.625000,2.224991e-02
0.750000,0.625000,2.176851e-02
0.762500,0.625000,2.125198e-02
0.775000,0.625000,2.070031e-02
0.787500,0.625000,2.011350e-02
0.800000,0.625000,1.949155e-02
0.812500,0.625000,1.883446e-02
0.825000,0.625000,1.814223e-02
0.837500,0.625000,1.741486e-02
0.850000,0.625000,1.664304e-02
0.862500,0.625000,1.578890e-02
0.875000,0.625000,1.484840e-02
0.887500,0.625000,1.382153e-02
0.900000,0.625000,1.270831e-02
0.912500,0.625000,1.150873e-02
0.925000,0.625000,1.022279e-02
0.937500,0.625000,8.850484e-03
0.950000,0.625000,7.381391e-03
0.962500,0.625000,5.765687e-03
0.975000,0.625000,3.996887e-03
0.987500,0.625000,2.074992e-03
1.000000,0.625000,0.000000e+00
0.000000,0.637500,0.000000e+00
0.012500,0.637500,3.179290e-03
0.025000,0.637500,6.207730e-03
0.037500,0.637500,9.085321e-03
0.050000,0.637500,1.181206e-02
0.062500,0.637500,1.438796e-02
0.075000,0.637500,1.681523e-02
0.087500,0.637500,1.910736e-02
0.100000,0.637500,2.126661e-02
0.112500,0.637500,2.329299e-02
0.125000,0.637500,2.518648e-02
0.137500,0.637500,2.694709e-02
0.150000,0.637500,2.857482e-02
0.162500,0.637500,3.006967e-02
0.175000,0.637500,3.143164e-02
0.187500,0.637500,3.266768e-02
0.200000,0.637500,3.379203e-02
0.212500,0.637500,3.480510e-02
0.225000,0.637500,3.570692e-02
0.237500,0.637500,3.649746e-02
0.250000,0.637500,3.717673e-02
0.262500,0.637500,3.774474e-02
0.275000,0.637500,3.820148e-02
0.287500,0.637500,3.854695e-02
0.300000,0.637500,3.878115e-02
0.312500,0.637500,3.890966e-02
0.325000,0.637500,3.895678e-02
0.337500,0.637500,3.892534e-02
0.350000,0.637500,3.881533e-02
0.362500,0.637500,3.862675e-02
0.375000,0.637500,3.835961e-02
0.387500,0.637500,3.801391e-02
0.400000,0.637500,3.758964e-02
0.412500,0.637500,3.708809e-02
0.425000,0.637500,3.654770e-02
0.437500,0.637500,3.598647e-02
0.450000,0.637500,3.540439e-02
0.462500,0.637500,3.480148e-02
0.475000,0.637500,3.418154e-02
0.487500,0.637500,3.357366e-02
0.500000,0.637500,3.298633e-02
0.512500,0.637500,3.234545e-02
0.525000,0.637500,3.172332e-02
0.537500,0.637500,3.112513e-02
0.550000,0.637500,3.055088e-02
0.562500,0.637500,3.000068e-02
0.575000,0.637500,2.947456e-02
0.587500,0.637500,2.897249e-02
0.600000,0.637500,2.849450e-02
0.612500,0.637500,2.804057e-02
0.625000,0.637500,2.760739e-02
0.637500,0.637500,2.717486e-02
0.650000,0.637500,2.673961e-02
0.662500,0.637500,2.630162e-02
0.675000,0.637500,2.586092e-02
0.687500,0.637500,2.541748e-02
0.700000,0.637500,2.497132e-02
0.712500,0.637500,2.452242e-02
0.725000,0.637500,2.407062e-02
0.737500,0.637500,2.359508e-02
0.750000,0.637500,2.308165e-02
0.762500,0.637500,2.253032e-02
0.775000,0.637500,2.194110e-02
0.787500,0.637500,2.131398e-02
0.800000,0.637500,2.064897e-02
0.812500,0.637500,1.994606e-02
0.825000,0.637500,1.920526e-02
0.837500,0.637500,1.842656e-02
0.850000,0.637500,1.760039e-02
0.862500,0.637500,1.668780e-02
0.875000,0.637500,1.568463e-02
0.887500,0.637500,1.459088e-02
0.900000,0.637500,1.340656e-02
0.912500,0.637500,1.213166e-02
0.925000,0.637500,1.076618e-02
0.937500,0.637500,9.310121e-03
0.950000,0.637500,7.753393e-03
0.962500,0.637500,6.047783e-03
0.975000,0.637500,4.187015e-03
0.987500,0.637500,2.171087e-03
1.000000,0.637500,0.000000e+00
0.000000,0.650000,0.000000e+00
0.012500,0.650000,3.159106e-03
0.025000,0.650000,6.167873e-03
0.037500,0.650000,9.026300e-03
0.050000,0.650000,1.173439e-02
0.062500,0.650000,1.429214e-02
0.075000,0.650000,1.670195e-02
0.087500,0.650000,1.897829e-02
0.100000,0.650000,2.112361e-02
0.112500,0.650000,2.313790e-02
0.125000,0.650000,2.502115e-02
0.137500,0.650000,2.677338e-02
0.150000,0.650000,2.839457e-02
0.162500,0.650000,2.988474e-02
0.175000,0.650000,3.124387e-02
0.187500,0.650000,3.247947e-02
0.200000,0.650000,3.360688e-02
0.212500,0.650000,3.462656e-02
0.225000,0.650000,3.553852e-02
0.237500,0.650000,3.634275e-02
0.250000,0.650000,3.703925e-02
0.262500,0.650000,3.762802e-02
0.275000,0.650000,3.810906e-02
0.287500,0.650000,3.848238e-02
0.300000,0.650000,3.874797e-02
0.312500,0.650000,3.891174e-02
0.325000,0.650000,3.899948e-02
0.337500,0.650000,3.901418e-02
0.350000,0.650000,3.895585e-02
0.362500,0.650000,3.882447e-02
0.375000,0.650000,3.862006e-02
0.387500,0.650000,3.834261e-02
0.400000,0.650000,3.799213e-02
0.412500,0.650000,3.756979e-02
0.425000,0.650000,3.711123e-02
0.437500,0.650000,3.663311e-02
0.450000,0.650000,3.613545e-02
0.462500,0.650000,3.561823e-02
0.475000,0.650000,3.508430e-02
0.487500,0.650000,3.455547e-02
0.500000,0.650000,3.403945e-02
0.512500,0.650000,3.347026e-02
0.525000,0.650000,3.290906e-02
0.537500,0.650000,3.235989e-02
0.550000,0.650000,3.182335e-02
0.562500,0.650000,3.130307e-02
0.575000,0.650000,3.079965e-02
0.587500,0.650000,3.031309e-02
0.600000,0.650000,2.984339e-02
0.612500,0.650000,2.939055e-02
0.625000,0.650000,2.895187e-02
0.637500,0.650000,2.851104e-02
0.650000,0.650000,2.806531e-02
0.662500,0.650000,2.761467e-02
0.675000,0.650000,2.715914e-02
0.687500,0.650000,2.669870e-02
0.700000,0.650000,2.623335e-02
0.712500,0.650000,2.576311e-02
0.725000,0.650000,2.528778e-02
0.737500,0.650000,2.478631e-02
0.750000,0.650000,2.424442e-02
0.762500,0.650000,2.366209e-02
0.775000,0.650000,2.303932e-02
0.787500,0.650000,2.237612e-02
0.800000,0.650000,2.167249e-02
0.812500,0.650000,2.092842e-02
0.825000,0.650000,2.014392e-02
0.837500,0.650000,1.931898e-02
0.850000,0.650000,1.844385e-02
0.862500,0.650000,1.747883e-02
0.875000,0.650000,1.641969e-02
0.887500,0.650000,1.526644e-02
0.900000,0.650000,1.401906e-02
0.912500,0.650000,1.267757e-02
0.925000,0.650000,1.124195e-02
0.937500,0.650000,9.712223e-03
0.950000,0.650000,8.078570e-03
0.962500,0.650000,6.294178e-03
0.975000,0.650000,4.352953e-03
0.987500,0.650000,2.254893e-03
1.000000,0.650000,0.000000e+00
0.000000,0.662500,0.000000e+00
0.012500,0.662500,3.136667e-03
0.025000,0.662500,6.123494e-03
0.037500,0.662500,8.960482e-03
0.050000,0.662500,1.164763e-02
0.062500,0.662500,1.418494e-02
0.075000,0.662500,1.657498e-02
0.087500,0.662500,1.883326e-02
0.100000,0.662500,2.096239e-02
0.112500,0.662500,2.296237e-02
0.125000,0.662500,2.483320e-02
0.137500,0.662500,2.657488e-02
0.150000,0.662500,2.818740e-02
0.162500,0.662500,2.967078e-02
0.175000,0.662500,3.102500e-02
0.187500,0.662500,3.225810e-02
0.200000,0.662500,3.338649e-02
0.212500,0.662500,3.441069e-02
0.225000,0.662500,3.533067e-02
0.237500,0.662500,3.614645e-02
0.250000,0.662500,3.685803e-02
0.262500,0.662500,3.746540e-02
0.275000,0.662500,3.796856e-02
0.287500,0.662500,3.836752e-02
0.300000,0.662500,3.866227e-02
0.312500,0.662500,3.885892e-02
0.325000,0.662500,3.898403e-02
0.337500,0.662500,3.904071e-02
0.350000,0.662500,3.902895e-02
0.362500,0.662500,3.894876e-02
0.375000,0.662500,3.880012e-02
0.387500,0.662500,3.858305e-02
0.400000,0.662500,3.829755e-02
0.412500,0.662500,3.794470e-02
0.425000,0.662500,3.755736e-02
0.437500,0.662500,3.715092e-02
0.450000,0.662500,3.672537e-02
0.462500,0.662500,3.628071e-02
0.475000,0.662500,3.581918e-02
0.487500,0.662500,3.535781e-02
0.500000,0.662500,3.490339e-02
0.512500,0.662500,3.439670e-02
0.525000,0.662500,3.388994e-02
0.537500,0.662500,3.338634e-02
0.550000,0.662500,3.288682e-02
0.562500,0.662500,3.239699e-02
0.575000,0.662500,3.191780e-02
0.587500,0.662500,3.144923e-02
0.600000,0.662500,3.099129e-02
0.612500,0.662500,3.054398e-02
0.625000,0.662500,3.010508e-02
0.637500,0.662500,2.966110e-02
0.650000,0.662500,2.920979e-02
0.662500,0.662500,2.875114e-02
0.675000,0.662500,2.828515e-02
0.687500,0.662500,2.781182e-02
0.700000,0.662500,2.733115e-02
0.712500,0.662500,2.684315e-02
0.725000,0.662500,2.634762e-02
0.737500,0.662500,2.582360e-02
0.750000,0.662500,2.525681e-02
0.762500,0.662500,2.464727e-02
0.775000,0.662500,2.399497e-02
0.787500,0.662500,2.329992e-02
0.800000,0.662500,2.256210e-02
0.812500,0.662500,2.178153e-02
0.825000,0.662500,2.095820e-02
0.837500,0.662500,2.009211e-02
0.850000,0.662500,1.917340e-02
0.862500,0.662500,1.816199e-02
0.875000,0.662500,1.705359e-02
0.887500,0.662500,1.584820e-02
0.900000,0.662500,1.454583e-02
0.912500,0.662500,1.314647e-02
0.925000,0.662500,1.165012e-02
0.937500,0.662500,1.005679e-02
0.950000,0.662500,8.356921e-03
0.962500,0.662500,6.504871e-03
0.975000,0.662500,4.494701e-03
0.987500,0.662500,2.326411e-03
1.000000,0.662500,0.000000e+00
0.000000,0.675000,0.000000e+00
0.012500,0.675000,3.111955e-03
0.025000,0.675000,6.074559e-03
0.037500,0.675000,8.887814e-03
0.050000,0.675000,1.155172e-02
0.062500,0.675000,1.406627e-02
0.075000,0.675000,1.643422e-02
0.087500,0.675000,1.867215e-02
0.100000,0.675000,2.078283e-02
0.112500,0.675000,2.276627e-02
0.125000,0.675000,2.462246e-02
0.137500,0.675000,2.635142e-02
0.150000,0.675000,2.795313e-02
0.162500,0.675000,2.942760e-02
0.175000,0.675000,3.077482e-02
0.187500,0.675000,3.200334e-02
0.200000,0.675000,3.313063e-02
0.212500,0.675000,3.415722e-02
0.225000,0.675000,3.508312e-02
0.237500,0.675000,3.590831e-02
0.250000,0.675000,3.663279e-02
0.262500,0.675000,3.725658e-02
0.275000,0.675000,3.777967e-02
0.287500,0.675000,3.820205e-02
0.300000,0.675000,3.852374e-02
0.312500,0.675000,3.875085e-02
0.325000,0.675000,3.891009e-02
0.337500,0.675000,3.900458e-02
0.350000,0.675000,3.903431e-02
0.362500,0.675000,3.899929e-02
0.375000,0.675000,3.889951e-02
0.387500,0.675000,3.873498e-02
0.400000,0.675000,3.850569e-02
0.412500,0.675000,3.821264e-02
0.425000,0.675000,3.788599e-02
0.437500,0.675000,3.753985e-02
0.450000,0.675000,3.717421e-02
0.462500,0.675000,3.678909e-02
0.475000,0.675000,3.638641e-02
0.487500,0.675000,3.598100e-02
0.500000,0.675000,3.557854e-02
0.512500,0.675000,3.512523e-02
0.525000,0.675000,3.466646e-02
0.537500,0.675000,3.420497e-02
0.550000,0.675000,3.374178e-02
0.562500,0.675000,3.328293e-02
0.575000,0.675000,3.282945e-02
0.587500,0.675000,3.238134e-02
0.600000,0.675000,3.193860e-02
0.612500,0.675000,3.150122e-02
0.625000,0.675000,3.106731e-02
0.637500,0.675000,3.062531e-02
0.650000,0.675000,3.017328e-02
0.662500,0.675000,2.971122e-02
0.675000,0.675000,2.923914e-02
0.687500,0.675000,2.875702e-02
0.700000,0.675000,2.826487e-02
0.712500,0.675000,2.776270e-02
0.725000,0.675000,2.725031e-02
0.737500,0.675000,2.670709e-02
0.750000,0.675000,2.611899e-02
0.762500,0.675000,2.548604e-02
0.775000,0.675000,2.480822e-02
0.787500,0.675000,2.408553e-02
0.800000,0.675000,2.331798e-02
0.812500,0.675000,2.250557e-02
0.825000,0.675000,2.164829e-02
0.837500,0.675000,2.074614e-02
0.850000,0.675000,1.978926e-02
0.862500,0.675000,1.873748e-02
0.875000,0.675000,1.758651e-02
0.887500,0.675000,1.633637e-02
0.900000,0.675000,1.498704e-02
0.912500,0.675000,1.353853e-02
0.925000,0.675000,1.199084e-02
0.937500,0.675000,1.034397e-02
0.950000,0.675000,8.588567e-03
0.962500,0.675000,6.679956e-03
0.975000,0.675000,4.612325e-03
0.987500,0.675000,2.385673e-03
1.000000,0.675000,0.000000e+00
0.000000,0.687500,0.000000e+00
0.012500,0.687500,3.083842e-03
0.025000,0.687500,6.018845e-03
0.037500,0.687500,8.805009e-03
0.050000,0.687500,1.144233e-02
0.062500,0.687500,1.393082e-02
0.075000,0.687500,1.627339e-02
0.087500,0.687500,1.848771e-02
0.100000,0.687500,2.057676e-02
0.112500,0.687500,2.254052e-02
0.125000,0.687500,2.437900e-02
0.137500,0.687500,2.609220e-02
0.150000,0.687500,2.768011e-02
0.162500,0.687500,2.914275e-02
0.175000,0.687500,3.048010e-02
0.187500,0.687500,3.170120e-02
0.200000,0.687500,3.282452e-02
0.212500,0.687500,3.385063e-02
0.225000,0.687500,3.477953e-02
0.237500,0.687500,3.561120e-02
0.250000,0.687500,3.634566e-02
0.262500,0.687500,3.698290e-02
0.275000,0.687500,3.752293e-02
0.287500,0.687500,3.796574e-02
0.300000,0.687500,3.831133e-02
0.312500,0.687500,3.856579e-02
0.325000,0.687500,3.875567e-02
0.337500,0.687500,3.888405e-02
0.350000,0.687500,3.895093e-02
0.362500,0.687500,3.895632e-02
0.375000,0.687500,3.890021e-02
0.387500,0.687500,3.878261e-02
0.400000,0.687500,3.860350e-02
0.412500,0.687500,3.836382e-02
0.425000,0.687500,3.809114e-02
0.437500,0.687500,3.779837e-02
0.450000,0.687500,3.748551e-02
0.462500,0.687500,3.715256e-02
0.475000,0.687500,3.680130e-02
0.487500,0.687500,3.644533e-02
0.500000,0.687500,3.608922e-02
0.512500,0.687500,3.568394e-02
0.525000,0.687500,3.526909e-02
0.537500,0.687500,3.484708e-02
0.550000,0.687500,3.441888e-02
0.562500,0.687500,3.399045e-02
0.575000,0.687500,3.356277e-02
0.587500,0.687500,3.313585e-02
0.600000,0.687500,3.270969e-02
0.612500,0.687500,3.228428e-02
0.625000,0.687500,3.185797e-02
0.637500,0.687500,3.142071e-02
0.650000,0.687500,3.097080e-02
0.662500,0.687500,3.050825e-02
0.675000,0.687500,3.003305e-02
0.687500,0.687500,2.954521e-02
0.700000,0.687500,2.904472e-02
0.712500,0.687500,2.853159e-02
0.725000,0.687500,2.800563e-02
0.737500,0.687500,2.744668e-02
0.750000,0.687500,2.684101e-02
0.762500,0.687500,2.618864e-02
0.775000,0.687500,2.548955e-02
0.787500,0.687500,2.474375e-02
0.800000,0.687500,2.395124e-02
0.812500,0.687500,2.311201e-02
0.825000,0.687500,2.222607e-02
0.837500,0.687500,2.129342e-02
0.850000,0.687500,2.030420e-02
0.862500,0.687500,1.921830e-02
0.875000,0.687500,1.803145e-02
0.887500,0.687500,1.674364e-02
0.900000,0.687500,1.535488e-02
0.912500,0.687500,1.386516e-02
0.925000,0.687500,1.227449e-02
0.937500,0.687500,1.058287e-02
0.950000,0.687500,8.781108e-03
0.962500,0.687500,6.825367e-03
0.975000,0.687500,4.709935e-03
0.987500,0.687500,2.434813e-03
1.000000,0.687500,0.000000e+00
0.000000,0.700000,0.000000e+00
0.012500,0.700000,3.051660e-03
0.025000,0.700000,5.955031e-03
0.037500,0.700000,8.710114e-03
0.050000,0.700000,1.131691e-02
0.062500,0.700000,1.377541e-02
0.075000,0.700000,1.608874e-02
0.087500,0.700000,1.827566e-02
0.100000,0.700000,2.033932e-02
0.112500,0.700000,2.227974e-02
0.125000,0.700000,2.409689e-02
0.137500,0.700000,2.579080e-02
0.150000,0.700000,2.736145e-02
0.162500,0.700000,2.880884e-02
0.175000,0.700000,3.013298e-02
0.187500,0.700000,3.134335e-02
0.200000,0.700000,3.245939e-02
0.212500,0.700000,3.348168e-02
0.225000,0.700000,3.441021e-02
0.237500,0.700000,3.524498e-02
0.250000,0.700000,3.598600e-02
0.262500,0.700000,3.663327e-02
0.275000,0.700000,3.718678e-02
0.287500,0.700000,3.764654e-02
0.300000,0.700000,3.801255e-02
0.312500,0.700000,3.829083e-02
0.325000,0.700000,3.850769e-02
0.337500,0.700000,3.866619e-02
0.350000,0.700000,3.876633e-02
0.362500,0.700000,3.880810e-02
0.375000,0.700000,3.879151e-02
0.387500,0.700000,3.871656e-02
0.400000,0.700000,3.858325e-02
0.412500,0.700000,3.839241e-02
0.425000,0.700000,3.816925e-02
0.437500,0.700000,3.792556e-02
0.450000,0.700000,3.766135e-02
0.462500,0.700000,3.737661e-02
0.475000,0.700000,3.707297e-02
0.487500,0.700000,3.676286e-02
0.500000,0.700000,3.644990e-02
0.512500,0.700000,3.608952e-02
0.525000,0.700000,3.571595e-02
0.537500,0.700000,3.533124e-02
0.550000,0.700000,3.493637e-02
0.562500,0.700000,3.453713e-02
0.575000,0.700000,3.413450e-02
0.587500,0.700000,3.372848e-02
0.600000,0.700000,3.331906e-02
0.612500,0.700000,3.290624e-02
0.625000,0.700000,3.248860e-02
0.637500,0.700000,3.205743e-02
0.650000,0.700000,3.161127e-02
0.662500,0.700000,3.115012e-02
0.675000,0.700000,3.067399e-02
0.687500,0.700000,3.018286e-02
0.700000,0.700000,2.967675e-02
0.712500,0.700000,2.915565e-02
0.725000,0.700000,2.861939e-02
0.737500,0.700000,2.804825e-02
0.750000,0.700000,2.742884e-02
0.762500,0.700000,2.676116e-02
0.775000,0.700000,2.604520e-02
0.787500,0.700000,2.528096e-02
0.800000,0.700000,2.446845e-02
0.812500,0.700000,2.360767e-02
0.825000,0.700000,2.269861e-02
0.837500,0.700000,2.174128e-02
0.850000,0.700000,2.072582e-02
0.862500,0.700000,1.961218e-02
0.875000,0.700000,1.839609e-02
0.887500,0.700000,1.707755e-02
0.900000,0.700000,1.565656e-02
0.912500,0.700000,1.413312e-02
0.925000,0.700000,1.250723e-02
0.937500,0.700000,1.077889e-02
0.950000,0.700000,8.939061e-03
0.962500,0.700000,6.944629e-03
0.975000,0.700000,4.789975e-03
0.987500,0.700000,2.475099e-03
1.000000,0.700000,0.000000e+00
0.000000,0.712500,0.000000e+00
0.012500,0.712500,3.015408e-03
0.025000,0.712500,5.883118e-03
0.037500,0.712500,8.603129e-03
0.050000,0.712500,1.117544e-02
0.062500,0.712500,1.360006e-02
0.075000,0.712500,1.588027e-02
0.087500,0.712500,1.803598e-02
0.100000,0.712500,2.007053e-02
0.112500,0.712500,2.198392e-02
0.125000,0.712500,2.377615e-02
0.137500,0.712500,2.544722e-02
0.150000,0.712500,2.699712e-02
0.162500,0.712500,2.842587e-02
0.175000,0.712500,2.973346e-02
0.187500,0.712500,3.092981e-02
0.200000,0.712500,3.203523e-02
0.212500,0.712500,3.305035e-02
0.225000,0.712500,3.397515e-02
0.237500,0.712500,3.480964e-02
0.250000,0.712500,3.555382e-02
0.262500,0.712500,3.620768e-02
0.275000,0.712500,3.677123e-02
0.287500,0.712500,3.724447e-02
0.300000,0.712500,3.762740e-02
0.312500,0.712500,3.792597e-02
0.325000,0.712500,3.816617e-02
0.337500,0.712500,3.835101e-02
0.350000,0.712500,3.848050e-02
0.362500,0.712500,3.855464e-02
0.375000,0.712500,3.857342e-02
0.387500,0.712500,3.853685e-02
0.400000,0.712500,3.844492e-02
0.412500,0.712500,3.829841e-02
0.425000,0.712500,3.812032e-02
0.437500,0.712500,3.792143e-02
0.450000,0.712500,3.770173e-02
0.462500,0.712500,3.746123e-02
0.475000,0.712500,3.720141e-02
0.487500,0.712500,3.693359e-02
0.500000,0.712500,3.666057e-02
0.512500,0.712500,3.634199e-02
0.525000,0.712500,3.600703e-02
0.537500,0.712500,3.565747e-02
0.550000,0.712500,3.529424e-02
0.562500,0.712500,3.492299e-02
0.575000,0.712500,3.454464e-02
0.587500,0.712500,3.415922e-02
0.600000,0.712500,3.376670e-02
0.612500,0.712500,3.336710e-02
0.625000,0.712500,3.295919e-02
0.637500,0.712500,3.253547e-02
0.650000,0.712500,3.209469e-02
0.662500,0.712500,3.163685e-02
0.675000,0.712500,3.116195e-02
0.687500,0.712500,3.066999e-02
0.700000,0.712500,3.016097e-02
0.712500,0.712500,2.963490e-02
0.725000,0.712500,2.909159e-02
0.737500,0.712500,2.851181e-02
0.750000,0.712500,2.788248e-02
0.762500,0.712500,2.720360e-02
0.775000,0.712500,2.647517e-02
0.787500,0.712500,2.569718e-02
0.800000,0.712500,2.486964e-02
0.812500,0.712500,2.399255e-02
0.825000,0.712500,2.306590e-02
0.837500,0.712500,2.208970e-02
0.850000,0.712500,2.105412e-02
0.862500,0.712500,1.991912e-02
0.875000,0.712500,1.868045e-02
0.887500,0.712500,1.733811e-02
0.900000,0.712500,1.589210e-02
0.912500,0.712500,1.434242e-02
0.925000,0.712500,1.268906e-02
0.937500,0.712500,1.093203e-02
0.950000,0.712500,9.062426e-03
0.962500,0.712500,7.037742e-03
0.975000,0.712500,4.852443e-03
0.987500,0.712500,2.506529e-03
1.000000,0.712500,0.000000e+00
0.000000,0.725000,0.000000e+00
0.012500,0.725000,2.975086e-03
0.025000,0.725000,5.803104e-03
0.037500,0.725000,8.484054e-03
0.050000,0.725000,1.101793e-02
0.062500,0.725000,1.340475e-02
0.075000,0.725000,1.564798e-02
0.087500,0.725000,1.776867e-02
0.100000,0.725000,1.977037e-02
0.112500,0.725000,2.165307e-02
0.125000,0.725000,2.341676e-02
0.137500,0.725000,2.506146e-02
0.150000,0.725000,2.658715e-02
0.162500,0.725000,2.799384e-02
0.175000,0.725000,2.928154e-02
0.187500,0.725000,3.046056e-02
0.200000,0.725000,3.155205e-02
0.212500,0.725000,3.255665e-02
0.225000,0.725000,3.347436e-02
0.237500,0.725000,3.430518e-02
0.250000,0.725000,3.504910e-02
0.262500,0.725000,3.570614e-02
0.275000,0.725000,3.627628e-02
0.287500,0.725000,3.675952e-02
0.300000,0.725000,3.715587e-02
0.312500,0.725000,3.747121e-02
0.325000,0.725000,3.773109e-02
0.337500,0.725000,3.793850e-02
0.350000,0.725000,3.809345e-02
0.362500,0.725000,3.819592e-02
0.375000,0.725000,3.824593e-02
0.387500,0.725000,3.824346e-02
0.400000,0.725000,3.818853e-02
0.412500,0.725000,3.808182e-02
0.425000,0.725000,3.794436e-02
0.437500,0.725000,3.778597e-02
0.450000,0.725000,3.760666e-02
0.462500,0.725000,3.740643e-02
0.475000,0.725000,3.718662e-02
0.487500,0.725000,3.695751e-02
0.500000,0.725000,3.672123e-02
0.512500,0.725000,3.644134e-02
0.525000,0.725000,3.614234e-02
0.537500,0.725000,3.582575e-02
0.550000,0.725000,3.549249e-02
0.562500,0.725000,3.514800e-02
0.575000,0.725000,3.479319e-02
0.587500,0.725000,3.442807e-02
0.600000,0.725000,3.405263e-02
0.612500,0.725000,3.366687e-02
0.625000,0.725000,3.326974e-02
0.637500,0.725000,3.285482e-02
0.650000,0.725000,3.242105e-02
0.662500,0.725000,3.196842e-02
0.675000,0.725000,3.149694e-02
0.687500,0.725000,3.100659e-02
0.700000,0.725000,3.049738e-02
0.712500,0.725000,2.996932e-02
0.725000,0.725000,2.942223e-02
0.737500,0.725000,2.883735e-02
0.750000,0.725000,2.820193e-02
0.762500,0.725000,2.751597e-02
0.775000,0.725000,2.677945e-02
0.787500,0.725000,2.599239e-02
0.800000,0.725000,2.515479e-02
0.812500,0.725000,2.426664e-02
0.825000,0.725000,2.332795e-02
0.837500,0.725000,2.233870e-02
0.850000,0.725000,2.128909e-02
0.862500,0.725000,2.013912e-02
0.875000,0.725000,1.888453e-02
0.887500,0.725000,1.752532e-02
0.900000,0.725000,1.606149e-02
0.912500,0.725000,1.449304e-02
0.925000,0.725000,1.281998e-02
0.937500,0.725000,1.104230e-02
0.950000,0.725000,9.151203e-03
0.962500,0.725000,7.104707e-03
0.975000,0.725000,4.897341e-03
0.987500,0.725000,2.529106e-03
1.000000,0.725000,0.000000e+00
0.000000,0.737500,0.000000e+00
0.012500,0.737500,2.930695e-03
0.025000,0.737500,5.714991e-03
0.037500,0.737500,8.352888e-03
0.050000,0.737500,1.084439e-02
0.062500,0.737500,1.318949e-02
0.075000,0.737500,1.539187e-02
0.087500,0.737500,1.747374e-02
0.100000,0.737500,1.943885e-02
0.112500,0.737500,2.128718e-02
0.125000,0.737500,2.301873e-02
0.137500,0.737500,2.463352e-02
0.150000,0.737500,2.613152e-02
0.162500,0.737500,2.751276e-02
0.175000,0.737500,2.877722e-02
0.187500,0.737500,2.993560e-02
0.200000,0.737500,3.100984e-02
0.212500,0.737500,3.200059e-02
0.225000,0.737500,3.290784e-02
0.237500,0.737500,3.373160e-02
0.250000,0.737500,3.447186e-02
0.262500,0.737500,3.512864e-02
0.275000,0.737500,3.570191e-02
0.287500,0.737500,3.619169e-02
0.300000,0.737500,3.659798e-02
0.312500,0.737500,3.692654e-02
0.325000,0.737500,3.720246e-02
0.337500,0.737500,3.742867e-02
0.350000,0.737500,3.760517e-02
0.362500,0.737500,3.773196e-02
0.375000,0.737500,3.780904e-02
0.387500,0.737500,3.783640e-02
0.400000,0.737500,3.781406e-02
0.412500,0.737500,3.774264e-02
0.425000,0.737500,3.764135e-02
0.437500,0.737500,3.751919e-02
0.450000,0.737500,3.737614e-02
0.462500,0.737500,3.721220e-02
0.475000,0.737500,3.702861e-02
0.487500,0.737500,3.683463e-02
0.500000,0.737500,3.663188e-02
0.512500,0.737500,3.638756e-02
0.525000,0.737500,3.612187e-02
0.537500,0.737500,3.583610e-02
0.550000,0.737500,3.553112e-02
0.562500,0.737500,3.521218e-02
0.575000,0.737500,3.488015e-02
0.587500,0.737500,3.453503e-02
0.600000,0.737500,3.417683e-02
0.612500,0.737500,3.380554e-02
0.625000,0.737500,3.342025e-02
0.637500,0.737500,3.301550e-02
0.650000,0.737500,3.259037e-02
0.662500,0.737500,3.214485e-02
0.675000,0.737500,3.167895e-02
0.687500,0.737500,3.119266e-02
0.700000,0.737500,3.068598e-02
0.712500,0.737500,3.015892e-02
0.725000,0.737500,2.961131e-02
0.737500,0.737500,2.902488e-02
0.750000,0.737500,2.838719e-02
0.762500,0.737500,2.769825e-02
0.775000,0.737500,2.695806e-02
0.787500,0.737500,2.616661e-02
0.800000,0.737500,2.532391e-02
0.812500,0.737500,2.442995e-02
0.825000,0.737500,2.348474e-02
0.837500,0.737500,2.248828e-02
0.850000,0.737500,2.143074e-02
0.862500,0.737500,2.027217e-02
0.875000,0.737500,1.900831e-02
0.887500,0.737500,1.763916e-02
0.900000,0.737500,1.616473e-02
0.912500,0.737500,1.458500e-02
0.925000,0.737500,1.289999e-02
0.937500,0.737500,1.110969e-02
0.950000,0.737500,9.205392e-03
0.962500,0.737500,7.145523e-03
0.975000,0.737500,4.924668e-03
0.987500,0.737500,2.542827e-03
1.000000,0.737500,0.000000e+00
0.000000,0.750000,0.000000e+00
0.012500,0.750000,2.882234e-03
0.025000,0.750000,5.618778e-03
0.037500,0.750000,8.209633e-03
0.050000,0.750000,1.065480e-02
0.062500,0.750000,1.295428e-02
0.075000,0.750000,1.511194e-02
0.087500,0.750000,1.715119e-02
0.100000,0.750000,1.907596e-02
0.112500,0.750000,2.088626e-02
0.125000,0.750000,2.258207e-02
0.137500,0.750000,2.416340e-02
0.150000,0.750000,2.563024e-02
0.162500,0.750000,2.698261e-02
0.175000,0.750000,2.822049e-02
0.187500,0.750000,2.935495e-02
0.200000,0.750000,3.040861e-02
0.212500,0.750000,3.138216e-02
0.225000,0.750000,3.227559e-02
0.237500,0.750000,3.308890e-02
0.250000,0.750000,3.382210e-02
0.262500,0.750000,3.447518e-02
0.275000,0.750000,3.504814e-02
0.287500,0.750000,3.554099e-02
0.300000,0.750000,3.595372e-02
0.312500,0.750000,3.629197e-02
0.325000,0.750000,3.658028e-02
0.337500,0.750000,3.682151e-02
0.350000,0.750000,3.701567e-02
0.362500,0.750000,3.716275e-02
0.375000,0.750000,3.726275e-02
0.387500,0.750000,3.731567e-02
0.400000,0.750000,3.732152e-02
0.412500,0.750000,3.728087e-02
0.425000,0.750000,3.721131e-02
0.437500,0.750000,3.712107e-02
0.450000,0.750000,3.701015e-02
0.462500,0.750000,3.687855e-02
0.475000,0.750000,3.672736e-02
0.487500,0.750000,3.656495e-02
0.500000,0.750000,3.639253e-02
0.512500,0.750000,3.618067e-02
0.525000,0.750000,3.594563e-02
0.537500,0.750000,3.568851e-02
0.550000,0.750000,3.541014e-02
0.562500,0.750000,3.511553e-02
0.575000,0.750000,3.480552e-02
0.587500,0.750000,3.448011e-02
0.600000,0.750000,3.413931e-02
0.612500,0.750000,3.378310e-02
0.625000,0.750000,3.341073e-02
0.637500,0.750000,3.301750e-02
0.650000,0.750000,3.260264e-02
0.662500,0.750000,3.216613e-02
0.675000,0.750000,3.170798e-02
0.687500,0.750000,3.122820e-02
0.700000,0.750000,3.072677e-02
0.712500,0.750000,3.020370e-02
0.725000,0.750000,2.965884e-02
0.737500,0.750000,2.907439e-02
0.750000,0.750000,2.843826e-02
0.762500,0.750000,2.775046e-02
0.775000,0.750000,2.701098e-02
0.787500,0.750000,2.621982e-02
0.800000,0.750000,2.537699e-02
0.812500,0.750000,2.448248e-02
0.825000,0.750000,2.353629e-02
0.837500,0.750000,2.253843e-02
0.850000,0.750000,2.147907e-02
0.862500,0.750000,2.031828e-02
0.875000,0.750000,1.905181e-02
0.887500,0.750000,1.767966e-02
0.900000,0.750000,1.620182e-02
0.912500,0.750000,1.461830e-02
0.925000,0.750000,1.292909e-02
0.937500,0.750000,1.113421e-02
0.950000,0.750000,9.224993e-03
0.962500,0.750000,7.160191e-03
0.975000,0.750000,4.934424e-03
0.987500,0.750000,2.547694e-03
1.000000,0.750000,0.000000e+00
0.000000,0.762500,0.000000e+00
0.012500,0.762500,2.829702e-03
0.025000,0.762500,5.514465e-03
0.037500,0.762500,8.054287e-03
0.050000,0.762500,1.044917e-02
0.062500,0.762500,1.269911e-02
0.075000,0.762500,1.480819e-02
0.087500,0.762500,1.680102e-02
0.100000,0.762500,1.868172e-02
0.112500,0.762500,2.045030e-02
0.125000,0.762500,2.210676e-02
0.137500,0.762500,2.365110e-02
0.150000,0.762500,2.508331e-02
0.162500,0.762500,2.640340e-02
0.175000,0.762500,2.761137e-02
0.187500,0.762500,2.871859e-02
0.200000,0.762500,2.974835e-02
0.212500,0.762500,3.070136e-02
0.225000,0.762500,3.157760e-02
0.237500,0.762500,3.237708e-02
0.250000,0.762500,3.309981e-02
0.262500,0.762500,3.374577e-02
0.275000,0.762500,3.431497e-02
0.287500,0.762500,3.480741e-02
0.300000,0.762500,3.522309e-02
0.312500,0.762500,3.556749e-02
0.325000,0.762500,3.586455e-02
0.337500,0.762500,3.611703e-02
0.350000,0.762500,3.632495e-02
0.362500,0.762500,3.648829e-02
0.375000,0.762500,3.660707e-02
0.387500,0.762500,3.668127e-02
0.400000,0.762500,3.671091e-02
0.412500,0.762500,3.669651e-02
0.425000,0.762500,3.665423e-02
0.437500,0.762500,3.659163e-02
0.450000,0.762500,3.650871e-02
0.462500,0.762500,3.640547e-02
0.475000,0.762500,3.628289e-02
0.487500,0.762500,3.614847e-02
0.500000,0.762500,3.600316e-02
0.512500,0.762500,3.582065e-02
0.525000,0.762500,3.561362e-02
0.537500,0.762500,3.538298e-02
0.550000,0.762500,3.512953e-02
0.562500,0.762500,3.485804e-02
0.575000,0.762500,3.456929e-02
0.587500,0.762500,3.426330e-02
0.600000,0.762500,3.394006e-02
0.612500,0.762500,3.359957e-02
0.625000,0.762500,3.324117e-02
0.637500,0.762500,3.286082e-02
0.650000,0.762500,3.245785e-02
0.662500,0.762500,3.203226e-02
0.675000,0.762500,3.158405e-02
0.687500,0.762500,3.111321e-02
0.700000,0.762500,3.061975e-02
0.712500,0.762500,3.010366e-02
0.725000,0.762500,2.956480e-02
0.737500,0.762500,2.898588e-02
0.750000,0.762500,2.835514e-02
0.762500,0.762500,2.767259e-02
0.775000,0.762500,2.693822e-02
0.787500,0.762500,2.615204e-02
0.800000,0.762500,2.531404e-02
0.812500,0.762500,2.442422e-02
0.825000,0.762500,2.348259e-02
0.837500,0.762500,2.248915e-02
0.850000,0.762500,2.143407e-02
0.862500,0.762500,2.027745e-02
0.875000,0.762500,1.901502e-02
0.887500,0.762500,1.764679e-02
0.900000,0.762500,1.617276e-02
0.912500,0.762500,1.459293e-02
0.925000,0.762500,1.290729e-02
0.937500,0.762500,1.111585e-02
0.950000,0.762500,9.210007e-03
0.962500,0.762500,7.148709e-03
0.975000,0.762500,4.926609e-03
0.987500,0.762500,2.543706e-03
1.000000,0.762500,0.000000e+00
0.000000,0.775000,0.000000e+00
0.012500,0.775000,2.773102e-03
0.025000,0.775000,5.402052e-03
0.037500,0.775000,7.886852e-03
0.050000,0.775000,1.022750e-02
0.062500,0.775000,1.242400e-02
0.075000,0.775000,1.448062e-02
0.087500,0.775000,1.642321e-02
0.100000,0.775000,1.825611e-02
0.112500,0.775000,1.997931e-02
0.125000,0.775000,2.159281e-02
0.137500,0.775000,2.309662e-02
0.150000,0.775000,2.449072e-02
0.162500,0.775000,2.577513e-02
0.175000,0.775000,2.694985e-02
0.187500,0.775000,2.802653e-02
0.200000,0.775000,2.902907e-02
0.212500,0.775000,2.995819e-02
0.225000,0.775000,3.081388e-02
0.237500,0.775000,3.159615e-02
0.250000,0.775000,3.230499e-02
0.262500,0.775000,3.294040e-02
0.275000,0.775000,3.350239e-02
0.287500,0.775000,3.399095e-02
0.300000,0.775000,3.440608e-02
0.312500,0.775000,3.475312e-02
0.325000,0.775000,3.505526e-02
0.337500,0.775000,3.531522e-02
0.350000,0.775000,3.553300e-02
0.362500,0.775000,3.570858e-02
0.375000,0.775000,3.584198e-02
0.387500,0.775000,3.593320e-02
0.400000,0.775000,3.598222e-02
0.412500,0.775000,3.598956e-02
0.425000,0.775000,3.597012e-02
0.437500,0.775000,3.593087e-02
0.450000,0.775000,3.587182e-02
0.462500,0.775000,3.579297e-02
0.475000,0.775000,3.569519e-02
0.487500,0.775000,3.558519e-02
0.500000,0.775000,3.546379e-02
0.512500,0.775000,3.530752e-02
0.525000,0.775000,3.512583e-02
0.537500,0.775000,3.491951e-02
0.550000,0.775000,3.468931e-02
0.562500,0.775000,3.443971e-02
0.575000,0.775000,3.417148e-02
0.587500,0.775000,3.388461e-02
0.600000,0.775000,3.357910e-02
0.612500,0.775000,3.325495e-02
0.625000,0.775000,3.291157e-02
0.637500,0.775000,3.254546e-02
0.650000,0.775000,3.215602e-02
0.662500,0.775000,3.174324e-02
0.675000,0.775000,3.130713e-02
0.687500,0.775000,3.084769e-02
0.700000,0.775000,3.036491e-02
0.712500,0.775000,2.985880e-02
0.725000,0.775000,2.932921e-02
0.737500,0.775000,2.875936e-02
0.750000,0.775000,2.813783e-02
0.762500,0.775000,2.746464e-02
0.775000,0.775000,2.673978e-02
0.787500,0.775000,2.596325e-02
0.800000,0.775000,2.513506e-02
0.812500,0.775000,2.425519e-02
0.825000,0.775000,2.332365e-02
0.837500,0.775000,2.234044e-02
0.850000,0.775000,2.129575e-02
0.862500,0.775000,2.014967e-02
0.875000,0.775000,1.889795e-02
0.887500,0.775000,1.754057e-02
0.900000,0.775000,1.607755e-02
0.912500,0.775000,1.450889e-02
0.925000,0.775000,1.283457e-02
0.937500,0.775000,1.105461e-02
0.950000,0.775000,9.160432e-03
0.962500,0.775000,7.111080e-03
0.975000,0.775000,4.901223e-03
0.987500,0.775000,2.530863e-03
1.000000,0.775000,0.000000e+00
0.000000,0.787500,0.000000e+00
0.012500,0.787500,2.712431e-03
0.025000,0.787500,5.281540e-03
0.037500,0.787500,7.707326e-03
0.050000,0.787500,9.989790e-03
0.062500,0.787500,1.212893e-02
0.075000,0.787500,1.412924e-02
0.087500,0.787500,1.601779e-02
0.100000,0.787500,1.779914e-02
0.112500,0.787500,1.947328e-02
0.125000,0.787500,2.104022e-02
0.137500,0.787500,2.249995e-02
0.150000,0.787500,2.385248e-02
0.162500,0.787500,2.509781e-02
0.175000,0.787500,2.623593e-02
0.187500,0.787500,2.727877e-02
0.200000,0.787500,2.825077e-02
0.212500,0.787500,2.915265e-02
0.225000,0.787500,2.998443e-02
0.237500,0.787500,3.074609e-02
0.250000,0.787500,3.143764e-02
0.262500,0.787500,3.205907e-02
0.275000,0.787500,3.261040e-02
0.287500,0.787500,3.309161e-02
0.300000,0.787500,3.350271e-02
0.312500,0.787500,3.384884e-02
0.325000,0.787500,3.415243e-02
0.337500,0.787500,3.441609e-02
0.350000,0.787500,3.463983e-02
0.362500,0.787500,3.482363e-02
0.375000,0.787500,3.496751e-02
0.387500,0.787500,3.507145e-02
0.400000,0.787500,3.513547e-02
0.412500,0.787500,3.516002e-02
0.425000,0.787500,3.515896e-02
0.437500,0.787500,3.513878e-02
0.450000,0.787500,3.509947e-02
0.462500,0.787500,3.504104e-02
0.475000,0.787500,3.496427e-02
0.487500,0.787500,3.487511e-02
0.500000,0.787500,3.477440e-02
0.512500,0.787500,3.464126e-02
0.525000,0.787500,3.448227e-02
0.537500,0.787500,3.429810e-02
0.550000,0.787500,3.408946e-02
0.562500,0.787500,3.386055e-02
0.575000,0.787500,3.361207e-02
0.587500,0.787500,3.334402e-02
0.600000,0.787500,3.305641e-02
0.612500,0.787500,3.274922e-02
0.625000,0.787500,3.242194e-02
0.637500,0.787500,3.207142e-02
0.650000,0.787500,3.169713e-02
0.662500,0.787500,3.129907e-02
0.675000,0.787500,3.087724e-02
0.687500,0.787500,3.043164e-02
0.700000,0.787500,2.996226e-02
0.712500,0.787500,2.946912e-02
0.725000,0.787500,2.895206e-02
0.737500,0.787500,2.839482e-02
0.750000,0.787500,2.778634e-02
0.762500,0.787500,2.712662e-02
0.775000,0.787500,2.641566e-02
0.787500,0.787500,2.565347e-02
0.800000,0.787500,2.484004e-02
0.812500,0.787500,2.397537e-02
0.825000,0.787500,2.305946e-02
0.837500,0.787500,2.209231e-02
0.850000,0.787500,2.106411e-02
0.862500,0.787500,1.993496e-02
0.875000,0.787500,1.870058e-02
0.887500,0.787500,1.736100e-02
0.900000,0.787500,1.591620e-02
0.912500,0.787500,1.436618e-02
0.925000,0.787500,1.271095e-02
0.937500,0.787500,1.095050e-02
0.950000,0.787500,9.076270e-03
0.962500,0.787500,7.047301e-03
0.975000,0.787500,4.858267e-03
0.987500,0.787500,2.509166e-03
1.000000,0.787500,0.000000e+00
0.000000,0.800000,0.000000e+00
0.012500,0.800000,2.646938e-03
0.025000,0.800000,5.151459e-03
0.037500,0.800000,7.513561e-03
0.050000,0.800000,9.733245e-03
0.062500,0.800000,1.181051e-02
0.075000,0.800000,1.375006e-02
0.087500,0.800000,1.558026e-02
0.100000,0.800000,1.730588e-02
0.112500,0.800000,1.892691e-02
0.125000,0.800000,2.044337e-02
0.137500,0.800000,2.185524e-02
0.150000,0.800000,2.316253e-02
0.162500,0.800000,2.436523e-02
0.175000,0.800000,2.546336e-02
0.187500,0.800000,2.646905e-02
0.200000,0.800000,2.740720e-02
0.212500,0.800000,2.827855e-02
0.225000,0.800000,2.908310e-02
0.237500,0.800000,2.982086e-02
0.250000,0.800000,3.049181e-02
0.262500,0.800000,3.109597e-02
0.275000,0.800000,3.163333e-02
0.287500,0.800000,3.210389e-02
0.300000,0.800000,3.250765e-02
0.312500,0.800000,3.284956e-02
0.325000,0.800000,3.315119e-02
0.337500,0.800000,3.341505e-02
0.350000,0.800000,3.364114e-02
0.362500,0.800000,3.382945e-02
0.375000,0.800000,3.398000e-02
0.387500,0.800000,3.409278e-02
0.400000,0.800000,3.416779e-02
0.412500,0.800000,3.420545e-02
0.425000,0.800000,3.421875e-02
0.437500,0.800000,3.421375e-02
0.450000,0.800000,3.419044e-02
0.462500,0.800000,3.414884e-02
0.475000,0.800000,3.408962e-02
0.487500,0.800000,3.401808e-02
0.500000,0.800000,3.393518e-02
0.512500,0.800000,3.382235e-02
0.525000,0.800000,3.368362e-02
0.537500,0.800000,3.351962e-02
0.550000,0.800000,3.333098e-02
0.562500,0.800000,3.312162e-02
0.575000,0.800000,3.289217e-02
0.587500,0.800000,3.264264e-02
0.600000,0.800000,3.237303e-02
0.612500,0.800000,3.208335e-02
0.625000,0.800000,3.177310e-02
0.637500,0.800000,3.143939e-02
0.650000,0.800000,3.108174e-02
0.662500,0.800000,3.070014e-02
0.675000,0.800000,3.029460e-02
0.687500,0.800000,2.986510e-02
0.700000,0.800000,2.941166e-02
0.712500,0.800000,2.893428e-02
0.725000,0.800000,2.843280e-02
0.737500,0.800000,2.789151e-02
0.750000,0.800000,2.729971e-02
0.762500,0.800000,2.665738e-02
0.775000,0.800000,2.596454e-02
0.787500,0.800000,2.522118e-02
0.800000,0.800000,2.442731e-02
0.812500,0.800000,2.358291e-02
0.825000,0.800000,2.268801e-02
0.837500,0.800000,2.174258e-02
0.850000,0.800000,2.073683e-02
0.862500,0.800000,1.963089e-02
0.875000,0.800000,1.842050e-02
0.887500,0.800000,1.710567e-02
0.900000,0.800000,1.568638e-02
0.912500,0.800000,1.416265e-02
0.925000,0.800000,1.253447e-02
0.937500,0.800000,1.080185e-02
0.950000,0.800000,8.956169e-03
0.962500,0.800000,6.956355e-03
0.975000,0.800000,4.797056e-03
0.987500,0.800000,2.478271e-03
1.000000,0.800000,0.000000e+00
0.000000,0.812500,0.000000e+00
0.012500,0.812500,2.573301e-03
0.025000,0.812500,5.005322e-03
0.037500,0.812500,7.296061e-03
0.050000,0.812500,9.445520e-03
0.062500,0.812500,1.145370e-02
0.075000,0.812500,1.332553e-02
0.087500,0.812500,1.509082e-02
0.100000,0.812500,1.675456e-02
0.112500,0.812500,1.831675e-02
0.125000,0.812500,1.977740e-02
0.137500,0.812500,2.113651e-02
0.150000,0.812500,2.239407e-02
0.162500,0.812500,2.355009e-02
0.175000,0.812500,2.460456e-02
0.187500,0.812500,2.556976e-02
0.200000,0.812500,2.647082e-02
0.212500,0.812500,2.730850e-02
0.225000,0.812500,2.808279e-02
0.237500,0.812500,2.879369e-02
0.250000,0.812500,2.944121e-02
0.262500,0.812500,3.002535e-02
0.275000,0.812500,3.054609e-02
0.287500,0.812500,3.100345e-02
0.300000,0.812500,3.139743e-02
0.312500,0.812500,3.173276e-02
0.325000,0.812500,3.203009e-02
0.337500,0.812500,3.229182e-02
0.350000,0.812500,3.251795e-02
0.362500,0.812500,3.270849e-02
0.375000,0.812500,3.286344e-02
0.387500,0.812500,3.298279e-02
0.400000,0.812500,3.306654e-02
0.412500,0.812500,3.311510e-02
0.425000,0.812500,3.314058e-02
0.437500,0.812500,3.314866e-02
0.450000,0.812500,3.313934e-02
0.462500,0.812500,3.311261e-02
0.475000,0.812500,3.306910e-02
0.487500,0.812500,3.301348e-02
0.500000,0.812500,3.294688e-02
0.512500,0.812500,3.285279e-02
0.525000,0.812500,3.273293e-02
0.537500,0.812500,3.258787e-02
0.550000,0.812500,3.241820e-02
0.562500,0.812500,3.222757e-02
0.575000,0.812500,3.201659e-02
0.587500,0.812500,3.178526e-02
0.600000,0.812500,3.153357e-02
0.612500,0.812500,3.126153e-02
0.625000,0.812500,3.096870e-02
0.637500,0.812500,3.065242e-02
0.650000,0.812500,3.031223e-02
0.662500,0.812500,2.994815e-02
0.675000,0.812500,2.956016e-02
0.687500,0.812500,2.914827e-02
0.700000,0.812500,2.871249e-02
0.712500,0.812500,2.825280e-02
0.725000,0.812500,2.776907e-02
0.737500,0.812500,2.724617e-02
0.750000,0.812500,2.667378e-02
0.762500,0.812500,2.605192e-02
0.775000,0.812500,2.538057e-02
0.787500,0.812500,2.465975e-02
0.800000,0.812500,2.388944e-02
0.812500,0.812500,2.306966e-02
0.825000,0.812500,2.220040e-02
0.837500,0.812500,2.128165e-02
0.850000,0.812500,2.030369e-02
0.862500,0.812500,1.922686e-02
0.875000,0.812500,1.804696e-02
0.887500,0.812500,1.676398e-02
0.900000,0.812500,1.537792e-02
0.912500,0.812500,1.388877e-02
0.925000,0.812500,1.229655e-02
0.937500,0.812500,1.060125e-02
0.950000,0.812500,8.794164e-03
0.962500,0.812500,6.833744e-03
0.975000,0.812500,4.714576e-03
0.987500,0.812500,2.436662e-03
1.000000,0.812500,0.000000e+00
0.000000,0.825000,0.000000e+00
0.012500,0.825000,2.491126e-03
0.025000,0.825000,4.842360e-03
0.037500,0.825000,7.053703e-03
0.050000,0.825000,9.125154e-03
0.062500,0.825000,1.105671e-02
0.075000,0.825000,1.285358e-02
0.087500,0.825000,1.454712e-02
0.100000,0.825000,1.614260e-02
0.112500,0.825000,1.764002e-02
0.125000,0.825000,1.903939e-02
0.137500,0.825000,2.034070e-02
0.150000,0.825000,2.154395e-02
0.162500,0.825000,2.264914e-02
0.175000,0.825000,2.365627e-02
0.187500,0.825000,2.457763e-02
0.200000,0.825000,2.543838e-02
0.212500,0.825000,2.623926e-02
0.225000,0.825000,2.698028e-02
0.237500,0.825000,2.766143e-02
0.250000,0.825000,2.828273e-02
0.262500,0.825000,2.884416e-02
0.275000,0.825000,2.934573e-02
0.287500,0.825000,2.978743e-02
0.300000,0.825000,3.016928e-02
0.312500,0.825000,3.049577e-02
0.325000,0.825000,3.078658e-02
0.337500,0.825000,3.104400e-02
0.350000,0.825000,3.126803e-02
0.362500,0.825000,3.145867e-02
0.375000,0.825000,3.161592e-02
0.387500,0.825000,3.173977e-02
0.400000,0.825000,3.183024e-02
0.412500,0.825000,3.188768e-02
0.425000,0.825000,3.192340e-02
0.437500,0.825000,3.194269e-02
0.450000,0.825000,3.194552e-02
0.462500,0.825000,3.193192e-02
0.475000,0.825000,3.190243e-02
0.487500,0.825000,3.186125e-02
0.500000,0.825000,3.180959e-02
0.512500,0.825000,3.173283e-02
0.525000,0.825000,3.163057e-02
0.537500,0.825000,3.150332e-02
0.550000,0.825000,3.135164e-02
0.562500,0.825000,3.117898e-02
0.575000,0.825000,3.098591e-02
0.587500,0.825000,3.077244e-02
0.600000,0.825000,3.053856e-02
0.612500,0.825000,3.028427e-02
0.625000,0.825000,3.000918e-02
0.637500,0.825000,2.971085e-02
0.650000,0.825000,2.938889e-02
0.662500,0.825000,2.904329e-02
0.675000,0.825000,2.867405e-02
0.687500,0.825000,2.828117e-02
0.700000,0.825000,2.786465e-02
0.712500,0.825000,2.742450e-02
0.725000,0.825000,2.696057e-02
0.737500,0.825000,2.645839e-02
0.750000,0.825000,2.590807e-02
0.762500,0.825000,2.530964e-02
0.775000,0.825000,2.466307e-02
0.787500,0.825000,2.396839e-02
0.800000,0.825000,2.322558e-02
0.812500,0.825000,2.243464e-02
0.825000,0.825000,2.159558e-02
0.837500,0.825000,2.070839e-02
0.850000,0.825000,1.976346e-02
0.862500,0.825000,1.872161e-02
0.875000,0.825000,1.757869e-02
0.887500,0.825000,1.633468e-02
0.900000,0.825000,1.498959e-02
0.912500,0.825000,1.354342e-02
0.925000,0.825000,1.199617e-02
0.937500,0.825000,1.034784e-02
0.950000,0.825000,8.589551e-03
0.962500,0.825000,6.678934e-03
0.975000,0.825000,4.610470e-03
0.987500,0.825000,2.384158e-03
1.000000,0.825000,0.000000e+00
0.000000,0.837500,0.000000e+00
0.012500,0.837500,2.400413e-03
0.025000,0.837500,4.662575e-03
0.037500,0.837500,6.786486e-03
0.050000,0.837500,8.772148e-03
0.062500,0.837500,1.061956e-02
0.075000,0.837500,1.233420e-02
0.087500,0.837500,1.394916e-02
0.100000,0.837500,1.547000e-02
0.112500,0.837500,1.689672e-02
0.125000,0.837500,1.822932e-02
0.137500,0.837500,1.946780e-02
0.150000,0.837500,2.061215e-02
0.162500,0.837500,2.166238e-02
0.175000,0.837500,2.261849e-02
0.187500,0.837500,2.349266e-02
0.200000,0.837500,2.430986e-02
0.212500,0.837500,2.507083e-02
0.225000,0.837500,2.577557e-02
0.237500,0.837500,2.642408e-02
0.250000,0.837500,2.701636e-02
0.262500,0.837500,2.755241e-02
0.275000,0.837500,2.803223e-02
0.287500,0.837500,2.845582e-02
0.300000,0.837500,2.882319e-02
0.312500,0.837500,2.913859e-02
0.325000,0.837500,2.942068e-02
0.337500,0.837500,2.967160e-02
0.350000,0.837500,2.989137e-02
0.362500,0.837500,3.007998e-02
0.375000,0.837500,3.023744e-02
0.387500,0.837500,3.036373e-02
0.400000,0.837500,3.045887e-02
0.412500,0.837500,3.052320e-02
0.425000,0.837500,3.056721e-02
0.437500,0.837500,3.059581e-02
0.450000,0.837500,3.060899e-02
0.462500,0.837500,3.060676e-02
0.475000,0.837500,3.058962e-02
0.487500,0.837500,3.056137e-02
0.500000,0.837500,3.052330e-02
0.512500,0.837500,3.046248e-02
0.525000,0.837500,3.037653e-02
0.537500,0.837500,3.026595e-02
0.550000,0.837500,3.013129e-02
0.562500,0.837500,2.997583e-02
0.575000,0.837500,2.980013e-02
0.587500,0.837500,2.960418e-02
0.600000,0.837500,2.938800e-02
0.612500,0.837500,2.915156e-02
0.625000,0.837500,2.889453e-02
0.637500,0.837500,2.861470e-02
0.650000,0.837500,2.831171e-02
0.662500,0.837500,2.798557e-02
0.675000,0.837500,2.763626e-02
0.687500,0.837500,2.726379e-02
0.700000,0.837500,2.686817e-02
0.712500,0.837500,2.644938e-02
0.725000,0.837500,2.600731e-02
0.737500,0.837500,2.552817e-02
0.750000,0.837500,2.500258e-02
0.762500,0.837500,2.443054e-02
0.775000,0.837500,2.381204e-02
0.787500,0.837500,2.314710e-02
0.800000,0.837500,2.243570e-02
0.812500,0.837500,2.167785e-02
0.825000,0.837500,2.087355e-02
0.837500,0.837500,2.002280e-02
0.850000,0.837500,1.911615e-02
0.862500,0.837500,1.811514e-02
0.875000,0.837500,1.701568e-02
0.887500,0.837500,1.581777e-02
0.900000,0.837500,1.452141e-02
0.912500,0.837500,1.312659e-02
0.925000,0.837500,1.163333e-02
0.937500,0.837500,1.004161e-02
0.950000,0.837500,8.342327e-03
0.962500,0.837500,6.491925e-03
0.975000,0.837500,4.484736e-03
0.987500,0.837500,2.320761e-03
1.000000,0.837500,0.000000e+00
0.000000,0.850000,0.000000e+00
0.012500,0.850000,2.301161e-03
0.025000,0.850000,4.465965e-03
0.037500,0.850000,6.494411e-03
0.050000,0.850000,8.386500e-03
0.062500,0.850000,1.014223e-02
0.075000,0.850000,1.176739e-02
0.087500,0.850000,1.329695e-02
0.100000,0.850000,1.473677e-02
0.112500,0.850000,1.608686e-02
0.125000,0.850000,1.734720e-02
0.137500,0.850000,1.851781e-02
0.150000,0.850000,1.959868e-02
0.162500,0.850000,2.058982e-02
0.175000,0.850000,2.149121e-02
0.187500,0.850000,2.231485e-02
0.200000,0.850000,2.308527e-02
0.212500,0.850000,2.380321e-02
0.225000,0.850000,2.446866e-02
0.237500,0.850000,2.508162e-02
0.250000,0.850000,2.564210e-02
0.262500,0.850000,2.615009e-02
0.275000,0.850000,2.660560e-02
0.287500,0.850000,2.700862e-02
0.300000,0.850000,2.735916e-02
0.312500,0.850000,2.766123e-02
0.325000,0.850000,2.793237e-02
0.337500,0.850000,2.817462e-02
0.350000,0.850000,2.838797e-02
0.362500,0.850000,2.857243e-02
0.375000,0.850000,2.872800e-02
0.387500,0.850000,2.885467e-02
0.400000,0.850000,2.895245e-02
0.412500,0.850000,2.902166e-02
0.425000,0.850000,2.907201e-02
0.437500,0.850000,2.910804e-02
0.450000,0.850000,2.912975e-02
0.462500,0.850000,2.913714e-02
0.475000,0.850000,2.913067e-02
0.487500,0.850000,2.911385e-02
0.500000,0.850000,2.908802e-02
0.512500,0.850000,2.904172e-02
0.525000,0.850000,2.897080e-02
0.537500,0.850000,2.887577e-02
0.550000,0.850000,2.875715e-02
0.562500,0.850000,2.861813e-02
0.575000,0.850000,2.845924e-02
0.587500,0.850000,2.828050e-02
0.600000,0.850000,2.808189e-02
0.612500,0.850000,2.786341e-02
0.625000,0.850000,2.762476e-02
0.637500,0.850000,2.736396e-02
0.650000,0.850000,2.708070e-02
0.662500,0.850000,2.677498e-02
0.675000,0.850000,2.644679e-02
0.687500,0.850000,2.609614e-02
0.700000,0.850000,2.572303e-02
0.712500,0.850000,2.532745e-02
0.725000,0.850000,2.490929e-02
0.737500,0.850000,2.445552e-02
0.750000,0.850000,2.395730e-02
0.762500,0.850000,2.341462e-02
0.775000,0.850000,2.282748e-02
0.787500,0.850000,2.219587e-02
0.800000,0.850000,2.151981e-02
0.812500,0.850000,2.079929e-02
0.825000,0.850000,2.003431e-02
0.837500,0.850000,1.922487e-02
0.850000,0.850000,1.836175e-02
0.862500,0.850000,1.740744e-02
0.875000,0.850000,1.635794e-02
0.887500,0.850000,1.521325e-02
0.900000,0.850000,1.397336e-02
0.912500,0.850000,1.263829e-02
0.925000,0.850000,1.120803e-02
0.937500,0.850000,9.682574e-03
0.950000,0.850000,8.052494e-03
0.962500,0.850000,6.272717e-03
0.975000,0.850000,4.337375e-03
0.987500,0.850000,2.246470e-03
1.000000,0.850000,0.000000e+00
0.000000,0.862500,0.000000e+00
0.012500,0.862500,2.193372e-03
0.025000,0.862500,4.252531e-03
0.037500,0.862500,6.177477e-03
0.050000,0.862500,7.968211e-03
0.062500,0.862500,9.624732e-03
0.075000,0.862500,1.115316e-02
0.087500,0.862500,1.259049e-02
0.100000,0.862500,1.394290e-02
0.112500,0.862500,1.521042e-02
0.125000,0.862500,1.639303e-02
0.137500,0.862500,1.749074e-02
0.150000,0.862500,1.850354e-02
0.162500,0.862500,1.943144e-02
0.175000,0.862500,2.027444e-02
0.187500,0.862500,2.104420e-02
0.200000,0.862500,2.176461e-02
0.212500,0.862500,2.243640e-02
0.225000,0.862500,2.305955e-02
0.237500,0.862500,2.363407e-02
0.250000,0.862500,2.415996e-02
0.262500,0.862500,2.463721e-02
0.275000,0.862500,2.506584e-02
0.287500,0.862500,2.544583e-02
0.300000,0.862500,2.577719e-02
0.312500,0.862500,2.606368e-02
0.325000,0.862500,2.632167e-02
0.337500,0.862500,2.655305e-02
0.350000,0.862500,2.675783e-02
0.362500,0.862500,2.693602e-02
0.375000,0.862500,2.708760e-02
0.387500,0.862500,2.721259e-02
0.400000,0.862500,2.731098e-02
0.412500,0.862500,2.738306e-02
0.425000,0.862500,2.743780e-02
0.437500,0.862500,2.747937e-02
0.450000,0.862500,2.750779e-02
0.462500,0.862500,2.752305e-02
0.475000,0.862500,2.752558e-02
0.487500,0.862500,2.751869e-02
0.500000,0.862500,2.750375e-02
0.512500,0.862500,2.747057e-02
0.525000,0.862500,2.741340e-02
0.537500,0.862500,2.733278e-02
0.550000,0.862500,2.722922e-02
0.562500,0.862500,2.710587e-02
0.575000,0.862500,2.696326e-02
0.587500,0.862500,2.680138e-02
0.600000,0.862500,2.662023e-02
0.612500,0.862500,2.641982e-02
0.625000,0.862500,2.619986e-02
0.637500,0.862500,2.595864e-02
0.650000,0.862500,2.569586e-02
0.662500,0.862500,2.541153e-02
0.675000,0.862500,2.510565e-02
0.687500,0.862500,2.477822e-02
0.700000,0.862500,2.442923e-02
0.712500,0.862500,2.405870e-02
0.725000,0.862500,2.366650e-02
0.737500,0.862500,2.324044e-02
0.750000,0.862500,2.277223e-02
0.762500,0.862500,2.226188e-02
0.775000,0.862500,2.170938e-02
0.787500,0.862500,2.111472e-02
0.800000,0.862500,2.047792e-02
0.812500,0.862500,1.979897e-02
0.825000,0.862500,1.907787e-02
0.837500,0.862500,1.831462e-02
0.850000,0.862500,1.750028e-02
0.862500,0.862500,1.659852e-02
0.875000,0.862500,1.560547e-02
0.887500,0.862500,1.452111e-02
0.900000,0.862500,1.334546e-02
0.912500,0.862500,1.207851e-02
0.925000,0.862500,1.072027e-02
0.937500,0.862500,9.270721e-03
0.950000,0.862500,7.720051e-03
0.962500,0.862500,6.021310e-03
0.975000,0.862500,4.168388e-03
0.987500,0.862500,2.161285e-03
1.000000,0.862500,0.000000e+00
0.000000,0.875000,0.000000e+00
0.012500,0.875000,2.077044e-03
0.025000,0.875000,4.022272e-03
0.037500,0.875000,5.835684e-03
0.050000,0.875000,7.517281e-03
0.062500,0.875000,9.067061e-03
0.075000,0.875000,1.049151e-02
0.087500,0.875000,1.182976e-02
0.100000,0.875000,1.308840e-02
0.112500,0.875000,1.426741e-02
0.125000,0.875000,1.536681e-02
0.137500,0.875000,1.638658e-02
0.150000,0.875000,1.732673e-02
0.162500,0.875000,1.818727e-02
0.175000,0.875000,1.896818e-02
0.187500,0.875000,1.968071e-02
0.200000,0.875000,2.034788e-02
0.212500,0.875000,2.097040e-02
0.225000,0.875000,2.154824e-02
0.237500,0.875000,2.208142e-02
0.250000,0.875000,2.256993e-02
0.262500,0.875000,2.301377e-02
0.275000,0.875000,2.341294e-02
0.287500,0.875000,2.376745e-02
0.300000,0.875000,2.407729e-02
0.312500,0.875000,2.434595e-02
0.325000,0.875000,2.458856e-02
0.337500,0.875000,2.480690e-02
0.350000,0.875000,2.500096e-02
0.362500,0.875000,2.517074e-02
0.375000,0.875000,2.531625e-02
0.387500,0.875000,2.543749e-02
0.400000,0.875000,2.553444e-02
0.412500,0.875000,2.560740e-02
0.425000,0.875000,2.566457e-02
0.437500,0.875000,2.570981e-02
0.450000,0.875000,2.574312e-02
0.462500,0.875000,2.576449e-02
0.475000,0.875000,2.577434e-02
0.487500,0.875000,2.577589e-02
0.500000,0.875000,2.577049e-02
0.512500,0.875000,2.574901e-02
0.525000,0.875000,2.570432e-02
0.537500,0.875000,2.563698e-02
0.550000,0.875000,2.554751e-02
0.562500,0.875000,2.543906e-02
0.575000,0.875000,2.531217e-02
0.587500,0.875000,2.516682e-02
0.600000,0.875000,2.500303e-02
0.612500,0.875000,2.482078e-02
0.625000,0.875000,2.461984e-02
0.637500,0.875000,2.439873e-02
0.650000,0.875000,2.415719e-02
0.662500,0.875000,2.389522e-02
0.675000,0.875000,2.361284e-02
0.687500,0.875000,2.331002e-02
0.700000,0.875000,2.298679e-02
0.712500,0.875000,2.264313e-02
0.725000,0.875000,2.227894e-02
0.737500,0.875000,2.188292e-02
0.750000,0.875000,2.144738e-02
0.762500,0.875000,2.097232e-02
0.775000,0.875000,2.045774e-02
0.787500,0.875000,1.990364e-02
0.800000,0.875000,1.931002e-02
0.812500,0.875000,1.867687e-02
0.825000,0.875000,1.800421e-02
0.837500,0.875000,1.729202e-02
0.850000,0.875000,1.653173e-02
0.862500,0.875000,1.568838e-02
0.875000,0.875000,1.475826e-02
0.887500,0.875000,1.374137e-02
0.900000,0.875000,1.263770e-02
0.912500,0.875000,1.144726e-02
0.925000,0.875000,1.017004e-02
0.937500,0.875000,8.806055e-03
0.950000,0.875000,7.344998e-03
0.962500,0.875000,5.737705e-03
0.975000,0.875000,3.977774e-03
0.987500,0.875000,2.065206e-03
1.000000,0.875000,0.000000e+00
0.000000,0.887500,0.000000e+00
0.012500,0.887500,1.952178e-03
0.025000,0.887500,3.775189e-03
0.037500,0.887500,5.469033e-03
0.050000,0.887500,7.033709e-03
0.062500,0.887500,8.469218e-03
0.075000,0.887500,9.782424e-03
0.087500,0.887500,1.101478e-02
0.100000,0.887500,1.217326e-02
0.112500,0.887500,1.325784e-02
0.125000,0.887500,1.426853e-02
0.137500,0.887500,1.520534e-02
0.150000,0.887500,1.606825e-02
0.162500,0.887500,1.685728e-02
0.175000,0.887500,1.757242e-02
0.187500,0.887500,1.822437e-02
0.200000,0.887500,1.883509e-02
0.212500,0.887500,1.940520e-02
0.225000,0.887500,1.993473e-02
0.237500,0.887500,2.042367e-02
0.250000,0.887500,2.087201e-02
0.262500,0.887500,2.127976e-02
0.275000,0.887500,2.164692e-02
0.287500,0.887500,2.197348e-02
0.300000,0.887500,2.225946e-02
0.312500,0.887500,2.250802e-02
0.325000,0.887500,2.273305e-02
0.337500,0.887500,2.293616e-02
0.350000,0.887500,2.311734e-02
0.362500,0.887500,2.327660e-02
0.375000,0.887500,2.341394e-02
0.387500,0.887500,2.352936e-02
0.400000,0.887500,2.362285e-02
0.412500,0.887500,2.369467e-02
0.425000,0.887500,2.375234e-02
0.437500,0.887500,2.379935e-02
0.450000,0.887500,2.383573e-02
0.462500,0.887500,2.386146e-02
0.475000,0.887500,2.387697e-02
0.487500,0.887500,2.388545e-02
0.500000,0.887500,2.388823e-02
0.512500,0.887500,2.387706e-02
0.525000,0.887500,2.384356e-02
0.537500,0.887500,2.378837e-02
0.550000,0.887500,2.371201e-02
0.562500,0.887500,2.361770e-02
0.575000,0.887500,2.350598e-02
0.587500,0.887500,2.337683e-02
0.600000,0.887500,2.323027e-02
0.612500,0.887500,2.306630e-02
0.625000,0.887500,2.288470e-02
0.637500,0.887500,2.268423e-02
0.650000,0.887500,2.246468e-02
0.662500,0.887500,2.222605e-02
0.675000,0.887500,2.196834e-02
0.687500,0.887500,2.169156e-02
0.700000,0.887500,2.139569e-02
0.712500,0.887500,2.108074e-02
0.725000,0.887500,2.074662e-02
0.737500,0.887500,2.038297e-02
0.750000,0.887500,1.998275e-02
0.762500,0.887500,1.954595e-02
0.775000,0.887500,1.907258e-02
0.787500,0.887500,1.856263e-02
0.800000,0.887500,1.801611e-02
0.812500,0.887500,1.743301e-02
0.825000,0.887500,1.681334e-02
0.837500,0.887500,1.615710e-02
0.850000,0.887500,1.545609e-02
0.862500,0.887500,1.467701e-02
0.875000,0.887500,1.381632e-02
0.887500,0.887500,1.287401e-02
0.900000,0.887500,1.185008e-02
0.912500,0.887500,1.074453e-02
0.925000,0.887500,9.557360e-03
0.937500,0.887500,8.288574e-03
0.950000,0.887500,6.927335e-03
0.962500,0.887500,5.421901e-03
0.975000,0.887500,3.765533e-03
0.987500,0.887500,1.958233e-03
1.000000,0.887500,0.000000e+00
0.000000,0.900000,0.000000e+00
0.012500,0.900000,1.818774e-03
0.025000,0.900000,3.511282e-03
0.037500,0.900000,5.077523e-03
0.050000,0.900000,6.517497e-03
0.062500,0.900000,7.831204e-03
0.075000,0.900000,9.025915e-03
0.087500,0.900000,1.014555e-02
0.100000,0.900000,1.119748e-02
0.112500,0.900000,1.218169e-02
0.125000,0.900000,1.309820e-02
0.137500,0.900000,1.394701e-02
0.150000,0.900000,1.472810e-02
0.162500,0.900000,1.544149e-02
0.175000,0.900000,1.608717e-02
0.187500,0.900000,1.667520e-02
0.200000,0.900000,1.722622e-02
0.212500,0.900000,1.774082e-02
0.225000,0.900000,1.821902e-02
0.237500,0.900000,1.866082e-02
0.250000,0.900000,1.906620e-02
0.262500,0.900000,1.943518e-02
0.275000,0.900000,1.976776e-02
0.287500,0.900000,2.006392e-02
0.300000,0.900000,2.032368e-02
0.312500,0.900000,2.054991e-02
0.325000,0.900000,2.075514e-02
0.337500,0.900000,2.094083e-02
0.350000,0.900000,2.110698e-02
0.362500,0.900000,2.125360e-02
0.375000,0.900000,2.138067e-02
0.387500,0.900000,2.148821e-02
0.400000,0.900000,2.157620e-02
0.412500,0.900000,2.164489e-02
0.425000,0.900000,2.170109e-02
0.437500,0.900000,2.174800e-02
0.450000,0.900000,2.178563e-02
0.462500,0.900000,2.181397e-02
0.475000,0.900000,2.183345e-02
0.487500,0.900000,2.184736e-02
0.500000,0.900000,2.185699e-02
0.512500,0.900000,2.185470e-02
0.525000,0.900000,2.183112e-02
0.537500,0.900000,2.178694e-02
0.550000,0.900000,2.172273e-02
0.562500,0.900000,2.164179e-02
0.575000,0.900000,2.154468e-02
0.587500,0.900000,2.143141e-02
0.600000,0.900000,2.130197e-02
0.612500,0.900000,2.115637e-02
0.625000,0.900000,2.099443e-02
0.637500,0.900000,2.081514e-02
0.650000,0.900000,2.061834e-02
0.662500,0.900000,2.040402e-02
0.675000,0.900000,2.017217e-02
0.687500,0.900000,1.992281e-02
0.700000,0.900000,1.965593e-02
0.712500,0.900000,1.937154e-02
0.725000,0.900000,1.906954e-02
0.737500,0.900000,1.874059e-02
0.750000,0.900000,1.837833e-02
0.762500,0.900000,1.798276e-02
0.775000,0.900000,1.755388e-02
0.787500,0.900000,1.709169e-02
0.800000,0.900000,1.659619e-02
0.812500,0.900000,1.606738e-02
0.825000,0.900000,1.550527e-02
0.837500,0.900000,1.490984e-02
0.850000,0.900000,1.427337e-02
0.862500,0.900000,1.356443e-02
0.875000,0.900000,1.277965e-02
0.887500,0.900000,1.191904e-02
0.900000,0.900000,1.098260e-02
0.912500,0.900000,9.970323e-03
0.925000,0.900000,8.882217e-03
0.937500,0.900000,7.718279e-03
0.950000,0.900000,6.467063e-03
0.962500,0.900000,5.073898e-03
0.975000,0.900000,3.531665e-03
0.987500,0.900000,1.840366e-03
1.000000,0.900000,0.000000e+00
0.000000,0.912500,0.000000e+00
0.012500,0.912500,1.676832e-03
0.025000,0.912500,3.230551e-03
0.037500,0.912500,4.661154e-03
0.050000,0.912500,5.968643e-03
0.062500,0.912500,7.153018e-03
0.075000,0.912500,8.221981e-03
0.087500,0.912500,9.222059e-03
0.100000,0.912500,1.016106e-02
0.112500,0.912500,1.103898e-02
0.125000,0.912500,1.185583e-02
0.137500,0.912500,1.261159e-02
0.150000,0.912500,1.330628e-02
0.162500,0.912500,1.393989e-02
0.175000,0.912500,1.451242e-02
0.187500,0.912500,1.503319e-02
0.200000,0.912500,1.552128e-02
0.212500,0.912500,1.597725e-02
0.225000,0.912500,1.640112e-02
0.237500,0.912500,1.679287e-02
0.250000,0.912500,1.715251e-02
0.262500,0.912500,1.748005e-02
0.275000,0.912500,1.777547e-02
0.287500,0.912500,1.803877e-02
0.300000,0.912500,1.826997e-02
0.312500,0.912500,1.847161e-02
0.325000,0.912500,1.865483e-02
0.337500,0.912500,1.882092e-02
0.350000,0.912500,1.896989e-02
0.362500,0.912500,1.910173e-02
0.375000,0.912500,1.921644e-02
0.387500,0.912500,1.931403e-02
0.400000,0.912500,1.939450e-02
0.412500,0.912500,1.945804e-02
0.425000,0.912500,1.951083e-02
0.437500,0.912500,1.955575e-02
0.450000,0.912500,1.959281e-02
0.462500,0.912500,1.962201e-02
0.475000,0.912500,1.964380e-02
0.487500,0.912500,1.966164e-02
0.500000,0.912500,1.967675e-02
0.512500,0.912500,1.968195e-02
0.525000,0.912500,1.966700e-02
0.537500,0.912500,1.963271e-02
0.550000,0.912500,1.957966e-02
0.562500,0.912500,1.951132e-02
0.575000,0.912500,1.942829e-02
0.587500,0.912500,1.933055e-02
0.600000,0.912500,1.921812e-02
0.612500,0.912500,1.909099e-02
0.625000,0.912500,1.894904e-02
0.637500,0.912500,1.879147e-02
0.650000,0.912500,1.861816e-02
0.662500,0.912500,1.842912e-02
0.675000,0.912500,1.822433e-02
0.687500,0.912500,1.800380e-02
0.700000,0.912500,1.776753e-02
0.712500,0.912500,1.751552e-02
0.725000,0.912500,1.724769e-02
0.737500,0.912500,1.695577e-02
0.750000,0.912500,1.663412e-02
0.762500,0.912500,1.628275e-02
0.775000,0.912500,1.590165e-02
0.787500,0.912500,1.549082e-02
0.800000,0.912500,1.505027e-02
0.812500,0.912500,1.457999e-02
0.825000,0.912500,1.407998e-02
0.837500,0.912500,1.355025e-02
0.850000,0.912500,1.298358e-02
0.862500,0.912500,1.235062e-02
0.875000,0.912500,1.164824e-02
0.887500,0.912500,1.087646e-02
0.900000,0.912500,1.003526e-02
0.912500,0.912500,9.124642e-03
0.925000,0.912500,8.144613e-03
0.937500,0.912500,7.095171e-03
0.950000,0.912500,5.964181e-03
0.962500,0.912500,4.693696e-03
0.975000,0.912500,3.276171e-03
0.987500,0.912500,1.711606e-03
1.000000,0.912500,0.000000e+00
0.000000,0.925000,0.000000e+00
0.012500,0.925000,1.525241e-03
0.025000,0.925000,2.931007e-03
0.037500,0.925000,4.217299e-03
0.050000,0.925000,5.384115e-03
0.062500,0.925000,6.431456e-03
0.075000,0.925000,7.367452e-03
0.087500,0.925000,8.241214e-03
0.100000,0.925000,9.060983e-03
0.112500,0.925000,9.826757e-03
0.125000,0.925000,1.053854e-02
0.137500,0.925000,1.119632e-02
0.150000,0.925000,1.180012e-02
0.162500,0.925000,1.234992e-02
0.175000,0.925000,1.284572e-02
0.187500,0.925000,1.329598e-02
0.200000,0.925000,1.371802e-02
0.212500,0.925000,1.411235e-02
0.225000,0.925000,1.447898e-02
0.237500,0.925000,1.481789e-02
0.250000,0.925000,1.512910e-02
0.262500,0.925000,1.541260e-02
0.275000,0.925000,1.566839e-02
0.287500,0.925000,1.589647e-02
0.300000,0.925000,1.609684e-02
0.312500,0.925000,1.627173e-02
0.325000,0.925000,1.643081e-02
0.337500,0.925000,1.657520e-02
0.350000,0.925000,1.670490e-02
0.362500,0.925000,1.681992e-02
0.375000,0.925000,1.692026e-02
0.387500,0.925000,1.700591e-02
0.400000,0.925000,1.707688e-02
0.412500,0.925000,1.713334e-02
0.425000,0.925000,1.718084e-02
0.437500,0.925000,1.722194e-02
0.450000,0.925000,1.725667e-02
0.462500,0.925000,1.728500e-02
0.475000,0.925000,1.730744e-02
0.487500,0.925000,1.732770e-02
0.500000,0.925000,1.734690e-02
0.512500,0.925000,1.735814e-02
0.525000,0.925000,1.735053e-02
0.537500,0.925000,1.732498e-02
0.550000,0.925000,1.728212e-02
0.562500,0.925000,1.722562e-02
0.575000,0.925000,1.715611e-02
0.587500,0.925000,1.707358e-02
0.600000,0.925000,1.697803e-02
0.612500,0.925000,1.686947e-02
0.625000,0.925000,1.674780e-02
0.637500,0.925000,1.661247e-02
0.650000,0.925000,1.646338e-02
0.662500,0.925000,1.630054e-02
0.675000,0.925000,1.612395e-02
0.687500,0.925000,1.593360e-02
0.700000,0.925000,1.572950e-02
0.712500,0.925000,1.551165e-02
0.725000,0.925000,1.527997e-02
0.737500,0.925000,1.502733e-02
0.750000,0.925000,1.474885e-02
0.762500,0.925000,1.444454e-02
0.775000,0.925000,1.411439e-02
0.787500,0.925000,1.375840e-02
0.800000,0.925000,1.337658e-02
0.812500,0.925000,1.296892e-02
0.825000,0.925000,1.253543e-02
0.837500,0.925000,1.207610e-02
0.850000,0.925000,1.158430e-02
0.862500,0.925000,1.103303e-02
0.875000,0.925000,1.041941e-02
0.887500,0.925000,9.743448e-03
0.900000,0.925000,9.005135e-03
0.912500,0.925000,8.204474e-03
0.925000,0.925000,7.341466e-03
0.937500,0.925000,6.416109e-03
0.950000,0.925000,5.415560e-03
0.962500,0.925000,4.278467e-03
0.975000,0.925000,2.996843e-03
0.987500,0.925000,1.570687e-03
1.000000,0.925000,0.000000e+00
0.000000,0.937500,0.000000e+00
0.012500,0.937500,1.348053e-03
0.025000,0.937500,2.584133e-03
0.037500,0.937500,3.708238e-03
0.050000,0.937500,4.720370e-03
0.062500,0.937500,5.620528e-03
0.075000,0.937500,6.416856e-03
0.087500,0.937500,7.158550e-03
0.100000,0.937500,7.853864e-03
0.112500,0.937500,8.502797e-03
0.125000,0.937500,9.105350e-03
0.137500,0.937500,9.661523e-03
0.150000,0.937500,1.017132e-02
0.162500,0.937500,1.063473e-02
0.175000,0.937500,1.105176e-02
0.187500,0.937500,1.142985e-02
0.200000,0.937500,1.178426e-02
0.212500,0.937500,1.211543e-02
0.225000,0.937500,1.242337e-02
0.237500,0.937500,1.270807e-02
0.250000,0.937500,1.296953e-02
0.262500,0.937500,1.320776e-02
0.275000,0.937500,1.342276e-02
0.287500,0.937500,1.361452e-02
0.300000,0.937500,1.378305e-02
0.312500,0.937500,1.393022e-02
0.325000,0.937500,1.406420e-02
0.337500,0.937500,1.418594e-02
0.350000,0.937500,1.429545e-02
0.362500,0.937500,1.439272e-02
0.375000,0.937500,1.447775e-02
0.387500,0.937500,1.455055e-02
0.400000,0.937500,1.461111e-02
0.412500,0.937500,1.465959e-02
0.425000,0.937500,1.470083e-02
0.437500,0.937500,1.473707e-02
0.450000,0.937500,1.476831e-02
0.462500,0.937500,1.479457e-02
0.475000,0.937500,1.481633e-02
0.487500,0.937500,1.483738e-02
0.500000,0.937500,1.485873e-02
0.512500,0.937500,1.487389e-02
0.525000,0.937500,1.487196e-02
0.537500,0.937500,1.485390e-02
0.550000,0.937500,1.482034e-02
0.562500,0.937500,1.477498e-02
0.575000,0.937500,1.471844e-02
0.587500,0.937500,1.465071e-02
0.600000,0.937500,1.457180e-02
0.612500,0.937500,1.448172e-02
0.625000,0.937500,1.438039e-02
0.637500,0.937500,1.426746e-02
0.650000,0.937500,1.414288e-02
0.662500,0.937500,1.400664e-02
0.675000,0.937500,1.385874e-02
0.687500,0.937500,1.369919e-02
0.700000,0.937500,1.352798e-02
0.712500,0.937500,1.334512e-02
0.725000,0.937500,1.315054e-02
0.737500,0.937500,1.293826e-02
0.750000,0.937500,1.270418e-02
0.762500,0.937500,1.244832e-02
0.775000,0.937500,1.217066e-02
0.787500,0.937500,1.187122e-02
0.800000,0.937500,1.154998e-02
0.812500,0.937500,1.120695e-02
0.825000,0.937500,1.084214e-02
0.837500,0.937500,1.045553e-02
0.850000,0.937500,1.004121e-02
0.862500,0.937500,9.575063e-03
0.875000,0.937500,9.054532e-03
0.887500,0.937500,8.479612e-03
0.900000,0.937500,7.850304e-03
0.912500,0.937500,7.166608e-03
0.925000,0.937500,6.428523e-03
0.937500,0.937500,5.636050e-03
0.950000,0.937500,4.776287e-03
0.962500,0.937500,3.787613e-03
0.975000,0.937500,2.662008e-03
0.987500,0.937500,1.399470e-03
1.000000,0.937500,0.000000e+00
0.000000,0.950000,0.000000e+00
0.012500,0.950000,1.140058e-03
0.025000,0.950000,2.180608e-03
0.037500,0.950000,3.121649e-03
0.050000,0.950000,3.963182e-03
0.062500,0.950000,4.705208e-03
0.075000,0.950000,5.355336e-03
0.087500,0.950000,5.959538e-03
0.100000,0.950000,6.525527e-03
0.112500,0.950000,7.053304e-03
0.125000,0.950000,7.542869e-03
0.137500,0.950000,7.994221e-03
0.150000,0.950000,8.407360e-03
0.162500,0.950000,8.782287e-03
0.175000,0.950000,9.119002e-03
0.187500,0.950000,9.423777e-03
0.200000,0.950000,9.709466e-03
0.212500,0.950000,9.976451e-03
0.225000,0.950000,1.022473e-02
0.237500,0.950000,1.045431e-02
0.250000,0.950000,1.066519e-02
0.262500,0.950000,1.085736e-02
0.275000,0.950000,1.103083e-02
0.287500,0.950000,1.118559e-02
0.300000,0.950000,1.132165e-02
0.312500,0.950000,1.144053e-02
0.325000,0.950000,1.154885e-02
0.337500,0.950000,1.164738e-02
0.350000,0.950000,1.173612e-02
0.362500,0.950000,1.181507e-02
0.375000,0.950000,1.188423e-02
0.387500,0.950000,1.194360e-02
0.400000,0.950000,1.199319e-02
0.412500,0.950000,1.203312e-02
0.425000,0.950000,1.206743e-02
0.437500,0.950000,1.209801e-02
0.450000,0.950000,1.212486e-02
0.462500,0.950000,1.214798e-02
0.475000,0.950000,1.216783e-02
0.487500,0.950000,1.218801e-02
0.500000,0.950000,1.220936e-02
0.512500,0.950000,1.222613e-02
0.525000,0.950000,1.222811e-02
0.537500,0.950000,1.221626e-02
0.550000,0.950000,1.219114e-02
0.562500,0.950000,1.215622e-02
0.575000,0.950000,1.211209e-02
0.587500,0.950000,1.205875e-02
0.600000,0.950000,1.199620e-02
0.612500,0.950000,1.192443e-02
0.625000,0.950000,1.184342e-02
0.637500,0.950000,1.175296e-02
0.650000,0.950000,1.165301e-02
0.662500,0.950000,1.154359e-02
0.675000,0.950000,1.142469e-02
0.687500,0.950000,1.129630e-02
0.700000,0.950000,1.115844e-02
0.712500,0.950000,1.101109e-02
0.725000,0.950000,1.085422e-02
0.737500,0.950000,1.068299e-02
0.750000,0.950000,1.049412e-02
0.762500,0.950000,1.028762e-02
0.775000,0.950000,1.006347e-02
0.787500,0.950000,9.821678e-03
0.800000,0.950000,9.562248e-03
0.812500,0.950000,9.285176e-03
0.825000,0.950000,8.990464e-03
0.837500,0.950000,8.678111e-03
0.850000,0.950000,8.343060e-03
0.862500,0.950000,7.964746e-03
0.875000,0.950000,7.540975e-03
0.887500,0.950000,7.071747e-03
0.900000,0.950000,6.557064e-03
0.912500,0.950000,5.996923e-03
0.925000,0.950000,5.391327e-03
0.937500,0.950000,4.740274e-03
0.950000,0.950000,4.031685e-03
0.962500,0.950000,3.207870e-03
0.975000,0.950000,2.261317e-03
0.987500,0.950000,1.192027e-03
1.000000,0.950000,0.000000e+00
0.000000,0.962500,0.000000e+00
0.012500,0.962500,9.012548e-04
0.025000,0.962500,1.720432e-03
0.037500,0.962500,2.457531e-03
0.050000,0.962500,3.112552e-03
0.062500,0.962500,3.685495e-03
0.075000,0.962500,4.182889e-03
0.087500,0.962500,4.644176e-03
0.100000,0.962500,5.075972e-03
0.112500,0.962500,5.478278e-03
0.125000,0.962500,5.851093e-03
0.137500,0.962500,6.194417e-03
0.150000,0.962500,6.508251e-03
0.162500,0.962500,6.792594e-03
0.175000,0.962500,7.047447e-03
0.187500,0.962500,7.277753e-03
0.200000,0.962500,7.493644e-03
0.212500,0.962500,7.695420e-03
0.225000,0.962500,7.883081e-03
0.237500,0.962500,8.056628e-03
0.250000,0.962500,8.216061e-03
0.262500,0.962500,8.361380e-03
0.275000,0.962500,8.492584e-03
0.287500,0.962500,8.609673e-03
0.300000,0.962500,8.712649e-03
0.312500,0.962500,8.802664e-03
0.325000,0.962500,8.884753e-03
0.337500,0.962500,8.959500e-03
0.350000,0.962500,9.026907e-03
0.362500,0.962500,9.086971e-03
0.375000,0.962500,9.139695e-03
0.387500,0.962500,9.185077e-03
0.400000,0.962500,9.223118e-03
0.412500,0.962500,9.253923e-03
0.425000,0.962500,9.280649e-03
0.437500,0.962500,9.304774e-03
0.450000,0.962500,9.326298e-03
0.462500,0.962500,9.345222e-03
0.475000,0.962500,9.361950e-03
0.487500,0.962500,9.379587e-03
0.500000,0.962500,9.398806e-03
0.512500,0.962500,9.414866e-03
0.525000,0.962500,9.418997e-03
0.537500,0.962500,9.412043e-03
0.550000,0.962500,9.394499e-03
0.562500,0.962500,9.369344e-03
0.575000,0.962500,9.337078e-03
0.587500,0.962500,9.297702e-03
0.600000,0.962500,9.251215e-03
0.612500,0.962500,9.197617e-03
0.625000,0.962500,9.136894e-03
0.637500,0.962500,9.068959e-03
0.650000,0.962500,8.993795e-03
0.662500,0.962500,8.911404e-03
0.675000,0.962500,8.821786e-03
0.687500,0.962500,8.724939e-03
0.700000,0.962500,8.620865e-03
0.712500,0.962500,8.509564e-03
0.725000,0.962500,8.391002e-03
0.737500,0.962500,8.261533e-03
0.750000,0.962500,8.118678e-03
0.762500,0.962500,7.962435e-03
0.775000,0.962500,7.792805e-03
0.787500,0.962500,7.609788e-03
0.800000,0.962500,7.413384e-03
0.812500,0.962500,7.203593e-03
0.825000,0.962500,6.980414e-03
0.837500,0.962500,6.743849e-03
0.850000,0.962500,6.489867e-03
0.862500,0.962500,6.202081e-03
0.875000,0.962500,5.878743e-03
0.887500,0.962500,5.519854e-03
0.900000,0.962500,5.125413e-03
0.912500,0.962500,4.695420e-03
0.925000,0.962500,4.229876e-03
0.937500,0.962500,3.728781e-03
0.950000,0.962500,3.181756e-03
0.962500,0.962500,2.539237e-03
0.975000,0.962500,1.794772e-03
0.987500,0.962500,9.483592e-04
1.000000,0.962500,0.000000e+00
0.000000,0.975000,0.000000e+00
0.012500,0.975000,6.316441e-04
0.025000,0.975000,1.203605e-03
0.037500,0.975000,1.715883e-03
0.050000,0.975000,2.168478e-03
0.062500,0.975000,2.561389e-03
0.075000,0.975000,2.899518e-03
0.087500,0.975000,3.212466e-03
0.100000,0.975000,3.505199e-03
0.112500,0.975000,3.777718e-03
0.125000,0.975000,4.030023e-03
0.137500,0.975000,4.262112e-03
0.150000,0.975000,4.473988e-03
0.162500,0.975000,4.665649e-03
0.175000,0.975000,4.837095e-03
0.187500,0.975000,4.991783e-03
0.200000,0.975000,5.136792e-03
0.212500,0.975000,5.272334e-03
0.225000,0.975000,5.398408e-03
0.237500,0.975000,5.515015e-03
0.250000,0.975000,5.622155e-03
0.262500,0.975000,5.719827e-03
0.275000,0.975000,5.808031e-03
0.287500,0.975000,5.886769e-03
0.300000,0.975000,5.956038e-03
0.312500,0.975000,6.016621e-03
0.325000,0.975000,6.071913e-03
0.337500,0.975000,6.122312e-03
0.350000,0.975000,6.167817e-03
0.362500,0.975000,6.208428e-03
0.375000,0.975000,6.244144e-03
0.387500,0.975000,6.274967e-03
0.400000,0.975000,6.300897e-03
0.412500,0.975000,6.322005e-03
0.425000,0.975000,6.340484e-03
0.437500,0.975000,6.357361e-03
0.450000,0.975000,6.372636e-03
0.462500,0.975000,6.386308e-03
0.475000,0.975000,6.398684e-03
0.487500,0.975000,6.412111e-03
0.500000,0.975000,6.427061e-03
0.512500,0.975000,6.440087e-03
0.525000,0.975000,6.444605e-03
0.537500,0.975000,6.441263e-03
0.550000,0.975000,6.430430e-03
0.562500,0.975000,6.414347e-03
0.575000,0.975000,6.393391e-03
0.587500,0.975000,6.367559e-03
0.600000,0.975000,6.336854e-03
0.612500,0.975000,6.301274e-03
0.625000,0.975000,6.260817e-03
0.637500,0.975000,6.215467e-03
0.650000,0.975000,6.165220e-03
0.662500,0.975000,6.110077e-03
0.675000,0.975000,6.050037e-03
0.687500,0.975000,5.985101e-03
0.700000,0.975000,5.915269e-03
0.712500,0.975000,5.840541e-03
0.725000,0.975000,5.760894e-03
0.737500,0.975000,5.673882e-03
0.750000,0.975000,5.577841e-03
0.762500,0.975000,5.472771e-03
0.775000,0.975000,5.358673e-03
0.787500,0.975000,5.235545e-03
0.800000,0.975000,5.103388e-03
0.812500,0.975000,4.962202e-03
0.825000,0.975000,4.811987e-03
0.837500,0.975000,4.652743e-03
0.850000,0.975000,4.481626e-03
0.862500,0.975000,4.287068e-03
0.875000,0.975000,4.067837e-03
0.887500,0.975000,3.823931e-03
0.900000,0.975000,3.555352e-03
0.912500,0.975000,3.262099e-03
0.925000,0.975000,2.944172e-03
0.937500,0.975000,2.601571e-03
0.950000,0.975000,2.226498e-03
0.962500,0.975000,1.781714e-03
0.975000,0.975000,1.262370e-03
0.987500,0.975000,6.684652e-04
1.000000,0.975000,0.000000e+00
0.000000,0.987500,0.000000e+00
0.012500,0.987500,3.312258e-04
0.025000,0.987500,6.301278e-04
0.037500,0.987500,8.967060e-04
0.050000,0.987500,1.130960e-03
0.062500,0.987500,1.332891e-03
0.075000,0.987500,1.505222e-03
0.087500,0.987500,1.664407e-03
0.100000,0.987500,1.813209e-03
0.112500,0.987500,1.951626e-03
0.125000,0.987500,2.079658e-03
0.137500,0.987500,2.197307e-03
0.150000,0.987500,2.304571e-03
0.162500,0.987500,2.401451e-03
0.175000,0.987500,2.487946e-03
0.187500,0.987500,2.565865e-03
0.200000,0.987500,2.638911e-03
0.212500,0.987500,2.707194e-03
0.225000,0.987500,2.770714e-03
0.237500,0.987500,2.829472e-03
0.250000,0.987500,2.883468e-03
0.262500,0.987500,2.932700e-03
0.275000,0.987500,2.977170e-03
0.287500,0.987500,3.016878e-03
0.300000,0.987500,3.051822e-03
0.312500,0.987500,3.082399e-03
0.325000,0.987500,3.110329e-03
0.337500,0.987500,3.135812e-03
0.350000,0.987500,3.158848e-03
0.362500,0.987500,3.179437e-03
0.375000,0.987500,3.197580e-03
0.387500,0.987500,3.213275e-03
0.400000,0.987500,3.226524e-03
0.412500,0.987500,3.237364e-03
0.425000,0.987500,3.246934e-03
0.437500,0.987500,3.255770e-03
0.450000,0.987500,3.263870e-03
0.462500,0.987500,3.271234e-03
0.475000,0.987500,3.278034e-03
0.487500,0.987500,3.285582e-03
0.500000,0.987500,3.294125e-03
0.512500,0.987500,3.301799e-03
0.525000,0.987500,3.304940e-03
0.537500,0.987500,3.303915e-03
0.550000,0.987500,3.298930e-03
0.562500,0.987500,3.291233e-03
0.575000,0.987500,3.281031e-03
0.587500,0.987500,3.268325e-03
0.600000,0.987500,3.253116e-03
0.612500,0.987500,3.235402e-03
0.625000,0.987500,3.215186e-03
0.637500,0.987500,3.192481e-03
0.650000,0.987500,3.167288e-03
0.662500,0.987500,3.139609e-03
0.675000,0.987500,3.109442e-03
0.687500,0.987500,3.076788e-03
0.700000,0.987500,3.041647e-03
0.712500,0.987500,3.004019e-03
0.725000,0.987500,2.963893e-03
0.737500,0.987500,2.920038e-03
0.750000,0.987500,2.871615e-03
0.762500,0.987500,2.818627e-03
0.775000,0.987500,2.761071e-03
0.787500,0.987500,2.698949e-03
0.800000,0.987500,2.632260e-03
0.812500,0.987500,2.561004e-03
0.825000,0.987500,2.485182e-03
0.837500,0.987500,2.404793e-03
0.850000,0.987500,2.318337e-03
0.862500,0.987500,2.219708e-03
0.875000,0.987500,2.108256e-03
0.887500,0.987500,1.983980e-03
0.900000,0.987500,1.846881e-03
0.912500,0.987500,1.696959e-03
0.925000,0.987500,1.534213e-03
0.937500,0.987500,1.358644e-03
0.950000,0.987500,1.165913e-03
0.962500,0.987500,9.353020e-04
0.975000,0.987500,6.641128e-04
0.987500,0.987500,3.523454e-04
1.000000,0.987500,0.000000e+00
0.000000,1.000000,0.000000e+00
0.012500,1.000000,0.000000e+00
0.025000,1.000000,0.000000e+00
0.037500,1.000000,0.000000e+00
0.050000,1.000000,0.000000e+00
0.062500,1.000000,0.000000e+00
0.075000,1.000000,0.000000e+00
0.087500,1.000000,0.000000e+00
0.100000,1.000000,0.000000e+00
0.112500,1.000000,0.000000e+00
0.125000,1.000000,0.000000e+00
0.137500,1.000000,0.000000e+00
0.150000,1.000000,0.000000e+00
0.162500,1.000000,0.000000e+00
0.175000,1.000000,0.000000e+00
0.187500,1.000000,0.000000e+00
0.200000,1.000000,0.000000e+00
0.212500,1.000000,0.000000e+00
0.225000,1.000000,0.000000e+00
0.237500,1.000000,0.000000e+00
0.250000,1.000000,0.000000e+00
0.262500,1.000000,0.000000e+00
0.275000,1.000000,0.000000e+00
0.287500,1.000000,0.000000e+00
0.300000,1.000000,0.000000e+00
0.312500,1.000000,0.000000e+00
0.325000,1.000000,0.000000e+00
0.337500,1.000000,0.000000e+00
0.350000,1.000000,0.000000e+00
0.362500,1.000000,0.000000e+00
0.375000,1.000000,0.000000e+00
0.387500,1.000000,0.000000e+00
0.400000,1.000000,0.000000e+00
0.412500,1.000000,0.000000e+00
0.425000,1.000000,0.000000e+00
0.437500,1.000000,0.000000e+00
0.450000,1.000000,0.000000e+00
0.462500,1.000000,0.000000e+00
0.475000,1.000000,0.000000e+00
0.487500,1.000000,0.000000e+00
0.500000,1.000000,0.000000e+00
0.512500,1.000000,0.000000e+00
0.525000,1.000000,0.000000e+00
0.537500,1.000000,0.000000e+00
0.550000,1.000000,0.000000e+00
0.562500,1.000000,0.000000e+00
0.575000,1.000000,0.000000e+00
0.587500,1.000000,0.000000e+00
0.600000,1.000000,0.000000e+00
0.612500,1.000000,0.000000e+00
0.625000,1.000000,0.000000e+00
0.637500,1.000000,0.000000e+00
0.650000,1.000000,0.000000e+00
0.662500,1.000000,0.000000e+00
0.675000,1.000000,0.000000e+00
0.687500,1.000000,0.000000e+00
0.700000,1.000000,0.000000e+00
0.712500,1.000000,0.000000e+00
0.725000,1.000000,0.000000e+00
0.737500,1.000000,0.000000e+00
0.750000,1.000000,0.000000e+00
0.762500,1.000000,0.000000e+00
0.775000,1.000000,0.000000e+00
0.787500,1.000000,0.000000e+00
0.800000,1.000000,0.000000e+00
0.812500,1.000000,0.000000e+00
0.825000,1.000000,0.000000e+00
0.837500,1.000000,0.000000e+00
0.850000,1.000000,0.000000e+00
0.862500,1.000000,0.000000e+00
0.875000,1.000000,0.000000e+00
0.887500,1.000000,0.000000e+00
0.900000,1.000000,0.000000e+00
0.912500,1.000000,0.000000e+00
0.925000,1.000000,0.000000e+00
0.937500,1.000000,0.000000e+00
0.950000,1.000000,0.000000e+00
0.962500,1.000000,0.000000e+00
0.975000,1.000000,0.000000e+00
0.987500,1.000000,0.000000e+00
1.000000,1.000000,0.000000e+00
