x,y,z
0.000000,0.000000,0.000000e+00
0.012500,0.000000,0.000000e+00
0.025000,0.000000,0.000000e+00
0.037500,0.000000,0.000000e+00
0.050000,0.000000,0.000000e+00
0.062500,0.000000,0.000000e+00
0.075000,0.000000,0.000000e+00
0.087500,0.000000,0.000000e+00
0.100000,0.000000,0.000000e+00
0.112500,0.000000,0.000000e+00
0.125000,0.000000,0.000000e+00
0.137500,0.000000,0.000000e+00
0.150000,0.000000,0.000000e+00
0.162500,0.000000,0.000000e+00
0.175000,0.000000,0.000000e+00
0.187500,0.000000,0.000000e+00
0.200000,0.000000,0.000000e+00
0.212500,0.000000,0.000000e+00
0.225000,0.000000,0.000000e+00
0.237500,0.000000,0.000000e+00
0.250000,0.000000,0.000000e+00
0.262500,0.000000,0.000000e+00
0.275000,0.000000,0.000000e+00
0.287500,0.000000,0.000000e+00
0.300000,0.000000,0.000000e+00
0.312500,0.000000,0.000000e+00
0.325000,0.000000,0.000000e+00
0.337500,0.000000,0.000000e+00
0.350000,0.000000,0.000000e+00
0.362500,0.000000,0.000000e+00
0.375000,0.000000,0.000000e+00
0.387500,0.000000,0.000000e+00
0.400000,0.000000,0.000000e+00
0.412500,0.000000,0.000000e+00
0.425000,0.000000,0.000000e+00
0.437500,0.000000,0.000000e+00
0.450000,0.000000,0.000000e+00
0.462500,0.000000,0.000000e+00
0.475000,0.000000,0.000000e+00
0.487500,0.000000,0.000000e+00
0.500000,0.000000,0.000000e+00
0.512500,0.000000,0.000000e+00
0.525000,0.000000,0.000000e+00
0.537500,0.000000,0.000000e+00
0.550000,0.000000,0.000000e+00
0.562500,0.000000,0.000000e+00
0.575000,0.000000,0.000000e+00
0.587500,0.000000,0.000000e+00
0.600000,0.000000,0.000000e+00
0.612500,0.000000,0.000000e+00
0.625000,0.000000,0.000000e+00
0.637500,0.000000,0.000000e+00
0.650000,0.000000,0.000000e+00
0.662500,0.000000,0.000000e+00
0.675000,0.000000,0.000000e+00
0.687500,0.000000,0.000000e+00
0.700000,0.000000,0.000000e+00
0.712500,0.000000,0.000000e+00
0.725000,0.000000,0.000000e+00
0.737500,0.000000,0.000000e+00
0.750000,0.000000,0.000000e+00
0.762500,0.000000,0.000000e+00
0.775000,0.000000,0.000000e+00
0.787500,0.000000,0.000000e+00
0.800000,0.000000,0.000000e+00
0.812500,0.000000,0.000000e+00
0.825000,0.000000,0.000000e+00
0.837500,0.000000,0.000000e+00
0.850000,0.000000,0.000000e+00
0.862500,0.000000,0.000000e+00
0.875000,0.000000,0.000000e+00
0.887500,0.000000,0.000000e+00
0.900000,0.000000,0.000000e+00
0.912500,0.000000,0.000000e+00
0.925000,0.000000,0.000000e+00
0.937500,0.000000,0.000000e+00
0.950000,0.000000,0.000000e+00
0.962500,0.000000,0.000000e+00
0.975000,0.000000,0.000000e+00
0.987500,0.000000,0.000000e+00
1.000000,0.000000,0.000000e+00
0.000000,0.012500,0.000000e+00
0.012500,0.012500,3.284139e-03
0.025000,0.012500,6.025157e-03
0.037500,0.012500,8.223053e-03
0.050000,0.012500,9.995203e-03
0.062500,0.012500,1.158462e-02
0.075000,0.012500,1.299874e-02
0.087500,0.012500,1.423756e-02
0.100000,0.012500,1.530109e-02
0.112500,0.012500,1.622620e-02
0.125000,0.012500,1.705929e-02
0.137500,0.012500,1.780053e-02
0.150000,0.012500,1.844990e-02
0.162500,0.012500,1.900742e-02
0.175000,0.012500,1.947307e-02
0.187500,0.012500,1.984900e-02
0.200000,0.012500,2.015379e-02
0.212500,0.012500,2.039174e-02
0.225000,0.012500,2.056285e-02
0.237500,0.012500,2.066711e-02
0.250000,0.012500,2.070454e-02
0.262500,0.012500,2.067512e-02
0.275000,0.012500,2.057887e-02
0.287500,0.012500,2.041371e-02
0.300000,0.012500,2.017173e-02
0.312500,0.012500,1.985216e-02
0.325000,0.012500,1.945500e-02
0.337500,0.012500,1.898025e-02
0.350000,0.012500,1.842790e-02
0.362500,0.012500,1.779797e-02
0.375000,0.012500,1.709044e-02
0.387500,0.012500,1.627442e-02
0.400000,0.012500,1.531525e-02
0.412500,0.012500,1.421289e-02
0.425000,0.012500,1.296735e-02
0.437500,0.012500,1.157863e-02
0.450000,0.012500,1.004071e-02
0.462500,0.012500,8.193483e-03
0.475000,0.012500,5.965769e-03
0.487500,0.012500,3.350596e-03
0.500000,0.012500,0.000000e+00
0.512500,0.012500,0.000000e+00
0.525000,0.012500,0.000000e+00
0.537500,0.012500,0.000000e+00
0.550000,0.012500,0.000000e+00
0.562500,0.012500,0.000000e+00
0.575000,0.012500,0.000000e+00
0.587500,0.012500,0.000000e+00
0.600000,0.012500,0.000000e+00
0.612500,0.012500,0.000000e+00
0.625000,0.012500,0.000000e+00
0.637500,0.012500,0.000000e+00
0.650000,0.012500,0.000000e+00
0.662500,0.012500,0.000000e+00
0.675000,0.012500,0.000000e+00
0.687500,0.012500,0.000000e+00
0.700000,0.012500,0.000000e+00
0.712500,0.012500,0.000000e+00
0.725000,0.012500,0.000000e+00
0.737500,0.012500,0.000000e+00
0.750000,0.012500,0.000000e+00
0.762500,0.012500,0.000000e+00
0.775000,0.012500,0.000000e+00
0.787500,0.012500,0.000000e+00
0.800000,0.012500,0.000000e+00
0.812500,0.012500,0.000000e+00
0.825000,0.012500,0.000000e+00
0.837500,0.012500,0.000000e+00
0.850000,0.012500,0.000000e+00
0.862500,0.012500,0.000000e+00
0.875000,0.012500,0.000000e+00
0.887500,0.012500,0.000000e+00
0.900000,0.012500,0.000000e+00
0.912500,0.012500,0.000000e+00
0.925000,0.012500,0.000000e+00
0.937500,0.012500,0.000000e+00
0.950000,0.012500,0.000000e+00
0.962500,0.012500,0.000000e+00
0.975000,0.012500,0.000000e+00
0.987500,0.012500,0.000000e+00
1.000000,0.012500,0.000000e+00
0.000000,0.025000,0.000000e+00
0.012500,0.025000,6.025565e-03
0.025000,0.025000,1.113589e-02
0.037500,0.025000,1.533099e-02
0.050000,0.025000,1.879506e-02
0.062500,0.025000,2.190948e-02
0.075000,0.025000,2.468593e-02
0.087500,0.025000,2.712441e-02
0.100000,0.025000,2.922492e-02
0.112500,0.025000,3.105671e-02
0.125000,0.025000,3.270688e-02
0.137500,0.025000,3.417574e-02
0.150000,0.025000,3.546328e-02
0.162500,0.025000,3.656949e-02
0.175000,0.025000,3.749439e-02
0.187500,0.025000,3.824209e-02
0.200000,0.025000,3.884850e-02
0.212500,0.025000,3.932191e-02
0.225000,0.025000,3.966231e-02
0.237500,0.025000,3.986973e-02
0.250000,0.025000,3.994414e-02
0.262500,0.025000,3.988556e-02
0.275000,0.025000,3.969397e-02
0.287500,0.025000,3.936537e-02
0.300000,0.025000,3.888435e-02
0.312500,0.025000,3.824939e-02
0.325000,0.025000,3.746050e-02
0.337500,0.025000,3.651768e-02
0.350000,0.025000,3.542093e-02
0.362500,0.025000,3.417024e-02
0.375000,0.025000,3.276563e-02
0.387500,0.025000,3.114828e-02
0.400000,0.025000,2.925226e-02
0.412500,0.025000,2.707751e-02
0.425000,0.025000,2.462404e-02
0.437500,0.025000,2.189185e-02
0.450000,0.025000,1.887093e-02
0.462500,0.025000,1.529579e-02
0.475000,0.025000,1.104836e-02
0.487500,0.025000,6.118480e-03
0.500000,0.025000,0.000000e+00
0.512500,0.025000,0.000000e+00
0.525000,0.025000,0.000000e+00
0.537500,0.025000,0.000000e+00
0.550000,0.025000,0.000000e+00
0.562500,0.025000,0.000000e+00
0.575000,0.025000,0.000000e+00
0.587500,0.025000,0.000000e+00
0.600000,0.025000,0.000000e+00
0.612500,0.025000,0.000000e+00
0.625000,0.025000,0.000000e+00
0.637500,0.025000,0.000000e+00
0.650000,0.025000,0.000000e+00
0.662500,0.025000,0.000000e+00
0.675000,0.025000,0.000000e+00
0.687500,0.025000,0.000000e+00
0.700000,0.025000,0.000000e+00
0.712500,0.025000,0.000000e+00
0.725000,0.025000,0.000000e+00
0.737500,0.025000,0.000000e+00
0.750000,0.025000,0.000000e+00
0.762500,0.025000,0.000000e+00
0.775000,0.025000,0.000000e+00
0.787500,0.025000,0.000000e+00
0.800000,0.025000,0.000000e+00
0.812500,0.025000,0.000000e+00
0.825000,0.025000,0.000000e+00
0.837500,0.025000,0.000000e+00
0.850000,0.025000,0.000000e+00
0.862500,0.025000,0.000000e+00
0.875000,0.025000,0.000000e+00
0.887500,0.025000,0.000000e+00
0.900000,0.025000,0.000000e+00
0.912500,0.025000,0.000000e+00
0.925000,0.025000,0.000000e+00
0.937500,0.025000,0.000000e+00
0.950000,0.025000,0.000000e+00
0.962500,0.025000,0.000000e+00
0.975000,0.025000,0.000000e+00
0.987500,0.025000,0.000000e+00
1.000000,0.025000,0.000000e+00
0.000000,0.037500,0.000000e+00
0.012500,0.037500,8.224277e-03
0.025000,0.037500,1.533221e-02
0.037500,0.037500,2.132381e-02
0.050000,0.037500,2.639956e-02
0.062500,0.037500,3.097459e-02
0.075000,0.037500,3.506159e-02
0.087500,0.037500,3.866056e-02
0.100000,0.037500,4.177152e-02
0.112500,0.037500,4.449153e-02
0.125000,0.037500,4.694277e-02
0.137500,0.037500,4.912564e-02
0.150000,0.037500,5.104012e-02
0.162500,0.037500,5.268622e-02
0.175000,0.037500,5.406395e-02
0.187500,0.037500,5.517928e-02
0.200000,0.037500,5.608412e-02
0.212500,0.037500,5.679050e-02
0.225000,0.037500,5.729840e-02
0.237500,0.037500,5.760784e-02
0.250000,0.037500,5.771880e-02
0.262500,0.037500,5.763129e-02
0.275000,0.037500,5.734531e-02
0.287500,0.037500,5.685500e-02
0.300000,0.037500,5.613786e-02
0.312500,0.037500,5.519170e-02
0.325000,0.037500,5.401652e-02
0.337500,0.037500,5.261231e-02
0.350000,0.037500,5.097908e-02
0.362500,0.037500,4.911683e-02
0.375000,0.037500,4.702555e-02
0.387500,0.037500,4.462156e-02
0.400000,0.037500,4.181103e-02
0.412500,0.037500,3.859386e-02
0.425000,0.037500,3.497006e-02
0.437500,0.037500,3.093964e-02
0.450000,0.037500,2.649068e-02
0.462500,0.037500,2.130693e-02
0.475000,0.037500,1.524776e-02
0.487500,0.037500,8.303652e-03
0.500000,0.037500,0.000000e+00
0.512500,0.037500,0.000000e+00
0.525000,0.037500,0.000000e+00
0.537500,0.037500,0.000000e+00
0.550000,0.037500,0.000000e+00
0.562500,0.037500,0.000000e+00
0.575000,0.037500,0.000000e+00
0.587500,0.037500,0.000000e+00
0.600000,0.037500,0.000000e+00
0.612500,0.037500,0.000000e+00
0.625000,0.037500,0.000000e+00
0.637500,0.037500,0.000000e+00
0.650000,0.037500,0.000000e+00
0.662500,0.037500,0.000000e+00
0.675000,0.037500,0.000000e+00
0.687500,0.037500,0.000000e+00
0.700000,0.037500,0.000000e+00
0.712500,0.037500,0.000000e+00
0.725000,0.037500,0.000000e+00
0.737500,0.037500,0.000000e+00
0.750000,0.037500,0.000000e+00
0.762500,0.037500,0.000000e+00
0.775000,0.037500,0.000000e+00
0.787500,0.037500,0.000000e+00
0.800000,0.037500,0.000000e+00
0.812500,0.037500,0.000000e+00
0.825000,0.037500,0.000000e+00
0.837500,0.037500,0.000000e+00
0.850000,0.037500,0.000000e+00
0.862500,0.037500,0.000000e+00
0.875000,0.037500,0.000000e+00
0.887500,0.037500,0.000000e+00
0.900000,0.037500,0.000000e+00
0.912500,0.037500,0.000000e+00
0.925000,0.037500,0.000000e+00
0.937500,0.037500,0.000000e+00
0.950000,0.037500,0.000000e+00
0.962500,0.037500,0.000000e+00
0.975000,0.037500,0.000000e+00
0.987500,0.037500,0.000000e+00
1.000000,0.037500,0.000000e+00
0.000000,0.050000,0.000000e+00
0.012500,0.050000,1.001013e-02
0.025000,0.050000,1.881758e-02
0.037500,0.050000,2.642237e-02
0.050000,0.050000,3.300949e-02
0.062500,0.050000,3.896191e-02
0.075000,0.050000,4.429138e-02
0.087500,0.050000,4.899790e-02
0.100000,0.050000,5.308145e-02
0.112500,0.050000,5.666177e-02
0.125000,0.050000,5.988953e-02
0.137500,0.050000,6.276520e-02
0.150000,0.050000,6.528878e-02
0.162500,0.050000,6.746028e-02
0.175000,0.050000,6.927969e-02
0.187500,0.050000,7.075468e-02
0.200000,0.050000,7.195171e-02
0.212500,0.050000,7.288615e-02
0.225000,0.050000,7.355801e-02
0.237500,0.050000,7.396729e-02
0.250000,0.050000,7.411398e-02
0.262500,0.050000,7.399809e-02
0.275000,0.050000,7.361962e-02
0.287500,0.050000,7.297097e-02
0.300000,0.050000,7.202308e-02
0.312500,0.050000,7.077311e-02
0.325000,0.050000,6.922104e-02
0.337500,0.050000,6.736688e-02
0.350000,0.050000,6.521064e-02
0.362500,0.050000,6.275229e-02
0.375000,0.050000,5.999186e-02
0.387500,0.050000,5.682444e-02
0.400000,0.050000,5.313241e-02
0.412500,0.050000,4.891566e-02
0.425000,0.050000,4.417419e-02
0.437500,0.050000,3.890802e-02
0.450000,0.050000,3.310474e-02
0.462500,0.050000,2.643562e-02
0.475000,0.050000,1.875444e-02
0.487500,0.050000,1.005449e-02
0.500000,0.050000,0.000000e+00
0.512500,0.050000,0.000000e+00
0.525000,0.050000,0.000000e+00
0.537500,0.050000,0.000000e+00
0.550000,0.050000,0.000000e+00
0.562500,0.050000,0.000000e+00
0.575000,0.050000,0.000000e+00
0.587500,0.050000,0.000000e+00
0.600000,0.050000,0.000000e+00
0.612500,0.050000,0.000000e+00
0.625000,0.050000,0.000000e+00
0.637500,0.050000,0.000000e+00
0.650000,0.050000,0.000000e+00
0.662500,0.050000,0.000000e+00
0.675000,0.050000,0.000000e+00
0.687500,0.050000,0.000000e+00
0.700000,0.050000,0.000000e+00
0.712500,0.050000,0.000000e+00
0.725000,0.050000,0.000000e+00
0.737500,0.050000,0.000000e+00
0.750000,0.050000,0.000000e+00
0.762500,0.050000,0.000000e+00
0.775000,0.050000,0.000000e+00
0.787500,0.050000,0.000000e+00
0.800000,0.050000,0.000000e+00
0.812500,0.050000,0.000000e+00
0.825000,0.050000,0.000000e+00
0.837500,0.050000,0.000000e+00
0.850000,0.050000,0.000000e+00
0.862500,0.050000,0.000000e+00
0.875000,0.050000,0.000000e+00
0.887500,0.050000,0.000000e+00
0.900000,0.050000,0.000000e+00
0.912500,0.050000,0.000000e+00
0.925000,0.050000,0.000000e+00
0.937500,0.050000,0.000000e+00
0.950000,0.050000,0.000000e+00
0.962500,0.050000,0.000000e+00
0.975000,0.050000,0.000000e+00
0.987500,0.050000,0.000000e+00
1.000000,0.050000,0.000000e+00
0.000000,0.062500,0.000000e+00
0.012500,0.062500,1.160801e-02
0.025000,0.062500,2.194441e-02
0.037500,0.062500,3.100921e-02
0.050000,0.062500,3.897254e-02
0.062500,0.062500,4.618663e-02
0.075000,0.062500,5.266228e-02
0.087500,0.062500,5.839947e-02
0.100000,0.062500,6.339822e-02
0.112500,0.062500,6.779450e-02
0.125000,0.062500,7.175943e-02
0.137500,0.062500,7.529358e-02
0.150000,0.062500,7.839693e-02
0.162500,0.062500,8.106948e-02
0.175000,0.062500,8.331124e-02
0.187500,0.062500,8.513133e-02
0.200000,0.062500,8.660894e-02
0.212500,0.062500,8.776237e-02
0.225000,0.062500,8.859165e-02
0.237500,0.062500,8.909675e-02
0.250000,0.062500,8.927770e-02
0.262500,0.062500,8.913447e-02
0.275000,0.062500,8.866708e-02
0.287500,0.062500,8.786637e-02
0.300000,0.062500,8.669731e-02
0.312500,0.062500,8.515646e-02
0.325000,0.062500,8.324381e-02
0.337500,0.062500,8.095936e-02
0.350000,0.062500,7.830312e-02
0.362500,0.062500,7.527509e-02
0.375000,0.062500,7.187526e-02
0.387500,0.062500,6.798235e-02
0.400000,0.062500,6.346035e-02
0.412500,0.062500,5.830915e-02
0.425000,0.062500,5.252874e-02
0.437500,0.062500,4.611913e-02
0.450000,0.062500,3.906784e-02
0.462500,0.062500,3.104336e-02
0.475000,0.062500,2.189829e-02
0.487500,0.062500,1.162796e-02
0.500000,0.062500,0.000000e+00
0.512500,0.062500,0.000000e+00
0.525000,0.062500,0.000000e+00
0.537500,0.062500,0.000000e+00
0.550000,0.062500,0.000000e+00
0.562500,0.062500,0.000000e+00
0.575000,0.062500,0.000000e+00
0.587500,0.062500,0.000000e+00
0.600000,0.062500,0.000000e+00
0.612500,0.062500,0.000000e+00
0.625000,0.062500,0.000000e+00
0.637500,0.062500,0.000000e+00
0.650000,0.062500,0.000000e+00
0.662500,0.062500,0.000000e+00
0.675000,0.062500,0.000000e+00
0.687500,0.062500,0.000000e+00
0.700000,0.062500,0.000000e+00
0.712500,0.062500,0.000000e+00
0.725000,0.062500,0.000000e+00
0.737500,0.062500,0.000000e+00
0.750000,0.062500,0.000000e+00
0.762500,0.062500,0.000000e+00
0.775000,0.062500,0.000000e+00
0.787500,0.062500,0.000000e+00
0.800000,0.062500,0.000000e+00
0.812500,0.062500,0.000000e+00
0.825000,0.062500,0.000000e+00
0.837500,0.062500,0.000000e+00
0.850000,0.062500,0.000000e+00
0.862500,0.062500,0.000000e+00
0.875000,0.062500,0.000000e+00
0.887500,0.062500,0.000000e+00
0.900000,0.062500,0.000000e+00
0.912500,0.062500,0.000000e+00
0.925000,0.062500,0.000000e+00
0.937500,0.062500,0.000000e+00
0.950000,0.062500,0.000000e+00
0.962500,0.062500,0.000000e+00
0.975000,0.062500,0.000000e+00
0.987500,0.062500,0.000000e+00
1.000000,0.062500,0.000000e+00
0.000000,0.075000,0.000000e+00
0.012500,0.075000,1.302192e-02
0.025000,0.075000,2.471895e-02
0.037500,0.075000,3.509111e-02
0.050000,0.075000,4.429490e-02
0.062500,0.075000,5.265434e-02
0.075000,0.075000,6.017936e-02
0.087500,0.075000,6.686996e-02
0.100000,0.075000,7.272614e-02
0.112500,0.075000,7.789373e-02
0.125000,0.075000,8.255626e-02
0.137500,0.075000,8.671431e-02
0.150000,0.075000,9.036788e-02
0.162500,0.075000,9.351698e-02
0.175000,0.075000,9.616159e-02
0.187500,0.075000,9.831212e-02
0.200000,0.075000,1.000586e-01
0.212500,0.075000,1.014219e-01
0.225000,0.075000,1.024020e-01
0.237500,0.075000,1.029989e-01
0.250000,0.075000,1.032126e-01
0.262500,0.075000,1.030431e-01
0.275000,0.075000,1.024904e-01
0.287500,0.075000,1.015439e-01
0.300000,0.075000,1.001633e-01
0.312500,0.075000,9.834464e-02
0.325000,0.075000,9.608783e-02
0.337500,0.075000,9.339291e-02
0.350000,0.075000,9.025988e-02
0.362500,0.075000,8.668873e-02
0.375000,0.075000,8.267948e-02
0.387500,0.075000,7.809929e-02
0.400000,0.075000,7.279918e-02
0.412500,0.075000,6.677905e-02
0.425000,0.075000,6.003889e-02
0.437500,0.075000,5.257870e-02
0.450000,0.075000,4.438625e-02
0.462500,0.075000,3.513657e-02
0.475000,0.075000,2.468515e-02
0.487500,0.075000,1.302864e-02
0.500000,0.075000,0.000000e+00
0.512500,0.075000,0.000000e+00
0.525000,0.075000,0.000000e+00
0.537500,0.075000,0.000000e+00
0.550000,0.075000,0.000000e+00
0.562500,0.075000,0.000000e+00
0.575000,0.075000,0.000000e+00
0.587500,0.075000,0.000000e+00
0.600000,0.075000,0.000000e+00
0.612500,0.075000,0.000000e+00
0.625000,0.075000,0.000000e+00
0.637500,0.075000,0.000000e+00
0.650000,0.075000,0.000000e+00
0.662500,0.075000,0.000000e+00
0.675000,0.075000,0.000000e+00
0.687500,0.075000,0.000000e+00
0.700000,0.075000,0.000000e+00
0.712500,0.075000,0.000000e+00
0.725000,0.075000,0.000000e+00
0.737500,0.075000,0.000000e+00
0.750000,0.075000,0.000000e+00
0.762500,0.075000,0.000000e+00
0.775000,0.075000,0.000000e+00
0.787500,0.075000,0.000000e+00
0.800000,0.075000,0.000000e+00
0.812500,0.075000,0.000000e+00
0.825000,0.075000,0.000000e+00
0.837500,0.075000,0.000000e+00
0.850000,0.075000,0.000000e+00
0.862500,0.075000,0.000000e+00
0.875000,0.075000,0.000000e+00
0.887500,0.075000,0.000000e+00
0.900000,0.075000,0.000000e+00
0.912500,0.075000,0.000000e+00
0.925000,0.075000,0.000000e+00
0.937500,0.075000,0.000000e+00
0.950000,0.075000,0.000000e+00
0.962500,0.075000,0.000000e+00
0.975000,0.075000,0.000000e+00
0.987500,0.075000,0.000000e+00
1.000000,0.075000,0.000000e+00
0.000000,0.087500,0.000000e+00
0.012500,0.087500,1.425185e-02
0.025000,0.087500,2.714120e-02
0.037500,0.087500,3.866807e-02
0.050000,0.087500,4.897656e-02
0.062500,0.087500,5.836504e-02
0.075000,0.087500,6.684264e-02
0.087500,0.087500,7.440936e-02
0.100000,0.087500,8.106521e-02
0.112500,0.087500,8.695947e-02
0.125000,0.087500,9.228000e-02
0.137500,0.087500,9.702739e-02
0.150000,0.087500,1.012016e-01
0.162500,0.087500,1.048028e-01
0.175000,0.087500,1.078308e-01
0.187500,0.087500,1.102970e-01
0.200000,0.087500,1.123007e-01
0.212500,0.087500,1.138647e-01
0.225000,0.087500,1.149890e-01
0.237500,0.087500,1.156737e-01
0.250000,0.087500,1.159186e-01
0.262500,0.087500,1.157239e-01
0.275000,0.087500,1.150895e-01
0.287500,0.087500,1.140036e-01
0.300000,0.087500,1.124212e-01
0.312500,0.087500,1.103377e-01
0.325000,0.087500,1.077531e-01
0.337500,0.087500,1.046675e-01
0.350000,0.087500,1.010809e-01
0.362500,0.087500,9.699323e-02
0.375000,0.087500,9.240453e-02
0.387500,0.087500,8.717525e-02
0.400000,0.087500,8.114890e-02
0.412500,0.087500,7.432537e-02
0.425000,0.087500,6.670464e-02
0.437500,0.087500,5.828673e-02
0.450000,0.087500,4.905998e-02
0.462500,0.087500,3.871524e-02
0.475000,0.087500,2.711502e-02
0.487500,0.087500,1.425652e-02
0.500000,0.087500,0.000000e+00
0.512500,0.087500,0.000000e+00
0.525000,0.087500,0.000000e+00
0.537500,0.087500,0.000000e+00
0.550000,0.087500,0.000000e+00
0.562500,0.087500,0.000000e+00
0.575000,0.087500,0.000000e+00
0.587500,0.087500,0.000000e+00
0.600000,0.087500,0.000000e+00
0.612500,0.087500,0.000000e+00
0.625000,0.087500,0.000000e+00
0.637500,0.087500,0.000000e+00
0.650000,0.087500,0.000000e+00
0.662500,0.087500,0.000000e+00
0.675000,0.087500,0.000000e+00
0.687500,0.087500,0.000000e+00
0.700000,0.087500,0.000000e+00
0.712500,0.087500,0.000000e+00
0.725000,0.087500,0.000000e+00
0.737500,0.087500,0.000000e+00
0.750000,0.087500,0.000000e+00
0.762500,0.087500,0.000000e+00
0.775000,0.087500,0.000000e+00
0.787500,0.087500,0.000000e+00
0.800000,0.087500,0.000000e+00
0.812500,0.087500,0.000000e+00
0.825000,0.087500,0.000000e+00
0.837500,0.087500,0.000000e+00
0.850000,0.087500,0.000000e+00
0.862500,0.087500,0.000000e+00
0.875000,0.087500,0.000000e+00
0.887500,0.087500,0.000000e+00
0.900000,0.087500,0.000000e+00
0.912500,0.087500,0.000000e+00
0.925000,0.087500,0.000000e+00
0.937500,0.087500,0.000000e+00
0.950000,0.087500,0.000000e+00
0.962500,0.087500,0.000000e+00
0.975000,0.087500,0.000000e+00
0.987500,0.087500,0.000000e+00
1.000000,0.087500,0.000000e+00
0.000000,0.100000,0.000000e+00
0.012500,0.100000,1.532200e-02
0.025000,0.100000,2.925603e-02
0.037500,0.100000,4.180211e-02
0.050000,0.100000,5.309311e-02
0.062500,0.100000,6.340418e-02
0.075000,0.100000,7.274372e-02
0.087500,0.100000,8.111176e-02
0.100000,0.100000,8.850827e-02
0.112500,0.100000,9.508135e-02
0.125000,0.100000,1.010173e-01
0.137500,0.100000,1.063167e-01
0.150000,0.100000,1.109796e-01
0.162500,0.100000,1.150060e-01
0.175000,0.100000,1.183959e-01
0.187500,0.100000,1.211615e-01
0.200000,0.100000,1.234092e-01
0.212500,0.100000,1.251636e-01
0.225000,0.100000,1.264247e-01
0.237500,0.100000,1.271925e-01
0.250000,0.100000,1.274670e-01
0.262500,0.100000,1.272482e-01
0.275000,0.100000,1.265361e-01
0.287500,0.100000,1.253178e-01
0.300000,0.100000,1.235443e-01
0.312500,0.100000,1.212105e-01
0.325000,0.100000,1.183165e-01
0.337500,0.100000,1.148624e-01
0.350000,0.100000,1.108481e-01
0.362500,0.100000,1.062736e-01
0.375000,0.100000,1.011390e-01
0.387500,0.100000,9.530164e-02
0.400000,0.100000,8.860190e-02
0.412500,0.100000,8.103960e-02
0.425000,0.100000,7.261474e-02
0.437500,0.100000,6.332733e-02
0.450000,0.100000,5.316652e-02
0.462500,0.100000,4.184476e-02
0.475000,0.100000,2.923414e-02
0.487500,0.100000,1.533190e-02
0.500000,0.100000,0.000000e+00
0.512500,0.100000,0.000000e+00
0.525000,0.100000,0.000000e+00
0.537500,0.100000,0.000000e+00
0.550000,0.100000,0.000000e+00
0.562500,0.100000,0.000000e+00
0.575000,0.100000,0.000000e+00
0.587500,0.100000,0.000000e+00
0.600000,0.100000,0.000000e+00
0.612500,0.100000,0.000000e+00
0.625000,0.100000,0.000000e+00
0.637500,0.100000,0.000000e+00
0.650000,0.100000,0.000000e+00
0.662500,0.100000,0.000000e+00
0.675000,0.100000,0.000000e+00
0.687500,0.100000,0.000000e+00
0.700000,0.100000,0.000000e+00
0.712500,0.100000,0.000000e+00
0.725000,0.100000,0.000000e+00
0.737500,0.100000,0.000000e+00
0.750000,0.100000,0.000000e+00
0.762500,0.100000,0.000000e+00
0.775000,0.100000,0.000000e+00
0.787500,0.100000,0.000000e+00
0.800000,0.100000,0.000000e+00
0.812500,0.100000,0.000000e+00
0.825000,0.100000,0.000000e+00
0.837500,0.100000,0.000000e+00
0.850000,0.100000,0.000000e+00
0.862500,0.100000,0.000000e+00
0.875000,0.100000,0.000000e+00
0.887500,0.100000,0.000000e+00
0.900000,0.100000,0.000000e+00
0.912500,0.100000,0.000000e+00
0.925000,0.100000,0.000000e+00
0.937500,0.100000,0.000000e+00
0.950000,0.100000,0.000000e+00
0.962500,0.100000,0.000000e+00
0.975000,0.100000,0.000000e+00
0.987500,0.100000,0.000000e+00
1.000000,0.100000,0.000000e+00
0.000000,0.112500,0.000000e+00
0.012500,0.112500,1.628586e-02
0.025000,0.112500,3.116264e-02
0.037500,0.112500,4.463033e-02
0.050000,0.112500,5.681165e-02
0.062500,0.112500,6.796066e-02
0.075000,0.112500,7.808514e-02
0.087500,0.112500,8.718509e-02
0.100000,0.112500,9.526051e-02
0.112500,0.112500,1.024575e-01
0.125000,0.112500,1.089597e-01
0.137500,0.112500,1.147678e-01
0.150000,0.112500,1.198818e-01
0.162500,0.112500,1.243017e-01
0.175000,0.112500,1.280275e-01
0.187500,0.112500,1.310721e-01
0.200000,0.112500,1.335474e-01
0.212500,0.112500,1.354794e-01
0.225000,0.112500,1.368679e-01
0.237500,0.112500,1.377131e-01
0.250000,0.112500,1.380150e-01
0.262500,0.112500,1.377734e-01
0.275000,0.112500,1.369885e-01
0.287500,0.112500,1.356465e-01
0.300000,0.112500,1.336950e-01
0.312500,0.112500,1.311289e-01
0.325000,0.112500,1.279481e-01
0.337500,0.112500,1.241527e-01
0.350000,0.112500,1.197426e-01
0.362500,0.112500,1.147179e-01
0.375000,0.112500,1.090785e-01
0.387500,0.112500,1.026805e-01
0.400000,0.112500,9.536240e-02
0.412500,0.112500,8.712401e-02
0.425000,0.112500,7.796535e-02
0.437500,0.112500,6.788643e-02
0.450000,0.112500,5.687716e-02
0.462500,0.112500,4.466962e-02
0.475000,0.112500,3.114467e-02
0.487500,0.112500,1.629961e-02
0.500000,0.112500,0.000000e+00
0.512500,0.112500,0.000000e+00
0.525000,0.112500,0.000000e+00
0.537500,0.112500,0.000000e+00
0.550000,0.112500,0.000000e+00
0.562500,0.112500,0.000000e+00
0.575000,0.112500,0.000000e+00
0.587500,0.112500,0.000000e+00
0.600000,0.112500,0.000000e+00
0.612500,0.112500,0.000000e+00
0.625000,0.112500,0.000000e+00
0.637500,0.112500,0.000000e+00
0.650000,0.112500,0.000000e+00
0.662500,0.112500,0.000000e+00
0.675000,0.112500,0.000000e+00
0.687500,0.112500,0.000000e+00
0.700000,0.112500,0.000000e+00
0.712500,0.112500,0.000000e+00
0.725000,0.112500,0.000000e+00
0.737500,0.112500,0.000000e+00
0.750000,0.112500,0.000000e+00
0.762500,0.112500,0.000000e+00
0.775000,0.112500,0.000000e+00
0.787500,0.112500,0.000000e+00
0.800000,0.112500,0.000000e+00
0.812500,0.112500,0.000000e+00
0.825000,0.112500,0.000000e+00
0.837500,0.112500,0.000000e+00
0.850000,0.112500,0.000000e+00
0.862500,0.112500,0.000000e+00
0.875000,0.112500,0.000000e+00
0.887500,0.112500,0.000000e+00
0.900000,0.112500,0.000000e+00
0.912500,0.112500,0.000000e+00
0.925000,0.112500,0.000000e+00
0.937500,0.112500,0.000000e+00
0.950000,0.112500,0.000000e+00
0.962500,0.112500,0.000000e+00
0.975000,0.112500,0.000000e+00
0.987500,0.112500,0.000000e+00
1.000000,0.112500,0.000000e+00
0.000000,0.125000,0.000000e+00
0.012500,0.125000,1.714536e-02
0.025000,0.125000,3.286459e-02
0.037500,0.125000,4.715768e-02
0.050000,0.125000,6.013821e-02
0.062500,0.125000,7.204132e-02
0.075000,0.125000,8.287421e-02
0.087500,0.125000,9.263689e-02
0.100000,0.125000,1.013293e-01
0.112500,0.125000,1.090949e-01
0.125000,0.125000,1.161141e-01
0.137500,0.125000,1.223874e-01
0.150000,0.125000,1.279147e-01
0.162500,0.125000,1.326962e-01
0.175000,0.125000,1.367319e-01
0.187500,0.125000,1.400349e-01
0.200000,0.125000,1.427214e-01
0.212500,0.125000,1.448179e-01
0.225000,0.125000,1.463245e-01
0.237500,0.125000,1.472413e-01
0.250000,0.125000,1.475682e-01
0.262500,0.125000,1.473053e-01
0.275000,0.125000,1.464524e-01
0.287500,0.125000,1.449954e-01
0.300000,0.125000,1.428793e-01
0.312500,0.125000,1.400988e-01
0.325000,0.125000,1.366539e-01
0.337500,0.125000,1.325447e-01
0.350000,0.125000,1.277710e-01
0.362500,0.125000,1.223329e-01
0.375000,0.125000,1.162303e-01
0.387500,0.125000,1.093192e-01
0.400000,0.125000,1.014378e-01
0.412500,0.125000,9.258589e-02
0.425000,0.125000,8.276355e-02
0.437500,0.125000,7.197075e-02
0.450000,0.125000,6.019807e-02
0.462500,0.125000,4.719505e-02
0.475000,0.125000,3.285031e-02
0.487500,0.125000,1.716129e-02
0.500000,0.125000,0.000000e+00
0.512500,0.125000,0.000000e+00
0.525000,0.125000,0.000000e+00
0.537500,0.125000,0.000000e+00
0.550000,0.125000,0.000000e+00
0.562500,0.125000,0.000000e+00
0.575000,0.125000,0.000000e+00
0.587500,0.125000,0.000000e+00
0.600000,0.125000,0.000000e+00
0.612500,0.125000,0.000000e+00
0.625000,0.125000,0.000000e+00
0.637500,0.125000,0.000000e+00
0.650000,0.125000,0.000000e+00
0.662500,0.125000,0.000000e+00
0.675000,0.125000,0.000000e+00
0.687500,0.125000,0.000000e+00
0.700000,0.125000,0.000000e+00
0.712500,0.125000,0.000000e+00
0.725000,0.125000,0.000000e+00
0.737500,0.125000,0.000000e+00
0.750000,0.125000,0.000000e+00
0.762500,0.125000,0.000000e+00
0.775000,0.125000,0.000000e+00
0.787500,0.125000,0.000000e+00
0.800000,0.125000,0.000000e+00
0.812500,0.125000,0.000000e+00
0.825000,0.125000,0.000000e+00
0.837500,0.125000,0.000000e+00
0.850000,0.125000,0.000000e+00
0.862500,0.125000,0.000000e+00
0.875000,0.125000,0.000000e+00
0.887500,0.125000,0.000000e+00
0.900000,0.125000,0.000000e+00
0.912500,0.125000,0.000000e+00
0.925000,0.125000,0.000000e+00
0.937500,0.125000,0.000000e+00
0.950000,0.125000,0.000000e+00
0.962500,0.125000,0.000000e+00
0.975000,0.125000,0.000000e+00
0.987500,0.125000,0.000000e+00
1.000000,0.125000,0.000000e+00
0.000000,0.137500,0.000000e+00
0.012500,0.137500,1.790051e-02
0.025000,0.137500,3.436190e-02
0.037500,0.137500,4.938416e-02
0.050000,0.137500,6.307279e-02
0.062500,0.137500,7.564615e-02
0.075000,0.137500,8.711093e-02
0.087500,0.137500,9.746714e-02
0.100000,0.137500,1.067148e-01
0.112500,0.137500,1.149938e-01
0.125000,0.137500,1.224805e-01
0.137500,0.137500,1.291753e-01
0.150000,0.137500,1.350783e-01
0.162500,0.137500,1.401895e-01
0.175000,0.137500,1.445088e-01
0.187500,0.137500,1.480500e-01
0.200000,0.137500,1.509309e-01
0.212500,0.137500,1.531791e-01
0.225000,0.137500,1.547945e-01
0.237500,0.137500,1.557770e-01
0.250000,0.137500,1.561268e-01
0.262500,0.137500,1.558437e-01
0.275000,0.137500,1.549279e-01
0.287500,0.137500,1.533644e-01
0.300000,0.137500,1.510971e-01
0.312500,0.137500,1.481203e-01
0.325000,0.137500,1.444341e-01
0.337500,0.137500,1.400383e-01
0.350000,0.137500,1.349331e-01
0.362500,0.137500,1.291185e-01
0.375000,0.137500,1.225944e-01
0.387500,0.137500,1.152177e-01
0.400000,0.137500,1.068281e-01
0.412500,0.137500,9.742526e-02
0.425000,0.137500,8.700934e-02
0.437500,0.137500,7.558029e-02
0.450000,0.137500,6.312926e-02
0.462500,0.137500,4.942104e-02
0.475000,0.137500,3.435106e-02
0.487500,0.137500,1.791692e-02
0.500000,0.137500,0.000000e+00
0.512500,0.137500,0.000000e+00
0.525000,0.137500,0.000000e+00
0.537500,0.137500,0.000000e+00
0.550000,0.137500,0.000000e+00
0.562500,0.137500,0.000000e+00
0.575000,0.137500,0.000000e+00
0.587500,0.137500,0.000000e+00
0.600000,0.137500,0.000000e+00
0.612500,0.137500,0.000000e+00
0.625000,0.137500,0.000000e+00
0.637500,0.137500,0.000000e+00
0.650000,0.137500,0.000000e+00
0.662500,0.137500,0.000000e+00
0.675000,0.137500,0.000000e+00
0.687500,0.137500,0.000000e+00
0.700000,0.137500,0.000000e+00
0.712500,0.137500,0.000000e+00
0.725000,0.137500,0.000000e+00
0.737500,0.137500,0.000000e+00
0.750000,0.137500,0.000000e+00
0.762500,0.137500,0.000000e+00
0.775000,0.137500,0.000000e+00
0.787500,0.137500,0.000000e+00
0.800000,0.137500,0.000000e+00
0.812500,0.137500,0.000000e+00
0.825000,0.137500,0.000000e+00
0.837500,0.137500,0.000000e+00
0.850000,0.137500,0.000000e+00
0.862500,0.137500,0.000000e+00
0.875000,0.137500,0.000000e+00
0.887500,0.137500,0.000000e+00
0.900000,0.137500,0.000000e+00
0.912500,0.137500,0.000000e+00
0.925000,0.137500,0.000000e+00
0.937500,0.137500,0.000000e+00
0.950000,0.137500,0.000000e+00
0.962500,0.137500,0.000000e+00
0.975000,0.137500,0.000000e+00
0.987500,0.137500,0.000000e+00
1.000000,0.137500,0.000000e+00
0.000000,0.150000,0.000000e+00
0.012500,0.150000,1.855143e-02
0.025000,0.150000,3.565481e-02
0.037500,0.150000,5.131015e-02
0.050000,0.150000,6.561586e-02
0.062500,0.150000,7.877570e-02
0.075000,0.150000,9.079593e-02
0.087500,0.150000,1.016765e-01
0.100000,0.150000,1.114175e-01
0.112500,0.150000,1.201549e-01
0.125000,0.150000,1.280597e-01
0.137500,0.150000,1.351325e-01
0.150000,0.150000,1.413734e-01
0.162500,0.150000,1.467824e-01
0.175000,0.150000,1.513593e-01
0.187500,0.150000,1.551180e-01
0.200000,0.150000,1.581770e-01
0.212500,0.150000,1.605639e-01
0.225000,0.150000,1.622786e-01
0.237500,0.150000,1.633211e-01
0.250000,0.150000,1.636914e-01
0.262500,0.150000,1.633896e-01
0.275000,0.150000,1.624156e-01
0.287500,0.150000,1.607545e-01
0.300000,0.150000,1.583493e-01
0.312500,0.150000,1.551942e-01
0.325000,0.150000,1.512892e-01
0.337500,0.150000,1.466345e-01
0.350000,0.150000,1.412300e-01
0.362500,0.150000,1.350756e-01
0.375000,0.150000,1.281714e-01
0.387500,0.150000,1.203768e-01
0.400000,0.150000,1.115339e-01
0.412500,0.150000,1.016428e-01
0.425000,0.150000,9.070336e-02
0.437500,0.150000,7.871561e-02
0.450000,0.150000,6.567119e-02
0.462500,0.150000,5.134798e-02
0.475000,0.150000,3.564718e-02
0.487500,0.150000,1.856666e-02
0.500000,0.150000,0.000000e+00
0.512500,0.150000,0.000000e+00
0.525000,0.150000,0.000000e+00
0.537500,0.150000,0.000000e+00
0.550000,0.150000,0.000000e+00
0.562500,0.150000,0.000000e+00
0.575000,0.150000,0.000000e+00
0.587500,0.150000,0.000000e+00
0.600000,0.150000,0.000000e+00
0.612500,0.150000,0.000000e+00
0.625000,0.150000,0.000000e+00
0.637500,0.150000,0.000000e+00
0.650000,0.150000,0.000000e+00
0.662500,0.150000,0.000000e+00
0.675000,0.150000,0.000000e+00
0.687500,0.150000,0.000000e+00
0.700000,0.150000,0.000000e+00
0.712500,0.150000,0.000000e+00
0.725000,0.150000,0.000000e+00
0.737500,0.150000,0.000000e+00
0.750000,0.150000,0.000000e+00
0.762500,0.150000,0.000000e+00
0.775000,0.150000,0.000000e+00
0.787500,0.150000,0.000000e+00
0.800000,0.150000,0.000000e+00
0.812500,0.150000,0.000000e+00
0.825000,0.150000,0.000000e+00
0.837500,0.150000,0.000000e+00
0.850000,0.150000,0.000000e+00
0.862500,0.150000,0.000000e+00
0.875000,0.150000,0.000000e+00
0.887500,0.150000,0.000000e+00
0.900000,0.150000,0.000000e+00
0.912500,0.150000,0.000000e+00
0.925000,0.150000,0.000000e+00
0.937500,0.150000,0.000000e+00
0.950000,0.150000,0.000000e+00
0.962500,0.150000,0.000000e+00
0.975000,0.150000,0.000000e+00
0.987500,0.150000,0.000000e+00
1.000000,0.150000,0.000000e+00
0.000000,0.162500,0.000000e+00
0.012500,0.162500,1.911923e-02
0.025000,0.162500,3.678362e-02
0.037500,0.162500,5.299316e-02
0.050000,0.162500,6.784014e-02
0.062500,0.162500,8.151565e-02
0.075000,0.162500,9.402554e-02
0.087500,0.162500,1.053698e-01
0.100000,0.162500,1.155485e-01
0.112500,0.162500,1.246934e-01
0.125000,0.162500,1.329706e-01
0.137500,0.162500,1.403806e-01
0.150000,0.162500,1.469233e-01
0.162500,0.162500,1.525989e-01
0.175000,0.162500,1.574072e-01
0.187500,0.162500,1.613620e-01
0.200000,0.162500,1.645817e-01
0.212500,0.162500,1.670936e-01
0.225000,0.162500,1.688979e-01
0.237500,0.162500,1.699944e-01
0.250000,0.162500,1.703833e-01
0.262500,0.162500,1.700644e-01
0.275000,0.162500,1.690378e-01
0.287500,0.162500,1.672885e-01
0.300000,0.162500,1.647591e-01
0.312500,0.162500,1.614439e-01
0.325000,0.162500,1.573429e-01
0.337500,0.162500,1.524562e-01
0.350000,0.162500,1.467836e-01
0.362500,0.162500,1.403253e-01
0.375000,0.162500,1.330812e-01
0.387500,0.162500,1.249136e-01
0.400000,0.162500,1.156679e-01
0.412500,0.162500,1.053441e-01
0.425000,0.162500,9.394213e-02
0.437500,0.162500,8.146201e-02
0.450000,0.162500,6.789580e-02
0.462500,0.162500,5.303273e-02
0.475000,0.162500,3.677906e-02
0.487500,0.162500,1.913291e-02
0.500000,0.162500,0.000000e+00
0.512500,0.162500,0.000000e+00
0.525000,0.162500,0.000000e+00
0.537500,0.162500,0.000000e+00
0.550000,0.162500,0.000000e+00
0.562500,0.162500,0.000000e+00
0.575000,0.162500,0.000000e+00
0.587500,0.162500,0.000000e+00
0.600000,0.162500,0.000000e+00
0.612500,0.162500,0.000000e+00
0.625000,0.162500,0.000000e+00
0.637500,0.162500,0.000000e+00
0.650000,0.162500,0.000000e+00
0.662500,0.162500,0.000000e+00
0.675000,0.162500,0.000000e+00
0.687500,0.162500,0.000000e+00
0.700000,0.162500,0.000000e+00
0.712500,0.162500,0.000000e+00
0.725000,0.162500,0.000000e+00
0.737500,0.162500,0.000000e+00
0.750000,0.162500,0.000000e+00
0.762500,0.162500,0.000000e+00
0.775000,0.162500,0.000000e+00
0.787500,0.162500,0.000000e+00
0.800000,0.162500,0.000000e+00
0.812500,0.162500,0.000000e+00
0.825000,0.162500,0.000000e+00
0.837500,0.162500,0.000000e+00
0.850000,0.162500,0.000000e+00
0.862500,0.162500,0.000000e+00
0.875000,0.162500,0.000000e+00
0.887500,0.162500,0.000000e+00
0.900000,0.162500,0.000000e+00
0.912500,0.162500,0.000000e+00
0.925000,0.162500,0.000000e+00
0.937500,0.162500,0.000000e+00
0.950000,0.162500,0.000000e+00
0.962500,0.162500,0.000000e+00
0.975000,0.162500,0.000000e+00
0.987500,0.162500,0.000000e+00
1.000000,0.162500,0.000000e+00
0.000000,0.175000,0.000000e+00
0.012500,0.175000,1.961912e-02
0.025000,0.175000,3.777732e-02
0.037500,0.175000,5.447462e-02
0.050000,0.175000,6.979803e-02
0.062500,0.175000,8.392771e-02
0.075000,0.175000,9.686920e-02
0.087500,0.175000,1.086225e-01
0.100000,0.175000,1.191876e-01
0.112500,0.175000,1.286926e-01
0.125000,0.175000,1.372989e-01
0.137500,0.175000,1.450070e-01
0.150000,0.175000,1.518169e-01
0.162500,0.175000,1.577285e-01
0.175000,0.175000,1.627419e-01
0.187500,0.175000,1.668707e-01
0.200000,0.175000,1.702330e-01
0.212500,0.175000,1.728560e-01
0.225000,0.175000,1.747397e-01
0.237500,0.175000,1.758842e-01
0.250000,0.175000,1.762895e-01
0.262500,0.175000,1.759556e-01
0.275000,0.175000,1.748824e-01
0.287500,0.175000,1.730549e-01
0.300000,0.175000,1.704155e-01
0.312500,0.175000,1.669585e-01
0.325000,0.175000,1.626840e-01
0.337500,0.175000,1.575919e-01
0.350000,0.175000,1.516822e-01
0.362500,0.175000,1.449549e-01
0.375000,0.175000,1.374101e-01
0.387500,0.175000,1.289126e-01
0.400000,0.175000,1.193111e-01
0.412500,0.175000,1.086053e-01
0.425000,0.175000,9.679523e-02
0.437500,0.175000,8.388097e-02
0.450000,0.175000,6.985491e-02
0.462500,0.175000,5.451629e-02
0.475000,0.175000,3.777582e-02
0.487500,0.175000,1.963180e-02
0.500000,0.175000,0.000000e+00
0.512500,0.175000,0.000000e+00
0.525000,0.175000,0.000000e+00
0.537500,0.175000,0.000000e+00
0.550000,0.175000,0.000000e+00
0.562500,0.175000,0.000000e+00
0.575000,0.175000,0.000000e+00
0.587500,0.175000,0.000000e+00
0.600000,0.175000,0.000000e+00
0.612500,0.175000,0.000000e+00
0.625000,0.175000,0.000000e+00
0.637500,0.175000,0.000000e+00
0.650000,0.175000,0.000000e+00
0.662500,0.175000,0.000000e+00
0.675000,0.175000,0.000000e+00
0.687500,0.175000,0.000000e+00
0.700000,0.175000,0.000000e+00
0.712500,0.175000,0.000000e+00
0.725000,0.175000,0.000000e+00
0.737500,0.175000,0.000000e+00
0.750000,0.175000,0.000000e+00
0.762500,0.175000,0.000000e+00
0.775000,0.175000,0.000000e+00
0.787500,0.175000,0.000000e+00
0.800000,0.175000,0.000000e+00
0.812500,0.175000,0.000000e+00
0.825000,0.175000,0.000000e+00
0.837500,0.175000,0.000000e+00
0.850000,0.175000,0.000000e+00
0.862500,0.175000,0.000000e+00
0.875000,0.175000,0.000000e+00
0.887500,0.175000,0.000000e+00
0.900000,0.175000,0.000000e+00
0.912500,0.175000,0.000000e+00
0.925000,0.175000,0.000000e+00
0.937500,0.175000,0.000000e+00
0.950000,0.175000,0.000000e+00
0.962500,0.175000,0.000000e+00
0.975000,0.175000,0.000000e+00
0.987500,0.175000,0.000000e+00
1.000000,0.175000,0.000000e+00
0.000000,0.187500,0.000000e+00
0.012500,0.187500,2.005108e-02
0.025000,0.187500,3.863593e-02
0.037500,0.187500,5.575454e-02
0.050000,0.187500,7.148952e-02
0.062500,0.187500,8.601189e-02
0.075000,0.187500,9.932690e-02
0.087500,0.187500,1.114345e-01
0.100000,0.187500,1.223348e-01
0.112500,0.187500,1.321525e-01
0.125000,0.187500,1.410447e-01
0.137500,0.187500,1.490119e-01
0.150000,0.187500,1.560541e-01
0.162500,0.187500,1.621712e-01
0.175000,0.187500,1.673634e-01
0.187500,0.187500,1.716441e-01
0.200000,0.187500,1.751309e-01
0.212500,0.187500,1.778509e-01
0.225000,0.187500,1.798041e-01
0.237500,0.187500,1.809906e-01
0.250000,0.187500,1.814102e-01
0.262500,0.187500,1.810632e-01
0.275000,0.187500,1.799493e-01
0.287500,0.187500,1.780536e-01
0.300000,0.187500,1.753184e-01
0.312500,0.187500,1.717380e-01
0.325000,0.187500,1.673124e-01
0.337500,0.187500,1.620416e-01
0.350000,0.187500,1.559256e-01
0.362500,0.187500,1.489644e-01
0.375000,0.187500,1.411581e-01
0.387500,0.187500,1.323739e-01
0.400000,0.187500,1.224634e-01
0.412500,0.187500,1.114263e-01
0.425000,0.187500,9.926266e-02
0.437500,0.187500,8.597248e-02
0.450000,0.187500,7.154852e-02
0.462500,0.187500,5.579866e-02
0.475000,0.187500,3.863744e-02
0.487500,0.187500,2.006334e-02
0.500000,0.187500,0.000000e+00
0.512500,0.187500,0.000000e+00
0.525000,0.187500,0.000000e+00
0.537500,0.187500,0.000000e+00
0.550000,0.187500,0.000000e+00
0.562500,0.187500,0.000000e+00
0.575000,0.187500,0.000000e+00
0.587500,0.187500,0.000000e+00
0.600000,0.187500,0.000000e+00
0.612500,0.187500,0.000000e+00
0.625000,0.187500,0.000000e+00
0.637500,0.187500,0.000000e+00
0.650000,0.187500,0.000000e+00
0.662500,0.187500,0.000000e+00
0.675000,0.187500,0.000000e+00
0.687500,0.187500,0.000000e+00
0.700000,0.187500,0.000000e+00
0.712500,0.187500,0.000000e+00
0.725000,0.187500,0.000000e+00
0.737500,0.187500,0.000000e+00
0.750000,0.187500,0.000000e+00
0.762500,0.187500,0.000000e+00
0.775000,0.187500,0.000000e+00
0.787500,0.187500,0.000000e+00
0.800000,0.187500,0.000000e+00
0.812500,0.187500,0.000000e+00
0.825000,0.187500,0.000000e+00
0.837500,0.187500,0.000000e+00
0.850000,0.187500,0.000000e+00
0.862500,0.187500,0.000000e+00
0.875000,0.187500,0.000000e+00
0.887500,0.187500,0.000000e+00
0.900000,0.187500,0.000000e+00
0.912500,0.187500,0.000000e+00
0.925000,0.187500,0.000000e+00
0.937500,0.187500,0.000000e+00
0.950000,0.187500,0.000000e+00
0.962500,0.187500,0.000000e+00
0.975000,0.187500,0.000000e+00
0.987500,0.187500,0.000000e+00
1.000000,0.187500,0.000000e+00
0.000000,0.200000,0.000000e+00
0.012500,0.200000,2.041513e-02
0.025000,0.200000,3.935943e-02
0.037500,0.200000,5.683292e-02
0.050000,0.200000,7.291462e-02
0.062500,0.200000,8.776819e-02
0.075000,0.200000,1.013986e-01
0.087500,0.200000,1.138060e-01
0.100000,0.200000,1.249902e-01
0.112500,0.200000,1.350730e-01
0.125000,0.200000,1.442079e-01
0.137500,0.200000,1.523951e-01
0.150000,0.200000,1.596349e-01
0.162500,0.200000,1.659271e-01
0.175000,0.200000,1.712717e-01
0.187500,0.200000,1.756822e-01
0.200000,0.200000,1.792754e-01
0.212500,0.200000,1.820784e-01
0.225000,0.200000,1.840910e-01
0.237500,0.200000,1.853133e-01
0.250000,0.200000,1.857454e-01
0.262500,0.200000,1.853872e-01
0.275000,0.200000,1.842386e-01
0.287500,0.200000,1.822848e-01
0.300000,0.200000,1.794679e-01
0.312500,0.200000,1.757824e-01
0.325000,0.200000,1.712282e-01
0.337500,0.200000,1.658054e-01
0.350000,0.200000,1.595140e-01
0.362500,0.200000,1.523539e-01
0.375000,0.200000,1.443251e-01
0.387500,0.200000,1.352975e-01
0.400000,0.200000,1.251249e-01
0.412500,0.200000,1.138072e-01
0.425000,0.200000,1.013444e-01
0.437500,0.200000,8.773654e-02
0.450000,0.200000,7.297663e-02
0.462500,0.200000,5.687983e-02
0.475000,0.200000,3.936393e-02
0.487500,0.200000,2.042752e-02
0.500000,0.200000,0.000000e+00
0.512500,0.200000,0.000000e+00
0.525000,0.200000,0.000000e+00
0.537500,0.200000,0.000000e+00
0.550000,0.200000,0.000000e+00
0.562500,0.200000,0.000000e+00
0.575000,0.200000,0.000000e+00
0.587500,0.200000,0.000000e+00
0.600000,0.200000,0.000000e+00
0.612500,0.200000,0.000000e+00
0.625000,0.200000,0.000000e+00
0.637500,0.200000,0.000000e+00
0.650000,0.200000,0.000000e+00
0.662500,0.200000,0.000000e+00
0.675000,0.200000,0.000000e+00
0.687500,0.200000,0.000000e+00
0.700000,0.200000,0.000000e+00
0.712500,0.200000,0.000000e+00
0.725000,0.200000,0.000000e+00
0.737500,0.200000,0.000000e+00
0.750000,0.200000,0.000000e+00
0.762500,0.200000,0.000000e+00
0.775000,0.200000,0.000000e+00
0.787500,0.200000,0.000000e+00
0.800000,0.200000,0.000000e+00
0.812500,0.200000,0.000000e+00
0.825000,0.200000,0.000000e+00
0.837500,0.200000,0.000000e+00
0.850000,0.200000,0.000000e+00
0.862500,0.200000,0.000000e+00
0.875000,0.200000,0.000000e+00
0.887500,0.200000,0.000000e+00
0.900000,0.200000,0.000000e+00
0.912500,0.200000,0.000000e+00
0.925000,0.200000,0.000000e+00
0.937500,0.200000,0.000000e+00
0.950000,0.200000,0.000000e+00
0.962500,0.200000,0.000000e+00
0.975000,0.200000,0.000000e+00
0.987500,0.200000,0.000000e+00
1.000000,0.200000,0.000000e+00
0.000000,0.212500,0.000000e+00
0.012500,0.212500,2.071126e-02
0.025000,0.212500,3.994784e-02
0.037500,0.212500,5.770975e-02
0.050000,0.212500,7.407333e-02
0.062500,0.212500,8.919660e-02
0.075000,0.212500,1.030844e-01
0.087500,0.212500,1.157368e-01
0.100000,0.212500,1.271536e-01
0.112500,0.212500,1.374542e-01
0.125000,0.212500,1.467885e-01
0.137500,0.212500,1.551568e-01
0.150000,0.212500,1.625593e-01
0.162500,0.212500,1.689960e-01
0.175000,0.212500,1.744667e-01
0.187500,0.212500,1.789850e-01
0.200000,0.212500,1.826666e-01
0.212500,0.212500,1.855384e-01
0.225000,0.212500,1.876004e-01
0.237500,0.212500,1.888526e-01
0.250000,0.212500,1.892950e-01
0.262500,0.212500,1.889276e-01
0.275000,0.212500,1.877503e-01
0.287500,0.212500,1.857483e-01
0.300000,0.212500,1.828639e-01
0.312500,0.212500,1.790917e-01
0.325000,0.212500,1.744315e-01
0.337500,0.212500,1.688833e-01
0.350000,0.212500,1.624472e-01
0.362500,0.212500,1.551232e-01
0.375000,0.212500,1.469113e-01
0.387500,0.212500,1.376833e-01
0.400000,0.212500,1.272955e-01
0.412500,0.212500,1.157479e-01
0.425000,0.212500,1.030405e-01
0.437500,0.212500,8.917316e-02
0.450000,0.212500,7.413924e-02
0.462500,0.212500,5.775981e-02
0.475000,0.212500,3.995529e-02
0.487500,0.212500,2.072434e-02
0.500000,0.212500,0.000000e+00
0.512500,0.212500,0.000000e+00
0.525000,0.212500,0.000000e+00
0.537500,0.212500,0.000000e+00
0.550000,0.212500,0.000000e+00
0.562500,0.212500,0.000000e+00
0.575000,0.212500,0.000000e+00
0.587500,0.212500,0.000000e+00
0.600000,0.212500,0.000000e+00
0.612500,0.212500,0.000000e+00
0.625000,0.212500,0.000000e+00
0.637500,0.212500,0.000000e+00
0.650000,0.212500,0.000000e+00
0.662500,0.212500,0.000000e+00
0.675000,0.212500,0.000000e+00
0.687500,0.212500,0.000000e+00
0.700000,0.212500,0.000000e+00
0.712500,0.212500,0.000000e+00
0.725000,0.212500,0.000000e+00
0.737500,0.212500,0.000000e+00
0.750000,0.212500,0.000000e+00
0.762500,0.212500,0.000000e+00
0.775000,0.212500,0.000000e+00
0.787500,0.212500,0.000000e+00
0.800000,0.212500,0.000000e+00
0.812500,0.212500,0.000000e+00
0.825000,0.212500,0.000000e+00
0.837500,0.212500,0.000000e+00
0.850000,0.212500,0.000000e+00
0.862500,0.212500,0.000000e+00
0.875000,0.212500,0.000000e+00
0.887500,0.212500,0.000000e+00
0.900000,0.212500,0.000000e+00
0.912500,0.212500,0.000000e+00
0.925000,0.212500,0.000000e+00
0.937500,0.212500,0.000000e+00
0.950000,0.212500,0.000000e+00
0.962500,0.212500,0.000000e+00
0.975000,0.212500,0.000000e+00
0.987500,0.212500,0.000000e+00
1.000000,0.212500,0.000000e+00
0.000000,0.225000,0.000000e+00
0.012500,0.225000,2.093946e-02
0.025000,0.225000,4.040115e-02
0.037500,0.225000,5.838505e-02
0.050000,0.225000,7.496564e-02
0.062500,0.225000,9.029713e-02
0.075000,0.225000,1.043842e-01
0.087500,0.225000,1.172269e-01
0.100000,0.225000,1.288253e-01
0.112500,0.225000,1.392961e-01
0.125000,0.225000,1.487865e-01
0.137500,0.225000,1.572969e-01
0.150000,0.225000,1.648274e-01
0.162500,0.225000,1.713780e-01
0.175000,0.225000,1.769486e-01
0.187500,0.225000,1.815524e-01
0.200000,0.225000,1.853044e-01
0.212500,0.225000,1.882311e-01
0.225000,0.225000,1.903324e-01
0.237500,0.225000,1.916084e-01
0.250000,0.225000,1.920591e-01
0.262500,0.225000,1.916844e-01
0.275000,0.225000,1.904844e-01
0.287500,0.225000,1.884442e-01
0.300000,0.225000,1.855065e-01
0.312500,0.225000,1.816658e-01
0.325000,0.225000,1.769221e-01
0.337500,0.225000,1.712753e-01
0.350000,0.225000,1.647254e-01
0.362500,0.225000,1.572725e-01
0.375000,0.225000,1.489165e-01
0.387500,0.225000,1.395313e-01
0.400000,0.225000,1.289754e-01
0.412500,0.225000,1.172486e-01
0.425000,0.225000,1.043509e-01
0.437500,0.225000,9.028233e-02
0.450000,0.225000,7.503635e-02
0.462500,0.225000,5.843859e-02
0.475000,0.225000,4.041152e-02
0.487500,0.225000,2.095381e-02
0.500000,0.225000,0.000000e+00
0.512500,0.225000,0.000000e+00
0.525000,0.225000,0.000000e+00
0.537500,0.225000,0.000000e+00
0.550000,0.225000,0.000000e+00
0.562500,0.225000,0.000000e+00
0.575000,0.225000,0.000000e+00
0.587500,0.225000,0.000000e+00
0.600000,0.225000,0.000000e+00
0.612500,0.225000,0.000000e+00
0.625000,0.225000,0.000000e+00
0.637500,0.225000,0.000000e+00
0.650000,0.225000,0.000000e+00
0.662500,0.225000,0.000000e+00
0.675000,0.225000,0.000000e+00
0.687500,0.225000,0.000000e+00
0.700000,0.225000,0.000000e+00
0.712500,0.225000,0.000000e+00
0.725000,0.225000,0.000000e+00
0.737500,0.225000,0.000000e+00
0.750000,0.225000,0.000000e+00
0.762500,0.225000,0.000000e+00
0.775000,0.225000,0.000000e+00
0.787500,0.225000,0.000000e+00
0.800000,0.225000,0.000000e+00
0.812500,0.225000,0.000000e+00
0.825000,0.225000,0.000000e+00
0.837500,0.225000,0.000000e+00
0.850000,0.225000,0.000000e+00
0.862500,0.225000,0.000000e+00
0.875000,0.225000,0.000000e+00
0.887500,0.225000,0.000000e+00
0.900000,0.225000,0.000000e+00
0.912500,0.225000,0.000000e+00
0.925000,0.225000,0.000000e+00
0.937500,0.225000,0.000000e+00
0.950000,0.225000,0.000000e+00
0.962500,0.225000,0.000000e+00
0.975000,0.225000,0.000000e+00
0.987500,0.225000,0.000000e+00
1.000000,0.225000,0.000000e+00
0.000000,0.237500,0.000000e+00
0.012500,0.237500,2.110098e-02
0.025000,0.237500,4.072184e-02
0.037500,0.237500,5.886257e-02
0.050000,0.237500,7.559660e-02
0.062500,0.237500,9.107592e-02
0.075000,0.237500,1.053052e-01
0.087500,0.237500,1.182844e-01
0.100000,0.237500,1.300136e-01
0.112500,0.237500,1.406077e-01
0.125000,0.237500,1.502115e-01
0.137500,0.237500,1.588254e-01
0.150000,0.237500,1.664495e-01
0.162500,0.237500,1.730836e-01
0.175000,0.237500,1.787279e-01
0.187500,0.237500,1.833954e-01
0.200000,0.237500,1.871997e-01
0.212500,0.237500,1.901672e-01
0.225000,0.237500,1.922979e-01
0.237500,0.237500,1.935917e-01
0.250000,0.237500,1.940487e-01
0.262500,0.237500,1.936688e-01
0.275000,0.237500,1.924521e-01
0.287500,0.237500,1.903837e-01
0.300000,0.237500,1.874068e-01
0.312500,0.237500,1.835159e-01
0.325000,0.237500,1.787110e-01
0.337500,0.237500,1.729920e-01
0.350000,0.237500,1.663589e-01
0.362500,0.237500,1.588119e-01
0.375000,0.237500,1.503507e-01
0.387500,0.237500,1.408511e-01
0.400000,0.237500,1.301733e-01
0.412500,0.237500,1.183172e-01
0.425000,0.237500,1.052829e-01
0.437500,0.237500,9.107040e-02
0.450000,0.237500,7.567319e-02
0.462500,0.237500,5.892018e-02
0.475000,0.237500,4.073528e-02
0.487500,0.237500,2.111716e-02
0.500000,0.237500,0.000000e+00
0.512500,0.237500,0.000000e+00
0.525000,0.237500,0.000000e+00
0.537500,0.237500,0.000000e+00
0.550000,0.237500,0.000000e+00
0.562500,0.237500,0.000000e+00
0.575000,0.237500,0.000000e+00
0.587500,0.237500,0.000000e+00
0.600000,0.237500,0.000000e+00
0.612500,0.237500,0.000000e+00
0.625000,0.237500,0.000000e+00
0.637500,0.237500,0.000000e+00
0.650000,0.237500,0.000000e+00
0.662500,0.237500,0.000000e+00
0.675000,0.237500,0.000000e+00
0.687500,0.237500,0.000000e+00
0.700000,0.237500,0.000000e+00
0.712500,0.237500,0.000000e+00
0.725000,0.237500,0.000000e+00
0.737500,0.237500,0.000000e+00
0.750000,0.237500,0.000000e+00
0.762500,0.237500,0.000000e+00
0.775000,0.237500,0.000000e+00
0.787500,0.237500,0.000000e+00
0.800000,0.237500,0.000000e+00
0.812500,0.237500,0.000000e+00
0.825000,0.237500,0.000000e+00
0.837500,0.237500,0.000000e+00
0.850000,0.237500,0.000000e+00
0.862500,0.237500,0.000000e+00
0.875000,0.237500,0.000000e+00
0.887500,0.237500,0.000000e+00
0.900000,0.237500,0.000000e+00
0.912500,0.237500,0.000000e+00
0.925000,0.237500,0.000000e+00
0.937500,0.237500,0.000000e+00
0.950000,0.237500,0.000000e+00
0.962500,0.237500,0.000000e+00
0.975000,0.237500,0.000000e+00
0.987500,0.237500,0.000000e+00
1.000000,0.237500,0.000000e+00
0.000000,0.250000,0.000000e+00
0.012500,0.250000,2.120258e-02
0.025000,0.250000,4.092363e-02
0.037500,0.250000,5.916316e-02
0.050000,0.250000,7.599400e-02
0.062500,0.250000,9.156695e-02
0.075000,0.250000,1.058866e-01
0.087500,0.250000,1.189530e-01
0.100000,0.250000,1.307661e-01
0.112500,0.250000,1.414397e-01
0.125000,0.250000,1.511167e-01
0.137500,0.250000,1.597976e-01
0.150000,0.250000,1.674825e-01
0.162500,0.250000,1.741713e-01
0.175000,0.250000,1.798640e-01
0.187500,0.250000,1.845737e-01
0.200000,0.250000,1.884129e-01
0.212500,0.250000,1.914077e-01
0.225000,0.250000,1.935580e-01
0.237500,0.250000,1.948639e-01
0.250000,0.250000,1.953254e-01
0.262500,0.250000,1.949425e-01
0.275000,0.250000,1.937151e-01
0.287500,0.250000,1.916286e-01
0.300000,0.250000,1.886265e-01
0.312500,0.250000,1.847031e-01
0.325000,0.250000,1.798586e-01
0.337500,0.250000,1.740928e-01
0.350000,0.250000,1.674059e-01
0.362500,0.250000,1.597978e-01
0.375000,0.250000,1.512685e-01
0.387500,0.250000,1.416947e-01
0.400000,0.250000,1.309383e-01
0.412500,0.250000,1.189991e-01
0.425000,0.250000,1.058772e-01
0.437500,0.250000,9.157247e-02
0.450000,0.250000,7.607862e-02
0.462500,0.250000,5.922661e-02
0.475000,0.250000,4.094127e-02
0.487500,0.250000,2.122128e-02
0.500000,0.250000,0.000000e+00
0.512500,0.250000,0.000000e+00
0.525000,0.250000,0.000000e+00
0.537500,0.250000,0.000000e+00
0.550000,0.250000,0.000000e+00
0.562500,0.250000,0.000000e+00
0.575000,0.250000,0.000000e+00
0.587500,0.250000,0.000000e+00
0.600000,0.250000,0.000000e+00
0.612500,0.250000,0.000000e+00
0.625000,0.250000,0.000000e+00
0.637500,0.250000,0.000000e+00
0.650000,0.250000,0.000000e+00
0.662500,0.250000,0.000000e+00
0.675000,0.250000,0.000000e+00
0.687500,0.250000,0.000000e+00
0.700000,0.250000,0.000000e+00
0.712500,0.250000,0.000000e+00
0.725000,0.250000,0.000000e+00
0.737500,0.250000,0.000000e+00
0.750000,0.250000,0.000000e+00
0.762500,0.250000,0.000000e+00
0.775000,0.250000,0.000000e+00
0.787500,0.250000,0.000000e+00
0.800000,0.250000,0.000000e+00
0.812500,0.250000,0.000000e+00
0.825000,0.250000,0.000000e+00
0.837500,0.250000,0.000000e+00
0.850000,0.250000,0.000000e+00
0.862500,0.250000,0.000000e+00
0.875000,0.250000,0.000000e+00
0.887500,0.250000,0.000000e+00
0.900000,0.250000,0.000000e+00
0.912500,0.250000,0.000000e+00
0.925000,0.250000,0.000000e+00
0.937500,0.250000,0.000000e+00
0.950000,0.250000,0.000000e+00
0.962500,0.250000,0.000000e+00
0.975000,0.250000,0.000000e+00
0.987500,0.250000,0.000000e+00
1.000000,0.250000,0.000000e+00
0.000000,0.262500,0.000000e+00
0.012500,0.262500,2.124529e-02
0.025000,0.262500,4.100863e-02
0.037500,0.262500,5.929002e-02
0.050000,0.262500,7.616212e-02
0.062500,0.262500,9.177542e-02
0.075000,0.262500,1.061345e-01
0.087500,0.262500,1.192394e-01
0.100000,0.262500,1.310901e-01
0.112500,0.262500,1.417995e-01
0.125000,0.262500,1.515100e-01
0.137500,0.262500,1.602218e-01
0.150000,0.262500,1.679352e-01
0.162500,0.262500,1.746499e-01
0.175000,0.262500,1.803661e-01
0.187500,0.262500,1.850965e-01
0.200000,0.262500,1.889531e-01
0.212500,0.262500,1.919616e-01
0.225000,0.262500,1.941220e-01
0.237500,0.262500,1.954344e-01
0.250000,0.262500,1.958986e-01
0.262500,0.262500,1.955149e-01
0.275000,0.262500,1.942830e-01
0.287500,0.262500,1.921884e-01
0.300000,0.262500,1.891748e-01
0.312500,0.262500,1.852367e-01
0.325000,0.262500,1.803740e-01
0.337500,0.262500,1.745869e-01
0.350000,0.262500,1.678751e-01
0.362500,0.262500,1.602389e-01
0.375000,0.262500,1.516781e-01
0.387500,0.262500,1.420703e-01
0.400000,0.262500,1.312781e-01
0.412500,0.262500,1.193012e-01
0.425000,0.262500,1.061399e-01
0.437500,0.262500,9.179390e-02
0.450000,0.262500,7.625705e-02
0.462500,0.262500,5.936125e-02
0.475000,0.262500,4.103176e-02
0.487500,0.262500,2.126721e-02
0.500000,0.262500,0.000000e+00
0.512500,0.262500,0.000000e+00
0.525000,0.262500,0.000000e+00
0.537500,0.262500,0.000000e+00
0.550000,0.262500,0.000000e+00
0.562500,0.262500,0.000000e+00
0.575000,0.262500,0.000000e+00
0.587500,0.262500,0.000000e+00
0.600000,0.262500,0.000000e+00
0.612500,0.262500,0.000000e+00
0.625000,0.262500,0.000000e+00
0.637500,0.262500,0.000000e+00
0.650000,0.262500,0.000000e+00
0.662500,0.262500,0.000000e+00
0.675000,0.262500,0.000000e+00
0.687500,0.262500,0.000000e+00
0.700000,0.262500,0.000000e+00
0.712500,0.262500,0.000000e+00
0.725000,0.262500,0.000000e+00
0.737500,0.262500,0.000000e+00
0.750000,0.262500,0.000000e+00
0.762500,0.262500,0.000000e+00
0.775000,0.262500,0.000000e+00
0.787500,0.262500,0.000000e+00
0.800000,0.262500,0.000000e+00
0.812500,0.262500,0.000000e+00
0.825000,0.262500,0.000000e+00
0.837500,0.262500,0.000000e+00
0.850000,0.262500,0.000000e+00
0.862500,0.262500,0.000000e+00
0.875000,0.262500,0.000000e+00
0.887500,0.262500,0.000000e+00
0.900000,0.262500,0.000000e+00
0.912500,0.262500,0.000000e+00
0.925000,0.262500,0.000000e+00
0.937500,0.262500,0.000000e+00
0.950000,0.262500,0.000000e+00
0.962500,0.262500,0.000000e+00
0.975000,0.262500,0.000000e+00
0.987500,0.262500,0.000000e+00
1.000000,0.262500,0.000000e+00
0.000000,0.275000,0.000000e+00
0.012500,0.275000,2.122913e-02
0.025000,0.275000,4.097684e-02
0.037500,0.275000,5.924313e-02
0.050000,0.275000,7.610095e-02
0.062500,0.275000,9.170132e-02
0.075000,0.275000,1.060489e-01
0.087500,0.275000,1.191436e-01
0.100000,0.275000,1.309854e-01
0.112500,0.275000,1.416874e-01
0.125000,0.275000,1.513915e-01
0.137500,0.275000,1.600982e-01
0.150000,0.275000,1.678075e-01
0.162500,0.275000,1.745194e-01
0.175000,0.275000,1.802340e-01
0.187500,0.275000,1.849639e-01
0.200000,0.275000,1.888203e-01
0.212500,0.275000,1.918290e-01
0.225000,0.275000,1.939899e-01
0.237500,0.275000,1.953030e-01
0.250000,0.275000,1.957684e-01
0.262500,0.275000,1.953859e-01
0.275000,0.275000,1.941557e-01
0.287500,0.275000,1.920631e-01
0.300000,0.275000,1.890519e-01
0.312500,0.275000,1.851167e-01
0.325000,0.275000,1.802574e-01
0.337500,0.275000,1.744741e-01
0.350000,0.275000,1.677667e-01
0.362500,0.275000,1.601352e-01
0.375000,0.275000,1.515797e-01
0.387500,0.275000,1.419779e-01
0.400000,0.275000,1.311925e-01
0.412500,0.275000,1.192235e-01
0.425000,0.275000,1.060709e-01
0.437500,0.275000,9.173469e-02
0.450000,0.275000,7.620850e-02
0.462500,0.275000,5.932412e-02
0.475000,0.275000,4.100673e-02
0.487500,0.275000,2.125495e-02
0.500000,0.275000,0.000000e+00
0.512500,0.275000,0.000000e+00
0.525000,0.275000,0.000000e+00
0.537500,0.275000,0.000000e+00
0.550000,0.275000,0.000000e+00
0.562500,0.275000,0.000000e+00
0.575000,0.275000,0.000000e+00
0.587500,0.275000,0.000000e+00
0.600000,0.275000,0.000000e+00
0.612500,0.275000,0.000000e+00
0.625000,0.275000,0.000000e+00
0.637500,0.275000,0.000000e+00
0.650000,0.275000,0.000000e+00
0.662500,0.275000,0.000000e+00
0.675000,0.275000,0.000000e+00
0.687500,0.275000,0.000000e+00
0.700000,0.275000,0.000000e+00
0.712500,0.275000,0.000000e+00
0.725000,0.275000,0.000000e+00
0.737500,0.275000,0.000000e+00
0.750000,0.275000,0.000000e+00
0.762500,0.275000,0.000000e+00
0.775000,0.275000,0.000000e+00
0.787500,0.275000,0.000000e+00
0.800000,0.275000,0.000000e+00
0.812500,0.275000,0.000000e+00
0.825000,0.275000,0.000000e+00
0.837500,0.275000,0.000000e+00
0.850000,0.275000,0.000000e+00
0.862500,0.275000,0.000000e+00
0.875000,0.275000,0.000000e+00
0.887500,0.275000,0.000000e+00
0.900000,0.275000,0.000000e+00
0.912500,0.275000,0.000000e+00
0.925000,0.275000,0.000000e+00
0.937500,0.275000,0.000000e+00
0.950000,0.275000,0.000000e+00
0.962500,0.275000,0.000000e+00
0.975000,0.275000,0.000000e+00
0.987500,0.275000,0.000000e+00
1.000000,0.275000,0.000000e+00
0.000000,0.287500,0.000000e+00
0.012500,0.287500,2.115408e-02
0.025000,0.287500,4.082825e-02
0.037500,0.287500,5.902251e-02
0.050000,0.287500,7.581049e-02
0.062500,0.287500,9.134465e-02
0.075000,0.287500,1.056297e-01
0.087500,0.287500,1.186655e-01
0.100000,0.287500,1.304522e-01
0.112500,0.287500,1.411032e-01
0.125000,0.287500,1.507612e-01
0.137500,0.287500,1.594266e-01
0.150000,0.287500,1.670995e-01
0.162500,0.287500,1.737799e-01
0.175000,0.287500,1.794677e-01
0.187500,0.287500,1.841758e-01
0.200000,0.287500,1.880146e-01
0.212500,0.287500,1.910100e-01
0.225000,0.287500,1.931617e-01
0.237500,0.287500,1.944700e-01
0.250000,0.287500,1.949346e-01
0.262500,0.287500,1.945557e-01
0.275000,0.287500,1.933333e-01
0.287500,0.287500,1.912527e-01
0.300000,0.287500,1.882578e-01
0.312500,0.287500,1.843431e-01
0.325000,0.287500,1.795087e-01
0.337500,0.287500,1.737545e-01
0.350000,0.287500,1.670805e-01
0.362500,0.287500,1.594867e-01
0.375000,0.287500,1.509732e-01
0.387500,0.287500,1.414174e-01
0.400000,0.287500,1.306816e-01
0.412500,0.287500,1.187660e-01
0.425000,0.287500,1.056704e-01
0.437500,0.287500,9.139484e-02
0.450000,0.287500,7.593296e-02
0.462500,0.287500,5.911521e-02
0.475000,0.287500,4.086619e-02
0.487500,0.287500,2.118450e-02
0.500000,0.287500,0.000000e+00
0.512500,0.287500,0.000000e+00
0.525000,0.287500,0.000000e+00
0.537500,0.287500,0.000000e+00
0.550000,0.287500,0.000000e+00
0.562500,0.287500,0.000000e+00
0.575000,0.287500,0.000000e+00
0.587500,0.287500,0.000000e+00
0.600000,0.287500,0.000000e+00
0.612500,0.287500,0.000000e+00
0.625000,0.287500,0.000000e+00
0.637500,0.287500,0.000000e+00
0.650000,0.287500,0.000000e+00
0.662500,0.287500,0.000000e+00
0.675000,0.287500,0.000000e+00
0.687500,0.287500,0.000000e+00
0.700000,0.287500,0.000000e+00
0.712500,0.287500,0.000000e+00
0.725000,0.287500,0.000000e+00
0.737500,0.287500,0.000000e+00
0.750000,0.287500,0.000000e+00
0.762500,0.287500,0.000000e+00
0.775000,0.287500,0.000000e+00
0.787500,0.287500,0.000000e+00
0.800000,0.287500,0.000000e+00
0.812500,0.287500,0.000000e+00
0.825000,0.287500,0.000000e+00
0.837500,0.287500,0.000000e+00
0.850000,0.287500,0.000000e+00
0.862500,0.287500,0.000000e+00
0.875000,0.287500,0.000000e+00
0.887500,0.287500,0.000000e+00
0.900000,0.287500,0.000000e+00
0.912500,0.287500,0.000000e+00
0.925000,0.287500,0.000000e+00
0.937500,0.287500,0.000000e+00
0.950000,0.287500,0.000000e+00
0.962500,0.287500,0.000000e+00
0.975000,0.287500,0.000000e+00
0.987500,0.287500,0.000000e+00
1.000000,0.287500,0.000000e+00
0.000000,0.300000,0.000000e+00
0.012500,0.300000,2.102015e-02
0.025000,0.300000,4.056287e-02
0.037500,0.300000,5.862814e-02
0.050000,0.300000,7.529074e-02
0.062500,0.300000,9.070542e-02
0.075000,0.300000,1.048769e-01
0.087500,0.300000,1.178053e-01
0.100000,0.300000,1.294905e-01
0.112500,0.300000,1.400470e-01
0.125000,0.300000,1.496191e-01
0.137500,0.300000,1.582072e-01
0.150000,0.300000,1.658113e-01
0.162500,0.300000,1.724313e-01
0.175000,0.300000,1.780674e-01
0.187500,0.300000,1.827321e-01
0.200000,0.300000,1.865360e-01
0.212500,0.300000,1.895044e-01
0.225000,0.300000,1.916375e-01
0.237500,0.300000,1.929351e-01
0.250000,0.300000,1.933974e-01
0.262500,0.300000,1.930242e-01
0.275000,0.300000,1.918157e-01
0.287500,0.300000,1.897571e-01
0.300000,0.300000,1.867924e-01
0.312500,0.300000,1.829159e-01
0.325000,0.300000,1.781278e-01
0.337500,0.300000,1.724280e-01
0.350000,0.300000,1.658166e-01
0.362500,0.300000,1.582935e-01
0.375000,0.300000,1.498586e-01
0.387500,0.300000,1.403888e-01
0.400000,0.300000,1.297455e-01
0.412500,0.300000,1.179286e-01
0.425000,0.300000,1.049383e-01
0.437500,0.300000,9.077435e-02
0.450000,0.300000,7.543043e-02
0.462500,0.300000,5.873452e-02
0.475000,0.300000,4.061015e-02
0.487500,0.300000,2.105586e-02
0.500000,0.300000,0.000000e+00
0.512500,0.300000,0.000000e+00
0.525000,0.300000,0.000000e+00
0.537500,0.300000,0.000000e+00
0.550000,0.300000,0.000000e+00
0.562500,0.300000,0.000000e+00
0.575000,0.300000,0.000000e+00
0.587500,0.300000,0.000000e+00
0.600000,0.300000,0.000000e+00
0.612500,0.300000,0.000000e+00
0.625000,0.300000,0.000000e+00
0.637500,0.300000,0.000000e+00
0.650000,0.300000,0.000000e+00
0.662500,0.300000,0.000000e+00
0.675000,0.300000,0.000000e+00
0.687500,0.300000,0.000000e+00
0.700000,0.300000,0.000000e+00
0.712500,0.300000,0.000000e+00
0.725000,0.300000,0.000000e+00
0.737500,0.300000,0.000000e+00
0.750000,0.300000,0.000000e+00
0.762500,0.300000,0.000000e+00
0.775000,0.300000,0.000000e+00
0.787500,0.300000,0.000000e+00
0.800000,0.300000,0.000000e+00
0.812500,0.300000,0.000000e+00
0.825000,0.300000,0.000000e+00
0.837500,0.300000,0.000000e+00
0.850000,0.300000,0.000000e+00
0.862500,0.300000,0.000000e+00
0.875000,0.300000,0.000000e+00
0.887500,0.300000,0.000000e+00
0.900000,0.300000,0.000000e+00
0.912500,0.300000,0.000000e+00
0.925000,0.300000,0.000000e+00
0.937500,0.300000,0.000000e+00
0.950000,0.300000,0.000000e+00
0.962500,0.300000,0.000000e+00
0.975000,0.300000,0.000000e+00
0.987500,0.300000,0.000000e+00
1.000000,0.300000,0.000000e+00
0.000000,0.312500,0.000000e+00
0.012500,0.312500,2.082734e-02
0.025000,0.312500,4.018069e-02
0.037500,0.312500,5.806004e-02
0.050000,0.312500,7.454169e-02
0.062500,0.312500,8.978363e-02
0.075000,0.312500,1.037907e-01
0.087500,0.312500,1.165628e-01
0.100000,0.312500,1.281001e-01
0.112500,0.312500,1.385188e-01
0.125000,0.312500,1.479652e-01
0.137500,0.312500,1.564398e-01
0.150000,0.312500,1.639426e-01
0.162500,0.312500,1.704737e-01
0.175000,0.312500,1.760329e-01
0.187500,0.312500,1.806330e-01
0.200000,0.312500,1.843844e-01
0.212500,0.312500,1.873124e-01
0.225000,0.312500,1.894171e-01
0.237500,0.312500,1.906985e-01
0.250000,0.312500,1.911566e-01
0.262500,0.312500,1.907914e-01
0.275000,0.312500,1.896029e-01
0.287500,0.312500,1.875764e-01
0.300000,0.312500,1.846557e-01
0.312500,0.312500,1.808352e-01
0.325000,0.312500,1.761149e-01
0.337500,0.312500,1.704948e-01
0.350000,0.312500,1.639750e-01
0.362500,0.312500,1.565554e-01
0.375000,0.312500,1.482360e-01
0.387500,0.312500,1.388921e-01
0.400000,0.312500,1.283840e-01
0.412500,0.312500,1.167115e-01
0.425000,0.312500,1.038745e-01
0.437500,0.312500,8.987322e-02
0.450000,0.312500,7.470091e-02
0.462500,0.312500,5.818205e-02
0.475000,0.312500,4.023859e-02
0.487500,0.312500,2.086904e-02
0.500000,0.312500,0.000000e+00
0.512500,0.312500,0.000000e+00
0.525000,0.312500,0.000000e+00
0.537500,0.312500,0.000000e+00
0.550000,0.312500,0.000000e+00
0.562500,0.312500,0.000000e+00
0.575000,0.312500,0.000000e+00
0.587500,0.312500,0.000000e+00
0.600000,0.312500,0.000000e+00
0.612500,0.312500,0.000000e+00
0.625000,0.312500,0.000000e+00
0.637500,0.312500,0.000000e+00
0.650000,0.312500,0.000000e+00
0.662500,0.312500,0.000000e+00
0.675000,0.312500,0.000000e+00
0.687500,0.312500,0.000000e+00
0.700000,0.312500,0.000000e+00
0.712500,0.312500,0.000000e+00
0.725000,0.312500,0.000000e+00
0.737500,0.312500,0.000000e+00
0.750000,0.312500,0.000000e+00
0.762500,0.312500,0.000000e+00
0.775000,0.312500,0.000000e+00
0.787500,0.312500,0.000000e+00
0.800000,0.312500,0.000000e+00
0.812500,0.312500,0.000000e+00
0.825000,0.312500,0.000000e+00
0.837500,0.312500,0.000000e+00
0.850000,0.312500,0.000000e+00
0.862500,0.312500,0.000000e+00
0.875000,0.312500,0.000000e+00
0.887500,0.312500,0.000000e+00
0.900000,0.312500,0.000000e+00
0.912500,0.312500,0.000000e+00
0.925000,0.312500,0.000000e+00
0.937500,0.312500,0.000000e+00
0.950000,0.312500,0.000000e+00
0.962500,0.312500,0.000000e+00
0.975000,0.312500,0.000000e+00
0.987500,0.312500,0.000000e+00
1.000000,0.312500,0.000000e+00
0.000000,0.325000,0.000000e+00
0.012500,0.325000,2.057565e-02
0.025000,0.325000,3.968172e-02
0.037500,0.325000,5.731820e-02
0.050000,0.325000,7.356336e-02
0.062500,0.325000,8.857927e-02
0.075000,0.325000,1.023709e-01
0.087500,0.325000,1.149382e-01
0.100000,0.325000,1.262812e-01
0.112500,0.325000,1.365185e-01
0.125000,0.325000,1.457995e-01
0.137500,0.325000,1.541246e-01
0.150000,0.325000,1.614937e-01
0.162500,0.325000,1.679070e-01
0.175000,0.325000,1.733643e-01
0.187500,0.325000,1.778785e-01
0.200000,0.325000,1.815598e-01
0.212500,0.325000,1.844339e-01
0.225000,0.325000,1.865007e-01
0.237500,0.325000,1.877602e-01
0.250000,0.325000,1.882124e-01
0.262500,0.325000,1.878573e-01
0.275000,0.325000,1.866950e-01
0.287500,0.325000,1.847107e-01
0.300000,0.325000,1.818478e-01
0.312500,0.325000,1.781008e-01
0.325000,0.325000,1.734698e-01
0.337500,0.325000,1.679548e-01
0.350000,0.325000,1.615556e-01
0.362500,0.325000,1.542725e-01
0.375000,0.325000,1.461052e-01
0.387500,0.325000,1.369274e-01
0.400000,0.325000,1.265972e-01
0.412500,0.325000,1.151145e-01
0.425000,0.325000,1.024792e-01
0.437500,0.325000,8.869146e-02
0.450000,0.325000,7.374440e-02
0.462500,0.325000,5.745780e-02
0.475000,0.325000,3.975152e-02
0.487500,0.325000,2.062403e-02
0.500000,0.325000,0.000000e+00
0.512500,0.325000,0.000000e+00
0.525000,0.325000,0.000000e+00
0.537500,0.325000,0.000000e+00
0.550000,0.325000,0.000000e+00
0.562500,0.325000,0.000000e+00
0.575000,0.325000,0.000000e+00
0.587500,0.325000,0.000000e+00
0.600000,0.325000,0.000000e+00
0.612500,0.325000,0.000000e+00
0.625000,0.325000,0.000000e+00
0.637500,0.325000,0.000000e+00
0.650000,0.325000,0.000000e+00
0.662500,0.325000,0.000000e+00
0.675000,0.325000,0.000000e+00
0.687500,0.325000,0.000000e+00
0.700000,0.325000,0.000000e+00
0.712500,0.325000,0.000000e+00
0.725000,0.325000,0.000000e+00
0.737500,0.325000,0.000000e+00
0.750000,0.325000,0.000000e+00
0.762500,0.325000,0.000000e+00
0.775000,0.325000,0.000000e+00
0.787500,0.325000,0.000000e+00
0.800000,0.325000,0.000000e+00
0.812500,0.325000,0.000000e+00
0.825000,0.325000,0.000000e+00
0.837500,0.325000,0.000000e+00
0.850000,0.325000,0.000000e+00
0.862500,0.325000,0.000000e+00
0.875000,0.325000,0.000000e+00
0.887500,0.325000,0.000000e+00
0.900000,0.325000,0.000000e+00
0.912500,0.325000,0.000000e+00
0.925000,0.325000,0.000000e+00
0.937500,0.325000,0.000000e+00
0.950000,0.325000,0.000000e+00
0.962500,0.325000,0.000000e+00
0.975000,0.325000,0.000000e+00
0.987500,0.325000,0.000000e+00
1.000000,0.325000,0.000000e+00
0.000000,0.337500,0.000000e+00
0.012500,0.337500,2.025824e-02
0.025000,0.337500,3.905236e-02
0.037500,0.337500,5.638238e-02
0.050000,0.337500,7.232926e-02
0.062500,0.337500,8.706064e-02
0.075000,0.337500,1.005817e-01
0.087500,0.337500,1.128923e-01
0.100000,0.337500,1.239926e-01
0.112500,0.337500,1.340038e-01
0.125000,0.337500,1.430786e-01
0.137500,0.337500,1.512174e-01
0.150000,0.337500,1.584201e-01
0.162500,0.337500,1.646869e-01
0.175000,0.337500,1.700178e-01
0.187500,0.337500,1.744253e-01
0.200000,0.337500,1.780199e-01
0.212500,0.337500,1.808270e-01
0.225000,0.337500,1.828466e-01
0.237500,0.337500,1.840787e-01
0.250000,0.337500,1.845234e-01
0.262500,0.337500,1.841806e-01
0.275000,0.337500,1.830503e-01
0.287500,0.337500,1.811178e-01
0.300000,0.337500,1.783264e-01
0.312500,0.337500,1.746706e-01
0.325000,0.337500,1.701503e-01
0.337500,0.337500,1.647656e-01
0.350000,0.337500,1.585165e-01
0.362500,0.337500,1.514029e-01
0.375000,0.337500,1.434250e-01
0.387500,0.337500,1.344541e-01
0.400000,0.337500,1.243462e-01
0.412500,0.337500,1.131013e-01
0.425000,0.337500,1.007192e-01
0.437500,0.337500,8.720006e-02
0.450000,0.337500,7.253680e-02
0.462500,0.337500,5.654313e-02
0.475000,0.337500,3.913622e-02
0.487500,0.337500,2.031448e-02
0.500000,0.337500,0.000000e+00
0.512500,0.337500,0.000000e+00
0.525000,0.337500,0.000000e+00
0.537500,0.337500,0.000000e+00
0.550000,0.337500,0.000000e+00
0.562500,0.337500,0.000000e+00
0.575000,0.337500,0.000000e+00
0.587500,0.337500,0.000000e+00
0.600000,0.337500,0.000000e+00
0.612500,0.337500,0.000000e+00
0.625000,0.337500,0.000000e+00
0.637500,0.337500,0.000000e+00
0.650000,0.337500,0.000000e+00
0.662500,0.337500,0.000000e+00
0.675000,0.337500,0.000000e+00
0.687500,0.337500,0.000000e+00
0.700000,0.337500,0.000000e+00
0.712500,0.337500,0.000000e+00
0.725000,0.337500,0.000000e+00
0.737500,0.337500,0.000000e+00
0.750000,0.337500,0.000000e+00
0.762500,0.337500,0.000000e+00
0.775000,0.337500,0.000000e+00
0.787500,0.337500,0.000000e+00
0.800000,0.337500,0.000000e+00
0.812500,0.337500,0.000000e+00
0.825000,0.337500,0.000000e+00
0.837500,0.337500,0.000000e+00
0.850000,0.337500,0.000000e+00
0.862500,0.337500,0.000000e+00
0.875000,0.337500,0.000000e+00
0.887500,0.337500,0.000000e+00
0.900000,0.337500,0.000000e+00
0.912500,0.337500,0.000000e+00
0.925000,0.337500,0.000000e+00
0.937500,0.337500,0.000000e+00
0.950000,0.337500,0.000000e+00
0.962500,0.337500,0.000000e+00
0.975000,0.337500,0.000000e+00
0.987500,0.337500,0.000000e+00
1.000000,0.337500,0.000000e+00
0.000000,0.350000,0.000000e+00
0.012500,0.350000,1.985943e-02
0.025000,0.350000,3.826151e-02
0.037500,0.350000,5.520624e-02
0.050000,0.350000,7.077873e-02
0.062500,0.350000,8.515515e-02
0.075000,0.350000,9.834088e-02
0.087500,0.350000,1.103359e-01
0.100000,0.350000,1.211403e-01
0.112500,0.350000,1.308775e-01
0.125000,0.350000,1.397031e-01
0.137500,0.350000,1.476173e-01
0.150000,0.350000,1.546204e-01
0.162500,0.350000,1.607123e-01
0.175000,0.350000,1.658929e-01
0.187500,0.350000,1.701749e-01
0.200000,0.350000,1.736674e-01
0.212500,0.350000,1.763956e-01
0.225000,0.350000,1.783597e-01
0.237500,0.350000,1.795595e-01
0.250000,0.350000,1.799951e-01
0.262500,0.350000,1.796664e-01
0.275000,0.350000,1.785735e-01
0.287500,0.350000,1.767017e-01
0.300000,0.350000,1.739948e-01
0.312500,0.350000,1.704473e-01
0.325000,0.350000,1.660592e-01
0.337500,0.350000,1.608304e-01
0.350000,0.350000,1.547611e-01
0.362500,0.350000,1.478511e-01
0.375000,0.350000,1.401005e-01
0.387500,0.350000,1.313794e-01
0.400000,0.350000,1.215421e-01
0.412500,0.350000,1.105885e-01
0.425000,0.350000,9.851872e-02
0.437500,0.350000,8.533261e-02
0.450000,0.350000,7.102291e-02
0.462500,0.350000,5.539536e-02
0.475000,0.350000,3.836357e-02
0.487500,0.350000,1.992588e-02
0.500000,0.350000,0.000000e+00
0.512500,0.350000,0.000000e+00
0.525000,0.350000,0.000000e+00
0.537500,0.350000,0.000000e+00
0.550000,0.350000,0.000000e+00
0.562500,0.350000,0.000000e+00
0.575000,0.350000,0.000000e+00
0.587500,0.350000,0.000000e+00
0.600000,0.350000,0.000000e+00
0.612500,0.350000,0.000000e+00
0.625000,0.350000,0.000000e+00
0.637500,0.350000,0.000000e+00
0.650000,0.350000,0.000000e+00
0.662500,0.350000,0.000000e+00
0.675000,0.350000,0.000000e+00
0.687500,0.350000,0.000000e+00
0.700000,0.350000,0.000000e+00
0.712500,0.350000,0.000000e+00
0.725000,0.350000,0.000000e+00
0.737500,0.350000,0.000000e+00
0.750000,0.350000,0.000000e+00
0.762500,0.350000,0.000000e+00
0.775000,0.350000,0.000000e+00
0.787500,0.350000,0.000000e+00
0.800000,0.350000,0.000000e+00
0.812500,0.350000,0.000000e+00
0.825000,0.350000,0.000000e+00
0.837500,0.350000,0.000000e+00
0.850000,0.350000,0.000000e+00
0.862500,0.350000,0.000000e+00
0.875000,0.350000,0.000000e+00
0.887500,0.350000,0.000000e+00
0.900000,0.350000,0.000000e+00
0.912500,0.350000,0.000000e+00
0.925000,0.350000,0.000000e+00
0.937500,0.350000,0.000000e+00
0.950000,0.350000,0.000000e+00
0.962500,0.350000,0.000000e+00
0.975000,0.350000,0.000000e+00
0.987500,0.350000,0.000000e+00
1.000000,0.350000,0.000000e+00
0.000000,0.362500,0.000000e+00
0.012500,0.362500,1.937860e-02
0.025000,0.362500,3.730793e-02
0.037500,0.362500,5.378797e-02
0.050000,0.362500,6.890940e-02
0.062500,0.362500,8.285993e-02
0.075000,0.362500,9.564531e-02
0.087500,0.362500,1.072655e-01
0.100000,0.362500,1.177206e-01
0.112500,0.362500,1.271358e-01
0.125000,0.362500,1.356690e-01
0.137500,0.362500,1.433206e-01
0.150000,0.362500,1.500905e-01
0.162500,0.362500,1.559789e-01
0.175000,0.362500,1.609857e-01
0.187500,0.362500,1.651233e-01
0.200000,0.362500,1.684985e-01
0.212500,0.362500,1.711362e-01
0.225000,0.362500,1.730363e-01
0.237500,0.362500,1.741988e-01
0.250000,0.362500,1.746237e-01
0.262500,0.362500,1.743111e-01
0.275000,0.362500,1.732609e-01
0.287500,0.362500,1.714587e-01
0.300000,0.362500,1.688493e-01
0.312500,0.362500,1.654273e-01
0.325000,0.362500,1.611927e-01
0.337500,0.362500,1.561454e-01
0.350000,0.362500,1.502856e-01
0.362500,0.362500,1.436131e-01
0.375000,0.362500,1.361280e-01
0.387500,0.362500,1.276996e-01
0.400000,0.362500,1.181813e-01
0.412500,0.362500,1.075730e-01
0.425000,0.362500,9.587477e-02
0.437500,0.362500,8.308651e-02
0.450000,0.362500,6.920058e-02
0.462500,0.362500,5.401281e-02
0.475000,0.362500,3.743242e-02
0.487500,0.362500,1.945764e-02
0.500000,0.362500,0.000000e+00
0.512500,0.362500,0.000000e+00
0.525000,0.362500,0.000000e+00
0.537500,0.362500,0.000000e+00
0.550000,0.362500,0.000000e+00
0.562500,0.362500,0.000000e+00
0.575000,0.362500,0.000000e+00
0.587500,0.362500,0.000000e+00
0.600000,0.362500,0.000000e+00
0.612500,0.362500,0.000000e+00
0.625000,0.362500,0.000000e+00
0.637500,0.362500,0.000000e+00
0.650000,0.362500,0.000000e+00
0.662500,0.362500,0.000000e+00
0.675000,0.362500,0.000000e+00
0.687500,0.362500,0.000000e+00
0.700000,0.362500,0.000000e+00
0.712500,0.362500,0.000000e+00
0.725000,0.362500,0.000000e+00
0.737500,0.362500,0.000000e+00
0.750000,0.362500,0.000000e+00
0.762500,0.362500,0.000000e+00
0.775000,0.362500,0.000000e+00
0.787500,0.362500,0.000000e+00
0.800000,0.362500,0.000000e+00
0.812500,0.362500,0.000000e+00
0.825000,0.362500,0.000000e+00
0.837500,0.362500,0.000000e+00
0.850000,0.362500,0.000000e+00
0.862500,0.362500,0.000000e+00
0.875000,0.362500,0.000000e+00
0.887500,0.362500,0.000000e+00
0.900000,0.362500,0.000000e+00
0.912500,0.362500,0.000000e+00
0.925000,0.362500,0.000000e+00
0.937500,0.362500,0.000000e+00
0.950000,0.362500,0.000000e+00
0.962500,0.362500,0.000000e+00
0.975000,0.362500,0.000000e+00
0.987500,0.362500,0.000000e+00
1.000000,0.362500,0.000000e+00
0.000000,0.375000,0.000000e+00
0.012500,0.375000,1.881577e-02
0.025000,0.375000,3.619162e-02
0.037500,0.375000,5.212756e-02
0.050000,0.375000,6.672127e-02
0.062500,0.375000,8.017500e-02
0.075000,0.375000,9.249493e-02
0.087500,0.375000,1.036811e-01
0.100000,0.375000,1.137334e-01
0.112500,0.375000,1.227787e-01
0.125000,0.375000,1.309764e-01
0.137500,0.375000,1.383270e-01
0.150000,0.375000,1.448305e-01
0.162500,0.375000,1.504870e-01
0.175000,0.375000,1.552963e-01
0.187500,0.375000,1.592706e-01
0.200000,0.375000,1.625133e-01
0.212500,0.375000,1.650486e-01
0.225000,0.375000,1.668763e-01
0.237500,0.375000,1.679966e-01
0.250000,0.375000,1.684094e-01
0.262500,0.375000,1.681147e-01
0.275000,0.375000,1.671124e-01
0.287500,0.375000,1.653887e-01
0.300000,0.375000,1.628898e-01
0.312500,0.375000,1.596105e-01
0.325000,0.375000,1.555508e-01
0.337500,0.375000,1.507106e-01
0.350000,0.375000,1.450900e-01
0.362500,0.375000,1.386890e-01
0.375000,0.375000,1.315075e-01
0.387500,0.375000,1.234148e-01
0.400000,0.375000,1.142639e-01
0.412500,0.375000,1.040547e-01
0.425000,0.375000,9.278737e-02
0.437500,0.375000,8.046176e-02
0.450000,0.375000,6.706979e-02
0.462500,0.375000,5.239548e-02
0.475000,0.375000,3.634278e-02
0.487500,0.375000,1.890978e-02
0.500000,0.375000,0.000000e+00
0.512500,0.375000,0.000000e+00
0.525000,0.375000,0.000000e+00
0.537500,0.375000,0.000000e+00
0.550000,0.375000,0.000000e+00
0.562500,0.375000,0.000000e+00
0.575000,0.375000,0.000000e+00
0.587500,0.375000,0.000000e+00
0.600000,0.375000,0.000000e+00
0.612500,0.375000,0.000000e+00
0.625000,0.375000,0.000000e+00
0.637500,0.375000,0.000000e+00
0.650000,0.375000,0.000000e+00
0.662500,0.375000,0.000000e+00
0.675000,0.375000,0.000000e+00
0.687500,0.375000,0.000000e+00
0.700000,0.375000,0.000000e+00
0.712500,0.375000,0.000000e+00
0.725000,0.375000,0.000000e+00
0.737500,0.375000,0.000000e+00
0.750000,0.375000,0.000000e+00
0.762500,0.375000,0.000000e+00
0.775000,0.375000,0.000000e+00
0.787500,0.375000,0.000000e+00
0.800000,0.375000,0.000000e+00
0.812500,0.375000,0.000000e+00
0.825000,0.375000,0.000000e+00
0.837500,0.375000,0.000000e+00
0.850000,0.375000,0.000000e+00
0.862500,0.375000,0.000000e+00
0.875000,0.375000,0.000000e+00
0.887500,0.375000,0.000000e+00
0.900000,0.375000,0.000000e+00
0.912500,0.375000,0.000000e+00
0.925000,0.375000,0.000000e+00
0.937500,0.375000,0.000000e+00
0.950000,0.375000,0.000000e+00
0.962500,0.375000,0.000000e+00
0.975000,0.375000,0.000000e+00
0.987500,0.375000,0.000000e+00
1.000000,0.375000,0.000000e+00
0.000000,0.387500,0.000000e+00
0.012500,0.387500,1.817092e-02
0.025000,0.387500,3.491259e-02
0.037500,0.387500,5.022502e-02
0.050000,0.387500,6.421434e-02
0.062500,0.387500,7.710035e-02
0.075000,0.387500,8.888976e-02
0.087500,0.387500,9.958259e-02
0.100000,0.387500,1.091788e-01
0.112500,0.387500,1.178061e-01
0.125000,0.387500,1.256253e-01
0.137500,0.387500,1.326367e-01
0.150000,0.387500,1.388404e-01
0.162500,0.387500,1.442364e-01
0.175000,0.387500,1.488247e-01
0.187500,0.387500,1.526167e-01
0.200000,0.387500,1.557117e-01
0.212500,0.387500,1.581328e-01
0.225000,0.387500,1.598799e-01
0.237500,0.387500,1.609529e-01
0.250000,0.387500,1.613520e-01
0.262500,0.387500,1.610771e-01
0.275000,0.387500,1.601281e-01
0.287500,0.387500,1.584918e-01
0.300000,0.387500,1.561164e-01
0.312500,0.387500,1.529970e-01
0.325000,0.387500,1.491335e-01
0.337500,0.387500,1.445260e-01
0.350000,0.387500,1.391744e-01
0.362500,0.387500,1.330788e-01
0.375000,0.387500,1.262391e-01
0.387500,0.387500,1.185249e-01
0.400000,0.387500,1.097898e-01
0.412500,0.387500,1.000336e-01
0.425000,0.387500,8.925651e-02
0.437500,0.387500,7.745836e-02
0.450000,0.387500,6.463055e-02
0.462500,0.387500,5.054336e-02
0.475000,0.387500,3.509465e-02
0.487500,0.387500,1.828228e-02
0.500000,0.387500,0.000000e+00
0.512500,0.387500,0.000000e+00
0.525000,0.387500,0.000000e+00
0.537500,0.387500,0.000000e+00
0.550000,0.387500,0.000000e+00
0.562500,0.387500,0.000000e+00
0.575000,0.387500,0.000000e+00
0.587500,0.387500,0.000000e+00
0.600000,0.387500,0.000000e+00
0.612500,0.387500,0.000000e+00
0.625000,0.387500,0.000000e+00
0.637500,0.387500,0.000000e+00
0.650000,0.387500,0.000000e+00
0.662500,0.387500,0.000000e+00
0.675000,0.387500,0.000000e+00
0.687500,0.387500,0.000000e+00
0.700000,0.387500,0.000000e+00
0.712500,0.387500,0.000000e+00
0.725000,0.387500,0.000000e+00
0.737500,0.387500,0.000000e+00
0.750000,0.387500,0.000000e+00
0.762500,0.387500,0.000000e+00
0.775000,0.387500,0.000000e+00
0.787500,0.387500,0.000000e+00
0.800000,0.387500,0.000000e+00
0.812500,0.387500,0.000000e+00
0.825000,0.387500,0.000000e+00
0.837500,0.387500,0.000000e+00
0.850000,0.387500,0.000000e+00
0.862500,0.387500,0.000000e+00
0.875000,0.387500,0.000000e+00
0.887500,0.387500,0.000000e+00
0.900000,0.387500,0.000000e+00
0.912500,0.387500,0.000000e+00
0.925000,0.387500,0.000000e+00
0.937500,0.387500,0.000000e+00
0.950000,0.387500,0.000000e+00
0.962500,0.387500,0.000000e+00
0.975000,0.387500,0.000000e+00
0.987500,0.387500,0.000000e+00
1.000000,0.387500,0.000000e+00
0.000000,0.400000,0.000000e+00
0.012500,0.400000,1.744406e-02
0.025000,0.400000,3.347084e-02
0.037500,0.400000,4.808033e-02
0.050000,0.400000,6.138861e-02
0.062500,0.400000,7.363598e-02
0.075000,0.400000,8.482980e-02
0.087500,0.400000,9.497007e-02
0.100000,0.400000,1.040568e-01
0.112500,0.400000,1.122182e-01
0.125000,0.400000,1.196156e-01
0.137500,0.400000,1.262496e-01
0.150000,0.400000,1.321201e-01
0.162500,0.400000,1.372271e-01
0.175000,0.400000,1.415707e-01
0.187500,0.400000,1.451617e-01
0.200000,0.400000,1.480938e-01
0.212500,0.400000,1.503889e-01
0.225000,0.400000,1.520469e-01
0.237500,0.400000,1.530678e-01
0.250000,0.400000,1.534516e-01
0.262500,0.400000,1.531984e-01
0.275000,0.400000,1.523080e-01
0.287500,0.400000,1.507678e-01
0.300000,0.400000,1.485290e-01
0.312500,0.400000,1.455866e-01
0.325000,0.400000,1.419408e-01
0.337500,0.400000,1.375915e-01
0.350000,0.400000,1.325387e-01
0.362500,0.400000,1.267824e-01
0.375000,0.400000,1.203227e-01
0.387500,0.400000,1.130299e-01
0.400000,0.400000,1.047590e-01
0.412500,0.400000,9.550976e-02
0.425000,0.400000,8.528219e-02
0.437500,0.400000,7.407630e-02
0.450000,0.400000,6.188285e-02
0.462500,0.400000,4.845647e-02
0.475000,0.400000,3.368802e-02
0.487500,0.400000,1.757515e-02
0.500000,0.400000,0.000000e+00
0.512500,0.400000,0.000000e+00
0.525000,0.400000,0.000000e+00
0.537500,0.400000,0.000000e+00
0.550000,0.400000,0.000000e+00
0.562500,0.400000,0.000000e+00
0.575000,0.400000,0.000000e+00
0.587500,0.400000,0.000000e+00
0.600000,0.400000,0.000000e+00
0.612500,0.400000,0.000000e+00
0.625000,0.400000,0.000000e+00
0.637500,0.400000,0.000000e+00
0.650000,0.400000,0.000000e+00
0.662500,0.400000,0.000000e+00
0.675000,0.400000,0.000000e+00
0.687500,0.400000,0.000000e+00
0.700000,0.400000,0.000000e+00
0.712500,0.400000,0.000000e+00
0.725000,0.400000,0.000000e+00
0.737500,0.400000,0.000000e+00
0.750000,0.400000,0.000000e+00
0.762500,0.400000,0.000000e+00
0.775000,0.400000,0.000000e+00
0.787500,0.400000,0.000000e+00
0.800000,0.400000,0.000000e+00
0.812500,0.400000,0.000000e+00
0.825000,0.400000,0.000000e+00
0.837500,0.400000,0.000000e+00
0.850000,0.400000,0.000000e+00
0.862500,0.400000,0.000000e+00
0.875000,0.400000,0.000000e+00
0.887500,0.400000,0.000000e+00
0.900000,0.400000,0.000000e+00
0.912500,0.400000,0.000000e+00
0.925000,0.400000,0.000000e+00
0.937500,0.400000,0.000000e+00
0.950000,0.400000,0.000000e+00
0.962500,0.400000,0.000000e+00
0.975000,0.400000,0.000000e+00
0.987500,0.400000,0.000000e+00
1.000000,0.400000,0.000000e+00
0.000000,0.412500,0.000000e+00
0.012500,0.412500,1.663519e-02
0.025000,0.412500,3.186637e-02
0.037500,0.412500,4.569351e-02
0.050000,0.412500,5.824407e-02
0.062500,0.412500,6.978189e-02
0.075000,0.412500,8.031504e-02
0.087500,0.412500,8.984352e-02
0.100000,0.412500,9.836733e-02
0.112500,0.412500,1.060148e-01
0.125000,0.412500,1.129474e-01
0.137500,0.412500,1.191657e-01
0.150000,0.412500,1.246696e-01
0.162500,0.412500,1.294592e-01
0.175000,0.412500,1.335345e-01
0.187500,0.412500,1.369055e-01
0.200000,0.412500,1.396595e-01
0.212500,0.412500,1.418168e-01
0.225000,0.412500,1.433774e-01
0.237500,0.412500,1.443411e-01
0.250000,0.412500,1.447082e-01
0.262500,0.412500,1.444785e-01
0.275000,0.412500,1.436521e-01
0.287500,0.412500,1.422170e-01
0.300000,0.412500,1.401276e-01
0.312500,0.412500,1.373795e-01
0.325000,0.412500,1.339727e-01
0.337500,0.412500,1.299072e-01
0.350000,0.412500,1.251830e-01
0.362500,0.412500,1.198000e-01
0.375000,0.412500,1.137583e-01
0.387500,0.412500,1.069300e-01
0.400000,0.412500,9.917160e-02
0.412500,0.412500,9.048308e-02
0.425000,0.412500,8.086441e-02
0.437500,0.412500,7.031559e-02
0.450000,0.412500,5.882671e-02
0.462500,0.412500,4.613479e-02
0.475000,0.412500,3.212290e-02
0.487500,0.412500,1.678839e-02
0.500000,0.412500,0.000000e+00
0.512500,0.412500,0.000000e+00
0.525000,0.412500,0.000000e+00
0.537500,0.412500,0.000000e+00
0.550000,0.412500,0.000000e+00
0.562500,0.412500,0.000000e+00
0.575000,0.412500,0.000000e+00
0.587500,0.412500,0.000000e+00
0.600000,0.412500,0.000000e+00
0.612500,0.412500,0.000000e+00
0.625000,0.412500,0.000000e+00
0.637500,0.412500,0.000000e+00
0.650000,0.412500,0.000000e+00
0.662500,0.412500,0.000000e+00
0.675000,0.412500,0.000000e+00
0.687500,0.412500,0.000000e+00
0.700000,0.412500,0.000000e+00
0.712500,0.412500,0.000000e+00
0.725000,0.412500,0.000000e+00
0.737500,0.412500,0.000000e+00
0.750000,0.412500,0.000000e+00
0.762500,0.412500,0.000000e+00
0.775000,0.412500,0.000000e+00
0.787500,0.412500,0.000000e+00
0.800000,0.412500,0.000000e+00
0.812500,0.412500,0.000000e+00
0.825000,0.412500,0.000000e+00
0.837500,0.412500,0.000000e+00
0.850000,0.412500,0.000000e+00
0.862500,0.412500,0.000000e+00
0.875000,0.412500,0.000000e+00
0.887500,0.412500,0.000000e+00
0.900000,0.412500,0.000000e+00
0.912500,0.412500,0.000000e+00
0.925000,0.412500,0.000000e+00
0.937500,0.412500,0.000000e+00
0.950000,0.412500,0.000000e+00
0.962500,0.412500,0.000000e+00
0.975000,0.412500,0.000000e+00
0.987500,0.412500,0.000000e+00
1.000000,0.412500,0.000000e+00
0.000000,0.425000,0.000000e+00
0.012500,0.425000,1.571520e-02
0.025000,0.425000,3.004777e-02
0.037500,0.425000,4.299771e-02
0.050000,0.425000,5.470400e-02
0.062500,0.425000,6.545444e-02
0.075000,0.425000,7.525781e-02
0.087500,0.425000,8.411414e-02
0.100000,0.425000,9.202341e-02
0.112500,0.425000,9.911225e-02
0.125000,0.425000,1.055400e-01
0.137500,0.425000,1.113072e-01
0.150000,0.425000,1.164137e-01
0.162500,0.425000,1.208598e-01
0.175000,0.425000,1.246452e-01
0.187500,0.425000,1.277792e-01
0.200000,0.425000,1.303415e-01
0.212500,0.425000,1.323504e-01
0.225000,0.425000,1.338061e-01
0.237500,0.425000,1.347084e-01
0.250000,0.425000,1.350573e-01
0.262500,0.425000,1.348530e-01
0.275000,0.425000,1.340953e-01
0.287500,0.425000,1.327734e-01
0.300000,0.425000,1.308455e-01
0.312500,0.425000,1.283075e-01
0.325000,0.425000,1.251594e-01
0.337500,0.425000,1.214012e-01
0.350000,0.425000,1.170328e-01
0.362500,0.425000,1.120544e-01
0.375000,0.425000,1.064659e-01
0.387500,0.425000,1.001425e-01
0.400000,0.425000,9.294452e-02
0.412500,0.425000,8.487174e-02
0.425000,0.425000,7.592419e-02
0.437500,0.425000,6.610186e-02
0.450000,0.425000,5.539420e-02
0.462500,0.425000,4.352085e-02
0.475000,0.425000,3.035711e-02
0.487500,0.425000,1.590000e-02
0.500000,0.425000,0.000000e+00
0.512500,0.425000,0.000000e+00
0.525000,0.425000,0.000000e+00
0.537500,0.425000,0.000000e+00
0.550000,0.425000,0.000000e+00
0.562500,0.425000,0.000000e+00
0.575000,0.425000,0.000000e+00
0.587500,0.425000,0.000000e+00
0.600000,0.425000,0.000000e+00
0.612500,0.425000,0.000000e+00
0.625000,0.425000,0.000000e+00
0.637500,0.425000,0.000000e+00
0.650000,0.425000,0.000000e+00
0.662500,0.425000,0.000000e+00
0.675000,0.425000,0.000000e+00
0.687500,0.425000,0.000000e+00
0.700000,0.425000,0.000000e+00
0.712500,0.425000,0.000000e+00
0.725000,0.425000,0.000000e+00
0.737500,0.425000,0.000000e+00
0.750000,0.425000,0.000000e+00
0.762500,0.425000,0.000000e+00
0.775000,0.425000,0.000000e+00
0.787500,0.425000,0.000000e+00
0.800000,0.425000,0.000000e+00
0.812500,0.425000,0.000000e+00
0.825000,0.425000,0.000000e+00
0.837500,0.425000,0.000000e+00
0.850000,0.425000,0.000000e+00
0.862500,0.425000,0.000000e+00
0.875000,0.425000,0.000000e+00
0.887500,0.425000,0.000000e+00
0.900000,0.425000,0.000000e+00
0.912500,0.425000,0.000000e+00
0.925000,0.425000,0.000000e+00
0.937500,0.425000,0.000000e+00
0.950000,0.425000,0.000000e+00
0.962500,0.425000,0.000000e+00
0.975000,0.425000,0.000000e+00
0.987500,0.425000,0.000000e+00
1.000000,0.425000,0.000000e+00
0.000000,0.437500,0.000000e+00
0.012500,0.437500,1.460154e-02
0.025000,0.437500,2.786932e-02
0.037500,0.437500,3.980335e-02
0.050000,0.437500,5.055081e-02
0.062500,0.437500,6.041643e-02
0.075000,0.437500,6.940954e-02
0.087500,0.437500,7.753014e-02
0.100000,0.437500,8.477823e-02
0.112500,0.437500,9.127300e-02
0.125000,0.437500,9.716446e-02
0.137500,0.437500,1.024531e-01
0.150000,0.437500,1.071389e-01
0.162500,0.437500,1.112218e-01
0.175000,0.437500,1.147019e-01
0.187500,0.437500,1.175873e-01
0.200000,0.437500,1.199487e-01
0.212500,0.437500,1.218022e-01
0.225000,0.437500,1.231480e-01
0.237500,0.437500,1.239861e-01
0.250000,0.437500,1.243163e-01
0.262500,0.437500,1.241388e-01
0.275000,0.437500,1.234536e-01
0.287500,0.437500,1.222508e-01
0.300000,0.437500,1.204932e-01
0.312500,0.437500,1.181771e-01
0.325000,0.437500,1.153024e-01
0.337500,0.437500,1.118692e-01
0.350000,0.437500,1.078775e-01
0.362500,0.437500,1.033272e-01
0.375000,0.437500,9.821845e-02
0.387500,0.437500,9.243396e-02
0.400000,0.437500,8.584236e-02
0.412500,0.437500,7.844354e-02
0.425000,0.437500,7.023750e-02
0.437500,0.437500,6.122424e-02
0.450000,0.437500,5.139278e-02
0.462500,0.437500,4.045160e-02
0.475000,0.437500,2.827108e-02
0.487500,0.437500,1.484757e-02
0.500000,0.437500,0.000000e+00
0.512500,0.437500,0.000000e+00
0.525000,0.437500,0.000000e+00
0.537500,0.437500,0.000000e+00
0.550000,0.437500,0.000000e+00
0.562500,0.437500,0.000000e+00
0.575000,0.437500,0.000000e+00
0.587500,0.437500,0.000000e+00
0.600000,0.437500,0.000000e+00
0.612500,0.437500,0.000000e+00
0.625000,0.437500,0.000000e+00
0.637500,0.437500,0.000000e+00
0.650000,0.437500,0.000000e+00
0.662500,0.437500,0.000000e+00
0.675000,0.437500,0.000000e+00
0.687500,0.437500,0.000000e+00
0.700000,0.437500,0.000000e+00
0.712500,0.437500,0.000000e+00
0.725000,0.437500,0.000000e+00
0.737500,0.437500,0.000000e+00
0.750000,0.437500,0.000000e+00
0.762500,0.437500,0.000000e+00
0.775000,0.437500,0.000000e+00
0.787500,0.437500,0.000000e+00
0.800000,0.437500,0.000000e+00
0.812500,0.437500,0.000000e+00
0.825000,0.437500,0.000000e+00
0.837500,0.437500,0.000000e+00
0.850000,0.437500,0.000000e+00
0.862500,0.437500,0.000000e+00
0.875000,0.437500,0.000000e+00
0.887500,0.437500,0.000000e+00
0.900000,0.437500,0.000000e+00
0.912500,0.437500,0.000000e+00
0.925000,0.437500,0.000000e+00
0.937500,0.437500,0.000000e+00
0.950000,0.437500,0.000000e+00
0.962500,0.437500,0.000000e+00
0.975000,0.437500,0.000000e+00
0.987500,0.437500,0.000000e+00
1.000000,0.437500,0.000000e+00
0.000000,0.450000,0.000000e+00
0.012500,0.450000,1.328916e-02
0.025000,0.450000,2.532212e-02
0.037500,0.450000,3.609888e-02
0.050000,0.450000,4.577123e-02
0.062500,0.450000,5.465342e-02
0.075000,0.450000,6.275506e-02
0.087500,0.450000,7.007617e-02
0.100000,0.450000,7.661674e-02
0.112500,0.450000,8.248259e-02
0.125000,0.450000,8.780686e-02
0.137500,0.450000,9.258998e-02
0.150000,0.450000,9.683196e-02
0.162500,0.450000,1.005328e-01
0.175000,0.450000,1.036925e-01
0.187500,0.450000,1.063180e-01
0.200000,0.450000,1.084694e-01
0.212500,0.450000,1.101607e-01
0.225000,0.450000,1.113919e-01
0.237500,0.450000,1.121630e-01
0.250000,0.450000,1.124740e-01
0.262500,0.450000,1.123249e-01
0.275000,0.450000,1.117157e-01
0.287500,0.450000,1.106379e-01
0.300000,0.450000,1.090592e-01
0.312500,0.450000,1.069765e-01
0.325000,0.450000,1.043898e-01
0.337500,0.450000,1.012990e-01
0.350000,0.450000,9.770409e-02
0.362500,0.450000,9.360517e-02
0.375000,0.450000,8.900220e-02
0.387500,0.450000,8.379004e-02
0.400000,0.450000,7.785079e-02
0.412500,0.450000,7.118434e-02
0.425000,0.450000,6.379070e-02
0.437500,0.450000,5.566986e-02
0.450000,0.450000,4.681069e-02
0.462500,0.450000,3.691712e-02
0.475000,0.450000,2.585751e-02
0.487500,0.450000,1.362730e-02
0.500000,0.450000,0.000000e+00
0.512500,0.450000,0.000000e+00
0.525000,0.450000,0.000000e+00
0.537500,0.450000,0.000000e+00
0.550000,0.450000,0.000000e+00
0.562500,0.450000,0.000000e+00
0.575000,0.450000,0.000000e+00
0.587500,0.450000,0.000000e+00
0.600000,0.450000,0.000000e+00
0.612500,0.450000,0.000000e+00
0.625000,0.450000,0.000000e+00
0.637500,0.450000,0.000000e+00
0.650000,0.450000,0.000000e+00
0.662500,0.450000,0.000000e+00
0.675000,0.450000,0.000000e+00
0.687500,0.450000,0.000000e+00
0.700000,0.450000,0.000000e+00
0.712500,0.450000,0.000000e+00
0.725000,0.450000,0.000000e+00
0.737500,0.450000,0.000000e+00
0.750000,0.450000,0.000000e+00
0.762500,0.450000,0.000000e+00
0.775000,0.450000,0.000000e+00
0.787500,0.450000,0.000000e+00
0.800000,0.450000,0.000000e+00
0.812500,0.450000,0.000000e+00
0.825000,0.450000,0.000000e+00
0.837500,0.450000,0.000000e+00
0.850000,0.450000,0.000000e+00
0.862500,0.450000,0.000000e+00
0.875000,0.450000,0.000000e+00
0.887500,0.450000,0.000000e+00
0.900000,0.450000,0.000000e+00
0.912500,0.450000,0.000000e+00
0.925000,0.450000,0.000000e+00
0.937500,0.450000,0.000000e+00
0.950000,0.450000,0.000000e+00
0.962500,0.450000,0.000000e+00
0.975000,0.450000,0.000000e+00
0.987500,0.450000,0.000000e+00
1.000000,0.450000,0.000000e+00
0.000000,0.462500,0.000000e+00
0.012500,0.462500,1.177808e-02
0.025000,0.462500,2.240619e-02
0.037500,0.462500,3.188431e-02
0.050000,0.462500,4.036526e-02
0.062500,0.462500,4.816539e-02
0.075000,0.462500,5.529438e-02
0.087500,0.462500,6.175224e-02
0.100000,0.462500,6.753895e-02
0.112500,0.462500,7.274100e-02
0.125000,0.462500,7.746719e-02
0.137500,0.462500,8.171787e-02
0.150000,0.462500,8.549304e-02
0.162500,0.462500,8.879269e-02
0.175000,0.462500,9.161684e-02
0.187500,0.462500,9.397105e-02
0.200000,0.462500,9.590369e-02
0.212500,0.462500,9.742595e-02
0.225000,0.462500,9.853783e-02
0.237500,0.462500,9.923933e-02
0.250000,0.462500,9.953046e-02
0.262500,0.462500,9.941121e-02
0.275000,0.462500,9.888158e-02
0.287500,0.462500,9.793460e-02
0.300000,0.462500,9.654356e-02
0.312500,0.462500,9.470585e-02
0.325000,0.462500,9.242146e-02
0.337500,0.462500,8.969039e-02
0.350000,0.462500,8.651264e-02
0.362500,0.462500,8.288822e-02
0.375000,0.462500,7.881712e-02
0.387500,0.462500,7.421076e-02
0.400000,0.462500,6.896979e-02
0.412500,0.462500,6.309413e-02
0.425000,0.462500,5.658378e-02
0.437500,0.462500,4.943874e-02
0.450000,0.462500,4.164794e-02
0.462500,0.462500,3.291740e-02
0.475000,0.462500,2.311640e-02
0.487500,0.462500,1.223919e-02
0.500000,0.462500,0.000000e+00
0.512500,0.462500,0.000000e+00
0.525000,0.462500,0.000000e+00
0.537500,0.462500,0.000000e+00
0.550000,0.462500,0.000000e+00
0.562500,0.462500,0.000000e+00
0.575000,0.462500,0.000000e+00
0.587500,0.462500,0.000000e+00
0.600000,0.462500,0.000000e+00
0.612500,0.462500,0.000000e+00
0.625000,0.462500,0.000000e+00
0.637500,0.462500,0.000000e+00
0.650000,0.462500,0.000000e+00
0.662500,0.462500,0.000000e+00
0.675000,0.462500,0.000000e+00
0.687500,0.462500,0.000000e+00
0.700000,0.462500,0.000000e+00
0.712500,0.462500,0.000000e+00
0.725000,0.462500,0.000000e+00
0.737500,0.462500,0.000000e+00
0.750000,0.462500,0.000000e+00
0.762500,0.462500,0.000000e+00
0.775000,0.462500,0.000000e+00
0.787500,0.462500,0.000000e+00
0.800000,0.462500,0.000000e+00
0.812500,0.462500,0.000000e+00
0.825000,0.462500,0.000000e+00
0.837500,0.462500,0.000000e+00
0.850000,0.462500,0.000000e+00
0.862500,0.462500,0.000000e+00
0.875000,0.462500,0.000000e+00
0.887500,0.462500,0.000000e+00
0.900000,0.462500,0.000000e+00
0.912500,0.462500,0.000000e+00
0.925000,0.462500,0.000000e+00
0.937500,0.462500,0.000000e+00
0.950000,0.462500,0.000000e+00
0.962500,0.462500,0.000000e+00
0.975000,0.462500,0.000000e+00
0.987500,0.462500,0.000000e+00
1.000000,0.462500,0.000000e+00
0.000000,0.475000,0.000000e+00
0.012500,0.475000,1.006829e-02
0.025000,0.475000,1.912151e-02
0.037500,0.475000,2.715963e-02
0.050000,0.475000,3.433291e-02
0.062500,0.475000,4.095236e-02
0.075000,0.475000,4.702750e-02
0.087500,0.475000,5.255833e-02
0.100000,0.475000,5.754486e-02
0.112500,0.475000,6.204825e-02
0.125000,0.475000,6.614546e-02
0.137500,0.475000,6.983675e-02
0.150000,0.475000,7.312210e-02
0.162500,0.475000,7.600152e-02
0.175000,0.475000,7.847501e-02
0.187500,0.475000,8.054662e-02
0.200000,0.475000,8.225154e-02
0.212500,0.475000,8.359789e-02
0.225000,0.475000,8.458569e-02
0.237500,0.475000,8.521492e-02
0.250000,0.475000,8.548560e-02
0.262500,0.475000,8.539771e-02
0.275000,0.475000,8.495127e-02
0.287500,0.475000,8.414091e-02
0.300000,0.475000,8.294617e-02
0.312500,0.475000,8.136502e-02
0.325000,0.475000,7.939746e-02
0.337500,0.475000,7.704351e-02
0.350000,0.475000,7.430315e-02
0.362500,0.475000,7.117638e-02
0.375000,0.475000,6.766321e-02
0.387500,0.475000,6.369612e-02
0.400000,0.475000,5.919938e-02
0.412500,0.475000,5.417292e-02
0.425000,0.475000,4.861675e-02
0.437500,0.475000,4.253087e-02
0.450000,0.475000,3.590453e-02
0.462500,0.475000,2.845245e-02
0.475000,0.475000,2.004775e-02
0.487500,0.475000,1.068325e-02
0.500000,0.475000,0.000000e+00
0.512500,0.475000,0.000000e+00
0.525000,0.475000,0.000000e+00
0.537500,0.475000,0.000000e+00
0.550000,0.475000,0.000000e+00
0.562500,0.475000,0.000000e+00
0.575000,0.475000,0.000000e+00
0.587500,0.475000,0.000000e+00
0.600000,0.475000,0.000000e+00
0.612500,0.475000,0.000000e+00
0.625000,0.475000,0.000000e+00
0.637500,0.475000,0.000000e+00
0.650000,0.475000,0.000000e+00
0.662500,0.475000,0.000000e+00
0.675000,0.475000,0.000000e+00
0.687500,0.475000,0.000000e+00
0.700000,0.475000,0.000000e+00
0.712500,0.475000,0.000000e+00
0.725000,0.475000,0.000000e+00
0.737500,0.475000,0.000000e+00
0.750000,0.475000,0.000000e+00
0.762500,0.475000,0.000000e+00
0.775000,0.475000,0.000000e+00
0.787500,0.475000,0.000000e+00
0.800000,0.475000,0.000000e+00
0.812500,0.475000,0.000000e+00
0.825000,0.475000,0.000000e+00
0.837500,0.475000,0.000000e+00
0.850000,0.475000,0.000000e+00
0.862500,0.475000,0.000000e+00
0.875000,0.475000,0.000000e+00
0.887500,0.475000,0.000000e+00
0.900000,0.475000,0.000000e+00
0.912500,0.475000,0.000000e+00
0.925000,0.475000,0.000000e+00
0.937500,0.475000,0.000000e+00
0.950000,0.475000,0.000000e+00
0.962500,0.475000,0.000000e+00
0.975000,0.475000,0.000000e+00
0.987500,0.475000,0.000000e+00
1.000000,0.475000,0.000000e+00
0.000000,0.487500,0.000000e+00
0.012500,0.487500,7.957053e-03
0.025000,0.487500,1.515680e-02
0.037500,0.487500,2.159925e-02
0.050000,0.487500,2.739582e-02
0.062500,0.487500,3.277717e-02
0.075000,0.487500,3.775038e-02
0.087500,0.487500,4.231543e-02
0.100000,0.487500,4.647234e-02
0.112500,0.487500,5.025411e-02
0.125000,0.487500,5.370227e-02
0.137500,0.487500,5.681694e-02
0.150000,0.487500,5.959814e-02
0.162500,0.487500,6.204586e-02
0.175000,0.487500,6.416010e-02
0.187500,0.487500,6.594324e-02
0.200000,0.487500,6.741593e-02
0.212500,0.487500,6.858295e-02
0.225000,0.487500,6.944431e-02
0.237500,0.487500,6.999999e-02
0.250000,0.487500,7.025000e-02
0.262500,0.487500,7.019434e-02
0.275000,0.487500,6.983301e-02
0.287500,0.487500,6.916246e-02
0.300000,0.487500,6.816912e-02
0.312500,0.487500,6.685164e-02
0.325000,0.487500,6.521002e-02
0.337500,0.487500,6.324428e-02
0.350000,0.487500,6.095439e-02
0.362500,0.487500,5.834038e-02
0.375000,0.487500,5.540223e-02
0.387500,0.487500,5.209668e-02
0.400000,0.487500,4.837523e-02
0.412500,0.487500,4.423783e-02
0.425000,0.487500,3.968448e-02
0.437500,0.487500,3.471517e-02
0.450000,0.487500,2.932128e-02
0.462500,0.487500,2.327332e-02
0.475000,0.487500,1.646925e-02
0.487500,0.487500,8.897852e-03
0.500000,0.487500,0.000000e+00
0.512500,0.487500,0.000000e+00
0.525000,0.487500,0.000000e+00
0.537500,0.487500,0.000000e+00
0.550000,0.487500,0.000000e+00
0.562500,0.487500,0.000000e+00
0.575000,0.487500,0.000000e+00
0.587500,0.487500,0.000000e+00
0.600000,0.487500,0.000000e+00
0.612500,0.487500,0.000000e+00
0.625000,0.487500,0.000000e+00
0.637500,0.487500,0.000000e+00
0.650000,0.487500,0.000000e+00
0.662500,0.487500,0.000000e+00
0.675000,0.487500,0.000000e+00
0.687500,0.487500,0.000000e+00
0.700000,0.487500,0.000000e+00
0.712500,0.487500,0.000000e+00
0.725000,0.487500,0.000000e+00
0.737500,0.487500,0.000000e+00
0.750000,0.487500,0.000000e+00
0.762500,0.487500,0.000000e+00
0.775000,0.487500,0.000000e+00
0.787500,0.487500,0.000000e+00
0.800000,0.487500,0.000000e+00
0.812500,0.487500,0.000000e+00
0.825000,0.487500,0.000000e+00
0.837500,0.487500,0.000000e+00
0.850000,0.487500,0.000000e+00
0.862500,0.487500,0.000000e+00
0.875000,0.487500,0.000000e+00
0.887500,0.487500,0.000000e+00
0.900000,0.487500,0.000000e+00
0.912500,0.487500,0.000000e+00
0.925000,0.487500,0.000000e+00
0.937500,0.487500,0.000000e+00
0.950000,0.487500,0.000000e+00
0.962500,0.487500,0.000000e+00
0.975000,0.487500,0.000000e+00
0.987500,0.487500,0.000000e+00
1.000000,0.487500,0.000000e+00
0.000000,0.500000,0.000000e+00
0.012500,0.500000,5.238025e-03
0.025000,0.500000,1.019529e-02
0.037500,0.500000,1.487181e-02
0.050000,0.500000,1.927071e-02
0.062500,0.500000,2.339850e-02
0.075000,0.500000,2.725538e-02
0.087500,0.500000,3.084134e-02
0.100000,0.500000,3.415640e-02
0.112500,0.500000,3.720570e-02
0.125000,0.500000,3.999572e-02
0.137500,0.500000,4.252650e-02
0.150000,0.500000,4.479803e-02
0.162500,0.500000,4.681030e-02
0.175000,0.500000,4.856333e-02
0.187500,0.500000,5.005766e-02
0.200000,0.500000,5.129814e-02
0.212500,0.500000,5.228587e-02
0.225000,0.500000,5.302087e-02
0.237500,0.500000,5.350312e-02
0.250000,0.500000,5.373264e-02
0.262500,0.500000,5.370941e-02
0.275000,0.500000,5.343344e-02
0.287500,0.500000,5.290319e-02
0.300000,0.500000,5.211273e-02
0.312500,0.500000,5.106149e-02
0.325000,0.500000,4.974946e-02
0.337500,0.500000,4.817664e-02
0.350000,0.500000,4.634304e-02
0.362500,0.500000,4.424865e-02
0.375000,0.500000,4.189348e-02
0.387500,0.500000,3.926038e-02
0.400000,0.500000,3.633014e-02
0.412500,0.500000,3.310275e-02
0.425000,0.500000,2.957820e-02
0.437500,0.500000,2.575650e-02
0.450000,0.500000,2.163443e-02
0.462500,0.500000,1.712669e-02
0.475000,0.500000,1.219533e-02
0.487500,0.500000,6.820312e-03
0.500000,0.500000,0.000000e+00
0.512500,0.500000,0.000000e+00
0.525000,0.500000,0.000000e+00
0.537500,0.500000,0.000000e+00
0.550000,0.500000,0.000000e+00
0.562500,0.500000,0.000000e+00
0.575000,0.500000,0.000000e+00
0.587500,0.500000,0.000000e+00
0.600000,0.500000,0.000000e+00
0.612500,0.500000,0.000000e+00
0.625000,0.500000,0.000000e+00
0.637500,0.500000,0.000000e+00
0.650000,0.500000,0.000000e+00
0.662500,0.500000,0.000000e+00
0.675000,0.500000,0.000000e+00
0.687500,0.500000,0.000000e+00
0.700000,0.500000,0.000000e+00
0.712500,0.500000,0.000000e+00
0.725000,0.500000,0.000000e+00
0.737500,0.500000,0.000000e+00
0.750000,0.500000,0.000000e+00
0.762500,0.500000,0.000000e+00
0.775000,0.500000,0.000000e+00
0.787500,0.500000,0.000000e+00
0.800000,0.500000,0.000000e+00
0.812500,0.500000,0.000000e+00
0.825000,0.500000,0.000000e+00
0.837500,0.500000,0.000000e+00
0.850000,0.500000,0.000000e+00
0.862500,0.500000,0.000000e+00
0.875000,0.500000,0.000000e+00
0.887500,0.500000,0.000000e+00
0.900000,0.500000,0.000000e+00
0.912500,0.500000,0.000000e+00
0.925000,0.500000,0.000000e+00
0.937500,0.500000,0.000000e+00
0.950000,0.500000,0.000000e+00
0.962500,0.500000,0.000000e+00
0.975000,0.500000,0.000000e+00
0.987500,0.500000,0.000000e+00
1.000000,0.500000,0.000000e+00
0.000000,0.512500,0.000000e+00
0.012500,0.512500,4.967509e-03
0.025000,0.512500,9.700456e-03
0.037500,0.512500,1.419884e-02
0.050000,0.512500,1.845554e-02
0.062500,0.512500,2.245582e-02
0.075000,0.512500,2.619924e-02
0.087500,0.512500,2.968578e-02
0.100000,0.512500,3.291545e-02
0.112500,0.512500,3.589050e-02
0.125000,0.512500,3.861374e-02
0.137500,0.512500,4.108518e-02
0.150000,0.512500,4.330482e-02
0.162500,0.512500,4.527266e-02
0.175000,0.512500,4.698870e-02
0.187500,0.512500,4.845334e-02
0.200000,0.512500,4.966998e-02
0.212500,0.512500,5.063940e-02
0.225000,0.512500,5.136162e-02
0.237500,0.512500,5.183662e-02
0.250000,0.512500,5.206440e-02
0.262500,0.512500,5.204497e-02
0.275000,0.512500,5.177833e-02
0.287500,0.512500,5.126309e-02
0.300000,0.512500,5.049394e-02
0.312500,0.512500,4.947035e-02
0.325000,0.512500,4.819232e-02
0.337500,0.512500,4.665986e-02
0.350000,0.512500,4.487296e-02
0.362500,0.512500,4.283163e-02
0.375000,0.512500,4.053586e-02
0.387500,0.512500,3.797232e-02
0.400000,0.512500,3.512603e-02
0.412500,0.512500,3.199698e-02
0.425000,0.512500,2.858518e-02
0.437500,0.512500,2.489062e-02
0.450000,0.512500,2.091115e-02
0.462500,0.512500,1.658935e-02
0.475000,0.512500,1.189971e-02
0.487500,0.512500,6.842377e-03
0.500000,0.512500,1.425073e-03
0.512500,0.512500,1.048562e-03
0.525000,0.512500,8.730831e-04
0.537500,0.512500,7.612021e-04
0.550000,0.512500,6.771954e-04
0.562500,0.512500,6.210440e-04
0.575000,0.512500,5.800687e-04
0.587500,0.512500,5.434292e-04
0.600000,0.512500,5.111255e-04
0.612500,0.512500,4.831574e-04
0.625000,0.512500,4.595252e-04
0.637500,0.512500,4.402286e-04
0.650000,0.512500,4.235755e-04
0.662500,0.512500,4.077743e-04
0.675000,0.512500,3.928245e-04
0.687500,0.512500,3.787262e-04
0.700000,0.512500,3.654794e-04
0.712500,0.512500,3.530841e-04
0.725000,0.512500,3.415403e-04
0.737500,0.512500,3.308479e-04
0.750000,0.512500,3.205368e-04
0.762500,0.512500,3.101540e-04
0.775000,0.512500,2.996995e-04
0.787500,0.512500,2.891734e-04
0.800000,0.512500,2.785756e-04
0.812500,0.512500,2.679062e-04
0.825000,0.512500,2.571650e-04
0.837500,0.512500,2.463522e-04
0.850000,0.512500,2.354100e-04
0.862500,0.512500,2.237434e-04
0.875000,0.512500,2.111955e-04
0.887500,0.512500,1.977665e-04
0.900000,0.512500,1.834562e-04
0.912500,0.512500,1.682648e-04
0.925000,0.512500,1.521921e-04
0.937500,0.512500,1.352382e-04
0.950000,0.512500,1.164302e-04
0.962500,0.512500,9.355386e-05
0.975000,0.512500,6.652337e-05
0.987500,0.512500,3.533875e-05
1.000000,0.512500,0.000000e+00
0.000000,0.525000,0.000000e+00
0.012500,0.525000,4.746910e-03
0.025000,0.525000,9.287220e-03
0.037500,0.525000,1.362093e-02
0.050000,0.525000,1.773640e-02
0.062500,0.525000,2.160953e-02
0.075000,0.525000,2.523958e-02
0.087500,0.525000,2.862655e-02
0.100000,0.525000,3.177045e-02
0.112500,0.525000,3.467071e-02
0.125000,0.525000,3.732664e-02
0.137500,0.525000,3.973823e-02
0.150000,0.525000,4.190549e-02
0.162500,0.525000,4.382840e-02
0.175000,0.525000,4.550698e-02
0.187500,0.525000,4.694145e-02
0.200000,0.525000,4.813384e-02
0.212500,0.525000,4.908460e-02
0.225000,0.525000,4.979373e-02
0.237500,0.525000,5.026125e-02
0.250000,0.525000,5.048714e-02
0.262500,0.525000,5.047140e-02
0.275000,0.525000,5.021405e-02
0.287500,0.525000,4.971397e-02
0.300000,0.525000,4.896696e-02
0.312500,0.525000,4.797262e-02
0.325000,0.525000,4.673093e-02
0.337500,0.525000,4.524191e-02
0.350000,0.525000,4.350554e-02
0.362500,0.525000,4.152184e-02
0.375000,0.525000,3.929079e-02
0.387500,0.525000,3.680226e-02
0.400000,0.525000,3.404487e-02
0.412500,0.525000,3.101861e-02
0.425000,0.525000,2.772348e-02
0.437500,0.525000,2.415948e-02
0.450000,0.525000,2.032632e-02
0.462500,0.525000,1.621654e-02
0.475000,0.525000,1.182681e-02
0.487500,0.525000,7.159566e-03
0.500000,0.525000,2.336741e-03
0.512500,0.525000,1.929950e-03
0.525000,0.525000,1.663184e-03
0.537500,0.525000,1.467246e-03
0.550000,0.525000,1.317159e-03
0.562500,0.525000,1.212893e-03
0.575000,0.525000,1.134142e-03
0.587500,0.525000,1.063544e-03
0.600000,0.525000,1.001098e-03
0.612500,0.525000,9.468050e-04
0.625000,0.525000,9.006644e-04
0.637500,0.525000,8.626765e-04
0.650000,0.525000,8.296929e-04
0.662500,0.525000,7.983807e-04
0.675000,0.525000,7.687392e-04
0.687500,0.525000,7.407684e-04
0.700000,0.525000,7.144683e-04
0.712500,0.525000,6.898389e-04
0.725000,0.525000,6.668803e-04
0.737500,0.525000,6.455922e-04
0.750000,0.525000,6.250577e-04
0.762500,0.525000,6.043934e-04
0.775000,0.525000,5.835992e-04
0.787500,0.525000,5.626752e-04
0.800000,0.525000,5.416214e-04
0.812500,0.525000,5.204377e-04
0.825000,0.525000,4.991242e-04
0.837500,0.525000,4.776809e-04
0.850000,0.525000,4.559892e-04
0.862500,0.525000,4.328277e-04
0.875000,0.525000,4.078745e-04
0.887500,0.525000,3.811297e-04
0.900000,0.525000,3.525933e-04
0.912500,0.525000,3.222653e-04
0.925000,0.525000,2.901456e-04
0.937500,0.525000,2.562343e-04
0.950000,0.525000,2.189694e-04
0.962500,0.525000,1.747961e-04
0.975000,0.525000,1.235768e-04
0.987500,0.525000,6.531146e-05
1.000000,0.525000,0.000000e+00
0.000000,0.537500,0.000000e+00
0.012500,0.537500,4.564781e-03
0.025000,0.537500,8.938928e-03
0.037500,0.537500,1.312244e-02
0.050000,0.537500,1.710255e-02
0.062500,0.537500,2.085281e-02
0.075000,0.537500,2.437241e-02
0.087500,0.537500,2.766135e-02
0.100000,0.537500,3.071964e-02
0.112500,0.537500,3.354450e-02
0.125000,0.537500,3.613246e-02
0.137500,0.537500,3.848352e-02
0.150000,0.537500,4.059766e-02
0.162500,0.537500,4.247490e-02
0.175000,0.537500,4.411522e-02
0.187500,0.537500,4.551874e-02
0.200000,0.537500,4.668629e-02
0.212500,0.537500,4.761808e-02
0.225000,0.537500,4.831411e-02
0.237500,0.537500,4.877437e-02
0.250000,0.537500,4.899887e-02
0.262500,0.537500,4.898761e-02
0.275000,0.537500,4.874058e-02
0.287500,0.537500,4.825695e-02
0.300000,0.537500,4.753345e-02
0.312500,0.537500,4.656977e-02
0.325000,0.537500,4.536590e-02
0.337500,0.537500,4.392185e-02
0.350000,0.537500,4.223762e-02
0.362500,0.537500,4.031321e-02
0.375000,0.537500,3.814862e-02
0.387500,0.537500,3.573799e-02
0.400000,0.537500,3.307479e-02
0.412500,0.537500,3.015899e-02
0.425000,0.537500,2.699061e-02
0.437500,0.537500,2.356964e-02
0.450000,0.537500,1.989677e-02
0.462500,0.537500,1.599027e-02
0.475000,0.537500,1.185828e-02
0.487500,0.537500,7.503499e-03
0.500000,0.537500,3.061230e-03
0.512500,0.537500,2.652925e-03
0.525000,0.537500,2.344992e-03
0.537500,0.537500,2.103438e-03
0.550000,0.537500,1.911996e-03
0.562500,0.537500,1.770633e-03
0.575000,0.537500,1.658431e-03
0.587500,0.537500,1.557502e-03
0.600000,0.537500,1.467848e-03
0.612500,0.537500,1.389468e-03
0.625000,0.537500,1.322363e-03
0.637500,0.537500,1.266531e-03
0.650000,0.537500,1.217685e-03
0.662500,0.537500,1.171285e-03
0.675000,0.537500,1.127328e-03
0.687500,0.537500,1.085816e-03
0.700000,0.537500,1.046748e-03
0.712500,0.537500,1.010124e-03
0.725000,0.537500,9.759451e-04
0.737500,0.537500,9.442099e-04
0.750000,0.537500,9.135797e-04
0.762500,0.537500,8.827647e-04
0.775000,0.537500,8.517649e-04
0.787500,0.537500,8.205803e-04
0.800000,0.537500,7.892108e-04
0.812500,0.537500,7.576566e-04
0.825000,0.537500,7.259175e-04
0.837500,0.537500,6.939936e-04
0.850000,0.537500,6.617072e-04
0.862500,0.537500,6.272282e-04
0.875000,0.537500,5.900742e-04
0.887500,0.537500,5.502453e-04
0.900000,0.537500,5.077415e-04
0.912500,0.537500,4.625628e-04
0.925000,0.537500,4.147092e-04
0.937500,0.537500,3.641806e-04
0.950000,0.537500,3.091120e-04
0.962500,0.537500,2.452583e-04
0.975000,0.537500,1.724550e-04
0.987500,0.537500,9.070229e-05
1.000000,0.537500,0.000000e+00
0.000000,0.550000,0.000000e+00
0.012500,0.550000,4.411523e-03
0.025000,0.550000,8.640259e-03
0.037500,0.550000,1.268621e-02
0.050000,0.550000,1.653762e-02
0.062500,0.550000,2.017018e-02
0.075000,0.550000,2.358313e-02
0.087500,0.550000,2.677647e-02
0.100000,0.550000,2.975021e-02
0.112500,0.550000,3.249992e-02
0.125000,0.550000,3.502006e-02
0.137500,0.550000,3.731059e-02
0.150000,0.550000,3.937152e-02
0.162500,0.550000,4.120284e-02
0.175000,0.550000,4.280457e-02
0.187500,0.550000,4.417669e-02
0.200000,0.550000,4.531909e-02
0.212500,0.550000,4.623176e-02
0.225000,0.550000,4.691470e-02
0.237500,0.550000,4.736790e-02
0.250000,0.550000,4.759137e-02
0.262500,0.550000,4.758510e-02
0.275000,0.550000,4.734910e-02
0.287500,0.550000,4.688275e-02
0.300000,0.550000,4.618364e-02
0.312500,0.550000,4.525154e-02
0.325000,0.550000,4.408646e-02
0.337500,0.550000,4.268840e-02
0.350000,0.550000,4.105734e-02
0.362500,0.550000,3.919330e-02
0.375000,0.550000,3.709628e-02
0.387500,0.550000,3.476507e-02
0.400000,0.550000,3.219834e-02
0.412500,0.550000,2.939609e-02
0.425000,0.550000,2.635832e-02
0.437500,0.550000,2.308503e-02
0.450000,0.550000,1.957726e-02
0.462500,0.550000,1.586254e-02
0.475000,0.550000,1.195314e-02
0.487500,0.550000,7.850821e-03
0.500000,0.550000,3.644319e-03
0.512500,0.550000,3.252173e-03
0.525000,0.550000,2.936040e-03
0.537500,0.550000,2.675105e-03
0.550000,0.550000,2.459909e-03
0.562500,0.550000,2.290426e-03
0.575000,0.550000,2.149397e-03
0.587500,0.550000,2.022066e-03
0.600000,0.550000,1.908432e-03
0.612500,0.550000,1.808495e-03
0.625000,0.550000,1.722256e-03
0.637500,0.550000,1.649714e-03
0.650000,0.550000,1.585748e-03
0.662500,0.550000,1.524937e-03
0.675000,0.550000,1.467279e-03
0.687500,0.550000,1.412774e-03
0.700000,0.550000,1.361423e-03
0.712500,0.550000,1.313225e-03
0.725000,0.550000,1.268180e-03
0.737500,0.550000,1.226288e-03
0.750000,0.550000,1.185820e-03
0.762500,0.550000,1.145110e-03
0.775000,0.550000,1.104158e-03
0.787500,0.550000,1.062965e-03
0.800000,0.550000,1.021530e-03
0.812500,0.550000,9.798530e-04
0.825000,0.550000,9.379343e-04
0.837500,0.550000,8.957739e-04
0.850000,0.550000,8.531388e-04
0.862500,0.550000,8.076293e-04
0.875000,0.550000,7.586132e-04
0.887500,0.550000,7.060905e-04
0.900000,0.550000,6.500611e-04
0.912500,0.550000,5.905251e-04
0.925000,0.550000,5.274825e-04
0.937500,0.550000,4.609333e-04
0.950000,0.550000,3.889032e-04
0.962500,0.550000,3.068993e-04
0.975000,0.550000,2.147474e-04
0.987500,0.550000,1.124477e-04
1.000000,0.550000,0.000000e+00
0.000000,0.562500,0.000000e+00
0.012500,0.562500,4.270769e-03
0.025000,0.562500,8.365092e-03
0.037500,0.562500,1.228297e-02
0.050000,0.562500,1.601372e-02
0.062500,0.562500,1.953524e-02
0.075000,0.562500,2.284685e-02
0.087500,0.562500,2.594855e-02
0.100000,0.562500,2.884035e-02
0.112500,0.562500,3.151664e-02
0.125000,0.562500,3.397040e-02
0.137500,0.562500,3.620161e-02
0.150000,0.562500,3.821026e-02
0.162500,0.562500,3.999636e-02
0.175000,0.562500,4.155990e-02
0.187500,0.562500,4.290079e-02
0.200000,0.562500,4.401816e-02
0.212500,0.562500,4.491183e-02
0.225000,0.562500,4.558179e-02
0.237500,0.562500,4.602804e-02
0.250000,0.562500,4.625057e-02
0.262500,0.562500,4.624940e-02
0.275000,0.562500,4.602453e-02
0.287500,0.562500,4.557554e-02
0.300000,0.562500,4.490091e-02
0.312500,0.562500,4.400049e-02
0.325000,0.562500,4.287427e-02
0.337500,0.562500,4.152227e-02
0.350000,0.562500,3.994448e-02
0.362500,0.562500,3.814089e-02
0.375000,0.562500,3.611151e-02
0.387500,0.562500,3.385888e-02
0.400000,0.562500,3.138582e-02
0.412500,0.562500,2.869235e-02
0.425000,0.562500,2.577846e-02
0.437500,0.562500,2.264416e-02
0.450000,0.562500,1.929070e-02
0.462500,0.562500,1.575152e-02
0.475000,0.562500,1.204152e-02
0.487500,0.562500,8.161713e-03
0.500000,0.562500,4.164069e-03
0.512500,0.562500,3.786838e-03
0.525000,0.562500,3.466227e-03
0.537500,0.562500,3.191326e-03
0.550000,0.562500,2.957835e-03
0.562500,0.562500,2.765730e-03
0.575000,0.562500,2.601013e-03
0.587500,0.562500,2.451712e-03
0.600000,0.562500,2.317829e-03
0.612500,0.562500,2.199362e-03
0.625000,0.562500,2.096313e-03
0.637500,0.562500,2.008680e-03
0.650000,0.562500,1.930805e-03
0.662500,0.562500,1.856697e-03
0.675000,0.562500,1.786354e-03
0.687500,0.562500,1.719777e-03
0.700000,0.562500,1.656965e-03
0.712500,0.562500,1.597918e-03
0.725000,0.562500,1.542637e-03
0.737500,0.562500,1.491121e-03
0.750000,0.562500,1.441295e-03
0.762500,0.562500,1.391159e-03
0.775000,0.562500,1.340714e-03
0.787500,0.562500,1.289960e-03
0.800000,0.562500,1.238896e-03
0.812500,0.562500,1.187522e-03
0.825000,0.562500,1.135839e-03
0.837500,0.562500,1.083847e-03
0.850000,0.562500,1.031264e-03
0.862500,0.562500,9.751983e-04
0.875000,0.562500,9.148875e-04
0.887500,0.562500,8.503316e-04
0.900000,0.562500,7.815306e-04
0.912500,0.562500,7.084844e-04
0.925000,0.562500,6.311931e-04
0.937500,0.562500,5.496567e-04
0.950000,0.562500,4.618302e-04
0.962500,0.562500,3.630595e-04
0.975000,0.562500,2.531642e-04
0.987500,0.562500,1.321444e-04
1.000000,0.562500,0.000000e+00
0.000000,0.575000,0.000000e+00
0.012500,0.575000,4.142246e-03
0.025000,0.575000,8.112988e-03
0.037500,0.575000,1.191223e-02
0.050000,0.575000,1.553037e-02
0.062500,0.575000,1.894754e-02
0.075000,0.575000,2.216316e-02
0.087500,0.575000,2.517720e-02
0.100000,0.575000,2.798968e-02
0.112500,0.575000,3.059430e-02
0.125000,0.575000,3.298318e-02
0.137500,0.575000,3.515629e-02
0.150000,0.575000,3.711362e-02
0.162500,0.575000,3.885517e-02
0.175000,0.575000,4.038095e-02
0.187500,0.575000,4.169079e-02
0.200000,0.575000,4.278327e-02
0.212500,0.575000,4.365806e-02
0.225000,0.575000,4.431515e-02
0.237500,0.575000,4.475455e-02
0.250000,0.575000,4.497626e-02
0.262500,0.575000,4.498027e-02
0.275000,0.575000,4.476660e-02
0.287500,0.575000,4.433505e-02
0.300000,0.575000,4.368497e-02
0.312500,0.575000,4.281630e-02
0.325000,0.575000,4.172903e-02
0.337500,0.575000,4.042315e-02
0.350000,0.575000,3.889868e-02
0.362500,0.575000,3.715562e-02
0.375000,0.575000,3.519395e-02
0.387500,0.575000,3.301900e-02
0.400000,0.575000,3.063673e-02
0.412500,0.575000,2.804713e-02
0.425000,0.575000,2.525022e-02
0.437500,0.575000,2.224598e-02
0.450000,0.575000,1.903579e-02
0.462500,0.575000,1.565585e-02
0.475000,0.575000,1.212224e-02
0.487500,0.575000,8.435507e-03
0.500000,0.575000,4.621790e-03
0.512500,0.575000,4.257912e-03
0.525000,0.575000,3.936053e-03
0.537500,0.575000,3.652254e-03
0.550000,0.575000,3.405721e-03
0.562500,0.575000,3.196435e-03
0.575000,0.575000,3.013176e-03
0.587500,0.575000,2.846349e-03
0.600000,0.575000,2.695956e-03
0.612500,0.575000,2.561994e-03
0.625000,0.575000,2.444466e-03
0.637500,0.575000,2.343370e-03
0.650000,0.575000,2.252805e-03
0.662500,0.575000,2.166520e-03
0.675000,0.575000,2.084516e-03
0.687500,0.575000,2.006793e-03
0.700000,0.575000,1.933349e-03
0.712500,0.575000,1.864185e-03
0.725000,0.575000,1.799302e-03
0.737500,0.575000,1.738699e-03
0.750000,0.575000,1.679998e-03
0.762500,0.575000,1.620909e-03
0.775000,0.575000,1.561432e-03
0.787500,0.575000,1.501566e-03
0.800000,0.575000,1.441313e-03
0.812500,0.575000,1.380672e-03
0.825000,0.575000,1.319643e-03
0.837500,0.575000,1.258225e-03
0.850000,0.575000,1.196099e-03
0.862500,0.575000,1.129955e-03
0.875000,0.575000,1.058920e-03
0.887500,0.575000,9.829966e-04
0.900000,0.575000,9.021831e-04
0.912500,0.575000,8.164798e-04
0.925000,0.575000,7.258869e-04
0.937500,0.575000,6.304042e-04
0.950000,0.575000,5.279516e-04
0.962500,0.575000,4.137950e-04
0.975000,0.575000,2.877508e-04
0.987500,0.575000,1.498192e-04
1.000000,0.575000,0.000000e+00
0.000000,0.587500,0.000000e+00
0.012500,0.587500,4.025953e-03
0.025000,0.587500,7.883946e-03
0.037500,0.587500,1.157398e-02
0.050000,0.587500,1.508756e-02
0.062500,0.587500,1.840710e-02
0.075000,0.587500,2.153205e-02
0.087500,0.587500,2.446242e-02
0.100000,0.587500,2.719820e-02
0.112500,0.587500,2.973292e-02
0.125000,0.587500,3.205840e-02
0.137500,0.587500,3.417462e-02
0.150000,0.587500,3.608159e-02
0.162500,0.587500,3.777929e-02
0.175000,0.587500,3.926773e-02
0.187500,0.587500,4.054671e-02
0.200000,0.587500,4.161442e-02
0.212500,0.587500,4.247044e-02
0.225000,0.587500,4.311479e-02
0.237500,0.587500,4.354744e-02
0.250000,0.587500,4.376842e-02
0.262500,0.587500,4.377771e-02
0.275000,0.587500,4.357532e-02
0.287500,0.587500,4.316129e-02
0.300000,0.587500,4.253584e-02
0.312500,0.587500,4.169898e-02
0.325000,0.587500,4.065072e-02
0.337500,0.587500,3.939105e-02
0.350000,0.587500,3.791997e-02
0.362500,0.587500,3.623748e-02
0.375000,0.587500,3.434359e-02
0.387500,0.587500,3.224544e-02
0.400000,0.587500,2.995105e-02
0.412500,0.587500,2.746044e-02
0.425000,0.587500,2.477359e-02
0.437500,0.587500,2.189051e-02
0.450000,0.587500,1.881255e-02
0.462500,0.587500,1.557551e-02
0.475000,0.587500,1.219532e-02
0.487500,0.587500,8.672204e-03
0.500000,0.587500,5.017481e-03
0.512500,0.587500,4.665395e-03
0.525000,0.587500,4.345519e-03
0.537500,0.587500,4.057889e-03
0.550000,0.587500,3.803567e-03
0.562500,0.587500,3.582541e-03
0.575000,0.587500,3.385886e-03
0.587500,0.587500,3.205977e-03
0.600000,0.587500,3.042812e-03
0.612500,0.587500,2.896391e-03
0.625000,0.587500,2.766715e-03
0.637500,0.587500,2.653784e-03
0.650000,0.587500,2.551746e-03
0.662500,0.587500,2.454407e-03
0.675000,0.587500,2.361765e-03
0.687500,0.587500,2.273821e-03
0.700000,0.587500,2.190575e-03
0.712500,0.587500,2.112026e-03
0.725000,0.587500,2.038174e-03
0.737500,0.587500,1.969020e-03
0.750000,0.587500,1.901928e-03
0.762500,0.587500,1.834358e-03
0.775000,0.587500,1.766310e-03
0.787500,0.587500,1.697785e-03
0.800000,0.587500,1.628783e-03
0.812500,0.587500,1.559303e-03
0.825000,0.587500,1.489345e-03
0.837500,0.587500,1.418911e-03
0.850000,0.587500,1.347644e-03
0.862500,0.587500,1.271898e-03
0.875000,0.587500,1.190712e-03
0.887500,0.587500,1.104086e-03
0.900000,0.587500,1.012019e-03
0.912500,0.587500,9.145113e-04
0.925000,0.587500,8.115636e-04
0.937500,0.587500,7.031756e-04
0.950000,0.587500,5.872674e-04
0.962500,0.587500,4.591058e-04
0.975000,0.587500,3.185073e-04
0.987500,0.587500,1.654721e-04
1.000000,0.587500,0.000000e+00
0.000000,0.600000,0.000000e+00
0.012500,0.600000,3.921890e-03
0.025000,0.600000,7.677968e-03
0.037500,0.600000,1.126823e-02
0.050000,0.600000,1.468531e-02
0.062500,0.600000,1.791389e-02
0.075000,0.600000,2.095352e-02
0.087500,0.600000,2.380420e-02
0.100000,0.600000,2.646592e-02
0.112500,0.600000,2.893248e-02
0.125000,0.600000,3.119605e-02
0.137500,0.600000,3.325661e-02
0.150000,0.600000,3.511417e-02
0.162500,0.600000,3.676871e-02
0.175000,0.600000,3.822024e-02
0.187500,0.600000,3.946853e-02
0.200000,0.600000,4.051160e-02
0.212500,0.600000,4.134899e-02
0.225000,0.600000,4.198069e-02
0.237500,0.600000,4.240672e-02
0.250000,0.600000,4.262705e-02
0.262500,0.600000,4.264171e-02
0.275000,0.600000,4.245069e-02
0.287500,0.600000,4.205426e-02
0.300000,0.600000,4.145351e-02
0.312500,0.600000,4.064854e-02
0.325000,0.600000,3.963935e-02
0.337500,0.600000,3.842595e-02
0.350000,0.600000,3.700833e-02
0.362500,0.600000,3.538649e-02
0.375000,0.600000,3.356043e-02
0.387500,0.600000,3.153819e-02
0.400000,0.600000,2.932880e-02
0.412500,0.600000,2.693226e-02
0.425000,0.600000,2.434857e-02
0.437500,0.600000,2.157773e-02
0.450000,0.600000,1.862096e-02
0.462500,0.600000,1.551052e-02
0.475000,0.600000,1.226075e-02
0.487500,0.600000,8.871803e-03
0.500000,0.600000,5.351142e-03
0.512500,0.600000,5.009287e-03
0.525000,0.600000,4.694624e-03
0.537500,0.600000,4.408230e-03
0.550000,0.600000,4.151375e-03
0.562500,0.600000,3.924047e-03
0.575000,0.600000,3.719145e-03
0.587500,0.600000,3.530595e-03
0.600000,0.600000,3.358398e-03
0.612500,0.600000,3.202553e-03
0.625000,0.600000,3.063061e-03
0.637500,0.600000,2.939922e-03
0.650000,0.600000,2.827630e-03
0.662500,0.600000,2.720356e-03
0.675000,0.600000,2.618101e-03
0.687500,0.600000,2.520862e-03
0.700000,0.600000,2.428642e-03
0.712500,0.600000,2.341439e-03
0.725000,0.600000,2.259254e-03
0.737500,0.600000,2.182086e-03
0.750000,0.600000,2.107085e-03
0.762500,0.600000,2.031507e-03
0.775000,0.600000,1.955351e-03
0.787500,0.600000,1.878617e-03
0.800000,0.600000,1.801305e-03
0.812500,0.600000,1.723415e-03
0.825000,0.600000,1.644947e-03
0.837500,0.600000,1.565902e-03
0.850000,0.600000,1.485899e-03
0.862500,0.600000,1.401029e-03
0.875000,0.600000,1.310262e-03
0.887500,0.600000,1.213598e-03
0.900000,0.600000,1.111037e-03
0.912500,0.600000,1.002579e-03
0.925000,0.600000,8.882235e-04
0.937500,0.600000,7.679709e-04
0.950000,0.600000,6.397775e-04
0.962500,0.600000,4.989918e-04
0.975000,0.600000,3.454336e-04
0.987500,0.600000,1.791030e-04
1.000000,0.600000,0.000000e+00
0.000000,0.612500,0.000000e+00
0.012500,0.612500,3.826066e-03
0.025000,0.612500,7.487676e-03
0.037500,0.612500,1.098483e-02
0.050000,0.612500,1.431123e-02
0.062500,0.612500,1.745381e-02
0.075000,0.612500,2.041219e-02
0.087500,0.612500,2.318635e-02
0.100000,0.612500,2.577631e-02
0.112500,0.612500,2.817640e-02
0.125000,0.612500,3.037950e-02
0.137500,0.612500,3.238559e-02
0.150000,0.612500,3.419467e-02
0.162500,0.612500,3.580673e-02
0.175000,0.612500,3.722179e-02
0.187500,0.612500,3.843960e-02
0.200000,0.612500,3.945815e-02
0.212500,0.612500,4.027699e-02
0.225000,0.612500,4.089611e-02
0.237500,0.612500,4.131550e-02
0.250000,0.612500,4.153518e-02
0.262500,0.612500,4.155514e-02
0.275000,0.612500,4.137537e-02
0.287500,0.612500,4.099639e-02
0.300000,0.612500,4.042006e-02
0.312500,0.612500,3.964658e-02
0.325000,0.612500,3.867594e-02
0.337500,0.612500,3.750815e-02
0.350000,0.612500,3.614321e-02
0.362500,0.612500,3.458111e-02
0.375000,0.612500,3.282186e-02
0.387500,0.612500,3.087378e-02
0.400000,0.612500,2.874623e-02
0.412500,0.612500,2.643921e-02
0.425000,0.612500,2.395272e-02
0.437500,0.612500,2.128677e-02
0.450000,0.612500,1.844237e-02
0.462500,0.612500,1.544680e-02
0.475000,0.612500,1.231219e-02
0.487500,0.612500,9.038726e-03
0.500000,0.612500,5.635636e-03
0.512500,0.612500,5.303029e-03
0.525000,0.612500,4.995263e-03
0.537500,0.612500,4.712909e-03
0.550000,0.612500,4.456615e-03
0.562500,0.612500,4.226373e-03
0.575000,0.612500,4.016542e-03
0.587500,0.612500,3.822298e-03
0.600000,0.612500,3.643642e-03
0.612500,0.612500,3.480573e-03
0.625000,0.612500,3.333092e-03
0.637500,0.612500,3.201198e-03
0.650000,0.612500,3.079873e-03
0.662500,0.612500,2.963800e-03
0.675000,0.612500,2.852980e-03
0.687500,0.612500,2.747413e-03
0.700000,0.612500,2.647097e-03
0.712500,0.612500,2.552035e-03
0.725000,0.612500,2.462224e-03
0.737500,0.612500,2.377666e-03
0.750000,0.612500,2.295337e-03
0.762500,0.612500,2.212324e-03
0.775000,0.612500,2.128628e-03
0.787500,0.612500,2.044249e-03
0.800000,0.612500,1.959187e-03
0.812500,0.612500,1.873441e-03
0.825000,0.612500,1.787012e-03
0.837500,0.612500,1.699899e-03
0.850000,0.612500,1.611704e-03
0.862500,0.612500,1.518310e-03
0.875000,0.612500,1.418631e-03
0.887500,0.612500,1.312668e-03
0.900000,0.612500,1.200421e-03
0.912500,0.612500,1.081891e-03
0.925000,0.612500,9.570757e-04
0.937500,0.612500,8.259767e-04
0.950000,0.612500,6.866030e-04
0.962500,0.612500,5.344238e-04
0.975000,0.612500,3.692635e-04
0.987500,0.612500,1.911223e-04
1.000000,0.612500,0.000000e+00
0.000000,0.625000,0.000000e+00
0.012500,0.625000,3.733809e-03
0.025000,0.625000,7.304435e-03
0.037500,0.625000,1.071188e-02
0.050000,0.625000,1.395084e-02
0.062500,0.625000,1.701033e-02
0.075000,0.625000,1.989003e-02
0.087500,0.625000,2.258992e-02
0.100000,0.625000,2.511002e-02
0.112500,0.625000,2.744526e-02
0.125000,0.625000,2.958927e-02
0.137500,0.625000,3.154204e-02
0.150000,0.625000,3.330355e-02
0.162500,0.625000,3.487382e-02
0.175000,0.625000,3.625284e-02
0.187500,0.625000,3.744039e-02
0.200000,0.625000,3.843456e-02
0.212500,0.625000,3.923489e-02
0.225000,0.625000,3.984139e-02
0.237500,0.625000,4.025407e-02
0.250000,0.625000,4.047291e-02
0.262500,0.625000,4.049792e-02
0.275000,0.625000,4.032910e-02
0.287500,0.625000,3.996711e-02
0.300000,0.625000,3.941452e-02
0.312500,0.625000,3.867156e-02
0.325000,0.625000,3.773825e-02
0.337500,0.625000,3.661458e-02
0.350000,0.625000,3.530055e-02
0.362500,0.625000,3.379616e-02
0.375000,0.625000,3.210140e-02
0.387500,0.625000,3.022472e-02
0.400000,0.625000,2.817555e-02
0.412500,0.625000,2.595389e-02
0.425000,0.625000,2.355976e-02
0.437500,0.625000,2.099314e-02
0.450000,0.625000,1.825491e-02
0.462500,0.625000,1.536789e-02
0.475000,0.625000,1.234223e-02
0.487500,0.625000,9.178149e-03
0.500000,0.625000,5.886018e-03
0.512500,0.625000,5.562357e-03
0.525000,0.625000,5.261359e-03
0.537500,0.625000,4.983199e-03
0.550000,0.625000,4.728035e-03
0.562500,0.625000,4.495861e-03
0.575000,0.625000,4.282281e-03
0.587500,0.625000,4.083538e-03
0.600000,0.625000,3.899631e-03
0.612500,0.625000,3.730561e-03
0.625000,0.625000,3.576326e-03
0.637500,0.625000,3.436928e-03
0.650000,0.625000,3.307792e-03
0.662500,0.625000,3.184072e-03
0.675000,0.625000,3.065768e-03
0.687500,0.625000,2.952881e-03
0.700000,0.625000,2.845410e-03
0.712500,0.625000,2.743355e-03
0.725000,0.625000,2.646716e-03
0.737500,0.625000,2.555493e-03
0.750000,0.625000,2.466526e-03
0.762500,0.625000,2.376773e-03
0.775000,0.625000,2.286232e-03
0.787500,0.625000,2.194904e-03
0.800000,0.625000,2.102790e-03
0.812500,0.625000,2.009888e-03
0.825000,0.625000,1.916199e-03
0.837500,0.625000,1.821723e-03
0.850000,0.625000,1.726043e-03
0.862500,0.625000,1.624865e-03
0.875000,0.625000,1.517058e-03
0.887500,0.625000,1.402621e-03
0.900000,0.625000,1.281555e-03
0.912500,0.625000,1.153860e-03
0.925000,0.625000,1.019536e-03
0.937500,0.625000,8.785819e-04
0.950000,0.625000,7.290563e-04
0.962500,0.625000,5.665381e-04
0.975000,0.625000,3.908560e-04
0.987500,0.625000,2.020099e-04
1.000000,0.625000,0.000000e+00
0.000000,0.637500,0.000000e+00
0.012500,0.637500,3.645113e-03
0.025000,0.637500,7.128233e-03
0.037500,0.637500,1.044936e-02
0.050000,0.637500,1.360411e-02
0.062500,0.637500,1.658342e-02
0.075000,0.637500,1.938701e-02
0.087500,0.637500,2.201488e-02
0.100000,0.637500,2.446702e-02
0.112500,0.637500,2.673903e-02
0.125000,0.637500,2.882533e-02
0.137500,0.637500,3.072592e-02
0.150000,0.637500,3.244079e-02
0.162500,0.637500,3.396994e-02
0.175000,0.637500,3.531337e-02
0.187500,0.637500,3.647089e-02
0.200000,0.637500,3.744078e-02
0.212500,0.637500,3.822266e-02
0.225000,0.637500,3.881653e-02
0.237500,0.637500,3.922237e-02
0.250000,0.637500,3.944021e-02
0.262500,0.637500,3.947002e-02
0.275000,0.637500,3.931182e-02
0.287500,0.637500,3.896641e-02
0.300000,0.637500,3.843686e-02
0.312500,0.637500,3.772347e-02
0.325000,0.637500,3.682625e-02
0.337500,0.637500,3.574520e-02
0.350000,0.637500,3.448031e-02
0.362500,0.637500,3.303159e-02
0.375000,0.637500,3.139903e-02
0.387500,0.637500,2.959096e-02
0.400000,0.637500,2.761670e-02
0.412500,0.637500,2.547626e-02
0.425000,0.637500,2.316963e-02
0.437500,0.637500,2.069683e-02
0.450000,0.637500,1.805856e-02
0.462500,0.637500,1.527376e-02
0.475000,0.637500,1.235086e-02
0.487500,0.637500,9.290080e-03
0.500000,0.637500,6.102311e-03
0.512500,0.637500,5.787293e-03
0.525000,0.637500,5.492933e-03
0.537500,0.637500,5.219118e-03
0.550000,0.637500,4.965648e-03
0.562500,0.637500,4.732521e-03
0.575000,0.637500,4.516370e-03
0.587500,0.637500,4.314319e-03
0.600000,0.637500,4.126367e-03
0.612500,0.637500,3.952515e-03
0.625000,0.637500,3.792763e-03
0.637500,0.637500,3.647111e-03
0.650000,0.637500,3.511386e-03
0.662500,0.637500,3.381170e-03
0.675000,0.637500,3.256464e-03
0.687500,0.637500,3.137267e-03
0.700000,0.637500,3.023578e-03
0.712500,0.637500,2.915399e-03
0.725000,0.637500,2.812728e-03
0.737500,0.637500,2.715566e-03
0.750000,0.637500,2.620654e-03
0.762500,0.637500,2.524853e-03
0.775000,0.637500,2.428163e-03
0.787500,0.637500,2.330583e-03
0.800000,0.637500,2.232114e-03
0.812500,0.637500,2.132756e-03
0.825000,0.637500,2.032509e-03
0.837500,0.637500,1.931373e-03
0.850000,0.637500,1.828916e-03
0.862500,0.637500,1.720697e-03
0.875000,0.637500,1.605545e-03
0.887500,0.637500,1.483460e-03
0.900000,0.637500,1.354441e-03
0.912500,0.637500,1.218490e-03
0.925000,0.637500,1.075606e-03
0.937500,0.637500,9.257887e-04
0.950000,0.637500,7.671395e-04
0.962500,0.637500,5.953365e-04
0.975000,0.637500,4.102122e-04
0.987500,0.637500,2.117667e-04
1.000000,0.637500,0.000000e+00
0.000000,0.650000,0.000000e+00
0.012500,0.650000,3.559977e-03
0.025000,0.650000,6.959069e-03
0.037500,0.650000,1.019728e-02
0.050000,0.650000,1.327106e-02
0.062500,0.650000,1.617309e-02
0.075000,0.650000,1.890314e-02
0.087500,0.650000,2.146122e-02
0.100000,0.650000,2.384731e-02
0.112500,0.650000,2.605770e-02
0.125000,0.650000,2.808768e-02
0.137500,0.650000,2.993724e-02
0.150000,0.650000,3.160638e-02
0.162500,0.650000,3.309509e-02
0.175000,0.650000,3.440338e-02
0.187500,0.650000,3.553108e-02
0.200000,0.650000,3.647683e-02
0.212500,0.650000,3.724031e-02
0.225000,0.650000,3.782151e-02
0.237500,0.650000,3.822043e-02
0.250000,0.650000,3.843708e-02
0.262500,0.650000,3.847145e-02
0.275000,0.650000,3.832355e-02
0.287500,0.650000,3.799427e-02
0.300000,0.650000,3.748708e-02
0.312500,0.650000,3.680230e-02
0.325000,0.650000,3.593995e-02
0.337500,0.650000,3.490002e-02
0.350000,0.650000,3.368251e-02
0.362500,0.650000,3.228741e-02
0.375000,0.650000,3.071474e-02
0.387500,0.650000,2.897251e-02
0.400000,0.650000,2.706970e-02
0.412500,0.650000,2.500631e-02
0.425000,0.650000,2.278235e-02
0.437500,0.650000,2.039783e-02
0.450000,0.650000,1.785332e-02
0.462500,0.650000,1.516442e-02
0.475000,0.650000,1.233809e-02
0.487500,0.650000,9.374519e-03
0.500000,0.650000,6.284516e-03
0.512500,0.650000,5.977839e-03
0.525000,0.650000,5.689985e-03
0.537500,0.650000,5.420665e-03
0.550000,0.650000,5.169455e-03
0.562500,0.650000,4.936352e-03
0.575000,0.650000,4.718807e-03
0.587500,0.650000,4.514640e-03
0.600000,0.650000,4.323850e-03
0.612500,0.650000,4.146437e-03
0.625000,0.650000,3.982403e-03
0.637500,0.650000,3.831746e-03
0.650000,0.650000,3.690655e-03
0.662500,0.650000,3.555096e-03
0.675000,0.650000,3.425067e-03
0.687500,0.650000,3.300569e-03
0.700000,0.650000,3.181603e-03
0.712500,0.650000,3.068166e-03
0.725000,0.650000,2.960261e-03
0.737500,0.650000,2.857886e-03
0.750000,0.650000,2.757720e-03
0.762500,0.650000,2.656564e-03
0.775000,0.650000,2.554419e-03
0.787500,0.650000,2.451285e-03
0.800000,0.650000,2.347161e-03
0.812500,0.650000,2.242047e-03
0.825000,0.650000,2.135943e-03
0.837500,0.650000,2.028850e-03
0.850000,0.650000,1.920325e-03
0.862500,0.650000,1.805806e-03
0.875000,0.650000,1.684092e-03
0.887500,0.650000,1.555183e-03
0.900000,0.650000,1.419079e-03
0.912500,0.650000,1.275780e-03
0.925000,0.650000,1.125286e-03
0.937500,0.650000,9.675969e-04
0.950000,0.650000,8.008524e-04
0.962500,0.650000,6.208189e-04
0.975000,0.650000,4.273323e-04
0.987500,0.650000,2.203927e-04
1.000000,0.650000,0.000000e+00
0.000000,0.662500,0.000000e+00
0.012500,0.662500,3.478402e-03
0.025000,0.662500,6.796943e-03
0.037500,0.662500,9.955625e-03
0.050000,0.662500,1.295167e-02
0.062500,0.662500,1.577932e-02
0.075000,0.662500,1.843841e-02
0.087500,0.662500,2.092894e-02
0.100000,0.662500,2.325090e-02
0.112500,0.662500,2.540129e-02
0.125000,0.662500,2.737633e-02
0.137500,0.662500,2.917600e-02
0.150000,0.662500,3.080032e-02
0.162500,0.662500,3.224927e-02
0.175000,0.662500,3.352286e-02
0.187500,0.662500,3.462098e-02
0.200000,0.662500,3.554271e-02
0.212500,0.662500,3.628783e-02
0.225000,0.662500,3.685633e-02
0.237500,0.662500,3.724823e-02
0.250000,0.662500,3.746352e-02
0.262500,0.662500,3.750220e-02
0.275000,0.662500,3.736428e-02
0.287500,0.662500,3.705070e-02
0.300000,0.662500,3.656517e-02
0.312500,0.662500,3.590805e-02
0.325000,0.662500,3.507934e-02
0.337500,0.662500,3.407903e-02
0.350000,0.662500,3.290712e-02
0.362500,0.662500,3.156363e-02
0.375000,0.662500,3.004854e-02
0.387500,0.662500,2.836936e-02
0.400000,0.662500,2.653453e-02
0.412500,0.662500,2.454405e-02
0.425000,0.662500,2.239792e-02
0.437500,0.662500,2.009613e-02
0.450000,0.662500,1.763918e-02
0.462500,0.662500,1.503987e-02
0.475000,0.662500,1.230390e-02
0.487500,0.662500,9.431467e-03
0.500000,0.662500,6.432633e-03
0.512500,0.662500,6.133994e-03
0.525000,0.662500,5.852515e-03
0.537500,0.662500,5.587840e-03
0.550000,0.662500,5.339454e-03
0.562500,0.662500,5.107355e-03
0.575000,0.662500,4.889593e-03
0.587500,0.662500,4.684501e-03
0.600000,0.662500,4.492079e-03
0.612500,0.662500,4.312327e-03
0.625000,0.662500,4.145245e-03
0.637500,0.662500,3.990833e-03
0.650000,0.662500,3.845599e-03
0.662500,0.662500,3.705848e-03
0.675000,0.662500,3.571578e-03
0.687500,0.662500,3.442790e-03
0.700000,0.662500,3.319483e-03
0.712500,0.662500,3.201658e-03
0.725000,0.662500,3.089314e-03
0.737500,0.662500,2.982451e-03
0.750000,0.662500,2.877723e-03
0.762500,0.662500,2.771907e-03
0.775000,0.662500,2.665003e-03
0.787500,0.662500,2.557010e-03
0.800000,0.662500,2.447929e-03
0.812500,0.662500,2.337759e-03
0.825000,0.662500,2.226501e-03
0.837500,0.662500,2.114154e-03
0.850000,0.662500,2.000268e-03
0.862500,0.662500,1.880192e-03
0.875000,0.662500,1.752700e-03
0.887500,0.662500,1.617792e-03
0.900000,0.662500,1.475469e-03
0.912500,0.662500,1.325730e-03
0.925000,0.662500,1.168576e-03
0.937500,0.662500,1.004007e-03
0.950000,0.662500,8.301952e-04
0.962500,0.662500,6.429854e-04
0.975000,0.662500,4.422163e-04
0.987500,0.662500,2.278878e-04
1.000000,0.662500,0.000000e+00
0.000000,0.675000,0.000000e+00
0.012500,0.675000,3.400386e-03
0.025000,0.675000,6.641856e-03
0.037500,0.675000,9.724409e-03
0.050000,0.675000,1.264595e-02
0.062500,0.675000,1.540213e-02
0.075000,0.675000,1.799283e-02
0.087500,0.675000,2.041805e-02
0.100000,0.675000,2.267777e-02
0.112500,0.675000,2.476978e-02
0.125000,0.675000,2.669126e-02
0.137500,0.675000,2.844220e-02
0.150000,0.675000,3.002261e-02
0.162500,0.675000,3.143249e-02
0.175000,0.675000,3.267182e-02
0.187500,0.675000,3.374058e-02
0.200000,0.675000,3.463841e-02
0.212500,0.675000,3.536521e-02
0.225000,0.675000,3.592101e-02
0.237500,0.675000,3.630578e-02
0.250000,0.675000,3.651954e-02
0.262500,0.675000,3.656228e-02
0.275000,0.675000,3.643401e-02
0.287500,0.675000,3.613570e-02
0.300000,0.675000,3.567115e-02
0.312500,0.675000,3.504072e-02
0.325000,0.675000,3.424441e-02
0.337500,0.675000,3.328223e-02
0.350000,0.675000,3.215416e-02
0.362500,0.675000,3.086022e-02
0.375000,0.675000,2.940041e-02
0.387500,0.675000,2.778152e-02
0.400000,0.675000,2.601121e-02
0.412500,0.675000,2.408948e-02
0.425000,0.675000,2.201632e-02
0.437500,0.675000,1.979175e-02
0.450000,0.675000,1.741615e-02
0.462500,0.675000,1.490010e-02
0.475000,0.675000,1.224830e-02
0.487500,0.675000,9.460922e-03
0.500000,0.675000,6.546661e-03
0.512500,0.675000,6.255757e-03
0.525000,0.675000,5.980524e-03
0.537500,0.675000,5.720644e-03
0.550000,0.675000,5.475647e-03
0.562500,0.675000,5.245530e-03
0.575000,0.675000,5.028728e-03
0.587500,0.675000,4.823903e-03
0.600000,0.675000,4.631055e-03
0.612500,0.675000,4.450184e-03
0.625000,0.675000,4.281290e-03
0.637500,0.675000,4.124372e-03
0.650000,0.675000,3.976219e-03
0.662500,0.675000,3.833427e-03
0.675000,0.675000,3.695997e-03
0.687500,0.675000,3.563928e-03
0.700000,0.675000,3.437220e-03
0.712500,0.675000,3.315873e-03
0.725000,0.675000,3.199888e-03
0.737500,0.675000,3.089263e-03
0.750000,0.675000,2.980665e-03
0.762500,0.675000,2.870882e-03
0.775000,0.675000,2.759913e-03
0.787500,0.675000,2.647758e-03
0.800000,0.675000,2.534418e-03
0.812500,0.675000,2.419893e-03
0.825000,0.675000,2.304182e-03
0.837500,0.675000,2.187285e-03
0.850000,0.675000,2.068746e-03
0.862500,0.675000,1.943854e-03
0.875000,0.675000,1.811367e-03
0.887500,0.675000,1.671286e-03
0.900000,0.675000,1.523611e-03
0.912500,0.675000,1.368341e-03
0.925000,0.675000,1.205477e-03
0.937500,0.675000,1.035018e-03
0.950000,0.675000,8.551678e-04
0.962500,0.675000,6.618360e-04
0.975000,0.675000,4.548641e-04
0.987500,0.675000,2.342521e-04
1.000000,0.675000,0.000000e+00
0.000000,0.687500,0.000000e+00
0.012500,0.687500,3.325915e-03
0.025000,0.687500,6.493773e-03
0.037500,0.687500,9.503576e-03
0.050000,0.687500,1.235383e-02
0.062500,0.687500,1.504144e-02
0.075000,0.687500,1.756630e-02
0.087500,0.687500,1.992843e-02
0.100000,0.687500,2.212782e-02
0.112500,0.687500,2.416306e-02
0.125000,0.687500,2.603235e-02
0.137500,0.687500,2.773570e-02
0.150000,0.687500,2.927311e-02
0.162500,0.687500,3.064458e-02
0.175000,0.687500,3.185010e-02
0.187500,0.687500,3.288972e-02
0.200000,0.687500,3.376377e-02
0.212500,0.687500,3.447231e-02
0.225000,0.687500,3.501536e-02
0.237500,0.687500,3.539291e-02
0.250000,0.687500,3.560496e-02
0.262500,0.687500,3.565152e-02
0.275000,0.687500,3.553257e-02
0.287500,0.687500,3.524910e-02
0.300000,0.687500,3.480484e-02
0.312500,0.687500,3.420014e-02
0.325000,0.687500,3.343502e-02
0.337500,0.687500,3.250946e-02
0.350000,0.687500,3.142347e-02
0.362500,0.687500,3.017706e-02
0.375000,0.687500,2.877021e-02
0.387500,0.687500,2.720885e-02
0.400000,0.687500,2.549960e-02
0.412500,0.687500,2.364248e-02
0.425000,0.687500,2.163748e-02
0.437500,0.687500,1.948460e-02
0.450000,0.687500,1.718417e-02
0.462500,0.687500,1.474509e-02
0.475000,0.687500,1.217128e-02
0.487500,0.687500,9.462893e-03
0.500000,0.687500,6.626630e-03
0.512500,0.687500,6.343161e-03
0.525000,0.687500,6.074042e-03
0.537500,0.687500,5.819109e-03
0.550000,0.687500,5.578064e-03
0.562500,0.687500,5.350905e-03
0.575000,0.687500,5.136237e-03
0.587500,0.687500,4.932868e-03
0.600000,0.687500,4.740797e-03
0.612500,0.687500,4.560025e-03
0.625000,0.687500,4.390551e-03
0.637500,0.687500,4.232376e-03
0.650000,0.687500,4.082523e-03
0.662500,0.687500,3.937841e-03
0.675000,0.687500,3.798329e-03
0.687500,0.687500,3.663987e-03
0.700000,0.687500,3.534816e-03
0.712500,0.687500,3.410815e-03
0.725000,0.687500,3.291985e-03
0.737500,0.687500,3.178324e-03
0.750000,0.687500,3.066547e-03
0.762500,0.687500,2.953490e-03
0.775000,0.687500,2.839152e-03
0.787500,0.687500,2.723533e-03
0.800000,0.687500,2.606633e-03
0.812500,0.687500,2.488452e-03
0.825000,0.687500,2.368990e-03
0.837500,0.687500,2.248247e-03
0.850000,0.687500,2.125764e-03
0.862500,0.687500,1.996797e-03
0.875000,0.687500,1.860099e-03
0.887500,0.687500,1.715670e-03
0.900000,0.687500,1.563508e-03
0.912500,0.687500,1.403615e-03
0.925000,0.687500,1.235990e-03
0.937500,0.687500,1.060634e-03
0.950000,0.687500,8.757727e-04
0.962500,0.687500,6.773726e-04
0.975000,0.687500,4.652771e-04
0.987500,0.687500,2.394862e-04
1.000000,0.687500,0.000000e+00
0.000000,0.700000,0.000000e+00
0.012500,0.700000,3.252578e-03
0.025000,0.700000,6.347906e-03
0.037500,0.700000,9.285984e-03
0.050000,0.700000,1.206589e-02
0.062500,0.700000,1.468574e-02
0.075000,0.700000,1.714546e-02
0.087500,0.700000,1.944506e-02
0.100000,0.700000,2.158453e-02
0.112500,0.700000,2.356329e-02
0.125000,0.700000,2.538062e-02
0.137500,0.700000,2.703650e-02
0.150000,0.700000,2.853095e-02
0.162500,0.700000,2.986394e-02
0.175000,0.700000,3.103550e-02
0.187500,0.700000,3.204574e-02
0.200000,0.700000,3.289572e-02
0.212500,0.700000,3.358570e-02
0.225000,0.700000,3.411568e-02
0.237500,0.700000,3.448565e-02
0.250000,0.700000,3.469562e-02
0.262500,0.700000,3.474558e-02
0.275000,0.700000,3.463554e-02
0.287500,0.700000,3.436644e-02
0.300000,0.700000,3.394186e-02
0.312500,0.700000,3.336217e-02
0.325000,0.700000,3.262736e-02
0.337500,0.700000,3.173743e-02
0.350000,0.700000,3.069238e-02
0.362500,0.700000,2.949221e-02
0.375000,0.700000,2.813693e-02
0.387500,0.700000,2.663147e-02
0.400000,0.700000,2.498137e-02
0.412500,0.700000,2.318665e-02
0.425000,0.700000,2.124730e-02
0.437500,0.700000,1.916332e-02
0.450000,0.700000,1.693498e-02
0.462500,0.700000,1.456971e-02
0.475000,0.700000,1.207078e-02
0.487500,0.700000,9.438305e-03
0.500000,0.700000,6.676871e-03
0.512500,0.700000,6.400670e-03
0.525000,0.700000,6.137668e-03
0.537500,0.700000,5.887869e-03
0.550000,0.700000,5.651176e-03
0.562500,0.700000,5.427585e-03
0.575000,0.700000,5.215778e-03
0.587500,0.700000,5.014625e-03
0.600000,0.700000,4.824127e-03
0.612500,0.700000,4.644284e-03
0.625000,0.700000,4.475095e-03
0.637500,0.700000,4.316561e-03
0.650000,0.700000,4.165912e-03
0.662500,0.700000,4.020215e-03
0.675000,0.700000,3.879470e-03
0.687500,0.700000,3.743676e-03
0.700000,0.700000,3.612834e-03
0.712500,0.700000,3.486944e-03
0.725000,0.700000,3.366006e-03
0.737500,0.700000,3.250019e-03
0.750000,0.700000,3.135763e-03
0.762500,0.700000,3.020135e-03
0.775000,0.700000,2.903136e-03
0.787500,0.700000,2.784765e-03
0.800000,0.700000,2.665022e-03
0.812500,0.700000,2.543908e-03
0.825000,0.700000,2.421422e-03
0.837500,0.700000,2.297565e-03
0.850000,0.700000,2.171875e-03
0.862500,0.700000,2.039598e-03
0.875000,0.700000,1.899480e-03
0.887500,0.700000,1.751522e-03
0.900000,0.700000,1.595724e-03
0.912500,0.700000,1.432086e-03
0.925000,0.700000,1.260608e-03
0.937500,0.700000,1.081290e-03
0.950000,0.700000,8.923794e-04
0.962500,0.700000,6.898877e-04
0.975000,0.700000,4.736606e-04
0.987500,0.700000,2.436981e-04
1.000000,0.700000,0.000000e+00
0.000000,0.712500,0.000000e+00
0.012500,0.712500,3.178664e-03
0.025000,0.712500,6.200847e-03
0.037500,0.712500,9.066548e-03
0.050000,0.712500,1.177544e-02
0.062500,0.712500,1.432686e-02
0.075000,0.712500,1.672079e-02
0.087500,0.712500,1.895721e-02
0.100000,0.712500,2.103614e-02
0.112500,0.712500,2.295782e-02
0.125000,0.712500,2.472257e-02
0.137500,0.712500,2.633038e-02
0.150000,0.712500,2.778126e-02
0.162500,0.712500,2.907520e-02
0.175000,0.712500,3.021221e-02
0.187500,0.712500,3.119250e-02
0.200000,0.712500,3.201786e-02
0.212500,0.712500,3.268873e-02
0.225000,0.712500,3.320509e-02
0.237500,0.712500,3.356696e-02
0.250000,0.712500,3.377432e-02
0.262500,0.712500,3.382719e-02
0.275000,0.712500,3.372555e-02
0.287500,0.712500,3.347031e-02
0.300000,0.712500,3.306489e-02
0.312500,0.712500,3.250962e-02
0.325000,0.712500,3.180451e-02
0.337500,0.712500,3.094955e-02
0.350000,0.712500,2.994475e-02
0.362500,0.712500,2.879010e-02
0.375000,0.712500,2.748560e-02
0.387500,0.712500,2.603524e-02
0.400000,0.712500,2.444348e-02
0.412500,0.712500,2.271033e-02
0.425000,0.712500,2.083578e-02
0.437500,0.712500,1.881983e-02
0.450000,0.712500,1.666271e-02
0.462500,0.712500,1.437034e-02
0.475000,0.712500,1.194536e-02
0.487500,0.712500,9.387820e-03
0.500000,0.712500,6.700462e-03
0.512500,0.712500,6.431459e-03
0.525000,0.712500,6.174673e-03
0.537500,0.712500,5.930223e-03
0.550000,0.712500,5.698163e-03
0.562500,0.712500,5.478491e-03
0.575000,0.712500,5.269951e-03
0.587500,0.712500,5.071471e-03
0.600000,0.712500,4.883051e-03
0.612500,0.712500,4.704690e-03
0.625000,0.712500,4.536389e-03
0.637500,0.712500,4.378148e-03
0.650000,0.712500,4.227381e-03
0.662500,0.712500,4.081350e-03
0.675000,0.712500,3.940055e-03
0.687500,0.712500,3.803496e-03
0.700000,0.712500,3.671674e-03
0.712500,0.712500,3.544587e-03
0.725000,0.712500,3.422237e-03
0.737500,0.712500,3.304622e-03
0.750000,0.712500,3.188590e-03
0.762500,0.712500,3.071102e-03
0.775000,0.712500,2.952159e-03
0.787500,0.712500,2.831761e-03
0.800000,0.712500,2.709907e-03
0.812500,0.712500,2.586598e-03
0.825000,0.712500,2.461833e-03
0.837500,0.712500,2.335613e-03
0.850000,0.712500,2.207476e-03
0.862500,0.712500,2.072664e-03
0.875000,0.712500,1.929924e-03
0.887500,0.712500,1.779255e-03
0.900000,0.712500,1.620658e-03
0.912500,0.712500,1.454133e-03
0.925000,0.712500,1.279679e-03
0.937500,0.712500,1.097297e-03
0.950000,0.712500,9.052504e-04
0.962500,0.712500,6.995894e-04
0.975000,0.712500,4.801606e-04
0.987500,0.712500,2.469642e-04
1.000000,0.712500,0.000000e+00
0.000000,0.725000,0.000000e+00
0.012500,0.725000,3.104172e-03
0.025000,0.725000,6.052595e-03
0.037500,0.725000,8.845270e-03
0.050000,0.725000,1.148248e-02
0.062500,0.725000,1.396481e-02
0.075000,0.725000,1.629229e-02
0.087500,0.725000,1.846490e-02
0.100000,0.725000,2.048266e-02
0.112500,0.725000,2.234664e-02
0.125000,0.725000,2.405819e-02
0.137500,0.725000,2.561733e-02
0.150000,0.725000,2.702405e-02
0.162500,0.725000,2.827835e-02
0.175000,0.725000,2.938024e-02
0.187500,0.725000,3.033000e-02
0.200000,0.725000,3.113019e-02
0.212500,0.725000,3.178139e-02
0.225000,0.725000,3.228360e-02
0.237500,0.725000,3.263683e-02
0.250000,0.725000,3.284107e-02
0.262500,0.725000,3.289633e-02
0.275000,0.725000,3.280260e-02
0.287500,0.725000,3.256072e-02
0.300000,0.725000,3.217392e-02
0.312500,0.725000,3.164250e-02
0.325000,0.725000,3.096647e-02
0.337500,0.725000,3.014583e-02
0.350000,0.725000,2.918058e-02
0.362500,0.725000,2.807071e-02
0.375000,0.725000,2.681623e-02
0.387500,0.725000,2.542017e-02
0.400000,0.725000,2.388593e-02
0.412500,0.725000,2.221351e-02
0.425000,0.725000,2.040291e-02
0.437500,0.725000,1.845413e-02
0.450000,0.725000,1.636734e-02
0.462500,0.725000,1.414697e-02
0.475000,0.725000,1.179500e-02
0.487500,0.725000,9.311437e-03
0.500000,0.725000,6.697403e-03
0.512500,0.725000,6.435529e-03
0.525000,0.725000,6.185057e-03
0.537500,0.725000,5.946170e-03
0.550000,0.725000,5.719025e-03
0.562500,0.725000,5.503621e-03
0.575000,0.725000,5.298757e-03
0.587500,0.725000,5.103406e-03
0.600000,0.725000,4.917569e-03
0.612500,0.725000,4.741245e-03
0.625000,0.725000,4.574434e-03
0.637500,0.725000,4.417137e-03
0.650000,0.725000,4.266929e-03
0.662500,0.725000,4.121245e-03
0.675000,0.725000,3.980085e-03
0.687500,0.725000,3.843448e-03
0.700000,0.725000,3.711334e-03
0.712500,0.725000,3.583744e-03
0.725000,0.725000,3.460678e-03
0.737500,0.725000,3.342134e-03
0.750000,0.725000,3.225029e-03
0.762500,0.725000,3.106392e-03
0.775000,0.725000,2.986223e-03
0.787500,0.725000,2.864521e-03
0.800000,0.725000,2.741287e-03
0.812500,0.725000,2.616521e-03
0.825000,0.725000,2.490222e-03
0.837500,0.725000,2.362391e-03
0.850000,0.725000,2.232567e-03
0.862500,0.725000,2.095998e-03
0.875000,0.725000,1.951432e-03
0.887500,0.725000,1.798870e-03
0.900000,0.725000,1.638311e-03
0.912500,0.725000,1.469755e-03
0.925000,0.725000,1.293203e-03
0.937500,0.725000,1.108654e-03
0.950000,0.725000,9.143859e-04
0.962500,0.725000,7.064775e-04
0.975000,0.725000,4.847771e-04
0.987500,0.725000,2.492846e-04
1.000000,0.725000,0.000000e+00
0.000000,0.737500,0.000000e+00
0.012500,0.737500,3.029101e-03
0.025000,0.737500,5.903151e-03
0.037500,0.737500,8.622149e-03
0.050000,0.737500,1.118700e-02
0.062500,0.737500,1.359959e-02
0.075000,0.737500,1.585996e-02
0.087500,0.737500,1.796813e-02
0.100000,0.737500,1.992409e-02
0.112500,0.737500,2.172974e-02
0.125000,0.737500,2.338749e-02
0.137500,0.737500,2.489735e-02
0.150000,0.737500,2.625932e-02
0.162500,0.737500,2.747340e-02
0.175000,0.737500,2.853958e-02
0.187500,0.737500,2.945825e-02
0.200000,0.737500,3.023270e-02
0.212500,0.737500,3.086368e-02
0.225000,0.737500,3.135121e-02
0.237500,0.737500,3.169527e-02
0.250000,0.737500,3.189587e-02
0.262500,0.737500,3.195300e-02
0.275000,0.737500,3.186668e-02
0.287500,0.737500,3.163767e-02
0.300000,0.737500,3.126895e-02
0.312500,0.737500,3.076081e-02
0.325000,0.737500,3.011325e-02
0.337500,0.737500,2.932627e-02
0.350000,0.737500,2.839987e-02
0.362500,0.737500,2.733406e-02
0.375000,0.737500,2.612882e-02
0.387500,0.737500,2.478626e-02
0.400000,0.737500,2.330872e-02
0.412500,0.737500,2.169620e-02
0.425000,0.737500,1.994870e-02
0.437500,0.737500,1.806623e-02
0.450000,0.737500,1.604889e-02
0.462500,0.737500,1.389961e-02
0.475000,0.737500,1.161970e-02
0.487500,0.737500,9.209157e-03
0.500000,0.737500,6.667695e-03
0.512500,0.737500,6.412880e-03
0.525000,0.737500,6.168821e-03
0.537500,0.737500,5.935710e-03
0.550000,0.737500,5.713762e-03
0.562500,0.737500,5.502977e-03
0.575000,0.737500,5.302196e-03
0.587500,0.737500,5.110431e-03
0.600000,0.737500,4.927681e-03
0.612500,0.737500,4.753948e-03
0.625000,0.737500,4.589230e-03
0.637500,0.737500,4.433528e-03
0.650000,0.737500,4.284558e-03
0.662500,0.737500,4.139902e-03
0.675000,0.737500,3.999559e-03
0.687500,0.737500,3.863531e-03
0.700000,0.737500,3.731816e-03
0.712500,0.737500,3.604415e-03
0.725000,0.737500,3.481328e-03
0.737500,0.737500,3.362554e-03
0.750000,0.737500,3.245081e-03
0.762500,0.737500,3.126005e-03
0.775000,0.737500,3.005327e-03
0.787500,0.737500,2.883046e-03
0.800000,0.737500,2.759163e-03
0.812500,0.737500,2.633678e-03
0.825000,0.737500,2.506590e-03
0.837500,0.737500,2.377900e-03
0.850000,0.737500,2.247147e-03
0.862500,0.737500,2.109598e-03
0.875000,0.737500,1.964004e-03
0.887500,0.737500,1.810365e-03
0.900000,0.737500,1.648682e-03
0.912500,0.737500,1.478953e-03
0.925000,0.737500,1.301180e-03
0.937500,0.737500,1.115362e-03
0.950000,0.737500,9.197857e-04
0.962500,0.737500,7.105521e-04
0.975000,0.737500,4.875100e-04
0.987500,0.737500,2.506593e-04
1.000000,0.737500,0.000000e+00
0.000000,0.750000,0.000000e+00
0.012500,0.750000,2.953453e-03
0.025000,0.750000,5.752515e-03
0.037500,0.750000,8.397186e-03
0.050000,0.750000,1.088901e-02
0.062500,0.750000,1.323119e-02
0.075000,0.750000,1.542381e-02
0.087500,0.750000,1.746689e-02
0.100000,0.750000,1.936042e-02
0.112500,0.750000,2.110713e-02
0.125000,0.750000,2.271047e-02
0.137500,0.750000,2.417045e-02
0.150000,0.750000,2.548708e-02
0.162500,0.750000,2.666034e-02
0.175000,0.750000,2.769024e-02
0.187500,0.750000,2.857725e-02
0.200000,0.750000,2.932540e-02
0.212500,0.750000,2.993561e-02
0.225000,0.750000,3.040791e-02
0.237500,0.750000,3.074227e-02
0.250000,0.750000,3.093871e-02
0.262500,0.750000,3.099722e-02
0.275000,0.750000,3.091780e-02
0.287500,0.750000,3.070116e-02
0.300000,0.750000,3.034999e-02
0.312500,0.750000,2.986455e-02
0.325000,0.750000,2.924484e-02
0.337500,0.750000,2.849087e-02
0.350000,0.750000,2.760264e-02
0.362500,0.750000,2.658013e-02
0.375000,0.750000,2.542337e-02
0.387500,0.750000,2.413350e-02
0.400000,0.750000,2.271184e-02
0.412500,0.750000,2.115839e-02
0.425000,0.750000,1.947315e-02
0.437500,0.750000,1.765612e-02
0.450000,0.750000,1.570735e-02
0.462500,0.750000,1.362826e-02
0.475000,0.750000,1.141948e-02
0.487500,0.750000,9.080978e-03
0.500000,0.750000,6.611337e-03
0.512500,0.750000,6.363511e-03
0.525000,0.750000,6.125963e-03
0.537500,0.750000,5.898843e-03
0.550000,0.750000,5.682375e-03
0.562500,0.750000,5.476557e-03
0.575000,0.750000,5.280267e-03
0.587500,0.750000,5.092544e-03
0.600000,0.750000,4.913388e-03
0.612500,0.750000,4.742798e-03
0.625000,0.750000,4.580776e-03
0.637500,0.750000,4.427321e-03
0.650000,0.750000,4.280266e-03
0.662500,0.750000,4.137319e-03
0.675000,0.750000,3.998479e-03
0.687500,0.750000,3.863745e-03
0.700000,0.750000,3.733119e-03
0.712500,0.750000,3.606600e-03
0.725000,0.750000,3.484188e-03
0.737500,0.750000,3.365883e-03
0.750000,0.750000,3.248744e-03
0.762500,0.750000,3.129940e-03
0.775000,0.750000,3.009470e-03
0.787500,0.750000,2.887335e-03
0.800000,0.750000,2.763534e-03
0.812500,0.750000,2.638067e-03
0.825000,0.750000,2.510935e-03
0.837500,0.750000,2.382138e-03
0.850000,0.750000,2.251217e-03
0.862500,0.750000,2.113465e-03
0.875000,0.750000,1.967640e-03
0.887500,0.750000,1.813742e-03
0.900000,0.750000,1.651771e-03
0.912500,0.750000,1.481727e-03
0.925000,0.750000,1.303610e-03
0.937500,0.750000,1.117420e-03
0.950000,0.750000,9.214500e-04
0.962500,0.750000,7.118133e-04
0.975000,0.750000,4.883593e-04
0.987500,0.750000,2.510883e-04
1.000000,0.750000,0.000000e+00
0.000000,0.762500,0.000000e+00
0.012500,0.762500,2.877228e-03
0.025000,0.762500,5.600688e-03
0.037500,0.762500,8.170380e-03
0.050000,0.762500,1.058850e-02
0.062500,0.762500,1.285961e-02
0.075000,0.762500,1.498384e-02
0.087500,0.762500,1.696118e-02
0.100000,0.762500,1.879165e-02
0.112500,0.762500,2.047881e-02
0.125000,0.762500,2.202713e-02
0.137500,0.762500,2.343663e-02
0.150000,0.762500,2.470731e-02
0.162500,0.762500,2.583917e-02
0.175000,0.762500,2.683222e-02
0.187500,0.762500,2.768699e-02
0.200000,0.762500,2.840828e-02
0.212500,0.762500,2.899718e-02
0.225000,0.762500,2.945370e-02
0.237500,0.762500,2.977784e-02
0.250000,0.762500,2.996959e-02
0.262500,0.762500,3.002897e-02
0.275000,0.762500,2.995595e-02
0.287500,0.762500,2.975118e-02
0.300000,0.762500,2.941702e-02
0.312500,0.762500,2.895371e-02
0.325000,0.762500,2.836125e-02
0.337500,0.762500,2.763963e-02
0.350000,0.762500,2.678886e-02
0.362500,0.762500,2.580894e-02
0.375000,0.762500,2.469987e-02
0.387500,0.762500,2.346190e-02
0.400000,0.762500,2.209530e-02
0.412500,0.762500,2.060009e-02
0.425000,0.762500,1.897625e-02
0.437500,0.762500,1.722380e-02
0.450000,0.762500,1.534272e-02
0.462500,0.762500,1.333291e-02
0.475000,0.762500,1.119432e-02
0.487500,0.762500,8.926903e-03
0.500000,0.762500,6.528329e-03
0.512500,0.762500,6.287423e-03
0.525000,0.762500,6.056484e-03
0.537500,0.762500,5.835569e-03
0.550000,0.762500,5.624862e-03
0.562500,0.762500,5.424363e-03
0.575000,0.762500,5.232971e-03
0.587500,0.762500,5.049746e-03
0.600000,0.762500,4.874688e-03
0.612500,0.762500,4.707797e-03
0.625000,0.762500,4.549073e-03
0.637500,0.762500,4.398515e-03
0.650000,0.762500,4.254054e-03
0.662500,0.762500,4.113496e-03
0.675000,0.762500,3.976842e-03
0.687500,0.762500,3.844091e-03
0.700000,0.762500,3.715244e-03
0.712500,0.762500,3.590299e-03
0.725000,0.762500,3.469258e-03
0.737500,0.762500,3.352120e-03
0.750000,0.762500,3.236020e-03
0.762500,0.762500,3.118198e-03
0.775000,0.762500,2.998654e-03
0.787500,0.762500,2.877388e-03
0.800000,0.762500,2.754400e-03
0.812500,0.762500,2.629691e-03
0.825000,0.762500,2.503259e-03
0.837500,0.762500,2.375106e-03
0.850000,0.762500,2.244777e-03
0.862500,0.762500,2.107599e-03
0.875000,0.762500,1.962339e-03
0.887500,0.762500,1.808999e-03
0.900000,0.762500,1.647578e-03
0.912500,0.762500,1.478076e-03
0.925000,0.762500,1.300493e-03
0.937500,0.762500,1.114829e-03
0.950000,0.762500,9.193787e-04
0.962500,0.762500,7.102609e-04
0.975000,0.762500,4.873252e-04
0.987500,0.762500,2.505715e-04
1.000000,0.762500,0.000000e+00
0.000000,0.775000,0.000000e+00
0.012500,0.775000,2.800424e-03
0.025000,0.775000,5.447668e-03
0.037500,0.775000,7.941731e-03
0.050000,0.775000,1.028548e-02
0.062500,0.775000,1.248485e-02
0.075000,0.775000,1.454003e-02
0.087500,0.775000,1.645101e-02
0.100000,0.775000,1.821780e-02
0.112500,0.775000,1.984477e-02
0.125000,0.775000,2.133746e-02
0.137500,0.775000,2.269588e-02
0.150000,0.775000,2.392002e-02
0.162500,0.775000,2.500990e-02
0.175000,0.775000,2.596551e-02
0.187500,0.775000,2.678748e-02
0.200000,0.775000,2.748134e-02
0.212500,0.775000,2.804838e-02
0.225000,0.775000,2.848859e-02
0.237500,0.775000,2.880197e-02
0.250000,0.775000,2.898852e-02
0.262500,0.775000,2.904825e-02
0.275000,0.775000,2.898115e-02
0.287500,0.775000,2.878774e-02
0.300000,0.775000,2.847006e-02
0.312500,0.775000,2.802830e-02
0.325000,0.775000,2.746247e-02
0.337500,0.775000,2.677255e-02
0.350000,0.775000,2.595855e-02
0.362500,0.775000,2.502048e-02
0.375000,0.775000,2.395833e-02
0.387500,0.775000,2.277145e-02
0.400000,0.775000,2.145910e-02
0.412500,0.775000,2.002129e-02
0.425000,0.775000,1.845801e-02
0.437500,0.775000,1.676928e-02
0.450000,0.775000,1.495501e-02
0.462500,0.775000,1.301357e-02
0.475000,0.775000,1.094423e-02
0.487500,0.775000,8.746929e-03
0.500000,0.775000,6.418672e-03
0.512500,0.775000,6.184616e-03
0.525000,0.775000,5.960384e-03
0.537500,0.775000,5.745888e-03
0.550000,0.775000,5.541225e-03
0.562500,0.775000,5.346394e-03
0.575000,0.775000,5.160308e-03
0.587500,0.775000,4.982038e-03
0.600000,0.775000,4.811583e-03
0.612500,0.775000,4.648944e-03
0.625000,0.775000,4.494120e-03
0.637500,0.775000,4.347112e-03
0.650000,0.775000,4.205922e-03
0.662500,0.775000,4.068435e-03
0.675000,0.775000,3.934650e-03
0.687500,0.775000,3.804568e-03
0.700000,0.775000,3.678189e-03
0.712500,0.775000,3.555512e-03
0.725000,0.775000,3.436538e-03
0.737500,0.775000,3.321265e-03
0.750000,0.775000,3.206907e-03
0.762500,0.775000,3.090778e-03
0.775000,0.775000,2.972878e-03
0.787500,0.775000,2.853206e-03
0.800000,0.775000,2.731762e-03
0.812500,0.775000,2.608548e-03
0.825000,0.775000,2.483562e-03
0.837500,0.775000,2.356804e-03
0.850000,0.775000,2.227826e-03
0.862500,0.775000,2.091999e-03
0.875000,0.775000,1.948103e-03
0.887500,0.775000,1.796138e-03
0.900000,0.775000,1.636104e-03
0.912500,0.775000,1.468001e-03
0.925000,0.775000,1.291829e-03
0.937500,0.775000,1.107588e-03
0.950000,0.775000,9.135717e-04
0.962500,0.775000,7.058950e-04
0.975000,0.775000,4.844075e-04
0.987500,0.775000,2.491091e-04
1.000000,0.775000,0.000000e+00
0.000000,0.787500,0.000000e+00
0.012500,0.787500,2.722612e-03
0.025000,0.787500,5.292615e-03
0.037500,0.787500,7.710009e-03
0.050000,0.787500,9.978346e-03
0.062500,0.787500,1.210498e-02
0.075000,0.787500,1.409013e-02
0.087500,0.787500,1.593380e-02
0.100000,0.787500,1.763599e-02
0.112500,0.787500,1.920191e-02
0.125000,0.787500,2.063813e-02
0.137500,0.787500,2.194466e-02
0.150000,0.787500,2.312150e-02
0.162500,0.787500,2.416866e-02
0.175000,0.787500,2.508613e-02
0.187500,0.787500,2.587464e-02
0.200000,0.787500,2.654045e-02
0.212500,0.787500,2.708501e-02
0.225000,0.787500,2.750832e-02
0.237500,0.787500,2.781039e-02
0.250000,0.787500,2.799121e-02
0.262500,0.787500,2.805079e-02
0.275000,0.787500,2.798912e-02
0.287500,0.787500,2.780663e-02
0.300000,0.787500,2.750495e-02
0.312500,0.787500,2.708426e-02
0.325000,0.787500,2.654455e-02
0.337500,0.787500,2.588581e-02
0.350000,0.787500,2.510806e-02
0.362500,0.787500,2.421128e-02
0.375000,0.787500,2.319549e-02
0.387500,0.787500,2.205913e-02
0.400000,0.787500,2.080047e-02
0.412500,0.787500,1.941951e-02
0.425000,0.787500,1.791626e-02
0.437500,0.787500,1.629070e-02
0.450000,0.787500,1.454272e-02
0.462500,0.787500,1.266913e-02
0.475000,0.787500,1.066850e-02
0.487500,0.787500,8.540759e-03
0.500000,0.787500,6.282483e-03
0.512500,0.787500,6.055252e-03
0.525000,0.787500,5.837852e-03
0.537500,0.787500,5.630006e-03
0.550000,0.787500,5.431683e-03
0.562500,0.787500,5.242882e-03
0.575000,0.787500,5.062517e-03
0.587500,0.787500,4.889661e-03
0.600000,0.787500,4.724314e-03
0.612500,0.787500,4.566476e-03
0.625000,0.787500,4.416147e-03
0.637500,0.787500,4.273327e-03
0.650000,0.787500,4.136070e-03
0.662500,0.787500,4.002319e-03
0.675000,0.787500,3.872072e-03
0.687500,0.787500,3.745330e-03
0.700000,0.787500,3.622092e-03
0.712500,0.787500,3.502360e-03
0.725000,0.787500,3.386131e-03
0.737500,0.787500,3.273407e-03
0.750000,0.787500,3.161479e-03
0.762500,0.787500,3.047739e-03
0.775000,0.787500,2.932185e-03
0.787500,0.787500,2.814819e-03
0.800000,0.787500,2.695639e-03
0.812500,0.787500,2.574648e-03
0.825000,0.787500,2.451843e-03
0.837500,0.787500,2.327225e-03
0.850000,0.787500,2.200351e-03
0.862500,0.787500,2.066646e-03
0.875000,0.787500,1.924906e-03
0.887500,0.787500,1.775130e-03
0.900000,0.787500,1.617319e-03
0.912500,0.787500,1.451473e-03
0.925000,0.787500,1.277590e-03
0.937500,0.787500,1.095673e-03
0.950000,0.787500,9.040073e-04
0.962500,0.787500,6.986980e-04
0.975000,0.787500,4.795937e-04
0.987500,0.787500,2.466944e-04
1.000000,0.787500,0.000000e+00
0.000000,0.800000,0.000000e+00
0.012500,0.800000,2.640559e-03
0.025000,0.800000,5.129215e-03
0.037500,0.800000,7.465968e-03
0.050000,0.800000,9.655074e-03
0.062500,0.800000,1.170535e-02
0.075000,0.800000,1.361705e-02
0.087500,0.800000,1.539020e-02
0.100000,0.800000,1.702477e-02
0.112500,0.800000,1.852684e-02
0.125000,0.800000,1.990403e-02
0.137500,0.800000,2.115635e-02
0.150000,0.800000,2.228382e-02
0.162500,0.800000,2.328642e-02
0.175000,0.800000,2.416416e-02
0.187500,0.800000,2.491784e-02
0.200000,0.800000,2.555440e-02
0.212500,0.800000,2.607544e-02
0.225000,0.800000,2.648096e-02
0.237500,0.800000,2.677097e-02
0.250000,0.800000,2.694546e-02
0.262500,0.800000,2.700443e-02
0.275000,0.800000,2.694788e-02
0.287500,0.800000,2.677615e-02
0.300000,0.800000,2.649050e-02
0.312500,0.800000,2.609105e-02
0.325000,0.800000,2.557781e-02
0.337500,0.800000,2.495077e-02
0.350000,0.800000,2.420993e-02
0.362500,0.800000,2.335529e-02
0.375000,0.800000,2.238686e-02
0.387500,0.800000,2.130221e-02
0.400000,0.800000,2.009862e-02
0.412500,0.800000,1.877609e-02
0.425000,0.800000,1.733463e-02
0.437500,0.800000,1.577422e-02
0.450000,0.800000,1.409470e-02
0.462500,0.800000,1.229126e-02
0.475000,0.800000,1.036177e-02
0.487500,0.800000,8.306150e-03
0.500000,0.800000,6.120636e-03
0.512500,0.800000,5.900548e-03
0.525000,0.800000,5.690308e-03
0.537500,0.800000,5.489470e-03
0.550000,0.800000,5.297890e-03
0.562500,0.800000,5.115565e-03
0.575000,0.800000,4.941397e-03
0.587500,0.800000,4.774443e-03
0.600000,0.800000,4.614704e-03
0.612500,0.800000,4.462181e-03
0.625000,0.800000,4.316872e-03
0.637500,0.800000,4.178778e-03
0.650000,0.800000,4.046002e-03
0.662500,0.800000,3.916534e-03
0.675000,0.800000,3.790375e-03
0.687500,0.800000,3.667525e-03
0.700000,0.800000,3.547983e-03
0.712500,0.800000,3.431749e-03
0.725000,0.800000,3.318824e-03
0.737500,0.800000,3.209207e-03
0.750000,0.800000,3.100278e-03
0.762500,0.800000,2.989510e-03
0.775000,0.800000,2.876905e-03
0.787500,0.800000,2.762462e-03
0.800000,0.800000,2.646182e-03
0.812500,0.800000,2.528063e-03
0.825000,0.800000,2.408108e-03
0.837500,0.800000,2.286314e-03
0.850000,0.800000,2.162245e-03
0.862500,0.800000,2.031393e-03
0.875000,0.800000,1.892570e-03
0.887500,0.800000,1.745776e-03
0.900000,0.800000,1.591012e-03
0.912500,0.800000,1.428276e-03
0.925000,0.800000,1.257569e-03
0.937500,0.800000,1.078892e-03
0.950000,0.800000,8.905213e-04
0.962500,0.800000,6.885379e-04
0.975000,0.800000,4.727899e-04
0.987500,0.800000,2.432772e-04
1.000000,0.800000,0.000000e+00
0.000000,0.812500,0.000000e+00
0.012500,0.812500,2.553600e-03
0.025000,0.812500,4.956169e-03
0.037500,0.812500,7.207707e-03
0.050000,0.812500,9.313197e-03
0.062500,0.812500,1.128296e-02
0.075000,0.812500,1.311730e-02
0.087500,0.812500,1.481623e-02
0.100000,0.812500,1.637974e-02
0.112500,0.812500,1.781476e-02
0.125000,0.812500,1.913000e-02
0.137500,0.812500,2.032549e-02
0.150000,0.812500,2.140123e-02
0.162500,0.812500,2.235721e-02
0.175000,0.812500,2.319345e-02
0.187500,0.812500,2.391079e-02
0.200000,0.812500,2.451679e-02
0.212500,0.812500,2.501317e-02
0.225000,0.812500,2.539994e-02
0.237500,0.812500,2.567709e-02
0.250000,0.812500,2.584463e-02
0.262500,0.812500,2.590256e-02
0.275000,0.812500,2.585088e-02
0.287500,0.812500,2.568982e-02
0.300000,0.812500,2.542030e-02
0.312500,0.812500,2.504241e-02
0.325000,0.812500,2.455615e-02
0.337500,0.812500,2.396152e-02
0.350000,0.812500,2.325852e-02
0.362500,0.812500,2.244715e-02
0.375000,0.812500,2.152741e-02
0.387500,0.812500,2.049602e-02
0.400000,0.812500,1.934928e-02
0.412500,0.812500,1.808720e-02
0.425000,0.812500,1.670977e-02
0.437500,0.812500,1.521700e-02
0.450000,0.812500,1.360864e-02
0.462500,0.812500,1.187824e-02
0.475000,0.812500,1.002294e-02
0.487500,0.812500,8.042640e-03
0.500000,0.812500,5.933313e-03
0.512500,0.812500,5.720754e-03
0.525000,0.812500,5.518043e-03
0.537500,0.812500,5.324598e-03
0.550000,0.812500,5.140185e-03
0.562500,0.812500,4.964803e-03
0.575000,0.812500,4.797317e-03
0.587500,0.812500,4.636759e-03
0.600000,0.812500,4.483128e-03
0.612500,0.812500,4.336424e-03
0.625000,0.812500,4.196648e-03
0.637500,0.812500,4.063799e-03
0.650000,0.812500,3.936026e-03
0.662500,0.812500,3.811366e-03
0.675000,0.812500,3.689821e-03
0.687500,0.812500,3.571389e-03
0.700000,0.812500,3.456072e-03
0.712500,0.812500,3.343868e-03
0.725000,0.812500,3.234778e-03
0.737500,0.812500,3.128802e-03
0.750000,0.812500,3.023414e-03
0.762500,0.812500,2.916182e-03
0.775000,0.812500,2.807105e-03
0.787500,0.812500,2.696185e-03
0.800000,0.812500,2.583420e-03
0.812500,0.812500,2.468810e-03
0.825000,0.812500,2.352357e-03
0.837500,0.812500,2.234059e-03
0.850000,0.812500,2.113487e-03
0.862500,0.812500,1.986209e-03
0.875000,0.812500,1.851059e-03
0.887500,0.812500,1.708035e-03
0.900000,0.812500,1.557137e-03
0.912500,0.812500,1.398367e-03
0.925000,0.812500,1.231724e-03
0.937500,0.812500,1.057207e-03
0.950000,0.812500,8.730799e-04
0.962500,0.812500,6.753875e-04
0.975000,0.812500,4.639767e-04
0.987500,0.812500,2.388475e-04
1.000000,0.812500,0.000000e+00
0.000000,0.825000,0.000000e+00
0.012500,0.825000,2.461736e-03
0.025000,0.825000,4.773478e-03
0.037500,0.825000,6.935227e-03
0.050000,0.825000,8.952714e-03
0.062500,0.825000,1.083781e-02
0.075000,0.825000,1.259087e-02
0.087500,0.825000,1.421189e-02
0.100000,0.825000,1.570089e-02
0.112500,0.825000,1.706567e-02
0.125000,0.825000,1.831605e-02
0.137500,0.825000,1.945207e-02
0.150000,0.825000,2.047374e-02
0.162500,0.825000,2.138104e-02
0.175000,0.825000,2.217399e-02
0.187500,0.825000,2.285350e-02
0.200000,0.825000,2.342762e-02
0.212500,0.825000,2.389820e-02
0.225000,0.825000,2.426525e-02
0.237500,0.825000,2.452876e-02
0.250000,0.825000,2.468874e-02
0.262500,0.825000,2.474519e-02
0.275000,0.825000,2.469810e-02
0.287500,0.825000,2.454762e-02
0.300000,0.825000,2.429435e-02
0.312500,0.825000,2.393834e-02
0.325000,0.825000,2.347958e-02
0.337500,0.825000,2.291809e-02
0.350000,0.825000,2.225385e-02
0.362500,0.825000,2.148687e-02
0.375000,0.825000,2.061715e-02
0.387500,0.825000,1.964055e-02
0.400000,0.825000,1.855244e-02
0.412500,0.825000,1.735282e-02
0.425000,0.825000,1.604168e-02
0.437500,0.825000,1.461903e-02
0.450000,0.825000,1.308455e-02
0.462500,0.825000,1.143009e-02
0.475000,0.825000,9.652012e-03
0.487500,0.825000,7.750231e-03
0.500000,0.825000,5.720513e-03
0.512500,0.825000,5.515870e-03
0.525000,0.825000,5.321058e-03
0.537500,0.825000,5.135390e-03
0.550000,0.825000,4.958569e-03
0.562500,0.825000,4.790593e-03
0.575000,0.825000,4.630277e-03
0.587500,0.825000,4.476608e-03
0.600000,0.825000,4.329584e-03
0.612500,0.825000,4.189207e-03
0.625000,0.825000,4.055475e-03
0.637500,0.825000,3.928390e-03
0.650000,0.825000,3.806142e-03
0.662500,0.825000,3.686815e-03
0.675000,0.825000,3.570408e-03
0.687500,0.825000,3.456923e-03
0.700000,0.825000,3.346359e-03
0.712500,0.825000,3.238715e-03
0.725000,0.825000,3.133993e-03
0.737500,0.825000,3.032191e-03
0.750000,0.825000,2.930888e-03
0.762500,0.825000,2.827753e-03
0.775000,0.825000,2.722786e-03
0.787500,0.825000,2.615986e-03
0.800000,0.825000,2.507354e-03
0.812500,0.825000,2.396889e-03
0.825000,0.825000,2.284591e-03
0.837500,0.825000,2.170461e-03
0.850000,0.825000,2.054077e-03
0.862500,0.825000,1.931095e-03
0.875000,0.825000,1.800371e-03
0.887500,0.825000,1.661905e-03
0.900000,0.825000,1.515696e-03
0.912500,0.825000,1.361746e-03
0.925000,0.825000,1.200053e-03
0.937500,0.825000,1.030618e-03
0.950000,0.825000,8.516831e-04
0.962500,0.825000,6.592467e-04
0.975000,0.825000,4.531541e-04
0.987500,0.825000,2.334052e-04
1.000000,0.825000,0.000000e+00
0.000000,0.837500,0.000000e+00
0.012500,0.837500,2.364966e-03
0.025000,0.837500,4.581142e-03
0.037500,0.837500,6.648528e-03
0.050000,0.837500,8.573627e-03
0.062500,0.837500,1.036990e-02
0.075000,0.837500,1.203775e-02
0.087500,0.837500,1.357720e-02
0.100000,0.837500,1.498822e-02
0.112500,0.837500,1.627956e-02
0.125000,0.837500,1.746217e-02
0.137500,0.837500,1.853610e-02
0.150000,0.837500,1.950135e-02
0.162500,0.837500,2.035791e-02
0.175000,0.837500,2.110579e-02
0.187500,0.837500,2.174596e-02
0.200000,0.837500,2.228689e-02
0.212500,0.837500,2.273054e-02
0.225000,0.837500,2.307690e-02
0.237500,0.837500,2.332599e-02
0.250000,0.837500,2.347779e-02
0.262500,0.837500,2.353230e-02
0.275000,0.837500,2.348954e-02
0.287500,0.837500,2.334956e-02
0.300000,0.837500,2.311265e-02
0.312500,0.837500,2.277883e-02
0.325000,0.837500,2.234809e-02
0.337500,0.837500,2.182045e-02
0.350000,0.837500,2.119590e-02
0.362500,0.837500,2.047444e-02
0.375000,0.837500,1.965607e-02
0.387500,0.837500,1.873582e-02
0.400000,0.837500,1.770812e-02
0.412500,0.837500,1.657297e-02
0.425000,0.837500,1.533037e-02
0.437500,0.837500,1.398031e-02
0.450000,0.837500,1.252243e-02
0.462500,0.837500,1.094680e-02
0.475000,0.837500,9.248988e-03
0.487500,0.837500,7.428920e-03
0.500000,0.837500,5.482237e-03
0.512500,0.837500,5.285897e-03
0.525000,0.837500,5.099352e-03
0.537500,0.837500,4.921846e-03
0.550000,0.837500,4.753042e-03
0.562500,0.837500,4.592938e-03
0.575000,0.837500,4.440278e-03
0.587500,0.837500,4.293990e-03
0.600000,0.837500,4.154073e-03
0.612500,0.837500,4.020528e-03
0.625000,0.837500,3.893354e-03
0.637500,0.837500,3.772551e-03
0.650000,0.837500,3.656350e-03
0.662500,0.837500,3.542879e-03
0.675000,0.837500,3.432138e-03
0.687500,0.837500,3.324126e-03
0.700000,0.837500,3.218844e-03
0.712500,0.837500,3.116291e-03
0.725000,0.837500,3.016468e-03
0.737500,0.837500,2.919374e-03
0.750000,0.837500,2.822700e-03
0.762500,0.837500,2.724225e-03
0.775000,0.837500,2.623947e-03
0.787500,0.837500,2.521866e-03
0.800000,0.837500,2.417983e-03
0.812500,0.837500,2.312298e-03
0.825000,0.837500,2.204810e-03
0.837500,0.837500,2.095519e-03
0.850000,0.837500,1.984014e-03
0.862500,0.837500,1.866050e-03
0.875000,0.837500,1.740507e-03
0.887500,0.837500,1.607387e-03
0.900000,0.837500,1.466688e-03
0.912500,0.837500,1.318412e-03
0.925000,0.837500,1.162557e-03
0.937500,0.837500,9.991249e-04
0.950000,0.837500,8.263308e-04
0.962500,0.837500,6.401157e-04
0.975000,0.837500,4.403222e-04
0.987500,0.837500,2.269503e-04
1.000000,0.837500,0.000000e+00
0.000000,0.850000,0.000000e+00
0.012500,0.850000,2.263291e-03
0.025000,0.850000,4.379161e-03
0.037500,0.850000,6.347610e-03
0.050000,0.850000,8.175933e-03
0.062500,0.850000,9.879230e-03
0.075000,0.850000,1.145796e-02
0.087500,0.850000,1.291213e-02
0.100000,0.850000,1.424174e-02
0.112500,0.850000,1.545643e-02
0.125000,0.850000,1.656837e-02
0.137500,0.850000,1.757757e-02
0.150000,0.850000,1.848406e-02
0.162500,0.850000,1.928782e-02
0.175000,0.850000,1.998885e-02
0.187500,0.850000,2.058818e-02
0.200000,0.850000,2.109461e-02
0.212500,0.850000,2.151018e-02
0.225000,0.850000,2.183490e-02
0.237500,0.850000,2.206876e-02
0.250000,0.850000,2.221177e-02
0.262500,0.850000,2.226391e-02
0.275000,0.850000,2.222521e-02
0.287500,0.850000,2.209564e-02
0.300000,0.850000,2.187520e-02
0.312500,0.850000,2.156388e-02
0.325000,0.850000,2.116169e-02
0.337500,0.850000,2.066862e-02
0.350000,0.850000,2.008468e-02
0.362500,0.850000,1.940986e-02
0.375000,0.850000,1.864417e-02
0.387500,0.850000,1.778181e-02
0.400000,0.850000,1.681630e-02
0.412500,0.850000,1.574764e-02
0.425000,0.850000,1.457583e-02
0.437500,0.850000,1.330085e-02
0.450000,0.850000,1.192228e-02
0.462500,0.850000,1.042836e-02
0.475000,0.850000,8.813867e-03
0.487500,0.850000,7.078710e-03
0.500000,0.850000,5.218484e-03
0.512500,0.850000,5.030834e-03
0.525000,0.850000,4.852926e-03
0.537500,0.850000,4.683966e-03
0.550000,0.850000,4.523603e-03
0.562500,0.850000,4.371835e-03
0.575000,0.850000,4.227320e-03
0.587500,0.850000,4.088906e-03
0.600000,0.850000,3.956596e-03
0.612500,0.850000,3.830388e-03
0.625000,0.850000,3.710283e-03
0.637500,0.850000,3.596281e-03
0.650000,0.850000,3.486651e-03
0.662500,0.850000,3.379560e-03
0.675000,0.850000,3.275010e-03
0.687500,0.850000,3.172999e-03
0.700000,0.850000,3.073527e-03
0.712500,0.850000,2.976596e-03
0.725000,0.850000,2.882204e-03
0.737500,0.850000,2.790351e-03
0.750000,0.850000,2.698851e-03
0.762500,0.850000,2.605596e-03
0.775000,0.850000,2.510588e-03
0.787500,0.850000,2.413825e-03
0.800000,0.850000,2.315309e-03
0.812500,0.850000,2.215038e-03
0.825000,0.850000,2.113013e-03
0.837500,0.850000,2.009234e-03
0.850000,0.850000,1.903299e-03
0.862500,0.850000,1.791074e-03
0.875000,0.850000,1.671467e-03
0.887500,0.850000,1.544481e-03
0.900000,0.850000,1.410113e-03
0.912500,0.850000,1.268365e-03
0.925000,0.850000,1.119237e-03
0.937500,0.850000,9.627275e-04
0.950000,0.850000,7.970232e-04
0.962500,0.850000,6.179943e-04
0.975000,0.850000,4.254808e-04
0.987500,0.850000,2.194827e-04
1.000000,0.850000,0.000000e+00
0.000000,0.862500,0.000000e+00
0.012500,0.862500,2.156710e-03
0.025000,0.862500,4.167534e-03
0.037500,0.862500,6.032473e-03
0.050000,0.862500,7.759634e-03
0.062500,0.862500,9.365803e-03
0.075000,0.862500,1.085149e-02
0.087500,0.862500,1.221670e-02
0.100000,0.862500,1.346144e-02
0.112500,0.862500,1.459630e-02
0.125000,0.862500,1.563463e-02
0.137500,0.862500,1.657649e-02
0.150000,0.862500,1.742186e-02
0.162500,0.862500,1.817076e-02
0.175000,0.862500,1.882317e-02
0.187500,0.862500,1.938014e-02
0.200000,0.862500,1.985076e-02
0.212500,0.862500,2.023712e-02
0.225000,0.862500,2.053923e-02
0.237500,0.862500,2.075708e-02
0.250000,0.862500,2.089068e-02
0.262500,0.862500,2.094002e-02
0.275000,0.862500,2.090510e-02
0.287500,0.862500,2.078586e-02
0.300000,0.862500,2.058200e-02
0.312500,0.862500,2.029350e-02
0.325000,0.862500,1.992037e-02
0.337500,0.862500,1.946260e-02
0.350000,0.862500,1.892019e-02
0.362500,0.862500,1.829314e-02
0.375000,0.862500,1.758145e-02
0.387500,0.862500,1.677853e-02
0.400000,0.862500,1.587700e-02
0.412500,0.862500,1.487684e-02
0.425000,0.862500,1.377805e-02
0.437500,0.862500,1.258064e-02
0.450000,0.862500,1.128410e-02
0.462500,0.862500,9.874786e-03
0.475000,0.862500,8.346649e-03
0.487500,0.862500,6.699598e-03
0.500000,0.862500,4.929255e-03
0.512500,0.862500,4.750681e-03
0.525000,0.862500,4.581779e-03
0.537500,0.862500,4.421749e-03
0.550000,0.862500,4.270252e-03
0.562500,0.862500,4.127287e-03
0.575000,0.862500,3.991401e-03
0.587500,0.862500,3.861356e-03
0.600000,0.862500,3.737152e-03
0.612500,0.862500,3.618788e-03
0.625000,0.862500,3.506264e-03
0.637500,0.862500,3.399581e-03
0.650000,0.862500,3.297044e-03
0.662500,0.862500,3.196858e-03
0.675000,0.862500,3.099024e-03
0.687500,0.862500,3.003541e-03
0.700000,0.862500,2.910409e-03
0.712500,0.862500,2.819629e-03
0.725000,0.862500,2.731200e-03
0.737500,0.862500,2.645122e-03
0.750000,0.862500,2.559339e-03
0.762500,0.862500,2.471868e-03
0.775000,0.862500,2.382709e-03
0.787500,0.862500,2.291863e-03
0.800000,0.862500,2.199330e-03
0.812500,0.862500,2.105109e-03
0.825000,0.862500,2.009201e-03
0.837500,0.862500,1.911605e-03
0.850000,0.862500,1.811932e-03
0.862500,0.862500,1.706167e-03
0.875000,0.862500,1.593252e-03
0.887500,0.862500,1.473187e-03
0.900000,0.862500,1.345972e-03
0.912500,0.862500,1.211606e-03
0.925000,0.862500,1.070091e-03
0.937500,0.862500,9.214259e-04
0.950000,0.862500,7.637602e-04
0.962500,0.862500,5.928827e-04
0.975000,0.862500,4.086301e-04
0.987500,0.862500,2.110026e-04
1.000000,0.862500,0.000000e+00
0.000000,0.875000,0.000000e+00
0.012500,0.875000,2.045127e-03
0.025000,0.875000,3.946074e-03
0.037500,0.875000,5.702839e-03
0.050000,0.875000,7.324370e-03
0.062500,0.875000,8.829188e-03
0.075000,0.875000,1.021786e-02
0.087500,0.875000,1.149039e-02
0.100000,0.875000,1.264677e-02
0.112500,0.875000,1.369858e-02
0.125000,0.875000,1.466040e-02
0.137500,0.875000,1.553226e-02
0.150000,0.875000,1.631417e-02
0.162500,0.875000,1.700613e-02
0.175000,0.875000,1.760813e-02
0.187500,0.875000,1.812125e-02
0.200000,0.875000,1.855475e-02
0.212500,0.875000,1.891076e-02
0.225000,0.875000,1.918930e-02
0.237500,0.875000,1.939035e-02
0.250000,0.875000,1.951392e-02
0.262500,0.875000,1.956001e-02
0.275000,0.875000,1.952862e-02
0.287500,0.875000,1.941961e-02
0.300000,0.875000,1.923246e-02
0.312500,0.875000,1.896711e-02
0.325000,0.875000,1.862355e-02
0.337500,0.875000,1.820180e-02
0.350000,0.875000,1.770186e-02
0.362500,0.875000,1.712371e-02
0.375000,0.875000,1.646737e-02
0.387500,0.875000,1.572545e-02
0.400000,0.875000,1.488969e-02
0.412500,0.875000,1.396008e-02
0.425000,0.875000,1.293662e-02
0.437500,0.875000,1.181931e-02
0.450000,0.875000,1.060756e-02
0.462500,0.875000,9.285811e-03
0.475000,0.875000,7.847153e-03
0.487500,0.875000,6.291495e-03
0.500000,0.875000,4.614535e-03
0.512500,0.875000,4.445432e-03
0.525000,0.875000,4.285914e-03
0.537500,0.875000,4.135207e-03
0.550000,0.875000,3.993007e-03
0.562500,0.875000,3.859311e-03
0.575000,0.875000,3.732546e-03
0.587500,0.875000,3.611364e-03
0.600000,0.875000,3.495766e-03
0.612500,0.875000,3.385752e-03
0.625000,0.875000,3.281321e-03
0.637500,0.875000,3.182475e-03
0.650000,0.875000,3.087551e-03
0.662500,0.875000,2.994792e-03
0.675000,0.875000,2.904197e-03
0.687500,0.875000,2.815768e-03
0.700000,0.875000,2.729502e-03
0.712500,0.875000,2.645402e-03
0.725000,0.875000,2.563465e-03
0.737500,0.875000,2.483694e-03
0.750000,0.875000,2.404167e-03
0.762500,0.875000,2.323039e-03
0.775000,0.875000,2.240308e-03
0.787500,0.875000,2.155974e-03
0.800000,0.875000,2.070038e-03
0.812500,0.875000,1.982499e-03
0.825000,0.875000,1.893358e-03
0.837500,0.875000,1.802614e-03
0.850000,0.875000,1.709891e-03
0.862500,0.875000,1.611306e-03
0.875000,0.875000,1.505835e-03
0.887500,0.875000,1.393478e-03
0.900000,0.875000,1.274236e-03
0.912500,0.875000,1.148108e-03
0.925000,0.875000,1.015095e-03
0.937500,0.875000,8.751959e-04
0.950000,0.875000,7.265201e-04
0.962500,0.875000,5.647627e-04
0.975000,0.875000,3.897568e-04
0.987500,0.875000,2.015026e-04
1.000000,0.875000,0.000000e+00
0.000000,0.887500,0.000000e+00
0.012500,0.887500,1.923877e-03
0.025000,0.887500,3.705605e-03
0.037500,0.887500,5.345186e-03
0.050000,0.887500,6.852597e-03
0.062500,0.887500,8.248500e-03
0.075000,0.887500,9.533528e-03
0.087500,0.887500,1.070768e-02
0.100000,0.887500,1.177096e-02
0.112500,0.887500,1.273568e-02
0.125000,0.887500,1.361736e-02
0.137500,0.887500,1.441604e-02
0.150000,0.887500,1.513173e-02
0.162500,0.887500,1.576441e-02
0.175000,0.887500,1.631410e-02
0.187500,0.887500,1.678186e-02
0.200000,0.887500,1.717696e-02
0.212500,0.887500,1.750154e-02
0.225000,0.887500,1.775561e-02
0.237500,0.887500,1.793916e-02
0.250000,0.887500,1.805219e-02
0.262500,0.887500,1.809470e-02
0.275000,0.887500,1.806669e-02
0.287500,0.887500,1.796798e-02
0.300000,0.887500,1.779784e-02
0.312500,0.887500,1.755620e-02
0.325000,0.887500,1.724305e-02
0.337500,0.887500,1.685840e-02
0.350000,0.887500,1.640226e-02
0.362500,0.887500,1.587461e-02
0.375000,0.887500,1.527546e-02
0.387500,0.887500,1.459683e-02
0.400000,0.887500,1.382979e-02
0.412500,0.887500,1.297433e-02
0.425000,0.887500,1.203045e-02
0.437500,0.887500,1.099814e-02
0.450000,0.887500,9.876751e-03
0.462500,0.887500,8.648821e-03
0.475000,0.887500,7.306582e-03
0.487500,0.887500,5.849930e-03
0.500000,0.887500,4.273651e-03
0.512500,0.887500,4.114758e-03
0.525000,0.887500,3.965424e-03
0.537500,0.887500,3.824816e-03
0.550000,0.887500,3.692636e-03
0.562500,0.887500,3.568881e-03
0.575000,0.887500,3.451862e-03
0.587500,0.887500,3.340134e-03
0.600000,0.887500,3.233696e-03
0.612500,0.887500,3.132549e-03
0.625000,0.887500,3.036692e-03
0.637500,0.887500,2.946126e-03
0.650000,0.887500,2.859240e-03
0.662500,0.887500,2.774329e-03
0.675000,0.887500,2.691392e-03
0.687500,0.887500,2.610429e-03
0.700000,0.887500,2.531441e-03
0.712500,0.887500,2.454427e-03
0.725000,0.887500,2.379387e-03
0.737500,0.887500,2.306322e-03
0.750000,0.887500,2.233460e-03
0.762500,0.887500,2.159097e-03
0.775000,0.887500,2.083231e-03
0.787500,0.887500,2.005864e-03
0.800000,0.887500,1.926995e-03
0.812500,0.887500,1.846624e-03
0.825000,0.887500,1.764751e-03
0.837500,0.887500,1.681376e-03
0.850000,0.887500,1.596139e-03
0.862500,0.887500,1.505328e-03
0.875000,0.887500,1.407964e-03
0.887500,0.887500,1.304047e-03
0.900000,0.887500,1.193578e-03
0.912500,0.887500,1.076555e-03
0.925000,0.887500,9.529804e-04
0.937500,0.887500,8.228528e-04
0.950000,0.887500,6.842416e-04
0.962500,0.887500,5.327529e-04
0.975000,0.887500,3.682164e-04
0.987500,0.887500,1.906321e-04
1.000000,0.887500,0.000000e+00
0.000000,0.900000,0.000000e+00
0.012500,0.900000,1.790375e-03
0.025000,0.900000,3.441051e-03
0.037500,0.900000,4.952027e-03
0.050000,0.900000,6.334605e-03
0.062500,0.900000,7.612180e-03
0.075000,0.900000,8.785469e-03
0.087500,0.900000,9.854472e-03
0.100000,0.900000,1.081919e-02
0.112500,0.900000,1.169232e-02
0.125000,0.900000,1.248987e-02
0.137500,0.900000,1.321188e-02
0.150000,0.900000,1.385835e-02
0.162500,0.900000,1.442928e-02
0.175000,0.900000,1.492467e-02
0.187500,0.900000,1.534557e-02
0.200000,0.900000,1.570102e-02
0.212500,0.900000,1.599311e-02
0.225000,0.900000,1.622184e-02
0.237500,0.900000,1.638722e-02
0.250000,0.900000,1.648924e-02
0.262500,0.900000,1.652790e-02
0.275000,0.900000,1.650321e-02
0.287500,0.900000,1.641494e-02
0.300000,0.900000,1.626223e-02
0.312500,0.900000,1.604501e-02
0.325000,0.900000,1.576326e-02
0.337500,0.900000,1.541699e-02
0.350000,0.900000,1.500620e-02
0.362500,0.900000,1.453089e-02
0.375000,0.900000,1.399106e-02
0.387500,0.900000,1.337842e-02
0.400000,0.900000,1.268368e-02
0.412500,0.900000,1.190683e-02
0.425000,0.900000,1.104787e-02
0.437500,0.900000,1.010679e-02
0.450000,0.900000,9.082883e-03
0.462500,0.900000,7.956835e-03
0.475000,0.900000,6.720068e-03
0.487500,0.900000,5.372427e-03
0.500000,0.900000,3.906232e-03
0.512500,0.900000,3.758478e-03
0.525000,0.900000,3.620362e-03
0.537500,0.900000,3.490843e-03
0.550000,0.900000,3.369568e-03
0.562500,0.900000,3.256535e-03
0.575000,0.900000,3.149964e-03
0.587500,0.900000,3.048331e-03
0.600000,0.900000,2.951636e-03
0.612500,0.900000,2.859879e-03
0.625000,0.900000,2.773061e-03
0.637500,0.900000,2.691180e-03
0.650000,0.900000,2.612704e-03
0.662500,0.900000,2.536005e-03
0.675000,0.900000,2.461084e-03
0.687500,0.900000,2.387942e-03
0.700000,0.900000,2.316577e-03
0.712500,0.900000,2.246990e-03
0.725000,0.900000,2.179181e-03
0.737500,0.900000,2.113150e-03
0.750000,0.900000,2.047285e-03
0.762500,0.900000,1.980033e-03
0.775000,0.900000,1.911395e-03
0.787500,0.900000,1.841369e-03
0.800000,0.900000,1.769957e-03
0.812500,0.900000,1.697158e-03
0.825000,0.900000,1.622973e-03
0.837500,0.900000,1.547400e-03
0.850000,0.900000,1.470102e-03
0.862500,0.900000,1.387591e-03
0.875000,0.900000,1.298947e-03
0.887500,0.900000,1.204171e-03
0.900000,0.900000,1.103262e-03
0.912500,0.900000,9.962211e-04
0.925000,0.900000,8.830473e-04
0.937500,0.900000,7.637411e-04
0.950000,0.900000,6.363377e-04
0.962500,0.900000,4.963658e-04
0.975000,0.900000,3.436522e-04
0.987500,0.900000,1.781969e-04
1.000000,0.900000,0.000000e+00
0.000000,0.912500,0.000000e+00
0.012500,0.912500,1.644622e-03
0.025000,0.912500,3.152410e-03
0.037500,0.912500,4.523365e-03
0.050000,0.912500,5.770395e-03
0.062500,0.912500,6.920229e-03
0.075000,0.912500,7.973684e-03
0.087500,0.912500,8.930760e-03
0.100000,0.912500,9.791458e-03
0.112500,0.912500,1.056851e-02
0.125000,0.912500,1.127793e-02
0.137500,0.912500,1.191977e-02
0.150000,0.912500,1.249404e-02
0.162500,0.912500,1.300073e-02
0.175000,0.912500,1.343984e-02
0.187500,0.912500,1.381237e-02
0.200000,0.912500,1.412691e-02
0.212500,0.912500,1.438545e-02
0.225000,0.912500,1.458799e-02
0.237500,0.912500,1.473454e-02
0.250000,0.912500,1.482508e-02
0.262500,0.912500,1.485963e-02
0.275000,0.912500,1.483818e-02
0.287500,0.912500,1.476049e-02
0.300000,0.912500,1.462564e-02
0.312500,0.912500,1.443353e-02
0.325000,0.912500,1.418417e-02
0.337500,0.912500,1.387756e-02
0.350000,0.912500,1.351368e-02
0.362500,0.912500,1.309256e-02
0.375000,0.912500,1.261418e-02
0.387500,0.912500,1.207022e-02
0.400000,0.912500,1.145136e-02
0.412500,0.912500,1.075758e-02
0.425000,0.912500,9.988881e-03
0.437500,0.912500,9.145270e-03
0.450000,0.912500,8.225949e-03
0.462500,0.912500,7.209852e-03
0.475000,0.912500,6.087610e-03
0.487500,0.912500,4.858987e-03
0.500000,0.912500,3.512276e-03
0.512500,0.912500,3.376591e-03
0.525000,0.912500,3.250727e-03
0.537500,0.912500,3.133286e-03
0.550000,0.912500,3.023802e-03
0.562500,0.912500,2.922273e-03
0.575000,0.912500,2.826851e-03
0.587500,0.912500,2.735955e-03
0.600000,0.912500,2.649586e-03
0.612500,0.912500,2.567743e-03
0.625000,0.912500,2.490427e-03
0.637500,0.912500,2.417637e-03
0.650000,0.912500,2.347940e-03
0.662500,0.912500,2.279820e-03
0.675000,0.912500,2.213274e-03
0.687500,0.912500,2.148304e-03
0.700000,0.912500,2.084910e-03
0.712500,0.912500,2.023091e-03
0.725000,0.912500,1.962847e-03
0.737500,0.912500,1.904179e-03
0.750000,0.912500,1.845643e-03
0.762500,0.912500,1.785849e-03
0.775000,0.912500,1.724799e-03
0.787500,0.912500,1.662491e-03
0.800000,0.912500,1.598926e-03
0.812500,0.912500,1.534103e-03
0.825000,0.912500,1.468023e-03
0.837500,0.912500,1.400686e-03
0.850000,0.912500,1.331780e-03
0.862500,0.912500,1.258095e-03
0.875000,0.912500,1.178785e-03
0.887500,0.912500,1.093850e-03
0.900000,0.912500,1.003290e-03
0.912500,0.912500,9.071050e-04
0.925000,0.912500,8.052954e-04
0.937500,0.912500,6.978608e-04
0.950000,0.912500,5.828081e-04
0.962500,0.912500,4.556012e-04
0.975000,0.912500,3.160642e-04
0.987500,0.912500,1.641971e-04
1.000000,0.912500,0.000000e+00
0.000000,0.925000,0.000000e+00
0.012500,0.925000,1.486617e-03
0.025000,0.925000,2.839683e-03
0.037500,0.925000,4.059197e-03
0.050000,0.925000,5.159967e-03
0.062500,0.925000,6.172645e-03
0.075000,0.925000,7.098172e-03
0.087500,0.925000,7.936546e-03
0.100000,0.925000,8.687769e-03
0.112500,0.925000,9.364233e-03
0.125000,0.925000,9.981534e-03
0.137500,0.925000,1.053972e-02
0.150000,0.925000,1.103880e-02
0.162500,0.925000,1.147876e-02
0.175000,0.925000,1.185961e-02
0.187500,0.925000,1.218226e-02
0.200000,0.925000,1.245464e-02
0.212500,0.925000,1.267857e-02
0.225000,0.925000,1.285406e-02
0.237500,0.925000,1.298111e-02
0.250000,0.925000,1.305972e-02
0.262500,0.925000,1.308988e-02
0.275000,0.925000,1.307160e-02
0.287500,0.925000,1.300464e-02
0.300000,0.925000,1.288806e-02
0.312500,0.925000,1.272178e-02
0.325000,0.925000,1.250580e-02
0.337500,0.925000,1.224011e-02
0.350000,0.925000,1.192471e-02
0.362500,0.925000,1.155961e-02
0.375000,0.925000,1.114481e-02
0.387500,0.925000,1.067223e-02
0.400000,0.925000,1.013282e-02
0.412500,0.925000,9.526574e-03
0.425000,0.925000,8.853489e-03
0.437500,0.925000,8.113568e-03
0.450000,0.925000,7.305951e-03
0.462500,0.925000,6.407873e-03
0.475000,0.925000,5.409208e-03
0.487500,0.925000,4.309610e-03
0.500000,0.925000,3.091784e-03
0.512500,0.925000,2.969098e-03
0.525000,0.925000,2.856520e-03
0.537500,0.925000,2.752146e-03
0.550000,0.925000,2.655338e-03
0.562500,0.925000,2.566094e-03
0.575000,0.925000,2.482523e-03
0.587500,0.925000,2.403007e-03
0.600000,0.925000,2.327546e-03
0.612500,0.925000,2.256141e-03
0.625000,0.925000,2.188791e-03
0.637500,0.925000,2.125496e-03
0.650000,0.925000,2.064951e-03
0.662500,0.925000,2.005773e-03
0.675000,0.925000,1.947962e-03
0.687500,0.925000,1.891517e-03
0.700000,0.925000,1.836439e-03
0.712500,0.925000,1.782728e-03
0.725000,0.925000,1.730384e-03
0.737500,0.925000,1.679407e-03
0.750000,0.925000,1.628533e-03
0.762500,0.925000,1.576545e-03
0.775000,0.925000,1.523444e-03
0.787500,0.925000,1.469229e-03
0.800000,0.925000,1.413900e-03
0.812500,0.925000,1.357459e-03
0.825000,0.925000,1.299903e-03
0.837500,0.925000,1.241234e-03
0.850000,0.925000,1.181173e-03
0.862500,0.925000,1.116839e-03
0.875000,0.925000,1.047476e-03
0.887500,0.925000,9.730831e-04
0.900000,0.925000,8.936601e-04
0.912500,0.925000,8.092073e-04
0.925000,0.925000,7.197245e-04
0.937500,0.925000,6.252119e-04
0.950000,0.925000,5.236530e-04
0.962500,0.925000,4.104591e-04
0.975000,0.925000,2.854523e-04
0.987500,0.925000,1.486326e-04
1.000000,0.925000,0.000000e+00
0.000000,0.937500,0.000000e+00
0.012500,0.937500,1.316361e-03
0.025000,0.937500,2.502870e-03
0.037500,0.937500,3.559525e-03
0.050000,0.937500,4.503320e-03
0.062500,0.937500,5.369430e-03
0.075000,0.937500,6.158933e-03
0.087500,0.937500,6.871830e-03
0.100000,0.937500,7.508119e-03
0.112500,0.937500,8.079498e-03
0.125000,0.937500,8.600685e-03
0.137500,0.937500,9.071727e-03
0.150000,0.937500,9.492624e-03
0.162500,0.937500,9.863376e-03
0.175000,0.937500,1.018398e-02
0.187500,0.937500,1.045525e-02
0.200000,0.937500,1.068421e-02
0.212500,0.937500,1.087248e-02
0.225000,0.937500,1.102006e-02
0.237500,0.937500,1.112695e-02
0.250000,0.937500,1.119315e-02
0.262500,0.937500,1.121866e-02
0.275000,0.937500,1.120348e-02
0.287500,0.937500,1.114738e-02
0.300000,0.937500,1.104950e-02
0.312500,0.937500,1.090975e-02
0.325000,0.937500,1.072813e-02
0.337500,0.937500,1.050464e-02
0.350000,0.937500,1.023929e-02
0.362500,0.937500,9.932057e-03
0.375000,0.937500,9.582959e-03
0.387500,0.937500,9.184451e-03
0.400000,0.937500,8.728073e-03
0.412500,0.937500,8.213820e-03
0.425000,0.937500,7.641691e-03
0.437500,0.937500,7.011687e-03
0.450000,0.937500,6.322889e-03
0.462500,0.937500,5.550898e-03
0.475000,0.937500,4.684864e-03
0.487500,0.937500,3.724296e-03
0.500000,0.937500,2.644755e-03
0.512500,0.937500,2.535998e-03
0.525000,0.937500,2.437741e-03
0.537500,0.937500,2.347423e-03
0.550000,0.937500,2.264177e-03
0.562500,0.937500,2.187999e-03
0.575000,0.937500,2.116980e-03
0.587500,0.937500,2.049486e-03
0.600000,0.937500,1.985516e-03
0.612500,0.937500,1.925072e-03
0.625000,0.937500,1.868152e-03
0.637500,0.937500,1.814757e-03
0.650000,0.937500,1.763735e-03
0.662500,0.937500,1.713865e-03
0.675000,0.937500,1.665147e-03
0.687500,0.937500,1.617580e-03
0.700000,0.937500,1.571166e-03
0.712500,0.937500,1.525904e-03
0.725000,0.937500,1.481793e-03
0.737500,0.937500,1.438835e-03
0.750000,0.937500,1.395955e-03
0.762500,0.937500,1.352119e-03
0.775000,0.937500,1.307329e-03
0.787500,0.937500,1.261583e-03
0.800000,0.937500,1.214881e-03
0.812500,0.937500,1.167224e-03
0.825000,0.937500,1.118612e-03
0.837500,0.937500,1.069045e-03
0.850000,0.937500,1.018280e-03
0.862500,0.937500,9.638245e-04
0.875000,0.937500,9.050215e-04
0.887500,0.937500,8.418711e-04
0.900000,0.937500,7.743731e-04
0.912500,0.937500,7.025277e-04
0.925000,0.937500,6.263348e-04
0.937500,0.937500,5.457944e-04
0.950000,0.937500,4.588724e-04
0.962500,0.937500,3.609396e-04
0.975000,0.937500,2.518166e-04
0.987500,0.937500,1.315034e-04
1.000000,0.937500,0.000000e+00
0.000000,0.950000,0.000000e+00
0.012500,0.950000,1.133648e-03
0.025000,0.950000,2.141636e-03
0.037500,0.950000,3.023963e-03
0.050000,0.950000,3.800069e-03
0.062500,0.950000,4.510204e-03
0.075000,0.950000,5.155598e-03
0.087500,0.950000,5.736252e-03
0.100000,0.950000,6.252166e-03
0.112500,0.950000,6.713977e-03
0.125000,0.950000,7.135069e-03
0.137500,0.950000,7.515485e-03
0.150000,0.950000,7.855225e-03
0.162500,0.950000,8.154290e-03
0.175000,0.950000,8.412678e-03
0.187500,0.950000,8.631071e-03
0.200000,0.950000,8.815359e-03
0.212500,0.950000,8.966908e-03
0.225000,0.950000,9.085717e-03
0.237500,0.950000,9.171785e-03
0.250000,0.950000,9.225114e-03
0.262500,0.950000,9.245703e-03
0.275000,0.950000,9.233552e-03
0.287500,0.950000,9.188467e-03
0.300000,0.950000,9.109703e-03
0.312500,0.950000,8.997188e-03
0.325000,0.950000,8.850921e-03
0.337500,0.950000,8.670903e-03
0.350000,0.950000,8.457134e-03
0.362500,0.950000,8.209613e-03
0.375000,0.950000,7.928340e-03
0.387500,0.950000,7.606589e-03
0.400000,0.950000,7.236813e-03
0.412500,0.950000,6.819006e-03
0.425000,0.950000,6.353168e-03
0.437500,0.950000,5.839300e-03
0.450000,0.950000,5.276425e-03
0.462500,0.950000,4.638604e-03
0.475000,0.950000,3.914302e-03
0.487500,0.950000,3.102857e-03
0.500000,0.950000,2.171182e-03
0.512500,0.950000,2.077302e-03
0.525000,0.950000,1.994408e-03
0.537500,0.950000,1.919139e-03
0.550000,0.950000,1.850341e-03
0.562500,0.950000,1.788011e-03
0.575000,0.950000,1.730244e-03
0.587500,0.950000,1.675412e-03
0.600000,0.950000,1.623515e-03
0.612500,0.950000,1.574553e-03
0.625000,0.950000,1.528526e-03
0.637500,0.950000,1.485434e-03
0.650000,0.950000,1.444304e-03
0.662500,0.950000,1.404105e-03
0.675000,0.950000,1.364838e-03
0.687500,0.950000,1.326501e-03
0.700000,0.950000,1.289095e-03
0.712500,0.950000,1.252620e-03
0.725000,0.950000,1.217076e-03
0.737500,0.950000,1.182463e-03
0.750000,0.950000,1.147909e-03
0.762500,0.950000,1.112571e-03
0.775000,0.950000,1.076450e-03
0.787500,0.950000,1.039547e-03
0.800000,0.950000,1.001861e-03
0.812500,0.950000,9.633915e-04
0.825000,0.950000,9.241396e-04
0.837500,0.950000,8.841047e-04
0.850000,0.950000,8.430877e-04
0.862500,0.950000,7.990339e-04
0.875000,0.950000,7.514022e-04
0.887500,0.950000,7.001925e-04
0.900000,0.950000,6.454048e-04
0.912500,0.950000,5.870391e-04
0.925000,0.950000,5.250954e-04
0.937500,0.950000,4.595738e-04
0.950000,0.950000,3.884293e-04
0.962500,0.950000,3.070078e-04
0.975000,0.950000,2.151291e-04
0.987500,0.950000,1.127932e-04
1.000000,0.950000,0.000000e+00
0.000000,0.962500,0.000000e+00
0.012500,0.962500,9.185464e-04
0.025000,0.962500,1.723565e-03
0.037500,0.962500,2.415056e-03
0.050000,0.962500,3.012889e-03
0.062500,0.962500,3.558201e-03
0.075000,0.962500,4.052253e-03
0.087500,0.962500,4.495044e-03
0.100000,0.962500,4.886574e-03
0.112500,0.962500,5.235858e-03
0.125000,0.962500,5.554243e-03
0.137500,0.962500,5.841763e-03
0.150000,0.962500,6.098420e-03
0.162500,0.962500,6.324213e-03
0.175000,0.962500,6.519142e-03
0.187500,0.962500,6.683737e-03
0.200000,0.962500,6.822600e-03
0.212500,0.962500,6.936796e-03
0.225000,0.962500,7.026325e-03
0.237500,0.962500,7.091187e-03
0.250000,0.962500,7.131381e-03
0.262500,0.962500,7.146908e-03
0.275000,0.962500,7.137767e-03
0.287500,0.962500,7.103807e-03
0.300000,0.962500,7.044443e-03
0.312500,0.962500,6.959618e-03
0.325000,0.962500,6.849332e-03
0.337500,0.962500,6.713584e-03
0.350000,0.962500,6.552375e-03
0.362500,0.962500,6.365705e-03
0.375000,0.962500,6.153574e-03
0.387500,0.962500,5.910396e-03
0.400000,0.962500,5.629907e-03
0.412500,0.962500,5.312104e-03
0.425000,0.962500,4.956984e-03
0.437500,0.962500,4.564549e-03
0.450000,0.962500,4.133852e-03
0.462500,0.962500,3.639739e-03
0.475000,0.962500,3.071025e-03
0.487500,0.962500,2.426963e-03
0.500000,0.962500,1.670245e-03
0.512500,0.962500,1.593973e-03
0.525000,0.962500,1.528273e-03
0.537500,0.962500,1.469415e-03
0.550000,0.962500,1.416105e-03
0.562500,0.962500,1.368341e-03
0.575000,0.962500,1.324366e-03
0.587500,0.962500,1.282677e-03
0.600000,0.962500,1.243276e-03
0.612500,0.962500,1.206162e-03
0.625000,0.962500,1.171335e-03
0.637500,0.962500,1.138795e-03
0.650000,0.962500,1.107774e-03
0.662500,0.962500,1.077458e-03
0.675000,0.962500,1.047847e-03
0.687500,0.962500,1.018941e-03
0.700000,0.962500,9.907395e-04
0.712500,0.962500,9.632433e-04
0.725000,0.962500,9.364520e-04
0.737500,0.962500,9.103655e-04
0.750000,0.962500,8.843195e-04
0.762500,0.962500,8.576739e-04
0.775000,0.962500,8.304287e-04
0.787500,0.962500,8.025838e-04
0.800000,0.962500,7.741392e-04
0.812500,0.962500,7.450951e-04
0.825000,0.962500,7.154513e-04
0.837500,0.962500,6.852079e-04
0.850000,0.962500,6.542116e-04
0.862500,0.962500,6.208834e-04
0.875000,0.962500,5.848073e-04
0.887500,0.962500,5.459832e-04
0.900000,0.962500,5.044111e-04
0.912500,0.962500,4.600912e-04
0.925000,0.962500,4.130232e-04
0.937500,0.962500,3.632074e-04
0.950000,0.962500,3.087394e-04
0.962500,0.962500,2.452853e-04
0.975000,0.962500,1.726774e-04
0.987500,0.962500,9.091566e-05
1.000000,0.962500,0.000000e+00
0.000000,0.975000,0.000000e+00
0.012500,0.975000,6.579043e-04
0.025000,0.975000,1.227269e-03
0.037500,0.975000,1.708093e-03
0.050000,0.975000,2.117150e-03
0.062500,0.975000,2.489167e-03
0.075000,0.975000,2.825205e-03
0.087500,0.975000,3.125266e-03
0.100000,0.975000,3.389349e-03
0.112500,0.975000,3.624156e-03
0.125000,0.975000,3.838123e-03
0.137500,0.975000,4.031275e-03
0.150000,0.975000,4.203614e-03
0.162500,0.975000,4.355139e-03
0.175000,0.975000,4.485850e-03
0.187500,0.975000,4.596114e-03
0.200000,0.975000,4.689121e-03
0.212500,0.975000,4.765608e-03
0.225000,0.975000,4.825575e-03
0.237500,0.975000,4.869023e-03
0.250000,0.975000,4.895951e-03
0.262500,0.975000,4.906359e-03
0.275000,0.975000,4.900247e-03
0.287500,0.975000,4.877510e-03
0.300000,0.975000,4.837740e-03
0.312500,0.975000,4.780897e-03
0.325000,0.975000,4.706982e-03
0.337500,0.975000,4.615994e-03
0.350000,0.975000,4.507934e-03
0.362500,0.975000,4.382800e-03
0.375000,0.975000,4.240595e-03
0.387500,0.975000,4.077233e-03
0.400000,0.975000,3.888137e-03
0.412500,0.975000,3.673302e-03
0.425000,0.975000,3.432728e-03
0.437500,0.975000,3.166416e-03
0.450000,0.975000,2.873590e-03
0.462500,0.975000,2.533683e-03
0.475000,0.975000,2.137549e-03
0.487500,0.975000,1.684522e-03
0.500000,0.975000,1.141402e-03
0.512500,0.975000,1.086646e-03
0.525000,0.975000,1.040493e-03
0.537500,0.975000,9.996505e-04
0.550000,0.975000,9.629698e-04
0.562500,0.975000,9.304492e-04
0.575000,0.975000,9.006988e-04
0.587500,0.975000,8.725303e-04
0.600000,0.975000,8.459439e-04
0.612500,0.975000,8.209394e-04
0.625000,0.975000,7.975169e-04
0.637500,0.975000,7.756764e-04
0.650000,0.975000,7.548799e-04
0.662500,0.975000,7.345579e-04
0.675000,0.975000,7.147104e-04
0.687500,0.975000,6.953372e-04
0.700000,0.975000,6.764386e-04
0.712500,0.975000,6.580143e-04
0.725000,0.975000,6.400645e-04
0.737500,0.975000,6.225890e-04
0.750000,0.975000,6.051384e-04
0.762500,0.975000,5.872798e-04
0.775000,0.975000,5.690130e-04
0.787500,0.975000,5.503382e-04
0.800000,0.975000,5.312553e-04
0.812500,0.975000,5.117644e-04
0.825000,0.975000,4.918653e-04
0.837500,0.975000,4.715582e-04
0.850000,0.975000,4.507383e-04
0.862500,0.975000,4.283276e-04
0.875000,0.975000,4.040419e-04
0.887500,0.975000,3.778813e-04
0.900000,0.975000,3.498458e-04
0.912500,0.975000,3.199353e-04
0.925000,0.975000,2.881499e-04
0.937500,0.975000,2.544896e-04
0.950000,0.975000,2.174378e-04
0.962500,0.975000,1.735432e-04
0.975000,0.975000,1.226720e-04
0.987500,0.975000,6.482430e-05
1.000000,0.975000,0.000000e+00
0.000000,0.987500,0.000000e+00
0.012500,0.987500,3.517222e-04
0.025000,0.987500,6.527470e-04
0.037500,0.987500,9.030744e-04
0.050000,0.987500,1.112854e-03
0.062500,0.987500,1.303100e-03
0.075000,0.987500,1.474454e-03
0.087500,0.987500,1.626918e-03
0.100000,0.987500,1.760491e-03
0.112500,0.987500,1.878870e-03
0.125000,0.987500,1.986709e-03
0.137500,0.987500,2.084021e-03
0.150000,0.987500,2.170807e-03
0.162500,0.987500,2.247068e-03
0.175000,0.987500,2.312802e-03
0.187500,0.987500,2.368202e-03
0.200000,0.987500,2.414921e-03
0.212500,0.987500,2.453342e-03
0.225000,0.987500,2.483467e-03
0.237500,0.987500,2.505294e-03
0.250000,0.987500,2.518824e-03
0.262500,0.987500,2.524056e-03
0.275000,0.987500,2.520991e-03
0.287500,0.987500,2.509574e-03
0.300000,0.987500,2.489592e-03
0.312500,0.987500,2.461024e-03
0.325000,0.987500,2.423871e-03
0.337500,0.987500,2.378133e-03
0.350000,0.987500,2.323808e-03
0.362500,0.987500,2.260899e-03
0.375000,0.987500,2.189404e-03
0.387500,0.987500,2.107101e-03
0.400000,0.987500,2.011501e-03
0.412500,0.987500,1.902601e-03
0.425000,0.987500,1.780400e-03
0.437500,0.987500,1.644899e-03
0.450000,0.987500,1.495639e-03
0.462500,0.987500,1.320437e-03
0.475000,0.987500,1.113874e-03
0.487500,0.987500,8.755344e-04
0.500000,0.987500,5.846536e-04
0.512500,0.987500,5.553216e-04
0.525000,0.987500,5.310690e-04
0.537500,0.987500,5.098455e-04
0.550000,0.987500,4.909347e-04
0.562500,0.987500,4.743355e-04
0.575000,0.987500,4.592436e-04
0.587500,0.987500,4.449713e-04
0.600000,0.987500,4.315185e-04
0.612500,0.987500,4.188854e-04
0.625000,0.987500,4.070719e-04
0.637500,0.987500,3.960780e-04
0.650000,0.987500,3.856218e-04
0.662500,0.987500,3.754052e-04
0.675000,0.987500,3.654281e-04
0.687500,0.987500,3.556903e-04
0.700000,0.987500,3.461921e-04
0.712500,0.987500,3.369332e-04
0.725000,0.987500,3.279138e-04
0.737500,0.987500,3.191338e-04
0.750000,0.987500,3.103652e-04
0.762500,0.987500,3.013885e-04
0.775000,0.987500,2.922035e-04
0.787500,0.987500,2.828103e-04
0.800000,0.987500,2.732089e-04
0.812500,0.987500,2.633993e-04
0.825000,0.987500,2.533815e-04
0.837500,0.987500,2.431555e-04
0.850000,0.987500,2.326678e-04
0.862500,0.987500,2.213665e-04
0.875000,0.987500,2.091062e-04
0.887500,0.987500,1.958869e-04
0.900000,0.987500,1.817088e-04
0.912500,0.987500,1.665716e-04
0.925000,0.987500,1.504755e-04
0.937500,0.987500,1.334205e-04
0.950000,0.987500,1.145247e-04
0.962500,0.987500,9.178144e-05
0.975000,0.987500,6.511289e-05
0.987500,0.987500,3.451908e-05
1.000000,0.987500,0.000000e+00
0.000000,1.000000,0.000000e+00
0.012500,1.000000,0.000000e+00
0.025000,1.000000,0.000000e+00
0.037500,1.000000,0.000000e+00
0.050000,1.000000,0.000000e+00
0.062500,1.000000,0.000000e+00
0.075000,1.000000,0.000000e+00
0.087500,1.000000,0.000000e+00
0.100000,1.000000,0.000000e+00
0.112500,1.000000,0.000000e+00
0.125000,1.000000,0.000000e+00
0.137500,1.000000,0.000000e+00
0.150000,1.000000,0.000000e+00
0.162500,1.000000,0.000000e+00
0.175000,1.000000,0.000000e+00
0.187500,1.000000,0.000000e+00
0.200000,1.000000,0.000000e+00
0.212500,1.000000,0.000000e+00
0.225000,1.000000,0.000000e+00
0.237500,1.000000,0.000000e+00
0.250000,1.000000,0.000000e+00
0.262500,1.000000,0.000000e+00
0.275000,1.000000,0.000000e+00
0.287500,1.000000,0.000000e+00
0.300000,1.000000,0.000000e+00
0.312500,1.000000,0.000000e+00
0.325000,1.000000,0.000000e+00
0.337500,1.000000,0.000000e+00
0.350000,1.000000,0.000000e+00
0.362500,1.000000,0.000000e+00
0.375000,1.000000,0.000000e+00
0.387500,1.000000,0.000000e+00
0.400000,1.000000,0.000000e+00
0.412500,1.000000,0.000000e+00
0.425000,1.000000,0.000000e+00
0.437500,1.000000,0.000000e+00
0.450000,1.000000,0.000000e+00
0.462500,1.000000,0.000000e+00
0.475000,1.000000,0.000000e+00
0.487500,1.000000,0.000000e+00
0.500000,1.000000,0.000000e+00
0.512500,1.000000,0.000000e+00
0.525000,1.000000,0.000000e+00
0.537500,1.000000,0.000000e+00
0.550000,1.000000,0.000000e+00
0.562500,1.000000,0.000000e+00
0.575000,1.000000,0.000000e+00
0.587500,1.000000,0.000000e+00
0.600000,1.000000,0.000000e+00
0.612500,1.000000,0.000000e+00
0.625000,1.000000,0.000000e+00
0.637500,1.000000,0.000000e+00
0.650000,1.000000,0.000000e+00
0.662500,1.000000,0.000000e+00
0.675000,1.000000,0.000000e+00
0.687500,1.000000,0.000000e+00
0.700000,1.000000,0.000000e+00
0.712500,1.000000,0.000000e+00
0.725000,1.000000,0.000000e+00
0.737500,1.000000,0.000000e+00
0.750000,1.000000,0.000000e+00
0.762500,1.000000,0.000000e+00
0.775000,1.000000,0.000000e+00
0.787500,1.000000,0.000000e+00
0.800000,1.000000,0.000000e+00
0.812500,1.000000,0.000000e+00
0.825000,1.000000,0.000000e+00
0.837500,1.000000,0.000000e+00
0.850000,1.000000,0.000000e+00
0.862500,1.000000,0.000000e+00
0.875000,1.000000,0.000000e+00
0.887500,1.000000,0.000000e+00
0.900000,1.000000,0.000000e+00
0.912500,1.000000,0.000000e+00
0.925000,1.000000,0.000000e+00
0.937500,1.000000,0.000000e+00
0.950000,1.000000,0.000000e+00
0.962500,1.000000,0.000000e+00
0.975000,1.000000,0.000000e+00
0.987500,1.000000,0.000000e+00
1.000000,1.000000,0.000000e+00
