x,y,z
0.000000,0.000000,0.000000e+00
0.012500,0.000000,0.000000e+00
0.025000,0.000000,0.000000e+00
0.037500,0.000000,0.000000e+00
0.050000,0.000000,0.000000e+00
0.062500,0.000000,0.000000e+00
0.075000,0.000000,0.000000e+00
0.087500,0.000000,0.000000e+00
0.100000,0.000000,0.000000e+00
0.112500,0.000000,0.000000e+00
0.125000,0.000000,0.000000e+00
0.137500,0.000000,0.000000e+00
0.150000,0.000000,0.000000e+00
0.162500,0.000000,0.000000e+00
0.175000,0.000000,0.000000e+00
0.187500,0.000000,0.000000e+00
0.200000,0.000000,0.000000e+00
0.212500,0.000000,0.000000e+00
0.225000,0.000000,0.000000e+00
0.237500,0.000000,0.000000e+00
0.250000,0.000000,0.000000e+00
0.262500,0.000000,0.000000e+00
0.275000,0.000000,0.000000e+00
0.287500,0.000000,0.000000e+00
0.300000,0.000000,0.000000e+00
0.312500,0.000000,0.000000e+00
0.325000,0.000000,0.000000e+00
0.337500,0.000000,0.000000e+00
0.350000,0.000000,0.000000e+00
0.362500,0.000000,0.000000e+00
0.375000,0.000000,0.000000e+00
0.387500,0.000000,0.000000e+00
0.400000,0.000000,0.000000e+00
0.412500,0.000000,0.000000e+00
0.425000,0.000000,0.000000e+00
0.437500,0.000000,0.000000e+00
0.450000,0.000000,0.000000e+00
0.462500,0.000000,0.000000e+00
0.475000,0.000000,0.000000e+00
0.487500,0.000000,0.000000e+00
0.500000,0.000000,0.000000e+00
0.512500,0.000000,0.000000e+00
0.525000,0.000000,0.000000e+00
0.537500,0.000000,0.000000e+00
0.550000,0.000000,0.000000e+00
0.562500,0.000000,0.000000e+00
0.575000,0.000000,0.000000e+00
0.587500,0.000000,0.000000e+00
0.600000,0.000000,0.000000e+00
0.612500,0.000000,0.000000e+00
0.625000,0.000000,0.000000e+00
0.637500,0.000000,0.000000e+00
0.650000,0.000000,0.000000e+00
0.662500,0.000000,0.000000e+00
0.675000,0.000000,0.000000e+00
0.687500,0.000000,0.000000e+00
0.700000,0.000000,0.000000e+00
0.712500,0.000000,0.000000e+00
0.725000,0.000000,0.000000e+00
0.737500,0.000000,0.000000e+00
0.750000,0.000000,0.000000e+00
0.762500,0.000000,0.000000e+00
0.775000,0.000000,0.000000e+00
0.787500,0.000000,0.000000e+00
0.800000,0.000000,0.000000e+00
0.812500,0.000000,0.000000e+00
0.825000,0.000000,0.000000e+00
0.837500,0.000000,0.000000e+00
0.850000,0.000000,0.000000e+00
0.862500,0.000000,0.000000e+00
0.875000,0.000000,0.000000e+00
0.887500,0.000000,0.000000e+00
0.900000,0.000000,0.000000e+00
0.912500,0.000000,0.000000e+00
0.925000,0.000000,0.000000e+00
0.937500,0.000000,0.000000e+00
0.950000,0.000000,0.000000e+00
0.962500,0.000000,0.000000e+00
0.975000,0.000000,0.000000e+00
0.987500,0.000000,0.000000e+00
1.000000,0.000000,0.000000e+00
0.000000,0.012500,0.000000e+00
0.012500,0.012500,3.919187e-04
0.025000,0.012500,7.133232e-04
0.037500,0.012500,9.777544e-04
0.050000,0.012500,1.198753e-03
0.062500,0.012500,1.389859e-03
0.075000,0.012500,1.561814e-03
0.087500,0.012500,1.716948e-03
0.100000,0.012500,1.856016e-03
0.112500,0.012500,1.979773e-03
0.125000,0.012500,2.088974e-03
0.137500,0.012500,2.184374e-03
0.150000,0.012500,2.266729e-03
0.162500,0.012500,2.336793e-03
0.175000,0.012500,2.395321e-03
0.187500,0.012500,2.443070e-03
0.200000,0.012500,2.480793e-03
0.212500,0.012500,2.509246e-03
0.225000,0.012500,2.529184e-03
0.237500,0.012500,2.541358e-03
0.250000,0.012500,2.546107e-03
0.262500,0.012500,2.543043e-03
0.275000,0.012500,2.531702e-03
0.287500,0.012500,2.511620e-03
0.300000,0.012500,2.482333e-03
0.312500,0.012500,2.443375e-03
0.325000,0.012500,2.394284e-03
0.337500,0.012500,2.334595e-03
0.350000,0.012500,2.263844e-03
0.362500,0.012500,2.181567e-03
0.375000,0.012500,2.087300e-03
0.387500,0.012500,1.980578e-03
0.400000,0.012500,1.860938e-03
0.412500,0.012500,1.727787e-03
0.425000,0.012500,1.578081e-03
0.437500,0.012500,1.406568e-03
0.450000,0.012500,1.207916e-03
0.462500,0.012500,9.767944e-04
0.475000,0.012500,7.078634e-04
0.487500,0.012500,3.906205e-04
0.500000,0.012500,0.000000e+00
0.512500,0.012500,0.000000e+00
0.525000,0.012500,0.000000e+00
0.537500,0.012500,0.000000e+00
0.550000,0.012500,0.000000e+00
0.562500,0.012500,0.000000e+00
0.575000,0.012500,0.000000e+00
0.587500,0.012500,0.000000e+00
0.600000,0.012500,0.000000e+00
0.612500,0.012500,0.000000e+00
0.625000,0.012500,0.000000e+00
0.637500,0.012500,0.000000e+00
0.650000,0.012500,0.000000e+00
0.662500,0.012500,0.000000e+00
0.675000,0.012500,0.000000e+00
0.687500,0.012500,0.000000e+00
0.700000,0.012500,0.000000e+00
0.712500,0.012500,0.000000e+00
0.725000,0.012500,0.000000e+00
0.737500,0.012500,0.000000e+00
0.750000,0.012500,0.000000e+00
0.762500,0.012500,0.000000e+00
0.775000,0.012500,0.000000e+00
0.787500,0.012500,0.000000e+00
0.800000,0.012500,0.000000e+00
0.812500,0.012500,0.000000e+00
0.825000,0.012500,0.000000e+00
0.837500,0.012500,0.000000e+00
0.850000,0.012500,0.000000e+00
0.862500,0.012500,0.000000e+00
0.875000,0.012500,0.000000e+00
0.887500,0.012500,0.000000e+00
0.900000,0.012500,0.000000e+00
0.912500,0.012500,0.000000e+00
0.925000,0.012500,0.000000e+00
0.937500,0.012500,0.000000e+00
0.950000,0.012500,0.000000e+00
0.962500,0.012500,0.000000e+00
0.975000,0.012500,0.000000e+00
0.987500,0.012500,0.000000e+00
1.000000,0.012500,0.000000e+00
0.000000,0.025000,0.000000e+00
0.012500,0.025000,7.167170e-04
0.025000,0.025000,1.315858e-03
0.037500,0.025000,1.818822e-03
0.050000,0.025000,2.247012e-03
0.062500,0.025000,2.621825e-03
0.075000,0.025000,2.960281e-03
0.087500,0.025000,3.266241e-03
0.100000,0.025000,3.541102e-03
0.112500,0.025000,3.786259e-03
0.125000,0.025000,4.003109e-03
0.137500,0.025000,4.193047e-03
0.150000,0.025000,4.357470e-03
0.162500,0.025000,4.497774e-03
0.175000,0.025000,4.615356e-03
0.187500,0.025000,4.711610e-03
0.200000,0.025000,4.787935e-03
0.212500,0.025000,4.845725e-03
0.225000,0.025000,4.886376e-03
0.237500,0.025000,4.911278e-03
0.250000,0.025000,4.921051e-03
0.262500,0.025000,4.914956e-03
0.275000,0.025000,4.892114e-03
0.287500,0.025000,4.851644e-03
0.300000,0.025000,4.792669e-03
0.312500,0.025000,4.714307e-03
0.325000,0.025000,4.615679e-03
0.337500,0.025000,4.495905e-03
0.350000,0.025000,4.354107e-03
0.362500,0.025000,4.189404e-03
0.375000,0.025000,4.000917e-03
0.387500,0.025000,3.787767e-03
0.400000,0.025000,3.549072e-03
0.412500,0.025000,3.283749e-03
0.425000,0.025000,2.986749e-03
0.437500,0.025000,2.649463e-03
0.450000,0.025000,2.263153e-03
0.462500,0.025000,1.819080e-03
0.475000,0.025000,1.308494e-03
0.487500,0.025000,7.148389e-04
0.500000,0.025000,0.000000e+00
0.512500,0.025000,0.000000e+00
0.525000,0.025000,0.000000e+00
0.537500,0.025000,0.000000e+00
0.550000,0.025000,0.000000e+00
0.562500,0.025000,0.000000e+00
0.575000,0.025000,0.000000e+00
0.587500,0.025000,0.000000e+00
0.600000,0.025000,0.000000e+00
0.612500,0.025000,0.000000e+00
0.625000,0.025000,0.000000e+00
0.637500,0.025000,0.000000e+00
0.650000,0.025000,0.000000e+00
0.662500,0.025000,0.000000e+00
0.675000,0.025000,0.000000e+00
0.687500,0.025000,0.000000e+00
0.700000,0.025000,0.000000e+00
0.712500,0.025000,0.000000e+00
0.725000,0.025000,0.000000e+00
0.737500,0.025000,0.000000e+00
0.750000,0.025000,0.000000e+00
0.762500,0.025000,0.000000e+00
0.775000,0.025000,0.000000e+00
0.787500,0.025000,0.000000e+00
0.800000,0.025000,0.000000e+00
0.812500,0.025000,0.000000e+00
0.825000,0.025000,0.000000e+00
0.837500,0.025000,0.000000e+00
0.850000,0.025000,0.000000e+00
0.862500,0.025000,0.000000e+00
0.875000,0.025000,0.000000e+00
0.887500,0.025000,0.000000e+00
0.900000,0.025000,0.000000e+00
0.912500,0.025000,0.000000e+00
0.925000,0.025000,0.000000e+00
0.937500,0.025000,0.000000e+00
0.950000,0.025000,0.000000e+00
0.962500,0.025000,0.000000e+00
0.975000,0.025000,0.000000e+00
0.987500,0.025000,0.000000e+00
1.000000,0.025000,0.000000e+00
0.000000,0.037500,0.000000e+00
0.012500,0.037500,9.857734e-04
0.025000,0.037500,1.825440e-03
0.037500,0.037500,2.543840e-03
0.050000,0.037500,3.165811e-03
0.062500,0.037500,3.716187e-03
0.075000,0.037500,4.214795e-03
0.087500,0.037500,4.666384e-03
0.100000,0.037500,5.072887e-03
0.112500,0.037500,5.436233e-03
0.125000,0.037500,5.758355e-03
0.137500,0.037500,6.041181e-03
0.150000,0.037500,6.286645e-03
0.162500,0.037500,6.496675e-03
0.175000,0.037500,6.673203e-03
0.187500,0.037500,6.818160e-03
0.200000,0.037500,6.933477e-03
0.212500,0.037500,7.021083e-03
0.225000,0.037500,7.082911e-03
0.237500,0.037500,7.120879e-03
0.250000,0.037500,7.135837e-03
0.262500,0.037500,7.126737e-03
0.275000,0.037500,7.092332e-03
0.287500,0.037500,7.031380e-03
0.300000,0.037500,6.942634e-03
0.312500,0.037500,6.824849e-03
0.325000,0.037500,6.676782e-03
0.337500,0.037500,6.497186e-03
0.350000,0.037500,6.284817e-03
0.362500,0.037500,6.038430e-03
0.375000,0.037500,5.756780e-03
0.387500,0.037500,5.438622e-03
0.400000,0.037500,5.082712e-03
0.412500,0.037500,4.687557e-03
0.425000,0.037500,4.246941e-03
0.437500,0.037500,3.750393e-03
0.450000,0.037500,3.187290e-03
0.462500,0.037500,2.547008e-03
0.475000,0.037500,1.818911e-03
0.487500,0.037500,9.838759e-04
0.500000,0.037500,0.000000e+00
0.512500,0.037500,0.000000e+00
0.525000,0.037500,0.000000e+00
0.537500,0.037500,0.000000e+00
0.550000,0.037500,0.000000e+00
0.562500,0.037500,0.000000e+00
0.575000,0.037500,0.000000e+00
0.587500,0.037500,0.000000e+00
0.600000,0.037500,0.000000e+00
0.612500,0.037500,0.000000e+00
0.625000,0.037500,0.000000e+00
0.637500,0.037500,0.000000e+00
0.650000,0.037500,0.000000e+00
0.662500,0.037500,0.000000e+00
0.675000,0.037500,0.000000e+00
0.687500,0.037500,0.000000e+00
0.700000,0.037500,0.000000e+00
0.712500,0.037500,0.000000e+00
0.725000,0.037500,0.000000e+00
0.737500,0.037500,0.000000e+00
0.750000,0.037500,0.000000e+00
0.762500,0.037500,0.000000e+00
0.775000,0.037500,0.000000e+00
0.787500,0.037500,0.000000e+00
0.800000,0.037500,0.000000e+00
0.812500,0.037500,0.000000e+00
0.825000,0.037500,0.000000e+00
0.837500,0.037500,0.000000e+00
0.850000,0.037500,0.000000e+00
0.862500,0.037500,0.000000e+00
0.875000,0.037500,0.000000e+00
0.887500,0.037500,0.000000e+00
0.900000,0.037500,0.000000e+00
0.912500,0.037500,0.000000e+00
0.925000,0.037500,0.000000e+00
0.937500,0.037500,0.000000e+00
0.950000,0.037500,0.000000e+00
0.962500,0.037500,0.000000e+00
0.975000,0.037500,0.000000e+00
0.987500,0.037500,0.000000e+00
1.000000,0.037500,0.000000e+00
0.000000,0.050000,0.000000e+00
0.012500,0.050000,1.210466e-03
0.025000,0.050000,2.259909e-03
0.037500,0.050000,3.173443e-03
0.050000,0.050000,3.976183e-03
0.062500,0.050000,4.693240e-03
0.075000,0.050000,5.344750e-03
0.087500,0.050000,5.935880e-03
0.100000,0.050000,6.468998e-03
0.112500,0.050000,6.946469e-03
0.125000,0.050000,7.370662e-03
0.137500,0.050000,7.743941e-03
0.150000,0.050000,8.068673e-03
0.162500,0.050000,8.347226e-03
0.175000,0.050000,8.581965e-03
0.187500,0.050000,8.775258e-03
0.200000,0.050000,8.929471e-03
0.212500,0.050000,9.046970e-03
0.225000,0.050000,9.130122e-03
0.237500,0.050000,9.181278e-03
0.250000,0.050000,9.201472e-03
0.262500,0.050000,9.189384e-03
0.275000,0.050000,9.143458e-03
0.287500,0.050000,9.062134e-03
0.300000,0.050000,8.943854e-03
0.312500,0.050000,8.787059e-03
0.325000,0.050000,8.590191e-03
0.337500,0.050000,8.351691e-03
0.350000,0.050000,8.070001e-03
0.362500,0.050000,7.743562e-03
0.375000,0.050000,7.370815e-03
0.387500,0.050000,6.950202e-03
0.400000,0.050000,6.480165e-03
0.412500,0.050000,5.958885e-03
0.425000,0.050000,5.379595e-03
0.437500,0.050000,4.731064e-03
0.450000,0.050000,4.001904e-03
0.462500,0.050000,3.180728e-03
0.475000,0.050000,2.256134e-03
0.487500,0.050000,1.208952e-03
0.500000,0.050000,0.000000e+00
0.512500,0.050000,0.000000e+00
0.525000,0.050000,0.000000e+00
0.537500,0.050000,0.000000e+00
0.550000,0.050000,0.000000e+00
0.562500,0.050000,0.000000e+00
0.575000,0.050000,0.000000e+00
0.587500,0.050000,0.000000e+00
0.600000,0.050000,0.000000e+00
0.612500,0.050000,0.000000e+00
0.625000,0.050000,0.000000e+00
0.637500,0.050000,0.000000e+00
0.650000,0.050000,0.000000e+00
0.662500,0.050000,0.000000e+00
0.675000,0.050000,0.000000e+00
0.687500,0.050000,0.000000e+00
0.700000,0.050000,0.000000e+00
0.712500,0.050000,0.000000e+00
0.725000,0.050000,0.000000e+00
0.737500,0.050000,0.000000e+00
0.750000,0.050000,0.000000e+00
0.762500,0.050000,0.000000e+00
0.775000,0.050000,0.000000e+00
0.787500,0.050000,0.000000e+00
0.800000,0.050000,0.000000e+00
0.812500,0.050000,0.000000e+00
0.825000,0.050000,0.000000e+00
0.837500,0.050000,0.000000e+00
0.850000,0.050000,0.000000e+00
0.862500,0.050000,0.000000e+00
0.875000,0.050000,0.000000e+00
0.887500,0.050000,0.000000e+00
0.900000,0.050000,0.000000e+00
0.912500,0.050000,0.000000e+00
0.925000,0.050000,0.000000e+00
0.937500,0.050000,0.000000e+00
0.950000,0.050000,0.000000e+00
0.962500,0.050000,0.000000e+00
0.975000,0.050000,0.000000e+00
0.987500,0.050000,0.000000e+00
1.000000,0.050000,0.000000e+00
0.000000,0.062500,0.000000e+00
0.012500,0.062500,1.402175e-03
0.025000,0.062500,2.637101e-03
0.037500,0.062500,3.728267e-03
0.050000,0.062500,4.699163e-03
0.062500,0.062500,5.573275e-03
0.075000,0.062500,6.369542e-03
0.087500,0.062500,7.093234e-03
0.100000,0.062500,7.747064e-03
0.112500,0.062500,8.333742e-03
0.125000,0.062500,8.855980e-03
0.137500,0.062500,9.316487e-03
0.150000,0.062500,9.717976e-03
0.162500,0.062500,1.006316e-02
0.175000,0.062500,1.035474e-02
0.187500,0.062500,1.059544e-02
0.200000,0.062500,1.078797e-02
0.212500,0.062500,1.093503e-02
0.225000,0.062500,1.103934e-02
0.237500,0.062500,1.110359e-02
0.250000,0.062500,1.112896e-02
0.262500,0.062500,1.111390e-02
0.275000,0.062500,1.105659e-02
0.287500,0.062500,1.095521e-02
0.300000,0.062500,1.080795e-02
0.312500,0.062500,1.061299e-02
0.325000,0.062500,1.036850e-02
0.337500,0.062500,1.007268e-02
0.350000,0.062500,9.723687e-03
0.362500,0.062500,9.319718e-03
0.375000,0.062500,8.858950e-03
0.387500,0.062500,8.339564e-03
0.400000,0.062500,7.759740e-03
0.412500,0.062500,7.117407e-03
0.425000,0.062500,6.405648e-03
0.437500,0.062500,5.613182e-03
0.450000,0.062500,4.728575e-03
0.462500,0.062500,3.740391e-03
0.475000,0.062500,2.637184e-03
0.487500,0.062500,1.401288e-03
0.500000,0.062500,0.000000e+00
0.512500,0.062500,0.000000e+00
0.525000,0.062500,0.000000e+00
0.537500,0.062500,0.000000e+00
0.550000,0.062500,0.000000e+00
0.562500,0.062500,0.000000e+00
0.575000,0.062500,0.000000e+00
0.587500,0.062500,0.000000e+00
0.600000,0.062500,0.000000e+00
0.612500,0.062500,0.000000e+00
0.625000,0.062500,0.000000e+00
0.637500,0.062500,0.000000e+00
0.650000,0.062500,0.000000e+00
0.662500,0.062500,0.000000e+00
0.675000,0.062500,0.000000e+00
0.687500,0.062500,0.000000e+00
0.700000,0.062500,0.000000e+00
0.712500,0.062500,0.000000e+00
0.725000,0.062500,0.000000e+00
0.737500,0.062500,0.000000e+00
0.750000,0.062500,0.000000e+00
0.762500,0.062500,0.000000e+00
0.775000,0.062500,0.000000e+00
0.787500,0.062500,0.000000e+00
0.800000,0.062500,0.000000e+00
0.812500,0.062500,0.000000e+00
0.825000,0.062500,0.000000e+00
0.837500,0.062500,0.000000e+00
0.850000,0.062500,0.000000e+00
0.862500,0.062500,0.000000e+00
0.875000,0.062500,0.000000e+00
0.887500,0.062500,0.000000e+00
0.900000,0.062500,0.000000e+00
0.912500,0.062500,0.000000e+00
0.925000,0.062500,0.000000e+00
0.937500,0.062500,0.000000e+00
0.950000,0.062500,0.000000e+00
0.962500,0.062500,0.000000e+00
0.975000,0.062500,0.000000e+00
0.987500,0.062500,0.000000e+00
1.000000,0.062500,0.000000e+00
0.000000,0.075000,0.000000e+00
0.012500,0.075000,1.572221e-03
0.025000,0.075000,2.974767e-03
0.037500,0.075000,4.228852e-03
0.050000,0.075000,5.355691e-03
0.062500,0.075000,6.376494e-03
0.075000,0.075000,7.308483e-03
0.087500,0.075000,8.156876e-03
0.100000,0.075000,8.924646e-03
0.112500,0.075000,9.614763e-03
0.125000,0.075000,1.023020e-02
0.137500,0.075000,1.077393e-02
0.150000,0.075000,1.124893e-02
0.162500,0.075000,1.165816e-02
0.175000,0.075000,1.200460e-02
0.187500,0.075000,1.229122e-02
0.200000,0.075000,1.252099e-02
0.212500,0.075000,1.269688e-02
0.225000,0.075000,1.282188e-02
0.237500,0.075000,1.289892e-02
0.250000,0.075000,1.292928e-02
0.262500,0.075000,1.291125e-02
0.275000,0.075000,1.284280e-02
0.287500,0.075000,1.272190e-02
0.300000,0.075000,1.254653e-02
0.312500,0.075000,1.231467e-02
0.325000,0.075000,1.202429e-02
0.337500,0.075000,1.167336e-02
0.350000,0.075000,1.125986e-02
0.362500,0.075000,1.078177e-02
0.375000,0.075000,1.023706e-02
0.387500,0.075000,9.623701e-03
0.400000,0.075000,8.939675e-03
0.412500,0.075000,8.182715e-03
0.425000,0.075000,7.345949e-03
0.437500,0.075000,6.418361e-03
0.450000,0.075000,5.388784e-03
0.462500,0.075000,4.246054e-03
0.475000,0.075000,2.978998e-03
0.487500,0.075000,1.572050e-03
0.500000,0.075000,0.000000e+00
0.512500,0.075000,0.000000e+00
0.525000,0.075000,0.000000e+00
0.537500,0.075000,0.000000e+00
0.550000,0.075000,0.000000e+00
0.562500,0.075000,0.000000e+00
0.575000,0.075000,0.000000e+00
0.587500,0.075000,0.000000e+00
0.600000,0.075000,0.000000e+00
0.612500,0.075000,0.000000e+00
0.625000,0.075000,0.000000e+00
0.637500,0.075000,0.000000e+00
0.650000,0.075000,0.000000e+00
0.662500,0.075000,0.000000e+00
0.675000,0.075000,0.000000e+00
0.687500,0.075000,0.000000e+00
0.700000,0.075000,0.000000e+00
0.712500,0.075000,0.000000e+00
0.725000,0.075000,0.000000e+00
0.737500,0.075000,0.000000e+00
0.750000,0.075000,0.000000e+00
0.762500,0.075000,0.000000e+00
0.775000,0.075000,0.000000e+00
0.787500,0.075000,0.000000e+00
0.800000,0.075000,0.000000e+00
0.812500,0.075000,0.000000e+00
0.825000,0.075000,0.000000e+00
0.837500,0.075000,0.000000e+00
0.850000,0.075000,0.000000e+00
0.862500,0.075000,0.000000e+00
0.875000,0.075000,0.000000e+00
0.887500,0.075000,0.000000e+00
0.900000,0.075000,0.000000e+00
0.912500,0.075000,0.000000e+00
0.925000,0.075000,0.000000e+00
0.937500,0.075000,0.000000e+00
0.950000,0.075000,0.000000e+00
0.962500,0.075000,0.000000e+00
0.975000,0.075000,0.000000e+00
0.987500,0.075000,0.000000e+00
1.000000,0.075000,0.000000e+00
0.000000,0.087500,0.000000e+00
0.012500,0.087500,1.728125e-03
0.025000,0.087500,3.284803e-03
0.037500,0.087500,4.689123e-03
0.050000,0.087500,5.960172e-03
0.062500,0.087500,7.117036e-03
0.075000,0.087500,8.175314e-03
0.087500,0.087500,9.140126e-03
0.100000,0.087500,1.001463e-02
0.112500,0.087500,1.080197e-02
0.125000,0.087500,1.150533e-02
0.137500,0.087500,1.212783e-02
0.150000,0.087500,1.267266e-02
0.162500,0.087500,1.314296e-02
0.175000,0.087500,1.354188e-02
0.187500,0.087500,1.387259e-02
0.200000,0.087500,1.413825e-02
0.212500,0.087500,1.434200e-02
0.225000,0.087500,1.448700e-02
0.237500,0.087500,1.457640e-02
0.250000,0.087500,1.461152e-02
0.262500,0.087500,1.459054e-02
0.275000,0.087500,1.451126e-02
0.287500,0.087500,1.437151e-02
0.300000,0.087500,1.416911e-02
0.312500,0.087500,1.390189e-02
0.325000,0.087500,1.356767e-02
0.337500,0.087500,1.316426e-02
0.350000,0.087500,1.268951e-02
0.362500,0.087500,1.214121e-02
0.375000,0.087500,1.151721e-02
0.387500,0.087500,1.081532e-02
0.400000,0.087500,1.003337e-02
0.412500,0.087500,9.168943e-03
0.425000,0.087500,8.215282e-03
0.437500,0.087500,7.161691e-03
0.450000,0.087500,5.997336e-03
0.462500,0.087500,4.711385e-03
0.475000,0.087500,3.292999e-03
0.487500,0.087500,1.728684e-03
0.500000,0.087500,0.000000e+00
0.512500,0.087500,0.000000e+00
0.525000,0.087500,0.000000e+00
0.537500,0.087500,0.000000e+00
0.550000,0.087500,0.000000e+00
0.562500,0.087500,0.000000e+00
0.575000,0.087500,0.000000e+00
0.587500,0.087500,0.000000e+00
0.600000,0.087500,0.000000e+00
0.612500,0.087500,0.000000e+00
0.625000,0.087500,0.000000e+00
0.637500,0.087500,0.000000e+00
0.650000,0.087500,0.000000e+00
0.662500,0.087500,0.000000e+00
0.675000,0.087500,0.000000e+00
0.687500,0.087500,0.000000e+00
0.700000,0.087500,0.000000e+00
0.712500,0.087500,0.000000e+00
0.725000,0.087500,0.000000e+00
0.737500,0.087500,0.000000e+00
0.750000,0.087500,0.000000e+00
0.762500,0.087500,0.000000e+00
0.775000,0.087500,0.000000e+00
0.787500,0.087500,0.000000e+00
0.800000,0.087500,0.000000e+00
0.812500,0.087500,0.000000e+00
0.825000,0.087500,0.000000e+00
0.837500,0.087500,0.000000e+00
0.850000,0.087500,0.000000e+00
0.862500,0.087500,0.000000e+00
0.875000,0.087500,0.000000e+00
0.887500,0.087500,0.000000e+00
0.900000,0.087500,0.000000e+00
0.912500,0.087500,0.000000e+00
0.925000,0.087500,0.000000e+00
0.937500,0.087500,0.000000e+00
0.950000,0.087500,0.000000e+00
0.962500,0.087500,0.000000e+00
0.975000,0.087500,0.000000e+00
0.987500,0.087500,0.000000e+00
1.000000,0.087500,0.000000e+00
0.000000,0.100000,0.000000e+00
0.012500,0.100000,1.871227e-03
0.025000,0.100000,3.569594e-03
0.037500,0.100000,5.112266e-03
0.050000,0.100000,6.516409e-03
0.062500,0.100000,7.799188e-03
0.075000,0.100000,8.974727e-03
0.087500,0.100000,1.004801e-02
0.100000,0.100000,1.102230e-02
0.112500,0.100000,1.190089e-02
0.125000,0.100000,1.268702e-02
0.137500,0.100000,1.338399e-02
0.150000,0.100000,1.399505e-02
0.162500,0.100000,1.452348e-02
0.175000,0.100000,1.497256e-02
0.187500,0.100000,1.534555e-02
0.200000,0.100000,1.564572e-02
0.212500,0.100000,1.587634e-02
0.225000,0.100000,1.604070e-02
0.237500,0.100000,1.614203e-02
0.250000,0.100000,1.618172e-02
0.262500,0.100000,1.615782e-02
0.275000,0.100000,1.606807e-02
0.287500,0.100000,1.591018e-02
0.300000,0.100000,1.568186e-02
0.312500,0.100000,1.538084e-02
0.325000,0.100000,1.500484e-02
0.337500,0.100000,1.455156e-02
0.350000,0.100000,1.401874e-02
0.362500,0.100000,1.340409e-02
0.375000,0.100000,1.270533e-02
0.387500,0.100000,1.192018e-02
0.400000,0.100000,1.104635e-02
0.412500,0.100000,1.008136e-02
0.425000,0.100000,9.018578e-03
0.437500,0.100000,7.847679e-03
0.450000,0.100000,6.558199e-03
0.462500,0.100000,5.139676e-03
0.475000,0.100000,3.581646e-03
0.487500,0.100000,1.872595e-03
0.500000,0.100000,0.000000e+00
0.512500,0.100000,0.000000e+00
0.525000,0.100000,0.000000e+00
0.537500,0.100000,0.000000e+00
0.550000,0.100000,0.000000e+00
0.562500,0.100000,0.000000e+00
0.575000,0.100000,0.000000e+00
0.587500,0.100000,0.000000e+00
0.600000,0.100000,0.000000e+00
0.612500,0.100000,0.000000e+00
0.625000,0.100000,0.000000e+00
0.637500,0.100000,0.000000e+00
0.650000,0.100000,0.000000e+00
0.662500,0.100000,0.000000e+00
0.675000,0.100000,0.000000e+00
0.687500,0.100000,0.000000e+00
0.700000,0.100000,0.000000e+00
0.712500,0.100000,0.000000e+00
0.725000,0.100000,0.000000e+00
0.737500,0.100000,0.000000e+00
0.750000,0.100000,0.000000e+00
0.762500,0.100000,0.000000e+00
0.775000,0.100000,0.000000e+00
0.787500,0.100000,0.000000e+00
0.800000,0.100000,0.000000e+00
0.812500,0.100000,0.000000e+00
0.825000,0.100000,0.000000e+00
0.837500,0.100000,0.000000e+00
0.850000,0.100000,0.000000e+00
0.862500,0.100000,0.000000e+00
0.875000,0.100000,0.000000e+00
0.887500,0.100000,0.000000e+00
0.900000,0.100000,0.000000e+00
0.912500,0.100000,0.000000e+00
0.925000,0.100000,0.000000e+00
0.937500,0.100000,0.000000e+00
0.950000,0.100000,0.000000e+00
0.962500,0.100000,0.000000e+00
0.975000,0.100000,0.000000e+00
0.987500,0.100000,0.000000e+00
1.000000,0.100000,0.000000e+00
0.000000,0.112500,0.000000e+00
0.012500,0.112500,2.002305e-03
0.025000,0.112500,3.830653e-03
0.037500,0.112500,5.500483e-03
0.050000,0.112500,7.027232e-03
0.062500,0.112500,8.426338e-03
0.075000,0.112500,9.710586e-03
0.087500,0.112500,1.088479e-02
0.100000,0.112500,1.195228e-02
0.112500,0.112500,1.291637e-02
0.125000,0.112500,1.378039e-02
0.137500,0.112500,1.454765e-02
0.150000,0.112500,1.522149e-02
0.162500,0.112500,1.580523e-02
0.175000,0.112500,1.630218e-02
0.187500,0.112500,1.671568e-02
0.200000,0.112500,1.704904e-02
0.212500,0.112500,1.730559e-02
0.225000,0.112500,1.748865e-02
0.237500,0.112500,1.760152e-02
0.250000,0.112500,1.764560e-02
0.262500,0.112500,1.761890e-02
0.275000,0.112500,1.751907e-02
0.287500,0.112500,1.734377e-02
0.300000,0.112500,1.709065e-02
0.312500,0.112500,1.675739e-02
0.325000,0.112500,1.634162e-02
0.337500,0.112500,1.584102e-02
0.350000,0.112500,1.525324e-02
0.362500,0.112500,1.457593e-02
0.375000,0.112500,1.380676e-02
0.387500,0.112500,1.294338e-02
0.400000,0.112500,1.198345e-02
0.412500,0.112500,1.092442e-02
0.425000,0.112500,9.759869e-03
0.437500,0.112500,8.479862e-03
0.450000,0.112500,7.074346e-03
0.462500,0.112500,5.533270e-03
0.475000,0.112500,3.846581e-03
0.487500,0.112500,2.004634e-03
0.500000,0.112500,0.000000e+00
0.512500,0.112500,0.000000e+00
0.525000,0.112500,0.000000e+00
0.537500,0.112500,0.000000e+00
0.550000,0.112500,0.000000e+00
0.562500,0.112500,0.000000e+00
0.575000,0.112500,0.000000e+00
0.587500,0.112500,0.000000e+00
0.600000,0.112500,0.000000e+00
0.612500,0.112500,0.000000e+00
0.625000,0.112500,0.000000e+00
0.637500,0.112500,0.000000e+00
0.650000,0.112500,0.000000e+00
0.662500,0.112500,0.000000e+00
0.675000,0.112500,0.000000e+00
0.687500,0.112500,0.000000e+00
0.700000,0.112500,0.000000e+00
0.712500,0.112500,0.000000e+00
0.725000,0.112500,0.000000e+00
0.737500,0.112500,0.000000e+00
0.750000,0.112500,0.000000e+00
0.762500,0.112500,0.000000e+00
0.775000,0.112500,0.000000e+00
0.787500,0.112500,0.000000e+00
0.800000,0.112500,0.000000e+00
0.812500,0.112500,0.000000e+00
0.825000,0.112500,0.000000e+00
0.837500,0.112500,0.000000e+00
0.850000,0.112500,0.000000e+00
0.862500,0.112500,0.000000e+00
0.875000,0.112500,0.000000e+00
0.887500,0.112500,0.000000e+00
0.900000,0.112500,0.000000e+00
0.912500,0.112500,0.000000e+00
0.925000,0.112500,0.000000e+00
0.937500,0.112500,0.000000e+00
0.950000,0.112500,0.000000e+00
0.962500,0.112500,0.000000e+00
0.975000,0.112500,0.000000e+00
0.987500,0.112500,0.000000e+00
1.000000,0.112500,0.000000e+00
0.000000,0.125000,0.000000e+00
0.012500,0.125000,2.122136e-03
0.025000,0.125000,4.069497e-03
0.037500,0.125000,5.855978e-03
0.050000,0.125000,7.495472e-03
0.062500,0.125000,9.001871e-03
0.075000,0.125000,1.038675e-02
0.087500,0.125000,1.165474e-02
0.100000,0.125000,1.280915e-02
0.112500,0.125000,1.385330e-02
0.125000,0.125000,1.479051e-02
0.137500,0.125000,1.562410e-02
0.150000,0.125000,1.635738e-02
0.162500,0.125000,1.699368e-02
0.175000,0.125000,1.753631e-02
0.187500,0.125000,1.798859e-02
0.200000,0.125000,1.835385e-02
0.212500,0.125000,1.863539e-02
0.225000,0.125000,1.883653e-02
0.237500,0.125000,1.896058e-02
0.250000,0.125000,1.900892e-02
0.262500,0.125000,1.897954e-02
0.275000,0.125000,1.887005e-02
0.287500,0.125000,1.867811e-02
0.300000,0.125000,1.840134e-02
0.312500,0.125000,1.803738e-02
0.325000,0.125000,1.758386e-02
0.337500,0.125000,1.703841e-02
0.350000,0.125000,1.639867e-02
0.362500,0.125000,1.566228e-02
0.375000,0.125000,1.482685e-02
0.387500,0.125000,1.389004e-02
0.400000,0.125000,1.284947e-02
0.412500,0.125000,1.170259e-02
0.425000,0.125000,1.044319e-02
0.437500,0.125000,9.061777e-03
0.450000,0.125000,7.548754e-03
0.462500,0.125000,5.894511e-03
0.475000,0.125000,4.089444e-03
0.487500,0.125000,2.125654e-03
0.500000,0.125000,0.000000e+00
0.512500,0.125000,0.000000e+00
0.525000,0.125000,0.000000e+00
0.537500,0.125000,0.000000e+00
0.550000,0.125000,0.000000e+00
0.562500,0.125000,0.000000e+00
0.575000,0.125000,0.000000e+00
0.587500,0.125000,0.000000e+00
0.600000,0.125000,0.000000e+00
0.612500,0.125000,0.000000e+00
0.625000,0.125000,0.000000e+00
0.637500,0.125000,0.000000e+00
0.650000,0.125000,0.000000e+00
0.662500,0.125000,0.000000e+00
0.675000,0.125000,0.000000e+00
0.687500,0.125000,0.000000e+00
0.700000,0.125000,0.000000e+00
0.712500,0.125000,0.000000e+00
0.725000,0.125000,0.000000e+00
0.737500,0.125000,0.000000e+00
0.750000,0.125000,0.000000e+00
0.762500,0.125000,0.000000e+00
0.775000,0.125000,0.000000e+00
0.787500,0.125000,0.000000e+00
0.800000,0.125000,0.000000e+00
0.812500,0.125000,0.000000e+00
0.825000,0.125000,0.000000e+00
0.837500,0.125000,0.000000e+00
0.850000,0.125000,0.000000e+00
0.862500,0.125000,0.000000e+00
0.875000,0.125000,0.000000e+00
0.887500,0.125000,0.000000e+00
0.900000,0.125000,0.000000e+00
0.912500,0.125000,0.000000e+00
0.925000,0.125000,0.000000e+00
0.937500,0.125000,0.000000e+00
0.950000,0.125000,0.000000e+00
0.962500,0.125000,0.000000e+00
0.975000,0.125000,0.000000e+00
0.987500,0.125000,0.000000e+00
1.000000,0.125000,0.000000e+00
0.000000,0.137500,0.000000e+00
0.012500,0.137500,2.231495e-03
0.025000,0.137500,4.287639e-03
0.037500,0.137500,6.180954e-03
0.050000,0.137500,7.923959e-03
0.062500,0.137500,9.529174e-03
0.075000,0.137500,1.100709e-02
0.087500,0.137500,1.236212e-02
0.100000,0.137500,1.359752e-02
0.112500,0.137500,1.471655e-02
0.125000,0.137500,1.572248e-02
0.137500,0.137500,1.661858e-02
0.150000,0.137500,1.740811e-02
0.162500,0.137500,1.809433e-02
0.175000,0.137500,1.868050e-02
0.187500,0.137500,1.916989e-02
0.200000,0.137500,1.956577e-02
0.212500,0.137500,1.987140e-02
0.225000,0.137500,2.009004e-02
0.237500,0.137500,2.022493e-02
0.250000,0.137500,2.027743e-02
0.262500,0.137500,2.024552e-02
0.275000,0.137500,2.012686e-02
0.287500,0.137500,1.991906e-02
0.300000,0.137500,1.961979e-02
0.312500,0.137500,1.922668e-02
0.325000,0.137500,1.873737e-02
0.337500,0.137500,1.814950e-02
0.350000,0.137500,1.746071e-02
0.362500,0.137500,1.666865e-02
0.375000,0.137500,1.577096e-02
0.387500,0.137500,1.476527e-02
0.400000,0.137500,1.364924e-02
0.412500,0.137500,1.242032e-02
0.425000,0.137500,1.107256e-02
0.437500,0.137500,9.596962e-03
0.450000,0.137500,7.984396e-03
0.462500,0.137500,6.225740e-03
0.475000,0.137500,4.311877e-03
0.487500,0.137500,2.236506e-03
0.500000,0.137500,0.000000e+00
0.512500,0.137500,0.000000e+00
0.525000,0.137500,0.000000e+00
0.537500,0.137500,0.000000e+00
0.550000,0.137500,0.000000e+00
0.562500,0.137500,0.000000e+00
0.575000,0.137500,0.000000e+00
0.587500,0.137500,0.000000e+00
0.600000,0.137500,0.000000e+00
0.612500,0.137500,0.000000e+00
0.625000,0.137500,0.000000e+00
0.637500,0.137500,0.000000e+00
0.650000,0.137500,0.000000e+00
0.662500,0.137500,0.000000e+00
0.675000,0.137500,0.000000e+00
0.687500,0.137500,0.000000e+00
0.700000,0.137500,0.000000e+00
0.712500,0.137500,0.000000e+00
0.725000,0.137500,0.000000e+00
0.737500,0.137500,0.000000e+00
0.750000,0.137500,0.000000e+00
0.762500,0.137500,0.000000e+00
0.775000,0.137500,0.000000e+00
0.787500,0.137500,0.000000e+00
0.800000,0.137500,0.000000e+00
0.812500,0.137500,0.000000e+00
0.825000,0.137500,0.000000e+00
0.837500,0.137500,0.000000e+00
0.850000,0.137500,0.000000e+00
0.862500,0.137500,0.000000e+00
0.875000,0.137500,0.000000e+00
0.887500,0.137500,0.000000e+00
0.900000,0.137500,0.000000e+00
0.912500,0.137500,0.000000e+00
0.925000,0.137500,0.000000e+00
0.937500,0.137500,0.000000e+00
0.950000,0.137500,0.000000e+00
0.962500,0.137500,0.000000e+00
0.975000,0.137500,0.000000e+00
0.987500,0.137500,0.000000e+00
1.000000,0.137500,0.000000e+00
0.000000,0.150000,0.000000e+00
0.012500,0.150000,2.331159e-03
0.025000,0.150000,4.486595e-03
0.037500,0.150000,6.477614e-03
0.050000,0.150000,8.315525e-03
0.062500,0.150000,1.001163e-02
0.075000,0.150000,1.157547e-02
0.087500,0.150000,1.301119e-02
0.100000,0.150000,1.432198e-02
0.112500,0.150000,1.551100e-02
0.125000,0.150000,1.658141e-02
0.137500,0.150000,1.753637e-02
0.150000,0.150000,1.837907e-02
0.162500,0.150000,1.911266e-02
0.175000,0.150000,1.974031e-02
0.187500,0.150000,2.026518e-02
0.200000,0.150000,2.069045e-02
0.212500,0.150000,2.101928e-02
0.225000,0.150000,2.125484e-02
0.237500,0.150000,2.140026e-02
0.250000,0.150000,2.145686e-02
0.262500,0.150000,2.142265e-02
0.275000,0.150000,2.129529e-02
0.287500,0.150000,2.107247e-02
0.300000,0.150000,2.075186e-02
0.312500,0.150000,2.033114e-02
0.325000,0.150000,1.980798e-02
0.337500,0.150000,1.918005e-02
0.350000,0.150000,1.844503e-02
0.362500,0.150000,1.760060e-02
0.375000,0.150000,1.664443e-02
0.387500,0.150000,1.557419e-02
0.400000,0.150000,1.438756e-02
0.412500,0.150000,1.308206e-02
0.425000,0.150000,1.165202e-02
0.437500,0.150000,1.008895e-02
0.450000,0.150000,8.384248e-03
0.462500,0.150000,6.529302e-03
0.475000,0.150000,4.515521e-03
0.487500,0.150000,2.338043e-03
0.500000,0.150000,0.000000e+00
0.512500,0.150000,0.000000e+00
0.525000,0.150000,0.000000e+00
0.537500,0.150000,0.000000e+00
0.550000,0.150000,0.000000e+00
0.562500,0.150000,0.000000e+00
0.575000,0.150000,0.000000e+00
0.587500,0.150000,0.000000e+00
0.600000,0.150000,0.000000e+00
0.612500,0.150000,0.000000e+00
0.625000,0.150000,0.000000e+00
0.637500,0.150000,0.000000e+00
0.650000,0.150000,0.000000e+00
0.662500,0.150000,0.000000e+00
0.675000,0.150000,0.000000e+00
0.687500,0.150000,0.000000e+00
0.700000,0.150000,0.000000e+00
0.712500,0.150000,0.000000e+00
0.725000,0.150000,0.000000e+00
0.737500,0.150000,0.000000e+00
0.750000,0.150000,0.000000e+00
0.762500,0.150000,0.000000e+00
0.775000,0.150000,0.000000e+00
0.787500,0.150000,0.000000e+00
0.800000,0.150000,0.000000e+00
0.812500,0.150000,0.000000e+00
0.825000,0.150000,0.000000e+00
0.837500,0.150000,0.000000e+00
0.850000,0.150000,0.000000e+00
0.862500,0.150000,0.000000e+00
0.875000,0.150000,0.000000e+00
0.887500,0.150000,0.000000e+00
0.900000,0.150000,0.000000e+00
0.912500,0.150000,0.000000e+00
0.925000,0.150000,0.000000e+00
0.937500,0.150000,0.000000e+00
0.950000,0.150000,0.000000e+00
0.962500,0.150000,0.000000e+00
0.975000,0.150000,0.000000e+00
0.987500,0.150000,0.000000e+00
1.000000,0.150000,0.000000e+00
0.000000,0.162500,0.000000e+00
0.012500,0.162500,2.421906e-03
0.025000,0.162500,4.667878e-03
0.037500,0.162500,6.748160e-03
0.050000,0.162500,8.672998e-03
0.062500,0.162500,1.045264e-02
0.075000,0.162500,1.209574e-02
0.087500,0.162500,1.360623e-02
0.100000,0.162500,1.498715e-02
0.112500,0.162500,1.624151e-02
0.125000,0.162500,1.737236e-02
0.137500,0.162500,1.838274e-02
0.150000,0.162500,1.927566e-02
0.162500,0.162500,2.005416e-02
0.175000,0.162500,2.072129e-02
0.187500,0.162500,2.128006e-02
0.200000,0.162500,2.173352e-02
0.212500,0.162500,2.208469e-02
0.225000,0.162500,2.233662e-02
0.237500,0.162500,2.249230e-02
0.250000,0.162500,2.255297e-02
0.262500,0.162500,2.251669e-02
0.275000,0.162500,2.238119e-02
0.287500,0.162500,2.214419e-02
0.300000,0.162500,2.180343e-02
0.312500,0.162500,2.135663e-02
0.325000,0.162500,2.080152e-02
0.337500,0.162500,2.013583e-02
0.350000,0.162500,1.935730e-02
0.362500,0.162500,1.846365e-02
0.375000,0.162500,1.745260e-02
0.387500,0.162500,1.632190e-02
0.400000,0.162500,1.506927e-02
0.412500,0.162500,1.369228e-02
0.425000,0.162500,1.218561e-02
0.437500,0.162500,1.054129e-02
0.450000,0.162500,8.751283e-03
0.462500,0.162500,6.807539e-03
0.475000,0.162500,4.702015e-03
0.487500,0.162500,2.431115e-03
0.500000,0.162500,0.000000e+00
0.512500,0.162500,0.000000e+00
0.525000,0.162500,0.000000e+00
0.537500,0.162500,0.000000e+00
0.550000,0.162500,0.000000e+00
0.562500,0.162500,0.000000e+00
0.575000,0.162500,0.000000e+00
0.587500,0.162500,0.000000e+00
0.600000,0.162500,0.000000e+00
0.612500,0.162500,0.000000e+00
0.625000,0.162500,0.000000e+00
0.637500,0.162500,0.000000e+00
0.650000,0.162500,0.000000e+00
0.662500,0.162500,0.000000e+00
0.675000,0.162500,0.000000e+00
0.687500,0.162500,0.000000e+00
0.700000,0.162500,0.000000e+00
0.712500,0.162500,0.000000e+00
0.725000,0.162500,0.000000e+00
0.737500,0.162500,0.000000e+00
0.750000,0.162500,0.000000e+00
0.762500,0.162500,0.000000e+00
0.775000,0.162500,0.000000e+00
0.787500,0.162500,0.000000e+00
0.800000,0.162500,0.000000e+00
0.812500,0.162500,0.000000e+00
0.825000,0.162500,0.000000e+00
0.837500,0.162500,0.000000e+00
0.850000,0.162500,0.000000e+00
0.862500,0.162500,0.000000e+00
0.875000,0.162500,0.000000e+00
0.887500,0.162500,0.000000e+00
0.900000,0.162500,0.000000e+00
0.912500,0.162500,0.000000e+00
0.925000,0.162500,0.000000e+00
0.937500,0.162500,0.000000e+00
0.950000,0.162500,0.000000e+00
0.962500,0.162500,0.000000e+00
0.975000,0.162500,0.000000e+00
0.987500,0.162500,0.000000e+00
1.000000,0.162500,0.000000e+00
0.000000,0.175000,0.000000e+00
0.012500,0.175000,2.504512e-03
0.025000,0.175000,4.833003e-03
0.037500,0.175000,6.994796e-03
0.050000,0.175000,8.999211e-03
0.062500,0.175000,1.085557e-02
0.075000,0.175000,1.257178e-02
0.087500,0.175000,1.415150e-02
0.100000,0.175000,1.559761e-02
0.112500,0.175000,1.691297e-02
0.125000,0.175000,1.810046e-02
0.137500,0.175000,1.916293e-02
0.150000,0.175000,2.010327e-02
0.162500,0.175000,2.092434e-02
0.175000,0.175000,2.162900e-02
0.187500,0.175000,2.222014e-02
0.200000,0.175000,2.270062e-02
0.212500,0.175000,2.307330e-02
0.225000,0.175000,2.334106e-02
0.237500,0.175000,2.350674e-02
0.250000,0.175000,2.357150e-02
0.262500,0.175000,2.353344e-02
0.275000,0.175000,2.339036e-02
0.287500,0.175000,2.314006e-02
0.300000,0.175000,2.278034e-02
0.312500,0.175000,2.230899e-02
0.325000,0.175000,2.172382e-02
0.337500,0.175000,2.102262e-02
0.350000,0.175000,2.020319e-02
0.362500,0.175000,1.926333e-02
0.375000,0.175000,1.820084e-02
0.387500,0.175000,1.701352e-02
0.400000,0.175000,1.569916e-02
0.412500,0.175000,1.425543e-02
0.425000,0.175000,1.267734e-02
0.437500,0.175000,1.095751e-02
0.450000,0.175000,9.088478e-03
0.462500,0.175000,7.062794e-03
0.475000,0.175000,4.873002e-03
0.487500,0.175000,2.516575e-03
0.500000,0.175000,0.000000e+00
0.512500,0.175000,0.000000e+00
0.525000,0.175000,0.000000e+00
0.537500,0.175000,0.000000e+00
0.550000,0.175000,0.000000e+00
0.562500,0.175000,0.000000e+00
0.575000,0.175000,0.000000e+00
0.587500,0.175000,0.000000e+00
0.600000,0.175000,0.000000e+00
0.612500,0.175000,0.000000e+00
0.625000,0.175000,0.000000e+00
0.637500,0.175000,0.000000e+00
0.650000,0.175000,0.000000e+00
0.662500,0.175000,0.000000e+00
0.675000,0.175000,0.000000e+00
0.687500,0.175000,0.000000e+00
0.700000,0.175000,0.000000e+00
0.712500,0.175000,0.000000e+00
0.725000,0.175000,0.000000e+00
0.737500,0.175000,0.000000e+00
0.750000,0.175000,0.000000e+00
0.762500,0.175000,0.000000e+00
0.775000,0.175000,0.000000e+00
0.787500,0.175000,0.000000e+00
0.800000,0.175000,0.000000e+00
0.812500,0.175000,0.000000e+00
0.825000,0.175000,0.000000e+00
0.837500,0.175000,0.000000e+00
0.850000,0.175000,0.000000e+00
0.862500,0.175000,0.000000e+00
0.875000,0.175000,0.000000e+00
0.887500,0.175000,0.000000e+00
0.900000,0.175000,0.000000e+00
0.912500,0.175000,0.000000e+00
0.925000,0.175000,0.000000e+00
0.937500,0.175000,0.000000e+00
0.950000,0.175000,0.000000e+00
0.962500,0.175000,0.000000e+00
0.975000,0.175000,0.000000e+00
0.987500,0.175000,0.000000e+00
1.000000,0.175000,0.000000e+00
0.000000,0.187500,0.000000e+00
0.012500,0.187500,2.579752e-03
0.025000,0.187500,4.983485e-03
0.037500,0.187500,7.219725e-03
0.050000,0.187500,9.296994e-03
0.062500,0.187500,1.122382e-02
0.075000,0.187500,1.300744e-02
0.087500,0.187500,1.465126e-02
0.100000,0.187500,1.615797e-02
0.112500,0.187500,1.753025e-02
0.125000,0.187500,1.877077e-02
0.137500,0.187500,1.988223e-02
0.150000,0.187500,2.086730e-02
0.162500,0.187500,2.172866e-02
0.175000,0.187500,2.246901e-02
0.187500,0.187500,2.309102e-02
0.200000,0.187500,2.359737e-02
0.212500,0.187500,2.399075e-02
0.225000,0.187500,2.427384e-02
0.237500,0.187500,2.444930e-02
0.250000,0.187500,2.451819e-02
0.262500,0.187500,2.447867e-02
0.275000,0.187500,2.432863e-02
0.287500,0.187500,2.406593e-02
0.300000,0.187500,2.368846e-02
0.312500,0.187500,2.319409e-02
0.325000,0.187500,2.258070e-02
0.337500,0.187500,2.184617e-02
0.350000,0.187500,2.098838e-02
0.362500,0.187500,2.000519e-02
0.375000,0.187500,1.889450e-02
0.387500,0.187500,1.765416e-02
0.400000,0.187500,1.628207e-02
0.412500,0.187500,1.477598e-02
0.425000,0.187500,1.313125e-02
0.437500,0.187500,1.134114e-02
0.450000,0.187500,9.398806e-03
0.462500,0.187500,7.297409e-03
0.475000,0.187500,5.030122e-03
0.487500,0.187500,2.595276e-03
0.500000,0.187500,0.000000e+00
0.512500,0.187500,0.000000e+00
0.525000,0.187500,0.000000e+00
0.537500,0.187500,0.000000e+00
0.550000,0.187500,0.000000e+00
0.562500,0.187500,0.000000e+00
0.575000,0.187500,0.000000e+00
0.587500,0.187500,0.000000e+00
0.600000,0.187500,0.000000e+00
0.612500,0.187500,0.000000e+00
0.625000,0.187500,0.000000e+00
0.637500,0.187500,0.000000e+00
0.650000,0.187500,0.000000e+00
0.662500,0.187500,0.000000e+00
0.675000,0.187500,0.000000e+00
0.687500,0.187500,0.000000e+00
0.700000,0.187500,0.000000e+00
0.712500,0.187500,0.000000e+00
0.725000,0.187500,0.000000e+00
0.737500,0.187500,0.000000e+00
0.750000,0.187500,0.000000e+00
0.762500,0.187500,0.000000e+00
0.775000,0.187500,0.000000e+00
0.787500,0.187500,0.000000e+00
0.800000,0.187500,0.000000e+00
0.812500,0.187500,0.000000e+00
0.825000,0.187500,0.000000e+00
0.837500,0.187500,0.000000e+00
0.850000,0.187500,0.000000e+00
0.862500,0.187500,0.000000e+00
0.875000,0.187500,0.000000e+00
0.887500,0.187500,0.000000e+00
0.900000,0.187500,0.000000e+00
0.912500,0.187500,0.000000e+00
0.925000,0.187500,0.000000e+00
0.937500,0.187500,0.000000e+00
0.950000,0.187500,0.000000e+00
0.962500,0.187500,0.000000e+00
0.975000,0.187500,0.000000e+00
0.987500,0.187500,0.000000e+00
1.000000,0.187500,0.000000e+00
0.000000,0.200000,0.000000e+00
0.012500,0.200000,2.648404e-03
0.025000,0.200000,5.120839e-03
0.037500,0.200000,7.425149e-03
0.050000,0.200000,9.569177e-03
0.062500,0.200000,1.156077e-02
0.075000,0.200000,1.340659e-02
0.087500,0.200000,1.510979e-02
0.100000,0.200000,1.667283e-02
0.112500,0.200000,1.809821e-02
0.125000,0.200000,1.938840e-02
0.137500,0.200000,2.054588e-02
0.150000,0.200000,2.157313e-02
0.162500,0.200000,2.247263e-02
0.175000,0.200000,2.324686e-02
0.187500,0.200000,2.389829e-02
0.200000,0.200000,2.442942e-02
0.212500,0.200000,2.484271e-02
0.225000,0.200000,2.514065e-02
0.237500,0.200000,2.532569e-02
0.250000,0.200000,2.539879e-02
0.262500,0.200000,2.535817e-02
0.275000,0.200000,2.520181e-02
0.287500,0.200000,2.492765e-02
0.300000,0.200000,2.453366e-02
0.312500,0.200000,2.401779e-02
0.325000,0.200000,2.337801e-02
0.337500,0.200000,2.261227e-02
0.350000,0.200000,2.171853e-02
0.362500,0.200000,2.069476e-02
0.375000,0.200000,1.953891e-02
0.387500,0.200000,1.824894e-02
0.400000,0.200000,1.682281e-02
0.412500,0.200000,1.525837e-02
0.425000,0.200000,1.355138e-02
0.437500,0.200000,1.169573e-02
0.450000,0.200000,9.685243e-03
0.462500,0.200000,7.513728e-03
0.475000,0.200000,5.175015e-03
0.487500,0.200000,2.668067e-03
0.500000,0.200000,0.000000e+00
0.512500,0.200000,0.000000e+00
0.525000,0.200000,0.000000e+00
0.537500,0.200000,0.000000e+00
0.550000,0.200000,0.000000e+00
0.562500,0.200000,0.000000e+00
0.575000,0.200000,0.000000e+00
0.587500,0.200000,0.000000e+00
0.600000,0.200000,0.000000e+00
0.612500,0.200000,0.000000e+00
0.625000,0.200000,0.000000e+00
0.637500,0.200000,0.000000e+00
0.650000,0.200000,0.000000e+00
0.662500,0.200000,0.000000e+00
0.675000,0.200000,0.000000e+00
0.687500,0.200000,0.000000e+00
0.700000,0.200000,0.000000e+00
0.712500,0.200000,0.000000e+00
0.725000,0.200000,0.000000e+00
0.737500,0.200000,0.000000e+00
0.750000,0.200000,0.000000e+00
0.762500,0.200000,0.000000e+00
0.775000,0.200000,0.000000e+00
0.787500,0.200000,0.000000e+00
0.800000,0.200000,0.000000e+00
0.812500,0.200000,0.000000e+00
0.825000,0.200000,0.000000e+00
0.837500,0.200000,0.000000e+00
0.850000,0.200000,0.000000e+00
0.862500,0.200000,0.000000e+00
0.875000,0.200000,0.000000e+00
0.887500,0.200000,0.000000e+00
0.900000,0.200000,0.000000e+00
0.912500,0.200000,0.000000e+00
0.925000,0.200000,0.000000e+00
0.937500,0.200000,0.000000e+00
0.950000,0.200000,0.000000e+00
0.962500,0.200000,0.000000e+00
0.975000,0.200000,0.000000e+00
0.987500,0.200000,0.000000e+00
1.000000,0.200000,0.000000e+00
0.000000,0.212500,0.000000e+00
0.012500,0.212500,2.711245e-03
0.025000,0.212500,5.246579e-03
0.037500,0.212500,7.613271e-03
0.050000,0.212500,9.818591e-03
0.062500,0.212500,1.186981e-02
0.075000,0.212500,1.377310e-02
0.087500,0.212500,1.553134e-02
0.100000,0.212500,1.714680e-02
0.112500,0.212500,1.862174e-02
0.125000,0.212500,1.995845e-02
0.137500,0.212500,2.115917e-02
0.150000,0.212500,2.222617e-02
0.162500,0.212500,2.316173e-02
0.175000,0.212500,2.396811e-02
0.187500,0.212500,2.464758e-02
0.200000,0.212500,2.520240e-02
0.212500,0.212500,2.563483e-02
0.225000,0.212500,2.594716e-02
0.237500,0.212500,2.614162e-02
0.250000,0.212500,2.621904e-02
0.262500,0.212500,2.617773e-02
0.275000,0.212500,2.601573e-02
0.287500,0.212500,2.573107e-02
0.300000,0.212500,2.532179e-02
0.312500,0.212500,2.478594e-02
0.325000,0.212500,2.412155e-02
0.337500,0.212500,2.332667e-02
0.350000,0.212500,2.239933e-02
0.362500,0.212500,2.133757e-02
0.375000,0.212500,2.013943e-02
0.387500,0.212500,1.880296e-02
0.400000,0.212500,1.732619e-02
0.412500,0.212500,1.570706e-02
0.425000,0.212500,1.394175e-02
0.437500,0.212500,1.202482e-02
0.450000,0.212500,9.950763e-03
0.462500,0.212500,7.714094e-03
0.475000,0.212500,5.309324e-03
0.487500,0.212500,2.735803e-03
0.500000,0.212500,0.000000e+00
0.512500,0.212500,0.000000e+00
0.525000,0.212500,0.000000e+00
0.537500,0.212500,0.000000e+00
0.550000,0.212500,0.000000e+00
0.562500,0.212500,0.000000e+00
0.575000,0.212500,0.000000e+00
0.587500,0.212500,0.000000e+00
0.600000,0.212500,0.000000e+00
0.612500,0.212500,0.000000e+00
0.625000,0.212500,0.000000e+00
0.637500,0.212500,0.000000e+00
0.650000,0.212500,0.000000e+00
0.662500,0.212500,0.000000e+00
0.675000,0.212500,0.000000e+00
0.687500,0.212500,0.000000e+00
0.700000,0.212500,0.000000e+00
0.712500,0.212500,0.000000e+00
0.725000,0.212500,0.000000e+00
0.737500,0.212500,0.000000e+00
0.750000,0.212500,0.000000e+00
0.762500,0.212500,0.000000e+00
0.775000,0.212500,0.000000e+00
0.787500,0.212500,0.000000e+00
0.800000,0.212500,0.000000e+00
0.812500,0.212500,0.000000e+00
0.825000,0.212500,0.000000e+00
0.837500,0.212500,0.000000e+00
0.850000,0.212500,0.000000e+00
0.862500,0.212500,0.000000e+00
0.875000,0.212500,0.000000e+00
0.887500,0.212500,0.000000e+00
0.900000,0.212500,0.000000e+00
0.912500,0.212500,0.000000e+00
0.925000,0.212500,0.000000e+00
0.937500,0.212500,0.000000e+00
0.950000,0.212500,0.000000e+00
0.962500,0.212500,0.000000e+00
0.975000,0.212500,0.000000e+00
0.987500,0.212500,0.000000e+00
1.000000,0.212500,0.000000e+00
0.000000,0.225000,0.000000e+00
0.012500,0.225000,2.769051e-03
0.025000,0.225000,5.362220e-03
0.037500,0.225000,7.786295e-03
0.050000,0.225000,1.004807e-02
0.062500,0.225000,1.215432e-02
0.075000,0.225000,1.411082e-02
0.087500,0.225000,1.592018e-02
0.100000,0.225000,1.758446e-02
0.112500,0.225000,1.910571e-02
0.125000,0.225000,2.048599e-02
0.137500,0.225000,2.172734e-02
0.150000,0.225000,2.283181e-02
0.162500,0.225000,2.380146e-02
0.175000,0.225000,2.463833e-02
0.187500,0.225000,2.534447e-02
0.200000,0.225000,2.592194e-02
0.212500,0.225000,2.637278e-02
0.225000,0.225000,2.669905e-02
0.237500,0.225000,2.690279e-02
0.250000,0.225000,2.698469e-02
0.262500,0.225000,2.694313e-02
0.275000,0.225000,2.677620e-02
0.287500,0.225000,2.648203e-02
0.300000,0.225000,2.605873e-02
0.312500,0.225000,2.550440e-02
0.325000,0.225000,2.481717e-02
0.337500,0.225000,2.399514e-02
0.350000,0.225000,2.303643e-02
0.362500,0.225000,2.193915e-02
0.375000,0.225000,2.070142e-02
0.387500,0.225000,1.932134e-02
0.400000,0.225000,1.779703e-02
0.412500,0.225000,1.612652e-02
0.425000,0.225000,1.430640e-02
0.437500,0.225000,1.233193e-02
0.450000,0.225000,1.019834e-02
0.462500,0.225000,7.900850e-03
0.475000,0.225000,5.434687e-03
0.487500,0.225000,2.799334e-03
0.500000,0.225000,0.000000e+00
0.512500,0.225000,0.000000e+00
0.525000,0.225000,0.000000e+00
0.537500,0.225000,0.000000e+00
0.550000,0.225000,0.000000e+00
0.562500,0.225000,0.000000e+00
0.575000,0.225000,0.000000e+00
0.587500,0.225000,0.000000e+00
0.600000,0.225000,0.000000e+00
0.612500,0.225000,0.000000e+00
0.625000,0.225000,0.000000e+00
0.637500,0.225000,0.000000e+00
0.650000,0.225000,0.000000e+00
0.662500,0.225000,0.000000e+00
0.675000,0.225000,0.000000e+00
0.687500,0.225000,0.000000e+00
0.700000,0.225000,0.000000e+00
0.712500,0.225000,0.000000e+00
0.725000,0.225000,0.000000e+00
0.737500,0.225000,0.000000e+00
0.750000,0.225000,0.000000e+00
0.762500,0.225000,0.000000e+00
0.775000,0.225000,0.000000e+00
0.787500,0.225000,0.000000e+00
0.800000,0.225000,0.000000e+00
0.812500,0.225000,0.000000e+00
0.825000,0.225000,0.000000e+00
0.837500,0.225000,0.000000e+00
0.850000,0.225000,0.000000e+00
0.862500,0.225000,0.000000e+00
0.875000,0.225000,0.000000e+00
0.887500,0.225000,0.000000e+00
0.900000,0.225000,0.000000e+00
0.912500,0.225000,0.000000e+00
0.925000,0.225000,0.000000e+00
0.937500,0.225000,0.000000e+00
0.950000,0.225000,0.000000e+00
0.962500,0.225000,0.000000e+00
0.975000,0.225000,0.000000e+00
0.987500,0.225000,0.000000e+00
1.000000,0.225000,0.000000e+00
0.000000,0.237500,0.000000e+00
0.012500,0.237500,2.822598e-03
0.025000,0.237500,5.469275e-03
0.037500,0.237500,7.946424e-03
0.050000,0.237500,1.026043e-02
0.062500,0.237500,1.241770e-02
0.075000,0.237500,1.442361e-02
0.087500,0.237500,1.628058e-02
0.100000,0.237500,1.799043e-02
0.112500,0.237500,1.955500e-02
0.125000,0.237500,2.097613e-02
0.137500,0.237500,2.225567e-02
0.150000,0.237500,2.339544e-02
0.162500,0.237500,2.439729e-02
0.175000,0.237500,2.526306e-02
0.187500,0.237500,2.599457e-02
0.200000,0.237500,2.659368e-02
0.212500,0.237500,2.706222e-02
0.225000,0.237500,2.740202e-02
0.237500,0.237500,2.761491e-02
0.250000,0.237500,2.770149e-02
0.262500,0.237500,2.766014e-02
0.275000,0.237500,2.748905e-02
0.287500,0.237500,2.718639e-02
0.300000,0.237500,2.675033e-02
0.312500,0.237500,2.617904e-02
0.325000,0.237500,2.547069e-02
0.337500,0.237500,2.462346e-02
0.350000,0.237500,2.363552e-02
0.362500,0.237500,2.250505e-02
0.375000,0.237500,2.123021e-02
0.387500,0.237500,1.980919e-02
0.400000,0.237500,1.824014e-02
0.412500,0.237500,1.652119e-02
0.425000,0.237500,1.464935e-02
0.437500,0.237500,1.262061e-02
0.450000,0.237500,1.043095e-02
0.462500,0.237500,8.076338e-03
0.475000,0.237500,5.552747e-03
0.487500,0.237500,2.859512e-03
0.500000,0.237500,0.000000e+00
0.512500,0.237500,0.000000e+00
0.525000,0.237500,0.000000e+00
0.537500,0.237500,0.000000e+00
0.550000,0.237500,0.000000e+00
0.562500,0.237500,0.000000e+00
0.575000,0.237500,0.000000e+00
0.587500,0.237500,0.000000e+00
0.600000,0.237500,0.000000e+00
0.612500,0.237500,0.000000e+00
0.625000,0.237500,0.000000e+00
0.637500,0.237500,0.000000e+00
0.650000,0.237500,0.000000e+00
0.662500,0.237500,0.000000e+00
0.675000,0.237500,0.000000e+00
0.687500,0.237500,0.000000e+00
0.700000,0.237500,0.000000e+00
0.712500,0.237500,0.000000e+00
0.725000,0.237500,0.000000e+00
0.737500,0.237500,0.000000e+00
0.750000,0.237500,0.000000e+00
0.762500,0.237500,0.000000e+00
0.775000,0.237500,0.000000e+00
0.787500,0.237500,0.000000e+00
0.800000,0.237500,0.000000e+00
0.812500,0.237500,0.000000e+00
0.825000,0.237500,0.000000e+00
0.837500,0.237500,0.000000e+00
0.850000,0.237500,0.000000e+00
0.862500,0.237500,0.000000e+00
0.875000,0.237500,0.000000e+00
0.887500,0.237500,0.000000e+00
0.900000,0.237500,0.000000e+00
0.912500,0.237500,0.000000e+00
0.925000,0.237500,0.000000e+00
0.937500,0.237500,0.000000e+00
0.950000,0.237500,0.000000e+00
0.962500,0.237500,0.000000e+00
0.975000,0.237500,0.000000e+00
0.987500,0.237500,0.000000e+00
1.000000,0.237500,0.000000e+00
0.000000,0.250000,0.000000e+00
0.012500,0.250000,2.872664e-03
0.025000,0.250000,5.569261e-03
0.037500,0.250000,8.095859e-03
0.050000,0.250000,1.045853e-02
0.062500,0.250000,1.266333e-02
0.075000,0.250000,1.471536e-02
0.087500,0.250000,1.661680e-02
0.100000,0.250000,1.836929e-02
0.112500,0.250000,1.997447e-02
0.125000,0.250000,2.143396e-02
0.137500,0.250000,2.274942e-02
0.150000,0.250000,2.392246e-02
0.162500,0.250000,2.495473e-02
0.175000,0.250000,2.584786e-02
0.187500,0.250000,2.660349e-02
0.200000,0.250000,2.722326e-02
0.212500,0.250000,2.770879e-02
0.225000,0.250000,2.806173e-02
0.237500,0.250000,2.828370e-02
0.250000,0.250000,2.837517e-02
0.262500,0.250000,2.833456e-02
0.275000,0.250000,2.816010e-02
0.287500,0.250000,2.784999e-02
0.300000,0.250000,2.740245e-02
0.312500,0.250000,2.681569e-02
0.325000,0.250000,2.608794e-02
0.337500,0.250000,2.521739e-02
0.350000,0.250000,2.420227e-02
0.362500,0.250000,2.304079e-02
0.375000,0.250000,2.173117e-02
0.387500,0.250000,2.027162e-02
0.400000,0.250000,1.866035e-02
0.412500,0.250000,1.689555e-02
0.425000,0.250000,1.497464e-02
0.437500,0.250000,1.289440e-02
0.450000,0.250000,1.065157e-02
0.462500,0.250000,8.242901e-03
0.475000,0.250000,5.665145e-03
0.487500,0.250000,2.917189e-03
0.500000,0.250000,0.000000e+00
0.512500,0.250000,0.000000e+00
0.525000,0.250000,0.000000e+00
0.537500,0.250000,0.000000e+00
0.550000,0.250000,0.000000e+00
0.562500,0.250000,0.000000e+00
0.575000,0.250000,0.000000e+00
0.587500,0.250000,0.000000e+00
0.600000,0.250000,0.000000e+00
0.612500,0.250000,0.000000e+00
0.625000,0.250000,0.000000e+00
0.637500,0.250000,0.000000e+00
0.650000,0.250000,0.000000e+00
0.662500,0.250000,0.000000e+00
0.675000,0.250000,0.000000e+00
0.687500,0.250000,0.000000e+00
0.700000,0.250000,0.000000e+00
0.712500,0.250000,0.000000e+00
0.725000,0.250000,0.000000e+00
0.737500,0.250000,0.000000e+00
0.750000,0.250000,0.000000e+00
0.762500,0.250000,0.000000e+00
0.775000,0.250000,0.000000e+00
0.787500,0.250000,0.000000e+00
0.800000,0.250000,0.000000e+00
0.812500,0.250000,0.000000e+00
0.825000,0.250000,0.000000e+00
0.837500,0.250000,0.000000e+00
0.850000,0.250000,0.000000e+00
0.862500,0.250000,0.000000e+00
0.875000,0.250000,0.000000e+00
0.887500,0.250000,0.000000e+00
0.900000,0.250000,0.000000e+00
0.912500,0.250000,0.000000e+00
0.925000,0.250000,0.000000e+00
0.937500,0.250000,0.000000e+00
0.950000,0.250000,0.000000e+00
0.962500,0.250000,0.000000e+00
0.975000,0.250000,0.000000e+00
0.987500,0.250000,0.000000e+00
1.000000,0.250000,0.000000e+00
0.000000,0.262500,0.000000e+00
0.012500,0.262500,2.919909e-03
0.025000,0.262500,5.663475e-03
0.037500,0.262500,8.236500e-03
0.050000,0.262500,1.064479e-02
0.062500,0.262500,1.289414e-02
0.075000,0.262500,1.498940e-02
0.087500,0.262500,1.693257e-02
0.100000,0.262500,1.872508e-02
0.112500,0.262500,2.036839e-02
0.125000,0.262500,2.186395e-02
0.137500,0.262500,2.321321e-02
0.150000,0.262500,2.441762e-02
0.162500,0.262500,2.547862e-02
0.175000,0.262500,2.639766e-02
0.187500,0.262500,2.717620e-02
0.200000,0.262500,2.781569e-02
0.212500,0.262500,2.831757e-02
0.225000,0.262500,2.868330e-02
0.237500,0.262500,2.891430e-02
0.250000,0.262500,2.901094e-02
0.262500,0.262500,2.897165e-02
0.275000,0.262500,2.879466e-02
0.287500,0.262500,2.847820e-02
0.300000,0.262500,2.802050e-02
0.312500,0.262500,2.741980e-02
0.325000,0.262500,2.667433e-02
0.337500,0.262500,2.578232e-02
0.350000,0.262500,2.474200e-02
0.362500,0.262500,2.355160e-02
0.375000,0.262500,2.220936e-02
0.387500,0.262500,2.071351e-02
0.400000,0.262500,1.906228e-02
0.412500,0.262500,1.725389e-02
0.425000,0.262500,1.528620e-02
0.437500,0.262500,1.315677e-02
0.450000,0.262500,1.086314e-02
0.462500,0.262500,8.402867e-03
0.475000,0.262500,5.773488e-03
0.487500,0.262500,2.973171e-03
0.500000,0.262500,0.000000e+00
0.512500,0.262500,0.000000e+00
0.525000,0.262500,0.000000e+00
0.537500,0.262500,0.000000e+00
0.550000,0.262500,0.000000e+00
0.562500,0.262500,0.000000e+00
0.575000,0.262500,0.000000e+00
0.587500,0.262500,0.000000e+00
0.600000,0.262500,0.000000e+00
0.612500,0.262500,0.000000e+00
0.625000,0.262500,0.000000e+00
0.637500,0.262500,0.000000e+00
0.650000,0.262500,0.000000e+00
0.662500,0.262500,0.000000e+00
0.675000,0.262500,0.000000e+00
0.687500,0.262500,0.000000e+00
0.700000,0.262500,0.000000e+00
0.712500,0.262500,0.000000e+00
0.725000,0.262500,0.000000e+00
0.737500,0.262500,0.000000e+00
0.750000,0.262500,0.000000e+00
0.762500,0.262500,0.000000e+00
0.775000,0.262500,0.000000e+00
0.787500,0.262500,0.000000e+00
0.800000,0.262500,0.000000e+00
0.812500,0.262500,0.000000e+00
0.825000,0.262500,0.000000e+00
0.837500,0.262500,0.000000e+00
0.850000,0.262500,0.000000e+00
0.862500,0.262500,0.000000e+00
0.875000,0.262500,0.000000e+00
0.887500,0.262500,0.000000e+00
0.900000,0.262500,0.000000e+00
0.912500,0.262500,0.000000e+00
0.925000,0.262500,0.000000e+00
0.937500,0.262500,0.000000e+00
0.950000,0.262500,0.000000e+00
0.962500,0.262500,0.000000e+00
0.975000,0.262500,0.000000e+00
0.987500,0.262500,0.000000e+00
1.000000,0.262500,0.000000e+00
0.000000,0.275000,0.000000e+00
0.012500,0.275000,2.964468e-03
0.025000,0.275000,5.752219e-03
0.037500,0.275000,8.368837e-03
0.050000,0.275000,1.081991e-02
0.062500,0.275000,1.311102e-02
0.075000,0.275000,1.524680e-02
0.087500,0.275000,1.722908e-02
0.100000,0.275000,1.905914e-02
0.112500,0.275000,2.073824e-02
0.125000,0.275000,2.226769e-02
0.137500,0.275000,2.364875e-02
0.150000,0.275000,2.488271e-02
0.162500,0.275000,2.597086e-02
0.175000,0.275000,2.691446e-02
0.187500,0.275000,2.771482e-02
0.200000,0.275000,2.837319e-02
0.212500,0.275000,2.889088e-02
0.225000,0.275000,2.926915e-02
0.237500,0.275000,2.950928e-02
0.250000,0.275000,2.961152e-02
0.262500,0.275000,2.957426e-02
0.275000,0.275000,2.939574e-02
0.287500,0.275000,2.907417e-02
0.300000,0.275000,2.860778e-02
0.312500,0.275000,2.799478e-02
0.325000,0.275000,2.723341e-02
0.337500,0.275000,2.632188e-02
0.350000,0.275000,2.525842e-02
0.362500,0.275000,2.404124e-02
0.375000,0.275000,2.266858e-02
0.387500,0.275000,2.113864e-02
0.400000,0.275000,1.944966e-02
0.412500,0.275000,1.759986e-02
0.425000,0.275000,1.558751e-02
0.437500,0.275000,1.341095e-02
0.450000,0.275000,1.106850e-02
0.462500,0.275000,8.558486e-03
0.475000,0.275000,5.879243e-03
0.487500,0.275000,3.028052e-03
0.500000,0.275000,0.000000e+00
0.512500,0.275000,0.000000e+00
0.525000,0.275000,0.000000e+00
0.537500,0.275000,0.000000e+00
0.550000,0.275000,0.000000e+00
0.562500,0.275000,0.000000e+00
0.575000,0.275000,0.000000e+00
0.587500,0.275000,0.000000e+00
0.600000,0.275000,0.000000e+00
0.612500,0.275000,0.000000e+00
0.625000,0.275000,0.000000e+00
0.637500,0.275000,0.000000e+00
0.650000,0.275000,0.000000e+00
0.662500,0.275000,0.000000e+00
0.675000,0.275000,0.000000e+00
0.687500,0.275000,0.000000e+00
0.700000,0.275000,0.000000e+00
0.712500,0.275000,0.000000e+00
0.725000,0.275000,0.000000e+00
0.737500,0.275000,0.000000e+00
0.750000,0.275000,0.000000e+00
0.762500,0.275000,0.000000e+00
0.775000,0.275000,0.000000e+00
0.787500,0.275000,0.000000e+00
0.800000,0.275000,0.000000e+00
0.812500,0.275000,0.000000e+00
0.825000,0.275000,0.000000e+00
0.837500,0.275000,0.000000e+00
0.850000,0.275000,0.000000e+00
0.862500,0.275000,0.000000e+00
0.875000,0.275000,0.000000e+00
0.887500,0.275000,0.000000e+00
0.900000,0.275000,0.000000e+00
0.912500,0.275000,0.000000e+00
0.925000,0.275000,0.000000e+00
0.937500,0.275000,0.000000e+00
0.950000,0.275000,0.000000e+00
0.962500,0.275000,0.000000e+00
0.975000,0.275000,0.000000e+00
0.987500,0.275000,0.000000e+00
1.000000,0.275000,0.000000e+00
0.000000,0.287500,0.000000e+00
0.012500,0.287500,3.006321e-03
0.025000,0.287500,5.835505e-03
0.037500,0.287500,8.492953e-03
0.050000,0.287500,1.098406e-02
0.062500,0.287500,1.331423e-02
0.075000,0.287500,1.548793e-02
0.087500,0.287500,1.750682e-02
0.100000,0.287500,1.937202e-02
0.112500,0.287500,2.108468e-02
0.125000,0.287500,2.264593e-02
0.137500,0.287500,2.405689e-02
0.150000,0.287500,2.531870e-02
0.162500,0.287500,2.643251e-02
0.175000,0.287500,2.739943e-02
0.187500,0.287500,2.822060e-02
0.200000,0.287500,2.889716e-02
0.212500,0.287500,2.943023e-02
0.225000,0.287500,2.982096e-02
0.237500,0.287500,3.007046e-02
0.250000,0.287500,3.017887e-02
0.262500,0.287500,3.014454e-02
0.275000,0.287500,2.996565e-02
0.287500,0.287500,2.964039e-02
0.300000,0.287500,2.916694e-02
0.312500,0.287500,2.854347e-02
0.325000,0.287500,2.776817e-02
0.337500,0.287500,2.683922e-02
0.350000,0.287500,2.575479e-02
0.362500,0.287500,2.451307e-02
0.375000,0.287500,2.311224e-02
0.387500,0.287500,2.155048e-02
0.400000,0.287500,1.982596e-02
0.412500,0.287500,1.793690e-02
0.425000,0.287500,1.588192e-02
0.437500,0.287500,1.366008e-02
0.450000,0.287500,1.127042e-02
0.462500,0.287500,8.711988e-03
0.475000,0.287500,5.983831e-03
0.487500,0.287500,3.082366e-03
0.500000,0.287500,0.000000e+00
0.512500,0.287500,0.000000e+00
0.525000,0.287500,0.000000e+00
0.537500,0.287500,0.000000e+00
0.550000,0.287500,0.000000e+00
0.562500,0.287500,0.000000e+00
0.575000,0.287500,0.000000e+00
0.587500,0.287500,0.000000e+00
0.600000,0.287500,0.000000e+00
0.612500,0.287500,0.000000e+00
0.625000,0.287500,0.000000e+00
0.637500,0.287500,0.000000e+00
0.650000,0.287500,0.000000e+00
0.662500,0.287500,0.000000e+00
0.675000,0.287500,0.000000e+00
0.687500,0.287500,0.000000e+00
0.700000,0.287500,0.000000e+00
0.712500,0.287500,0.000000e+00
0.725000,0.287500,0.000000e+00
0.737500,0.287500,0.000000e+00
0.750000,0.287500,0.000000e+00
0.762500,0.287500,0.000000e+00
0.775000,0.287500,0.000000e+00
0.787500,0.287500,0.000000e+00
0.800000,0.287500,0.000000e+00
0.812500,0.287500,0.000000e+00
0.825000,0.287500,0.000000e+00
0.837500,0.287500,0.000000e+00
0.850000,0.287500,0.000000e+00
0.862500,0.287500,0.000000e+00
0.875000,0.287500,0.000000e+00
0.887500,0.287500,0.000000e+00
0.900000,0.287500,0.000000e+00
0.912500,0.287500,0.000000e+00
0.925000,0.287500,0.000000e+00
0.937500,0.287500,0.000000e+00
0.950000,0.287500,0.000000e+00
0.962500,0.287500,0.000000e+00
0.975000,0.287500,0.000000e+00
0.987500,0.287500,0.000000e+00
1.000000,0.287500,0.000000e+00
0.000000,0.300000,0.000000e+00
0.012500,0.300000,3.045448e-03
0.025000,0.300000,5.913349e-03
0.037500,0.300000,8.608932e-03
0.050000,0.300000,1.113743e-02
0.062500,0.300000,1.350408e-02
0.075000,0.300000,1.571318e-02
0.087500,0.300000,1.776625e-02
0.100000,0.300000,1.966432e-02
0.112500,0.300000,2.140837e-02
0.125000,0.300000,2.299942e-02
0.137500,0.300000,2.443848e-02
0.150000,0.300000,2.572654e-02
0.162500,0.300000,2.686461e-02
0.175000,0.300000,2.785371e-02
0.187500,0.300000,2.869483e-02
0.200000,0.300000,2.938898e-02
0.212500,0.300000,2.993716e-02
0.225000,0.300000,3.034039e-02
0.237500,0.300000,3.059966e-02
0.250000,0.300000,3.071498e-02
0.262500,0.300000,3.068464e-02
0.275000,0.300000,3.050674e-02
0.287500,0.300000,3.017938e-02
0.300000,0.300000,2.970067e-02
0.312500,0.300000,2.906871e-02
0.325000,0.300000,2.828160e-02
0.337500,0.300000,2.733745e-02
0.350000,0.300000,2.623436e-02
0.362500,0.300000,2.497044e-02
0.375000,0.300000,2.354377e-02
0.387500,0.300000,2.195248e-02
0.400000,0.300000,2.019466e-02
0.412500,0.300000,1.826845e-02
0.425000,0.300000,1.617280e-02
0.437500,0.300000,1.390733e-02
0.450000,0.300000,1.147171e-02
0.462500,0.300000,8.865602e-03
0.475000,0.300000,6.088673e-03
0.487500,0.300000,3.136644e-03
0.500000,0.300000,0.000000e+00
0.512500,0.300000,0.000000e+00
0.525000,0.300000,0.000000e+00
0.537500,0.300000,0.000000e+00
0.550000,0.300000,0.000000e+00
0.562500,0.300000,0.000000e+00
0.575000,0.300000,0.000000e+00
0.587500,0.300000,0.000000e+00
0.600000,0.300000,0.000000e+00
0.612500,0.300000,0.000000e+00
0.625000,0.300000,0.000000e+00
0.637500,0.300000,0.000000e+00
0.650000,0.300000,0.000000e+00
0.662500,0.300000,0.000000e+00
0.675000,0.300000,0.000000e+00
0.687500,0.300000,0.000000e+00
0.700000,0.300000,0.000000e+00
0.712500,0.300000,0.000000e+00
0.725000,0.300000,0.000000e+00
0.737500,0.300000,0.000000e+00
0.750000,0.300000,0.000000e+00
0.762500,0.300000,0.000000e+00
0.775000,0.300000,0.000000e+00
0.787500,0.300000,0.000000e+00
0.800000,0.300000,0.000000e+00
0.812500,0.300000,0.000000e+00
0.825000,0.300000,0.000000e+00
0.837500,0.300000,0.000000e+00
0.850000,0.300000,0.000000e+00
0.862500,0.300000,0.000000e+00
0.875000,0.300000,0.000000e+00
0.887500,0.300000,0.000000e+00
0.900000,0.300000,0.000000e+00
0.912500,0.300000,0.000000e+00
0.925000,0.300000,0.000000e+00
0.937500,0.300000,0.000000e+00
0.950000,0.300000,0.000000e+00
0.962500,0.300000,0.000000e+00
0.975000,0.300000,0.000000e+00
0.987500,0.300000,0.000000e+00
1.000000,0.300000,0.000000e+00
0.000000,0.312500,0.000000e+00
0.012500,0.312500,3.081831e-03
0.025000,0.312500,5.985762e-03
0.037500,0.312500,8.716860e-03
0.050000,0.312500,1.128019e-02
0.062500,0.312500,1.368082e-02
0.075000,0.312500,1.592291e-02
0.087500,0.312500,1.800786e-02
0.100000,0.312500,1.993659e-02
0.112500,0.312500,2.170998e-02
0.125000,0.312500,2.332894e-02
0.137500,0.312500,2.479436e-02
0.150000,0.312500,2.610716e-02
0.162500,0.312500,2.726823e-02
0.175000,0.312500,2.827846e-02
0.187500,0.312500,2.913877e-02
0.200000,0.312500,2.985005e-02
0.212500,0.312500,3.041319e-02
0.225000,0.312500,3.082911e-02
0.237500,0.312500,3.109869e-02
0.250000,0.312500,3.122183e-02
0.262500,0.312500,3.119672e-02
0.275000,0.312500,3.102132e-02
0.287500,0.312500,3.069364e-02
0.300000,0.312500,3.021165e-02
0.312500,0.312500,2.957334e-02
0.325000,0.312500,2.877671e-02
0.337500,0.312500,2.781973e-02
0.350000,0.312500,2.670039e-02
0.362500,0.312500,2.541669e-02
0.375000,0.312500,2.396660e-02
0.387500,0.312500,2.234812e-02
0.400000,0.312500,2.055923e-02
0.412500,0.312500,1.859797e-02
0.425000,0.312500,1.646347e-02
0.437500,0.312500,1.415582e-02
0.450000,0.312500,1.167514e-02
0.462500,0.312500,9.021559e-03
0.475000,0.312500,6.195194e-03
0.487500,0.312500,3.191420e-03
0.500000,0.312500,0.000000e+00
0.512500,0.312500,0.000000e+00
0.525000,0.312500,0.000000e+00
0.537500,0.312500,0.000000e+00
0.550000,0.312500,0.000000e+00
0.562500,0.312500,0.000000e+00
0.575000,0.312500,0.000000e+00
0.587500,0.312500,0.000000e+00
0.600000,0.312500,0.000000e+00
0.612500,0.312500,0.000000e+00
0.625000,0.312500,0.000000e+00
0.637500,0.312500,0.000000e+00
0.650000,0.312500,0.000000e+00
0.662500,0.312500,0.000000e+00
0.675000,0.312500,0.000000e+00
0.687500,0.312500,0.000000e+00
0.700000,0.312500,0.000000e+00
0.712500,0.312500,0.000000e+00
0.725000,0.312500,0.000000e+00
0.737500,0.312500,0.000000e+00
0.750000,0.312500,0.000000e+00
0.762500,0.312500,0.000000e+00
0.775000,0.312500,0.000000e+00
0.787500,0.312500,0.000000e+00
0.800000,0.312500,0.000000e+00
0.812500,0.312500,0.000000e+00
0.825000,0.312500,0.000000e+00
0.837500,0.312500,0.000000e+00
0.850000,0.312500,0.000000e+00
0.862500,0.312500,0.000000e+00
0.875000,0.312500,0.000000e+00
0.887500,0.312500,0.000000e+00
0.900000,0.312500,0.000000e+00
0.912500,0.312500,0.000000e+00
0.925000,0.312500,0.000000e+00
0.937500,0.312500,0.000000e+00
0.950000,0.312500,0.000000e+00
0.962500,0.312500,0.000000e+00
0.975000,0.312500,0.000000e+00
0.987500,0.312500,0.000000e+00
1.000000,0.312500,0.000000e+00
0.000000,0.325000,0.000000e+00
0.012500,0.325000,3.115448e-03
0.025000,0.325000,6.052758e-03
0.037500,0.325000,8.816819e-03
0.050000,0.325000,1.141252e-02
0.062500,0.325000,1.384475e-02
0.075000,0.325000,1.611751e-02
0.087500,0.325000,1.823212e-02
0.100000,0.325000,2.018940e-02
0.112500,0.325000,2.199016e-02
0.125000,0.325000,2.363522e-02
0.137500,0.325000,2.512540e-02
0.150000,0.325000,2.646153e-02
0.162500,0.325000,2.764440e-02
0.175000,0.325000,2.867486e-02
0.187500,0.325000,2.955370e-02
0.200000,0.325000,3.028176e-02
0.212500,0.325000,3.085985e-02
0.225000,0.325000,3.128878e-02
0.237500,0.325000,3.156937e-02
0.250000,0.325000,3.170142e-02
0.262500,0.325000,3.168293e-02
0.275000,0.325000,3.151173e-02
0.287500,0.325000,3.118566e-02
0.300000,0.325000,3.070254e-02
0.312500,0.325000,3.006020e-02
0.325000,0.325000,2.925647e-02
0.337500,0.325000,2.828917e-02
0.350000,0.325000,2.715613e-02
0.362500,0.325000,2.585518e-02
0.375000,0.325000,2.438415e-02
0.387500,0.325000,2.274086e-02
0.400000,0.325000,2.092315e-02
0.412500,0.325000,1.892890e-02
0.425000,0.325000,1.675731e-02
0.437500,0.325000,1.440872e-02
0.450000,0.325000,1.188352e-02
0.462500,0.325000,9.182087e-03
0.475000,0.325000,6.304814e-03
0.487500,0.325000,3.247227e-03
0.500000,0.325000,0.000000e+00
0.512500,0.325000,0.000000e+00
0.525000,0.325000,0.000000e+00
0.537500,0.325000,0.000000e+00
0.550000,0.325000,0.000000e+00
0.562500,0.325000,0.000000e+00
0.575000,0.325000,0.000000e+00
0.587500,0.325000,0.000000e+00
0.600000,0.325000,0.000000e+00
0.612500,0.325000,0.000000e+00
0.625000,0.325000,0.000000e+00
0.637500,0.325000,0.000000e+00
0.650000,0.325000,0.000000e+00
0.662500,0.325000,0.000000e+00
0.675000,0.325000,0.000000e+00
0.687500,0.325000,0.000000e+00
0.700000,0.325000,0.000000e+00
0.712500,0.325000,0.000000e+00
0.725000,0.325000,0.000000e+00
0.737500,0.325000,0.000000e+00
0.750000,0.325000,0.000000e+00
0.762500,0.325000,0.000000e+00
0.775000,0.325000,0.000000e+00
0.787500,0.325000,0.000000e+00
0.800000,0.325000,0.000000e+00
0.812500,0.325000,0.000000e+00
0.825000,0.325000,0.000000e+00
0.837500,0.325000,0.000000e+00
0.850000,0.325000,0.000000e+00
0.862500,0.325000,0.000000e+00
0.875000,0.325000,0.000000e+00
0.887500,0.325000,0.000000e+00
0.900000,0.325000,0.000000e+00
0.912500,0.325000,0.000000e+00
0.925000,0.325000,0.000000e+00
0.937500,0.325000,0.000000e+00
0.950000,0.325000,0.000000e+00
0.962500,0.325000,0.000000e+00
0.975000,0.325000,0.000000e+00
0.987500,0.325000,0.000000e+00
1.000000,0.325000,0.000000e+00
0.000000,0.337500,0.000000e+00
0.012500,0.337500,3.146282e-03
0.025000,0.337500,6.114352e-03
0.037500,0.337500,8.908894e-03
0.050000,0.337500,1.153460e-02
0.062500,0.337500,1.399615e-02
0.075000,0.337500,1.629737e-02
0.087500,0.337500,1.843951e-02
0.100000,0.337500,2.042333e-02
0.112500,0.337500,2.224958e-02
0.125000,0.337500,2.391904e-02
0.137500,0.337500,2.543245e-02
0.150000,0.337500,2.679058e-02
0.162500,0.337500,2.799420e-02
0.175000,0.337500,2.904405e-02
0.187500,0.337500,2.994090e-02
0.200000,0.337500,3.068552e-02
0.212500,0.337500,3.127866e-02
0.225000,0.337500,3.172108e-02
0.237500,0.337500,3.201353e-02
0.250000,0.337500,3.215571e-02
0.262500,0.337500,3.214543e-02
0.275000,0.337500,3.198031e-02
0.287500,0.337500,3.165797e-02
0.300000,0.337500,3.117604e-02
0.312500,0.337500,3.053214e-02
0.325000,0.337500,2.972388e-02
0.337500,0.337500,2.874891e-02
0.350000,0.337500,2.760482e-02
0.362500,0.337500,2.628926e-02
0.375000,0.337500,2.479983e-02
0.387500,0.337500,2.313417e-02
0.400000,0.337500,2.128989e-02
0.412500,0.337500,1.926468e-02
0.425000,0.337500,1.705766e-02
0.437500,0.337500,1.466917e-02
0.450000,0.337500,1.209962e-02
0.462500,0.337500,9.349417e-03
0.475000,0.337500,6.418956e-03
0.487500,0.337500,3.304598e-03
0.500000,0.337500,0.000000e+00
0.512500,0.337500,0.000000e+00
0.525000,0.337500,0.000000e+00
0.537500,0.337500,0.000000e+00
0.550000,0.337500,0.000000e+00
0.562500,0.337500,0.000000e+00
0.575000,0.337500,0.000000e+00
0.587500,0.337500,0.000000e+00
0.600000,0.337500,0.000000e+00
0.612500,0.337500,0.000000e+00
0.625000,0.337500,0.000000e+00
0.637500,0.337500,0.000000e+00
0.650000,0.337500,0.000000e+00
0.662500,0.337500,0.000000e+00
0.675000,0.337500,0.000000e+00
0.687500,0.337500,0.000000e+00
0.700000,0.337500,0.000000e+00
0.712500,0.337500,0.000000e+00
0.725000,0.337500,0.000000e+00
0.737500,0.337500,0.000000e+00
0.750000,0.337500,0.000000e+00
0.762500,0.337500,0.000000e+00
0.775000,0.337500,0.000000e+00
0.787500,0.337500,0.000000e+00
0.800000,0.337500,0.000000e+00
0.812500,0.337500,0.000000e+00
0.825000,0.337500,0.000000e+00
0.837500,0.337500,0.000000e+00
0.850000,0.337500,0.000000e+00
0.862500,0.337500,0.000000e+00
0.875000,0.337500,0.000000e+00
0.887500,0.337500,0.000000e+00
0.900000,0.337500,0.000000e+00
0.912500,0.337500,0.000000e+00
0.925000,0.337500,0.000000e+00
0.937500,0.337500,0.000000e+00
0.950000,0.337500,0.000000e+00
0.962500,0.337500,0.000000e+00
0.975000,0.337500,0.000000e+00
0.987500,0.337500,0.000000e+00
1.000000,0.337500,0.000000e+00
0.000000,0.350000,0.000000e+00
0.012500,0.350000,3.174313e-03
0.025000,0.350000,6.170555e-03
0.037500,0.350000,8.993170e-03
0.050000,0.350000,1.164660e-02
0.062500,0.350000,1.413528e-02
0.075000,0.350000,1.646285e-02
0.087500,0.350000,1.863050e-02
0.100000,0.350000,2.063894e-02
0.112500,0.350000,2.248891e-02
0.125000,0.350000,2.418114e-02
0.137500,0.350000,2.571635e-02
0.150000,0.350000,2.709528e-02
0.162500,0.350000,2.831865e-02
0.175000,0.350000,2.938720e-02
0.187500,0.350000,3.030164e-02
0.200000,0.350000,3.106271e-02
0.212500,0.350000,3.167115e-02
0.225000,0.350000,3.212767e-02
0.237500,0.350000,3.243299e-02
0.250000,0.350000,3.258670e-02
0.262500,0.350000,3.258637e-02
0.275000,0.350000,3.242936e-02
0.287500,0.350000,3.211305e-02
0.300000,0.350000,3.163480e-02
0.312500,0.350000,3.099198e-02
0.325000,0.350000,3.018195e-02
0.337500,0.350000,2.920208e-02
0.350000,0.350000,2.804973e-02
0.362500,0.350000,2.672228e-02
0.375000,0.350000,2.521708e-02
0.387500,0.350000,2.353150e-02
0.400000,0.350000,2.166292e-02
0.412500,0.350000,1.960876e-02
0.425000,0.350000,1.736787e-02
0.437500,0.350000,1.494032e-02
0.450000,0.350000,1.232625e-02
0.462500,0.350000,9.525778e-03
0.475000,0.350000,6.539043e-03
0.487500,0.350000,3.364066e-03
0.500000,0.350000,0.000000e+00
0.512500,0.350000,0.000000e+00
0.525000,0.350000,0.000000e+00
0.537500,0.350000,0.000000e+00
0.550000,0.350000,0.000000e+00
0.562500,0.350000,0.000000e+00
0.575000,0.350000,0.000000e+00
0.587500,0.350000,0.000000e+00
0.600000,0.350000,0.000000e+00
0.612500,0.350000,0.000000e+00
0.625000,0.350000,0.000000e+00
0.637500,0.350000,0.000000e+00
0.650000,0.350000,0.000000e+00
0.662500,0.350000,0.000000e+00
0.675000,0.350000,0.000000e+00
0.687500,0.350000,0.000000e+00
0.700000,0.350000,0.000000e+00
0.712500,0.350000,0.000000e+00
0.725000,0.350000,0.000000e+00
0.737500,0.350000,0.000000e+00
0.750000,0.350000,0.000000e+00
0.762500,0.350000,0.000000e+00
0.775000,0.350000,0.000000e+00
0.787500,0.350000,0.000000e+00
0.800000,0.350000,0.000000e+00
0.812500,0.350000,0.000000e+00
0.825000,0.350000,0.000000e+00
0.837500,0.350000,0.000000e+00
0.850000,0.350000,0.000000e+00
0.862500,0.350000,0.000000e+00
0.875000,0.350000,0.000000e+00
0.887500,0.350000,0.000000e+00
0.900000,0.350000,0.000000e+00
0.912500,0.350000,0.000000e+00
0.925000,0.350000,0.000000e+00
0.937500,0.350000,0.000000e+00
0.950000,0.350000,0.000000e+00
0.962500,0.350000,0.000000e+00
0.975000,0.350000,0.000000e+00
0.987500,0.350000,0.000000e+00
1.000000,0.350000,0.000000e+00
0.000000,0.362500,0.000000e+00
0.012500,0.362500,3.199521e-03
0.025000,0.362500,6.221383e-03
0.037500,0.362500,9.069729e-03
0.050000,0.362500,1.174870e-02
0.062500,0.362500,1.426244e-02
0.075000,0.362500,1.661435e-02
0.087500,0.362500,1.880556e-02
0.100000,0.362500,2.083680e-02
0.112500,0.362500,2.270880e-02
0.125000,0.362500,2.442228e-02
0.137500,0.362500,2.597796e-02
0.150000,0.362500,2.737657e-02
0.162500,0.362500,2.861882e-02
0.175000,0.362500,2.970546e-02
0.187500,0.362500,3.063719e-02
0.200000,0.362500,3.141474e-02
0.212500,0.362500,3.203884e-02
0.225000,0.362500,3.251021e-02
0.237500,0.362500,3.282955e-02
0.250000,0.362500,3.299636e-02
0.262500,0.362500,3.300790e-02
0.275000,0.362500,3.286124e-02
0.287500,0.362500,3.255342e-02
0.300000,0.362500,3.208152e-02
0.312500,0.362500,3.144258e-02
0.325000,0.362500,3.063366e-02
0.337500,0.362500,2.965182e-02
0.350000,0.362500,2.849411e-02
0.362500,0.362500,2.715759e-02
0.375000,0.362500,2.563931e-02
0.387500,0.362500,2.393634e-02
0.400000,0.362500,2.204572e-02
0.412500,0.362500,1.996459e-02
0.425000,0.362500,1.769129e-02
0.437500,0.362500,1.522532e-02
0.450000,0.362500,1.256618e-02
0.462500,0.362500,9.713400e-03
0.475000,0.362500,6.666495e-03
0.487500,0.362500,3.426164e-03
0.500000,0.362500,0.000000e+00
0.512500,0.362500,0.000000e+00
0.525000,0.362500,0.000000e+00
0.537500,0.362500,0.000000e+00
0.550000,0.362500,0.000000e+00
0.562500,0.362500,0.000000e+00
0.575000,0.362500,0.000000e+00
0.587500,0.362500,0.000000e+00
0.600000,0.362500,0.000000e+00
0.612500,0.362500,0.000000e+00
0.625000,0.362500,0.000000e+00
0.637500,0.362500,0.000000e+00
0.650000,0.362500,0.000000e+00
0.662500,0.362500,0.000000e+00
0.675000,0.362500,0.000000e+00
0.687500,0.362500,0.000000e+00
0.700000,0.362500,0.000000e+00
0.712500,0.362500,0.000000e+00
0.725000,0.362500,0.000000e+00
0.737500,0.362500,0.000000e+00
0.750000,0.362500,0.000000e+00
0.762500,0.362500,0.000000e+00
0.775000,0.362500,0.000000e+00
0.787500,0.362500,0.000000e+00
0.800000,0.362500,0.000000e+00
0.812500,0.362500,0.000000e+00
0.825000,0.362500,0.000000e+00
0.837500,0.362500,0.000000e+00
0.850000,0.362500,0.000000e+00
0.862500,0.362500,0.000000e+00
0.875000,0.362500,0.000000e+00
0.887500,0.362500,0.000000e+00
0.900000,0.362500,0.000000e+00
0.912500,0.362500,0.000000e+00
0.925000,0.362500,0.000000e+00
0.937500,0.362500,0.000000e+00
0.950000,0.362500,0.000000e+00
0.962500,0.362500,0.000000e+00
0.975000,0.362500,0.000000e+00
0.987500,0.362500,0.000000e+00
1.000000,0.362500,0.000000e+00
0.000000,0.375000,0.000000e+00
0.012500,0.375000,3.221886e-03
0.025000,0.375000,6.266848e-03
0.037500,0.375000,9.138657e-03
0.050000,0.375000,1.184109e-02
0.062500,0.375000,1.437791e-02
0.075000,0.375000,1.675223e-02
0.087500,0.375000,1.896518e-02
0.100000,0.375000,2.101749e-02
0.112500,0.375000,2.290992e-02
0.125000,0.375000,2.464322e-02
0.137500,0.375000,2.621813e-02
0.150000,0.375000,2.763539e-02
0.162500,0.375000,2.889577e-02
0.175000,0.375000,2.999999e-02
0.187500,0.375000,3.094882e-02
0.200000,0.375000,3.174299e-02
0.212500,0.375000,3.238326e-02
0.225000,0.375000,3.287037e-02
0.237500,0.375000,3.320505e-02
0.250000,0.375000,3.338668e-02
0.262500,0.375000,3.341218e-02
0.275000,0.375000,3.327825e-02
0.287500,0.375000,3.298158e-02
0.300000,0.375000,3.251886e-02
0.312500,0.375000,3.188677e-02
0.325000,0.375000,3.108201e-02
0.337500,0.375000,3.010125e-02
0.350000,0.375000,2.894120e-02
0.362500,0.375000,2.759854e-02
0.375000,0.375000,2.606995e-02
0.387500,0.375000,2.435213e-02
0.400000,0.375000,2.244177e-02
0.412500,0.375000,2.033560e-02
0.425000,0.375000,1.803128e-02
0.437500,0.375000,1.552731e-02
0.450000,0.375000,1.282221e-02
0.462500,0.375000,9.914512e-03
0.475000,0.375000,6.802737e-03
0.487500,0.375000,3.491424e-03
0.500000,0.375000,0.000000e+00
0.512500,0.375000,0.000000e+00
0.525000,0.375000,0.000000e+00
0.537500,0.375000,0.000000e+00
0.550000,0.375000,0.000000e+00
0.562500,0.375000,0.000000e+00
0.575000,0.375000,0.000000e+00
0.587500,0.375000,0.000000e+00
0.600000,0.375000,0.000000e+00
0.612500,0.375000,0.000000e+00
0.625000,0.375000,0.000000e+00
0.637500,0.375000,0.000000e+00
0.650000,0.375000,0.000000e+00
0.662500,0.375000,0.000000e+00
0.675000,0.375000,0.000000e+00
0.687500,0.375000,0.000000e+00
0.700000,0.375000,0.000000e+00
0.712500,0.375000,0.000000e+00
0.725000,0.375000,0.000000e+00
0.737500,0.375000,0.000000e+00
0.750000,0.375000,0.000000e+00
0.762500,0.375000,0.000000e+00
0.775000,0.375000,0.000000e+00
0.787500,0.375000,0.000000e+00
0.800000,0.375000,0.000000e+00
0.812500,0.375000,0.000000e+00
0.825000,0.375000,0.000000e+00
0.837500,0.375000,0.000000e+00
0.850000,0.375000,0.000000e+00
0.862500,0.375000,0.000000e+00
0.875000,0.375000,0.000000e+00
0.887500,0.375000,0.000000e+00
0.900000,0.375000,0.000000e+00
0.912500,0.375000,0.000000e+00
0.925000,0.375000,0.000000e+00
0.937500,0.375000,0.000000e+00
0.950000,0.375000,0.000000e+00
0.962500,0.375000,0.000000e+00
0.975000,0.375000,0.000000e+00
0.987500,0.375000,0.000000e+00
1.000000,0.375000,0.000000e+00
0.000000,0.387500,0.000000e+00
0.012500,0.387500,3.241390e-03
0.025000,0.387500,6.306963e-03
0.037500,0.387500,9.200037e-03
0.050000,0.387500,1.192393e-02
0.062500,0.387500,1.448195e-02
0.075000,0.387500,1.687688e-02
0.087500,0.387500,1.910982e-02
0.100000,0.387500,2.118158e-02
0.112500,0.387500,2.309294e-02
0.125000,0.387500,2.484472e-02
0.137500,0.387500,2.643771e-02
0.150000,0.387500,2.787271e-02
0.162500,0.387500,2.915053e-02
0.175000,0.387500,3.027196e-02
0.187500,0.387500,3.123780e-02
0.200000,0.387500,3.204886e-02
0.212500,0.387500,3.270593e-02
0.225000,0.387500,3.320982e-02
0.237500,0.387500,3.356130e-02
0.250000,0.387500,3.375964e-02
0.262500,0.387500,3.380137e-02
0.275000,0.387500,3.368275e-02
0.287500,0.387500,3.340004e-02
0.300000,0.387500,3.294950e-02
0.312500,0.387500,3.232740e-02
0.325000,0.387500,3.152998e-02
0.337500,0.387500,3.055352e-02
0.350000,0.387500,2.939426e-02
0.362500,0.387500,2.804848e-02
0.375000,0.387500,2.651242e-02
0.387500,0.387500,2.478235e-02
0.400000,0.387500,2.285453e-02
0.412500,0.387500,2.072524e-02
0.425000,0.387500,1.839119e-02
0.437500,0.387500,1.584945e-02
0.450000,0.387500,1.309714e-02
0.462500,0.387500,1.013134e-02
0.475000,0.387500,6.949190e-03
0.487500,0.387500,3.560379e-03
0.500000,0.387500,0.000000e+00
0.512500,0.387500,0.000000e+00
0.525000,0.387500,0.000000e+00
0.537500,0.387500,0.000000e+00
0.550000,0.387500,0.000000e+00
0.562500,0.387500,0.000000e+00
0.575000,0.387500,0.000000e+00
0.587500,0.387500,0.000000e+00
0.600000,0.387500,0.000000e+00
0.612500,0.387500,0.000000e+00
0.625000,0.387500,0.000000e+00
0.637500,0.387500,0.000000e+00
0.650000,0.387500,0.000000e+00
0.662500,0.387500,0.000000e+00
0.675000,0.387500,0.000000e+00
0.687500,0.387500,0.000000e+00
0.700000,0.387500,0.000000e+00
0.712500,0.387500,0.000000e+00
0.725000,0.387500,0.000000e+00
0.737500,0.387500,0.000000e+00
0.750000,0.387500,0.000000e+00
0.762500,0.387500,0.000000e+00
0.775000,0.387500,0.000000e+00
0.787500,0.387500,0.000000e+00
0.800000,0.387500,0.000000e+00
0.812500,0.387500,0.000000e+00
0.825000,0.387500,0.000000e+00
0.837500,0.387500,0.000000e+00
0.850000,0.387500,0.000000e+00
0.862500,0.387500,0.000000e+00
0.875000,0.387500,0.000000e+00
0.887500,0.387500,0.000000e+00
0.900000,0.387500,0.000000e+00
0.912500,0.387500,0.000000e+00
0.925000,0.387500,0.000000e+00
0.937500,0.387500,0.000000e+00
0.950000,0.387500,0.000000e+00
0.962500,0.387500,0.000000e+00
0.975000,0.387500,0.000000e+00
0.987500,0.387500,0.000000e+00
1.000000,0.387500,0.000000e+00
0.000000,0.400000,0.000000e+00
0.012500,0.400000,3.258018e-03
0.025000,0.400000,6.341746e-03
0.037500,0.400000,9.253951e-03
0.050000,0.400000,1.199740e-02
0.062500,0.400000,1.457485e-02
0.075000,0.400000,1.698866e-02
0.087500,0.400000,1.923995e-02
0.100000,0.400000,2.132960e-02
0.112500,0.400000,2.325849e-02
0.125000,0.400000,2.502751e-02
0.137500,0.400000,2.663753e-02
0.150000,0.400000,2.808945e-02
0.162500,0.400000,2.938414e-02
0.175000,0.400000,3.052250e-02
0.187500,0.400000,3.150540e-02
0.200000,0.400000,3.233372e-02
0.212500,0.400000,3.300836e-02
0.225000,0.400000,3.353019e-02
0.237500,0.400000,3.390008e-02
0.250000,0.400000,3.411717e-02
0.262500,0.400000,3.417754e-02
0.275000,0.400000,3.407696e-02
0.287500,0.400000,3.381120e-02
0.300000,0.400000,3.337603e-02
0.312500,0.400000,3.276720e-02
0.325000,0.400000,3.198050e-02
0.337500,0.400000,3.101167e-02
0.350000,0.400000,2.985650e-02
0.362500,0.400000,2.851075e-02
0.375000,0.400000,2.697019e-02
0.387500,0.400000,2.523057e-02
0.400000,0.400000,2.328768e-02
0.412500,0.400000,2.113726e-02
0.425000,0.400000,1.877476e-02
0.437500,0.400000,1.619539e-02
0.450000,0.400000,1.339431e-02
0.462500,0.400000,1.036673e-02
0.475000,0.400000,7.107855e-03
0.487500,0.400000,3.633977e-03
0.500000,0.400000,0.000000e+00
0.512500,0.400000,0.000000e+00
0.525000,0.400000,0.000000e+00
0.537500,0.400000,0.000000e+00
0.550000,0.400000,0.000000e+00
0.562500,0.400000,0.000000e+00
0.575000,0.400000,0.000000e+00
0.587500,0.400000,0.000000e+00
0.600000,0.400000,0.000000e+00
0.612500,0.400000,0.000000e+00
0.625000,0.400000,0.000000e+00
0.637500,0.400000,0.000000e+00
0.650000,0.400000,0.000000e+00
0.662500,0.400000,0.000000e+00
0.675000,0.400000,0.000000e+00
0.687500,0.400000,0.000000e+00
0.700000,0.400000,0.000000e+00
0.712500,0.400000,0.000000e+00
0.725000,0.400000,0.000000e+00
0.737500,0.400000,0.000000e+00
0.750000,0.400000,0.000000e+00
0.762500,0.400000,0.000000e+00
0.775000,0.400000,0.000000e+00
0.787500,0.400000,0.000000e+00
0.800000,0.400000,0.000000e+00
0.812500,0.400000,0.000000e+00
0.825000,0.400000,0.000000e+00
0.837500,0.400000,0.000000e+00
0.850000,0.400000,0.000000e+00
0.862500,0.400000,0.000000e+00
0.875000,0.400000,0.000000e+00
0.887500,0.400000,0.000000e+00
0.900000,0.400000,0.000000e+00
0.912500,0.400000,0.000000e+00
0.925000,0.400000,0.000000e+00
0.937500,0.400000,0.000000e+00
0.950000,0.400000,0.000000e+00
0.962500,0.400000,0.000000e+00
0.975000,0.400000,0.000000e+00
0.987500,0.400000,0.000000e+00
1.000000,0.400000,0.000000e+00
0.000000,0.412500,0.000000e+00
0.012500,0.412500,3.271865e-03
0.025000,0.412500,6.371291e-03
0.037500,0.412500,9.300433e-03
0.050000,0.412500,1.206145e-02
0.062500,0.412500,1.465648e-02
0.075000,0.412500,1.708745e-02
0.087500,0.412500,1.935547e-02
0.100000,0.412500,2.146154e-02
0.112500,0.412500,2.340664e-02
0.125000,0.412500,2.519177e-02
0.137500,0.412500,2.681792e-02
0.150000,0.412500,2.828606e-02
0.162500,0.412500,2.959720e-02
0.175000,0.412500,3.075232e-02
0.187500,0.412500,3.175240e-02
0.200000,0.412500,3.259845e-02
0.212500,0.412500,3.329144e-02
0.225000,0.412500,3.383237e-02
0.237500,0.412500,3.422220e-02
0.250000,0.412500,3.445997e-02
0.262500,0.412500,3.454127e-02
0.275000,0.412500,3.446136e-02
0.287500,0.412500,3.421548e-02
0.300000,0.412500,3.379887e-02
0.312500,0.412500,3.320677e-02
0.325000,0.412500,3.243444e-02
0.337500,0.412500,3.147712e-02
0.350000,0.412500,3.033004e-02
0.362500,0.412500,2.898847e-02
0.375000,0.412500,2.744763e-02
0.387500,0.412500,2.570279e-02
0.400000,0.412500,2.374917e-02
0.412500,0.412500,2.158196e-02
0.425000,0.412500,1.919483e-02
0.437500,0.412500,1.658015e-02
0.450000,0.412500,1.373021e-02
0.462500,0.412500,1.063734e-02
0.475000,0.412500,7.293880e-03
0.487500,0.412500,3.722578e-03
0.500000,0.412500,0.000000e+00
0.512500,0.412500,0.000000e+00
0.525000,0.412500,0.000000e+00
0.537500,0.412500,0.000000e+00
0.550000,0.412500,0.000000e+00
0.562500,0.412500,0.000000e+00
0.575000,0.412500,0.000000e+00
0.587500,0.412500,0.000000e+00
0.600000,0.412500,0.000000e+00
0.612500,0.412500,0.000000e+00
0.625000,0.412500,0.000000e+00
0.637500,0.412500,0.000000e+00
0.650000,0.412500,0.000000e+00
0.662500,0.412500,0.000000e+00
0.675000,0.412500,0.000000e+00
0.687500,0.412500,0.000000e+00
0.700000,0.412500,0.000000e+00
0.712500,0.412500,0.000000e+00
0.725000,0.412500,0.000000e+00
0.737500,0.412500,0.000000e+00
0.750000,0.412500,0.000000e+00
0.762500,0.412500,0.000000e+00
0.775000,0.412500,0.000000e+00
0.787500,0.412500,0.000000e+00
0.800000,0.412500,0.000000e+00
0.812500,0.412500,0.000000e+00
0.825000,0.412500,0.000000e+00
0.837500,0.412500,0.000000e+00
0.850000,0.412500,0.000000e+00
0.862500,0.412500,0.000000e+00
0.875000,0.412500,0.000000e+00
0.887500,0.412500,0.000000e+00
0.900000,0.412500,0.000000e+00
0.912500,0.412500,0.000000e+00
0.925000,0.412500,0.000000e+00
0.937500,0.412500,0.000000e+00
0.950000,0.412500,0.000000e+00
0.962500,0.412500,0.000000e+00
0.975000,0.412500,0.000000e+00
0.987500,0.412500,0.000000e+00
1.000000,0.412500,0.000000e+00
0.000000,0.425000,0.000000e+00
0.012500,0.425000,3.283136e-03
0.025000,0.425000,6.395767e-03
0.037500,0.425000,9.339468e-03
0.050000,0.425000,1.211581e-02
0.062500,0.425000,1.472638e-02
0.075000,0.425000,1.717264e-02
0.087500,0.425000,1.945575e-02
0.100000,0.425000,2.157681e-02
0.112500,0.425000,2.353692e-02
0.125000,0.425000,2.533718e-02
0.137500,0.425000,2.697868e-02
0.150000,0.425000,2.846254e-02
0.162500,0.425000,2.978983e-02
0.175000,0.425000,3.096168e-02
0.187500,0.425000,3.197916e-02
0.200000,0.425000,3.284339e-02
0.212500,0.425000,3.355547e-02
0.225000,0.425000,3.411649e-02
0.237500,0.425000,3.452752e-02
0.250000,0.425000,3.478752e-02
0.262500,0.425000,3.489163e-02
0.275000,0.425000,3.483463e-02
0.287500,0.425000,3.461127e-02
0.300000,0.425000,3.421632e-02
0.312500,0.425000,3.364455e-02
0.325000,0.425000,3.289072e-02
0.337500,0.425000,3.194959e-02
0.350000,0.425000,3.081593e-02
0.362500,0.425000,2.948450e-02
0.375000,0.425000,2.795007e-02
0.387500,0.425000,2.620740e-02
0.400000,0.425000,2.425126e-02
0.412500,0.425000,2.207622e-02
0.425000,0.425000,1.967325e-02
0.437500,0.425000,1.703008e-02
0.450000,0.425000,1.413432e-02
0.462500,0.425000,1.097356e-02
0.475000,0.425000,7.535476e-03
0.487500,0.425000,3.845892e-03
0.500000,0.425000,0.000000e+00
0.512500,0.425000,0.000000e+00
0.525000,0.425000,0.000000e+00
0.537500,0.425000,0.000000e+00
0.550000,0.425000,0.000000e+00
0.562500,0.425000,0.000000e+00
0.575000,0.425000,0.000000e+00
0.587500,0.425000,0.000000e+00
0.600000,0.425000,0.000000e+00
0.612500,0.425000,0.000000e+00
0.625000,0.425000,0.000000e+00
0.637500,0.425000,0.000000e+00
0.650000,0.425000,0.000000e+00
0.662500,0.425000,0.000000e+00
0.675000,0.425000,0.000000e+00
0.687500,0.425000,0.000000e+00
0.700000,0.425000,0.000000e+00
0.712500,0.425000,0.000000e+00
0.725000,0.425000,0.000000e+00
0.737500,0.425000,0.000000e+00
0.750000,0.425000,0.000000e+00
0.762500,0.425000,0.000000e+00
0.775000,0.425000,0.000000e+00
0.787500,0.425000,0.000000e+00
0.800000,0.425000,0.000000e+00
0.812500,0.425000,0.000000e+00
0.825000,0.425000,0.000000e+00
0.837500,0.425000,0.000000e+00
0.850000,0.425000,0.000000e+00
0.862500,0.425000,0.000000e+00
0.875000,0.425000,0.000000e+00
0.887500,0.425000,0.000000e+00
0.900000,0.425000,0.000000e+00
0.912500,0.425000,0.000000e+00
0.925000,0.425000,0.000000e+00
0.937500,0.425000,0.000000e+00
0.950000,0.425000,0.000000e+00
0.962500,0.425000,0.000000e+00
0.975000,0.425000,0.000000e+00
0.987500,0.425000,0.000000e+00
1.000000,0.425000,0.000000e+00
0.000000,0.437500,0.000000e+00
0.012500,0.437500,3.292042e-03
0.025000,0.437500,6.415350e-03
0.037500,0.437500,9.371041e-03
0.050000,0.437500,1.216023e-02
0.062500,0.437500,1.478405e-02
0.075000,0.437500,1.724363e-02
0.087500,0.437500,1.954015e-02
0.100000,0.437500,2.167481e-02
0.112500,0.437500,2.364882e-02
0.125000,0.437500,2.546336e-02
0.137500,0.437500,2.711963e-02
0.150000,0.437500,2.861884e-02
0.162500,0.437500,2.996217e-02
0.175000,0.437500,3.115083e-02
0.187500,0.437500,3.218601e-02
0.200000,0.437500,3.306891e-02
0.212500,0.437500,3.380072e-02
0.225000,0.437500,3.438265e-02
0.237500,0.437500,3.481586e-02
0.250000,0.437500,3.509924e-02
0.262500,0.437500,3.522761e-02
0.275000,0.437500,3.519536e-02
0.287500,0.437500,3.499689e-02
0.300000,0.437500,3.462659e-02
0.312500,0.437500,3.407888e-02
0.325000,0.437500,3.334813e-02
0.337500,0.437500,3.242876e-02
0.350000,0.437500,3.131515e-02
0.362500,0.437500,3.000171e-02
0.375000,0.437500,2.848283e-02
0.387500,0.437500,2.675292e-02
0.400000,0.437500,2.480636e-02
0.412500,0.437500,2.263719e-02
0.425000,0.437500,2.023226e-02
0.437500,0.437500,1.757202e-02
0.450000,0.437500,1.463665e-02
0.462500,0.437500,1.140636e-02
0.475000,0.437500,7.861414e-03
0.487500,0.437500,4.024031e-03
0.500000,0.437500,0.000000e+00
0.512500,0.437500,0.000000e+00
0.525000,0.437500,0.000000e+00
0.537500,0.437500,0.000000e+00
0.550000,0.437500,0.000000e+00
0.562500,0.437500,0.000000e+00
0.575000,0.437500,0.000000e+00
0.587500,0.437500,0.000000e+00
0.600000,0.437500,0.000000e+00
0.612500,0.437500,0.000000e+00
0.625000,0.437500,0.000000e+00
0.637500,0.437500,0.000000e+00
0.650000,0.437500,0.000000e+00
0.662500,0.437500,0.000000e+00
0.675000,0.437500,0.000000e+00
0.687500,0.437500,0.000000e+00
0.700000,0.437500,0.000000e+00
0.712500,0.437500,0.000000e+00
0.725000,0.437500,0.000000e+00
0.737500,0.437500,0.000000e+00
0.750000,0.437500,0.000000e+00
0.762500,0.437500,0.000000e+00
0.775000,0.437500,0.000000e+00
0.787500,0.437500,0.000000e+00
0.800000,0.437500,0.000000e+00
0.812500,0.437500,0.000000e+00
0.825000,0.437500,0.000000e+00
0.837500,0.437500,0.000000e+00
0.850000,0.437500,0.000000e+00
0.862500,0.437500,0.000000e+00
0.875000,0.437500,0.000000e+00
0.887500,0.437500,0.000000e+00
0.900000,0.437500,0.000000e+00
0.912500,0.437500,0.000000e+00
0.925000,0.437500,0.000000e+00
0.937500,0.437500,0.000000e+00
0.950000,0.437500,0.000000e+00
0.962500,0.437500,0.000000e+00
0.975000,0.437500,0.000000e+00
0.987500,0.437500,0.000000e+00
1.000000,0.437500,0.000000e+00
0.000000,0.450000,0.000000e+00
0.012500,0.450000,3.298793e-03
0.025000,0.450000,6.430211e-03
0.037500,0.450000,9.395134e-03
0.050000,0.450000,1.219444e-02
0.062500,0.450000,1.482900e-02
0.075000,0.450000,1.729978e-02
0.087500,0.450000,1.960800e-02
0.100000,0.450000,2.175493e-02
0.112500,0.450000,2.374182e-02
0.125000,0.450000,2.556994e-02
0.137500,0.450000,2.724055e-02
0.150000,0.450000,2.875493e-02
0.162500,0.450000,3.011433e-02
0.175000,0.450000,3.132002e-02
0.187500,0.450000,3.237327e-02
0.200000,0.450000,3.327533e-02
0.212500,0.450000,3.402748e-02
0.225000,0.450000,3.463097e-02
0.237500,0.450000,3.508705e-02
0.250000,0.450000,3.539458e-02
0.262500,0.450000,3.554821e-02
0.275000,0.450000,3.554216e-02
0.287500,0.450000,3.537065e-02
0.300000,0.450000,3.502790e-02
0.312500,0.450000,3.450811e-02
0.325000,0.450000,3.380550e-02
0.337500,0.450000,3.291430e-02
0.350000,0.450000,3.182872e-02
0.362500,0.450000,3.054297e-02
0.375000,0.450000,2.905128e-02
0.387500,0.450000,2.734785e-02
0.400000,0.450000,2.542690e-02
0.412500,0.450000,2.328200e-02
0.425000,0.450000,2.089410e-02
0.437500,0.450000,1.823279e-02
0.450000,0.450000,1.526727e-02
0.462500,0.450000,1.196674e-02
0.475000,0.450000,8.300463e-03
0.487500,0.450000,4.277106e-03
0.500000,0.450000,0.000000e+00
0.512500,0.450000,0.000000e+00
0.525000,0.450000,0.000000e+00
0.537500,0.450000,0.000000e+00
0.550000,0.450000,0.000000e+00
0.562500,0.450000,0.000000e+00
0.575000,0.450000,0.000000e+00
0.587500,0.450000,0.000000e+00
0.600000,0.450000,0.000000e+00
0.612500,0.450000,0.000000e+00
0.625000,0.450000,0.000000e+00
0.637500,0.450000,0.000000e+00
0.650000,0.450000,0.000000e+00
0.662500,0.450000,0.000000e+00
0.675000,0.450000,0.000000e+00
0.687500,0.450000,0.000000e+00
0.700000,0.450000,0.000000e+00
0.712500,0.450000,0.000000e+00
0.725000,0.450000,0.000000e+00
0.737500,0.450000,0.000000e+00
0.750000,0.450000,0.000000e+00
0.762500,0.450000,0.000000e+00
0.775000,0.450000,0.000000e+00
0.787500,0.450000,0.000000e+00
0.800000,0.450000,0.000000e+00
0.812500,0.450000,0.000000e+00
0.825000,0.450000,0.000000e+00
0.837500,0.450000,0.000000e+00
0.850000,0.450000,0.000000e+00
0.862500,0.450000,0.000000e+00
0.875000,0.450000,0.000000e+00
0.887500,0.450000,0.000000e+00
0.900000,0.450000,0.000000e+00
0.912500,0.450000,0.000000e+00
0.925000,0.450000,0.000000e+00
0.937500,0.450000,0.000000e+00
0.950000,0.450000,0.000000e+00
0.962500,0.450000,0.000000e+00
0.975000,0.450000,0.000000e+00
0.987500,0.450000,0.000000e+00
1.000000,0.450000,0.000000e+00
0.000000,0.462500,0.000000e+00
0.012500,0.462500,3.303597e-03
0.025000,0.462500,6.440526e-03
0.037500,0.462500,9.411730e-03
0.050000,0.462500,1.221815e-02
0.062500,0.462500,1.486073e-02
0.075000,0.462500,1.734049e-02
0.087500,0.462500,1.965867e-02
0.100000,0.462500,2.181655e-02
0.112500,0.462500,2.381541e-02
0.125000,0.462500,2.565655e-02
0.137500,0.462500,2.734125e-02
0.150000,0.462500,2.887078e-02
0.162500,0.462500,3.024644e-02
0.175000,0.462500,3.146951e-02
0.187500,0.462500,3.254127e-02
0.200000,0.462500,3.346300e-02
0.212500,0.462500,3.423600e-02
0.225000,0.462500,3.486154e-02
0.237500,0.462500,3.534089e-02
0.250000,0.462500,3.567294e-02
0.262500,0.462500,3.585243e-02
0.275000,0.462500,3.587365e-02
0.287500,0.462500,3.573088e-02
0.300000,0.462500,3.541843e-02
0.312500,0.462500,3.493059e-02
0.325000,0.462500,3.426164e-02
0.337500,0.462500,3.340589e-02
0.350000,0.462500,3.235763e-02
0.362500,0.462500,3.111115e-02
0.375000,0.462500,2.966074e-02
0.387500,0.462500,2.800069e-02
0.400000,0.462500,2.612531e-02
0.412500,0.462500,2.402782e-02
0.425000,0.462500,2.168099e-02
0.437500,0.462500,1.903921e-02
0.450000,0.462500,1.605620e-02
0.462500,0.462500,1.268567e-02
0.475000,0.462500,8.881395e-03
0.487500,0.462500,4.625230e-03
0.500000,0.462500,0.000000e+00
0.512500,0.462500,0.000000e+00
0.525000,0.462500,0.000000e+00
0.537500,0.462500,0.000000e+00
0.550000,0.462500,0.000000e+00
0.562500,0.462500,0.000000e+00
0.575000,0.462500,0.000000e+00
0.587500,0.462500,0.000000e+00
0.600000,0.462500,0.000000e+00
0.612500,0.462500,0.000000e+00
0.625000,0.462500,0.000000e+00
0.637500,0.462500,0.000000e+00
0.650000,0.462500,0.000000e+00
0.662500,0.462500,0.000000e+00
0.675000,0.462500,0.000000e+00
0.687500,0.462500,0.000000e+00
0.700000,0.462500,0.000000e+00
0.712500,0.462500,0.000000e+00
0.725000,0.462500,0.000000e+00
0.737500,0.462500,0.000000e+00
0.750000,0.462500,0.000000e+00
0.762500,0.462500,0.000000e+00
0.775000,0.462500,0.000000e+00
0.787500,0.462500,0.000000e+00
0.800000,0.462500,0.000000e+00
0.812500,0.462500,0.000000e+00
0.825000,0.462500,0.000000e+00
0.837500,0.462500,0.000000e+00
0.850000,0.462500,0.000000e+00
0.862500,0.462500,0.000000e+00
0.875000,0.462500,0.000000e+00
0.887500,0.462500,0.000000e+00
0.900000,0.462500,0.000000e+00
0.912500,0.462500,0.000000e+00
0.925000,0.462500,0.000000e+00
0.937500,0.462500,0.000000e+00
0.950000,0.462500,0.000000e+00
0.962500,0.462500,0.000000e+00
0.975000,0.462500,0.000000e+00
0.987500,0.462500,0.000000e+00
1.000000,0.462500,0.000000e+00
0.000000,0.475000,0.000000e+00
0.012500,0.475000,3.306445e-03
0.025000,0.475000,6.446177e-03
0.037500,0.475000,9.420554e-03
0.050000,0.475000,1.223093e-02
0.062500,0.475000,1.487867e-02
0.075000,0.475000,1.736510e-02
0.087500,0.475000,1.969148e-02
0.100000,0.475000,2.185905e-02
0.112500,0.475000,2.386907e-02
0.125000,0.475000,2.572276e-02
0.137500,0.475000,2.742138e-02
0.150000,0.475000,2.896616e-02
0.162500,0.475000,3.035836e-02
0.175000,0.475000,3.159922e-02
0.187500,0.475000,3.268998e-02
0.200000,0.475000,3.363189e-02
0.212500,0.475000,3.442618e-02
0.225000,0.475000,3.507411e-02
0.237500,0.475000,3.557689e-02
0.250000,0.475000,3.593354e-02
0.262500,0.475000,3.613914e-02
0.275000,0.475000,3.618838e-02
0.287500,0.475000,3.607596e-02
0.300000,0.475000,3.579654e-02
0.312500,0.475000,3.534482e-02
0.325000,0.475000,3.471549e-02
0.337500,0.475000,3.390322e-02
0.350000,0.475000,3.290271e-02
0.362500,0.475000,3.170864e-02
0.375000,0.475000,3.031570e-02
0.387500,0.475000,2.871857e-02
0.400000,0.475000,2.691194e-02
0.412500,0.475000,2.488889e-02
0.425000,0.475000,2.261187e-02
0.437500,0.475000,2.001573e-02
0.450000,0.475000,1.703433e-02
0.462500,0.475000,1.360155e-02
0.475000,0.475000,9.651249e-03
0.487500,0.475000,5.115224e-03
0.500000,0.475000,0.000000e+00
0.512500,0.475000,0.000000e+00
0.525000,0.475000,0.000000e+00
0.537500,0.475000,0.000000e+00
0.550000,0.475000,0.000000e+00
0.562500,0.475000,0.000000e+00
0.575000,0.475000,0.000000e+00
0.587500,0.475000,0.000000e+00
0.600000,0.475000,0.000000e+00
0.612500,0.475000,0.000000e+00
0.625000,0.475000,0.000000e+00
0.637500,0.475000,0.000000e+00
0.650000,0.475000,0.000000e+00
0.662500,0.475000,0.000000e+00
0.675000,0.475000,0.000000e+00
0.687500,0.475000,0.000000e+00
0.700000,0.475000,0.000000e+00
0.712500,0.475000,0.000000e+00
0.725000,0.475000,0.000000e+00
0.737500,0.475000,0.000000e+00
0.750000,0.475000,0.000000e+00
0.762500,0.475000,0.000000e+00
0.775000,0.475000,0.000000e+00
0.787500,0.475000,0.000000e+00
0.800000,0.475000,0.000000e+00
0.812500,0.475000,0.000000e+00
0.825000,0.475000,0.000000e+00
0.837500,0.475000,0.000000e+00
0.850000,0.475000,0.000000e+00
0.862500,0.475000,0.000000e+00
0.875000,0.475000,0.000000e+00
0.887500,0.475000,0.000000e+00
0.900000,0.475000,0.000000e+00
0.912500,0.475000,0.000000e+00
0.925000,0.475000,0.000000e+00
0.937500,0.475000,0.000000e+00
0.950000,0.475000,0.000000e+00
0.962500,0.475000,0.000000e+00
0.975000,0.475000,0.000000e+00
0.987500,0.475000,0.000000e+00
1.000000,0.475000,0.000000e+00
0.000000,0.487500,0.000000e+00
0.012500,0.487500,3.304569e-03
0.025000,0.487500,6.443407e-03
0.037500,0.487500,9.418076e-03
0.050000,0.487500,1.223013e-02
0.062500,0.487500,1.488114e-02
0.075000,0.487500,1.737258e-02
0.087500,0.487500,1.970570e-02
0.100000,0.487500,2.188169e-02
0.112500,0.487500,2.390176e-02
0.125000,0.487500,2.576710e-02
0.137500,0.487500,2.747892e-02
0.150000,0.487500,2.903842e-02
0.162500,0.487500,3.044679e-02
0.175000,0.487500,3.170524e-02
0.187500,0.487500,3.281497e-02
0.200000,0.487500,3.377717e-02
0.212500,0.487500,3.459305e-02
0.225000,0.487500,3.526381e-02
0.237500,0.487500,3.579062e-02
0.250000,0.487500,3.617267e-02
0.262500,0.487500,3.640559e-02
0.275000,0.487500,3.648464e-02
0.287500,0.487500,3.640509e-02
0.300000,0.487500,3.616222e-02
0.312500,0.487500,3.575127e-02
0.325000,0.487500,3.516753e-02
0.337500,0.487500,3.440625e-02
0.350000,0.487500,3.346270e-02
0.362500,0.487500,3.233215e-02
0.375000,0.487500,3.100987e-02
0.387500,0.487500,2.949112e-02
0.400000,0.487500,2.777116e-02
0.412500,0.487500,2.584335e-02
0.425000,0.487500,2.366411e-02
0.437500,0.487500,2.115670e-02
0.450000,0.487500,1.824315e-02
0.462500,0.487500,1.484551e-02
0.475000,0.487500,1.088557e-02
0.487500,0.487500,6.128008e-03
0.500000,0.487500,0.000000e+00
0.512500,0.487500,0.000000e+00
0.525000,0.487500,0.000000e+00
0.537500,0.487500,0.000000e+00
0.550000,0.487500,0.000000e+00
0.562500,0.487500,0.000000e+00
0.575000,0.487500,0.000000e+00
0.587500,0.487500,0.000000e+00
0.600000,0.487500,0.000000e+00
0.612500,0.487500,0.000000e+00
0.625000,0.487500,0.000000e+00
0.637500,0.487500,0.000000e+00
0.650000,0.487500,0.000000e+00
0.662500,0.487500,0.000000e+00
0.675000,0.487500,0.000000e+00
0.687500,0.487500,0.000000e+00
0.700000,0.487500,0.000000e+00
0.712500,0.487500,0.000000e+00
0.725000,0.487500,0.000000e+00
0.737500,0.487500,0.000000e+00
0.750000,0.487500,0.000000e+00
0.762500,0.487500,0.000000e+00
0.775000,0.487500,0.000000e+00
0.787500,0.487500,0.000000e+00
0.800000,0.487500,0.000000e+00
0.812500,0.487500,0.000000e+00
0.825000,0.487500,0.000000e+00
0.837500,0.487500,0.000000e+00
0.850000,0.487500,0.000000e+00
0.862500,0.487500,0.000000e+00
0.875000,0.487500,0.000000e+00
0.887500,0.487500,0.000000e+00
0.900000,0.487500,0.000000e+00
0.912500,0.487500,0.000000e+00
0.925000,0.487500,0.000000e+00
0.937500,0.487500,0.000000e+00
0.950000,0.487500,0.000000e+00
0.962500,0.487500,0.000000e+00
0.975000,0.487500,0.000000e+00
0.987500,0.487500,0.000000e+00
1.000000,0.487500,0.000000e+00
0.000000,0.500000,0.000000e+00
0.012500,0.500000,3.294420e-03
0.025000,0.500000,6.427420e-03
0.037500,0.500000,9.399821e-03
0.050000,0.500000,1.221245e-02
0.062500,0.500000,1.486612e-02
0.075000,0.500000,1.736176e-02
0.087500,0.500000,1.970053e-02
0.100000,0.500000,2.188366e-02
0.112500,0.500000,2.391238e-02
0.125000,0.500000,2.578791e-02
0.137500,0.500000,2.751147e-02
0.150000,0.500000,2.908431e-02
0.162500,0.500000,3.050762e-02
0.175000,0.500000,3.178266e-02
0.187500,0.500000,3.291063e-02
0.200000,0.500000,3.389277e-02
0.212500,0.500000,3.473030e-02
0.225000,0.500000,3.542445e-02
0.237500,0.500000,3.597641e-02
0.250000,0.500000,3.638560e-02
0.262500,0.500000,3.664820e-02
0.275000,0.500000,3.676008e-02
0.287500,0.500000,3.671709e-02
0.300000,0.500000,3.651510e-02
0.312500,0.500000,3.614996e-02
0.325000,0.500000,3.561754e-02
0.337500,0.500000,3.491369e-02
0.350000,0.500000,3.403428e-02
0.362500,0.500000,3.297516e-02
0.375000,0.500000,3.173221e-02
0.387500,0.500000,3.030127e-02
0.400000,0.500000,2.867821e-02
0.412500,0.500000,2.685726e-02
0.425000,0.500000,2.480135e-02
0.437500,0.500000,2.244525e-02
0.450000,0.500000,1.972272e-02
0.462500,0.500000,1.656753e-02
0.475000,0.500000,1.291288e-02
0.487500,0.500000,8.358778e-03
0.500000,0.500000,0.000000e+00
0.512500,0.500000,0.000000e+00
0.525000,0.500000,0.000000e+00
0.537500,0.500000,0.000000e+00
0.550000,0.500000,0.000000e+00
0.562500,0.500000,0.000000e+00
0.575000,0.500000,0.000000e+00
0.587500,0.500000,0.000000e+00
0.600000,0.500000,0.000000e+00
0.612500,0.500000,0.000000e+00
0.625000,0.500000,0.000000e+00
0.637500,0.500000,0.000000e+00
0.650000,0.500000,0.000000e+00
0.662500,0.500000,0.000000e+00
0.675000,0.500000,0.000000e+00
0.687500,0.500000,0.000000e+00
0.700000,0.500000,0.000000e+00
0.712500,0.500000,0.000000e+00
0.725000,0.500000,0.000000e+00
0.737500,0.500000,0.000000e+00
0.750000,0.500000,0.000000e+00
0.762500,0.500000,0.000000e+00
0.775000,0.500000,0.000000e+00
0.787500,0.500000,0.000000e+00
0.800000,0.500000,0.000000e+00
0.812500,0.500000,0.000000e+00
0.825000,0.500000,0.000000e+00
0.837500,0.500000,0.000000e+00
0.850000,0.500000,0.000000e+00
0.862500,0.500000,0.000000e+00
0.875000,0.500000,0.000000e+00
0.887500,0.500000,0.000000e+00
0.900000,0.500000,0.000000e+00
0.912500,0.500000,0.000000e+00
0.925000,0.500000,0.000000e+00
0.937500,0.500000,0.000000e+00
0.950000,0.500000,0.000000e+00
0.962500,0.500000,0.000000e+00
0.975000,0.500000,0.000000e+00
0.987500,0.500000,0.000000e+00
1.000000,0.500000,0.000000e+00
0.000000,0.512500,0.000000e+00
0.012500,0.512500,3.282850e-03
0.025000,0.512500,6.409002e-03
0.037500,0.512500,9.378335e-03
0.050000,0.512500,1.219073e-02
0.062500,0.512500,1.484606e-02
0.075000,0.512500,1.734453e-02
0.087500,0.512500,1.968725e-02
0.100000,0.512500,2.187552e-02
0.112500,0.512500,2.391063e-02
0.125000,0.512500,2.579390e-02
0.137500,0.512500,2.752660e-02
0.150000,0.512500,2.911005e-02
0.162500,0.512500,3.054554e-02
0.175000,0.512500,3.183436e-02
0.187500,0.512500,3.297782e-02
0.200000,0.512500,3.397722e-02
0.212500,0.512500,3.483384e-02
0.225000,0.512500,3.554899e-02
0.237500,0.512500,3.612395e-02
0.250000,0.512500,3.655836e-02
0.262500,0.512500,3.684898e-02
0.275000,0.512500,3.699225e-02
0.287500,0.512500,3.698463e-02
0.300000,0.512500,3.682256e-02
0.312500,0.512500,3.650250e-02
0.325000,0.512500,3.602089e-02
0.337500,0.512500,3.537418e-02
0.350000,0.512500,3.455882e-02
0.362500,0.512500,3.357127e-02
0.375000,0.512500,3.240797e-02
0.387500,0.512500,3.106537e-02
0.400000,0.512500,2.953992e-02
0.412500,0.512500,2.782710e-02
0.425000,0.512500,2.590356e-02
0.437500,0.512500,2.372904e-02
0.450000,0.512500,2.126269e-02
0.462500,0.512500,1.846363e-02
0.475000,0.512500,1.529114e-02
0.487500,0.512500,1.179173e-02
0.500000,0.512500,8.363985e-03
0.512500,0.512500,6.133198e-03
0.525000,0.512500,5.106692e-03
0.537500,0.512500,4.618525e-03
0.550000,0.512500,4.279549e-03
0.562500,0.512500,4.029743e-03
0.575000,0.512500,3.850968e-03
0.587500,0.512500,3.725080e-03
0.600000,0.512500,3.633938e-03
0.612500,0.512500,3.559515e-03
0.625000,0.512500,3.490368e-03
0.637500,0.512500,3.425088e-03
0.650000,0.512500,3.363108e-03
0.662500,0.512500,3.303862e-03
0.675000,0.512500,3.246782e-03
0.687500,0.512500,3.191304e-03
0.700000,0.512500,3.136860e-03
0.712500,0.512500,3.082884e-03
0.725000,0.512500,3.028809e-03
0.737500,0.512500,2.974070e-03
0.750000,0.512500,2.918099e-03
0.762500,0.512500,2.860312e-03
0.775000,0.512500,2.799960e-03
0.787500,0.512500,2.736213e-03
0.800000,0.512500,2.668239e-03
0.812500,0.512500,2.595206e-03
0.825000,0.512500,2.516281e-03
0.837500,0.512500,2.430634e-03
0.850000,0.512500,2.337431e-03
0.862500,0.512500,2.235842e-03
0.875000,0.512500,2.125034e-03
0.887500,0.512500,2.004175e-03
0.900000,0.512500,1.872434e-03
0.912500,0.512500,1.728978e-03
0.925000,0.512500,1.572976e-03
0.937500,0.512500,1.402675e-03
0.950000,0.512500,1.209983e-03
0.962500,0.512500,9.841391e-04
0.975000,0.512500,7.143740e-04
0.987500,0.512500,3.899176e-04
1.000000,0.512500,0.000000e+00
0.000000,0.525000,0.000000e+00
0.012500,0.525000,3.275276e-03
0.025000,0.525000,6.395155e-03
0.037500,0.525000,9.359655e-03
0.050000,0.525000,1.216880e-02
0.062500,0.525000,1.482259e-02
0.075000,0.525000,1.732135e-02
0.087500,0.525000,1.966618e-02
0.100000,0.525000,2.185835e-02
0.112500,0.525000,2.389916e-02
0.125000,0.525000,2.578988e-02
0.137500,0.525000,2.753177e-02
0.150000,0.525000,2.912612e-02
0.162500,0.525000,3.057421e-02
0.175000,0.525000,3.187731e-02
0.187500,0.525000,3.303670e-02
0.200000,0.525000,3.405366e-02
0.212500,0.525000,3.492945e-02
0.225000,0.525000,3.566537e-02
0.237500,0.525000,3.626266e-02
0.250000,0.525000,3.672127e-02
0.262500,0.525000,3.703877e-02
0.275000,0.525000,3.721247e-02
0.287500,0.525000,3.723971e-02
0.300000,0.525000,3.711781e-02
0.312500,0.525000,3.684410e-02
0.325000,0.525000,3.641590e-02
0.337500,0.525000,3.583055e-02
0.350000,0.525000,3.508536e-02
0.362500,0.525000,3.417766e-02
0.375000,0.525000,3.310478e-02
0.387500,0.525000,3.186405e-02
0.400000,0.525000,3.045280e-02
0.412500,0.525000,2.886811e-02
0.425000,0.525000,2.710273e-02
0.437500,0.525000,2.514548e-02
0.450000,0.525000,2.298503e-02
0.462500,0.525000,2.061006e-02
0.475000,0.525000,1.800943e-02
0.487500,0.525000,1.529432e-02
0.500000,0.525000,1.289900e-02
0.512500,0.525000,1.088338e-02
0.525000,0.525000,9.641997e-03
0.537500,0.525000,8.875507e-03
0.550000,0.525000,8.301384e-03
0.562500,0.525000,7.863983e-03
0.575000,0.525000,7.536526e-03
0.587500,0.525000,7.292236e-03
0.600000,0.525000,7.104333e-03
0.612500,0.525000,6.946207e-03
0.625000,0.525000,6.800747e-03
0.637500,0.525000,6.665323e-03
0.650000,0.525000,6.538520e-03
0.662500,0.525000,6.418927e-03
0.675000,0.525000,6.305128e-03
0.687500,0.525000,6.195712e-03
0.700000,0.525000,6.089264e-03
0.712500,0.525000,5.984371e-03
0.725000,0.525000,5.879620e-03
0.737500,0.525000,5.773596e-03
0.750000,0.525000,5.664888e-03
0.762500,0.525000,5.552066e-03
0.775000,0.525000,5.433576e-03
0.787500,0.525000,5.307799e-03
0.800000,0.525000,5.173115e-03
0.812500,0.525000,5.027903e-03
0.825000,0.525000,4.870545e-03
0.837500,0.525000,4.699419e-03
0.850000,0.525000,4.512906e-03
0.862500,0.525000,4.309385e-03
0.875000,0.525000,4.087238e-03
0.887500,0.525000,3.844843e-03
0.900000,0.525000,3.580581e-03
0.912500,0.525000,3.292831e-03
0.925000,0.525000,2.979975e-03
0.937500,0.525000,2.639025e-03
0.950000,0.525000,2.257594e-03
0.962500,0.525000,1.819337e-03
0.975000,0.525000,1.307892e-03
0.987500,0.525000,7.068994e-04
1.000000,0.525000,0.000000e+00
0.000000,0.537500,0.000000e+00
0.012500,0.537500,3.269225e-03
0.025000,0.537500,6.383036e-03
0.037500,0.537500,9.341965e-03
0.050000,0.537500,1.214654e-02
0.062500,0.537500,1.479730e-02
0.075000,0.537500,1.729493e-02
0.087500,0.537500,1.964060e-02
0.100000,0.537500,2.183554e-02
0.112500,0.537500,2.388102e-02
0.125000,0.537500,2.577829e-02
0.137500,0.537500,2.752859e-02
0.150000,0.537500,2.913317e-02
0.162500,0.537500,3.059330e-02
0.175000,0.537500,3.191021e-02
0.187500,0.537500,3.308516e-02
0.200000,0.537500,3.411939e-02
0.212500,0.537500,3.501417e-02
0.225000,0.537500,3.577074e-02
0.237500,0.537500,3.639033e-02
0.250000,0.537500,3.687321e-02
0.262500,0.537500,3.721783e-02
0.275000,0.537500,3.742251e-02
0.287500,0.537500,3.748554e-02
0.300000,0.537500,3.740522e-02
0.312500,0.537500,3.717985e-02
0.325000,0.537500,3.680771e-02
0.337500,0.537500,3.628712e-02
0.350000,0.537500,3.561636e-02
0.362500,0.537500,3.479374e-02
0.375000,0.537500,3.381756e-02
0.387500,0.537500,3.268610e-02
0.400000,0.537500,3.139767e-02
0.412500,0.537500,2.995087e-02
0.425000,0.537500,2.835021e-02
0.437500,0.537500,2.660549e-02
0.450000,0.537500,2.472671e-02
0.462500,0.537500,2.272386e-02
0.475000,0.537500,2.060708e-02
0.487500,0.537500,1.846246e-02
0.500000,0.537500,1.656389e-02
0.512500,0.537500,1.484521e-02
0.525000,0.537500,1.359650e-02
0.537500,0.537500,1.268164e-02
0.550000,0.537500,1.196447e-02
0.562500,0.537500,1.140336e-02
0.575000,0.537500,1.096867e-02
0.587500,0.537500,1.063078e-02
0.600000,0.537500,1.036006e-02
0.612500,0.537500,1.012708e-02
0.625000,0.537500,9.912664e-03
0.637500,0.537500,9.713343e-03
0.650000,0.537500,9.526951e-03
0.662500,0.537500,9.351327e-03
0.675000,0.537500,9.184310e-03
0.687500,0.537500,9.023737e-03
0.700000,0.537500,8.867445e-03
0.712500,0.537500,8.713274e-03
0.725000,0.537500,8.559061e-03
0.737500,0.537500,8.402644e-03
0.750000,0.537500,8.241861e-03
0.762500,0.537500,8.074539e-03
0.775000,0.537500,7.898397e-03
0.787500,0.537500,7.711105e-03
0.800000,0.537500,7.510330e-03
0.812500,0.537500,7.293740e-03
0.825000,0.537500,7.059001e-03
0.837500,0.537500,6.803782e-03
0.850000,0.537500,6.525749e-03
0.862500,0.537500,6.222570e-03
0.875000,0.537500,5.891913e-03
0.887500,0.537500,5.531445e-03
0.900000,0.537500,5.138834e-03
0.912500,0.537500,4.711747e-03
0.925000,0.537500,4.247851e-03
0.937500,0.537500,3.743234e-03
0.950000,0.537500,3.183107e-03
0.962500,0.537500,2.548104e-03
0.975000,0.537500,1.818840e-03
0.987500,0.537500,9.759335e-04
1.000000,0.537500,0.000000e+00
0.000000,0.550000,0.000000e+00
0.012500,0.550000,3.263392e-03
0.025000,0.550000,6.370943e-03
0.037500,0.550000,9.323772e-03
0.050000,0.550000,1.212300e-02
0.062500,0.550000,1.476974e-02
0.075000,0.550000,1.726515e-02
0.087500,0.550000,1.961046e-02
0.100000,0.550000,2.180692e-02
0.112500,0.550000,2.385579e-02
0.125000,0.550000,2.575833e-02
0.137500,0.550000,2.751578e-02
0.150000,0.550000,2.912940e-02
0.162500,0.550000,3.060045e-02
0.175000,0.550000,3.193017e-02
0.187500,0.550000,3.311983e-02
0.200000,0.550000,3.417067e-02
0.212500,0.550000,3.508395e-02
0.225000,0.550000,3.586092e-02
0.237500,0.550000,3.650283e-02
0.250000,0.550000,3.701026e-02
0.262500,0.550000,3.738259e-02
0.275000,0.550000,3.761910e-02
0.287500,0.550000,3.771905e-02
0.300000,0.550000,3.768170e-02
0.312500,0.550000,3.750634e-02
0.325000,0.550000,3.719222e-02
0.337500,0.550000,3.673860e-02
0.350000,0.550000,3.614477e-02
0.362500,0.550000,3.540999e-02
0.375000,0.550000,3.453351e-02
0.387500,0.550000,3.351462e-02
0.400000,0.550000,3.235258e-02
0.412500,0.550000,3.104725e-02
0.425000,0.550000,2.961005e-02
0.437500,0.550000,2.806275e-02
0.450000,0.550000,2.642754e-02
0.462500,0.550000,2.472655e-02
0.475000,0.550000,2.298203e-02
0.487500,0.550000,2.126015e-02
0.500000,0.550000,1.972510e-02
0.512500,0.550000,1.824391e-02
0.525000,0.550000,1.703283e-02
0.537500,0.550000,1.605529e-02
0.550000,0.550000,1.526578e-02
0.562500,0.550000,1.463339e-02
0.575000,0.550000,1.412906e-02
0.587500,0.550000,1.372375e-02
0.600000,0.550000,1.338841e-02
0.612500,0.550000,1.309416e-02
0.625000,0.550000,1.282200e-02
0.637500,0.550000,1.256795e-02
0.650000,0.550000,1.232932e-02
0.662500,0.550000,1.210341e-02
0.675000,0.550000,1.188750e-02
0.687500,0.550000,1.167891e-02
0.700000,0.550000,1.147492e-02
0.712500,0.550000,1.127283e-02
0.725000,0.550000,1.106995e-02
0.737500,0.550000,1.086357e-02
0.750000,0.550000,1.065099e-02
0.762500,0.550000,1.042949e-02
0.775000,0.550000,1.019617e-02
0.787500,0.550000,9.948063e-03
0.800000,0.550000,9.682194e-03
0.812500,0.550000,9.395585e-03
0.825000,0.550000,9.085259e-03
0.837500,0.550000,8.748241e-03
0.850000,0.550000,8.381555e-03
0.862500,0.550000,7.982225e-03
0.875000,0.550000,7.547273e-03
0.887500,0.550000,7.073725e-03
0.900000,0.550000,6.558605e-03
0.912500,0.550000,5.998935e-03
0.925000,0.550000,5.391740e-03
0.937500,0.550000,4.732399e-03
0.950000,0.550000,4.004969e-03
0.962500,0.550000,3.188741e-03
0.975000,0.550000,2.262987e-03
0.987500,0.550000,1.206982e-03
1.000000,0.550000,0.000000e+00
0.000000,0.562500,0.000000e+00
0.012500,0.562500,3.257223e-03
0.025000,0.562500,6.357924e-03
0.037500,0.562500,9.303847e-03
0.050000,0.562500,1.209673e-02
0.062500,0.562500,1.473832e-02
0.075000,0.562500,1.723025e-02
0.087500,0.562500,1.957386e-02
0.100000,0.562500,2.177044e-02
0.112500,0.562500,2.382128e-02
0.125000,0.562500,2.572764e-02
0.137500,0.562500,2.749083e-02
0.150000,0.562500,2.911212e-02
0.162500,0.562500,3.059280e-02
0.175000,0.562500,3.193415e-02
0.187500,0.562500,3.313745e-02
0.200000,0.562500,3.420400e-02
0.212500,0.562500,3.513506e-02
0.225000,0.562500,3.593193e-02
0.237500,0.562500,3.659589e-02
0.250000,0.562500,3.712785e-02
0.262500,0.562500,3.752808e-02
0.275000,0.562500,3.779679e-02
0.287500,0.562500,3.793419e-02
0.300000,0.562500,3.794047e-02
0.312500,0.562500,3.781585e-02
0.325000,0.562500,3.756053e-02
0.337500,0.562500,3.717471e-02
0.350000,0.562500,3.665860e-02
0.362500,0.562500,3.601240e-02
0.375000,0.562500,3.523632e-02
0.387500,0.562500,3.433056e-02
0.400000,0.562500,3.329533e-02
0.412500,0.562500,3.213154e-02
0.425000,0.562500,3.085377e-02
0.437500,0.562500,2.948888e-02
0.450000,0.562500,2.806417e-02
0.462500,0.562500,2.660695e-02
0.475000,0.562500,2.514456e-02
0.487500,0.562500,2.372755e-02
0.500000,0.562500,2.245050e-02
0.512500,0.562500,2.115828e-02
0.525000,0.562500,2.001752e-02
0.537500,0.562500,1.904232e-02
0.550000,0.562500,1.823479e-02
0.562500,0.562500,1.757209e-02
0.575000,0.562500,1.702819e-02
0.587500,0.562500,1.657709e-02
0.600000,0.562500,1.619275e-02
0.612500,0.562500,1.584931e-02
0.625000,0.562500,1.552950e-02
0.637500,0.562500,1.522915e-02
0.650000,0.562500,1.494518e-02
0.662500,0.562500,1.467454e-02
0.675000,0.562500,1.441413e-02
0.687500,0.562500,1.416091e-02
0.700000,0.562500,1.391180e-02
0.712500,0.562500,1.366372e-02
0.725000,0.562500,1.341361e-02
0.737500,0.562500,1.315841e-02
0.750000,0.562500,1.289503e-02
0.762500,0.562500,1.262038e-02
0.775000,0.562500,1.233105e-02
0.787500,0.562500,1.202351e-02
0.800000,0.562500,1.169420e-02
0.812500,0.562500,1.133956e-02
0.825000,0.562500,1.095605e-02
0.837500,0.562500,1.054013e-02
0.850000,0.562500,1.008823e-02
0.862500,0.562500,9.596805e-03
0.875000,0.562500,9.062312e-03
0.887500,0.562500,8.481195e-03
0.900000,0.562500,7.849907e-03
0.912500,0.562500,7.164895e-03
0.925000,0.562500,6.422610e-03
0.937500,0.562500,5.617904e-03
0.950000,0.562500,4.734626e-03
0.962500,0.562500,3.751995e-03
0.975000,0.562500,2.649212e-03
0.987500,0.562500,1.405480e-03
1.000000,0.562500,0.000000e+00
0.000000,0.575000,0.000000e+00
0.012500,0.575000,3.250161e-03
0.025000,0.575000,6.343027e-03
0.037500,0.575000,9.280957e-03
0.050000,0.575000,1.206631e-02
0.062500,0.575000,1.470144e-02
0.075000,0.575000,1.718849e-02
0.087500,0.575000,1.952892e-02
0.100000,0.575000,2.172407e-02
0.112500,0.575000,2.377528e-02
0.125000,0.575000,2.568388e-02
0.137500,0.575000,2.745123e-02
0.150000,0.575000,2.907865e-02
0.162500,0.575000,3.056749e-02
0.175000,0.575000,3.191908e-02
0.187500,0.575000,3.313477e-02
0.200000,0.575000,3.421589e-02
0.212500,0.575000,3.516378e-02
0.225000,0.575000,3.597979e-02
0.237500,0.575000,3.666524e-02
0.250000,0.575000,3.722139e-02
0.262500,0.575000,3.764934e-02
0.275000,0.575000,3.795017e-02
0.287500,0.575000,3.812494e-02
0.300000,0.575000,3.817475e-02
0.312500,0.575000,3.810066e-02
0.325000,0.575000,3.790377e-02
0.337500,0.575000,3.758514e-02
0.350000,0.575000,3.714585e-02
0.362500,0.575000,3.658699e-02
0.375000,0.575000,3.590964e-02
0.387500,0.575000,3.511486e-02
0.400000,0.575000,3.420374e-02
0.412500,0.575000,3.317806e-02
0.425000,0.575000,3.205293e-02
0.437500,0.575000,3.085549e-02
0.450000,0.575000,2.961330e-02
0.462500,0.575000,2.835392e-02
0.475000,0.575000,2.710494e-02
0.487500,0.575000,2.590483e-02
0.500000,0.575000,2.480790e-02
0.512500,0.575000,2.366705e-02
0.525000,0.575000,2.261708e-02
0.537500,0.575000,2.168856e-02
0.550000,0.575000,2.090098e-02
0.562500,0.575000,2.023749e-02
0.575000,0.575000,1.967657e-02
0.587500,0.575000,1.919673e-02
0.600000,0.575000,1.877647e-02
0.612500,0.575000,1.839439e-02
0.625000,0.575000,1.803594e-02
0.637500,0.575000,1.769694e-02
0.650000,0.575000,1.737409e-02
0.662500,0.575000,1.706409e-02
0.675000,0.575000,1.676364e-02
0.687500,0.575000,1.646945e-02
0.700000,0.575000,1.617820e-02
0.712500,0.575000,1.588661e-02
0.725000,0.575000,1.559136e-02
0.737500,0.575000,1.528917e-02
0.750000,0.575000,1.497673e-02
0.762500,0.575000,1.465068e-02
0.775000,0.575000,1.430722e-02
0.787500,0.575000,1.394228e-02
0.800000,0.575000,1.355183e-02
0.812500,0.575000,1.313179e-02
0.825000,0.575000,1.267812e-02
0.837500,0.575000,1.218676e-02
0.850000,0.575000,1.165366e-02
0.862500,0.575000,1.107477e-02
0.875000,0.575000,1.044602e-02
0.887500,0.575000,9.763368e-03
0.900000,0.575000,9.022754e-03
0.912500,0.575000,8.220127e-03
0.925000,0.575000,7.351430e-03
0.937500,0.575000,6.411131e-03
0.950000,0.575000,5.383522e-03
0.962500,0.575000,4.248612e-03
0.975000,0.575000,2.986393e-03
0.987500,0.575000,1.576858e-03
1.000000,0.575000,0.000000e+00
0.000000,0.587500,0.000000e+00
0.012500,0.587500,3.241653e-03
0.025000,0.587500,6.325299e-03
0.037500,0.587500,9.253872e-03
0.050000,0.587500,1.203030e-02
0.062500,0.587500,1.465752e-02
0.075000,0.587500,1.713813e-02
0.087500,0.587500,1.947374e-02
0.100000,0.587500,2.166575e-02
0.112500,0.587500,2.371560e-02
0.125000,0.587500,2.562470e-02
0.137500,0.587500,2.739446e-02
0.150000,0.587500,2.902630e-02
0.162500,0.587500,3.052164e-02
0.175000,0.587500,3.188190e-02
0.187500,0.587500,3.310850e-02
0.200000,0.587500,3.420285e-02
0.212500,0.587500,3.516638e-02
0.225000,0.587500,3.600049e-02
0.237500,0.587500,3.670661e-02
0.250000,0.587500,3.728631e-02
0.262500,0.587500,3.774142e-02
0.275000,0.587500,3.807379e-02
0.287500,0.587500,3.828528e-02
0.300000,0.587500,3.837775e-02
0.312500,0.587500,3.835305e-02
0.325000,0.587500,3.821305e-02
0.337500,0.587500,3.795960e-02
0.350000,0.587500,3.759456e-02
0.362500,0.587500,3.711978e-02
0.375000,0.587500,3.653713e-02
0.387500,0.587500,3.584846e-02
0.400000,0.587500,3.505563e-02
0.412500,0.587500,3.416110e-02
0.425000,0.587500,3.317905e-02
0.437500,0.587500,3.213418e-02
0.450000,0.587500,3.105157e-02
0.462500,0.587500,2.995630e-02
0.475000,0.587500,2.887346e-02
0.487500,0.587500,2.783216e-02
0.500000,0.587500,2.686513e-02
0.512500,0.587500,2.584899e-02
0.525000,0.587500,2.489805e-02
0.537500,0.587500,2.403985e-02
0.550000,0.587500,2.329384e-02
0.562500,0.587500,2.264762e-02
0.575000,0.587500,2.208470e-02
0.587500,0.587500,2.158864e-02
0.600000,0.587500,2.114295e-02
0.612500,0.587500,2.073126e-02
0.625000,0.587500,2.034207e-02
0.637500,0.587500,1.997132e-02
0.650000,0.587500,1.961559e-02
0.662500,0.587500,1.927145e-02
0.675000,0.587500,1.893546e-02
0.687500,0.587500,1.860421e-02
0.700000,0.587500,1.827425e-02
0.712500,0.587500,1.794216e-02
0.725000,0.587500,1.760452e-02
0.737500,0.587500,1.725788e-02
0.750000,0.587500,1.689883e-02
0.762500,0.587500,1.652387e-02
0.775000,0.587500,1.612882e-02
0.787500,0.587500,1.570922e-02
0.800000,0.587500,1.526058e-02
0.812500,0.587500,1.477840e-02
0.825000,0.587500,1.425820e-02
0.837500,0.587500,1.369548e-02
0.850000,0.587500,1.308577e-02
0.862500,0.587500,1.242457e-02
0.875000,0.587500,1.170740e-02
0.887500,0.587500,1.092975e-02
0.900000,0.587500,1.008716e-02
0.912500,0.587500,9.175128e-03
0.925000,0.587500,8.189164e-03
0.937500,0.587500,7.123461e-03
0.950000,0.587500,5.963102e-03
0.962500,0.587500,4.689338e-03
0.975000,0.587500,3.283408e-03
0.987500,0.587500,1.726549e-03
1.000000,0.587500,0.000000e+00
0.000000,0.600000,0.000000e+00
0.012500,0.600000,3.231153e-03
0.025000,0.600000,6.303806e-03
0.037500,0.600000,9.221380e-03
0.050000,0.600000,1.198730e-02
0.062500,0.600000,1.460499e-02
0.075000,0.600000,1.707745e-02
0.087500,0.600000,1.940644e-02
0.100000,0.600000,2.159347e-02
0.112500,0.600000,2.364007e-02
0.125000,0.600000,2.554774e-02
0.137500,0.600000,2.731801e-02
0.150000,0.600000,2.895240e-02
0.162500,0.600000,3.045241e-02
0.175000,0.600000,3.181958e-02
0.187500,0.600000,3.305541e-02
0.200000,0.600000,3.416143e-02
0.212500,0.600000,3.513915e-02
0.225000,0.600000,3.599009e-02
0.237500,0.600000,3.671577e-02
0.250000,0.600000,3.731805e-02
0.262500,0.600000,3.779938e-02
0.275000,0.600000,3.816226e-02
0.287500,0.600000,3.840922e-02
0.300000,0.600000,3.854275e-02
0.312500,0.600000,3.856538e-02
0.325000,0.600000,3.847961e-02
0.337500,0.600000,3.828796e-02
0.350000,0.600000,3.799293e-02
0.362500,0.600000,3.759704e-02
0.375000,0.600000,3.710281e-02
0.387500,0.600000,3.651273e-02
0.400000,0.600000,3.582932e-02
0.412500,0.600000,3.505561e-02
0.425000,0.600000,3.420440e-02
0.437500,0.600000,3.329733e-02
0.450000,0.600000,3.235631e-02
0.462500,0.600000,3.140330e-02
0.475000,0.600000,3.046023e-02
0.487500,0.600000,2.954875e-02
0.500000,0.600000,2.868829e-02
0.512500,0.600000,2.778086e-02
0.525000,0.600000,2.692532e-02
0.537500,0.600000,2.614099e-02
0.550000,0.600000,2.544224e-02
0.562500,0.600000,2.482018e-02
0.575000,0.600000,2.426296e-02
0.587500,0.600000,2.375872e-02
0.600000,0.600000,2.329561e-02
0.612500,0.600000,2.286183e-02
0.625000,0.600000,2.244872e-02
0.637500,0.600000,2.205238e-02
0.650000,0.600000,2.166933e-02
0.662500,0.600000,2.129607e-02
0.675000,0.600000,2.092910e-02
0.687500,0.600000,2.056495e-02
0.700000,0.600000,2.020011e-02
0.712500,0.600000,1.983109e-02
0.725000,0.600000,1.945441e-02
0.737500,0.600000,1.906657e-02
0.750000,0.600000,1.866409e-02
0.762500,0.600000,1.824336e-02
0.775000,0.600000,1.779998e-02
0.787500,0.600000,1.732910e-02
0.800000,0.600000,1.682586e-02
0.812500,0.600000,1.628541e-02
0.825000,0.600000,1.570291e-02
0.837500,0.600000,1.507349e-02
0.850000,0.600000,1.439231e-02
0.862500,0.600000,1.365452e-02
0.875000,0.600000,1.285526e-02
0.887500,0.600000,1.198969e-02
0.900000,0.600000,1.105294e-02
0.912500,0.600000,1.004018e-02
0.925000,0.600000,8.946551e-03
0.937500,0.600000,7.766027e-03
0.950000,0.600000,6.484550e-03
0.962500,0.600000,5.084669e-03
0.975000,0.600000,3.548924e-03
0.987500,0.600000,1.859855e-03
1.000000,0.600000,0.000000e+00
0.000000,0.612500,0.000000e+00
0.012500,0.612500,3.218333e-03
0.025000,0.612500,6.277940e-03
0.037500,0.612500,9.182643e-03
0.050000,0.612500,1.193626e-02
0.062500,0.612500,1.454262e-02
0.075000,0.612500,1.700505e-02
0.087500,0.612500,1.932547e-02
0.100000,0.612500,2.150551e-02
0.112500,0.612500,2.354681e-02
0.125000,0.612500,2.545100e-02
0.137500,0.612500,2.721972e-02
0.150000,0.612500,2.885461e-02
0.162500,0.612500,3.035731e-02
0.175000,0.612500,3.172945e-02
0.187500,0.612500,3.297266e-02
0.200000,0.612500,3.408859e-02
0.212500,0.612500,3.507886e-02
0.225000,0.612500,3.594513e-02
0.237500,0.612500,3.668903e-02
0.250000,0.612500,3.731266e-02
0.262500,0.612500,3.781898e-02
0.275000,0.612500,3.821102e-02
0.287500,0.612500,3.849182e-02
0.300000,0.612500,3.866439e-02
0.312500,0.612500,3.873178e-02
0.325000,0.612500,3.869702e-02
0.337500,0.612500,3.856314e-02
0.350000,0.612500,3.833317e-02
0.362500,0.612500,3.801015e-02
0.375000,0.612500,3.759710e-02
0.387500,0.612500,3.709706e-02
0.400000,0.612500,3.651306e-02
0.412500,0.612500,3.584855e-02
0.425000,0.612500,3.511511e-02
0.437500,0.612500,3.433158e-02
0.450000,0.612500,3.351708e-02
0.462500,0.612500,3.269075e-02
0.475000,0.612500,3.187168e-02
0.487500,0.612500,3.107555e-02
0.500000,0.612500,3.031158e-02
0.512500,0.612500,2.950234e-02
0.525000,0.612500,2.873320e-02
0.537500,0.612500,2.801684e-02
0.550000,0.612500,2.736343e-02
0.562500,0.612500,2.676696e-02
0.575000,0.612500,2.621937e-02
0.587500,0.612500,2.571258e-02
0.600000,0.612500,2.523853e-02
0.612500,0.612500,2.478917e-02
0.625000,0.612500,2.435818e-02
0.637500,0.612500,2.394183e-02
0.650000,0.612500,2.353661e-02
0.662500,0.612500,2.313902e-02
0.675000,0.612500,2.274555e-02
0.687500,0.612500,2.235269e-02
0.700000,0.612500,2.195693e-02
0.712500,0.612500,2.155478e-02
0.725000,0.612500,2.114272e-02
0.737500,0.612500,2.071724e-02
0.750000,0.612500,2.027485e-02
0.762500,0.612500,1.981191e-02
0.775000,0.612500,1.932380e-02
0.787500,0.612500,1.880537e-02
0.800000,0.612500,1.825149e-02
0.812500,0.612500,1.765700e-02
0.825000,0.612500,1.701675e-02
0.837500,0.612500,1.632561e-02
0.850000,0.612500,1.557841e-02
0.862500,0.612500,1.477002e-02
0.875000,0.612500,1.389528e-02
0.887500,0.612500,1.294905e-02
0.900000,0.612500,1.192618e-02
0.912500,0.612500,1.082153e-02
0.925000,0.612500,9.629944e-03
0.937500,0.612500,8.345244e-03
0.950000,0.612500,6.954143e-03
0.962500,0.612500,5.440359e-03
0.975000,0.612500,3.787602e-03
0.987500,0.612500,1.979579e-03
1.000000,0.612500,0.000000e+00
0.000000,0.625000,0.000000e+00
0.012500,0.625000,3.203052e-03
0.025000,0.625000,6.247391e-03
0.037500,0.625000,9.137154e-03
0.050000,0.625000,1.187648e-02
0.062500,0.625000,1.446950e-02
0.075000,0.625000,1.691984e-02
0.087500,0.625000,1.922956e-02
0.100000,0.625000,2.140043e-02
0.112500,0.625000,2.343423e-02
0.125000,0.625000,2.533273e-02
0.137500,0.625000,2.709771e-02
0.150000,0.625000,2.873092e-02
0.162500,0.625000,3.023415e-02
0.175000,0.625000,3.160917e-02
0.187500,0.625000,3.285776e-02
0.200000,0.625000,3.398167e-02
0.212500,0.625000,3.498269e-02
0.225000,0.625000,3.586260e-02
0.237500,0.625000,3.662316e-02
0.250000,0.625000,3.726671e-02
0.262500,0.625000,3.779659e-02
0.275000,0.625000,3.821622e-02
0.287500,0.625000,3.852904e-02
0.300000,0.625000,3.873848e-02
0.312500,0.625000,3.884796e-02
0.325000,0.625000,3.886092e-02
0.337500,0.625000,3.878079e-02
0.350000,0.625000,3.861101e-02
0.362500,0.625000,3.835499e-02
0.375000,0.625000,3.801618e-02
0.387500,0.625000,3.759800e-02
0.400000,0.625000,3.710389e-02
0.412500,0.625000,3.653762e-02
0.425000,0.625000,3.590963e-02
0.437500,0.625000,3.523633e-02
0.450000,0.625000,3.453437e-02
0.462500,0.625000,3.382039e-02
0.475000,0.625000,3.311100e-02
0.487500,0.625000,3.241722e-02
0.500000,0.625000,3.174066e-02
0.512500,0.625000,3.101995e-02
0.525000,0.625000,3.032864e-02
0.537500,0.625000,2.967443e-02
0.550000,0.625000,2.906425e-02
0.562500,0.625000,2.849441e-02
0.575000,0.625000,2.795986e-02
0.587500,0.625000,2.745554e-02
0.600000,0.625000,2.697639e-02
0.612500,0.625000,2.651737e-02
0.625000,0.625000,2.607404e-02
0.637500,0.625000,2.564282e-02
0.650000,0.625000,2.522025e-02
0.662500,0.625000,2.480284e-02
0.675000,0.625000,2.438711e-02
0.687500,0.625000,2.396958e-02
0.700000,0.625000,2.354678e-02
0.712500,0.625000,2.311521e-02
0.725000,0.625000,2.267140e-02
0.737500,0.625000,2.221187e-02
0.750000,0.625000,2.173314e-02
0.762500,0.625000,2.123159e-02
0.775000,0.625000,2.070245e-02
0.787500,0.625000,2.014034e-02
0.800000,0.625000,1.953988e-02
0.812500,0.625000,1.889568e-02
0.825000,0.625000,1.820237e-02
0.837500,0.625000,1.745455e-02
0.850000,0.625000,1.664686e-02
0.862500,0.625000,1.577390e-02
0.875000,0.625000,1.483029e-02
0.887500,0.625000,1.381066e-02
0.900000,0.625000,1.270962e-02
0.912500,0.625000,1.152179e-02
0.925000,0.625000,1.024179e-02
0.937500,0.625000,8.863317e-03
0.950000,0.625000,7.373780e-03
0.962500,0.625000,5.757934e-03
0.975000,0.625000,4.000525e-03
0.987500,0.625000,2.086299e-03
1.000000,0.625000,0.000000e+00
0.000000,0.637500,0.000000e+00
0.012500,0.637500,3.185181e-03
0.025000,0.637500,6.211858e-03
0.037500,0.637500,9.084419e-03
0.050000,0.637500,1.180725e-02
0.062500,0.637500,1.438474e-02
0.075000,0.637500,1.682072e-02
0.087500,0.637500,1.911744e-02
0.100000,0.637500,2.127682e-02
0.112500,0.637500,2.330076e-02
0.125000,0.637500,2.519121e-02
0.137500,0.637500,2.695008e-02
0.150000,0.637500,2.857929e-02
0.162500,0.637500,3.008077e-02
0.175000,0.637500,3.145644e-02
0.187500,0.637500,3.270823e-02
0.200000,0.637500,3.383805e-02
0.212500,0.637500,3.484784e-02
0.225000,0.637500,3.573950e-02
0.237500,0.637500,3.651498e-02
0.250000,0.637500,3.717680e-02
0.262500,0.637500,3.772859e-02
0.275000,0.637500,3.817404e-02
0.287500,0.637500,3.851690e-02
0.300000,0.637500,3.876087e-02
0.312500,0.637500,3.890967e-02
0.325000,0.637500,3.896703e-02
0.337500,0.637500,3.893667e-02
0.350000,0.637500,3.882230e-02
0.362500,0.637500,3.862765e-02
0.375000,0.637500,3.835643e-02
0.387500,0.637500,3.801237e-02
0.400000,0.637500,3.759919e-02
0.412500,0.637500,3.712088e-02
0.425000,0.637500,3.658687e-02
0.437500,0.637500,3.601144e-02
0.450000,0.637500,3.540905e-02
0.462500,0.637500,3.479418e-02
0.475000,0.637500,3.418127e-02
0.487500,0.637500,3.357783e-02
0.500000,0.637500,3.298020e-02
0.512500,0.637500,3.233905e-02
0.525000,0.637500,3.171767e-02
0.537500,0.637500,3.112019e-02
0.550000,0.637500,3.055121e-02
0.562500,0.637500,3.000882e-02
0.575000,0.637500,2.949028e-02
0.587500,0.637500,2.899288e-02
0.600000,0.637500,2.851388e-02
0.612500,0.637500,2.805055e-02
0.625000,0.637500,2.759991e-02
0.637500,0.637500,2.715857e-02
0.650000,0.637500,2.672310e-02
0.662500,0.637500,2.629010e-02
0.675000,0.637500,2.585615e-02
0.687500,0.637500,2.541782e-02
0.700000,0.637500,2.497170e-02
0.712500,0.637500,2.451438e-02
0.725000,0.637500,2.404243e-02
0.737500,0.637500,2.355244e-02
0.750000,0.637500,2.304099e-02
0.762500,0.637500,2.250451e-02
0.775000,0.637500,2.193812e-02
0.787500,0.637500,2.133627e-02
0.800000,0.637500,2.069339e-02
0.812500,0.637500,2.000392e-02
0.825000,0.637500,1.926229e-02
0.837500,0.637500,1.846296e-02
0.850000,0.637500,1.760034e-02
0.862500,0.637500,1.666889e-02
0.875000,0.637500,1.566304e-02
0.887500,0.637500,1.457723e-02
0.900000,0.637500,1.340589e-02
0.912500,0.637500,1.214347e-02
0.925000,0.637500,1.078440e-02
0.937500,0.637500,9.322300e-03
0.950000,0.637500,7.745203e-03
0.962500,0.637500,6.038769e-03
0.975000,0.637500,4.188653e-03
0.987500,0.637500,2.180512e-03
1.000000,0.637500,0.000000e+00
0.000000,0.650000,0.000000e+00
0.012500,0.650000,3.164586e-03
0.025000,0.650000,6.171039e-03
0.037500,0.650000,9.023942e-03
0.050000,0.650000,1.172788e-02
0.062500,0.650000,1.428743e-02
0.075000,0.650000,1.670662e-02
0.087500,0.650000,1.898786e-02
0.100000,0.650000,2.113323e-02
0.112500,0.650000,2.314482e-02
0.125000,0.650000,2.502470e-02
0.137500,0.650000,2.677497e-02
0.150000,0.650000,2.839771e-02
0.162500,0.650000,2.989500e-02
0.175000,0.650000,3.126894e-02
0.187500,0.650000,3.252161e-02
0.200000,0.650000,3.365510e-02
0.212500,0.650000,3.467148e-02
0.225000,0.650000,3.557285e-02
0.237500,0.650000,3.636130e-02
0.250000,0.650000,3.703953e-02
0.262500,0.650000,3.761135e-02
0.275000,0.650000,3.808066e-02
0.287500,0.650000,3.845138e-02
0.300000,0.650000,3.872741e-02
0.312500,0.650000,3.891267e-02
0.325000,0.650000,3.901107e-02
0.337500,0.650000,3.902651e-02
0.350000,0.650000,3.896291e-02
0.362500,0.650000,3.882419e-02
0.375000,0.650000,3.861424e-02
0.387500,0.650000,3.833698e-02
0.400000,0.650000,3.799632e-02
0.412500,0.650000,3.759640e-02
0.425000,0.650000,3.714573e-02
0.437500,0.650000,3.665674e-02
0.450000,0.650000,3.614199e-02
0.462500,0.650000,3.561408e-02
0.475000,0.650000,3.508556e-02
0.487500,0.650000,3.456147e-02
0.500000,0.650000,3.403486e-02
0.512500,0.650000,3.346499e-02
0.525000,0.650000,3.290628e-02
0.537500,0.650000,3.236056e-02
0.550000,0.650000,3.183080e-02
0.562500,0.650000,3.131645e-02
0.575000,0.650000,3.081648e-02
0.587500,0.650000,3.032990e-02
0.600000,0.650000,2.985570e-02
0.612500,0.650000,2.939284e-02
0.625000,0.650000,2.893943e-02
0.637500,0.650000,2.849227e-02
0.650000,0.650000,2.804803e-02
0.662500,0.650000,2.760338e-02
0.675000,0.650000,2.715501e-02
0.687500,0.650000,2.669959e-02
0.700000,0.650000,2.623379e-02
0.712500,0.650000,2.575430e-02
0.725000,0.650000,2.525779e-02
0.737500,0.650000,2.474094e-02
0.750000,0.650000,2.420042e-02
0.762500,0.650000,2.363274e-02
0.775000,0.650000,2.303297e-02
0.787500,0.650000,2.239541e-02
0.800000,0.650000,2.171438e-02
0.812500,0.650000,2.098417e-02
0.825000,0.650000,2.019910e-02
0.837500,0.650000,1.935346e-02
0.850000,0.650000,1.844158e-02
0.862500,0.650000,1.745774e-02
0.875000,0.650000,1.639626e-02
0.887500,0.650000,1.525145e-02
0.900000,0.650000,1.401761e-02
0.912500,0.650000,1.268905e-02
0.925000,0.650000,1.126007e-02
0.937500,0.650000,9.724251e-03
0.950000,0.650000,8.070157e-03
0.962500,0.650000,6.284240e-03
0.975000,0.650000,4.352945e-03
0.987500,0.650000,2.262716e-03
1.000000,0.650000,0.000000e+00
0.000000,0.662500,0.000000e+00
0.012500,0.662500,3.141136e-03
0.025000,0.662500,6.124633e-03
0.037500,0.662500,8.955230e-03
0.050000,0.662500,1.163766e-02
0.062500,0.662500,1.417667e-02
0.075000,0.662500,1.657645e-02
0.087500,0.662500,1.883956e-02
0.100000,0.662500,2.096826e-02
0.112500,0.662500,2.296481e-02
0.125000,0.662500,2.483147e-02
0.137500,0.662500,2.657049e-02
0.150000,0.662500,2.818415e-02
0.162500,0.662500,2.967468e-02
0.175000,0.662500,3.104436e-02
0.187500,0.662500,3.229543e-02
0.200000,0.662500,3.343017e-02
0.212500,0.662500,3.445083e-02
0.225000,0.662500,3.535966e-02
0.237500,0.662500,3.615893e-02
0.250000,0.662500,3.685150e-02
0.262500,0.662500,3.744127e-02
0.275000,0.662500,3.793227e-02
0.287500,0.662500,3.832850e-02
0.300000,0.662500,3.863398e-02
0.312500,0.662500,3.885272e-02
0.325000,0.662500,3.898875e-02
0.337500,0.662500,3.904607e-02
0.350000,0.662500,3.902870e-02
0.362500,0.662500,3.894066e-02
0.375000,0.662500,3.878597e-02
0.387500,0.662500,3.856863e-02
0.400000,0.662500,3.829266e-02
0.412500,0.662500,3.796226e-02
0.425000,0.662500,3.758512e-02
0.437500,0.662500,3.717208e-02
0.450000,0.662500,3.673407e-02
0.462500,0.662500,3.628205e-02
0.475000,0.662500,3.582695e-02
0.487500,0.662500,3.537220e-02
0.500000,0.662500,3.490931e-02
0.512500,0.662500,3.440313e-02
0.525000,0.662500,3.390048e-02
0.537500,0.662500,3.340194e-02
0.550000,0.662500,3.290951e-02
0.562500,0.662500,3.242358e-02
0.575000,0.662500,3.194432e-02
0.587500,0.662500,3.147192e-02
0.600000,0.662500,3.100654e-02
0.612500,0.662500,3.054835e-02
0.625000,0.662500,3.009623e-02
0.637500,0.662500,2.964714e-02
0.650000,0.662500,2.919788e-02
0.662500,0.662500,2.874526e-02
0.675000,0.662500,2.828605e-02
0.687500,0.662500,2.781707e-02
0.700000,0.662500,2.733511e-02
0.712500,0.662500,2.683697e-02
0.725000,0.662500,2.631945e-02
0.737500,0.662500,2.577934e-02
0.750000,0.662500,2.521344e-02
0.762500,0.662500,2.461836e-02
0.775000,0.662500,2.398915e-02
0.787500,0.662500,2.332003e-02
0.800000,0.662500,2.260520e-02
0.812500,0.662500,2.183890e-02
0.825000,0.662500,2.101533e-02
0.837500,0.662500,2.012870e-02
0.850000,0.662500,1.917325e-02
0.862500,0.662500,1.814318e-02
0.875000,0.662500,1.703270e-02
0.887500,0.662500,1.583604e-02
0.900000,0.662500,1.454742e-02
0.912500,0.662500,1.316104e-02
0.925000,0.662500,1.167112e-02
0.937500,0.662500,1.007123e-02
0.950000,0.662500,8.350385e-03
0.962500,0.662500,6.495723e-03
0.975000,0.662500,4.494359e-03
0.987500,0.662500,2.333412e-03
1.000000,0.662500,0.000000e+00
0.000000,0.675000,0.000000e+00
0.012500,0.675000,3.114698e-03
0.025000,0.675000,6.072339e-03
0.037500,0.675000,8.877788e-03
0.050000,0.675000,1.153591e-02
0.062500,0.675000,1.405158e-02
0.075000,0.675000,1.642912e-02
0.087500,0.675000,1.867127e-02
0.100000,0.675000,2.078047e-02
0.112500,0.675000,2.275917e-02
0.125000,0.675000,2.460979e-02
0.137500,0.675000,2.633478e-02
0.150000,0.675000,2.793659e-02
0.162500,0.675000,2.941763e-02
0.175000,0.675000,3.078036e-02
0.187500,0.675000,3.202722e-02
0.200000,0.675000,3.316064e-02
0.212500,0.675000,3.418306e-02
0.225000,0.675000,3.509693e-02
0.237500,0.675000,3.590467e-02
0.250000,0.675000,3.660929e-02
0.262500,0.675000,3.721473e-02
0.275000,0.675000,3.772503e-02
0.287500,0.675000,3.814425e-02
0.300000,0.675000,3.847641e-02
0.312500,0.675000,3.872558e-02
0.325000,0.675000,3.889579e-02
0.337500,0.675000,3.899109e-02
0.350000,0.675000,3.901553e-02
0.362500,0.675000,3.897315e-02
0.375000,0.675000,3.886800e-02
0.387500,0.675000,3.870412e-02
0.400000,0.675000,3.848557e-02
0.412500,0.675000,3.821652e-02
0.425000,0.675000,3.790394e-02
0.437500,0.675000,3.755730e-02
0.450000,0.675000,3.718615e-02
0.462500,0.675000,3.680004e-02
0.475000,0.675000,3.640851e-02
0.487500,0.675000,3.601413e-02
0.500000,0.675000,3.560821e-02
0.512500,0.675000,3.515884e-02
0.525000,0.675000,3.470629e-02
0.537500,0.675000,3.425077e-02
0.550000,0.675000,3.379384e-02
0.562500,0.675000,3.333650e-02
0.575000,0.675000,3.287965e-02
0.587500,0.675000,3.242421e-02
0.600000,0.675000,3.197110e-02
0.612500,0.675000,3.152121e-02
0.625000,0.675000,3.107393e-02
0.637500,0.675000,3.062639e-02
0.650000,0.675000,3.017553e-02
0.662500,0.675000,2.971830e-02
0.675000,0.675000,2.925163e-02
0.687500,0.675000,2.877247e-02
0.700000,0.675000,2.827774e-02
0.712500,0.675000,2.776440e-02
0.725000,0.675000,2.722938e-02
0.737500,0.675000,2.666962e-02
0.750000,0.675000,2.608207e-02
0.762500,0.675000,2.546346e-02
0.775000,0.675000,2.480883e-02
0.787500,0.675000,2.411237e-02
0.800000,0.675000,2.336822e-02
0.812500,0.675000,2.257056e-02
0.825000,0.675000,2.171354e-02
0.837500,0.675000,2.079132e-02
0.850000,0.675000,1.979806e-02
0.862500,0.675000,1.872794e-02
0.875000,0.675000,1.757510e-02
0.887500,0.675000,1.633371e-02
0.900000,0.675000,1.499793e-02
0.912500,0.675000,1.356193e-02
0.925000,0.675000,1.201986e-02
0.937500,0.675000,1.036528e-02
0.950000,0.675000,8.587630e-03
0.962500,0.675000,6.674593e-03
0.975000,0.675000,4.613854e-03
0.987500,0.675000,2.393095e-03
1.000000,0.675000,0.000000e+00
0.000000,0.687500,0.000000e+00
0.012500,0.687500,3.085141e-03
0.025000,0.687500,6.013855e-03
0.037500,0.687500,8.791121e-03
0.050000,0.687500,1.142192e-02
0.062500,0.687500,1.391124e-02
0.075000,0.687500,1.626354e-02
0.087500,0.687500,1.848173e-02
0.100000,0.687500,2.056845e-02
0.112500,0.687500,2.252631e-02
0.125000,0.687500,2.435794e-02
0.137500,0.687500,2.606596e-02
0.150000,0.687500,2.765300e-02
0.162500,0.687500,2.912169e-02
0.175000,0.687500,3.047465e-02
0.187500,0.687500,3.171450e-02
0.200000,0.687500,3.284387e-02
0.212500,0.687500,3.386538e-02
0.225000,0.687500,3.478166e-02
0.237500,0.687500,3.559534e-02
0.250000,0.687500,3.630952e-02
0.262500,0.687500,3.692811e-02
0.275000,0.687500,3.745515e-02
0.287500,0.687500,3.789463e-02
0.300000,0.687500,3.825057e-02
0.312500,0.687500,3.852699e-02
0.325000,0.687500,3.872791e-02
0.337500,0.687500,3.885732e-02
0.350000,0.687500,3.891925e-02
0.362500,0.687500,3.891771e-02
0.375000,0.687500,3.885672e-02
0.387500,0.687500,3.874028e-02
0.400000,0.687500,3.857241e-02
0.412500,0.687500,3.835725e-02
0.425000,0.687500,3.810110e-02
0.437500,0.687500,3.781226e-02
0.450000,0.687500,3.749911e-02
0.462500,0.687500,3.717001e-02
0.475000,0.687500,3.683331e-02
0.487500,0.687500,3.649131e-02
0.500000,0.687500,3.613624e-02
0.512500,0.687500,3.573747e-02
0.525000,0.687500,3.532971e-02
0.537500,0.687500,3.491347e-02
0.550000,0.687500,3.449028e-02
0.562500,0.687500,3.406147e-02
0.575000,0.687500,3.362832e-02
0.587500,0.687500,3.319209e-02
0.600000,0.687500,3.275408e-02
0.612500,0.687500,3.231554e-02
0.625000,0.687500,3.187615e-02
0.637500,0.687500,3.143321e-02
0.650000,0.687500,3.098383e-02
0.662500,0.687500,3.052509e-02
0.675000,0.687500,3.005410e-02
0.687500,0.687500,2.956796e-02
0.700000,0.687500,2.906375e-02
0.712500,0.687500,2.853859e-02
0.725000,0.687500,2.798957e-02
0.737500,0.687500,2.741378e-02
0.750000,0.687500,2.680833e-02
0.762500,0.687500,2.617011e-02
0.775000,0.687500,2.549418e-02
0.787500,0.687500,2.477470e-02
0.800000,0.687500,2.400580e-02
0.812500,0.687500,2.318162e-02
0.825000,0.687500,2.229629e-02
0.837500,0.687500,2.134394e-02
0.850000,0.687500,2.031872e-02
0.862500,0.687500,1.921476e-02
0.875000,0.687500,1.802619e-02
0.887500,0.687500,1.674715e-02
0.900000,0.687500,1.537178e-02
0.912500,0.687500,1.389421e-02
0.925000,0.687500,1.230858e-02
0.937500,0.687500,1.060847e-02
0.950000,0.687500,8.783636e-03
0.962500,0.687500,6.822228e-03
0.975000,0.687500,4.712390e-03
0.987500,0.687500,2.442266e-03
1.000000,0.687500,0.000000e+00
0.000000,0.700000,0.000000e+00
0.012500,0.700000,3.052334e-03
0.025000,0.700000,5.948880e-03
0.037500,0.700000,8.694735e-03
0.050000,0.700000,1.129500e-02
0.062500,0.700000,1.375476e-02
0.075000,0.700000,1.607863e-02
0.087500,0.700000,1.826969e-02
0.100000,0.700000,2.033075e-02
0.112500,0.700000,2.226464e-02
0.125000,0.700000,2.407417e-02
0.137500,0.700000,2.576214e-02
0.150000,0.700000,2.733138e-02
0.162500,0.700000,2.878470e-02
0.175000,0.700000,3.012490e-02
0.187500,0.700000,3.135481e-02
0.200000,0.700000,3.247723e-02
0.212500,0.700000,3.349499e-02
0.225000,0.700000,3.441088e-02
0.237500,0.700000,3.522775e-02
0.250000,0.700000,3.594876e-02
0.262500,0.700000,3.657780e-02
0.275000,0.700000,3.711878e-02
0.287500,0.700000,3.757564e-02
0.300000,0.700000,3.795232e-02
0.312500,0.700000,3.825273e-02
0.325000,0.700000,3.848082e-02
0.337500,0.700000,3.864051e-02
0.350000,0.700000,3.873573e-02
0.362500,0.700000,3.877042e-02
0.375000,0.700000,3.874850e-02
0.387500,0.700000,3.867391e-02
0.400000,0.700000,3.855057e-02
0.412500,0.700000,3.838252e-02
0.425000,0.700000,3.817549e-02
0.437500,0.700000,3.793680e-02
0.450000,0.700000,3.767382e-02
0.462500,0.700000,3.739392e-02
0.475000,0.700000,3.710444e-02
0.487500,0.700000,3.680783e-02
0.500000,0.700000,3.649805e-02
0.512500,0.700000,3.614438e-02
0.525000,0.700000,3.577675e-02
0.537500,0.700000,3.539646e-02
0.550000,0.700000,3.500533e-02
0.562500,0.700000,3.460479e-02
0.575000,0.700000,3.419617e-02
0.587500,0.700000,3.378085e-02
0.600000,0.700000,3.336017e-02
0.612500,0.700000,3.293547e-02
0.625000,0.700000,3.250653e-02
0.637500,0.700000,3.207083e-02
0.650000,0.700000,3.162563e-02
0.662500,0.700000,3.116821e-02
0.675000,0.700000,3.069582e-02
0.687500,0.700000,3.020573e-02
0.700000,0.700000,2.969522e-02
0.712500,0.700000,2.916154e-02
0.725000,0.700000,2.860198e-02
0.737500,0.700000,2.801379e-02
0.750000,0.700000,2.739425e-02
0.762500,0.700000,2.674039e-02
0.775000,0.700000,2.604736e-02
0.787500,0.700000,2.530928e-02
0.800000,0.700000,2.452030e-02
0.812500,0.700000,2.367453e-02
0.825000,0.700000,2.276613e-02
0.837500,0.700000,2.178921e-02
0.850000,0.700000,2.073792e-02
0.862500,0.700000,1.960637e-02
0.875000,0.700000,1.838872e-02
0.887500,0.700000,1.707908e-02
0.900000,0.700000,1.567160e-02
0.912500,0.700000,1.416040e-02
0.925000,0.700000,1.253961e-02
0.937500,0.700000,1.080285e-02
0.950000,0.700000,8.940147e-03
0.962500,0.700000,6.940001e-03
0.975000,0.700000,4.790924e-03
0.987500,0.700000,2.481422e-03
1.000000,0.700000,0.000000e+00
0.000000,0.712500,0.000000e+00
0.012500,0.712500,3.016143e-03
0.025000,0.712500,5.877112e-03
0.037500,0.712500,8.588135e-03
0.050000,0.712500,1.115444e-02
0.062500,0.712500,1.358125e-02
0.075000,0.712500,1.587330e-02
0.087500,0.712500,1.803387e-02
0.100000,0.712500,2.006597e-02
0.112500,0.712500,2.197260e-02
0.125000,0.712500,2.375676e-02
0.137500,0.712500,2.542146e-02
0.150000,0.712500,2.696970e-02
0.162500,0.712500,2.840447e-02
0.175000,0.712500,2.972879e-02
0.187500,0.712500,3.094566e-02
0.200000,0.712500,3.205808e-02
0.212500,0.712500,3.306906e-02
0.225000,0.712500,3.398159e-02
0.237500,0.712500,3.479869e-02
0.250000,0.712500,3.552363e-02
0.262500,0.712500,3.616017e-02
0.275000,0.712500,3.671212e-02
0.287500,0.712500,3.718330e-02
0.300000,0.712500,3.757750e-02
0.312500,0.712500,3.789855e-02
0.325000,0.712500,3.815024e-02
0.337500,0.712500,3.833640e-02
0.350000,0.712500,3.846082e-02
0.362500,0.712500,3.852732e-02
0.375000,0.712500,3.853972e-02
0.387500,0.712500,3.850181e-02
0.400000,0.712500,3.841741e-02
0.412500,0.712500,3.829040e-02
0.425000,0.712500,3.812602e-02
0.437500,0.712500,3.793077e-02
0.450000,0.712500,3.771116e-02
0.462500,0.712500,3.747372e-02
0.475000,0.712500,3.722497e-02
0.487500,0.712500,3.696778e-02
0.500000,0.712500,3.669831e-02
0.512500,0.712500,3.638493e-02
0.525000,0.712500,3.605343e-02
0.537500,0.712500,3.570617e-02
0.550000,0.712500,3.534548e-02
0.562500,0.712500,3.497271e-02
0.575000,0.712500,3.458907e-02
0.587500,0.712500,3.419579e-02
0.600000,0.712500,3.379407e-02
0.612500,0.712500,3.338511e-02
0.625000,0.712500,3.296870e-02
0.637500,0.712500,3.254245e-02
0.650000,0.712500,3.210381e-02
0.662500,0.712500,3.165022e-02
0.675000,0.712500,3.117913e-02
0.687500,0.712500,3.068798e-02
0.700000,0.712500,3.017421e-02
0.712500,0.712500,2.963527e-02
0.725000,0.712500,2.906860e-02
0.737500,0.712500,2.847164e-02
0.750000,0.712500,2.784184e-02
0.762500,0.712500,2.717640e-02
0.775000,0.712500,2.647053e-02
0.787500,0.712500,2.571837e-02
0.800000,0.712500,2.491406e-02
0.812500,0.712500,2.405177e-02
0.825000,0.712500,2.312562e-02
0.837500,0.712500,2.212976e-02
0.850000,0.712500,2.105835e-02
0.862500,0.712500,1.990552e-02
0.875000,0.712500,1.866543e-02
0.887500,0.712500,1.733220e-02
0.900000,0.712500,1.590000e-02
0.912500,0.712500,1.436297e-02
0.925000,0.712500,1.271525e-02
0.937500,0.712500,1.095049e-02
0.950000,0.712500,9.058906e-03
0.962500,0.712500,7.029290e-03
0.975000,0.712500,4.850417e-03
0.987500,0.712500,2.511061e-03
1.000000,0.712500,0.000000e+00
0.000000,0.725000,0.000000e+00
0.012500,0.725000,2.976437e-03
0.025000,0.725000,5.798252e-03
0.037500,0.725000,8.470827e-03
0.050000,0.725000,1.099955e-02
0.062500,0.725000,1.338979e-02
0.075000,0.725000,1.564647e-02
0.087500,0.725000,1.777303e-02
0.100000,0.725000,1.977268e-02
0.112500,0.725000,2.164860e-02
0.125000,0.725000,2.340399e-02
0.137500,0.725000,2.504203e-02
0.150000,0.725000,2.656592e-02
0.162500,0.725000,2.797886e-02
0.175000,0.725000,2.928402e-02
0.187500,0.725000,3.048460e-02
0.200000,0.725000,3.158380e-02
0.212500,0.725000,3.258480e-02
0.225000,0.725000,3.349080e-02
0.237500,0.725000,3.430499e-02
0.250000,0.725000,3.503071e-02
0.262500,0.725000,3.567162e-02
0.275000,0.725000,3.623135e-02
0.287500,0.725000,3.671359e-02
0.300000,0.725000,3.712198e-02
0.312500,0.725000,3.746020e-02
0.325000,0.725000,3.773190e-02
0.337500,0.725000,3.794074e-02
0.350000,0.725000,3.809039e-02
0.362500,0.725000,3.818451e-02
0.375000,0.725000,3.822675e-02
0.387500,0.725000,3.822079e-02
0.400000,0.725000,3.817029e-02
0.412500,0.725000,3.807896e-02
0.425000,0.725000,3.795160e-02
0.437500,0.725000,3.779401e-02
0.450000,0.725000,3.761199e-02
0.462500,0.725000,3.741137e-02
0.475000,0.725000,3.719797e-02
0.487500,0.725000,3.697524e-02
0.500000,0.725000,3.674169e-02
0.512500,0.725000,3.646447e-02
0.525000,0.725000,3.616574e-02
0.537500,0.725000,3.584902e-02
0.550000,0.725000,3.551723e-02
0.562500,0.725000,3.517153e-02
0.575000,0.725000,3.481287e-02
0.587500,0.725000,3.444220e-02
0.600000,0.725000,3.406047e-02
0.612500,0.725000,3.366860e-02
0.625000,0.725000,3.326627e-02
0.637500,0.725000,3.285127e-02
0.650000,0.725000,3.242121e-02
0.662500,0.725000,3.197371e-02
0.675000,0.725000,3.150640e-02
0.687500,0.725000,3.101689e-02
0.700000,0.725000,3.050281e-02
0.712500,0.725000,2.996177e-02
0.725000,0.725000,2.939139e-02
0.737500,0.725000,2.878930e-02
0.750000,0.725000,2.815311e-02
0.762500,0.725000,2.748021e-02
0.775000,0.725000,2.676585e-02
0.787500,0.725000,2.600421e-02
0.800000,0.725000,2.518947e-02
0.812500,0.725000,2.431578e-02
0.825000,0.725000,2.337731e-02
0.837500,0.725000,2.236824e-02
0.850000,0.725000,2.128273e-02
0.862500,0.725000,2.011494e-02
0.875000,0.725000,1.885905e-02
0.887500,0.725000,1.750923e-02
0.900000,0.725000,1.605963e-02
0.912500,0.725000,1.450443e-02
0.925000,0.725000,1.283780e-02
0.937500,0.725000,1.105342e-02
0.950000,0.725000,9.141656e-03
0.962500,0.725000,7.091471e-03
0.975000,0.725000,4.891826e-03
0.987500,0.725000,2.531682e-03
1.000000,0.725000,0.000000e+00
0.000000,0.737500,0.000000e+00
0.012500,0.737500,2.933085e-03
0.025000,0.737500,5.711996e-03
0.037500,0.737500,8.342315e-03
0.050000,0.737500,1.082962e-02
0.062500,0.737500,1.317950e-02
0.075000,0.737500,1.539704e-02
0.087500,0.737500,1.748590e-02
0.100000,0.737500,1.944945e-02
0.112500,0.737500,2.129106e-02
0.125000,0.737500,2.301411e-02
0.137500,0.737500,2.462198e-02
0.150000,0.737500,2.611805e-02
0.162500,0.737500,2.750568e-02
0.175000,0.737500,2.878825e-02
0.187500,0.737500,2.996915e-02
0.200000,0.737500,3.105174e-02
0.212500,0.737500,3.203940e-02
0.225000,0.737500,3.293551e-02
0.237500,0.737500,3.374344e-02
0.250000,0.737500,3.446661e-02
0.262500,0.737500,3.510852e-02
0.275000,0.737500,3.567265e-02
0.287500,0.737500,3.616252e-02
0.300000,0.737500,3.658162e-02
0.312500,0.737500,3.693344e-02
0.325000,0.737500,3.722150e-02
0.337500,0.737500,3.744928e-02
0.350000,0.737500,3.762029e-02
0.362500,0.737500,3.773803e-02
0.375000,0.737500,3.780599e-02
0.387500,0.737500,3.782767e-02
0.400000,0.737500,3.780659e-02
0.412500,0.737500,3.774627e-02
0.425000,0.737500,3.765113e-02
0.437500,0.737500,3.752636e-02
0.450000,0.737500,3.737719e-02
0.462500,0.737500,3.720883e-02
0.475000,0.737500,3.702651e-02
0.487500,0.737500,3.683427e-02
0.500000,0.737500,3.663284e-02
0.512500,0.737500,3.638838e-02
0.525000,0.737500,3.611969e-02
0.537500,0.737500,3.583144e-02
0.550000,0.737500,3.552707e-02
0.562500,0.737500,3.520752e-02
0.575000,0.737500,3.487342e-02
0.587500,0.737500,3.452539e-02
0.600000,0.737500,3.416406e-02
0.612500,0.737500,3.379005e-02
0.625000,0.737500,3.340288e-02
0.637500,0.737500,3.300050e-02
0.650000,0.737500,3.258069e-02
0.662500,0.737500,3.214125e-02
0.675000,0.737500,3.167998e-02
0.687500,0.737500,3.119465e-02
0.700000,0.737500,3.068308e-02
0.712500,0.737500,3.014304e-02
0.725000,0.737500,2.957234e-02
0.737500,0.737500,2.896876e-02
0.750000,0.737500,2.833010e-02
0.762500,0.737500,2.765390e-02
0.775000,0.737500,2.693549e-02
0.787500,0.737500,2.616908e-02
0.800000,0.737500,2.534886e-02
0.812500,0.737500,2.446902e-02
0.825000,0.737500,2.352376e-02
0.837500,0.737500,2.250727e-02
0.850000,0.737500,2.141374e-02
0.862500,0.737500,2.023736e-02
0.875000,0.737500,1.897234e-02
0.887500,0.737500,1.761285e-02
0.900000,0.737500,1.615310e-02
0.912500,0.737500,1.458728e-02
0.925000,0.737500,1.290958e-02
0.937500,0.737500,1.111372e-02
0.950000,0.737500,9.190142e-03
0.962500,0.737500,7.127918e-03
0.975000,0.737500,4.916111e-03
0.987500,0.737500,2.543784e-03
1.000000,0.737500,0.000000e+00
0.000000,0.750000,0.000000e+00
0.012500,0.750000,2.885953e-03
0.025000,0.750000,5.618044e-03
0.037500,0.750000,8.202106e-03
0.050000,0.750000,1.064397e-02
0.062500,0.750000,1.294947e-02
0.075000,0.750000,1.512394e-02
0.087500,0.750000,1.717122e-02
0.100000,0.750000,1.909485e-02
0.112500,0.750000,2.089840e-02
0.125000,0.750000,2.258541e-02
0.137500,0.750000,2.415944e-02
0.150000,0.750000,2.562404e-02
0.162500,0.750000,2.698277e-02
0.175000,0.750000,2.823919e-02
0.187500,0.750000,2.939684e-02
0.200000,0.750000,3.045927e-02
0.212500,0.750000,3.143006e-02
0.225000,0.750000,3.231273e-02
0.237500,0.750000,3.311086e-02
0.250000,0.750000,3.382792e-02
0.262500,0.750000,3.446725e-02
0.275000,0.750000,3.503220e-02
0.287500,0.750000,3.552609e-02
0.300000,0.750000,3.595226e-02
0.312500,0.750000,3.631404e-02
0.325000,0.750000,3.661476e-02
0.337500,0.750000,3.685777e-02
0.350000,0.750000,3.704638e-02
0.362500,0.750000,3.718395e-02
0.375000,0.750000,3.727379e-02
0.387500,0.750000,3.731926e-02
0.400000,0.750000,3.732367e-02
0.412500,0.750000,3.729039e-02
0.425000,0.750000,3.722350e-02
0.437500,0.750000,3.712768e-02
0.450000,0.750000,3.700763e-02
0.462500,0.750000,3.686806e-02
0.475000,0.750000,3.671368e-02
0.487500,0.750000,3.654896e-02
0.500000,0.750000,3.637645e-02
0.512500,0.750000,3.616199e-02
0.525000,0.750000,3.592130e-02
0.537500,0.750000,3.565985e-02
0.550000,0.750000,3.538149e-02
0.562500,0.750000,3.508695e-02
0.575000,0.750000,3.477656e-02
0.587500,0.750000,3.445065e-02
0.600000,0.750000,3.410956e-02
0.612500,0.750000,3.375358e-02
0.625000,0.750000,3.338216e-02
0.637500,0.750000,3.299335e-02
0.650000,0.750000,3.258512e-02
0.662500,0.750000,3.215543e-02
0.675000,0.750000,3.170222e-02
0.687500,0.750000,3.122346e-02
0.700000,0.750000,3.071710e-02
0.712500,0.750000,3.018109e-02
0.725000,0.750000,2.961341e-02
0.737500,0.750000,2.901200e-02
0.750000,0.750000,2.837481e-02
0.762500,0.750000,2.769955e-02
0.775000,0.750000,2.698161e-02
0.787500,0.750000,2.621523e-02
0.800000,0.750000,2.539461e-02
0.812500,0.750000,2.451397e-02
0.825000,0.750000,2.356752e-02
0.837500,0.750000,2.254949e-02
0.850000,0.750000,2.145409e-02
0.862500,0.750000,2.027553e-02
0.875000,0.750000,1.900802e-02
0.887500,0.750000,1.764579e-02
0.900000,0.750000,1.618305e-02
0.912500,0.750000,1.461401e-02
0.925000,0.750000,1.293289e-02
0.937500,0.750000,1.113343e-02
0.950000,0.750000,9.206106e-03
0.962500,0.750000,7.140008e-03
0.975000,0.750000,4.924230e-03
0.987500,0.750000,2.547864e-03
1.000000,0.750000,0.000000e+00
0.000000,0.762500,0.000000e+00
0.012500,0.762500,2.834819e-03
0.025000,0.762500,5.515924e-03
0.037500,0.762500,8.049467e-03
0.050000,0.762500,1.044160e-02
0.062500,0.762500,1.269847e-02
0.075000,0.762500,1.482571e-02
0.087500,0.762500,1.682733e-02
0.100000,0.762500,1.870705e-02
0.112500,0.762500,2.046861e-02
0.125000,0.762500,2.211572e-02
0.137500,0.762500,2.365211e-02
0.150000,0.762500,2.508149e-02
0.162500,0.762500,2.640760e-02
0.175000,0.762500,2.763416e-02
0.187500,0.762500,2.876489e-02
0.200000,0.762500,2.980351e-02
0.212500,0.762500,3.075375e-02
0.225000,0.762500,3.161934e-02
0.237500,0.762500,3.240398e-02
0.250000,0.762500,3.311122e-02
0.262500,0.762500,3.374427e-02
0.275000,0.762500,3.430630e-02
0.287500,0.762500,3.480049e-02
0.300000,0.762500,3.523002e-02
0.312500,0.762500,3.559804e-02
0.325000,0.762500,3.590775e-02
0.337500,0.762500,3.616232e-02
0.350000,0.762500,3.636492e-02
0.362500,0.762500,3.651872e-02
0.375000,0.762500,3.662690e-02
0.387500,0.762500,3.669264e-02
0.400000,0.762500,3.671911e-02
0.412500,0.762500,3.670951e-02
0.425000,0.762500,3.666760e-02
0.437500,0.762500,3.659761e-02
0.450000,0.762500,3.650380e-02
0.462500,0.762500,3.639042e-02
0.475000,0.762500,3.626174e-02
0.487500,0.762500,3.612242e-02
0.500000,0.762500,3.597610e-02
0.512500,0.762500,3.578948e-02
0.525000,0.762500,3.557525e-02
0.537500,0.762500,3.533926e-02
0.550000,0.762500,3.508557e-02
0.562500,0.762500,3.481474e-02
0.575000,0.762500,3.452689e-02
0.587500,0.762500,3.422215e-02
0.600000,0.762500,3.390063e-02
0.612500,0.762500,3.356244e-02
0.625000,0.762500,3.320695e-02
0.637500,0.762500,3.283234e-02
0.650000,0.762500,3.243672e-02
0.662500,0.762500,3.201822e-02
0.675000,0.762500,3.157492e-02
0.687500,0.762500,3.110494e-02
0.700000,0.762500,3.060640e-02
0.712500,0.762500,3.007738e-02
0.725000,0.762500,2.951601e-02
0.737500,0.762500,2.892039e-02
0.750000,0.762500,2.828863e-02
0.762500,0.762500,2.761856e-02
0.775000,0.762500,2.690564e-02
0.787500,0.762500,2.614411e-02
0.800000,0.762500,2.532821e-02
0.812500,0.762500,2.445216e-02
0.825000,0.762500,2.351020e-02
0.837500,0.762500,2.249655e-02
0.850000,0.762500,2.140544e-02
0.862500,0.762500,2.023111e-02
0.875000,0.762500,1.896779e-02
0.887500,0.762500,1.760970e-02
0.900000,0.762500,1.615107e-02
0.912500,0.762500,1.458614e-02
0.925000,0.762500,1.290914e-02
0.937500,0.762500,1.111381e-02
0.950000,0.762500,9.190603e-03
0.962500,0.762500,7.128570e-03
0.975000,0.762500,4.916759e-03
0.987500,0.762500,2.544220e-03
1.000000,0.762500,0.000000e+00
0.000000,0.775000,0.000000e+00
0.012500,0.775000,2.779141e-03
0.025000,0.775000,5.404576e-03
0.037500,0.775000,7.882853e-03
0.050000,0.775000,1.022052e-02
0.062500,0.775000,1.242412e-02
0.075000,0.775000,1.449961e-02
0.087500,0.775000,1.645122e-02
0.100000,0.775000,1.828281e-02
0.112500,0.775000,1.999826e-02
0.125000,0.775000,2.160147e-02
0.137500,0.775000,2.309630e-02
0.150000,0.775000,2.448664e-02
0.162500,0.775000,2.577637e-02
0.175000,0.775000,2.696937e-02
0.187500,0.775000,2.806952e-02
0.200000,0.775000,2.908071e-02
0.212500,0.775000,3.000680e-02
0.225000,0.775000,3.085169e-02
0.237500,0.775000,3.161924e-02
0.250000,0.775000,3.231306e-02
0.262500,0.775000,3.293621e-02
0.275000,0.775000,3.349171e-02
0.287500,0.775000,3.398259e-02
0.300000,0.775000,3.441187e-02
0.312500,0.775000,3.478258e-02
0.325000,0.775000,3.509773e-02
0.337500,0.775000,3.536035e-02
0.350000,0.775000,3.557345e-02
0.362500,0.775000,3.574008e-02
0.375000,0.775000,3.586323e-02
0.387500,0.775000,3.594594e-02
0.400000,0.775000,3.599124e-02
0.412500,0.775000,3.600215e-02
0.425000,0.775000,3.598216e-02
0.437500,0.775000,3.593511e-02
0.450000,0.775000,3.586487e-02
0.462500,0.775000,3.577530e-02
0.475000,0.775000,3.567026e-02
0.487500,0.775000,3.555435e-02
0.500000,0.775000,3.543171e-02
0.512500,0.775000,3.527092e-02
0.525000,0.775000,3.508168e-02
0.537500,0.775000,3.486988e-02
0.550000,0.775000,3.463954e-02
0.562500,0.775000,3.439115e-02
0.575000,0.775000,3.412468e-02
0.587500,0.775000,3.384014e-02
0.600000,0.775000,3.353754e-02
0.612500,0.775000,3.321686e-02
0.625000,0.775000,3.287742e-02
0.637500,0.775000,3.251757e-02
0.650000,0.775000,3.213555e-02
0.662500,0.775000,3.172960e-02
0.675000,0.775000,3.129798e-02
0.687500,0.775000,3.083892e-02
0.700000,0.775000,3.035067e-02
0.712500,0.775000,2.983148e-02
0.725000,0.775000,2.927959e-02
0.737500,0.775000,2.869326e-02
0.750000,0.775000,2.807073e-02
0.762500,0.775000,2.740995e-02
0.775000,0.775000,2.670646e-02
0.787500,0.775000,2.595448e-02
0.800000,0.775000,2.514828e-02
0.812500,0.775000,2.428208e-02
0.825000,0.775000,2.335014e-02
0.837500,0.775000,2.234669e-02
0.850000,0.775000,2.126597e-02
0.862500,0.775000,2.010224e-02
0.875000,0.775000,1.884971e-02
0.887500,0.775000,1.750265e-02
0.900000,0.775000,1.605529e-02
0.912500,0.775000,1.450187e-02
0.925000,0.775000,1.283664e-02
0.937500,0.775000,1.105334e-02
0.950000,0.775000,9.142335e-03
0.962500,0.775000,7.092567e-03
0.975000,0.775000,4.892967e-03
0.987500,0.775000,2.532467e-03
1.000000,0.775000,0.000000e+00
0.000000,0.787500,0.000000e+00
0.012500,0.787500,2.718312e-03
0.025000,0.787500,5.282819e-03
0.037500,0.787500,7.700547e-03
0.050000,0.787500,9.978523e-03
0.062500,0.787500,1.212377e-02
0.075000,0.787500,1.414266e-02
0.087500,0.787500,1.603958e-02
0.100000,0.787500,1.781856e-02
0.112500,0.787500,1.948361e-02
0.125000,0.787500,2.103876e-02
0.137500,0.787500,2.248803e-02
0.150000,0.787500,2.383544e-02
0.162500,0.787500,2.508501e-02
0.175000,0.787500,2.624077e-02
0.187500,0.787500,2.730673e-02
0.200000,0.787500,2.828692e-02
0.212500,0.787500,2.918535e-02
0.225000,0.787500,3.000606e-02
0.237500,0.787500,3.075305e-02
0.250000,0.787500,3.142996e-02
0.262500,0.787500,3.203973e-02
0.275000,0.787500,3.258525e-02
0.287500,0.787500,3.306937e-02
0.300000,0.787500,3.349499e-02
0.312500,0.787500,3.386497e-02
0.325000,0.787500,3.418219e-02
0.337500,0.787500,3.444952e-02
0.350000,0.787500,3.466984e-02
0.362500,0.787500,3.484602e-02
0.375000,0.787500,3.498095e-02
0.387500,0.787500,3.507748e-02
0.400000,0.787500,3.513851e-02
0.412500,0.787500,3.516691e-02
0.425000,0.787500,3.516591e-02
0.437500,0.787500,3.513902e-02
0.450000,0.787500,3.508976e-02
0.462500,0.787500,3.502165e-02
0.475000,0.787500,3.493821e-02
0.487500,0.787500,3.484376e-02
0.500000,0.787500,3.474244e-02
0.512500,0.787500,3.460550e-02
0.525000,0.787500,3.443979e-02
0.537500,0.787500,3.425088e-02
0.550000,0.787500,3.404263e-02
0.562500,0.787500,3.381544e-02
0.575000,0.787500,3.356928e-02
0.587500,0.787500,3.330408e-02
0.600000,0.787500,3.301981e-02
0.612500,0.787500,3.271640e-02
0.625000,0.787500,3.239321e-02
0.637500,0.787500,3.204869e-02
0.650000,0.787500,3.168121e-02
0.662500,0.787500,3.128915e-02
0.675000,0.787500,3.087088e-02
0.687500,0.787500,3.042477e-02
0.700000,0.787500,2.994920e-02
0.712500,0.787500,2.944255e-02
0.725000,0.787500,2.890318e-02
0.737500,0.787500,2.832948e-02
0.750000,0.787500,2.771982e-02
0.762500,0.787500,2.707227e-02
0.775000,0.787500,2.638241e-02
0.787500,0.787500,2.564449e-02
0.800000,0.787500,2.485279e-02
0.812500,0.787500,2.400154e-02
0.825000,0.787500,2.308500e-02
0.837500,0.787500,2.209743e-02
0.850000,0.787500,2.103309e-02
0.862500,0.787500,1.988623e-02
0.875000,0.787500,1.865111e-02
0.887500,0.787500,1.732197e-02
0.900000,0.787500,1.589308e-02
0.912500,0.787500,1.435869e-02
0.925000,0.787500,1.271305e-02
0.937500,0.787500,1.094991e-02
0.950000,0.787500,9.059503e-03
0.962500,0.787500,7.030566e-03
0.975000,0.787500,4.851842e-03
0.987500,0.787500,2.512073e-03
1.000000,0.787500,0.000000e+00
0.000000,0.800000,0.000000e+00
0.012500,0.800000,2.651726e-03
0.025000,0.800000,5.149471e-03
0.037500,0.800000,7.500833e-03
0.050000,0.800000,9.713411e-03
0.062500,0.800000,1.179480e-02
0.075000,0.800000,1.375185e-02
0.087500,0.800000,1.558913e-02
0.100000,0.800000,1.731077e-02
0.112500,0.800000,1.892092e-02
0.125000,0.800000,2.042372e-02
0.137500,0.800000,2.182332e-02
0.150000,0.800000,2.312385e-02
0.162500,0.800000,2.432946e-02
0.175000,0.800000,2.544430e-02
0.187500,0.800000,2.647250e-02
0.200000,0.800000,2.741820e-02
0.212500,0.800000,2.828556e-02
0.225000,0.800000,2.907871e-02
0.237500,0.800000,2.980179e-02
0.250000,0.800000,3.045846e-02
0.262500,0.800000,3.105153e-02
0.275000,0.800000,3.158375e-02
0.287500,0.800000,3.205784e-02
0.300000,0.800000,3.247653e-02
0.312500,0.800000,3.284255e-02
0.325000,0.800000,3.315864e-02
0.337500,0.800000,3.342752e-02
0.350000,0.800000,3.365192e-02
0.362500,0.800000,3.383458e-02
0.375000,0.800000,3.397822e-02
0.387500,0.800000,3.408558e-02
0.400000,0.800000,3.415939e-02
0.412500,0.800000,3.420239e-02
0.425000,0.800000,3.421757e-02
0.437500,0.800000,3.420816e-02
0.450000,0.800000,3.417737e-02
0.462500,0.800000,3.412843e-02
0.475000,0.800000,3.406457e-02
0.487500,0.800000,3.398968e-02
0.500000,0.800000,3.390743e-02
0.512500,0.800000,3.379244e-02
0.525000,0.800000,3.364876e-02
0.537500,0.800000,3.348143e-02
0.550000,0.800000,3.329402e-02
0.562500,0.800000,3.308690e-02
0.575000,0.800000,3.286003e-02
0.587500,0.800000,3.261339e-02
0.600000,0.800000,3.234695e-02
0.612500,0.800000,3.206065e-02
0.625000,0.800000,3.175391e-02
0.637500,0.800000,3.142530e-02
0.650000,0.800000,3.107329e-02
0.662500,0.800000,3.069640e-02
0.675000,0.800000,3.029311e-02
0.687500,0.800000,2.986191e-02
0.700000,0.800000,2.940130e-02
0.712500,0.800000,2.890977e-02
0.725000,0.800000,2.838581e-02
0.737500,0.800000,2.782793e-02
0.750000,0.800000,2.723460e-02
0.762500,0.800000,2.660404e-02
0.775000,0.800000,2.593184e-02
0.787500,0.800000,2.521231e-02
0.800000,0.800000,2.443971e-02
0.812500,0.800000,2.360833e-02
0.825000,0.800000,2.271244e-02
0.837500,0.800000,2.174631e-02
0.850000,0.800000,2.070422e-02
0.862500,0.800000,1.958045e-02
0.875000,0.800000,1.836927e-02
0.887500,0.800000,1.706497e-02
0.900000,0.800000,1.566181e-02
0.912500,0.800000,1.415407e-02
0.925000,0.800000,1.253604e-02
0.937500,0.800000,1.080144e-02
0.950000,0.800000,8.940311e-03
0.962500,0.800000,6.941133e-03
0.975000,0.800000,4.792375e-03
0.987500,0.800000,2.482507e-03
1.000000,0.800000,0.000000e+00
0.000000,0.812500,0.000000e+00
0.012500,0.812500,2.578775e-03
0.025000,0.812500,5.003348e-03
0.037500,0.812500,7.281992e-03
0.050000,0.812500,9.422980e-03
0.062500,0.812500,1.143458e-02
0.075000,0.812500,1.332419e-02
0.087500,0.812500,1.509655e-02
0.100000,0.812500,1.675588e-02
0.112500,0.812500,1.830643e-02
0.125000,0.812500,1.975245e-02
0.137500,0.812500,2.109816e-02
0.150000,0.812500,2.234782e-02
0.162500,0.812500,2.350565e-02
0.175000,0.812500,2.457591e-02
0.187500,0.812500,2.556282e-02
0.200000,0.812500,2.647063e-02
0.212500,0.812500,2.730358e-02
0.225000,0.812500,2.806591e-02
0.237500,0.812500,2.876185e-02
0.250000,0.812500,2.939508e-02
0.262500,0.812500,2.996828e-02
0.275000,0.812500,3.048406e-02
0.287500,0.812500,3.094498e-02
0.300000,0.812500,3.135366e-02
0.312500,0.812500,3.171266e-02
0.325000,0.812500,3.202458e-02
0.337500,0.812500,3.229201e-02
0.350000,0.812500,3.251754e-02
0.362500,0.812500,3.270374e-02
0.375000,0.812500,3.285323e-02
0.387500,0.812500,3.296857e-02
0.400000,0.812500,3.305236e-02
0.412500,0.812500,3.310719e-02
0.425000,0.812500,3.313587e-02
0.437500,0.812500,3.314134e-02
0.450000,0.812500,3.312659e-02
0.462500,0.812500,3.309459e-02
0.475000,0.812500,3.304830e-02
0.487500,0.812500,3.299109e-02
0.500000,0.812500,3.292583e-02
0.512500,0.812500,3.283092e-02
0.525000,0.812500,3.270779e-02
0.537500,0.812500,3.256073e-02
0.550000,0.812500,3.239293e-02
0.562500,0.812500,3.220478e-02
0.575000,0.812500,3.199630e-02
0.587500,0.812500,3.176753e-02
0.600000,0.812500,3.151849e-02
0.612500,0.812500,3.124920e-02
0.625000,0.812500,3.095915e-02
0.637500,0.812500,3.064702e-02
0.650000,0.812500,3.031141e-02
0.662500,0.812500,2.995092e-02
0.675000,0.812500,2.956416e-02
0.687500,0.812500,2.914973e-02
0.700000,0.812500,2.870625e-02
0.712500,0.812500,2.823230e-02
0.725000,0.812500,2.772651e-02
0.737500,0.812500,2.718748e-02
0.750000,0.812500,2.661380e-02
0.762500,0.812500,2.600379e-02
0.775000,0.812500,2.535311e-02
0.787500,0.812500,2.465610e-02
0.800000,0.812500,2.390705e-02
0.812500,0.812500,2.310028e-02
0.825000,0.812500,2.223010e-02
0.837500,0.812500,2.129083e-02
0.850000,0.812500,2.027677e-02
0.862500,0.812500,1.918223e-02
0.875000,0.812500,1.800152e-02
0.887500,0.812500,1.672896e-02
0.900000,0.812500,1.535886e-02
0.912500,0.812500,1.388552e-02
0.925000,0.812500,1.230325e-02
0.937500,0.812500,1.060581e-02
0.950000,0.812500,8.782958e-03
0.962500,0.812500,6.822836e-03
0.975000,0.812500,4.713556e-03
0.987500,0.812500,2.443238e-03
1.000000,0.812500,0.000000e+00
0.000000,0.825000,0.000000e+00
0.012500,0.825000,2.498851e-03
0.025000,0.825000,4.843269e-03
0.037500,0.825000,7.042308e-03
0.050000,0.825000,9.105027e-03
0.062500,0.825000,1.104048e-02
0.075000,0.825000,1.285669e-02
0.087500,0.825000,1.455854e-02
0.100000,0.825000,1.615035e-02
0.112500,0.825000,1.763642e-02
0.125000,0.825000,1.902106e-02
0.137500,0.825000,2.030859e-02
0.150000,0.825000,2.150331e-02
0.162500,0.825000,2.260952e-02
0.175000,0.825000,2.363155e-02
0.187500,0.825000,2.457370e-02
0.200000,0.825000,2.544027e-02
0.212500,0.825000,2.623558e-02
0.225000,0.825000,2.696393e-02
0.237500,0.825000,2.762963e-02
0.250000,0.825000,2.823636e-02
0.262500,0.825000,2.878666e-02
0.275000,0.825000,2.928300e-02
0.287500,0.825000,2.972780e-02
0.300000,0.825000,3.012353e-02
0.312500,0.825000,3.047262e-02
0.325000,0.825000,3.077752e-02
0.337500,0.825000,3.104068e-02
0.350000,0.825000,3.126453e-02
0.362500,0.825000,3.145154e-02
0.375000,0.825000,3.160413e-02
0.387500,0.825000,3.172476e-02
0.400000,0.825000,3.181587e-02
0.412500,0.825000,3.187992e-02
0.425000,0.825000,3.191951e-02
0.437500,0.825000,3.193740e-02
0.450000,0.825000,3.193634e-02
0.462500,0.825000,3.191909e-02
0.475000,0.825000,3.188840e-02
0.487500,0.825000,3.184702e-02
0.500000,0.825000,3.179679e-02
0.512500,0.825000,3.172015e-02
0.525000,0.825000,3.161605e-02
0.537500,0.825000,3.148794e-02
0.550000,0.825000,3.133857e-02
0.562500,0.825000,3.116836e-02
0.575000,0.825000,3.097744e-02
0.587500,0.825000,3.076592e-02
0.600000,0.825000,3.053395e-02
0.612500,0.825000,3.028162e-02
0.625000,0.825000,3.000854e-02
0.637500,0.825000,2.971348e-02
0.650000,0.825000,2.939514e-02
0.662500,0.825000,2.905225e-02
0.675000,0.825000,2.868352e-02
0.687500,0.825000,2.828764e-02
0.700000,0.825000,2.786334e-02
0.712500,0.825000,2.740933e-02
0.725000,0.825000,2.692431e-02
0.737500,0.825000,2.640701e-02
0.750000,0.825000,2.585612e-02
0.762500,0.825000,2.527005e-02
0.775000,0.825000,2.464456e-02
0.787500,0.825000,2.397401e-02
0.800000,0.825000,2.325277e-02
0.812500,0.825000,2.247519e-02
0.825000,0.825000,2.163566e-02
0.837500,0.825000,2.072852e-02
0.850000,0.825000,1.974815e-02
0.862500,0.825000,1.868891e-02
0.875000,0.825000,1.754516e-02
0.887500,0.825000,1.631127e-02
0.900000,0.825000,1.498159e-02
0.912500,0.825000,1.355051e-02
0.925000,0.825000,1.201237e-02
0.937500,0.825000,1.036092e-02
0.950000,0.825000,8.585648e-03
0.962500,0.825000,6.674239e-03
0.975000,0.825000,4.614375e-03
0.987500,0.825000,2.393734e-03
1.000000,0.825000,0.000000e+00
0.000000,0.837500,0.000000e+00
0.012500,0.837500,2.411348e-03
0.025000,0.837500,4.668050e-03
0.037500,0.837500,6.780064e-03
0.050000,0.837500,8.757349e-03
0.062500,0.837500,1.060986e-02
0.075000,0.837500,1.234634e-02
0.087500,0.837500,1.397181e-02
0.100000,0.837500,1.549062e-02
0.112500,0.837500,1.690713e-02
0.125000,0.837500,1.822567e-02
0.137500,0.837500,1.945060e-02
0.150000,0.837500,2.058626e-02
0.162500,0.837500,2.163701e-02
0.175000,0.837500,2.260717e-02
0.187500,0.837500,2.350111e-02
0.200000,0.837500,2.432317e-02
0.212500,0.837500,2.507770e-02
0.225000,0.837500,2.576903e-02
0.237500,0.837500,2.640153e-02
0.250000,0.837500,2.697882e-02
0.262500,0.837500,2.750335e-02
0.275000,0.837500,2.797741e-02
0.287500,0.837500,2.840330e-02
0.300000,0.837500,2.878332e-02
0.312500,0.837500,2.911978e-02
0.325000,0.837500,2.941497e-02
0.337500,0.837500,2.967120e-02
0.350000,0.837500,2.989076e-02
0.362500,0.837500,3.007596e-02
0.375000,0.837500,3.022910e-02
0.387500,0.837500,3.035248e-02
0.400000,0.837500,3.044840e-02
0.412500,0.837500,3.051916e-02
0.425000,0.837500,3.056722e-02
0.437500,0.837500,3.059515e-02
0.450000,0.837500,3.060551e-02
0.462500,0.837500,3.060088e-02
0.475000,0.837500,3.058384e-02
0.487500,0.837500,3.055647e-02
0.500000,0.837500,3.051946e-02
0.512500,0.837500,3.045934e-02
0.525000,0.837500,3.037274e-02
0.537500,0.837500,3.026224e-02
0.550000,0.837500,3.013014e-02
0.562500,0.837500,2.997691e-02
0.575000,0.837500,2.980278e-02
0.587500,0.837500,2.960801e-02
0.600000,0.837500,2.939284e-02
0.612500,0.837500,2.915750e-02
0.625000,0.837500,2.890169e-02
0.637500,0.837500,2.862429e-02
0.650000,0.837500,2.832411e-02
0.662500,0.837500,2.799996e-02
0.675000,0.837500,2.765067e-02
0.687500,0.837500,2.727504e-02
0.700000,0.837500,2.687188e-02
0.712500,0.837500,2.644001e-02
0.725000,0.837500,2.597825e-02
0.737500,0.837500,2.548539e-02
0.750000,0.837500,2.496026e-02
0.762500,0.837500,2.440137e-02
0.775000,0.837500,2.380453e-02
0.787500,0.837500,2.316421e-02
0.800000,0.837500,2.247485e-02
0.812500,0.837500,2.173089e-02
0.825000,0.837500,2.092676e-02
0.837500,0.837500,2.005692e-02
0.850000,0.837500,1.911580e-02
0.862500,0.837500,1.809785e-02
0.875000,0.837500,1.699750e-02
0.887500,0.837500,1.580920e-02
0.900000,0.837500,1.452740e-02
0.912500,0.837500,1.314653e-02
0.925000,0.837500,1.166103e-02
0.937500,0.837500,1.006467e-02
0.950000,0.837500,8.346581e-03
0.962500,0.837500,6.493911e-03
0.975000,0.837500,4.493820e-03
0.987500,0.837500,2.333465e-03
1.000000,0.837500,0.000000e+00
0.000000,0.850000,0.000000e+00
0.012500,0.850000,2.315658e-03
0.025000,0.850000,4.476509e-03
0.037500,0.850000,6.493542e-03
0.050000,0.850000,8.377743e-03
0.062500,0.850000,1.014010e-02
0.075000,0.850000,1.179015e-02
0.087500,0.850000,1.333305e-02
0.100000,0.850000,1.477316e-02
0.112500,0.850000,1.611482e-02
0.125000,0.850000,1.736239e-02
0.137500,0.850000,1.852022e-02
0.150000,0.850000,1.959265e-02
0.162500,0.850000,2.058403e-02
0.175000,0.850000,2.149872e-02
0.187500,0.850000,2.234106e-02
0.200000,0.850000,2.311540e-02
0.212500,0.850000,2.382609e-02
0.225000,0.850000,2.447749e-02
0.237500,0.850000,2.507392e-02
0.250000,0.850000,2.561901e-02
0.262500,0.850000,2.611502e-02
0.275000,0.850000,2.656412e-02
0.287500,0.850000,2.696846e-02
0.300000,0.850000,2.733018e-02
0.312500,0.850000,2.765145e-02
0.325000,0.850000,2.793442e-02
0.337500,0.850000,2.818124e-02
0.350000,0.850000,2.839406e-02
0.362500,0.850000,2.857503e-02
0.375000,0.850000,2.872631e-02
0.387500,0.850000,2.885006e-02
0.400000,0.850000,2.894841e-02
0.412500,0.850000,2.902354e-02
0.425000,0.850000,2.907773e-02
0.437500,0.850000,2.911341e-02
0.450000,0.850000,2.913300e-02
0.462500,0.850000,2.913892e-02
0.475000,0.850000,2.913359e-02
0.487500,0.850000,2.911844e-02
0.500000,0.850000,2.909298e-02
0.512500,0.850000,2.904768e-02
0.525000,0.850000,2.897705e-02
0.537500,0.850000,2.888282e-02
0.550000,0.850000,2.876685e-02
0.562500,0.850000,2.862969e-02
0.575000,0.850000,2.847170e-02
0.587500,0.850000,2.829325e-02
0.600000,0.850000,2.809470e-02
0.612500,0.850000,2.787642e-02
0.625000,0.850000,2.763821e-02
0.637500,0.850000,2.737907e-02
0.650000,0.850000,2.709789e-02
0.662500,0.850000,2.679360e-02
0.675000,0.850000,2.646511e-02
0.687500,0.850000,2.611132e-02
0.700000,0.850000,2.573116e-02
0.712500,0.850000,2.532353e-02
0.725000,0.850000,2.488734e-02
0.737500,0.850000,2.442151e-02
0.750000,0.850000,2.392495e-02
0.762500,0.850000,2.339626e-02
0.775000,0.850000,2.283138e-02
0.787500,0.850000,2.222487e-02
0.800000,0.850000,2.157128e-02
0.812500,0.850000,2.086516e-02
0.825000,0.850000,2.010106e-02
0.837500,0.850000,1.927353e-02
0.850000,0.850000,1.837712e-02
0.862500,0.850000,1.740637e-02
0.875000,0.850000,1.635584e-02
0.887500,0.850000,1.522008e-02
0.900000,0.850000,1.399364e-02
0.912500,0.850000,1.267107e-02
0.925000,0.850000,1.124691e-02
0.937500,0.850000,9.714972e-03
0.950000,0.850000,8.063959e-03
0.962500,0.850000,6.280416e-03
0.975000,0.850000,4.350883e-03
0.987500,0.850000,2.261897e-03
1.000000,0.850000,0.000000e+00
0.000000,0.862500,0.000000e+00
0.012500,0.862500,2.211174e-03
0.025000,0.862500,4.267465e-03
0.037500,0.862500,6.181025e-03
0.050000,0.862500,7.964005e-03
0.062500,0.862500,9.628558e-03
0.075000,0.862500,1.118512e-02
0.087500,0.862500,1.263896e-02
0.100000,0.862500,1.399441e-02
0.112500,0.862500,1.525576e-02
0.125000,0.862500,1.642734e-02
0.137500,0.862500,1.751345e-02
0.150000,0.862500,1.851842e-02
0.162500,0.862500,1.944654e-02
0.175000,0.862500,2.030215e-02
0.187500,0.862500,2.108954e-02
0.200000,0.862500,2.181303e-02
0.212500,0.862500,2.247693e-02
0.225000,0.862500,2.308556e-02
0.237500,0.862500,2.364322e-02
0.250000,0.862500,2.415344e-02
0.262500,0.862500,2.461835e-02
0.275000,0.862500,2.503997e-02
0.287500,0.862500,2.542028e-02
0.300000,0.862500,2.576129e-02
0.312500,0.862500,2.606499e-02
0.325000,0.862500,2.633339e-02
0.337500,0.862500,2.656848e-02
0.350000,0.862500,2.677227e-02
0.362500,0.862500,2.694676e-02
0.375000,0.862500,2.709394e-02
0.387500,0.862500,2.721581e-02
0.400000,0.862500,2.731437e-02
0.412500,0.862500,2.739164e-02
0.425000,0.862500,2.744976e-02
0.437500,0.862500,2.749102e-02
0.450000,0.862500,2.751773e-02
0.462500,0.862500,2.753217e-02
0.475000,0.862500,2.753663e-02
0.487500,0.862500,2.753195e-02
0.500000,0.862500,2.751650e-02
0.512500,0.862500,2.748437e-02
0.525000,0.862500,2.742815e-02
0.537500,0.862500,2.734883e-02
0.550000,0.862500,2.724791e-02
0.562500,0.862500,2.712598e-02
0.575000,0.862500,2.698353e-02
0.587500,0.862500,2.682106e-02
0.600000,0.862500,2.663904e-02
0.612500,0.862500,2.643795e-02
0.625000,0.862500,2.621773e-02
0.637500,0.862500,2.597744e-02
0.650000,0.862500,2.571610e-02
0.662500,0.862500,2.543273e-02
0.675000,0.862500,2.512632e-02
0.687500,0.862500,2.479590e-02
0.700000,0.862500,2.444047e-02
0.712500,0.862500,2.405904e-02
0.725000,0.862500,2.365063e-02
0.737500,0.862500,2.321424e-02
0.750000,0.862500,2.274888e-02
0.762500,0.862500,2.225326e-02
0.775000,0.862500,2.172345e-02
0.787500,0.862500,2.115415e-02
0.800000,0.862500,2.054005e-02
0.812500,0.862500,1.987584e-02
0.825000,0.862500,1.915622e-02
0.837500,0.862500,1.837589e-02
0.850000,0.862500,1.752953e-02
0.862500,0.862500,1.661183e-02
0.875000,0.862500,1.561750e-02
0.887500,0.862500,1.454123e-02
0.900000,0.862500,1.337770e-02
0.912500,0.862500,1.212161e-02
0.925000,0.862500,1.076766e-02
0.937500,0.862500,9.309708e-03
0.950000,0.862500,7.735984e-03
0.962500,0.862500,6.032323e-03
0.975000,0.862500,4.184552e-03
0.987500,0.862500,2.178501e-03
1.000000,0.862500,0.000000e+00
0.000000,0.875000,0.000000e+00
0.012500,0.875000,2.097288e-03
0.025000,0.875000,4.039734e-03
0.037500,0.875000,5.840796e-03
0.050000,0.875000,7.513934e-03
0.062500,0.875000,9.072607e-03
0.075000,0.875000,1.052825e-02
0.087500,0.875000,1.188625e-02
0.100000,0.875000,1.315081e-02
0.112500,0.875000,1.432619e-02
0.125000,0.875000,1.541661e-02
0.137500,0.875000,1.642631e-02
0.150000,0.875000,1.735952e-02
0.162500,0.875000,1.822047e-02
0.175000,0.875000,1.901340e-02
0.187500,0.875000,1.974253e-02
0.200000,0.875000,2.041211e-02
0.212500,0.875000,2.102636e-02
0.225000,0.875000,2.158952e-02
0.237500,0.875000,2.210581e-02
0.250000,0.875000,2.257865e-02
0.262500,0.875000,2.301003e-02
0.275000,0.875000,2.340179e-02
0.287500,0.875000,2.375576e-02
0.300000,0.875000,2.407379e-02
0.312500,0.875000,2.435771e-02
0.325000,0.875000,2.460937e-02
0.337500,0.875000,2.483061e-02
0.350000,0.875000,2.502325e-02
0.362500,0.875000,2.518915e-02
0.375000,0.875000,2.533014e-02
0.387500,0.875000,2.544806e-02
0.400000,0.875000,2.554475e-02
0.412500,0.875000,2.562207e-02
0.425000,0.875000,2.568202e-02
0.437500,0.875000,2.572680e-02
0.450000,0.875000,2.575859e-02
0.462500,0.875000,2.577957e-02
0.475000,0.875000,2.579194e-02
0.487500,0.875000,2.579600e-02
0.500000,0.875000,2.578917e-02
0.512500,0.875000,2.576862e-02
0.525000,0.875000,2.572525e-02
0.537500,0.875000,2.565947e-02
0.550000,0.875000,2.557252e-02
0.562500,0.875000,2.546504e-02
0.575000,0.875000,2.533764e-02
0.587500,0.875000,2.519089e-02
0.600000,0.875000,2.502538e-02
0.612500,0.875000,2.484169e-02
0.625000,0.875000,2.463984e-02
0.637500,0.875000,2.441902e-02
0.650000,0.875000,2.417834e-02
0.662500,0.875000,2.391689e-02
0.675000,0.875000,2.363380e-02
0.687500,0.875000,2.332817e-02
0.700000,0.875000,2.299911e-02
0.712500,0.875000,2.264573e-02
0.725000,0.875000,2.226714e-02
0.737500,0.875000,2.186245e-02
0.750000,0.875000,2.143077e-02
0.762500,0.875000,2.097091e-02
0.775000,0.875000,2.047909e-02
0.787500,0.875000,1.995020e-02
0.800000,0.875000,1.937912e-02
0.812500,0.875000,1.876073e-02
0.825000,0.875000,1.808990e-02
0.837500,0.875000,1.736151e-02
0.850000,0.875000,1.657045e-02
0.862500,0.875000,1.571158e-02
0.875000,0.875000,1.477978e-02
0.887500,0.875000,1.376995e-02
0.900000,0.875000,1.267694e-02
0.912500,0.875000,1.149564e-02
0.925000,0.875000,1.022094e-02
0.937500,0.875000,8.846782e-03
0.950000,0.875000,7.360858e-03
0.962500,0.875000,5.748196e-03
0.975000,0.875000,3.993818e-03
0.987500,0.875000,2.082745e-03
1.000000,0.875000,0.000000e+00
0.000000,0.887500,0.000000e+00
0.012500,0.887500,1.973394e-03
0.025000,0.887500,3.792133e-03
0.037500,0.887500,5.471137e-03
0.050000,0.887500,7.025326e-03
0.062500,0.887500,8.469616e-03
0.075000,0.887500,9.816561e-03
0.087500,0.887500,1.107160e-02
0.100000,0.887500,1.223884e-02
0.112500,0.887500,1.332238e-02
0.125000,0.887500,1.432634e-02
0.137500,0.887500,1.525481e-02
0.150000,0.887500,1.611191e-02
0.162500,0.887500,1.690175e-02
0.175000,0.887500,1.762842e-02
0.187500,0.887500,1.829604e-02
0.200000,0.887500,1.890871e-02
0.212500,0.887500,1.947053e-02
0.225000,0.887500,1.998562e-02
0.237500,0.887500,2.045808e-02
0.250000,0.887500,2.089117e-02
0.262500,0.887500,2.128672e-02
0.275000,0.887500,2.164641e-02
0.287500,0.887500,2.197190e-02
0.300000,0.887500,2.226486e-02
0.312500,0.887500,2.252696e-02
0.325000,0.887500,2.275988e-02
0.337500,0.887500,2.296528e-02
0.350000,0.887500,2.314484e-02
0.362500,0.887500,2.330022e-02
0.375000,0.887500,2.343310e-02
0.387500,0.887500,2.354514e-02
0.400000,0.887500,2.363802e-02
0.412500,0.887500,2.371342e-02
0.425000,0.887500,2.377324e-02
0.437500,0.887500,2.381956e-02
0.450000,0.887500,2.385448e-02
0.462500,0.887500,2.388009e-02
0.475000,0.887500,2.389849e-02
0.487500,0.887500,2.390960e-02
0.500000,0.887500,2.391014e-02
0.512500,0.887500,2.389962e-02
0.525000,0.887500,2.386752e-02
0.537500,0.887500,2.381391e-02
0.550000,0.887500,2.373989e-02
0.562500,0.887500,2.364615e-02
0.575000,0.887500,2.353336e-02
0.587500,0.887500,2.340218e-02
0.600000,0.887500,2.325324e-02
0.612500,0.887500,2.308721e-02
0.625000,0.887500,2.290418e-02
0.637500,0.887500,2.270344e-02
0.650000,0.887500,2.248419e-02
0.662500,0.887500,2.224565e-02
0.675000,0.887500,2.198702e-02
0.687500,0.887500,2.170753e-02
0.700000,0.887500,2.140637e-02
0.712500,0.887500,2.108276e-02
0.725000,0.887500,2.073591e-02
0.737500,0.887500,2.036503e-02
0.750000,0.887500,1.996933e-02
0.762500,0.887500,1.954773e-02
0.775000,0.887500,1.909665e-02
0.787500,0.887500,1.861120e-02
0.800000,0.887500,1.808649e-02
0.812500,0.887500,1.751764e-02
0.825000,0.887500,1.689974e-02
0.837500,0.887500,1.622793e-02
0.850000,0.887500,1.549729e-02
0.862500,0.887500,1.470294e-02
0.875000,0.887500,1.384000e-02
0.887500,0.887500,1.290356e-02
0.900000,0.887500,1.188874e-02
0.912500,0.887500,1.079066e-02
0.925000,0.887500,9.604411e-03
0.937500,0.887500,8.324093e-03
0.950000,0.887500,6.936782e-03
0.962500,0.887500,5.426603e-03
0.975000,0.887500,3.777670e-03
0.987500,0.887500,1.974097e-03
1.000000,0.887500,0.000000e+00
0.000000,0.900000,0.000000e+00
0.012500,0.900000,1.838884e-03
0.025000,0.900000,3.523482e-03
0.037500,0.900000,5.070333e-03
0.050000,0.900000,6.495977e-03
0.062500,0.900000,7.816953e-03
0.075000,0.900000,9.047041e-03
0.087500,0.900000,1.019172e-02
0.100000,0.900000,1.125493e-02
0.112500,0.900000,1.224058e-02
0.125000,0.900000,1.315262e-02
0.137500,0.900000,1.399497e-02
0.150000,0.900000,1.477155e-02
0.162500,0.900000,1.548631e-02
0.175000,0.900000,1.614317e-02
0.187500,0.900000,1.674605e-02
0.200000,0.900000,1.729889e-02
0.212500,0.900000,1.780561e-02
0.225000,0.900000,1.827015e-02
0.237500,0.900000,1.869642e-02
0.250000,0.900000,1.908753e-02
0.262500,0.900000,1.944512e-02
0.275000,0.900000,1.977067e-02
0.287500,0.900000,2.006569e-02
0.300000,0.900000,2.033165e-02
0.312500,0.900000,2.057006e-02
0.325000,0.900000,2.078241e-02
0.337500,0.900000,2.097018e-02
0.350000,0.900000,2.113487e-02
0.362500,0.900000,2.127797e-02
0.375000,0.900000,2.140097e-02
0.387500,0.900000,2.150536e-02
0.400000,0.900000,2.159264e-02
0.412500,0.900000,2.166431e-02
0.425000,0.900000,2.172214e-02
0.437500,0.900000,2.176813e-02
0.450000,0.900000,2.180431e-02
0.462500,0.900000,2.183268e-02
0.475000,0.900000,2.185526e-02
0.487500,0.900000,2.187176e-02
0.500000,0.900000,2.187856e-02
0.512500,0.900000,2.187658e-02
0.525000,0.900000,2.185416e-02
0.537500,0.900000,2.181133e-02
0.550000,0.900000,2.174923e-02
0.562500,0.900000,2.166858e-02
0.575000,0.900000,2.157006e-02
0.587500,0.900000,2.145436e-02
0.600000,0.900000,2.132215e-02
0.612500,0.900000,2.117409e-02
0.625000,0.900000,2.101035e-02
0.637500,0.900000,2.083030e-02
0.650000,0.900000,2.063326e-02
0.662500,0.900000,2.041855e-02
0.675000,0.900000,2.018549e-02
0.687500,0.900000,1.993338e-02
0.700000,0.900000,1.966154e-02
0.712500,0.900000,1.936930e-02
0.725000,0.900000,1.905596e-02
0.737500,0.900000,1.872084e-02
0.750000,0.900000,1.836326e-02
0.762500,0.900000,1.798226e-02
0.775000,0.900000,1.757446e-02
0.787500,0.900000,1.713529e-02
0.800000,0.900000,1.666013e-02
0.812500,0.900000,1.614437e-02
0.825000,0.900000,1.558342e-02
0.837500,0.900000,1.497265e-02
0.850000,0.900000,1.430747e-02
0.862500,0.900000,1.358327e-02
0.875000,0.900000,1.279544e-02
0.887500,0.900000,1.193938e-02
0.900000,0.900000,1.101048e-02
0.912500,0.900000,1.000414e-02
0.925000,0.900000,8.915737e-03
0.937500,0.900000,7.739538e-03
0.950000,0.900000,6.461958e-03
0.962500,0.900000,5.066110e-03
0.975000,0.900000,3.535098e-03
0.987500,0.900000,1.852027e-03
1.000000,0.900000,0.000000e+00
0.000000,0.912500,0.000000e+00
0.012500,0.912500,1.693151e-03
0.025000,0.912500,3.232596e-03
0.037500,0.912500,4.636664e-03
0.050000,0.912500,5.923686e-03
0.062500,0.912500,7.111988e-03
0.075000,0.912500,8.216697e-03
0.087500,0.912500,9.243313e-03
0.100000,0.912500,1.019553e-02
0.112500,0.912500,1.107705e-02
0.125000,0.912500,1.189157e-02
0.137500,0.912500,1.264279e-02
0.150000,0.912500,1.333440e-02
0.162500,0.912500,1.397010e-02
0.175000,0.912500,1.455358e-02
0.187500,0.912500,1.508856e-02
0.200000,0.912500,1.557871e-02
0.212500,0.912500,1.602775e-02
0.225000,0.912500,1.643936e-02
0.237500,0.912500,1.681724e-02
0.250000,0.912500,1.716426e-02
0.262500,0.912500,1.748189e-02
0.275000,0.912500,1.777141e-02
0.287500,0.912500,1.803413e-02
0.300000,0.912500,1.827134e-02
0.312500,0.912500,1.848436e-02
0.325000,0.912500,1.867447e-02
0.337500,0.912500,1.884298e-02
0.350000,0.912500,1.899120e-02
0.362500,0.912500,1.912042e-02
0.375000,0.912500,1.923194e-02
0.387500,0.912500,1.932706e-02
0.400000,0.912500,1.940709e-02
0.412500,0.912500,1.947333e-02
0.425000,0.912500,1.952744e-02
0.437500,0.912500,1.957134e-02
0.450000,0.912500,1.960698e-02
0.462500,0.912500,1.963629e-02
0.475000,0.912500,1.966122e-02
0.487500,0.912500,1.968148e-02
0.500000,0.912500,1.969357e-02
0.512500,0.912500,1.969870e-02
0.525000,0.912500,1.968435e-02
0.537500,0.912500,1.965090e-02
0.550000,0.912500,1.959974e-02
0.562500,0.912500,1.953159e-02
0.575000,0.912500,1.944709e-02
0.587500,0.912500,1.934689e-02
0.600000,0.912500,1.923162e-02
0.612500,0.912500,1.910192e-02
0.625000,0.912500,1.895796e-02
0.637500,0.912500,1.879923e-02
0.650000,0.912500,1.862516e-02
0.662500,0.912500,1.843516e-02
0.675000,0.912500,1.822868e-02
0.687500,0.912500,1.800513e-02
0.700000,0.912500,1.776393e-02
0.712500,0.912500,1.750453e-02
0.725000,0.912500,1.722633e-02
0.737500,0.912500,1.692877e-02
0.750000,0.912500,1.661128e-02
0.762500,0.912500,1.627302e-02
0.775000,0.912500,1.591089e-02
0.787500,0.912500,1.552065e-02
0.800000,0.912500,1.509803e-02
0.812500,0.912500,1.463875e-02
0.825000,0.912500,1.413857e-02
0.837500,0.912500,1.359321e-02
0.850000,0.912500,1.299841e-02
0.862500,0.912500,1.234991e-02
0.875000,0.912500,1.164344e-02
0.887500,0.912500,1.087474e-02
0.900000,0.912500,1.003953e-02
0.912500,0.912500,9.133567e-03
0.925000,0.912500,8.152575e-03
0.937500,0.912500,7.091018e-03
0.950000,0.912500,5.934587e-03
0.962500,0.912500,4.665283e-03
0.975000,0.912500,3.265092e-03
0.987500,0.912500,1.716002e-03
1.000000,0.912500,0.000000e+00
0.000000,0.925000,0.000000e+00
0.012500,0.925000,1.535586e-03
0.025000,0.925000,2.918292e-03
0.037500,0.925000,4.168413e-03
0.050000,0.925000,5.306247e-03
0.062500,0.925000,6.352086e-03
0.075000,0.925000,7.322531e-03
0.087500,0.925000,8.223069e-03
0.100000,0.925000,9.057106e-03
0.112500,0.925000,9.828049e-03
0.125000,0.925000,1.053931e-02
0.137500,0.925000,1.119429e-02
0.150000,0.925000,1.179639e-02
0.162500,0.925000,1.234903e-02
0.175000,0.925000,1.285562e-02
0.187500,0.925000,1.331955e-02
0.200000,0.925000,1.374424e-02
0.212500,0.925000,1.413310e-02
0.225000,0.925000,1.448952e-02
0.237500,0.925000,1.481691e-02
0.250000,0.925000,1.511790e-02
0.262500,0.925000,1.539371e-02
0.275000,0.925000,1.564545e-02
0.287500,0.925000,1.587421e-02
0.300000,0.925000,1.608108e-02
0.312500,0.925000,1.626717e-02
0.325000,0.925000,1.643357e-02
0.337500,0.925000,1.658137e-02
0.350000,0.925000,1.671167e-02
0.362500,0.925000,1.682557e-02
0.375000,0.925000,1.692417e-02
0.387500,0.925000,1.700855e-02
0.400000,0.925000,1.707982e-02
0.412500,0.925000,1.713909e-02
0.425000,0.925000,1.718786e-02
0.437500,0.925000,1.722801e-02
0.450000,0.925000,1.726139e-02
0.462500,0.925000,1.728989e-02
0.475000,0.925000,1.731536e-02
0.487500,0.925000,1.733778e-02
0.500000,0.925000,1.735432e-02
0.512500,0.925000,1.736518e-02
0.525000,0.925000,1.735729e-02
0.537500,0.925000,1.733181e-02
0.550000,0.925000,1.729063e-02
0.562500,0.925000,1.723445e-02
0.575000,0.925000,1.716379e-02
0.587500,0.925000,1.707919e-02
0.600000,0.925000,1.698117e-02
0.612500,0.925000,1.687027e-02
0.625000,0.925000,1.674663e-02
0.637500,0.925000,1.660985e-02
0.650000,0.925000,1.645947e-02
0.662500,0.925000,1.629503e-02
0.675000,0.925000,1.611608e-02
0.687500,0.925000,1.592217e-02
0.700000,0.925000,1.571283e-02
0.712500,0.925000,1.548761e-02
0.725000,0.925000,1.524605e-02
0.737500,0.925000,1.498770e-02
0.750000,0.925000,1.471210e-02
0.762500,0.925000,1.441855e-02
0.775000,0.925000,1.410428e-02
0.787500,0.925000,1.376544e-02
0.800000,0.925000,1.339816e-02
0.812500,0.925000,1.299859e-02
0.825000,0.925000,1.256287e-02
0.837500,0.925000,1.208713e-02
0.850000,0.925000,1.156753e-02
0.862500,0.925000,1.100020e-02
0.875000,0.925000,1.038129e-02
0.887500,0.925000,9.706928e-03
0.900000,0.925000,8.973263e-03
0.912500,0.925000,8.176434e-03
0.925000,0.925000,7.312584e-03
0.937500,0.925000,6.376427e-03
0.950000,0.925000,5.352870e-03
0.962500,0.925000,4.222687e-03
0.975000,0.925000,2.966641e-03
0.987500,0.925000,1.565491e-03
1.000000,0.925000,0.000000e+00
0.000000,0.937500,0.000000e+00
0.012500,0.937500,1.363833e-03
0.025000,0.937500,2.576690e-03
0.037500,0.937500,3.660812e-03
0.050000,0.937500,4.638443e-03
0.062500,0.937500,5.531822e-03
0.075000,0.937500,6.358991e-03
0.087500,0.937500,7.125368e-03
0.100000,0.937500,7.834005e-03
0.112500,0.937500,8.487956e-03
0.125000,0.937500,9.090274e-03
0.137500,0.937500,9.644012e-03
0.150000,0.937500,1.015222e-02
0.162500,0.937500,1.061796e-02
0.175000,0.937500,1.104428e-02
0.187500,0.937500,1.143424e-02
0.200000,0.937500,1.179088e-02
0.212500,0.937500,1.211726e-02
0.225000,0.937500,1.241644e-02
0.237500,0.937500,1.269145e-02
0.250000,0.937500,1.294462e-02
0.262500,0.937500,1.317696e-02
0.275000,0.937500,1.338934e-02
0.287500,0.937500,1.358264e-02
0.300000,0.937500,1.375775e-02
0.312500,0.937500,1.391553e-02
0.325000,0.937500,1.405688e-02
0.337500,0.937500,1.418267e-02
0.350000,0.937500,1.429378e-02
0.362500,0.937500,1.439109e-02
0.375000,0.937500,1.447548e-02
0.387500,0.937500,1.454782e-02
0.400000,0.937500,1.460899e-02
0.412500,0.937500,1.465991e-02
0.425000,0.937500,1.470192e-02
0.437500,0.937500,1.473682e-02
0.450000,0.937500,1.476638e-02
0.462500,0.937500,1.479240e-02
0.475000,0.937500,1.481667e-02
0.487500,0.937500,1.483967e-02
0.500000,0.937500,1.485978e-02
0.512500,0.937500,1.487493e-02
0.525000,0.937500,1.487188e-02
0.537500,0.937500,1.485300e-02
0.550000,0.937500,1.482089e-02
0.562500,0.937500,1.477616e-02
0.575000,0.937500,1.471918e-02
0.587500,0.937500,1.465027e-02
0.600000,0.937500,1.456980e-02
0.612500,0.937500,1.447811e-02
0.625000,0.937500,1.437530e-02
0.637500,0.937500,1.426105e-02
0.650000,0.937500,1.413504e-02
0.662500,0.937500,1.399693e-02
0.675000,0.937500,1.384640e-02
0.687500,0.937500,1.368310e-02
0.700000,0.937500,1.350671e-02
0.712500,0.937500,1.331689e-02
0.725000,0.937500,1.311331e-02
0.737500,0.937500,1.289564e-02
0.750000,0.937500,1.266355e-02
0.762500,0.937500,1.241648e-02
0.775000,0.937500,1.215202e-02
0.787500,0.937500,1.186679e-02
0.800000,0.937500,1.155741e-02
0.812500,0.937500,1.122049e-02
0.825000,0.937500,1.085265e-02
0.837500,0.937500,1.045050e-02
0.850000,0.937500,1.001065e-02
0.862500,0.937500,9.529729e-03
0.875000,0.937500,9.004339e-03
0.887500,0.937500,8.431098e-03
0.900000,0.937500,7.806622e-03
0.912500,0.937500,7.127524e-03
0.925000,0.937500,6.390420e-03
0.937500,0.937500,5.590346e-03
0.950000,0.937500,4.711479e-03
0.962500,0.937500,3.733422e-03
0.975000,0.937500,2.635765e-03
0.987500,0.937500,1.398095e-03
1.000000,0.937500,0.000000e+00
0.000000,0.950000,0.000000e+00
0.012500,0.950000,1.170135e-03
0.025000,0.950000,2.195584e-03
0.037500,0.950000,3.099679e-03
0.050000,0.950000,3.905755e-03
0.062500,0.950000,4.637141e-03
0.075000,0.950000,5.312639e-03
0.087500,0.950000,5.937426e-03
0.100000,0.950000,6.514129e-03
0.112500,0.950000,7.045375e-03
0.125000,0.950000,7.533791e-03
0.137500,0.950000,7.982004e-03
0.150000,0.950000,8.392641e-03
0.162500,0.950000,8.768329e-03
0.175000,0.950000,9.111696e-03
0.187500,0.950000,9.425368e-03
0.200000,0.950000,9.711972e-03
0.212500,0.950000,9.974136e-03
0.225000,0.950000,1.021449e-02
0.237500,0.950000,1.043564e-02
0.250000,0.950000,1.063956e-02
0.262500,0.950000,1.082703e-02
0.275000,0.950000,1.099870e-02
0.287500,0.950000,1.115523e-02
0.300000,0.950000,1.129729e-02
0.312500,0.950000,1.142553e-02
0.325000,0.950000,1.154062e-02
0.337500,0.950000,1.164321e-02
0.350000,0.950000,1.173397e-02
0.362500,0.950000,1.181355e-02
0.375000,0.950000,1.188261e-02
0.387500,0.950000,1.194181e-02
0.400000,0.950000,1.199182e-02
0.412500,0.950000,1.203332e-02
0.425000,0.950000,1.206750e-02
0.437500,0.950000,1.209601e-02
0.450000,0.950000,1.212054e-02
0.462500,0.950000,1.214273e-02
0.475000,0.950000,1.216427e-02
0.487500,0.950000,1.218621e-02
0.500000,0.950000,1.220836e-02
0.512500,0.950000,1.222597e-02
0.525000,0.950000,1.222624e-02
0.537500,0.950000,1.221274e-02
0.550000,0.950000,1.218879e-02
0.562500,0.950000,1.215489e-02
0.575000,0.950000,1.211118e-02
0.587500,0.950000,1.205779e-02
0.600000,0.950000,1.199486e-02
0.612500,0.950000,1.192253e-02
0.625000,0.950000,1.184080e-02
0.637500,0.950000,1.174948e-02
0.650000,0.950000,1.164836e-02
0.662500,0.950000,1.153721e-02
0.675000,0.950000,1.141584e-02
0.687500,0.950000,1.128402e-02
0.700000,0.950000,1.114154e-02
0.712500,0.950000,1.098819e-02
0.725000,0.950000,1.082375e-02
0.737500,0.950000,1.064802e-02
0.750000,0.950000,1.046077e-02
0.762500,0.950000,1.026162e-02
0.775000,0.950000,1.004854e-02
0.787500,0.950000,9.818714e-03
0.800000,0.950000,9.569286e-03
0.812500,0.950000,9.297414e-03
0.825000,0.950000,9.000257e-03
0.837500,0.950000,8.674969e-03
0.850000,0.950000,8.318709e-03
0.862500,0.950000,7.928632e-03
0.875000,0.950000,7.501895e-03
0.887500,0.950000,7.035654e-03
0.900000,0.950000,6.527065e-03
0.912500,0.950000,5.973286e-03
0.925000,0.950000,5.371473e-03
0.937500,0.950000,4.717112e-03
0.950000,0.950000,3.994199e-03
0.962500,0.950000,3.181891e-03
0.975000,0.950000,2.259328e-03
0.987500,0.950000,1.205651e-03
1.000000,0.950000,0.000000e+00
0.000000,0.962500,0.000000e+00
0.012500,0.962500,9.456981e-04
0.025000,0.962500,1.761169e-03
0.037500,0.962500,2.469023e-03
0.050000,0.962500,3.091875e-03
0.062500,0.962500,3.652331e-03
0.075000,0.962500,4.168519e-03
0.087500,0.962500,4.645081e-03
0.100000,0.962500,5.084134e-03
0.112500,0.962500,5.487798e-03
0.125000,0.962500,5.858190e-03
0.137500,0.962500,6.197429e-03
0.150000,0.962500,6.507634e-03
0.162500,0.962500,6.790923e-03
0.175000,0.962500,7.049414e-03
0.187500,0.962500,7.285225e-03
0.200000,0.962500,7.500475e-03
0.212500,0.962500,7.697282e-03
0.225000,0.962500,7.877765e-03
0.237500,0.962500,8.044036e-03
0.250000,0.962500,8.197645e-03
0.262500,0.962500,8.339146e-03
0.275000,0.962500,8.468990e-03
0.287500,0.962500,8.587626e-03
0.300000,0.962500,8.695504e-03
0.312500,0.962500,8.793076e-03
0.325000,0.962500,8.880791e-03
0.337500,0.962500,8.959100e-03
0.350000,0.962500,9.028453e-03
0.362500,0.962500,9.089301e-03
0.375000,0.962500,9.142093e-03
0.387500,0.962500,9.187280e-03
0.400000,0.962500,9.225313e-03
0.412500,0.962500,9.256669e-03
0.425000,0.962500,9.282336e-03
0.437500,0.962500,9.303764e-03
0.450000,0.962500,9.322421e-03
0.462500,0.962500,9.339772e-03
0.475000,0.962500,9.357285e-03
0.487500,0.962500,9.376453e-03
0.500000,0.962500,9.398369e-03
0.512500,0.962500,9.416150e-03
0.525000,0.962500,9.418286e-03
0.537500,0.962500,9.409177e-03
0.550000,0.962500,9.392505e-03
0.562500,0.962500,9.368640e-03
0.575000,0.962500,9.337530e-03
0.587500,0.962500,9.299123e-03
0.600000,0.962500,9.253368e-03
0.612500,0.962500,9.200212e-03
0.625000,0.962500,9.139581e-03
0.637500,0.962500,9.071371e-03
0.650000,0.962500,8.995471e-03
0.662500,0.962500,8.911773e-03
0.675000,0.962500,8.820168e-03
0.687500,0.962500,8.720548e-03
0.700000,0.962500,8.612804e-03
0.712500,0.962500,8.496826e-03
0.725000,0.962500,8.372507e-03
0.737500,0.962500,8.239736e-03
0.750000,0.962500,8.098406e-03
0.762500,0.962500,7.948258e-03
0.775000,0.962500,7.787733e-03
0.787500,0.962500,7.614602e-03
0.800000,0.962500,7.426632e-03
0.812500,0.962500,7.221589e-03
0.825000,0.962500,6.997239e-03
0.837500,0.962500,6.751349e-03
0.850000,0.962500,6.481684e-03
0.862500,0.962500,6.186012e-03
0.875000,0.962500,5.862098e-03
0.887500,0.962500,5.507708e-03
0.900000,0.962500,5.120610e-03
0.912500,0.962500,4.698568e-03
0.925000,0.962500,4.239350e-03
0.937500,0.962500,3.739092e-03
0.950000,0.962500,3.182720e-03
0.962500,0.962500,2.550438e-03
0.975000,0.962500,1.822432e-03
0.987500,0.962500,9.788899e-04
1.000000,0.962500,0.000000e+00
0.000000,0.975000,0.000000e+00
0.012500,0.975000,6.817263e-04
0.025000,0.975000,1.259637e-03
0.037500,0.975000,1.752853e-03
0.050000,0.975000,2.180494e-03
0.062500,0.975000,2.561680e-03
0.075000,0.975000,2.911676e-03
0.087500,0.975000,3.234169e-03
0.100000,0.975000,3.530677e-03
0.112500,0.975000,3.802716e-03
0.125000,0.975000,4.051804e-03
0.137500,0.975000,4.279458e-03
0.150000,0.975000,4.487197e-03
0.162500,0.975000,4.676537e-03
0.175000,0.975000,4.848997e-03
0.187500,0.975000,5.006093e-03
0.200000,0.975000,5.149344e-03
0.212500,0.975000,5.280266e-03
0.225000,0.975000,5.400377e-03
0.237500,0.975000,5.511190e-03
0.250000,0.975000,5.613796e-03
0.262500,0.975000,5.708534e-03
0.275000,0.975000,5.795668e-03
0.287500,0.975000,5.875459e-03
0.300000,0.975000,5.948170e-03
0.312500,0.975000,6.014064e-03
0.325000,0.975000,6.073403e-03
0.337500,0.975000,6.126451e-03
0.350000,0.975000,6.173468e-03
0.362500,0.975000,6.214719e-03
0.375000,0.975000,6.250466e-03
0.387500,0.975000,6.280970e-03
0.400000,0.975000,6.306496e-03
0.412500,0.975000,6.327328e-03
0.425000,0.975000,6.344197e-03
0.437500,0.975000,6.358236e-03
0.450000,0.975000,6.370589e-03
0.462500,0.975000,6.382404e-03
0.475000,0.975000,6.394827e-03
0.487500,0.975000,6.409459e-03
0.500000,0.975000,6.428108e-03
0.512500,0.975000,6.443316e-03
0.525000,0.975000,6.445971e-03
0.537500,0.975000,6.440441e-03
0.550000,0.975000,6.430174e-03
0.562500,0.975000,6.415405e-03
0.575000,0.975000,6.395964e-03
0.587500,0.975000,6.371677e-03
0.600000,0.975000,6.342373e-03
0.612500,0.975000,6.307881e-03
0.625000,0.975000,6.268082e-03
0.637500,0.975000,6.222939e-03
0.650000,0.975000,6.172421e-03
0.662500,0.975000,6.116497e-03
0.675000,0.975000,6.055136e-03
0.687500,0.975000,5.988308e-03
0.700000,0.975000,5.915981e-03
0.712500,0.975000,5.838124e-03
0.725000,0.975000,5.754708e-03
0.737500,0.975000,5.665700e-03
0.750000,0.975000,5.571070e-03
0.762500,0.975000,5.470679e-03
0.775000,0.975000,5.363456e-03
0.787500,0.975000,5.247849e-03
0.800000,0.975000,5.122300e-03
0.812500,0.975000,4.985254e-03
0.825000,0.975000,4.835153e-03
0.837500,0.975000,4.670443e-03
0.850000,0.975000,4.489567e-03
0.862500,0.975000,4.290967e-03
0.875000,0.975000,4.073089e-03
0.887500,0.975000,3.834375e-03
0.900000,0.975000,3.573270e-03
0.912500,0.975000,3.288216e-03
0.925000,0.975000,2.977658e-03
0.937500,0.975000,2.638656e-03
0.950000,0.975000,2.258734e-03
0.962500,0.975000,1.821408e-03
0.975000,0.975000,1.310177e-03
0.987500,0.975000,7.085411e-04
1.000000,0.975000,0.000000e+00
0.000000,0.987500,0.000000e+00
0.012500,0.987500,3.694252e-04
0.025000,0.987500,6.771829e-04
0.037500,0.987500,9.351755e-04
0.050000,0.987500,1.155305e-03
0.062500,0.987500,1.349474e-03
0.075000,0.987500,1.527155e-03
0.087500,0.987500,1.690530e-03
0.100000,0.987500,1.840413e-03
0.112500,0.987500,1.977619e-03
0.125000,0.987500,2.102963e-03
0.137500,0.987500,2.217259e-03
0.150000,0.987500,2.321321e-03
0.162500,0.987500,2.415966e-03
0.175000,0.987500,2.502006e-03
0.187500,0.987500,2.580257e-03
0.200000,0.987500,2.651534e-03
0.212500,0.987500,2.716650e-03
0.225000,0.987500,2.776422e-03
0.237500,0.987500,2.831660e-03
0.250000,0.987500,2.882939e-03
0.262500,0.987500,2.930412e-03
0.275000,0.987500,2.974186e-03
0.287500,0.987500,3.014371e-03
0.300000,0.987500,3.051074e-03
0.312500,0.987500,3.084404e-03
0.325000,0.987500,3.114469e-03
0.337500,0.987500,3.141379e-03
0.350000,0.987500,3.165241e-03
0.362500,0.987500,3.186164e-03
0.375000,0.987500,3.204257e-03
0.387500,0.987500,3.219628e-03
0.400000,0.987500,3.232385e-03
0.412500,0.987500,3.242651e-03
0.425000,0.987500,3.250834e-03
0.437500,0.987500,3.257592e-03
0.450000,0.987500,3.263597e-03
0.462500,0.987500,3.269517e-03
0.475000,0.987500,3.276024e-03
0.487500,0.987500,3.284288e-03
0.500000,0.987500,3.295883e-03
0.512500,0.987500,3.305317e-03
0.525000,0.987500,3.307230e-03
0.537500,0.987500,3.304670e-03
0.550000,0.987500,3.299954e-03
0.562500,0.987500,3.293191e-03
0.575000,0.987500,3.284210e-03
0.587500,0.987500,3.272839e-03
0.600000,0.987500,3.258906e-03
0.612500,0.987500,3.242241e-03
0.625000,0.987500,3.222741e-03
0.637500,0.987500,3.200408e-03
0.650000,0.987500,3.175250e-03
0.662500,0.987500,3.147276e-03
0.675000,0.987500,3.116496e-03
0.687500,0.987500,3.082918e-03
0.700000,0.987500,3.046552e-03
0.712500,0.987500,3.007408e-03
0.725000,0.987500,2.965493e-03
0.737500,0.987500,2.920818e-03
0.750000,0.987500,2.873392e-03
0.762500,0.987500,2.823165e-03
0.775000,0.987500,2.769588e-03
0.787500,0.987500,2.711850e-03
0.800000,0.987500,2.649139e-03
0.812500,0.987500,2.580645e-03
0.825000,0.987500,2.505555e-03
0.837500,0.987500,2.423058e-03
0.850000,0.987500,2.332343e-03
0.862500,0.987500,2.232597e-03
0.875000,0.987500,2.123009e-03
0.887500,0.987500,2.002768e-03
0.900000,0.987500,1.871061e-03
0.912500,0.987500,1.727078e-03
0.925000,0.987500,1.570006e-03
0.937500,0.987500,1.398169e-03
0.950000,0.987500,1.203930e-03
0.962500,0.987500,9.771471e-04
0.975000,0.987500,7.076660e-04
0.987500,0.987500,3.853346e-04
1.000000,0.987500,0.000000e+00
0.000000,1.000000,0.000000e+00
0.012500,1.000000,0.000000e+00
0.025000,1.000000,0.000000e+00
0.037500,1.000000,0.000000e+00
0.050000,1.000000,0.000000e+00
0.062500,1.000000,0.000000e+00
0.075000,1.000000,0.000000e+00
0.087500,1.000000,0.000000e+00
0.100000,1.000000,0.000000e+00
0.112500,1.000000,0.000000e+00
0.125000,1.000000,0.000000e+00
0.137500,1.000000,0.000000e+00
0.150000,1.000000,0.000000e+00
0.162500,1.000000,0.000000e+00
0.175000,1.000000,0.000000e+00
0.187500,1.000000,0.000000e+00
0.200000,1.000000,0.000000e+00
0.212500,1.000000,0.000000e+00
0.225000,1.000000,0.000000e+00
0.237500,1.000000,0.000000e+00
0.250000,1.000000,0.000000e+00
0.262500,1.000000,0.000000e+00
0.275000,1.000000,0.000000e+00
0.287500,1.000000,0.000000e+00
0.300000,1.000000,0.000000e+00
0.312500,1.000000,0.000000e+00
0.325000,1.000000,0.000000e+00
0.337500,1.000000,0.000000e+00
0.350000,1.000000,0.000000e+00
0.362500,1.000000,0.000000e+00
0.375000,1.000000,0.000000e+00
0.387500,1.000000,0.000000e+00
0.400000,1.000000,0.000000e+00
0.412500,1.000000,0.000000e+00
0.425000,1.000000,0.000000e+00
0.437500,1.000000,0.000000e+00
0.450000,1.000000,0.000000e+00
0.462500,1.000000,0.000000e+00
0.475000,1.000000,0.000000e+00
0.487500,1.000000,0.000000e+00
0.500000,1.000000,0.000000e+00
0.512500,1.000000,0.000000e+00
0.525000,1.000000,0.000000e+00
0.537500,1.000000,0.000000e+00
0.550000,1.000000,0.000000e+00
0.562500,1.000000,0.000000e+00
0.575000,1.000000,0.000000e+00
0.587500,1.000000,0.000000e+00
0.600000,1.000000,0.000000e+00
0.612500,1.000000,0.000000e+00
0.625000,1.000000,0.000000e+00
0.637500,1.000000,0.000000e+00
0.650000,1.000000,0.000000e+00
0.662500,1.000000,0.000000e+00
0.675000,1.000000,0.000000e+00
0.687500,1.000000,0.000000e+00
0.700000,1.000000,0.000000e+00
0.712500,1.000000,0.000000e+00
0.725000,1.000000,0.000000e+00
0.737500,1.000000,0.000000e+00
0.750000,1.000000,0.000000e+00
0.762500,1.000000,0.000000e+00
0.775000,1.000000,0.000000e+00
0.787500,1.000000,0.000000e+00
0.800000,1.000000,0.000000e+00
0.812500,1.000000,0.000000e+00
0.825000,1.000000,0.000000e+00
0.837500,1.000000,0.000000e+00
0.850000,1.000000,0.000000e+00
0.862500,1.000000,0.000000e+00
0.875000,1.000000,0.000000e+00
0.887500,1.000000,0.000000e+00
0.900000,1.000000,0.000000e+00
0.912500,1.000000,0.000000e+00
0.925000,1.000000,0.000000e+00
0.937500,1.000000,0.000000e+00
0.950000,1.000000,0.000000e+00
0.962500,1.000000,0.000000e+00
0.975000,1.000000,0.000000e+00
0.987500,1.000000,0.000000e+00
1.000000,1.000000,0.000000e+00
