x,y,z
0.000000,0.000000,0.000000e+00
0.012500,0.000000,0.000000e+00
0.025000,0.000000,0.000000e+00
0.037500,0.000000,0.000000e+00
0.050000,0.000000,0.000000e+00
0.062500,0.000000,0.000000e+00
0.075000,0.000000,0.000000e+00
0.087500,0.000000,0.000000e+00
0.100000,0.000000,0.000000e+00
0.112500,0.000000,0.000000e+00
0.125000,0.000000,0.000000e+00
0.137500,0.000000,0.000000e+00
0.150000,0.000000,0.000000e+00
0.162500,0.000000,0.000000e+00
0.175000,0.000000,0.000000e+00
0.187500,0.000000,0.000000e+00
0.200000,0.000000,0.000000e+00
0.212500,0.000000,0.000000e+00
0.225000,0.000000,0.000000e+00
0.237500,0.000000,0.000000e+00
0.250000,0.000000,0.000000e+00
0.262500,0.000000,0.000000e+00
0.275000,0.000000,0.000000e+00
0.287500,0.000000,0.000000e+00
0.300000,0.000000,0.000000e+00
0.312500,0.000000,0.000000e+00
0.325000,0.000000,0.000000e+00
0.337500,0.000000,0.000000e+00
0.350000,0.000000,0.000000e+00
0.362500,0.000000,0.000000e+00
0.375000,0.000000,0.000000e+00
0.387500,0.000000,0.000000e+00
0.400000,0.000000,0.000000e+00
0.412500,0.000000,0.000000e+00
0.425000,0.000000,0.000000e+00
0.437500,0.000000,0.000000e+00
0.450000,0.000000,0.000000e+00
0.462500,0.000000,0.000000e+00
0.475000,0.000000,0.000000e+00
0.487500,0.000000,0.000000e+00
0.500000,0.000000,0.000000e+00
0.512500,0.000000,0.000000e+00
0.525000,0.000000,0.000000e+00
0.537500,0.000000,0.000000e+00
0.550000,0.000000,0.000000e+00
0.562500,0.000000,0.000000e+00
0.575000,0.000000,0.000000e+00
0.587500,0.000000,0.000000e+00
0.600000,0.000000,0.000000e+00
0.612500,0.000000,0.000000e+00
0.625000,0.000000,0.000000e+00
0.637500,0.000000,0.000000e+00
0.650000,0.000000,0.000000e+00
0.662500,0.000000,0.000000e+00
0.675000,0.000000,0.000000e+00
0.687500,0.000000,0.000000e+00
0.700000,0.000000,0.000000e+00
0.712500,0.000000,0.000000e+00
0.725000,0.000000,0.000000e+00
0.737500,0.000000,0.000000e+00
0.750000,0.000000,0.000000e+00
0.762500,0.000000,0.000000e+00
0.775000,0.000000,0.000000e+00
0.787500,0.000000,0.000000e+00
0.800000,0.000000,0.000000e+00
0.812500,0.000000,0.000000e+00
0.825000,0.000000,0.000000e+00
0.837500,0.000000,0.000000e+00
0.850000,0.000000,0.000000e+00
0.862500,0.000000,0.000000e+00
0.875000,0.000000,0.000000e+00
0.887500,0.000000,0.000000e+00
0.900000,0.000000,0.000000e+00
0.912500,0.000000,0.000000e+00
0.925000,0.000000,0.000000e+00
0.937500,0.000000,0.000000e+00
0.950000,0.000000,0.000000e+00
0.962500,0.000000,0.000000e+00
0.975000,0.000000,0.000000e+00
0.987500,0.000000,0.000000e+00
1.000000,0.000000,0.000000e+00
0.000000,0.012500,0.000000e+00
0.012500,0.012500,5.068892e-04
0.025000,0.012500,1.013436e-03
0.037500,0.012500,1.519640e-03
0.050000,0.012500,2.025502e-03
0.062500,0.012500,2.531021e-03
0.075000,0.012500,3.036197e-03
0.087500,0.012500,3.541031e-03
0.100000,0.012500,4.045523e-03
0.112500,0.012500,4.549672e-03
0.125000,0.012500,5.053478e-03
0.137500,0.012500,5.556942e-03
0.150000,0.012500,6.060063e-03
0.162500,0.012500,6.562842e-03
0.175000,0.012500,7.065279e-03
0.187500,0.012500,7.567372e-03
0.200000,0.012500,8.069124e-03
0.212500,0.012500,8.570532e-03
0.225000,0.012500,9.071599e-03
0.237500,0.012500,9.572322e-03
0.250000,0.012500,1.007270e-02
0.262500,0.012500,1.057274e-02
0.275000,0.012500,1.107244e-02
0.287500,0.012500,1.157179e-02
0.300000,0.012500,1.207080e-02
0.312500,0.012500,1.256947e-02
0.325000,0.012500,1.306780e-02
0.337500,0.012500,1.356578e-02
0.350000,0.012500,1.406342e-02
0.362500,0.012500,1.456072e-02
0.375000,0.012500,1.505768e-02
0.387500,0.012500,1.555429e-02
0.400000,0.012500,1.605056e-02
0.412500,0.012500,1.654649e-02
0.425000,0.012500,1.704207e-02
0.437500,0.012500,1.753732e-02
0.450000,0.012500,1.803222e-02
0.462500,0.012500,1.852678e-02
0.475000,0.012500,1.902099e-02
0.487500,0.012500,1.951487e-02
0.500000,0.012500,2.000840e-02
0.512500,0.012500,2.050158e-02
0.525000,0.012500,2.099443e-02
0.537500,0.012500,2.148693e-02
0.550000,0.012500,2.197909e-02
0.562500,0.012500,2.247091e-02
0.575000,0.012500,2.296239e-02
0.587500,0.012500,2.345352e-02
0.600000,0.012500,2.394431e-02
0.612500,0.012500,2.443476e-02
0.625000,0.012500,2.492486e-02
0.637500,0.012500,2.541463e-02
0.650000,0.012500,2.590405e-02
0.662500,0.012500,2.639312e-02
0.675000,0.012500,2.688193e-02
0.687500,0.012500,2.737157e-02
0.700000,0.012500,2.786243e-02
0.712500,0.012500,2.835451e-02
0.725000,0.012500,2.884781e-02
0.737500,0.012500,2.934232e-02
0.750000,0.012500,2.983806e-02
0.762500,0.012500,3.033502e-02
0.775000,0.012500,3.083320e-02
0.787500,0.012500,3.133259e-02
0.800000,0.012500,3.183321e-02
0.812500,0.012500,3.233505e-02
0.825000,0.012500,3.283810e-02
0.837500,0.012500,3.334238e-02
0.850000,0.012500,3.384787e-02
0.862500,0.012500,3.435459e-02
0.875000,0.012500,3.486252e-02
0.887500,0.012500,3.537168e-02
0.900000,0.012500,3.588205e-02
0.912500,0.012500,3.639365e-02
0.925000,0.012500,3.690646e-02
0.937500,0.012500,3.742049e-02
0.950000,0.012500,3.793574e-02
0.962500,0.012500,3.845222e-02
0.975000,0.012500,3.853273e-02
0.987500,0.012500,3.611298e-02
1.000000,0.012500,0.000000e+00
0.000000,0.025000,0.000000e+00
0.012500,0.025000,1.009456e-03
0.025000,0.025000,2.018230e-03
0.037500,0.025000,3.026321e-03
0.050000,0.025000,4.033730e-03
0.062500,0.025000,5.040456e-03
0.075000,0.025000,6.046499e-03
0.087500,0.025000,7.051860e-03
0.100000,0.025000,8.056538e-03
0.112500,0.025000,9.060534e-03
0.125000,0.025000,1.006385e-02
0.137500,0.025000,1.106648e-02
0.150000,0.025000,1.206843e-02
0.162500,0.025000,1.306969e-02
0.175000,0.025000,1.407027e-02
0.187500,0.025000,1.507018e-02
0.200000,0.025000,1.606939e-02
0.212500,0.025000,1.706793e-02
0.225000,0.025000,1.806578e-02
0.237500,0.025000,1.906295e-02
0.250000,0.025000,2.005944e-02
0.262500,0.025000,2.105524e-02
0.275000,0.025000,2.205037e-02
0.287500,0.025000,2.304481e-02
0.300000,0.025000,2.403856e-02
0.312500,0.025000,2.503164e-02
0.325000,0.025000,2.602403e-02
0.337500,0.025000,2.701574e-02
0.350000,0.025000,2.800677e-02
0.362500,0.025000,2.899711e-02
0.375000,0.025000,2.998678e-02
0.387500,0.025000,3.097576e-02
0.400000,0.025000,3.196405e-02
0.412500,0.025000,3.295167e-02
0.425000,0.025000,3.393860e-02
0.437500,0.025000,3.492485e-02
0.450000,0.025000,3.591042e-02
0.462500,0.025000,3.689530e-02
0.475000,0.025000,3.787950e-02
0.487500,0.025000,3.886302e-02
0.500000,0.025000,3.984586e-02
0.512500,0.025000,4.082801e-02
0.525000,0.025000,4.180948e-02
0.537500,0.025000,4.279027e-02
0.550000,0.025000,4.377038e-02
0.562500,0.025000,4.474980e-02
0.575000,0.025000,4.572854e-02
0.587500,0.025000,4.670660e-02
0.600000,0.025000,4.768398e-02
0.612500,0.025000,4.866067e-02
0.625000,0.025000,4.963668e-02
0.637500,0.025000,5.061201e-02
0.650000,0.025000,5.158666e-02
0.662500,0.025000,5.256062e-02
0.675000,0.025000,5.353404e-02
0.687500,0.025000,5.450912e-02
0.700000,0.025000,5.548664e-02
0.712500,0.025000,5.646658e-02
0.725000,0.025000,5.744895e-02
0.737500,0.025000,5.843375e-02
0.750000,0.025000,5.942098e-02
0.762500,0.025000,6.041063e-02
0.775000,0.025000,6.140272e-02
0.787500,0.025000,6.239724e-02
0.800000,0.025000,6.339418e-02
0.812500,0.025000,6.439356e-02
0.825000,0.025000,6.539536e-02
0.837500,0.025000,6.639960e-02
0.850000,0.025000,6.740626e-02
0.862500,0.025000,6.841535e-02
0.875000,0.025000,6.942687e-02
0.887500,0.025000,7.044082e-02
0.900000,0.025000,7.145720e-02
0.912500,0.025000,7.247601e-02
0.925000,0.025000,7.349725e-02
0.937500,0.025000,7.452092e-02
0.950000,0.025000,7.554701e-02
0.962500,0.025000,7.657554e-02
0.975000,0.025000,7.673587e-02
0.987500,0.025000,7.191708e-02
1.000000,0.025000,0.000000e+00
0.000000,0.037500,0.000000e+00
0.012500,0.037500,1.507701e-03
0.025000,0.037500,3.014382e-03
0.037500,0.037500,4.520043e-03
0.050000,0.037500,6.024684e-03
0.062500,0.037500,7.528305e-03
0.075000,0.037500,9.030906e-03
0.087500,0.037500,1.053249e-02
0.100000,0.037500,1.203305e-02
0.112500,0.037500,1.353259e-02
0.125000,0.037500,1.503111e-02
0.137500,0.037500,1.652861e-02
0.150000,0.037500,1.802509e-02
0.162500,0.037500,1.952055e-02
0.175000,0.037500,2.101499e-02
0.187500,0.037500,2.250841e-02
0.200000,0.037500,2.400081e-02
0.212500,0.037500,2.549219e-02
0.225000,0.037500,2.698255e-02
0.237500,0.037500,2.847189e-02
0.250000,0.037500,2.996021e-02
0.262500,0.037500,3.144751e-02
0.275000,0.037500,3.293379e-02
0.287500,0.037500,3.441905e-02
0.300000,0.037500,3.590329e-02
0.312500,0.037500,3.738651e-02
0.325000,0.037500,3.886870e-02
0.337500,0.037500,4.034988e-02
0.350000,0.037500,4.183004e-02
0.362500,0.037500,4.330918e-02
0.375000,0.037500,4.478730e-02
0.387500,0.037500,4.626440e-02
0.400000,0.037500,4.774048e-02
0.412500,0.037500,4.921554e-02
0.425000,0.037500,5.068958e-02
0.437500,0.037500,5.216259e-02
0.450000,0.037500,5.363459e-02
0.462500,0.037500,5.510557e-02
0.475000,0.037500,5.657553e-02
0.487500,0.037500,5.804447e-02
0.500000,0.037500,5.951239e-02
0.512500,0.037500,6.097928e-02
0.525000,0.037500,6.244516e-02
0.537500,0.037500,6.391002e-02
0.550000,0.037500,6.537386e-02
0.562500,0.037500,6.683668e-02
0.575000,0.037500,6.829847e-02
0.587500,0.037500,6.975925e-02
0.600000,0.037500,7.121901e-02
0.612500,0.037500,7.267775e-02
0.625000,0.037500,7.413546e-02
0.637500,0.037500,7.559216e-02
0.650000,0.037500,7.704784e-02
0.662500,0.037500,7.850250e-02
0.675000,0.037500,7.995634e-02
0.687500,0.037500,8.141267e-02
0.700000,0.037500,8.287262e-02
0.712500,0.037500,8.433621e-02
0.725000,0.037500,8.580343e-02
0.737500,0.037500,8.727427e-02
0.750000,0.037500,8.874874e-02
0.762500,0.037500,9.022684e-02
0.775000,0.037500,9.170857e-02
0.787500,0.037500,9.319393e-02
0.800000,0.037500,9.468292e-02
0.812500,0.037500,9.617553e-02
0.825000,0.037500,9.767178e-02
0.837500,0.037500,9.917165e-02
0.850000,0.037500,1.006752e-01
0.862500,0.037500,1.021823e-01
0.875000,0.037500,1.036930e-01
0.887500,0.037500,1.052074e-01
0.900000,0.037500,1.067254e-01
0.912500,0.037500,1.082471e-01
0.925000,0.037500,1.097724e-01
0.937500,0.037500,1.113013e-01
0.950000,0.037500,1.128338e-01
0.962500,0.037500,1.143700e-01
0.975000,0.037500,1.146094e-01
0.987500,0.037500,1.074123e-01
1.000000,0.037500,0.000000e+00
0.000000,0.050000,0.000000e+00
0.012500,0.050000,2.001624e-03
0.025000,0.050000,4.001893e-03
0.037500,0.050000,6.000806e-03
0.050000,0.050000,7.998365e-03
0.062500,0.050000,9.994568e-03
0.075000,0.050000,1.198942e-02
0.087500,0.050000,1.398291e-02
0.100000,0.050000,1.597505e-02
0.112500,0.050000,1.796583e-02
0.125000,0.050000,1.995526e-02
0.137500,0.050000,2.194333e-02
0.150000,0.050000,2.393005e-02
0.162500,0.050000,2.591541e-02
0.175000,0.050000,2.789942e-02
0.187500,0.050000,2.988207e-02
0.200000,0.050000,3.186337e-02
0.212500,0.050000,3.384331e-02
0.225000,0.050000,3.582190e-02
0.237500,0.050000,3.779913e-02
0.250000,0.050000,3.977501e-02
0.262500,0.050000,4.174953e-02
0.275000,0.050000,4.372270e-02
0.287500,0.050000,4.569451e-02
0.300000,0.050000,4.766497e-02
0.312500,0.050000,4.963407e-02
0.325000,0.050000,5.160181e-02
0.337500,0.050000,5.356821e-02
0.350000,0.050000,5.553324e-02
0.362500,0.050000,5.749692e-02
0.375000,0.050000,5.945925e-02
0.387500,0.050000,6.142022e-02
0.400000,0.050000,6.337984e-02
0.412500,0.050000,6.533810e-02
0.425000,0.050000,6.729500e-02
0.437500,0.050000,6.925055e-02
0.450000,0.050000,7.120475e-02
0.462500,0.050000,7.315759e-02
0.475000,0.050000,7.510907e-02
0.487500,0.050000,7.705920e-02
0.500000,0.050000,7.900798e-02
0.512500,0.050000,8.095540e-02
0.525000,0.050000,8.290147e-02
0.537500,0.050000,8.484617e-02
0.550000,0.050000,8.678953e-02
0.562500,0.050000,8.873153e-02
0.575000,0.050000,9.067217e-02
0.587500,0.050000,9.261146e-02
0.600000,0.050000,9.454940e-02
0.612500,0.050000,9.648598e-02
0.625000,0.050000,9.842120e-02
0.637500,0.050000,1.003551e-01
0.650000,0.050000,1.022876e-01
0.662500,0.050000,1.042187e-01
0.675000,0.050000,1.061488e-01
0.687500,0.050000,1.080822e-01
0.700000,0.050000,1.100204e-01
0.712500,0.050000,1.119634e-01
0.725000,0.050000,1.139112e-01
0.737500,0.050000,1.158639e-01
0.750000,0.050000,1.178214e-01
0.762500,0.050000,1.197836e-01
0.775000,0.050000,1.217507e-01
0.787500,0.050000,1.237227e-01
0.800000,0.050000,1.256994e-01
0.812500,0.050000,1.276810e-01
0.825000,0.050000,1.296673e-01
0.837500,0.050000,1.316585e-01
0.850000,0.050000,1.336546e-01
0.862500,0.050000,1.356554e-01
0.875000,0.050000,1.376610e-01
0.887500,0.050000,1.396715e-01
0.900000,0.050000,1.416868e-01
0.912500,0.050000,1.437069e-01
0.925000,0.050000,1.457318e-01
0.937500,0.050000,1.477616e-01
0.950000,0.050000,1.497961e-01
0.962500,0.050000,1.518355e-01
0.975000,0.050000,1.521534e-01
0.987500,0.050000,1.425986e-01
1.000000,0.050000,0.000000e+00
0.000000,0.062500,0.000000e+00
0.012500,0.062500,2.491224e-03
0.025000,0.062500,4.980761e-03
0.037500,0.062500,7.468611e-03
0.050000,0.062500,9.954772e-03
0.062500,0.062500,1.243925e-02
0.075000,0.062500,1.492203e-02
0.087500,0.062500,1.740313e-02
0.100000,0.062500,1.988254e-02
0.112500,0.062500,2.236027e-02
0.125000,0.062500,2.483630e-02
0.137500,0.062500,2.731065e-02
0.150000,0.062500,2.978331e-02
0.162500,0.062500,3.225428e-02
0.175000,0.062500,3.472357e-02
0.187500,0.062500,3.719117e-02
0.200000,0.062500,3.965708e-02
0.212500,0.062500,4.212130e-02
0.225000,0.062500,4.458384e-02
0.237500,0.062500,4.704468e-02
0.250000,0.062500,4.950384e-02
0.262500,0.062500,5.196131e-02
0.275000,0.062500,5.441710e-02
0.287500,0.062500,5.687120e-02
0.300000,0.062500,5.932361e-02
0.312500,0.062500,6.177433e-02
0.325000,0.062500,6.422336e-02
0.337500,0.062500,6.667071e-02
0.350000,0.062500,6.911637e-02
0.362500,0.062500,7.156034e-02
0.375000,0.062500,7.400262e-02
0.387500,0.062500,7.644322e-02
0.400000,0.062500,7.888213e-02
0.412500,0.062500,8.131935e-02
0.425000,0.062500,8.375488e-02
0.437500,0.062500,8.618873e-02
0.450000,0.062500,8.862088e-02
0.462500,0.062500,9.105135e-02
0.475000,0.062500,9.348014e-02
0.487500,0.062500,9.590723e-02
0.500000,0.062500,9.833264e-02
0.512500,0.062500,1.007564e-01
0.525000,0.062500,1.031784e-01
0.537500,0.062500,1.055987e-01
0.550000,0.062500,1.080174e-01
0.562500,0.062500,1.104344e-01
0.575000,0.062500,1.128496e-01
0.587500,0.062500,1.152632e-01
0.600000,0.062500,1.176751e-01
0.612500,0.062500,1.200854e-01
0.625000,0.062500,1.224939e-01
0.637500,0.062500,1.249007e-01
0.650000,0.062500,1.273059e-01
0.662500,0.062500,1.297094e-01
0.675000,0.062500,1.321115e-01
0.687500,0.062500,1.345177e-01
0.700000,0.062500,1.369299e-01
0.712500,0.062500,1.393482e-01
0.725000,0.062500,1.417724e-01
0.737500,0.062500,1.442026e-01
0.750000,0.062500,1.466388e-01
0.762500,0.062500,1.490810e-01
0.775000,0.062500,1.515293e-01
0.787500,0.062500,1.539835e-01
0.800000,0.062500,1.564437e-01
0.812500,0.062500,1.589099e-01
0.825000,0.062500,1.613821e-01
0.837500,0.062500,1.638603e-01
0.850000,0.062500,1.663445e-01
0.862500,0.062500,1.688347e-01
0.875000,0.062500,1.713309e-01
0.887500,0.062500,1.738330e-01
0.900000,0.062500,1.763412e-01
0.912500,0.062500,1.788554e-01
0.925000,0.062500,1.813756e-01
0.937500,0.062500,1.839018e-01
0.950000,0.062500,1.864340e-01
0.962500,0.062500,1.889721e-01
0.975000,0.062500,1.893678e-01
0.987500,0.062500,1.774761e-01
1.000000,0.062500,0.000000e+00
0.000000,0.075000,0.000000e+00
0.012500,0.075000,2.976503e-03
0.025000,0.075000,5.950988e-03
0.037500,0.075000,8.923456e-03
0.050000,0.075000,1.189391e-02
0.062500,0.075000,1.486234e-02
0.075000,0.075000,1.782875e-02
0.087500,0.075000,2.079315e-02
0.100000,0.075000,2.375553e-02
0.112500,0.075000,2.671589e-02
0.125000,0.075000,2.967424e-02
0.137500,0.075000,3.263056e-02
0.150000,0.075000,3.558487e-02
0.162500,0.075000,3.853716e-02
0.175000,0.075000,4.148744e-02
0.187500,0.075000,4.443569e-02
0.200000,0.075000,4.738193e-02
0.212500,0.075000,5.032615e-02
0.225000,0.075000,5.326836e-02
0.237500,0.075000,5.620854e-02
0.250000,0.075000,5.914671e-02
0.262500,0.075000,6.208286e-02
0.275000,0.075000,6.501699e-02
0.287500,0.075000,6.794911e-02
0.300000,0.075000,7.087920e-02
0.312500,0.075000,7.380728e-02
0.325000,0.075000,7.673335e-02
0.337500,0.075000,7.965739e-02
0.350000,0.075000,8.257942e-02
0.362500,0.075000,8.549943e-02
0.375000,0.075000,8.841742e-02
0.387500,0.075000,9.133339e-02
0.400000,0.075000,9.424735e-02
0.412500,0.075000,9.715929e-02
0.425000,0.075000,1.000692e-01
0.437500,0.075000,1.029771e-01
0.450000,0.075000,1.058830e-01
0.462500,0.075000,1.087869e-01
0.475000,0.075000,1.116887e-01
0.487500,0.075000,1.145886e-01
0.500000,0.075000,1.174864e-01
0.512500,0.075000,1.203822e-01
0.525000,0.075000,1.232759e-01
0.537500,0.075000,1.261677e-01
0.550000,0.075000,1.290575e-01
0.562500,0.075000,1.319452e-01
0.575000,0.075000,1.348309e-01
0.587500,0.075000,1.377146e-01
0.600000,0.075000,1.405963e-01
0.612500,0.075000,1.434759e-01
0.625000,0.075000,1.463536e-01
0.637500,0.075000,1.492292e-01
0.650000,0.075000,1.521028e-01
0.662500,0.075000,1.549744e-01
0.675000,0.075000,1.578443e-01
0.687500,0.075000,1.607192e-01
0.700000,0.075000,1.636013e-01
0.712500,0.075000,1.664905e-01
0.725000,0.075000,1.693869e-01
0.737500,0.075000,1.722904e-01
0.750000,0.075000,1.752011e-01
0.762500,0.075000,1.781190e-01
0.775000,0.075000,1.810441e-01
0.787500,0.075000,1.839763e-01
0.800000,0.075000,1.869157e-01
0.812500,0.075000,1.898622e-01
0.825000,0.075000,1.928160e-01
0.837500,0.075000,1.957768e-01
0.850000,0.075000,1.987449e-01
0.862500,0.075000,2.017201e-01
0.875000,0.075000,2.047025e-01
0.887500,0.075000,2.076921e-01
0.900000,0.075000,2.106888e-01
0.912500,0.075000,2.136927e-01
0.925000,0.075000,2.167037e-01
0.937500,0.075000,2.197219e-01
0.950000,0.075000,2.227473e-01
0.962500,0.075000,2.257799e-01
0.975000,0.075000,2.262526e-01
0.987500,0.075000,2.120446e-01
1.000000,0.075000,0.000000e+00
0.000000,0.087500,0.000000e+00
0.012500,0.087500,3.457459e-03
0.025000,0.087500,6.912573e-03
0.037500,0.087500,1.036534e-02
0.050000,0.087500,1.381577e-02
0.062500,0.087500,1.726384e-02
0.075000,0.087500,2.070958e-02
0.087500,0.087500,2.415297e-02
0.100000,0.087500,2.759401e-02
0.112500,0.087500,3.103271e-02
0.125000,0.087500,3.446906e-02
0.137500,0.087500,3.790307e-02
0.150000,0.087500,4.133473e-02
0.162500,0.087500,4.476405e-02
0.175000,0.087500,4.819102e-02
0.187500,0.087500,5.161565e-02
0.200000,0.087500,5.503793e-02
0.212500,0.087500,5.845787e-02
0.225000,0.087500,6.187546e-02
0.237500,0.087500,6.529071e-02
0.250000,0.087500,6.870361e-02
0.262500,0.087500,7.211416e-02
0.275000,0.087500,7.552238e-02
0.287500,0.087500,7.892824e-02
0.300000,0.087500,8.233176e-02
0.312500,0.087500,8.573294e-02
0.325000,0.087500,8.913177e-02
0.337500,0.087500,9.252825e-02
0.350000,0.087500,9.592239e-02
0.362500,0.087500,9.931419e-02
0.375000,0.087500,1.027036e-01
0.387500,0.087500,1.060907e-01
0.400000,0.087500,1.094755e-01
0.412500,0.087500,1.128579e-01
0.425000,0.087500,1.162380e-01
0.437500,0.087500,1.196157e-01
0.450000,0.087500,1.229911e-01
0.462500,0.087500,1.263641e-01
0.475000,0.087500,1.297348e-01
0.487500,0.087500,1.331032e-01
0.500000,0.087500,1.364692e-01
0.512500,0.087500,1.398328e-01
0.525000,0.087500,1.431941e-01
0.537500,0.087500,1.465531e-01
0.550000,0.087500,1.499097e-01
0.562500,0.087500,1.532640e-01
0.575000,0.087500,1.566159e-01
0.587500,0.087500,1.599655e-01
0.600000,0.087500,1.633127e-01
0.612500,0.087500,1.666576e-01
0.625000,0.087500,1.700002e-01
0.637500,0.087500,1.733404e-01
0.650000,0.087500,1.766782e-01
0.662500,0.087500,1.800137e-01
0.675000,0.087500,1.833474e-01
0.687500,0.087500,1.866867e-01
0.700000,0.087500,1.900344e-01
0.712500,0.087500,1.933904e-01
0.725000,0.087500,1.967547e-01
0.737500,0.087500,2.001273e-01
0.750000,0.087500,2.035083e-01
0.762500,0.087500,2.068976e-01
0.775000,0.087500,2.102952e-01
0.787500,0.087500,2.137012e-01
0.800000,0.087500,2.171155e-01
0.812500,0.087500,2.205381e-01
0.825000,0.087500,2.239690e-01
0.837500,0.087500,2.274082e-01
0.850000,0.087500,2.308558e-01
0.862500,0.087500,2.343117e-01
0.875000,0.087500,2.377760e-01
0.887500,0.087500,2.412485e-01
0.900000,0.087500,2.447294e-01
0.912500,0.087500,2.482186e-01
0.925000,0.087500,2.517162e-01
0.937500,0.087500,2.552220e-01
0.950000,0.087500,2.587362e-01
0.962500,0.087500,2.622587e-01
0.975000,0.087500,2.628078e-01
0.987500,0.087500,2.463043e-01
1.000000,0.087500,0.000000e+00
0.000000,0.100000,0.000000e+00
0.012500,0.100000,3.934093e-03
0.025000,0.100000,7.865517e-03
0.037500,0.100000,1.179427e-02
0.050000,0.100000,1.572035e-02
0.062500,0.100000,1.964377e-02
0.075000,0.100000,2.356451e-02
0.087500,0.100000,2.748258e-02
0.100000,0.100000,3.139798e-02
0.112500,0.100000,3.531072e-02
0.125000,0.100000,3.922078e-02
0.137500,0.100000,4.312817e-02
0.150000,0.100000,4.703289e-02
0.162500,0.100000,5.093494e-02
0.175000,0.100000,5.483432e-02
0.187500,0.100000,5.873103e-02
0.200000,0.100000,6.262508e-02
0.212500,0.100000,6.651645e-02
0.225000,0.100000,7.040515e-02
0.237500,0.100000,7.429118e-02
0.250000,0.100000,7.817454e-02
0.262500,0.100000,8.205523e-02
0.275000,0.100000,8.593325e-02
0.287500,0.100000,8.980860e-02
0.300000,0.100000,9.368128e-02
0.312500,0.100000,9.755129e-02
0.325000,0.100000,1.014186e-01
0.337500,0.100000,1.052833e-01
0.350000,0.100000,1.091453e-01
0.362500,0.100000,1.130046e-01
0.375000,0.100000,1.168613e-01
0.387500,0.100000,1.207153e-01
0.400000,0.100000,1.245666e-01
0.412500,0.100000,1.284152e-01
0.425000,0.100000,1.322612e-01
0.437500,0.100000,1.361045e-01
0.450000,0.100000,1.399452e-01
0.462500,0.100000,1.437831e-01
0.475000,0.100000,1.476184e-01
0.487500,0.100000,1.514511e-01
0.500000,0.100000,1.552810e-01
0.512500,0.100000,1.591083e-01
0.525000,0.100000,1.629329e-01
0.537500,0.100000,1.667549e-01
0.550000,0.100000,1.705741e-01
0.562500,0.100000,1.743908e-01
0.575000,0.100000,1.782047e-01
0.587500,0.100000,1.820160e-01
0.600000,0.100000,1.858246e-01
0.612500,0.100000,1.896305e-01
0.625000,0.100000,1.934337e-01
0.637500,0.100000,1.972343e-01
0.650000,0.100000,2.010322e-01
0.662500,0.100000,2.048275e-01
0.675000,0.100000,2.086206e-01
0.687500,0.100000,2.124202e-01
0.700000,0.100000,2.162293e-01
0.712500,0.100000,2.200478e-01
0.725000,0.100000,2.238759e-01
0.737500,0.100000,2.277134e-01
0.750000,0.100000,2.315603e-01
0.762500,0.100000,2.354168e-01
0.775000,0.100000,2.392827e-01
0.787500,0.100000,2.431581e-01
0.800000,0.100000,2.470430e-01
0.812500,0.100000,2.509374e-01
0.825000,0.100000,2.548412e-01
0.837500,0.100000,2.587545e-01
0.850000,0.100000,2.626773e-01
0.862500,0.100000,2.666095e-01
0.875000,0.100000,2.705513e-01
0.887500,0.100000,2.745025e-01
0.900000,0.100000,2.784632e-01
0.912500,0.100000,2.824333e-01
0.925000,0.100000,2.864129e-01
0.937500,0.100000,2.904021e-01
0.950000,0.100000,2.944006e-01
0.962500,0.100000,2.984087e-01
0.975000,0.100000,2.990335e-01
0.987500,0.100000,2.802551e-01
1.000000,0.100000,0.000000e+00
0.000000,0.112500,0.000000e+00
0.012500,0.112500,4.406405e-03
0.025000,0.112500,8.809818e-03
0.037500,0.112500,1.321024e-02
0.050000,0.112500,1.760767e-02
0.062500,0.112500,2.200210e-02
0.075000,0.112500,2.639354e-02
0.087500,0.112500,3.078199e-02
0.100000,0.112500,3.516745e-02
0.112500,0.112500,3.954991e-02
0.125000,0.112500,4.392938e-02
0.137500,0.112500,4.830586e-02
0.150000,0.112500,5.267935e-02
0.162500,0.112500,5.704984e-02
0.175000,0.112500,6.141734e-02
0.187500,0.112500,6.578185e-02
0.200000,0.112500,7.014337e-02
0.212500,0.112500,7.450189e-02
0.225000,0.112500,7.885742e-02
0.237500,0.112500,8.320996e-02
0.250000,0.112500,8.755950e-02
0.262500,0.112500,9.190606e-02
0.275000,0.112500,9.624961e-02
0.287500,0.112500,1.005902e-01
0.300000,0.112500,1.049278e-01
0.312500,0.112500,1.092623e-01
0.325000,0.112500,1.135939e-01
0.337500,0.112500,1.179225e-01
0.350000,0.112500,1.222481e-01
0.362500,0.112500,1.265707e-01
0.375000,0.112500,1.308904e-01
0.387500,0.112500,1.352070e-01
0.400000,0.112500,1.395206e-01
0.412500,0.112500,1.438313e-01
0.425000,0.112500,1.481389e-01
0.437500,0.112500,1.524436e-01
0.450000,0.112500,1.567452e-01
0.462500,0.112500,1.610439e-01
0.475000,0.112500,1.653396e-01
0.487500,0.112500,1.696323e-01
0.500000,0.112500,1.739219e-01
0.512500,0.112500,1.782086e-01
0.525000,0.112500,1.824923e-01
0.537500,0.112500,1.867731e-01
0.550000,0.112500,1.910508e-01
0.562500,0.112500,1.953255e-01
0.575000,0.112500,1.995972e-01
0.587500,0.112500,2.038660e-01
0.600000,0.112500,2.081317e-01
0.612500,0.112500,2.123945e-01
0.625000,0.112500,2.166543e-01
0.637500,0.112500,2.209110e-01
0.650000,0.112500,2.251648e-01
0.662500,0.112500,2.294156e-01
0.675000,0.112500,2.336640e-01
0.687500,0.112500,2.379197e-01
0.700000,0.112500,2.421859e-01
0.712500,0.112500,2.464628e-01
0.725000,0.112500,2.507503e-01
0.737500,0.112500,2.550485e-01
0.750000,0.112500,2.593572e-01
0.762500,0.112500,2.636766e-01
0.775000,0.112500,2.680065e-01
0.787500,0.112500,2.723471e-01
0.800000,0.112500,2.766983e-01
0.812500,0.112500,2.810601e-01
0.825000,0.112500,2.854325e-01
0.837500,0.112500,2.898156e-01
0.850000,0.112500,2.942092e-01
0.862500,0.112500,2.986135e-01
0.875000,0.112500,3.030284e-01
0.887500,0.112500,3.074539e-01
0.900000,0.112500,3.118900e-01
0.912500,0.112500,3.163367e-01
0.925000,0.112500,3.207941e-01
0.937500,0.112500,3.252620e-01
0.950000,0.112500,3.297406e-01
0.962500,0.112500,3.342298e-01
0.975000,0.112500,3.349295e-01
0.987500,0.112500,3.138970e-01
1.000000,0.112500,0.000000e+00
0.000000,0.125000,0.000000e+00
0.012500,0.125000,4.874395e-03
0.025000,0.125000,9.745478e-03
0.037500,0.125000,1.461325e-02
0.050000,0.125000,1.947771e-02
0.062500,0.125000,2.433885e-02
0.075000,0.125000,2.919668e-02
0.087500,0.125000,3.405120e-02
0.100000,0.125000,3.890241e-02
0.112500,0.125000,4.375030e-02
0.125000,0.125000,4.859488e-02
0.137500,0.125000,5.343615e-02
0.150000,0.125000,5.827411e-02
0.162500,0.125000,6.310875e-02
0.175000,0.125000,6.794008e-02
0.187500,0.125000,7.276810e-02
0.200000,0.125000,7.759280e-02
0.212500,0.125000,8.241420e-02
0.225000,0.125000,8.723228e-02
0.237500,0.125000,9.204704e-02
0.250000,0.125000,9.685850e-02
0.262500,0.125000,1.016666e-01
0.275000,0.125000,1.064715e-01
0.287500,0.125000,1.112730e-01
0.300000,0.125000,1.160712e-01
0.312500,0.125000,1.208661e-01
0.325000,0.125000,1.256577e-01
0.337500,0.125000,1.304459e-01
0.350000,0.125000,1.352309e-01
0.362500,0.125000,1.400125e-01
0.375000,0.125000,1.447908e-01
0.387500,0.125000,1.495659e-01
0.400000,0.125000,1.543376e-01
0.412500,0.125000,1.591060e-01
0.425000,0.125000,1.638710e-01
0.437500,0.125000,1.686328e-01
0.450000,0.125000,1.733913e-01
0.462500,0.125000,1.781464e-01
0.475000,0.125000,1.828982e-01
0.487500,0.125000,1.876467e-01
0.500000,0.125000,1.923919e-01
0.512500,0.125000,1.971338e-01
0.525000,0.125000,2.018724e-01
0.537500,0.125000,2.066077e-01
0.550000,0.125000,2.113396e-01
0.562500,0.125000,2.160682e-01
0.575000,0.125000,2.207936e-01
0.587500,0.125000,2.255156e-01
0.600000,0.125000,2.302343e-01
0.612500,0.125000,2.349497e-01
0.625000,0.125000,2.396617e-01
0.637500,0.125000,2.443705e-01
0.650000,0.125000,2.490760e-01
0.662500,0.125000,2.537781e-01
0.675000,0.125000,2.584776e-01
0.687500,0.125000,2.631851e-01
0.700000,0.125000,2.679044e-01
0.712500,0.125000,2.726354e-01
0.725000,0.125000,2.773782e-01
0.737500,0.125000,2.821327e-01
0.750000,0.125000,2.868989e-01
0.762500,0.125000,2.916769e-01
0.775000,0.125000,2.964667e-01
0.787500,0.125000,3.012681e-01
0.800000,0.125000,3.060814e-01
0.812500,0.125000,3.109063e-01
0.825000,0.125000,3.157430e-01
0.837500,0.125000,3.205915e-01
0.850000,0.125000,3.254517e-01
0.862500,0.125000,3.303236e-01
0.875000,0.125000,3.352073e-01
0.887500,0.125000,3.401027e-01
0.900000,0.125000,3.450099e-01
0.912500,0.125000,3.499288e-01
0.925000,0.125000,3.548595e-01
0.937500,0.125000,3.598019e-01
0.950000,0.125000,3.647560e-01
0.962500,0.125000,3.697219e-01
0.975000,0.125000,3.704960e-01
0.987500,0.125000,3.472301e-01
1.000000,0.125000,0.000000e+00
0.000000,0.137500,0.000000e+00
0.012500,0.137500,5.337679e-03
0.025000,0.137500,1.067173e-02
0.037500,0.137500,1.600215e-02
0.050000,0.137500,2.132894e-02
0.062500,0.137500,2.665210e-02
0.075000,0.137500,3.197163e-02
0.087500,0.137500,3.728753e-02
0.100000,0.137500,4.259980e-02
0.112500,0.137500,4.790844e-02
0.125000,0.137500,5.321345e-02
0.137500,0.137500,5.851483e-02
0.150000,0.137500,6.381258e-02
0.162500,0.137500,6.910671e-02
0.175000,0.137500,7.439720e-02
0.187500,0.137500,7.968406e-02
0.200000,0.137500,8.496729e-02
0.212500,0.137500,9.024689e-02
0.225000,0.137500,9.552287e-02
0.237500,0.137500,1.007952e-01
0.250000,0.137500,1.060639e-01
0.262500,0.137500,1.113290e-01
0.275000,0.137500,1.165905e-01
0.287500,0.137500,1.218483e-01
0.300000,0.137500,1.271025e-01
0.312500,0.137500,1.323530e-01
0.325000,0.137500,1.376000e-01
0.337500,0.137500,1.428433e-01
0.350000,0.137500,1.480830e-01
0.362500,0.137500,1.533190e-01
0.375000,0.137500,1.585514e-01
0.387500,0.137500,1.637802e-01
0.400000,0.137500,1.690054e-01
0.412500,0.137500,1.742269e-01
0.425000,0.137500,1.794448e-01
0.437500,0.137500,1.846591e-01
0.450000,0.137500,1.898697e-01
0.462500,0.137500,1.950767e-01
0.475000,0.137500,2.002801e-01
0.487500,0.137500,2.054798e-01
0.500000,0.137500,2.106759e-01
0.512500,0.137500,2.158684e-01
0.525000,0.137500,2.210573e-01
0.537500,0.137500,2.262425e-01
0.550000,0.137500,2.314241e-01
0.562500,0.137500,2.366021e-01
0.575000,0.137500,2.417764e-01
0.587500,0.137500,2.469471e-01
0.600000,0.137500,2.521142e-01
0.612500,0.137500,2.572777e-01
0.625000,0.137500,2.624375e-01
0.637500,0.137500,2.675937e-01
0.650000,0.137500,2.727462e-01
0.662500,0.137500,2.778952e-01
0.675000,0.137500,2.830412e-01
0.687500,0.137500,2.881960e-01
0.700000,0.137500,2.933637e-01
0.712500,0.137500,2.985443e-01
0.725000,0.137500,3.037377e-01
0.737500,0.137500,3.089440e-01
0.750000,0.137500,3.141631e-01
0.762500,0.137500,3.193952e-01
0.775000,0.137500,3.246400e-01
0.787500,0.137500,3.298978e-01
0.800000,0.137500,3.351683e-01
0.812500,0.137500,3.404518e-01
0.825000,0.137500,3.457481e-01
0.837500,0.137500,3.510573e-01
0.850000,0.137500,3.563793e-01
0.862500,0.137500,3.617142e-01
0.875000,0.137500,3.670620e-01
0.887500,0.137500,3.724226e-01
0.900000,0.137500,3.777961e-01
0.912500,0.137500,3.831824e-01
0.925000,0.137500,3.885816e-01
0.937500,0.137500,3.939937e-01
0.950000,0.137500,3.994186e-01
0.962500,0.137500,4.048564e-01
0.975000,0.137500,4.057041e-01
0.987500,0.137500,3.802272e-01
1.000000,0.137500,0.000000e+00
0.000000,0.150000,0.000000e+00
0.012500,0.150000,5.791461e-03
0.025000,0.150000,1.157898e-02
0.037500,0.150000,1.736257e-02
0.050000,0.150000,2.314221e-02
0.062500,0.150000,2.891791e-02
0.075000,0.150000,3.468968e-02
0.087500,0.150000,4.045751e-02
0.100000,0.150000,4.622140e-02
0.112500,0.150000,5.198134e-02
0.125000,0.150000,5.773735e-02
0.137500,0.150000,6.348943e-02
0.150000,0.150000,6.923756e-02
0.162500,0.150000,7.498175e-02
0.175000,0.150000,8.072201e-02
0.187500,0.150000,8.645832e-02
0.200000,0.150000,9.219070e-02
0.212500,0.150000,9.791914e-02
0.225000,0.150000,1.036436e-01
0.237500,0.150000,1.093642e-01
0.250000,0.150000,1.150808e-01
0.262500,0.150000,1.207935e-01
0.275000,0.150000,1.265022e-01
0.287500,0.150000,1.322070e-01
0.300000,0.150000,1.379079e-01
0.312500,0.150000,1.436048e-01
0.325000,0.150000,1.492978e-01
0.337500,0.150000,1.549869e-01
0.350000,0.150000,1.606720e-01
0.362500,0.150000,1.663531e-01
0.375000,0.150000,1.720304e-01
0.387500,0.150000,1.777037e-01
0.400000,0.150000,1.833730e-01
0.412500,0.150000,1.890384e-01
0.425000,0.150000,1.946999e-01
0.437500,0.150000,2.003575e-01
0.450000,0.150000,2.060111e-01
0.462500,0.150000,2.116607e-01
0.475000,0.150000,2.173064e-01
0.487500,0.150000,2.229482e-01
0.500000,0.150000,2.285861e-01
0.512500,0.150000,2.342200e-01
0.525000,0.150000,2.398499e-01
0.537500,0.150000,2.454759e-01
0.550000,0.150000,2.510980e-01
0.562500,0.150000,2.567162e-01
0.575000,0.150000,2.623304e-01
0.587500,0.150000,2.679407e-01
0.600000,0.150000,2.735470e-01
0.612500,0.150000,2.791494e-01
0.625000,0.150000,2.847478e-01
0.637500,0.150000,2.903423e-01
0.650000,0.150000,2.959329e-01
0.662500,0.150000,3.015196e-01
0.675000,0.150000,3.071030e-01
0.687500,0.150000,3.126961e-01
0.700000,0.150000,3.183031e-01
0.712500,0.150000,3.239240e-01
0.725000,0.150000,3.295590e-01
0.737500,0.150000,3.352078e-01
0.750000,0.150000,3.408707e-01
0.762500,0.150000,3.465474e-01
0.775000,0.150000,3.522382e-01
0.787500,0.150000,3.579429e-01
0.800000,0.150000,3.636615e-01
0.812500,0.150000,3.693941e-01
0.825000,0.150000,3.751407e-01
0.837500,0.150000,3.809012e-01
0.850000,0.150000,3.866757e-01
0.862500,0.150000,3.924641e-01
0.875000,0.150000,3.982665e-01
0.887500,0.150000,4.040829e-01
0.900000,0.150000,4.099132e-01
0.912500,0.150000,4.157574e-01
0.925000,0.150000,4.216157e-01
0.937500,0.150000,4.274878e-01
0.950000,0.150000,4.333740e-01
0.962500,0.150000,4.392740e-01
0.975000,0.150000,4.401938e-01
0.987500,0.150000,4.125510e-01
1.000000,0.150000,0.000000e+00
0.000000,0.162500,0.000000e+00
0.012500,0.162500,6.234302e-03
0.025000,0.162500,1.246436e-02
0.037500,0.162500,1.869019e-02
0.050000,0.162500,2.491177e-02
0.062500,0.162500,3.112912e-02
0.075000,0.162500,3.734223e-02
0.087500,0.162500,4.355110e-02
0.100000,0.162500,4.975573e-02
0.112500,0.162500,5.595612e-02
0.125000,0.162500,6.215228e-02
0.137500,0.162500,6.834419e-02
0.150000,0.162500,7.453187e-02
0.162500,0.162500,8.071530e-02
0.175000,0.162500,8.689450e-02
0.187500,0.162500,9.306946e-02
0.200000,0.162500,9.924018e-02
0.212500,0.162500,1.054067e-01
0.225000,0.162500,1.115689e-01
0.237500,0.162500,1.177269e-01
0.250000,0.162500,1.238807e-01
0.262500,0.162500,1.300302e-01
0.275000,0.162500,1.361755e-01
0.287500,0.162500,1.423166e-01
0.300000,0.162500,1.484534e-01
0.312500,0.162500,1.545859e-01
0.325000,0.162500,1.607143e-01
0.337500,0.162500,1.668384e-01
0.350000,0.162500,1.729582e-01
0.362500,0.162500,1.790738e-01
0.375000,0.162500,1.851852e-01
0.387500,0.162500,1.912924e-01
0.400000,0.162500,1.973953e-01
0.412500,0.162500,2.034939e-01
0.425000,0.162500,2.095884e-01
0.437500,0.162500,2.156785e-01
0.450000,0.162500,2.217645e-01
0.462500,0.162500,2.278462e-01
0.475000,0.162500,2.339237e-01
0.487500,0.162500,2.399969e-01
0.500000,0.162500,2.460659e-01
0.512500,0.162500,2.521306e-01
0.525000,0.162500,2.581912e-01
0.537500,0.162500,2.642474e-01
0.550000,0.162500,2.702995e-01
0.562500,0.162500,2.763473e-01
0.575000,0.162500,2.823908e-01
0.587500,0.162500,2.884302e-01
0.600000,0.162500,2.944652e-01
0.612500,0.162500,3.004961e-01
0.625000,0.162500,3.065227e-01
0.637500,0.162500,3.125451e-01
0.650000,0.162500,3.185632e-01
0.662500,0.162500,3.245771e-01
0.675000,0.162500,3.305876e-01
0.687500,0.162500,3.366084e-01
0.700000,0.162500,3.426442e-01
0.712500,0.162500,3.486950e-01
0.725000,0.162500,3.547609e-01
0.737500,0.162500,3.608418e-01
0.750000,0.162500,3.669377e-01
0.762500,0.162500,3.730486e-01
0.775000,0.162500,3.791746e-01
0.787500,0.162500,3.853156e-01
0.800000,0.162500,3.914716e-01
0.812500,0.162500,3.976426e-01
0.825000,0.162500,4.038287e-01
0.837500,0.162500,4.100298e-01
0.850000,0.162500,4.162459e-01
0.862500,0.162500,4.224770e-01
0.875000,0.162500,4.287232e-01
0.887500,0.162500,4.349844e-01
0.900000,0.162500,4.412606e-01
0.912500,0.162500,4.475518e-01
0.925000,0.162500,4.538581e-01
0.937500,0.162500,4.601793e-01
0.950000,0.162500,4.665156e-01
0.962500,0.162500,4.728670e-01
0.975000,0.162500,4.738571e-01
0.987500,0.162500,4.441004e-01
1.000000,0.162500,0.000000e+00
0.000000,0.175000,0.000000e+00
0.012500,0.175000,6.666202e-03
0.025000,0.175000,1.332788e-02
0.037500,0.175000,1.998502e-02
0.050000,0.175000,2.663763e-02
0.062500,0.175000,3.328572e-02
0.075000,0.175000,3.992928e-02
0.087500,0.175000,4.656831e-02
0.100000,0.175000,5.320280e-02
0.112500,0.175000,5.983277e-02
0.125000,0.175000,6.645822e-02
0.137500,0.175000,7.307913e-02
0.150000,0.175000,7.969551e-02
0.162500,0.175000,8.630736e-02
0.175000,0.175000,9.291469e-02
0.187500,0.175000,9.951749e-02
0.200000,0.175000,1.061158e-01
0.212500,0.175000,1.127095e-01
0.225000,0.175000,1.192987e-01
0.237500,0.175000,1.258834e-01
0.250000,0.175000,1.324635e-01
0.262500,0.175000,1.390392e-01
0.275000,0.175000,1.456102e-01
0.287500,0.175000,1.521768e-01
0.300000,0.175000,1.587388e-01
0.312500,0.175000,1.652963e-01
0.325000,0.175000,1.718493e-01
0.337500,0.175000,1.783978e-01
0.350000,0.175000,1.849417e-01
0.362500,0.175000,1.914811e-01
0.375000,0.175000,1.980159e-01
0.387500,0.175000,2.045463e-01
0.400000,0.175000,2.110721e-01
0.412500,0.175000,2.175934e-01
0.425000,0.175000,2.241101e-01
0.437500,0.175000,2.306223e-01
0.450000,0.175000,2.371300e-01
0.462500,0.175000,2.436332e-01
0.475000,0.175000,2.501318e-01
0.487500,0.175000,2.566259e-01
0.500000,0.175000,2.631155e-01
0.512500,0.175000,2.696005e-01
0.525000,0.175000,2.760810e-01
0.537500,0.175000,2.825570e-01
0.550000,0.175000,2.890284e-01
0.562500,0.175000,2.954954e-01
0.575000,0.175000,3.019578e-01
0.587500,0.175000,3.084156e-01
0.600000,0.175000,3.148690e-01
0.612500,0.175000,3.213178e-01
0.625000,0.175000,3.277621e-01
0.637500,0.175000,3.342018e-01
0.650000,0.175000,3.406370e-01
0.662500,0.175000,3.470677e-01
0.675000,0.175000,3.534948e-01
0.687500,0.175000,3.599329e-01
0.700000,0.175000,3.663870e-01
0.712500,0.175000,3.728572e-01
0.725000,0.175000,3.793435e-01
0.737500,0.175000,3.858459e-01
0.750000,0.175000,3.923643e-01
0.762500,0.175000,3.988987e-01
0.775000,0.175000,4.054493e-01
0.787500,0.175000,4.120159e-01
0.800000,0.175000,4.185985e-01
0.812500,0.175000,4.251973e-01
0.825000,0.175000,4.318121e-01
0.837500,0.175000,4.384429e-01
0.850000,0.175000,4.450899e-01
0.862500,0.175000,4.517529e-01
0.875000,0.175000,4.584319e-01
0.887500,0.175000,4.651271e-01
0.900000,0.175000,4.718383e-01
0.912500,0.175000,4.785655e-01
0.925000,0.175000,4.853088e-01
0.937500,0.175000,4.920682e-01
0.950000,0.175000,4.988437e-01
0.962500,0.175000,5.056352e-01
0.975000,0.175000,5.066940e-01
0.987500,0.175000,4.748753e-01
1.000000,0.175000,0.000000e+00
0.000000,0.187500,0.000000e+00
0.012500,0.187500,7.087162e-03
0.025000,0.187500,1.416951e-02
0.037500,0.187500,2.124706e-02
0.050000,0.187500,2.831979e-02
0.062500,0.187500,3.538771e-02
0.075000,0.187500,4.245082e-02
0.087500,0.187500,4.950912e-02
0.100000,0.187500,5.656262e-02
0.112500,0.187500,6.361130e-02
0.125000,0.187500,7.065517e-02
0.137500,0.187500,7.769423e-02
0.150000,0.187500,8.472849e-02
0.162500,0.187500,9.175793e-02
0.175000,0.187500,9.878256e-02
0.187500,0.187500,1.058024e-01
0.200000,0.187500,1.128174e-01
0.212500,0.187500,1.198276e-01
0.225000,0.187500,1.268330e-01
0.237500,0.187500,1.338336e-01
0.250000,0.187500,1.408294e-01
0.262500,0.187500,1.478203e-01
0.275000,0.187500,1.548065e-01
0.287500,0.187500,1.617878e-01
0.300000,0.187500,1.687643e-01
0.312500,0.187500,1.757361e-01
0.325000,0.187500,1.827030e-01
0.337500,0.187500,1.896651e-01
0.350000,0.187500,1.966224e-01
0.362500,0.187500,2.035749e-01
0.375000,0.187500,2.105225e-01
0.387500,0.187500,2.174654e-01
0.400000,0.187500,2.244035e-01
0.412500,0.187500,2.313367e-01
0.425000,0.187500,2.382651e-01
0.437500,0.187500,2.451888e-01
0.450000,0.187500,2.521076e-01
0.462500,0.187500,2.590216e-01
0.475000,0.187500,2.659308e-01
0.487500,0.187500,2.728352e-01
0.500000,0.187500,2.797347e-01
0.512500,0.187500,2.866295e-01
0.525000,0.187500,2.935195e-01
0.537500,0.187500,3.004046e-01
0.550000,0.187500,3.072850e-01
0.562500,0.187500,3.141605e-01
0.575000,0.187500,3.210312e-01
0.587500,0.187500,3.278971e-01
0.600000,0.187500,3.347582e-01
0.612500,0.187500,3.416145e-01
0.625000,0.187500,3.484660e-01
0.637500,0.187500,3.553126e-01
0.650000,0.187500,3.621545e-01
0.662500,0.187500,3.689915e-01
0.675000,0.187500,3.758247e-01
0.687500,0.187500,3.826696e-01
0.700000,0.187500,3.895316e-01
0.712500,0.187500,3.964107e-01
0.725000,0.187500,4.033068e-01
0.737500,0.187500,4.102201e-01
0.750000,0.187500,4.171504e-01
0.762500,0.187500,4.240977e-01
0.775000,0.187500,4.310622e-01
0.787500,0.187500,4.380438e-01
0.800000,0.187500,4.450424e-01
0.812500,0.187500,4.520581e-01
0.825000,0.187500,4.590909e-01
0.837500,0.187500,4.661407e-01
0.850000,0.187500,4.732077e-01
0.862500,0.187500,4.802917e-01
0.875000,0.187500,4.873928e-01
0.887500,0.187500,4.945110e-01
0.900000,0.187500,5.016463e-01
0.912500,0.187500,5.087986e-01
0.925000,0.187500,5.159680e-01
0.937500,0.187500,5.231545e-01
0.950000,0.187500,5.303581e-01
0.962500,0.187500,5.375788e-01
0.975000,0.187500,5.387045e-01
0.987500,0.187500,5.048758e-01
1.000000,0.187500,0.000000e+00
0.000000,0.200000,0.000000e+00
0.012500,0.200000,7.497181e-03
0.025000,0.200000,1.498928e-02
0.037500,0.200000,2.247630e-02
0.050000,0.200000,2.995823e-02
0.062500,0.200000,3.743509e-02
0.075000,0.200000,4.490686e-02
0.087500,0.200000,5.237356e-02
0.100000,0.200000,5.983517e-02
0.112500,0.200000,6.729170e-02
0.125000,0.200000,7.474315e-02
0.137500,0.200000,8.218951e-02
0.150000,0.200000,8.963080e-02
0.162500,0.200000,9.706700e-02
0.175000,0.200000,1.044981e-01
0.187500,0.200000,1.119242e-01
0.200000,0.200000,1.193451e-01
0.212500,0.200000,1.267610e-01
0.225000,0.200000,1.341718e-01
0.237500,0.200000,1.415775e-01
0.250000,0.200000,1.489782e-01
0.262500,0.200000,1.563737e-01
0.275000,0.200000,1.637642e-01
0.287500,0.200000,1.711496e-01
0.300000,0.200000,1.785299e-01
0.312500,0.200000,1.859051e-01
0.325000,0.200000,1.932753e-01
0.337500,0.200000,2.006403e-01
0.350000,0.200000,2.080003e-01
0.362500,0.200000,2.153552e-01
0.375000,0.200000,2.227050e-01
0.387500,0.200000,2.300498e-01
0.400000,0.200000,2.373894e-01
0.412500,0.200000,2.447240e-01
0.425000,0.200000,2.520535e-01
0.437500,0.200000,2.593779e-01
0.450000,0.200000,2.666973e-01
0.462500,0.200000,2.740115e-01
0.475000,0.200000,2.813207e-01
0.487500,0.200000,2.886248e-01
0.500000,0.200000,2.959238e-01
0.512500,0.200000,3.032177e-01
0.525000,0.200000,3.105065e-01
0.537500,0.200000,3.177903e-01
0.550000,0.200000,3.250690e-01
0.562500,0.200000,3.323426e-01
0.575000,0.200000,3.396111e-01
0.587500,0.200000,3.468745e-01
0.600000,0.200000,3.541329e-01
0.612500,0.200000,3.613862e-01
0.625000,0.200000,3.686344e-01
0.637500,0.200000,3.758775e-01
0.650000,0.200000,3.831155e-01
0.662500,0.200000,3.903485e-01
0.675000,0.200000,3.975774e-01
0.687500,0.200000,4.048186e-01
0.700000,0.200000,4.120780e-01
0.712500,0.200000,4.193554e-01
0.725000,0.200000,4.266508e-01
0.737500,0.200000,4.339644e-01
0.750000,0.200000,4.412960e-01
0.762500,0.200000,4.486457e-01
0.775000,0.200000,4.560134e-01
0.787500,0.200000,4.633992e-01
0.800000,0.200000,4.708031e-01
0.812500,0.200000,4.782250e-01
0.825000,0.200000,4.856651e-01
0.837500,0.200000,4.931231e-01
0.850000,0.200000,5.005993e-01
0.862500,0.200000,5.080935e-01
0.875000,0.200000,5.156058e-01
0.887500,0.200000,5.231362e-01
0.900000,0.200000,5.306846e-01
0.912500,0.200000,5.382511e-01
0.925000,0.200000,5.458356e-01
0.937500,0.200000,5.534382e-01
0.950000,0.200000,5.610589e-01
0.962500,0.200000,5.686977e-01
0.975000,0.200000,5.698887e-01
0.987500,0.200000,5.341017e-01
1.000000,0.200000,0.000000e+00
0.000000,0.212500,0.000000e+00
0.012500,0.212500,7.896259e-03
0.025000,0.212500,1.578717e-02
0.037500,0.212500,2.367275e-02
0.050000,0.212500,3.155298e-02
0.062500,0.212500,3.942786e-02
0.075000,0.212500,4.729740e-02
0.087500,0.212500,5.516160e-02
0.100000,0.212500,6.302046e-02
0.112500,0.212500,7.087397e-02
0.125000,0.212500,7.872214e-02
0.137500,0.212500,8.656496e-02
0.150000,0.212500,9.440244e-02
0.162500,0.212500,1.022346e-01
0.175000,0.212500,1.100614e-01
0.187500,0.212500,1.178828e-01
0.200000,0.212500,1.256989e-01
0.212500,0.212500,1.335097e-01
0.225000,0.212500,1.413151e-01
0.237500,0.212500,1.491152e-01
0.250000,0.212500,1.569099e-01
0.262500,0.212500,1.646993e-01
0.275000,0.212500,1.724834e-01
0.287500,0.212500,1.802621e-01
0.300000,0.212500,1.880354e-01
0.312500,0.212500,1.958035e-01
0.325000,0.212500,2.035661e-01
0.337500,0.212500,2.113235e-01
0.350000,0.212500,2.190755e-01
0.362500,0.212500,2.268221e-01
0.375000,0.212500,2.345634e-01
0.387500,0.212500,2.422994e-01
0.400000,0.212500,2.500300e-01
0.412500,0.212500,2.577552e-01
0.425000,0.212500,2.654752e-01
0.437500,0.212500,2.731898e-01
0.450000,0.212500,2.808990e-01
0.462500,0.212500,2.886029e-01
0.475000,0.212500,2.963014e-01
0.487500,0.212500,3.039947e-01
0.500000,0.212500,3.116825e-01
0.512500,0.212500,3.193650e-01
0.525000,0.212500,3.270422e-01
0.537500,0.212500,3.347141e-01
0.550000,0.212500,3.423806e-01
0.562500,0.212500,3.500417e-01
0.575000,0.212500,3.576975e-01
0.587500,0.212500,3.653480e-01
0.600000,0.212500,3.729931e-01
0.612500,0.212500,3.806329e-01
0.625000,0.212500,3.882673e-01
0.637500,0.212500,3.958964e-01
0.650000,0.212500,4.035201e-01
0.662500,0.212500,4.111385e-01
0.675000,0.212500,4.187527e-01
0.687500,0.212500,4.263799e-01
0.700000,0.212500,4.340261e-01
0.712500,0.212500,4.416913e-01
0.725000,0.212500,4.493756e-01
0.737500,0.212500,4.570788e-01
0.750000,0.212500,4.648012e-01
0.762500,0.212500,4.725425e-01
0.775000,0.212500,4.803029e-01
0.787500,0.212500,4.880823e-01
0.800000,0.212500,4.958807e-01
0.812500,0.212500,5.036982e-01
0.825000,0.212500,5.115347e-01
0.837500,0.212500,5.193902e-01
0.850000,0.212500,5.272647e-01
0.862500,0.212500,5.351583e-01
0.875000,0.212500,5.430709e-01
0.887500,0.212500,5.510025e-01
0.900000,0.212500,5.589532e-01
0.912500,0.212500,5.669229e-01
0.925000,0.212500,5.749116e-01
0.937500,0.212500,5.829193e-01
0.950000,0.212500,5.909461e-01
0.962500,0.212500,5.989919e-01
0.975000,0.212500,6.002465e-01
0.987500,0.212500,5.625532e-01
1.000000,0.212500,0.000000e+00
0.000000,0.225000,0.000000e+00
0.012500,0.225000,8.283200e-03
0.025000,0.225000,1.656080e-02
0.037500,0.225000,2.483281e-02
0.050000,0.225000,3.309921e-02
0.062500,0.225000,4.136002e-02
0.075000,0.225000,4.961523e-02
0.087500,0.225000,5.786485e-02
0.100000,0.225000,6.610886e-02
0.112500,0.225000,7.434728e-02
0.125000,0.225000,8.258010e-02
0.137500,0.225000,9.080732e-02
0.150000,0.225000,9.902895e-02
0.162500,0.225000,1.072450e-01
0.175000,0.225000,1.154554e-01
0.187500,0.225000,1.236602e-01
0.200000,0.225000,1.318595e-01
0.212500,0.225000,1.400531e-01
0.225000,0.225000,1.482411e-01
0.237500,0.225000,1.564236e-01
0.250000,0.225000,1.646004e-01
0.262500,0.225000,1.727717e-01
0.275000,0.225000,1.809373e-01
0.287500,0.225000,1.890974e-01
0.300000,0.225000,1.972518e-01
0.312500,0.225000,2.054007e-01
0.325000,0.225000,2.135439e-01
0.337500,0.225000,2.216816e-01
0.350000,0.225000,2.298136e-01
0.362500,0.225000,2.379401e-01
0.375000,0.225000,2.460610e-01
0.387500,0.225000,2.541762e-01
0.400000,0.225000,2.622859e-01
0.412500,0.225000,2.703900e-01
0.425000,0.225000,2.784885e-01
0.437500,0.225000,2.865813e-01
0.450000,0.225000,2.946686e-01
0.462500,0.225000,3.027503e-01
0.475000,0.225000,3.108264e-01
0.487500,0.225000,3.188969e-01
0.500000,0.225000,3.269617e-01
0.512500,0.225000,3.350210e-01
0.525000,0.225000,3.430747e-01
0.537500,0.225000,3.511228e-01
0.550000,0.225000,3.591653e-01
0.562500,0.225000,3.672022e-01
0.575000,0.225000,3.752335e-01
0.587500,0.225000,3.832592e-01
0.600000,0.225000,3.912793e-01
0.612500,0.225000,3.992938e-01
0.625000,0.225000,4.073027e-01
0.637500,0.225000,4.153060e-01
0.650000,0.225000,4.233038e-01
0.662500,0.225000,4.312959e-01
0.675000,0.225000,4.392835e-01
0.687500,0.225000,4.472849e-01
0.700000,0.225000,4.553061e-01
0.712500,0.225000,4.633474e-01
0.725000,0.225000,4.714086e-01
0.737500,0.225000,4.794898e-01
0.750000,0.225000,4.875909e-01
0.762500,0.225000,4.957120e-01
0.775000,0.225000,5.038530e-01
0.787500,0.225000,5.120140e-01
0.800000,0.225000,5.201950e-01
0.812500,0.225000,5.283959e-01
0.825000,0.225000,5.366168e-01
0.837500,0.225000,5.448577e-01
0.850000,0.225000,5.531185e-01
0.862500,0.225000,5.613993e-01
0.875000,0.225000,5.697000e-01
0.887500,0.225000,5.780207e-01
0.900000,0.225000,5.863613e-01
0.912500,0.225000,5.947220e-01
0.925000,0.225000,6.031025e-01
0.937500,0.225000,6.115031e-01
0.950000,0.225000,6.199236e-01
0.962500,0.225000,6.283640e-01
0.975000,0.225000,6.296802e-01
0.987500,0.225000,5.901386e-01
1.000000,0.225000,0.000000e+00
0.000000,0.237500,0.000000e+00
0.012500,0.237500,8.656770e-03
0.025000,0.237500,1.730769e-02
0.037500,0.237500,2.595277e-02
0.050000,0.237500,3.459200e-02
0.062500,0.237500,4.322539e-02
0.075000,0.237500,5.185292e-02
0.087500,0.237500,6.047462e-02
0.100000,0.237500,6.909046e-02
0.112500,0.237500,7.770046e-02
0.125000,0.237500,8.630461e-02
0.137500,0.237500,9.490292e-02
0.150000,0.237500,1.034954e-01
0.162500,0.237500,1.120820e-01
0.175000,0.237500,1.206628e-01
0.187500,0.237500,1.292377e-01
0.200000,0.237500,1.378068e-01
0.212500,0.237500,1.463700e-01
0.225000,0.237500,1.549274e-01
0.237500,0.237500,1.634789e-01
0.250000,0.237500,1.720246e-01
0.262500,0.237500,1.805644e-01
0.275000,0.237500,1.890984e-01
0.287500,0.237500,1.976266e-01
0.300000,0.237500,2.061489e-01
0.312500,0.237500,2.146653e-01
0.325000,0.237500,2.231760e-01
0.337500,0.237500,2.316807e-01
0.350000,0.237500,2.401796e-01
0.362500,0.237500,2.486727e-01
0.375000,0.237500,2.571599e-01
0.387500,0.237500,2.656413e-01
0.400000,0.237500,2.741168e-01
0.412500,0.237500,2.825865e-01
0.425000,0.237500,2.910504e-01
0.437500,0.237500,2.995084e-01
0.450000,0.237500,3.079605e-01
0.462500,0.237500,3.164068e-01
0.475000,0.237500,3.248473e-01
0.487500,0.237500,3.332819e-01
0.500000,0.237500,3.417106e-01
0.512500,0.237500,3.501336e-01
0.525000,0.237500,3.585506e-01
0.537500,0.237500,3.669618e-01
0.550000,0.237500,3.753672e-01
0.562500,0.237500,3.837668e-01
0.575000,0.237500,3.921604e-01
0.587500,0.237500,4.005483e-01
0.600000,0.237500,4.089303e-01
0.612500,0.237500,4.173064e-01
0.625000,0.237500,4.256767e-01
0.637500,0.237500,4.340412e-01
0.650000,0.237500,4.423998e-01
0.662500,0.237500,4.507525e-01
0.675000,0.237500,4.591006e-01
0.687500,0.237500,4.674630e-01
0.700000,0.237500,4.758463e-01
0.712500,0.237500,4.842504e-01
0.725000,0.237500,4.926753e-01
0.737500,0.237500,5.011212e-01
0.750000,0.237500,5.095879e-01
0.762500,0.237500,5.180754e-01
0.775000,0.237500,5.265839e-01
0.787500,0.237500,5.351131e-01
0.800000,0.237500,5.436633e-01
0.812500,0.237500,5.522343e-01
0.825000,0.237500,5.608261e-01
0.837500,0.237500,5.694389e-01
0.850000,0.237500,5.780725e-01
0.862500,0.237500,5.867269e-01
0.875000,0.237500,5.954022e-01
0.887500,0.237500,6.040984e-01
0.900000,0.237500,6.128154e-01
0.912500,0.237500,6.215533e-01
0.925000,0.237500,6.303121e-01
0.937500,0.237500,6.390917e-01
0.950000,0.237500,6.478922e-01
0.962500,0.237500,6.567135e-01
0.975000,0.237500,6.580892e-01
0.987500,0.237500,6.167636e-01
1.000000,0.237500,0.000000e+00
0.000000,0.250000,0.000000e+00
0.012500,0.250000,9.016969e-03
0.025000,0.250000,1.802785e-02
0.037500,0.250000,2.703264e-02
0.050000,0.250000,3.603134e-02
0.062500,0.250000,4.502395e-02
0.075000,0.250000,5.401048e-02
0.087500,0.250000,6.299091e-02
0.100000,0.250000,7.196526e-02
0.112500,0.250000,8.093351e-02
0.125000,0.250000,8.989568e-02
0.137500,0.250000,9.885175e-02
0.150000,0.250000,1.078017e-01
0.162500,0.250000,1.167456e-01
0.175000,0.250000,1.256835e-01
0.187500,0.250000,1.346152e-01
0.200000,0.250000,1.435408e-01
0.212500,0.250000,1.524603e-01
0.225000,0.250000,1.613738e-01
0.237500,0.250000,1.702812e-01
0.250000,0.250000,1.791824e-01
0.262500,0.250000,1.880776e-01
0.275000,0.250000,1.969667e-01
0.287500,0.250000,2.058497e-01
0.300000,0.250000,2.147266e-01
0.312500,0.250000,2.235975e-01
0.325000,0.250000,2.324622e-01
0.337500,0.250000,2.413209e-01
0.350000,0.250000,2.501734e-01
0.362500,0.250000,2.590199e-01
0.375000,0.250000,2.678603e-01
0.387500,0.250000,2.766946e-01
0.400000,0.250000,2.855228e-01
0.412500,0.250000,2.943449e-01
0.425000,0.250000,3.031609e-01
0.437500,0.250000,3.119709e-01
0.450000,0.250000,3.207747e-01
0.462500,0.250000,3.295725e-01
0.475000,0.250000,3.383641e-01
0.487500,0.250000,3.471497e-01
0.500000,0.250000,3.559292e-01
0.512500,0.250000,3.647026e-01
0.525000,0.250000,3.734699e-01
0.537500,0.250000,3.822312e-01
0.550000,0.250000,3.909863e-01
0.562500,0.250000,3.997353e-01
0.575000,0.250000,4.084783e-01
0.587500,0.250000,4.172152e-01
0.600000,0.250000,4.259459e-01
0.612500,0.250000,4.346706e-01
0.625000,0.250000,4.433892e-01
0.637500,0.250000,4.521017e-01
0.650000,0.250000,4.608082e-01
0.662500,0.250000,4.695085e-01
0.675000,0.250000,4.782040e-01
0.687500,0.250000,4.869143e-01
0.700000,0.250000,4.956464e-01
0.712500,0.250000,5.044003e-01
0.725000,0.250000,5.131758e-01
0.737500,0.250000,5.219731e-01
0.750000,0.250000,5.307921e-01
0.762500,0.250000,5.396329e-01
0.775000,0.250000,5.484954e-01
0.787500,0.250000,5.573796e-01
0.800000,0.250000,5.662855e-01
0.812500,0.250000,5.752132e-01
0.825000,0.250000,5.841626e-01
0.837500,0.250000,5.931338e-01
0.850000,0.250000,6.021266e-01
0.862500,0.250000,6.111412e-01
0.875000,0.250000,6.201776e-01
0.887500,0.250000,6.292357e-01
0.900000,0.250000,6.383155e-01
0.912500,0.250000,6.474170e-01
0.925000,0.250000,6.565402e-01
0.937500,0.250000,6.656852e-01
0.950000,0.250000,6.748520e-01
0.962500,0.250000,6.840404e-01
0.975000,0.250000,6.854734e-01
0.987500,0.250000,6.424282e-01
1.000000,0.250000,0.000000e+00
0.000000,0.262500,0.000000e+00
0.012500,0.262500,9.363797e-03
0.025000,0.262500,1.872127e-02
0.037500,0.262500,2.807241e-02
0.050000,0.262500,3.741723e-02
0.062500,0.262500,4.675572e-02
0.075000,0.262500,5.608789e-02
0.087500,0.262500,6.541373e-02
0.100000,0.262500,7.473324e-02
0.112500,0.262500,8.404643e-02
0.125000,0.262500,9.335329e-02
0.137500,0.262500,1.026538e-01
0.150000,0.262500,1.119480e-01
0.162500,0.262500,1.212359e-01
0.175000,0.262500,1.305175e-01
0.187500,0.262500,1.397927e-01
0.200000,0.262500,1.490616e-01
0.212500,0.262500,1.583242e-01
0.225000,0.262500,1.675804e-01
0.237500,0.262500,1.768304e-01
0.250000,0.262500,1.860740e-01
0.262500,0.262500,1.953112e-01
0.275000,0.262500,2.045422e-01
0.287500,0.262500,2.137668e-01
0.300000,0.262500,2.229851e-01
0.312500,0.262500,2.321971e-01
0.325000,0.262500,2.414027e-01
0.337500,0.262500,2.506020e-01
0.350000,0.262500,2.597950e-01
0.362500,0.262500,2.689817e-01
0.375000,0.262500,2.781620e-01
0.387500,0.262500,2.873360e-01
0.400000,0.262500,2.965037e-01
0.412500,0.262500,3.056651e-01
0.425000,0.262500,3.148201e-01
0.437500,0.262500,3.239688e-01
0.450000,0.262500,3.331112e-01
0.462500,0.262500,3.422473e-01
0.475000,0.262500,3.513770e-01
0.487500,0.262500,3.605004e-01
0.500000,0.262500,3.696175e-01
0.512500,0.262500,3.787282e-01
0.525000,0.262500,3.878326e-01
0.537500,0.262500,3.969307e-01
0.550000,0.262500,4.060225e-01
0.562500,0.262500,4.151080e-01
0.575000,0.262500,4.241871e-01
0.587500,0.262500,4.332599e-01
0.600000,0.262500,4.423263e-01
0.612500,0.262500,4.513865e-01
0.625000,0.262500,4.604403e-01
0.637500,0.262500,4.694878e-01
0.650000,0.262500,4.785290e-01
0.662500,0.262500,4.875638e-01
0.675000,0.262500,4.965936e-01
0.687500,0.262500,5.056388e-01
0.700000,0.262500,5.147067e-01
0.712500,0.262500,5.237971e-01
0.725000,0.262500,5.329100e-01
0.737500,0.262500,5.420456e-01
0.750000,0.262500,5.512037e-01
0.762500,0.262500,5.603843e-01
0.775000,0.262500,5.695876e-01
0.787500,0.262500,5.788134e-01
0.800000,0.262500,5.880618e-01
0.812500,0.262500,5.973327e-01
0.825000,0.262500,6.066263e-01
0.837500,0.262500,6.159424e-01
0.850000,0.262500,6.252810e-01
0.862500,0.262500,6.346423e-01
0.875000,0.262500,6.440261e-01
0.887500,0.262500,6.534325e-01
0.900000,0.262500,6.628614e-01
0.912500,0.262500,6.723129e-01
0.925000,0.262500,6.817870e-01
0.937500,0.262500,6.912837e-01
0.950000,0.262500,7.008029e-01
0.962500,0.262500,7.103447e-01
0.975000,0.262500,7.118328e-01
0.987500,0.262500,6.671324e-01
1.000000,0.262500,0.000000e+00
0.000000,0.275000,0.000000e+00
0.012500,0.275000,9.697176e-03
0.025000,0.275000,1.938779e-02
0.037500,0.275000,2.907186e-02
0.050000,0.275000,3.874936e-02
0.062500,0.275000,4.842031e-02
0.075000,0.275000,5.808470e-02
0.087500,0.275000,6.774253e-02
0.100000,0.275000,7.739380e-02
0.112500,0.275000,8.703852e-02
0.125000,0.275000,9.667668e-02
0.137500,0.275000,1.063083e-01
0.150000,0.275000,1.159333e-01
0.162500,0.275000,1.255518e-01
0.175000,0.275000,1.351638e-01
0.187500,0.275000,1.447691e-01
0.200000,0.275000,1.543680e-01
0.212500,0.275000,1.639602e-01
0.225000,0.275000,1.735459e-01
0.237500,0.275000,1.831251e-01
0.250000,0.275000,1.926977e-01
0.262500,0.275000,2.022637e-01
0.275000,0.275000,2.118232e-01
0.287500,0.275000,2.213761e-01
0.300000,0.275000,2.309224e-01
0.312500,0.275000,2.404622e-01
0.325000,0.275000,2.499955e-01
0.337500,0.275000,2.595222e-01
0.350000,0.275000,2.690423e-01
0.362500,0.275000,2.785559e-01
0.375000,0.275000,2.880629e-01
0.387500,0.275000,2.975634e-01
0.400000,0.275000,3.070573e-01
0.412500,0.275000,3.165446e-01
0.425000,0.275000,3.260254e-01
0.437500,0.275000,3.354996e-01
0.450000,0.275000,3.449673e-01
0.462500,0.275000,3.544284e-01
0.475000,0.275000,3.638830e-01
0.487500,0.275000,3.733310e-01
0.500000,0.275000,3.827724e-01
0.512500,0.275000,3.922073e-01
0.525000,0.275000,4.016357e-01
0.537500,0.275000,4.110574e-01
0.550000,0.275000,4.204727e-01
0.562500,0.275000,4.298813e-01
0.575000,0.275000,4.392834e-01
0.587500,0.275000,4.486790e-01
0.600000,0.275000,4.580680e-01
0.612500,0.275000,4.674504e-01
0.625000,0.275000,4.768263e-01
0.637500,0.275000,4.861956e-01
0.650000,0.275000,4.955584e-01
0.662500,0.275000,5.049146e-01
0.675000,0.275000,5.142655e-01
0.687500,0.275000,5.236325e-01
0.700000,0.275000,5.330229e-01
0.712500,0.275000,5.424366e-01
0.725000,0.275000,5.518738e-01
0.737500,0.275000,5.613343e-01
0.750000,0.275000,5.708181e-01
0.762500,0.275000,5.803254e-01
0.775000,0.275000,5.898560e-01
0.787500,0.275000,5.994100e-01
0.800000,0.275000,6.089874e-01
0.812500,0.275000,6.185882e-01
0.825000,0.275000,6.282123e-01
0.837500,0.275000,6.378599e-01
0.850000,0.275000,6.475308e-01
0.862500,0.275000,6.572250e-01
0.875000,0.275000,6.669427e-01
0.887500,0.275000,6.766837e-01
0.900000,0.275000,6.864481e-01
0.912500,0.275000,6.962359e-01
0.925000,0.275000,7.060471e-01
0.937500,0.275000,7.158817e-01
0.950000,0.275000,7.257396e-01
0.962500,0.275000,7.356209e-01
0.975000,0.275000,7.371619e-01
0.987500,0.275000,6.908709e-01
1.000000,0.275000,0.000000e+00
0.000000,0.287500,0.000000e+00
0.012500,0.287500,1.001532e-02
0.025000,0.287500,2.002386e-02
0.037500,0.287500,3.002562e-02
0.050000,0.287500,4.002061e-02
0.062500,0.287500,5.000882e-02
0.075000,0.287500,5.999025e-02
0.087500,0.287500,6.996490e-02
0.100000,0.287500,7.993278e-02
0.112500,0.287500,8.989388e-02
0.125000,0.287500,9.984820e-02
0.137500,0.287500,1.097957e-01
0.150000,0.287500,1.197365e-01
0.162500,0.287500,1.296705e-01
0.175000,0.287500,1.395977e-01
0.187500,0.287500,1.495181e-01
0.200000,0.287500,1.594318e-01
0.212500,0.287500,1.693387e-01
0.225000,0.287500,1.792388e-01
0.237500,0.287500,1.891321e-01
0.250000,0.287500,1.990187e-01
0.262500,0.287500,2.088984e-01
0.275000,0.287500,2.187714e-01
0.287500,0.287500,2.286376e-01
0.300000,0.287500,2.384971e-01
0.312500,0.287500,2.483497e-01
0.325000,0.287500,2.581956e-01
0.337500,0.287500,2.680347e-01
0.350000,0.287500,2.778671e-01
0.362500,0.287500,2.876926e-01
0.375000,0.287500,2.975114e-01
0.387500,0.287500,3.073234e-01
0.400000,0.287500,3.171286e-01
0.412500,0.287500,3.269270e-01
0.425000,0.287500,3.367187e-01
0.437500,0.287500,3.465036e-01
0.450000,0.287500,3.562817e-01
0.462500,0.287500,3.660530e-01
0.475000,0.287500,3.758176e-01
0.487500,0.287500,3.855754e-01
0.500000,0.287500,3.953264e-01
0.512500,0.287500,4.050706e-01
0.525000,0.287500,4.148080e-01
0.537500,0.287500,4.245387e-01
0.550000,0.287500,4.342626e-01
0.562500,0.287500,4.439797e-01
0.575000,0.287500,4.536900e-01
0.587500,0.287500,4.633936e-01
0.600000,0.287500,4.730904e-01
0.612500,0.287500,4.827804e-01
0.625000,0.287500,4.924636e-01
0.637500,0.287500,5.021401e-01
0.650000,0.287500,5.118097e-01
0.662500,0.287500,5.214726e-01
0.675000,0.287500,5.311301e-01
0.687500,0.287500,5.408041e-01
0.700000,0.287500,5.505023e-01
0.712500,0.287500,5.602246e-01
0.725000,0.287500,5.699711e-01
0.737500,0.287500,5.797417e-01
0.750000,0.287500,5.895365e-01
0.762500,0.287500,5.993554e-01
0.775000,0.287500,6.091985e-01
0.787500,0.287500,6.190657e-01
0.800000,0.287500,6.289571e-01
0.812500,0.287500,6.388726e-01
0.825000,0.287500,6.488122e-01
0.837500,0.287500,6.587760e-01
0.850000,0.287500,6.687640e-01
0.862500,0.287500,6.787761e-01
0.875000,0.287500,6.888123e-01
0.887500,0.287500,6.988727e-01
0.900000,0.287500,7.089572e-01
0.912500,0.287500,7.190659e-01
0.925000,0.287500,7.291988e-01
0.937500,0.287500,7.393558e-01
0.950000,0.287500,7.495369e-01
0.962500,0.287500,7.597422e-01
0.975000,0.287500,7.613337e-01
0.987500,0.287500,7.135248e-01
1.000000,0.287500,0.000000e+00
0.000000,0.300000,0.000000e+00
0.012500,0.300000,1.031748e-02
0.025000,0.300000,2.062797e-02
0.037500,0.300000,3.093148e-02
0.050000,0.300000,4.122801e-02
0.062500,0.300000,5.151755e-02
0.075000,0.300000,6.180011e-02
0.087500,0.300000,7.207568e-02
0.100000,0.300000,8.234426e-02
0.112500,0.300000,9.260586e-02
0.125000,0.300000,1.028605e-01
0.137500,0.300000,1.131081e-01
0.150000,0.300000,1.233488e-01
0.162500,0.300000,1.335824e-01
0.175000,0.300000,1.438091e-01
0.187500,0.300000,1.540288e-01
0.200000,0.300000,1.642415e-01
0.212500,0.300000,1.744472e-01
0.225000,0.300000,1.846459e-01
0.237500,0.300000,1.948377e-01
0.250000,0.300000,2.050225e-01
0.262500,0.300000,2.152002e-01
0.275000,0.300000,2.253710e-01
0.287500,0.300000,2.355349e-01
0.300000,0.300000,2.456917e-01
0.312500,0.300000,2.558415e-01
0.325000,0.300000,2.659844e-01
0.337500,0.300000,2.761203e-01
0.350000,0.300000,2.862491e-01
0.362500,0.300000,2.963710e-01
0.375000,0.300000,3.064860e-01
0.387500,0.300000,3.165939e-01
0.400000,0.300000,3.266948e-01
0.412500,0.300000,3.367888e-01
0.425000,0.300000,3.468758e-01
0.437500,0.300000,3.569558e-01
0.450000,0.300000,3.670288e-01
0.462500,0.300000,3.770948e-01
0.475000,0.300000,3.871538e-01
0.487500,0.300000,3.972059e-01
0.500000,0.300000,4.072510e-01
0.512500,0.300000,4.172891e-01
0.525000,0.300000,4.273202e-01
0.537500,0.300000,4.373443e-01
0.550000,0.300000,4.473614e-01
0.562500,0.300000,4.573715e-01
0.575000,0.300000,4.673747e-01
0.587500,0.300000,4.773709e-01
0.600000,0.300000,4.873601e-01
0.612500,0.300000,4.973423e-01
0.625000,0.300000,5.073175e-01
0.637500,0.300000,5.172857e-01
0.650000,0.300000,5.272470e-01
0.662500,0.300000,5.372012e-01
0.675000,0.300000,5.471499e-01
0.687500,0.300000,5.571157e-01
0.700000,0.300000,5.671063e-01
0.712500,0.300000,5.771218e-01
0.725000,0.300000,5.871621e-01
0.737500,0.300000,5.972274e-01
0.750000,0.300000,6.073175e-01
0.762500,0.300000,6.174325e-01
0.775000,0.300000,6.275724e-01
0.787500,0.300000,6.377371e-01
0.800000,0.300000,6.479267e-01
0.812500,0.300000,6.581412e-01
0.825000,0.300000,6.683806e-01
0.837500,0.300000,6.786449e-01
0.850000,0.300000,6.889340e-01
0.862500,0.300000,6.992480e-01
0.875000,0.300000,7.095869e-01
0.887500,0.300000,7.199507e-01
0.900000,0.300000,7.303393e-01
0.912500,0.300000,7.407529e-01
0.925000,0.300000,7.511913e-01
0.937500,0.300000,7.616546e-01
0.950000,0.300000,7.721427e-01
0.962500,0.300000,7.826557e-01
0.975000,0.300000,7.842952e-01
0.987500,0.300000,7.350445e-01
1.000000,0.300000,0.000000e+00
0.000000,0.312500,0.000000e+00
0.012500,0.312500,1.060366e-02
0.025000,0.312500,2.120014e-02
0.037500,0.312500,3.178944e-02
0.050000,0.312500,4.237156e-02
0.062500,0.312500,5.294650e-02
0.075000,0.312500,6.351426e-02
0.087500,0.312500,7.407485e-02
0.100000,0.312500,8.462825e-02
0.112500,0.312500,9.517447e-02
0.125000,0.312500,1.057135e-01
0.137500,0.312500,1.162454e-01
0.150000,0.312500,1.267701e-01
0.162500,0.312500,1.372876e-01
0.175000,0.312500,1.477979e-01
0.187500,0.312500,1.583010e-01
0.200000,0.312500,1.687970e-01
0.212500,0.312500,1.792858e-01
0.225000,0.312500,1.897674e-01
0.237500,0.312500,2.002418e-01
0.250000,0.312500,2.107091e-01
0.262500,0.312500,2.211691e-01
0.275000,0.312500,2.316220e-01
0.287500,0.312500,2.420677e-01
0.300000,0.312500,2.525063e-01
0.312500,0.312500,2.629376e-01
0.325000,0.312500,2.733618e-01
0.337500,0.312500,2.837788e-01
0.350000,0.312500,2.941886e-01
0.362500,0.312500,3.045912e-01
0.375000,0.312500,3.149866e-01
0.387500,0.312500,3.253749e-01
0.400000,0.312500,3.357560e-01
0.412500,0.312500,3.461299e-01
0.425000,0.312500,3.564966e-01
0.437500,0.312500,3.668562e-01
0.450000,0.312500,3.772086e-01
0.462500,0.312500,3.875538e-01
0.475000,0.312500,3.978918e-01
0.487500,0.312500,4.082226e-01
0.500000,0.312500,4.185463e-01
0.512500,0.312500,4.288627e-01
0.525000,0.312500,4.391720e-01
0.537500,0.312500,4.494741e-01
0.550000,0.312500,4.597691e-01
0.562500,0.312500,4.700568e-01
0.575000,0.312500,4.803374e-01
0.587500,0.312500,4.906108e-01
0.600000,0.312500,5.008770e-01
0.612500,0.312500,5.111360e-01
0.625000,0.312500,5.213879e-01
0.637500,0.312500,5.316326e-01
0.650000,0.312500,5.418701e-01
0.662500,0.312500,5.521004e-01
0.675000,0.312500,5.623250e-01
0.687500,0.312500,5.725671e-01
0.700000,0.312500,5.828348e-01
0.712500,0.312500,5.931280e-01
0.725000,0.312500,6.034468e-01
0.737500,0.312500,6.137912e-01
0.750000,0.312500,6.241611e-01
0.762500,0.312500,6.345566e-01
0.775000,0.312500,6.449776e-01
0.787500,0.312500,6.554243e-01
0.800000,0.312500,6.658965e-01
0.812500,0.312500,6.763942e-01
0.825000,0.312500,6.869176e-01
0.837500,0.312500,6.974665e-01
0.850000,0.312500,7.080409e-01
0.862500,0.312500,7.186410e-01
0.875000,0.312500,7.292665e-01
0.887500,0.312500,7.399177e-01
0.900000,0.312500,7.505944e-01
0.912500,0.312500,7.612967e-01
0.925000,0.312500,7.720246e-01
0.937500,0.312500,7.827780e-01
0.950000,0.312500,7.935570e-01
0.962500,0.312500,8.043616e-01
0.975000,0.312500,8.060465e-01
0.987500,0.312500,7.554298e-01
1.000000,0.312500,0.000000e+00
0.000000,0.325000,0.000000e+00
0.012500,0.325000,1.087383e-02
0.025000,0.325000,2.174030e-02
0.037500,0.325000,3.259941e-02
0.050000,0.325000,4.345116e-02
0.062500,0.325000,5.429554e-02
0.075000,0.325000,6.513256e-02
0.087500,0.325000,7.596223e-02
0.100000,0.325000,8.678453e-02
0.112500,0.325000,9.759946e-02
0.125000,0.325000,1.084070e-01
0.137500,0.325000,1.192073e-01
0.150000,0.325000,1.300001e-01
0.162500,0.325000,1.407856e-01
0.175000,0.325000,1.515637e-01
0.187500,0.325000,1.623345e-01
0.200000,0.325000,1.730979e-01
0.212500,0.325000,1.838539e-01
0.225000,0.325000,1.946026e-01
0.237500,0.325000,2.053439e-01
0.250000,0.325000,2.160779e-01
0.262500,0.325000,2.268045e-01
0.275000,0.325000,2.375237e-01
0.287500,0.325000,2.482356e-01
0.300000,0.325000,2.589401e-01
0.312500,0.325000,2.696373e-01
0.325000,0.325000,2.803271e-01
0.337500,0.325000,2.910095e-01
0.350000,0.325000,3.016846e-01
0.362500,0.325000,3.123523e-01
0.375000,0.325000,3.230126e-01
0.387500,0.325000,3.336656e-01
0.400000,0.325000,3.443112e-01
0.412500,0.325000,3.549494e-01
0.425000,0.325000,3.655803e-01
0.437500,0.325000,3.762039e-01
0.450000,0.325000,3.868200e-01
0.462500,0.325000,3.974289e-01
0.475000,0.325000,4.080303e-01
0.487500,0.325000,4.186244e-01
0.500000,0.325000,4.292111e-01
0.512500,0.325000,4.397905e-01
0.525000,0.325000,4.503625e-01
0.537500,0.325000,4.609271e-01
0.550000,0.325000,4.714844e-01
0.562500,0.325000,4.820343e-01
0.575000,0.325000,4.925769e-01
0.587500,0.325000,5.031121e-01
0.600000,0.325000,5.136399e-01
0.612500,0.325000,5.241603e-01
0.625000,0.325000,5.346735e-01
0.637500,0.325000,5.451792e-01
0.650000,0.325000,5.556776e-01
0.662500,0.325000,5.661686e-01
0.675000,0.325000,5.766538e-01
0.687500,0.325000,5.871569e-01
0.700000,0.325000,5.976862e-01
0.712500,0.325000,6.082417e-01
0.725000,0.325000,6.188235e-01
0.737500,0.325000,6.294314e-01
0.750000,0.325000,6.400656e-01
0.762500,0.325000,6.507260e-01
0.775000,0.325000,6.614126e-01
0.787500,0.325000,6.721254e-01
0.800000,0.325000,6.828645e-01
0.812500,0.325000,6.936297e-01
0.825000,0.325000,7.044212e-01
0.837500,0.325000,7.152389e-01
0.850000,0.325000,7.260828e-01
0.862500,0.325000,7.369529e-01
0.875000,0.325000,7.478492e-01
0.887500,0.325000,7.587717e-01
0.900000,0.325000,7.697205e-01
0.912500,0.325000,7.806955e-01
0.925000,0.325000,7.916967e-01
0.937500,0.325000,8.027241e-01
0.950000,0.325000,8.137777e-01
0.962500,0.325000,8.248575e-01
0.975000,0.325000,8.265853e-01
0.987500,0.325000,7.746789e-01
1.000000,0.325000,0.000000e+00
0.000000,0.337500,0.000000e+00
0.012500,0.337500,1.112707e-02
0.025000,0.337500,2.224660e-02
0.037500,0.337500,3.335861e-02
0.050000,0.337500,4.446308e-02
0.062500,0.337500,5.556002e-02
0.075000,0.337500,6.664942e-02
0.087500,0.337500,7.773130e-02
0.100000,0.337500,8.880564e-02
0.112500,0.337500,9.987245e-02
0.125000,0.337500,1.109317e-01
0.137500,0.337500,1.219835e-01
0.150000,0.337500,1.330277e-01
0.162500,0.337500,1.440644e-01
0.175000,0.337500,1.550935e-01
0.187500,0.337500,1.661151e-01
0.200000,0.337500,1.771292e-01
0.212500,0.337500,1.881358e-01
0.225000,0.337500,1.991348e-01
0.237500,0.337500,2.101263e-01
0.250000,0.337500,2.211102e-01
0.262500,0.337500,2.320867e-01
0.275000,0.337500,2.430556e-01
0.287500,0.337500,2.540169e-01
0.300000,0.337500,2.649708e-01
0.312500,0.337500,2.759171e-01
0.325000,0.337500,2.868558e-01
0.337500,0.337500,2.977870e-01
0.350000,0.337500,3.087107e-01
0.362500,0.337500,3.196269e-01
0.375000,0.337500,3.305356e-01
0.387500,0.337500,3.414367e-01
0.400000,0.337500,3.523302e-01
0.412500,0.337500,3.632163e-01
0.425000,0.337500,3.740948e-01
0.437500,0.337500,3.849657e-01
0.450000,0.337500,3.958292e-01
0.462500,0.337500,4.066851e-01
0.475000,0.337500,4.175335e-01
0.487500,0.337500,4.283743e-01
0.500000,0.337500,4.392076e-01
0.512500,0.337500,4.500334e-01
0.525000,0.337500,4.608517e-01
0.537500,0.337500,4.716624e-01
0.550000,0.337500,4.824656e-01
0.562500,0.337500,4.932612e-01
0.575000,0.337500,5.040494e-01
0.587500,0.337500,5.148299e-01
0.600000,0.337500,5.256030e-01
0.612500,0.337500,5.363685e-01
0.625000,0.337500,5.471265e-01
0.637500,0.337500,5.578770e-01
0.650000,0.337500,5.686199e-01
0.662500,0.337500,5.793553e-01
0.675000,0.337500,5.900847e-01
0.687500,0.337500,6.008325e-01
0.700000,0.337500,6.116070e-01
0.712500,0.337500,6.224084e-01
0.725000,0.337500,6.332367e-01
0.737500,0.337500,6.440917e-01
0.750000,0.337500,6.549736e-01
0.762500,0.337500,6.658823e-01
0.775000,0.337500,6.768178e-01
0.787500,0.337500,6.877802e-01
0.800000,0.337500,6.987693e-01
0.812500,0.337500,7.097853e-01
0.825000,0.337500,7.208281e-01
0.837500,0.337500,7.318978e-01
0.850000,0.337500,7.429942e-01
0.862500,0.337500,7.541175e-01
0.875000,0.337500,7.652676e-01
0.887500,0.337500,7.764445e-01
0.900000,0.337500,7.876483e-01
0.912500,0.337500,7.988788e-01
0.925000,0.337500,8.101362e-01
0.937500,0.337500,8.214204e-01
0.950000,0.337500,8.327315e-01
0.962500,0.337500,8.440693e-01
0.975000,0.337500,8.458374e-01
0.987500,0.337500,7.927219e-01
1.000000,0.337500,0.000000e+00
0.000000,0.350000,0.000000e+00
0.012500,0.350000,1.136291e-02
0.025000,0.350000,2.271813e-02
0.037500,0.350000,3.406566e-02
0.050000,0.350000,4.540550e-02
0.062500,0.350000,5.673765e-02
0.075000,0.350000,6.806210e-02
0.087500,0.350000,7.937887e-02
0.100000,0.350000,9.068794e-02
0.112500,0.350000,1.019893e-01
0.125000,0.350000,1.132830e-01
0.137500,0.350000,1.245690e-01
0.150000,0.350000,1.358473e-01
0.162500,0.350000,1.471179e-01
0.175000,0.350000,1.583809e-01
0.187500,0.350000,1.696361e-01
0.200000,0.350000,1.808836e-01
0.212500,0.350000,1.921235e-01
0.225000,0.350000,2.033556e-01
0.237500,0.350000,2.145801e-01
0.250000,0.350000,2.257969e-01
0.262500,0.350000,2.370060e-01
0.275000,0.350000,2.482074e-01
0.287500,0.350000,2.594011e-01
0.300000,0.350000,2.705871e-01
0.312500,0.350000,2.817654e-01
0.325000,0.350000,2.929360e-01
0.337500,0.350000,3.040990e-01
0.350000,0.350000,3.152542e-01
0.362500,0.350000,3.264018e-01
0.375000,0.350000,3.375416e-01
0.387500,0.350000,3.486738e-01
0.400000,0.350000,3.597983e-01
0.412500,0.350000,3.709151e-01
0.425000,0.350000,3.820242e-01
0.437500,0.350000,3.931256e-01
0.450000,0.350000,4.042193e-01
0.462500,0.350000,4.153053e-01
0.475000,0.350000,4.263836e-01
0.487500,0.350000,4.374543e-01
0.500000,0.350000,4.485172e-01
0.512500,0.350000,4.595725e-01
0.525000,0.350000,4.706201e-01
0.537500,0.350000,4.816599e-01
0.550000,0.350000,4.926921e-01
0.562500,0.350000,5.037166e-01
0.575000,0.350000,5.147334e-01
0.587500,0.350000,5.257425e-01
0.600000,0.350000,5.367440e-01
0.612500,0.350000,5.477377e-01
0.625000,0.350000,5.587237e-01
0.637500,0.350000,5.697021e-01
0.650000,0.350000,5.806727e-01
0.662500,0.350000,5.916357e-01
0.675000,0.350000,6.025925e-01
0.687500,0.350000,6.135681e-01
0.700000,0.350000,6.245711e-01
0.712500,0.350000,6.356014e-01
0.725000,0.350000,6.466592e-01
0.737500,0.350000,6.577443e-01
0.750000,0.350000,6.688569e-01
0.762500,0.350000,6.799968e-01
0.775000,0.350000,6.911641e-01
0.787500,0.350000,7.023588e-01
0.800000,0.350000,7.135809e-01
0.812500,0.350000,7.248304e-01
0.825000,0.350000,7.361073e-01
0.837500,0.350000,7.474115e-01
0.850000,0.350000,7.587432e-01
0.862500,0.350000,7.701022e-01
0.875000,0.350000,7.814887e-01
0.887500,0.350000,7.929025e-01
0.900000,0.350000,8.043437e-01
0.912500,0.350000,8.158123e-01
0.925000,0.350000,8.273083e-01
0.937500,0.350000,8.388317e-01
0.950000,0.350000,8.503825e-01
0.962500,0.350000,8.619606e-01
0.975000,0.350000,8.637661e-01
0.987500,0.350000,8.095248e-01
1.000000,0.350000,0.000000e+00
0.000000,0.362500,0.000000e+00
0.012500,0.362500,1.158136e-02
0.025000,0.362500,2.315489e-02
0.037500,0.362500,3.472058e-02
0.050000,0.362500,4.627842e-02
0.062500,0.362500,5.782843e-02
0.075000,0.362500,6.937060e-02
0.087500,0.362500,8.090493e-02
0.100000,0.362500,9.243142e-02
0.112500,0.362500,1.039501e-01
0.125000,0.362500,1.154609e-01
0.137500,0.362500,1.269638e-01
0.150000,0.362500,1.384590e-01
0.162500,0.362500,1.499463e-01
0.175000,0.362500,1.614257e-01
0.187500,0.362500,1.728973e-01
0.200000,0.362500,1.843611e-01
0.212500,0.362500,1.958170e-01
0.225000,0.362500,2.072651e-01
0.237500,0.362500,2.187054e-01
0.250000,0.362500,2.301378e-01
0.262500,0.362500,2.415624e-01
0.275000,0.362500,2.529791e-01
0.287500,0.362500,2.643880e-01
0.300000,0.362500,2.757891e-01
0.312500,0.362500,2.871823e-01
0.325000,0.362500,2.985677e-01
0.337500,0.362500,3.099452e-01
0.350000,0.362500,3.213149e-01
0.362500,0.362500,3.326768e-01
0.375000,0.362500,3.440308e-01
0.387500,0.362500,3.553770e-01
0.400000,0.362500,3.667154e-01
0.412500,0.362500,3.780459e-01
0.425000,0.362500,3.893685e-01
0.437500,0.362500,4.006834e-01
0.450000,0.362500,4.119903e-01
0.462500,0.362500,4.232895e-01
0.475000,0.362500,4.345808e-01
0.487500,0.362500,4.458643e-01
0.500000,0.362500,4.571399e-01
0.512500,0.362500,4.684077e-01
0.525000,0.362500,4.796676e-01
0.537500,0.362500,4.909198e-01
0.550000,0.362500,5.021640e-01
0.562500,0.362500,5.134005e-01
0.575000,0.362500,5.246291e-01
0.587500,0.362500,5.358498e-01
0.600000,0.362500,5.470627e-01
0.612500,0.362500,5.582678e-01
0.625000,0.362500,5.694650e-01
0.637500,0.362500,5.806544e-01
0.650000,0.362500,5.918360e-01
0.662500,0.362500,6.030097e-01
0.675000,0.362500,6.141772e-01
0.687500,0.362500,6.253638e-01
0.700000,0.362500,6.365783e-01
0.712500,0.362500,6.478207e-01
0.725000,0.362500,6.590910e-01
0.737500,0.362500,6.703893e-01
0.750000,0.362500,6.817154e-01
0.762500,0.362500,6.930695e-01
0.775000,0.362500,7.044515e-01
0.787500,0.362500,7.158614e-01
0.800000,0.362500,7.272992e-01
0.812500,0.362500,7.387650e-01
0.825000,0.362500,7.502587e-01
0.837500,0.362500,7.617802e-01
0.850000,0.362500,7.733297e-01
0.862500,0.362500,7.849071e-01
0.875000,0.362500,7.965125e-01
0.887500,0.362500,8.081457e-01
0.900000,0.362500,8.198069e-01
0.912500,0.362500,8.314959e-01
0.925000,0.362500,8.432129e-01
0.937500,0.362500,8.549578e-01
0.950000,0.362500,8.667307e-01
0.962500,0.362500,8.785314e-01
0.975000,0.362500,8.803716e-01
0.987500,0.362500,8.250875e-01
1.000000,0.362500,0.000000e+00
0.000000,0.375000,0.000000e+00
0.012500,0.375000,1.178229e-02
0.025000,0.375000,2.355659e-02
0.037500,0.375000,3.532293e-02
0.050000,0.375000,4.708128e-02
0.062500,0.375000,5.883167e-02
0.075000,0.375000,7.057407e-02
0.087500,0.375000,8.230850e-02
0.100000,0.375000,9.403495e-02
0.112500,0.375000,1.057534e-01
0.125000,0.375000,1.174639e-01
0.137500,0.375000,1.291665e-01
0.150000,0.375000,1.408610e-01
0.162500,0.375000,1.525476e-01
0.175000,0.375000,1.642262e-01
0.187500,0.375000,1.758968e-01
0.200000,0.375000,1.875594e-01
0.212500,0.375000,1.992141e-01
0.225000,0.375000,2.108608e-01
0.237500,0.375000,2.224995e-01
0.250000,0.375000,2.341303e-01
0.262500,0.375000,2.457530e-01
0.275000,0.375000,2.573678e-01
0.287500,0.375000,2.689746e-01
0.300000,0.375000,2.805735e-01
0.312500,0.375000,2.921643e-01
0.325000,0.375000,3.037472e-01
0.337500,0.375000,3.153221e-01
0.350000,0.375000,3.268891e-01
0.362500,0.375000,3.384480e-01
0.375000,0.375000,3.499990e-01
0.387500,0.375000,3.615420e-01
0.400000,0.375000,3.730770e-01
0.412500,0.375000,3.846041e-01
0.425000,0.375000,3.961232e-01
0.437500,0.375000,4.076343e-01
0.450000,0.375000,4.191374e-01
0.462500,0.375000,4.306325e-01
0.475000,0.375000,4.421197e-01
0.487500,0.375000,4.535989e-01
0.500000,0.375000,4.650701e-01
0.512500,0.375000,4.765334e-01
0.525000,0.375000,4.879887e-01
0.537500,0.375000,4.994359e-01
0.550000,0.375000,5.108753e-01
0.562500,0.375000,5.223066e-01
0.575000,0.375000,5.337300e-01
0.587500,0.375000,5.451454e-01
0.600000,0.375000,5.565528e-01
0.612500,0.375000,5.679522e-01
0.625000,0.375000,5.793437e-01
0.637500,0.375000,5.907272e-01
0.650000,0.375000,6.021027e-01
0.662500,0.375000,6.134702e-01
0.675000,0.375000,6.248314e-01
0.687500,0.375000,6.362120e-01
0.700000,0.375000,6.476210e-01
0.712500,0.375000,6.590584e-01
0.725000,0.375000,6.705243e-01
0.737500,0.375000,6.820185e-01
0.750000,0.375000,6.935411e-01
0.762500,0.375000,7.050922e-01
0.775000,0.375000,7.166716e-01
0.787500,0.375000,7.282794e-01
0.800000,0.375000,7.399156e-01
0.812500,0.375000,7.515803e-01
0.825000,0.375000,7.632733e-01
0.837500,0.375000,7.749947e-01
0.850000,0.375000,7.867446e-01
0.862500,0.375000,7.985228e-01
0.875000,0.375000,8.103295e-01
0.887500,0.375000,8.221645e-01
0.900000,0.375000,8.340279e-01
0.912500,0.375000,8.459198e-01
0.925000,0.375000,8.578400e-01
0.937500,0.375000,8.697886e-01
0.950000,0.375000,8.817657e-01
0.962500,0.375000,8.937711e-01
0.975000,0.375000,8.956432e-01
0.987500,0.375000,8.394001e-01
1.000000,0.375000,0.000000e+00
0.000000,0.387500,0.000000e+00
0.012500,0.387500,1.196480e-02
0.025000,0.387500,2.392150e-02
0.037500,0.387500,3.587010e-02
0.050000,0.387500,4.781060e-02
0.062500,0.387500,5.974300e-02
0.075000,0.387500,7.166730e-02
0.087500,0.387500,8.358350e-02
0.100000,0.387500,9.549160e-02
0.112500,0.387500,1.073916e-01
0.125000,0.387500,1.192835e-01
0.137500,0.387500,1.311673e-01
0.150000,0.387500,1.430430e-01
0.162500,0.387500,1.549106e-01
0.175000,0.387500,1.667701e-01
0.187500,0.387500,1.786215e-01
0.200000,0.387500,1.904648e-01
0.212500,0.387500,2.023000e-01
0.225000,0.387500,2.141271e-01
0.237500,0.387500,2.259461e-01
0.250000,0.387500,2.377570e-01
0.262500,0.387500,2.495598e-01
0.275000,0.387500,2.613545e-01
0.287500,0.387500,2.731411e-01
0.300000,0.387500,2.849196e-01
0.312500,0.387500,2.966900e-01
0.325000,0.387500,3.084523e-01
0.337500,0.387500,3.202065e-01
0.350000,0.387500,3.319526e-01
0.362500,0.387500,3.436906e-01
0.375000,0.387500,3.554205e-01
0.387500,0.387500,3.671423e-01
0.400000,0.387500,3.788560e-01
0.412500,0.387500,3.905616e-01
0.425000,0.387500,4.022591e-01
0.437500,0.387500,4.139485e-01
0.450000,0.387500,4.256298e-01
0.462500,0.387500,4.373030e-01
0.475000,0.387500,4.489681e-01
0.487500,0.387500,4.606251e-01
0.500000,0.387500,4.722740e-01
0.512500,0.387500,4.839148e-01
0.525000,0.387500,4.955475e-01
0.537500,0.387500,5.071721e-01
0.550000,0.387500,5.187886e-01
0.562500,0.387500,5.303970e-01
0.575000,0.387500,5.419973e-01
0.587500,0.387500,5.535895e-01
0.600000,0.387500,5.651736e-01
0.612500,0.387500,5.767496e-01
0.625000,0.387500,5.883175e-01
0.637500,0.387500,5.998773e-01
0.650000,0.387500,6.114290e-01
0.662500,0.387500,6.229726e-01
0.675000,0.387500,6.345097e-01
0.687500,0.387500,6.460666e-01
0.700000,0.387500,6.576523e-01
0.712500,0.387500,6.692669e-01
0.725000,0.387500,6.809103e-01
0.737500,0.387500,6.925826e-01
0.750000,0.387500,7.042837e-01
0.762500,0.387500,7.160136e-01
0.775000,0.387500,7.277724e-01
0.787500,0.387500,7.395600e-01
0.800000,0.387500,7.513765e-01
0.812500,0.387500,7.632218e-01
0.825000,0.387500,7.750959e-01
0.837500,0.387500,7.869989e-01
0.850000,0.387500,7.989307e-01
0.862500,0.387500,8.108914e-01
0.875000,0.387500,8.228809e-01
0.887500,0.387500,8.348993e-01
0.900000,0.387500,8.469464e-01
0.912500,0.387500,8.590225e-01
0.925000,0.387500,8.711273e-01
0.937500,0.387500,8.832611e-01
0.950000,0.387500,8.954236e-01
0.962500,0.387500,9.076150e-01
0.975000,0.387500,9.095161e-01
0.987500,0.387500,8.524018e-01
1.000000,0.387500,0.000000e+00
0.000000,0.400000,0.000000e+00
0.012500,0.400000,1.212876e-02
0.025000,0.400000,2.424931e-02
0.037500,0.400000,3.636165e-02
0.050000,0.400000,4.846577e-02
0.062500,0.400000,6.056169e-02
0.075000,0.400000,7.264939e-02
0.087500,0.400000,8.472888e-02
0.100000,0.400000,9.680016e-02
0.112500,0.400000,1.088632e-01
0.125000,0.400000,1.209181e-01
0.137500,0.400000,1.329647e-01
0.150000,0.400000,1.450032e-01
0.162500,0.400000,1.570334e-01
0.175000,0.400000,1.690554e-01
0.187500,0.400000,1.810692e-01
0.200000,0.400000,1.930748e-01
0.212500,0.400000,2.050722e-01
0.225000,0.400000,2.170614e-01
0.237500,0.400000,2.290423e-01
0.250000,0.400000,2.410151e-01
0.262500,0.400000,2.529796e-01
0.275000,0.400000,2.649359e-01
0.287500,0.400000,2.768840e-01
0.300000,0.400000,2.888239e-01
0.312500,0.400000,3.007556e-01
0.325000,0.400000,3.126791e-01
0.337500,0.400000,3.245944e-01
0.350000,0.400000,3.365014e-01
0.362500,0.400000,3.484003e-01
0.375000,0.400000,3.602909e-01
0.387500,0.400000,3.721733e-01
0.400000,0.400000,3.840475e-01
0.412500,0.400000,3.959135e-01
0.425000,0.400000,4.077713e-01
0.437500,0.400000,4.196209e-01
0.450000,0.400000,4.314623e-01
0.462500,0.400000,4.432954e-01
0.475000,0.400000,4.551204e-01
0.487500,0.400000,4.669371e-01
0.500000,0.400000,4.787456e-01
0.512500,0.400000,4.905459e-01
0.525000,0.400000,5.023380e-01
0.537500,0.400000,5.141219e-01
0.550000,0.400000,5.258976e-01
0.562500,0.400000,5.376650e-01
0.575000,0.400000,5.494243e-01
0.587500,0.400000,5.611753e-01
0.600000,0.400000,5.729182e-01
0.612500,0.400000,5.846528e-01
0.625000,0.400000,5.963792e-01
0.637500,0.400000,6.080974e-01
0.650000,0.400000,6.198074e-01
0.662500,0.400000,6.315092e-01
0.675000,0.400000,6.432044e-01
0.687500,0.400000,6.549196e-01
0.700000,0.400000,6.666641e-01
0.712500,0.400000,6.784378e-01
0.725000,0.400000,6.902408e-01
0.737500,0.400000,7.020730e-01
0.750000,0.400000,7.139344e-01
0.762500,0.400000,7.258251e-01
0.775000,0.400000,7.377450e-01
0.787500,0.400000,7.496941e-01
0.800000,0.400000,7.616725e-01
0.812500,0.400000,7.736801e-01
0.825000,0.400000,7.857170e-01
0.837500,0.400000,7.977830e-01
0.850000,0.400000,8.098784e-01
0.862500,0.400000,8.220029e-01
0.875000,0.400000,8.341567e-01
0.887500,0.400000,8.463397e-01
0.900000,0.400000,8.585520e-01
0.912500,0.400000,8.707935e-01
0.925000,0.400000,8.830643e-01
0.937500,0.400000,8.953642e-01
0.950000,0.400000,9.076934e-01
0.962500,0.400000,9.200519e-01
0.975000,0.400000,9.219790e-01
0.987500,0.400000,8.640821e-01
1.000000,0.400000,0.000000e+00
0.000000,0.412500,0.000000e+00
0.012500,0.412500,1.227416e-02
0.025000,0.412500,2.454002e-02
0.037500,0.412500,3.679756e-02
0.050000,0.412500,4.904680e-02
0.062500,0.412500,6.128772e-02
0.075000,0.412500,7.352034e-02
0.087500,0.412500,8.574464e-02
0.100000,0.412500,9.796064e-02
0.112500,0.412500,1.101683e-01
0.125000,0.412500,1.223677e-01
0.137500,0.412500,1.345588e-01
0.150000,0.412500,1.467415e-01
0.162500,0.412500,1.589160e-01
0.175000,0.412500,1.710821e-01
0.187500,0.412500,1.832399e-01
0.200000,0.412500,1.953895e-01
0.212500,0.412500,2.075307e-01
0.225000,0.412500,2.196636e-01
0.237500,0.412500,2.317882e-01
0.250000,0.412500,2.439044e-01
0.262500,0.412500,2.560124e-01
0.275000,0.412500,2.681121e-01
0.287500,0.412500,2.802034e-01
0.300000,0.412500,2.922865e-01
0.312500,0.412500,3.043612e-01
0.325000,0.412500,3.164276e-01
0.337500,0.412500,3.284857e-01
0.350000,0.412500,3.405355e-01
0.362500,0.412500,3.525770e-01
0.375000,0.412500,3.646102e-01
0.387500,0.412500,3.766351e-01
0.400000,0.412500,3.886516e-01
0.412500,0.412500,4.006599e-01
0.425000,0.412500,4.126598e-01
0.437500,0.412500,4.246515e-01
0.450000,0.412500,4.366348e-01
0.462500,0.412500,4.486098e-01
0.475000,0.412500,4.605765e-01
0.487500,0.412500,4.725349e-01
0.500000,0.412500,4.844850e-01
0.512500,0.412500,4.964268e-01
0.525000,0.412500,5.083602e-01
0.537500,0.412500,5.202854e-01
0.550000,0.412500,5.322022e-01
0.562500,0.412500,5.441108e-01
0.575000,0.412500,5.560110e-01
0.587500,0.412500,5.679029e-01
0.600000,0.412500,5.797865e-01
0.612500,0.412500,5.916618e-01
0.625000,0.412500,6.035288e-01
0.637500,0.412500,6.153875e-01
0.650000,0.412500,6.272379e-01
0.662500,0.412500,6.390799e-01
0.675000,0.412500,6.509154e-01
0.687500,0.412500,6.627711e-01
0.700000,0.412500,6.746564e-01
0.712500,0.412500,6.865712e-01
0.725000,0.412500,6.985157e-01
0.737500,0.412500,7.104897e-01
0.750000,0.412500,7.224933e-01
0.762500,0.412500,7.345266e-01
0.775000,0.412500,7.465894e-01
0.787500,0.412500,7.586817e-01
0.800000,0.412500,7.708037e-01
0.812500,0.412500,7.829553e-01
0.825000,0.412500,7.951364e-01
0.837500,0.412500,8.073472e-01
0.850000,0.412500,8.195875e-01
0.862500,0.412500,8.318574e-01
0.875000,0.412500,8.441569e-01
0.887500,0.412500,8.564860e-01
0.900000,0.412500,8.688446e-01
0.912500,0.412500,8.812329e-01
0.925000,0.412500,8.936507e-01
0.937500,0.412500,9.060982e-01
0.950000,0.412500,9.185752e-01
0.962500,0.412500,9.310818e-01
0.975000,0.412500,9.330320e-01
0.987500,0.412500,8.744410e-01
1.000000,0.412500,0.000000e+00
0.000000,0.425000,0.000000e+00
0.012500,0.425000,1.240068e-02
0.025000,0.425000,2.479297e-02
0.037500,0.425000,3.717686e-02
0.050000,0.425000,4.955236e-02
0.062500,0.425000,6.191946e-02
0.075000,0.425000,7.427817e-02
0.087500,0.425000,8.662848e-02
0.100000,0.425000,9.897040e-02
0.112500,0.425000,1.113039e-01
0.125000,0.425000,1.236290e-01
0.137500,0.425000,1.359458e-01
0.150000,0.425000,1.482541e-01
0.162500,0.425000,1.605541e-01
0.175000,0.425000,1.728456e-01
0.187500,0.425000,1.851288e-01
0.200000,0.425000,1.974035e-01
0.212500,0.425000,2.096699e-01
0.225000,0.425000,2.219278e-01
0.237500,0.425000,2.341774e-01
0.250000,0.425000,2.464186e-01
0.262500,0.425000,2.586514e-01
0.275000,0.425000,2.708757e-01
0.287500,0.425000,2.830917e-01
0.300000,0.425000,2.952993e-01
0.312500,0.425000,3.074985e-01
0.325000,0.425000,3.196893e-01
0.337500,0.425000,3.318717e-01
0.350000,0.425000,3.440457e-01
0.362500,0.425000,3.562114e-01
0.375000,0.425000,3.683686e-01
0.387500,0.425000,3.805174e-01
0.400000,0.425000,3.926578e-01
0.412500,0.425000,4.047899e-01
0.425000,0.425000,4.169135e-01
0.437500,0.425000,4.290288e-01
0.450000,0.425000,4.411356e-01
0.462500,0.425000,4.532341e-01
0.475000,0.425000,4.653241e-01
0.487500,0.425000,4.774058e-01
0.500000,0.425000,4.894791e-01
0.512500,0.425000,5.015439e-01
0.525000,0.425000,5.136004e-01
0.537500,0.425000,5.256485e-01
0.550000,0.425000,5.376882e-01
0.562500,0.425000,5.497195e-01
0.575000,0.425000,5.617424e-01
0.587500,0.425000,5.737569e-01
0.600000,0.425000,5.857630e-01
0.612500,0.425000,5.977607e-01
0.625000,0.425000,6.097500e-01
0.637500,0.425000,6.217309e-01
0.650000,0.425000,6.337035e-01
0.662500,0.425000,6.456676e-01
0.675000,0.425000,6.576250e-01
0.687500,0.425000,6.696030e-01
0.700000,0.425000,6.816108e-01
0.712500,0.425000,6.936484e-01
0.725000,0.425000,7.057160e-01
0.737500,0.425000,7.178135e-01
0.750000,0.425000,7.299409e-01
0.762500,0.425000,7.420981e-01
0.775000,0.425000,7.542853e-01
0.787500,0.425000,7.665023e-01
0.800000,0.425000,7.787492e-01
0.812500,0.425000,7.910260e-01
0.825000,0.425000,8.033327e-01
0.837500,0.425000,8.156693e-01
0.850000,0.425000,8.280358e-01
0.862500,0.425000,8.404322e-01
0.875000,0.425000,8.528585e-01
0.887500,0.425000,8.653147e-01
0.900000,0.425000,8.778007e-01
0.912500,0.425000,8.903167e-01
0.925000,0.425000,9.028625e-01
0.937500,0.425000,9.154382e-01
0.950000,0.425000,9.280439e-01
0.962500,0.425000,9.406794e-01
0.975000,0.425000,9.426497e-01
0.987500,0.425000,8.834548e-01
1.000000,0.425000,0.000000e+00
0.000000,0.437500,0.000000e+00
0.012500,0.437500,1.250794e-02
0.025000,0.437500,2.500741e-02
0.037500,0.437500,3.749841e-02
0.050000,0.437500,4.998095e-02
0.062500,0.437500,6.245502e-02
0.075000,0.437500,7.492062e-02
0.087500,0.437500,8.737775e-02
0.100000,0.437500,9.982642e-02
0.112500,0.437500,1.122666e-01
0.125000,0.437500,1.246983e-01
0.137500,0.437500,1.371216e-01
0.150000,0.437500,1.495364e-01
0.162500,0.437500,1.619427e-01
0.175000,0.437500,1.743406e-01
0.187500,0.437500,1.867300e-01
0.200000,0.437500,1.991109e-01
0.212500,0.437500,2.114833e-01
0.225000,0.437500,2.238473e-01
0.237500,0.437500,2.362029e-01
0.250000,0.437500,2.485499e-01
0.262500,0.437500,2.608885e-01
0.275000,0.437500,2.732186e-01
0.287500,0.437500,2.855403e-01
0.300000,0.437500,2.978534e-01
0.312500,0.437500,3.101581e-01
0.325000,0.437500,3.224544e-01
0.337500,0.437500,3.347422e-01
0.350000,0.437500,3.470215e-01
0.362500,0.437500,3.592923e-01
0.375000,0.437500,3.715547e-01
0.387500,0.437500,3.838086e-01
0.400000,0.437500,3.960540e-01
0.412500,0.437500,4.082910e-01
0.425000,0.437500,4.205195e-01
0.437500,0.437500,4.327395e-01
0.450000,0.437500,4.449511e-01
0.462500,0.437500,4.571542e-01
0.475000,0.437500,4.693488e-01
0.487500,0.437500,4.815350e-01
0.500000,0.437500,4.937127e-01
0.512500,0.437500,5.058819e-01
0.525000,0.437500,5.180427e-01
0.537500,0.437500,5.301950e-01
0.550000,0.437500,5.423388e-01
0.562500,0.437500,5.544742e-01
0.575000,0.437500,5.666011e-01
0.587500,0.437500,5.787195e-01
0.600000,0.437500,5.908294e-01
0.612500,0.437500,6.029309e-01
0.625000,0.437500,6.150239e-01
0.637500,0.437500,6.271085e-01
0.650000,0.437500,6.391846e-01
0.662500,0.437500,6.512522e-01
0.675000,0.437500,6.633131e-01
0.687500,0.437500,6.753946e-01
0.700000,0.437500,6.875062e-01
0.712500,0.437500,6.996480e-01
0.725000,0.437500,7.118200e-01
0.737500,0.437500,7.240221e-01
0.750000,0.437500,7.362543e-01
0.762500,0.437500,7.485167e-01
0.775000,0.437500,7.608093e-01
0.787500,0.437500,7.731320e-01
0.800000,0.437500,7.854849e-01
0.812500,0.437500,7.978679e-01
0.825000,0.437500,8.102810e-01
0.837500,0.437500,8.227243e-01
0.850000,0.437500,8.351978e-01
0.862500,0.437500,8.477014e-01
0.875000,0.437500,8.602351e-01
0.887500,0.437500,8.727990e-01
0.900000,0.437500,8.853931e-01
0.912500,0.437500,8.980173e-01
0.925000,0.437500,9.106716e-01
0.937500,0.437500,9.233561e-01
0.950000,0.437500,9.360708e-01
0.962500,0.437500,9.488156e-01
0.975000,0.437500,9.508029e-01
0.987500,0.437500,8.910960e-01
1.000000,0.437500,0.000000e+00
0.000000,0.450000,0.000000e+00
0.012500,0.450000,1.259593e-02
0.025000,0.450000,2.518333e-02
0.037500,0.450000,3.776221e-02
0.050000,0.450000,5.033256e-02
0.062500,0.450000,6.289438e-02
0.075000,0.450000,7.544767e-02
0.087500,0.450000,8.799244e-02
0.100000,0.450000,1.005287e-01
0.112500,0.450000,1.130564e-01
0.125000,0.450000,1.255756e-01
0.137500,0.450000,1.380862e-01
0.150000,0.450000,1.505884e-01
0.162500,0.450000,1.630820e-01
0.175000,0.450000,1.755670e-01
0.187500,0.450000,1.880436e-01
0.200000,0.450000,2.005116e-01
0.212500,0.450000,2.129711e-01
0.225000,0.450000,2.254221e-01
0.237500,0.450000,2.378645e-01
0.250000,0.450000,2.502984e-01
0.262500,0.450000,2.627238e-01
0.275000,0.450000,2.751407e-01
0.287500,0.450000,2.875490e-01
0.300000,0.450000,2.999488e-01
0.312500,0.450000,3.123401e-01
0.325000,0.450000,3.247228e-01
0.337500,0.450000,3.370970e-01
0.350000,0.450000,3.494627e-01
0.362500,0.450000,3.618199e-01
0.375000,0.450000,3.741685e-01
0.387500,0.450000,3.865086e-01
0.400000,0.450000,3.988402e-01
0.412500,0.450000,4.111633e-01
0.425000,0.450000,4.234778e-01
0.437500,0.450000,4.357838e-01
0.450000,0.450000,4.480813e-01
0.462500,0.450000,4.603702e-01
0.475000,0.450000,4.726506e-01
0.487500,0.450000,4.849225e-01
0.500000,0.450000,4.971859e-01
0.512500,0.450000,5.094407e-01
0.525000,0.450000,5.216870e-01
0.537500,0.450000,5.339248e-01
0.550000,0.450000,5.461541e-01
0.562500,0.450000,5.583748e-01
0.575000,0.450000,5.705870e-01
0.587500,0.450000,5.827907e-01
0.600000,0.450000,5.949858e-01
0.612500,0.450000,6.071724e-01
0.625000,0.450000,6.193505e-01
0.637500,0.450000,6.315201e-01
0.650000,0.450000,6.436811e-01
0.662500,0.450000,6.558336e-01
0.675000,0.450000,6.679794e-01
0.687500,0.450000,6.801459e-01
0.700000,0.450000,6.923427e-01
0.712500,0.450000,7.045699e-01
0.725000,0.450000,7.168275e-01
0.737500,0.450000,7.291155e-01
0.750000,0.450000,7.414338e-01
0.762500,0.450000,7.537824e-01
0.775000,0.450000,7.661615e-01
0.787500,0.450000,7.785709e-01
0.800000,0.450000,7.910106e-01
0.812500,0.450000,8.034807e-01
0.825000,0.450000,8.159812e-01
0.837500,0.450000,8.285121e-01
0.850000,0.450000,8.410733e-01
0.862500,0.450000,8.536648e-01
0.875000,0.450000,8.662867e-01
0.887500,0.450000,8.789390e-01
0.900000,0.450000,8.916217e-01
0.912500,0.450000,9.043347e-01
0.925000,0.450000,9.170780e-01
0.937500,0.450000,9.298518e-01
0.950000,0.450000,9.426559e-01
0.962500,0.450000,9.554903e-01
0.975000,0.450000,9.574916e-01
0.987500,0.450000,8.973647e-01
1.000000,0.450000,0.000000e+00
0.000000,0.462500,0.000000e+00
0.012500,0.462500,1.266461e-02
0.025000,0.462500,2.532064e-02
0.037500,0.462500,3.796811e-02
0.050000,0.462500,5.060699e-02
0.062500,0.462500,6.323731e-02
0.075000,0.462500,7.585905e-02
0.087500,0.462500,8.847221e-02
0.100000,0.462500,1.010768e-01
0.112500,0.462500,1.136728e-01
0.125000,0.462500,1.262603e-01
0.137500,0.462500,1.388391e-01
0.150000,0.462500,1.514094e-01
0.162500,0.462500,1.639712e-01
0.175000,0.462500,1.765243e-01
0.187500,0.462500,1.890689e-01
0.200000,0.462500,2.016049e-01
0.212500,0.462500,2.141323e-01
0.225000,0.462500,2.266512e-01
0.237500,0.462500,2.391614e-01
0.250000,0.462500,2.516631e-01
0.262500,0.462500,2.641563e-01
0.275000,0.462500,2.766408e-01
0.287500,0.462500,2.891168e-01
0.300000,0.462500,3.015842e-01
0.312500,0.462500,3.140431e-01
0.325000,0.462500,3.264933e-01
0.337500,0.462500,3.389350e-01
0.350000,0.462500,3.513681e-01
0.362500,0.462500,3.637927e-01
0.375000,0.462500,3.762086e-01
0.387500,0.462500,3.886160e-01
0.400000,0.462500,4.010148e-01
0.412500,0.462500,4.134051e-01
0.425000,0.462500,4.257868e-01
0.437500,0.462500,4.381599e-01
0.450000,0.462500,4.505244e-01
0.462500,0.462500,4.628803e-01
0.475000,0.462500,4.752277e-01
0.487500,0.462500,4.875665e-01
0.500000,0.462500,4.998967e-01
0.512500,0.462500,5.122184e-01
0.525000,0.462500,5.245315e-01
0.537500,0.462500,5.368360e-01
0.550000,0.462500,5.491319e-01
0.562500,0.462500,5.614193e-01
0.575000,0.462500,5.736980e-01
0.587500,0.462500,5.859682e-01
0.600000,0.462500,5.982299e-01
0.612500,0.462500,6.104829e-01
0.625000,0.462500,6.227274e-01
0.637500,0.462500,6.349633e-01
0.650000,0.462500,6.471907e-01
0.662500,0.462500,6.594095e-01
0.675000,0.462500,6.716214e-01
0.687500,0.462500,6.838542e-01
0.700000,0.462500,6.961176e-01
0.712500,0.462500,7.084115e-01
0.725000,0.462500,7.207359e-01
0.737500,0.462500,7.330908e-01
0.750000,0.462500,7.454763e-01
0.762500,0.462500,7.578923e-01
0.775000,0.462500,7.703388e-01
0.787500,0.462500,7.828159e-01
0.800000,0.462500,7.953234e-01
0.812500,0.462500,8.078615e-01
0.825000,0.462500,8.204302e-01
0.837500,0.462500,8.330293e-01
0.850000,0.462500,8.456590e-01
0.862500,0.462500,8.583192e-01
0.875000,0.462500,8.710100e-01
0.887500,0.462500,8.837312e-01
0.900000,0.462500,8.964830e-01
0.912500,0.462500,9.092654e-01
0.925000,0.462500,9.220782e-01
0.937500,0.462500,9.349216e-01
0.950000,0.462500,9.477955e-01
0.962500,0.462500,9.606999e-01
0.975000,0.462500,9.627122e-01
0.987500,0.462500,9.022574e-01
1.000000,0.462500,0.000000e+00
0.000000,0.475000,0.000000e+00
0.012500,0.475000,1.271370e-02
0.025000,0.475000,2.541879e-02
0.037500,0.475000,3.811527e-02
0.050000,0.475000,5.080315e-02
0.062500,0.475000,6.348242e-02
0.075000,0.475000,7.615308e-02
0.087500,0.475000,8.881513e-02
0.100000,0.475000,1.014686e-01
0.112500,0.475000,1.141134e-01
0.125000,0.475000,1.267497e-01
0.137500,0.475000,1.393773e-01
0.150000,0.475000,1.519963e-01
0.162500,0.475000,1.646067e-01
0.175000,0.475000,1.772085e-01
0.187500,0.475000,1.898017e-01
0.200000,0.475000,2.023863e-01
0.212500,0.475000,2.149623e-01
0.225000,0.475000,2.275297e-01
0.237500,0.475000,2.400884e-01
0.250000,0.475000,2.526386e-01
0.262500,0.475000,2.651801e-01
0.275000,0.475000,2.777131e-01
0.287500,0.475000,2.902374e-01
0.300000,0.475000,3.027532e-01
0.312500,0.475000,3.152603e-01
0.325000,0.475000,3.277588e-01
0.337500,0.475000,3.402487e-01
0.350000,0.475000,3.527300e-01
0.362500,0.475000,3.652027e-01
0.375000,0.475000,3.776668e-01
0.387500,0.475000,3.901223e-01
0.400000,0.475000,4.025692e-01
0.412500,0.475000,4.150074e-01
0.425000,0.475000,4.274371e-01
0.437500,0.475000,4.398581e-01
0.450000,0.475000,4.522706e-01
0.462500,0.475000,4.646744e-01
0.475000,0.475000,4.770697e-01
0.487500,0.475000,4.894563e-01
0.500000,0.475000,5.018343e-01
0.512500,0.475000,5.142037e-01
0.525000,0.475000,5.265645e-01
0.537500,0.475000,5.389167e-01
0.550000,0.475000,5.512603e-01
0.562500,0.475000,5.635953e-01
0.575000,0.475000,5.759217e-01
0.587500,0.475000,5.882394e-01
0.600000,0.475000,6.005486e-01
0.612500,0.475000,6.128491e-01
0.625000,0.475000,6.251411e-01
0.637500,0.475000,6.374244e-01
0.650000,0.475000,6.496992e-01
0.662500,0.475000,6.619653e-01
0.675000,0.475000,6.742245e-01
0.687500,0.475000,6.865048e-01
0.700000,0.475000,6.988157e-01
0.712500,0.475000,7.111572e-01
0.725000,0.475000,7.235294e-01
0.737500,0.475000,7.359322e-01
0.750000,0.475000,7.483657e-01
0.762500,0.475000,7.608298e-01
0.775000,0.475000,7.733246e-01
0.787500,0.475000,7.858500e-01
0.800000,0.475000,7.984061e-01
0.812500,0.475000,8.109928e-01
0.825000,0.475000,8.236101e-01
0.837500,0.475000,8.362581e-01
0.850000,0.475000,8.489367e-01
0.862500,0.475000,8.616460e-01
0.875000,0.475000,8.743859e-01
0.887500,0.475000,8.871565e-01
0.900000,0.475000,8.999577e-01
0.912500,0.475000,9.127896e-01
0.925000,0.475000,9.256521e-01
0.937500,0.475000,9.385453e-01
0.950000,0.475000,9.514691e-01
0.962500,0.475000,9.644235e-01
0.975000,0.475000,9.664436e-01
0.987500,0.475000,9.057545e-01
1.000000,0.475000,0.000000e+00
0.000000,0.487500,0.000000e+00
0.012500,0.487500,1.274315e-02
0.025000,0.487500,2.547768e-02
0.037500,0.487500,3.820358e-02
0.050000,0.487500,5.092085e-02
0.062500,0.487500,6.362949e-02
0.075000,0.487500,7.632951e-02
0.087500,0.487500,8.902090e-02
0.100000,0.487500,1.017037e-01
0.112500,0.487500,1.143778e-01
0.125000,0.487500,1.270433e-01
0.137500,0.487500,1.397002e-01
0.150000,0.487500,1.523484e-01
0.162500,0.487500,1.649881e-01
0.175000,0.487500,1.776191e-01
0.187500,0.487500,1.902414e-01
0.200000,0.487500,2.028552e-01
0.212500,0.487500,2.154603e-01
0.225000,0.487500,2.280568e-01
0.237500,0.487500,2.406447e-01
0.250000,0.487500,2.532239e-01
0.262500,0.487500,2.657945e-01
0.275000,0.487500,2.783565e-01
0.287500,0.487500,2.909098e-01
0.300000,0.487500,3.034546e-01
0.312500,0.487500,3.159907e-01
0.325000,0.487500,3.285181e-01
0.337500,0.487500,3.410370e-01
0.350000,0.487500,3.535472e-01
0.362500,0.487500,3.660488e-01
0.375000,0.487500,3.785418e-01
0.387500,0.487500,3.910261e-01
0.400000,0.487500,4.035018e-01
0.412500,0.487500,4.159689e-01
0.425000,0.487500,4.284274e-01
0.437500,0.487500,4.408772e-01
0.450000,0.487500,4.533184e-01
0.462500,0.487500,4.657510e-01
0.475000,0.487500,4.781749e-01
0.487500,0.487500,4.905902e-01
0.500000,0.487500,5.029969e-01
0.512500,0.487500,5.153950e-01
0.525000,0.487500,5.277844e-01
0.537500,0.487500,5.401653e-01
0.550000,0.487500,5.525374e-01
0.562500,0.487500,5.649010e-01
0.575000,0.487500,5.772559e-01
0.587500,0.487500,5.896022e-01
0.600000,0.487500,6.019399e-01
0.612500,0.487500,6.142690e-01
0.625000,0.487500,6.265894e-01
0.637500,0.487500,6.389012e-01
0.650000,0.487500,6.512044e-01
0.662500,0.487500,6.634989e-01
0.675000,0.487500,6.757866e-01
0.687500,0.487500,6.880953e-01
0.700000,0.487500,7.004347e-01
0.712500,0.487500,7.128048e-01
0.725000,0.487500,7.252056e-01
0.737500,0.487500,7.376372e-01
0.750000,0.487500,7.500995e-01
0.762500,0.487500,7.625925e-01
0.775000,0.487500,7.751162e-01
0.787500,0.487500,7.876706e-01
0.800000,0.487500,8.002558e-01
0.812500,0.487500,8.128716e-01
0.825000,0.487500,8.255182e-01
0.837500,0.487500,8.381955e-01
0.850000,0.487500,8.509035e-01
0.862500,0.487500,8.636422e-01
0.875000,0.487500,8.764117e-01
0.887500,0.487500,8.892118e-01
0.900000,0.487500,9.020427e-01
0.912500,0.487500,9.149043e-01
0.925000,0.487500,9.277966e-01
0.937500,0.487500,9.407196e-01
0.950000,0.487500,9.536734e-01
0.962500,0.487500,9.666578e-01
0.975000,0.487500,9.686826e-01
0.987500,0.487500,9.078529e-01
1.000000,0.487500,0.000000e+00
0.000000,0.500000,0.000000e+00
0.012500,0.500000,1.275297e-02
0.025000,0.500000,2.549732e-02
0.037500,0.500000,3.823302e-02
0.050000,0.500000,5.096010e-02
0.062500,0.500000,6.367854e-02
0.075000,0.500000,7.638834e-02
0.087500,0.500000,8.908951e-02
0.100000,0.500000,1.017821e-01
0.112500,0.500000,1.144660e-01
0.125000,0.500000,1.271412e-01
0.137500,0.500000,1.398079e-01
0.150000,0.500000,1.524659e-01
0.162500,0.500000,1.651152e-01
0.175000,0.500000,1.777560e-01
0.187500,0.500000,1.903881e-01
0.200000,0.500000,2.030115e-01
0.212500,0.500000,2.156264e-01
0.225000,0.500000,2.282326e-01
0.237500,0.500000,2.408301e-01
0.250000,0.500000,2.534191e-01
0.262500,0.500000,2.659994e-01
0.275000,0.500000,2.785710e-01
0.287500,0.500000,2.911341e-01
0.300000,0.500000,3.036885e-01
0.312500,0.500000,3.162342e-01
0.325000,0.500000,3.287714e-01
0.337500,0.500000,3.412999e-01
0.350000,0.500000,3.538197e-01
0.362500,0.500000,3.663309e-01
0.375000,0.500000,3.788335e-01
0.387500,0.500000,3.913275e-01
0.400000,0.500000,4.038128e-01
0.412500,0.500000,4.162895e-01
0.425000,0.500000,4.287576e-01
0.437500,0.500000,4.412170e-01
0.450000,0.500000,4.536678e-01
0.462500,0.500000,4.661100e-01
0.475000,0.500000,4.785435e-01
0.487500,0.500000,4.909684e-01
0.500000,0.500000,5.033846e-01
0.512500,0.500000,5.157923e-01
0.525000,0.500000,5.281912e-01
0.537500,0.500000,5.405816e-01
0.550000,0.500000,5.529633e-01
0.562500,0.500000,5.653364e-01
0.575000,0.500000,5.777009e-01
0.587500,0.500000,5.900567e-01
0.600000,0.500000,6.024039e-01
0.612500,0.500000,6.147424e-01
0.625000,0.500000,6.270723e-01
0.637500,0.500000,6.393936e-01
0.650000,0.500000,6.517063e-01
0.662500,0.500000,6.640103e-01
0.675000,0.500000,6.763074e-01
0.687500,0.500000,6.886256e-01
0.700000,0.500000,7.009745e-01
0.712500,0.500000,7.133542e-01
0.725000,0.500000,7.257646e-01
0.737500,0.500000,7.382057e-01
0.750000,0.500000,7.506776e-01
0.762500,0.500000,7.631802e-01
0.775000,0.500000,7.757136e-01
0.787500,0.500000,7.882777e-01
0.800000,0.500000,8.008726e-01
0.812500,0.500000,8.134981e-01
0.825000,0.500000,8.261545e-01
0.837500,0.500000,8.388415e-01
0.850000,0.500000,8.515593e-01
0.862500,0.500000,8.643079e-01
0.875000,0.500000,8.770872e-01
0.887500,0.500000,8.898972e-01
0.900000,0.500000,9.027380e-01
0.912500,0.500000,9.156095e-01
0.925000,0.500000,9.285117e-01
0.937500,0.500000,9.414447e-01
0.950000,0.500000,9.544084e-01
0.962500,0.500000,9.674029e-01
0.975000,0.500000,9.694292e-01
0.987500,0.500000,9.085526e-01
1.000000,0.500000,0.000000e+00
0.000000,0.512500,0.000000e+00
0.012500,0.512500,1.274316e-02
0.025000,0.512500,2.547769e-02
0.037500,0.512500,3.820359e-02
0.050000,0.512500,5.092087e-02
0.062500,0.512500,6.362952e-02
0.075000,0.512500,7.632954e-02
0.087500,0.512500,8.902094e-02
0.100000,0.512500,1.017037e-01
0.112500,0.512500,1.143778e-01
0.125000,0.512500,1.270434e-01
0.137500,0.512500,1.397003e-01
0.150000,0.512500,1.523485e-01
0.162500,0.512500,1.649881e-01
0.175000,0.512500,1.776191e-01
0.187500,0.512500,1.902415e-01
0.200000,0.512500,2.028553e-01
0.212500,0.512500,2.154604e-01
0.225000,0.512500,2.280569e-01
0.237500,0.512500,2.406448e-01
0.250000,0.512500,2.532240e-01
0.262500,0.512500,2.657946e-01
0.275000,0.512500,2.783566e-01
0.287500,0.512500,2.909100e-01
0.300000,0.512500,3.034547e-01
0.312500,0.512500,3.159908e-01
0.325000,0.512500,3.285183e-01
0.337500,0.512500,3.410372e-01
0.350000,0.512500,3.535474e-01
0.362500,0.512500,3.660490e-01
0.375000,0.512500,3.785420e-01
0.387500,0.512500,3.910263e-01
0.400000,0.512500,4.035020e-01
0.412500,0.512500,4.159691e-01
0.425000,0.512500,4.284276e-01
0.437500,0.512500,4.408774e-01
0.450000,0.512500,4.533186e-01
0.462500,0.512500,4.657512e-01
0.475000,0.512500,4.781751e-01
0.487500,0.512500,4.905905e-01
0.500000,0.512500,5.029972e-01
0.512500,0.512500,5.153952e-01
0.525000,0.512500,5.277847e-01
0.537500,0.512500,5.401655e-01
0.550000,0.512500,5.525377e-01
0.562500,0.512500,5.649013e-01
0.575000,0.512500,5.772562e-01
0.587500,0.512500,5.896025e-01
0.600000,0.512500,6.019402e-01
0.612500,0.512500,6.142693e-01
0.625000,0.512500,6.265897e-01
0.637500,0.512500,6.389015e-01
0.650000,0.512500,6.512047e-01
0.662500,0.512500,6.634992e-01
0.675000,0.512500,6.757869e-01
0.687500,0.512500,6.880956e-01
0.700000,0.512500,7.004350e-01
0.712500,0.512500,7.128051e-01
0.725000,0.512500,7.252060e-01
0.737500,0.512500,7.376376e-01
0.750000,0.512500,7.500998e-01
0.762500,0.512500,7.625928e-01
0.775000,0.512500,7.751166e-01
0.787500,0.512500,7.876710e-01
0.800000,0.512500,8.002561e-01
0.812500,0.512500,8.128720e-01
0.825000,0.512500,8.255186e-01
0.837500,0.512500,8.381959e-01
0.850000,0.512500,8.509039e-01
0.862500,0.512500,8.636426e-01
0.875000,0.512500,8.764121e-01
0.887500,0.512500,8.892123e-01
0.900000,0.512500,9.020431e-01
0.912500,0.512500,9.149047e-01
0.925000,0.512500,9.277970e-01
0.937500,0.512500,9.407201e-01
0.950000,0.512500,9.536738e-01
0.962500,0.512500,9.666583e-01
0.975000,0.512500,9.686830e-01
0.987500,0.512500,9.078533e-01
1.000000,0.512500,0.000000e+00
0.000000,0.525000,0.000000e+00
0.012500,0.525000,1.271370e-02
0.025000,0.525000,2.541879e-02
0.037500,0.525000,3.811528e-02
0.050000,0.525000,5.080316e-02
0.062500,0.525000,6.348243e-02
0.075000,0.525000,7.615310e-02
0.087500,0.525000,8.881515e-02
0.100000,0.525000,1.014686e-01
0.112500,0.525000,1.141134e-01
0.125000,0.525000,1.267497e-01
0.137500,0.525000,1.393773e-01
0.150000,0.525000,1.519963e-01
0.162500,0.525000,1.646068e-01
0.175000,0.525000,1.772086e-01
0.187500,0.525000,1.898018e-01
0.200000,0.525000,2.023864e-01
0.212500,0.525000,2.149623e-01
0.225000,0.525000,2.275297e-01
0.237500,0.525000,2.400885e-01
0.250000,0.525000,2.526387e-01
0.262500,0.525000,2.651802e-01
0.275000,0.525000,2.777132e-01
0.287500,0.525000,2.902375e-01
0.300000,0.525000,3.027532e-01
0.312500,0.525000,3.152604e-01
0.325000,0.525000,3.277589e-01
0.337500,0.525000,3.402488e-01
0.350000,0.525000,3.527301e-01
0.362500,0.525000,3.652028e-01
0.375000,0.525000,3.776669e-01
0.387500,0.525000,3.901224e-01
0.400000,0.525000,4.025693e-01
0.412500,0.525000,4.150075e-01
0.425000,0.525000,4.274372e-01
0.437500,0.525000,4.398583e-01
0.450000,0.525000,4.522707e-01
0.462500,0.525000,4.646746e-01
0.475000,0.525000,4.770698e-01
0.487500,0.525000,4.894564e-01
0.500000,0.525000,5.018344e-01
0.512500,0.525000,5.142039e-01
0.525000,0.525000,5.265647e-01
0.537500,0.525000,5.389169e-01
0.550000,0.525000,5.512604e-01
0.562500,0.525000,5.635954e-01
0.575000,0.525000,5.759218e-01
0.587500,0.525000,5.882396e-01
0.600000,0.525000,6.005487e-01
0.612500,0.525000,6.128493e-01
0.625000,0.525000,6.251413e-01
0.637500,0.525000,6.374246e-01
0.650000,0.525000,6.496993e-01
0.662500,0.525000,6.619655e-01
0.675000,0.525000,6.742247e-01
0.687500,0.525000,6.865050e-01
0.700000,0.525000,6.988159e-01
0.712500,0.525000,7.111574e-01
0.725000,0.525000,7.235296e-01
0.737500,0.525000,7.359324e-01
0.750000,0.525000,7.483659e-01
0.762500,0.525000,7.608300e-01
0.775000,0.525000,7.733248e-01
0.787500,0.525000,7.858502e-01
0.800000,0.525000,7.984063e-01
0.812500,0.525000,8.109930e-01
0.825000,0.525000,8.236103e-01
0.837500,0.525000,8.362583e-01
0.850000,0.525000,8.489370e-01
0.862500,0.525000,8.616462e-01
0.875000,0.525000,8.743862e-01
0.887500,0.525000,8.871568e-01
0.900000,0.525000,8.999580e-01
0.912500,0.525000,9.127898e-01
0.925000,0.525000,9.256524e-01
0.937500,0.525000,9.385455e-01
0.950000,0.525000,9.514693e-01
0.962500,0.525000,9.644238e-01
0.975000,0.525000,9.664438e-01
0.987500,0.525000,9.057547e-01
1.000000,0.525000,0.000000e+00
0.000000,0.537500,0.000000e+00
0.012500,0.537500,1.266460e-02
0.025000,0.537500,2.532063e-02
0.037500,0.537500,3.796808e-02
0.050000,0.537500,5.060696e-02
0.062500,0.537500,6.323727e-02
0.075000,0.537500,7.585900e-02
0.087500,0.537500,8.847216e-02
0.100000,0.537500,1.010767e-01
0.112500,0.537500,1.136728e-01
0.125000,0.537500,1.262602e-01
0.137500,0.537500,1.388391e-01
0.150000,0.537500,1.514093e-01
0.162500,0.537500,1.639711e-01
0.175000,0.537500,1.765242e-01
0.187500,0.537500,1.890688e-01
0.200000,0.537500,2.016048e-01
0.212500,0.537500,2.141322e-01
0.225000,0.537500,2.266510e-01
0.237500,0.537500,2.391613e-01
0.250000,0.537500,2.516630e-01
0.262500,0.537500,2.641561e-01
0.275000,0.537500,2.766407e-01
0.287500,0.537500,2.891166e-01
0.300000,0.537500,3.015840e-01
0.312500,0.537500,3.140429e-01
0.325000,0.537500,3.264931e-01
0.337500,0.537500,3.389348e-01
0.350000,0.537500,3.513679e-01
0.362500,0.537500,3.637924e-01
0.375000,0.537500,3.762084e-01
0.387500,0.537500,3.886158e-01
0.400000,0.537500,4.010146e-01
0.412500,0.537500,4.134048e-01
0.425000,0.537500,4.257865e-01
0.437500,0.537500,4.381596e-01
0.450000,0.537500,4.505241e-01
0.462500,0.537500,4.628800e-01
0.475000,0.537500,4.752274e-01
0.487500,0.537500,4.875662e-01
0.500000,0.537500,4.998964e-01
0.512500,0.537500,5.122181e-01
0.525000,0.537500,5.245311e-01
0.537500,0.537500,5.368356e-01
0.550000,0.537500,5.491316e-01
0.562500,0.537500,5.614189e-01
0.575000,0.537500,5.736977e-01
0.587500,0.537500,5.859679e-01
0.600000,0.537500,5.982295e-01
0.612500,0.537500,6.104826e-01
0.625000,0.537500,6.227270e-01
0.637500,0.537500,6.349630e-01
0.650000,0.537500,6.471903e-01
0.662500,0.537500,6.594090e-01
0.675000,0.537500,6.716210e-01
0.687500,0.537500,6.838538e-01
0.700000,0.537500,6.961171e-01
0.712500,0.537500,7.084110e-01
0.725000,0.537500,7.207354e-01
0.737500,0.537500,7.330904e-01
0.750000,0.537500,7.454758e-01
0.762500,0.537500,7.578918e-01
0.775000,0.537500,7.703383e-01
0.787500,0.537500,7.828154e-01
0.800000,0.537500,7.953229e-01
0.812500,0.537500,8.078610e-01
0.825000,0.537500,8.204297e-01
0.837500,0.537500,8.330288e-01
0.850000,0.537500,8.456585e-01
0.862500,0.537500,8.583187e-01
0.875000,0.537500,8.710094e-01
0.887500,0.537500,8.837307e-01
0.900000,0.537500,8.964825e-01
0.912500,0.537500,9.092648e-01
0.925000,0.537500,9.220776e-01
0.937500,0.537500,9.349210e-01
0.950000,0.537500,9.477949e-01
0.962500,0.537500,9.606993e-01
0.975000,0.537500,9.627115e-01
0.987500,0.537500,9.022568e-01
1.000000,0.537500,0.000000e+00
0.000000,0.550000,0.000000e+00
0.012500,0.550000,1.259593e-02
0.025000,0.550000,2.518333e-02
0.037500,0.550000,3.776221e-02
0.050000,0.550000,5.033255e-02
0.062500,0.550000,6.289437e-02
0.075000,0.550000,7.544767e-02
0.087500,0.550000,8.799243e-02
0.100000,0.550000,1.005287e-01
0.112500,0.550000,1.130564e-01
0.125000,0.550000,1.255756e-01
0.137500,0.550000,1.380862e-01
0.150000,0.550000,1.505883e-01
0.162500,0.550000,1.630819e-01
0.175000,0.550000,1.755670e-01
0.187500,0.550000,1.880436e-01
0.200000,0.550000,2.005116e-01
0.212500,0.550000,2.129711e-01
0.225000,0.550000,2.254220e-01
0.237500,0.550000,2.378645e-01
0.250000,0.550000,2.502984e-01
0.262500,0.550000,2.627238e-01
0.275000,0.550000,2.751406e-01
0.287500,0.550000,2.875490e-01
0.300000,0.550000,2.999488e-01
0.312500,0.550000,3.123400e-01
0.325000,0.550000,3.247228e-01
0.337500,0.550000,3.370970e-01
0.350000,0.550000,3.494627e-01
0.362500,0.550000,3.618198e-01
0.375000,0.550000,3.741685e-01
0.387500,0.550000,3.865086e-01
0.400000,0.550000,3.988402e-01
0.412500,0.550000,4.111632e-01
0.425000,0.550000,4.234777e-01
0.437500,0.550000,4.357837e-01
0.450000,0.550000,4.480812e-01
0.462500,0.550000,4.603702e-01
0.475000,0.550000,4.726506e-01
0.487500,0.550000,4.849225e-01
0.500000,0.550000,4.971858e-01
0.512500,0.550000,5.094407e-01
0.525000,0.550000,5.216870e-01
0.537500,0.550000,5.339247e-01
0.550000,0.550000,5.461540e-01
0.562500,0.550000,5.583747e-01
0.575000,0.550000,5.705869e-01
0.587500,0.550000,5.827906e-01
0.600000,0.550000,5.949857e-01
0.612500,0.550000,6.071724e-01
0.625000,0.550000,6.193504e-01
0.637500,0.550000,6.315200e-01
0.650000,0.550000,6.436810e-01
0.662500,0.550000,6.558335e-01
0.675000,0.550000,6.679792e-01
0.687500,0.550000,6.801457e-01
0.700000,0.550000,6.923426e-01
0.712500,0.550000,7.045698e-01
0.725000,0.550000,7.168274e-01
0.737500,0.550000,7.291153e-01
0.750000,0.550000,7.414337e-01
0.762500,0.550000,7.537823e-01
0.775000,0.550000,7.661613e-01
0.787500,0.550000,7.785707e-01
0.800000,0.550000,7.910105e-01
0.812500,0.550000,8.034806e-01
0.825000,0.550000,8.159811e-01
0.837500,0.550000,8.285119e-01
0.850000,0.550000,8.410731e-01
0.862500,0.550000,8.536647e-01
0.875000,0.550000,8.662866e-01
0.887500,0.550000,8.789389e-01
0.900000,0.550000,8.916215e-01
0.912500,0.550000,9.043345e-01
0.925000,0.550000,9.170779e-01
0.937500,0.550000,9.298516e-01
0.950000,0.550000,9.426557e-01
0.962500,0.550000,9.554901e-01
0.975000,0.550000,9.574915e-01
0.987500,0.550000,8.973645e-01
1.000000,0.550000,0.000000e+00
0.000000,0.562500,0.000000e+00
0.012500,0.562500,1.250795e-02
0.025000,0.562500,2.500743e-02
0.037500,0.562500,3.749845e-02
0.050000,0.562500,4.998099e-02
0.062500,0.562500,6.245507e-02
0.075000,0.562500,7.492068e-02
0.087500,0.562500,8.737783e-02
0.100000,0.562500,9.982650e-02
0.112500,0.562500,1.122667e-01
0.125000,0.562500,1.246985e-01
0.137500,0.562500,1.371217e-01
0.150000,0.562500,1.495365e-01
0.162500,0.562500,1.619429e-01
0.175000,0.562500,1.743407e-01
0.187500,0.562500,1.867301e-01
0.200000,0.562500,1.991111e-01
0.212500,0.562500,2.114835e-01
0.225000,0.562500,2.238475e-01
0.237500,0.562500,2.362031e-01
0.250000,0.562500,2.485501e-01
0.262500,0.562500,2.608887e-01
0.275000,0.562500,2.732188e-01
0.287500,0.562500,2.855405e-01
0.300000,0.562500,2.978537e-01
0.312500,0.562500,3.101584e-01
0.325000,0.562500,3.224547e-01
0.337500,0.562500,3.347425e-01
0.350000,0.562500,3.470218e-01
0.362500,0.562500,3.592926e-01
0.375000,0.562500,3.715550e-01
0.387500,0.562500,3.838089e-01
0.400000,0.562500,3.960544e-01
0.412500,0.562500,4.082914e-01
0.425000,0.562500,4.205199e-01
0.437500,0.562500,4.327399e-01
0.450000,0.562500,4.449515e-01
0.462500,0.562500,4.571546e-01
0.475000,0.562500,4.693492e-01
0.487500,0.562500,4.815354e-01
0.500000,0.562500,4.937131e-01
0.512500,0.562500,5.058824e-01
0.525000,0.562500,5.180431e-01
0.537500,0.562500,5.301954e-01
0.550000,0.562500,5.423393e-01
0.562500,0.562500,5.544746e-01
0.575000,0.562500,5.666015e-01
0.587500,0.562500,5.787200e-01
0.600000,0.562500,5.908299e-01
0.612500,0.562500,6.029314e-01
0.625000,0.562500,6.150244e-01
0.637500,0.562500,6.271090e-01
0.650000,0.562500,6.391851e-01
0.662500,0.562500,6.512527e-01
0.675000,0.562500,6.633136e-01
0.687500,0.562500,6.753951e-01
0.700000,0.562500,6.875068e-01
0.712500,0.562500,6.996486e-01
0.725000,0.562500,7.118206e-01
0.737500,0.562500,7.240227e-01
0.750000,0.562500,7.362549e-01
0.762500,0.562500,7.485174e-01
0.775000,0.562500,7.608099e-01
0.787500,0.562500,7.731326e-01
0.800000,0.562500,7.854855e-01
0.812500,0.562500,7.978685e-01
0.825000,0.562500,8.102817e-01
0.837500,0.562500,8.227250e-01
0.850000,0.562500,8.351984e-01
0.862500,0.562500,8.477020e-01
0.875000,0.562500,8.602358e-01
0.887500,0.562500,8.727997e-01
0.900000,0.562500,8.853938e-01
0.912500,0.562500,8.980180e-01
0.925000,0.562500,9.106723e-01
0.937500,0.562500,9.233568e-01
0.950000,0.562500,9.360715e-01
0.962500,0.562500,9.488163e-01
0.975000,0.562500,9.508037e-01
0.987500,0.562500,8.910967e-01
1.000000,0.562500,0.000000e+00
0.000000,0.575000,0.000000e+00
0.012500,0.575000,1.240069e-02
0.025000,0.575000,2.479299e-02
0.037500,0.575000,3.717689e-02
0.050000,0.575000,4.955239e-02
0.062500,0.575000,6.191950e-02
0.075000,0.575000,7.427821e-02
0.087500,0.575000,8.662853e-02
0.100000,0.575000,9.897046e-02
0.112500,0.575000,1.113040e-01
0.125000,0.575000,1.236291e-01
0.137500,0.575000,1.359459e-01
0.150000,0.575000,1.482542e-01
0.162500,0.575000,1.605541e-01
0.175000,0.575000,1.728457e-01
0.187500,0.575000,1.851289e-01
0.200000,0.575000,1.974036e-01
0.212500,0.575000,2.096700e-01
0.225000,0.575000,2.219280e-01
0.237500,0.575000,2.341775e-01
0.250000,0.575000,2.464187e-01
0.262500,0.575000,2.586515e-01
0.275000,0.575000,2.708759e-01
0.287500,0.575000,2.830919e-01
0.300000,0.575000,2.952995e-01
0.312500,0.575000,3.074987e-01
0.325000,0.575000,3.196895e-01
0.337500,0.575000,3.318719e-01
0.350000,0.575000,3.440459e-01
0.362500,0.575000,3.562115e-01
0.375000,0.575000,3.683688e-01
0.387500,0.575000,3.805176e-01
0.400000,0.575000,3.926580e-01
0.412500,0.575000,4.047901e-01
0.425000,0.575000,4.169137e-01
0.437500,0.575000,4.290290e-01
0.450000,0.575000,4.411358e-01
0.462500,0.575000,4.532343e-01
0.475000,0.575000,4.653244e-01
0.487500,0.575000,4.774060e-01
0.500000,0.575000,4.894793e-01
0.512500,0.575000,5.015442e-01
0.525000,0.575000,5.136007e-01
0.537500,0.575000,5.256488e-01
0.550000,0.575000,5.376885e-01
0.562500,0.575000,5.497198e-01
0.575000,0.575000,5.617427e-01
0.587500,0.575000,5.737572e-01
0.600000,0.575000,5.857633e-01
0.612500,0.575000,5.977610e-01
0.625000,0.575000,6.097503e-01
0.637500,0.575000,6.217313e-01
0.650000,0.575000,6.337038e-01
0.662500,0.575000,6.456679e-01
0.675000,0.575000,6.576254e-01
0.687500,0.575000,6.696033e-01
0.700000,0.575000,6.816111e-01
0.712500,0.575000,6.936488e-01
0.725000,0.575000,7.057164e-01
0.737500,0.575000,7.178139e-01
0.750000,0.575000,7.299412e-01
0.762500,0.575000,7.420985e-01
0.775000,0.575000,7.542856e-01
0.787500,0.575000,7.665027e-01
0.800000,0.575000,7.787496e-01
0.812500,0.575000,7.910264e-01
0.825000,0.575000,8.033331e-01
0.837500,0.575000,8.156697e-01
0.850000,0.575000,8.280362e-01
0.862500,0.575000,8.404326e-01
0.875000,0.575000,8.528589e-01
0.887500,0.575000,8.653151e-01
0.900000,0.575000,8.778011e-01
0.912500,0.575000,8.903171e-01
0.925000,0.575000,9.028629e-01
0.937500,0.575000,9.154387e-01
0.950000,0.575000,9.280443e-01
0.962500,0.575000,9.406798e-01
0.975000,0.575000,9.426501e-01
0.987500,0.575000,8.834552e-01
1.000000,0.575000,0.000000e+00
0.000000,0.587500,0.000000e+00
0.012500,0.587500,1.227415e-02
0.025000,0.587500,2.453999e-02
0.037500,0.587500,3.679752e-02
0.050000,0.587500,4.904675e-02
0.062500,0.587500,6.128766e-02
0.075000,0.587500,7.352026e-02
0.087500,0.587500,8.574455e-02
0.100000,0.587500,9.796054e-02
0.112500,0.587500,1.101682e-01
0.125000,0.587500,1.223676e-01
0.137500,0.587500,1.345586e-01
0.150000,0.587500,1.467414e-01
0.162500,0.587500,1.589158e-01
0.175000,0.587500,1.710819e-01
0.187500,0.587500,1.832397e-01
0.200000,0.587500,1.953893e-01
0.212500,0.587500,2.075305e-01
0.225000,0.587500,2.196633e-01
0.237500,0.587500,2.317879e-01
0.250000,0.587500,2.439042e-01
0.262500,0.587500,2.560121e-01
0.275000,0.587500,2.681118e-01
0.287500,0.587500,2.802031e-01
0.300000,0.587500,2.922862e-01
0.312500,0.587500,3.043609e-01
0.325000,0.587500,3.164273e-01
0.337500,0.587500,3.284854e-01
0.350000,0.587500,3.405352e-01
0.362500,0.587500,3.525767e-01
0.375000,0.587500,3.646098e-01
0.387500,0.587500,3.766347e-01
0.400000,0.587500,3.886512e-01
0.412500,0.587500,4.006595e-01
0.425000,0.587500,4.126594e-01
0.437500,0.587500,4.246510e-01
0.450000,0.587500,4.366343e-01
0.462500,0.587500,4.486093e-01
0.475000,0.587500,4.605760e-01
0.487500,0.587500,4.725344e-01
0.500000,0.587500,4.844845e-01
0.512500,0.587500,4.964263e-01
0.525000,0.587500,5.083597e-01
0.537500,0.587500,5.202849e-01
0.550000,0.587500,5.322017e-01
0.562500,0.587500,5.441102e-01
0.575000,0.587500,5.560104e-01
0.587500,0.587500,5.679023e-01
0.600000,0.587500,5.797859e-01
0.612500,0.587500,5.916612e-01
0.625000,0.587500,6.035282e-01
0.637500,0.587500,6.153869e-01
0.650000,0.587500,6.272372e-01
0.662500,0.587500,6.390793e-01
0.675000,0.587500,6.509147e-01
0.687500,0.587500,6.627704e-01
0.700000,0.587500,6.746557e-01
0.712500,0.587500,6.865705e-01
0.725000,0.587500,6.985150e-01
0.737500,0.587500,7.104890e-01
0.750000,0.587500,7.224926e-01
0.762500,0.587500,7.345258e-01
0.775000,0.587500,7.465886e-01
0.787500,0.587500,7.586810e-01
0.800000,0.587500,7.708029e-01
0.812500,0.587500,7.829545e-01
0.825000,0.587500,7.951356e-01
0.837500,0.587500,8.073463e-01
0.850000,0.587500,8.195866e-01
0.862500,0.587500,8.318565e-01
0.875000,0.587500,8.441560e-01
0.887500,0.587500,8.564851e-01
0.900000,0.587500,8.688437e-01
0.912500,0.587500,8.812319e-01
0.925000,0.587500,8.936498e-01
0.937500,0.587500,9.060972e-01
0.950000,0.587500,9.185742e-01
0.962500,0.587500,9.310808e-01
0.975000,0.587500,9.330310e-01
0.987500,0.587500,8.744401e-01
1.000000,0.587500,0.000000e+00
0.000000,0.600000,0.000000e+00
0.012500,0.600000,1.212875e-02
0.025000,0.600000,2.424928e-02
0.037500,0.600000,3.636161e-02
0.050000,0.600000,4.846572e-02
0.062500,0.600000,6.056163e-02
0.075000,0.600000,7.264932e-02
0.087500,0.600000,8.472880e-02
0.100000,0.600000,9.680007e-02
0.112500,0.600000,1.088631e-01
0.125000,0.600000,1.209180e-01
0.137500,0.600000,1.329646e-01
0.150000,0.600000,1.450030e-01
0.162500,0.600000,1.570332e-01
0.175000,0.600000,1.690552e-01
0.187500,0.600000,1.810690e-01
0.200000,0.600000,1.930746e-01
0.212500,0.600000,2.050720e-01
0.225000,0.600000,2.170611e-01
0.237500,0.600000,2.290421e-01
0.250000,0.600000,2.410148e-01
0.262500,0.600000,2.529793e-01
0.275000,0.600000,2.649357e-01
0.287500,0.600000,2.768838e-01
0.300000,0.600000,2.888236e-01
0.312500,0.600000,3.007553e-01
0.325000,0.600000,3.126788e-01
0.337500,0.600000,3.245940e-01
0.350000,0.600000,3.365011e-01
0.362500,0.600000,3.483999e-01
0.375000,0.600000,3.602905e-01
0.387500,0.600000,3.721730e-01
0.400000,0.600000,3.840472e-01
0.412500,0.600000,3.959131e-01
0.425000,0.600000,4.077709e-01
0.437500,0.600000,4.196205e-01
0.450000,0.600000,4.314618e-01
0.462500,0.600000,4.432950e-01
0.475000,0.600000,4.551199e-01
0.487500,0.600000,4.669366e-01
0.500000,0.600000,4.787451e-01
0.512500,0.600000,4.905454e-01
0.525000,0.600000,5.023375e-01
0.537500,0.600000,5.141214e-01
0.550000,0.600000,5.258971e-01
0.562500,0.600000,5.376645e-01
0.575000,0.600000,5.494238e-01
0.587500,0.600000,5.611748e-01
0.600000,0.600000,5.729176e-01
0.612500,0.600000,5.846522e-01
0.625000,0.600000,5.963786e-01
0.637500,0.600000,6.080968e-01
0.650000,0.600000,6.198068e-01
0.662500,0.600000,6.315086e-01
0.675000,0.600000,6.432038e-01
0.687500,0.600000,6.549190e-01
0.700000,0.600000,6.666635e-01
0.712500,0.600000,6.784372e-01
0.725000,0.600000,6.902401e-01
0.737500,0.600000,7.020723e-01
0.750000,0.600000,7.139337e-01
0.762500,0.600000,7.258244e-01
0.775000,0.600000,7.377443e-01
0.787500,0.600000,7.496934e-01
0.800000,0.600000,7.616718e-01
0.812500,0.600000,7.736794e-01
0.825000,0.600000,7.857162e-01
0.837500,0.600000,7.977823e-01
0.850000,0.600000,8.098776e-01
0.862500,0.600000,8.220021e-01
0.875000,0.600000,8.341559e-01
0.887500,0.600000,8.463389e-01
0.900000,0.600000,8.585511e-01
0.912500,0.600000,8.707926e-01
0.925000,0.600000,8.830633e-01
0.937500,0.600000,8.953633e-01
0.950000,0.600000,9.076925e-01
0.962500,0.600000,9.200509e-01
0.975000,0.600000,9.219780e-01
0.987500,0.600000,8.640812e-01
1.000000,0.600000,0.000000e+00
0.000000,0.612500,0.000000e+00
0.012500,0.612500,1.196480e-02
0.025000,0.612500,2.392151e-02
0.037500,0.612500,3.587011e-02
0.050000,0.612500,4.781062e-02
0.062500,0.612500,5.974302e-02
0.075000,0.612500,7.166733e-02
0.087500,0.612500,8.358353e-02
0.100000,0.612500,9.549163e-02
0.112500,0.612500,1.073916e-01
0.125000,0.612500,1.192835e-01
0.137500,0.612500,1.311673e-01
0.150000,0.612500,1.430430e-01
0.162500,0.612500,1.549106e-01
0.175000,0.612500,1.667702e-01
0.187500,0.612500,1.786216e-01
0.200000,0.612500,1.904649e-01
0.212500,0.612500,2.023001e-01
0.225000,0.612500,2.141272e-01
0.237500,0.612500,2.259462e-01
0.250000,0.612500,2.377571e-01
0.262500,0.612500,2.495599e-01
0.275000,0.612500,2.613546e-01
0.287500,0.612500,2.731412e-01
0.300000,0.612500,2.849197e-01
0.312500,0.612500,2.966901e-01
0.325000,0.612500,3.084524e-01
0.337500,0.612500,3.202066e-01
0.350000,0.612500,3.319527e-01
0.362500,0.612500,3.436907e-01
0.375000,0.612500,3.554206e-01
0.387500,0.612500,3.671424e-01
0.400000,0.612500,3.788561e-01
0.412500,0.612500,3.905617e-01
0.425000,0.612500,4.022592e-01
0.437500,0.612500,4.139486e-01
0.450000,0.612500,4.256299e-01
0.462500,0.612500,4.373031e-01
0.475000,0.612500,4.489682e-01
0.487500,0.612500,4.606252e-01
0.500000,0.612500,4.722741e-01
0.512500,0.612500,4.839149e-01
0.525000,0.612500,4.955476e-01
0.537500,0.612500,5.071722e-01
0.550000,0.612500,5.187887e-01
0.562500,0.612500,5.303971e-01
0.575000,0.612500,5.419974e-01
0.587500,0.612500,5.535896e-01
0.600000,0.612500,5.651737e-01
0.612500,0.612500,5.767497e-01
0.625000,0.612500,5.883176e-01
0.637500,0.612500,5.998774e-01
0.650000,0.612500,6.114291e-01
0.662500,0.612500,6.229727e-01
0.675000,0.612500,6.345098e-01
0.687500,0.612500,6.460667e-01
0.700000,0.612500,6.576525e-01
0.712500,0.612500,6.692670e-01
0.725000,0.612500,6.809104e-01
0.737500,0.612500,6.925827e-01
0.750000,0.612500,7.042838e-01
0.762500,0.612500,7.160137e-01
0.775000,0.612500,7.277725e-01
0.787500,0.612500,7.395601e-01
0.800000,0.612500,7.513766e-01
0.812500,0.612500,7.632219e-01
0.825000,0.612500,7.750960e-01
0.837500,0.612500,7.869990e-01
0.850000,0.612500,7.989308e-01
0.862500,0.612500,8.108915e-01
0.875000,0.612500,8.228810e-01
0.887500,0.612500,8.348993e-01
0.900000,0.612500,8.469465e-01
0.912500,0.612500,8.590225e-01
0.925000,0.612500,8.711274e-01
0.937500,0.612500,8.832611e-01
0.950000,0.612500,8.954237e-01
0.962500,0.612500,9.076150e-01
0.975000,0.612500,9.095161e-01
0.987500,0.612500,8.524018e-01
1.000000,0.612500,0.000000e+00
0.000000,0.625000,0.000000e+00
0.012500,0.625000,1.178232e-02
0.025000,0.625000,2.355667e-02
0.037500,0.625000,3.532303e-02
0.050000,0.625000,4.708143e-02
0.062500,0.625000,5.883184e-02
0.075000,0.625000,7.057428e-02
0.087500,0.625000,8.230874e-02
0.100000,0.625000,9.403523e-02
0.112500,0.625000,1.057537e-01
0.125000,0.625000,1.174643e-01
0.137500,0.625000,1.291668e-01
0.150000,0.625000,1.408614e-01
0.162500,0.625000,1.525480e-01
0.175000,0.625000,1.642267e-01
0.187500,0.625000,1.758973e-01
0.200000,0.625000,1.875600e-01
0.212500,0.625000,1.992147e-01
0.225000,0.625000,2.108614e-01
0.237500,0.625000,2.225002e-01
0.250000,0.625000,2.341309e-01
0.262500,0.625000,2.457537e-01
0.275000,0.625000,2.573685e-01
0.287500,0.625000,2.689754e-01
0.300000,0.625000,2.805743e-01
0.312500,0.625000,2.921651e-01
0.325000,0.625000,3.037481e-01
0.337500,0.625000,3.153230e-01
0.350000,0.625000,3.268900e-01
0.362500,0.625000,3.384489e-01
0.375000,0.625000,3.499999e-01
0.387500,0.625000,3.615430e-01
0.400000,0.625000,3.730780e-01
0.412500,0.625000,3.846051e-01
0.425000,0.625000,3.961242e-01
0.437500,0.625000,4.076354e-01
0.450000,0.625000,4.191385e-01
0.462500,0.625000,4.306337e-01
0.475000,0.625000,4.421209e-01
0.487500,0.625000,4.536001e-01
0.500000,0.625000,4.650713e-01
0.512500,0.625000,4.765346e-01
0.525000,0.625000,4.879899e-01
0.537500,0.625000,4.994372e-01
0.550000,0.625000,5.108766e-01
0.562500,0.625000,5.223079e-01
0.575000,0.625000,5.337313e-01
0.587500,0.625000,5.451467e-01
0.600000,0.625000,5.565542e-01
0.612500,0.625000,5.679536e-01
0.625000,0.625000,5.793451e-01
0.637500,0.625000,5.907286e-01
0.650000,0.625000,6.021042e-01
0.662500,0.625000,6.134717e-01
0.675000,0.625000,6.248329e-01
0.687500,0.625000,6.362136e-01
0.700000,0.625000,6.476226e-01
0.712500,0.625000,6.590600e-01
0.725000,0.625000,6.705259e-01
0.737500,0.625000,6.820201e-01
0.750000,0.625000,6.935428e-01
0.762500,0.625000,7.050938e-01
0.775000,0.625000,7.166733e-01
0.787500,0.625000,7.282811e-01
0.800000,0.625000,7.399174e-01
0.812500,0.625000,7.515820e-01
0.825000,0.625000,7.632751e-01
0.837500,0.625000,7.749965e-01
0.850000,0.625000,7.867464e-01
0.862500,0.625000,7.985246e-01
0.875000,0.625000,8.103313e-01
0.887500,0.625000,8.221663e-01
0.900000,0.625000,8.340298e-01
0.912500,0.625000,8.459217e-01
0.925000,0.625000,8.578419e-01
0.937500,0.625000,8.697906e-01
0.950000,0.625000,8.817676e-01
0.962500,0.625000,8.937731e-01
0.975000,0.625000,8.956452e-01
0.987500,0.625000,8.394019e-01
1.000000,0.625000,0.000000e+00
0.000000,0.637500,0.000000e+00
0.012500,0.637500,1.158138e-02
0.025000,0.637500,2.315492e-02
0.037500,0.637500,3.472062e-02
0.050000,0.637500,4.627848e-02
0.062500,0.637500,5.782850e-02
0.075000,0.637500,6.937068e-02
0.087500,0.637500,8.090502e-02
0.100000,0.637500,9.243152e-02
0.112500,0.637500,1.039502e-01
0.125000,0.637500,1.154610e-01
0.137500,0.637500,1.269640e-01
0.150000,0.637500,1.384591e-01
0.162500,0.637500,1.499464e-01
0.175000,0.637500,1.614259e-01
0.187500,0.637500,1.728975e-01
0.200000,0.637500,1.843613e-01
0.212500,0.637500,1.958172e-01
0.225000,0.637500,2.072653e-01
0.237500,0.637500,2.187056e-01
0.250000,0.637500,2.301380e-01
0.262500,0.637500,2.415626e-01
0.275000,0.637500,2.529793e-01
0.287500,0.637500,2.643882e-01
0.300000,0.637500,2.757893e-01
0.312500,0.637500,2.871825e-01
0.325000,0.637500,2.985679e-01
0.337500,0.637500,3.099455e-01
0.350000,0.637500,3.213152e-01
0.362500,0.637500,3.326770e-01
0.375000,0.637500,3.440311e-01
0.387500,0.637500,3.553772e-01
0.400000,0.637500,3.667156e-01
0.412500,0.637500,3.780461e-01
0.425000,0.637500,3.893688e-01
0.437500,0.637500,4.006836e-01
0.450000,0.637500,4.119906e-01
0.462500,0.637500,4.232897e-01
0.475000,0.637500,4.345810e-01
0.487500,0.637500,4.458645e-01
0.500000,0.637500,4.571401e-01
0.512500,0.637500,4.684079e-01
0.525000,0.637500,4.796678e-01
0.537500,0.637500,4.909200e-01
0.550000,0.637500,5.021642e-01
0.562500,0.637500,5.134006e-01
0.575000,0.637500,5.246292e-01
0.587500,0.637500,5.358500e-01
0.600000,0.637500,5.470629e-01
0.612500,0.637500,5.582680e-01
0.625000,0.637500,5.694652e-01
0.637500,0.637500,5.806546e-01
0.650000,0.637500,5.918361e-01
0.662500,0.637500,6.030098e-01
0.675000,0.637500,6.141773e-01
0.687500,0.637500,6.253639e-01
0.700000,0.637500,6.365784e-01
0.712500,0.637500,6.478208e-01
0.725000,0.637500,6.590911e-01
0.737500,0.637500,6.703893e-01
0.750000,0.637500,6.817155e-01
0.762500,0.637500,6.930695e-01
0.775000,0.637500,7.044515e-01
0.787500,0.637500,7.158614e-01
0.800000,0.637500,7.272993e-01
0.812500,0.637500,7.387650e-01
0.825000,0.637500,7.502586e-01
0.837500,0.637500,7.617802e-01
0.850000,0.637500,7.733297e-01
0.862500,0.637500,7.849071e-01
0.875000,0.637500,7.965124e-01
0.887500,0.637500,8.081456e-01
0.900000,0.637500,8.198068e-01
0.912500,0.637500,8.314958e-01
0.925000,0.637500,8.432128e-01
0.937500,0.637500,8.549577e-01
0.950000,0.637500,8.667305e-01
0.962500,0.637500,8.785312e-01
0.975000,0.637500,8.803714e-01
0.987500,0.637500,8.250873e-01
1.000000,0.637500,0.000000e+00
0.000000,0.650000,0.000000e+00
0.012500,0.650000,1.136287e-02
0.025000,0.650000,2.271805e-02
0.037500,0.650000,3.406554e-02
0.050000,0.650000,4.540534e-02
0.062500,0.650000,5.673745e-02
0.075000,0.650000,6.806186e-02
0.087500,0.650000,7.937858e-02
0.100000,0.650000,9.068762e-02
0.112500,0.650000,1.019890e-01
0.125000,0.650000,1.132826e-01
0.137500,0.650000,1.245686e-01
0.150000,0.650000,1.358468e-01
0.162500,0.650000,1.471174e-01
0.175000,0.650000,1.583803e-01
0.187500,0.650000,1.696355e-01
0.200000,0.650000,1.808830e-01
0.212500,0.650000,1.921228e-01
0.225000,0.650000,2.033549e-01
0.237500,0.650000,2.145793e-01
0.250000,0.650000,2.257960e-01
0.262500,0.650000,2.370051e-01
0.275000,0.650000,2.482064e-01
0.287500,0.650000,2.594001e-01
0.300000,0.650000,2.705860e-01
0.312500,0.650000,2.817643e-01
0.325000,0.650000,2.929349e-01
0.337500,0.650000,3.040978e-01
0.350000,0.650000,3.152530e-01
0.362500,0.650000,3.264005e-01
0.375000,0.650000,3.375403e-01
0.387500,0.650000,3.486724e-01
0.400000,0.650000,3.597968e-01
0.412500,0.650000,3.709136e-01
0.425000,0.650000,3.820226e-01
0.437500,0.650000,3.931240e-01
0.450000,0.650000,4.042176e-01
0.462500,0.650000,4.153036e-01
0.475000,0.650000,4.263819e-01
0.487500,0.650000,4.374525e-01
0.500000,0.650000,4.485154e-01
0.512500,0.650000,4.595706e-01
0.525000,0.650000,4.706181e-01
0.537500,0.650000,4.816579e-01
0.550000,0.650000,4.926900e-01
0.562500,0.650000,5.037145e-01
0.575000,0.650000,5.147312e-01
0.587500,0.650000,5.257403e-01
0.600000,0.650000,5.367416e-01
0.612500,0.650000,5.477353e-01
0.625000,0.650000,5.587213e-01
0.637500,0.650000,5.696996e-01
0.650000,0.650000,5.806702e-01
0.662500,0.650000,5.916331e-01
0.675000,0.650000,6.025898e-01
0.687500,0.650000,6.135654e-01
0.700000,0.650000,6.245683e-01
0.712500,0.650000,6.355986e-01
0.725000,0.650000,6.466563e-01
0.737500,0.650000,6.577414e-01
0.750000,0.650000,6.688538e-01
0.762500,0.650000,6.799937e-01
0.775000,0.650000,6.911610e-01
0.787500,0.650000,7.023556e-01
0.800000,0.650000,7.135776e-01
0.812500,0.650000,7.248270e-01
0.825000,0.650000,7.361039e-01
0.837500,0.650000,7.474081e-01
0.850000,0.650000,7.587396e-01
0.862500,0.650000,7.700986e-01
0.875000,0.650000,7.814850e-01
0.887500,0.650000,7.928987e-01
0.900000,0.650000,8.043399e-01
0.912500,0.650000,8.158084e-01
0.925000,0.650000,8.273043e-01
0.937500,0.650000,8.388277e-01
0.950000,0.650000,8.503784e-01
0.962500,0.650000,8.619565e-01
0.975000,0.650000,8.637619e-01
0.987500,0.650000,8.095208e-01
1.000000,0.650000,0.000000e+00
0.000000,0.662500,0.000000e+00
0.012500,0.662500,1.112705e-02
0.025000,0.662500,2.224656e-02
0.037500,0.662500,3.335855e-02
0.050000,0.662500,4.446300e-02
0.062500,0.662500,5.555991e-02
0.075000,0.662500,6.664930e-02
0.087500,0.662500,7.773115e-02
0.100000,0.662500,8.880548e-02
0.112500,0.662500,9.987227e-02
0.125000,0.662500,1.109315e-01
0.137500,0.662500,1.219832e-01
0.150000,0.662500,1.330274e-01
0.162500,0.662500,1.440641e-01
0.175000,0.662500,1.550932e-01
0.187500,0.662500,1.661148e-01
0.200000,0.662500,1.771289e-01
0.212500,0.662500,1.881354e-01
0.225000,0.662500,1.991344e-01
0.237500,0.662500,2.101259e-01
0.250000,0.662500,2.211098e-01
0.262500,0.662500,2.320862e-01
0.275000,0.662500,2.430551e-01
0.287500,0.662500,2.540164e-01
0.300000,0.662500,2.649702e-01
0.312500,0.662500,2.759165e-01
0.325000,0.662500,2.868552e-01
0.337500,0.662500,2.977865e-01
0.350000,0.662500,3.087101e-01
0.362500,0.662500,3.196263e-01
0.375000,0.662500,3.305349e-01
0.387500,0.662500,3.414360e-01
0.400000,0.662500,3.523295e-01
0.412500,0.662500,3.632155e-01
0.425000,0.662500,3.740940e-01
0.437500,0.662500,3.849650e-01
0.450000,0.662500,3.958284e-01
0.462500,0.662500,4.066843e-01
0.475000,0.662500,4.175326e-01
0.487500,0.662500,4.283734e-01
0.500000,0.662500,4.392067e-01
0.512500,0.662500,4.500325e-01
0.525000,0.662500,4.608507e-01
0.537500,0.662500,4.716614e-01
0.550000,0.662500,4.824645e-01
0.562500,0.662500,4.932602e-01
0.575000,0.662500,5.040483e-01
0.587500,0.662500,5.148288e-01
0.600000,0.662500,5.256019e-01
0.612500,0.662500,5.363674e-01
0.625000,0.662500,5.471253e-01
0.637500,0.662500,5.578758e-01
0.650000,0.662500,5.686187e-01
0.662500,0.662500,5.793540e-01
0.675000,0.662500,5.900834e-01
0.687500,0.662500,6.008311e-01
0.700000,0.662500,6.116057e-01
0.712500,0.662500,6.224070e-01
0.725000,0.662500,6.332352e-01
0.737500,0.662500,6.440903e-01
0.750000,0.662500,6.549721e-01
0.762500,0.662500,6.658808e-01
0.775000,0.662500,6.768162e-01
0.787500,0.662500,6.877785e-01
0.800000,0.662500,6.987677e-01
0.812500,0.662500,7.097836e-01
0.825000,0.662500,7.208264e-01
0.837500,0.662500,7.318960e-01
0.850000,0.662500,7.429924e-01
0.862500,0.662500,7.541156e-01
0.875000,0.662500,7.652657e-01
0.887500,0.662500,7.764425e-01
0.900000,0.662500,7.876462e-01
0.912500,0.662500,7.988768e-01
0.925000,0.662500,8.101341e-01
0.937500,0.662500,8.214183e-01
0.950000,0.662500,8.327292e-01
0.962500,0.662500,8.440670e-01
0.975000,0.662500,8.458350e-01
0.987500,0.662500,7.927197e-01
1.000000,0.662500,0.000000e+00
0.000000,0.675000,0.000000e+00
0.012500,0.675000,1.087390e-02
0.025000,0.675000,2.174044e-02
0.037500,0.675000,3.259962e-02
0.050000,0.675000,4.345144e-02
0.062500,0.675000,5.429590e-02
0.075000,0.675000,6.513299e-02
0.087500,0.675000,7.596273e-02
0.100000,0.675000,8.678510e-02
0.112500,0.675000,9.760011e-02
0.125000,0.675000,1.084078e-01
0.137500,0.675000,1.192080e-01
0.150000,0.675000,1.300010e-01
0.162500,0.675000,1.407865e-01
0.175000,0.675000,1.515647e-01
0.187500,0.675000,1.623356e-01
0.200000,0.675000,1.730991e-01
0.212500,0.675000,1.838552e-01
0.225000,0.675000,1.946039e-01
0.237500,0.675000,2.053453e-01
0.250000,0.675000,2.160794e-01
0.262500,0.675000,2.268060e-01
0.275000,0.675000,2.375254e-01
0.287500,0.675000,2.482373e-01
0.300000,0.675000,2.589419e-01
0.312500,0.675000,2.696391e-01
0.325000,0.675000,2.803290e-01
0.337500,0.675000,2.910115e-01
0.350000,0.675000,3.016866e-01
0.362500,0.675000,3.123544e-01
0.375000,0.675000,3.230148e-01
0.387500,0.675000,3.336679e-01
0.400000,0.675000,3.443136e-01
0.412500,0.675000,3.549519e-01
0.425000,0.675000,3.655829e-01
0.437500,0.675000,3.762065e-01
0.450000,0.675000,3.868228e-01
0.462500,0.675000,3.974316e-01
0.475000,0.675000,4.080332e-01
0.487500,0.675000,4.186273e-01
0.500000,0.675000,4.292141e-01
0.512500,0.675000,4.397936e-01
0.525000,0.675000,4.503657e-01
0.537500,0.675000,4.609304e-01
0.550000,0.675000,4.714877e-01
0.562500,0.675000,4.820377e-01
0.575000,0.675000,4.925804e-01
0.587500,0.675000,5.031156e-01
0.600000,0.675000,5.136436e-01
0.612500,0.675000,5.241641e-01
0.625000,0.675000,5.346773e-01
0.637500,0.675000,5.451831e-01
0.650000,0.675000,5.556816e-01
0.662500,0.675000,5.661727e-01
0.675000,0.675000,5.766579e-01
0.687500,0.675000,5.871611e-01
0.700000,0.675000,5.976905e-01
0.712500,0.675000,6.082461e-01
0.725000,0.675000,6.188279e-01
0.737500,0.675000,6.294360e-01
0.750000,0.675000,6.400702e-01
0.762500,0.675000,6.507307e-01
0.775000,0.675000,6.614174e-01
0.787500,0.675000,6.721303e-01
0.800000,0.675000,6.828694e-01
0.812500,0.675000,6.936347e-01
0.825000,0.675000,7.044262e-01
0.837500,0.675000,7.152439e-01
0.850000,0.675000,7.260879e-01
0.862500,0.675000,7.369581e-01
0.875000,0.675000,7.478544e-01
0.887500,0.675000,7.587770e-01
0.900000,0.675000,7.697258e-01
0.912500,0.675000,7.807008e-01
0.925000,0.675000,7.917021e-01
0.937500,0.675000,8.027295e-01
0.950000,0.675000,8.137832e-01
0.962500,0.675000,8.248630e-01
0.975000,0.675000,8.265908e-01
0.987500,0.675000,7.746840e-01
1.000000,0.675000,0.000000e+00
0.000000,0.687500,0.000000e+00
0.012500,0.687500,1.060359e-02
0.025000,0.687500,2.120001e-02
0.037500,0.687500,3.178925e-02
0.050000,0.687500,4.237130e-02
0.062500,0.687500,5.294618e-02
0.075000,0.687500,6.351388e-02
0.087500,0.687500,7.407440e-02
0.100000,0.687500,8.462774e-02
0.112500,0.687500,9.517390e-02
0.125000,0.687500,1.057129e-01
0.137500,0.687500,1.162447e-01
0.150000,0.687500,1.267693e-01
0.162500,0.687500,1.372867e-01
0.175000,0.687500,1.477970e-01
0.187500,0.687500,1.583001e-01
0.200000,0.687500,1.687960e-01
0.212500,0.687500,1.792847e-01
0.225000,0.687500,1.897663e-01
0.237500,0.687500,2.002406e-01
0.250000,0.687500,2.107078e-01
0.262500,0.687500,2.211678e-01
0.275000,0.687500,2.316207e-01
0.287500,0.687500,2.420663e-01
0.300000,0.687500,2.525048e-01
0.312500,0.687500,2.629361e-01
0.325000,0.687500,2.733602e-01
0.337500,0.687500,2.837771e-01
0.350000,0.687500,2.941869e-01
0.362500,0.687500,3.045894e-01
0.375000,0.687500,3.149848e-01
0.387500,0.687500,3.253731e-01
0.400000,0.687500,3.357541e-01
0.412500,0.687500,3.461280e-01
0.425000,0.687500,3.564946e-01
0.437500,0.687500,3.668541e-01
0.450000,0.687500,3.772064e-01
0.462500,0.687500,3.875516e-01
0.475000,0.687500,3.978895e-01
0.487500,0.687500,4.082203e-01
0.500000,0.687500,4.185439e-01
0.512500,0.687500,4.288603e-01
0.525000,0.687500,4.391696e-01
0.537500,0.687500,4.494717e-01
0.550000,0.687500,4.597665e-01
0.562500,0.687500,4.700542e-01
0.575000,0.687500,4.803348e-01
0.587500,0.687500,4.906081e-01
0.600000,0.687500,5.008743e-01
0.612500,0.687500,5.111333e-01
0.625000,0.687500,5.213851e-01
0.637500,0.687500,5.316297e-01
0.650000,0.687500,5.418672e-01
0.662500,0.687500,5.520974e-01
0.675000,0.687500,5.623220e-01
0.687500,0.687500,5.725640e-01
0.700000,0.687500,5.828316e-01
0.712500,0.687500,5.931248e-01
0.725000,0.687500,6.034436e-01
0.737500,0.687500,6.137879e-01
0.750000,0.687500,6.241577e-01
0.762500,0.687500,6.345532e-01
0.775000,0.687500,6.449742e-01
0.787500,0.687500,6.554207e-01
0.800000,0.687500,6.658928e-01
0.812500,0.687500,6.763905e-01
0.825000,0.687500,6.869138e-01
0.837500,0.687500,6.974626e-01
0.850000,0.687500,7.080369e-01
0.862500,0.687500,7.186369e-01
0.875000,0.687500,7.292624e-01
0.887500,0.687500,7.399134e-01
0.900000,0.687500,7.505901e-01
0.912500,0.687500,7.612922e-01
0.925000,0.687500,7.720200e-01
0.937500,0.687500,7.827733e-01
0.950000,0.687500,7.935522e-01
0.962500,0.687500,8.043566e-01
0.975000,0.687500,8.060415e-01
0.987500,0.687500,7.554251e-01
1.000000,0.687500,0.000000e+00
0.000000,0.700000,0.000000e+00
0.012500,0.700000,1.031732e-02
0.025000,0.700000,2.062766e-02
0.037500,0.700000,3.093101e-02
0.050000,0.700000,4.122738e-02
0.062500,0.700000,5.151676e-02
0.075000,0.700000,6.179916e-02
0.087500,0.700000,7.207457e-02
0.100000,0.700000,8.234300e-02
0.112500,0.700000,9.260444e-02
0.125000,0.700000,1.028589e-01
0.137500,0.700000,1.131064e-01
0.150000,0.700000,1.233468e-01
0.162500,0.700000,1.335803e-01
0.175000,0.700000,1.438069e-01
0.187500,0.700000,1.540264e-01
0.200000,0.700000,1.642389e-01
0.212500,0.700000,1.744445e-01
0.225000,0.700000,1.846431e-01
0.237500,0.700000,1.948346e-01
0.250000,0.700000,2.050192e-01
0.262500,0.700000,2.151969e-01
0.275000,0.700000,2.253675e-01
0.287500,0.700000,2.355311e-01
0.300000,0.700000,2.456878e-01
0.312500,0.700000,2.558375e-01
0.325000,0.700000,2.659802e-01
0.337500,0.700000,2.761159e-01
0.350000,0.700000,2.862446e-01
0.362500,0.700000,2.963663e-01
0.375000,0.700000,3.064811e-01
0.387500,0.700000,3.165888e-01
0.400000,0.700000,3.266896e-01
0.412500,0.700000,3.367834e-01
0.425000,0.700000,3.468702e-01
0.437500,0.700000,3.569500e-01
0.450000,0.700000,3.670229e-01
0.462500,0.700000,3.770887e-01
0.475000,0.700000,3.871476e-01
0.487500,0.700000,3.971994e-01
0.500000,0.700000,4.072443e-01
0.512500,0.700000,4.172822e-01
0.525000,0.700000,4.273132e-01
0.537500,0.700000,4.373371e-01
0.550000,0.700000,4.473541e-01
0.562500,0.700000,4.573640e-01
0.575000,0.700000,4.673670e-01
0.587500,0.700000,4.773630e-01
0.600000,0.700000,4.873520e-01
0.612500,0.700000,4.973340e-01
0.625000,0.700000,5.073091e-01
0.637500,0.700000,5.172771e-01
0.650000,0.700000,5.272382e-01
0.662500,0.700000,5.371923e-01
0.675000,0.700000,5.471408e-01
0.687500,0.700000,5.571063e-01
0.700000,0.700000,5.670968e-01
0.712500,0.700000,5.771121e-01
0.725000,0.700000,5.871522e-01
0.737500,0.700000,5.972173e-01
0.750000,0.700000,6.073072e-01
0.762500,0.700000,6.174220e-01
0.775000,0.700000,6.275616e-01
0.787500,0.700000,6.377262e-01
0.800000,0.700000,6.479156e-01
0.812500,0.700000,6.581299e-01
0.825000,0.700000,6.683691e-01
0.837500,0.700000,6.786331e-01
0.850000,0.700000,6.889220e-01
0.862500,0.700000,6.992358e-01
0.875000,0.700000,7.095744e-01
0.887500,0.700000,7.199380e-01
0.900000,0.700000,7.303264e-01
0.912500,0.700000,7.407397e-01
0.925000,0.700000,7.511778e-01
0.937500,0.700000,7.616408e-01
0.950000,0.700000,7.721287e-01
0.962500,0.700000,7.826415e-01
0.975000,0.700000,7.842809e-01
0.987500,0.700000,7.350310e-01
1.000000,0.700000,0.000000e+00
0.000000,0.712500,0.000000e+00
0.012500,0.712500,1.001534e-02
0.025000,0.712500,2.002390e-02
0.037500,0.712500,3.002568e-02
0.050000,0.712500,4.002068e-02
0.062500,0.712500,5.000890e-02
0.075000,0.712500,5.999034e-02
0.087500,0.712500,6.996501e-02
0.100000,0.712500,7.993289e-02
0.112500,0.712500,8.989399e-02
0.125000,0.712500,9.984831e-02
0.137500,0.712500,1.097959e-01
0.150000,0.712500,1.197366e-01
0.162500,0.712500,1.296706e-01
0.175000,0.712500,1.395978e-01
0.187500,0.712500,1.495182e-01
0.200000,0.712500,1.594319e-01
0.212500,0.712500,1.693387e-01
0.225000,0.712500,1.792388e-01
0.237500,0.712500,1.891321e-01
0.250000,0.712500,1.990187e-01
0.262500,0.712500,2.088984e-01
0.275000,0.712500,2.187714e-01
0.287500,0.712500,2.286376e-01
0.300000,0.712500,2.384970e-01
0.312500,0.712500,2.483496e-01
0.325000,0.712500,2.581954e-01
0.337500,0.712500,2.680345e-01
0.350000,0.712500,2.778668e-01
0.362500,0.712500,2.876923e-01
0.375000,0.712500,2.975110e-01
0.387500,0.712500,3.073230e-01
0.400000,0.712500,3.171282e-01
0.412500,0.712500,3.269266e-01
0.425000,0.712500,3.367182e-01
0.437500,0.712500,3.465030e-01
0.450000,0.712500,3.562810e-01
0.462500,0.712500,3.660523e-01
0.475000,0.712500,3.758168e-01
0.487500,0.712500,3.855745e-01
0.500000,0.712500,3.953255e-01
0.512500,0.712500,4.050696e-01
0.525000,0.712500,4.148070e-01
0.537500,0.712500,4.245376e-01
0.550000,0.712500,4.342614e-01
0.562500,0.712500,4.439784e-01
0.575000,0.712500,4.536887e-01
0.587500,0.712500,4.633922e-01
0.600000,0.712500,4.730889e-01
0.612500,0.712500,4.827788e-01
0.625000,0.712500,4.924619e-01
0.637500,0.712500,5.021383e-01
0.650000,0.712500,5.118078e-01
0.662500,0.712500,5.214706e-01
0.675000,0.712500,5.311280e-01
0.687500,0.712500,5.408020e-01
0.700000,0.712500,5.505000e-01
0.712500,0.712500,5.602222e-01
0.725000,0.712500,5.699686e-01
0.737500,0.712500,5.797391e-01
0.750000,0.712500,5.895338e-01
0.762500,0.712500,5.993526e-01
0.775000,0.712500,6.091955e-01
0.787500,0.712500,6.190626e-01
0.800000,0.712500,6.289539e-01
0.812500,0.712500,6.388693e-01
0.825000,0.712500,6.488088e-01
0.837500,0.712500,6.587725e-01
0.850000,0.712500,6.687603e-01
0.862500,0.712500,6.787723e-01
0.875000,0.712500,6.888084e-01
0.887500,0.712500,6.988687e-01
0.900000,0.712500,7.089531e-01
0.912500,0.712500,7.190616e-01
0.925000,0.712500,7.291943e-01
0.937500,0.712500,7.393512e-01
0.950000,0.712500,7.495322e-01
0.962500,0.712500,7.597373e-01
0.975000,0.712500,7.613287e-01
0.987500,0.712500,7.135202e-01
1.000000,0.712500,0.000000e+00
0.000000,0.725000,0.000000e+00
0.012500,0.725000,9.697644e-03
0.025000,0.725000,1.938873e-02
0.037500,0.725000,2.907324e-02
0.050000,0.725000,3.875120e-02
0.062500,0.725000,4.842260e-02
0.075000,0.725000,5.808743e-02
0.087500,0.725000,6.774570e-02
0.100000,0.725000,7.739741e-02
0.112500,0.725000,8.704256e-02
0.125000,0.725000,9.668114e-02
0.137500,0.725000,1.063132e-01
0.150000,0.725000,1.159386e-01
0.162500,0.725000,1.255575e-01
0.175000,0.725000,1.351699e-01
0.187500,0.725000,1.447756e-01
0.200000,0.725000,1.543748e-01
0.212500,0.725000,1.639675e-01
0.225000,0.725000,1.735536e-01
0.237500,0.725000,1.831331e-01
0.250000,0.725000,1.927061e-01
0.262500,0.725000,2.022725e-01
0.275000,0.725000,2.118323e-01
0.287500,0.725000,2.213856e-01
0.300000,0.725000,2.309323e-01
0.312500,0.725000,2.404725e-01
0.325000,0.725000,2.500060e-01
0.337500,0.725000,2.595331e-01
0.350000,0.725000,2.690535e-01
0.362500,0.725000,2.785674e-01
0.375000,0.725000,2.880748e-01
0.387500,0.725000,2.975756e-01
0.400000,0.725000,3.070698e-01
0.412500,0.725000,3.165574e-01
0.425000,0.725000,3.260385e-01
0.437500,0.725000,3.355131e-01
0.450000,0.725000,3.449810e-01
0.462500,0.725000,3.544424e-01
0.475000,0.725000,3.638973e-01
0.487500,0.725000,3.733456e-01
0.500000,0.725000,3.827873e-01
0.512500,0.725000,3.922224e-01
0.525000,0.725000,4.016510e-01
0.537500,0.725000,4.110731e-01
0.550000,0.725000,4.204885e-01
0.562500,0.725000,4.298974e-01
0.575000,0.725000,4.392998e-01
0.587500,0.725000,4.486956e-01
0.600000,0.725000,4.580848e-01
0.612500,0.725000,4.674675e-01
0.625000,0.725000,4.768436e-01
0.637500,0.725000,4.862131e-01
0.650000,0.725000,4.955761e-01
0.662500,0.725000,5.049325e-01
0.675000,0.725000,5.142837e-01
0.687500,0.725000,5.236509e-01
0.700000,0.725000,5.330414e-01
0.712500,0.725000,5.424554e-01
0.725000,0.725000,5.518927e-01
0.737500,0.725000,5.613534e-01
0.750000,0.725000,5.708375e-01
0.762500,0.725000,5.803450e-01
0.775000,0.725000,5.898758e-01
0.787500,0.725000,5.994300e-01
0.800000,0.725000,6.090076e-01
0.812500,0.725000,6.186086e-01
0.825000,0.725000,6.282330e-01
0.837500,0.725000,6.378807e-01
0.850000,0.725000,6.475518e-01
0.862500,0.725000,6.572463e-01
0.875000,0.725000,6.669642e-01
0.887500,0.725000,6.767055e-01
0.900000,0.725000,6.864701e-01
0.912500,0.725000,6.962581e-01
0.925000,0.725000,7.060695e-01
0.937500,0.725000,7.159043e-01
0.950000,0.725000,7.257625e-01
0.962500,0.725000,7.356440e-01
0.975000,0.725000,7.371849e-01
0.987500,0.725000,6.908925e-01
1.000000,0.725000,0.000000e+00
0.000000,0.737500,0.000000e+00
0.012500,0.737500,9.364268e-03
0.025000,0.737500,1.872220e-02
0.037500,0.737500,2.807380e-02
0.050000,0.737500,3.741907e-02
0.062500,0.737500,4.675801e-02
0.075000,0.737500,5.609061e-02
0.087500,0.737500,6.541688e-02
0.100000,0.737500,7.473682e-02
0.112500,0.737500,8.405042e-02
0.125000,0.737500,9.335770e-02
0.137500,0.737500,1.026586e-01
0.150000,0.737500,1.119532e-01
0.162500,0.737500,1.212415e-01
0.175000,0.737500,1.305235e-01
0.187500,0.737500,1.397991e-01
0.200000,0.737500,1.490683e-01
0.212500,0.737500,1.583313e-01
0.225000,0.737500,1.675879e-01
0.237500,0.737500,1.768382e-01
0.250000,0.737500,1.860821e-01
0.262500,0.737500,1.953197e-01
0.275000,0.737500,2.045510e-01
0.287500,0.737500,2.137759e-01
0.300000,0.737500,2.229945e-01
0.312500,0.737500,2.322068e-01
0.325000,0.737500,2.414128e-01
0.337500,0.737500,2.506124e-01
0.350000,0.737500,2.598057e-01
0.362500,0.737500,2.689926e-01
0.375000,0.737500,2.781732e-01
0.387500,0.737500,2.873475e-01
0.400000,0.737500,2.965155e-01
0.412500,0.737500,3.056771e-01
0.425000,0.737500,3.148324e-01
0.437500,0.737500,3.239813e-01
0.450000,0.737500,3.331239e-01
0.462500,0.737500,3.422602e-01
0.475000,0.737500,3.513902e-01
0.487500,0.737500,3.605138e-01
0.500000,0.737500,3.696311e-01
0.512500,0.737500,3.787420e-01
0.525000,0.737500,3.878466e-01
0.537500,0.737500,3.969449e-01
0.550000,0.737500,4.060369e-01
0.562500,0.737500,4.151225e-01
0.575000,0.737500,4.242018e-01
0.587500,0.737500,4.332747e-01
0.600000,0.737500,4.423414e-01
0.612500,0.737500,4.514016e-01
0.625000,0.737500,4.604556e-01
0.637500,0.737500,4.695032e-01
0.650000,0.737500,4.785445e-01
0.662500,0.737500,4.875795e-01
0.675000,0.737500,4.966094e-01
0.687500,0.737500,5.056548e-01
0.700000,0.737500,5.147227e-01
0.712500,0.737500,5.238132e-01
0.725000,0.737500,5.329263e-01
0.737500,0.737500,5.420620e-01
0.750000,0.737500,5.512202e-01
0.762500,0.737500,5.604010e-01
0.775000,0.737500,5.696044e-01
0.787500,0.737500,5.788303e-01
0.800000,0.737500,5.880789e-01
0.812500,0.737500,5.973500e-01
0.825000,0.737500,6.066436e-01
0.837500,0.737500,6.159599e-01
0.850000,0.737500,6.252987e-01
0.862500,0.737500,6.346601e-01
0.875000,0.737500,6.440441e-01
0.887500,0.737500,6.534506e-01
0.900000,0.737500,6.628797e-01
0.912500,0.737500,6.723314e-01
0.925000,0.737500,6.818057e-01
0.937500,0.737500,6.913025e-01
0.950000,0.737500,7.008219e-01
0.962500,0.737500,7.103639e-01
0.975000,0.737500,7.118519e-01
0.987500,0.737500,6.671503e-01
1.000000,0.737500,0.000000e+00
0.000000,0.750000,0.000000e+00
0.012500,0.750000,9.016870e-03
0.025000,0.750000,1.802764e-02
0.037500,0.750000,2.703232e-02
0.050000,0.750000,3.603091e-02
0.062500,0.750000,4.502340e-02
0.075000,0.750000,5.400979e-02
0.087500,0.750000,6.299009e-02
0.100000,0.750000,7.196430e-02
0.112500,0.750000,8.093241e-02
0.125000,0.750000,8.989442e-02
0.137500,0.750000,9.885034e-02
0.150000,0.750000,1.078002e-01
0.162500,0.750000,1.167439e-01
0.175000,0.750000,1.256815e-01
0.187500,0.750000,1.346131e-01
0.200000,0.750000,1.435385e-01
0.212500,0.750000,1.524579e-01
0.225000,0.750000,1.613711e-01
0.237500,0.750000,1.702783e-01
0.250000,0.750000,1.791793e-01
0.262500,0.750000,1.880743e-01
0.275000,0.750000,1.969632e-01
0.287500,0.750000,2.058460e-01
0.300000,0.750000,2.147227e-01
0.312500,0.750000,2.235932e-01
0.325000,0.750000,2.324577e-01
0.337500,0.750000,2.413161e-01
0.350000,0.750000,2.501684e-01
0.362500,0.750000,2.590147e-01
0.375000,0.750000,2.678548e-01
0.387500,0.750000,2.766888e-01
0.400000,0.750000,2.855167e-01
0.412500,0.750000,2.943385e-01
0.425000,0.750000,3.031543e-01
0.437500,0.750000,3.119639e-01
0.450000,0.750000,3.207675e-01
0.462500,0.750000,3.295649e-01
0.475000,0.750000,3.383563e-01
0.487500,0.750000,3.471415e-01
0.500000,0.750000,3.559207e-01
0.512500,0.750000,3.646938e-01
0.525000,0.750000,3.734607e-01
0.537500,0.750000,3.822216e-01
0.550000,0.750000,3.909764e-01
0.562500,0.750000,3.997251e-01
0.575000,0.750000,4.084677e-01
0.587500,0.750000,4.172042e-01
0.600000,0.750000,4.259346e-01
0.612500,0.750000,4.346589e-01
0.625000,0.750000,4.433771e-01
0.637500,0.750000,4.520892e-01
0.650000,0.750000,4.607953e-01
0.662500,0.750000,4.694952e-01
0.675000,0.750000,4.781903e-01
0.687500,0.750000,4.869002e-01
0.700000,0.750000,4.956319e-01
0.712500,0.750000,5.043853e-01
0.725000,0.750000,5.131605e-01
0.737500,0.750000,5.219574e-01
0.750000,0.750000,5.307760e-01
0.762500,0.750000,5.396164e-01
0.775000,0.750000,5.484785e-01
0.787500,0.750000,5.573623e-01
0.800000,0.750000,5.662678e-01
0.812500,0.750000,5.751951e-01
0.825000,0.750000,5.841442e-01
0.837500,0.750000,5.931149e-01
0.850000,0.750000,6.021074e-01
0.862500,0.750000,6.111216e-01
0.875000,0.750000,6.201576e-01
0.887500,0.750000,6.292153e-01
0.900000,0.750000,6.382947e-01
0.912500,0.750000,6.473959e-01
0.925000,0.750000,6.565188e-01
0.937500,0.750000,6.656634e-01
0.950000,0.750000,6.748298e-01
0.962500,0.750000,6.840179e-01
0.975000,0.750000,6.854507e-01
0.987500,0.750000,6.424070e-01
1.000000,0.750000,0.000000e+00
0.000000,0.762500,0.000000e+00
0.012500,0.762500,8.656381e-03
0.025000,0.762500,1.730691e-02
0.037500,0.762500,2.595159e-02
0.050000,0.762500,3.459042e-02
0.062500,0.762500,4.322340e-02
0.075000,0.762500,5.185053e-02
0.087500,0.762500,6.047181e-02
0.100000,0.762500,6.908724e-02
0.112500,0.762500,7.769682e-02
0.125000,0.762500,8.630055e-02
0.137500,0.762500,9.489843e-02
0.150000,0.762500,1.034905e-01
0.162500,0.762500,1.120766e-01
0.175000,0.762500,1.206570e-01
0.187500,0.762500,1.292314e-01
0.200000,0.762500,1.378001e-01
0.212500,0.762500,1.463628e-01
0.225000,0.762500,1.549198e-01
0.237500,0.762500,1.634708e-01
0.250000,0.762500,1.720161e-01
0.262500,0.762500,1.805554e-01
0.275000,0.762500,1.890890e-01
0.287500,0.762500,1.976166e-01
0.300000,0.762500,2.061385e-01
0.312500,0.762500,2.146544e-01
0.325000,0.762500,2.231646e-01
0.337500,0.762500,2.316688e-01
0.350000,0.762500,2.401673e-01
0.362500,0.762500,2.486598e-01
0.375000,0.762500,2.571466e-01
0.387500,0.762500,2.656274e-01
0.400000,0.762500,2.741025e-01
0.412500,0.762500,2.825716e-01
0.425000,0.762500,2.910350e-01
0.437500,0.762500,2.994924e-01
0.450000,0.762500,3.079440e-01
0.462500,0.762500,3.163898e-01
0.475000,0.762500,3.248297e-01
0.487500,0.762500,3.332638e-01
0.500000,0.762500,3.416920e-01
0.512500,0.762500,3.501144e-01
0.525000,0.762500,3.585309e-01
0.537500,0.762500,3.669416e-01
0.550000,0.762500,3.753464e-01
0.562500,0.762500,3.837454e-01
0.575000,0.762500,3.921385e-01
0.587500,0.762500,4.005258e-01
0.600000,0.762500,4.089072e-01
0.612500,0.762500,4.172827e-01
0.625000,0.762500,4.256525e-01
0.637500,0.762500,4.340163e-01
0.650000,0.762500,4.423743e-01
0.662500,0.762500,4.507265e-01
0.675000,0.762500,4.590740e-01
0.687500,0.762500,4.674358e-01
0.700000,0.762500,4.758185e-01
0.712500,0.762500,4.842220e-01
0.725000,0.762500,4.926464e-01
0.737500,0.762500,5.010916e-01
0.750000,0.762500,5.095577e-01
0.762500,0.762500,5.180447e-01
0.775000,0.762500,5.265525e-01
0.787500,0.762500,5.350812e-01
0.800000,0.762500,5.436308e-01
0.812500,0.762500,5.522012e-01
0.825000,0.762500,5.607925e-01
0.837500,0.762500,5.694046e-01
0.850000,0.762500,5.780377e-01
0.862500,0.762500,5.866915e-01
0.875000,0.762500,5.953663e-01
0.887500,0.762500,6.040619e-01
0.900000,0.762500,6.127783e-01
0.912500,0.762500,6.215157e-01
0.925000,0.762500,6.302739e-01
0.937500,0.762500,6.390529e-01
0.950000,0.762500,6.478528e-01
0.962500,0.762500,6.566736e-01
0.975000,0.762500,6.580492e-01
0.987500,0.762500,6.167261e-01
1.000000,0.762500,0.000000e+00
0.000000,0.775000,0.000000e+00
0.012500,0.775000,8.282801e-03
0.025000,0.775000,1.656000e-02
0.037500,0.775000,2.483161e-02
0.050000,0.775000,3.309761e-02
0.062500,0.775000,4.135802e-02
0.075000,0.775000,4.961283e-02
0.087500,0.775000,5.786204e-02
0.100000,0.775000,6.610565e-02
0.112500,0.775000,7.434366e-02
0.125000,0.775000,8.257607e-02
0.137500,0.775000,9.080288e-02
0.150000,0.775000,9.902410e-02
0.162500,0.775000,1.072397e-01
0.175000,0.775000,1.154497e-01
0.187500,0.775000,1.236542e-01
0.200000,0.775000,1.318530e-01
0.212500,0.775000,1.400462e-01
0.225000,0.775000,1.482338e-01
0.237500,0.775000,1.564158e-01
0.250000,0.775000,1.645923e-01
0.262500,0.775000,1.727631e-01
0.275000,0.775000,1.809283e-01
0.287500,0.775000,1.890880e-01
0.300000,0.775000,1.972420e-01
0.312500,0.775000,2.053904e-01
0.325000,0.775000,2.135333e-01
0.337500,0.775000,2.216705e-01
0.350000,0.775000,2.298021e-01
0.362500,0.775000,2.379282e-01
0.375000,0.775000,2.460486e-01
0.387500,0.775000,2.541634e-01
0.400000,0.775000,2.622727e-01
0.412500,0.775000,2.703763e-01
0.425000,0.775000,2.784744e-01
0.437500,0.775000,2.865668e-01
0.450000,0.775000,2.946537e-01
0.462500,0.775000,3.027349e-01
0.475000,0.775000,3.108106e-01
0.487500,0.775000,3.188806e-01
0.500000,0.775000,3.269451e-01
0.512500,0.775000,3.350039e-01
0.525000,0.775000,3.430572e-01
0.537500,0.775000,3.511048e-01
0.550000,0.775000,3.591469e-01
0.562500,0.775000,3.671833e-01
0.575000,0.775000,3.752142e-01
0.587500,0.775000,3.832395e-01
0.600000,0.775000,3.912591e-01
0.612500,0.775000,3.992732e-01
0.625000,0.775000,4.072816e-01
0.637500,0.775000,4.152845e-01
0.650000,0.775000,4.232818e-01
0.662500,0.775000,4.312734e-01
0.675000,0.775000,4.392606e-01
0.687500,0.775000,4.472615e-01
0.700000,0.775000,4.552824e-01
0.712500,0.775000,4.633232e-01
0.725000,0.775000,4.713839e-01
0.737500,0.775000,4.794647e-01
0.750000,0.775000,4.875653e-01
0.762500,0.775000,4.956860e-01
0.775000,0.775000,5.038266e-01
0.787500,0.775000,5.119872e-01
0.800000,0.775000,5.201677e-01
0.812500,0.775000,5.283682e-01
0.825000,0.775000,5.365887e-01
0.837500,0.775000,5.448291e-01
0.850000,0.775000,5.530895e-01
0.862500,0.775000,5.613698e-01
0.875000,0.775000,5.696701e-01
0.887500,0.775000,5.779904e-01
0.900000,0.775000,5.863306e-01
0.912500,0.775000,5.946908e-01
0.925000,0.775000,6.030709e-01
0.937500,0.775000,6.114711e-01
0.950000,0.775000,6.198911e-01
0.962500,0.775000,6.283312e-01
0.975000,0.775000,6.296473e-01
0.987500,0.775000,5.901078e-01
1.000000,0.775000,0.000000e+00
0.000000,0.787500,0.000000e+00
0.012500,0.787500,7.896130e-03
0.025000,0.787500,1.578692e-02
0.037500,0.787500,2.367237e-02
0.050000,0.787500,3.155248e-02
0.062500,0.787500,3.942725e-02
0.075000,0.787500,4.729668e-02
0.087500,0.787500,5.516077e-02
0.100000,0.787500,6.301951e-02
0.112500,0.787500,7.087292e-02
0.125000,0.787500,7.872099e-02
0.137500,0.787500,8.656372e-02
0.150000,0.787500,9.440110e-02
0.162500,0.787500,1.022331e-01
0.175000,0.787500,1.100599e-01
0.187500,0.787500,1.178812e-01
0.200000,0.787500,1.256972e-01
0.212500,0.787500,1.335079e-01
0.225000,0.787500,1.413133e-01
0.237500,0.787500,1.491133e-01
0.250000,0.787500,1.569079e-01
0.262500,0.787500,1.646973e-01
0.275000,0.787500,1.724813e-01
0.287500,0.787500,1.802599e-01
0.300000,0.787500,1.880332e-01
0.312500,0.787500,1.958012e-01
0.325000,0.787500,2.035638e-01
0.337500,0.787500,2.113211e-01
0.350000,0.787500,2.190730e-01
0.362500,0.787500,2.268196e-01
0.375000,0.787500,2.345609e-01
0.387500,0.787500,2.422968e-01
0.400000,0.787500,2.500274e-01
0.412500,0.787500,2.577526e-01
0.425000,0.787500,2.654725e-01
0.437500,0.787500,2.731871e-01
0.450000,0.787500,2.808963e-01
0.462500,0.787500,2.886002e-01
0.475000,0.787500,2.962987e-01
0.487500,0.787500,3.039919e-01
0.500000,0.787500,3.116798e-01
0.512500,0.787500,3.193623e-01
0.525000,0.787500,3.270395e-01
0.537500,0.787500,3.347113e-01
0.550000,0.787500,3.423778e-01
0.562500,0.787500,3.500390e-01
0.575000,0.787500,3.576948e-01
0.587500,0.787500,3.653453e-01
0.600000,0.787500,3.729904e-01
0.612500,0.787500,3.806302e-01
0.625000,0.787500,3.882647e-01
0.637500,0.787500,3.958938e-01
0.650000,0.787500,4.035175e-01
0.662500,0.787500,4.111360e-01
0.675000,0.787500,4.187502e-01
0.687500,0.787500,4.263774e-01
0.700000,0.787500,4.340236e-01
0.712500,0.787500,4.416889e-01
0.725000,0.787500,4.493732e-01
0.737500,0.787500,4.570765e-01
0.750000,0.787500,4.647989e-01
0.762500,0.787500,4.725403e-01
0.775000,0.787500,4.803007e-01
0.787500,0.787500,4.880801e-01
0.800000,0.787500,4.958786e-01
0.812500,0.787500,5.036961e-01
0.825000,0.787500,5.115326e-01
0.837500,0.787500,5.193882e-01
0.850000,0.787500,5.272628e-01
0.862500,0.787500,5.351564e-01
0.875000,0.787500,5.430691e-01
0.887500,0.787500,5.510008e-01
0.900000,0.787500,5.589515e-01
0.912500,0.787500,5.669212e-01
0.925000,0.787500,5.749100e-01
0.937500,0.787500,5.829178e-01
0.950000,0.787500,5.909446e-01
0.962500,0.787500,5.989905e-01
0.975000,0.787500,6.002451e-01
0.987500,0.787500,5.625519e-01
1.000000,0.787500,0.000000e+00
0.000000,0.800000,0.000000e+00
0.012500,0.800000,7.496447e-03
0.025000,0.800000,1.498782e-02
0.037500,0.800000,2.247412e-02
0.050000,0.800000,2.995534e-02
0.062500,0.800000,3.743149e-02
0.075000,0.800000,4.490256e-02
0.087500,0.800000,5.236856e-02
0.100000,0.800000,5.982948e-02
0.112500,0.800000,6.728532e-02
0.125000,0.800000,7.473610e-02
0.137500,0.800000,8.218179e-02
0.150000,0.800000,8.962242e-02
0.162500,0.800000,9.705796e-02
0.175000,0.800000,1.044884e-01
0.187500,0.800000,1.119138e-01
0.200000,0.800000,1.193342e-01
0.212500,0.800000,1.267494e-01
0.225000,0.800000,1.341596e-01
0.237500,0.800000,1.415647e-01
0.250000,0.800000,1.489647e-01
0.262500,0.800000,1.563596e-01
0.275000,0.800000,1.637495e-01
0.287500,0.800000,1.711343e-01
0.300000,0.800000,1.785140e-01
0.312500,0.800000,1.858887e-01
0.325000,0.800000,1.932583e-01
0.337500,0.800000,2.006228e-01
0.350000,0.800000,2.079822e-01
0.362500,0.800000,2.153365e-01
0.375000,0.800000,2.226858e-01
0.387500,0.800000,2.300300e-01
0.400000,0.800000,2.373691e-01
0.412500,0.800000,2.447032e-01
0.425000,0.800000,2.520321e-01
0.437500,0.800000,2.593560e-01
0.450000,0.800000,2.666749e-01
0.462500,0.800000,2.739886e-01
0.475000,0.800000,2.812973e-01
0.487500,0.800000,2.886009e-01
0.500000,0.800000,2.958994e-01
0.512500,0.800000,3.031929e-01
0.525000,0.800000,3.104812e-01
0.537500,0.800000,3.177645e-01
0.550000,0.800000,3.250427e-01
0.562500,0.800000,3.323159e-01
0.575000,0.800000,3.395840e-01
0.587500,0.800000,3.468470e-01
0.600000,0.800000,3.541049e-01
0.612500,0.800000,3.613577e-01
0.625000,0.800000,3.686055e-01
0.637500,0.800000,3.758482e-01
0.650000,0.800000,3.830858e-01
0.662500,0.800000,3.903184e-01
0.675000,0.800000,3.975469e-01
0.687500,0.800000,4.047878e-01
0.700000,0.800000,4.120467e-01
0.712500,0.800000,4.193237e-01
0.725000,0.800000,4.266188e-01
0.737500,0.800000,4.339319e-01
0.750000,0.800000,4.412631e-01
0.762500,0.800000,4.486124e-01
0.775000,0.800000,4.559797e-01
0.787500,0.800000,4.633651e-01
0.800000,0.800000,4.707686e-01
0.812500,0.800000,4.781902e-01
0.825000,0.800000,4.856298e-01
0.837500,0.800000,4.930874e-01
0.850000,0.800000,5.005632e-01
0.862500,0.800000,5.080570e-01
0.875000,0.800000,5.155689e-01
0.887500,0.800000,5.230988e-01
0.900000,0.800000,5.306468e-01
0.912500,0.800000,5.382129e-01
0.925000,0.800000,5.457970e-01
0.937500,0.800000,5.533992e-01
0.950000,0.800000,5.610195e-01
0.962500,0.800000,5.686579e-01
0.975000,0.800000,5.698489e-01
0.987500,0.800000,5.340644e-01
1.000000,0.800000,0.000000e+00
0.000000,0.812500,0.000000e+00
0.012500,0.812500,7.085697e-03
0.025000,0.812500,1.416659e-02
0.037500,0.812500,2.124269e-02
0.050000,0.812500,2.831398e-02
0.062500,0.812500,3.538047e-02
0.075000,0.812500,4.244216e-02
0.087500,0.812500,4.949904e-02
0.100000,0.812500,5.655113e-02
0.112500,0.812500,6.359841e-02
0.125000,0.812500,7.064089e-02
0.137500,0.812500,7.767857e-02
0.150000,0.812500,8.471144e-02
0.162500,0.812500,9.173952e-02
0.175000,0.812500,9.876279e-02
0.187500,0.812500,1.057813e-01
0.200000,0.812500,1.127949e-01
0.212500,0.812500,1.198038e-01
0.225000,0.812500,1.268079e-01
0.237500,0.812500,1.338071e-01
0.250000,0.812500,1.408016e-01
0.262500,0.812500,1.477912e-01
0.275000,0.812500,1.547761e-01
0.287500,0.812500,1.617562e-01
0.300000,0.812500,1.687314e-01
0.312500,0.812500,1.757019e-01
0.325000,0.812500,1.826675e-01
0.337500,0.812500,1.896284e-01
0.350000,0.812500,1.965844e-01
0.362500,0.812500,2.035357e-01
0.375000,0.812500,2.104821e-01
0.387500,0.812500,2.174237e-01
0.400000,0.812500,2.243606e-01
0.412500,0.812500,2.312926e-01
0.425000,0.812500,2.382199e-01
0.437500,0.812500,2.451423e-01
0.450000,0.812500,2.520599e-01
0.462500,0.812500,2.589728e-01
0.475000,0.812500,2.658808e-01
0.487500,0.812500,2.727840e-01
0.500000,0.812500,2.796824e-01
0.512500,0.812500,2.865761e-01
0.525000,0.812500,2.934649e-01
0.537500,0.812500,3.003489e-01
0.550000,0.812500,3.072281e-01
0.562500,0.812500,3.141025e-01
0.575000,0.812500,3.209721e-01
0.587500,0.812500,3.278370e-01
0.600000,0.812500,3.346970e-01
0.612500,0.812500,3.415522e-01
0.625000,0.812500,3.484026e-01
0.637500,0.812500,3.552482e-01
0.650000,0.812500,3.620890e-01
0.662500,0.812500,3.689250e-01
0.675000,0.812500,3.757572e-01
0.687500,0.812500,3.826010e-01
0.700000,0.812500,3.894620e-01
0.712500,0.812500,3.963400e-01
0.725000,0.812500,4.032351e-01
0.737500,0.812500,4.101472e-01
0.750000,0.812500,4.170765e-01
0.762500,0.812500,4.240228e-01
0.775000,0.812500,4.309862e-01
0.787500,0.812500,4.379667e-01
0.800000,0.812500,4.449643e-01
0.812500,0.812500,4.519789e-01
0.825000,0.812500,4.590106e-01
0.837500,0.812500,4.660594e-01
0.850000,0.812500,4.731253e-01
0.862500,0.812500,4.802082e-01
0.875000,0.812500,4.873082e-01
0.887500,0.812500,4.944253e-01
0.900000,0.812500,5.015595e-01
0.912500,0.812500,5.087107e-01
0.925000,0.812500,5.158791e-01
0.937500,0.812500,5.230645e-01
0.950000,0.812500,5.302670e-01
0.962500,0.812500,5.374865e-01
0.975000,0.812500,5.386122e-01
0.987500,0.812500,5.047893e-01
1.000000,0.812500,0.000000e+00
0.000000,0.825000,0.000000e+00
0.012500,0.825000,6.664717e-03
0.025000,0.825000,1.332491e-02
0.037500,0.825000,1.998059e-02
0.050000,0.825000,2.663174e-02
0.062500,0.825000,3.327838e-02
0.075000,0.825000,3.992049e-02
0.087500,0.825000,4.655809e-02
0.100000,0.825000,5.319116e-02
0.112500,0.825000,5.981971e-02
0.125000,0.825000,6.644374e-02
0.137500,0.825000,7.306325e-02
0.150000,0.825000,7.967824e-02
0.162500,0.825000,8.628871e-02
0.175000,0.825000,9.289466e-02
0.187500,0.825000,9.949609e-02
0.200000,0.825000,1.060930e-01
0.212500,0.825000,1.126854e-01
0.225000,0.825000,1.192733e-01
0.237500,0.825000,1.258566e-01
0.250000,0.825000,1.324354e-01
0.262500,0.825000,1.390097e-01
0.275000,0.825000,1.455795e-01
0.287500,0.825000,1.521448e-01
0.300000,0.825000,1.587055e-01
0.312500,0.825000,1.652617e-01
0.325000,0.825000,1.718134e-01
0.337500,0.825000,1.783606e-01
0.350000,0.825000,1.849033e-01
0.362500,0.825000,1.914414e-01
0.375000,0.825000,1.979751e-01
0.387500,0.825000,2.045042e-01
0.400000,0.825000,2.110287e-01
0.412500,0.825000,2.175488e-01
0.425000,0.825000,2.240643e-01
0.437500,0.825000,2.305753e-01
0.450000,0.825000,2.370818e-01
0.462500,0.825000,2.435838e-01
0.475000,0.825000,2.500813e-01
0.487500,0.825000,2.565742e-01
0.500000,0.825000,2.630626e-01
0.512500,0.825000,2.695465e-01
0.525000,0.825000,2.760259e-01
0.537500,0.825000,2.825007e-01
0.550000,0.825000,2.889711e-01
0.562500,0.825000,2.954369e-01
0.575000,0.825000,3.018982e-01
0.587500,0.825000,3.083549e-01
0.600000,0.825000,3.148072e-01
0.612500,0.825000,3.212549e-01
0.625000,0.825000,3.276981e-01
0.637500,0.825000,3.341368e-01
0.650000,0.825000,3.405710e-01
0.662500,0.825000,3.470006e-01
0.675000,0.825000,3.534267e-01
0.687500,0.825000,3.598637e-01
0.700000,0.825000,3.663168e-01
0.712500,0.825000,3.727860e-01
0.725000,0.825000,3.792712e-01
0.737500,0.825000,3.857725e-01
0.750000,0.825000,3.922898e-01
0.762500,0.825000,3.988233e-01
0.775000,0.825000,4.053727e-01
0.787500,0.825000,4.119383e-01
0.800000,0.825000,4.185199e-01
0.812500,0.825000,4.251175e-01
0.825000,0.825000,4.317313e-01
0.837500,0.825000,4.383611e-01
0.850000,0.825000,4.450069e-01
0.862500,0.825000,4.516688e-01
0.875000,0.825000,4.583468e-01
0.887500,0.825000,4.650408e-01
0.900000,0.825000,4.717509e-01
0.912500,0.825000,4.784771e-01
0.925000,0.825000,4.852193e-01
0.937500,0.825000,4.919776e-01
0.950000,0.825000,4.987520e-01
0.962500,0.825000,5.055424e-01
0.975000,0.825000,5.066011e-01
0.987500,0.825000,4.747883e-01
1.000000,0.825000,0.000000e+00
0.000000,0.837500,0.000000e+00
0.012500,0.837500,6.233506e-03
0.025000,0.837500,1.246278e-02
0.037500,0.837500,1.868782e-02
0.050000,0.837500,2.490864e-02
0.062500,0.837500,3.112522e-02
0.075000,0.837500,3.733757e-02
0.087500,0.837500,4.354569e-02
0.100000,0.837500,4.974957e-02
0.112500,0.837500,5.594923e-02
0.125000,0.837500,6.214466e-02
0.137500,0.837500,6.833585e-02
0.150000,0.837500,7.452282e-02
0.162500,0.837500,8.070555e-02
0.175000,0.837500,8.688405e-02
0.187500,0.837500,9.305832e-02
0.200000,0.837500,9.922836e-02
0.212500,0.837500,1.053942e-01
0.225000,0.837500,1.115557e-01
0.237500,0.837500,1.177131e-01
0.250000,0.837500,1.238662e-01
0.262500,0.837500,1.300151e-01
0.275000,0.837500,1.361597e-01
0.287500,0.837500,1.423002e-01
0.300000,0.837500,1.484364e-01
0.312500,0.837500,1.545683e-01
0.325000,0.837500,1.606960e-01
0.337500,0.837500,1.668195e-01
0.350000,0.837500,1.729388e-01
0.362500,0.837500,1.790538e-01
0.375000,0.837500,1.851646e-01
0.387500,0.837500,1.912712e-01
0.400000,0.837500,1.973736e-01
0.412500,0.837500,2.034717e-01
0.425000,0.837500,2.095655e-01
0.437500,0.837500,2.156552e-01
0.450000,0.837500,2.217406e-01
0.462500,0.837500,2.278218e-01
0.475000,0.837500,2.338988e-01
0.487500,0.837500,2.399715e-01
0.500000,0.837500,2.460400e-01
0.512500,0.837500,2.521042e-01
0.525000,0.837500,2.581643e-01
0.537500,0.837500,2.642201e-01
0.550000,0.837500,2.702716e-01
0.562500,0.837500,2.763190e-01
0.575000,0.837500,2.823621e-01
0.587500,0.837500,2.884009e-01
0.600000,0.837500,2.944356e-01
0.612500,0.837500,3.004660e-01
0.625000,0.837500,3.064922e-01
0.637500,0.837500,3.125141e-01
0.650000,0.837500,3.185319e-01
0.662500,0.837500,3.245453e-01
0.675000,0.837500,3.305555e-01
0.687500,0.837500,3.365759e-01
0.700000,0.837500,3.426113e-01
0.712500,0.837500,3.486617e-01
0.725000,0.837500,3.547272e-01
0.737500,0.837500,3.608077e-01
0.750000,0.837500,3.669032e-01
0.762500,0.837500,3.730137e-01
0.775000,0.837500,3.791393e-01
0.787500,0.837500,3.852799e-01
0.800000,0.837500,3.914355e-01
0.812500,0.837500,3.976061e-01
0.825000,0.837500,4.037918e-01
0.837500,0.837500,4.099924e-01
0.850000,0.837500,4.162081e-01
0.862500,0.837500,4.224389e-01
0.875000,0.837500,4.286846e-01
0.887500,0.837500,4.349454e-01
0.900000,0.837500,4.412212e-01
0.912500,0.837500,4.475120e-01
0.925000,0.837500,4.538178e-01
0.937500,0.837500,4.601387e-01
0.950000,0.837500,4.664746e-01
0.962500,0.837500,4.728255e-01
0.975000,0.837500,4.738156e-01
0.987500,0.837500,4.440616e-01
1.000000,0.837500,0.000000e+00
0.000000,0.850000,0.000000e+00
0.012500,0.850000,5.792064e-03
0.025000,0.850000,1.158019e-02
0.037500,0.850000,1.736439e-02
0.050000,0.850000,2.314466e-02
0.062500,0.850000,2.892099e-02
0.075000,0.850000,3.469338e-02
0.087500,0.850000,4.046185e-02
0.100000,0.850000,4.622638e-02
0.112500,0.850000,5.198697e-02
0.125000,0.850000,5.774364e-02
0.137500,0.850000,6.349637e-02
0.150000,0.850000,6.924516e-02
0.162500,0.850000,7.499002e-02
0.175000,0.850000,8.073095e-02
0.187500,0.850000,8.646795e-02
0.200000,0.850000,9.220101e-02
0.212500,0.850000,9.793014e-02
0.225000,0.850000,1.036553e-01
0.237500,0.850000,1.093766e-01
0.250000,0.850000,1.150939e-01
0.262500,0.850000,1.208073e-01
0.275000,0.850000,1.265168e-01
0.287500,0.850000,1.322223e-01
0.300000,0.850000,1.379239e-01
0.312500,0.850000,1.436216e-01
0.325000,0.850000,1.493153e-01
0.337500,0.850000,1.550051e-01
0.350000,0.850000,1.606910e-01
0.362500,0.850000,1.663729e-01
0.375000,0.850000,1.720509e-01
0.387500,0.850000,1.777249e-01
0.400000,0.850000,1.833951e-01
0.412500,0.850000,1.890613e-01
0.425000,0.850000,1.947235e-01
0.437500,0.850000,2.003818e-01
0.450000,0.850000,2.060362e-01
0.462500,0.850000,2.116867e-01
0.475000,0.850000,2.173332e-01
0.487500,0.850000,2.229758e-01
0.500000,0.850000,2.286145e-01
0.512500,0.850000,2.342492e-01
0.525000,0.850000,2.398800e-01
0.537500,0.850000,2.455069e-01
0.550000,0.850000,2.511298e-01
0.562500,0.850000,2.567488e-01
0.575000,0.850000,2.623638e-01
0.587500,0.850000,2.679750e-01
0.600000,0.850000,2.735822e-01
0.612500,0.850000,2.791854e-01
0.625000,0.850000,2.847847e-01
0.637500,0.850000,2.903801e-01
0.650000,0.850000,2.959716e-01
0.662500,0.850000,3.015591e-01
0.675000,0.850000,3.071435e-01
0.687500,0.850000,3.127374e-01
0.700000,0.850000,3.183453e-01
0.712500,0.850000,3.239672e-01
0.725000,0.850000,3.296030e-01
0.737500,0.850000,3.352528e-01
0.750000,0.850000,3.409165e-01
0.762500,0.850000,3.465942e-01
0.775000,0.850000,3.522859e-01
0.787500,0.850000,3.579915e-01
0.800000,0.850000,3.637111e-01
0.812500,0.850000,3.694446e-01
0.825000,0.850000,3.751921e-01
0.837500,0.850000,3.809535e-01
0.850000,0.850000,3.867289e-01
0.862500,0.850000,3.925183e-01
0.875000,0.850000,3.983216e-01
0.887500,0.850000,4.041389e-01
0.900000,0.850000,4.099701e-01
0.912500,0.850000,4.158153e-01
0.925000,0.850000,4.216745e-01
0.937500,0.850000,4.275476e-01
0.950000,0.850000,4.334347e-01
0.962500,0.850000,4.393357e-01
0.975000,0.850000,4.402557e-01
0.987500,0.850000,4.126091e-01
1.000000,0.850000,0.000000e+00
0.000000,0.862500,0.000000e+00
0.012500,0.862500,5.340392e-03
0.025000,0.862500,1.067716e-02
0.037500,0.862500,1.601029e-02
0.050000,0.862500,2.133980e-02
0.062500,0.862500,2.666568e-02
0.075000,0.862500,3.198794e-02
0.087500,0.862500,3.730656e-02
0.100000,0.862500,4.262156e-02
0.112500,0.862500,4.793293e-02
0.125000,0.862500,5.324068e-02
0.137500,0.862500,5.854479e-02
0.150000,0.862500,6.384528e-02
0.162500,0.862500,6.914214e-02
0.175000,0.862500,7.443538e-02
0.187500,0.862500,7.972498e-02
0.200000,0.862500,8.501096e-02
0.212500,0.862500,9.029331e-02
0.225000,0.862500,9.557203e-02
0.237500,0.862500,1.008471e-01
0.250000,0.862500,1.061186e-01
0.262500,0.862500,1.113864e-01
0.275000,0.862500,1.166506e-01
0.287500,0.862500,1.219112e-01
0.300000,0.862500,1.271682e-01
0.312500,0.862500,1.324215e-01
0.325000,0.862500,1.376712e-01
0.337500,0.862500,1.429173e-01
0.350000,0.862500,1.481597e-01
0.362500,0.862500,1.533986e-01
0.375000,0.862500,1.586338e-01
0.387500,0.862500,1.638653e-01
0.400000,0.862500,1.690933e-01
0.412500,0.862500,1.743176e-01
0.425000,0.862500,1.795382e-01
0.437500,0.862500,1.847553e-01
0.450000,0.862500,1.899687e-01
0.462500,0.862500,1.951785e-01
0.475000,0.862500,2.003847e-01
0.487500,0.862500,2.055872e-01
0.500000,0.862500,2.107861e-01
0.512500,0.862500,2.159814e-01
0.525000,0.862500,2.211731e-01
0.537500,0.862500,2.263611e-01
0.550000,0.862500,2.315455e-01
0.562500,0.862500,2.367263e-01
0.575000,0.862500,2.419035e-01
0.587500,0.862500,2.470770e-01
0.600000,0.862500,2.522469e-01
0.612500,0.862500,2.574131e-01
0.625000,0.862500,2.625758e-01
0.637500,0.862500,2.677348e-01
0.650000,0.862500,2.728902e-01
0.662500,0.862500,2.780419e-01
0.675000,0.862500,2.831908e-01
0.687500,0.862500,2.883485e-01
0.700000,0.862500,2.935190e-01
0.712500,0.862500,2.987024e-01
0.725000,0.862500,3.038987e-01
0.737500,0.862500,3.091079e-01
0.750000,0.862500,3.143299e-01
0.762500,0.862500,3.195648e-01
0.775000,0.862500,3.248125e-01
0.787500,0.862500,3.300731e-01
0.800000,0.862500,3.353466e-01
0.812500,0.862500,3.406330e-01
0.825000,0.862500,3.459322e-01
0.837500,0.862500,3.512443e-01
0.850000,0.862500,3.565693e-01
0.862500,0.862500,3.619072e-01
0.875000,0.862500,3.672579e-01
0.887500,0.862500,3.726215e-01
0.900000,0.862500,3.779979e-01
0.912500,0.862500,3.833872e-01
0.925000,0.862500,3.887894e-01
0.937500,0.862500,3.942045e-01
0.950000,0.862500,3.996324e-01
0.962500,0.862500,4.050732e-01
0.975000,0.862500,4.059214e-01
0.987500,0.862500,3.804309e-01
1.000000,0.862500,0.000000e+00
0.000000,0.875000,0.000000e+00
0.012500,0.875000,4.878489e-03
0.025000,0.875000,9.753665e-03
0.037500,0.875000,1.462553e-02
0.050000,0.875000,1.949408e-02
0.062500,0.875000,2.435931e-02
0.075000,0.875000,2.922123e-02
0.087500,0.875000,3.407984e-02
0.100000,0.875000,3.893513e-02
0.112500,0.875000,4.378711e-02
0.125000,0.875000,4.863578e-02
0.137500,0.875000,5.348113e-02
0.150000,0.875000,5.832317e-02
0.162500,0.875000,6.316190e-02
0.175000,0.875000,6.799731e-02
0.187500,0.875000,7.282941e-02
0.200000,0.875000,7.765820e-02
0.212500,0.875000,8.248367e-02
0.225000,0.875000,8.730583e-02
0.237500,0.875000,9.212467e-02
0.250000,0.875000,9.694021e-02
0.262500,0.875000,1.017524e-01
0.275000,0.875000,1.065613e-01
0.287500,0.875000,1.113669e-01
0.300000,0.875000,1.161692e-01
0.312500,0.875000,1.209682e-01
0.325000,0.875000,1.257638e-01
0.337500,0.875000,1.305561e-01
0.350000,0.875000,1.353452e-01
0.362500,0.875000,1.401309e-01
0.375000,0.875000,1.449133e-01
0.387500,0.875000,1.496924e-01
0.400000,0.875000,1.544681e-01
0.412500,0.875000,1.592406e-01
0.425000,0.875000,1.640097e-01
0.437500,0.875000,1.687755e-01
0.450000,0.875000,1.735381e-01
0.462500,0.875000,1.782973e-01
0.475000,0.875000,1.830531e-01
0.487500,0.875000,1.878057e-01
0.500000,0.875000,1.925550e-01
0.512500,0.875000,1.973009e-01
0.525000,0.875000,2.020436e-01
0.537500,0.875000,2.067829e-01
0.550000,0.875000,2.115189e-01
0.562500,0.875000,2.162516e-01
0.575000,0.875000,2.209810e-01
0.587500,0.875000,2.257070e-01
0.600000,0.875000,2.304298e-01
0.612500,0.875000,2.351492e-01
0.625000,0.875000,2.398653e-01
0.637500,0.875000,2.445781e-01
0.650000,0.875000,2.492876e-01
0.662500,0.875000,2.539938e-01
0.675000,0.875000,2.586974e-01
0.687500,0.875000,2.634089e-01
0.700000,0.875000,2.681323e-01
0.712500,0.875000,2.728674e-01
0.725000,0.875000,2.776142e-01
0.737500,0.875000,2.823728e-01
0.750000,0.875000,2.871432e-01
0.762500,0.875000,2.919253e-01
0.775000,0.875000,2.967192e-01
0.787500,0.875000,3.015248e-01
0.800000,0.875000,3.063422e-01
0.812500,0.875000,3.111713e-01
0.825000,0.875000,3.160122e-01
0.837500,0.875000,3.208649e-01
0.850000,0.875000,3.257293e-01
0.862500,0.875000,3.306054e-01
0.875000,0.875000,3.354934e-01
0.887500,0.875000,3.403930e-01
0.900000,0.875000,3.453045e-01
0.912500,0.875000,3.502276e-01
0.925000,0.875000,3.551626e-01
0.937500,0.875000,3.601093e-01
0.950000,0.875000,3.650677e-01
0.962500,0.875000,3.700379e-01
0.975000,0.875000,3.708127e-01
0.987500,0.875000,3.475269e-01
1.000000,0.875000,0.000000e+00
0.000000,0.887500,0.000000e+00
0.012500,0.887500,4.408706e-03
0.025000,0.887500,8.814419e-03
0.037500,0.887500,1.321714e-02
0.050000,0.887500,1.761686e-02
0.062500,0.887500,2.201360e-02
0.075000,0.887500,2.640733e-02
0.087500,0.887500,3.079808e-02
0.100000,0.887500,3.518583e-02
0.112500,0.887500,3.957059e-02
0.125000,0.887500,4.395235e-02
0.137500,0.887500,4.833113e-02
0.150000,0.887500,5.270690e-02
0.162500,0.887500,5.707969e-02
0.175000,0.887500,6.144948e-02
0.187500,0.887500,6.581627e-02
0.200000,0.887500,7.018008e-02
0.212500,0.887500,7.454089e-02
0.225000,0.887500,7.889870e-02
0.237500,0.887500,8.325353e-02
0.250000,0.887500,8.760536e-02
0.262500,0.887500,9.195419e-02
0.275000,0.887500,9.630004e-02
0.287500,0.887500,1.006429e-01
0.300000,0.887500,1.049827e-01
0.312500,0.887500,1.093196e-01
0.325000,0.887500,1.136535e-01
0.337500,0.887500,1.179843e-01
0.350000,0.887500,1.223122e-01
0.362500,0.887500,1.266371e-01
0.375000,0.887500,1.309590e-01
0.387500,0.887500,1.352779e-01
0.400000,0.887500,1.395938e-01
0.412500,0.887500,1.439067e-01
0.425000,0.887500,1.482167e-01
0.437500,0.887500,1.525236e-01
0.450000,0.887500,1.568275e-01
0.462500,0.887500,1.611285e-01
0.475000,0.887500,1.654264e-01
0.487500,0.887500,1.697214e-01
0.500000,0.887500,1.740133e-01
0.512500,0.887500,1.783023e-01
0.525000,0.887500,1.825882e-01
0.537500,0.887500,1.868712e-01
0.550000,0.887500,1.911512e-01
0.562500,0.887500,1.954282e-01
0.575000,0.887500,1.997022e-01
0.587500,0.887500,2.039732e-01
0.600000,0.887500,2.082412e-01
0.612500,0.887500,2.125062e-01
0.625000,0.887500,2.167683e-01
0.637500,0.887500,2.210273e-01
0.650000,0.887500,2.252833e-01
0.662500,0.887500,2.295364e-01
0.675000,0.887500,2.337870e-01
0.687500,0.887500,2.380450e-01
0.700000,0.887500,2.423135e-01
0.712500,0.887500,2.465927e-01
0.725000,0.887500,2.508825e-01
0.737500,0.887500,2.551829e-01
0.750000,0.887500,2.594939e-01
0.762500,0.887500,2.638156e-01
0.775000,0.887500,2.681478e-01
0.787500,0.887500,2.724907e-01
0.800000,0.887500,2.768443e-01
0.812500,0.887500,2.812084e-01
0.825000,0.887500,2.855832e-01
0.837500,0.887500,2.899686e-01
0.850000,0.887500,2.943646e-01
0.862500,0.887500,2.987712e-01
0.875000,0.887500,3.031885e-01
0.887500,0.887500,3.076163e-01
0.900000,0.887500,3.120548e-01
0.912500,0.887500,3.165040e-01
0.925000,0.887500,3.209637e-01
0.937500,0.887500,3.254341e-01
0.950000,0.887500,3.299151e-01
0.962500,0.887500,3.344067e-01
0.975000,0.887500,3.351069e-01
0.987500,0.887500,3.140632e-01
1.000000,0.887500,0.000000e+00
0.000000,0.900000,0.000000e+00
0.012500,0.900000,3.934866e-03
0.025000,0.900000,7.867061e-03
0.037500,0.900000,1.179658e-02
0.050000,0.900000,1.572344e-02
0.062500,0.900000,1.964762e-02
0.075000,0.900000,2.356913e-02
0.087500,0.900000,2.748797e-02
0.100000,0.900000,3.140414e-02
0.112500,0.900000,3.531764e-02
0.125000,0.900000,3.922847e-02
0.137500,0.900000,4.313662e-02
0.150000,0.900000,4.704211e-02
0.162500,0.900000,5.094492e-02
0.175000,0.900000,5.484507e-02
0.187500,0.900000,5.874254e-02
0.200000,0.900000,6.263734e-02
0.212500,0.900000,6.652947e-02
0.225000,0.900000,7.041894e-02
0.237500,0.900000,7.430572e-02
0.250000,0.900000,7.818984e-02
0.262500,0.900000,8.207129e-02
0.275000,0.900000,8.595007e-02
0.287500,0.900000,8.982617e-02
0.300000,0.900000,9.369961e-02
0.312500,0.900000,9.757037e-02
0.325000,0.900000,1.014385e-01
0.337500,0.900000,1.053039e-01
0.350000,0.900000,1.091666e-01
0.362500,0.900000,1.130267e-01
0.375000,0.900000,1.168841e-01
0.387500,0.900000,1.207389e-01
0.400000,0.900000,1.245909e-01
0.412500,0.900000,1.284403e-01
0.425000,0.900000,1.322871e-01
0.437500,0.900000,1.361311e-01
0.450000,0.900000,1.399725e-01
0.462500,0.900000,1.438112e-01
0.475000,0.900000,1.476473e-01
0.487500,0.900000,1.514806e-01
0.500000,0.900000,1.553113e-01
0.512500,0.900000,1.591394e-01
0.525000,0.900000,1.629647e-01
0.537500,0.900000,1.667874e-01
0.550000,0.900000,1.706074e-01
0.562500,0.900000,1.744248e-01
0.575000,0.900000,1.782394e-01
0.587500,0.900000,1.820514e-01
0.600000,0.900000,1.858608e-01
0.612500,0.900000,1.896674e-01
0.625000,0.900000,1.934714e-01
0.637500,0.900000,1.972728e-01
0.650000,0.900000,2.010714e-01
0.662500,0.900000,2.048674e-01
0.675000,0.900000,2.086612e-01
0.687500,0.900000,2.124616e-01
0.700000,0.900000,2.162714e-01
0.712500,0.900000,2.200907e-01
0.725000,0.900000,2.239195e-01
0.737500,0.900000,2.277577e-01
0.750000,0.900000,2.316054e-01
0.762500,0.900000,2.354626e-01
0.775000,0.900000,2.393293e-01
0.787500,0.900000,2.432055e-01
0.800000,0.900000,2.470912e-01
0.812500,0.900000,2.509863e-01
0.825000,0.900000,2.548909e-01
0.837500,0.900000,2.588050e-01
0.850000,0.900000,2.627285e-01
0.862500,0.900000,2.666616e-01
0.875000,0.900000,2.706041e-01
0.887500,0.900000,2.745561e-01
0.900000,0.900000,2.785176e-01
0.912500,0.900000,2.824886e-01
0.925000,0.900000,2.864690e-01
0.937500,0.900000,2.904589e-01
0.950000,0.900000,2.944583e-01
0.962500,0.900000,2.984672e-01
0.975000,0.900000,2.990921e-01
0.987500,0.900000,2.803101e-01
1.000000,0.900000,0.000000e+00
0.000000,0.912500,0.000000e+00
0.012500,0.912500,3.457021e-03
0.025000,0.912500,6.911697e-03
0.037500,0.912500,1.036403e-02
0.050000,0.912500,1.381401e-02
0.062500,0.912500,1.726165e-02
0.075000,0.912500,2.070694e-02
0.087500,0.912500,2.414989e-02
0.100000,0.912500,2.759049e-02
0.112500,0.912500,3.102874e-02
0.125000,0.912500,3.446465e-02
0.137500,0.912500,3.789822e-02
0.150000,0.912500,4.132943e-02
0.162500,0.912500,4.475831e-02
0.175000,0.912500,4.818483e-02
0.187500,0.912500,5.160901e-02
0.200000,0.912500,5.503085e-02
0.212500,0.912500,5.845033e-02
0.225000,0.912500,6.186748e-02
0.237500,0.912500,6.528227e-02
0.250000,0.912500,6.869473e-02
0.262500,0.912500,7.210483e-02
0.275000,0.912500,7.551259e-02
0.287500,0.912500,7.891801e-02
0.300000,0.912500,8.232107e-02
0.312500,0.912500,8.572180e-02
0.325000,0.912500,8.912017e-02
0.337500,0.912500,9.251620e-02
0.350000,0.912500,9.590989e-02
0.362500,0.912500,9.930123e-02
0.375000,0.912500,1.026902e-01
0.387500,0.912500,1.060769e-01
0.400000,0.912500,1.094612e-01
0.412500,0.912500,1.128431e-01
0.425000,0.912500,1.162227e-01
0.437500,0.912500,1.196000e-01
0.450000,0.912500,1.229749e-01
0.462500,0.912500,1.263475e-01
0.475000,0.912500,1.297177e-01
0.487500,0.912500,1.330856e-01
0.500000,0.912500,1.364511e-01
0.512500,0.912500,1.398143e-01
0.525000,0.912500,1.431752e-01
0.537500,0.912500,1.465337e-01
0.550000,0.912500,1.498898e-01
0.562500,0.912500,1.532436e-01
0.575000,0.912500,1.565951e-01
0.587500,0.912500,1.599442e-01
0.600000,0.912500,1.632910e-01
0.612500,0.912500,1.666354e-01
0.625000,0.912500,1.699775e-01
0.637500,0.912500,1.733172e-01
0.650000,0.912500,1.766546e-01
0.662500,0.912500,1.799896e-01
0.675000,0.912500,1.833228e-01
0.687500,0.912500,1.866617e-01
0.700000,0.912500,1.900089e-01
0.712500,0.912500,1.933644e-01
0.725000,0.912500,1.967282e-01
0.737500,0.912500,2.001004e-01
0.750000,0.912500,2.034809e-01
0.762500,0.912500,2.068698e-01
0.775000,0.912500,2.102669e-01
0.787500,0.912500,2.136724e-01
0.800000,0.912500,2.170862e-01
0.812500,0.912500,2.205083e-01
0.825000,0.912500,2.239388e-01
0.837500,0.912500,2.273776e-01
0.850000,0.912500,2.308247e-01
0.862500,0.912500,2.342802e-01
0.875000,0.912500,2.377439e-01
0.887500,0.912500,2.412160e-01
0.900000,0.912500,2.446965e-01
0.912500,0.912500,2.481852e-01
0.925000,0.912500,2.516823e-01
0.937500,0.912500,2.551877e-01
0.950000,0.912500,2.587014e-01
0.962500,0.912500,2.622235e-01
0.975000,0.912500,2.627726e-01
0.987500,0.912500,2.462713e-01
1.000000,0.912500,0.000000e+00
0.000000,0.925000,0.000000e+00
0.012500,0.925000,2.975173e-03
0.025000,0.925000,5.948328e-03
0.037500,0.925000,8.919464e-03
0.050000,0.925000,1.188858e-02
0.062500,0.925000,1.485568e-02
0.075000,0.925000,1.782076e-02
0.087500,0.925000,2.078383e-02
0.100000,0.925000,2.374487e-02
0.112500,0.925000,2.670390e-02
0.125000,0.925000,2.966091e-02
0.137500,0.925000,3.261590e-02
0.150000,0.925000,3.556888e-02
0.162500,0.925000,3.851983e-02
0.175000,0.925000,4.146877e-02
0.187500,0.925000,4.441569e-02
0.200000,0.925000,4.736059e-02
0.212500,0.925000,5.030347e-02
0.225000,0.925000,5.324433e-02
0.237500,0.925000,5.618318e-02
0.250000,0.925000,5.912000e-02
0.262500,0.925000,6.205481e-02
0.275000,0.925000,6.498761e-02
0.287500,0.925000,6.791838e-02
0.300000,0.925000,7.084713e-02
0.312500,0.925000,7.377387e-02
0.325000,0.925000,7.669859e-02
0.337500,0.925000,7.962129e-02
0.350000,0.925000,8.254197e-02
0.362500,0.925000,8.546064e-02
0.375000,0.925000,8.837728e-02
0.387500,0.925000,9.129191e-02
0.400000,0.925000,9.420452e-02
0.412500,0.925000,9.711511e-02
0.425000,0.925000,1.000237e-01
0.437500,0.925000,1.029302e-01
0.450000,0.925000,1.058348e-01
0.462500,0.925000,1.087373e-01
0.475000,0.925000,1.116378e-01
0.487500,0.925000,1.145363e-01
0.500000,0.925000,1.174327e-01
0.512500,0.925000,1.203272e-01
0.525000,0.925000,1.232196e-01
0.537500,0.925000,1.261100e-01
0.550000,0.925000,1.289984e-01
0.562500,0.925000,1.318848e-01
0.575000,0.925000,1.347691e-01
0.587500,0.925000,1.376515e-01
0.600000,0.925000,1.405318e-01
0.612500,0.925000,1.434101e-01
0.625000,0.925000,1.462864e-01
0.637500,0.925000,1.491606e-01
0.650000,0.925000,1.520329e-01
0.662500,0.925000,1.549031e-01
0.675000,0.925000,1.577717e-01
0.687500,0.925000,1.606453e-01
0.700000,0.925000,1.635259e-01
0.712500,0.925000,1.664138e-01
0.725000,0.925000,1.693088e-01
0.737500,0.925000,1.722110e-01
0.750000,0.925000,1.751204e-01
0.762500,0.925000,1.780369e-01
0.775000,0.925000,1.809606e-01
0.787500,0.925000,1.838914e-01
0.800000,0.925000,1.868294e-01
0.812500,0.925000,1.897746e-01
0.825000,0.925000,1.927269e-01
0.837500,0.925000,1.956864e-01
0.850000,0.925000,1.986531e-01
0.862500,0.925000,2.016270e-01
0.875000,0.925000,2.046080e-01
0.887500,0.925000,2.075961e-01
0.900000,0.925000,2.105915e-01
0.912500,0.925000,2.135940e-01
0.925000,0.925000,2.166036e-01
0.937500,0.925000,2.196205e-01
0.950000,0.925000,2.226445e-01
0.962500,0.925000,2.256756e-01
0.975000,0.925000,2.261481e-01
0.987500,0.925000,2.119467e-01
1.000000,0.925000,0.000000e+00
0.000000,0.937500,0.000000e+00
0.012500,0.937500,2.489321e-03
0.025000,0.937500,4.976953e-03
0.037500,0.937500,7.462898e-03
0.050000,0.937500,9.947154e-03
0.062500,0.937500,1.242972e-02
0.075000,0.937500,1.491060e-02
0.087500,0.937500,1.738979e-02
0.100000,0.937500,1.986730e-02
0.112500,0.937500,2.234312e-02
0.125000,0.937500,2.481724e-02
0.137500,0.937500,2.728968e-02
0.150000,0.937500,2.976044e-02
0.162500,0.937500,3.222950e-02
0.175000,0.937500,3.469687e-02
0.187500,0.937500,3.716256e-02
0.200000,0.937500,3.962656e-02
0.212500,0.937500,4.208887e-02
0.225000,0.937500,4.454950e-02
0.237500,0.937500,4.700843e-02
0.250000,0.937500,4.946568e-02
0.262500,0.937500,5.192124e-02
0.275000,0.937500,5.437511e-02
0.287500,0.937500,5.682729e-02
0.300000,0.937500,5.927779e-02
0.312500,0.937500,6.172660e-02
0.325000,0.937500,6.417372e-02
0.337500,0.937500,6.661915e-02
0.350000,0.937500,6.906289e-02
0.362500,0.937500,7.150494e-02
0.375000,0.937500,7.394531e-02
0.387500,0.937500,7.638399e-02
0.400000,0.937500,7.882098e-02
0.412500,0.937500,8.125628e-02
0.425000,0.937500,8.368990e-02
0.437500,0.937500,8.612182e-02
0.450000,0.937500,8.855206e-02
0.462500,0.937500,9.098061e-02
0.475000,0.937500,9.340747e-02
0.487500,0.937500,9.583265e-02
0.500000,0.937500,9.825614e-02
0.512500,0.937500,1.006779e-01
0.525000,0.937500,1.030980e-01
0.537500,0.937500,1.055165e-01
0.550000,0.937500,1.079332e-01
0.562500,0.937500,1.103482e-01
0.575000,0.937500,1.127616e-01
0.587500,0.937500,1.151733e-01
0.600000,0.937500,1.175833e-01
0.612500,0.937500,1.199915e-01
0.625000,0.937500,1.223982e-01
0.637500,0.937500,1.248031e-01
0.650000,0.937500,1.272063e-01
0.662500,0.937500,1.296078e-01
0.675000,0.937500,1.320080e-01
0.687500,0.937500,1.344123e-01
0.700000,0.937500,1.368226e-01
0.712500,0.937500,1.392389e-01
0.725000,0.937500,1.416612e-01
0.737500,0.937500,1.440895e-01
0.750000,0.937500,1.465237e-01
0.762500,0.937500,1.489640e-01
0.775000,0.937500,1.514103e-01
0.787500,0.937500,1.538625e-01
0.800000,0.937500,1.563208e-01
0.812500,0.937500,1.587850e-01
0.825000,0.937500,1.612553e-01
0.837500,0.937500,1.637315e-01
0.850000,0.937500,1.662137e-01
0.862500,0.937500,1.687019e-01
0.875000,0.937500,1.711962e-01
0.887500,0.937500,1.736964e-01
0.900000,0.937500,1.762026e-01
0.912500,0.937500,1.787148e-01
0.925000,0.937500,1.812330e-01
0.937500,0.937500,1.837572e-01
0.950000,0.937500,1.862873e-01
0.962500,0.937500,1.888235e-01
0.975000,0.937500,1.892189e-01
0.987500,0.937500,1.773365e-01
1.000000,0.937500,0.000000e+00
0.000000,0.950000,0.000000e+00
0.012500,0.950000,1.999464e-03
0.025000,0.950000,3.997573e-03
0.037500,0.950000,5.994327e-03
0.050000,0.950000,7.989725e-03
0.062500,0.950000,9.983767e-03
0.075000,0.950000,1.197645e-02
0.087500,0.950000,1.396779e-02
0.100000,0.950000,1.595776e-02
0.112500,0.950000,1.794638e-02
0.125000,0.950000,1.993365e-02
0.137500,0.950000,2.191956e-02
0.150000,0.950000,2.390411e-02
0.162500,0.950000,2.588731e-02
0.175000,0.950000,2.786915e-02
0.187500,0.950000,2.984964e-02
0.200000,0.950000,3.182878e-02
0.212500,0.950000,3.380655e-02
0.225000,0.950000,3.578297e-02
0.237500,0.950000,3.775804e-02
0.250000,0.950000,3.973175e-02
0.262500,0.950000,4.170411e-02
0.275000,0.950000,4.367511e-02
0.287500,0.950000,4.564475e-02
0.300000,0.950000,4.761304e-02
0.312500,0.950000,4.957997e-02
0.325000,0.950000,5.154555e-02
0.337500,0.950000,5.350977e-02
0.350000,0.950000,5.547264e-02
0.362500,0.950000,5.743415e-02
0.375000,0.950000,5.939431e-02
0.387500,0.950000,6.135311e-02
0.400000,0.950000,6.331056e-02
0.412500,0.950000,6.526665e-02
0.425000,0.950000,6.722138e-02
0.437500,0.950000,6.917476e-02
0.450000,0.950000,7.112678e-02
0.462500,0.950000,7.307745e-02
0.475000,0.950000,7.502676e-02
0.487500,0.950000,7.697472e-02
0.500000,0.950000,7.892132e-02
0.512500,0.950000,8.086657e-02
0.525000,0.950000,8.281046e-02
0.537500,0.950000,8.475300e-02
0.550000,0.950000,8.669418e-02
0.562500,0.950000,8.863400e-02
0.575000,0.950000,9.057247e-02
0.587500,0.950000,9.250958e-02
0.600000,0.950000,9.444534e-02
0.612500,0.950000,9.637974e-02
0.625000,0.950000,9.831279e-02
0.637500,0.950000,1.002445e-01
0.650000,0.950000,1.021748e-01
0.662500,0.950000,1.041038e-01
0.675000,0.950000,1.060317e-01
0.687500,0.950000,1.079629e-01
0.700000,0.950000,1.098989e-01
0.712500,0.950000,1.118397e-01
0.725000,0.950000,1.137854e-01
0.737500,0.950000,1.157358e-01
0.750000,0.950000,1.176911e-01
0.762500,0.950000,1.196512e-01
0.775000,0.950000,1.216161e-01
0.787500,0.950000,1.235858e-01
0.800000,0.950000,1.255603e-01
0.812500,0.950000,1.275396e-01
0.825000,0.950000,1.295238e-01
0.837500,0.950000,1.315128e-01
0.850000,0.950000,1.335065e-01
0.862500,0.950000,1.355051e-01
0.875000,0.950000,1.375086e-01
0.887500,0.950000,1.395168e-01
0.900000,0.950000,1.415298e-01
0.912500,0.950000,1.435477e-01
0.925000,0.950000,1.455703e-01
0.937500,0.950000,1.475978e-01
0.950000,0.950000,1.496301e-01
0.962500,0.950000,1.516672e-01
0.975000,0.950000,1.519848e-01
0.987500,0.950000,1.424406e-01
1.000000,0.950000,0.000000e+00
0.000000,0.962500,0.000000e+00
0.012500,0.962500,1.505604e-03
0.025000,0.962500,3.010188e-03
0.037500,0.962500,4.513751e-03
0.050000,0.962500,6.016295e-03
0.062500,0.962500,7.517817e-03
0.075000,0.962500,9.018320e-03
0.087500,0.962500,1.051780e-02
0.100000,0.962500,1.201626e-02
0.112500,0.962500,1.351371e-02
0.125000,0.962500,1.501013e-02
0.137500,0.962500,1.650553e-02
0.150000,0.962500,1.799991e-02
0.162500,0.962500,1.949327e-02
0.175000,0.962500,2.098561e-02
0.187500,0.962500,2.247693e-02
0.200000,0.962500,2.396723e-02
0.212500,0.962500,2.545650e-02
0.225000,0.962500,2.694476e-02
0.237500,0.962500,2.843200e-02
0.250000,0.962500,2.991822e-02
0.262500,0.962500,3.140342e-02
0.275000,0.962500,3.288759e-02
0.287500,0.962500,3.437075e-02
0.300000,0.962500,3.585289e-02
0.312500,0.962500,3.733400e-02
0.325000,0.962500,3.881410e-02
0.337500,0.962500,4.029317e-02
0.350000,0.962500,4.177123e-02
0.362500,0.962500,4.324826e-02
0.375000,0.962500,4.472428e-02
0.387500,0.962500,4.619927e-02
0.400000,0.962500,4.767325e-02
0.412500,0.962500,4.914620e-02
0.425000,0.962500,5.061813e-02
0.437500,0.962500,5.208905e-02
0.450000,0.962500,5.355894e-02
0.462500,0.962500,5.502781e-02
0.475000,0.962500,5.649566e-02
0.487500,0.962500,5.796249e-02
0.500000,0.962500,5.942830e-02
0.512500,0.962500,6.089309e-02
0.525000,0.962500,6.235686e-02
0.537500,0.962500,6.381961e-02
0.550000,0.962500,6.528134e-02
0.562500,0.962500,6.674205e-02
0.575000,0.962500,6.820174e-02
0.587500,0.962500,6.966041e-02
0.600000,0.962500,7.111806e-02
0.612500,0.962500,7.257469e-02
0.625000,0.962500,7.403030e-02
0.637500,0.962500,7.548488e-02
0.650000,0.962500,7.693845e-02
0.662500,0.962500,7.839100e-02
0.675000,0.962500,7.984273e-02
0.687500,0.962500,8.129694e-02
0.700000,0.962500,8.275478e-02
0.712500,0.962500,8.421625e-02
0.725000,0.962500,8.568133e-02
0.737500,0.962500,8.715005e-02
0.750000,0.962500,8.862239e-02
0.762500,0.962500,9.009835e-02
0.775000,0.962500,9.157794e-02
0.787500,0.962500,9.306115e-02
0.800000,0.962500,9.454799e-02
0.812500,0.962500,9.603845e-02
0.825000,0.962500,9.753254e-02
0.837500,0.962500,9.903025e-02
0.850000,0.962500,1.005316e-01
0.862500,0.962500,1.020365e-01
0.875000,0.962500,1.035451e-01
0.887500,0.962500,1.050573e-01
0.900000,0.962500,1.065732e-01
0.912500,0.962500,1.080926e-01
0.925000,0.962500,1.096157e-01
0.937500,0.962500,1.111424e-01
0.950000,0.962500,1.126728e-01
0.962500,0.962500,1.142067e-01
0.975000,0.962500,1.144458e-01
0.987500,0.962500,1.072590e-01
1.000000,0.962500,0.000000e+00
0.000000,0.975000,0.000000e+00
0.012500,0.975000,1.007740e-03
0.025000,0.975000,2.014797e-03
0.037500,0.975000,3.021172e-03
0.050000,0.975000,4.026864e-03
0.062500,0.975000,5.031873e-03
0.075000,0.975000,6.036199e-03
0.087500,0.975000,7.039843e-03
0.100000,0.975000,8.042804e-03
0.112500,0.975000,9.045082e-03
0.125000,0.975000,1.004668e-02
0.137500,0.975000,1.104759e-02
0.150000,0.975000,1.204782e-02
0.162500,0.975000,1.304737e-02
0.175000,0.975000,1.404623e-02
0.187500,0.975000,1.504441e-02
0.200000,0.975000,1.604191e-02
0.212500,0.975000,1.703873e-02
0.225000,0.975000,1.803486e-02
0.237500,0.975000,1.903031e-02
0.250000,0.975000,2.002508e-02
0.262500,0.975000,2.101917e-02
0.275000,0.975000,2.201257e-02
0.287500,0.975000,2.300529e-02
0.300000,0.975000,2.399733e-02
0.312500,0.975000,2.498868e-02
0.325000,0.975000,2.597936e-02
0.337500,0.975000,2.696934e-02
0.350000,0.975000,2.795865e-02
0.362500,0.975000,2.894728e-02
0.375000,0.975000,2.993522e-02
0.387500,0.975000,3.092247e-02
0.400000,0.975000,3.190905e-02
0.412500,0.975000,3.289494e-02
0.425000,0.975000,3.388015e-02
0.437500,0.975000,3.486468e-02
0.450000,0.975000,3.584853e-02
0.462500,0.975000,3.683169e-02
0.475000,0.975000,3.781417e-02
0.487500,0.975000,3.879596e-02
0.500000,0.975000,3.977708e-02
0.512500,0.975000,4.075751e-02
0.525000,0.975000,4.173726e-02
0.537500,0.975000,4.271632e-02
0.550000,0.975000,4.369470e-02
0.562500,0.975000,4.467240e-02
0.575000,0.975000,4.564942e-02
0.587500,0.975000,4.662576e-02
0.600000,0.975000,4.760141e-02
0.612500,0.975000,4.857638e-02
0.625000,0.975000,4.955066e-02
0.637500,0.975000,5.052427e-02
0.650000,0.975000,5.149719e-02
0.662500,0.975000,5.246943e-02
0.675000,0.975000,5.344112e-02
0.687500,0.975000,5.441448e-02
0.700000,0.975000,5.539026e-02
0.712500,0.975000,5.636846e-02
0.725000,0.975000,5.734910e-02
0.737500,0.975000,5.833215e-02
0.750000,0.975000,5.931764e-02
0.762500,0.975000,6.030555e-02
0.775000,0.975000,6.129588e-02
0.787500,0.975000,6.228864e-02
0.800000,0.975000,6.328383e-02
0.812500,0.975000,6.428145e-02
0.825000,0.975000,6.528149e-02
0.837500,0.975000,6.628395e-02
0.850000,0.975000,6.728884e-02
0.862500,0.975000,6.829616e-02
0.875000,0.975000,6.930590e-02
0.887500,0.975000,7.031807e-02
0.900000,0.975000,7.133267e-02
0.912500,0.975000,7.234969e-02
0.925000,0.975000,7.336913e-02
0.937500,0.975000,7.439100e-02
0.950000,0.975000,7.541530e-02
0.962500,0.975000,7.644203e-02
0.975000,0.975000,7.660207e-02
0.987500,0.975000,7.179169e-02
1.000000,0.975000,0.000000e+00
0.000000,0.987500,0.000000e+00
0.012500,0.987500,5.058720e-04
0.025000,0.987500,1.011401e-03
0.037500,0.987500,1.516588e-03
0.050000,0.987500,2.021432e-03
0.062500,0.987500,2.525934e-03
0.075000,0.987500,3.030093e-03
0.087500,0.987500,3.533909e-03
0.100000,0.987500,4.037383e-03
0.112500,0.987500,4.540514e-03
0.125000,0.987500,5.043302e-03
0.137500,0.987500,5.545748e-03
0.150000,0.987500,6.047851e-03
0.162500,0.987500,6.549612e-03
0.175000,0.987500,7.051030e-03
0.187500,0.987500,7.552106e-03
0.200000,0.987500,8.052838e-03
0.212500,0.987500,8.553229e-03
0.225000,0.987500,9.053276e-03
0.237500,0.987500,9.552981e-03
0.250000,0.987500,1.005234e-02
0.262500,0.987500,1.055136e-02
0.275000,0.987500,1.105004e-02
0.287500,0.987500,1.154837e-02
0.300000,0.987500,1.204637e-02
0.312500,0.987500,1.254402e-02
0.325000,0.987500,1.304132e-02
0.337500,0.987500,1.353829e-02
0.350000,0.987500,1.403491e-02
0.362500,0.987500,1.453119e-02
0.375000,0.987500,1.502712e-02
0.387500,0.987500,1.552272e-02
0.400000,0.987500,1.601797e-02
0.412500,0.987500,1.651288e-02
0.425000,0.987500,1.700744e-02
0.437500,0.987500,1.750167e-02
0.450000,0.987500,1.799555e-02
0.462500,0.987500,1.848908e-02
0.475000,0.987500,1.898228e-02
0.487500,0.987500,1.947513e-02
0.500000,0.987500,1.996764e-02
0.512500,0.987500,2.045981e-02
0.525000,0.987500,2.095163e-02
0.537500,0.987500,2.144312e-02
0.550000,0.987500,2.193426e-02
0.562500,0.987500,2.242505e-02
0.575000,0.987500,2.291551e-02
0.587500,0.987500,2.340562e-02
0.600000,0.987500,2.389539e-02
0.612500,0.987500,2.438482e-02
0.625000,0.987500,2.487390e-02
0.637500,0.987500,2.536264e-02
0.650000,0.987500,2.585104e-02
0.662500,0.987500,2.633910e-02
0.675000,0.987500,2.682688e-02
0.687500,0.987500,2.731550e-02
0.700000,0.987500,2.780533e-02
0.712500,0.987500,2.829638e-02
0.725000,0.987500,2.878865e-02
0.737500,0.987500,2.928214e-02
0.750000,0.987500,2.977684e-02
0.762500,0.987500,3.027276e-02
0.775000,0.987500,3.076990e-02
0.787500,0.987500,3.126826e-02
0.800000,0.987500,3.176784e-02
0.812500,0.987500,3.226863e-02
0.825000,0.987500,3.277064e-02
0.837500,0.987500,3.327387e-02
0.850000,0.987500,3.377831e-02
0.862500,0.987500,3.428398e-02
0.875000,0.987500,3.479086e-02
0.887500,0.987500,3.529896e-02
0.900000,0.987500,3.580827e-02
0.912500,0.987500,3.631881e-02
0.925000,0.987500,3.683056e-02
0.937500,0.987500,3.734353e-02
0.950000,0.987500,3.785771e-02
0.962500,0.987500,3.837312e-02
0.975000,0.987500,3.845346e-02
0.987500,0.987500,3.603869e-02
1.000000,0.987500,0.000000e+00
0.000000,1.000000,0.000000e+00
0.012500,1.000000,0.000000e+00
0.025000,1.000000,0.000000e+00
0.037500,1.000000,0.000000e+00
0.050000,1.000000,0.000000e+00
0.062500,1.000000,0.000000e+00
0.075000,1.000000,0.000000e+00
0.087500,1.000000,0.000000e+00
0.100000,1.000000,0.000000e+00
0.112500,1.000000,0.000000e+00
0.125000,1.000000,0.000000e+00
0.137500,1.000000,0.000000e+00
0.150000,1.000000,0.000000e+00
0.162500,1.000000,0.000000e+00
0.175000,1.000000,0.000000e+00
0.187500,1.000000,0.000000e+00
0.200000,1.000000,0.000000e+00
0.212500,1.000000,0.000000e+00
0.225000,1.000000,0.000000e+00
0.237500,1.000000,0.000000e+00
0.250000,1.000000,0.000000e+00
0.262500,1.000000,0.000000e+00
0.275000,1.000000,0.000000e+00
0.287500,1.000000,0.000000e+00
0.300000,1.000000,0.000000e+00
0.312500,1.000000,0.000000e+00
0.325000,1.000000,0.000000e+00
0.337500,1.000000,0.000000e+00
0.350000,1.000000,0.000000e+00
0.362500,1.000000,0.000000e+00
0.375000,1.000000,0.000000e+00
0.387500,1.000000,0.000000e+00
0.400000,1.000000,0.000000e+00
0.412500,1.000000,0.000000e+00
0.425000,1.000000,0.000000e+00
0.437500,1.000000,0.000000e+00
0.450000,1.000000,0.000000e+00
0.462500,1.000000,0.000000e+00
0.475000,1.000000,0.000000e+00
0.487500,1.000000,0.000000e+00
0.500000,1.000000,0.000000e+00
0.512500,1.000000,0.000000e+00
0.525000,1.000000,0.000000e+00
0.537500,1.000000,0.000000e+00
0.550000,1.000000,0.000000e+00
0.562500,1.000000,0.000000e+00
0.575000,1.000000,0.000000e+00
0.587500,1.000000,0.000000e+00
0.600000,1.000000,0.000000e+00
0.612500,1.000000,0.000000e+00
0.625000,1.000000,0.000000e+00
0.637500,1.000000,0.000000e+00
0.650000,1.000000,0.000000e+00
0.662500,1.000000,0.000000e+00
0.675000,1.000000,0.000000e+00
0.687500,1.000000,0.000000e+00
0.700000,1.000000,0.000000e+00
0.712500,1.000000,0.000000e+00
0.725000,1.000000,0.000000e+00
0.737500,1.000000,0.000000e+00
0.750000,1.000000,0.000000e+00
0.762500,1.000000,0.000000e+00
0.775000,1.000000,0.000000e+00
0.787500,1.000000,0.000000e+00
0.800000,1.000000,0.000000e+00
0.812500,1.000000,0.000000e+00
0.825000,1.000000,0.000000e+00
0.837500,1.000000,0.000000e+00
0.850000,1.000000,0.000000e+00
0.862500,1.000000,0.000000e+00
0.875000,1.000000,0.000000e+00
0.887500,1.000000,0.000000e+00
0.900000,1.000000,0.000000e+00
0.912500,1.000000,0.000000e+00
0.925000,1.000000,0.000000e+00
0.937500,1.000000,0.000000e+00
0.950000,1.000000,0.000000e+00
0.962500,1.000000,0.000000e+00
0.975000,1.000000,0.000000e+00
0.987500,1.000000,0.000000e+00
1.000000,1.000000,0.000000e+00
