x,y,z
0.000000,0.000000,0.000000e+00
0.012500,0.000000,0.000000e+00
0.025000,0.000000,0.000000e+00
0.037500,0.000000,0.000000e+00
0.050000,0.000000,0.000000e+00
0.062500,0.000000,0.000000e+00
0.075000,0.000000,0.000000e+00
0.087500,0.000000,0.000000e+00
0.100000,0.000000,0.000000e+00
0.112500,0.000000,0.000000e+00
0.125000,0.000000,0.000000e+00
0.137500,0.000000,0.000000e+00
0.150000,0.000000,0.000000e+00
0.162500,0.000000,0.000000e+00
0.175000,0.000000,0.000000e+00
0.187500,0.000000,0.000000e+00
0.200000,0.000000,0.000000e+00
0.212500,0.000000,0.000000e+00
0.225000,0.000000,0.000000e+00
0.237500,0.000000,0.000000e+00
0.250000,0.000000,0.000000e+00
0.262500,0.000000,0.000000e+00
0.275000,0.000000,0.000000e+00
0.287500,0.000000,0.000000e+00
0.300000,0.000000,0.000000e+00
0.312500,0.000000,0.000000e+00
0.325000,0.000000,0.000000e+00
0.337500,0.000000,0.000000e+00
0.350000,0.000000,0.000000e+00
0.362500,0.000000,0.000000e+00
0.375000,0.000000,0.000000e+00
0.387500,0.000000,0.000000e+00
0.400000,0.000000,0.000000e+00
0.412500,0.000000,0.000000e+00
0.425000,0.000000,0.000000e+00
0.437500,0.000000,0.000000e+00
0.450000,0.000000,0.000000e+00
0.462500,0.000000,0.000000e+00
0.475000,0.000000,0.000000e+00
0.487500,0.000000,0.000000e+00
0.500000,0.000000,0.000000e+00
0.512500,0.000000,0.000000e+00
0.525000,0.000000,0.000000e+00
0.537500,0.000000,0.000000e+00
0.550000,0.000000,0.000000e+00
0.562500,0.000000,0.000000e+00
0.575000,0.000000,0.000000e+00
0.587500,0.000000,0.000000e+00
0.600000,0.000000,0.000000e+00
0.612500,0.000000,0.000000e+00
0.625000,0.000000,0.000000e+00
0.637500,0.000000,0.000000e+00
0.650000,0.000000,0.000000e+00
0.662500,0.000000,0.000000e+00
0.675000,0.000000,0.000000e+00
0.687500,0.000000,0.000000e+00
0.700000,0.000000,0.000000e+00
0.712500,0.000000,0.000000e+00
0.725000,0.000000,0.000000e+00
0.737500,0.000000,0.000000e+00
0.750000,0.000000,0.000000e+00
0.762500,0.000000,0.000000e+00
0.775000,0.000000,0.000000e+00
0.787500,0.000000,0.000000e+00
0.800000,0.000000,0.000000e+00
0.812500,0.000000,0.000000e+00
0.825000,0.000000,0.000000e+00
0.837500,0.000000,0.000000e+00
0.850000,0.000000,0.000000e+00
0.862500,0.000000,0.000000e+00
0.875000,0.000000,0.000000e+00
0.887500,0.000000,0.000000e+00
0.900000,0.000000,0.000000e+00
0.912500,0.000000,0.000000e+00
0.925000,0.000000,0.000000e+00
0.937500,0.000000,0.000000e+00
0.950000,0.000000,0.000000e+00
0.962500,0.000000,0.000000e+00
0.975000,0.000000,0.000000e+00
0.987500,0.000000,0.000000e+00
1.000000,0.000000,0.000000e+00
0.000000,0.012500,0.000000e+00
0.012500,0.012500,4.915200e-04
0.025000,0.012500,9.831433e-04
0.037500,0.012500,1.474870e-03
0.050000,0.012500,1.966700e-03
0.062500,0.012500,2.458633e-03
0.075000,0.012500,2.950669e-03
0.087500,0.012500,3.442809e-03
0.100000,0.012500,3.935052e-03
0.112500,0.012500,4.427398e-03
0.125000,0.012500,4.919848e-03
0.137500,0.012500,5.412401e-03
0.150000,0.012500,5.905057e-03
0.162500,0.012500,6.397817e-03
0.175000,0.012500,6.890679e-03
0.187500,0.012500,7.383645e-03
0.200000,0.012500,7.876715e-03
0.212500,0.012500,8.369887e-03
0.225000,0.012500,8.863163e-03
0.237500,0.012500,9.356542e-03
0.250000,0.012500,9.850025e-03
0.262500,0.012500,1.034361e-02
0.275000,0.012500,1.083730e-02
0.287500,0.012500,1.133109e-02
0.300000,0.012500,1.182499e-02
0.312500,0.012500,1.231899e-02
0.325000,0.012500,1.281309e-02
0.337500,0.012500,1.330729e-02
0.350000,0.012500,1.380160e-02
0.362500,0.012500,1.429601e-02
0.375000,0.012500,1.479053e-02
0.387500,0.012500,1.528515e-02
0.400000,0.012500,1.577987e-02
0.412500,0.012500,1.627470e-02
0.425000,0.012500,1.676962e-02
0.437500,0.012500,1.726466e-02
0.450000,0.012500,1.775979e-02
0.462500,0.012500,1.825503e-02
0.475000,0.012500,1.875037e-02
0.487500,0.012500,1.924515e-02
0.500000,0.012500,1.973836e-02
0.512500,0.012500,2.022998e-02
0.525000,0.012500,2.072002e-02
0.537500,0.012500,2.120847e-02
0.550000,0.012500,2.169533e-02
0.562500,0.012500,2.218060e-02
0.575000,0.012500,2.266429e-02
0.587500,0.012500,2.314639e-02
0.600000,0.012500,2.362690e-02
0.612500,0.012500,2.410582e-02
0.625000,0.012500,2.458316e-02
0.637500,0.012500,2.505892e-02
0.650000,0.012500,2.553308e-02
0.662500,0.012500,2.600566e-02
0.675000,0.012500,2.647665e-02
0.687500,0.012500,2.694333e-02
0.700000,0.012500,2.739362e-02
0.712500,0.012500,2.782607e-02
0.725000,0.012500,2.824069e-02
0.737500,0.012500,2.863748e-02
0.750000,0.012500,2.901643e-02
0.762500,0.012500,2.937755e-02
0.775000,0.012500,2.971549e-02
0.787500,0.012500,3.000115e-02
0.800000,0.012500,3.023014e-02
0.812500,0.012500,3.040247e-02
0.825000,0.012500,3.051355e-02
0.837500,0.012500,3.051902e-02
0.850000,0.012500,3.040771e-02
0.862500,0.012500,3.016879e-02
0.875000,0.012500,2.974201e-02
0.887500,0.012500,2.911165e-02
0.900000,0.012500,2.820649e-02
0.912500,0.012500,2.698216e-02
0.925000,0.012500,2.535308e-02
0.937500,0.012500,2.322543e-02
0.950000,0.012500,2.048551e-02
0.962500,0.012500,1.699011e-02
0.975000,0.012500,1.256247e-02
0.987500,0.012500,6.989192e-03
1.000000,0.012500,0.000000e+00
0.000000,0.025000,0.000000e+00
0.012500,0.025000,9.800491e-04
0.025000,0.025000,1.960304e-03
0.037500,0.025000,2.940765e-03
0.050000,0.025000,3.921433e-03
0.062500,0.025000,4.902306e-03
0.075000,0.025000,5.883385e-03
0.087500,0.025000,6.864671e-03
0.100000,0.025000,7.846162e-03
0.112500,0.025000,8.827859e-03
0.125000,0.025000,9.809763e-03
0.137500,0.025000,1.079187e-02
0.150000,0.025000,1.177419e-02
0.162500,0.025000,1.275671e-02
0.175000,0.025000,1.373944e-02
0.187500,0.025000,1.472237e-02
0.200000,0.025000,1.570551e-02
0.212500,0.025000,1.668886e-02
0.225000,0.025000,1.767241e-02
0.237500,0.025000,1.865617e-02
0.250000,0.025000,1.964013e-02
0.262500,0.025000,2.062430e-02
0.275000,0.025000,2.160868e-02
0.287500,0.025000,2.259326e-02
0.300000,0.025000,2.357805e-02
0.312500,0.025000,2.456304e-02
0.325000,0.025000,2.554824e-02
0.337500,0.025000,2.653365e-02
0.350000,0.025000,2.751926e-02
0.362500,0.025000,2.850508e-02
0.375000,0.025000,2.949110e-02
0.387500,0.025000,3.047733e-02
0.400000,0.025000,3.146377e-02
0.412500,0.025000,3.245041e-02
0.425000,0.025000,3.343726e-02
0.437500,0.025000,3.442431e-02
0.450000,0.025000,3.541157e-02
0.462500,0.025000,3.639904e-02
0.475000,0.025000,3.738671e-02
0.487500,0.025000,3.837327e-02
0.500000,0.025000,3.935669e-02
0.512500,0.025000,4.033695e-02
0.525000,0.025000,4.131404e-02
0.537500,0.025000,4.228796e-02
0.550000,0.025000,4.325872e-02
0.562500,0.025000,4.422632e-02
0.575000,0.025000,4.519075e-02
0.587500,0.025000,4.615202e-02
0.600000,0.025000,4.711013e-02
0.612500,0.025000,4.806507e-02
0.625000,0.025000,4.901685e-02
0.637500,0.025000,4.996546e-02
0.650000,0.025000,5.091090e-02
0.662500,0.025000,5.185319e-02
0.675000,0.025000,5.279231e-02
0.687500,0.025000,5.372283e-02
0.700000,0.025000,5.462067e-02
0.712500,0.025000,5.548295e-02
0.725000,0.025000,5.630967e-02
0.737500,0.025000,5.710083e-02
0.750000,0.025000,5.785643e-02
0.762500,0.025000,5.857648e-02
0.775000,0.025000,5.925030e-02
0.787500,0.025000,5.981988e-02
0.800000,0.025000,6.027647e-02
0.812500,0.025000,6.062008e-02
0.825000,0.025000,6.084156e-02
0.837500,0.025000,6.085246e-02
0.850000,0.025000,6.063052e-02
0.862500,0.025000,6.015415e-02
0.875000,0.025000,5.930317e-02
0.887500,0.025000,5.804629e-02
0.900000,0.025000,5.624147e-02
0.912500,0.025000,5.380026e-02
0.925000,0.025000,5.055199e-02
0.937500,0.025000,4.630963e-02
0.950000,0.025000,4.084645e-02
0.962500,0.025000,3.387689e-02
0.975000,0.025000,2.504855e-02
0.987500,0.025000,1.393588e-02
1.000000,0.025000,0.000000e+00
0.000000,0.037500,0.000000e+00
0.012500,0.037500,1.465587e-03
0.025000,0.037500,2.931483e-03
0.037500,0.037500,4.397687e-03
0.050000,0.037500,5.864199e-03
0.062500,0.037500,7.331019e-03
0.075000,0.037500,8.798148e-03
0.087500,0.037500,1.026558e-02
0.100000,0.037500,1.173333e-02
0.112500,0.037500,1.320138e-02
0.125000,0.037500,1.466974e-02
0.137500,0.037500,1.613841e-02
0.150000,0.037500,1.760739e-02
0.162500,0.037500,1.907668e-02
0.175000,0.037500,2.054627e-02
0.187500,0.037500,2.201618e-02
0.200000,0.037500,2.348639e-02
0.212500,0.037500,2.495691e-02
0.225000,0.037500,2.642773e-02
0.237500,0.037500,2.789887e-02
0.250000,0.037500,2.937032e-02
0.262500,0.037500,3.084207e-02
0.275000,0.037500,3.231413e-02
0.287500,0.037500,3.378650e-02
0.300000,0.037500,3.525917e-02
0.312500,0.037500,3.673216e-02
0.325000,0.037500,3.820545e-02
0.337500,0.037500,3.967906e-02
0.350000,0.037500,4.115297e-02
0.362500,0.037500,4.262719e-02
0.375000,0.037500,4.410171e-02
0.387500,0.037500,4.557655e-02
0.400000,0.037500,4.705169e-02
0.412500,0.037500,4.852714e-02
0.425000,0.037500,5.000290e-02
0.437500,0.037500,5.147897e-02
0.450000,0.037500,5.295535e-02
0.462500,0.037500,5.443203e-02
0.475000,0.037500,5.590903e-02
0.487500,0.037500,5.738436e-02
0.500000,0.037500,5.885499e-02
0.512500,0.037500,6.032089e-02
0.525000,0.037500,6.178205e-02
0.537500,0.037500,6.323849e-02
0.550000,0.037500,6.469019e-02
0.562500,0.037500,6.613717e-02
0.575000,0.037500,6.757941e-02
0.587500,0.037500,6.901691e-02
0.600000,0.037500,7.044969e-02
0.612500,0.037500,7.187773e-02
0.625000,0.037500,7.330104e-02
0.637500,0.037500,7.471962e-02
0.650000,0.037500,7.613347e-02
0.662500,0.037500,7.754259e-02
0.675000,0.037500,7.894697e-02
0.687500,0.037500,8.033850e-02
0.700000,0.037500,8.168115e-02
0.712500,0.037500,8.297063e-02
0.725000,0.037500,8.420693e-02
0.737500,0.037500,8.539005e-02
0.750000,0.037500,8.652000e-02
0.762500,0.037500,8.759678e-02
0.775000,0.037500,8.860443e-02
0.787500,0.037500,8.945619e-02
0.800000,0.037500,9.013899e-02
0.812500,0.037500,9.065283e-02
0.825000,0.037500,9.098404e-02
0.837500,0.037500,9.100034e-02
0.850000,0.037500,9.066845e-02
0.862500,0.037500,8.995606e-02
0.875000,0.037500,8.868349e-02
0.887500,0.037500,8.680392e-02
0.900000,0.037500,8.410494e-02
0.912500,0.037500,8.045428e-02
0.925000,0.037500,7.559674e-02
0.937500,0.037500,6.925261e-02
0.950000,0.037500,6.108282e-02
0.962500,0.037500,5.066037e-02
0.975000,0.037500,3.745824e-02
0.987500,0.037500,2.084007e-02
1.000000,0.037500,0.000000e+00
0.000000,0.050000,0.000000e+00
0.012500,0.050000,1.948134e-03
0.025000,0.050000,3.896679e-03
0.037500,0.050000,5.845633e-03
0.050000,0.050000,7.794998e-03
0.062500,0.050000,9.744772e-03
0.075000,0.050000,1.169496e-02
0.087500,0.050000,1.364555e-02
0.100000,0.050000,1.559655e-02
0.112500,0.050000,1.754797e-02
0.125000,0.050000,1.949979e-02
0.137500,0.050000,2.145203e-02
0.150000,0.050000,2.340467e-02
0.162500,0.050000,2.535772e-02
0.175000,0.050000,2.731119e-02
0.187500,0.050000,2.926506e-02
0.200000,0.050000,3.121935e-02
0.212500,0.050000,3.317404e-02
0.225000,0.050000,3.512914e-02
0.237500,0.050000,3.708466e-02
0.250000,0.050000,3.904058e-02
0.262500,0.050000,4.099691e-02
0.275000,0.050000,4.295366e-02
0.287500,0.050000,4.491081e-02
0.300000,0.050000,4.686838e-02
0.312500,0.050000,4.882635e-02
0.325000,0.050000,5.078473e-02
0.337500,0.050000,5.274353e-02
0.350000,0.050000,5.470273e-02
0.362500,0.050000,5.666234e-02
0.375000,0.050000,5.862237e-02
0.387500,0.050000,6.058280e-02
0.400000,0.050000,6.254364e-02
0.412500,0.050000,6.450489e-02
0.425000,0.050000,6.646656e-02
0.437500,0.050000,6.842863e-02
0.450000,0.050000,7.039111e-02
0.462500,0.050000,7.235401e-02
0.475000,0.050000,7.431731e-02
0.487500,0.050000,7.627840e-02
0.500000,0.050000,7.823325e-02
0.512500,0.050000,8.018181e-02
0.525000,0.050000,8.212407e-02
0.537500,0.050000,8.406005e-02
0.550000,0.050000,8.598974e-02
0.562500,0.050000,8.791313e-02
0.575000,0.050000,8.983024e-02
0.587500,0.050000,9.174105e-02
0.600000,0.050000,9.364558e-02
0.612500,0.050000,9.554382e-02
0.625000,0.050000,9.743576e-02
0.637500,0.050000,9.932142e-02
0.650000,0.050000,1.012008e-01
0.662500,0.050000,1.030739e-01
0.675000,0.050000,1.049406e-01
0.687500,0.050000,1.067903e-01
0.700000,0.050000,1.085751e-01
0.712500,0.050000,1.102891e-01
0.725000,0.050000,1.119325e-01
0.737500,0.050000,1.135051e-01
0.750000,0.050000,1.150071e-01
0.762500,0.050000,1.164384e-01
0.775000,0.050000,1.177779e-01
0.787500,0.050000,1.189101e-01
0.800000,0.050000,1.198177e-01
0.812500,0.050000,1.205007e-01
0.825000,0.050000,1.209410e-01
0.837500,0.050000,1.209627e-01
0.850000,0.050000,1.205215e-01
0.862500,0.050000,1.195745e-01
0.875000,0.050000,1.178830e-01
0.887500,0.050000,1.153845e-01
0.900000,0.050000,1.117969e-01
0.912500,0.050000,1.069442e-01
0.925000,0.050000,1.004873e-01
0.937500,0.050000,9.205435e-02
0.950000,0.050000,8.119462e-02
0.962500,0.050000,6.734052e-02
0.975000,0.050000,4.979153e-02
0.987500,0.050000,2.770175e-02
1.000000,0.050000,0.000000e+00
0.000000,0.062500,0.000000e+00
0.012500,0.062500,2.427691e-03
0.025000,0.062500,4.855893e-03
0.037500,0.062500,7.284606e-03
0.050000,0.062500,9.713830e-03
0.062500,0.062500,1.214357e-02
0.075000,0.062500,1.457381e-02
0.087500,0.062500,1.700457e-02
0.100000,0.062500,1.943584e-02
0.112500,0.062500,2.186762e-02
0.125000,0.062500,2.429991e-02
0.137500,0.062500,2.673271e-02
0.150000,0.062500,2.916602e-02
0.162500,0.062500,3.159985e-02
0.175000,0.062500,3.403418e-02
0.187500,0.062500,3.646903e-02
0.200000,0.062500,3.890439e-02
0.212500,0.062500,4.134026e-02
0.225000,0.062500,4.377663e-02
0.237500,0.062500,4.621353e-02
0.250000,0.062500,4.865093e-02
0.262500,0.062500,5.108884e-02
0.275000,0.062500,5.352727e-02
0.287500,0.062500,5.596620e-02
0.300000,0.062500,5.840565e-02
0.312500,0.062500,6.084560e-02
0.325000,0.062500,6.328607e-02
0.337500,0.062500,6.572705e-02
0.350000,0.062500,6.816854e-02
0.362500,0.062500,7.061055e-02
0.375000,0.062500,7.305306e-02
0.387500,0.062500,7.549608e-02
0.400000,0.062500,7.793962e-02
0.412500,0.062500,8.038367e-02
0.425000,0.062500,8.282822e-02
0.437500,0.062500,8.527329e-02
0.450000,0.062500,8.771887e-02
0.462500,0.062500,9.016496e-02
0.475000,0.062500,9.261157e-02
0.487500,0.062500,9.505541e-02
0.500000,0.062500,9.749148e-02
0.512500,0.062500,9.991970e-02
0.525000,0.062500,1.023401e-01
0.537500,0.062500,1.047526e-01
0.550000,0.062500,1.071573e-01
0.562500,0.062500,1.095542e-01
0.575000,0.062500,1.119433e-01
0.587500,0.062500,1.143244e-01
0.600000,0.062500,1.166978e-01
0.612500,0.062500,1.190633e-01
0.625000,0.062500,1.214210e-01
0.637500,0.062500,1.237708e-01
0.650000,0.062500,1.261128e-01
0.662500,0.062500,1.284470e-01
0.675000,0.062500,1.307733e-01
0.687500,0.062500,1.330784e-01
0.700000,0.062500,1.353024e-01
0.712500,0.062500,1.374384e-01
0.725000,0.062500,1.394863e-01
0.737500,0.062500,1.414461e-01
0.750000,0.062500,1.433178e-01
0.762500,0.062500,1.451015e-01
0.775000,0.062500,1.467706e-01
0.787500,0.062500,1.481816e-01
0.800000,0.062500,1.493126e-01
0.812500,0.062500,1.501638e-01
0.825000,0.062500,1.507124e-01
0.837500,0.062500,1.507394e-01
0.850000,0.062500,1.501896e-01
0.862500,0.062500,1.490096e-01
0.875000,0.062500,1.469016e-01
0.887500,0.062500,1.437881e-01
0.900000,0.062500,1.393173e-01
0.912500,0.062500,1.332701e-01
0.925000,0.062500,1.252238e-01
0.937500,0.062500,1.147149e-01
0.950000,0.062500,1.011818e-01
0.962500,0.062500,8.391736e-02
0.975000,0.062500,6.204842e-02
0.987500,0.062500,3.452093e-02
1.000000,0.062500,0.000000e+00
0.000000,0.075000,0.000000e+00
0.012500,0.075000,2.904256e-03
0.025000,0.075000,5.809124e-03
0.037500,0.075000,8.714604e-03
0.050000,0.075000,1.162070e-02
0.062500,0.075000,1.452740e-02
0.075000,0.075000,1.743471e-02
0.087500,0.075000,2.034264e-02
0.100000,0.075000,2.325118e-02
0.112500,0.075000,2.616033e-02
0.125000,0.075000,2.907009e-02
0.137500,0.075000,3.198046e-02
0.150000,0.075000,3.489145e-02
0.162500,0.075000,3.780305e-02
0.175000,0.075000,4.071525e-02
0.187500,0.075000,4.362808e-02
0.200000,0.075000,4.654151e-02
0.212500,0.075000,4.945555e-02
0.225000,0.075000,5.237021e-02
0.237500,0.075000,5.528548e-02
0.250000,0.075000,5.820135e-02
0.262500,0.075000,6.111785e-02
0.275000,0.075000,6.403495e-02
0.287500,0.075000,6.695266e-02
0.300000,0.075000,6.987099e-02
0.312500,0.075000,7.278993e-02
0.325000,0.075000,7.570948e-02
0.337500,0.075000,7.862964e-02
0.350000,0.075000,8.155041e-02
0.362500,0.075000,8.447180e-02
0.375000,0.075000,8.739379e-02
0.387500,0.075000,9.031640e-02
0.400000,0.075000,9.323962e-02
0.412500,0.075000,9.616346e-02
0.425000,0.075000,9.908790e-02
0.437500,0.075000,1.020130e-01
0.450000,0.075000,1.049386e-01
0.462500,0.075000,1.078649e-01
0.475000,0.075000,1.107918e-01
0.487500,0.075000,1.137154e-01
0.500000,0.075000,1.166297e-01
0.512500,0.075000,1.195346e-01
0.525000,0.075000,1.224301e-01
0.537500,0.075000,1.253163e-01
0.550000,0.075000,1.281930e-01
0.562500,0.075000,1.310604e-01
0.575000,0.075000,1.339185e-01
0.587500,0.075000,1.367671e-01
0.600000,0.075000,1.396064e-01
0.612500,0.075000,1.424362e-01
0.625000,0.075000,1.452567e-01
0.637500,0.075000,1.480679e-01
0.650000,0.075000,1.508696e-01
0.662500,0.075000,1.536620e-01
0.675000,0.075000,1.564450e-01
0.687500,0.075000,1.592025e-01
0.700000,0.075000,1.618632e-01
0.712500,0.075000,1.644185e-01
0.725000,0.075000,1.668684e-01
0.737500,0.075000,1.692129e-01
0.750000,0.075000,1.714521e-01
0.762500,0.075000,1.735859e-01
0.775000,0.075000,1.755827e-01
0.787500,0.075000,1.772706e-01
0.800000,0.075000,1.786237e-01
0.812500,0.075000,1.796419e-01
0.825000,0.075000,1.802983e-01
0.837500,0.075000,1.803306e-01
0.850000,0.075000,1.796729e-01
0.862500,0.075000,1.782612e-01
0.875000,0.075000,1.757394e-01
0.887500,0.075000,1.720147e-01
0.900000,0.075000,1.666663e-01
0.912500,0.075000,1.594320e-01
0.925000,0.075000,1.498060e-01
0.937500,0.075000,1.372342e-01
0.950000,0.075000,1.210445e-01
0.962500,0.075000,1.003909e-01
0.975000,0.075000,7.422893e-02
0.987500,0.075000,4.129761e-02
1.000000,0.075000,0.000000e+00
0.000000,0.087500,0.000000e+00
0.012500,0.087500,3.377831e-03
0.025000,0.087500,6.756373e-03
0.037500,0.087500,1.013563e-02
0.050000,0.087500,1.351559e-02
0.062500,0.087500,1.689627e-02
0.075000,0.087500,2.027766e-02
0.087500,0.087500,2.365976e-02
0.100000,0.087500,2.704258e-02
0.112500,0.087500,3.042610e-02
0.125000,0.087500,3.381034e-02
0.137500,0.087500,3.719529e-02
0.150000,0.087500,4.058095e-02
0.162500,0.087500,4.396732e-02
0.175000,0.087500,4.735441e-02
0.187500,0.087500,5.074220e-02
0.200000,0.087500,5.413071e-02
0.212500,0.087500,5.751993e-02
0.225000,0.087500,6.090986e-02
0.237500,0.087500,6.430051e-02
0.250000,0.087500,6.769186e-02
0.262500,0.087500,7.108393e-02
0.275000,0.087500,7.447671e-02
0.287500,0.087500,7.787020e-02
0.300000,0.087500,8.126440e-02
0.312500,0.087500,8.465932e-02
0.325000,0.087500,8.805495e-02
0.337500,0.087500,9.145128e-02
0.350000,0.087500,9.484833e-02
0.362500,0.087500,9.824610e-02
0.375000,0.087500,1.016446e-01
0.387500,0.087500,1.050438e-01
0.400000,0.087500,1.084437e-01
0.412500,0.087500,1.118443e-01
0.425000,0.087500,1.152456e-01
0.437500,0.087500,1.186476e-01
0.450000,0.087500,1.220504e-01
0.462500,0.087500,1.254538e-01
0.475000,0.087500,1.288580e-01
0.487500,0.087500,1.322583e-01
0.500000,0.087500,1.356478e-01
0.512500,0.087500,1.390264e-01
0.525000,0.087500,1.423941e-01
0.537500,0.087500,1.457509e-01
0.550000,0.087500,1.490968e-01
0.562500,0.087500,1.524318e-01
0.575000,0.087500,1.557558e-01
0.587500,0.087500,1.590690e-01
0.600000,0.087500,1.623712e-01
0.612500,0.087500,1.656626e-01
0.625000,0.087500,1.689430e-01
0.637500,0.087500,1.722126e-01
0.650000,0.087500,1.754712e-01
0.662500,0.087500,1.787189e-01
0.675000,0.087500,1.819557e-01
0.687500,0.087500,1.851629e-01
0.700000,0.087500,1.882574e-01
0.712500,0.087500,1.912294e-01
0.725000,0.087500,1.940788e-01
0.737500,0.087500,1.968056e-01
0.750000,0.087500,1.994099e-01
0.762500,0.087500,2.018917e-01
0.775000,0.087500,2.042141e-01
0.787500,0.087500,2.061772e-01
0.800000,0.087500,2.077509e-01
0.812500,0.087500,2.089352e-01
0.825000,0.087500,2.096986e-01
0.837500,0.087500,2.097362e-01
0.850000,0.087500,2.089712e-01
0.862500,0.087500,2.073293e-01
0.875000,0.087500,2.043963e-01
0.887500,0.087500,2.000643e-01
0.900000,0.087500,1.938437e-01
0.912500,0.087500,1.854297e-01
0.925000,0.087500,1.742341e-01
0.937500,0.087500,1.596122e-01
0.950000,0.087500,1.407826e-01
0.962500,0.087500,1.167611e-01
0.975000,0.087500,8.633304e-02
0.987500,0.087500,4.803178e-02
1.000000,0.087500,0.000000e+00
0.000000,0.100000,0.000000e+00
0.012500,0.100000,3.848068e-03
0.025000,0.100000,7.696947e-03
0.037500,0.100000,1.154664e-02
0.050000,0.100000,1.539714e-02
0.062500,0.100000,1.924845e-02
0.075000,0.100000,2.310058e-02
0.087500,0.100000,2.695351e-02
0.100000,0.100000,3.080726e-02
0.112500,0.100000,3.466182e-02
0.125000,0.100000,3.851719e-02
0.137500,0.100000,4.237337e-02
0.150000,0.100000,4.623036e-02
0.162500,0.100000,5.008817e-02
0.175000,0.100000,5.394678e-02
0.187500,0.100000,5.780621e-02
0.200000,0.100000,6.166645e-02
0.212500,0.100000,6.552750e-02
0.225000,0.100000,6.938936e-02
0.237500,0.100000,7.325203e-02
0.250000,0.100000,7.711551e-02
0.262500,0.100000,8.097981e-02
0.275000,0.100000,8.484491e-02
0.287500,0.100000,8.871083e-02
0.300000,0.100000,9.257756e-02
0.312500,0.100000,9.644510e-02
0.325000,0.100000,1.003135e-01
0.337500,0.100000,1.041826e-01
0.350000,0.100000,1.080526e-01
0.362500,0.100000,1.119234e-01
0.375000,0.100000,1.157950e-01
0.387500,0.100000,1.196674e-01
0.400000,0.100000,1.235406e-01
0.412500,0.100000,1.274146e-01
0.425000,0.100000,1.312895e-01
0.437500,0.100000,1.351651e-01
0.450000,0.100000,1.390416e-01
0.462500,0.100000,1.429189e-01
0.475000,0.100000,1.467970e-01
0.487500,0.100000,1.506707e-01
0.500000,0.100000,1.545321e-01
0.512500,0.100000,1.583810e-01
0.525000,0.100000,1.622176e-01
0.537500,0.100000,1.660417e-01
0.550000,0.100000,1.698533e-01
0.562500,0.100000,1.736526e-01
0.575000,0.100000,1.774394e-01
0.587500,0.100000,1.812138e-01
0.600000,0.100000,1.849758e-01
0.612500,0.100000,1.887254e-01
0.625000,0.100000,1.924625e-01
0.637500,0.100000,1.961872e-01
0.650000,0.100000,1.998995e-01
0.662500,0.100000,2.035993e-01
0.675000,0.100000,2.072867e-01
0.687500,0.100000,2.109404e-01
0.700000,0.100000,2.144658e-01
0.712500,0.100000,2.178515e-01
0.725000,0.100000,2.210976e-01
0.737500,0.100000,2.242040e-01
0.750000,0.100000,2.271709e-01
0.762500,0.100000,2.299981e-01
0.775000,0.100000,2.326439e-01
0.787500,0.100000,2.348803e-01
0.800000,0.100000,2.366731e-01
0.812500,0.100000,2.380223e-01
0.825000,0.100000,2.388919e-01
0.837500,0.100000,2.389347e-01
0.850000,0.100000,2.380633e-01
0.862500,0.100000,2.361928e-01
0.875000,0.100000,2.328514e-01
0.887500,0.100000,2.279163e-01
0.900000,0.100000,2.208297e-01
0.912500,0.100000,2.112444e-01
0.925000,0.100000,1.984902e-01
0.937500,0.100000,1.818327e-01
0.950000,0.100000,1.603817e-01
0.962500,0.100000,1.330160e-01
0.975000,0.100000,9.835191e-02
0.987500,0.100000,5.471853e-02
1.000000,0.100000,0.000000e+00
0.000000,0.112500,0.000000e+00
0.012500,0.112500,4.311296e-03
0.025000,0.112500,8.623501e-03
0.037500,0.112500,1.293662e-02
0.050000,0.112500,1.725064e-02
0.062500,0.112500,2.156557e-02
0.075000,0.112500,2.588142e-02
0.087500,0.112500,3.019817e-02
0.100000,0.112500,3.451583e-02
0.112500,0.112500,3.883440e-02
0.125000,0.112500,4.315389e-02
0.137500,0.112500,4.747428e-02
0.150000,0.112500,5.179558e-02
0.162500,0.112500,5.611779e-02
0.175000,0.112500,6.044091e-02
0.187500,0.112500,6.476494e-02
0.200000,0.112500,6.908987e-02
0.212500,0.112500,7.341572e-02
0.225000,0.112500,7.774248e-02
0.237500,0.112500,8.207015e-02
0.250000,0.112500,8.639872e-02
0.262500,0.112500,9.072821e-02
0.275000,0.112500,9.505860e-02
0.287500,0.112500,9.938991e-02
0.300000,0.112500,1.037221e-01
0.312500,0.112500,1.080552e-01
0.325000,0.112500,1.123893e-01
0.337500,0.112500,1.167242e-01
0.350000,0.112500,1.210601e-01
0.362500,0.112500,1.253968e-01
0.375000,0.112500,1.297345e-01
0.387500,0.112500,1.340731e-01
0.400000,0.112500,1.384126e-01
0.412500,0.112500,1.427530e-01
0.425000,0.112500,1.470943e-01
0.437500,0.112500,1.514365e-01
0.450000,0.112500,1.557796e-01
0.462500,0.112500,1.601237e-01
0.475000,0.112500,1.644686e-01
0.487500,0.112500,1.688087e-01
0.500000,0.112500,1.731349e-01
0.512500,0.112500,1.774472e-01
0.525000,0.112500,1.817456e-01
0.537500,0.112500,1.860301e-01
0.550000,0.112500,1.903006e-01
0.562500,0.112500,1.945572e-01
0.575000,0.112500,1.987999e-01
0.587500,0.112500,2.030287e-01
0.600000,0.112500,2.072436e-01
0.612500,0.112500,2.114445e-01
0.625000,0.112500,2.156315e-01
0.637500,0.112500,2.198046e-01
0.650000,0.112500,2.239638e-01
0.662500,0.112500,2.281091e-01
0.675000,0.112500,2.322404e-01
0.687500,0.112500,2.363339e-01
0.700000,0.112500,2.402836e-01
0.712500,0.112500,2.440769e-01
0.725000,0.112500,2.477138e-01
0.737500,0.112500,2.511942e-01
0.750000,0.112500,2.545182e-01
0.762500,0.112500,2.576858e-01
0.775000,0.112500,2.606501e-01
0.787500,0.112500,2.631558e-01
0.800000,0.112500,2.651644e-01
0.812500,0.112500,2.666759e-01
0.825000,0.112500,2.676503e-01
0.837500,0.112500,2.676982e-01
0.850000,0.112500,2.667219e-01
0.862500,0.112500,2.646262e-01
0.875000,0.112500,2.608826e-01
0.887500,0.112500,2.553534e-01
0.900000,0.112500,2.474137e-01
0.912500,0.112500,2.366744e-01
0.925000,0.112500,2.223848e-01
0.937500,0.112500,2.037221e-01
0.950000,0.112500,1.796888e-01
0.962500,0.112500,1.490287e-01
0.975000,0.112500,1.101917e-01
0.987500,0.112500,6.130564e-02
1.000000,0.112500,0.000000e+00
0.000000,0.125000,0.000000e+00
0.012500,0.125000,4.766528e-03
0.025000,0.125000,9.534061e-03
0.037500,0.125000,1.430260e-02
0.050000,0.125000,1.907215e-02
0.062500,0.125000,2.384270e-02
0.075000,0.125000,2.861426e-02
0.087500,0.125000,3.338682e-02
0.100000,0.125000,3.816039e-02
0.112500,0.125000,4.293497e-02
0.125000,0.125000,4.771055e-02
0.137500,0.125000,5.248714e-02
0.150000,0.125000,5.726473e-02
0.162500,0.125000,6.204333e-02
0.175000,0.125000,6.682294e-02
0.187500,0.125000,7.160355e-02
0.200000,0.125000,7.638517e-02
0.212500,0.125000,8.116780e-02
0.225000,0.125000,8.595143e-02
0.237500,0.125000,9.073606e-02
0.250000,0.125000,9.552171e-02
0.262500,0.125000,1.003084e-01
0.275000,0.125000,1.050960e-01
0.287500,0.125000,1.098847e-01
0.300000,0.125000,1.146743e-01
0.312500,0.125000,1.194650e-01
0.325000,0.125000,1.242567e-01
0.337500,0.125000,1.290494e-01
0.350000,0.125000,1.338431e-01
0.362500,0.125000,1.386378e-01
0.375000,0.125000,1.434335e-01
0.387500,0.125000,1.482302e-01
0.400000,0.125000,1.530279e-01
0.412500,0.125000,1.578266e-01
0.425000,0.125000,1.626263e-01
0.437500,0.125000,1.674271e-01
0.450000,0.125000,1.722288e-01
0.462500,0.125000,1.770316e-01
0.475000,0.125000,1.818353e-01
0.487500,0.125000,1.866337e-01
0.500000,0.125000,1.914167e-01
0.512500,0.125000,1.961844e-01
0.525000,0.125000,2.009367e-01
0.537500,0.125000,2.056736e-01
0.550000,0.125000,2.103951e-01
0.562500,0.125000,2.151012e-01
0.575000,0.125000,2.197919e-01
0.587500,0.125000,2.244672e-01
0.600000,0.125000,2.291271e-01
0.612500,0.125000,2.337716e-01
0.625000,0.125000,2.384008e-01
0.637500,0.125000,2.430145e-01
0.650000,0.125000,2.476129e-01
0.662500,0.125000,2.521959e-01
0.675000,0.125000,2.567634e-01
0.687500,0.125000,2.612892e-01
0.700000,0.125000,2.656560e-01
0.712500,0.125000,2.698498e-01
0.725000,0.125000,2.738707e-01
0.737500,0.125000,2.777187e-01
0.750000,0.125000,2.813937e-01
0.762500,0.125000,2.848958e-01
0.775000,0.125000,2.881730e-01
0.787500,0.125000,2.909433e-01
0.800000,0.125000,2.931640e-01
0.812500,0.125000,2.948352e-01
0.825000,0.125000,2.959124e-01
0.837500,0.125000,2.959654e-01
0.850000,0.125000,2.948859e-01
0.862500,0.125000,2.925690e-01
0.875000,0.125000,2.884301e-01
0.887500,0.125000,2.823170e-01
0.900000,0.125000,2.735390e-01
0.912500,0.125000,2.616657e-01
0.925000,0.125000,2.458672e-01
0.937500,0.125000,2.252337e-01
0.950000,0.125000,1.986627e-01
0.962500,0.125000,1.647651e-01
0.975000,0.125000,1.218272e-01
0.987500,0.125000,6.777907e-02
1.000000,0.125000,0.000000e+00
0.000000,0.137500,0.000000e+00
0.012500,0.137500,5.213763e-03
0.025000,0.137500,1.042863e-02
0.037500,0.137500,1.564459e-02
0.050000,0.137500,2.086166e-02
0.062500,0.137500,2.607982e-02
0.075000,0.137500,3.129909e-02
0.087500,0.137500,3.651946e-02
0.100000,0.137500,4.174093e-02
0.112500,0.137500,4.696350e-02
0.125000,0.137500,5.218718e-02
0.137500,0.137500,5.741195e-02
0.150000,0.137500,6.263783e-02
0.162500,0.137500,6.786480e-02
0.175000,0.137500,7.309288e-02
0.187500,0.137500,7.832206e-02
0.200000,0.137500,8.355234e-02
0.212500,0.137500,8.878372e-02
0.225000,0.137500,9.401620e-02
0.237500,0.137500,9.924978e-02
0.250000,0.137500,1.044845e-01
0.262500,0.137500,1.097203e-01
0.275000,0.137500,1.149571e-01
0.287500,0.137500,1.201951e-01
0.300000,0.137500,1.254342e-01
0.312500,0.137500,1.306744e-01
0.325000,0.137500,1.359157e-01
0.337500,0.137500,1.411581e-01
0.350000,0.137500,1.464016e-01
0.362500,0.137500,1.516462e-01
0.375000,0.137500,1.568919e-01
0.387500,0.137500,1.621387e-01
0.400000,0.137500,1.673866e-01
0.412500,0.137500,1.726356e-01
0.425000,0.137500,1.778857e-01
0.437500,0.137500,1.831369e-01
0.450000,0.137500,1.883892e-01
0.462500,0.137500,1.936426e-01
0.475000,0.137500,1.988971e-01
0.487500,0.137500,2.041457e-01
0.500000,0.137500,2.093775e-01
0.512500,0.137500,2.145926e-01
0.525000,0.137500,2.197908e-01
0.537500,0.137500,2.249721e-01
0.550000,0.137500,2.301367e-01
0.562500,0.137500,2.352843e-01
0.575000,0.137500,2.404152e-01
0.587500,0.137500,2.455292e-01
0.600000,0.137500,2.506264e-01
0.612500,0.137500,2.557067e-01
0.625000,0.137500,2.607702e-01
0.637500,0.137500,2.658169e-01
0.650000,0.137500,2.708467e-01
0.662500,0.137500,2.758597e-01
0.675000,0.137500,2.808559e-01
0.687500,0.137500,2.858063e-01
0.700000,0.137500,2.905828e-01
0.712500,0.137500,2.951702e-01
0.725000,0.137500,2.995684e-01
0.737500,0.137500,3.037774e-01
0.750000,0.137500,3.077973e-01
0.762500,0.137500,3.116280e-01
0.775000,0.137500,3.152127e-01
0.787500,0.137500,3.182429e-01
0.800000,0.137500,3.206720e-01
0.812500,0.137500,3.225000e-01
0.825000,0.137500,3.236783e-01
0.837500,0.137500,3.237363e-01
0.850000,0.137500,3.225555e-01
0.862500,0.137500,3.200212e-01
0.875000,0.137500,3.154939e-01
0.887500,0.137500,3.088072e-01
0.900000,0.137500,2.992055e-01
0.912500,0.137500,2.862181e-01
0.925000,0.137500,2.689372e-01
0.937500,0.137500,2.463677e-01
0.950000,0.137500,2.173034e-01
0.962500,0.137500,1.802252e-01
0.975000,0.137500,1.332583e-01
0.987500,0.137500,7.413883e-02
1.000000,0.137500,0.000000e+00
0.000000,0.150000,0.000000e+00
0.012500,0.150000,5.653002e-03
0.025000,0.150000,1.130720e-02
0.037500,0.150000,1.696259e-02
0.050000,0.150000,2.261917e-02
0.062500,0.150000,2.827695e-02
0.075000,0.150000,3.393593e-02
0.087500,0.150000,3.959610e-02
0.100000,0.150000,4.525746e-02
0.112500,0.150000,5.092002e-02
0.125000,0.150000,5.658377e-02
0.137500,0.150000,6.224872e-02
0.150000,0.150000,6.791486e-02
0.162500,0.150000,7.358220e-02
0.175000,0.150000,7.925073e-02
0.187500,0.150000,8.492046e-02
0.200000,0.150000,9.059138e-02
0.212500,0.150000,9.626349e-02
0.225000,0.150000,1.019368e-01
0.237500,0.150000,1.076113e-01
0.250000,0.150000,1.132870e-01
0.262500,0.150000,1.189639e-01
0.275000,0.150000,1.246420e-01
0.287500,0.150000,1.303213e-01
0.300000,0.150000,1.360017e-01
0.312500,0.150000,1.416834e-01
0.325000,0.150000,1.473663e-01
0.337500,0.150000,1.530503e-01
0.350000,0.150000,1.587356e-01
0.362500,0.150000,1.644221e-01
0.375000,0.150000,1.701097e-01
0.387500,0.150000,1.757985e-01
0.400000,0.150000,1.814886e-01
0.412500,0.150000,1.871798e-01
0.425000,0.150000,1.928722e-01
0.437500,0.150000,1.985658e-01
0.450000,0.150000,2.042607e-01
0.462500,0.150000,2.099567e-01
0.475000,0.150000,2.156539e-01
0.487500,0.150000,2.213447e-01
0.500000,0.150000,2.270173e-01
0.512500,0.150000,2.326717e-01
0.525000,0.150000,2.383079e-01
0.537500,0.150000,2.439258e-01
0.550000,0.150000,2.495254e-01
0.562500,0.150000,2.551068e-01
0.575000,0.150000,2.606699e-01
0.587500,0.150000,2.662148e-01
0.600000,0.150000,2.717414e-01
0.612500,0.150000,2.772498e-01
0.625000,0.150000,2.827399e-01
0.637500,0.150000,2.882117e-01
0.650000,0.150000,2.936653e-01
0.662500,0.150000,2.991007e-01
0.675000,0.150000,3.045177e-01
0.687500,0.150000,3.098852e-01
0.700000,0.150000,3.150642e-01
0.712500,0.150000,3.200380e-01
0.725000,0.150000,3.248068e-01
0.737500,0.150000,3.293704e-01
0.750000,0.150000,3.337289e-01
0.762500,0.150000,3.378824e-01
0.775000,0.150000,3.417691e-01
0.787500,0.150000,3.450546e-01
0.800000,0.150000,3.476884e-01
0.812500,0.150000,3.496704e-01
0.825000,0.150000,3.509479e-01
0.837500,0.150000,3.510108e-01
0.850000,0.150000,3.497306e-01
0.862500,0.150000,3.469827e-01
0.875000,0.150000,3.420740e-01
0.887500,0.150000,3.348240e-01
0.900000,0.150000,3.244133e-01
0.912500,0.150000,3.103317e-01
0.925000,0.150000,2.915949e-01
0.937500,0.150000,2.671239e-01
0.950000,0.150000,2.356109e-01
0.962500,0.150000,1.954090e-01
0.975000,0.150000,1.444851e-01
0.987500,0.150000,8.038492e-02
1.000000,0.150000,0.000000e+00
0.000000,0.162500,0.000000e+00
0.012500,0.162500,6.084244e-03
0.025000,0.162500,1.216977e-02
0.037500,0.162500,1.825659e-02
0.050000,0.162500,2.434469e-02
0.062500,0.162500,3.043408e-02
0.075000,0.162500,3.652476e-02
0.087500,0.162500,4.261672e-02
0.100000,0.162500,4.870997e-02
0.112500,0.162500,5.480451e-02
0.125000,0.162500,6.090033e-02
0.137500,0.162500,6.699744e-02
0.150000,0.162500,7.309584e-02
0.162500,0.162500,7.919552e-02
0.175000,0.162500,8.529649e-02
0.187500,0.162500,9.139874e-02
0.200000,0.162500,9.750228e-02
0.212500,0.162500,1.036071e-01
0.225000,0.162500,1.097132e-01
0.237500,0.162500,1.158206e-01
0.250000,0.162500,1.219293e-01
0.262500,0.162500,1.280393e-01
0.275000,0.162500,1.341506e-01
0.287500,0.162500,1.402631e-01
0.300000,0.162500,1.463769e-01
0.312500,0.162500,1.524921e-01
0.325000,0.162500,1.586085e-01
0.337500,0.162500,1.647262e-01
0.350000,0.162500,1.708451e-01
0.362500,0.162500,1.769654e-01
0.375000,0.162500,1.830870e-01
0.387500,0.162500,1.892098e-01
0.400000,0.162500,1.953339e-01
0.412500,0.162500,2.014593e-01
0.425000,0.162500,2.075860e-01
0.437500,0.162500,2.137140e-01
0.450000,0.162500,2.198433e-01
0.462500,0.162500,2.259739e-01
0.475000,0.162500,2.321057e-01
0.487500,0.162500,2.382306e-01
0.500000,0.162500,2.443361e-01
0.512500,0.162500,2.504219e-01
0.525000,0.162500,2.564880e-01
0.537500,0.162500,2.625345e-01
0.550000,0.162500,2.685613e-01
0.562500,0.162500,2.745685e-01
0.575000,0.162500,2.805561e-01
0.587500,0.162500,2.865239e-01
0.600000,0.162500,2.924722e-01
0.612500,0.162500,2.984008e-01
0.625000,0.162500,3.043097e-01
0.637500,0.162500,3.101990e-01
0.650000,0.162500,3.160687e-01
0.662500,0.162500,3.219187e-01
0.675000,0.162500,3.277490e-01
0.687500,0.162500,3.335260e-01
0.700000,0.162500,3.391000e-01
0.712500,0.162500,3.444533e-01
0.725000,0.162500,3.495859e-01
0.737500,0.162500,3.544977e-01
0.750000,0.162500,3.591887e-01
0.762500,0.162500,3.636590e-01
0.775000,0.162500,3.678423e-01
0.787500,0.162500,3.713784e-01
0.800000,0.162500,3.742131e-01
0.812500,0.162500,3.763463e-01
0.825000,0.162500,3.777213e-01
0.837500,0.162500,3.777890e-01
0.850000,0.162500,3.764111e-01
0.862500,0.162500,3.734536e-01
0.875000,0.162500,3.681704e-01
0.887500,0.162500,3.603673e-01
0.900000,0.162500,3.491623e-01
0.912500,0.162500,3.340065e-01
0.925000,0.162500,3.138403e-01
0.937500,0.162500,2.875024e-01
0.950000,0.162500,2.535853e-01
0.962500,0.162500,2.103164e-01
0.975000,0.162500,1.555076e-01
0.987500,0.162500,8.651732e-02
1.000000,0.162500,0.000000e+00
0.000000,0.175000,0.000000e+00
0.012500,0.175000,6.507206e-03
0.025000,0.175000,1.301579e-02
0.037500,0.175000,1.952575e-02
0.050000,0.175000,2.603709e-02
0.062500,0.175000,3.254980e-02
0.075000,0.175000,3.906389e-02
0.087500,0.175000,4.557936e-02
0.100000,0.175000,5.209620e-02
0.112500,0.175000,5.861442e-02
0.125000,0.175000,6.513402e-02
0.137500,0.175000,7.165499e-02
0.150000,0.175000,7.817735e-02
0.162500,0.175000,8.470107e-02
0.175000,0.175000,9.122618e-02
0.187500,0.175000,9.775266e-02
0.200000,0.175000,1.042805e-01
0.212500,0.175000,1.108098e-01
0.225000,0.175000,1.173404e-01
0.237500,0.175000,1.238724e-01
0.250000,0.175000,1.304057e-01
0.262500,0.175000,1.369405e-01
0.275000,0.175000,1.434766e-01
0.287500,0.175000,1.500141e-01
0.300000,0.175000,1.565530e-01
0.312500,0.175000,1.630932e-01
0.325000,0.175000,1.696348e-01
0.337500,0.175000,1.761778e-01
0.350000,0.175000,1.827222e-01
0.362500,0.175000,1.892680e-01
0.375000,0.175000,1.958151e-01
0.387500,0.175000,2.023636e-01
0.400000,0.175000,2.089135e-01
0.412500,0.175000,2.154648e-01
0.425000,0.175000,2.220174e-01
0.437500,0.175000,2.285714e-01
0.450000,0.175000,2.351268e-01
0.462500,0.175000,2.416836e-01
0.475000,0.175000,2.482417e-01
0.487500,0.175000,2.547925e-01
0.500000,0.175000,2.613224e-01
0.512500,0.175000,2.678313e-01
0.525000,0.175000,2.743192e-01
0.537500,0.175000,2.807860e-01
0.550000,0.175000,2.872319e-01
0.562500,0.175000,2.936567e-01
0.575000,0.175000,3.000605e-01
0.587500,0.175000,3.064433e-01
0.600000,0.175000,3.128051e-01
0.612500,0.175000,3.191458e-01
0.625000,0.175000,3.254656e-01
0.637500,0.175000,3.317643e-01
0.650000,0.175000,3.380420e-01
0.662500,0.175000,3.442987e-01
0.675000,0.175000,3.505344e-01
0.687500,0.175000,3.567130e-01
0.700000,0.175000,3.626746e-01
0.712500,0.175000,3.684000e-01
0.725000,0.175000,3.738894e-01
0.737500,0.175000,3.791427e-01
0.750000,0.175000,3.841598e-01
0.762500,0.175000,3.889409e-01
0.775000,0.175000,3.934151e-01
0.787500,0.175000,3.971970e-01
0.800000,0.175000,4.002288e-01
0.812500,0.175000,4.025103e-01
0.825000,0.175000,4.039809e-01
0.837500,0.175000,4.040533e-01
0.850000,0.175000,4.025796e-01
0.862500,0.175000,3.994164e-01
0.875000,0.175000,3.937660e-01
0.887500,0.175000,3.854203e-01
0.900000,0.175000,3.734364e-01
0.912500,0.175000,3.572269e-01
0.925000,0.175000,3.356587e-01
0.937500,0.175000,3.074898e-01
0.950000,0.175000,2.712147e-01
0.962500,0.175000,2.249377e-01
0.975000,0.175000,1.663186e-01
0.987500,0.175000,9.253202e-02
1.000000,0.175000,0.000000e+00
0.000000,0.187500,0.000000e+00
0.012500,0.187500,6.919332e-03
0.025000,0.187500,1.384013e-02
0.037500,0.187500,2.076239e-02
0.050000,0.187500,2.768612e-02
0.062500,0.187500,3.461131e-02
0.075000,0.187500,4.153796e-02
0.087500,0.187500,4.846609e-02
0.100000,0.187500,5.539567e-02
0.112500,0.187500,6.232672e-02
0.125000,0.187500,6.925924e-02
0.137500,0.187500,7.619322e-02
0.150000,0.187500,8.312866e-02
0.162500,0.187500,9.006557e-02
0.175000,0.187500,9.700394e-02
0.187500,0.187500,1.039438e-01
0.200000,0.187500,1.108851e-01
0.212500,0.187500,1.178279e-01
0.225000,0.187500,1.247721e-01
0.237500,0.187500,1.317178e-01
0.250000,0.187500,1.386649e-01
0.262500,0.187500,1.456136e-01
0.275000,0.187500,1.525637e-01
0.287500,0.187500,1.595152e-01
0.300000,0.187500,1.664682e-01
0.312500,0.187500,1.734227e-01
0.325000,0.187500,1.803787e-01
0.337500,0.187500,1.873361e-01
0.350000,0.187500,1.942950e-01
0.362500,0.187500,2.012553e-01
0.375000,0.187500,2.082171e-01
0.387500,0.187500,2.151804e-01
0.400000,0.187500,2.221451e-01
0.412500,0.187500,2.291113e-01
0.425000,0.187500,2.360790e-01
0.437500,0.187500,2.430482e-01
0.450000,0.187500,2.500188e-01
0.462500,0.187500,2.569908e-01
0.475000,0.187500,2.639643e-01
0.487500,0.187500,2.709300e-01
0.500000,0.187500,2.778735e-01
0.512500,0.187500,2.847947e-01
0.525000,0.187500,2.916935e-01
0.537500,0.187500,2.985699e-01
0.550000,0.187500,3.054240e-01
0.562500,0.187500,3.122558e-01
0.575000,0.187500,3.190652e-01
0.587500,0.187500,3.258522e-01
0.600000,0.187500,3.326169e-01
0.612500,0.187500,3.393593e-01
0.625000,0.187500,3.460793e-01
0.637500,0.187500,3.527770e-01
0.650000,0.187500,3.594523e-01
0.662500,0.187500,3.661053e-01
0.675000,0.187500,3.727359e-01
0.687500,0.187500,3.793059e-01
0.700000,0.187500,3.856450e-01
0.712500,0.187500,3.917331e-01
0.725000,0.187500,3.975702e-01
0.737500,0.187500,4.031562e-01
0.750000,0.187500,4.084911e-01
0.762500,0.187500,4.135750e-01
0.775000,0.187500,4.183326e-01
0.787500,0.187500,4.223540e-01
0.800000,0.187500,4.255778e-01
0.812500,0.187500,4.280038e-01
0.825000,0.187500,4.295676e-01
0.837500,0.187500,4.296445e-01
0.850000,0.187500,4.280775e-01
0.862500,0.187500,4.247140e-01
0.875000,0.187500,4.187057e-01
0.887500,0.187500,4.098314e-01
0.900000,0.187500,3.970885e-01
0.912500,0.187500,3.798523e-01
0.925000,0.187500,3.569180e-01
0.937500,0.187500,3.269650e-01
0.950000,0.187500,2.883924e-01
0.962500,0.187500,2.391843e-01
0.975000,0.187500,1.768525e-01
0.987500,0.187500,9.839261e-02
1.000000,0.187500,0.000000e+00
0.000000,0.200000,0.000000e+00
0.012500,0.200000,7.320012e-03
0.025000,0.200000,1.464157e-02
0.037500,0.200000,2.196469e-02
0.050000,0.200000,2.928935e-02
0.062500,0.200000,3.661556e-02
0.075000,0.200000,4.394332e-02
0.087500,0.200000,5.127263e-02
0.100000,0.200000,5.860350e-02
0.112500,0.200000,6.593591e-02
0.125000,0.200000,7.326987e-02
0.137500,0.200000,8.060539e-02
0.150000,0.200000,8.794245e-02
0.162500,0.200000,9.528106e-02
0.175000,0.200000,1.026212e-01
0.187500,0.200000,1.099629e-01
0.200000,0.200000,1.173062e-01
0.212500,0.200000,1.246510e-01
0.225000,0.200000,1.319974e-01
0.237500,0.200000,1.393453e-01
0.250000,0.200000,1.466948e-01
0.262500,0.200000,1.540458e-01
0.275000,0.200000,1.613983e-01
0.287500,0.200000,1.687524e-01
0.300000,0.200000,1.761081e-01
0.312500,0.200000,1.834653e-01
0.325000,0.200000,1.908241e-01
0.337500,0.200000,1.981844e-01
0.350000,0.200000,2.055463e-01
0.362500,0.200000,2.129097e-01
0.375000,0.200000,2.202747e-01
0.387500,0.200000,2.276412e-01
0.400000,0.200000,2.350092e-01
0.412500,0.200000,2.423789e-01
0.425000,0.200000,2.497500e-01
0.437500,0.200000,2.571227e-01
0.450000,0.200000,2.644970e-01
0.462500,0.200000,2.718728e-01
0.475000,0.200000,2.792502e-01
0.487500,0.200000,2.866192e-01
0.500000,0.200000,2.939648e-01
0.512500,0.200000,3.012868e-01
0.525000,0.200000,3.085851e-01
0.537500,0.200000,3.158598e-01
0.550000,0.200000,3.231108e-01
0.562500,0.200000,3.303382e-01
0.575000,0.200000,3.375419e-01
0.587500,0.200000,3.447220e-01
0.600000,0.200000,3.518785e-01
0.612500,0.200000,3.590113e-01
0.625000,0.200000,3.661205e-01
0.637500,0.200000,3.732060e-01
0.650000,0.200000,3.802679e-01
0.662500,0.200000,3.873061e-01
0.675000,0.200000,3.943207e-01
0.687500,0.200000,4.012712e-01
0.700000,0.200000,4.079774e-01
0.712500,0.200000,4.144181e-01
0.725000,0.200000,4.205931e-01
0.737500,0.200000,4.265026e-01
0.750000,0.200000,4.321465e-01
0.762500,0.200000,4.375248e-01
0.775000,0.200000,4.425578e-01
0.787500,0.200000,4.468122e-01
0.800000,0.200000,4.502227e-01
0.812500,0.200000,4.527892e-01
0.825000,0.200000,4.544435e-01
0.837500,0.200000,4.545249e-01
0.850000,0.200000,4.528671e-01
0.862500,0.200000,4.493089e-01
0.875000,0.200000,4.429526e-01
0.887500,0.200000,4.335644e-01
0.900000,0.200000,4.200836e-01
0.912500,0.200000,4.018492e-01
0.925000,0.200000,3.775868e-01
0.937500,0.200000,3.458992e-01
0.950000,0.200000,3.050930e-01
0.962500,0.200000,2.530353e-01
0.975000,0.200000,1.870939e-01
0.987500,0.200000,1.040904e-01
1.000000,0.200000,0.000000e+00
0.000000,0.212500,0.000000e+00
0.012500,0.212500,7.709245e-03
0.025000,0.212500,1.542012e-02
0.037500,0.212500,2.313263e-02
0.050000,0.212500,3.084678e-02
0.062500,0.212500,3.856255e-02
0.075000,0.212500,4.627996e-02
0.087500,0.212500,5.399900e-02
0.100000,0.212500,6.171968e-02
0.112500,0.212500,6.944199e-02
0.125000,0.212500,7.716593e-02
0.137500,0.212500,8.489150e-02
0.150000,0.212500,9.261871e-02
0.162500,0.212500,1.003475e-01
0.175000,0.212500,1.080780e-01
0.187500,0.212500,1.158101e-01
0.200000,0.212500,1.235439e-01
0.212500,0.212500,1.312792e-01
0.225000,0.212500,1.390162e-01
0.237500,0.212500,1.467549e-01
0.250000,0.212500,1.544952e-01
0.262500,0.212500,1.622371e-01
0.275000,0.212500,1.699806e-01
0.287500,0.212500,1.777258e-01
0.300000,0.212500,1.854726e-01
0.312500,0.212500,1.932210e-01
0.325000,0.212500,2.009711e-01
0.337500,0.212500,2.087228e-01
0.350000,0.212500,2.164761e-01
0.362500,0.212500,2.242311e-01
0.375000,0.212500,2.319877e-01
0.387500,0.212500,2.397459e-01
0.400000,0.212500,2.475058e-01
0.412500,0.212500,2.552673e-01
0.425000,0.212500,2.630304e-01
0.437500,0.212500,2.707952e-01
0.450000,0.212500,2.785616e-01
0.462500,0.212500,2.863296e-01
0.475000,0.212500,2.940993e-01
0.487500,0.212500,3.018602e-01
0.500000,0.212500,3.095964e-01
0.512500,0.212500,3.173077e-01
0.525000,0.212500,3.249941e-01
0.537500,0.212500,3.326556e-01
0.550000,0.212500,3.402922e-01
0.562500,0.212500,3.479039e-01
0.575000,0.212500,3.554907e-01
0.587500,0.212500,3.630526e-01
0.600000,0.212500,3.705896e-01
0.612500,0.212500,3.781017e-01
0.625000,0.212500,3.855889e-01
0.637500,0.212500,3.930513e-01
0.650000,0.212500,4.004887e-01
0.662500,0.212500,4.079012e-01
0.675000,0.212500,4.152888e-01
0.687500,0.212500,4.226088e-01
0.700000,0.212500,4.296717e-01
0.712500,0.212500,4.364548e-01
0.725000,0.212500,4.429583e-01
0.737500,0.212500,4.491820e-01
0.750000,0.212500,4.551260e-01
0.762500,0.212500,4.607903e-01
0.775000,0.212500,4.660909e-01
0.787500,0.212500,4.705715e-01
0.800000,0.212500,4.741633e-01
0.812500,0.212500,4.768663e-01
0.825000,0.212500,4.786086e-01
0.837500,0.212500,4.786944e-01
0.850000,0.212500,4.769484e-01
0.862500,0.212500,4.732009e-01
0.875000,0.212500,4.665066e-01
0.887500,0.212500,4.566193e-01
0.900000,0.212500,4.424216e-01
0.912500,0.212500,4.232176e-01
0.925000,0.212500,3.976651e-01
0.937500,0.212500,3.642925e-01
0.950000,0.212500,3.213163e-01
0.962500,0.212500,2.664904e-01
0.975000,0.212500,1.970426e-01
0.987500,0.212500,1.096254e-01
1.000000,0.212500,0.000000e+00
0.000000,0.225000,0.000000e+00
0.012500,0.225000,8.087031e-03
0.025000,0.225000,1.617577e-02
0.037500,0.225000,2.426623e-02
0.050000,0.225000,3.235840e-02
0.062500,0.225000,4.045229e-02
0.075000,0.225000,4.854788e-02
0.087500,0.225000,5.664519e-02
0.100000,0.225000,6.474422e-02
0.112500,0.225000,7.284495e-02
0.125000,0.225000,8.094740e-02
0.137500,0.225000,8.905157e-02
0.150000,0.225000,9.715744e-02
0.162500,0.225000,1.052650e-01
0.175000,0.225000,1.133743e-01
0.187500,0.225000,1.214854e-01
0.200000,0.225000,1.295981e-01
0.212500,0.225000,1.377125e-01
0.225000,0.225000,1.458287e-01
0.237500,0.225000,1.539466e-01
0.250000,0.225000,1.620661e-01
0.262500,0.225000,1.701874e-01
0.275000,0.225000,1.783104e-01
0.287500,0.225000,1.864352e-01
0.300000,0.225000,1.945616e-01
0.312500,0.225000,2.026897e-01
0.325000,0.225000,2.108196e-01
0.337500,0.225000,2.189512e-01
0.350000,0.225000,2.270845e-01
0.362500,0.225000,2.352195e-01
0.375000,0.225000,2.433562e-01
0.387500,0.225000,2.514946e-01
0.400000,0.225000,2.596348e-01
0.412500,0.225000,2.677766e-01
0.425000,0.225000,2.759202e-01
0.437500,0.225000,2.840655e-01
0.450000,0.225000,2.922125e-01
0.462500,0.225000,3.003612e-01
0.475000,0.225000,3.085116e-01
0.487500,0.225000,3.166528e-01
0.500000,0.225000,3.247682e-01
0.512500,0.225000,3.328574e-01
0.525000,0.225000,3.409204e-01
0.537500,0.225000,3.489574e-01
0.550000,0.225000,3.569682e-01
0.562500,0.225000,3.649530e-01
0.575000,0.225000,3.729116e-01
0.587500,0.225000,3.808440e-01
0.600000,0.225000,3.887504e-01
0.612500,0.225000,3.966307e-01
0.625000,0.225000,4.044848e-01
0.637500,0.225000,4.123128e-01
0.650000,0.225000,4.201147e-01
0.662500,0.225000,4.278905e-01
0.675000,0.225000,4.356401e-01
0.687500,0.225000,4.433188e-01
0.700000,0.225000,4.507278e-01
0.712500,0.225000,4.578434e-01
0.725000,0.225000,4.646655e-01
0.737500,0.225000,4.711942e-01
0.750000,0.225000,4.774295e-01
0.762500,0.225000,4.833714e-01
0.775000,0.225000,4.889318e-01
0.787500,0.225000,4.936320e-01
0.800000,0.225000,4.973998e-01
0.812500,0.225000,5.002353e-01
0.825000,0.225000,5.020630e-01
0.837500,0.225000,5.021529e-01
0.850000,0.225000,5.003214e-01
0.862500,0.225000,4.963903e-01
0.875000,0.225000,4.893679e-01
0.887500,0.225000,4.789960e-01
0.900000,0.225000,4.641025e-01
0.912500,0.225000,4.439575e-01
0.925000,0.225000,4.171527e-01
0.937500,0.225000,3.821447e-01
0.950000,0.225000,3.370625e-01
0.962500,0.225000,2.795499e-01
0.975000,0.225000,2.066987e-01
0.987500,0.225000,1.149977e-01
1.000000,0.225000,0.000000e+00
0.000000,0.237500,0.000000e+00
0.012500,0.237500,8.453288e-03
0.025000,0.237500,1.690837e-02
0.037500,0.237500,2.536524e-02
0.050000,0.237500,3.382390e-02
0.062500,0.237500,4.228435e-02
0.075000,0.237500,5.074659e-02
0.087500,0.237500,5.921062e-02
0.100000,0.237500,6.767645e-02
0.112500,0.237500,7.614406e-02
0.125000,0.237500,8.461347e-02
0.137500,0.237500,9.308467e-02
0.150000,0.237500,1.015577e-01
0.162500,0.237500,1.100324e-01
0.175000,0.237500,1.185090e-01
0.187500,0.237500,1.269874e-01
0.200000,0.237500,1.354675e-01
0.212500,0.237500,1.439495e-01
0.225000,0.237500,1.524332e-01
0.237500,0.237500,1.609187e-01
0.250000,0.237500,1.694060e-01
0.262500,0.237500,1.778951e-01
0.275000,0.237500,1.863860e-01
0.287500,0.237500,1.948787e-01
0.300000,0.237500,2.033732e-01
0.312500,0.237500,2.118695e-01
0.325000,0.237500,2.203675e-01
0.337500,0.237500,2.288674e-01
0.350000,0.237500,2.373690e-01
0.362500,0.237500,2.458725e-01
0.375000,0.237500,2.543777e-01
0.387500,0.237500,2.628847e-01
0.400000,0.237500,2.713935e-01
0.412500,0.237500,2.799041e-01
0.425000,0.237500,2.884165e-01
0.437500,0.237500,2.969307e-01
0.450000,0.237500,3.054467e-01
0.462500,0.237500,3.139644e-01
0.475000,0.237500,3.224840e-01
0.487500,0.237500,3.309940e-01
0.500000,0.237500,3.394768e-01
0.512500,0.237500,3.479324e-01
0.525000,0.237500,3.563606e-01
0.537500,0.237500,3.647616e-01
0.550000,0.237500,3.731352e-01
0.562500,0.237500,3.814816e-01
0.575000,0.237500,3.898006e-01
0.587500,0.237500,3.980924e-01
0.600000,0.237500,4.063568e-01
0.612500,0.237500,4.145940e-01
0.625000,0.237500,4.228038e-01
0.637500,0.237500,4.309864e-01
0.650000,0.237500,4.391416e-01
0.662500,0.237500,4.472696e-01
0.675000,0.237500,4.553702e-01
0.687500,0.237500,4.633967e-01
0.700000,0.237500,4.711412e-01
0.712500,0.237500,4.785791e-01
0.725000,0.237500,4.857102e-01
0.737500,0.237500,4.925346e-01
0.750000,0.237500,4.990523e-01
0.762500,0.237500,5.052633e-01
0.775000,0.237500,5.110755e-01
0.787500,0.237500,5.159886e-01
0.800000,0.237500,5.199270e-01
0.812500,0.237500,5.228909e-01
0.825000,0.237500,5.248014e-01
0.837500,0.237500,5.248954e-01
0.850000,0.237500,5.229809e-01
0.862500,0.237500,5.188718e-01
0.875000,0.237500,5.115314e-01
0.887500,0.237500,5.006897e-01
0.900000,0.237500,4.851217e-01
0.912500,0.237500,4.640644e-01
0.925000,0.237500,4.360456e-01
0.937500,0.237500,3.994520e-01
0.950000,0.237500,3.523281e-01
0.962500,0.237500,2.922107e-01
0.975000,0.237500,2.160601e-01
0.987500,0.237500,1.202059e-01
1.000000,0.237500,0.000000e+00
0.000000,0.250000,0.000000e+00
0.012500,0.250000,8.806120e-03
0.025000,0.250000,1.761411e-02
0.037500,0.250000,2.642396e-02
0.050000,0.250000,3.523567e-02
0.062500,0.250000,4.404926e-02
0.075000,0.250000,5.286471e-02
0.087500,0.250000,6.168202e-02
0.100000,0.250000,7.050120e-02
0.112500,0.250000,7.932225e-02
0.125000,0.250000,8.814516e-02
0.137500,0.250000,9.696994e-02
0.150000,0.250000,1.057966e-01
0.162500,0.250000,1.146251e-01
0.175000,0.250000,1.234555e-01
0.187500,0.250000,1.322877e-01
0.200000,0.250000,1.411218e-01
0.212500,0.250000,1.499578e-01
0.225000,0.250000,1.587956e-01
0.237500,0.250000,1.676353e-01
0.250000,0.250000,1.764769e-01
0.262500,0.250000,1.853203e-01
0.275000,0.250000,1.941656e-01
0.287500,0.250000,2.030128e-01
0.300000,0.250000,2.118618e-01
0.312500,0.250000,2.207127e-01
0.325000,0.250000,2.295655e-01
0.337500,0.250000,2.384201e-01
0.350000,0.250000,2.472766e-01
0.362500,0.250000,2.561350e-01
0.375000,0.250000,2.649952e-01
0.387500,0.250000,2.738573e-01
0.400000,0.250000,2.827213e-01
0.412500,0.250000,2.915871e-01
0.425000,0.250000,3.004548e-01
0.437500,0.250000,3.093244e-01
0.450000,0.250000,3.181958e-01
0.462500,0.250000,3.270691e-01
0.475000,0.250000,3.359442e-01
0.487500,0.250000,3.448094e-01
0.500000,0.250000,3.536463e-01
0.512500,0.250000,3.624548e-01
0.525000,0.250000,3.712349e-01
0.537500,0.250000,3.799865e-01
0.550000,0.250000,3.887097e-01
0.562500,0.250000,3.974044e-01
0.575000,0.250000,4.060707e-01
0.587500,0.250000,4.147085e-01
0.600000,0.250000,4.233179e-01
0.612500,0.250000,4.318989e-01
0.625000,0.250000,4.404514e-01
0.637500,0.250000,4.489755e-01
0.650000,0.250000,4.574711e-01
0.662500,0.250000,4.659383e-01
0.675000,0.250000,4.743771e-01
0.687500,0.250000,4.827386e-01
0.700000,0.250000,4.908064e-01
0.712500,0.250000,4.985547e-01
0.725000,0.250000,5.059835e-01
0.737500,0.250000,5.130927e-01
0.750000,0.250000,5.198824e-01
0.762500,0.250000,5.263527e-01
0.775000,0.250000,5.324075e-01
0.787500,0.250000,5.375257e-01
0.800000,0.250000,5.416285e-01
0.812500,0.250000,5.447161e-01
0.825000,0.250000,5.467063e-01
0.837500,0.250000,5.468042e-01
0.850000,0.250000,5.448099e-01
0.862500,0.250000,5.405292e-01
0.875000,0.250000,5.328824e-01
0.887500,0.250000,5.215883e-01
0.900000,0.250000,5.053705e-01
0.912500,0.250000,4.834342e-01
0.925000,0.250000,4.542459e-01
0.937500,0.250000,4.161250e-01
0.950000,0.250000,3.670341e-01
0.962500,0.250000,3.044074e-01
0.975000,0.250000,2.250784e-01
0.987500,0.250000,1.252233e-01
1.000000,0.250000,0.000000e+00
0.000000,0.262500,0.000000e+00
0.012500,0.262500,9.144738e-03
0.025000,0.262500,1.829141e-02
0.037500,0.262500,2.744003e-02
0.050000,0.262500,3.659058e-02
0.062500,0.262500,4.574307e-02
0.075000,0.262500,5.489750e-02
0.087500,0.262500,6.405386e-02
0.100000,0.262500,7.321216e-02
0.112500,0.262500,8.237240e-02
0.125000,0.262500,9.153458e-02
0.137500,0.262500,1.006987e-01
0.150000,0.262500,1.098647e-01
0.162500,0.262500,1.190327e-01
0.175000,0.262500,1.282027e-01
0.187500,0.262500,1.373745e-01
0.200000,0.262500,1.465483e-01
0.212500,0.262500,1.557241e-01
0.225000,0.262500,1.649018e-01
0.237500,0.262500,1.740814e-01
0.250000,0.262500,1.832629e-01
0.262500,0.262500,1.924464e-01
0.275000,0.262500,2.016319e-01
0.287500,0.262500,2.108192e-01
0.300000,0.262500,2.200085e-01
0.312500,0.262500,2.291998e-01
0.325000,0.262500,2.383930e-01
0.337500,0.262500,2.475881e-01
0.350000,0.262500,2.567851e-01
0.362500,0.262500,2.659841e-01
0.375000,0.262500,2.751851e-01
0.387500,0.262500,2.843879e-01
0.400000,0.262500,2.935927e-01
0.412500,0.262500,3.027995e-01
0.425000,0.262500,3.120082e-01
0.437500,0.262500,3.212188e-01
0.450000,0.262500,3.304313e-01
0.462500,0.262500,3.396458e-01
0.475000,0.262500,3.488623e-01
0.487500,0.262500,3.580683e-01
0.500000,0.262500,3.672451e-01
0.512500,0.262500,3.763923e-01
0.525000,0.262500,3.855100e-01
0.537500,0.262500,3.945981e-01
0.550000,0.262500,4.036567e-01
0.562500,0.262500,4.126858e-01
0.575000,0.262500,4.216853e-01
0.587500,0.262500,4.306553e-01
0.600000,0.262500,4.395958e-01
0.612500,0.262500,4.485067e-01
0.625000,0.262500,4.573881e-01
0.637500,0.262500,4.662399e-01
0.650000,0.262500,4.750623e-01
0.662500,0.262500,4.838551e-01
0.675000,0.262500,4.926183e-01
0.687500,0.262500,5.013014e-01
0.700000,0.262500,5.096794e-01
0.712500,0.262500,5.177256e-01
0.725000,0.262500,5.254401e-01
0.737500,0.262500,5.328227e-01
0.750000,0.262500,5.398735e-01
0.762500,0.262500,5.465925e-01
0.775000,0.262500,5.528802e-01
0.787500,0.262500,5.581952e-01
0.800000,0.262500,5.624558e-01
0.812500,0.262500,5.656621e-01
0.825000,0.262500,5.677288e-01
0.837500,0.262500,5.678305e-01
0.850000,0.262500,5.657595e-01
0.862500,0.262500,5.613142e-01
0.875000,0.262500,5.533734e-01
0.887500,0.262500,5.416450e-01
0.900000,0.262500,5.248035e-01
0.912500,0.262500,5.020237e-01
0.925000,0.262500,4.717131e-01
0.937500,0.262500,4.321263e-01
0.950000,0.262500,3.811477e-01
0.962500,0.262500,3.161128e-01
0.975000,0.262500,2.337333e-01
0.987500,0.262500,1.300385e-01
1.000000,0.262500,0.000000e+00
0.000000,0.275000,0.000000e+00
0.012500,0.275000,9.469143e-03
0.025000,0.275000,1.894029e-02
0.037500,0.275000,2.841345e-02
0.050000,0.275000,3.788861e-02
0.062500,0.275000,4.736578e-02
0.075000,0.275000,5.684496e-02
0.087500,0.275000,6.632614e-02
0.100000,0.275000,7.580933e-02
0.112500,0.275000,8.529453e-02
0.125000,0.275000,9.478173e-02
0.137500,0.275000,1.042709e-01
0.150000,0.275000,1.137622e-01
0.162500,0.275000,1.232554e-01
0.175000,0.275000,1.327506e-01
0.187500,0.275000,1.422478e-01
0.200000,0.275000,1.517471e-01
0.212500,0.275000,1.612483e-01
0.225000,0.275000,1.707516e-01
0.237500,0.275000,1.802569e-01
0.250000,0.275000,1.897641e-01
0.262500,0.275000,1.992734e-01
0.275000,0.275000,2.087847e-01
0.287500,0.275000,2.182980e-01
0.300000,0.275000,2.278133e-01
0.312500,0.275000,2.373306e-01
0.325000,0.275000,2.468499e-01
0.337500,0.275000,2.563712e-01
0.350000,0.275000,2.658945e-01
0.362500,0.275000,2.754198e-01
0.375000,0.275000,2.849472e-01
0.387500,0.275000,2.944765e-01
0.400000,0.275000,3.040079e-01
0.412500,0.275000,3.135412e-01
0.425000,0.275000,3.230766e-01
0.437500,0.275000,3.326139e-01
0.450000,0.275000,3.421533e-01
0.462500,0.275000,3.516947e-01
0.475000,0.275000,3.612381e-01
0.487500,0.275000,3.707707e-01
0.500000,0.275000,3.802730e-01
0.512500,0.275000,3.897447e-01
0.525000,0.275000,3.991858e-01
0.537500,0.275000,4.085964e-01
0.550000,0.275000,4.179763e-01
0.562500,0.275000,4.273257e-01
0.575000,0.275000,4.366445e-01
0.587500,0.275000,4.459327e-01
0.600000,0.275000,4.551904e-01
0.612500,0.275000,4.644174e-01
0.625000,0.275000,4.736139e-01
0.637500,0.275000,4.827797e-01
0.650000,0.275000,4.919150e-01
0.662500,0.275000,5.010198e-01
0.675000,0.275000,5.100939e-01
0.687500,0.275000,5.190850e-01
0.700000,0.275000,5.277602e-01
0.712500,0.275000,5.360919e-01
0.725000,0.275000,5.440800e-01
0.737500,0.275000,5.517245e-01
0.750000,0.275000,5.590255e-01
0.762500,0.275000,5.659829e-01
0.775000,0.275000,5.724936e-01
0.787500,0.275000,5.779971e-01
0.800000,0.275000,5.824089e-01
0.812500,0.275000,5.857289e-01
0.825000,0.275000,5.878690e-01
0.837500,0.275000,5.879743e-01
0.850000,0.275000,5.858298e-01
0.862500,0.275000,5.812268e-01
0.875000,0.275000,5.730043e-01
0.887500,0.275000,5.608598e-01
0.900000,0.275000,5.434209e-01
0.912500,0.275000,5.198330e-01
0.925000,0.275000,4.884471e-01
0.937500,0.275000,4.474559e-01
0.950000,0.275000,3.946689e-01
0.962500,0.275000,3.273269e-01
0.975000,0.275000,2.420250e-01
0.987500,0.275000,1.346516e-01
1.000000,0.275000,0.000000e+00
0.000000,0.287500,0.000000e+00
0.012500,0.287500,9.779335e-03
0.025000,0.287500,1.956074e-02
0.037500,0.287500,2.934422e-02
0.050000,0.287500,3.912978e-02
0.062500,0.287500,4.891740e-02
0.075000,0.287500,5.870710e-02
0.087500,0.287500,6.849887e-02
0.100000,0.287500,7.829271e-02
0.112500,0.287500,8.808863e-02
0.125000,0.287500,9.788661e-02
0.137500,0.287500,1.076867e-01
0.150000,0.287500,1.174888e-01
0.162500,0.287500,1.272930e-01
0.175000,0.287500,1.370993e-01
0.187500,0.287500,1.469076e-01
0.200000,0.287500,1.567181e-01
0.212500,0.287500,1.665306e-01
0.225000,0.287500,1.763451e-01
0.237500,0.287500,1.861618e-01
0.250000,0.287500,1.959805e-01
0.262500,0.287500,2.058013e-01
0.275000,0.287500,2.156241e-01
0.287500,0.287500,2.254490e-01
0.300000,0.287500,2.352761e-01
0.312500,0.287500,2.451051e-01
0.325000,0.287500,2.549363e-01
0.337500,0.287500,2.647695e-01
0.350000,0.287500,2.746048e-01
0.362500,0.287500,2.844421e-01
0.375000,0.287500,2.942816e-01
0.387500,0.287500,3.041231e-01
0.400000,0.287500,3.139667e-01
0.412500,0.287500,3.238123e-01
0.425000,0.287500,3.336601e-01
0.437500,0.287500,3.435099e-01
0.450000,0.287500,3.533617e-01
0.462500,0.287500,3.632157e-01
0.475000,0.287500,3.730717e-01
0.487500,0.287500,3.829166e-01
0.500000,0.287500,3.927302e-01
0.512500,0.287500,4.025122e-01
0.525000,0.287500,4.122626e-01
0.537500,0.287500,4.219814e-01
0.550000,0.287500,4.316686e-01
0.562500,0.287500,4.413243e-01
0.575000,0.287500,4.509483e-01
0.587500,0.287500,4.605408e-01
0.600000,0.287500,4.701017e-01
0.612500,0.287500,4.796310e-01
0.625000,0.287500,4.891288e-01
0.637500,0.287500,4.985949e-01
0.650000,0.287500,5.080295e-01
0.662500,0.287500,5.174324e-01
0.675000,0.287500,5.268038e-01
0.687500,0.287500,5.360895e-01
0.700000,0.287500,5.450489e-01
0.712500,0.287500,5.536535e-01
0.725000,0.287500,5.619033e-01
0.737500,0.287500,5.697983e-01
0.750000,0.287500,5.773384e-01
0.762500,0.287500,5.845237e-01
0.775000,0.287500,5.912477e-01
0.787500,0.287500,5.969315e-01
0.800000,0.287500,6.014878e-01
0.812500,0.287500,6.049166e-01
0.825000,0.287500,6.071268e-01
0.837500,0.287500,6.072355e-01
0.850000,0.287500,6.050207e-01
0.862500,0.287500,6.002670e-01
0.875000,0.287500,5.917751e-01
0.887500,0.287500,5.792328e-01
0.900000,0.287500,5.612226e-01
0.912500,0.287500,5.368620e-01
0.925000,0.287500,5.044479e-01
0.937500,0.287500,4.621140e-01
0.950000,0.287500,4.075977e-01
0.962500,0.287500,3.380497e-01
0.975000,0.287500,2.499534e-01
0.987500,0.287500,1.390626e-01
1.000000,0.287500,0.000000e+00
0.000000,0.300000,0.000000e+00
0.012500,0.300000,1.007500e-02
0.025000,0.300000,2.015214e-02
0.037500,0.300000,3.023141e-02
0.050000,0.300000,4.031281e-02
0.062500,0.300000,5.039635e-02
0.075000,0.300000,6.048203e-02
0.087500,0.300000,7.056984e-02
0.100000,0.300000,8.065979e-02
0.112500,0.300000,9.075187e-02
0.125000,0.300000,1.008461e-01
0.137500,0.300000,1.109424e-01
0.150000,0.300000,1.210409e-01
0.162500,0.300000,1.311416e-01
0.175000,0.300000,1.412443e-01
0.187500,0.300000,1.513492e-01
0.200000,0.300000,1.614562e-01
0.212500,0.300000,1.715654e-01
0.225000,0.300000,1.816767e-01
0.237500,0.300000,1.917901e-01
0.250000,0.300000,2.019057e-01
0.262500,0.300000,2.120234e-01
0.275000,0.300000,2.221433e-01
0.287500,0.300000,2.322652e-01
0.300000,0.300000,2.423893e-01
0.312500,0.300000,2.525156e-01
0.325000,0.300000,2.626440e-01
0.337500,0.300000,2.727745e-01
0.350000,0.300000,2.829071e-01
0.362500,0.300000,2.930419e-01
0.375000,0.300000,3.031789e-01
0.387500,0.300000,3.133179e-01
0.400000,0.300000,3.234591e-01
0.412500,0.300000,3.336024e-01
0.425000,0.300000,3.437479e-01
0.437500,0.300000,3.538955e-01
0.450000,0.300000,3.640452e-01
0.462500,0.300000,3.741971e-01
0.475000,0.300000,3.843511e-01
0.487500,0.300000,3.944937e-01
0.500000,0.300000,4.046040e-01
0.512500,0.300000,4.146817e-01
0.525000,0.300000,4.247269e-01
0.537500,0.300000,4.347396e-01
0.550000,0.300000,4.447197e-01
0.562500,0.300000,4.546673e-01
0.575000,0.300000,4.645823e-01
0.587500,0.300000,4.744648e-01
0.600000,0.300000,4.843148e-01
0.612500,0.300000,4.941322e-01
0.625000,0.300000,5.039171e-01
0.637500,0.300000,5.136694e-01
0.650000,0.300000,5.233892e-01
0.662500,0.300000,5.330765e-01
0.675000,0.300000,5.427312e-01
0.687500,0.300000,5.522976e-01
0.700000,0.300000,5.615279e-01
0.712500,0.300000,5.703927e-01
0.725000,0.300000,5.788919e-01
0.737500,0.300000,5.870256e-01
0.750000,0.300000,5.947937e-01
0.762500,0.300000,6.021962e-01
0.775000,0.300000,6.091235e-01
0.787500,0.300000,6.149792e-01
0.800000,0.300000,6.196732e-01
0.812500,0.300000,6.232057e-01
0.825000,0.300000,6.254827e-01
0.837500,0.300000,6.255947e-01
0.850000,0.300000,6.233130e-01
0.862500,0.300000,6.184155e-01
0.875000,0.300000,6.096669e-01
0.887500,0.300000,5.967453e-01
0.900000,0.300000,5.781906e-01
0.912500,0.300000,5.530935e-01
0.925000,0.300000,5.196994e-01
0.937500,0.300000,4.760855e-01
0.950000,0.300000,4.199210e-01
0.962500,0.300000,3.482703e-01
0.975000,0.300000,2.575105e-01
0.987500,0.300000,1.432670e-01
1.000000,0.300000,0.000000e+00
0.000000,0.312500,0.000000e+00
0.012500,0.312500,1.035460e-02
0.025000,0.312500,2.071140e-02
0.037500,0.312500,3.107040e-02
0.050000,0.312500,4.143159e-02
0.062500,0.312500,5.179497e-02
0.075000,0.312500,6.216055e-02
0.087500,0.312500,7.252832e-02
0.100000,0.312500,8.289829e-02
0.112500,0.312500,9.327045e-02
0.125000,0.312500,1.036448e-01
0.137500,0.312500,1.140214e-01
0.150000,0.312500,1.244001e-01
0.162500,0.312500,1.347810e-01
0.175000,0.312500,1.451642e-01
0.187500,0.312500,1.555495e-01
0.200000,0.312500,1.659370e-01
0.212500,0.312500,1.763268e-01
0.225000,0.312500,1.867187e-01
0.237500,0.312500,1.971128e-01
0.250000,0.312500,2.075091e-01
0.262500,0.312500,2.179076e-01
0.275000,0.312500,2.283083e-01
0.287500,0.312500,2.387112e-01
0.300000,0.312500,2.491162e-01
0.312500,0.312500,2.595235e-01
0.325000,0.312500,2.699330e-01
0.337500,0.312500,2.803447e-01
0.350000,0.312500,2.907585e-01
0.362500,0.312500,3.011746e-01
0.375000,0.312500,3.115928e-01
0.387500,0.312500,3.220133e-01
0.400000,0.312500,3.324359e-01
0.412500,0.312500,3.428608e-01
0.425000,0.312500,3.532878e-01
0.437500,0.312500,3.637170e-01
0.450000,0.312500,3.741484e-01
0.462500,0.312500,3.845820e-01
0.475000,0.312500,3.950178e-01
0.487500,0.312500,4.054419e-01
0.500000,0.312500,4.158328e-01
0.512500,0.312500,4.261902e-01
0.525000,0.312500,4.365142e-01
0.537500,0.312500,4.468047e-01
0.550000,0.312500,4.570618e-01
0.562500,0.312500,4.672855e-01
0.575000,0.312500,4.774757e-01
0.587500,0.312500,4.876324e-01
0.600000,0.312500,4.977558e-01
0.612500,0.312500,5.078457e-01
0.625000,0.312500,5.179021e-01
0.637500,0.312500,5.279251e-01
0.650000,0.312500,5.379147e-01
0.662500,0.312500,5.478708e-01
0.675000,0.312500,5.577935e-01
0.687500,0.312500,5.676253e-01
0.700000,0.312500,5.771118e-01
0.712500,0.312500,5.862226e-01
0.725000,0.312500,5.949577e-01
0.737500,0.312500,6.033171e-01
0.750000,0.312500,6.113008e-01
0.762500,0.312500,6.189088e-01
0.775000,0.312500,6.260284e-01
0.787500,0.312500,6.320465e-01
0.800000,0.312500,6.368708e-01
0.812500,0.312500,6.405013e-01
0.825000,0.312500,6.428415e-01
0.837500,0.312500,6.429566e-01
0.850000,0.312500,6.406116e-01
0.862500,0.312500,6.355782e-01
0.875000,0.312500,6.265868e-01
0.887500,0.312500,6.133066e-01
0.900000,0.312500,5.942370e-01
0.912500,0.312500,5.684433e-01
0.925000,0.312500,5.341225e-01
0.937500,0.312500,4.892982e-01
0.950000,0.312500,4.315749e-01
0.962500,0.312500,3.579357e-01
0.975000,0.312500,2.646571e-01
0.987500,0.312500,1.472430e-01
1.000000,0.312500,0.000000e+00
0.000000,0.325000,0.000000e+00
0.012500,0.325000,1.061794e-02
0.025000,0.325000,2.123814e-02
0.037500,0.325000,3.186058e-02
0.050000,0.325000,4.248528e-02
0.062500,0.325000,5.311223e-02
0.075000,0.325000,6.374142e-02
0.087500,0.325000,7.437287e-02
0.100000,0.325000,8.500657e-02
0.112500,0.325000,9.564252e-02
0.125000,0.325000,1.062807e-01
0.137500,0.325000,1.169212e-01
0.150000,0.325000,1.275639e-01
0.162500,0.325000,1.382088e-01
0.175000,0.325000,1.488560e-01
0.187500,0.325000,1.595055e-01
0.200000,0.325000,1.701572e-01
0.212500,0.325000,1.808111e-01
0.225000,0.325000,1.914673e-01
0.237500,0.325000,2.021258e-01
0.250000,0.325000,2.127865e-01
0.262500,0.325000,2.234495e-01
0.275000,0.325000,2.341147e-01
0.287500,0.325000,2.447821e-01
0.300000,0.325000,2.554518e-01
0.312500,0.325000,2.661238e-01
0.325000,0.325000,2.767980e-01
0.337500,0.325000,2.874745e-01
0.350000,0.325000,2.981532e-01
0.362500,0.325000,3.088341e-01
0.375000,0.325000,3.195173e-01
0.387500,0.325000,3.302028e-01
0.400000,0.325000,3.408905e-01
0.412500,0.325000,3.515805e-01
0.425000,0.325000,3.622727e-01
0.437500,0.325000,3.729672e-01
0.450000,0.325000,3.836639e-01
0.462500,0.325000,3.943628e-01
0.475000,0.325000,4.050641e-01
0.487500,0.325000,4.157532e-01
0.500000,0.325000,4.264084e-01
0.512500,0.325000,4.370292e-01
0.525000,0.325000,4.476157e-01
0.537500,0.325000,4.581680e-01
0.550000,0.325000,4.686859e-01
0.562500,0.325000,4.791696e-01
0.575000,0.325000,4.896190e-01
0.587500,0.325000,5.000341e-01
0.600000,0.325000,5.104149e-01
0.612500,0.325000,5.207614e-01
0.625000,0.325000,5.310736e-01
0.637500,0.325000,5.413515e-01
0.650000,0.325000,5.515951e-01
0.662500,0.325000,5.618044e-01
0.675000,0.325000,5.719795e-01
0.687500,0.325000,5.820614e-01
0.700000,0.325000,5.917891e-01
0.712500,0.325000,6.011316e-01
0.725000,0.325000,6.100889e-01
0.737500,0.325000,6.186609e-01
0.750000,0.325000,6.268476e-01
0.762500,0.325000,6.346491e-01
0.775000,0.325000,6.419498e-01
0.787500,0.325000,6.481209e-01
0.800000,0.325000,6.530680e-01
0.812500,0.325000,6.567908e-01
0.825000,0.325000,6.591905e-01
0.837500,0.325000,6.593086e-01
0.850000,0.325000,6.569039e-01
0.862500,0.325000,6.517425e-01
0.875000,0.325000,6.425224e-01
0.887500,0.325000,6.289045e-01
0.900000,0.325000,6.093499e-01
0.912500,0.325000,5.829002e-01
0.925000,0.325000,5.477065e-01
0.937500,0.325000,5.017422e-01
0.950000,0.325000,4.425509e-01
0.962500,0.325000,3.670389e-01
0.975000,0.325000,2.713880e-01
0.987500,0.325000,1.509878e-01
1.000000,0.325000,0.000000e+00
0.000000,0.337500,0.000000e+00
0.012500,0.337500,1.086502e-02
0.025000,0.337500,2.173234e-02
0.037500,0.337500,3.260197e-02
0.050000,0.337500,4.347389e-02
0.062500,0.337500,5.434812e-02
0.075000,0.337500,6.522466e-02
0.087500,0.337500,7.610349e-02
0.100000,0.337500,8.698463e-02
0.112500,0.337500,9.786808e-02
0.125000,0.337500,1.087538e-01
0.137500,0.337500,1.196419e-01
0.150000,0.337500,1.305322e-01
0.162500,0.337500,1.414249e-01
0.175000,0.337500,1.523198e-01
0.187500,0.337500,1.632171e-01
0.200000,0.337500,1.741167e-01
0.212500,0.337500,1.850185e-01
0.225000,0.337500,1.959227e-01
0.237500,0.337500,2.068292e-01
0.250000,0.337500,2.177380e-01
0.262500,0.337500,2.286490e-01
0.275000,0.337500,2.395624e-01
0.287500,0.337500,2.504781e-01
0.300000,0.337500,2.613961e-01
0.312500,0.337500,2.723164e-01
0.325000,0.337500,2.832390e-01
0.337500,0.337500,2.941639e-01
0.350000,0.337500,3.050911e-01
0.362500,0.337500,3.160206e-01
0.375000,0.337500,3.269524e-01
0.387500,0.337500,3.378865e-01
0.400000,0.337500,3.488229e-01
0.412500,0.337500,3.597616e-01
0.425000,0.337500,3.707026e-01
0.437500,0.337500,3.816460e-01
0.450000,0.337500,3.925916e-01
0.462500,0.337500,4.035395e-01
0.475000,0.337500,4.144897e-01
0.487500,0.337500,4.254277e-01
0.500000,0.337500,4.363307e-01
0.512500,0.337500,4.471987e-01
0.525000,0.337500,4.580316e-01
0.537500,0.337500,4.688294e-01
0.550000,0.337500,4.795921e-01
0.562500,0.337500,4.903197e-01
0.575000,0.337500,5.010123e-01
0.587500,0.337500,5.116697e-01
0.600000,0.337500,5.222921e-01
0.612500,0.337500,5.328793e-01
0.625000,0.337500,5.434315e-01
0.637500,0.337500,5.539486e-01
0.650000,0.337500,5.644306e-01
0.662500,0.337500,5.748775e-01
0.675000,0.337500,5.852893e-01
0.687500,0.337500,5.956058e-01
0.700000,0.337500,6.055599e-01
0.712500,0.337500,6.151198e-01
0.725000,0.337500,6.242855e-01
0.737500,0.337500,6.330569e-01
0.750000,0.337500,6.414342e-01
0.762500,0.337500,6.494172e-01
0.775000,0.337500,6.568877e-01
0.787500,0.337500,6.632025e-01
0.800000,0.337500,6.682647e-01
0.812500,0.337500,6.720742e-01
0.825000,0.337500,6.745297e-01
0.837500,0.337500,6.746505e-01
0.850000,0.337500,6.721898e-01
0.862500,0.337500,6.669083e-01
0.875000,0.337500,6.574737e-01
0.887500,0.337500,6.435389e-01
0.900000,0.337500,6.235293e-01
0.912500,0.337500,5.964641e-01
0.925000,0.337500,5.604515e-01
0.937500,0.337500,5.134176e-01
0.950000,0.337500,4.528489e-01
0.962500,0.337500,3.755798e-01
0.975000,0.337500,2.777031e-01
0.987500,0.337500,1.545012e-01
1.000000,0.337500,0.000000e+00
0.000000,0.350000,0.000000e+00
0.012500,0.350000,1.109581e-02
0.025000,0.350000,2.219397e-02
0.037500,0.350000,3.329448e-02
0.050000,0.350000,4.439734e-02
0.062500,0.350000,5.550256e-02
0.075000,0.350000,6.661013e-02
0.087500,0.350000,7.772005e-02
0.100000,0.350000,8.883232e-02
0.112500,0.350000,9.994694e-02
0.125000,0.350000,1.110639e-01
0.137500,0.350000,1.221832e-01
0.150000,0.350000,1.333049e-01
0.162500,0.350000,1.444290e-01
0.175000,0.350000,1.555553e-01
0.187500,0.350000,1.666841e-01
0.200000,0.350000,1.778152e-01
0.212500,0.350000,1.889486e-01
0.225000,0.350000,2.000844e-01
0.237500,0.350000,2.112225e-01
0.250000,0.350000,2.223630e-01
0.262500,0.350000,2.335059e-01
0.275000,0.350000,2.446511e-01
0.287500,0.350000,2.557986e-01
0.300000,0.350000,2.669485e-01
0.312500,0.350000,2.781008e-01
0.325000,0.350000,2.892554e-01
0.337500,0.350000,3.004124e-01
0.350000,0.350000,3.115717e-01
0.362500,0.350000,3.227333e-01
0.375000,0.350000,3.338974e-01
0.387500,0.350000,3.450637e-01
0.400000,0.350000,3.562325e-01
0.412500,0.350000,3.674035e-01
0.425000,0.350000,3.785769e-01
0.437500,0.350000,3.897527e-01
0.450000,0.350000,4.009309e-01
0.462500,0.350000,4.121113e-01
0.475000,0.350000,4.232942e-01
0.487500,0.350000,4.344644e-01
0.500000,0.350000,4.455991e-01
0.512500,0.350000,4.566979e-01
0.525000,0.350000,4.677609e-01
0.537500,0.350000,4.787881e-01
0.550000,0.350000,4.897794e-01
0.562500,0.350000,5.007349e-01
0.575000,0.350000,5.116546e-01
0.587500,0.350000,5.225384e-01
0.600000,0.350000,5.333864e-01
0.612500,0.350000,5.441985e-01
0.625000,0.350000,5.549748e-01
0.637500,0.350000,5.657153e-01
0.650000,0.350000,5.764200e-01
0.662500,0.350000,5.870888e-01
0.675000,0.350000,5.977218e-01
0.687500,0.350000,6.082574e-01
0.700000,0.350000,6.184230e-01
0.712500,0.350000,6.281859e-01
0.725000,0.350000,6.375463e-01
0.737500,0.350000,6.465041e-01
0.750000,0.350000,6.550593e-01
0.762500,0.350000,6.632119e-01
0.775000,0.350000,6.708411e-01
0.787500,0.350000,6.772900e-01
0.800000,0.350000,6.824597e-01
0.812500,0.350000,6.863501e-01
0.825000,0.350000,6.888578e-01
0.837500,0.350000,6.889812e-01
0.850000,0.350000,6.864683e-01
0.862500,0.350000,6.810746e-01
0.875000,0.350000,6.714395e-01
0.887500,0.350000,6.572088e-01
0.900000,0.350000,6.367741e-01
0.912500,0.350000,6.091340e-01
0.925000,0.350000,5.723564e-01
0.937500,0.350000,5.243235e-01
0.950000,0.350000,4.624682e-01
0.962500,0.350000,3.835577e-01
0.975000,0.350000,2.836020e-01
0.987500,0.350000,1.577831e-01
1.000000,0.350000,0.000000e+00
0.000000,0.362500,0.000000e+00
0.012500,0.362500,1.130937e-02
0.025000,0.362500,2.262113e-02
0.037500,0.362500,3.393529e-02
0.050000,0.362500,4.525185e-02
0.062500,0.362500,5.657080e-02
0.075000,0.362500,6.789216e-02
0.087500,0.362500,7.921591e-02
0.100000,0.362500,9.054205e-02
0.112500,0.362500,1.018706e-01
0.125000,0.362500,1.132015e-01
0.137500,0.362500,1.245349e-01
0.150000,0.362500,1.358706e-01
0.162500,0.362500,1.472087e-01
0.175000,0.362500,1.585493e-01
0.187500,0.362500,1.698922e-01
0.200000,0.362500,1.812375e-01
0.212500,0.362500,1.925853e-01
0.225000,0.362500,2.039354e-01
0.237500,0.362500,2.152879e-01
0.250000,0.362500,2.266428e-01
0.262500,0.362500,2.380001e-01
0.275000,0.362500,2.493598e-01
0.287500,0.362500,2.607219e-01
0.300000,0.362500,2.720864e-01
0.312500,0.362500,2.834533e-01
0.325000,0.362500,2.948226e-01
0.337500,0.362500,3.061943e-01
0.350000,0.362500,3.175684e-01
0.362500,0.362500,3.289449e-01
0.375000,0.362500,3.403238e-01
0.387500,0.362500,3.517051e-01
0.400000,0.362500,3.630888e-01
0.412500,0.362500,3.744749e-01
0.425000,0.362500,3.858633e-01
0.437500,0.362500,3.972542e-01
0.450000,0.362500,4.086475e-01
0.462500,0.362500,4.200432e-01
0.475000,0.362500,4.314412e-01
0.487500,0.362500,4.428265e-01
0.500000,0.362500,4.541754e-01
0.512500,0.362500,4.654879e-01
0.525000,0.362500,4.767638e-01
0.537500,0.362500,4.880032e-01
0.550000,0.362500,4.992061e-01
0.562500,0.362500,5.103724e-01
0.575000,0.362500,5.215023e-01
0.587500,0.362500,5.325956e-01
0.600000,0.362500,5.436524e-01
0.612500,0.362500,5.546726e-01
0.625000,0.362500,5.656563e-01
0.637500,0.362500,5.766035e-01
0.650000,0.362500,5.875142e-01
0.662500,0.362500,5.983884e-01
0.675000,0.362500,6.092260e-01
0.687500,0.362500,6.199644e-01
0.700000,0.362500,6.303257e-01
0.712500,0.362500,6.402765e-01
0.725000,0.362500,6.498171e-01
0.737500,0.362500,6.589473e-01
0.750000,0.362500,6.676671e-01
0.762500,0.362500,6.759766e-01
0.775000,0.362500,6.837527e-01
0.787500,0.362500,6.903257e-01
0.800000,0.362500,6.955949e-01
0.812500,0.362500,6.995602e-01
0.825000,0.362500,7.021161e-01
0.837500,0.362500,7.022419e-01
0.850000,0.362500,6.996806e-01
0.862500,0.362500,6.941831e-01
0.875000,0.362500,6.843626e-01
0.887500,0.362500,6.698580e-01
0.900000,0.362500,6.490300e-01
0.912500,0.362500,6.208579e-01
0.925000,0.362500,5.833724e-01
0.937500,0.362500,5.344150e-01
0.950000,0.362500,4.713693e-01
0.962500,0.362500,3.909400e-01
0.975000,0.362500,2.890604e-01
0.987500,0.362500,1.608199e-01
1.000000,0.362500,0.000000e+00
0.000000,0.375000,0.000000e+00
0.012500,0.375000,1.150517e-02
0.025000,0.375000,2.301279e-02
0.037500,0.375000,3.452284e-02
0.050000,0.375000,4.603533e-02
0.062500,0.375000,5.755026e-02
0.075000,0.375000,6.906762e-02
0.087500,0.375000,8.058743e-02
0.100000,0.375000,9.210967e-02
0.112500,0.375000,1.036344e-01
0.125000,0.375000,1.151615e-01
0.137500,0.375000,1.266910e-01
0.150000,0.375000,1.382230e-01
0.162500,0.375000,1.497575e-01
0.175000,0.375000,1.612944e-01
0.187500,0.375000,1.728337e-01
0.200000,0.375000,1.843754e-01
0.212500,0.375000,1.959196e-01
0.225000,0.375000,2.074663e-01
0.237500,0.375000,2.190153e-01
0.250000,0.375000,2.305668e-01
0.262500,0.375000,2.421208e-01
0.275000,0.375000,2.536772e-01
0.287500,0.375000,2.652360e-01
0.300000,0.375000,2.767973e-01
0.312500,0.375000,2.883610e-01
0.325000,0.375000,2.999271e-01
0.337500,0.375000,3.114957e-01
0.350000,0.375000,3.230667e-01
0.362500,0.375000,3.346402e-01
0.375000,0.375000,3.462161e-01
0.387500,0.375000,3.577944e-01
0.400000,0.375000,3.693752e-01
0.412500,0.375000,3.809584e-01
0.425000,0.375000,3.925441e-01
0.437500,0.375000,4.041322e-01
0.450000,0.375000,4.157227e-01
0.462500,0.375000,4.273157e-01
0.475000,0.375000,4.389111e-01
0.487500,0.375000,4.504935e-01
0.500000,0.375000,4.620389e-01
0.512500,0.375000,4.735472e-01
0.525000,0.375000,4.850184e-01
0.537500,0.375000,4.964524e-01
0.550000,0.375000,5.078492e-01
0.562500,0.375000,5.192089e-01
0.575000,0.375000,5.305315e-01
0.587500,0.375000,5.418168e-01
0.600000,0.375000,5.530650e-01
0.612500,0.375000,5.642761e-01
0.625000,0.375000,5.754500e-01
0.637500,0.375000,5.865867e-01
0.650000,0.375000,5.976863e-01
0.662500,0.375000,6.087488e-01
0.675000,0.375000,6.197740e-01
0.687500,0.375000,6.306984e-01
0.700000,0.375000,6.412390e-01
0.712500,0.375000,6.513622e-01
0.725000,0.375000,6.610679e-01
0.737500,0.375000,6.703562e-01
0.750000,0.375000,6.792270e-01
0.762500,0.375000,6.876804e-01
0.775000,0.375000,6.955911e-01
0.787500,0.375000,7.022779e-01
0.800000,0.375000,7.076383e-01
0.812500,0.375000,7.116723e-01
0.825000,0.375000,7.142725e-01
0.837500,0.375000,7.144004e-01
0.850000,0.375000,7.117948e-01
0.862500,0.375000,7.062021e-01
0.875000,0.375000,6.962116e-01
0.887500,0.375000,6.814558e-01
0.900000,0.375000,6.602672e-01
0.912500,0.375000,6.316074e-01
0.925000,0.375000,5.934729e-01
0.937500,0.375000,5.436678e-01
0.950000,0.375000,4.795305e-01
0.962500,0.375000,3.977087e-01
0.975000,0.375000,2.940652e-01
0.987500,0.375000,1.636043e-01
1.000000,0.375000,0.000000e+00
0.000000,0.387500,0.000000e+00
0.012500,0.387500,1.168323e-02
0.025000,0.387500,2.336894e-02
0.037500,0.387500,3.505712e-02
0.050000,0.387500,4.674778e-02
0.062500,0.387500,5.844092e-02
0.075000,0.387500,7.013653e-02
0.087500,0.387500,8.183462e-02
0.100000,0.387500,9.353519e-02
0.112500,0.387500,1.052382e-01
0.125000,0.387500,1.169437e-01
0.137500,0.387500,1.286517e-01
0.150000,0.387500,1.403622e-01
0.162500,0.387500,1.520752e-01
0.175000,0.387500,1.637906e-01
0.187500,0.387500,1.755085e-01
0.200000,0.387500,1.872289e-01
0.212500,0.387500,1.989517e-01
0.225000,0.387500,2.106771e-01
0.237500,0.387500,2.224049e-01
0.250000,0.387500,2.341352e-01
0.262500,0.387500,2.458679e-01
0.275000,0.387500,2.576032e-01
0.287500,0.387500,2.693409e-01
0.300000,0.387500,2.810811e-01
0.312500,0.387500,2.928237e-01
0.325000,0.387500,3.045689e-01
0.337500,0.387500,3.163165e-01
0.350000,0.387500,3.280666e-01
0.362500,0.387500,3.398192e-01
0.375000,0.387500,3.515742e-01
0.387500,0.387500,3.633318e-01
0.400000,0.387500,3.750918e-01
0.412500,0.387500,3.868543e-01
0.425000,0.387500,3.986192e-01
0.437500,0.387500,4.103866e-01
0.450000,0.387500,4.221566e-01
0.462500,0.387500,4.339289e-01
0.475000,0.387500,4.457038e-01
0.487500,0.387500,4.574654e-01
0.500000,0.387500,4.691896e-01
0.512500,0.387500,4.808760e-01
0.525000,0.387500,4.925247e-01
0.537500,0.387500,5.041357e-01
0.550000,0.387500,5.157089e-01
0.562500,0.387500,5.272444e-01
0.575000,0.387500,5.387421e-01
0.587500,0.387500,5.502022e-01
0.600000,0.387500,5.616245e-01
0.612500,0.387500,5.730090e-01
0.625000,0.387500,5.843558e-01
0.637500,0.387500,5.956649e-01
0.650000,0.387500,6.069363e-01
0.662500,0.387500,6.181700e-01
0.675000,0.387500,6.293659e-01
0.687500,0.387500,6.404593e-01
0.700000,0.387500,6.511630e-01
0.712500,0.387500,6.614429e-01
0.725000,0.387500,6.712988e-01
0.737500,0.387500,6.807308e-01
0.750000,0.387500,6.897389e-01
0.762500,0.387500,6.983231e-01
0.775000,0.387500,7.063563e-01
0.787500,0.387500,7.131466e-01
0.800000,0.387500,7.185900e-01
0.812500,0.387500,7.226863e-01
0.825000,0.387500,7.253268e-01
0.837500,0.387500,7.254567e-01
0.850000,0.387500,7.228108e-01
0.862500,0.387500,7.171315e-01
0.875000,0.387500,7.069864e-01
0.887500,0.387500,6.920022e-01
0.900000,0.387500,6.704857e-01
0.912500,0.387500,6.413823e-01
0.925000,0.387500,6.026576e-01
0.937500,0.387500,5.520818e-01
0.950000,0.387500,4.869518e-01
0.962500,0.387500,4.038638e-01
0.975000,0.387500,2.986162e-01
0.987500,0.387500,1.661363e-01
1.000000,0.387500,0.000000e+00
0.000000,0.400000,0.000000e+00
0.012500,0.400000,1.184354e-02
0.025000,0.400000,2.368958e-02
0.037500,0.400000,3.553814e-02
0.050000,0.400000,4.738921e-02
0.062500,0.400000,5.924279e-02
0.075000,0.400000,7.109888e-02
0.087500,0.400000,8.295748e-02
0.100000,0.400000,9.481859e-02
0.112500,0.400000,1.066822e-01
0.125000,0.400000,1.185483e-01
0.137500,0.400000,1.304170e-01
0.150000,0.400000,1.422881e-01
0.162500,0.400000,1.541618e-01
0.175000,0.400000,1.660380e-01
0.187500,0.400000,1.779167e-01
0.200000,0.400000,1.897979e-01
0.212500,0.400000,2.016816e-01
0.225000,0.400000,2.135678e-01
0.237500,0.400000,2.254565e-01
0.250000,0.400000,2.373477e-01
0.262500,0.400000,2.492415e-01
0.275000,0.400000,2.611378e-01
0.287500,0.400000,2.730365e-01
0.300000,0.400000,2.849378e-01
0.312500,0.400000,2.968416e-01
0.325000,0.400000,3.087479e-01
0.337500,0.400000,3.206567e-01
0.350000,0.400000,3.325680e-01
0.362500,0.400000,3.444819e-01
0.375000,0.400000,3.563982e-01
0.387500,0.400000,3.683171e-01
0.400000,0.400000,3.802384e-01
0.412500,0.400000,3.921623e-01
0.425000,0.400000,4.040887e-01
0.437500,0.400000,4.160176e-01
0.450000,0.400000,4.279490e-01
0.462500,0.400000,4.398829e-01
0.475000,0.400000,4.518194e-01
0.487500,0.400000,4.637424e-01
0.500000,0.400000,4.756274e-01
0.512500,0.400000,4.874742e-01
0.525000,0.400000,4.992827e-01
0.537500,0.400000,5.110529e-01
0.550000,0.400000,5.227850e-01
0.562500,0.400000,5.344787e-01
0.575000,0.400000,5.461343e-01
0.587500,0.400000,5.577515e-01
0.600000,0.400000,5.693306e-01
0.612500,0.400000,5.808713e-01
0.625000,0.400000,5.923739e-01
0.637500,0.400000,6.038381e-01
0.650000,0.400000,6.152642e-01
0.662500,0.400000,6.266519e-01
0.675000,0.400000,6.380015e-01
0.687500,0.400000,6.492471e-01
0.700000,0.400000,6.600977e-01
0.712500,0.400000,6.705186e-01
0.725000,0.400000,6.805098e-01
0.737500,0.400000,6.900712e-01
0.750000,0.400000,6.992029e-01
0.762500,0.400000,7.079049e-01
0.775000,0.400000,7.160483e-01
0.787500,0.400000,7.229318e-01
0.800000,0.400000,7.284498e-01
0.812500,0.400000,7.326024e-01
0.825000,0.400000,7.352791e-01
0.837500,0.400000,7.354108e-01
0.850000,0.400000,7.327285e-01
0.862500,0.400000,7.269714e-01
0.875000,0.400000,7.166870e-01
0.887500,0.400000,7.014973e-01
0.900000,0.400000,6.796855e-01
0.912500,0.400000,6.501828e-01
0.925000,0.400000,6.109268e-01
0.937500,0.400000,5.596570e-01
0.950000,0.400000,4.936334e-01
0.962500,0.400000,4.094052e-01
0.975000,0.400000,3.027136e-01
0.987500,0.400000,1.684159e-01
1.000000,0.400000,0.000000e+00
0.000000,0.412500,0.000000e+00
0.012500,0.412500,1.198564e-02
0.025000,0.412500,2.397382e-02
0.037500,0.412500,3.596454e-02
0.050000,0.412500,4.795780e-02
0.062500,0.412500,5.995360e-02
0.075000,0.412500,7.195195e-02
0.087500,0.412500,8.395283e-02
0.100000,0.412500,9.595626e-02
0.112500,0.412500,1.079622e-01
0.125000,0.412500,1.199707e-01
0.137500,0.412500,1.319818e-01
0.150000,0.412500,1.439954e-01
0.162500,0.412500,1.560115e-01
0.175000,0.412500,1.680302e-01
0.187500,0.412500,1.800514e-01
0.200000,0.412500,1.920751e-01
0.212500,0.412500,2.041014e-01
0.225000,0.412500,2.161302e-01
0.237500,0.412500,2.281616e-01
0.250000,0.412500,2.401955e-01
0.262500,0.412500,2.522320e-01
0.275000,0.412500,2.642710e-01
0.287500,0.412500,2.763125e-01
0.300000,0.412500,2.883566e-01
0.312500,0.412500,3.004032e-01
0.325000,0.412500,3.124524e-01
0.337500,0.412500,3.245041e-01
0.350000,0.412500,3.365583e-01
0.362500,0.412500,3.486151e-01
0.375000,0.412500,3.606744e-01
0.387500,0.412500,3.727363e-01
0.400000,0.412500,3.848007e-01
0.412500,0.412500,3.968676e-01
0.425000,0.412500,4.089371e-01
0.437500,0.412500,4.210091e-01
0.450000,0.412500,4.330837e-01
0.462500,0.412500,4.451608e-01
0.475000,0.412500,4.572405e-01
0.487500,0.412500,4.693065e-01
0.500000,0.412500,4.813341e-01
0.512500,0.412500,4.933231e-01
0.525000,0.412500,5.052733e-01
0.537500,0.412500,5.171848e-01
0.550000,0.412500,5.290575e-01
0.562500,0.412500,5.408916e-01
0.575000,0.412500,5.526870e-01
0.587500,0.412500,5.644437e-01
0.600000,0.412500,5.761616e-01
0.612500,0.412500,5.878409e-01
0.625000,0.412500,5.994814e-01
0.637500,0.412500,6.110832e-01
0.650000,0.412500,6.226463e-01
0.662500,0.412500,6.341708e-01
0.675000,0.412500,6.456565e-01
0.687500,0.412500,6.570370e-01
0.700000,0.412500,6.680178e-01
0.712500,0.412500,6.785638e-01
0.725000,0.412500,6.886748e-01
0.737500,0.412500,6.983510e-01
0.750000,0.412500,7.075922e-01
0.762500,0.412500,7.163986e-01
0.775000,0.412500,7.246397e-01
0.787500,0.412500,7.316058e-01
0.800000,0.412500,7.371901e-01
0.812500,0.412500,7.413925e-01
0.825000,0.412500,7.441013e-01
0.837500,0.412500,7.442346e-01
0.850000,0.412500,7.415201e-01
0.862500,0.412500,7.356939e-01
0.875000,0.412500,7.252862e-01
0.887500,0.412500,7.099141e-01
0.900000,0.412500,6.878407e-01
0.912500,0.412500,6.579840e-01
0.925000,0.412500,6.182570e-01
0.937500,0.412500,5.663720e-01
0.950000,0.412500,4.995562e-01
0.962500,0.412500,4.143174e-01
0.975000,0.412500,3.063457e-01
0.987500,0.412500,1.704366e-01
1.000000,0.412500,0.000000e+00
0.000000,0.425000,0.000000e+00
0.012500,0.425000,1.210904e-02
0.025000,0.425000,2.422064e-02
0.037500,0.425000,3.633481e-02
0.050000,0.425000,4.845155e-02
0.062500,0.425000,6.057085e-02
0.075000,0.425000,7.269272e-02
0.087500,0.425000,8.481716e-02
0.100000,0.425000,9.694416e-02
0.112500,0.425000,1.090737e-01
0.125000,0.425000,1.212059e-01
0.137500,0.425000,1.333406e-01
0.150000,0.425000,1.454778e-01
0.162500,0.425000,1.576177e-01
0.175000,0.425000,1.697601e-01
0.187500,0.425000,1.819051e-01
0.200000,0.425000,1.940526e-01
0.212500,0.425000,2.062027e-01
0.225000,0.425000,2.183554e-01
0.237500,0.425000,2.305106e-01
0.250000,0.425000,2.426684e-01
0.262500,0.425000,2.548288e-01
0.275000,0.425000,2.669918e-01
0.287500,0.425000,2.791573e-01
0.300000,0.425000,2.913253e-01
0.312500,0.425000,3.034960e-01
0.325000,0.425000,3.156692e-01
0.337500,0.425000,3.278450e-01
0.350000,0.425000,3.400233e-01
0.362500,0.425000,3.522042e-01
0.375000,0.425000,3.643877e-01
0.387500,0.425000,3.765737e-01
0.400000,0.425000,3.887624e-01
0.412500,0.425000,4.009535e-01
0.425000,0.425000,4.131473e-01
0.437500,0.425000,4.253436e-01
0.450000,0.425000,4.375425e-01
0.462500,0.425000,4.497439e-01
0.475000,0.425000,4.619479e-01
0.487500,0.425000,4.741382e-01
0.500000,0.425000,4.862897e-01
0.512500,0.425000,4.984020e-01
0.525000,0.425000,5.104753e-01
0.537500,0.425000,5.225094e-01
0.550000,0.425000,5.345044e-01
0.562500,0.425000,5.464603e-01
0.575000,0.425000,5.583771e-01
0.587500,0.425000,5.702548e-01
0.600000,0.425000,5.820934e-01
0.612500,0.425000,5.938929e-01
0.625000,0.425000,6.056533e-01
0.637500,0.425000,6.173746e-01
0.650000,0.425000,6.290567e-01
0.662500,0.425000,6.406998e-01
0.675000,0.425000,6.523038e-01
0.687500,0.425000,6.638015e-01
0.700000,0.425000,6.748954e-01
0.712500,0.425000,6.855499e-01
0.725000,0.425000,6.957650e-01
0.737500,0.425000,7.055408e-01
0.750000,0.425000,7.148772e-01
0.762500,0.425000,7.237743e-01
0.775000,0.425000,7.321002e-01
0.787500,0.425000,7.391380e-01
0.800000,0.425000,7.447798e-01
0.812500,0.425000,7.490254e-01
0.825000,0.425000,7.517621e-01
0.837500,0.425000,7.518968e-01
0.850000,0.425000,7.491544e-01
0.862500,0.425000,7.432682e-01
0.875000,0.425000,7.327533e-01
0.887500,0.425000,7.172230e-01
0.900000,0.425000,6.949223e-01
0.912500,0.425000,6.647582e-01
0.925000,0.425000,6.246222e-01
0.937500,0.425000,5.722030e-01
0.950000,0.425000,5.046994e-01
0.962500,0.425000,4.185830e-01
0.975000,0.425000,3.094996e-01
0.987500,0.425000,1.721914e-01
1.000000,0.425000,0.000000e+00
0.000000,0.437500,0.000000e+00
0.012500,0.437500,1.221373e-02
0.025000,0.437500,2.443004e-02
0.037500,0.437500,3.664895e-02
0.050000,0.437500,4.887044e-02
0.062500,0.437500,6.109452e-02
0.075000,0.437500,7.332119e-02
0.087500,0.437500,8.555045e-02
0.100000,0.437500,9.778230e-02
0.112500,0.437500,1.100167e-01
0.125000,0.437500,1.222538e-01
0.137500,0.437500,1.344934e-01
0.150000,0.437500,1.467356e-01
0.162500,0.437500,1.589804e-01
0.175000,0.437500,1.712278e-01
0.187500,0.437500,1.834778e-01
0.200000,0.437500,1.957303e-01
0.212500,0.437500,2.079855e-01
0.225000,0.437500,2.202432e-01
0.237500,0.437500,2.325035e-01
0.250000,0.437500,2.447665e-01
0.262500,0.437500,2.570320e-01
0.275000,0.437500,2.693001e-01
0.287500,0.437500,2.815708e-01
0.300000,0.437500,2.938440e-01
0.312500,0.437500,3.061199e-01
0.325000,0.437500,3.183984e-01
0.337500,0.437500,3.306794e-01
0.350000,0.437500,3.429630e-01
0.362500,0.437500,3.552493e-01
0.375000,0.437500,3.675381e-01
0.387500,0.437500,3.798295e-01
0.400000,0.437500,3.921235e-01
0.412500,0.437500,4.044200e-01
0.425000,0.437500,4.167192e-01
0.437500,0.437500,4.290210e-01
0.450000,0.437500,4.413253e-01
0.462500,0.437500,4.536322e-01
0.475000,0.437500,4.659418e-01
0.487500,0.437500,4.782374e-01
0.500000,0.437500,4.904940e-01
0.512500,0.437500,5.027110e-01
0.525000,0.437500,5.148886e-01
0.537500,0.437500,5.270268e-01
0.550000,0.437500,5.391255e-01
0.562500,0.437500,5.511848e-01
0.575000,0.437500,5.632047e-01
0.587500,0.437500,5.751851e-01
0.600000,0.437500,5.871260e-01
0.612500,0.437500,5.990275e-01
0.625000,0.437500,6.108896e-01
0.637500,0.437500,6.227122e-01
0.650000,0.437500,6.344954e-01
0.662500,0.437500,6.462391e-01
0.675000,0.437500,6.579434e-01
0.687500,0.437500,6.695405e-01
0.700000,0.437500,6.807303e-01
0.712500,0.437500,6.914769e-01
0.725000,0.437500,7.017804e-01
0.737500,0.437500,7.116407e-01
0.750000,0.437500,7.210578e-01
0.762500,0.437500,7.300318e-01
0.775000,0.437500,7.384297e-01
0.787500,0.437500,7.455284e-01
0.800000,0.437500,7.512189e-01
0.812500,0.437500,7.555013e-01
0.825000,0.437500,7.582616e-01
0.837500,0.437500,7.583974e-01
0.850000,0.437500,7.556313e-01
0.862500,0.437500,7.496942e-01
0.875000,0.437500,7.390884e-01
0.887500,0.437500,7.234239e-01
0.900000,0.437500,7.009304e-01
0.912500,0.437500,6.705055e-01
0.925000,0.437500,6.300225e-01
0.937500,0.437500,5.771501e-01
0.950000,0.437500,5.090628e-01
0.962500,0.437500,4.222020e-01
0.975000,0.437500,3.121755e-01
0.987500,0.437500,1.736801e-01
1.000000,0.437500,0.000000e+00
0.000000,0.450000,0.000000e+00
0.012500,0.450000,1.229971e-02
0.025000,0.450000,2.460203e-02
0.037500,0.450000,3.690695e-02
0.050000,0.450000,4.921448e-02
0.062500,0.450000,6.152462e-02
0.075000,0.450000,7.383737e-02
0.087500,0.450000,8.615272e-02
0.100000,0.450000,9.847068e-02
0.112500,0.450000,1.107913e-01
0.125000,0.450000,1.231144e-01
0.137500,0.450000,1.354402e-01
0.150000,0.450000,1.477686e-01
0.162500,0.450000,1.600996e-01
0.175000,0.450000,1.724332e-01
0.187500,0.450000,1.847694e-01
0.200000,0.450000,1.971082e-01
0.212500,0.450000,2.094497e-01
0.225000,0.450000,2.217937e-01
0.237500,0.450000,2.341403e-01
0.250000,0.450000,2.464896e-01
0.262500,0.450000,2.588415e-01
0.275000,0.450000,2.711959e-01
0.287500,0.450000,2.835530e-01
0.300000,0.450000,2.959127e-01
0.312500,0.450000,3.082750e-01
0.325000,0.450000,3.206399e-01
0.337500,0.450000,3.330074e-01
0.350000,0.450000,3.453775e-01
0.362500,0.450000,3.577502e-01
0.375000,0.450000,3.701255e-01
0.387500,0.450000,3.825034e-01
0.400000,0.450000,3.948840e-01
0.412500,0.450000,4.072671e-01
0.425000,0.450000,4.196529e-01
0.437500,0.450000,4.320412e-01
0.450000,0.450000,4.444322e-01
0.462500,0.450000,4.568258e-01
0.475000,0.450000,4.692220e-01
0.487500,0.450000,4.816042e-01
0.500000,0.450000,4.939470e-01
0.512500,0.450000,5.062501e-01
0.525000,0.450000,5.185134e-01
0.537500,0.450000,5.307370e-01
0.550000,0.450000,5.429210e-01
0.562500,0.450000,5.550651e-01
0.575000,0.450000,5.671696e-01
0.587500,0.450000,5.792343e-01
0.600000,0.450000,5.912593e-01
0.612500,0.450000,6.032446e-01
0.625000,0.450000,6.151902e-01
0.637500,0.450000,6.270960e-01
0.650000,0.450000,6.389622e-01
0.662500,0.450000,6.507886e-01
0.675000,0.450000,6.625752e-01
0.687500,0.450000,6.742540e-01
0.700000,0.450000,6.855226e-01
0.712500,0.450000,6.963449e-01
0.725000,0.450000,7.067208e-01
0.737500,0.450000,7.166506e-01
0.750000,0.450000,7.261340e-01
0.762500,0.450000,7.351712e-01
0.775000,0.450000,7.436282e-01
0.787500,0.450000,7.507768e-01
0.800000,0.450000,7.565074e-01
0.812500,0.450000,7.608199e-01
0.825000,0.450000,7.635997e-01
0.837500,0.450000,7.637365e-01
0.850000,0.450000,7.609509e-01
0.862500,0.450000,7.549720e-01
0.875000,0.450000,7.442916e-01
0.887500,0.450000,7.285167e-01
0.900000,0.450000,7.058649e-01
0.912500,0.450000,6.752258e-01
0.925000,0.450000,6.344578e-01
0.937500,0.450000,5.812132e-01
0.950000,0.450000,5.126466e-01
0.962500,0.450000,4.251742e-01
0.975000,0.450000,3.143732e-01
0.987500,0.450000,1.749028e-01
1.000000,0.450000,0.000000e+00
0.000000,0.462500,0.000000e+00
0.012500,0.462500,1.236680e-02
0.025000,0.462500,2.473622e-02
0.037500,0.462500,3.710826e-02
0.050000,0.462500,4.948292e-02
0.062500,0.462500,6.186021e-02
0.075000,0.462500,7.424011e-02
0.087500,0.462500,8.662264e-02
0.100000,0.462500,9.900779e-02
0.112500,0.462500,1.113956e-01
0.125000,0.462500,1.237860e-01
0.137500,0.462500,1.361790e-01
0.150000,0.462500,1.485746e-01
0.162500,0.462500,1.609729e-01
0.175000,0.462500,1.733737e-01
0.187500,0.462500,1.857772e-01
0.200000,0.462500,1.981834e-01
0.212500,0.462500,2.105921e-01
0.225000,0.462500,2.230035e-01
0.237500,0.462500,2.354175e-01
0.250000,0.462500,2.478341e-01
0.262500,0.462500,2.602533e-01
0.275000,0.462500,2.726752e-01
0.287500,0.462500,2.850996e-01
0.300000,0.462500,2.975267e-01
0.312500,0.462500,3.099564e-01
0.325000,0.462500,3.223888e-01
0.337500,0.462500,3.348237e-01
0.350000,0.462500,3.472613e-01
0.362500,0.462500,3.597015e-01
0.375000,0.462500,3.721444e-01
0.387500,0.462500,3.845898e-01
0.400000,0.462500,3.970379e-01
0.412500,0.462500,4.094886e-01
0.425000,0.462500,4.219419e-01
0.437500,0.462500,4.343978e-01
0.450000,0.462500,4.468564e-01
0.462500,0.462500,4.593175e-01
0.475000,0.462500,4.717813e-01
0.487500,0.462500,4.842311e-01
0.500000,0.462500,4.966412e-01
0.512500,0.462500,5.090114e-01
0.525000,0.462500,5.213417e-01
0.537500,0.462500,5.336320e-01
0.550000,0.462500,5.458823e-01
0.562500,0.462500,5.580927e-01
0.575000,0.462500,5.702632e-01
0.587500,0.462500,5.823938e-01
0.600000,0.462500,5.944844e-01
0.612500,0.462500,6.065350e-01
0.625000,0.462500,6.185457e-01
0.637500,0.462500,6.305165e-01
0.650000,0.462500,6.424474e-01
0.662500,0.462500,6.543383e-01
0.675000,0.462500,6.661892e-01
0.687500,0.462500,6.779318e-01
0.700000,0.462500,6.892618e-01
0.712500,0.462500,7.001431e-01
0.725000,0.462500,7.105757e-01
0.737500,0.462500,7.205595e-01
0.750000,0.462500,7.300947e-01
0.762500,0.462500,7.391812e-01
0.775000,0.462500,7.476843e-01
0.787500,0.462500,7.548719e-01
0.800000,0.462500,7.606338e-01
0.812500,0.462500,7.649698e-01
0.825000,0.462500,7.677648e-01
0.837500,0.462500,7.679023e-01
0.850000,0.462500,7.651016e-01
0.862500,0.462500,7.590900e-01
0.875000,0.462500,7.483513e-01
0.887500,0.462500,7.324904e-01
0.900000,0.462500,7.097150e-01
0.912500,0.462500,6.789089e-01
0.925000,0.462500,6.379184e-01
0.937500,0.462500,5.843835e-01
0.950000,0.462500,5.154428e-01
0.962500,0.462500,4.274934e-01
0.975000,0.462500,3.160879e-01
0.987500,0.462500,1.758568e-01
1.000000,0.462500,0.000000e+00
0.000000,0.475000,0.000000e+00
0.012500,0.475000,1.241472e-02
0.025000,0.475000,2.483207e-02
0.037500,0.475000,3.725205e-02
0.050000,0.475000,4.967466e-02
0.062500,0.475000,6.209991e-02
0.075000,0.475000,7.452778e-02
0.087500,0.475000,8.695829e-02
0.100000,0.475000,9.939143e-02
0.112500,0.475000,1.118272e-01
0.125000,0.475000,1.242656e-01
0.137500,0.475000,1.367066e-01
0.150000,0.475000,1.491503e-01
0.162500,0.475000,1.615966e-01
0.175000,0.475000,1.740455e-01
0.187500,0.475000,1.864971e-01
0.200000,0.475000,1.989513e-01
0.212500,0.475000,2.114081e-01
0.225000,0.475000,2.238676e-01
0.237500,0.475000,2.363297e-01
0.250000,0.475000,2.487944e-01
0.262500,0.475000,2.612617e-01
0.275000,0.475000,2.737317e-01
0.287500,0.475000,2.862043e-01
0.300000,0.475000,2.986796e-01
0.312500,0.475000,3.111575e-01
0.325000,0.475000,3.236380e-01
0.337500,0.475000,3.361211e-01
0.350000,0.475000,3.486069e-01
0.362500,0.475000,3.610953e-01
0.375000,0.475000,3.735864e-01
0.387500,0.475000,3.860800e-01
0.400000,0.475000,3.985763e-01
0.412500,0.475000,4.110753e-01
0.425000,0.475000,4.235768e-01
0.437500,0.475000,4.360810e-01
0.450000,0.475000,4.485879e-01
0.462500,0.475000,4.610973e-01
0.475000,0.475000,4.736094e-01
0.487500,0.475000,4.861074e-01
0.500000,0.475000,4.985656e-01
0.512500,0.475000,5.109838e-01
0.525000,0.475000,5.233618e-01
0.537500,0.475000,5.356997e-01
0.550000,0.475000,5.479975e-01
0.562500,0.475000,5.602553e-01
0.575000,0.475000,5.724729e-01
0.587500,0.475000,5.846505e-01
0.600000,0.475000,5.967879e-01
0.612500,0.475000,6.088853e-01
0.625000,0.475000,6.209425e-01
0.637500,0.475000,6.329597e-01
0.650000,0.475000,6.449368e-01
0.662500,0.475000,6.568738e-01
0.675000,0.475000,6.687706e-01
0.687500,0.475000,6.805586e-01
0.700000,0.475000,6.919326e-01
0.712500,0.475000,7.028560e-01
0.725000,0.475000,7.133290e-01
0.737500,0.475000,7.233516e-01
0.750000,0.475000,7.329237e-01
0.762500,0.475000,7.420454e-01
0.775000,0.475000,7.505815e-01
0.787500,0.475000,7.577970e-01
0.800000,0.475000,7.635811e-01
0.812500,0.475000,7.679340e-01
0.825000,0.475000,7.707398e-01
0.837500,0.475000,7.708778e-01
0.850000,0.475000,7.680662e-01
0.862500,0.475000,7.620314e-01
0.875000,0.475000,7.512511e-01
0.887500,0.475000,7.353287e-01
0.900000,0.475000,7.124651e-01
0.912500,0.475000,6.815395e-01
0.925000,0.475000,6.403903e-01
0.937500,0.475000,5.866479e-01
0.950000,0.475000,5.174401e-01
0.962500,0.475000,4.291498e-01
0.975000,0.475000,3.173127e-01
0.987500,0.475000,1.765382e-01
1.000000,0.475000,0.000000e+00
0.000000,0.487500,0.000000e+00
0.012500,0.487500,1.244347e-02
0.025000,0.487500,2.488957e-02
0.037500,0.487500,3.733831e-02
0.050000,0.487500,4.978969e-02
0.062500,0.487500,6.224371e-02
0.075000,0.487500,7.470036e-02
0.087500,0.487500,8.715966e-02
0.100000,0.487500,9.962159e-02
0.112500,0.487500,1.120862e-01
0.125000,0.487500,1.245534e-01
0.137500,0.487500,1.370232e-01
0.150000,0.487500,1.494957e-01
0.162500,0.487500,1.619708e-01
0.175000,0.487500,1.744486e-01
0.187500,0.487500,1.869290e-01
0.200000,0.487500,1.994120e-01
0.212500,0.487500,2.118977e-01
0.225000,0.487500,2.243860e-01
0.237500,0.487500,2.368769e-01
0.250000,0.487500,2.493705e-01
0.262500,0.487500,2.618667e-01
0.275000,0.487500,2.743656e-01
0.287500,0.487500,2.868671e-01
0.300000,0.487500,2.993712e-01
0.312500,0.487500,3.118780e-01
0.325000,0.487500,3.243874e-01
0.337500,0.487500,3.368995e-01
0.350000,0.487500,3.494142e-01
0.362500,0.487500,3.619315e-01
0.375000,0.487500,3.744515e-01
0.387500,0.487500,3.869741e-01
0.400000,0.487500,3.994993e-01
0.412500,0.487500,4.120272e-01
0.425000,0.487500,4.245577e-01
0.437500,0.487500,4.370908e-01
0.450000,0.487500,4.496266e-01
0.462500,0.487500,4.621651e-01
0.475000,0.487500,4.747061e-01
0.487500,0.487500,4.872331e-01
0.500000,0.487500,4.997201e-01
0.512500,0.487500,5.121670e-01
0.525000,0.487500,5.245737e-01
0.537500,0.487500,5.369402e-01
0.550000,0.487500,5.492665e-01
0.562500,0.487500,5.615526e-01
0.575000,0.487500,5.737986e-01
0.587500,0.487500,5.860043e-01
0.600000,0.487500,5.981699e-01
0.612500,0.487500,6.102952e-01
0.625000,0.487500,6.223804e-01
0.637500,0.487500,6.344254e-01
0.650000,0.487500,6.464302e-01
0.662500,0.487500,6.583948e-01
0.675000,0.487500,6.703193e-01
0.687500,0.487500,6.821346e-01
0.700000,0.487500,6.935348e-01
0.712500,0.487500,7.044836e-01
0.725000,0.487500,7.149809e-01
0.737500,0.487500,7.250266e-01
0.750000,0.487500,7.346209e-01
0.762500,0.487500,7.437637e-01
0.775000,0.487500,7.523196e-01
0.787500,0.487500,7.595518e-01
0.800000,0.487500,7.653493e-01
0.812500,0.487500,7.697123e-01
0.825000,0.487500,7.725245e-01
0.837500,0.487500,7.726629e-01
0.850000,0.487500,7.698448e-01
0.862500,0.487500,7.637960e-01
0.875000,0.487500,7.529907e-01
0.887500,0.487500,7.370315e-01
0.900000,0.487500,7.141149e-01
0.912500,0.487500,6.831177e-01
0.925000,0.487500,6.418732e-01
0.937500,0.487500,5.880063e-01
0.950000,0.487500,5.186383e-01
0.962500,0.487500,4.301436e-01
0.975000,0.487500,3.180475e-01
0.987500,0.487500,1.769470e-01
1.000000,0.487500,0.000000e+00
0.000000,0.500000,0.000000e+00
0.012500,0.500000,1.245304e-02
0.025000,0.500000,2.490872e-02
0.037500,0.500000,3.736705e-02
0.050000,0.500000,4.982801e-02
0.062500,0.500000,6.229161e-02
0.075000,0.500000,7.475785e-02
0.087500,0.500000,8.722673e-02
0.100000,0.500000,9.969826e-02
0.112500,0.500000,1.121724e-01
0.125000,0.500000,1.246492e-01
0.137500,0.500000,1.371287e-01
0.150000,0.500000,1.496107e-01
0.162500,0.500000,1.620955e-01
0.175000,0.500000,1.745828e-01
0.187500,0.500000,1.870728e-01
0.200000,0.500000,1.995655e-01
0.212500,0.500000,2.120607e-01
0.225000,0.500000,2.245587e-01
0.237500,0.500000,2.370592e-01
0.250000,0.500000,2.495624e-01
0.262500,0.500000,2.620683e-01
0.275000,0.500000,2.745768e-01
0.287500,0.500000,2.870879e-01
0.300000,0.500000,2.996016e-01
0.312500,0.500000,3.121180e-01
0.325000,0.500000,3.246371e-01
0.337500,0.500000,3.371588e-01
0.350000,0.500000,3.496831e-01
0.362500,0.500000,3.622100e-01
0.375000,0.500000,3.747396e-01
0.387500,0.500000,3.872719e-01
0.400000,0.500000,3.998068e-01
0.412500,0.500000,4.123443e-01
0.425000,0.500000,4.248844e-01
0.437500,0.500000,4.374272e-01
0.450000,0.500000,4.499727e-01
0.462500,0.500000,4.625208e-01
0.475000,0.500000,4.750715e-01
0.487500,0.500000,4.876081e-01
0.500000,0.500000,5.001047e-01
0.512500,0.500000,5.125612e-01
0.525000,0.500000,5.249774e-01
0.537500,0.500000,5.373534e-01
0.550000,0.500000,5.496892e-01
0.562500,0.500000,5.619848e-01
0.575000,0.500000,5.742402e-01
0.587500,0.500000,5.864553e-01
0.600000,0.500000,5.986302e-01
0.612500,0.500000,6.107649e-01
0.625000,0.500000,6.228594e-01
0.637500,0.500000,6.349137e-01
0.650000,0.500000,6.469277e-01
0.662500,0.500000,6.589016e-01
0.675000,0.500000,6.708352e-01
0.687500,0.500000,6.826596e-01
0.700000,0.500000,6.940686e-01
0.712500,0.500000,7.050258e-01
0.725000,0.500000,7.155311e-01
0.737500,0.500000,7.255846e-01
0.750000,0.500000,7.351863e-01
0.762500,0.500000,7.443361e-01
0.775000,0.500000,7.528986e-01
0.787500,0.500000,7.601363e-01
0.800000,0.500000,7.659384e-01
0.812500,0.500000,7.703046e-01
0.825000,0.500000,7.731191e-01
0.837500,0.500000,7.732576e-01
0.850000,0.500000,7.704373e-01
0.862500,0.500000,7.643838e-01
0.875000,0.500000,7.535702e-01
0.887500,0.500000,7.375987e-01
0.900000,0.500000,7.146645e-01
0.912500,0.500000,6.836435e-01
0.925000,0.500000,6.423672e-01
0.937500,0.500000,5.884589e-01
0.950000,0.500000,5.190375e-01
0.962500,0.500000,4.304746e-01
0.975000,0.500000,3.182923e-01
0.987500,0.500000,1.770832e-01
1.000000,0.500000,0.000000e+00
0.000000,0.512500,0.000000e+00
0.012500,0.512500,1.244345e-02
0.025000,0.512500,2.488954e-02
0.037500,0.512500,3.733827e-02
0.050000,0.512500,4.978964e-02
0.062500,0.512500,6.224365e-02
0.075000,0.512500,7.470029e-02
0.087500,0.512500,8.715957e-02
0.100000,0.512500,9.962149e-02
0.112500,0.512500,1.120860e-01
0.125000,0.512500,1.245532e-01
0.137500,0.512500,1.370231e-01
0.150000,0.512500,1.494955e-01
0.162500,0.512500,1.619706e-01
0.175000,0.512500,1.744484e-01
0.187500,0.512500,1.869288e-01
0.200000,0.512500,1.994118e-01
0.212500,0.512500,2.118975e-01
0.225000,0.512500,2.243858e-01
0.237500,0.512500,2.368767e-01
0.250000,0.512500,2.493703e-01
0.262500,0.512500,2.618665e-01
0.275000,0.512500,2.743653e-01
0.287500,0.512500,2.868668e-01
0.300000,0.512500,2.993709e-01
0.312500,0.512500,3.118777e-01
0.325000,0.512500,3.243871e-01
0.337500,0.512500,3.368991e-01
0.350000,0.512500,3.494138e-01
0.362500,0.512500,3.619311e-01
0.375000,0.512500,3.744511e-01
0.387500,0.512500,3.869737e-01
0.400000,0.512500,3.994989e-01
0.412500,0.512500,4.120268e-01
0.425000,0.512500,4.245573e-01
0.437500,0.512500,4.370904e-01
0.450000,0.512500,4.496262e-01
0.462500,0.512500,4.621646e-01
0.475000,0.512500,4.747057e-01
0.487500,0.512500,4.872326e-01
0.500000,0.512500,4.997196e-01
0.512500,0.512500,5.121665e-01
0.525000,0.512500,5.245732e-01
0.537500,0.512500,5.369397e-01
0.550000,0.512500,5.492660e-01
0.562500,0.512500,5.615521e-01
0.575000,0.512500,5.737980e-01
0.587500,0.512500,5.860037e-01
0.600000,0.512500,5.981693e-01
0.612500,0.512500,6.102946e-01
0.625000,0.512500,6.223798e-01
0.637500,0.512500,6.344248e-01
0.650000,0.512500,6.464296e-01
0.662500,0.512500,6.583942e-01
0.675000,0.512500,6.703186e-01
0.687500,0.512500,6.821339e-01
0.700000,0.512500,6.935341e-01
0.712500,0.512500,7.044829e-01
0.725000,0.512500,7.149801e-01
0.737500,0.512500,7.250259e-01
0.750000,0.512500,7.346202e-01
0.762500,0.512500,7.437630e-01
0.775000,0.512500,7.523188e-01
0.787500,0.512500,7.595510e-01
0.800000,0.512500,7.653486e-01
0.812500,0.512500,7.697115e-01
0.825000,0.512500,7.725238e-01
0.837500,0.512500,7.726621e-01
0.850000,0.512500,7.698440e-01
0.862500,0.512500,7.637952e-01
0.875000,0.512500,7.529900e-01
0.887500,0.512500,7.370308e-01
0.900000,0.512500,7.141142e-01
0.912500,0.512500,6.831171e-01
0.925000,0.512500,6.418726e-01
0.937500,0.512500,5.880058e-01
0.950000,0.512500,5.186378e-01
0.962500,0.512500,4.301432e-01
0.975000,0.512500,3.180472e-01
0.987500,0.512500,1.769468e-01
1.000000,0.512500,0.000000e+00
0.000000,0.525000,0.000000e+00
0.012500,0.525000,1.241471e-02
0.025000,0.525000,2.483205e-02
0.037500,0.525000,3.725202e-02
0.050000,0.525000,4.967462e-02
0.062500,0.525000,6.209986e-02
0.075000,0.525000,7.452772e-02
0.087500,0.525000,8.695822e-02
0.100000,0.525000,9.939135e-02
0.112500,0.525000,1.118271e-01
0.125000,0.525000,1.242655e-01
0.137500,0.525000,1.367065e-01
0.150000,0.525000,1.491502e-01
0.162500,0.525000,1.615965e-01
0.175000,0.525000,1.740454e-01
0.187500,0.525000,1.864970e-01
0.200000,0.525000,1.989511e-01
0.212500,0.525000,2.114080e-01
0.225000,0.525000,2.238674e-01
0.237500,0.525000,2.363295e-01
0.250000,0.525000,2.487942e-01
0.262500,0.525000,2.612615e-01
0.275000,0.525000,2.737315e-01
0.287500,0.525000,2.862041e-01
0.300000,0.525000,2.986794e-01
0.312500,0.525000,3.111572e-01
0.325000,0.525000,3.236377e-01
0.337500,0.525000,3.361209e-01
0.350000,0.525000,3.486066e-01
0.362500,0.525000,3.610950e-01
0.375000,0.525000,3.735861e-01
0.387500,0.525000,3.860797e-01
0.400000,0.525000,3.985760e-01
0.412500,0.525000,4.110749e-01
0.425000,0.525000,4.235765e-01
0.437500,0.525000,4.360807e-01
0.450000,0.525000,4.485875e-01
0.462500,0.525000,4.610970e-01
0.475000,0.525000,4.736090e-01
0.487500,0.525000,4.861070e-01
0.500000,0.525000,4.985652e-01
0.512500,0.525000,5.109833e-01
0.525000,0.525000,5.233613e-01
0.537500,0.525000,5.356993e-01
0.550000,0.525000,5.479971e-01
0.562500,0.525000,5.602548e-01
0.575000,0.525000,5.724724e-01
0.587500,0.525000,5.846500e-01
0.600000,0.525000,5.967874e-01
0.612500,0.525000,6.088848e-01
0.625000,0.525000,6.209420e-01
0.637500,0.525000,6.329592e-01
0.650000,0.525000,6.449362e-01
0.662500,0.525000,6.568732e-01
0.675000,0.525000,6.687701e-01
0.687500,0.525000,6.805581e-01
0.700000,0.525000,6.919320e-01
0.712500,0.525000,7.028555e-01
0.725000,0.525000,7.133285e-01
0.737500,0.525000,7.233510e-01
0.750000,0.525000,7.329231e-01
0.762500,0.525000,7.420448e-01
0.775000,0.525000,7.505809e-01
0.787500,0.525000,7.577964e-01
0.800000,0.525000,7.635805e-01
0.812500,0.525000,7.679334e-01
0.825000,0.525000,7.707391e-01
0.837500,0.525000,7.708772e-01
0.850000,0.525000,7.680656e-01
0.862500,0.525000,7.620308e-01
0.875000,0.525000,7.512505e-01
0.887500,0.525000,7.353281e-01
0.900000,0.525000,7.124645e-01
0.912500,0.525000,6.815390e-01
0.925000,0.525000,6.403898e-01
0.937500,0.525000,5.866474e-01
0.950000,0.525000,5.174397e-01
0.962500,0.525000,4.291495e-01
0.975000,0.525000,3.173125e-01
0.987500,0.525000,1.765381e-01
1.000000,0.525000,0.000000e+00
0.000000,0.537500,0.000000e+00
0.012500,0.537500,1.236681e-02
0.025000,0.537500,2.473623e-02
0.037500,0.537500,3.710828e-02
0.050000,0.537500,4.948295e-02
0.062500,0.537500,6.186024e-02
0.075000,0.537500,7.424016e-02
0.087500,0.537500,8.662269e-02
0.100000,0.537500,9.900785e-02
0.112500,0.537500,1.113956e-01
0.125000,0.537500,1.237860e-01
0.137500,0.537500,1.361790e-01
0.150000,0.537500,1.485747e-01
0.162500,0.537500,1.609730e-01
0.175000,0.537500,1.733738e-01
0.187500,0.537500,1.857774e-01
0.200000,0.537500,1.981835e-01
0.212500,0.537500,2.105922e-01
0.225000,0.537500,2.230036e-01
0.237500,0.537500,2.354176e-01
0.250000,0.537500,2.478342e-01
0.262500,0.537500,2.602535e-01
0.275000,0.537500,2.726753e-01
0.287500,0.537500,2.850998e-01
0.300000,0.537500,2.975269e-01
0.312500,0.537500,3.099566e-01
0.325000,0.537500,3.223890e-01
0.337500,0.537500,3.348239e-01
0.350000,0.537500,3.472615e-01
0.362500,0.537500,3.597017e-01
0.375000,0.537500,3.721446e-01
0.387500,0.537500,3.845900e-01
0.400000,0.537500,3.970381e-01
0.412500,0.537500,4.094888e-01
0.425000,0.537500,4.219421e-01
0.437500,0.537500,4.343981e-01
0.450000,0.537500,4.468566e-01
0.462500,0.537500,4.593178e-01
0.475000,0.537500,4.717816e-01
0.487500,0.537500,4.842314e-01
0.500000,0.537500,4.966415e-01
0.512500,0.537500,5.090117e-01
0.525000,0.537500,5.213420e-01
0.537500,0.537500,5.336323e-01
0.550000,0.537500,5.458826e-01
0.562500,0.537500,5.580931e-01
0.575000,0.537500,5.702635e-01
0.587500,0.537500,5.823941e-01
0.600000,0.537500,5.944847e-01
0.612500,0.537500,6.065354e-01
0.625000,0.537500,6.185461e-01
0.637500,0.537500,6.305169e-01
0.650000,0.537500,6.424477e-01
0.662500,0.537500,6.543387e-01
0.675000,0.537500,6.661896e-01
0.687500,0.537500,6.779321e-01
0.700000,0.537500,6.892622e-01
0.712500,0.537500,7.001435e-01
0.725000,0.537500,7.105761e-01
0.737500,0.537500,7.205599e-01
0.750000,0.537500,7.300951e-01
0.762500,0.537500,7.391816e-01
0.775000,0.537500,7.476847e-01
0.787500,0.537500,7.548724e-01
0.800000,0.537500,7.606342e-01
0.812500,0.537500,7.649703e-01
0.825000,0.537500,7.677652e-01
0.837500,0.537500,7.679028e-01
0.850000,0.537500,7.651020e-01
0.862500,0.537500,7.590905e-01
0.875000,0.537500,7.483518e-01
0.887500,0.537500,7.324909e-01
0.900000,0.537500,7.097154e-01
0.912500,0.537500,6.789093e-01
0.925000,0.537500,6.379188e-01
0.937500,0.537500,5.843838e-01
0.950000,0.537500,5.154431e-01
0.962500,0.537500,4.274936e-01
0.975000,0.537500,3.160881e-01
0.987500,0.537500,1.758569e-01
1.000000,0.537500,0.000000e+00
0.000000,0.550000,0.000000e+00
0.012500,0.550000,1.229975e-02
0.025000,0.550000,2.460210e-02
0.037500,0.550000,3.690706e-02
0.050000,0.550000,4.921463e-02
0.062500,0.550000,6.152481e-02
0.075000,0.550000,7.383759e-02
0.087500,0.550000,8.615298e-02
0.100000,0.550000,9.847098e-02
0.112500,0.550000,1.107916e-01
0.125000,0.550000,1.231148e-01
0.137500,0.550000,1.354406e-01
0.150000,0.550000,1.477690e-01
0.162500,0.550000,1.601001e-01
0.175000,0.550000,1.724337e-01
0.187500,0.550000,1.847700e-01
0.200000,0.550000,1.971088e-01
0.212500,0.550000,2.094503e-01
0.225000,0.550000,2.217944e-01
0.237500,0.550000,2.341410e-01
0.250000,0.550000,2.464903e-01
0.262500,0.550000,2.588422e-01
0.275000,0.550000,2.711967e-01
0.287500,0.550000,2.835538e-01
0.300000,0.550000,2.959136e-01
0.312500,0.550000,3.082759e-01
0.325000,0.550000,3.206408e-01
0.337500,0.550000,3.330084e-01
0.350000,0.550000,3.453785e-01
0.362500,0.550000,3.577513e-01
0.375000,0.550000,3.701266e-01
0.387500,0.550000,3.825046e-01
0.400000,0.550000,3.948852e-01
0.412500,0.550000,4.072683e-01
0.425000,0.550000,4.196541e-01
0.437500,0.550000,4.320425e-01
0.450000,0.550000,4.444335e-01
0.462500,0.550000,4.568272e-01
0.475000,0.550000,4.692234e-01
0.487500,0.550000,4.816056e-01
0.500000,0.550000,4.939485e-01
0.512500,0.550000,5.062516e-01
0.525000,0.550000,5.185150e-01
0.537500,0.550000,5.307386e-01
0.550000,0.550000,5.429226e-01
0.562500,0.550000,5.550668e-01
0.575000,0.550000,5.671713e-01
0.587500,0.550000,5.792361e-01
0.600000,0.550000,5.912611e-01
0.612500,0.550000,6.032464e-01
0.625000,0.550000,6.151920e-01
0.637500,0.550000,6.270979e-01
0.650000,0.550000,6.389641e-01
0.662500,0.550000,6.507905e-01
0.675000,0.550000,6.625772e-01
0.687500,0.550000,6.742561e-01
0.700000,0.550000,6.855246e-01
0.712500,0.550000,6.963469e-01
0.725000,0.550000,7.067230e-01
0.737500,0.550000,7.166527e-01
0.750000,0.550000,7.261362e-01
0.762500,0.550000,7.351734e-01
0.775000,0.550000,7.436304e-01
0.787500,0.550000,7.507791e-01
0.800000,0.550000,7.565097e-01
0.812500,0.550000,7.608222e-01
0.825000,0.550000,7.636020e-01
0.837500,0.550000,7.637388e-01
0.850000,0.550000,7.609532e-01
0.862500,0.550000,7.549743e-01
0.875000,0.550000,7.442938e-01
0.887500,0.550000,7.285189e-01
0.900000,0.550000,7.058670e-01
0.912500,0.550000,6.752279e-01
0.925000,0.550000,6.344597e-01
0.937500,0.550000,5.812150e-01
0.950000,0.550000,5.126481e-01
0.962500,0.550000,4.251755e-01
0.975000,0.550000,3.143741e-01
0.987500,0.550000,1.749033e-01
1.000000,0.550000,0.000000e+00
0.000000,0.562500,0.000000e+00
0.012500,0.562500,1.221371e-02
0.025000,0.562500,2.443000e-02
0.037500,0.562500,3.664888e-02
0.050000,0.562500,4.887036e-02
0.062500,0.562500,6.109442e-02
0.075000,0.562500,7.332107e-02
0.087500,0.562500,8.555031e-02
0.100000,0.562500,9.778214e-02
0.112500,0.562500,1.100166e-01
0.125000,0.562500,1.222536e-01
0.137500,0.562500,1.344932e-01
0.150000,0.562500,1.467354e-01
0.162500,0.562500,1.589801e-01
0.175000,0.562500,1.712275e-01
0.187500,0.562500,1.834774e-01
0.200000,0.562500,1.957300e-01
0.212500,0.562500,2.079851e-01
0.225000,0.562500,2.202428e-01
0.237500,0.562500,2.325032e-01
0.250000,0.562500,2.447661e-01
0.262500,0.562500,2.570315e-01
0.275000,0.562500,2.692996e-01
0.287500,0.562500,2.815703e-01
0.300000,0.562500,2.938435e-01
0.312500,0.562500,3.061194e-01
0.325000,0.562500,3.183978e-01
0.337500,0.562500,3.306788e-01
0.350000,0.562500,3.429625e-01
0.362500,0.562500,3.552487e-01
0.375000,0.562500,3.675375e-01
0.387500,0.562500,3.798288e-01
0.400000,0.562500,3.921228e-01
0.412500,0.562500,4.044194e-01
0.425000,0.562500,4.167185e-01
0.437500,0.562500,4.290203e-01
0.450000,0.562500,4.413246e-01
0.462500,0.562500,4.536315e-01
0.475000,0.562500,4.659410e-01
0.487500,0.562500,4.782367e-01
0.500000,0.562500,4.904931e-01
0.512500,0.562500,5.027102e-01
0.525000,0.562500,5.148878e-01
0.537500,0.562500,5.270259e-01
0.550000,0.562500,5.391246e-01
0.562500,0.562500,5.511839e-01
0.575000,0.562500,5.632037e-01
0.587500,0.562500,5.751841e-01
0.600000,0.562500,5.871250e-01
0.612500,0.562500,5.990265e-01
0.625000,0.562500,6.108886e-01
0.637500,0.562500,6.227112e-01
0.650000,0.562500,6.344943e-01
0.662500,0.562500,6.462380e-01
0.675000,0.562500,6.579423e-01
0.687500,0.562500,6.695394e-01
0.700000,0.562500,6.807292e-01
0.712500,0.562500,6.914757e-01
0.725000,0.562500,7.017792e-01
0.737500,0.562500,7.116395e-01
0.750000,0.562500,7.210566e-01
0.762500,0.562500,7.300306e-01
0.775000,0.562500,7.384285e-01
0.787500,0.562500,7.455271e-01
0.800000,0.562500,7.512176e-01
0.812500,0.562500,7.555000e-01
0.825000,0.562500,7.582603e-01
0.837500,0.562500,7.583962e-01
0.850000,0.562500,7.556301e-01
0.862500,0.562500,7.496930e-01
0.875000,0.562500,7.390872e-01
0.887500,0.562500,7.234227e-01
0.900000,0.562500,7.009292e-01
0.912500,0.562500,6.705044e-01
0.925000,0.562500,6.300214e-01
0.937500,0.562500,5.771492e-01
0.950000,0.562500,5.090620e-01
0.962500,0.562500,4.222013e-01
0.975000,0.562500,3.121749e-01
0.987500,0.562500,1.736798e-01
1.000000,0.562500,0.000000e+00
0.000000,0.575000,0.000000e+00
0.012500,0.575000,1.210900e-02
0.025000,0.575000,2.422057e-02
0.037500,0.575000,3.633470e-02
0.050000,0.575000,4.845141e-02
0.062500,0.575000,6.057067e-02
0.075000,0.575000,7.269251e-02
0.087500,0.575000,8.481691e-02
0.100000,0.575000,9.694388e-02
0.112500,0.575000,1.090734e-01
0.125000,0.575000,1.212055e-01
0.137500,0.575000,1.333402e-01
0.150000,0.575000,1.454774e-01
0.162500,0.575000,1.576172e-01
0.175000,0.575000,1.697596e-01
0.187500,0.575000,1.819045e-01
0.200000,0.575000,1.940520e-01
0.212500,0.575000,2.062021e-01
0.225000,0.575000,2.183548e-01
0.237500,0.575000,2.305100e-01
0.250000,0.575000,2.426677e-01
0.262500,0.575000,2.548281e-01
0.275000,0.575000,2.669910e-01
0.287500,0.575000,2.791565e-01
0.300000,0.575000,2.913245e-01
0.312500,0.575000,3.034951e-01
0.325000,0.575000,3.156683e-01
0.337500,0.575000,3.278440e-01
0.350000,0.575000,3.400223e-01
0.362500,0.575000,3.522032e-01
0.375000,0.575000,3.643867e-01
0.387500,0.575000,3.765727e-01
0.400000,0.575000,3.887612e-01
0.412500,0.575000,4.009524e-01
0.425000,0.575000,4.131461e-01
0.437500,0.575000,4.253424e-01
0.450000,0.575000,4.375412e-01
0.462500,0.575000,4.497426e-01
0.475000,0.575000,4.619466e-01
0.487500,0.575000,4.741369e-01
0.500000,0.575000,4.862883e-01
0.512500,0.575000,4.984006e-01
0.525000,0.575000,5.104738e-01
0.537500,0.575000,5.225079e-01
0.550000,0.575000,5.345029e-01
0.562500,0.575000,5.464588e-01
0.575000,0.575000,5.583755e-01
0.587500,0.575000,5.702532e-01
0.600000,0.575000,5.820918e-01
0.612500,0.575000,5.938912e-01
0.625000,0.575000,6.056516e-01
0.637500,0.575000,6.173728e-01
0.650000,0.575000,6.290549e-01
0.662500,0.575000,6.406980e-01
0.675000,0.575000,6.523019e-01
0.687500,0.575000,6.637996e-01
0.700000,0.575000,6.748934e-01
0.712500,0.575000,6.855479e-01
0.725000,0.575000,6.957630e-01
0.737500,0.575000,7.055388e-01
0.750000,0.575000,7.148752e-01
0.762500,0.575000,7.237722e-01
0.775000,0.575000,7.320981e-01
0.787500,0.575000,7.391359e-01
0.800000,0.575000,7.447776e-01
0.812500,0.575000,7.490233e-01
0.825000,0.575000,7.517599e-01
0.837500,0.575000,7.518946e-01
0.850000,0.575000,7.491522e-01
0.862500,0.575000,7.432660e-01
0.875000,0.575000,7.327512e-01
0.887500,0.575000,7.172209e-01
0.900000,0.575000,6.949203e-01
0.912500,0.575000,6.647563e-01
0.925000,0.575000,6.246204e-01
0.937500,0.575000,5.722014e-01
0.950000,0.575000,5.046979e-01
0.962500,0.575000,4.185818e-01
0.975000,0.575000,3.094987e-01
0.987500,0.575000,1.721909e-01
1.000000,0.575000,0.000000e+00
0.000000,0.587500,0.000000e+00
0.012500,0.587500,1.198564e-02
0.025000,0.587500,2.397382e-02
0.037500,0.587500,3.596454e-02
0.050000,0.587500,4.795780e-02
0.062500,0.587500,5.995360e-02
0.075000,0.587500,7.195194e-02
0.087500,0.587500,8.395283e-02
0.100000,0.587500,9.595625e-02
0.112500,0.587500,1.079622e-01
0.125000,0.587500,1.199707e-01
0.137500,0.587500,1.319818e-01
0.150000,0.587500,1.439954e-01
0.162500,0.587500,1.560115e-01
0.175000,0.587500,1.680302e-01
0.187500,0.587500,1.800514e-01
0.200000,0.587500,1.920751e-01
0.212500,0.587500,2.041014e-01
0.225000,0.587500,2.161302e-01
0.237500,0.587500,2.281616e-01
0.250000,0.587500,2.401955e-01
0.262500,0.587500,2.522320e-01
0.275000,0.587500,2.642710e-01
0.287500,0.587500,2.763125e-01
0.300000,0.587500,2.883566e-01
0.312500,0.587500,3.004032e-01
0.325000,0.587500,3.124524e-01
0.337500,0.587500,3.245041e-01
0.350000,0.587500,3.365583e-01
0.362500,0.587500,3.486151e-01
0.375000,0.587500,3.606744e-01
0.387500,0.587500,3.727363e-01
0.400000,0.587500,3.848007e-01
0.412500,0.587500,3.968676e-01
0.425000,0.587500,4.089371e-01
0.437500,0.587500,4.210091e-01
0.450000,0.587500,4.330837e-01
0.462500,0.587500,4.451608e-01
0.475000,0.587500,4.572404e-01
0.487500,0.587500,4.693065e-01
0.500000,0.587500,4.813341e-01
0.512500,0.587500,4.933230e-01
0.525000,0.587500,5.052732e-01
0.537500,0.587500,5.171847e-01
0.550000,0.587500,5.290575e-01
0.562500,0.587500,5.408916e-01
0.575000,0.587500,5.526870e-01
0.587500,0.587500,5.644436e-01
0.600000,0.587500,5.761616e-01
0.612500,0.587500,5.878408e-01
0.625000,0.587500,5.994814e-01
0.637500,0.587500,6.110832e-01
0.650000,0.587500,6.226463e-01
0.662500,0.587500,6.341707e-01
0.675000,0.587500,6.456564e-01
0.687500,0.587500,6.570370e-01
0.700000,0.587500,6.680178e-01
0.712500,0.587500,6.785638e-01
0.725000,0.587500,6.886748e-01
0.737500,0.587500,6.983510e-01
0.750000,0.587500,7.075922e-01
0.762500,0.587500,7.163986e-01
0.775000,0.587500,7.246397e-01
0.787500,0.587500,7.316058e-01
0.800000,0.587500,7.371901e-01
0.812500,0.587500,7.413925e-01
0.825000,0.587500,7.441013e-01
0.837500,0.587500,7.442346e-01
0.850000,0.587500,7.415201e-01
0.862500,0.587500,7.356939e-01
0.875000,0.587500,7.252861e-01
0.887500,0.587500,7.099141e-01
0.900000,0.587500,6.878407e-01
0.912500,0.587500,6.579840e-01
0.925000,0.587500,6.182569e-01
0.937500,0.587500,5.663720e-01
0.950000,0.587500,4.995562e-01
0.962500,0.587500,4.143174e-01
0.975000,0.587500,3.063457e-01
0.987500,0.587500,1.704366e-01
1.000000,0.587500,0.000000e+00
0.000000,0.600000,0.000000e+00
0.012500,0.600000,1.184362e-02
0.025000,0.600000,2.368975e-02
0.037500,0.600000,3.553839e-02
0.050000,0.600000,4.738954e-02
0.062500,0.600000,5.924320e-02
0.075000,0.600000,7.109938e-02
0.087500,0.600000,8.295806e-02
0.100000,0.600000,9.481925e-02
0.112500,0.600000,1.066830e-01
0.125000,0.600000,1.185492e-01
0.137500,0.600000,1.304179e-01
0.150000,0.600000,1.422891e-01
0.162500,0.600000,1.541629e-01
0.175000,0.600000,1.660391e-01
0.187500,0.600000,1.779179e-01
0.200000,0.600000,1.897992e-01
0.212500,0.600000,2.016830e-01
0.225000,0.600000,2.135693e-01
0.237500,0.600000,2.254581e-01
0.250000,0.600000,2.373494e-01
0.262500,0.600000,2.492432e-01
0.275000,0.600000,2.611396e-01
0.287500,0.600000,2.730384e-01
0.300000,0.600000,2.849398e-01
0.312500,0.600000,2.968437e-01
0.325000,0.600000,3.087501e-01
0.337500,0.600000,3.206590e-01
0.350000,0.600000,3.325704e-01
0.362500,0.600000,3.444843e-01
0.375000,0.600000,3.564007e-01
0.387500,0.600000,3.683197e-01
0.400000,0.600000,3.802411e-01
0.412500,0.600000,3.921651e-01
0.425000,0.600000,4.040915e-01
0.437500,0.600000,4.160205e-01
0.450000,0.600000,4.279520e-01
0.462500,0.600000,4.398860e-01
0.475000,0.600000,4.518225e-01
0.487500,0.600000,4.637456e-01
0.500000,0.600000,4.756307e-01
0.512500,0.600000,4.874776e-01
0.525000,0.600000,4.992862e-01
0.537500,0.600000,5.110565e-01
0.550000,0.600000,5.227886e-01
0.562500,0.600000,5.344825e-01
0.575000,0.600000,5.461381e-01
0.587500,0.600000,5.577555e-01
0.600000,0.600000,5.693346e-01
0.612500,0.600000,5.808754e-01
0.625000,0.600000,5.923780e-01
0.637500,0.600000,6.038424e-01
0.650000,0.600000,6.152685e-01
0.662500,0.600000,6.266563e-01
0.675000,0.600000,6.380059e-01
0.687500,0.600000,6.492517e-01
0.700000,0.600000,6.601024e-01
0.712500,0.600000,6.705233e-01
0.725000,0.600000,6.805146e-01
0.737500,0.600000,6.900761e-01
0.750000,0.600000,6.992078e-01
0.762500,0.600000,7.079099e-01
0.775000,0.600000,7.160533e-01
0.787500,0.600000,7.229369e-01
0.800000,0.600000,7.284550e-01
0.812500,0.600000,7.326076e-01
0.825000,0.600000,7.352843e-01
0.837500,0.600000,7.354160e-01
0.850000,0.600000,7.327337e-01
0.862500,0.600000,7.269765e-01
0.875000,0.600000,7.166921e-01
0.887500,0.600000,7.015022e-01
0.900000,0.600000,6.796903e-01
0.912500,0.600000,6.501874e-01
0.925000,0.600000,6.109311e-01
0.937500,0.600000,5.596609e-01
0.950000,0.600000,4.936369e-01
0.962500,0.600000,4.094081e-01
0.975000,0.600000,3.027157e-01
0.987500,0.600000,1.684171e-01
1.000000,0.600000,0.000000e+00
0.000000,0.612500,0.000000e+00
0.012500,0.612500,1.168321e-02
0.025000,0.612500,2.336889e-02
0.037500,0.612500,3.505705e-02
0.050000,0.612500,4.674769e-02
0.062500,0.612500,5.844081e-02
0.075000,0.612500,7.013640e-02
0.087500,0.612500,8.183447e-02
0.100000,0.612500,9.353501e-02
0.112500,0.612500,1.052380e-01
0.125000,0.612500,1.169435e-01
0.137500,0.612500,1.286515e-01
0.150000,0.612500,1.403620e-01
0.162500,0.612500,1.520749e-01
0.175000,0.612500,1.637903e-01
0.187500,0.612500,1.755082e-01
0.200000,0.612500,1.872285e-01
0.212500,0.612500,1.989514e-01
0.225000,0.612500,2.106767e-01
0.237500,0.612500,2.224045e-01
0.250000,0.612500,2.341347e-01
0.262500,0.612500,2.458675e-01
0.275000,0.612500,2.576027e-01
0.287500,0.612500,2.693404e-01
0.300000,0.612500,2.810805e-01
0.312500,0.612500,2.928232e-01
0.325000,0.612500,3.045683e-01
0.337500,0.612500,3.163159e-01
0.350000,0.612500,3.280660e-01
0.362500,0.612500,3.398186e-01
0.375000,0.612500,3.515736e-01
0.387500,0.612500,3.633311e-01
0.400000,0.612500,3.750911e-01
0.412500,0.612500,3.868535e-01
0.425000,0.612500,3.986185e-01
0.437500,0.612500,4.103859e-01
0.450000,0.612500,4.221558e-01
0.462500,0.612500,4.339281e-01
0.475000,0.612500,4.457030e-01
0.487500,0.612500,4.574646e-01
0.500000,0.612500,4.691887e-01
0.512500,0.612500,4.808751e-01
0.525000,0.612500,4.925238e-01
0.537500,0.612500,5.041347e-01
0.550000,0.612500,5.157079e-01
0.562500,0.612500,5.272434e-01
0.575000,0.612500,5.387411e-01
0.587500,0.612500,5.502011e-01
0.600000,0.612500,5.616234e-01
0.612500,0.612500,5.730080e-01
0.625000,0.612500,5.843548e-01
0.637500,0.612500,5.956638e-01
0.650000,0.612500,6.069352e-01
0.662500,0.612500,6.181688e-01
0.675000,0.612500,6.293647e-01
0.687500,0.612500,6.404581e-01
0.700000,0.612500,6.511618e-01
0.712500,0.612500,6.614417e-01
0.725000,0.612500,6.712976e-01
0.737500,0.612500,6.807296e-01
0.750000,0.612500,6.897377e-01
0.762500,0.612500,6.983218e-01
0.775000,0.612500,7.063550e-01
0.787500,0.612500,7.131453e-01
0.800000,0.612500,7.185886e-01
0.812500,0.612500,7.226850e-01
0.825000,0.612500,7.253254e-01
0.837500,0.612500,7.254554e-01
0.850000,0.612500,7.228094e-01
0.862500,0.612500,7.171302e-01
0.875000,0.612500,7.069851e-01
0.887500,0.612500,6.920009e-01
0.900000,0.612500,6.704845e-01
0.912500,0.612500,6.413812e-01
0.925000,0.612500,6.026565e-01
0.937500,0.612500,5.520808e-01
0.950000,0.612500,4.869510e-01
0.962500,0.612500,4.038630e-01
0.975000,0.612500,2.986157e-01
0.987500,0.612500,1.661360e-01
1.000000,0.612500,0.000000e+00
0.000000,0.625000,0.000000e+00
0.012500,0.625000,1.150510e-02
0.025000,0.625000,2.301264e-02
0.037500,0.625000,3.452263e-02
0.050000,0.625000,4.603505e-02
0.062500,0.625000,5.754990e-02
0.075000,0.625000,6.906720e-02
0.087500,0.625000,8.058694e-02
0.100000,0.625000,9.210911e-02
0.112500,0.625000,1.036337e-01
0.125000,0.625000,1.151608e-01
0.137500,0.625000,1.266903e-01
0.150000,0.625000,1.382222e-01
0.162500,0.625000,1.497566e-01
0.175000,0.625000,1.612934e-01
0.187500,0.625000,1.728326e-01
0.200000,0.625000,1.843743e-01
0.212500,0.625000,1.959184e-01
0.225000,0.625000,2.074650e-01
0.237500,0.625000,2.190140e-01
0.250000,0.625000,2.305654e-01
0.262500,0.625000,2.421193e-01
0.275000,0.625000,2.536756e-01
0.287500,0.625000,2.652344e-01
0.300000,0.625000,2.767956e-01
0.312500,0.625000,2.883592e-01
0.325000,0.625000,2.999253e-01
0.337500,0.625000,3.114938e-01
0.350000,0.625000,3.230648e-01
0.362500,0.625000,3.346382e-01
0.375000,0.625000,3.462140e-01
0.387500,0.625000,3.577923e-01
0.400000,0.625000,3.693730e-01
0.412500,0.625000,3.809561e-01
0.425000,0.625000,3.925417e-01
0.437500,0.625000,4.041297e-01
0.450000,0.625000,4.157202e-01
0.462500,0.625000,4.273131e-01
0.475000,0.625000,4.389084e-01
0.487500,0.625000,4.504907e-01
0.500000,0.625000,4.620361e-01
0.512500,0.625000,4.735444e-01
0.525000,0.625000,4.850155e-01
0.537500,0.625000,4.964494e-01
0.550000,0.625000,5.078462e-01
0.562500,0.625000,5.192058e-01
0.575000,0.625000,5.305282e-01
0.587500,0.625000,5.418135e-01
0.600000,0.625000,5.530617e-01
0.612500,0.625000,5.642727e-01
0.625000,0.625000,5.754465e-01
0.637500,0.625000,5.865832e-01
0.650000,0.625000,5.976827e-01
0.662500,0.625000,6.087451e-01
0.675000,0.625000,6.197703e-01
0.687500,0.625000,6.306946e-01
0.700000,0.625000,6.412351e-01
0.712500,0.625000,6.513582e-01
0.725000,0.625000,6.610639e-01
0.737500,0.625000,6.703521e-01
0.750000,0.625000,6.792229e-01
0.762500,0.625000,6.876762e-01
0.775000,0.625000,6.955868e-01
0.787500,0.625000,7.022737e-01
0.800000,0.625000,7.076340e-01
0.812500,0.625000,7.116679e-01
0.825000,0.625000,7.142681e-01
0.837500,0.625000,7.143961e-01
0.850000,0.625000,7.117905e-01
0.862500,0.625000,7.061978e-01
0.875000,0.625000,6.962074e-01
0.887500,0.625000,6.814516e-01
0.900000,0.625000,6.602632e-01
0.912500,0.625000,6.316035e-01
0.925000,0.625000,5.934693e-01
0.937500,0.625000,5.436645e-01
0.950000,0.625000,4.795276e-01
0.962500,0.625000,3.977063e-01
0.975000,0.625000,2.940634e-01
0.987500,0.625000,1.636034e-01
1.000000,0.625000,0.000000e+00
0.000000,0.637500,0.000000e+00
0.012500,0.637500,1.130934e-02
0.025000,0.637500,2.262108e-02
0.037500,0.637500,3.393521e-02
0.050000,0.637500,4.525175e-02
0.062500,0.637500,5.657068e-02
0.075000,0.637500,6.789200e-02
0.087500,0.637500,7.921573e-02
0.100000,0.637500,9.054185e-02
0.112500,0.637500,1.018704e-01
0.125000,0.637500,1.132013e-01
0.137500,0.637500,1.245346e-01
0.150000,0.637500,1.358703e-01
0.162500,0.637500,1.472084e-01
0.175000,0.637500,1.585489e-01
0.187500,0.637500,1.698918e-01
0.200000,0.637500,1.812371e-01
0.212500,0.637500,1.925848e-01
0.225000,0.637500,2.039349e-01
0.237500,0.637500,2.152874e-01
0.250000,0.637500,2.266423e-01
0.262500,0.637500,2.379996e-01
0.275000,0.637500,2.493593e-01
0.287500,0.637500,2.607214e-01
0.300000,0.637500,2.720858e-01
0.312500,0.637500,2.834527e-01
0.325000,0.637500,2.948220e-01
0.337500,0.637500,3.061937e-01
0.350000,0.637500,3.175677e-01
0.362500,0.637500,3.289442e-01
0.375000,0.637500,3.403231e-01
0.387500,0.637500,3.517043e-01
0.400000,0.637500,3.630880e-01
0.412500,0.637500,3.744740e-01
0.425000,0.637500,3.858625e-01
0.437500,0.637500,3.972533e-01
0.450000,0.637500,4.086466e-01
0.462500,0.637500,4.200422e-01
0.475000,0.637500,4.314403e-01
0.487500,0.637500,4.428255e-01
0.500000,0.637500,4.541744e-01
0.512500,0.637500,4.654869e-01
0.525000,0.637500,4.767628e-01
0.537500,0.637500,4.880021e-01
0.550000,0.637500,4.992050e-01
0.562500,0.637500,5.103713e-01
0.575000,0.637500,5.215011e-01
0.587500,0.637500,5.325944e-01
0.600000,0.637500,5.436512e-01
0.612500,0.637500,5.546714e-01
0.625000,0.637500,5.656551e-01
0.637500,0.637500,5.766023e-01
0.650000,0.637500,5.875129e-01
0.662500,0.637500,5.983871e-01
0.675000,0.637500,6.092247e-01
0.687500,0.637500,6.199631e-01
0.700000,0.637500,6.303243e-01
0.712500,0.637500,6.402751e-01
0.725000,0.637500,6.498156e-01
0.737500,0.637500,6.589458e-01
0.750000,0.637500,6.676656e-01
0.762500,0.637500,6.759751e-01
0.775000,0.637500,6.837512e-01
0.787500,0.637500,6.903242e-01
0.800000,0.637500,6.955934e-01
0.812500,0.637500,6.995587e-01
0.825000,0.637500,7.021146e-01
0.837500,0.637500,7.022404e-01
0.850000,0.637500,6.996791e-01
0.862500,0.637500,6.941816e-01
0.875000,0.637500,6.843611e-01
0.887500,0.637500,6.698565e-01
0.900000,0.637500,6.490285e-01
0.912500,0.637500,6.208566e-01
0.925000,0.637500,5.833712e-01
0.937500,0.637500,5.344139e-01
0.950000,0.637500,4.713682e-01
0.962500,0.637500,3.909392e-01
0.975000,0.637500,2.890598e-01
0.987500,0.637500,1.608196e-01
1.000000,0.637500,0.000000e+00
0.000000,0.650000,0.000000e+00
0.012500,0.650000,1.109592e-02
0.025000,0.650000,2.219419e-02
0.037500,0.650000,3.329482e-02
0.050000,0.650000,4.439779e-02
0.062500,0.650000,5.550312e-02
0.075000,0.650000,6.661080e-02
0.087500,0.650000,7.772084e-02
0.100000,0.650000,8.883322e-02
0.112500,0.650000,9.994796e-02
0.125000,0.650000,1.110650e-01
0.137500,0.650000,1.221845e-01
0.150000,0.650000,1.333063e-01
0.162500,0.650000,1.444304e-01
0.175000,0.650000,1.555569e-01
0.187500,0.650000,1.666858e-01
0.200000,0.650000,1.778170e-01
0.212500,0.650000,1.889505e-01
0.225000,0.650000,2.000864e-01
0.237500,0.650000,2.112247e-01
0.250000,0.650000,2.223653e-01
0.262500,0.650000,2.335083e-01
0.275000,0.650000,2.446536e-01
0.287500,0.650000,2.558012e-01
0.300000,0.650000,2.669513e-01
0.312500,0.650000,2.781036e-01
0.325000,0.650000,2.892584e-01
0.337500,0.650000,3.004154e-01
0.350000,0.650000,3.115749e-01
0.362500,0.650000,3.227366e-01
0.375000,0.650000,3.339008e-01
0.387500,0.650000,3.450672e-01
0.400000,0.650000,3.562361e-01
0.412500,0.650000,3.674073e-01
0.425000,0.650000,3.785808e-01
0.437500,0.650000,3.897567e-01
0.450000,0.650000,4.009349e-01
0.462500,0.650000,4.121155e-01
0.475000,0.650000,4.232985e-01
0.487500,0.650000,4.344688e-01
0.500000,0.650000,4.456036e-01
0.512500,0.650000,4.567026e-01
0.525000,0.650000,4.677657e-01
0.537500,0.650000,4.787930e-01
0.550000,0.650000,4.897844e-01
0.562500,0.650000,5.007400e-01
0.575000,0.650000,5.116598e-01
0.587500,0.650000,5.225437e-01
0.600000,0.650000,5.333918e-01
0.612500,0.650000,5.442041e-01
0.625000,0.650000,5.549805e-01
0.637500,0.650000,5.657211e-01
0.650000,0.650000,5.764259e-01
0.662500,0.650000,5.870948e-01
0.675000,0.650000,5.977279e-01
0.687500,0.650000,6.082636e-01
0.700000,0.650000,6.184293e-01
0.712500,0.650000,6.281924e-01
0.725000,0.650000,6.375528e-01
0.737500,0.650000,6.465107e-01
0.750000,0.650000,6.550660e-01
0.762500,0.650000,6.632187e-01
0.775000,0.650000,6.708480e-01
0.787500,0.650000,6.772970e-01
0.800000,0.650000,6.824667e-01
0.812500,0.650000,6.863571e-01
0.825000,0.650000,6.888648e-01
0.837500,0.650000,6.889882e-01
0.850000,0.650000,6.864753e-01
0.862500,0.650000,6.810815e-01
0.875000,0.650000,6.714464e-01
0.887500,0.650000,6.572155e-01
0.900000,0.650000,6.367806e-01
0.912500,0.650000,6.091402e-01
0.925000,0.650000,5.723622e-01
0.937500,0.650000,5.243288e-01
0.950000,0.650000,4.624729e-01
0.962500,0.650000,3.835616e-01
0.975000,0.650000,2.836049e-01
0.987500,0.650000,1.577847e-01
1.000000,0.650000,0.000000e+00
0.000000,0.662500,0.000000e+00
0.012500,0.662500,1.086504e-02
0.025000,0.662500,2.173238e-02
0.037500,0.662500,3.260202e-02
0.050000,0.662500,4.347397e-02
0.062500,0.662500,5.434822e-02
0.075000,0.662500,6.522478e-02
0.087500,0.662500,7.610363e-02
0.100000,0.662500,8.698479e-02
0.112500,0.662500,9.786826e-02
0.125000,0.662500,1.087540e-01
0.137500,0.662500,1.196421e-01
0.150000,0.662500,1.305325e-01
0.162500,0.662500,1.414251e-01
0.175000,0.662500,1.523201e-01
0.187500,0.662500,1.632174e-01
0.200000,0.662500,1.741170e-01
0.212500,0.662500,1.850189e-01
0.225000,0.662500,1.959231e-01
0.237500,0.662500,2.068296e-01
0.250000,0.662500,2.177384e-01
0.262500,0.662500,2.286495e-01
0.275000,0.662500,2.395629e-01
0.287500,0.662500,2.504786e-01
0.300000,0.662500,2.613966e-01
0.312500,0.662500,2.723169e-01
0.325000,0.662500,2.832395e-01
0.337500,0.662500,2.941644e-01
0.350000,0.662500,3.050916e-01
0.362500,0.662500,3.160212e-01
0.375000,0.662500,3.269530e-01
0.387500,0.662500,3.378871e-01
0.400000,0.662500,3.488236e-01
0.412500,0.662500,3.597623e-01
0.425000,0.662500,3.707033e-01
0.437500,0.662500,3.816467e-01
0.450000,0.662500,3.925923e-01
0.462500,0.662500,4.035403e-01
0.475000,0.662500,4.144905e-01
0.487500,0.662500,4.254285e-01
0.500000,0.662500,4.363315e-01
0.512500,0.662500,4.471995e-01
0.525000,0.662500,4.580325e-01
0.537500,0.662500,4.688303e-01
0.550000,0.662500,4.795930e-01
0.562500,0.662500,4.903207e-01
0.575000,0.662500,5.010132e-01
0.587500,0.662500,5.116707e-01
0.600000,0.662500,5.222930e-01
0.612500,0.662500,5.328803e-01
0.625000,0.662500,5.434325e-01
0.637500,0.662500,5.539496e-01
0.650000,0.662500,5.644316e-01
0.662500,0.662500,5.748785e-01
0.675000,0.662500,5.852904e-01
0.687500,0.662500,5.956069e-01
0.700000,0.662500,6.055611e-01
0.712500,0.662500,6.151210e-01
0.725000,0.662500,6.242867e-01
0.737500,0.662500,6.330581e-01
0.750000,0.662500,6.414354e-01
0.762500,0.662500,6.494184e-01
0.775000,0.662500,6.568890e-01
0.787500,0.662500,6.632038e-01
0.800000,0.662500,6.682659e-01
0.812500,0.662500,6.720754e-01
0.825000,0.662500,6.745309e-01
0.837500,0.662500,6.746518e-01
0.850000,0.662500,6.721911e-01
0.862500,0.662500,6.669096e-01
0.875000,0.662500,6.574750e-01
0.887500,0.662500,6.435402e-01
0.900000,0.662500,6.235305e-01
0.912500,0.662500,5.964653e-01
0.925000,0.662500,5.604525e-01
0.937500,0.662500,5.134186e-01
0.950000,0.662500,4.528498e-01
0.962500,0.662500,3.755805e-01
0.975000,0.662500,2.777036e-01
0.987500,0.662500,1.545015e-01
1.000000,0.662500,0.000000e+00
0.000000,0.675000,0.000000e+00
0.012500,0.675000,1.061784e-02
0.025000,0.675000,2.123793e-02
0.037500,0.675000,3.186028e-02
0.050000,0.675000,4.248487e-02
0.062500,0.675000,5.311171e-02
0.075000,0.675000,6.374081e-02
0.087500,0.675000,7.437215e-02
0.100000,0.675000,8.500575e-02
0.112500,0.675000,9.564160e-02
0.125000,0.675000,1.062797e-01
0.137500,0.675000,1.169200e-01
0.150000,0.675000,1.275626e-01
0.162500,0.675000,1.382075e-01
0.175000,0.675000,1.488546e-01
0.187500,0.675000,1.595039e-01
0.200000,0.675000,1.701555e-01
0.212500,0.675000,1.808094e-01
0.225000,0.675000,1.914655e-01
0.237500,0.675000,2.021238e-01
0.250000,0.675000,2.127844e-01
0.262500,0.675000,2.234473e-01
0.275000,0.675000,2.341124e-01
0.287500,0.675000,2.447798e-01
0.300000,0.675000,2.554494e-01
0.312500,0.675000,2.661212e-01
0.325000,0.675000,2.767953e-01
0.337500,0.675000,2.874717e-01
0.350000,0.675000,2.981503e-01
0.362500,0.675000,3.088312e-01
0.375000,0.675000,3.195143e-01
0.387500,0.675000,3.301996e-01
0.400000,0.675000,3.408872e-01
0.412500,0.675000,3.515771e-01
0.425000,0.675000,3.622692e-01
0.437500,0.675000,3.729636e-01
0.450000,0.675000,3.836602e-01
0.462500,0.675000,3.943590e-01
0.475000,0.675000,4.050602e-01
0.487500,0.675000,4.157492e-01
0.500000,0.675000,4.264043e-01
0.512500,0.675000,4.370250e-01
0.525000,0.675000,4.476114e-01
0.537500,0.675000,4.581636e-01
0.550000,0.675000,4.686814e-01
0.562500,0.675000,4.791650e-01
0.575000,0.675000,4.896143e-01
0.587500,0.675000,5.000293e-01
0.600000,0.675000,5.104100e-01
0.612500,0.675000,5.207564e-01
0.625000,0.675000,5.310685e-01
0.637500,0.675000,5.413463e-01
0.650000,0.675000,5.515898e-01
0.662500,0.675000,5.617991e-01
0.675000,0.675000,5.719740e-01
0.687500,0.675000,5.820558e-01
0.700000,0.675000,5.917835e-01
0.712500,0.675000,6.011259e-01
0.725000,0.675000,6.100830e-01
0.737500,0.675000,6.186550e-01
0.750000,0.675000,6.268416e-01
0.762500,0.675000,6.346430e-01
0.775000,0.675000,6.419436e-01
0.787500,0.675000,6.481147e-01
0.800000,0.675000,6.530617e-01
0.812500,0.675000,6.567845e-01
0.825000,0.675000,6.591842e-01
0.837500,0.675000,6.593023e-01
0.850000,0.675000,6.568976e-01
0.862500,0.675000,6.517362e-01
0.875000,0.675000,6.425162e-01
0.887500,0.675000,6.288985e-01
0.900000,0.675000,6.093440e-01
0.912500,0.675000,5.828946e-01
0.925000,0.675000,5.477012e-01
0.937500,0.675000,5.017374e-01
0.950000,0.675000,4.425467e-01
0.962500,0.675000,3.670354e-01
0.975000,0.675000,2.713854e-01
0.987500,0.675000,1.509863e-01
1.000000,0.675000,0.000000e+00
0.000000,0.687500,0.000000e+00
0.012500,0.687500,1.035452e-02
0.025000,0.687500,2.071123e-02
0.037500,0.687500,3.107014e-02
0.050000,0.687500,4.143124e-02
0.062500,0.687500,5.179453e-02
0.075000,0.687500,6.216002e-02
0.087500,0.687500,7.252771e-02
0.100000,0.687500,8.289759e-02
0.112500,0.687500,9.326966e-02
0.125000,0.687500,1.036439e-01
0.137500,0.687500,1.140204e-01
0.150000,0.687500,1.243991e-01
0.162500,0.687500,1.347799e-01
0.175000,0.687500,1.451630e-01
0.187500,0.687500,1.555482e-01
0.200000,0.687500,1.659356e-01
0.212500,0.687500,1.763253e-01
0.225000,0.687500,1.867171e-01
0.237500,0.687500,1.971111e-01
0.250000,0.687500,2.075073e-01
0.262500,0.687500,2.179058e-01
0.275000,0.687500,2.283064e-01
0.287500,0.687500,2.387092e-01
0.300000,0.687500,2.491142e-01
0.312500,0.687500,2.595213e-01
0.325000,0.687500,2.699307e-01
0.337500,0.687500,2.803423e-01
0.350000,0.687500,2.907561e-01
0.362500,0.687500,3.011721e-01
0.375000,0.687500,3.115902e-01
0.387500,0.687500,3.220106e-01
0.400000,0.687500,3.324331e-01
0.412500,0.687500,3.428579e-01
0.425000,0.687500,3.532848e-01
0.437500,0.687500,3.637140e-01
0.450000,0.687500,3.741453e-01
0.462500,0.687500,3.845788e-01
0.475000,0.687500,3.950145e-01
0.487500,0.687500,4.054385e-01
0.500000,0.687500,4.158293e-01
0.512500,0.687500,4.261866e-01
0.525000,0.687500,4.365105e-01
0.537500,0.687500,4.468010e-01
0.550000,0.687500,4.570580e-01
0.562500,0.687500,4.672816e-01
0.575000,0.687500,4.774717e-01
0.587500,0.687500,4.876284e-01
0.600000,0.687500,4.977516e-01
0.612500,0.687500,5.078414e-01
0.625000,0.687500,5.178978e-01
0.637500,0.687500,5.279207e-01
0.650000,0.687500,5.379102e-01
0.662500,0.687500,5.478662e-01
0.675000,0.687500,5.577888e-01
0.687500,0.687500,5.676206e-01
0.700000,0.687500,5.771070e-01
0.712500,0.687500,5.862177e-01
0.725000,0.687500,5.949527e-01
0.737500,0.687500,6.033121e-01
0.750000,0.687500,6.112957e-01
0.762500,0.687500,6.189036e-01
0.775000,0.687500,6.260231e-01
0.787500,0.687500,6.320412e-01
0.800000,0.687500,6.368655e-01
0.812500,0.687500,6.404960e-01
0.825000,0.687500,6.428361e-01
0.837500,0.687500,6.429513e-01
0.850000,0.687500,6.406063e-01
0.862500,0.687500,6.355729e-01
0.875000,0.687500,6.265816e-01
0.887500,0.687500,6.133015e-01
0.900000,0.687500,5.942320e-01
0.912500,0.687500,5.684386e-01
0.925000,0.687500,5.341180e-01
0.937500,0.687500,4.892941e-01
0.950000,0.687500,4.315713e-01
0.962500,0.687500,3.579327e-01
0.975000,0.687500,2.646549e-01
0.987500,0.687500,1.472418e-01
1.000000,0.687500,0.000000e+00
0.000000,0.700000,0.000000e+00
0.012500,0.700000,1.007507e-02
0.025000,0.700000,2.015227e-02
0.037500,0.700000,3.023160e-02
0.050000,0.700000,4.031307e-02
0.062500,0.700000,5.039668e-02
0.075000,0.700000,6.048242e-02
0.087500,0.700000,7.057030e-02
0.100000,0.700000,8.066031e-02
0.112500,0.700000,9.075246e-02
0.125000,0.700000,1.008467e-01
0.137500,0.700000,1.109432e-01
0.150000,0.700000,1.210417e-01
0.162500,0.700000,1.311424e-01
0.175000,0.700000,1.412452e-01
0.187500,0.700000,1.513502e-01
0.200000,0.700000,1.614573e-01
0.212500,0.700000,1.715665e-01
0.225000,0.700000,1.816779e-01
0.237500,0.700000,1.917914e-01
0.250000,0.700000,2.019070e-01
0.262500,0.700000,2.120248e-01
0.275000,0.700000,2.221447e-01
0.287500,0.700000,2.322668e-01
0.300000,0.700000,2.423909e-01
0.312500,0.700000,2.525172e-01
0.325000,0.700000,2.626457e-01
0.337500,0.700000,2.727763e-01
0.350000,0.700000,2.829090e-01
0.362500,0.700000,2.930439e-01
0.375000,0.700000,3.031809e-01
0.387500,0.700000,3.133200e-01
0.400000,0.700000,3.234612e-01
0.412500,0.700000,3.336046e-01
0.425000,0.700000,3.437502e-01
0.437500,0.700000,3.538978e-01
0.450000,0.700000,3.640476e-01
0.462500,0.700000,3.741996e-01
0.475000,0.700000,3.843537e-01
0.487500,0.700000,3.944963e-01
0.500000,0.700000,4.046066e-01
0.512500,0.700000,4.146845e-01
0.525000,0.700000,4.247297e-01
0.537500,0.700000,4.347424e-01
0.550000,0.700000,4.447226e-01
0.562500,0.700000,4.546703e-01
0.575000,0.700000,4.645854e-01
0.587500,0.700000,4.744680e-01
0.600000,0.700000,4.843180e-01
0.612500,0.700000,4.941355e-01
0.625000,0.700000,5.039204e-01
0.637500,0.700000,5.136728e-01
0.650000,0.700000,5.233927e-01
0.662500,0.700000,5.330801e-01
0.675000,0.700000,5.427349e-01
0.687500,0.700000,5.523013e-01
0.700000,0.700000,5.615317e-01
0.712500,0.700000,5.703965e-01
0.725000,0.700000,5.788958e-01
0.737500,0.700000,5.870295e-01
0.750000,0.700000,5.947976e-01
0.762500,0.700000,6.022002e-01
0.775000,0.700000,6.091276e-01
0.787500,0.700000,6.149833e-01
0.800000,0.700000,6.196773e-01
0.812500,0.700000,6.232099e-01
0.825000,0.700000,6.254868e-01
0.837500,0.700000,6.255989e-01
0.850000,0.700000,6.233171e-01
0.862500,0.700000,6.184196e-01
0.875000,0.700000,6.096709e-01
0.887500,0.700000,5.967493e-01
0.900000,0.700000,5.781945e-01
0.912500,0.700000,5.530972e-01
0.925000,0.700000,5.197029e-01
0.937500,0.700000,4.760887e-01
0.950000,0.700000,4.199238e-01
0.962500,0.700000,3.482726e-01
0.975000,0.700000,2.575122e-01
0.987500,0.700000,1.432680e-01
1.000000,0.700000,0.000000e+00
0.000000,0.712500,0.000000e+00
0.012500,0.712500,9.779501e-03
0.025000,0.712500,1.956107e-02
0.037500,0.712500,2.934472e-02
0.050000,0.712500,3.913044e-02
0.062500,0.712500,4.891823e-02
0.075000,0.712500,5.870809e-02
0.087500,0.712500,6.850003e-02
0.100000,0.712500,7.829404e-02
0.112500,0.712500,8.809012e-02
0.125000,0.712500,9.788827e-02
0.137500,0.712500,1.076885e-01
0.150000,0.712500,1.174908e-01
0.162500,0.712500,1.272952e-01
0.175000,0.712500,1.371016e-01
0.187500,0.712500,1.469101e-01
0.200000,0.712500,1.567207e-01
0.212500,0.712500,1.665334e-01
0.225000,0.712500,1.763481e-01
0.237500,0.712500,1.861649e-01
0.250000,0.712500,1.959838e-01
0.262500,0.712500,2.058048e-01
0.275000,0.712500,2.156278e-01
0.287500,0.712500,2.254529e-01
0.300000,0.712500,2.352801e-01
0.312500,0.712500,2.451093e-01
0.325000,0.712500,2.549406e-01
0.337500,0.712500,2.647740e-01
0.350000,0.712500,2.746095e-01
0.362500,0.712500,2.844470e-01
0.375000,0.712500,2.942866e-01
0.387500,0.712500,3.041283e-01
0.400000,0.712500,3.139720e-01
0.412500,0.712500,3.238179e-01
0.425000,0.712500,3.336658e-01
0.437500,0.712500,3.435157e-01
0.450000,0.712500,3.533678e-01
0.462500,0.712500,3.632219e-01
0.475000,0.712500,3.730781e-01
0.487500,0.712500,3.829232e-01
0.500000,0.712500,3.927369e-01
0.512500,0.712500,4.025191e-01
0.525000,0.712500,4.122696e-01
0.537500,0.712500,4.219886e-01
0.550000,0.712500,4.316760e-01
0.562500,0.712500,4.413318e-01
0.575000,0.712500,4.509561e-01
0.587500,0.712500,4.605487e-01
0.600000,0.712500,4.701098e-01
0.612500,0.712500,4.796392e-01
0.625000,0.712500,4.891371e-01
0.637500,0.712500,4.986034e-01
0.650000,0.712500,5.080382e-01
0.662500,0.712500,5.174413e-01
0.675000,0.712500,5.268129e-01
0.687500,0.712500,5.360986e-01
0.700000,0.712500,5.450582e-01
0.712500,0.712500,5.536630e-01
0.725000,0.712500,5.619129e-01
0.737500,0.712500,5.698080e-01
0.750000,0.712500,5.773483e-01
0.762500,0.712500,5.845337e-01
0.775000,0.712500,5.912579e-01
0.787500,0.712500,5.969417e-01
0.800000,0.712500,6.014981e-01
0.812500,0.712500,6.049270e-01
0.825000,0.712500,6.071372e-01
0.837500,0.712500,6.072459e-01
0.850000,0.712500,6.050311e-01
0.862500,0.712500,6.002773e-01
0.875000,0.712500,5.917853e-01
0.887500,0.712500,5.792427e-01
0.900000,0.712500,5.612322e-01
0.912500,0.712500,5.368712e-01
0.925000,0.712500,5.044565e-01
0.937500,0.712500,4.621219e-01
0.950000,0.712500,4.076046e-01
0.962500,0.712500,3.380555e-01
0.975000,0.712500,2.499577e-01
0.987500,0.712500,1.390650e-01
1.000000,0.712500,0.000000e+00
0.000000,0.725000,0.000000e+00
0.012500,0.725000,9.469075e-03
0.025000,0.725000,1.894016e-02
0.037500,0.725000,2.841325e-02
0.050000,0.725000,3.788834e-02
0.062500,0.725000,4.736544e-02
0.075000,0.725000,5.684455e-02
0.087500,0.725000,6.632567e-02
0.100000,0.725000,7.580879e-02
0.112500,0.725000,8.529392e-02
0.125000,0.725000,9.478105e-02
0.137500,0.725000,1.042702e-01
0.150000,0.725000,1.137613e-01
0.162500,0.725000,1.232545e-01
0.175000,0.725000,1.327497e-01
0.187500,0.725000,1.422468e-01
0.200000,0.725000,1.517460e-01
0.212500,0.725000,1.612472e-01
0.225000,0.725000,1.707504e-01
0.237500,0.725000,1.802556e-01
0.250000,0.725000,1.897628e-01
0.262500,0.725000,1.992720e-01
0.275000,0.725000,2.087832e-01
0.287500,0.725000,2.182964e-01
0.300000,0.725000,2.278116e-01
0.312500,0.725000,2.373289e-01
0.325000,0.725000,2.468481e-01
0.337500,0.725000,2.563694e-01
0.350000,0.725000,2.658926e-01
0.362500,0.725000,2.754179e-01
0.375000,0.725000,2.849452e-01
0.387500,0.725000,2.944744e-01
0.400000,0.725000,3.040057e-01
0.412500,0.725000,3.135390e-01
0.425000,0.725000,3.230743e-01
0.437500,0.725000,3.326116e-01
0.450000,0.725000,3.421509e-01
0.462500,0.725000,3.516922e-01
0.475000,0.725000,3.612355e-01
0.487500,0.725000,3.707681e-01
0.500000,0.725000,3.802703e-01
0.512500,0.725000,3.897420e-01
0.525000,0.725000,3.991830e-01
0.537500,0.725000,4.085935e-01
0.550000,0.725000,4.179734e-01
0.562500,0.725000,4.273227e-01
0.575000,0.725000,4.366414e-01
0.587500,0.725000,4.459296e-01
0.600000,0.725000,4.551872e-01
0.612500,0.725000,4.644141e-01
0.625000,0.725000,4.736105e-01
0.637500,0.725000,4.827764e-01
0.650000,0.725000,4.919116e-01
0.662500,0.725000,5.010163e-01
0.675000,0.725000,5.100903e-01
0.687500,0.725000,5.190814e-01
0.700000,0.725000,5.277565e-01
0.712500,0.725000,5.360882e-01
0.725000,0.725000,5.440762e-01
0.737500,0.725000,5.517207e-01
0.750000,0.725000,5.590216e-01
0.762500,0.725000,5.659789e-01
0.775000,0.725000,5.724896e-01
0.787500,0.725000,5.779931e-01
0.800000,0.725000,5.824048e-01
0.812500,0.725000,5.857249e-01
0.825000,0.725000,5.878649e-01
0.837500,0.725000,5.879702e-01
0.850000,0.725000,5.858257e-01
0.862500,0.725000,5.812227e-01
0.875000,0.725000,5.730003e-01
0.887500,0.725000,5.608559e-01
0.900000,0.725000,5.434171e-01
0.912500,0.725000,5.198293e-01
0.925000,0.725000,4.884436e-01
0.937500,0.725000,4.474528e-01
0.950000,0.725000,3.946661e-01
0.962500,0.725000,3.273246e-01
0.975000,0.725000,2.420233e-01
0.987500,0.725000,1.346507e-01
1.000000,0.725000,0.000000e+00
0.000000,0.737500,0.000000e+00
0.012500,0.737500,9.144595e-03
0.025000,0.737500,1.829113e-02
0.037500,0.737500,2.743960e-02
0.050000,0.737500,3.659001e-02
0.062500,0.737500,4.574235e-02
0.075000,0.737500,5.489664e-02
0.087500,0.737500,6.405286e-02
0.100000,0.737500,7.321102e-02
0.112500,0.737500,8.237111e-02
0.125000,0.737500,9.153315e-02
0.137500,0.737500,1.006971e-01
0.150000,0.737500,1.098630e-01
0.162500,0.737500,1.190309e-01
0.175000,0.737500,1.282007e-01
0.187500,0.737500,1.373724e-01
0.200000,0.737500,1.465461e-01
0.212500,0.737500,1.557217e-01
0.225000,0.737500,1.648992e-01
0.237500,0.737500,1.740787e-01
0.250000,0.737500,1.832601e-01
0.262500,0.737500,1.924434e-01
0.275000,0.737500,2.016287e-01
0.287500,0.737500,2.108159e-01
0.300000,0.737500,2.200051e-01
0.312500,0.737500,2.291962e-01
0.325000,0.737500,2.383892e-01
0.337500,0.737500,2.475842e-01
0.350000,0.737500,2.567811e-01
0.362500,0.737500,2.659800e-01
0.375000,0.737500,2.751808e-01
0.387500,0.737500,2.843835e-01
0.400000,0.737500,2.935882e-01
0.412500,0.737500,3.027948e-01
0.425000,0.737500,3.120033e-01
0.437500,0.737500,3.212138e-01
0.450000,0.737500,3.304262e-01
0.462500,0.737500,3.396406e-01
0.475000,0.737500,3.488569e-01
0.487500,0.737500,3.580628e-01
0.500000,0.737500,3.672394e-01
0.512500,0.737500,3.763864e-01
0.525000,0.737500,3.855040e-01
0.537500,0.737500,3.945920e-01
0.550000,0.737500,4.036504e-01
0.562500,0.737500,4.126794e-01
0.575000,0.737500,4.216788e-01
0.587500,0.737500,4.306486e-01
0.600000,0.737500,4.395889e-01
0.612500,0.737500,4.484997e-01
0.625000,0.737500,4.573810e-01
0.637500,0.737500,4.662327e-01
0.650000,0.737500,4.750549e-01
0.662500,0.737500,4.838476e-01
0.675000,0.737500,4.926107e-01
0.687500,0.737500,5.012936e-01
0.700000,0.737500,5.096715e-01
0.712500,0.737500,5.177176e-01
0.725000,0.737500,5.254319e-01
0.737500,0.737500,5.328145e-01
0.750000,0.737500,5.398652e-01
0.762500,0.737500,5.465841e-01
0.775000,0.737500,5.528717e-01
0.787500,0.737500,5.581866e-01
0.800000,0.737500,5.624471e-01
0.812500,0.737500,5.656534e-01
0.825000,0.737500,5.677201e-01
0.837500,0.737500,5.678218e-01
0.850000,0.737500,5.657507e-01
0.862500,0.737500,5.613055e-01
0.875000,0.737500,5.533648e-01
0.887500,0.737500,5.416366e-01
0.900000,0.737500,5.247954e-01
0.912500,0.737500,5.020159e-01
0.925000,0.737500,4.717058e-01
0.937500,0.737500,4.321196e-01
0.950000,0.737500,3.811418e-01
0.962500,0.737500,3.161079e-01
0.975000,0.737500,2.337297e-01
0.987500,0.737500,1.300365e-01
1.000000,0.737500,0.000000e+00
0.000000,0.750000,0.000000e+00
0.012500,0.750000,8.806060e-03
0.025000,0.750000,1.761399e-02
0.037500,0.750000,2.642378e-02
0.050000,0.750000,3.523544e-02
0.062500,0.750000,4.404896e-02
0.075000,0.750000,5.286435e-02
0.087500,0.750000,6.168161e-02
0.100000,0.750000,7.050073e-02
0.112500,0.750000,7.932172e-02
0.125000,0.750000,8.814457e-02
0.137500,0.750000,9.696929e-02
0.150000,0.750000,1.057959e-01
0.162500,0.750000,1.146243e-01
0.175000,0.750000,1.234546e-01
0.187500,0.750000,1.322868e-01
0.200000,0.750000,1.411209e-01
0.212500,0.750000,1.499568e-01
0.225000,0.750000,1.587946e-01
0.237500,0.750000,1.676342e-01
0.250000,0.750000,1.764757e-01
0.262500,0.750000,1.853191e-01
0.275000,0.750000,1.941644e-01
0.287500,0.750000,2.030115e-01
0.300000,0.750000,2.118604e-01
0.312500,0.750000,2.207113e-01
0.325000,0.750000,2.295640e-01
0.337500,0.750000,2.384186e-01
0.350000,0.750000,2.472750e-01
0.362500,0.750000,2.561333e-01
0.375000,0.750000,2.649935e-01
0.387500,0.750000,2.738555e-01
0.400000,0.750000,2.827194e-01
0.412500,0.750000,2.915852e-01
0.425000,0.750000,3.004528e-01
0.437500,0.750000,3.093223e-01
0.450000,0.750000,3.181937e-01
0.462500,0.750000,3.270669e-01
0.475000,0.750000,3.359420e-01
0.487500,0.750000,3.448071e-01
0.500000,0.750000,3.536440e-01
0.512500,0.750000,3.624524e-01
0.525000,0.750000,3.712324e-01
0.537500,0.750000,3.799840e-01
0.550000,0.750000,3.887071e-01
0.562500,0.750000,3.974018e-01
0.575000,0.750000,4.060680e-01
0.587500,0.750000,4.147058e-01
0.600000,0.750000,4.233151e-01
0.612500,0.750000,4.318960e-01
0.625000,0.750000,4.404485e-01
0.637500,0.750000,4.489725e-01
0.650000,0.750000,4.574681e-01
0.662500,0.750000,4.659353e-01
0.675000,0.750000,4.743740e-01
0.687500,0.750000,4.827354e-01
0.700000,0.750000,4.908032e-01
0.712500,0.750000,4.985514e-01
0.725000,0.750000,5.059801e-01
0.737500,0.750000,5.130894e-01
0.750000,0.750000,5.198790e-01
0.762500,0.750000,5.263492e-01
0.775000,0.750000,5.324041e-01
0.787500,0.750000,5.375222e-01
0.800000,0.750000,5.416250e-01
0.812500,0.750000,5.447125e-01
0.825000,0.750000,5.467027e-01
0.837500,0.750000,5.468007e-01
0.850000,0.750000,5.448063e-01
0.862500,0.750000,5.405257e-01
0.875000,0.750000,5.328789e-01
0.887500,0.750000,5.215849e-01
0.900000,0.750000,5.053672e-01
0.912500,0.750000,4.834310e-01
0.925000,0.750000,4.542429e-01
0.937500,0.750000,4.161222e-01
0.950000,0.750000,3.670317e-01
0.962500,0.750000,3.044054e-01
0.975000,0.750000,2.250769e-01
0.987500,0.750000,1.252224e-01
1.000000,0.750000,0.000000e+00
0.000000,0.762500,0.000000e+00
0.012500,0.762500,8.453471e-03
0.025000,0.762500,1.690873e-02
0.037500,0.762500,2.536579e-02
0.050000,0.762500,3.382463e-02
0.062500,0.762500,4.228527e-02
0.075000,0.762500,5.074769e-02
0.087500,0.762500,5.921191e-02
0.100000,0.762500,6.767792e-02
0.112500,0.762500,7.614572e-02
0.125000,0.762500,8.461531e-02
0.137500,0.762500,9.308669e-02
0.150000,0.762500,1.015599e-01
0.162500,0.762500,1.100348e-01
0.175000,0.762500,1.185116e-01
0.187500,0.762500,1.269901e-01
0.200000,0.762500,1.354705e-01
0.212500,0.762500,1.439526e-01
0.225000,0.762500,1.524365e-01
0.237500,0.762500,1.609222e-01
0.250000,0.762500,1.694097e-01
0.262500,0.762500,1.778990e-01
0.275000,0.762500,1.863901e-01
0.287500,0.762500,1.948830e-01
0.300000,0.762500,2.033776e-01
0.312500,0.762500,2.118741e-01
0.325000,0.762500,2.203723e-01
0.337500,0.762500,2.288724e-01
0.350000,0.762500,2.373742e-01
0.362500,0.762500,2.458778e-01
0.375000,0.762500,2.543833e-01
0.387500,0.762500,2.628905e-01
0.400000,0.762500,2.713995e-01
0.412500,0.762500,2.799102e-01
0.425000,0.762500,2.884228e-01
0.437500,0.762500,2.969372e-01
0.450000,0.762500,3.054533e-01
0.462500,0.762500,3.139713e-01
0.475000,0.762500,3.224910e-01
0.487500,0.762500,3.310012e-01
0.500000,0.762500,3.394842e-01
0.512500,0.762500,3.479400e-01
0.525000,0.762500,3.563684e-01
0.537500,0.762500,3.647696e-01
0.550000,0.762500,3.731434e-01
0.562500,0.762500,3.814899e-01
0.575000,0.762500,3.898092e-01
0.587500,0.762500,3.981011e-01
0.600000,0.762500,4.063657e-01
0.612500,0.762500,4.146031e-01
0.625000,0.762500,4.228131e-01
0.637500,0.762500,4.309958e-01
0.650000,0.762500,4.391512e-01
0.662500,0.762500,4.472793e-01
0.675000,0.762500,4.553802e-01
0.687500,0.762500,4.634068e-01
0.700000,0.762500,4.711515e-01
0.712500,0.762500,4.785895e-01
0.725000,0.762500,4.857208e-01
0.737500,0.762500,4.925454e-01
0.750000,0.762500,4.990632e-01
0.762500,0.762500,5.052743e-01
0.775000,0.762500,5.110867e-01
0.787500,0.762500,5.159999e-01
0.800000,0.762500,5.199384e-01
0.812500,0.762500,5.229024e-01
0.825000,0.762500,5.248128e-01
0.837500,0.762500,5.249069e-01
0.850000,0.762500,5.229924e-01
0.862500,0.762500,5.188831e-01
0.875000,0.762500,5.115426e-01
0.887500,0.762500,5.007007e-01
0.900000,0.762500,4.851323e-01
0.912500,0.762500,4.640745e-01
0.925000,0.762500,4.360551e-01
0.937500,0.762500,3.994608e-01
0.950000,0.762500,3.523358e-01
0.962500,0.762500,2.922171e-01
0.975000,0.762500,2.160648e-01
0.987500,0.762500,1.202085e-01
1.000000,0.762500,0.000000e+00
0.000000,0.775000,0.000000e+00
0.012500,0.775000,8.087164e-03
0.025000,0.775000,1.617604e-02
0.037500,0.775000,2.426663e-02
0.050000,0.775000,3.235893e-02
0.062500,0.775000,4.045295e-02
0.075000,0.775000,4.854868e-02
0.087500,0.775000,5.664613e-02
0.100000,0.775000,6.474528e-02
0.112500,0.775000,7.284615e-02
0.125000,0.775000,8.094874e-02
0.137500,0.775000,8.905303e-02
0.150000,0.775000,9.715904e-02
0.162500,0.775000,1.052668e-01
0.175000,0.775000,1.133762e-01
0.187500,0.775000,1.214874e-01
0.200000,0.775000,1.296002e-01
0.212500,0.775000,1.377148e-01
0.225000,0.775000,1.458311e-01
0.237500,0.775000,1.539491e-01
0.250000,0.775000,1.620688e-01
0.262500,0.775000,1.701902e-01
0.275000,0.775000,1.783134e-01
0.287500,0.775000,1.864382e-01
0.300000,0.775000,1.945648e-01
0.312500,0.775000,2.026931e-01
0.325000,0.775000,2.108231e-01
0.337500,0.775000,2.189548e-01
0.350000,0.775000,2.270882e-01
0.362500,0.775000,2.352234e-01
0.375000,0.775000,2.433602e-01
0.387500,0.775000,2.514988e-01
0.400000,0.775000,2.596391e-01
0.412500,0.775000,2.677810e-01
0.425000,0.775000,2.759247e-01
0.437500,0.775000,2.840702e-01
0.450000,0.775000,2.922173e-01
0.462500,0.775000,3.003661e-01
0.475000,0.775000,3.085167e-01
0.487500,0.775000,3.166581e-01
0.500000,0.775000,3.247735e-01
0.512500,0.775000,3.328629e-01
0.525000,0.775000,3.409261e-01
0.537500,0.775000,3.489632e-01
0.550000,0.775000,3.569741e-01
0.562500,0.775000,3.649590e-01
0.575000,0.775000,3.729177e-01
0.587500,0.775000,3.808504e-01
0.600000,0.775000,3.887569e-01
0.612500,0.775000,3.966372e-01
0.625000,0.775000,4.044915e-01
0.637500,0.775000,4.123196e-01
0.650000,0.775000,4.201217e-01
0.662500,0.775000,4.278976e-01
0.675000,0.775000,4.356473e-01
0.687500,0.775000,4.433262e-01
0.700000,0.775000,4.507353e-01
0.712500,0.775000,4.578510e-01
0.725000,0.775000,4.646732e-01
0.737500,0.775000,4.712021e-01
0.750000,0.775000,4.774375e-01
0.762500,0.775000,4.833794e-01
0.775000,0.775000,4.889400e-01
0.787500,0.775000,4.936402e-01
0.800000,0.775000,4.974081e-01
0.812500,0.775000,5.002436e-01
0.825000,0.775000,5.020713e-01
0.837500,0.775000,5.021612e-01
0.850000,0.775000,5.003297e-01
0.862500,0.775000,4.963985e-01
0.875000,0.775000,4.893761e-01
0.887500,0.775000,4.790040e-01
0.900000,0.775000,4.641103e-01
0.912500,0.775000,4.439649e-01
0.925000,0.775000,4.171597e-01
0.937500,0.775000,3.821511e-01
0.950000,0.775000,3.370681e-01
0.962500,0.775000,2.795545e-01
0.975000,0.775000,2.067021e-01
0.987500,0.775000,1.149996e-01
1.000000,0.775000,0.000000e+00
0.000000,0.787500,0.000000e+00
0.012500,0.787500,7.709183e-03
0.025000,0.787500,1.542000e-02
0.037500,0.787500,2.313245e-02
0.050000,0.787500,3.084653e-02
0.062500,0.787500,3.856224e-02
0.075000,0.787500,4.627959e-02
0.087500,0.787500,5.399857e-02
0.100000,0.787500,6.171918e-02
0.112500,0.787500,6.944143e-02
0.125000,0.787500,7.716531e-02
0.137500,0.787500,8.489082e-02
0.150000,0.787500,9.261797e-02
0.162500,0.787500,1.003467e-01
0.175000,0.787500,1.080772e-01
0.187500,0.787500,1.158092e-01
0.200000,0.787500,1.235429e-01
0.212500,0.787500,1.312782e-01
0.225000,0.787500,1.390151e-01
0.237500,0.787500,1.467537e-01
0.250000,0.787500,1.544939e-01
0.262500,0.787500,1.622358e-01
0.275000,0.787500,1.699792e-01
0.287500,0.787500,1.777244e-01
0.300000,0.787500,1.854711e-01
0.312500,0.787500,1.932195e-01
0.325000,0.787500,2.009695e-01
0.337500,0.787500,2.087211e-01
0.350000,0.787500,2.164744e-01
0.362500,0.787500,2.242293e-01
0.375000,0.787500,2.319858e-01
0.387500,0.787500,2.397440e-01
0.400000,0.787500,2.475038e-01
0.412500,0.787500,2.552653e-01
0.425000,0.787500,2.630283e-01
0.437500,0.787500,2.707930e-01
0.450000,0.787500,2.785594e-01
0.462500,0.787500,2.863273e-01
0.475000,0.787500,2.940969e-01
0.487500,0.787500,3.018578e-01
0.500000,0.787500,3.095939e-01
0.512500,0.787500,3.173052e-01
0.525000,0.787500,3.249915e-01
0.537500,0.787500,3.326530e-01
0.550000,0.787500,3.402895e-01
0.562500,0.787500,3.479012e-01
0.575000,0.787500,3.554879e-01
0.587500,0.787500,3.630498e-01
0.600000,0.787500,3.705867e-01
0.612500,0.787500,3.780988e-01
0.625000,0.787500,3.855859e-01
0.637500,0.787500,3.930482e-01
0.650000,0.787500,4.004855e-01
0.662500,0.787500,4.078980e-01
0.675000,0.787500,4.152856e-01
0.687500,0.787500,4.226055e-01
0.700000,0.787500,4.296683e-01
0.712500,0.787500,4.364514e-01
0.725000,0.787500,4.429548e-01
0.737500,0.787500,4.491785e-01
0.750000,0.787500,4.551224e-01
0.762500,0.787500,4.607867e-01
0.775000,0.787500,4.660873e-01
0.787500,0.787500,4.705679e-01
0.800000,0.787500,4.741596e-01
0.812500,0.787500,4.768626e-01
0.825000,0.787500,4.786049e-01
0.837500,0.787500,4.786906e-01
0.850000,0.787500,4.769447e-01
0.862500,0.787500,4.731972e-01
0.875000,0.787500,4.665030e-01
0.887500,0.787500,4.566157e-01
0.900000,0.787500,4.424181e-01
0.912500,0.787500,4.232143e-01
0.925000,0.787500,3.976620e-01
0.937500,0.787500,3.642896e-01
0.950000,0.787500,3.213138e-01
0.962500,0.787500,2.664883e-01
0.975000,0.787500,1.970410e-01
0.987500,0.787500,1.096246e-01
1.000000,0.787500,0.000000e+00
0.000000,0.800000,0.000000e+00
0.012500,0.800000,7.319873e-03
0.025000,0.800000,1.464130e-02
0.037500,0.800000,2.196427e-02
0.050000,0.800000,2.928879e-02
0.062500,0.800000,3.661487e-02
0.075000,0.800000,4.394249e-02
0.087500,0.800000,5.127167e-02
0.100000,0.800000,5.860239e-02
0.112500,0.800000,6.593466e-02
0.125000,0.800000,7.326849e-02
0.137500,0.800000,8.060386e-02
0.150000,0.800000,8.794079e-02
0.162500,0.800000,9.527926e-02
0.175000,0.800000,1.026193e-01
0.187500,0.800000,1.099609e-01
0.200000,0.800000,1.173040e-01
0.212500,0.800000,1.246487e-01
0.225000,0.800000,1.319949e-01
0.237500,0.800000,1.393427e-01
0.250000,0.800000,1.466920e-01
0.262500,0.800000,1.540429e-01
0.275000,0.800000,1.613953e-01
0.287500,0.800000,1.687493e-01
0.300000,0.800000,1.761048e-01
0.312500,0.800000,1.834619e-01
0.325000,0.800000,1.908205e-01
0.337500,0.800000,1.981807e-01
0.350000,0.800000,2.055424e-01
0.362500,0.800000,2.129057e-01
0.375000,0.800000,2.202705e-01
0.387500,0.800000,2.276369e-01
0.400000,0.800000,2.350048e-01
0.412500,0.800000,2.423743e-01
0.425000,0.800000,2.497453e-01
0.437500,0.800000,2.571179e-01
0.450000,0.800000,2.644920e-01
0.462500,0.800000,2.718677e-01
0.475000,0.800000,2.792450e-01
0.487500,0.800000,2.866139e-01
0.500000,0.800000,2.939593e-01
0.512500,0.800000,3.012811e-01
0.525000,0.800000,3.085793e-01
0.537500,0.800000,3.158539e-01
0.550000,0.800000,3.231047e-01
0.562500,0.800000,3.303320e-01
0.575000,0.800000,3.375356e-01
0.587500,0.800000,3.447156e-01
0.600000,0.800000,3.518719e-01
0.612500,0.800000,3.590046e-01
0.625000,0.800000,3.661136e-01
0.637500,0.800000,3.731990e-01
0.650000,0.800000,3.802608e-01
0.662500,0.800000,3.872989e-01
0.675000,0.800000,3.943134e-01
0.687500,0.800000,4.012637e-01
0.700000,0.800000,4.079698e-01
0.712500,0.800000,4.144103e-01
0.725000,0.800000,4.205853e-01
0.737500,0.800000,4.264947e-01
0.750000,0.800000,4.321385e-01
0.762500,0.800000,4.375166e-01
0.775000,0.800000,4.425496e-01
0.787500,0.800000,4.468039e-01
0.800000,0.800000,4.502143e-01
0.812500,0.800000,4.527807e-01
0.825000,0.800000,4.544350e-01
0.837500,0.800000,4.545164e-01
0.850000,0.800000,4.528587e-01
0.862500,0.800000,4.493005e-01
0.875000,0.800000,4.429443e-01
0.887500,0.800000,4.335563e-01
0.900000,0.800000,4.200757e-01
0.912500,0.800000,4.018418e-01
0.925000,0.800000,3.775798e-01
0.937500,0.800000,3.458928e-01
0.950000,0.800000,3.050873e-01
0.962500,0.800000,2.530305e-01
0.975000,0.800000,1.870904e-01
0.987500,0.800000,1.040885e-01
1.000000,0.800000,0.000000e+00
0.000000,0.812500,0.000000e+00
0.012500,0.812500,6.919236e-03
0.025000,0.812500,1.383994e-02
0.037500,0.812500,2.076210e-02
0.050000,0.812500,2.768573e-02
0.062500,0.812500,3.461083e-02
0.075000,0.812500,4.153739e-02
0.087500,0.812500,4.846541e-02
0.100000,0.812500,5.539490e-02
0.112500,0.812500,6.232585e-02
0.125000,0.812500,6.925827e-02
0.137500,0.812500,7.619216e-02
0.150000,0.812500,8.312750e-02
0.162500,0.812500,9.006432e-02
0.175000,0.812500,9.700260e-02
0.187500,0.812500,1.039423e-01
0.200000,0.812500,1.108835e-01
0.212500,0.812500,1.178262e-01
0.225000,0.812500,1.247704e-01
0.237500,0.812500,1.317160e-01
0.250000,0.812500,1.386630e-01
0.262500,0.812500,1.456116e-01
0.275000,0.812500,1.525616e-01
0.287500,0.812500,1.595130e-01
0.300000,0.812500,1.664659e-01
0.312500,0.812500,1.734203e-01
0.325000,0.812500,1.803762e-01
0.337500,0.812500,1.873335e-01
0.350000,0.812500,1.942923e-01
0.362500,0.812500,2.012525e-01
0.375000,0.812500,2.082143e-01
0.387500,0.812500,2.151774e-01
0.400000,0.812500,2.221421e-01
0.412500,0.812500,2.291082e-01
0.425000,0.812500,2.360758e-01
0.437500,0.812500,2.430448e-01
0.450000,0.812500,2.500153e-01
0.462500,0.812500,2.569873e-01
0.475000,0.812500,2.639607e-01
0.487500,0.812500,2.709263e-01
0.500000,0.812500,2.778697e-01
0.512500,0.812500,2.847907e-01
0.525000,0.812500,2.916894e-01
0.537500,0.812500,2.985658e-01
0.550000,0.812500,3.054198e-01
0.562500,0.812500,3.122515e-01
0.575000,0.812500,3.190608e-01
0.587500,0.812500,3.258478e-01
0.600000,0.812500,3.326124e-01
0.612500,0.812500,3.393547e-01
0.625000,0.812500,3.460746e-01
0.637500,0.812500,3.527722e-01
0.650000,0.812500,3.594474e-01
0.662500,0.812500,3.661003e-01
0.675000,0.812500,3.727308e-01
0.687500,0.812500,3.793007e-01
0.700000,0.812500,3.856398e-01
0.712500,0.812500,3.917278e-01
0.725000,0.812500,3.975648e-01
0.737500,0.812500,4.031507e-01
0.750000,0.812500,4.084855e-01
0.762500,0.812500,4.135694e-01
0.775000,0.812500,4.183268e-01
0.787500,0.812500,4.223483e-01
0.800000,0.812500,4.255720e-01
0.812500,0.812500,4.279980e-01
0.825000,0.812500,4.295617e-01
0.837500,0.812500,4.296387e-01
0.850000,0.812500,4.280716e-01
0.862500,0.812500,4.247082e-01
0.875000,0.812500,4.186999e-01
0.887500,0.812500,4.098258e-01
0.900000,0.812500,3.970831e-01
0.912500,0.812500,3.798471e-01
0.925000,0.812500,3.569131e-01
0.937500,0.812500,3.269605e-01
0.950000,0.812500,2.883885e-01
0.962500,0.812500,2.391811e-01
0.975000,0.812500,1.768501e-01
0.987500,0.812500,9.839126e-02
1.000000,0.812500,0.000000e+00
0.000000,0.825000,0.000000e+00
0.012500,0.825000,6.507270e-03
0.025000,0.825000,1.301592e-02
0.037500,0.825000,1.952594e-02
0.050000,0.825000,2.603734e-02
0.062500,0.825000,3.255012e-02
0.075000,0.825000,3.906427e-02
0.087500,0.825000,4.557980e-02
0.100000,0.825000,5.209671e-02
0.112500,0.825000,5.861500e-02
0.125000,0.825000,6.513466e-02
0.137500,0.825000,7.165570e-02
0.150000,0.825000,7.817811e-02
0.162500,0.825000,8.470191e-02
0.175000,0.825000,9.122707e-02
0.187500,0.825000,9.775362e-02
0.200000,0.825000,1.042815e-01
0.212500,0.825000,1.108108e-01
0.225000,0.825000,1.173415e-01
0.237500,0.825000,1.238736e-01
0.250000,0.825000,1.304070e-01
0.262500,0.825000,1.369418e-01
0.275000,0.825000,1.434780e-01
0.287500,0.825000,1.500156e-01
0.300000,0.825000,1.565545e-01
0.312500,0.825000,1.630948e-01
0.325000,0.825000,1.696365e-01
0.337500,0.825000,1.761796e-01
0.350000,0.825000,1.827240e-01
0.362500,0.825000,1.892698e-01
0.375000,0.825000,1.958170e-01
0.387500,0.825000,2.023656e-01
0.400000,0.825000,2.089156e-01
0.412500,0.825000,2.154669e-01
0.425000,0.825000,2.220196e-01
0.437500,0.825000,2.285737e-01
0.450000,0.825000,2.351292e-01
0.462500,0.825000,2.416860e-01
0.475000,0.825000,2.482442e-01
0.487500,0.825000,2.547951e-01
0.500000,0.825000,2.613250e-01
0.512500,0.825000,2.678340e-01
0.525000,0.825000,2.743219e-01
0.537500,0.825000,2.807888e-01
0.550000,0.825000,2.872347e-01
0.562500,0.825000,2.936596e-01
0.575000,0.825000,3.000635e-01
0.587500,0.825000,3.064464e-01
0.600000,0.825000,3.128082e-01
0.612500,0.825000,3.191490e-01
0.625000,0.825000,3.254688e-01
0.637500,0.825000,3.317676e-01
0.650000,0.825000,3.380454e-01
0.662500,0.825000,3.443022e-01
0.675000,0.825000,3.505379e-01
0.687500,0.825000,3.567166e-01
0.700000,0.825000,3.626782e-01
0.712500,0.825000,3.684037e-01
0.725000,0.825000,3.738932e-01
0.737500,0.825000,3.791465e-01
0.750000,0.825000,3.841637e-01
0.762500,0.825000,3.889448e-01
0.775000,0.825000,3.934190e-01
0.787500,0.825000,3.972010e-01
0.800000,0.825000,4.002328e-01
0.812500,0.825000,4.025143e-01
0.825000,0.825000,4.039850e-01
0.837500,0.825000,4.040573e-01
0.850000,0.825000,4.025836e-01
0.862500,0.825000,3.994204e-01
0.875000,0.825000,3.937699e-01
0.887500,0.825000,3.854242e-01
0.900000,0.825000,3.734402e-01
0.912500,0.825000,3.572305e-01
0.925000,0.825000,3.356620e-01
0.937500,0.825000,3.074929e-01
0.950000,0.825000,2.712175e-01
0.962500,0.825000,2.249399e-01
0.975000,0.825000,1.663202e-01
0.987500,0.825000,9.253294e-02
1.000000,0.825000,0.000000e+00
0.000000,0.837500,0.000000e+00
0.012500,0.837500,6.084348e-03
0.025000,0.837500,1.216998e-02
0.037500,0.837500,1.825690e-02
0.050000,0.837500,2.434511e-02
0.062500,0.837500,3.043461e-02
0.075000,0.837500,3.652539e-02
0.087500,0.837500,4.261746e-02
0.100000,0.837500,4.871081e-02
0.112500,0.837500,5.480545e-02
0.125000,0.837500,6.090138e-02
0.137500,0.837500,6.699859e-02
0.150000,0.837500,7.309709e-02
0.162500,0.837500,7.919688e-02
0.175000,0.837500,8.529795e-02
0.187500,0.837500,9.140032e-02
0.200000,0.837500,9.750396e-02
0.212500,0.837500,1.036089e-01
0.225000,0.837500,1.097151e-01
0.237500,0.837500,1.158226e-01
0.250000,0.837500,1.219314e-01
0.262500,0.837500,1.280415e-01
0.275000,0.837500,1.341529e-01
0.287500,0.837500,1.402655e-01
0.300000,0.837500,1.463795e-01
0.312500,0.837500,1.524947e-01
0.325000,0.837500,1.586112e-01
0.337500,0.837500,1.647290e-01
0.350000,0.837500,1.708481e-01
0.362500,0.837500,1.769685e-01
0.375000,0.837500,1.830901e-01
0.387500,0.837500,1.892131e-01
0.400000,0.837500,1.953373e-01
0.412500,0.837500,2.014628e-01
0.425000,0.837500,2.075896e-01
0.437500,0.837500,2.137177e-01
0.450000,0.837500,2.198471e-01
0.462500,0.837500,2.259778e-01
0.475000,0.837500,2.321097e-01
0.487500,0.837500,2.382348e-01
0.500000,0.837500,2.443403e-01
0.512500,0.837500,2.504262e-01
0.525000,0.837500,2.564924e-01
0.537500,0.837500,2.625390e-01
0.550000,0.837500,2.685660e-01
0.562500,0.837500,2.745733e-01
0.575000,0.837500,2.805609e-01
0.587500,0.837500,2.865289e-01
0.600000,0.837500,2.924773e-01
0.612500,0.837500,2.984060e-01
0.625000,0.837500,3.043150e-01
0.637500,0.837500,3.102044e-01
0.650000,0.837500,3.160742e-01
0.662500,0.837500,3.219243e-01
0.675000,0.837500,3.277547e-01
0.687500,0.837500,3.335318e-01
0.700000,0.837500,3.391059e-01
0.712500,0.837500,3.444593e-01
0.725000,0.837500,3.495920e-01
0.737500,0.837500,3.545038e-01
0.750000,0.837500,3.591950e-01
0.762500,0.837500,3.636653e-01
0.775000,0.837500,3.678487e-01
0.787500,0.837500,3.713849e-01
0.800000,0.837500,3.742196e-01
0.812500,0.837500,3.763529e-01
0.825000,0.837500,3.777279e-01
0.837500,0.837500,3.777956e-01
0.850000,0.837500,3.764176e-01
0.862500,0.837500,3.734601e-01
0.875000,0.837500,3.681768e-01
0.887500,0.837500,3.603735e-01
0.900000,0.837500,3.491684e-01
0.912500,0.837500,3.340123e-01
0.925000,0.837500,3.138457e-01
0.937500,0.837500,2.875074e-01
0.950000,0.837500,2.535897e-01
0.962500,0.837500,2.103200e-01
0.975000,0.837500,1.555103e-01
0.987500,0.837500,8.651882e-02
1.000000,0.837500,0.000000e+00
0.000000,0.850000,0.000000e+00
0.012500,0.850000,5.653002e-03
0.025000,0.850000,1.130720e-02
0.037500,0.850000,1.696259e-02
0.050000,0.850000,2.261918e-02
0.062500,0.850000,2.827696e-02
0.075000,0.850000,3.393593e-02
0.087500,0.850000,3.959610e-02
0.100000,0.850000,4.525747e-02
0.112500,0.850000,5.092003e-02
0.125000,0.850000,5.658378e-02
0.137500,0.850000,6.224873e-02
0.150000,0.850000,6.791487e-02
0.162500,0.850000,7.358221e-02
0.175000,0.850000,7.925074e-02
0.187500,0.850000,8.492047e-02
0.200000,0.850000,9.059139e-02
0.212500,0.850000,9.626351e-02
0.225000,0.850000,1.019368e-01
0.237500,0.850000,1.076113e-01
0.250000,0.850000,1.132870e-01
0.262500,0.850000,1.189639e-01
0.275000,0.850000,1.246420e-01
0.287500,0.850000,1.303213e-01
0.300000,0.850000,1.360018e-01
0.312500,0.850000,1.416834e-01
0.325000,0.850000,1.473663e-01
0.337500,0.850000,1.530504e-01
0.350000,0.850000,1.587356e-01
0.362500,0.850000,1.644221e-01
0.375000,0.850000,1.701097e-01
0.387500,0.850000,1.757986e-01
0.400000,0.850000,1.814886e-01
0.412500,0.850000,1.871798e-01
0.425000,0.850000,1.928723e-01
0.437500,0.850000,1.985659e-01
0.450000,0.850000,2.042607e-01
0.462500,0.850000,2.099567e-01
0.475000,0.850000,2.156539e-01
0.487500,0.850000,2.213447e-01
0.500000,0.850000,2.270174e-01
0.512500,0.850000,2.326718e-01
0.525000,0.850000,2.383079e-01
0.537500,0.850000,2.439258e-01
0.550000,0.850000,2.495255e-01
0.562500,0.850000,2.551069e-01
0.575000,0.850000,2.606700e-01
0.587500,0.850000,2.662149e-01
0.600000,0.850000,2.717415e-01
0.612500,0.850000,2.772498e-01
0.625000,0.850000,2.827399e-01
0.637500,0.850000,2.882118e-01
0.650000,0.850000,2.936654e-01
0.662500,0.850000,2.991007e-01
0.675000,0.850000,3.045178e-01
0.687500,0.850000,3.098853e-01
0.700000,0.850000,3.150643e-01
0.712500,0.850000,3.200381e-01
0.725000,0.850000,3.248069e-01
0.737500,0.850000,3.293705e-01
0.750000,0.850000,3.337290e-01
0.762500,0.850000,3.378824e-01
0.775000,0.850000,3.417692e-01
0.787500,0.850000,3.450547e-01
0.800000,0.850000,3.476885e-01
0.812500,0.850000,3.496705e-01
0.825000,0.850000,3.509480e-01
0.837500,0.850000,3.510109e-01
0.850000,0.850000,3.497307e-01
0.862500,0.850000,3.469828e-01
0.875000,0.850000,3.420741e-01
0.887500,0.850000,3.348241e-01
0.900000,0.850000,3.244134e-01
0.912500,0.850000,3.103318e-01
0.925000,0.850000,2.915950e-01
0.937500,0.850000,2.671240e-01
0.950000,0.850000,2.356110e-01
0.962500,0.850000,1.954090e-01
0.975000,0.850000,1.444852e-01
0.987500,0.850000,8.038494e-02
1.000000,0.850000,0.000000e+00
0.000000,0.862500,0.000000e+00
0.012500,0.862500,5.213707e-03
0.025000,0.862500,1.042852e-02
0.037500,0.862500,1.564442e-02
0.050000,0.862500,2.086143e-02
0.062500,0.862500,2.607955e-02
0.075000,0.862500,3.129876e-02
0.087500,0.862500,3.651907e-02
0.100000,0.862500,4.174049e-02
0.112500,0.862500,4.696300e-02
0.125000,0.862500,5.218662e-02
0.137500,0.862500,5.741134e-02
0.150000,0.862500,6.263716e-02
0.162500,0.862500,6.786408e-02
0.175000,0.862500,7.309210e-02
0.187500,0.862500,7.832122e-02
0.200000,0.862500,8.355145e-02
0.212500,0.862500,8.878277e-02
0.225000,0.862500,9.401520e-02
0.237500,0.862500,9.924872e-02
0.250000,0.862500,1.044834e-01
0.262500,0.862500,1.097191e-01
0.275000,0.862500,1.149559e-01
0.287500,0.862500,1.201938e-01
0.300000,0.862500,1.254329e-01
0.312500,0.862500,1.306730e-01
0.325000,0.862500,1.359142e-01
0.337500,0.862500,1.411566e-01
0.350000,0.862500,1.464000e-01
0.362500,0.862500,1.516446e-01
0.375000,0.862500,1.568902e-01
0.387500,0.862500,1.621369e-01
0.400000,0.862500,1.673848e-01
0.412500,0.862500,1.726337e-01
0.425000,0.862500,1.778838e-01
0.437500,0.862500,1.831349e-01
0.450000,0.862500,1.883872e-01
0.462500,0.862500,1.936405e-01
0.475000,0.862500,1.988950e-01
0.487500,0.862500,2.041435e-01
0.500000,0.862500,2.093753e-01
0.512500,0.862500,2.145903e-01
0.525000,0.862500,2.197884e-01
0.537500,0.862500,2.249697e-01
0.550000,0.862500,2.301342e-01
0.562500,0.862500,2.352818e-01
0.575000,0.862500,2.404126e-01
0.587500,0.862500,2.455266e-01
0.600000,0.862500,2.506237e-01
0.612500,0.862500,2.557040e-01
0.625000,0.862500,2.607675e-01
0.637500,0.862500,2.658141e-01
0.650000,0.862500,2.708438e-01
0.662500,0.862500,2.758568e-01
0.675000,0.862500,2.808529e-01
0.687500,0.862500,2.858033e-01
0.700000,0.862500,2.905798e-01
0.712500,0.862500,2.951671e-01
0.725000,0.862500,2.995652e-01
0.737500,0.862500,3.037742e-01
0.750000,0.862500,3.077940e-01
0.762500,0.862500,3.116246e-01
0.775000,0.862500,3.152094e-01
0.787500,0.862500,3.182395e-01
0.800000,0.862500,3.206686e-01
0.812500,0.862500,3.224966e-01
0.825000,0.862500,3.236749e-01
0.837500,0.862500,3.237328e-01
0.850000,0.862500,3.225521e-01
0.862500,0.862500,3.200178e-01
0.875000,0.862500,3.154906e-01
0.887500,0.862500,3.088039e-01
0.900000,0.862500,2.992023e-01
0.912500,0.862500,2.862151e-01
0.925000,0.862500,2.689343e-01
0.937500,0.862500,2.463651e-01
0.950000,0.862500,2.173011e-01
0.962500,0.862500,1.802233e-01
0.975000,0.862500,1.332569e-01
0.987500,0.862500,7.413805e-02
1.000000,0.862500,0.000000e+00
0.000000,0.875000,0.000000e+00
0.012500,0.875000,4.766463e-03
0.025000,0.875000,9.533932e-03
0.037500,0.875000,1.430241e-02
0.050000,0.875000,1.907189e-02
0.062500,0.875000,2.384238e-02
0.075000,0.875000,2.861387e-02
0.087500,0.875000,3.338637e-02
0.100000,0.875000,3.815987e-02
0.112500,0.875000,4.293439e-02
0.125000,0.875000,4.770990e-02
0.137500,0.875000,5.248643e-02
0.150000,0.875000,5.726396e-02
0.162500,0.875000,6.204249e-02
0.175000,0.875000,6.682203e-02
0.187500,0.875000,7.160258e-02
0.200000,0.875000,7.638414e-02
0.212500,0.875000,8.116670e-02
0.225000,0.875000,8.595026e-02
0.237500,0.875000,9.073483e-02
0.250000,0.875000,9.552041e-02
0.262500,0.875000,1.003070e-01
0.275000,0.875000,1.050946e-01
0.287500,0.875000,1.098832e-01
0.300000,0.875000,1.146728e-01
0.312500,0.875000,1.194634e-01
0.325000,0.875000,1.242550e-01
0.337500,0.875000,1.290476e-01
0.350000,0.875000,1.338413e-01
0.362500,0.875000,1.386359e-01
0.375000,0.875000,1.434315e-01
0.387500,0.875000,1.482282e-01
0.400000,0.875000,1.530258e-01
0.412500,0.875000,1.578245e-01
0.425000,0.875000,1.626241e-01
0.437500,0.875000,1.674248e-01
0.450000,0.875000,1.722265e-01
0.462500,0.875000,1.770292e-01
0.475000,0.875000,1.818329e-01
0.487500,0.875000,1.866311e-01
0.500000,0.875000,1.914141e-01
0.512500,0.875000,1.961817e-01
0.525000,0.875000,2.009340e-01
0.537500,0.875000,2.056708e-01
0.550000,0.875000,2.103922e-01
0.562500,0.875000,2.150982e-01
0.575000,0.875000,2.197889e-01
0.587500,0.875000,2.244641e-01
0.600000,0.875000,2.291240e-01
0.612500,0.875000,2.337685e-01
0.625000,0.875000,2.383976e-01
0.637500,0.875000,2.430112e-01
0.650000,0.875000,2.476095e-01
0.662500,0.875000,2.521924e-01
0.675000,0.875000,2.567599e-01
0.687500,0.875000,2.612857e-01
0.700000,0.875000,2.656524e-01
0.712500,0.875000,2.698462e-01
0.725000,0.875000,2.738670e-01
0.737500,0.875000,2.777149e-01
0.750000,0.875000,2.813899e-01
0.762500,0.875000,2.848919e-01
0.775000,0.875000,2.881691e-01
0.787500,0.875000,2.909393e-01
0.800000,0.875000,2.931600e-01
0.812500,0.875000,2.948312e-01
0.825000,0.875000,2.959084e-01
0.837500,0.875000,2.959614e-01
0.850000,0.875000,2.948820e-01
0.862500,0.875000,2.925650e-01
0.875000,0.875000,2.884262e-01
0.887500,0.875000,2.823132e-01
0.900000,0.875000,2.735353e-01
0.912500,0.875000,2.616621e-01
0.925000,0.875000,2.458639e-01
0.937500,0.875000,2.252307e-01
0.950000,0.875000,1.986600e-01
0.962500,0.875000,1.647629e-01
0.975000,0.875000,1.218255e-01
0.987500,0.875000,6.777816e-02
1.000000,0.875000,0.000000e+00
0.000000,0.887500,0.000000e+00
0.012500,0.887500,4.311270e-03
0.025000,0.887500,8.623449e-03
0.037500,0.887500,1.293654e-02
0.050000,0.887500,1.725054e-02
0.062500,0.887500,2.156544e-02
0.075000,0.887500,2.588126e-02
0.087500,0.887500,3.019799e-02
0.100000,0.887500,3.451562e-02
0.112500,0.887500,3.883417e-02
0.125000,0.887500,4.315363e-02
0.137500,0.887500,4.747399e-02
0.150000,0.887500,5.179526e-02
0.162500,0.887500,5.611745e-02
0.175000,0.887500,6.044054e-02
0.187500,0.887500,6.476454e-02
0.200000,0.887500,6.908946e-02
0.212500,0.887500,7.341528e-02
0.225000,0.887500,7.774201e-02
0.237500,0.887500,8.206965e-02
0.250000,0.887500,8.639820e-02
0.262500,0.887500,9.072766e-02
0.275000,0.887500,9.505803e-02
0.287500,0.887500,9.938930e-02
0.300000,0.887500,1.037215e-01
0.312500,0.887500,1.080546e-01
0.325000,0.887500,1.123886e-01
0.337500,0.887500,1.167235e-01
0.350000,0.887500,1.210593e-01
0.362500,0.887500,1.253961e-01
0.375000,0.887500,1.297337e-01
0.387500,0.887500,1.340723e-01
0.400000,0.887500,1.384117e-01
0.412500,0.887500,1.427521e-01
0.425000,0.887500,1.470934e-01
0.437500,0.887500,1.514356e-01
0.450000,0.887500,1.557787e-01
0.462500,0.887500,1.601227e-01
0.475000,0.887500,1.644676e-01
0.487500,0.887500,1.688076e-01
0.500000,0.887500,1.731339e-01
0.512500,0.887500,1.774461e-01
0.525000,0.887500,1.817445e-01
0.537500,0.887500,1.860289e-01
0.550000,0.887500,1.902995e-01
0.562500,0.887500,1.945561e-01
0.575000,0.887500,1.987987e-01
0.587500,0.887500,2.030275e-01
0.600000,0.887500,2.072423e-01
0.612500,0.887500,2.114432e-01
0.625000,0.887500,2.156302e-01
0.637500,0.887500,2.198033e-01
0.650000,0.887500,2.239624e-01
0.662500,0.887500,2.281077e-01
0.675000,0.887500,2.322390e-01
0.687500,0.887500,2.363325e-01
0.700000,0.887500,2.402822e-01
0.712500,0.887500,2.440754e-01
0.725000,0.887500,2.477123e-01
0.737500,0.887500,2.511927e-01
0.750000,0.887500,2.545167e-01
0.762500,0.887500,2.576843e-01
0.775000,0.887500,2.606485e-01
0.787500,0.887500,2.631542e-01
0.800000,0.887500,2.651628e-01
0.812500,0.887500,2.666743e-01
0.825000,0.887500,2.676487e-01
0.837500,0.887500,2.676966e-01
0.850000,0.887500,2.667203e-01
0.862500,0.887500,2.646246e-01
0.875000,0.887500,2.608810e-01
0.887500,0.887500,2.553519e-01
0.900000,0.887500,2.474122e-01
0.912500,0.887500,2.366730e-01
0.925000,0.887500,2.223835e-01
0.937500,0.887500,2.037209e-01
0.950000,0.887500,1.796877e-01
0.962500,0.887500,1.490278e-01
0.975000,0.887500,1.101910e-01
0.987500,0.887500,6.130527e-02
1.000000,0.887500,0.000000e+00
0.000000,0.900000,0.000000e+00
0.012500,0.900000,3.848128e-03
0.025000,0.900000,7.697067e-03
0.037500,0.900000,1.154682e-02
0.050000,0.900000,1.539738e-02
0.062500,0.900000,1.924875e-02
0.075000,0.900000,2.310094e-02
0.087500,0.900000,2.695393e-02
0.100000,0.900000,3.080774e-02
0.112500,0.900000,3.466236e-02
0.125000,0.900000,3.851779e-02
0.137500,0.900000,4.237403e-02
0.150000,0.900000,4.623108e-02
0.162500,0.900000,5.008895e-02
0.175000,0.900000,5.394762e-02
0.187500,0.900000,5.780711e-02
0.200000,0.900000,6.166741e-02
0.212500,0.900000,6.552852e-02
0.225000,0.900000,6.939044e-02
0.237500,0.900000,7.325317e-02
0.250000,0.900000,7.711671e-02
0.262500,0.900000,8.098107e-02
0.275000,0.900000,8.484623e-02
0.287500,0.900000,8.871221e-02
0.300000,0.900000,9.257900e-02
0.312500,0.900000,9.644660e-02
0.325000,0.900000,1.003150e-01
0.337500,0.900000,1.041842e-01
0.350000,0.900000,1.080543e-01
0.362500,0.900000,1.119251e-01
0.375000,0.900000,1.157968e-01
0.387500,0.900000,1.196692e-01
0.400000,0.900000,1.235425e-01
0.412500,0.900000,1.274166e-01
0.425000,0.900000,1.312915e-01
0.437500,0.900000,1.351672e-01
0.450000,0.900000,1.390437e-01
0.462500,0.900000,1.429211e-01
0.475000,0.900000,1.467992e-01
0.487500,0.900000,1.506730e-01
0.500000,0.900000,1.545345e-01
0.512500,0.900000,1.583835e-01
0.525000,0.900000,1.622201e-01
0.537500,0.900000,1.660442e-01
0.550000,0.900000,1.698560e-01
0.562500,0.900000,1.736553e-01
0.575000,0.900000,1.774422e-01
0.587500,0.900000,1.812166e-01
0.600000,0.900000,1.849787e-01
0.612500,0.900000,1.887283e-01
0.625000,0.900000,1.924655e-01
0.637500,0.900000,1.961902e-01
0.650000,0.900000,1.999026e-01
0.662500,0.900000,2.036025e-01
0.675000,0.900000,2.072900e-01
0.687500,0.900000,2.109437e-01
0.700000,0.900000,2.144691e-01
0.712500,0.900000,2.178549e-01
0.725000,0.900000,2.211010e-01
0.737500,0.900000,2.242075e-01
0.750000,0.900000,2.271744e-01
0.762500,0.900000,2.300017e-01
0.775000,0.900000,2.326475e-01
0.787500,0.900000,2.348840e-01
0.800000,0.900000,2.366768e-01
0.812500,0.900000,2.380260e-01
0.825000,0.900000,2.388956e-01
0.837500,0.900000,2.389384e-01
0.850000,0.900000,2.380670e-01
0.862500,0.900000,2.361965e-01
0.875000,0.900000,2.328551e-01
0.887500,0.900000,2.279199e-01
0.900000,0.900000,2.208332e-01
0.912500,0.900000,2.112477e-01
0.925000,0.900000,1.984933e-01
0.937500,0.900000,1.818355e-01
0.950000,0.900000,1.603842e-01
0.962500,0.900000,1.330181e-01
0.975000,0.900000,9.835344e-02
0.987500,0.900000,5.471938e-02
1.000000,0.900000,0.000000e+00
0.000000,0.912500,0.000000e+00
0.012500,0.912500,3.377902e-03
0.025000,0.912500,6.756516e-03
0.037500,0.912500,1.013584e-02
0.050000,0.912500,1.351588e-02
0.062500,0.912500,1.689663e-02
0.075000,0.912500,2.027809e-02
0.087500,0.912500,2.366026e-02
0.100000,0.912500,2.704315e-02
0.112500,0.912500,3.042675e-02
0.125000,0.912500,3.381105e-02
0.137500,0.912500,3.719608e-02
0.150000,0.912500,4.058181e-02
0.162500,0.912500,4.396825e-02
0.175000,0.912500,4.735541e-02
0.187500,0.912500,5.074328e-02
0.200000,0.912500,5.413186e-02
0.212500,0.912500,5.752115e-02
0.225000,0.912500,6.091115e-02
0.237500,0.912500,6.430187e-02
0.250000,0.912500,6.769329e-02
0.262500,0.912500,7.108543e-02
0.275000,0.912500,7.447828e-02
0.287500,0.912500,7.787185e-02
0.300000,0.912500,8.126612e-02
0.312500,0.912500,8.466111e-02
0.325000,0.912500,8.805681e-02
0.337500,0.912500,9.145322e-02
0.350000,0.912500,9.485034e-02
0.362500,0.912500,9.824817e-02
0.375000,0.912500,1.016467e-01
0.387500,0.912500,1.050460e-01
0.400000,0.912500,1.084459e-01
0.412500,0.912500,1.118466e-01
0.425000,0.912500,1.152480e-01
0.437500,0.912500,1.186501e-01
0.450000,0.912500,1.220529e-01
0.462500,0.912500,1.254565e-01
0.475000,0.912500,1.288607e-01
0.487500,0.912500,1.322611e-01
0.500000,0.912500,1.356507e-01
0.512500,0.912500,1.390294e-01
0.525000,0.912500,1.423971e-01
0.537500,0.912500,1.457540e-01
0.550000,0.912500,1.490999e-01
0.562500,0.912500,1.524350e-01
0.575000,0.912500,1.557591e-01
0.587500,0.912500,1.590723e-01
0.600000,0.912500,1.623747e-01
0.612500,0.912500,1.656661e-01
0.625000,0.912500,1.689466e-01
0.637500,0.912500,1.722162e-01
0.650000,0.912500,1.754749e-01
0.662500,0.912500,1.787227e-01
0.675000,0.912500,1.819595e-01
0.687500,0.912500,1.851668e-01
0.700000,0.912500,1.882614e-01
0.712500,0.912500,1.912334e-01
0.725000,0.912500,1.940829e-01
0.737500,0.912500,1.968098e-01
0.750000,0.912500,1.994142e-01
0.762500,0.912500,2.018960e-01
0.775000,0.912500,2.042184e-01
0.787500,0.912500,2.061816e-01
0.800000,0.912500,2.077553e-01
0.812500,0.912500,2.089397e-01
0.825000,0.912500,2.097030e-01
0.837500,0.912500,2.097406e-01
0.850000,0.912500,2.089756e-01
0.862500,0.912500,2.073337e-01
0.875000,0.912500,2.044006e-01
0.887500,0.912500,2.000685e-01
0.900000,0.912500,1.938478e-01
0.912500,0.912500,1.854336e-01
0.925000,0.912500,1.742378e-01
0.937500,0.912500,1.596156e-01
0.950000,0.912500,1.407856e-01
0.962500,0.912500,1.167636e-01
0.975000,0.912500,8.633487e-02
0.987500,0.912500,4.803280e-02
1.000000,0.912500,0.000000e+00
0.000000,0.925000,0.000000e+00
0.012500,0.925000,2.904280e-03
0.025000,0.925000,5.809172e-03
0.037500,0.925000,8.714676e-03
0.050000,0.925000,1.162079e-02
0.062500,0.925000,1.452752e-02
0.075000,0.925000,1.743486e-02
0.087500,0.925000,2.034281e-02
0.100000,0.925000,2.325137e-02
0.112500,0.925000,2.616055e-02
0.125000,0.925000,2.907033e-02
0.137500,0.925000,3.198073e-02
0.150000,0.925000,3.489174e-02
0.162500,0.925000,3.780336e-02
0.175000,0.925000,4.071559e-02
0.187500,0.925000,4.362844e-02
0.200000,0.925000,4.654189e-02
0.212500,0.925000,4.945596e-02
0.225000,0.925000,5.237064e-02
0.237500,0.925000,5.528593e-02
0.250000,0.925000,5.820184e-02
0.262500,0.925000,6.111835e-02
0.275000,0.925000,6.403548e-02
0.287500,0.925000,6.695322e-02
0.300000,0.925000,6.987157e-02
0.312500,0.925000,7.279053e-02
0.325000,0.925000,7.571010e-02
0.337500,0.925000,7.863029e-02
0.350000,0.925000,8.155109e-02
0.362500,0.925000,8.447250e-02
0.375000,0.925000,8.739452e-02
0.387500,0.925000,9.031715e-02
0.400000,0.925000,9.324040e-02
0.412500,0.925000,9.616425e-02
0.425000,0.925000,9.908872e-02
0.437500,0.925000,1.020138e-01
0.450000,0.925000,1.049395e-01
0.462500,0.925000,1.078658e-01
0.475000,0.925000,1.107927e-01
0.487500,0.925000,1.137163e-01
0.500000,0.925000,1.166306e-01
0.512500,0.925000,1.195356e-01
0.525000,0.925000,1.224311e-01
0.537500,0.925000,1.253173e-01
0.550000,0.925000,1.281941e-01
0.562500,0.925000,1.310615e-01
0.575000,0.925000,1.339196e-01
0.587500,0.925000,1.367682e-01
0.600000,0.925000,1.396075e-01
0.612500,0.925000,1.424374e-01
0.625000,0.925000,1.452580e-01
0.637500,0.925000,1.480691e-01
0.650000,0.925000,1.508709e-01
0.662500,0.925000,1.536633e-01
0.675000,0.925000,1.564463e-01
0.687500,0.925000,1.592039e-01
0.700000,0.925000,1.618645e-01
0.712500,0.925000,1.644198e-01
0.725000,0.925000,1.668698e-01
0.737500,0.925000,1.692143e-01
0.750000,0.925000,1.714535e-01
0.762500,0.925000,1.735873e-01
0.775000,0.925000,1.755842e-01
0.787500,0.925000,1.772721e-01
0.800000,0.925000,1.786252e-01
0.812500,0.925000,1.796434e-01
0.825000,0.925000,1.802998e-01
0.837500,0.925000,1.803321e-01
0.850000,0.925000,1.796744e-01
0.862500,0.925000,1.782626e-01
0.875000,0.925000,1.757408e-01
0.887500,0.925000,1.720161e-01
0.900000,0.925000,1.666677e-01
0.912500,0.925000,1.594333e-01
0.925000,0.925000,1.498073e-01
0.937500,0.925000,1.372353e-01
0.950000,0.925000,1.210455e-01
0.962500,0.925000,1.003917e-01
0.975000,0.925000,7.422955e-02
0.987500,0.925000,4.129795e-02
1.000000,0.925000,0.000000e+00
0.000000,0.937500,0.000000e+00
0.012500,0.937500,2.427680e-03
0.025000,0.937500,4.855871e-03
0.037500,0.937500,7.284573e-03
0.050000,0.937500,9.713786e-03
0.062500,0.937500,1.214351e-02
0.075000,0.937500,1.457375e-02
0.087500,0.937500,1.700449e-02
0.100000,0.937500,1.943575e-02
0.112500,0.937500,2.186752e-02
0.125000,0.937500,2.429980e-02
0.137500,0.937500,2.673259e-02
0.150000,0.937500,2.916589e-02
0.162500,0.937500,3.159971e-02
0.175000,0.937500,3.403403e-02
0.187500,0.937500,3.646887e-02
0.200000,0.937500,3.890421e-02
0.212500,0.937500,4.134007e-02
0.225000,0.937500,4.377644e-02
0.237500,0.937500,4.621332e-02
0.250000,0.937500,4.865071e-02
0.262500,0.937500,5.108861e-02
0.275000,0.937500,5.352702e-02
0.287500,0.937500,5.596595e-02
0.300000,0.937500,5.840538e-02
0.312500,0.937500,6.084533e-02
0.325000,0.937500,6.328579e-02
0.337500,0.937500,6.572676e-02
0.350000,0.937500,6.816824e-02
0.362500,0.937500,7.061023e-02
0.375000,0.937500,7.305273e-02
0.387500,0.937500,7.549574e-02
0.400000,0.937500,7.793927e-02
0.412500,0.937500,8.038330e-02
0.425000,0.937500,8.282785e-02
0.437500,0.937500,8.527291e-02
0.450000,0.937500,8.771848e-02
0.462500,0.937500,9.016456e-02
0.475000,0.937500,9.261115e-02
0.487500,0.937500,9.505498e-02
0.500000,0.937500,9.749104e-02
0.512500,0.937500,9.991925e-02
0.525000,0.937500,1.023396e-01
0.537500,0.937500,1.047522e-01
0.550000,0.937500,1.071569e-01
0.562500,0.937500,1.095537e-01
0.575000,0.937500,1.119427e-01
0.587500,0.937500,1.143239e-01
0.600000,0.937500,1.166973e-01
0.612500,0.937500,1.190628e-01
0.625000,0.937500,1.214205e-01
0.637500,0.937500,1.237703e-01
0.650000,0.937500,1.261123e-01
0.662500,0.937500,1.284464e-01
0.675000,0.937500,1.307727e-01
0.687500,0.937500,1.330778e-01
0.700000,0.937500,1.353018e-01
0.712500,0.937500,1.374378e-01
0.725000,0.937500,1.394857e-01
0.737500,0.937500,1.414455e-01
0.750000,0.937500,1.433172e-01
0.762500,0.937500,1.451008e-01
0.775000,0.937500,1.467700e-01
0.787500,0.937500,1.481809e-01
0.800000,0.937500,1.493119e-01
0.812500,0.937500,1.501631e-01
0.825000,0.937500,1.507117e-01
0.837500,0.937500,1.507387e-01
0.850000,0.937500,1.501889e-01
0.862500,0.937500,1.490089e-01
0.875000,0.937500,1.469009e-01
0.887500,0.937500,1.437875e-01
0.900000,0.937500,1.393167e-01
0.912500,0.937500,1.332695e-01
0.925000,0.937500,1.252232e-01
0.937500,0.937500,1.147144e-01
0.950000,0.937500,1.011814e-01
0.962500,0.937500,8.391699e-02
0.975000,0.937500,6.204815e-02
0.987500,0.937500,3.452078e-02
1.000000,0.937500,0.000000e+00
0.000000,0.950000,0.000000e+00
0.012500,0.950000,1.948101e-03
0.025000,0.950000,3.896612e-03
0.037500,0.950000,5.845533e-03
0.050000,0.950000,7.794864e-03
0.062500,0.950000,9.744604e-03
0.075000,0.950000,1.169476e-02
0.087500,0.950000,1.364532e-02
0.100000,0.950000,1.559629e-02
0.112500,0.950000,1.754767e-02
0.125000,0.950000,1.949946e-02
0.137500,0.950000,2.145166e-02
0.150000,0.950000,2.340427e-02
0.162500,0.950000,2.535729e-02
0.175000,0.950000,2.731072e-02
0.187500,0.950000,2.926456e-02
0.200000,0.950000,3.121881e-02
0.212500,0.950000,3.317347e-02
0.225000,0.950000,3.512854e-02
0.237500,0.950000,3.708402e-02
0.250000,0.950000,3.903991e-02
0.262500,0.950000,4.099621e-02
0.275000,0.950000,4.295292e-02
0.287500,0.950000,4.491004e-02
0.300000,0.950000,4.686757e-02
0.312500,0.950000,4.882551e-02
0.325000,0.950000,5.078386e-02
0.337500,0.950000,5.274262e-02
0.350000,0.950000,5.470179e-02
0.362500,0.950000,5.666137e-02
0.375000,0.950000,5.862136e-02
0.387500,0.950000,6.058176e-02
0.400000,0.950000,6.254257e-02
0.412500,0.950000,6.450379e-02
0.425000,0.950000,6.646541e-02
0.437500,0.950000,6.842745e-02
0.450000,0.950000,7.038990e-02
0.462500,0.950000,7.235276e-02
0.475000,0.950000,7.431603e-02
0.487500,0.950000,7.627709e-02
0.500000,0.950000,7.823190e-02
0.512500,0.950000,8.018043e-02
0.525000,0.950000,8.212266e-02
0.537500,0.950000,8.405860e-02
0.550000,0.950000,8.598826e-02
0.562500,0.950000,8.791162e-02
0.575000,0.950000,8.982869e-02
0.587500,0.950000,9.173948e-02
0.600000,0.950000,9.364397e-02
0.612500,0.950000,9.554217e-02
0.625000,0.950000,9.743409e-02
0.637500,0.950000,9.931971e-02
0.650000,0.950000,1.011990e-01
0.662500,0.950000,1.030721e-01
0.675000,0.950000,1.049388e-01
0.687500,0.950000,1.067885e-01
0.700000,0.950000,1.085732e-01
0.712500,0.950000,1.102872e-01
0.725000,0.950000,1.119305e-01
0.737500,0.950000,1.135032e-01
0.750000,0.950000,1.150052e-01
0.762500,0.950000,1.164364e-01
0.775000,0.950000,1.177759e-01
0.787500,0.950000,1.189080e-01
0.800000,0.950000,1.198156e-01
0.812500,0.950000,1.204987e-01
0.825000,0.950000,1.209389e-01
0.837500,0.950000,1.209606e-01
0.850000,0.950000,1.205194e-01
0.862500,0.950000,1.195725e-01
0.875000,0.950000,1.178809e-01
0.887500,0.950000,1.153825e-01
0.900000,0.950000,1.117950e-01
0.912500,0.950000,1.069424e-01
0.925000,0.950000,1.004856e-01
0.937500,0.950000,9.205277e-02
0.950000,0.950000,8.119322e-02
0.962500,0.950000,6.733937e-02
0.975000,0.950000,4.979067e-02
0.987500,0.950000,2.770127e-02
1.000000,0.950000,0.000000e+00
0.000000,0.962500,0.000000e+00
0.012500,0.962500,1.465544e-03
0.025000,0.962500,2.931395e-03
0.037500,0.962500,4.397555e-03
0.050000,0.962500,5.864024e-03
0.062500,0.962500,7.330800e-03
0.075000,0.962500,8.797885e-03
0.087500,0.962500,1.026528e-02
0.100000,0.962500,1.173298e-02
0.112500,0.962500,1.320099e-02
0.125000,0.962500,1.466931e-02
0.137500,0.962500,1.613793e-02
0.150000,0.962500,1.760687e-02
0.162500,0.962500,1.907611e-02
0.175000,0.962500,2.054566e-02
0.187500,0.962500,2.201552e-02
0.200000,0.962500,2.348569e-02
0.212500,0.962500,2.495616e-02
0.225000,0.962500,2.642695e-02
0.237500,0.962500,2.789804e-02
0.250000,0.962500,2.936944e-02
0.262500,0.962500,3.084115e-02
0.275000,0.962500,3.231316e-02
0.287500,0.962500,3.378549e-02
0.300000,0.962500,3.525812e-02
0.312500,0.962500,3.673106e-02
0.325000,0.962500,3.820431e-02
0.337500,0.962500,3.967787e-02
0.350000,0.962500,4.115174e-02
0.362500,0.962500,4.262591e-02
0.375000,0.962500,4.410040e-02
0.387500,0.962500,4.557519e-02
0.400000,0.962500,4.705029e-02
0.412500,0.962500,4.852570e-02
0.425000,0.962500,5.000141e-02
0.437500,0.962500,5.147744e-02
0.450000,0.962500,5.295377e-02
0.462500,0.962500,5.443041e-02
0.475000,0.962500,5.590736e-02
0.487500,0.962500,5.738264e-02
0.500000,0.962500,5.885323e-02
0.512500,0.962500,6.031909e-02
0.525000,0.962500,6.178021e-02
0.537500,0.962500,6.323660e-02
0.550000,0.962500,6.468826e-02
0.562500,0.962500,6.613519e-02
0.575000,0.962500,6.757739e-02
0.587500,0.962500,6.901486e-02
0.600000,0.962500,7.044759e-02
0.612500,0.962500,7.187559e-02
0.625000,0.962500,7.329886e-02
0.637500,0.962500,7.471740e-02
0.650000,0.962500,7.613120e-02
0.662500,0.962500,7.754028e-02
0.675000,0.962500,7.894462e-02
0.687500,0.962500,8.033611e-02
0.700000,0.962500,8.167872e-02
0.712500,0.962500,8.296815e-02
0.725000,0.962500,8.420442e-02
0.737500,0.962500,8.538751e-02
0.750000,0.962500,8.651742e-02
0.762500,0.962500,8.759417e-02
0.775000,0.962500,8.860179e-02
0.787500,0.962500,8.945353e-02
0.800000,0.962500,9.013631e-02
0.812500,0.962500,9.065013e-02
0.825000,0.962500,9.098133e-02
0.837500,0.962500,9.099763e-02
0.850000,0.962500,9.066575e-02
0.862500,0.962500,8.995338e-02
0.875000,0.962500,8.868085e-02
0.887500,0.962500,8.680133e-02
0.900000,0.962500,8.410243e-02
0.912500,0.962500,8.045189e-02
0.925000,0.962500,7.559449e-02
0.937500,0.962500,6.925055e-02
0.950000,0.962500,6.108100e-02
0.962500,0.962500,5.065886e-02
0.975000,0.962500,3.745712e-02
0.987500,0.962500,2.083944e-02
1.000000,0.962500,0.000000e+00
0.000000,0.975000,0.000000e+00
0.012500,0.975000,9.800075e-04
0.025000,0.975000,1.960221e-03
0.037500,0.975000,2.940641e-03
0.050000,0.975000,3.921266e-03
0.062500,0.975000,4.902098e-03
0.075000,0.975000,5.883136e-03
0.087500,0.975000,6.864380e-03
0.100000,0.975000,7.845829e-03
0.112500,0.975000,8.827485e-03
0.125000,0.975000,9.809347e-03
0.137500,0.975000,1.079141e-02
0.150000,0.975000,1.177369e-02
0.162500,0.975000,1.275617e-02
0.175000,0.975000,1.373885e-02
0.187500,0.975000,1.472175e-02
0.200000,0.975000,1.570484e-02
0.212500,0.975000,1.668815e-02
0.225000,0.975000,1.767166e-02
0.237500,0.975000,1.865538e-02
0.250000,0.975000,1.963930e-02
0.262500,0.975000,2.062343e-02
0.275000,0.975000,2.160776e-02
0.287500,0.975000,2.259230e-02
0.300000,0.975000,2.357705e-02
0.312500,0.975000,2.456200e-02
0.325000,0.975000,2.554716e-02
0.337500,0.975000,2.653252e-02
0.350000,0.975000,2.751809e-02
0.362500,0.975000,2.850387e-02
0.375000,0.975000,2.948985e-02
0.387500,0.975000,3.047604e-02
0.400000,0.975000,3.146243e-02
0.412500,0.975000,3.244903e-02
0.425000,0.975000,3.343584e-02
0.437500,0.975000,3.442285e-02
0.450000,0.975000,3.541007e-02
0.462500,0.975000,3.639750e-02
0.475000,0.975000,3.738513e-02
0.487500,0.975000,3.837165e-02
0.500000,0.975000,3.935502e-02
0.512500,0.975000,4.033524e-02
0.525000,0.975000,4.131229e-02
0.537500,0.975000,4.228617e-02
0.550000,0.975000,4.325689e-02
0.562500,0.975000,4.422445e-02
0.575000,0.975000,4.518884e-02
0.587500,0.975000,4.615007e-02
0.600000,0.975000,4.710813e-02
0.612500,0.975000,4.806303e-02
0.625000,0.975000,4.901477e-02
0.637500,0.975000,4.996334e-02
0.650000,0.975000,5.090875e-02
0.662500,0.975000,5.185099e-02
0.675000,0.975000,5.279007e-02
0.687500,0.975000,5.372056e-02
0.700000,0.975000,5.461836e-02
0.712500,0.975000,5.548060e-02
0.725000,0.975000,5.630728e-02
0.737500,0.975000,5.709841e-02
0.750000,0.975000,5.785399e-02
0.762500,0.975000,5.857400e-02
0.775000,0.975000,5.924780e-02
0.787500,0.975000,5.981735e-02
0.800000,0.975000,6.027392e-02
0.812500,0.975000,6.061751e-02
0.825000,0.975000,6.083899e-02
0.837500,0.975000,6.084989e-02
0.850000,0.975000,6.062796e-02
0.862500,0.975000,6.015160e-02
0.875000,0.975000,5.930066e-02
0.887500,0.975000,5.804383e-02
0.900000,0.975000,5.623909e-02
0.912500,0.975000,5.379798e-02
0.925000,0.975000,5.054985e-02
0.937500,0.975000,4.630767e-02
0.950000,0.975000,4.084472e-02
0.962500,0.975000,3.387546e-02
0.975000,0.975000,2.504749e-02
0.987500,0.975000,1.393529e-02
1.000000,0.975000,0.000000e+00
0.000000,0.987500,0.000000e+00
0.012500,0.987500,4.914930e-04
0.025000,0.987500,9.830894e-04
0.037500,0.987500,1.474789e-03
0.050000,0.987500,1.966592e-03
0.062500,0.987500,2.458498e-03
0.075000,0.987500,2.950507e-03
0.087500,0.987500,3.442620e-03
0.100000,0.987500,3.934836e-03
0.112500,0.987500,4.427155e-03
0.125000,0.987500,4.919578e-03
0.137500,0.987500,5.412104e-03
0.150000,0.987500,5.904733e-03
0.162500,0.987500,6.397465e-03
0.175000,0.987500,6.890301e-03
0.187500,0.987500,7.383240e-03
0.200000,0.987500,7.876282e-03
0.212500,0.987500,8.369428e-03
0.225000,0.987500,8.862677e-03
0.237500,0.987500,9.356029e-03
0.250000,0.987500,9.849484e-03
0.262500,0.987500,1.034304e-02
0.275000,0.987500,1.083670e-02
0.287500,0.987500,1.133047e-02
0.300000,0.987500,1.182434e-02
0.312500,0.987500,1.231831e-02
0.325000,0.987500,1.281239e-02
0.337500,0.987500,1.330656e-02
0.350000,0.987500,1.380085e-02
0.362500,0.987500,1.429523e-02
0.375000,0.987500,1.478972e-02
0.387500,0.987500,1.528431e-02
0.400000,0.987500,1.577900e-02
0.412500,0.987500,1.627380e-02
0.425000,0.987500,1.676870e-02
0.437500,0.987500,1.726371e-02
0.450000,0.987500,1.775882e-02
0.462500,0.987500,1.825403e-02
0.475000,0.987500,1.874934e-02
0.487500,0.987500,1.924410e-02
0.500000,0.987500,1.973728e-02
0.512500,0.987500,2.022887e-02
0.525000,0.987500,2.071888e-02
0.537500,0.987500,2.120730e-02
0.550000,0.987500,2.169414e-02
0.562500,0.987500,2.217938e-02
0.575000,0.987500,2.266304e-02
0.587500,0.987500,2.314512e-02
0.600000,0.987500,2.362560e-02
0.612500,0.987500,2.410450e-02
0.625000,0.987500,2.458182e-02
0.637500,0.987500,2.505754e-02
0.650000,0.987500,2.553168e-02
0.662500,0.987500,2.600423e-02
0.675000,0.987500,2.647520e-02
0.687500,0.987500,2.694185e-02
0.700000,0.987500,2.739212e-02
0.712500,0.987500,2.782455e-02
0.725000,0.987500,2.823915e-02
0.737500,0.987500,2.863591e-02
0.750000,0.987500,2.901484e-02
0.762500,0.987500,2.937594e-02
0.775000,0.987500,2.971386e-02
0.787500,0.987500,2.999951e-02
0.800000,0.987500,3.022849e-02
0.812500,0.987500,3.040080e-02
0.825000,0.987500,3.051188e-02
0.837500,0.987500,3.051734e-02
0.850000,0.987500,3.040604e-02
0.862500,0.987500,3.016714e-02
0.875000,0.987500,2.974038e-02
0.887500,0.987500,2.911006e-02
0.900000,0.987500,2.820495e-02
0.912500,0.987500,2.698068e-02
0.925000,0.987500,2.535169e-02
0.937500,0.987500,2.322416e-02
0.950000,0.987500,2.048439e-02
0.962500,0.987500,1.698917e-02
0.975000,0.987500,1.256178e-02
0.987500,0.987500,6.988808e-03
1.000000,0.987500,0.000000e+00
0.000000,1.000000,0.000000e+00
0.012500,1.000000,0.000000e+00
0.025000,1.000000,0.000000e+00
0.037500,1.000000,0.000000e+00
0.050000,1.000000,0.000000e+00
0.062500,1.000000,0.000000e+00
0.075000,1.000000,0.000000e+00
0.087500,1.000000,0.000000e+00
0.100000,1.000000,0.000000e+00
0.112500,1.000000,0.000000e+00
0.125000,1.000000,0.000000e+00
0.137500,1.000000,0.000000e+00
0.150000,1.000000,0.000000e+00
0.162500,1.000000,0.000000e+00
0.175000,1.000000,0.000000e+00
0.187500,1.000000,0.000000e+00
0.200000,1.000000,0.000000e+00
0.212500,1.000000,0.000000e+00
0.225000,1.000000,0.000000e+00
0.237500,1.000000,0.000000e+00
0.250000,1.000000,0.000000e+00
0.262500,1.000000,0.000000e+00
0.275000,1.000000,0.000000e+00
0.287500,1.000000,0.000000e+00
0.300000,1.000000,0.000000e+00
0.312500,1.000000,0.000000e+00
0.325000,1.000000,0.000000e+00
0.337500,1.000000,0.000000e+00
0.350000,1.000000,0.000000e+00
0.362500,1.000000,0.000000e+00
0.375000,1.000000,0.000000e+00
0.387500,1.000000,0.000000e+00
0.400000,1.000000,0.000000e+00
0.412500,1.000000,0.000000e+00
0.425000,1.000000,0.000000e+00
0.437500,1.000000,0.000000e+00
0.450000,1.000000,0.000000e+00
0.462500,1.000000,0.000000e+00
0.475000,1.000000,0.000000e+00
0.487500,1.000000,0.000000e+00
0.500000,1.000000,0.000000e+00
0.512500,1.000000,0.000000e+00
0.525000,1.000000,0.000000e+00
0.537500,1.000000,0.000000e+00
0.550000,1.000000,0.000000e+00
0.562500,1.000000,0.000000e+00
0.575000,1.000000,0.000000e+00
0.587500,1.000000,0.000000e+00
0.600000,1.000000,0.000000e+00
0.612500,1.000000,0.000000e+00
0.625000,1.000000,0.000000e+00
0.637500,1.000000,0.000000e+00
0.650000,1.000000,0.000000e+00
0.662500,1.000000,0.000000e+00
0.675000,1.000000,0.000000e+00
0.687500,1.000000,0.000000e+00
0.700000,1.000000,0.000000e+00
0.712500,1.000000,0.000000e+00
0.725000,1.000000,0.000000e+00
0.737500,1.000000,0.000000e+00
0.750000,1.000000,0.000000e+00
0.762500,1.000000,0.000000e+00
0.775000,1.000000,0.000000e+00
0.787500,1.000000,0.000000e+00
0.800000,1.000000,0.000000e+00
0.812500,1.000000,0.000000e+00
0.825000,1.000000,0.000000e+00
0.837500,1.000000,0.000000e+00
0.850000,1.000000,0.000000e+00
0.862500,1.000000,0.000000e+00
0.875000,1.000000,0.000000e+00
0.887500,1.000000,0.000000e+00
0.900000,1.000000,0.000000e+00
0.912500,1.000000,0.000000e+00
0.925000,1.000000,0.000000e+00
0.937500,1.000000,0.000000e+00
0.950000,1.000000,0.000000e+00
0.962500,1.000000,0.000000e+00
0.975000,1.000000,0.000000e+00
0.987500,1.000000,0.000000e+00
1.000000,1.000000,0.000000e+00
