x,y,z
0.000000,0.000000,0.000000e+00
0.012500,0.000000,0.000000e+00
0.025000,0.000000,0.000000e+00
0.037500,0.000000,0.000000e+00
0.050000,0.000000,0.000000e+00
0.062500,0.000000,0.000000e+00
0.075000,0.000000,0.000000e+00
0.087500,0.000000,0.000000e+00
0.100000,0.000000,0.000000e+00
0.112500,0.000000,0.000000e+00
0.125000,0.000000,0.000000e+00
0.137500,0.000000,0.000000e+00
0.150000,0.000000,0.000000e+00
0.162500,0.000000,0.000000e+00
0.175000,0.000000,0.000000e+00
0.187500,0.000000,0.000000e+00
0.200000,0.000000,0.000000e+00
0.212500,0.000000,0.000000e+00
0.225000,0.000000,0.000000e+00
0.237500,0.000000,0.000000e+00
0.250000,0.000000,0.000000e+00
0.262500,0.000000,0.000000e+00
0.275000,0.000000,0.000000e+00
0.287500,0.000000,0.000000e+00
0.300000,0.000000,0.000000e+00
0.312500,0.000000,0.000000e+00
0.325000,0.000000,0.000000e+00
0.337500,0.000000,0.000000e+00
0.350000,0.000000,0.000000e+00
0.362500,0.000000,0.000000e+00
0.375000,0.000000,0.000000e+00
0.387500,0.000000,0.000000e+00
0.400000,0.000000,0.000000e+00
0.412500,0.000000,0.000000e+00
0.425000,0.000000,0.000000e+00
0.437500,0.000000,0.000000e+00
0.450000,0.000000,0.000000e+00
0.462500,0.000000,0.000000e+00
0.475000,0.000000,0.000000e+00
0.487500,0.000000,0.000000e+00
0.500000,0.000000,0.000000e+00
0.512500,0.000000,0.000000e+00
0.525000,0.000000,0.000000e+00
0.537500,0.000000,0.000000e+00
0.550000,0.000000,0.000000e+00
0.562500,0.000000,0.000000e+00
0.575000,0.000000,0.000000e+00
0.587500,0.000000,0.000000e+00
0.600000,0.000000,0.000000e+00
0.612500,0.000000,0.000000e+00
0.625000,0.000000,0.000000e+00
0.637500,0.000000,0.000000e+00
0.650000,0.000000,0.000000e+00
0.662500,0.000000,0.000000e+00
0.675000,0.000000,0.000000e+00
0.687500,0.000000,0.000000e+00
0.700000,0.000000,0.000000e+00
0.712500,0.000000,0.000000e+00
0.725000,0.000000,0.000000e+00
0.737500,0.000000,0.000000e+00
0.750000,0.000000,0.000000e+00
0.762500,0.000000,0.000000e+00
0.775000,0.000000,0.000000e+00
0.787500,0.000000,0.000000e+00
0.800000,0.000000,0.000000e+00
0.812500,0.000000,0.000000e+00
0.825000,0.000000,0.000000e+00
0.837500,0.000000,0.000000e+00
0.850000,0.000000,0.000000e+00
0.862500,0.000000,0.000000e+00
0.875000,0.000000,0.000000e+00
0.887500,0.000000,0.000000e+00
0.900000,0.000000,0.000000e+00
0.912500,0.000000,0.000000e+00
0.925000,0.000000,0.000000e+00
0.937500,0.000000,0.000000e+00
0.950000,0.000000,0.000000e+00
0.962500,0.000000,0.000000e+00
0.975000,0.000000,0.000000e+00
0.987500,0.000000,0.000000e+00
1.000000,0.000000,0.000000e+00
0.000000,0.012500,0.000000e+00
0.012500,0.012500,4.936734e-04
0.025000,0.012500,9.873730e-04
0.037500,0.012500,1.481099e-03
0.050000,0.012500,1.974851e-03
0.062500,0.012500,2.468629e-03
0.075000,0.012500,2.962433e-03
0.087500,0.012500,3.456264e-03
0.100000,0.012500,3.950121e-03
0.112500,0.012500,4.444004e-03
0.125000,0.012500,4.937913e-03
0.137500,0.012500,5.431848e-03
0.150000,0.012500,5.925810e-03
0.162500,0.012500,6.419798e-03
0.175000,0.012500,6.913812e-03
0.187500,0.012500,7.407852e-03
0.200000,0.012500,7.901918e-03
0.212500,0.012500,8.396011e-03
0.225000,0.012500,8.890130e-03
0.237500,0.012500,9.384275e-03
0.250000,0.012500,9.878446e-03
0.262500,0.012500,1.037264e-02
0.275000,0.012500,1.086687e-02
0.287500,0.012500,1.136112e-02
0.300000,0.012500,1.185539e-02
0.312500,0.012500,1.234969e-02
0.325000,0.012500,1.284402e-02
0.337500,0.012500,1.333838e-02
0.350000,0.012500,1.383276e-02
0.362500,0.012500,1.432717e-02
0.375000,0.012500,1.482160e-02
0.387500,0.012500,1.531606e-02
0.400000,0.012500,1.581054e-02
0.412500,0.012500,1.630505e-02
0.425000,0.012500,1.679959e-02
0.437500,0.012500,1.729416e-02
0.450000,0.012500,1.778875e-02
0.462500,0.012500,1.828336e-02
0.475000,0.012500,1.877801e-02
0.487500,0.012500,1.927268e-02
0.500000,0.012500,1.976737e-02
0.512500,0.012500,2.026209e-02
0.525000,0.012500,2.075684e-02
0.537500,0.012500,2.125161e-02
0.550000,0.012500,2.174641e-02
0.562500,0.012500,2.224124e-02
0.575000,0.012500,2.273609e-02
0.587500,0.012500,2.323097e-02
0.600000,0.012500,2.372587e-02
0.612500,0.012500,2.422080e-02
0.625000,0.012500,2.471576e-02
0.637500,0.012500,2.521075e-02
0.650000,0.012500,2.570575e-02
0.662500,0.012500,2.620079e-02
0.675000,0.012500,2.669585e-02
0.687500,0.012500,2.719094e-02
0.700000,0.012500,2.768605e-02
0.712500,0.012500,2.818119e-02
0.725000,0.012500,2.867636e-02
0.737500,0.012500,2.917154e-02
0.750000,0.012500,2.966613e-02
0.762500,0.012500,3.015984e-02
0.775000,0.012500,3.065267e-02
0.787500,0.012500,3.114460e-02
0.800000,0.012500,3.163565e-02
0.812500,0.012500,3.212582e-02
0.825000,0.012500,3.261509e-02
0.837500,0.012500,3.310349e-02
0.850000,0.012500,3.359099e-02
0.862500,0.012500,3.407761e-02
0.875000,0.012500,3.456334e-02
0.887500,0.012500,3.504819e-02
0.900000,0.012500,3.550757e-02
0.912500,0.012500,3.583172e-02
0.925000,0.012500,3.600746e-02
0.937500,0.012500,3.597899e-02
0.950000,0.012500,3.531401e-02
0.962500,0.012500,3.344422e-02
0.975000,0.012500,2.910520e-02
0.987500,0.012500,1.971513e-02
1.000000,0.012500,0.000000e+00
0.000000,0.025000,0.000000e+00
0.012500,0.025000,9.839095e-04
0.025000,0.025000,1.967871e-03
0.037500,0.025000,2.951886e-03
0.050000,0.025000,3.935952e-03
0.062500,0.025000,4.920071e-03
0.075000,0.025000,5.904242e-03
0.087500,0.025000,6.888466e-03
0.100000,0.025000,7.872741e-03
0.112500,0.025000,8.857069e-03
0.125000,0.025000,9.841450e-03
0.137500,0.025000,1.082588e-02
0.150000,0.025000,1.181037e-02
0.162500,0.025000,1.279491e-02
0.175000,0.025000,1.377950e-02
0.187500,0.025000,1.476414e-02
0.200000,0.025000,1.574883e-02
0.212500,0.025000,1.673358e-02
0.225000,0.025000,1.771838e-02
0.237500,0.025000,1.870323e-02
0.250000,0.025000,1.968813e-02
0.262500,0.025000,2.067309e-02
0.275000,0.025000,2.165810e-02
0.287500,0.025000,2.264316e-02
0.300000,0.025000,2.362827e-02
0.312500,0.025000,2.461344e-02
0.325000,0.025000,2.559865e-02
0.337500,0.025000,2.658392e-02
0.350000,0.025000,2.756925e-02
0.362500,0.025000,2.855462e-02
0.375000,0.025000,2.954005e-02
0.387500,0.025000,3.052553e-02
0.400000,0.025000,3.151106e-02
0.412500,0.025000,3.249664e-02
0.425000,0.025000,3.348228e-02
0.437500,0.025000,3.446797e-02
0.450000,0.025000,3.545371e-02
0.462500,0.025000,3.643950e-02
0.475000,0.025000,3.742535e-02
0.487500,0.025000,3.841125e-02
0.500000,0.025000,3.939720e-02
0.512500,0.025000,4.038320e-02
0.525000,0.025000,4.136926e-02
0.537500,0.025000,4.235536e-02
0.550000,0.025000,4.334152e-02
0.562500,0.025000,4.432773e-02
0.575000,0.025000,4.531400e-02
0.587500,0.025000,4.630032e-02
0.600000,0.025000,4.728668e-02
0.612500,0.025000,4.827311e-02
0.625000,0.025000,4.925958e-02
0.637500,0.025000,5.024610e-02
0.650000,0.025000,5.123268e-02
0.662500,0.025000,5.221931e-02
0.675000,0.025000,5.320600e-02
0.687500,0.025000,5.419273e-02
0.700000,0.025000,5.517952e-02
0.712500,0.025000,5.616636e-02
0.725000,0.025000,5.715325e-02
0.737500,0.025000,5.814017e-02
0.750000,0.025000,5.912592e-02
0.762500,0.025000,6.010991e-02
0.775000,0.025000,6.109213e-02
0.787500,0.025000,6.207258e-02
0.800000,0.025000,6.305127e-02
0.812500,0.025000,6.402819e-02
0.825000,0.025000,6.500335e-02
0.837500,0.025000,6.597674e-02
0.850000,0.025000,6.694836e-02
0.862500,0.025000,6.791822e-02
0.875000,0.025000,6.888632e-02
0.887500,0.025000,6.985264e-02
0.900000,0.025000,7.076821e-02
0.912500,0.025000,7.141425e-02
0.925000,0.025000,7.176451e-02
0.937500,0.025000,7.170778e-02
0.950000,0.025000,7.038243e-02
0.962500,0.025000,6.665586e-02
0.975000,0.025000,5.800799e-02
0.987500,0.025000,3.929317e-02
1.000000,0.025000,0.000000e+00
0.000000,0.037500,0.000000e+00
0.012500,0.037500,1.470708e-03
0.025000,0.037500,2.941495e-03
0.037500,0.037500,4.412360e-03
0.050000,0.037500,5.883304e-03
0.062500,0.037500,7.354325e-03
0.075000,0.037500,8.825426e-03
0.087500,0.037500,1.029660e-02
0.100000,0.037500,1.176786e-02
0.112500,0.037500,1.323920e-02
0.125000,0.037500,1.471061e-02
0.137500,0.037500,1.618210e-02
0.150000,0.037500,1.765367e-02
0.162500,0.037500,1.912532e-02
0.175000,0.037500,2.059705e-02
0.187500,0.037500,2.206886e-02
0.200000,0.037500,2.354074e-02
0.212500,0.037500,2.501270e-02
0.225000,0.037500,2.648474e-02
0.237500,0.037500,2.795686e-02
0.250000,0.037500,2.942906e-02
0.262500,0.037500,3.090134e-02
0.275000,0.037500,3.237369e-02
0.287500,0.037500,3.384613e-02
0.300000,0.037500,3.531864e-02
0.312500,0.037500,3.679123e-02
0.325000,0.037500,3.826389e-02
0.337500,0.037500,3.973664e-02
0.350000,0.037500,4.120947e-02
0.362500,0.037500,4.268237e-02
0.375000,0.037500,4.415535e-02
0.387500,0.037500,4.562841e-02
0.400000,0.037500,4.710155e-02
0.412500,0.037500,4.857477e-02
0.425000,0.037500,5.004806e-02
0.437500,0.037500,5.152144e-02
0.450000,0.037500,5.299489e-02
0.462500,0.037500,5.446842e-02
0.475000,0.037500,5.594203e-02
0.487500,0.037500,5.741572e-02
0.500000,0.037500,5.888948e-02
0.512500,0.037500,6.036333e-02
0.525000,0.037500,6.183725e-02
0.537500,0.037500,6.331125e-02
0.550000,0.037500,6.478533e-02
0.562500,0.037500,6.625949e-02
0.575000,0.037500,6.773372e-02
0.587500,0.037500,6.920804e-02
0.600000,0.037500,7.068243e-02
0.612500,0.037500,7.215690e-02
0.625000,0.037500,7.363145e-02
0.637500,0.037500,7.510608e-02
0.650000,0.037500,7.658079e-02
0.662500,0.037500,7.805557e-02
0.675000,0.037500,7.953043e-02
0.687500,0.037500,8.100538e-02
0.700000,0.037500,8.248040e-02
0.712500,0.037500,8.395549e-02
0.725000,0.037500,8.543067e-02
0.737500,0.037500,8.690588e-02
0.750000,0.037500,8.837935e-02
0.762500,0.037500,8.985019e-02
0.775000,0.037500,9.131838e-02
0.787500,0.037500,9.278394e-02
0.800000,0.037500,9.424685e-02
0.812500,0.037500,9.570713e-02
0.825000,0.037500,9.716477e-02
0.837500,0.037500,9.861976e-02
0.850000,0.037500,1.000721e-01
0.862500,0.037500,1.015218e-01
0.875000,0.037500,1.029689e-01
0.887500,0.037500,1.044133e-01
0.900000,0.037500,1.057819e-01
0.912500,0.037500,1.067476e-01
0.925000,0.037500,1.072712e-01
0.937500,0.037500,1.071864e-01
0.950000,0.037500,1.052053e-01
0.962500,0.037500,9.963493e-02
0.975000,0.037500,8.670839e-02
0.987500,0.037500,5.873410e-02
1.000000,0.037500,0.000000e+00
0.000000,0.050000,0.000000e+00
0.012500,0.050000,1.954070e-03
0.025000,0.050000,3.908244e-03
0.037500,0.050000,5.862522e-03
0.050000,0.050000,7.816905e-03
0.062500,0.050000,9.771393e-03
0.075000,0.050000,1.172598e-02
0.087500,0.050000,1.368068e-02
0.100000,0.050000,1.563548e-02
0.112500,0.050000,1.759039e-02
0.125000,0.050000,1.954540e-02
0.137500,0.050000,2.150051e-02
0.150000,0.050000,2.345573e-02
0.162500,0.050000,2.541105e-02
0.175000,0.050000,2.736648e-02
0.187500,0.050000,2.932201e-02
0.200000,0.050000,3.127764e-02
0.212500,0.050000,3.323338e-02
0.225000,0.050000,3.518923e-02
0.237500,0.050000,3.714518e-02
0.250000,0.050000,3.910123e-02
0.262500,0.050000,4.105739e-02
0.275000,0.050000,4.301365e-02
0.287500,0.050000,4.497002e-02
0.300000,0.050000,4.692649e-02
0.312500,0.050000,4.888306e-02
0.325000,0.050000,5.083974e-02
0.337500,0.050000,5.279653e-02
0.350000,0.050000,5.475342e-02
0.362500,0.050000,5.671041e-02
0.375000,0.050000,5.866751e-02
0.387500,0.050000,6.062471e-02
0.400000,0.050000,6.258201e-02
0.412500,0.050000,6.453943e-02
0.425000,0.050000,6.649694e-02
0.437500,0.050000,6.845456e-02
0.450000,0.050000,7.041228e-02
0.462500,0.050000,7.237011e-02
0.475000,0.050000,7.432804e-02
0.487500,0.050000,7.628608e-02
0.500000,0.050000,7.824422e-02
0.512500,0.050000,8.020247e-02
0.525000,0.050000,8.216082e-02
0.537500,0.050000,8.411927e-02
0.550000,0.050000,8.607783e-02
0.562500,0.050000,8.803650e-02
0.575000,0.050000,8.999526e-02
0.587500,0.050000,9.195414e-02
0.600000,0.050000,9.391311e-02
0.612500,0.050000,9.587219e-02
0.625000,0.050000,9.783138e-02
0.637500,0.050000,9.979067e-02
0.650000,0.050000,1.017501e-01
0.662500,0.050000,1.037096e-01
0.675000,0.050000,1.056692e-01
0.687500,0.050000,1.076289e-01
0.700000,0.050000,1.095887e-01
0.712500,0.050000,1.115486e-01
0.725000,0.050000,1.135086e-01
0.737500,0.050000,1.154687e-01
0.750000,0.050000,1.174264e-01
0.762500,0.050000,1.193807e-01
0.775000,0.050000,1.213314e-01
0.787500,0.050000,1.232787e-01
0.800000,0.050000,1.252224e-01
0.812500,0.050000,1.271626e-01
0.825000,0.050000,1.290993e-01
0.837500,0.050000,1.310326e-01
0.850000,0.050000,1.329623e-01
0.862500,0.050000,1.348884e-01
0.875000,0.050000,1.368111e-01
0.887500,0.050000,1.387303e-01
0.900000,0.050000,1.405487e-01
0.912500,0.050000,1.418318e-01
0.925000,0.050000,1.425274e-01
0.937500,0.050000,1.424147e-01
0.950000,0.050000,1.397826e-01
0.962500,0.050000,1.323814e-01
0.975000,0.050000,1.152064e-01
0.987500,0.050000,7.803794e-02
1.000000,0.050000,0.000000e+00
0.000000,0.062500,0.000000e+00
0.012500,0.062500,2.433994e-03
0.025000,0.062500,4.868118e-03
0.037500,0.062500,7.302373e-03
0.050000,0.062500,9.736758e-03
0.062500,0.062500,1.217127e-02
0.075000,0.062500,1.460592e-02
0.087500,0.062500,1.704069e-02
0.100000,0.062500,1.947560e-02
0.112500,0.062500,2.191064e-02
0.125000,0.062500,2.434580e-02
0.137500,0.062500,2.678110e-02
0.150000,0.062500,2.921653e-02
0.162500,0.062500,3.165209e-02
0.175000,0.062500,3.408778e-02
0.187500,0.062500,3.652359e-02
0.200000,0.062500,3.895954e-02
0.212500,0.062500,4.139562e-02
0.225000,0.062500,4.383183e-02
0.237500,0.062500,4.626817e-02
0.250000,0.062500,4.870464e-02
0.262500,0.062500,5.114124e-02
0.275000,0.062500,5.357797e-02
0.287500,0.062500,5.601484e-02
0.300000,0.062500,5.845183e-02
0.312500,0.062500,6.088895e-02
0.325000,0.062500,6.332620e-02
0.337500,0.062500,6.576358e-02
0.350000,0.062500,6.820110e-02
0.362500,0.062500,7.063874e-02
0.375000,0.062500,7.307651e-02
0.387500,0.062500,7.551442e-02
0.400000,0.062500,7.795245e-02
0.412500,0.062500,8.039062e-02
0.425000,0.062500,8.282891e-02
0.437500,0.062500,8.526734e-02
0.450000,0.062500,8.770589e-02
0.462500,0.062500,9.014458e-02
0.475000,0.062500,9.258340e-02
0.487500,0.062500,9.502234e-02
0.500000,0.062500,9.746142e-02
0.512500,0.062500,9.990063e-02
0.525000,0.062500,1.023400e-01
0.537500,0.062500,1.047794e-01
0.550000,0.062500,1.072190e-01
0.562500,0.062500,1.096588e-01
0.575000,0.062500,1.120986e-01
0.587500,0.062500,1.145386e-01
0.600000,0.062500,1.169787e-01
0.612500,0.062500,1.194190e-01
0.625000,0.062500,1.218594e-01
0.637500,0.062500,1.242999e-01
0.650000,0.062500,1.267405e-01
0.662500,0.062500,1.291813e-01
0.675000,0.062500,1.316222e-01
0.687500,0.062500,1.340632e-01
0.700000,0.062500,1.365044e-01
0.712500,0.062500,1.389457e-01
0.725000,0.062500,1.413871e-01
0.737500,0.062500,1.438286e-01
0.750000,0.062500,1.462672e-01
0.762500,0.062500,1.487014e-01
0.775000,0.062500,1.511313e-01
0.787500,0.062500,1.535568e-01
0.800000,0.062500,1.559779e-01
0.812500,0.062500,1.583947e-01
0.825000,0.062500,1.608071e-01
0.837500,0.062500,1.632151e-01
0.850000,0.062500,1.656188e-01
0.862500,0.062500,1.680181e-01
0.875000,0.062500,1.704130e-01
0.887500,0.062500,1.728035e-01
0.900000,0.062500,1.750685e-01
0.912500,0.062500,1.766667e-01
0.925000,0.062500,1.775332e-01
0.937500,0.062500,1.773929e-01
0.950000,0.062500,1.741142e-01
0.962500,0.062500,1.648953e-01
0.975000,0.062500,1.435020e-01
0.987500,0.062500,9.720468e-02
1.000000,0.062500,0.000000e+00
0.000000,0.075000,0.000000e+00
0.012500,0.075000,2.910481e-03
0.025000,0.075000,5.821118e-03
0.037500,0.075000,8.731911e-03
0.050000,0.075000,1.164286e-02
0.062500,0.075000,1.455397e-02
0.075000,0.075000,1.746523e-02
0.087500,0.075000,2.037665e-02
0.100000,0.075000,2.328822e-02
0.112500,0.075000,2.619995e-02
0.125000,0.075000,2.911184e-02
0.137500,0.075000,3.202388e-02
0.150000,0.075000,3.493608e-02
0.162500,0.075000,3.784843e-02
0.175000,0.075000,4.076095e-02
0.187500,0.075000,4.367361e-02
0.200000,0.075000,4.658644e-02
0.212500,0.075000,4.949942e-02
0.225000,0.075000,5.241255e-02
0.237500,0.075000,5.532585e-02
0.250000,0.075000,5.823930e-02
0.262500,0.075000,6.115290e-02
0.275000,0.075000,6.406666e-02
0.287500,0.075000,6.698058e-02
0.300000,0.075000,6.989465e-02
0.312500,0.075000,7.280888e-02
0.325000,0.075000,7.572327e-02
0.337500,0.075000,7.863781e-02
0.350000,0.075000,8.155251e-02
0.362500,0.075000,8.446736e-02
0.375000,0.075000,8.738237e-02
0.387500,0.075000,9.029754e-02
0.400000,0.075000,9.321287e-02
0.412500,0.075000,9.612834e-02
0.425000,0.075000,9.904398e-02
0.437500,0.075000,1.019598e-01
0.450000,0.075000,1.048757e-01
0.462500,0.075000,1.077918e-01
0.475000,0.075000,1.107081e-01
0.487500,0.075000,1.136245e-01
0.500000,0.075000,1.165411e-01
0.512500,0.075000,1.194578e-01
0.525000,0.075000,1.223747e-01
0.537500,0.075000,1.252917e-01
0.550000,0.075000,1.282089e-01
0.562500,0.075000,1.311263e-01
0.575000,0.075000,1.340438e-01
0.587500,0.075000,1.369615e-01
0.600000,0.075000,1.398793e-01
0.612500,0.075000,1.427973e-01
0.625000,0.075000,1.457154e-01
0.637500,0.075000,1.486337e-01
0.650000,0.075000,1.515521e-01
0.662500,0.075000,1.544707e-01
0.675000,0.075000,1.573895e-01
0.687500,0.075000,1.603084e-01
0.700000,0.075000,1.632275e-01
0.712500,0.075000,1.661467e-01
0.725000,0.075000,1.690661e-01
0.737500,0.075000,1.719856e-01
0.750000,0.075000,1.749016e-01
0.762500,0.075000,1.778124e-01
0.775000,0.075000,1.807179e-01
0.787500,0.075000,1.836183e-01
0.800000,0.075000,1.865134e-01
0.812500,0.075000,1.894033e-01
0.825000,0.075000,1.922880e-01
0.837500,0.075000,1.951674e-01
0.850000,0.075000,1.980417e-01
0.862500,0.075000,2.009107e-01
0.875000,0.075000,2.037745e-01
0.887500,0.075000,2.066330e-01
0.900000,0.075000,2.093414e-01
0.912500,0.075000,2.112525e-01
0.925000,0.075000,2.122887e-01
0.937500,0.075000,2.121209e-01
0.950000,0.075000,2.082004e-01
0.962500,0.075000,1.971767e-01
0.975000,0.075000,1.715952e-01
0.987500,0.075000,1.162343e-01
1.000000,0.075000,0.000000e+00
0.000000,0.087500,0.000000e+00
0.012500,0.087500,3.383530e-03
0.025000,0.087500,6.767242e-03
0.037500,0.087500,1.015114e-02
0.050000,0.087500,1.353521e-02
0.062500,0.087500,1.691947e-02
0.075000,0.087500,2.030391e-02
0.087500,0.087500,2.368853e-02
0.100000,0.087500,2.707334e-02
0.112500,0.087500,3.045832e-02
0.125000,0.087500,3.384349e-02
0.137500,0.087500,3.722884e-02
0.150000,0.087500,4.061438e-02
0.162500,0.087500,4.400009e-02
0.175000,0.087500,4.738599e-02
0.187500,0.087500,5.077207e-02
0.200000,0.087500,5.415833e-02
0.212500,0.087500,5.754477e-02
0.225000,0.087500,6.093139e-02
0.237500,0.087500,6.431820e-02
0.250000,0.087500,6.770519e-02
0.262500,0.087500,7.109236e-02
0.275000,0.087500,7.447971e-02
0.287500,0.087500,7.786725e-02
0.300000,0.087500,8.125496e-02
0.312500,0.087500,8.464286e-02
0.325000,0.087500,8.803094e-02
0.337500,0.087500,9.141921e-02
0.350000,0.087500,9.480765e-02
0.362500,0.087500,9.819628e-02
0.375000,0.087500,1.015851e-01
0.387500,0.087500,1.049741e-01
0.400000,0.087500,1.083633e-01
0.412500,0.087500,1.117526e-01
0.425000,0.087500,1.151421e-01
0.437500,0.087500,1.185319e-01
0.450000,0.087500,1.219218e-01
0.462500,0.087500,1.253118e-01
0.475000,0.087500,1.287021e-01
0.487500,0.087500,1.320926e-01
0.500000,0.087500,1.354832e-01
0.512500,0.087500,1.388740e-01
0.525000,0.087500,1.422650e-01
0.537500,0.087500,1.456562e-01
0.550000,0.087500,1.490475e-01
0.562500,0.087500,1.524391e-01
0.575000,0.087500,1.558308e-01
0.587500,0.087500,1.592227e-01
0.600000,0.087500,1.626148e-01
0.612500,0.087500,1.660070e-01
0.625000,0.087500,1.693995e-01
0.637500,0.087500,1.727921e-01
0.650000,0.087500,1.761849e-01
0.662500,0.087500,1.795779e-01
0.675000,0.087500,1.829711e-01
0.687500,0.087500,1.863645e-01
0.700000,0.087500,1.897580e-01
0.712500,0.087500,1.931517e-01
0.725000,0.087500,1.965456e-01
0.737500,0.087500,1.999396e-01
0.750000,0.087500,2.033296e-01
0.762500,0.087500,2.067135e-01
0.775000,0.087500,2.100914e-01
0.787500,0.087500,2.134632e-01
0.800000,0.087500,2.168289e-01
0.812500,0.087500,2.201885e-01
0.825000,0.087500,2.235420e-01
0.837500,0.087500,2.268895e-01
0.850000,0.087500,2.302310e-01
0.862500,0.087500,2.335663e-01
0.875000,0.087500,2.368956e-01
0.887500,0.087500,2.402188e-01
0.900000,0.087500,2.433674e-01
0.912500,0.087500,2.455892e-01
0.925000,0.087500,2.467937e-01
0.937500,0.087500,2.465987e-01
0.950000,0.087500,2.420409e-01
0.962500,0.087500,2.292255e-01
0.975000,0.087500,1.994860e-01
0.987500,0.087500,1.351269e-01
1.000000,0.087500,0.000000e+00
0.000000,0.100000,0.000000e+00
0.012500,0.100000,3.853142e-03
0.025000,0.100000,7.706493e-03
0.037500,0.100000,1.156005e-02
0.050000,0.100000,1.541382e-02
0.062500,0.100000,1.926779e-02
0.075000,0.100000,2.312197e-02
0.087500,0.100000,2.697636e-02
0.100000,0.100000,3.083096e-02
0.112500,0.100000,3.468576e-02
0.125000,0.100000,3.854077e-02
0.137500,0.100000,4.239599e-02
0.150000,0.100000,4.625142e-02
0.162500,0.100000,5.010706e-02
0.175000,0.100000,5.396290e-02
0.187500,0.100000,5.781895e-02
0.200000,0.100000,6.167521e-02
0.212500,0.100000,6.553168e-02
0.225000,0.100000,6.938835e-02
0.237500,0.100000,7.324523e-02
0.250000,0.100000,7.710232e-02
0.262500,0.100000,8.095962e-02
0.275000,0.100000,8.481713e-02
0.287500,0.100000,8.867484e-02
0.300000,0.100000,9.253276e-02
0.312500,0.100000,9.639089e-02
0.325000,0.100000,1.002492e-01
0.337500,0.100000,1.041078e-01
0.350000,0.100000,1.079665e-01
0.362500,0.100000,1.118255e-01
0.375000,0.100000,1.156847e-01
0.387500,0.100000,1.195440e-01
0.400000,0.100000,1.234036e-01
0.412500,0.100000,1.272634e-01
0.425000,0.100000,1.311234e-01
0.437500,0.100000,1.349836e-01
0.450000,0.100000,1.388440e-01
0.462500,0.100000,1.427046e-01
0.475000,0.100000,1.465655e-01
0.487500,0.100000,1.504265e-01
0.500000,0.100000,1.542878e-01
0.512500,0.100000,1.581492e-01
0.525000,0.100000,1.620109e-01
0.537500,0.100000,1.658727e-01
0.550000,0.100000,1.697348e-01
0.562500,0.100000,1.735971e-01
0.575000,0.100000,1.774596e-01
0.587500,0.100000,1.813223e-01
0.600000,0.100000,1.851852e-01
0.612500,0.100000,1.890483e-01
0.625000,0.100000,1.929116e-01
0.637500,0.100000,1.967752e-01
0.650000,0.100000,2.006389e-01
0.662500,0.100000,2.045029e-01
0.675000,0.100000,2.083670e-01
0.687500,0.100000,2.122314e-01
0.700000,0.100000,2.160959e-01
0.712500,0.100000,2.199607e-01
0.725000,0.100000,2.238257e-01
0.737500,0.100000,2.276908e-01
0.750000,0.100000,2.315513e-01
0.762500,0.100000,2.354049e-01
0.775000,0.100000,2.392516e-01
0.787500,0.100000,2.430914e-01
0.800000,0.100000,2.469243e-01
0.812500,0.100000,2.507502e-01
0.825000,0.100000,2.545693e-01
0.837500,0.100000,2.583814e-01
0.850000,0.100000,2.621866e-01
0.862500,0.100000,2.659849e-01
0.875000,0.100000,2.697763e-01
0.887500,0.100000,2.735608e-01
0.900000,0.100000,2.771464e-01
0.912500,0.100000,2.796766e-01
0.925000,0.100000,2.810483e-01
0.937500,0.100000,2.808262e-01
0.950000,0.100000,2.756359e-01
0.962500,0.100000,2.610417e-01
0.975000,0.100000,2.271744e-01
0.987500,0.100000,1.538823e-01
1.000000,0.100000,0.000000e+00
0.000000,0.112500,0.000000e+00
0.012500,0.112500,4.319023e-03
0.025000,0.112500,8.638280e-03
0.037500,0.112500,1.295777e-02
0.050000,0.112500,1.727749e-02
0.062500,0.112500,2.159745e-02
0.075000,0.112500,2.591764e-02
0.087500,0.112500,3.023807e-02
0.100000,0.112500,3.455872e-02
0.112500,0.112500,3.887961e-02
0.125000,0.112500,4.320074e-02
0.137500,0.112500,4.752210e-02
0.150000,0.112500,5.184369e-02
0.162500,0.112500,5.616551e-02
0.175000,0.112500,6.048757e-02
0.187500,0.112500,6.480986e-02
0.200000,0.112500,6.913239e-02
0.212500,0.112500,7.345514e-02
0.225000,0.112500,7.777814e-02
0.237500,0.112500,8.210136e-02
0.250000,0.112500,8.642482e-02
0.262500,0.112500,9.074851e-02
0.275000,0.112500,9.507244e-02
0.287500,0.112500,9.939660e-02
0.300000,0.112500,1.037210e-01
0.312500,0.112500,1.080456e-01
0.325000,0.112500,1.123705e-01
0.337500,0.112500,1.166956e-01
0.350000,0.112500,1.210209e-01
0.362500,0.112500,1.253465e-01
0.375000,0.112500,1.296722e-01
0.387500,0.112500,1.339983e-01
0.400000,0.112500,1.383245e-01
0.412500,0.112500,1.426510e-01
0.425000,0.112500,1.469778e-01
0.437500,0.112500,1.513047e-01
0.450000,0.112500,1.556319e-01
0.462500,0.112500,1.599593e-01
0.475000,0.112500,1.642870e-01
0.487500,0.112500,1.686149e-01
0.500000,0.112500,1.729430e-01
0.512500,0.112500,1.772714e-01
0.525000,0.112500,1.816000e-01
0.537500,0.112500,1.859288e-01
0.550000,0.112500,1.902579e-01
0.562500,0.112500,1.945872e-01
0.575000,0.112500,1.989167e-01
0.587500,0.112500,2.032465e-01
0.600000,0.112500,2.075764e-01
0.612500,0.112500,2.119067e-01
0.625000,0.112500,2.162371e-01
0.637500,0.112500,2.205678e-01
0.650000,0.112500,2.248988e-01
0.662500,0.112500,2.292299e-01
0.675000,0.112500,2.335613e-01
0.687500,0.112500,2.378929e-01
0.700000,0.112500,2.422248e-01
0.712500,0.112500,2.465569e-01
0.725000,0.112500,2.508892e-01
0.737500,0.112500,2.552217e-01
0.750000,0.112500,2.595490e-01
0.762500,0.112500,2.638686e-01
0.775000,0.112500,2.681804e-01
0.787500,0.112500,2.724845e-01
0.800000,0.112500,2.767808e-01
0.812500,0.112500,2.810694e-01
0.825000,0.112500,2.853503e-01
0.837500,0.112500,2.896233e-01
0.850000,0.112500,2.938887e-01
0.862500,0.112500,2.981463e-01
0.875000,0.112500,3.023961e-01
0.887500,0.112500,3.066382e-01
0.900000,0.112500,3.106574e-01
0.912500,0.112500,3.134935e-01
0.925000,0.112500,3.150311e-01
0.937500,0.112500,3.147822e-01
0.950000,0.112500,3.089642e-01
0.962500,0.112500,2.926054e-01
0.975000,0.112500,2.546431e-01
0.987500,0.112500,1.724889e-01
1.000000,0.112500,0.000000e+00
0.000000,0.125000,0.000000e+00
0.012500,0.125000,4.777218e-03
0.025000,0.125000,9.554696e-03
0.037500,0.125000,1.433243e-02
0.050000,0.125000,1.911043e-02
0.062500,0.125000,2.388868e-02
0.075000,0.125000,2.866720e-02
0.087500,0.125000,3.344597e-02
0.100000,0.125000,3.822500e-02
0.112500,0.125000,4.300429e-02
0.125000,0.125000,4.778384e-02
0.137500,0.125000,5.256365e-02
0.150000,0.125000,5.734371e-02
0.162500,0.125000,6.212404e-02
0.175000,0.125000,6.690463e-02
0.187500,0.125000,7.168547e-02
0.200000,0.125000,7.646657e-02
0.212500,0.125000,8.124794e-02
0.225000,0.125000,8.602956e-02
0.237500,0.125000,9.081144e-02
0.250000,0.125000,9.559358e-02
0.262500,0.125000,1.003760e-01
0.275000,0.125000,1.051586e-01
0.287500,0.125000,1.099415e-01
0.300000,0.125000,1.147247e-01
0.312500,0.125000,1.195082e-01
0.325000,0.125000,1.242919e-01
0.337500,0.125000,1.290758e-01
0.350000,0.125000,1.338600e-01
0.362500,0.125000,1.386445e-01
0.375000,0.125000,1.434292e-01
0.387500,0.125000,1.482142e-01
0.400000,0.125000,1.529995e-01
0.412500,0.125000,1.577850e-01
0.425000,0.125000,1.625707e-01
0.437500,0.125000,1.673567e-01
0.450000,0.125000,1.721430e-01
0.462500,0.125000,1.769296e-01
0.475000,0.125000,1.817164e-01
0.487500,0.125000,1.865034e-01
0.500000,0.125000,1.912908e-01
0.512500,0.125000,1.960783e-01
0.525000,0.125000,2.008662e-01
0.537500,0.125000,2.056543e-01
0.550000,0.125000,2.104426e-01
0.562500,0.125000,2.152312e-01
0.575000,0.125000,2.200201e-01
0.587500,0.125000,2.248092e-01
0.600000,0.125000,2.295986e-01
0.612500,0.125000,2.343883e-01
0.625000,0.125000,2.391782e-01
0.637500,0.125000,2.439684e-01
0.650000,0.125000,2.487588e-01
0.662500,0.125000,2.535495e-01
0.675000,0.125000,2.583404e-01
0.687500,0.125000,2.631316e-01
0.700000,0.125000,2.679231e-01
0.712500,0.125000,2.727148e-01
0.725000,0.125000,2.775068e-01
0.737500,0.125000,2.822989e-01
0.750000,0.125000,2.870853e-01
0.762500,0.125000,2.918632e-01
0.775000,0.125000,2.966325e-01
0.787500,0.125000,3.013933e-01
0.800000,0.125000,3.061454e-01
0.812500,0.125000,3.108890e-01
0.825000,0.125000,3.156241e-01
0.837500,0.125000,3.203505e-01
0.850000,0.125000,3.250684e-01
0.862500,0.125000,3.297777e-01
0.875000,0.125000,3.344784e-01
0.887500,0.125000,3.391706e-01
0.900000,0.125000,3.436163e-01
0.912500,0.125000,3.467533e-01
0.925000,0.125000,3.484540e-01
0.937500,0.125000,3.481787e-01
0.950000,0.125000,3.417435e-01
0.962500,0.125000,3.236491e-01
0.975000,0.125000,2.816592e-01
0.987500,0.125000,1.907889e-01
1.000000,0.125000,0.000000e+00
0.000000,0.137500,0.000000e+00
0.012500,0.137500,5.226485e-03
0.025000,0.137500,1.045325e-02
0.037500,0.137500,1.568031e-02
0.050000,0.137500,2.090765e-02
0.062500,0.137500,2.613527e-02
0.075000,0.137500,3.136317e-02
0.087500,0.137500,3.659137e-02
0.100000,0.137500,4.181984e-02
0.112500,0.137500,4.704860e-02
0.125000,0.137500,5.227765e-02
0.137500,0.137500,5.750698e-02
0.150000,0.137500,6.273659e-02
0.162500,0.137500,6.796649e-02
0.175000,0.137500,7.319667e-02
0.187500,0.137500,7.842713e-02
0.200000,0.137500,8.365789e-02
0.212500,0.137500,8.888892e-02
0.225000,0.137500,9.412024e-02
0.237500,0.137500,9.935184e-02
0.250000,0.137500,1.045837e-01
0.262500,0.137500,1.098159e-01
0.275000,0.137500,1.150484e-01
0.287500,0.137500,1.202811e-01
0.300000,0.137500,1.255141e-01
0.312500,0.137500,1.307474e-01
0.325000,0.137500,1.359810e-01
0.337500,0.137500,1.412149e-01
0.350000,0.137500,1.464491e-01
0.362500,0.137500,1.516835e-01
0.375000,0.137500,1.569183e-01
0.387500,0.137500,1.621533e-01
0.400000,0.137500,1.673886e-01
0.412500,0.137500,1.726242e-01
0.425000,0.137500,1.778600e-01
0.437500,0.137500,1.830962e-01
0.450000,0.137500,1.883326e-01
0.462500,0.137500,1.935694e-01
0.475000,0.137500,1.988064e-01
0.487500,0.137500,2.040436e-01
0.500000,0.137500,2.092812e-01
0.512500,0.137500,2.145191e-01
0.525000,0.137500,2.197572e-01
0.537500,0.137500,2.249957e-01
0.550000,0.137500,2.302344e-01
0.562500,0.137500,2.354734e-01
0.575000,0.137500,2.407127e-01
0.587500,0.137500,2.459522e-01
0.600000,0.137500,2.511921e-01
0.612500,0.137500,2.564322e-01
0.625000,0.137500,2.616726e-01
0.637500,0.137500,2.669133e-01
0.650000,0.137500,2.721543e-01
0.662500,0.137500,2.773956e-01
0.675000,0.137500,2.826372e-01
0.687500,0.137500,2.878790e-01
0.700000,0.137500,2.931211e-01
0.712500,0.137500,2.983635e-01
0.725000,0.137500,3.036062e-01
0.737500,0.137500,3.088491e-01
0.750000,0.137500,3.140857e-01
0.762500,0.137500,3.193130e-01
0.775000,0.137500,3.245309e-01
0.787500,0.137500,3.297394e-01
0.800000,0.137500,3.349385e-01
0.812500,0.137500,3.401283e-01
0.825000,0.137500,3.453087e-01
0.837500,0.137500,3.504796e-01
0.850000,0.137500,3.556413e-01
0.862500,0.137500,3.607935e-01
0.875000,0.137500,3.659364e-01
0.887500,0.137500,3.710698e-01
0.900000,0.137500,3.759337e-01
0.912500,0.137500,3.793657e-01
0.925000,0.137500,3.812264e-01
0.937500,0.137500,3.809252e-01
0.950000,0.137500,3.738848e-01
0.962500,0.137500,3.540885e-01
0.975000,0.137500,3.081494e-01
0.987500,0.137500,2.087328e-01
1.000000,0.137500,0.000000e+00
0.000000,0.150000,0.000000e+00
0.012500,0.150000,5.666823e-03
0.025000,0.150000,1.133395e-02
0.037500,0.150000,1.700140e-02
0.050000,0.150000,2.266915e-02
0.062500,0.150000,2.833721e-02
0.075000,0.150000,3.400558e-02
0.087500,0.150000,3.967426e-02
0.100000,0.150000,4.534325e-02
0.112500,0.150000,5.101255e-02
0.125000,0.150000,5.668216e-02
0.137500,0.150000,6.235208e-02
0.150000,0.150000,6.802231e-02
0.162500,0.150000,7.369285e-02
0.175000,0.150000,7.936370e-02
0.187500,0.150000,8.503485e-02
0.200000,0.150000,9.070632e-02
0.212500,0.150000,9.637810e-02
0.225000,0.150000,1.020502e-01
0.237500,0.150000,1.077226e-01
0.250000,0.150000,1.133953e-01
0.262500,0.150000,1.190683e-01
0.275000,0.150000,1.247416e-01
0.287500,0.150000,1.304153e-01
0.300000,0.150000,1.360892e-01
0.312500,0.150000,1.417635e-01
0.325000,0.150000,1.474380e-01
0.337500,0.150000,1.531129e-01
0.350000,0.150000,1.587881e-01
0.362500,0.150000,1.644636e-01
0.375000,0.150000,1.701394e-01
0.387500,0.150000,1.758155e-01
0.400000,0.150000,1.814919e-01
0.412500,0.150000,1.871686e-01
0.425000,0.150000,1.928457e-01
0.437500,0.150000,1.985230e-01
0.450000,0.150000,2.042007e-01
0.462500,0.150000,2.098787e-01
0.475000,0.150000,2.155570e-01
0.487500,0.150000,2.212355e-01
0.500000,0.150000,2.269144e-01
0.512500,0.150000,2.325937e-01
0.525000,0.150000,2.382732e-01
0.537500,0.150000,2.439530e-01
0.550000,0.150000,2.496331e-01
0.562500,0.150000,2.553136e-01
0.575000,0.150000,2.609943e-01
0.587500,0.150000,2.666754e-01
0.600000,0.150000,2.723568e-01
0.612500,0.150000,2.780385e-01
0.625000,0.150000,2.837205e-01
0.637500,0.150000,2.894028e-01
0.650000,0.150000,2.950854e-01
0.662500,0.150000,3.007683e-01
0.675000,0.150000,3.064516e-01
0.687500,0.150000,3.121351e-01
0.700000,0.150000,3.178190e-01
0.712500,0.150000,3.235031e-01
0.725000,0.150000,3.291876e-01
0.737500,0.150000,3.348722e-01
0.750000,0.150000,3.405501e-01
0.762500,0.150000,3.462179e-01
0.775000,0.150000,3.518754e-01
0.787500,0.150000,3.575229e-01
0.800000,0.150000,3.631601e-01
0.812500,0.150000,3.687872e-01
0.825000,0.150000,3.744041e-01
0.837500,0.150000,3.800108e-01
0.850000,0.150000,3.856073e-01
0.862500,0.150000,3.911937e-01
0.875000,0.150000,3.967699e-01
0.887500,0.150000,4.023360e-01
0.900000,0.150000,4.076096e-01
0.912500,0.150000,4.113309e-01
0.925000,0.150000,4.133484e-01
0.937500,0.150000,4.130218e-01
0.950000,0.150000,4.053881e-01
0.962500,0.150000,3.839239e-01
0.975000,0.150000,3.341139e-01
0.987500,0.150000,2.263204e-01
1.000000,0.150000,0.000000e+00
0.000000,0.162500,0.000000e+00
0.012500,0.162500,6.098232e-03
0.025000,0.162500,1.219680e-02
0.037500,0.162500,1.829570e-02
0.050000,0.162500,2.439494e-02
0.062500,0.162500,3.049451e-02
0.075000,0.162500,3.659441e-02
0.087500,0.162500,4.269465e-02
0.100000,0.162500,4.879523e-02
0.112500,0.162500,5.489614e-02
0.125000,0.162500,6.099738e-02
0.137500,0.162500,6.709896e-02
0.150000,0.162500,7.320088e-02
0.162500,0.162500,7.930313e-02
0.175000,0.162500,8.540571e-02
0.187500,0.162500,9.150863e-02
0.200000,0.162500,9.761188e-02
0.212500,0.162500,1.037155e-01
0.225000,0.162500,1.098194e-01
0.237500,0.162500,1.159237e-01
0.250000,0.162500,1.220282e-01
0.262500,0.162500,1.281332e-01
0.275000,0.162500,1.342384e-01
0.287500,0.162500,1.403440e-01
0.300000,0.162500,1.464500e-01
0.312500,0.162500,1.525562e-01
0.325000,0.162500,1.586628e-01
0.337500,0.162500,1.647698e-01
0.350000,0.162500,1.708770e-01
0.362500,0.162500,1.769846e-01
0.375000,0.162500,1.830926e-01
0.387500,0.162500,1.892009e-01
0.400000,0.162500,1.953095e-01
0.412500,0.162500,2.014184e-01
0.425000,0.162500,2.075277e-01
0.437500,0.162500,2.136373e-01
0.450000,0.162500,2.197473e-01
0.462500,0.162500,2.258575e-01
0.475000,0.162500,2.319682e-01
0.487500,0.162500,2.380791e-01
0.500000,0.162500,2.441904e-01
0.512500,0.162500,2.503020e-01
0.525000,0.162500,2.564140e-01
0.537500,0.162500,2.625263e-01
0.550000,0.162500,2.686389e-01
0.562500,0.162500,2.747519e-01
0.575000,0.162500,2.808652e-01
0.587500,0.162500,2.869788e-01
0.600000,0.162500,2.930928e-01
0.612500,0.162500,2.992071e-01
0.625000,0.162500,3.053217e-01
0.637500,0.162500,3.114367e-01
0.650000,0.162500,3.175520e-01
0.662500,0.162500,3.236676e-01
0.675000,0.162500,3.297836e-01
0.687500,0.162500,3.358999e-01
0.700000,0.162500,3.420165e-01
0.712500,0.162500,3.481335e-01
0.725000,0.162500,3.542508e-01
0.737500,0.162500,3.603683e-01
0.750000,0.162500,3.664786e-01
0.762500,0.162500,3.725779e-01
0.775000,0.162500,3.786663e-01
0.787500,0.162500,3.847437e-01
0.800000,0.162500,3.908101e-01
0.812500,0.162500,3.968657e-01
0.825000,0.162500,4.029103e-01
0.837500,0.162500,4.089439e-01
0.850000,0.162500,4.149666e-01
0.862500,0.162500,4.209783e-01
0.875000,0.162500,4.269791e-01
0.887500,0.162500,4.329689e-01
0.900000,0.162500,4.386441e-01
0.912500,0.162500,4.426487e-01
0.925000,0.162500,4.448199e-01
0.937500,0.162500,4.444684e-01
0.950000,0.162500,4.362535e-01
0.962500,0.162500,4.131550e-01
0.975000,0.162500,3.595526e-01
0.987500,0.162500,2.435519e-01
1.000000,0.162500,0.000000e+00
0.000000,0.175000,0.000000e+00
0.012500,0.175000,6.520712e-03
0.025000,0.175000,1.304178e-02
0.037500,0.175000,1.956322e-02
0.050000,0.175000,2.608501e-02
0.062500,0.175000,3.260716e-02
0.075000,0.175000,3.912967e-02
0.087500,0.175000,4.565254e-02
0.100000,0.175000,5.217577e-02
0.112500,0.175000,5.869936e-02
0.125000,0.175000,6.522331e-02
0.137500,0.175000,7.174762e-02
0.150000,0.175000,7.827229e-02
0.162500,0.175000,8.479732e-02
0.175000,0.175000,9.132271e-02
0.187500,0.175000,9.784846e-02
0.200000,0.175000,1.043746e-01
0.212500,0.175000,1.109010e-01
0.225000,0.175000,1.174279e-01
0.237500,0.175000,1.239551e-01
0.250000,0.175000,1.304826e-01
0.262500,0.175000,1.370105e-01
0.275000,0.175000,1.435388e-01
0.287500,0.175000,1.500674e-01
0.300000,0.175000,1.565964e-01
0.312500,0.175000,1.631257e-01
0.325000,0.175000,1.696554e-01
0.337500,0.175000,1.761855e-01
0.350000,0.175000,1.827159e-01
0.362500,0.175000,1.892467e-01
0.375000,0.175000,1.957779e-01
0.387500,0.175000,2.023094e-01
0.400000,0.175000,2.088412e-01
0.412500,0.175000,2.153735e-01
0.425000,0.175000,2.219060e-01
0.437500,0.175000,2.284390e-01
0.450000,0.175000,2.349723e-01
0.462500,0.175000,2.415060e-01
0.475000,0.175000,2.480400e-01
0.487500,0.175000,2.545744e-01
0.500000,0.175000,2.611091e-01
0.512500,0.175000,2.676442e-01
0.525000,0.175000,2.741797e-01
0.537500,0.175000,2.807155e-01
0.550000,0.175000,2.872517e-01
0.562500,0.175000,2.937882e-01
0.575000,0.175000,3.003251e-01
0.587500,0.175000,3.068624e-01
0.600000,0.175000,3.134000e-01
0.612500,0.175000,3.199380e-01
0.625000,0.175000,3.264763e-01
0.637500,0.175000,3.330150e-01
0.650000,0.175000,3.395541e-01
0.662500,0.175000,3.460935e-01
0.675000,0.175000,3.526333e-01
0.687500,0.175000,3.591734e-01
0.700000,0.175000,3.657139e-01
0.712500,0.175000,3.722548e-01
0.725000,0.175000,3.787960e-01
0.737500,0.175000,3.853374e-01
0.750000,0.175000,3.918710e-01
0.762500,0.175000,3.983930e-01
0.775000,0.175000,4.049033e-01
0.787500,0.175000,4.114018e-01
0.800000,0.175000,4.178887e-01
0.812500,0.175000,4.243638e-01
0.825000,0.175000,4.308273e-01
0.837500,0.175000,4.372790e-01
0.850000,0.175000,4.437190e-01
0.862500,0.175000,4.501473e-01
0.875000,0.175000,4.565639e-01
0.887500,0.175000,4.629688e-01
0.900000,0.175000,4.690372e-01
0.912500,0.175000,4.733193e-01
0.925000,0.175000,4.756409e-01
0.937500,0.175000,4.752651e-01
0.950000,0.175000,4.664810e-01
0.962500,0.175000,4.417820e-01
0.975000,0.175000,3.844655e-01
0.987500,0.175000,2.604272e-01
1.000000,0.175000,0.000000e+00
0.000000,0.187500,0.000000e+00
0.012500,0.187500,6.934213e-03
0.025000,0.187500,1.386881e-02
0.037500,0.187500,2.080379e-02
0.050000,0.187500,2.773916e-02
0.062500,0.187500,3.467491e-02
0.075000,0.187500,4.161105e-02
0.087500,0.187500,4.854757e-02
0.100000,0.187500,5.548448e-02
0.112500,0.187500,6.242176e-02
0.125000,0.187500,6.935944e-02
0.137500,0.187500,7.629750e-02
0.150000,0.187500,8.323594e-02
0.162500,0.187500,9.017477e-02
0.175000,0.187500,9.711398e-02
0.187500,0.187500,1.040536e-01
0.200000,0.187500,1.109936e-01
0.212500,0.187500,1.179339e-01
0.225000,0.187500,1.248747e-01
0.237500,0.187500,1.318158e-01
0.250000,0.187500,1.387573e-01
0.262500,0.187500,1.456992e-01
0.275000,0.187500,1.526415e-01
0.287500,0.187500,1.595842e-01
0.300000,0.187500,1.665273e-01
0.312500,0.187500,1.734707e-01
0.325000,0.187500,1.804145e-01
0.337500,0.187500,1.873587e-01
0.350000,0.187500,1.943033e-01
0.362500,0.187500,2.012483e-01
0.375000,0.187500,2.081937e-01
0.387500,0.187500,2.151394e-01
0.400000,0.187500,2.220856e-01
0.412500,0.187500,2.290321e-01
0.425000,0.187500,2.359790e-01
0.437500,0.187500,2.429263e-01
0.450000,0.187500,2.498740e-01
0.462500,0.187500,2.568220e-01
0.475000,0.187500,2.637705e-01
0.487500,0.187500,2.707193e-01
0.500000,0.187500,2.776685e-01
0.512500,0.187500,2.846181e-01
0.525000,0.187500,2.915681e-01
0.537500,0.187500,2.985184e-01
0.550000,0.187500,3.054692e-01
0.562500,0.187500,3.124203e-01
0.575000,0.187500,3.193718e-01
0.587500,0.187500,3.263237e-01
0.600000,0.187500,3.332760e-01
0.612500,0.187500,3.402287e-01
0.625000,0.187500,3.471818e-01
0.637500,0.187500,3.541352e-01
0.650000,0.187500,3.610890e-01
0.662500,0.187500,3.680432e-01
0.675000,0.187500,3.749978e-01
0.687500,0.187500,3.819528e-01
0.700000,0.187500,3.889082e-01
0.712500,0.187500,3.958639e-01
0.725000,0.187500,4.028201e-01
0.737500,0.187500,4.097764e-01
0.750000,0.187500,4.167245e-01
0.762500,0.187500,4.236602e-01
0.775000,0.187500,4.305834e-01
0.787500,0.187500,4.374941e-01
0.800000,0.187500,4.443924e-01
0.812500,0.187500,4.512783e-01
0.825000,0.187500,4.581517e-01
0.837500,0.187500,4.650126e-01
0.850000,0.187500,4.718611e-01
0.862500,0.187500,4.786971e-01
0.875000,0.187500,4.855207e-01
0.887500,0.187500,4.923318e-01
0.900000,0.187500,4.987851e-01
0.912500,0.187500,5.033388e-01
0.925000,0.187500,5.058077e-01
0.937500,0.187500,5.054080e-01
0.950000,0.187500,4.960668e-01
0.962500,0.187500,4.698013e-01
0.975000,0.187500,4.088496e-01
0.987500,0.187500,2.769443e-01
1.000000,0.187500,0.000000e+00
0.000000,0.200000,0.000000e+00
0.012500,0.200000,7.336657e-03
0.025000,0.200000,1.467372e-02
0.037500,0.200000,2.201120e-02
0.050000,0.200000,2.934908e-02
0.062500,0.200000,3.668737e-02
0.075000,0.200000,4.402607e-02
0.087500,0.200000,5.136518e-02
0.100000,0.200000,5.870470e-02
0.112500,0.200000,6.604462e-02
0.125000,0.200000,7.338496e-02
0.137500,0.200000,8.072570e-02
0.150000,0.200000,8.806685e-02
0.162500,0.200000,9.540841e-02
0.175000,0.200000,1.027504e-01
0.187500,0.200000,1.100928e-01
0.200000,0.200000,1.174355e-01
0.212500,0.200000,1.247787e-01
0.225000,0.200000,1.321223e-01
0.237500,0.200000,1.394664e-01
0.250000,0.200000,1.468108e-01
0.262500,0.200000,1.541556e-01
0.275000,0.200000,1.615008e-01
0.287500,0.200000,1.688465e-01
0.300000,0.200000,1.761925e-01
0.312500,0.200000,1.835390e-01
0.325000,0.200000,1.908859e-01
0.337500,0.200000,1.982332e-01
0.350000,0.200000,2.055808e-01
0.362500,0.200000,2.129289e-01
0.375000,0.200000,2.202774e-01
0.387500,0.200000,2.276264e-01
0.400000,0.200000,2.349757e-01
0.412500,0.200000,2.423254e-01
0.425000,0.200000,2.496756e-01
0.437500,0.200000,2.570261e-01
0.450000,0.200000,2.643771e-01
0.462500,0.200000,2.717284e-01
0.475000,0.200000,2.790802e-01
0.487500,0.200000,2.864324e-01
0.500000,0.200000,2.937850e-01
0.512500,0.200000,3.011380e-01
0.525000,0.200000,3.084914e-01
0.537500,0.200000,3.158452e-01
0.550000,0.200000,3.231994e-01
0.562500,0.200000,3.305541e-01
0.575000,0.200000,3.379091e-01
0.587500,0.200000,3.452646e-01
0.600000,0.200000,3.526204e-01
0.612500,0.200000,3.599767e-01
0.625000,0.200000,3.673334e-01
0.637500,0.200000,3.746905e-01
0.650000,0.200000,3.820479e-01
0.662500,0.200000,3.894059e-01
0.675000,0.200000,3.967642e-01
0.687500,0.200000,4.041229e-01
0.700000,0.200000,4.114820e-01
0.712500,0.200000,4.188416e-01
0.725000,0.200000,4.262015e-01
0.737500,0.200000,4.335616e-01
0.750000,0.200000,4.409131e-01
0.762500,0.200000,4.482514e-01
0.775000,0.200000,4.555765e-01
0.787500,0.200000,4.628884e-01
0.800000,0.200000,4.701872e-01
0.812500,0.200000,4.774727e-01
0.825000,0.200000,4.847451e-01
0.837500,0.200000,4.920043e-01
0.850000,0.200000,4.992504e-01
0.862500,0.200000,5.064832e-01
0.875000,0.200000,5.137029e-01
0.887500,0.200000,5.209094e-01
0.900000,0.200000,5.277373e-01
0.912500,0.200000,5.325553e-01
0.925000,0.200000,5.351675e-01
0.937500,0.200000,5.347447e-01
0.950000,0.200000,5.248613e-01
0.962500,0.200000,4.970711e-01
0.975000,0.200000,4.325814e-01
0.987500,0.200000,2.930196e-01
1.000000,0.200000,0.000000e+00
0.000000,0.212500,0.000000e+00
0.012500,0.212500,7.726958e-03
0.025000,0.212500,1.545435e-02
0.037500,0.212500,2.318217e-02
0.050000,0.212500,3.091042e-02
0.062500,0.212500,3.863910e-02
0.075000,0.212500,4.636822e-02
0.087500,0.212500,5.409777e-02
0.100000,0.212500,6.182774e-02
0.112500,0.212500,6.955815e-02
0.125000,0.212500,7.728900e-02
0.137500,0.212500,8.502027e-02
0.150000,0.212500,9.275197e-02
0.162500,0.212500,1.004841e-01
0.175000,0.212500,1.082167e-01
0.187500,0.212500,1.159497e-01
0.200000,0.212500,1.236831e-01
0.212500,0.212500,1.314170e-01
0.225000,0.212500,1.391513e-01
0.237500,0.212500,1.468860e-01
0.250000,0.212500,1.546211e-01
0.262500,0.212500,1.623567e-01
0.275000,0.212500,1.700927e-01
0.287500,0.212500,1.778292e-01
0.300000,0.212500,1.855661e-01
0.312500,0.212500,1.933034e-01
0.325000,0.212500,2.010411e-01
0.337500,0.212500,2.087793e-01
0.350000,0.212500,2.165179e-01
0.362500,0.212500,2.242570e-01
0.375000,0.212500,2.319964e-01
0.387500,0.212500,2.397363e-01
0.400000,0.212500,2.474767e-01
0.412500,0.212500,2.552174e-01
0.425000,0.212500,2.629586e-01
0.437500,0.212500,2.707003e-01
0.450000,0.212500,2.784423e-01
0.462500,0.212500,2.861848e-01
0.475000,0.212500,2.939277e-01
0.487500,0.212500,3.016711e-01
0.500000,0.212500,3.094149e-01
0.512500,0.212500,3.171591e-01
0.525000,0.212500,3.249037e-01
0.537500,0.212500,3.326488e-01
0.550000,0.212500,3.403943e-01
0.562500,0.212500,3.481403e-01
0.575000,0.212500,3.558866e-01
0.587500,0.212500,3.636334e-01
0.600000,0.212500,3.713807e-01
0.612500,0.212500,3.791283e-01
0.625000,0.212500,3.868764e-01
0.637500,0.212500,3.946250e-01
0.650000,0.212500,4.023739e-01
0.662500,0.212500,4.101233e-01
0.675000,0.212500,4.178732e-01
0.687500,0.212500,4.256234e-01
0.700000,0.212500,4.333741e-01
0.712500,0.212500,4.411252e-01
0.725000,0.212500,4.488768e-01
0.737500,0.212500,4.566285e-01
0.750000,0.212500,4.643711e-01
0.762500,0.212500,4.720999e-01
0.775000,0.212500,4.798147e-01
0.787500,0.212500,4.875157e-01
0.800000,0.212500,4.952028e-01
0.812500,0.212500,5.028760e-01
0.825000,0.212500,5.105354e-01
0.837500,0.212500,5.181808e-01
0.850000,0.212500,5.258124e-01
0.862500,0.212500,5.334301e-01
0.875000,0.212500,5.410339e-01
0.887500,0.212500,5.486238e-01
0.900000,0.212500,5.558150e-01
0.912500,0.212500,5.608894e-01
0.925000,0.212500,5.636406e-01
0.937500,0.212500,5.631953e-01
0.950000,0.212500,5.527860e-01
0.962500,0.212500,5.235173e-01
0.975000,0.212500,4.555964e-01
0.987500,0.212500,3.086093e-01
1.000000,0.212500,0.000000e+00
0.000000,0.225000,0.000000e+00
0.012500,0.225000,8.105116e-03
0.025000,0.225000,1.621069e-02
0.037500,0.225000,2.431671e-02
0.050000,0.225000,3.242318e-02
0.062500,0.225000,4.053011e-02
0.075000,0.225000,4.863749e-02
0.087500,0.225000,5.674533e-02
0.100000,0.225000,6.485362e-02
0.112500,0.225000,7.296236e-02
0.125000,0.225000,8.107155e-02
0.137500,0.225000,8.918120e-02
0.150000,0.225000,9.729130e-02
0.162500,0.225000,1.054019e-01
0.175000,0.225000,1.135129e-01
0.187500,0.225000,1.216243e-01
0.200000,0.225000,1.297362e-01
0.212500,0.225000,1.378486e-01
0.225000,0.225000,1.459614e-01
0.237500,0.225000,1.540747e-01
0.250000,0.225000,1.621884e-01
0.262500,0.225000,1.703026e-01
0.275000,0.225000,1.784172e-01
0.287500,0.225000,1.865323e-01
0.300000,0.225000,1.946479e-01
0.312500,0.225000,2.027639e-01
0.325000,0.225000,2.108803e-01
0.337500,0.225000,2.189972e-01
0.350000,0.225000,2.271146e-01
0.362500,0.225000,2.352324e-01
0.375000,0.225000,2.433506e-01
0.387500,0.225000,2.514693e-01
0.400000,0.225000,2.595885e-01
0.412500,0.225000,2.677081e-01
0.425000,0.225000,2.758282e-01
0.437500,0.225000,2.839487e-01
0.450000,0.225000,2.920697e-01
0.462500,0.225000,3.001911e-01
0.475000,0.225000,3.083130e-01
0.487500,0.225000,3.164354e-01
0.500000,0.225000,3.245582e-01
0.512500,0.225000,3.326814e-01
0.525000,0.225000,3.408051e-01
0.537500,0.225000,3.489293e-01
0.550000,0.225000,3.570539e-01
0.562500,0.225000,3.651789e-01
0.575000,0.225000,3.733044e-01
0.587500,0.225000,3.814304e-01
0.600000,0.225000,3.895568e-01
0.612500,0.225000,3.976837e-01
0.625000,0.225000,4.058110e-01
0.637500,0.225000,4.139388e-01
0.650000,0.225000,4.220670e-01
0.662500,0.225000,4.301957e-01
0.675000,0.225000,4.383248e-01
0.687500,0.225000,4.464544e-01
0.700000,0.225000,4.545845e-01
0.712500,0.225000,4.627150e-01
0.725000,0.225000,4.708459e-01
0.737500,0.225000,4.789771e-01
0.750000,0.225000,4.870987e-01
0.762500,0.225000,4.952057e-01
0.775000,0.225000,5.032981e-01
0.787500,0.225000,5.113760e-01
0.800000,0.225000,5.194394e-01
0.812500,0.225000,5.274882e-01
0.825000,0.225000,5.355224e-01
0.837500,0.225000,5.435420e-01
0.850000,0.225000,5.515471e-01
0.862500,0.225000,5.595377e-01
0.875000,0.225000,5.675137e-01
0.887500,0.225000,5.754751e-01
0.900000,0.225000,5.830183e-01
0.912500,0.225000,5.883410e-01
0.925000,0.225000,5.912269e-01
0.937500,0.225000,5.907598e-01
0.950000,0.225000,5.798411e-01
0.962500,0.225000,5.491399e-01
0.975000,0.225000,4.778947e-01
0.987500,0.225000,3.237136e-01
1.000000,0.225000,0.000000e+00
0.000000,0.237500,0.000000e+00
0.012500,0.237500,8.471131e-03
0.025000,0.237500,1.694274e-02
0.037500,0.237500,2.541482e-02
0.050000,0.237500,3.388737e-02
0.062500,0.237500,4.236039e-02
0.075000,0.237500,5.083389e-02
0.087500,0.237500,5.930787e-02
0.100000,0.237500,6.778232e-02
0.112500,0.237500,7.625724e-02
0.125000,0.237500,8.473264e-02
0.137500,0.237500,9.320851e-02
0.150000,0.237500,1.016848e-01
0.162500,0.237500,1.101617e-01
0.175000,0.237500,1.186390e-01
0.187500,0.237500,1.271167e-01
0.200000,0.237500,1.355950e-01
0.212500,0.237500,1.440737e-01
0.225000,0.237500,1.525529e-01
0.237500,0.237500,1.610325e-01
0.250000,0.237500,1.695127e-01
0.262500,0.237500,1.779933e-01
0.275000,0.237500,1.864743e-01
0.287500,0.237500,1.949559e-01
0.300000,0.237500,2.034379e-01
0.312500,0.237500,2.119204e-01
0.325000,0.237500,2.204034e-01
0.337500,0.237500,2.288869e-01
0.350000,0.237500,2.373708e-01
0.362500,0.237500,2.458552e-01
0.375000,0.237500,2.543401e-01
0.387500,0.237500,2.628254e-01
0.400000,0.237500,2.713112e-01
0.412500,0.237500,2.797975e-01
0.425000,0.237500,2.882843e-01
0.437500,0.237500,2.967715e-01
0.450000,0.237500,3.052593e-01
0.462500,0.237500,3.137474e-01
0.475000,0.237500,3.222361e-01
0.487500,0.237500,3.307253e-01
0.500000,0.237500,3.392149e-01
0.512500,0.237500,3.477050e-01
0.525000,0.237500,3.561955e-01
0.537500,0.237500,3.646865e-01
0.550000,0.237500,3.731781e-01
0.562500,0.237500,3.816700e-01
0.575000,0.237500,3.901625e-01
0.587500,0.237500,3.986554e-01
0.600000,0.237500,4.071488e-01
0.612500,0.237500,4.156427e-01
0.625000,0.237500,4.241370e-01
0.637500,0.237500,4.326319e-01
0.650000,0.237500,4.411272e-01
0.662500,0.237500,4.496229e-01
0.675000,0.237500,4.581192e-01
0.687500,0.237500,4.666159e-01
0.700000,0.237500,4.751131e-01
0.712500,0.237500,4.836108e-01
0.725000,0.237500,4.921089e-01
0.737500,0.237500,5.006073e-01
0.750000,0.237500,5.090956e-01
0.762500,0.237500,5.175688e-01
0.775000,0.237500,5.260267e-01
0.787500,0.237500,5.344694e-01
0.800000,0.237500,5.428969e-01
0.812500,0.237500,5.513091e-01
0.825000,0.237500,5.597062e-01
0.837500,0.237500,5.680880e-01
0.850000,0.237500,5.764546e-01
0.862500,0.237500,5.848060e-01
0.875000,0.237500,5.931422e-01
0.887500,0.237500,6.014632e-01
0.900000,0.237500,6.093471e-01
0.912500,0.237500,6.149102e-01
0.925000,0.237500,6.179264e-01
0.937500,0.237500,6.174382e-01
0.950000,0.237500,6.060264e-01
0.962500,0.237500,5.739388e-01
0.975000,0.237500,4.994763e-01
0.987500,0.237500,3.383324e-01
1.000000,0.237500,0.000000e+00
0.000000,0.250000,0.000000e+00
0.012500,0.250000,8.824978e-03
0.025000,0.250000,1.765045e-02
0.037500,0.250000,2.647641e-02
0.050000,0.250000,3.530287e-02
0.062500,0.250000,4.412982e-02
0.075000,0.250000,5.295727e-02
0.087500,0.250000,6.178520e-02
0.100000,0.250000,7.061364e-02
0.112500,0.250000,7.944256e-02
0.125000,0.250000,8.827198e-02
0.137500,0.250000,9.710189e-02
0.150000,0.250000,1.059323e-01
0.162500,0.250000,1.147632e-01
0.175000,0.250000,1.235946e-01
0.187500,0.250000,1.324265e-01
0.200000,0.250000,1.412588e-01
0.212500,0.250000,1.500917e-01
0.225000,0.250000,1.589251e-01
0.237500,0.250000,1.677589e-01
0.250000,0.250000,1.765933e-01
0.262500,0.250000,1.854281e-01
0.275000,0.250000,1.942635e-01
0.287500,0.250000,2.030993e-01
0.300000,0.250000,2.119356e-01
0.312500,0.250000,2.207725e-01
0.325000,0.250000,2.296098e-01
0.337500,0.250000,2.384476e-01
0.350000,0.250000,2.472859e-01
0.362500,0.250000,2.561247e-01
0.375000,0.250000,2.649639e-01
0.387500,0.250000,2.738037e-01
0.400000,0.250000,2.826440e-01
0.412500,0.250000,2.914848e-01
0.425000,0.250000,3.003260e-01
0.437500,0.250000,3.091678e-01
0.450000,0.250000,3.180100e-01
0.462500,0.250000,3.268528e-01
0.475000,0.250000,3.356960e-01
0.487500,0.250000,3.445397e-01
0.500000,0.250000,3.533839e-01
0.512500,0.250000,3.622287e-01
0.525000,0.250000,3.710739e-01
0.537500,0.250000,3.799196e-01
0.550000,0.250000,3.887657e-01
0.562500,0.250000,3.976124e-01
0.575000,0.250000,4.064596e-01
0.587500,0.250000,4.153073e-01
0.600000,0.250000,4.241555e-01
0.612500,0.250000,4.330041e-01
0.625000,0.250000,4.418533e-01
0.637500,0.250000,4.507029e-01
0.650000,0.250000,4.595531e-01
0.662500,0.250000,4.684037e-01
0.675000,0.250000,4.772548e-01
0.687500,0.250000,4.861064e-01
0.700000,0.250000,4.949585e-01
0.712500,0.250000,5.038112e-01
0.725000,0.250000,5.126643e-01
0.737500,0.250000,5.215176e-01
0.750000,0.250000,5.303605e-01
0.762500,0.250000,5.391875e-01
0.775000,0.250000,5.479987e-01
0.787500,0.250000,5.567941e-01
0.800000,0.250000,5.655736e-01
0.812500,0.250000,5.743373e-01
0.825000,0.250000,5.830851e-01
0.837500,0.250000,5.918170e-01
0.850000,0.250000,6.005331e-01
0.862500,0.250000,6.092334e-01
0.875000,0.250000,6.179178e-01
0.887500,0.250000,6.265863e-01
0.900000,0.250000,6.347995e-01
0.912500,0.250000,6.405950e-01
0.925000,0.250000,6.437372e-01
0.937500,0.250000,6.432287e-01
0.950000,0.250000,6.313402e-01
0.962500,0.250000,5.979123e-01
0.975000,0.250000,5.203395e-01
0.987500,0.250000,3.524647e-01
1.000000,0.250000,0.000000e+00
0.000000,0.262500,0.000000e+00
0.012500,0.262500,9.165034e-03
0.025000,0.262500,1.833058e-02
0.037500,0.262500,2.749664e-02
0.050000,0.262500,3.666321e-02
0.062500,0.262500,4.583029e-02
0.075000,0.262500,5.499789e-02
0.087500,0.262500,6.416599e-02
0.100000,0.262500,7.333461e-02
0.112500,0.262500,8.250374e-02
0.125000,0.262500,9.167339e-02
0.137500,0.262500,1.008435e-01
0.150000,0.262500,1.100142e-01
0.162500,0.262500,1.191854e-01
0.175000,0.262500,1.283571e-01
0.187500,0.262500,1.375293e-01
0.200000,0.262500,1.467020e-01
0.212500,0.262500,1.558752e-01
0.225000,0.262500,1.650490e-01
0.237500,0.262500,1.742232e-01
0.250000,0.262500,1.833980e-01
0.262500,0.262500,1.925732e-01
0.275000,0.262500,2.017490e-01
0.287500,0.262500,2.109253e-01
0.300000,0.262500,2.201021e-01
0.312500,0.262500,2.292795e-01
0.325000,0.262500,2.384573e-01
0.337500,0.262500,2.476357e-01
0.350000,0.262500,2.568145e-01
0.362500,0.262500,2.659939e-01
0.375000,0.262500,2.751738e-01
0.387500,0.262500,2.843542e-01
0.400000,0.262500,2.935351e-01
0.412500,0.262500,3.027165e-01
0.425000,0.262500,3.118984e-01
0.437500,0.262500,3.210809e-01
0.450000,0.262500,3.302638e-01
0.462500,0.262500,3.394473e-01
0.475000,0.262500,3.486313e-01
0.487500,0.262500,3.578158e-01
0.500000,0.262500,3.670008e-01
0.512500,0.262500,3.761863e-01
0.525000,0.262500,3.853723e-01
0.537500,0.262500,3.945588e-01
0.550000,0.262500,4.037459e-01
0.562500,0.262500,4.129335e-01
0.575000,0.262500,4.221215e-01
0.587500,0.262500,4.313101e-01
0.600000,0.262500,4.404992e-01
0.612500,0.262500,4.496888e-01
0.625000,0.262500,4.588790e-01
0.637500,0.262500,4.680696e-01
0.650000,0.262500,4.772607e-01
0.662500,0.262500,4.864524e-01
0.675000,0.262500,4.956446e-01
0.687500,0.262500,5.048373e-01
0.700000,0.262500,5.140305e-01
0.712500,0.262500,5.232242e-01
0.725000,0.262500,5.324184e-01
0.737500,0.262500,5.416128e-01
0.750000,0.262500,5.507965e-01
0.762500,0.262500,5.599636e-01
0.775000,0.262500,5.691144e-01
0.787500,0.262500,5.782486e-01
0.800000,0.262500,5.873664e-01
0.812500,0.262500,5.964678e-01
0.825000,0.262500,6.055526e-01
0.837500,0.262500,6.146211e-01
0.850000,0.262500,6.236730e-01
0.862500,0.262500,6.327085e-01
0.875000,0.262500,6.417276e-01
0.887500,0.262500,6.507302e-01
0.900000,0.262500,6.592599e-01
0.912500,0.262500,6.652787e-01
0.925000,0.262500,6.685420e-01
0.937500,0.262500,6.680138e-01
0.950000,0.262500,6.556673e-01
0.962500,0.262500,6.209514e-01
0.975000,0.262500,5.403895e-01
0.987500,0.262500,3.660461e-01
1.000000,0.262500,0.000000e+00
0.000000,0.275000,0.000000e+00
0.012500,0.275000,9.490340e-03
0.025000,0.275000,1.898121e-02
0.037500,0.275000,2.847261e-02
0.050000,0.275000,3.796454e-02
0.062500,0.275000,4.745700e-02
0.075000,0.275000,5.694999e-02
0.087500,0.275000,6.644351e-02
0.100000,0.275000,7.593756e-02
0.112500,0.275000,8.543214e-02
0.125000,0.275000,9.492725e-02
0.137500,0.275000,1.044229e-01
0.150000,0.275000,1.139191e-01
0.162500,0.275000,1.234158e-01
0.175000,0.275000,1.329130e-01
0.187500,0.275000,1.424107e-01
0.200000,0.275000,1.519090e-01
0.212500,0.275000,1.614079e-01
0.225000,0.275000,1.709072e-01
0.237500,0.275000,1.804071e-01
0.250000,0.275000,1.899075e-01
0.262500,0.275000,1.994084e-01
0.275000,0.275000,2.089099e-01
0.287500,0.275000,2.184119e-01
0.300000,0.275000,2.279144e-01
0.312500,0.275000,2.374175e-01
0.325000,0.275000,2.469211e-01
0.337500,0.275000,2.564252e-01
0.350000,0.275000,2.659298e-01
0.362500,0.275000,2.754350e-01
0.375000,0.275000,2.849407e-01
0.387500,0.275000,2.944470e-01
0.400000,0.275000,3.039537e-01
0.412500,0.275000,3.134610e-01
0.425000,0.275000,3.229689e-01
0.437500,0.275000,3.324772e-01
0.450000,0.275000,3.419861e-01
0.462500,0.275000,3.514955e-01
0.475000,0.275000,3.610055e-01
0.487500,0.275000,3.705160e-01
0.500000,0.275000,3.800270e-01
0.512500,0.275000,3.895385e-01
0.525000,0.275000,3.990506e-01
0.537500,0.275000,4.085632e-01
0.550000,0.275000,4.180763e-01
0.562500,0.275000,4.275900e-01
0.575000,0.275000,4.371042e-01
0.587500,0.275000,4.466189e-01
0.600000,0.275000,4.561341e-01
0.612500,0.275000,4.656499e-01
0.625000,0.275000,4.751662e-01
0.637500,0.275000,4.846831e-01
0.650000,0.275000,4.942004e-01
0.662500,0.275000,5.037183e-01
0.675000,0.275000,5.132367e-01
0.687500,0.275000,5.227557e-01
0.700000,0.275000,5.322752e-01
0.712500,0.275000,5.417952e-01
0.725000,0.275000,5.513158e-01
0.737500,0.275000,5.608365e-01
0.750000,0.275000,5.703461e-01
0.762500,0.275000,5.798387e-01
0.775000,0.275000,5.893142e-01
0.787500,0.275000,5.987726e-01
0.800000,0.275000,6.082141e-01
0.812500,0.275000,6.176385e-01
0.825000,0.275000,6.270458e-01
0.837500,0.275000,6.364361e-01
0.850000,0.275000,6.458094e-01
0.862500,0.275000,6.551656e-01
0.875000,0.275000,6.645047e-01
0.887500,0.275000,6.738269e-01
0.900000,0.275000,6.826593e-01
0.912500,0.275000,6.888918e-01
0.925000,0.275000,6.922709e-01
0.937500,0.275000,6.917240e-01
0.950000,0.275000,6.789393e-01
0.962500,0.275000,6.429912e-01
0.975000,0.275000,5.595700e-01
0.987500,0.275000,3.790385e-01
1.000000,0.275000,0.000000e+00
0.000000,0.287500,0.000000e+00
0.012500,0.287500,9.800894e-03
0.025000,0.287500,1.960234e-02
0.037500,0.287500,2.940432e-02
0.050000,0.287500,3.920686e-02
0.062500,0.287500,4.900994e-02
0.075000,0.287500,5.881357e-02
0.087500,0.287500,6.861775e-02
0.100000,0.287500,7.842248e-02
0.112500,0.287500,8.822775e-02
0.125000,0.287500,9.803357e-02
0.137500,0.287500,1.078399e-01
0.150000,0.287500,1.176468e-01
0.162500,0.287500,1.274543e-01
0.175000,0.287500,1.372623e-01
0.187500,0.287500,1.470709e-01
0.200000,0.287500,1.568800e-01
0.212500,0.287500,1.666896e-01
0.225000,0.287500,1.764998e-01
0.237500,0.287500,1.863106e-01
0.250000,0.287500,1.961219e-01
0.262500,0.287500,2.059337e-01
0.275000,0.287500,2.157461e-01
0.287500,0.287500,2.255590e-01
0.300000,0.287500,2.353725e-01
0.312500,0.287500,2.451865e-01
0.325000,0.287500,2.550011e-01
0.337500,0.287500,2.648162e-01
0.350000,0.287500,2.746319e-01
0.362500,0.287500,2.844481e-01
0.375000,0.287500,2.942649e-01
0.387500,0.287500,3.040822e-01
0.400000,0.287500,3.139000e-01
0.412500,0.287500,3.237184e-01
0.425000,0.287500,3.335374e-01
0.437500,0.287500,3.433569e-01
0.450000,0.287500,3.531769e-01
0.462500,0.287500,3.629975e-01
0.475000,0.287500,3.728187e-01
0.487500,0.287500,3.826404e-01
0.500000,0.287500,3.924626e-01
0.512500,0.287500,4.022854e-01
0.525000,0.287500,4.121087e-01
0.537500,0.287500,4.219326e-01
0.550000,0.287500,4.317570e-01
0.562500,0.287500,4.415820e-01
0.575000,0.287500,4.514075e-01
0.587500,0.287500,4.612336e-01
0.600000,0.287500,4.710602e-01
0.612500,0.287500,4.808873e-01
0.625000,0.287500,4.907150e-01
0.637500,0.287500,5.005433e-01
0.650000,0.287500,5.103721e-01
0.662500,0.287500,5.202014e-01
0.675000,0.287500,5.300313e-01
0.687500,0.287500,5.398618e-01
0.700000,0.287500,5.496928e-01
0.712500,0.287500,5.595243e-01
0.725000,0.287500,5.693564e-01
0.737500,0.287500,5.791887e-01
0.750000,0.287500,5.890095e-01
0.762500,0.287500,5.988127e-01
0.775000,0.287500,6.085982e-01
0.787500,0.287500,6.183662e-01
0.800000,0.287500,6.281166e-01
0.812500,0.287500,6.378494e-01
0.825000,0.287500,6.475645e-01
0.837500,0.287500,6.572621e-01
0.850000,0.287500,6.669421e-01
0.862500,0.287500,6.766045e-01
0.875000,0.287500,6.862493e-01
0.887500,0.287500,6.958765e-01
0.900000,0.287500,7.049979e-01
0.912500,0.287500,7.114344e-01
0.925000,0.287500,7.149241e-01
0.937500,0.287500,7.143593e-01
0.950000,0.287500,7.011562e-01
0.962500,0.287500,6.640318e-01
0.975000,0.287500,5.778808e-01
0.987500,0.287500,3.914418e-01
1.000000,0.287500,0.000000e+00
0.000000,0.300000,0.000000e+00
0.012500,0.300000,1.009670e-02
0.025000,0.300000,2.019396e-02
0.037500,0.300000,3.029178e-02
0.050000,0.300000,4.039017e-02
0.062500,0.300000,5.048912e-02
0.075000,0.300000,6.058864e-02
0.087500,0.300000,7.068872e-02
0.100000,0.300000,8.078936e-02
0.112500,0.300000,9.089057e-02
0.125000,0.300000,1.009923e-01
0.137500,0.300000,1.110947e-01
0.150000,0.300000,1.211976e-01
0.162500,0.300000,1.313010e-01
0.175000,0.300000,1.414051e-01
0.187500,0.300000,1.515096e-01
0.200000,0.300000,1.616148e-01
0.212500,0.300000,1.717205e-01
0.225000,0.300000,1.818268e-01
0.237500,0.300000,1.919336e-01
0.250000,0.300000,2.020411e-01
0.262500,0.300000,2.121490e-01
0.275000,0.300000,2.222576e-01
0.287500,0.300000,2.323667e-01
0.300000,0.300000,2.424763e-01
0.312500,0.300000,2.525866e-01
0.325000,0.300000,2.626973e-01
0.337500,0.300000,2.728087e-01
0.350000,0.300000,2.829206e-01
0.362500,0.300000,2.930331e-01
0.375000,0.300000,3.031461e-01
0.387500,0.300000,3.132598e-01
0.400000,0.300000,3.233739e-01
0.412500,0.300000,3.334887e-01
0.425000,0.300000,3.436040e-01
0.437500,0.300000,3.537198e-01
0.450000,0.300000,3.638363e-01
0.462500,0.300000,3.739532e-01
0.475000,0.300000,3.840708e-01
0.487500,0.300000,3.941889e-01
0.500000,0.300000,4.043076e-01
0.512500,0.300000,4.144268e-01
0.525000,0.300000,4.245467e-01
0.537500,0.300000,4.346670e-01
0.550000,0.300000,4.447880e-01
0.562500,0.300000,4.549095e-01
0.575000,0.300000,4.650315e-01
0.587500,0.300000,4.751542e-01
0.600000,0.300000,4.852774e-01
0.612500,0.300000,4.954011e-01
0.625000,0.300000,5.055254e-01
0.637500,0.300000,5.156503e-01
0.650000,0.300000,5.257758e-01
0.662500,0.300000,5.359018e-01
0.675000,0.300000,5.460284e-01
0.687500,0.300000,5.561555e-01
0.700000,0.300000,5.662832e-01
0.712500,0.300000,5.764115e-01
0.725000,0.300000,5.865403e-01
0.737500,0.300000,5.966694e-01
0.750000,0.300000,6.067865e-01
0.762500,0.300000,6.168856e-01
0.775000,0.300000,6.269665e-01
0.787500,0.300000,6.370293e-01
0.800000,0.300000,6.470739e-01
0.812500,0.300000,6.571005e-01
0.825000,0.300000,6.671089e-01
0.837500,0.300000,6.770991e-01
0.850000,0.300000,6.870713e-01
0.862500,0.300000,6.970253e-01
0.875000,0.300000,7.069612e-01
0.887500,0.300000,7.168789e-01
0.900000,0.300000,7.262757e-01
0.912500,0.300000,7.329064e-01
0.925000,0.300000,7.365014e-01
0.937500,0.300000,7.359196e-01
0.950000,0.300000,7.223180e-01
0.962500,0.300000,6.840731e-01
0.975000,0.300000,5.953220e-01
0.987500,0.300000,4.032560e-01
1.000000,0.300000,0.000000e+00
0.000000,0.312500,0.000000e+00
0.012500,0.312500,1.037731e-02
0.025000,0.312500,2.075521e-02
0.037500,0.312500,3.113368e-02
0.050000,0.312500,4.151273e-02
0.062500,0.312500,5.189236e-02
0.075000,0.312500,6.227258e-02
0.087500,0.312500,7.265337e-02
0.100000,0.312500,8.303474e-02
0.112500,0.312500,9.341669e-02
0.125000,0.312500,1.037992e-01
0.137500,0.312500,1.141823e-01
0.150000,0.312500,1.245660e-01
0.162500,0.312500,1.349503e-01
0.175000,0.312500,1.453351e-01
0.187500,0.312500,1.557206e-01
0.200000,0.312500,1.661066e-01
0.212500,0.312500,1.764931e-01
0.225000,0.312500,1.868803e-01
0.237500,0.312500,1.972681e-01
0.250000,0.312500,2.076564e-01
0.262500,0.312500,2.180453e-01
0.275000,0.312500,2.284348e-01
0.287500,0.312500,2.388248e-01
0.300000,0.312500,2.492155e-01
0.312500,0.312500,2.596067e-01
0.325000,0.312500,2.699985e-01
0.337500,0.312500,2.803909e-01
0.350000,0.312500,2.907838e-01
0.362500,0.312500,3.011774e-01
0.375000,0.312500,3.115715e-01
0.387500,0.312500,3.219662e-01
0.400000,0.312500,3.323615e-01
0.412500,0.312500,3.427573e-01
0.425000,0.312500,3.531538e-01
0.437500,0.312500,3.635508e-01
0.450000,0.312500,3.739484e-01
0.462500,0.312500,3.843466e-01
0.475000,0.312500,3.947453e-01
0.487500,0.312500,4.051447e-01
0.500000,0.312500,4.155446e-01
0.512500,0.312500,4.259451e-01
0.525000,0.312500,4.363461e-01
0.537500,0.312500,4.467478e-01
0.550000,0.312500,4.571500e-01
0.562500,0.312500,4.675528e-01
0.575000,0.312500,4.779562e-01
0.587500,0.312500,4.883602e-01
0.600000,0.312500,4.987647e-01
0.612500,0.312500,5.091699e-01
0.625000,0.312500,5.195756e-01
0.637500,0.312500,5.299819e-01
0.650000,0.312500,5.403887e-01
0.662500,0.312500,5.507962e-01
0.675000,0.312500,5.612042e-01
0.687500,0.312500,5.716128e-01
0.700000,0.312500,5.820220e-01
0.712500,0.312500,5.924318e-01
0.725000,0.312500,6.028421e-01
0.737500,0.312500,6.132527e-01
0.750000,0.312500,6.236511e-01
0.762500,0.312500,6.340308e-01
0.775000,0.312500,6.443919e-01
0.787500,0.312500,6.547344e-01
0.800000,0.312500,6.650582e-01
0.812500,0.312500,6.753634e-01
0.825000,0.312500,6.856499e-01
0.837500,0.312500,6.959179e-01
0.850000,0.312500,7.061672e-01
0.862500,0.312500,7.163978e-01
0.875000,0.312500,7.266099e-01
0.887500,0.312500,7.368033e-01
0.900000,0.312500,7.464612e-01
0.912500,0.312500,7.532762e-01
0.925000,0.312500,7.569711e-01
0.937500,0.312500,7.563731e-01
0.950000,0.312500,7.423936e-01
0.962500,0.312500,7.030857e-01
0.975000,0.312500,6.118678e-01
0.987500,0.312500,4.144637e-01
1.000000,0.312500,0.000000e+00
0.000000,0.325000,0.000000e+00
0.012500,0.325000,1.064144e-02
0.025000,0.325000,2.128347e-02
0.037500,0.325000,3.192610e-02
0.050000,0.325000,4.256933e-02
0.062500,0.325000,5.321314e-02
0.075000,0.325000,6.385755e-02
0.087500,0.325000,7.450256e-02
0.100000,0.325000,8.514816e-02
0.112500,0.325000,9.579435e-02
0.125000,0.325000,1.064411e-01
0.137500,0.325000,1.170885e-01
0.150000,0.325000,1.277365e-01
0.162500,0.325000,1.383851e-01
0.175000,0.325000,1.490342e-01
0.187500,0.325000,1.596840e-01
0.200000,0.325000,1.703344e-01
0.212500,0.325000,1.809853e-01
0.225000,0.325000,1.916368e-01
0.237500,0.325000,2.022890e-01
0.250000,0.325000,2.129417e-01
0.262500,0.325000,2.235950e-01
0.275000,0.325000,2.342490e-01
0.287500,0.325000,2.449035e-01
0.300000,0.325000,2.555586e-01
0.312500,0.325000,2.662143e-01
0.325000,0.325000,2.768706e-01
0.337500,0.325000,2.875275e-01
0.350000,0.325000,2.981850e-01
0.362500,0.325000,3.088430e-01
0.375000,0.325000,3.195017e-01
0.387500,0.325000,3.301610e-01
0.400000,0.325000,3.408208e-01
0.412500,0.325000,3.514813e-01
0.425000,0.325000,3.621424e-01
0.437500,0.325000,3.728040e-01
0.450000,0.325000,3.834662e-01
0.462500,0.325000,3.941291e-01
0.475000,0.325000,4.047925e-01
0.487500,0.325000,4.154565e-01
0.500000,0.325000,4.261211e-01
0.512500,0.325000,4.367863e-01
0.525000,0.325000,4.474522e-01
0.537500,0.325000,4.581186e-01
0.550000,0.325000,4.687855e-01
0.562500,0.325000,4.794531e-01
0.575000,0.325000,4.901213e-01
0.587500,0.325000,5.007901e-01
0.600000,0.325000,5.114595e-01
0.612500,0.325000,5.221294e-01
0.625000,0.325000,5.328000e-01
0.637500,0.325000,5.434711e-01
0.650000,0.325000,5.541429e-01
0.662500,0.325000,5.648152e-01
0.675000,0.325000,5.754882e-01
0.687500,0.325000,5.861617e-01
0.700000,0.325000,5.968358e-01
0.712500,0.325000,6.075106e-01
0.725000,0.325000,6.181859e-01
0.737500,0.325000,6.288614e-01
0.750000,0.325000,6.395245e-01
0.762500,0.325000,6.501684e-01
0.775000,0.325000,6.607932e-01
0.787500,0.325000,6.713989e-01
0.800000,0.325000,6.819855e-01
0.812500,0.325000,6.925530e-01
0.825000,0.325000,7.031014e-01
0.837500,0.325000,7.136306e-01
0.850000,0.325000,7.241408e-01
0.862500,0.325000,7.346318e-01
0.875000,0.325000,7.451038e-01
0.887500,0.325000,7.555566e-01
0.900000,0.325000,7.654604e-01
0.912500,0.325000,7.724488e-01
0.925000,0.325000,7.762378e-01
0.937500,0.325000,7.756246e-01
0.950000,0.325000,7.612892e-01
0.962500,0.325000,7.209809e-01
0.975000,0.325000,6.274413e-01
0.987500,0.325000,4.250128e-01
1.000000,0.325000,0.000000e+00
0.000000,0.337500,0.000000e+00
0.012500,0.337500,1.088899e-02
0.025000,0.337500,2.177858e-02
0.037500,0.337500,3.266879e-02
0.050000,0.337500,4.355960e-02
0.062500,0.337500,5.445102e-02
0.075000,0.337500,6.534304e-02
0.087500,0.337500,7.623568e-02
0.100000,0.337500,8.712892e-02
0.112500,0.337500,9.802277e-02
0.125000,0.337500,1.089172e-01
0.137500,0.337500,1.198123e-01
0.150000,0.337500,1.307080e-01
0.162500,0.337500,1.416043e-01
0.175000,0.337500,1.525012e-01
0.187500,0.337500,1.633987e-01
0.200000,0.337500,1.742968e-01
0.212500,0.337500,1.851955e-01
0.225000,0.337500,1.960948e-01
0.237500,0.337500,2.069947e-01
0.250000,0.337500,2.178953e-01
0.262500,0.337500,2.287964e-01
0.275000,0.337500,2.396982e-01
0.287500,0.337500,2.506005e-01
0.300000,0.337500,2.615035e-01
0.312500,0.337500,2.724071e-01
0.325000,0.337500,2.833113e-01
0.337500,0.337500,2.942161e-01
0.350000,0.337500,3.051215e-01
0.362500,0.337500,3.160275e-01
0.375000,0.337500,3.269341e-01
0.387500,0.337500,3.378414e-01
0.400000,0.337500,3.487492e-01
0.412500,0.337500,3.596576e-01
0.425000,0.337500,3.705667e-01
0.437500,0.337500,3.814764e-01
0.450000,0.337500,3.923866e-01
0.462500,0.337500,4.032975e-01
0.475000,0.337500,4.142090e-01
0.487500,0.337500,4.251211e-01
0.500000,0.337500,4.360338e-01
0.512500,0.337500,4.469471e-01
0.525000,0.337500,4.578610e-01
0.537500,0.337500,4.687755e-01
0.550000,0.337500,4.796907e-01
0.562500,0.337500,4.906064e-01
0.575000,0.337500,5.015228e-01
0.587500,0.337500,5.124397e-01
0.600000,0.337500,5.233573e-01
0.612500,0.337500,5.342755e-01
0.625000,0.337500,5.451943e-01
0.637500,0.337500,5.561136e-01
0.650000,0.337500,5.670336e-01
0.662500,0.337500,5.779543e-01
0.675000,0.337500,5.888755e-01
0.687500,0.337500,5.997973e-01
0.700000,0.337500,6.107197e-01
0.712500,0.337500,6.216428e-01
0.725000,0.337500,6.325664e-01
0.737500,0.337500,6.434903e-01
0.750000,0.337500,6.544014e-01
0.762500,0.337500,6.652929e-01
0.775000,0.337500,6.761649e-01
0.787500,0.337500,6.870173e-01
0.800000,0.337500,6.978502e-01
0.812500,0.337500,7.086635e-01
0.825000,0.337500,7.194572e-01
0.837500,0.337500,7.302314e-01
0.850000,0.337500,7.409861e-01
0.862500,0.337500,7.517212e-01
0.875000,0.337500,7.624368e-01
0.887500,0.337500,7.731328e-01
0.900000,0.337500,7.832669e-01
0.912500,0.337500,7.904179e-01
0.925000,0.337500,7.942950e-01
0.937500,0.337500,7.936676e-01
0.950000,0.337500,7.789987e-01
0.962500,0.337500,7.377527e-01
0.975000,0.337500,6.420372e-01
0.987500,0.337500,4.348996e-01
1.000000,0.337500,0.000000e+00
0.000000,0.350000,0.000000e+00
0.012500,0.350000,1.111996e-02
0.025000,0.350000,2.224053e-02
0.037500,0.350000,3.336173e-02
0.050000,0.350000,4.448355e-02
0.062500,0.350000,5.560599e-02
0.075000,0.350000,6.672905e-02
0.087500,0.350000,7.785273e-02
0.100000,0.350000,8.897703e-02
0.112500,0.350000,1.001019e-01
0.125000,0.350000,1.112275e-01
0.137500,0.350000,1.223537e-01
0.150000,0.350000,1.334804e-01
0.162500,0.350000,1.446078e-01
0.175000,0.350000,1.557359e-01
0.187500,0.350000,1.668645e-01
0.200000,0.350000,1.779938e-01
0.212500,0.350000,1.891237e-01
0.225000,0.350000,2.002542e-01
0.237500,0.350000,2.113853e-01
0.250000,0.350000,2.225171e-01
0.262500,0.350000,2.336494e-01
0.275000,0.350000,2.447824e-01
0.287500,0.350000,2.559161e-01
0.300000,0.350000,2.670503e-01
0.312500,0.350000,2.781852e-01
0.325000,0.350000,2.893206e-01
0.337500,0.350000,3.004567e-01
0.350000,0.350000,3.115934e-01
0.362500,0.350000,3.227308e-01
0.375000,0.350000,3.338687e-01
0.387500,0.350000,3.450073e-01
0.400000,0.350000,3.561465e-01
0.412500,0.350000,3.672864e-01
0.425000,0.350000,3.784268e-01
0.437500,0.350000,3.895679e-01
0.450000,0.350000,4.007096e-01
0.462500,0.350000,4.118519e-01
0.475000,0.350000,4.229948e-01
0.487500,0.350000,4.341383e-01
0.500000,0.350000,4.452825e-01
0.512500,0.350000,4.564273e-01
0.525000,0.350000,4.675727e-01
0.537500,0.350000,4.787188e-01
0.550000,0.350000,4.898654e-01
0.562500,0.350000,5.010127e-01
0.575000,0.350000,5.121606e-01
0.587500,0.350000,5.233091e-01
0.600000,0.350000,5.344582e-01
0.612500,0.350000,5.456080e-01
0.625000,0.350000,5.567584e-01
0.637500,0.350000,5.679094e-01
0.650000,0.350000,5.790610e-01
0.662500,0.350000,5.902132e-01
0.675000,0.350000,6.013661e-01
0.687500,0.350000,6.125196e-01
0.700000,0.350000,6.236737e-01
0.712500,0.350000,6.348284e-01
0.725000,0.350000,6.459838e-01
0.737500,0.350000,6.571394e-01
0.750000,0.350000,6.682819e-01
0.762500,0.350000,6.794044e-01
0.775000,0.350000,6.905070e-01
0.787500,0.350000,7.015896e-01
0.800000,0.350000,7.126522e-01
0.812500,0.350000,7.236949e-01
0.825000,0.350000,7.347176e-01
0.837500,0.350000,7.457203e-01
0.850000,0.350000,7.567031e-01
0.862500,0.350000,7.676659e-01
0.875000,0.350000,7.786088e-01
0.887500,0.350000,7.895316e-01
0.900000,0.350000,7.998807e-01
0.912500,0.350000,8.071834e-01
0.925000,0.350000,8.111428e-01
0.937500,0.350000,8.105020e-01
0.950000,0.350000,7.955220e-01
0.962500,0.350000,7.534012e-01
0.975000,0.350000,6.556554e-01
0.987500,0.350000,4.441243e-01
1.000000,0.350000,0.000000e+00
0.000000,0.362500,0.000000e+00
0.012500,0.362500,1.133412e-02
0.025000,0.362500,2.266886e-02
0.037500,0.362500,3.400424e-02
0.050000,0.362500,4.534026e-02
0.062500,0.362500,5.667690e-02
0.075000,0.362500,6.801418e-02
0.087500,0.362500,7.935209e-02
0.100000,0.362500,9.069064e-02
0.112500,0.362500,1.020298e-01
0.125000,0.362500,1.133696e-01
0.137500,0.362500,1.247101e-01
0.150000,0.362500,1.360511e-01
0.162500,0.362500,1.473929e-01
0.175000,0.362500,1.587352e-01
0.187500,0.362500,1.700782e-01
0.200000,0.362500,1.814218e-01
0.212500,0.362500,1.927660e-01
0.225000,0.362500,2.041109e-01
0.237500,0.362500,2.154564e-01
0.250000,0.362500,2.268025e-01
0.262500,0.362500,2.381493e-01
0.275000,0.362500,2.494967e-01
0.287500,0.362500,2.608447e-01
0.300000,0.362500,2.721934e-01
0.312500,0.362500,2.835427e-01
0.325000,0.362500,2.948926e-01
0.337500,0.362500,3.062432e-01
0.350000,0.362500,3.175944e-01
0.362500,0.362500,3.289462e-01
0.375000,0.362500,3.402987e-01
0.387500,0.362500,3.516518e-01
0.400000,0.362500,3.630055e-01
0.412500,0.362500,3.743599e-01
0.425000,0.362500,3.857149e-01
0.437500,0.362500,3.970705e-01
0.450000,0.362500,4.084268e-01
0.462500,0.362500,4.197837e-01
0.475000,0.362500,4.311412e-01
0.487500,0.362500,4.424994e-01
0.500000,0.362500,4.538581e-01
0.512500,0.362500,4.652176e-01
0.525000,0.362500,4.765776e-01
0.537500,0.362500,4.879383e-01
0.550000,0.362500,4.992996e-01
0.562500,0.362500,5.106616e-01
0.575000,0.362500,5.220242e-01
0.587500,0.362500,5.333874e-01
0.600000,0.362500,5.447513e-01
0.612500,0.362500,5.561157e-01
0.625000,0.362500,5.674809e-01
0.637500,0.362500,5.788466e-01
0.650000,0.362500,5.902130e-01
0.662500,0.362500,6.015800e-01
0.675000,0.362500,6.129477e-01
0.687500,0.362500,6.243159e-01
0.700000,0.362500,6.356849e-01
0.712500,0.362500,6.470544e-01
0.725000,0.362500,6.584246e-01
0.737500,0.362500,6.697951e-01
0.750000,0.362500,6.811521e-01
0.762500,0.362500,6.924889e-01
0.775000,0.362500,7.038053e-01
0.787500,0.362500,7.151013e-01
0.800000,0.362500,7.263770e-01
0.812500,0.362500,7.376323e-01
0.825000,0.362500,7.488673e-01
0.837500,0.362500,7.600820e-01
0.850000,0.362500,7.712762e-01
0.862500,0.362500,7.824502e-01
0.875000,0.362500,7.936038e-01
0.887500,0.362500,8.047370e-01
0.900000,0.362500,8.152854e-01
0.912500,0.362500,8.227287e-01
0.925000,0.362500,8.267644e-01
0.937500,0.362500,8.261113e-01
0.950000,0.362500,8.108428e-01
0.962500,0.362500,7.679107e-01
0.975000,0.362500,6.682825e-01
0.987500,0.362500,4.526776e-01
1.000000,0.362500,0.000000e+00
0.000000,0.375000,0.000000e+00
0.012500,0.375000,1.153048e-02
0.025000,0.375000,2.306160e-02
0.037500,0.375000,3.459337e-02
0.050000,0.375000,4.612578e-02
0.062500,0.375000,5.765883e-02
0.075000,0.375000,6.919253e-02
0.087500,0.375000,8.072687e-02
0.100000,0.375000,9.226185e-02
0.112500,0.375000,1.037975e-01
0.125000,0.375000,1.153338e-01
0.137500,0.375000,1.268707e-01
0.150000,0.375000,1.384082e-01
0.162500,0.375000,1.499464e-01
0.175000,0.375000,1.614853e-01
0.187500,0.375000,1.730248e-01
0.200000,0.375000,1.845649e-01
0.212500,0.375000,1.961057e-01
0.225000,0.375000,2.076471e-01
0.237500,0.375000,2.191892e-01
0.250000,0.375000,2.307319e-01
0.262500,0.375000,2.422752e-01
0.275000,0.375000,2.538192e-01
0.287500,0.375000,2.653639e-01
0.300000,0.375000,2.769091e-01
0.312500,0.375000,2.884551e-01
0.325000,0.375000,3.000016e-01
0.337500,0.375000,3.115488e-01
0.350000,0.375000,3.230967e-01
0.362500,0.375000,3.346452e-01
0.375000,0.375000,3.461943e-01
0.387500,0.375000,3.577441e-01
0.400000,0.375000,3.692946e-01
0.412500,0.375000,3.808456e-01
0.425000,0.375000,3.923973e-01
0.437500,0.375000,4.039497e-01
0.450000,0.375000,4.155027e-01
0.462500,0.375000,4.270564e-01
0.475000,0.375000,4.386107e-01
0.487500,0.375000,4.501656e-01
0.500000,0.375000,4.617212e-01
0.512500,0.375000,4.732774e-01
0.525000,0.375000,4.848343e-01
0.537500,0.375000,4.963918e-01
0.550000,0.375000,5.079499e-01
0.562500,0.375000,5.195087e-01
0.575000,0.375000,5.310682e-01
0.587500,0.375000,5.426282e-01
0.600000,0.375000,5.541890e-01
0.612500,0.375000,5.657503e-01
0.625000,0.375000,5.773124e-01
0.637500,0.375000,5.888750e-01
0.650000,0.375000,6.004383e-01
0.662500,0.375000,6.120023e-01
0.675000,0.375000,6.235669e-01
0.687500,0.375000,6.351321e-01
0.700000,0.375000,6.466980e-01
0.712500,0.375000,6.582645e-01
0.725000,0.375000,6.698317e-01
0.737500,0.375000,6.813991e-01
0.750000,0.375000,6.929529e-01
0.762500,0.375000,7.044861e-01
0.775000,0.375000,7.159985e-01
0.787500,0.375000,7.274903e-01
0.800000,0.375000,7.389613e-01
0.812500,0.375000,7.504116e-01
0.825000,0.375000,7.618413e-01
0.837500,0.375000,7.732502e-01
0.850000,0.375000,7.846384e-01
0.862500,0.375000,7.960059e-01
0.875000,0.375000,8.073528e-01
0.887500,0.375000,8.186789e-01
0.900000,0.375000,8.294100e-01
0.912500,0.375000,8.369823e-01
0.925000,0.375000,8.410878e-01
0.937500,0.375000,8.404234e-01
0.950000,0.375000,8.248904e-01
0.962500,0.375000,7.812146e-01
0.975000,0.375000,6.798603e-01
0.987500,0.375000,4.605201e-01
1.000000,0.375000,0.000000e+00
0.000000,0.387500,0.000000e+00
0.012500,0.387500,1.170893e-02
0.025000,0.387500,2.341852e-02
0.037500,0.387500,3.512876e-02
0.050000,0.387500,4.683966e-02
0.062500,0.387500,5.855121e-02
0.075000,0.387500,7.026341e-02
0.087500,0.387500,8.197626e-02
0.100000,0.387500,9.368977e-02
0.112500,0.387500,1.054039e-01
0.125000,0.387500,1.171187e-01
0.137500,0.387500,1.288342e-01
0.150000,0.387500,1.405503e-01
0.162500,0.387500,1.522671e-01
0.175000,0.387500,1.639845e-01
0.187500,0.387500,1.757026e-01
0.200000,0.387500,1.874214e-01
0.212500,0.387500,1.991408e-01
0.225000,0.387500,2.108608e-01
0.237500,0.387500,2.225815e-01
0.250000,0.387500,2.343028e-01
0.262500,0.387500,2.460248e-01
0.275000,0.387500,2.577475e-01
0.287500,0.387500,2.694708e-01
0.300000,0.387500,2.811948e-01
0.312500,0.387500,2.929194e-01
0.325000,0.387500,3.046447e-01
0.337500,0.387500,3.163706e-01
0.350000,0.387500,3.280972e-01
0.362500,0.387500,3.398244e-01
0.375000,0.387500,3.515523e-01
0.387500,0.387500,3.632808e-01
0.400000,0.387500,3.750100e-01
0.412500,0.387500,3.867399e-01
0.425000,0.387500,3.984704e-01
0.437500,0.387500,4.102015e-01
0.450000,0.387500,4.219333e-01
0.462500,0.387500,4.336658e-01
0.475000,0.387500,4.453989e-01
0.487500,0.387500,4.571327e-01
0.500000,0.387500,4.688671e-01
0.512500,0.387500,4.806021e-01
0.525000,0.387500,4.923379e-01
0.537500,0.387500,5.040742e-01
0.550000,0.387500,5.158113e-01
0.562500,0.387500,5.275490e-01
0.575000,0.387500,5.392873e-01
0.587500,0.387500,5.510263e-01
0.600000,0.387500,5.627659e-01
0.612500,0.387500,5.745063e-01
0.625000,0.387500,5.862472e-01
0.637500,0.387500,5.979888e-01
0.650000,0.387500,6.097311e-01
0.662500,0.387500,6.214740e-01
0.675000,0.387500,6.332176e-01
0.687500,0.387500,6.449618e-01
0.700000,0.387500,6.567067e-01
0.712500,0.387500,6.684522e-01
0.725000,0.387500,6.801984e-01
0.737500,0.387500,6.919448e-01
0.750000,0.387500,7.036775e-01
0.762500,0.387500,7.153891e-01
0.775000,0.387500,7.270797e-01
0.787500,0.387500,7.387493e-01
0.800000,0.387500,7.503979e-01
0.812500,0.387500,7.620254e-01
0.825000,0.387500,7.736320e-01
0.837500,0.387500,7.852175e-01
0.850000,0.387500,7.967819e-01
0.862500,0.387500,8.083254e-01
0.875000,0.387500,8.198478e-01
0.887500,0.387500,8.313492e-01
0.900000,0.387500,8.422464e-01
0.912500,0.387500,8.499359e-01
0.925000,0.387500,8.541050e-01
0.937500,0.387500,8.534303e-01
0.950000,0.387500,8.376569e-01
0.962500,0.387500,7.933051e-01
0.975000,0.387500,6.903822e-01
0.987500,0.387500,4.676474e-01
1.000000,0.387500,0.000000e+00
0.000000,0.400000,0.000000e+00
0.012500,0.400000,1.186948e-02
0.025000,0.400000,2.373962e-02
0.037500,0.400000,3.561043e-02
0.050000,0.400000,4.748189e-02
0.062500,0.400000,5.935402e-02
0.075000,0.400000,7.122681e-02
0.087500,0.400000,8.310027e-02
0.100000,0.400000,9.497438e-02
0.112500,0.400000,1.068492e-01
0.125000,0.400000,1.187246e-01
0.137500,0.400000,1.306007e-01
0.150000,0.400000,1.424775e-01
0.162500,0.400000,1.543549e-01
0.175000,0.400000,1.662330e-01
0.187500,0.400000,1.781117e-01
0.200000,0.400000,1.899912e-01
0.212500,0.400000,2.018712e-01
0.225000,0.400000,2.137520e-01
0.237500,0.400000,2.256334e-01
0.250000,0.400000,2.375154e-01
0.262500,0.400000,2.493982e-01
0.275000,0.400000,2.612816e-01
0.287500,0.400000,2.731656e-01
0.300000,0.400000,2.850503e-01
0.312500,0.400000,2.969357e-01
0.325000,0.400000,3.088217e-01
0.337500,0.400000,3.207084e-01
0.350000,0.400000,3.325958e-01
0.362500,0.400000,3.444838e-01
0.375000,0.400000,3.563725e-01
0.387500,0.400000,3.682619e-01
0.400000,0.400000,3.801519e-01
0.412500,0.400000,3.920426e-01
0.425000,0.400000,4.039339e-01
0.437500,0.400000,4.158259e-01
0.450000,0.400000,4.277186e-01
0.462500,0.400000,4.396119e-01
0.475000,0.400000,4.515059e-01
0.487500,0.400000,4.634005e-01
0.500000,0.400000,4.752958e-01
0.512500,0.400000,4.871918e-01
0.525000,0.400000,4.990884e-01
0.537500,0.400000,5.109857e-01
0.550000,0.400000,5.228837e-01
0.562500,0.400000,5.347823e-01
0.575000,0.400000,5.466816e-01
0.587500,0.400000,5.585816e-01
0.600000,0.400000,5.704822e-01
0.612500,0.400000,5.823835e-01
0.625000,0.400000,5.942854e-01
0.637500,0.400000,6.061880e-01
0.650000,0.400000,6.180912e-01
0.662500,0.400000,6.299952e-01
0.675000,0.400000,6.418998e-01
0.687500,0.400000,6.538050e-01
0.700000,0.400000,6.657109e-01
0.712500,0.400000,6.776175e-01
0.725000,0.400000,6.895247e-01
0.737500,0.400000,7.014322e-01
0.750000,0.400000,7.133258e-01
0.762500,0.400000,7.251980e-01
0.775000,0.400000,7.370489e-01
0.787500,0.400000,7.488785e-01
0.800000,0.400000,7.606868e-01
0.812500,0.400000,7.724737e-01
0.825000,0.400000,7.842394e-01
0.837500,0.400000,7.959837e-01
0.850000,0.400000,8.077068e-01
0.862500,0.400000,8.194085e-01
0.875000,0.400000,8.310889e-01
0.887500,0.400000,8.427480e-01
0.900000,0.400000,8.537947e-01
0.912500,0.400000,8.615896e-01
0.925000,0.400000,8.658158e-01
0.937500,0.400000,8.651318e-01
0.950000,0.400000,8.491422e-01
0.962500,0.400000,8.041823e-01
0.975000,0.400000,6.998482e-01
0.987500,0.400000,4.740594e-01
1.000000,0.400000,0.000000e+00
0.000000,0.412500,0.000000e+00
0.012500,0.412500,1.201191e-02
0.025000,0.412500,2.402448e-02
0.037500,0.412500,3.603773e-02
0.050000,0.412500,4.805165e-02
0.062500,0.412500,6.006623e-02
0.075000,0.412500,7.208149e-02
0.087500,0.412500,8.409742e-02
0.100000,0.412500,9.611401e-02
0.112500,0.412500,1.081313e-01
0.125000,0.412500,1.201492e-01
0.137500,0.412500,1.321678e-01
0.150000,0.412500,1.441871e-01
0.162500,0.412500,1.562071e-01
0.175000,0.412500,1.682277e-01
0.187500,0.412500,1.802490e-01
0.200000,0.412500,1.922709e-01
0.212500,0.412500,2.042936e-01
0.225000,0.412500,2.163169e-01
0.237500,0.412500,2.283408e-01
0.250000,0.412500,2.403655e-01
0.262500,0.412500,2.523908e-01
0.275000,0.412500,2.644168e-01
0.287500,0.412500,2.764434e-01
0.300000,0.412500,2.884707e-01
0.312500,0.412500,3.004987e-01
0.325000,0.412500,3.125274e-01
0.337500,0.412500,3.245567e-01
0.350000,0.412500,3.365867e-01
0.362500,0.412500,3.486174e-01
0.375000,0.412500,3.606487e-01
0.387500,0.412500,3.726808e-01
0.400000,0.412500,3.847134e-01
0.412500,0.412500,3.967468e-01
0.425000,0.412500,4.087808e-01
0.437500,0.412500,4.208155e-01
0.450000,0.412500,4.328509e-01
0.462500,0.412500,4.448869e-01
0.475000,0.412500,4.569236e-01
0.487500,0.412500,4.689610e-01
0.500000,0.412500,4.809990e-01
0.512500,0.412500,4.930378e-01
0.525000,0.412500,5.050771e-01
0.537500,0.412500,5.171172e-01
0.550000,0.412500,5.291579e-01
0.562500,0.412500,5.411993e-01
0.575000,0.412500,5.532414e-01
0.587500,0.412500,5.652841e-01
0.600000,0.412500,5.773275e-01
0.612500,0.412500,5.893716e-01
0.625000,0.412500,6.014164e-01
0.637500,0.412500,6.134618e-01
0.650000,0.412500,6.255079e-01
0.662500,0.412500,6.375546e-01
0.675000,0.412500,6.496021e-01
0.687500,0.412500,6.616502e-01
0.700000,0.412500,6.736989e-01
0.712500,0.412500,6.857484e-01
0.725000,0.412500,6.977985e-01
0.737500,0.412500,7.098489e-01
0.750000,0.412500,7.218851e-01
0.762500,0.412500,7.338998e-01
0.775000,0.412500,7.458929e-01
0.787500,0.412500,7.578645e-01
0.800000,0.412500,7.698144e-01
0.812500,0.412500,7.817428e-01
0.825000,0.412500,7.936497e-01
0.837500,0.412500,8.055349e-01
0.850000,0.412500,8.173986e-01
0.862500,0.412500,8.292408e-01
0.875000,0.412500,8.410613e-01
0.887500,0.412500,8.528603e-01
0.900000,0.412500,8.640395e-01
0.912500,0.412500,8.719280e-01
0.925000,0.412500,8.762049e-01
0.937500,0.412500,8.755128e-01
0.950000,0.412500,8.593312e-01
0.962500,0.412500,8.138318e-01
0.975000,0.412500,7.082458e-01
0.987500,0.412500,4.797477e-01
1.000000,0.412500,0.000000e+00
0.000000,0.425000,0.000000e+00
0.012500,0.425000,1.213561e-02
0.025000,0.425000,2.427189e-02
0.037500,0.425000,3.640885e-02
0.050000,0.425000,4.854649e-02
0.062500,0.425000,6.068480e-02
0.075000,0.425000,7.282379e-02
0.087500,0.425000,8.496346e-02
0.100000,0.425000,9.710381e-02
0.112500,0.425000,1.092448e-01
0.125000,0.425000,1.213865e-01
0.137500,0.425000,1.335289e-01
0.150000,0.425000,1.456720e-01
0.162500,0.425000,1.578157e-01
0.175000,0.425000,1.699601e-01
0.187500,0.425000,1.821052e-01
0.200000,0.425000,1.942509e-01
0.212500,0.425000,2.063974e-01
0.225000,0.425000,2.185445e-01
0.237500,0.425000,2.306923e-01
0.250000,0.425000,2.428408e-01
0.262500,0.425000,2.549899e-01
0.275000,0.425000,2.671397e-01
0.287500,0.425000,2.792902e-01
0.300000,0.425000,2.914414e-01
0.312500,0.425000,3.035933e-01
0.325000,0.425000,3.157458e-01
0.337500,0.425000,3.278990e-01
0.350000,0.425000,3.400529e-01
0.362500,0.425000,3.522075e-01
0.375000,0.425000,3.643627e-01
0.387500,0.425000,3.765186e-01
0.400000,0.425000,3.886752e-01
0.412500,0.425000,4.008325e-01
0.425000,0.425000,4.129905e-01
0.437500,0.425000,4.251491e-01
0.450000,0.425000,4.373084e-01
0.462500,0.425000,4.494684e-01
0.475000,0.425000,4.616290e-01
0.487500,0.425000,4.737904e-01
0.500000,0.425000,4.859524e-01
0.512500,0.425000,4.981151e-01
0.525000,0.425000,5.102785e-01
0.537500,0.425000,5.224425e-01
0.550000,0.425000,5.346072e-01
0.562500,0.425000,5.467726e-01
0.575000,0.425000,5.589387e-01
0.587500,0.425000,5.711054e-01
0.600000,0.425000,5.832729e-01
0.612500,0.425000,5.954410e-01
0.625000,0.425000,6.076098e-01
0.637500,0.425000,6.197792e-01
0.650000,0.425000,6.319494e-01
0.662500,0.425000,6.441202e-01
0.675000,0.425000,6.562917e-01
0.687500,0.425000,6.684639e-01
0.700000,0.425000,6.806367e-01
0.712500,0.425000,6.928102e-01
0.725000,0.425000,7.049844e-01
0.737500,0.425000,7.171589e-01
0.750000,0.425000,7.293191e-01
0.762500,0.425000,7.414575e-01
0.775000,0.425000,7.535741e-01
0.787500,0.425000,7.656689e-01
0.800000,0.425000,7.777420e-01
0.812500,0.425000,7.897932e-01
0.825000,0.425000,8.018227e-01
0.837500,0.425000,8.138303e-01
0.850000,0.425000,8.258162e-01
0.862500,0.425000,8.377803e-01
0.875000,0.425000,8.497226e-01
0.887500,0.425000,8.616431e-01
0.900000,0.425000,8.729374e-01
0.912500,0.425000,8.809071e-01
0.925000,0.425000,8.852281e-01
0.937500,0.425000,8.845288e-01
0.950000,0.425000,8.681806e-01
0.962500,0.425000,8.222126e-01
0.975000,0.425000,7.155393e-01
0.987500,0.425000,4.846882e-01
1.000000,0.425000,0.000000e+00
0.000000,0.437500,0.000000e+00
0.012500,0.437500,1.224054e-02
0.025000,0.437500,2.448177e-02
0.037500,0.437500,3.672367e-02
0.050000,0.437500,4.896626e-02
0.062500,0.437500,6.120954e-02
0.075000,0.437500,7.345349e-02
0.087500,0.437500,8.569813e-02
0.100000,0.437500,9.794345e-02
0.112500,0.437500,1.101895e-01
0.125000,0.437500,1.224361e-01
0.137500,0.437500,1.346835e-01
0.150000,0.437500,1.469316e-01
0.162500,0.437500,1.591803e-01
0.175000,0.437500,1.714297e-01
0.187500,0.437500,1.836798e-01
0.200000,0.437500,1.959306e-01
0.212500,0.437500,2.081821e-01
0.225000,0.437500,2.204342e-01
0.237500,0.437500,2.326871e-01
0.250000,0.437500,2.449406e-01
0.262500,0.437500,2.571948e-01
0.275000,0.437500,2.694497e-01
0.287500,0.437500,2.817052e-01
0.300000,0.437500,2.939615e-01
0.312500,0.437500,3.062184e-01
0.325000,0.437500,3.184760e-01
0.337500,0.437500,3.307343e-01
0.350000,0.437500,3.429933e-01
0.362500,0.437500,3.552530e-01
0.375000,0.437500,3.675133e-01
0.387500,0.437500,3.797743e-01
0.400000,0.437500,3.920361e-01
0.412500,0.437500,4.042985e-01
0.425000,0.437500,4.165615e-01
0.437500,0.437500,4.288253e-01
0.450000,0.437500,4.410897e-01
0.462500,0.437500,4.533549e-01
0.475000,0.437500,4.656207e-01
0.487500,0.437500,4.778872e-01
0.500000,0.437500,4.901543e-01
0.512500,0.437500,5.024222e-01
0.525000,0.437500,5.146908e-01
0.537500,0.437500,5.269600e-01
0.550000,0.437500,5.392299e-01
0.562500,0.437500,5.515005e-01
0.575000,0.437500,5.637717e-01
0.587500,0.437500,5.760437e-01
0.600000,0.437500,5.883163e-01
0.612500,0.437500,6.005897e-01
0.625000,0.437500,6.128637e-01
0.637500,0.437500,6.251384e-01
0.650000,0.437500,6.374137e-01
0.662500,0.437500,6.496898e-01
0.675000,0.437500,6.619665e-01
0.687500,0.437500,6.742439e-01
0.700000,0.437500,6.865221e-01
0.712500,0.437500,6.988008e-01
0.725000,0.437500,7.110803e-01
0.737500,0.437500,7.233601e-01
0.750000,0.437500,7.356254e-01
0.762500,0.437500,7.478688e-01
0.775000,0.437500,7.600901e-01
0.787500,0.437500,7.722895e-01
0.800000,0.437500,7.844670e-01
0.812500,0.437500,7.966224e-01
0.825000,0.437500,8.087559e-01
0.837500,0.437500,8.208674e-01
0.850000,0.437500,8.329569e-01
0.862500,0.437500,8.450244e-01
0.875000,0.437500,8.570700e-01
0.887500,0.437500,8.690935e-01
0.900000,0.437500,8.804855e-01
0.912500,0.437500,8.885241e-01
0.925000,0.437500,8.928825e-01
0.937500,0.437500,8.921771e-01
0.950000,0.437500,8.756876e-01
0.962500,0.437500,8.293222e-01
0.975000,0.437500,7.217265e-01
0.987500,0.437500,4.888792e-01
1.000000,0.437500,0.000000e+00
0.000000,0.450000,0.000000e+00
0.012500,0.450000,1.232671e-02
0.025000,0.450000,2.465411e-02
0.037500,0.450000,3.698220e-02
0.050000,0.450000,4.931098e-02
0.062500,0.450000,6.164044e-02
0.075000,0.450000,7.397059e-02
0.087500,0.450000,8.630143e-02
0.100000,0.450000,9.863295e-02
0.112500,0.450000,1.109652e-01
0.125000,0.450000,1.232981e-01
0.137500,0.450000,1.356317e-01
0.150000,0.450000,1.479659e-01
0.162500,0.450000,1.603009e-01
0.175000,0.450000,1.726366e-01
0.187500,0.450000,1.849729e-01
0.200000,0.450000,1.973099e-01
0.212500,0.450000,2.096476e-01
0.225000,0.450000,2.219860e-01
0.237500,0.450000,2.343251e-01
0.250000,0.450000,2.466649e-01
0.262500,0.450000,2.590054e-01
0.275000,0.450000,2.713465e-01
0.287500,0.450000,2.836884e-01
0.300000,0.450000,2.960309e-01
0.312500,0.450000,3.083741e-01
0.325000,0.450000,3.207180e-01
0.337500,0.450000,3.330626e-01
0.350000,0.450000,3.454079e-01
0.362500,0.450000,3.577539e-01
0.375000,0.450000,3.701005e-01
0.387500,0.450000,3.824479e-01
0.400000,0.450000,3.947959e-01
0.412500,0.450000,4.071446e-01
0.425000,0.450000,4.194940e-01
0.437500,0.450000,4.318441e-01
0.450000,0.450000,4.441949e-01
0.462500,0.450000,4.565464e-01
0.475000,0.450000,4.688985e-01
0.487500,0.450000,4.812514e-01
0.500000,0.450000,4.936049e-01
0.512500,0.450000,5.059591e-01
0.525000,0.450000,5.183140e-01
0.537500,0.450000,5.306696e-01
0.550000,0.450000,5.430259e-01
0.562500,0.450000,5.553829e-01
0.575000,0.450000,5.677406e-01
0.587500,0.450000,5.800989e-01
0.600000,0.450000,5.924579e-01
0.612500,0.450000,6.048177e-01
0.625000,0.450000,6.171781e-01
0.637500,0.450000,6.295392e-01
0.650000,0.450000,6.419010e-01
0.662500,0.450000,6.542634e-01
0.675000,0.450000,6.666266e-01
0.687500,0.450000,6.789904e-01
0.700000,0.450000,6.913550e-01
0.712500,0.450000,7.037202e-01
0.725000,0.450000,7.160861e-01
0.737500,0.450000,7.284523e-01
0.750000,0.450000,7.408040e-01
0.762500,0.450000,7.531336e-01
0.775000,0.450000,7.654410e-01
0.787500,0.450000,7.777263e-01
0.800000,0.450000,7.899894e-01
0.812500,0.450000,8.022304e-01
0.825000,0.450000,8.144493e-01
0.837500,0.450000,8.266460e-01
0.850000,0.450000,8.388207e-01
0.862500,0.450000,8.509731e-01
0.875000,0.450000,8.631035e-01
0.887500,0.450000,8.752117e-01
0.900000,0.450000,8.866839e-01
0.912500,0.450000,8.947791e-01
0.925000,0.450000,8.991681e-01
0.937500,0.450000,8.984578e-01
0.950000,0.450000,8.818522e-01
0.962500,0.450000,8.351603e-01
0.975000,0.450000,7.268072e-01
0.987500,0.450000,4.923207e-01
1.000000,0.450000,0.000000e+00
0.000000,0.462500,0.000000e+00
0.012500,0.462500,1.239393e-02
0.025000,0.462500,2.478854e-02
0.037500,0.462500,3.718385e-02
0.050000,0.462500,4.957985e-02
0.062500,0.462500,6.197655e-02
0.075000,0.462500,7.437393e-02
0.087500,0.462500,8.677201e-02
0.100000,0.462500,9.917077e-02
0.112500,0.462500,1.115702e-01
0.125000,0.462500,1.239704e-01
0.137500,0.462500,1.363712e-01
0.150000,0.462500,1.487728e-01
0.162500,0.462500,1.611750e-01
0.175000,0.462500,1.735779e-01
0.187500,0.462500,1.859815e-01
0.200000,0.462500,1.983858e-01
0.212500,0.462500,2.107908e-01
0.225000,0.462500,2.231965e-01
0.237500,0.462500,2.356028e-01
0.250000,0.462500,2.480099e-01
0.262500,0.462500,2.604177e-01
0.275000,0.462500,2.728261e-01
0.287500,0.462500,2.852352e-01
0.300000,0.462500,2.976451e-01
0.312500,0.462500,3.100556e-01
0.325000,0.462500,3.224668e-01
0.337500,0.462500,3.348787e-01
0.350000,0.462500,3.472913e-01
0.362500,0.462500,3.597046e-01
0.375000,0.462500,3.721186e-01
0.387500,0.462500,3.845332e-01
0.400000,0.462500,3.969486e-01
0.412500,0.462500,4.093647e-01
0.425000,0.462500,4.217814e-01
0.437500,0.462500,4.341988e-01
0.450000,0.462500,4.466170e-01
0.462500,0.462500,4.590358e-01
0.475000,0.462500,4.714553e-01
0.487500,0.462500,4.838755e-01
0.500000,0.462500,4.962964e-01
0.512500,0.462500,5.087180e-01
0.525000,0.462500,5.211403e-01
0.537500,0.462500,5.335632e-01
0.550000,0.462500,5.459869e-01
0.562500,0.462500,5.584112e-01
0.575000,0.462500,5.708363e-01
0.587500,0.462500,5.832620e-01
0.600000,0.462500,5.956884e-01
0.612500,0.462500,6.081155e-01
0.625000,0.462500,6.205434e-01
0.637500,0.462500,6.329719e-01
0.650000,0.462500,6.454010e-01
0.662500,0.462500,6.578309e-01
0.675000,0.462500,6.702615e-01
0.687500,0.462500,6.826928e-01
0.700000,0.462500,6.951247e-01
0.712500,0.462500,7.075574e-01
0.725000,0.462500,7.199907e-01
0.737500,0.462500,7.324243e-01
0.750000,0.462500,7.448434e-01
0.762500,0.462500,7.572401e-01
0.775000,0.462500,7.696147e-01
0.787500,0.462500,7.819669e-01
0.800000,0.462500,7.942969e-01
0.812500,0.462500,8.066047e-01
0.825000,0.462500,8.188902e-01
0.837500,0.462500,8.311535e-01
0.850000,0.462500,8.433945e-01
0.862500,0.462500,8.556132e-01
0.875000,0.462500,8.678097e-01
0.887500,0.462500,8.799839e-01
0.900000,0.462500,8.915187e-01
0.912500,0.462500,8.996580e-01
0.925000,0.462500,9.040709e-01
0.937500,0.462500,9.033568e-01
0.950000,0.462500,8.866606e-01
0.962500,0.462500,8.397142e-01
0.975000,0.462500,7.307702e-01
0.987500,0.462500,4.950052e-01
1.000000,0.462500,0.000000e+00
0.000000,0.475000,0.000000e+00
0.012500,0.475000,1.244194e-02
0.025000,0.475000,2.488458e-02
0.037500,0.475000,3.732791e-02
0.050000,0.475000,4.977194e-02
0.062500,0.475000,6.221665e-02
0.075000,0.475000,7.466207e-02
0.087500,0.475000,8.710817e-02
0.100000,0.475000,9.955498e-02
0.112500,0.475000,1.120025e-01
0.125000,0.475000,1.244507e-01
0.137500,0.475000,1.368995e-01
0.150000,0.475000,1.493491e-01
0.162500,0.475000,1.617994e-01
0.175000,0.475000,1.742504e-01
0.187500,0.475000,1.867020e-01
0.200000,0.475000,1.991544e-01
0.212500,0.475000,2.116074e-01
0.225000,0.475000,2.240612e-01
0.237500,0.475000,2.365156e-01
0.250000,0.475000,2.489707e-01
0.262500,0.475000,2.614266e-01
0.275000,0.475000,2.738831e-01
0.287500,0.475000,2.863403e-01
0.300000,0.475000,2.987982e-01
0.312500,0.475000,3.112568e-01
0.325000,0.475000,3.237161e-01
0.337500,0.475000,3.361761e-01
0.350000,0.475000,3.486368e-01
0.362500,0.475000,3.610981e-01
0.375000,0.475000,3.735602e-01
0.387500,0.475000,3.860230e-01
0.400000,0.475000,3.984864e-01
0.412500,0.475000,4.109506e-01
0.425000,0.475000,4.234154e-01
0.437500,0.475000,4.358810e-01
0.450000,0.475000,4.483472e-01
0.462500,0.475000,4.608142e-01
0.475000,0.475000,4.732818e-01
0.487500,0.475000,4.857501e-01
0.500000,0.475000,4.982191e-01
0.512500,0.475000,5.106888e-01
0.525000,0.475000,5.231592e-01
0.537500,0.475000,5.356303e-01
0.550000,0.475000,5.481021e-01
0.562500,0.475000,5.605746e-01
0.575000,0.475000,5.730478e-01
0.587500,0.475000,5.855216e-01
0.600000,0.475000,5.979962e-01
0.612500,0.475000,6.104715e-01
0.625000,0.475000,6.229474e-01
0.637500,0.475000,6.354241e-01
0.650000,0.475000,6.479014e-01
0.662500,0.475000,6.603794e-01
0.675000,0.475000,6.728582e-01
0.687500,0.475000,6.853376e-01
0.700000,0.475000,6.978177e-01
0.712500,0.475000,7.102985e-01
0.725000,0.475000,7.227800e-01
0.737500,0.475000,7.352618e-01
0.750000,0.475000,7.477290e-01
0.762500,0.475000,7.601738e-01
0.775000,0.475000,7.725962e-01
0.787500,0.475000,7.849964e-01
0.800000,0.475000,7.973741e-01
0.812500,0.475000,8.097296e-01
0.825000,0.475000,8.220627e-01
0.837500,0.475000,8.343734e-01
0.850000,0.475000,8.466619e-01
0.862500,0.475000,8.589280e-01
0.875000,0.475000,8.711717e-01
0.887500,0.475000,8.833931e-01
0.900000,0.475000,8.949725e-01
0.912500,0.475000,9.031434e-01
0.925000,0.475000,9.075734e-01
0.937500,0.475000,9.068565e-01
0.950000,0.475000,8.900956e-01
0.962500,0.475000,8.429673e-01
0.975000,0.475000,7.336013e-01
0.987500,0.475000,4.969229e-01
1.000000,0.475000,0.000000e+00
0.000000,0.487500,0.000000e+00
0.012500,0.487500,1.247076e-02
0.025000,0.487500,2.494222e-02
0.037500,0.487500,3.741437e-02
0.050000,0.487500,4.988721e-02
0.062500,0.487500,6.236076e-02
0.075000,0.487500,7.483500e-02
0.087500,0.487500,8.730993e-02
0.100000,0.487500,9.978556e-02
0.112500,0.487500,1.122619e-01
0.125000,0.487500,1.247389e-01
0.137500,0.487500,1.372166e-01
0.150000,0.487500,1.496950e-01
0.162500,0.487500,1.621741e-01
0.175000,0.487500,1.746539e-01
0.187500,0.487500,1.871344e-01
0.200000,0.487500,1.996156e-01
0.212500,0.487500,2.120975e-01
0.225000,0.487500,2.245801e-01
0.237500,0.487500,2.370634e-01
0.250000,0.487500,2.495474e-01
0.262500,0.487500,2.620321e-01
0.275000,0.487500,2.745174e-01
0.287500,0.487500,2.870035e-01
0.300000,0.487500,2.994903e-01
0.312500,0.487500,3.119777e-01
0.325000,0.487500,3.244659e-01
0.337500,0.487500,3.369547e-01
0.350000,0.487500,3.494443e-01
0.362500,0.487500,3.619345e-01
0.375000,0.487500,3.744254e-01
0.387500,0.487500,3.869171e-01
0.400000,0.487500,3.994094e-01
0.412500,0.487500,4.119024e-01
0.425000,0.487500,4.243961e-01
0.437500,0.487500,4.368905e-01
0.450000,0.487500,4.493857e-01
0.462500,0.487500,4.618815e-01
0.475000,0.487500,4.743780e-01
0.487500,0.487500,4.868752e-01
0.500000,0.487500,4.993731e-01
0.512500,0.487500,5.118716e-01
0.525000,0.487500,5.243709e-01
0.537500,0.487500,5.368709e-01
0.550000,0.487500,5.493716e-01
0.562500,0.487500,5.618730e-01
0.575000,0.487500,5.743750e-01
0.587500,0.487500,5.868778e-01
0.600000,0.487500,5.993812e-01
0.612500,0.487500,6.118854e-01
0.625000,0.487500,6.243902e-01
0.637500,0.487500,6.368958e-01
0.650000,0.487500,6.494020e-01
0.662500,0.487500,6.619090e-01
0.675000,0.487500,6.744166e-01
0.687500,0.487500,6.869249e-01
0.700000,0.487500,6.994340e-01
0.712500,0.487500,7.119437e-01
0.725000,0.487500,7.244541e-01
0.737500,0.487500,7.369648e-01
0.750000,0.487500,7.494608e-01
0.762500,0.487500,7.619344e-01
0.775000,0.487500,7.743857e-01
0.787500,0.487500,7.868145e-01
0.800000,0.487500,7.992210e-01
0.812500,0.487500,8.116050e-01
0.825000,0.487500,8.239667e-01
0.837500,0.487500,8.363060e-01
0.850000,0.487500,8.486228e-01
0.862500,0.487500,8.609173e-01
0.875000,0.487500,8.731894e-01
0.887500,0.487500,8.854391e-01
0.900000,0.487500,8.970454e-01
0.912500,0.487500,9.052352e-01
0.925000,0.487500,9.096755e-01
0.937500,0.487500,9.089569e-01
0.950000,0.487500,8.921572e-01
0.962500,0.487500,8.449198e-01
0.975000,0.487500,7.353004e-01
0.987500,0.487500,4.980738e-01
1.000000,0.487500,0.000000e+00
0.000000,0.500000,0.000000e+00
0.012500,0.500000,1.248038e-02
0.025000,0.500000,2.496145e-02
0.037500,0.500000,3.744322e-02
0.050000,0.500000,4.992569e-02
0.062500,0.500000,6.240885e-02
0.075000,0.500000,7.489271e-02
0.087500,0.500000,8.737726e-02
0.100000,0.500000,9.986252e-02
0.112500,0.500000,1.123485e-01
0.125000,0.500000,1.248351e-01
0.137500,0.500000,1.373224e-01
0.150000,0.500000,1.498105e-01
0.162500,0.500000,1.622992e-01
0.175000,0.500000,1.747886e-01
0.187500,0.500000,1.872788e-01
0.200000,0.500000,1.997696e-01
0.212500,0.500000,2.122611e-01
0.225000,0.500000,2.247533e-01
0.237500,0.500000,2.372462e-01
0.250000,0.500000,2.497398e-01
0.262500,0.500000,2.622341e-01
0.275000,0.500000,2.747291e-01
0.287500,0.500000,2.872248e-01
0.300000,0.500000,2.997212e-01
0.312500,0.500000,3.122183e-01
0.325000,0.500000,3.247161e-01
0.337500,0.500000,3.372146e-01
0.350000,0.500000,3.497138e-01
0.362500,0.500000,3.622136e-01
0.375000,0.500000,3.747142e-01
0.387500,0.500000,3.872155e-01
0.400000,0.500000,3.997174e-01
0.412500,0.500000,4.122201e-01
0.425000,0.500000,4.247234e-01
0.437500,0.500000,4.372275e-01
0.450000,0.500000,4.497322e-01
0.462500,0.500000,4.622377e-01
0.475000,0.500000,4.747438e-01
0.487500,0.500000,4.872506e-01
0.500000,0.500000,4.997582e-01
0.512500,0.500000,5.122664e-01
0.525000,0.500000,5.247753e-01
0.537500,0.500000,5.372850e-01
0.550000,0.500000,5.497953e-01
0.562500,0.500000,5.623063e-01
0.575000,0.500000,5.748180e-01
0.587500,0.500000,5.873304e-01
0.600000,0.500000,5.998435e-01
0.612500,0.500000,6.123573e-01
0.625000,0.500000,6.248718e-01
0.637500,0.500000,6.373870e-01
0.650000,0.500000,6.499029e-01
0.662500,0.500000,6.624194e-01
0.675000,0.500000,6.749367e-01
0.687500,0.500000,6.874547e-01
0.700000,0.500000,6.999734e-01
0.712500,0.500000,7.124927e-01
0.725000,0.500000,7.250128e-01
0.737500,0.500000,7.375332e-01
0.750000,0.500000,7.500388e-01
0.762500,0.500000,7.625221e-01
0.775000,0.500000,7.749829e-01
0.787500,0.500000,7.874213e-01
0.800000,0.500000,7.998373e-01
0.812500,0.500000,8.122309e-01
0.825000,0.500000,8.246021e-01
0.837500,0.500000,8.369509e-01
0.850000,0.500000,8.492773e-01
0.862500,0.500000,8.615813e-01
0.875000,0.500000,8.738629e-01
0.887500,0.500000,8.861220e-01
0.900000,0.500000,8.977372e-01
0.912500,0.500000,9.059333e-01
0.925000,0.500000,9.103770e-01
0.937500,0.500000,9.096579e-01
0.950000,0.500000,8.928453e-01
0.962500,0.500000,8.455714e-01
0.975000,0.500000,7.358675e-01
0.987500,0.500000,4.984580e-01
1.000000,0.500000,0.000000e+00
0.000000,0.512500,0.000000e+00
0.012500,0.512500,1.247078e-02
0.025000,0.512500,2.494225e-02
0.037500,0.512500,3.741442e-02
0.050000,0.512500,4.988729e-02
0.062500,0.512500,6.236085e-02
0.075000,0.512500,7.483511e-02
0.087500,0.512500,8.731006e-02
0.100000,0.512500,9.978571e-02
0.112500,0.512500,1.122621e-01
0.125000,0.512500,1.247391e-01
0.137500,0.512500,1.372168e-01
0.150000,0.512500,1.496953e-01
0.162500,0.512500,1.621744e-01
0.175000,0.512500,1.746542e-01
0.187500,0.512500,1.871347e-01
0.200000,0.512500,1.996159e-01
0.212500,0.512500,2.120978e-01
0.225000,0.512500,2.245805e-01
0.237500,0.512500,2.370638e-01
0.250000,0.512500,2.495478e-01
0.262500,0.512500,2.620324e-01
0.275000,0.512500,2.745178e-01
0.287500,0.512500,2.870039e-01
0.300000,0.512500,2.994907e-01
0.312500,0.512500,3.119782e-01
0.325000,0.512500,3.244663e-01
0.337500,0.512500,3.369552e-01
0.350000,0.512500,3.494448e-01
0.362500,0.512500,3.619350e-01
0.375000,0.512500,3.744260e-01
0.387500,0.512500,3.869176e-01
0.400000,0.512500,3.994100e-01
0.412500,0.512500,4.119030e-01
0.425000,0.512500,4.243968e-01
0.437500,0.512500,4.368912e-01
0.450000,0.512500,4.493863e-01
0.462500,0.512500,4.618822e-01
0.475000,0.512500,4.743787e-01
0.487500,0.512500,4.868759e-01
0.500000,0.512500,4.993738e-01
0.512500,0.512500,5.118724e-01
0.525000,0.512500,5.243717e-01
0.537500,0.512500,5.368717e-01
0.550000,0.512500,5.493724e-01
0.562500,0.512500,5.618738e-01
0.575000,0.512500,5.743759e-01
0.587500,0.512500,5.868787e-01
0.600000,0.512500,5.993821e-01
0.612500,0.512500,6.118863e-01
0.625000,0.512500,6.243912e-01
0.637500,0.512500,6.368967e-01
0.650000,0.512500,6.494030e-01
0.662500,0.512500,6.619100e-01
0.675000,0.512500,6.744176e-01
0.687500,0.512500,6.869260e-01
0.700000,0.512500,6.994350e-01
0.712500,0.512500,7.119447e-01
0.725000,0.512500,7.244552e-01
0.737500,0.512500,7.369659e-01
0.750000,0.512500,7.494619e-01
0.762500,0.512500,7.619356e-01
0.775000,0.512500,7.743868e-01
0.787500,0.512500,7.868157e-01
0.800000,0.512500,7.992222e-01
0.812500,0.512500,8.116062e-01
0.825000,0.512500,8.239679e-01
0.837500,0.512500,8.363072e-01
0.850000,0.512500,8.486241e-01
0.862500,0.512500,8.609186e-01
0.875000,0.512500,8.731908e-01
0.887500,0.512500,8.854405e-01
0.900000,0.512500,8.970468e-01
0.912500,0.512500,9.052365e-01
0.925000,0.512500,9.096769e-01
0.937500,0.512500,9.089582e-01
0.950000,0.512500,8.921586e-01
0.962500,0.512500,8.449210e-01
0.975000,0.512500,7.353016e-01
0.987500,0.512500,4.980746e-01
1.000000,0.512500,0.000000e+00
0.000000,0.525000,0.000000e+00
0.012500,0.525000,1.244195e-02
0.025000,0.525000,2.488460e-02
0.037500,0.525000,3.732795e-02
0.050000,0.525000,4.977198e-02
0.062500,0.525000,6.221671e-02
0.075000,0.525000,7.466214e-02
0.087500,0.525000,8.710826e-02
0.100000,0.525000,9.955507e-02
0.112500,0.525000,1.120026e-01
0.125000,0.525000,1.244508e-01
0.137500,0.525000,1.368997e-01
0.150000,0.525000,1.493493e-01
0.162500,0.525000,1.617995e-01
0.175000,0.525000,1.742505e-01
0.187500,0.525000,1.867022e-01
0.200000,0.525000,1.991546e-01
0.212500,0.525000,2.116076e-01
0.225000,0.525000,2.240614e-01
0.237500,0.525000,2.365158e-01
0.250000,0.525000,2.489710e-01
0.262500,0.525000,2.614268e-01
0.275000,0.525000,2.738833e-01
0.287500,0.525000,2.863406e-01
0.300000,0.525000,2.987985e-01
0.312500,0.525000,3.112571e-01
0.325000,0.525000,3.237164e-01
0.337500,0.525000,3.361764e-01
0.350000,0.525000,3.486371e-01
0.362500,0.525000,3.610985e-01
0.375000,0.525000,3.735606e-01
0.387500,0.525000,3.860234e-01
0.400000,0.525000,3.984868e-01
0.412500,0.525000,4.109510e-01
0.425000,0.525000,4.234159e-01
0.437500,0.525000,4.358814e-01
0.450000,0.525000,4.483477e-01
0.462500,0.525000,4.608146e-01
0.475000,0.525000,4.732822e-01
0.487500,0.525000,4.857506e-01
0.500000,0.525000,4.982196e-01
0.512500,0.525000,5.106893e-01
0.525000,0.525000,5.231597e-01
0.537500,0.525000,5.356308e-01
0.550000,0.525000,5.481026e-01
0.562500,0.525000,5.605751e-01
0.575000,0.525000,5.730483e-01
0.587500,0.525000,5.855222e-01
0.600000,0.525000,5.979968e-01
0.612500,0.525000,6.104721e-01
0.625000,0.525000,6.229480e-01
0.637500,0.525000,6.354247e-01
0.650000,0.525000,6.479021e-01
0.662500,0.525000,6.603801e-01
0.675000,0.525000,6.728588e-01
0.687500,0.525000,6.853383e-01
0.700000,0.525000,6.978184e-01
0.712500,0.525000,7.102992e-01
0.725000,0.525000,7.227808e-01
0.737500,0.525000,7.352626e-01
0.750000,0.525000,7.477297e-01
0.762500,0.525000,7.601746e-01
0.775000,0.525000,7.725970e-01
0.787500,0.525000,7.849972e-01
0.800000,0.525000,7.973750e-01
0.812500,0.525000,8.097304e-01
0.825000,0.525000,8.220635e-01
0.837500,0.525000,8.343743e-01
0.850000,0.525000,8.466627e-01
0.862500,0.525000,8.589288e-01
0.875000,0.525000,8.711726e-01
0.887500,0.525000,8.833940e-01
0.900000,0.525000,8.949734e-01
0.912500,0.525000,9.031443e-01
0.925000,0.525000,9.075744e-01
0.937500,0.525000,9.068574e-01
0.950000,0.525000,8.900965e-01
0.962500,0.525000,8.429682e-01
0.975000,0.525000,7.336021e-01
0.987500,0.525000,4.969234e-01
1.000000,0.525000,0.000000e+00
0.000000,0.537500,0.000000e+00
0.012500,0.537500,1.239391e-02
0.025000,0.537500,2.478850e-02
0.037500,0.537500,3.718379e-02
0.050000,0.537500,4.957977e-02
0.062500,0.537500,6.197644e-02
0.075000,0.537500,7.437381e-02
0.087500,0.537500,8.677186e-02
0.100000,0.537500,9.917061e-02
0.112500,0.537500,1.115700e-01
0.125000,0.537500,1.239702e-01
0.137500,0.537500,1.363710e-01
0.150000,0.537500,1.487725e-01
0.162500,0.537500,1.611747e-01
0.175000,0.537500,1.735776e-01
0.187500,0.537500,1.859812e-01
0.200000,0.537500,1.983855e-01
0.212500,0.537500,2.107904e-01
0.225000,0.537500,2.231961e-01
0.237500,0.537500,2.356025e-01
0.250000,0.537500,2.480095e-01
0.262500,0.537500,2.604172e-01
0.275000,0.537500,2.728257e-01
0.287500,0.537500,2.852348e-01
0.300000,0.537500,2.976446e-01
0.312500,0.537500,3.100551e-01
0.325000,0.537500,3.224663e-01
0.337500,0.537500,3.348782e-01
0.350000,0.537500,3.472907e-01
0.362500,0.537500,3.597040e-01
0.375000,0.537500,3.721180e-01
0.387500,0.537500,3.845326e-01
0.400000,0.537500,3.969480e-01
0.412500,0.537500,4.093640e-01
0.425000,0.537500,4.217807e-01
0.437500,0.537500,4.341981e-01
0.450000,0.537500,4.466162e-01
0.462500,0.537500,4.590350e-01
0.475000,0.537500,4.714545e-01
0.487500,0.537500,4.838747e-01
0.500000,0.537500,4.962956e-01
0.512500,0.537500,5.087172e-01
0.525000,0.537500,5.211394e-01
0.537500,0.537500,5.335624e-01
0.550000,0.537500,5.459860e-01
0.562500,0.537500,5.584103e-01
0.575000,0.537500,5.708354e-01
0.587500,0.537500,5.832611e-01
0.600000,0.537500,5.956875e-01
0.612500,0.537500,6.081146e-01
0.625000,0.537500,6.205424e-01
0.637500,0.537500,6.329708e-01
0.650000,0.537500,6.454000e-01
0.662500,0.537500,6.578299e-01
0.675000,0.537500,6.702604e-01
0.687500,0.537500,6.826917e-01
0.700000,0.537500,6.951236e-01
0.712500,0.537500,7.075563e-01
0.725000,0.537500,7.199896e-01
0.737500,0.537500,7.324232e-01
0.750000,0.537500,7.448422e-01
0.762500,0.537500,7.572390e-01
0.775000,0.537500,7.696135e-01
0.787500,0.537500,7.819657e-01
0.800000,0.537500,7.942957e-01
0.812500,0.537500,8.066034e-01
0.825000,0.537500,8.188889e-01
0.837500,0.537500,8.311522e-01
0.850000,0.537500,8.433931e-01
0.862500,0.537500,8.556119e-01
0.875000,0.537500,8.678084e-01
0.887500,0.537500,8.799826e-01
0.900000,0.537500,8.915173e-01
0.912500,0.537500,8.996566e-01
0.925000,0.537500,9.040696e-01
0.937500,0.537500,9.033554e-01
0.950000,0.537500,8.866592e-01
0.962500,0.537500,8.397129e-01
0.975000,0.537500,7.307691e-01
0.987500,0.537500,4.950044e-01
1.000000,0.537500,0.000000e+00
0.000000,0.550000,0.000000e+00
0.012500,0.550000,1.232668e-02
0.025000,0.550000,2.465406e-02
0.037500,0.550000,3.698212e-02
0.050000,0.550000,4.931086e-02
0.062500,0.550000,6.164030e-02
0.075000,0.550000,7.397042e-02
0.087500,0.550000,8.630123e-02
0.100000,0.550000,9.863273e-02
0.112500,0.550000,1.109649e-01
0.125000,0.550000,1.232978e-01
0.137500,0.550000,1.356314e-01
0.150000,0.550000,1.479656e-01
0.162500,0.550000,1.603005e-01
0.175000,0.550000,1.726362e-01
0.187500,0.550000,1.849725e-01
0.200000,0.550000,1.973095e-01
0.212500,0.550000,2.096472e-01
0.225000,0.550000,2.219855e-01
0.237500,0.550000,2.343246e-01
0.250000,0.550000,2.466644e-01
0.262500,0.550000,2.590048e-01
0.275000,0.550000,2.713459e-01
0.287500,0.550000,2.836877e-01
0.300000,0.550000,2.960302e-01
0.312500,0.550000,3.083734e-01
0.325000,0.550000,3.207173e-01
0.337500,0.550000,3.330619e-01
0.350000,0.550000,3.454071e-01
0.362500,0.550000,3.577531e-01
0.375000,0.550000,3.700997e-01
0.387500,0.550000,3.824470e-01
0.400000,0.550000,3.947950e-01
0.412500,0.550000,4.071437e-01
0.425000,0.550000,4.194931e-01
0.437500,0.550000,4.318432e-01
0.450000,0.550000,4.441939e-01
0.462500,0.550000,4.565454e-01
0.475000,0.550000,4.688975e-01
0.487500,0.550000,4.812503e-01
0.500000,0.550000,4.936038e-01
0.512500,0.550000,5.059580e-01
0.525000,0.550000,5.183129e-01
0.537500,0.550000,5.306685e-01
0.550000,0.550000,5.430247e-01
0.562500,0.550000,5.553817e-01
0.575000,0.550000,5.677393e-01
0.587500,0.550000,5.800977e-01
0.600000,0.550000,5.924567e-01
0.612500,0.550000,6.048164e-01
0.625000,0.550000,6.171767e-01
0.637500,0.550000,6.295378e-01
0.650000,0.550000,6.418996e-01
0.662500,0.550000,6.542620e-01
0.675000,0.550000,6.666252e-01
0.687500,0.550000,6.789890e-01
0.700000,0.550000,6.913535e-01
0.712500,0.550000,7.037187e-01
0.725000,0.550000,7.160846e-01
0.737500,0.550000,7.284508e-01
0.750000,0.550000,7.408024e-01
0.762500,0.550000,7.531320e-01
0.775000,0.550000,7.654393e-01
0.787500,0.550000,7.777246e-01
0.800000,0.550000,7.899877e-01
0.812500,0.550000,8.022287e-01
0.825000,0.550000,8.144476e-01
0.837500,0.550000,8.266443e-01
0.850000,0.550000,8.388189e-01
0.862500,0.550000,8.509713e-01
0.875000,0.550000,8.631017e-01
0.887500,0.550000,8.752099e-01
0.900000,0.550000,8.866820e-01
0.912500,0.550000,8.947772e-01
0.925000,0.550000,8.991662e-01
0.937500,0.550000,8.984559e-01
0.950000,0.550000,8.818503e-01
0.962500,0.550000,8.351586e-01
0.975000,0.550000,7.268057e-01
0.987500,0.550000,4.923197e-01
1.000000,0.550000,0.000000e+00
0.000000,0.562500,0.000000e+00
0.012500,0.562500,1.224058e-02
0.025000,0.562500,2.448184e-02
0.037500,0.562500,3.672379e-02
0.050000,0.562500,4.896642e-02
0.062500,0.562500,6.120973e-02
0.075000,0.562500,7.345372e-02
0.087500,0.562500,8.569840e-02
0.100000,0.562500,9.794376e-02
0.112500,0.562500,1.101898e-01
0.125000,0.562500,1.224365e-01
0.137500,0.562500,1.346839e-01
0.150000,0.562500,1.469320e-01
0.162500,0.562500,1.591808e-01
0.175000,0.562500,1.714303e-01
0.187500,0.562500,1.836804e-01
0.200000,0.562500,1.959312e-01
0.212500,0.562500,2.081827e-01
0.225000,0.562500,2.204349e-01
0.237500,0.562500,2.326878e-01
0.250000,0.562500,2.449414e-01
0.262500,0.562500,2.571956e-01
0.275000,0.562500,2.694505e-01
0.287500,0.562500,2.817061e-01
0.300000,0.562500,2.939624e-01
0.312500,0.562500,3.062194e-01
0.325000,0.562500,3.184770e-01
0.337500,0.562500,3.307354e-01
0.350000,0.562500,3.429944e-01
0.362500,0.562500,3.552541e-01
0.375000,0.562500,3.675145e-01
0.387500,0.562500,3.797756e-01
0.400000,0.562500,3.920373e-01
0.412500,0.562500,4.042998e-01
0.425000,0.562500,4.165629e-01
0.437500,0.562500,4.288267e-01
0.450000,0.562500,4.410912e-01
0.462500,0.562500,4.533563e-01
0.475000,0.562500,4.656222e-01
0.487500,0.562500,4.778887e-01
0.500000,0.562500,4.901559e-01
0.512500,0.562500,5.024238e-01
0.525000,0.562500,5.146924e-01
0.537500,0.562500,5.269617e-01
0.550000,0.562500,5.392316e-01
0.562500,0.562500,5.515023e-01
0.575000,0.562500,5.637736e-01
0.587500,0.562500,5.760456e-01
0.600000,0.562500,5.883183e-01
0.612500,0.562500,6.005916e-01
0.625000,0.562500,6.128657e-01
0.637500,0.562500,6.251404e-01
0.650000,0.562500,6.374158e-01
0.662500,0.562500,6.496919e-01
0.675000,0.562500,6.619687e-01
0.687500,0.562500,6.742462e-01
0.700000,0.562500,6.865243e-01
0.712500,0.562500,6.988031e-01
0.725000,0.562500,7.110827e-01
0.737500,0.562500,7.233625e-01
0.750000,0.562500,7.356278e-01
0.762500,0.562500,7.478712e-01
0.775000,0.562500,7.600927e-01
0.787500,0.562500,7.722921e-01
0.800000,0.562500,7.844696e-01
0.812500,0.562500,7.966251e-01
0.825000,0.562500,8.087586e-01
0.837500,0.562500,8.208701e-01
0.850000,0.562500,8.329596e-01
0.862500,0.562500,8.450272e-01
0.875000,0.562500,8.570728e-01
0.887500,0.562500,8.690964e-01
0.900000,0.562500,8.804885e-01
0.912500,0.562500,8.885271e-01
0.925000,0.562500,8.928854e-01
0.937500,0.562500,8.921801e-01
0.950000,0.562500,8.756905e-01
0.962500,0.562500,8.293249e-01
0.975000,0.562500,7.217289e-01
0.987500,0.562500,4.888808e-01
1.000000,0.562500,0.000000e+00
0.000000,0.575000,0.000000e+00
0.012500,0.575000,1.213564e-02
0.025000,0.575000,2.427195e-02
0.037500,0.575000,3.640894e-02
0.050000,0.575000,4.854661e-02
0.062500,0.575000,6.068496e-02
0.075000,0.575000,7.282398e-02
0.087500,0.575000,8.496368e-02
0.100000,0.575000,9.710406e-02
0.112500,0.575000,1.092451e-01
0.125000,0.575000,1.213868e-01
0.137500,0.575000,1.335293e-01
0.150000,0.575000,1.456723e-01
0.162500,0.575000,1.578161e-01
0.175000,0.575000,1.699605e-01
0.187500,0.575000,1.821057e-01
0.200000,0.575000,1.942515e-01
0.212500,0.575000,2.063979e-01
0.225000,0.575000,2.185451e-01
0.237500,0.575000,2.306929e-01
0.250000,0.575000,2.428414e-01
0.262500,0.575000,2.549906e-01
0.275000,0.575000,2.671404e-01
0.287500,0.575000,2.792910e-01
0.300000,0.575000,2.914422e-01
0.312500,0.575000,3.035941e-01
0.325000,0.575000,3.157467e-01
0.337500,0.575000,3.278999e-01
0.350000,0.575000,3.400538e-01
0.362500,0.575000,3.522084e-01
0.375000,0.575000,3.643637e-01
0.387500,0.575000,3.765196e-01
0.400000,0.575000,3.886763e-01
0.412500,0.575000,4.008336e-01
0.425000,0.575000,4.129916e-01
0.437500,0.575000,4.251502e-01
0.450000,0.575000,4.373096e-01
0.462500,0.575000,4.494696e-01
0.475000,0.575000,4.616303e-01
0.487500,0.575000,4.737917e-01
0.500000,0.575000,4.859537e-01
0.512500,0.575000,4.981164e-01
0.525000,0.575000,5.102798e-01
0.537500,0.575000,5.224439e-01
0.550000,0.575000,5.346087e-01
0.562500,0.575000,5.467741e-01
0.575000,0.575000,5.589402e-01
0.587500,0.575000,5.711070e-01
0.600000,0.575000,5.832745e-01
0.612500,0.575000,5.954426e-01
0.625000,0.575000,6.076114e-01
0.637500,0.575000,6.197809e-01
0.650000,0.575000,6.319511e-01
0.662500,0.575000,6.441220e-01
0.675000,0.575000,6.562935e-01
0.687500,0.575000,6.684657e-01
0.700000,0.575000,6.806386e-01
0.712500,0.575000,6.928121e-01
0.725000,0.575000,7.049864e-01
0.737500,0.575000,7.171609e-01
0.750000,0.575000,7.293211e-01
0.762500,0.575000,7.414596e-01
0.775000,0.575000,7.535762e-01
0.787500,0.575000,7.656711e-01
0.800000,0.575000,7.777441e-01
0.812500,0.575000,7.897954e-01
0.825000,0.575000,8.018249e-01
0.837500,0.575000,8.138326e-01
0.850000,0.575000,8.258185e-01
0.862500,0.575000,8.377826e-01
0.875000,0.575000,8.497250e-01
0.887500,0.575000,8.616455e-01
0.900000,0.575000,8.729399e-01
0.912500,0.575000,8.809096e-01
0.925000,0.575000,8.852306e-01
0.937500,0.575000,8.845313e-01
0.950000,0.575000,8.681830e-01
0.962500,0.575000,8.222150e-01
0.975000,0.575000,7.155414e-01
0.987500,0.575000,4.846895e-01
1.000000,0.575000,0.000000e+00
0.000000,0.587500,0.000000e+00
0.012500,0.587500,1.201186e-02
0.025000,0.587500,2.402438e-02
0.037500,0.587500,3.603758e-02
0.050000,0.587500,4.805145e-02
0.062500,0.587500,6.006598e-02
0.075000,0.587500,7.208119e-02
0.087500,0.587500,8.409707e-02
0.100000,0.587500,9.611362e-02
0.112500,0.587500,1.081308e-01
0.125000,0.587500,1.201487e-01
0.137500,0.587500,1.321673e-01
0.150000,0.587500,1.441865e-01
0.162500,0.587500,1.562064e-01
0.175000,0.587500,1.682270e-01
0.187500,0.587500,1.802482e-01
0.200000,0.587500,1.922701e-01
0.212500,0.587500,2.042927e-01
0.225000,0.587500,2.163160e-01
0.237500,0.587500,2.283399e-01
0.250000,0.587500,2.403645e-01
0.262500,0.587500,2.523898e-01
0.275000,0.587500,2.644157e-01
0.287500,0.587500,2.764423e-01
0.300000,0.587500,2.884696e-01
0.312500,0.587500,3.004975e-01
0.325000,0.587500,3.125261e-01
0.337500,0.587500,3.245554e-01
0.350000,0.587500,3.365854e-01
0.362500,0.587500,3.486160e-01
0.375000,0.587500,3.606473e-01
0.387500,0.587500,3.726793e-01
0.400000,0.587500,3.847119e-01
0.412500,0.587500,3.967452e-01
0.425000,0.587500,4.087792e-01
0.437500,0.587500,4.208138e-01
0.450000,0.587500,4.328492e-01
0.462500,0.587500,4.448851e-01
0.475000,0.587500,4.569218e-01
0.487500,0.587500,4.689591e-01
0.500000,0.587500,4.809971e-01
0.512500,0.587500,4.930358e-01
0.525000,0.587500,5.050751e-01
0.537500,0.587500,5.171152e-01
0.550000,0.587500,5.291558e-01
0.562500,0.587500,5.411972e-01
0.575000,0.587500,5.532392e-01
0.587500,0.587500,5.652819e-01
0.600000,0.587500,5.773253e-01
0.612500,0.587500,5.893693e-01
0.625000,0.587500,6.014140e-01
0.637500,0.587500,6.134594e-01
0.650000,0.587500,6.255054e-01
0.662500,0.587500,6.375521e-01
0.675000,0.587500,6.495995e-01
0.687500,0.587500,6.616476e-01
0.700000,0.587500,6.736963e-01
0.712500,0.587500,6.857457e-01
0.725000,0.587500,6.977958e-01
0.737500,0.587500,7.098461e-01
0.750000,0.587500,7.218823e-01
0.762500,0.587500,7.338970e-01
0.775000,0.587500,7.458900e-01
0.787500,0.587500,7.578615e-01
0.800000,0.587500,7.698114e-01
0.812500,0.587500,7.817398e-01
0.825000,0.587500,7.936466e-01
0.837500,0.587500,8.055318e-01
0.850000,0.587500,8.173955e-01
0.862500,0.587500,8.292376e-01
0.875000,0.587500,8.410581e-01
0.887500,0.587500,8.528571e-01
0.900000,0.587500,8.640362e-01
0.912500,0.587500,8.719246e-01
0.925000,0.587500,8.762016e-01
0.937500,0.587500,8.755094e-01
0.950000,0.587500,8.593279e-01
0.962500,0.587500,8.138287e-01
0.975000,0.587500,7.082431e-01
0.987500,0.587500,4.797459e-01
1.000000,0.587500,0.000000e+00
0.000000,0.600000,0.000000e+00
0.012500,0.600000,1.186945e-02
0.025000,0.600000,2.373957e-02
0.037500,0.600000,3.561035e-02
0.050000,0.600000,4.748179e-02
0.062500,0.600000,5.935389e-02
0.075000,0.600000,7.122666e-02
0.087500,0.600000,8.310009e-02
0.100000,0.600000,9.497418e-02
0.112500,0.600000,1.068489e-01
0.125000,0.600000,1.187243e-01
0.137500,0.600000,1.306004e-01
0.150000,0.600000,1.424772e-01
0.162500,0.600000,1.543546e-01
0.175000,0.600000,1.662326e-01
0.187500,0.600000,1.781114e-01
0.200000,0.600000,1.899908e-01
0.212500,0.600000,2.018708e-01
0.225000,0.600000,2.137515e-01
0.237500,0.600000,2.256329e-01
0.250000,0.600000,2.375149e-01
0.262500,0.600000,2.493976e-01
0.275000,0.600000,2.612810e-01
0.287500,0.600000,2.731650e-01
0.300000,0.600000,2.850497e-01
0.312500,0.600000,2.969351e-01
0.325000,0.600000,3.088211e-01
0.337500,0.600000,3.207078e-01
0.350000,0.600000,3.325951e-01
0.362500,0.600000,3.444831e-01
0.375000,0.600000,3.563718e-01
0.387500,0.600000,3.682611e-01
0.400000,0.600000,3.801511e-01
0.412500,0.600000,3.920418e-01
0.425000,0.600000,4.039331e-01
0.437500,0.600000,4.158251e-01
0.450000,0.600000,4.277177e-01
0.462500,0.600000,4.396110e-01
0.475000,0.600000,4.515050e-01
0.487500,0.600000,4.633996e-01
0.500000,0.600000,4.752949e-01
0.512500,0.600000,4.871908e-01
0.525000,0.600000,4.990875e-01
0.537500,0.600000,5.109847e-01
0.550000,0.600000,5.228827e-01
0.562500,0.600000,5.347813e-01
0.575000,0.600000,5.466805e-01
0.587500,0.600000,5.585805e-01
0.600000,0.600000,5.704811e-01
0.612500,0.600000,5.823823e-01
0.625000,0.600000,5.942842e-01
0.637500,0.600000,6.061868e-01
0.650000,0.600000,6.180901e-01
0.662500,0.600000,6.299940e-01
0.675000,0.600000,6.418985e-01
0.687500,0.600000,6.538038e-01
0.700000,0.600000,6.657096e-01
0.712500,0.600000,6.776162e-01
0.725000,0.600000,6.895234e-01
0.737500,0.600000,7.014309e-01
0.750000,0.600000,7.133244e-01
0.762500,0.600000,7.251966e-01
0.775000,0.600000,7.370475e-01
0.787500,0.600000,7.488771e-01
0.800000,0.600000,7.606853e-01
0.812500,0.600000,7.724723e-01
0.825000,0.600000,7.842379e-01
0.837500,0.600000,7.959823e-01
0.850000,0.600000,8.077053e-01
0.862500,0.600000,8.194070e-01
0.875000,0.600000,8.310874e-01
0.887500,0.600000,8.427465e-01
0.900000,0.600000,8.537931e-01
0.912500,0.600000,8.615880e-01
0.925000,0.600000,8.658142e-01
0.937500,0.600000,8.651303e-01
0.950000,0.600000,8.491406e-01
0.962500,0.600000,8.041808e-01
0.975000,0.600000,6.998469e-01
0.987500,0.600000,4.740585e-01
1.000000,0.600000,0.000000e+00
0.000000,0.612500,0.000000e+00
0.012500,0.612500,1.170900e-02
0.025000,0.612500,2.341865e-02
0.037500,0.612500,3.512896e-02
0.050000,0.612500,4.683992e-02
0.062500,0.612500,5.855153e-02
0.075000,0.612500,7.026380e-02
0.087500,0.612500,8.197672e-02
0.100000,0.612500,9.369029e-02
0.112500,0.612500,1.054045e-01
0.125000,0.612500,1.171194e-01
0.137500,0.612500,1.288349e-01
0.150000,0.612500,1.405511e-01
0.162500,0.612500,1.522680e-01
0.175000,0.612500,1.639855e-01
0.187500,0.612500,1.757036e-01
0.200000,0.612500,1.874224e-01
0.212500,0.612500,1.991419e-01
0.225000,0.612500,2.108620e-01
0.237500,0.612500,2.225828e-01
0.250000,0.612500,2.343042e-01
0.262500,0.612500,2.460262e-01
0.275000,0.612500,2.577490e-01
0.287500,0.612500,2.694723e-01
0.300000,0.612500,2.811964e-01
0.312500,0.612500,2.929211e-01
0.325000,0.612500,3.046464e-01
0.337500,0.612500,3.163724e-01
0.350000,0.612500,3.280990e-01
0.362500,0.612500,3.398263e-01
0.375000,0.612500,3.515543e-01
0.387500,0.612500,3.632829e-01
0.400000,0.612500,3.750122e-01
0.412500,0.612500,3.867421e-01
0.425000,0.612500,3.984726e-01
0.437500,0.612500,4.102039e-01
0.450000,0.612500,4.219357e-01
0.462500,0.612500,4.336683e-01
0.475000,0.612500,4.454015e-01
0.487500,0.612500,4.571353e-01
0.500000,0.612500,4.688698e-01
0.512500,0.612500,4.806049e-01
0.525000,0.612500,4.923407e-01
0.537500,0.612500,5.040772e-01
0.550000,0.612500,5.158143e-01
0.562500,0.612500,5.275520e-01
0.575000,0.612500,5.392905e-01
0.587500,0.612500,5.510295e-01
0.600000,0.612500,5.627692e-01
0.612500,0.612500,5.745096e-01
0.625000,0.612500,5.862506e-01
0.637500,0.612500,5.979923e-01
0.650000,0.612500,6.097347e-01
0.662500,0.612500,6.214776e-01
0.675000,0.612500,6.332213e-01
0.687500,0.612500,6.449656e-01
0.700000,0.612500,6.567105e-01
0.712500,0.612500,6.684561e-01
0.725000,0.612500,6.802024e-01
0.737500,0.612500,6.919489e-01
0.750000,0.612500,7.036817e-01
0.762500,0.612500,7.153934e-01
0.775000,0.612500,7.270841e-01
0.787500,0.612500,7.387537e-01
0.800000,0.612500,7.504024e-01
0.812500,0.612500,7.620300e-01
0.825000,0.612500,7.736366e-01
0.837500,0.612500,7.852221e-01
0.850000,0.612500,7.967867e-01
0.862500,0.612500,8.083302e-01
0.875000,0.612500,8.198527e-01
0.887500,0.612500,8.313542e-01
0.900000,0.612500,8.422515e-01
0.912500,0.612500,8.499410e-01
0.925000,0.612500,8.541101e-01
0.937500,0.612500,8.534354e-01
0.950000,0.612500,8.376619e-01
0.962500,0.612500,7.933099e-01
0.975000,0.612500,6.903864e-01
0.987500,0.612500,4.676502e-01
1.000000,0.612500,0.000000e+00
0.000000,0.625000,0.000000e+00
0.012500,0.625000,1.153052e-02
0.025000,0.625000,2.306169e-02
0.037500,0.625000,3.459350e-02
0.050000,0.625000,4.612595e-02
0.062500,0.625000,5.765905e-02
0.075000,0.625000,6.919279e-02
0.087500,0.625000,8.072717e-02
0.100000,0.625000,9.226220e-02
0.112500,0.625000,1.037979e-01
0.125000,0.625000,1.153342e-01
0.137500,0.625000,1.268712e-01
0.150000,0.625000,1.384088e-01
0.162500,0.625000,1.499470e-01
0.175000,0.625000,1.614859e-01
0.187500,0.625000,1.730254e-01
0.200000,0.625000,1.845656e-01
0.212500,0.625000,1.961064e-01
0.225000,0.625000,2.076479e-01
0.237500,0.625000,2.191900e-01
0.250000,0.625000,2.307328e-01
0.262500,0.625000,2.422762e-01
0.275000,0.625000,2.538202e-01
0.287500,0.625000,2.653649e-01
0.300000,0.625000,2.769102e-01
0.312500,0.625000,2.884562e-01
0.325000,0.625000,3.000028e-01
0.337500,0.625000,3.115501e-01
0.350000,0.625000,3.230980e-01
0.362500,0.625000,3.346465e-01
0.375000,0.625000,3.461957e-01
0.387500,0.625000,3.577455e-01
0.400000,0.625000,3.692960e-01
0.412500,0.625000,3.808471e-01
0.425000,0.625000,3.923989e-01
0.437500,0.625000,4.039513e-01
0.450000,0.625000,4.155044e-01
0.462500,0.625000,4.270581e-01
0.475000,0.625000,4.386124e-01
0.487500,0.625000,4.501674e-01
0.500000,0.625000,4.617230e-01
0.512500,0.625000,4.732793e-01
0.525000,0.625000,4.848362e-01
0.537500,0.625000,4.963938e-01
0.550000,0.625000,5.079520e-01
0.562500,0.625000,5.195108e-01
0.575000,0.625000,5.310703e-01
0.587500,0.625000,5.426305e-01
0.600000,0.625000,5.541912e-01
0.612500,0.625000,5.657527e-01
0.625000,0.625000,5.773147e-01
0.637500,0.625000,5.888775e-01
0.650000,0.625000,6.004408e-01
0.662500,0.625000,6.120048e-01
0.675000,0.625000,6.235694e-01
0.687500,0.625000,6.351347e-01
0.700000,0.625000,6.467007e-01
0.712500,0.625000,6.582672e-01
0.725000,0.625000,6.698345e-01
0.737500,0.625000,6.814020e-01
0.750000,0.625000,6.929559e-01
0.762500,0.625000,7.044891e-01
0.775000,0.625000,7.160016e-01
0.787500,0.625000,7.274933e-01
0.800000,0.625000,7.389644e-01
0.812500,0.625000,7.504148e-01
0.825000,0.625000,7.618445e-01
0.837500,0.625000,7.732535e-01
0.850000,0.625000,7.846418e-01
0.862500,0.625000,7.960093e-01
0.875000,0.625000,8.073562e-01
0.887500,0.625000,8.186824e-01
0.900000,0.625000,8.294136e-01
0.912500,0.625000,8.369859e-01
0.925000,0.625000,8.410915e-01
0.937500,0.625000,8.404270e-01
0.950000,0.625000,8.248940e-01
0.962500,0.625000,7.812179e-01
0.975000,0.625000,6.798632e-01
0.987500,0.625000,4.605221e-01
1.000000,0.625000,0.000000e+00
0.000000,0.637500,0.000000e+00
0.012500,0.637500,1.133402e-02
0.025000,0.637500,2.266868e-02
0.037500,0.637500,3.400397e-02
0.050000,0.637500,4.533989e-02
0.062500,0.637500,5.667645e-02
0.075000,0.637500,6.801363e-02
0.087500,0.637500,7.935145e-02
0.100000,0.637500,9.068991e-02
0.112500,0.637500,1.020290e-01
0.125000,0.637500,1.133687e-01
0.137500,0.637500,1.247091e-01
0.150000,0.637500,1.360501e-01
0.162500,0.637500,1.473917e-01
0.175000,0.637500,1.587339e-01
0.187500,0.637500,1.700768e-01
0.200000,0.637500,1.814203e-01
0.212500,0.637500,1.927645e-01
0.225000,0.637500,2.041093e-01
0.237500,0.637500,2.154547e-01
0.250000,0.637500,2.268007e-01
0.262500,0.637500,2.381474e-01
0.275000,0.637500,2.494947e-01
0.287500,0.637500,2.608427e-01
0.300000,0.637500,2.721913e-01
0.312500,0.637500,2.835405e-01
0.325000,0.637500,2.948903e-01
0.337500,0.637500,3.062408e-01
0.350000,0.637500,3.175919e-01
0.362500,0.637500,3.289437e-01
0.375000,0.637500,3.402960e-01
0.387500,0.637500,3.516490e-01
0.400000,0.637500,3.630027e-01
0.412500,0.637500,3.743570e-01
0.425000,0.637500,3.857119e-01
0.437500,0.637500,3.970674e-01
0.450000,0.637500,4.084236e-01
0.462500,0.637500,4.197804e-01
0.475000,0.637500,4.311379e-01
0.487500,0.637500,4.424959e-01
0.500000,0.637500,4.538546e-01
0.512500,0.637500,4.652140e-01
0.525000,0.637500,4.765740e-01
0.537500,0.637500,4.879346e-01
0.550000,0.637500,4.992958e-01
0.562500,0.637500,5.106577e-01
0.575000,0.637500,5.220202e-01
0.587500,0.637500,5.333833e-01
0.600000,0.637500,5.447471e-01
0.612500,0.637500,5.561115e-01
0.625000,0.637500,5.674765e-01
0.637500,0.637500,5.788422e-01
0.650000,0.637500,5.902085e-01
0.662500,0.637500,6.015754e-01
0.675000,0.637500,6.129430e-01
0.687500,0.637500,6.243112e-01
0.700000,0.637500,6.356801e-01
0.712500,0.637500,6.470495e-01
0.725000,0.637500,6.584196e-01
0.737500,0.637500,6.697900e-01
0.750000,0.637500,6.811470e-01
0.762500,0.637500,6.924837e-01
0.775000,0.637500,7.038000e-01
0.787500,0.637500,7.150959e-01
0.800000,0.637500,7.263716e-01
0.812500,0.637500,7.376268e-01
0.825000,0.637500,7.488617e-01
0.837500,0.637500,7.600763e-01
0.850000,0.637500,7.712705e-01
0.862500,0.637500,7.824443e-01
0.875000,0.637500,7.935979e-01
0.887500,0.637500,8.047310e-01
0.900000,0.637500,8.152794e-01
0.912500,0.637500,8.227226e-01
0.925000,0.637500,8.267582e-01
0.937500,0.637500,8.261051e-01
0.950000,0.637500,8.108367e-01
0.962500,0.637500,7.679050e-01
0.975000,0.637500,6.682775e-01
0.987500,0.637500,4.526742e-01
1.000000,0.637500,0.000000e+00
0.000000,0.650000,0.000000e+00
0.012500,0.650000,1.111993e-02
0.025000,0.650000,2.224047e-02
0.037500,0.650000,3.336164e-02
0.050000,0.650000,4.448343e-02
0.062500,0.650000,5.560584e-02
0.075000,0.650000,6.672887e-02
0.087500,0.650000,7.785252e-02
0.100000,0.650000,8.897680e-02
0.112500,0.650000,1.001017e-01
0.125000,0.650000,1.112272e-01
0.137500,0.650000,1.223533e-01
0.150000,0.650000,1.334801e-01
0.162500,0.650000,1.446075e-01
0.175000,0.650000,1.557355e-01
0.187500,0.650000,1.668641e-01
0.200000,0.650000,1.779933e-01
0.212500,0.650000,1.891232e-01
0.225000,0.650000,2.002537e-01
0.237500,0.650000,2.113848e-01
0.250000,0.650000,2.225165e-01
0.262500,0.650000,2.336489e-01
0.275000,0.650000,2.447818e-01
0.287500,0.650000,2.559154e-01
0.300000,0.650000,2.670496e-01
0.312500,0.650000,2.781845e-01
0.325000,0.650000,2.893199e-01
0.337500,0.650000,3.004560e-01
0.350000,0.650000,3.115927e-01
0.362500,0.650000,3.227300e-01
0.375000,0.650000,3.338680e-01
0.387500,0.650000,3.450065e-01
0.400000,0.650000,3.561457e-01
0.412500,0.650000,3.672855e-01
0.425000,0.650000,3.784259e-01
0.437500,0.650000,3.895670e-01
0.450000,0.650000,4.007086e-01
0.462500,0.650000,4.118509e-01
0.475000,0.650000,4.229938e-01
0.487500,0.650000,4.341374e-01
0.500000,0.650000,4.452815e-01
0.512500,0.650000,4.564263e-01
0.525000,0.650000,4.675717e-01
0.537500,0.650000,4.787177e-01
0.550000,0.650000,4.898643e-01
0.562500,0.650000,5.010116e-01
0.575000,0.650000,5.121595e-01
0.587500,0.650000,5.233080e-01
0.600000,0.650000,5.344571e-01
0.612500,0.650000,5.456068e-01
0.625000,0.650000,5.567572e-01
0.637500,0.650000,5.679082e-01
0.650000,0.650000,5.790598e-01
0.662500,0.650000,5.902120e-01
0.675000,0.650000,6.013648e-01
0.687500,0.650000,6.125183e-01
0.700000,0.650000,6.236724e-01
0.712500,0.650000,6.348271e-01
0.725000,0.650000,6.459824e-01
0.737500,0.650000,6.571380e-01
0.750000,0.650000,6.682805e-01
0.762500,0.650000,6.794030e-01
0.775000,0.650000,6.905056e-01
0.787500,0.650000,7.015882e-01
0.800000,0.650000,7.126508e-01
0.812500,0.650000,7.236935e-01
0.825000,0.650000,7.347162e-01
0.837500,0.650000,7.457189e-01
0.850000,0.650000,7.567016e-01
0.862500,0.650000,7.676644e-01
0.875000,0.650000,7.786073e-01
0.887500,0.650000,7.895301e-01
0.900000,0.650000,7.998792e-01
0.912500,0.650000,8.071819e-01
0.925000,0.650000,8.111412e-01
0.937500,0.650000,8.105005e-01
0.950000,0.650000,7.955205e-01
0.962500,0.650000,7.533997e-01
0.975000,0.650000,6.556541e-01
0.987500,0.650000,4.441234e-01
1.000000,0.650000,0.000000e+00
0.000000,0.662500,0.000000e+00
0.012500,0.662500,1.088908e-02
0.025000,0.662500,2.177877e-02
0.037500,0.662500,3.266907e-02
0.050000,0.662500,4.355998e-02
0.062500,0.662500,5.445149e-02
0.075000,0.662500,6.534361e-02
0.087500,0.662500,7.623634e-02
0.100000,0.662500,8.712968e-02
0.112500,0.662500,9.802363e-02
0.125000,0.662500,1.089182e-01
0.137500,0.662500,1.198134e-01
0.150000,0.662500,1.307091e-01
0.162500,0.662500,1.416055e-01
0.175000,0.662500,1.525025e-01
0.187500,0.662500,1.634001e-01
0.200000,0.662500,1.742983e-01
0.212500,0.662500,1.851971e-01
0.225000,0.662500,1.960965e-01
0.237500,0.662500,2.069966e-01
0.250000,0.662500,2.178972e-01
0.262500,0.662500,2.287985e-01
0.275000,0.662500,2.397003e-01
0.287500,0.662500,2.506028e-01
0.300000,0.662500,2.615059e-01
0.312500,0.662500,2.724095e-01
0.325000,0.662500,2.833138e-01
0.337500,0.662500,2.942187e-01
0.350000,0.662500,3.051242e-01
0.362500,0.662500,3.160303e-01
0.375000,0.662500,3.269371e-01
0.387500,0.662500,3.378444e-01
0.400000,0.662500,3.487523e-01
0.412500,0.662500,3.596609e-01
0.425000,0.662500,3.705700e-01
0.437500,0.662500,3.814798e-01
0.450000,0.662500,3.923902e-01
0.462500,0.662500,4.033012e-01
0.475000,0.662500,4.142127e-01
0.487500,0.662500,4.251249e-01
0.500000,0.662500,4.360378e-01
0.512500,0.662500,4.469512e-01
0.525000,0.662500,4.578652e-01
0.537500,0.662500,4.687798e-01
0.550000,0.662500,4.796951e-01
0.562500,0.662500,4.906109e-01
0.575000,0.662500,5.015274e-01
0.587500,0.662500,5.124444e-01
0.600000,0.662500,5.233621e-01
0.612500,0.662500,5.342804e-01
0.625000,0.662500,5.451993e-01
0.637500,0.662500,5.561188e-01
0.650000,0.662500,5.670389e-01
0.662500,0.662500,5.779596e-01
0.675000,0.662500,5.888809e-01
0.687500,0.662500,5.998028e-01
0.700000,0.662500,6.107254e-01
0.712500,0.662500,6.216485e-01
0.725000,0.662500,6.325723e-01
0.737500,0.662500,6.434963e-01
0.750000,0.662500,6.544075e-01
0.762500,0.662500,6.652991e-01
0.775000,0.662500,6.761712e-01
0.787500,0.662500,6.870237e-01
0.800000,0.662500,6.978567e-01
0.812500,0.662500,7.086701e-01
0.825000,0.662500,7.194640e-01
0.837500,0.662500,7.302383e-01
0.850000,0.662500,7.409931e-01
0.862500,0.662500,7.517283e-01
0.875000,0.662500,7.624439e-01
0.887500,0.662500,7.731400e-01
0.900000,0.662500,7.832743e-01
0.912500,0.662500,7.904254e-01
0.925000,0.662500,7.943025e-01
0.937500,0.662500,7.936751e-01
0.950000,0.662500,7.790061e-01
0.962500,0.662500,7.377597e-01
0.975000,0.662500,6.420432e-01
0.987500,0.662500,4.349037e-01
1.000000,0.662500,0.000000e+00
0.000000,0.675000,0.000000e+00
0.012500,0.675000,1.064151e-02
0.025000,0.675000,2.128362e-02
0.037500,0.675000,3.192633e-02
0.050000,0.675000,4.256963e-02
0.062500,0.675000,5.321352e-02
0.075000,0.675000,6.385801e-02
0.087500,0.675000,7.450309e-02
0.100000,0.675000,8.514876e-02
0.112500,0.675000,9.579503e-02
0.125000,0.675000,1.064419e-01
0.137500,0.675000,1.170894e-01
0.150000,0.675000,1.277374e-01
0.162500,0.675000,1.383861e-01
0.175000,0.675000,1.490353e-01
0.187500,0.675000,1.596851e-01
0.200000,0.675000,1.703356e-01
0.212500,0.675000,1.809866e-01
0.225000,0.675000,1.916382e-01
0.237500,0.675000,2.022904e-01
0.250000,0.675000,2.129433e-01
0.262500,0.675000,2.235967e-01
0.275000,0.675000,2.342507e-01
0.287500,0.675000,2.449052e-01
0.300000,0.675000,2.555604e-01
0.312500,0.675000,2.662162e-01
0.325000,0.675000,2.768726e-01
0.337500,0.675000,2.875296e-01
0.350000,0.675000,2.981871e-01
0.362500,0.675000,3.088453e-01
0.375000,0.675000,3.195041e-01
0.387500,0.675000,3.301634e-01
0.400000,0.675000,3.408233e-01
0.412500,0.675000,3.514839e-01
0.425000,0.675000,3.621450e-01
0.437500,0.675000,3.728068e-01
0.450000,0.675000,3.834691e-01
0.462500,0.675000,3.941320e-01
0.475000,0.675000,4.047955e-01
0.487500,0.675000,4.154596e-01
0.500000,0.675000,4.261243e-01
0.512500,0.675000,4.367896e-01
0.525000,0.675000,4.474555e-01
0.537500,0.675000,4.581220e-01
0.550000,0.675000,4.687891e-01
0.562500,0.675000,4.794567e-01
0.575000,0.675000,4.901250e-01
0.587500,0.675000,5.007939e-01
0.600000,0.675000,5.114633e-01
0.612500,0.675000,5.221334e-01
0.625000,0.675000,5.328040e-01
0.637500,0.675000,5.434753e-01
0.650000,0.675000,5.541471e-01
0.662500,0.675000,5.648195e-01
0.675000,0.675000,5.754925e-01
0.687500,0.675000,5.861662e-01
0.700000,0.675000,5.968404e-01
0.712500,0.675000,6.075152e-01
0.725000,0.675000,6.181906e-01
0.737500,0.675000,6.288663e-01
0.750000,0.675000,6.395294e-01
0.762500,0.675000,6.501734e-01
0.775000,0.675000,6.607983e-01
0.787500,0.675000,6.714041e-01
0.800000,0.675000,6.819907e-01
0.812500,0.675000,6.925583e-01
0.825000,0.675000,7.031068e-01
0.837500,0.675000,7.136361e-01
0.850000,0.675000,7.241464e-01
0.862500,0.675000,7.346375e-01
0.875000,0.675000,7.451096e-01
0.887500,0.675000,7.555625e-01
0.900000,0.675000,7.654664e-01
0.912500,0.675000,7.724548e-01
0.925000,0.675000,7.762439e-01
0.937500,0.675000,7.756307e-01
0.950000,0.675000,7.612952e-01
0.962500,0.675000,7.209865e-01
0.975000,0.675000,6.274462e-01
0.987500,0.675000,4.250161e-01
1.000000,0.675000,0.000000e+00
0.000000,0.687500,0.000000e+00
0.012500,0.687500,1.037723e-02
0.025000,0.687500,2.075503e-02
0.037500,0.687500,3.113342e-02
0.050000,0.687500,4.151238e-02
0.062500,0.687500,5.189192e-02
0.075000,0.687500,6.227205e-02
0.087500,0.687500,7.265275e-02
0.100000,0.687500,8.303403e-02
0.112500,0.687500,9.341590e-02
0.125000,0.687500,1.037983e-01
0.137500,0.687500,1.141814e-01
0.150000,0.687500,1.245650e-01
0.162500,0.687500,1.349491e-01
0.175000,0.687500,1.453339e-01
0.187500,0.687500,1.557193e-01
0.200000,0.687500,1.661052e-01
0.212500,0.687500,1.764917e-01
0.225000,0.687500,1.868788e-01
0.237500,0.687500,1.972664e-01
0.250000,0.687500,2.076547e-01
0.262500,0.687500,2.180435e-01
0.275000,0.687500,2.284329e-01
0.287500,0.687500,2.388229e-01
0.300000,0.687500,2.492134e-01
0.312500,0.687500,2.596045e-01
0.325000,0.687500,2.699963e-01
0.337500,0.687500,2.803886e-01
0.350000,0.687500,2.907814e-01
0.362500,0.687500,3.011749e-01
0.375000,0.687500,3.115689e-01
0.387500,0.687500,3.219636e-01
0.400000,0.687500,3.323587e-01
0.412500,0.687500,3.427545e-01
0.425000,0.687500,3.531509e-01
0.437500,0.687500,3.635478e-01
0.450000,0.687500,3.739453e-01
0.462500,0.687500,3.843434e-01
0.475000,0.687500,3.947421e-01
0.487500,0.687500,4.051414e-01
0.500000,0.687500,4.155412e-01
0.512500,0.687500,4.259416e-01
0.525000,0.687500,4.363426e-01
0.537500,0.687500,4.467442e-01
0.550000,0.687500,4.571463e-01
0.562500,0.687500,4.675491e-01
0.575000,0.687500,4.779524e-01
0.587500,0.687500,4.883563e-01
0.600000,0.687500,4.987607e-01
0.612500,0.687500,5.091658e-01
0.625000,0.687500,5.195714e-01
0.637500,0.687500,5.299776e-01
0.650000,0.687500,5.403844e-01
0.662500,0.687500,5.507918e-01
0.675000,0.687500,5.611997e-01
0.687500,0.687500,5.716083e-01
0.700000,0.687500,5.820174e-01
0.712500,0.687500,5.924271e-01
0.725000,0.687500,6.028373e-01
0.737500,0.687500,6.132479e-01
0.750000,0.687500,6.236461e-01
0.762500,0.687500,6.340258e-01
0.775000,0.687500,6.443868e-01
0.787500,0.687500,6.547292e-01
0.800000,0.687500,6.650530e-01
0.812500,0.687500,6.753581e-01
0.825000,0.687500,6.856446e-01
0.837500,0.687500,6.959124e-01
0.850000,0.687500,7.061616e-01
0.862500,0.687500,7.163922e-01
0.875000,0.687500,7.266042e-01
0.887500,0.687500,7.367975e-01
0.900000,0.687500,7.464554e-01
0.912500,0.687500,7.532703e-01
0.925000,0.687500,7.569652e-01
0.937500,0.687500,7.563673e-01
0.950000,0.687500,7.423878e-01
0.962500,0.687500,7.030803e-01
0.975000,0.687500,6.118631e-01
0.987500,0.687500,4.144605e-01
1.000000,0.687500,0.000000e+00
0.000000,0.700000,0.000000e+00
0.012500,0.700000,1.009663e-02
0.025000,0.700000,2.019382e-02
0.037500,0.700000,3.029158e-02
0.050000,0.700000,4.038990e-02
0.062500,0.700000,5.048879e-02
0.075000,0.700000,6.058824e-02
0.087500,0.700000,7.068825e-02
0.100000,0.700000,8.078883e-02
0.112500,0.700000,9.088997e-02
0.125000,0.700000,1.009917e-01
0.137500,0.700000,1.110940e-01
0.150000,0.700000,1.211968e-01
0.162500,0.700000,1.313002e-01
0.175000,0.700000,1.414041e-01
0.187500,0.700000,1.515087e-01
0.200000,0.700000,1.616138e-01
0.212500,0.700000,1.717194e-01
0.225000,0.700000,1.818256e-01
0.237500,0.700000,1.919324e-01
0.250000,0.700000,2.020398e-01
0.262500,0.700000,2.121477e-01
0.275000,0.700000,2.222561e-01
0.287500,0.700000,2.323652e-01
0.300000,0.700000,2.424748e-01
0.312500,0.700000,2.525849e-01
0.325000,0.700000,2.626957e-01
0.337500,0.700000,2.728070e-01
0.350000,0.700000,2.829188e-01
0.362500,0.700000,2.930312e-01
0.375000,0.700000,3.031442e-01
0.387500,0.700000,3.132578e-01
0.400000,0.700000,3.233719e-01
0.412500,0.700000,3.334866e-01
0.425000,0.700000,3.436018e-01
0.437500,0.700000,3.537176e-01
0.450000,0.700000,3.638340e-01
0.462500,0.700000,3.739509e-01
0.475000,0.700000,3.840684e-01
0.487500,0.700000,3.941865e-01
0.500000,0.700000,4.043051e-01
0.512500,0.700000,4.144243e-01
0.525000,0.700000,4.245440e-01
0.537500,0.700000,4.346644e-01
0.550000,0.700000,4.447852e-01
0.562500,0.700000,4.549067e-01
0.575000,0.700000,4.650287e-01
0.587500,0.700000,4.751513e-01
0.600000,0.700000,4.852744e-01
0.612500,0.700000,4.953981e-01
0.625000,0.700000,5.055224e-01
0.637500,0.700000,5.156472e-01
0.650000,0.700000,5.257726e-01
0.662500,0.700000,5.358985e-01
0.675000,0.700000,5.460251e-01
0.687500,0.700000,5.561522e-01
0.700000,0.700000,5.662798e-01
0.712500,0.700000,5.764080e-01
0.725000,0.700000,5.865368e-01
0.737500,0.700000,5.966658e-01
0.750000,0.700000,6.067829e-01
0.762500,0.700000,6.168819e-01
0.775000,0.700000,6.269628e-01
0.787500,0.700000,6.370255e-01
0.800000,0.700000,6.470701e-01
0.812500,0.700000,6.570966e-01
0.825000,0.700000,6.671049e-01
0.837500,0.700000,6.770951e-01
0.850000,0.700000,6.870672e-01
0.862500,0.700000,6.970212e-01
0.875000,0.700000,7.069570e-01
0.887500,0.700000,7.168747e-01
0.900000,0.700000,7.262715e-01
0.912500,0.700000,7.329021e-01
0.925000,0.700000,7.364971e-01
0.937500,0.700000,7.359153e-01
0.950000,0.700000,7.223138e-01
0.962500,0.700000,6.840692e-01
0.975000,0.700000,5.953185e-01
0.987500,0.700000,4.032537e-01
1.000000,0.700000,0.000000e+00
0.000000,0.712500,0.000000e+00
0.012500,0.712500,9.801013e-03
0.025000,0.712500,1.960257e-02
0.037500,0.712500,2.940468e-02
0.050000,0.712500,3.920734e-02
0.062500,0.712500,4.901054e-02
0.075000,0.712500,5.881429e-02
0.087500,0.712500,6.861859e-02
0.100000,0.712500,7.842343e-02
0.112500,0.712500,8.822882e-02
0.125000,0.712500,9.803476e-02
0.137500,0.712500,1.078413e-01
0.150000,0.712500,1.176483e-01
0.162500,0.712500,1.274559e-01
0.175000,0.712500,1.372640e-01
0.187500,0.712500,1.470727e-01
0.200000,0.712500,1.568819e-01
0.212500,0.712500,1.666917e-01
0.225000,0.712500,1.765020e-01
0.237500,0.712500,1.863129e-01
0.250000,0.712500,1.961243e-01
0.262500,0.712500,2.059362e-01
0.275000,0.712500,2.157488e-01
0.287500,0.712500,2.255618e-01
0.300000,0.712500,2.353754e-01
0.312500,0.712500,2.451896e-01
0.325000,0.712500,2.550043e-01
0.337500,0.712500,2.648195e-01
0.350000,0.712500,2.746353e-01
0.362500,0.712500,2.844517e-01
0.375000,0.712500,2.942685e-01
0.387500,0.712500,3.040860e-01
0.400000,0.712500,3.139040e-01
0.412500,0.712500,3.237225e-01
0.425000,0.712500,3.335416e-01
0.437500,0.712500,3.433612e-01
0.450000,0.712500,3.531814e-01
0.462500,0.712500,3.630021e-01
0.475000,0.712500,3.728234e-01
0.487500,0.712500,3.826452e-01
0.500000,0.712500,3.924676e-01
0.512500,0.712500,4.022905e-01
0.525000,0.712500,4.121139e-01
0.537500,0.712500,4.219379e-01
0.550000,0.712500,4.317625e-01
0.562500,0.712500,4.415876e-01
0.575000,0.712500,4.514133e-01
0.587500,0.712500,4.612395e-01
0.600000,0.712500,4.710662e-01
0.612500,0.712500,4.808935e-01
0.625000,0.712500,4.907213e-01
0.637500,0.712500,5.005497e-01
0.650000,0.712500,5.103787e-01
0.662500,0.712500,5.202081e-01
0.675000,0.712500,5.300382e-01
0.687500,0.712500,5.398688e-01
0.700000,0.712500,5.496999e-01
0.712500,0.712500,5.595316e-01
0.725000,0.712500,5.693638e-01
0.737500,0.712500,5.791962e-01
0.750000,0.712500,5.890171e-01
0.762500,0.712500,5.988204e-01
0.775000,0.712500,6.086062e-01
0.787500,0.712500,6.183743e-01
0.800000,0.712500,6.281248e-01
0.812500,0.712500,6.378577e-01
0.825000,0.712500,6.475730e-01
0.837500,0.712500,6.572707e-01
0.850000,0.712500,6.669508e-01
0.862500,0.712500,6.766133e-01
0.875000,0.712500,6.862583e-01
0.887500,0.712500,6.958856e-01
0.900000,0.712500,7.050072e-01
0.912500,0.712500,7.114437e-01
0.925000,0.712500,7.149334e-01
0.937500,0.712500,7.143686e-01
0.950000,0.712500,7.011654e-01
0.962500,0.712500,6.640405e-01
0.975000,0.712500,5.778883e-01
0.987500,0.712500,3.914469e-01
1.000000,0.712500,0.000000e+00
0.000000,0.725000,0.000000e+00
0.012500,0.725000,9.490463e-03
0.025000,0.725000,1.898146e-02
0.037500,0.725000,2.847298e-02
0.050000,0.725000,3.796503e-02
0.062500,0.725000,4.745762e-02
0.075000,0.725000,5.695073e-02
0.087500,0.725000,6.644438e-02
0.100000,0.725000,7.593856e-02
0.112500,0.725000,8.543326e-02
0.125000,0.725000,9.492850e-02
0.137500,0.725000,1.044243e-01
0.150000,0.725000,1.139206e-01
0.162500,0.725000,1.234174e-01
0.175000,0.725000,1.329147e-01
0.187500,0.725000,1.424126e-01
0.200000,0.725000,1.519111e-01
0.212500,0.725000,1.614100e-01
0.225000,0.725000,1.709095e-01
0.237500,0.725000,1.804095e-01
0.250000,0.725000,1.899100e-01
0.262500,0.725000,1.994111e-01
0.275000,0.725000,2.089127e-01
0.287500,0.725000,2.184148e-01
0.300000,0.725000,2.279175e-01
0.312500,0.725000,2.374207e-01
0.325000,0.725000,2.469244e-01
0.337500,0.725000,2.564287e-01
0.350000,0.725000,2.659334e-01
0.362500,0.725000,2.754388e-01
0.375000,0.725000,2.849446e-01
0.387500,0.725000,2.944510e-01
0.400000,0.725000,3.039579e-01
0.412500,0.725000,3.134653e-01
0.425000,0.725000,3.229733e-01
0.437500,0.725000,3.324818e-01
0.450000,0.725000,3.419908e-01
0.462500,0.725000,3.515004e-01
0.475000,0.725000,3.610105e-01
0.487500,0.725000,3.705211e-01
0.500000,0.725000,3.800322e-01
0.512500,0.725000,3.895439e-01
0.525000,0.725000,3.990561e-01
0.537500,0.725000,4.085688e-01
0.550000,0.725000,4.180821e-01
0.562500,0.725000,4.275959e-01
0.575000,0.725000,4.371102e-01
0.587500,0.725000,4.466251e-01
0.600000,0.725000,4.561405e-01
0.612500,0.725000,4.656564e-01
0.625000,0.725000,4.751729e-01
0.637500,0.725000,4.846898e-01
0.650000,0.725000,4.942074e-01
0.662500,0.725000,5.037254e-01
0.675000,0.725000,5.132440e-01
0.687500,0.725000,5.227631e-01
0.700000,0.725000,5.322827e-01
0.712500,0.725000,5.418029e-01
0.725000,0.725000,5.513236e-01
0.737500,0.725000,5.608445e-01
0.750000,0.725000,5.703542e-01
0.762500,0.725000,5.798469e-01
0.775000,0.725000,5.893226e-01
0.787500,0.725000,5.987812e-01
0.800000,0.725000,6.082227e-01
0.812500,0.725000,6.176473e-01
0.825000,0.725000,6.270547e-01
0.837500,0.725000,6.364452e-01
0.850000,0.725000,6.458186e-01
0.862500,0.725000,6.551749e-01
0.875000,0.725000,6.645142e-01
0.887500,0.725000,6.738365e-01
0.900000,0.725000,6.826691e-01
0.912500,0.725000,6.889017e-01
0.925000,0.725000,6.922808e-01
0.937500,0.725000,6.917339e-01
0.950000,0.725000,6.789490e-01
0.962500,0.725000,6.430004e-01
0.975000,0.725000,5.595779e-01
0.987500,0.725000,3.790439e-01
1.000000,0.725000,0.000000e+00
0.000000,0.737500,0.000000e+00
0.012500,0.737500,9.164982e-03
0.025000,0.737500,1.833048e-02
0.037500,0.737500,2.749648e-02
0.050000,0.737500,3.666300e-02
0.062500,0.737500,4.583003e-02
0.075000,0.737500,5.499758e-02
0.087500,0.737500,6.416564e-02
0.100000,0.737500,7.333421e-02
0.112500,0.737500,8.250329e-02
0.125000,0.737500,9.167288e-02
0.137500,0.737500,1.008430e-01
0.150000,0.737500,1.100136e-01
0.162500,0.737500,1.191847e-01
0.175000,0.737500,1.283564e-01
0.187500,0.737500,1.375285e-01
0.200000,0.737500,1.467012e-01
0.212500,0.737500,1.558744e-01
0.225000,0.737500,1.650481e-01
0.237500,0.737500,1.742223e-01
0.250000,0.737500,1.833970e-01
0.262500,0.737500,1.925723e-01
0.275000,0.737500,2.017480e-01
0.287500,0.737500,2.109243e-01
0.300000,0.737500,2.201010e-01
0.312500,0.737500,2.292783e-01
0.325000,0.737500,2.384561e-01
0.337500,0.737500,2.476344e-01
0.350000,0.737500,2.568132e-01
0.362500,0.737500,2.659926e-01
0.375000,0.737500,2.751724e-01
0.387500,0.737500,2.843528e-01
0.400000,0.737500,2.935336e-01
0.412500,0.737500,3.027150e-01
0.425000,0.737500,3.118969e-01
0.437500,0.737500,3.210793e-01
0.450000,0.737500,3.302622e-01
0.462500,0.737500,3.394457e-01
0.475000,0.737500,3.486296e-01
0.487500,0.737500,3.578141e-01
0.500000,0.737500,3.669990e-01
0.512500,0.737500,3.761845e-01
0.525000,0.737500,3.853705e-01
0.537500,0.737500,3.945570e-01
0.550000,0.737500,4.037441e-01
0.562500,0.737500,4.129316e-01
0.575000,0.737500,4.221196e-01
0.587500,0.737500,4.313082e-01
0.600000,0.737500,4.404973e-01
0.612500,0.737500,4.496868e-01
0.625000,0.737500,4.588769e-01
0.637500,0.737500,4.680676e-01
0.650000,0.737500,4.772587e-01
0.662500,0.737500,4.864503e-01
0.675000,0.737500,4.956425e-01
0.687500,0.737500,5.048351e-01
0.700000,0.737500,5.140283e-01
0.712500,0.737500,5.232220e-01
0.725000,0.737500,5.324162e-01
0.737500,0.737500,5.416106e-01
0.750000,0.737500,5.507942e-01
0.762500,0.737500,5.599613e-01
0.775000,0.737500,5.691120e-01
0.787500,0.737500,5.782463e-01
0.800000,0.737500,5.873640e-01
0.812500,0.737500,5.964653e-01
0.825000,0.737500,6.055502e-01
0.837500,0.737500,6.146186e-01
0.850000,0.737500,6.236705e-01
0.862500,0.737500,6.327060e-01
0.875000,0.737500,6.417250e-01
0.887500,0.737500,6.507276e-01
0.900000,0.737500,6.592572e-01
0.912500,0.737500,6.652760e-01
0.925000,0.737500,6.685393e-01
0.937500,0.737500,6.680111e-01
0.950000,0.737500,6.556647e-01
0.962500,0.737500,6.209489e-01
0.975000,0.737500,5.403873e-01
0.987500,0.737500,3.660446e-01
1.000000,0.737500,0.000000e+00
0.000000,0.750000,0.000000e+00
0.012500,0.750000,8.824644e-03
0.025000,0.750000,1.764978e-02
0.037500,0.750000,2.647541e-02
0.050000,0.750000,3.530154e-02
0.062500,0.750000,4.412816e-02
0.075000,0.750000,5.295527e-02
0.087500,0.750000,6.178288e-02
0.100000,0.750000,7.061098e-02
0.112500,0.750000,7.943958e-02
0.125000,0.750000,8.826867e-02
0.137500,0.750000,9.709825e-02
0.150000,0.750000,1.059283e-01
0.162500,0.750000,1.147589e-01
0.175000,0.750000,1.235900e-01
0.187500,0.750000,1.324215e-01
0.200000,0.750000,1.412536e-01
0.212500,0.750000,1.500861e-01
0.225000,0.750000,1.589192e-01
0.237500,0.750000,1.677527e-01
0.250000,0.750000,1.765867e-01
0.262500,0.750000,1.854213e-01
0.275000,0.750000,1.942563e-01
0.287500,0.750000,2.030918e-01
0.300000,0.750000,2.119278e-01
0.312500,0.750000,2.207643e-01
0.325000,0.750000,2.296013e-01
0.337500,0.750000,2.384388e-01
0.350000,0.750000,2.472768e-01
0.362500,0.750000,2.561152e-01
0.375000,0.750000,2.649542e-01
0.387500,0.750000,2.737937e-01
0.400000,0.750000,2.826336e-01
0.412500,0.750000,2.914741e-01
0.425000,0.750000,3.003150e-01
0.437500,0.750000,3.091565e-01
0.450000,0.750000,3.179984e-01
0.462500,0.750000,3.268408e-01
0.475000,0.750000,3.356837e-01
0.487500,0.750000,3.445272e-01
0.500000,0.750000,3.533711e-01
0.512500,0.750000,3.622155e-01
0.525000,0.750000,3.710604e-01
0.537500,0.750000,3.799058e-01
0.550000,0.750000,3.887516e-01
0.562500,0.750000,3.975980e-01
0.575000,0.750000,4.064449e-01
0.587500,0.750000,4.152923e-01
0.600000,0.750000,4.241401e-01
0.612500,0.750000,4.329885e-01
0.625000,0.750000,4.418373e-01
0.637500,0.750000,4.506867e-01
0.650000,0.750000,4.595365e-01
0.662500,0.750000,4.683868e-01
0.675000,0.750000,4.772377e-01
0.687500,0.750000,4.860890e-01
0.700000,0.750000,4.949408e-01
0.712500,0.750000,5.037931e-01
0.725000,0.750000,5.126459e-01
0.737500,0.750000,5.214989e-01
0.750000,0.750000,5.303415e-01
0.762500,0.750000,5.391683e-01
0.775000,0.750000,5.479792e-01
0.787500,0.750000,5.567742e-01
0.800000,0.750000,5.655534e-01
0.812500,0.750000,5.743168e-01
0.825000,0.750000,5.830643e-01
0.837500,0.750000,5.917959e-01
0.850000,0.750000,6.005117e-01
0.862500,0.750000,6.092116e-01
0.875000,0.750000,6.178957e-01
0.887500,0.750000,6.265640e-01
0.900000,0.750000,6.347769e-01
0.912500,0.750000,6.405722e-01
0.925000,0.750000,6.437142e-01
0.937500,0.750000,6.432057e-01
0.950000,0.750000,6.313177e-01
0.962500,0.750000,5.978909e-01
0.975000,0.750000,5.203209e-01
0.987500,0.750000,3.524521e-01
1.000000,0.750000,0.000000e+00
0.000000,0.762500,0.000000e+00
0.012500,0.762500,8.471200e-03
0.025000,0.762500,1.694288e-02
0.037500,0.762500,2.541502e-02
0.050000,0.762500,3.388765e-02
0.062500,0.762500,4.236075e-02
0.075000,0.762500,5.083432e-02
0.087500,0.762500,5.930836e-02
0.100000,0.762500,6.778288e-02
0.112500,0.762500,7.625788e-02
0.125000,0.762500,8.473335e-02
0.137500,0.762500,9.320929e-02
0.150000,0.762500,1.016857e-01
0.162500,0.762500,1.101626e-01
0.175000,0.762500,1.186400e-01
0.187500,0.762500,1.271178e-01
0.200000,0.762500,1.355961e-01
0.212500,0.762500,1.440749e-01
0.225000,0.762500,1.525542e-01
0.237500,0.762500,1.610339e-01
0.250000,0.762500,1.695141e-01
0.262500,0.762500,1.779948e-01
0.275000,0.762500,1.864760e-01
0.287500,0.762500,1.949576e-01
0.300000,0.762500,2.034397e-01
0.312500,0.762500,2.119223e-01
0.325000,0.762500,2.204054e-01
0.337500,0.762500,2.288889e-01
0.350000,0.762500,2.373729e-01
0.362500,0.762500,2.458574e-01
0.375000,0.762500,2.543423e-01
0.387500,0.762500,2.628278e-01
0.400000,0.762500,2.713137e-01
0.412500,0.762500,2.798001e-01
0.425000,0.762500,2.882869e-01
0.437500,0.762500,2.967742e-01
0.450000,0.762500,3.052620e-01
0.462500,0.762500,3.137503e-01
0.475000,0.762500,3.222391e-01
0.487500,0.762500,3.307283e-01
0.500000,0.762500,3.392180e-01
0.512500,0.762500,3.477082e-01
0.525000,0.762500,3.561988e-01
0.537500,0.762500,3.646899e-01
0.550000,0.762500,3.731815e-01
0.562500,0.762500,3.816736e-01
0.575000,0.762500,3.901662e-01
0.587500,0.762500,3.986592e-01
0.600000,0.762500,4.071527e-01
0.612500,0.762500,4.156466e-01
0.625000,0.762500,4.241411e-01
0.637500,0.762500,4.326360e-01
0.650000,0.762500,4.411314e-01
0.662500,0.762500,4.496273e-01
0.675000,0.762500,4.581236e-01
0.687500,0.762500,4.666204e-01
0.700000,0.762500,4.751177e-01
0.712500,0.762500,4.836155e-01
0.725000,0.762500,4.921137e-01
0.737500,0.762500,5.006122e-01
0.750000,0.762500,5.091006e-01
0.762500,0.762500,5.175738e-01
0.775000,0.762500,5.260318e-01
0.787500,0.762500,5.344746e-01
0.800000,0.762500,5.429022e-01
0.812500,0.762500,5.513146e-01
0.825000,0.762500,5.597117e-01
0.837500,0.762500,5.680936e-01
0.850000,0.762500,5.764603e-01
0.862500,0.762500,5.848118e-01
0.875000,0.762500,5.931480e-01
0.887500,0.762500,6.014691e-01
0.900000,0.762500,6.093530e-01
0.912500,0.762500,6.149162e-01
0.925000,0.762500,6.179324e-01
0.937500,0.762500,6.174442e-01
0.950000,0.762500,6.060323e-01
0.962500,0.762500,5.739443e-01
0.975000,0.762500,4.994811e-01
0.987500,0.762500,3.383357e-01
1.000000,0.762500,0.000000e+00
0.000000,0.775000,0.000000e+00
0.012500,0.775000,8.105387e-03
0.025000,0.775000,1.621123e-02
0.037500,0.775000,2.431752e-02
0.050000,0.775000,3.242427e-02
0.062500,0.775000,4.053147e-02
0.075000,0.775000,4.863912e-02
0.087500,0.775000,5.674723e-02
0.100000,0.775000,6.485579e-02
0.112500,0.775000,7.296481e-02
0.125000,0.775000,8.107427e-02
0.137500,0.775000,8.918420e-02
0.150000,0.775000,9.729457e-02
0.162500,0.775000,1.054054e-01
0.175000,0.775000,1.135167e-01
0.187500,0.775000,1.216284e-01
0.200000,0.775000,1.297406e-01
0.212500,0.775000,1.378532e-01
0.225000,0.775000,1.459663e-01
0.237500,0.775000,1.540799e-01
0.250000,0.775000,1.621939e-01
0.262500,0.775000,1.703083e-01
0.275000,0.775000,1.784233e-01
0.287500,0.775000,1.865386e-01
0.300000,0.775000,1.946544e-01
0.312500,0.775000,2.027707e-01
0.325000,0.775000,2.108874e-01
0.337500,0.775000,2.190046e-01
0.350000,0.775000,2.271222e-01
0.362500,0.775000,2.352403e-01
0.375000,0.775000,2.433589e-01
0.387500,0.775000,2.514778e-01
0.400000,0.775000,2.595973e-01
0.412500,0.775000,2.677172e-01
0.425000,0.775000,2.758375e-01
0.437500,0.775000,2.839583e-01
0.450000,0.775000,2.920796e-01
0.462500,0.775000,3.002013e-01
0.475000,0.775000,3.083235e-01
0.487500,0.775000,3.164461e-01
0.500000,0.775000,3.245692e-01
0.512500,0.775000,3.326927e-01
0.525000,0.775000,3.408167e-01
0.537500,0.775000,3.489411e-01
0.550000,0.775000,3.570660e-01
0.562500,0.775000,3.651913e-01
0.575000,0.775000,3.733171e-01
0.587500,0.775000,3.814434e-01
0.600000,0.775000,3.895701e-01
0.612500,0.775000,3.976972e-01
0.625000,0.775000,4.058248e-01
0.637500,0.775000,4.139529e-01
0.650000,0.775000,4.220814e-01
0.662500,0.775000,4.302104e-01
0.675000,0.775000,4.383398e-01
0.687500,0.775000,4.464697e-01
0.700000,0.775000,4.546000e-01
0.712500,0.775000,4.627308e-01
0.725000,0.775000,4.708620e-01
0.737500,0.775000,4.789934e-01
0.750000,0.775000,4.871153e-01
0.762500,0.775000,4.952226e-01
0.775000,0.775000,5.033154e-01
0.787500,0.775000,5.113935e-01
0.800000,0.775000,5.194571e-01
0.812500,0.775000,5.275062e-01
0.825000,0.775000,5.355407e-01
0.837500,0.775000,5.435606e-01
0.850000,0.775000,5.515660e-01
0.862500,0.775000,5.595568e-01
0.875000,0.775000,5.675330e-01
0.887500,0.775000,5.754947e-01
0.900000,0.775000,5.830381e-01
0.912500,0.775000,5.883610e-01
0.925000,0.775000,5.912470e-01
0.937500,0.775000,5.907799e-01
0.950000,0.775000,5.798608e-01
0.962500,0.775000,5.491585e-01
0.975000,0.775000,4.779109e-01
0.987500,0.775000,3.237246e-01
1.000000,0.775000,0.000000e+00
0.000000,0.787500,0.000000e+00
0.012500,0.787500,7.727203e-03
0.025000,0.787500,1.545484e-02
0.037500,0.787500,2.318290e-02
0.050000,0.787500,3.091140e-02
0.062500,0.787500,3.864033e-02
0.075000,0.787500,4.636969e-02
0.087500,0.787500,5.409948e-02
0.100000,0.787500,6.182970e-02
0.112500,0.787500,6.956036e-02
0.125000,0.787500,7.729144e-02
0.137500,0.787500,8.502296e-02
0.150000,0.787500,9.275491e-02
0.162500,0.787500,1.004873e-01
0.175000,0.787500,1.082201e-01
0.187500,0.787500,1.159533e-01
0.200000,0.787500,1.236870e-01
0.212500,0.787500,1.314211e-01
0.225000,0.787500,1.391557e-01
0.237500,0.787500,1.468906e-01
0.250000,0.787500,1.546260e-01
0.262500,0.787500,1.623618e-01
0.275000,0.787500,1.700981e-01
0.287500,0.787500,1.778348e-01
0.300000,0.787500,1.855719e-01
0.312500,0.787500,1.933095e-01
0.325000,0.787500,2.010475e-01
0.337500,0.787500,2.087859e-01
0.350000,0.787500,2.165247e-01
0.362500,0.787500,2.242640e-01
0.375000,0.787500,2.320037e-01
0.387500,0.787500,2.397439e-01
0.400000,0.787500,2.474844e-01
0.412500,0.787500,2.552255e-01
0.425000,0.787500,2.629669e-01
0.437500,0.787500,2.707088e-01
0.450000,0.787500,2.784511e-01
0.462500,0.787500,2.861938e-01
0.475000,0.787500,2.939370e-01
0.487500,0.787500,3.016805e-01
0.500000,0.787500,3.094246e-01
0.512500,0.787500,3.171690e-01
0.525000,0.787500,3.249139e-01
0.537500,0.787500,3.326592e-01
0.550000,0.787500,3.404050e-01
0.562500,0.787500,3.481512e-01
0.575000,0.787500,3.558978e-01
0.587500,0.787500,3.636448e-01
0.600000,0.787500,3.713923e-01
0.612500,0.787500,3.791402e-01
0.625000,0.787500,3.868885e-01
0.637500,0.787500,3.946373e-01
0.650000,0.787500,4.023865e-01
0.662500,0.787500,4.101362e-01
0.675000,0.787500,4.178862e-01
0.687500,0.787500,4.256367e-01
0.700000,0.787500,4.333876e-01
0.712500,0.787500,4.411390e-01
0.725000,0.787500,4.488908e-01
0.737500,0.787500,4.566428e-01
0.750000,0.787500,4.643856e-01
0.762500,0.787500,4.721146e-01
0.775000,0.787500,4.798297e-01
0.787500,0.787500,4.875309e-01
0.800000,0.787500,4.952182e-01
0.812500,0.787500,5.028917e-01
0.825000,0.787500,5.105512e-01
0.837500,0.787500,5.181969e-01
0.850000,0.787500,5.258287e-01
0.862500,0.787500,5.334466e-01
0.875000,0.787500,5.410506e-01
0.887500,0.787500,5.486408e-01
0.900000,0.787500,5.558322e-01
0.912500,0.787500,5.609067e-01
0.925000,0.787500,5.636580e-01
0.937500,0.787500,5.632127e-01
0.950000,0.787500,5.528031e-01
0.962500,0.787500,5.235335e-01
0.975000,0.787500,4.556105e-01
0.987500,0.787500,3.086188e-01
1.000000,0.787500,0.000000e+00
0.000000,0.800000,0.000000e+00
0.012500,0.800000,7.336649e-03
0.025000,0.800000,1.467371e-02
0.037500,0.800000,2.201117e-02
0.050000,0.800000,2.934904e-02
0.062500,0.800000,3.668733e-02
0.075000,0.800000,4.402601e-02
0.087500,0.800000,5.136511e-02
0.100000,0.800000,5.870462e-02
0.112500,0.800000,6.604453e-02
0.125000,0.800000,7.338485e-02
0.137500,0.800000,8.072558e-02
0.150000,0.800000,8.806672e-02
0.162500,0.800000,9.540826e-02
0.175000,0.800000,1.027502e-01
0.187500,0.800000,1.100926e-01
0.200000,0.800000,1.174353e-01
0.212500,0.800000,1.247785e-01
0.225000,0.800000,1.321221e-01
0.237500,0.800000,1.394661e-01
0.250000,0.800000,1.468105e-01
0.262500,0.800000,1.541553e-01
0.275000,0.800000,1.615005e-01
0.287500,0.800000,1.688462e-01
0.300000,0.800000,1.761922e-01
0.312500,0.800000,1.835386e-01
0.325000,0.800000,1.908855e-01
0.337500,0.800000,1.982327e-01
0.350000,0.800000,2.055804e-01
0.362500,0.800000,2.129285e-01
0.375000,0.800000,2.202770e-01
0.387500,0.800000,2.276258e-01
0.400000,0.800000,2.349751e-01
0.412500,0.800000,2.423248e-01
0.425000,0.800000,2.496750e-01
0.437500,0.800000,2.570255e-01
0.450000,0.800000,2.643764e-01
0.462500,0.800000,2.717277e-01
0.475000,0.800000,2.790795e-01
0.487500,0.800000,2.864316e-01
0.500000,0.800000,2.937842e-01
0.512500,0.800000,3.011372e-01
0.525000,0.800000,3.084905e-01
0.537500,0.800000,3.158443e-01
0.550000,0.800000,3.231985e-01
0.562500,0.800000,3.305531e-01
0.575000,0.800000,3.379081e-01
0.587500,0.800000,3.452635e-01
0.600000,0.800000,3.526194e-01
0.612500,0.800000,3.599756e-01
0.625000,0.800000,3.673322e-01
0.637500,0.800000,3.746893e-01
0.650000,0.800000,3.820468e-01
0.662500,0.800000,3.894046e-01
0.675000,0.800000,3.967629e-01
0.687500,0.800000,4.041216e-01
0.700000,0.800000,4.114807e-01
0.712500,0.800000,4.188402e-01
0.725000,0.800000,4.262001e-01
0.737500,0.800000,4.335601e-01
0.750000,0.800000,4.409116e-01
0.762500,0.800000,4.482498e-01
0.775000,0.800000,4.555749e-01
0.787500,0.800000,4.628868e-01
0.800000,0.800000,4.701855e-01
0.812500,0.800000,4.774710e-01
0.825000,0.800000,4.847433e-01
0.837500,0.800000,4.920025e-01
0.850000,0.800000,4.992485e-01
0.862500,0.800000,5.064813e-01
0.875000,0.800000,5.137009e-01
0.887500,0.800000,5.209074e-01
0.900000,0.800000,5.277353e-01
0.912500,0.800000,5.325532e-01
0.925000,0.800000,5.351654e-01
0.937500,0.800000,5.347426e-01
0.950000,0.800000,5.248592e-01
0.962500,0.800000,4.970692e-01
0.975000,0.800000,4.325797e-01
0.987500,0.800000,2.930184e-01
1.000000,0.800000,0.000000e+00
0.000000,0.812500,0.000000e+00
0.012500,0.812500,6.933818e-03
0.025000,0.812500,1.386802e-02
0.037500,0.812500,2.080261e-02
0.050000,0.812500,2.773757e-02
0.062500,0.812500,3.467293e-02
0.075000,0.812500,4.160866e-02
0.087500,0.812500,4.854478e-02
0.100000,0.812500,5.548128e-02
0.112500,0.812500,6.241817e-02
0.125000,0.812500,6.935544e-02
0.137500,0.812500,7.629309e-02
0.150000,0.812500,8.323113e-02
0.162500,0.812500,9.016955e-02
0.175000,0.812500,9.710835e-02
0.187500,0.812500,1.040475e-01
0.200000,0.812500,1.109871e-01
0.212500,0.812500,1.179271e-01
0.225000,0.812500,1.248674e-01
0.237500,0.812500,1.318081e-01
0.250000,0.812500,1.387492e-01
0.262500,0.812500,1.456907e-01
0.275000,0.812500,1.526326e-01
0.287500,0.812500,1.595748e-01
0.300000,0.812500,1.665175e-01
0.312500,0.812500,1.734605e-01
0.325000,0.812500,1.804039e-01
0.337500,0.812500,1.873477e-01
0.350000,0.812500,1.942918e-01
0.362500,0.812500,2.012364e-01
0.375000,0.812500,2.081813e-01
0.387500,0.812500,2.151267e-01
0.400000,0.812500,2.220724e-01
0.412500,0.812500,2.290185e-01
0.425000,0.812500,2.359649e-01
0.437500,0.812500,2.429118e-01
0.450000,0.812500,2.498590e-01
0.462500,0.812500,2.568066e-01
0.475000,0.812500,2.637546e-01
0.487500,0.812500,2.707030e-01
0.500000,0.812500,2.776518e-01
0.512500,0.812500,2.846010e-01
0.525000,0.812500,2.915505e-01
0.537500,0.812500,2.985004e-01
0.550000,0.812500,3.054507e-01
0.562500,0.812500,3.124014e-01
0.575000,0.812500,3.193525e-01
0.587500,0.812500,3.263039e-01
0.600000,0.812500,3.332558e-01
0.612500,0.812500,3.402080e-01
0.625000,0.812500,3.471606e-01
0.637500,0.812500,3.541136e-01
0.650000,0.812500,3.610670e-01
0.662500,0.812500,3.680207e-01
0.675000,0.812500,3.749749e-01
0.687500,0.812500,3.819294e-01
0.700000,0.812500,3.888843e-01
0.712500,0.812500,3.958396e-01
0.725000,0.812500,4.027953e-01
0.737500,0.812500,4.097511e-01
0.750000,0.812500,4.166988e-01
0.762500,0.812500,4.236340e-01
0.775000,0.812500,4.305567e-01
0.787500,0.812500,4.374670e-01
0.800000,0.812500,4.443649e-01
0.812500,0.812500,4.512503e-01
0.825000,0.812500,4.581232e-01
0.837500,0.812500,4.649837e-01
0.850000,0.812500,4.718317e-01
0.862500,0.812500,4.786673e-01
0.875000,0.812500,4.854905e-01
0.887500,0.812500,4.923011e-01
0.900000,0.812500,4.987541e-01
0.912500,0.812500,5.033074e-01
0.925000,0.812500,5.057761e-01
0.937500,0.812500,5.053765e-01
0.950000,0.812500,4.960359e-01
0.962500,0.812500,4.697720e-01
0.975000,0.812500,4.088241e-01
0.987500,0.812500,2.769271e-01
1.000000,0.812500,0.000000e+00
0.000000,0.825000,0.000000e+00
0.012500,0.825000,6.520862e-03
0.025000,0.825000,1.304208e-02
0.037500,0.825000,1.956366e-02
0.050000,0.825000,2.608560e-02
0.062500,0.825000,3.260789e-02
0.075000,0.825000,3.913055e-02
0.087500,0.825000,4.565356e-02
0.100000,0.825000,5.217693e-02
0.112500,0.825000,5.870066e-02
0.125000,0.825000,6.522475e-02
0.137500,0.825000,7.174920e-02
0.150000,0.825000,7.827400e-02
0.162500,0.825000,8.479917e-02
0.175000,0.825000,9.132469e-02
0.187500,0.825000,9.785057e-02
0.200000,0.825000,1.043768e-01
0.212500,0.825000,1.109034e-01
0.225000,0.825000,1.174304e-01
0.237500,0.825000,1.239577e-01
0.250000,0.825000,1.304853e-01
0.262500,0.825000,1.370134e-01
0.275000,0.825000,1.435418e-01
0.287500,0.825000,1.500705e-01
0.300000,0.825000,1.565996e-01
0.312500,0.825000,1.631291e-01
0.325000,0.825000,1.696589e-01
0.337500,0.825000,1.761891e-01
0.350000,0.825000,1.827196e-01
0.362500,0.825000,1.892505e-01
0.375000,0.825000,1.957818e-01
0.387500,0.825000,2.023134e-01
0.400000,0.825000,2.088454e-01
0.412500,0.825000,2.153777e-01
0.425000,0.825000,2.219104e-01
0.437500,0.825000,2.284435e-01
0.450000,0.825000,2.349769e-01
0.462500,0.825000,2.415106e-01
0.475000,0.825000,2.480447e-01
0.487500,0.825000,2.545792e-01
0.500000,0.825000,2.611141e-01
0.512500,0.825000,2.676493e-01
0.525000,0.825000,2.741848e-01
0.537500,0.825000,2.807208e-01
0.550000,0.825000,2.872570e-01
0.562500,0.825000,2.937937e-01
0.575000,0.825000,3.003307e-01
0.587500,0.825000,3.068680e-01
0.600000,0.825000,3.134057e-01
0.612500,0.825000,3.199438e-01
0.625000,0.825000,3.264822e-01
0.637500,0.825000,3.330210e-01
0.650000,0.825000,3.395601e-01
0.662500,0.825000,3.460996e-01
0.675000,0.825000,3.526395e-01
0.687500,0.825000,3.591797e-01
0.700000,0.825000,3.657203e-01
0.712500,0.825000,3.722612e-01
0.725000,0.825000,3.788025e-01
0.737500,0.825000,3.853440e-01
0.750000,0.825000,3.918777e-01
0.762500,0.825000,3.983998e-01
0.775000,0.825000,4.049101e-01
0.787500,0.825000,4.114087e-01
0.800000,0.825000,4.178957e-01
0.812500,0.825000,4.243709e-01
0.825000,0.825000,4.308344e-01
0.837500,0.825000,4.372862e-01
0.850000,0.825000,4.437263e-01
0.862500,0.825000,4.501547e-01
0.875000,0.825000,4.565714e-01
0.887500,0.825000,4.629763e-01
0.900000,0.825000,4.690448e-01
0.912500,0.825000,4.733270e-01
0.925000,0.825000,4.756486e-01
0.937500,0.825000,4.752728e-01
0.950000,0.825000,4.664885e-01
0.962500,0.825000,4.417892e-01
0.975000,0.825000,3.844718e-01
0.987500,0.825000,2.604315e-01
1.000000,0.825000,0.000000e+00
0.000000,0.837500,0.000000e+00
0.012500,0.837500,6.098681e-03
0.025000,0.837500,1.219770e-02
0.037500,0.837500,1.829704e-02
0.050000,0.837500,2.439672e-02
0.062500,0.837500,3.049674e-02
0.075000,0.837500,3.659709e-02
0.087500,0.837500,4.269777e-02
0.100000,0.837500,4.879878e-02
0.112500,0.837500,5.490013e-02
0.125000,0.837500,6.100181e-02
0.137500,0.837500,6.710383e-02
0.150000,0.837500,7.320617e-02
0.162500,0.837500,7.930886e-02
0.175000,0.837500,8.541187e-02
0.187500,0.837500,9.151522e-02
0.200000,0.837500,9.761890e-02
0.212500,0.837500,1.037229e-01
0.225000,0.837500,1.098273e-01
0.237500,0.837500,1.159319e-01
0.250000,0.837500,1.220370e-01
0.262500,0.837500,1.281423e-01
0.275000,0.837500,1.342480e-01
0.287500,0.837500,1.403540e-01
0.300000,0.837500,1.464604e-01
0.312500,0.837500,1.525670e-01
0.325000,0.837500,1.586741e-01
0.337500,0.837500,1.647814e-01
0.350000,0.837500,1.708891e-01
0.362500,0.837500,1.769971e-01
0.375000,0.837500,1.831055e-01
0.387500,0.837500,1.892141e-01
0.400000,0.837500,1.953231e-01
0.412500,0.837500,2.014325e-01
0.425000,0.837500,2.075422e-01
0.437500,0.837500,2.136522e-01
0.450000,0.837500,2.197625e-01
0.462500,0.837500,2.258732e-01
0.475000,0.837500,2.319842e-01
0.487500,0.837500,2.380956e-01
0.500000,0.837500,2.442073e-01
0.512500,0.837500,2.503193e-01
0.525000,0.837500,2.564316e-01
0.537500,0.837500,2.625443e-01
0.550000,0.837500,2.686573e-01
0.562500,0.837500,2.747707e-01
0.575000,0.837500,2.808844e-01
0.587500,0.837500,2.869984e-01
0.600000,0.837500,2.931127e-01
0.612500,0.837500,2.992274e-01
0.625000,0.837500,3.053424e-01
0.637500,0.837500,3.114578e-01
0.650000,0.837500,3.175735e-01
0.662500,0.837500,3.236895e-01
0.675000,0.837500,3.298058e-01
0.687500,0.837500,3.359225e-01
0.700000,0.837500,3.420395e-01
0.712500,0.837500,3.481569e-01
0.725000,0.837500,3.542746e-01
0.737500,0.837500,3.603924e-01
0.750000,0.837500,3.665030e-01
0.762500,0.837500,3.726027e-01
0.775000,0.837500,3.786915e-01
0.787500,0.837500,3.847693e-01
0.800000,0.837500,3.908361e-01
0.812500,0.837500,3.968920e-01
0.825000,0.837500,4.029370e-01
0.837500,0.837500,4.089710e-01
0.850000,0.837500,4.149940e-01
0.862500,0.837500,4.210061e-01
0.875000,0.837500,4.270073e-01
0.887500,0.837500,4.329975e-01
0.900000,0.837500,4.386731e-01
0.912500,0.837500,4.426779e-01
0.925000,0.837500,4.448492e-01
0.937500,0.837500,4.444977e-01
0.950000,0.837500,4.362822e-01
0.962500,0.837500,4.131822e-01
0.975000,0.837500,3.595763e-01
0.987500,0.837500,2.435680e-01
1.000000,0.837500,0.000000e+00
0.000000,0.850000,0.000000e+00
0.012500,0.850000,5.667275e-03
0.025000,0.850000,1.133486e-02
0.037500,0.850000,1.700275e-02
0.050000,0.850000,2.267095e-02
0.062500,0.850000,2.833946e-02
0.075000,0.850000,3.400827e-02
0.087500,0.850000,3.967740e-02
0.100000,0.850000,4.534683e-02
0.112500,0.850000,5.101657e-02
0.125000,0.850000,5.668662e-02
0.137500,0.850000,6.235698e-02
0.150000,0.850000,6.802764e-02
0.162500,0.850000,7.369862e-02
0.175000,0.850000,7.936990e-02
0.187500,0.850000,8.504149e-02
0.200000,0.850000,9.071339e-02
0.212500,0.850000,9.638559e-02
0.225000,0.850000,1.020581e-01
0.237500,0.850000,1.077309e-01
0.250000,0.850000,1.134041e-01
0.262500,0.850000,1.190775e-01
0.275000,0.850000,1.247513e-01
0.287500,0.850000,1.304253e-01
0.300000,0.850000,1.360997e-01
0.312500,0.850000,1.417743e-01
0.325000,0.850000,1.474493e-01
0.337500,0.850000,1.531246e-01
0.350000,0.850000,1.588002e-01
0.362500,0.850000,1.644761e-01
0.375000,0.850000,1.701523e-01
0.387500,0.850000,1.758289e-01
0.400000,0.850000,1.815057e-01
0.412500,0.850000,1.871828e-01
0.425000,0.850000,1.928603e-01
0.437500,0.850000,1.985380e-01
0.450000,0.850000,2.042161e-01
0.462500,0.850000,2.098945e-01
0.475000,0.850000,2.155731e-01
0.487500,0.850000,2.212521e-01
0.500000,0.850000,2.269314e-01
0.512500,0.850000,2.326110e-01
0.525000,0.850000,2.382909e-01
0.537500,0.850000,2.439712e-01
0.550000,0.850000,2.496517e-01
0.562500,0.850000,2.553325e-01
0.575000,0.850000,2.610137e-01
0.587500,0.850000,2.666951e-01
0.600000,0.850000,2.723769e-01
0.612500,0.850000,2.780590e-01
0.625000,0.850000,2.837413e-01
0.637500,0.850000,2.894240e-01
0.650000,0.850000,2.951070e-01
0.662500,0.850000,3.007903e-01
0.675000,0.850000,3.064739e-01
0.687500,0.850000,3.121578e-01
0.700000,0.850000,3.178421e-01
0.712500,0.850000,3.235266e-01
0.725000,0.850000,3.292115e-01
0.737500,0.850000,3.348964e-01
0.750000,0.850000,3.405747e-01
0.762500,0.850000,3.462428e-01
0.775000,0.850000,3.519008e-01
0.787500,0.850000,3.575486e-01
0.800000,0.850000,3.631862e-01
0.812500,0.850000,3.688136e-01
0.825000,0.850000,3.744309e-01
0.837500,0.850000,3.800380e-01
0.850000,0.850000,3.856349e-01
0.862500,0.850000,3.912217e-01
0.875000,0.850000,3.967982e-01
0.887500,0.850000,4.023647e-01
0.900000,0.850000,4.076387e-01
0.912500,0.850000,4.113602e-01
0.925000,0.850000,4.133778e-01
0.937500,0.850000,4.130512e-01
0.950000,0.850000,4.054170e-01
0.962500,0.850000,3.839512e-01
0.975000,0.850000,3.341378e-01
0.987500,0.850000,2.263366e-01
1.000000,0.850000,0.000000e+00
0.000000,0.862500,0.000000e+00
0.012500,0.862500,5.226644e-03
0.025000,0.862500,1.045357e-02
0.037500,0.862500,1.568078e-02
0.050000,0.862500,2.090827e-02
0.062500,0.862500,2.613605e-02
0.075000,0.862500,3.136411e-02
0.087500,0.862500,3.659245e-02
0.100000,0.862500,4.182108e-02
0.112500,0.862500,4.704998e-02
0.125000,0.862500,5.227917e-02
0.137500,0.862500,5.750865e-02
0.150000,0.862500,6.273841e-02
0.162500,0.862500,6.796845e-02
0.175000,0.862500,7.319877e-02
0.187500,0.862500,7.842937e-02
0.200000,0.862500,8.366026e-02
0.212500,0.862500,8.889144e-02
0.225000,0.862500,9.412289e-02
0.237500,0.862500,9.935463e-02
0.250000,0.862500,1.045866e-01
0.262500,0.862500,1.098190e-01
0.275000,0.862500,1.150515e-01
0.287500,0.862500,1.202844e-01
0.300000,0.862500,1.255176e-01
0.312500,0.862500,1.307510e-01
0.325000,0.862500,1.359847e-01
0.337500,0.862500,1.412187e-01
0.350000,0.862500,1.464530e-01
0.362500,0.862500,1.516876e-01
0.375000,0.862500,1.569224e-01
0.387500,0.862500,1.621576e-01
0.400000,0.862500,1.673930e-01
0.412500,0.862500,1.726287e-01
0.425000,0.862500,1.778647e-01
0.437500,0.862500,1.831009e-01
0.450000,0.862500,1.883375e-01
0.462500,0.862500,1.935743e-01
0.475000,0.862500,1.988114e-01
0.487500,0.862500,2.040488e-01
0.500000,0.862500,2.092865e-01
0.512500,0.862500,2.145245e-01
0.525000,0.862500,2.197627e-01
0.537500,0.862500,2.250012e-01
0.550000,0.862500,2.302400e-01
0.562500,0.862500,2.354791e-01
0.575000,0.862500,2.407185e-01
0.587500,0.862500,2.459582e-01
0.600000,0.862500,2.511981e-01
0.612500,0.862500,2.564384e-01
0.625000,0.862500,2.616789e-01
0.637500,0.862500,2.669197e-01
0.650000,0.862500,2.721607e-01
0.662500,0.862500,2.774021e-01
0.675000,0.862500,2.826437e-01
0.687500,0.862500,2.878857e-01
0.700000,0.862500,2.931279e-01
0.712500,0.862500,2.983704e-01
0.725000,0.862500,3.036131e-01
0.737500,0.862500,3.088560e-01
0.750000,0.862500,3.140928e-01
0.762500,0.862500,3.193201e-01
0.775000,0.862500,3.245381e-01
0.787500,0.862500,3.297467e-01
0.800000,0.862500,3.349459e-01
0.812500,0.862500,3.401357e-01
0.825000,0.862500,3.453162e-01
0.837500,0.862500,3.504873e-01
0.850000,0.862500,3.556490e-01
0.862500,0.862500,3.608013e-01
0.875000,0.862500,3.659442e-01
0.887500,0.862500,3.710778e-01
0.900000,0.862500,3.759417e-01
0.912500,0.862500,3.793738e-01
0.925000,0.862500,3.812346e-01
0.937500,0.862500,3.809333e-01
0.950000,0.862500,3.738927e-01
0.962500,0.862500,3.540961e-01
0.975000,0.862500,3.081560e-01
0.987500,0.862500,2.087373e-01
1.000000,0.862500,0.000000e+00
0.000000,0.875000,0.000000e+00
0.012500,0.875000,4.776788e-03
0.025000,0.875000,9.553834e-03
0.037500,0.875000,1.433114e-02
0.050000,0.875000,1.910870e-02
0.062500,0.875000,2.388652e-02
0.075000,0.875000,2.866459e-02
0.087500,0.875000,3.344293e-02
0.100000,0.875000,3.822152e-02
0.112500,0.875000,4.300037e-02
0.125000,0.875000,4.777948e-02
0.137500,0.875000,5.255884e-02
0.150000,0.875000,5.733847e-02
0.162500,0.875000,6.211835e-02
0.175000,0.875000,6.689848e-02
0.187500,0.875000,7.167888e-02
0.200000,0.875000,7.645953e-02
0.212500,0.875000,8.124044e-02
0.225000,0.875000,8.602161e-02
0.237500,0.875000,9.080304e-02
0.250000,0.875000,9.558472e-02
0.262500,0.875000,1.003667e-01
0.275000,0.875000,1.051489e-01
0.287500,0.875000,1.099313e-01
0.300000,0.875000,1.147140e-01
0.312500,0.875000,1.194970e-01
0.325000,0.875000,1.242802e-01
0.337500,0.875000,1.290637e-01
0.350000,0.875000,1.338475e-01
0.362500,0.875000,1.386315e-01
0.375000,0.875000,1.434157e-01
0.387500,0.875000,1.482003e-01
0.400000,0.875000,1.529850e-01
0.412500,0.875000,1.577701e-01
0.425000,0.875000,1.625554e-01
0.437500,0.875000,1.673409e-01
0.450000,0.875000,1.721267e-01
0.462500,0.875000,1.769128e-01
0.475000,0.875000,1.816991e-01
0.487500,0.875000,1.864857e-01
0.500000,0.875000,1.912725e-01
0.512500,0.875000,1.960596e-01
0.525000,0.875000,2.008470e-01
0.537500,0.875000,2.056346e-01
0.550000,0.875000,2.104224e-01
0.562500,0.875000,2.152106e-01
0.575000,0.875000,2.199989e-01
0.587500,0.875000,2.247876e-01
0.600000,0.875000,2.295765e-01
0.612500,0.875000,2.343656e-01
0.625000,0.875000,2.391551e-01
0.637500,0.875000,2.439447e-01
0.650000,0.875000,2.487347e-01
0.662500,0.875000,2.535248e-01
0.675000,0.875000,2.583153e-01
0.687500,0.875000,2.631060e-01
0.700000,0.875000,2.678969e-01
0.712500,0.875000,2.726882e-01
0.725000,0.875000,2.774796e-01
0.737500,0.875000,2.822712e-01
0.750000,0.875000,2.870572e-01
0.762500,0.875000,2.918346e-01
0.775000,0.875000,2.966034e-01
0.787500,0.875000,3.013636e-01
0.800000,0.875000,3.061153e-01
0.812500,0.875000,3.108584e-01
0.825000,0.875000,3.155929e-01
0.837500,0.875000,3.203188e-01
0.850000,0.875000,3.250362e-01
0.862500,0.875000,3.297450e-01
0.875000,0.875000,3.344453e-01
0.887500,0.875000,3.391370e-01
0.900000,0.875000,3.435822e-01
0.912500,0.875000,3.467188e-01
0.925000,0.875000,3.484194e-01
0.937500,0.875000,3.481441e-01
0.950000,0.875000,3.417095e-01
0.962500,0.875000,3.236169e-01
0.975000,0.875000,2.816312e-01
0.987500,0.875000,1.907700e-01
1.000000,0.875000,0.000000e+00
0.000000,0.887500,0.000000e+00
0.012500,0.887500,4.317708e-03
0.025000,0.887500,8.635648e-03
0.037500,0.887500,1.295382e-02
0.050000,0.887500,1.727222e-02
0.062500,0.887500,2.159086e-02
0.075000,0.887500,2.590973e-02
0.087500,0.887500,3.022883e-02
0.100000,0.887500,3.454816e-02
0.112500,0.887500,3.886773e-02
0.125000,0.887500,4.318753e-02
0.137500,0.887500,4.750756e-02
0.150000,0.887500,5.182782e-02
0.162500,0.887500,5.614831e-02
0.175000,0.887500,6.046904e-02
0.187500,0.887500,6.479000e-02
0.200000,0.887500,6.911119e-02
0.212500,0.887500,7.343262e-02
0.225000,0.887500,7.775427e-02
0.237500,0.887500,8.207616e-02
0.250000,0.887500,8.639828e-02
0.262500,0.887500,9.072063e-02
0.275000,0.887500,9.504322e-02
0.287500,0.887500,9.936603e-02
0.300000,0.887500,1.036891e-01
0.312500,0.887500,1.080124e-01
0.325000,0.887500,1.123359e-01
0.337500,0.887500,1.166596e-01
0.350000,0.887500,1.209836e-01
0.362500,0.887500,1.253078e-01
0.375000,0.887500,1.296323e-01
0.387500,0.887500,1.339569e-01
0.400000,0.887500,1.382818e-01
0.412500,0.887500,1.426070e-01
0.425000,0.887500,1.469324e-01
0.437500,0.887500,1.512580e-01
0.450000,0.887500,1.555838e-01
0.462500,0.887500,1.599099e-01
0.475000,0.887500,1.642362e-01
0.487500,0.887500,1.685627e-01
0.500000,0.887500,1.728895e-01
0.512500,0.887500,1.772165e-01
0.525000,0.887500,1.815437e-01
0.537500,0.887500,1.858711e-01
0.550000,0.887500,1.901988e-01
0.562500,0.887500,1.945268e-01
0.575000,0.887500,1.988549e-01
0.587500,0.887500,2.031833e-01
0.600000,0.887500,2.075119e-01
0.612500,0.887500,2.118408e-01
0.625000,0.887500,2.161699e-01
0.637500,0.887500,2.204992e-01
0.650000,0.887500,2.248288e-01
0.662500,0.887500,2.291585e-01
0.675000,0.887500,2.334886e-01
0.687500,0.887500,2.378188e-01
0.700000,0.887500,2.421493e-01
0.712500,0.887500,2.464800e-01
0.725000,0.887500,2.508109e-01
0.737500,0.887500,2.551420e-01
0.750000,0.887500,2.594679e-01
0.762500,0.887500,2.637861e-01
0.775000,0.887500,2.680966e-01
0.787500,0.887500,2.723993e-01
0.800000,0.887500,2.766943e-01
0.812500,0.887500,2.809815e-01
0.825000,0.887500,2.852610e-01
0.837500,0.887500,2.895327e-01
0.850000,0.887500,2.937966e-01
0.862500,0.887500,2.980529e-01
0.875000,0.887500,3.023013e-01
0.887500,0.887500,3.065421e-01
0.900000,0.887500,3.105600e-01
0.912500,0.887500,3.133952e-01
0.925000,0.887500,3.149323e-01
0.937500,0.887500,3.146835e-01
0.950000,0.887500,3.088673e-01
0.962500,0.887500,2.925136e-01
0.975000,0.887500,2.545632e-01
0.987500,0.887500,1.724348e-01
1.000000,0.887500,0.000000e+00
0.000000,0.900000,0.000000e+00
0.012500,0.900000,3.852249e-03
0.025000,0.900000,7.704706e-03
0.037500,0.900000,1.155737e-02
0.050000,0.900000,1.541024e-02
0.062500,0.900000,1.926331e-02
0.075000,0.900000,2.311660e-02
0.087500,0.900000,2.697009e-02
0.100000,0.900000,3.082378e-02
0.112500,0.900000,3.467769e-02
0.125000,0.900000,3.853180e-02
0.137500,0.900000,4.238612e-02
0.150000,0.900000,4.624064e-02
0.162500,0.900000,5.009537e-02
0.175000,0.900000,5.395031e-02
0.187500,0.900000,5.780545e-02
0.200000,0.900000,6.166080e-02
0.212500,0.900000,6.551636e-02
0.225000,0.900000,6.937212e-02
0.237500,0.900000,7.322809e-02
0.250000,0.900000,7.708427e-02
0.262500,0.900000,8.094066e-02
0.275000,0.900000,8.479725e-02
0.287500,0.900000,8.865404e-02
0.300000,0.900000,9.251105e-02
0.312500,0.900000,9.636826e-02
0.325000,0.900000,1.002257e-01
0.337500,0.900000,1.040833e-01
0.350000,0.900000,1.079411e-01
0.362500,0.900000,1.117992e-01
0.375000,0.900000,1.156574e-01
0.387500,0.900000,1.195159e-01
0.400000,0.900000,1.233745e-01
0.412500,0.900000,1.272334e-01
0.425000,0.900000,1.310925e-01
0.437500,0.900000,1.349517e-01
0.450000,0.900000,1.388112e-01
0.462500,0.900000,1.426709e-01
0.475000,0.900000,1.465308e-01
0.487500,0.900000,1.503909e-01
0.500000,0.900000,1.542512e-01
0.512500,0.900000,1.581118e-01
0.525000,0.900000,1.619725e-01
0.537500,0.900000,1.658334e-01
0.550000,0.900000,1.696946e-01
0.562500,0.900000,1.735559e-01
0.575000,0.900000,1.774175e-01
0.587500,0.900000,1.812792e-01
0.600000,0.900000,1.851412e-01
0.612500,0.900000,1.890034e-01
0.625000,0.900000,1.928657e-01
0.637500,0.900000,1.967283e-01
0.650000,0.900000,2.005911e-01
0.662500,0.900000,2.044541e-01
0.675000,0.900000,2.083173e-01
0.687500,0.900000,2.121807e-01
0.700000,0.900000,2.160444e-01
0.712500,0.900000,2.199082e-01
0.725000,0.900000,2.237722e-01
0.737500,0.900000,2.276363e-01
0.750000,0.900000,2.314959e-01
0.762500,0.900000,2.353486e-01
0.775000,0.900000,2.391943e-01
0.787500,0.900000,2.430332e-01
0.800000,0.900000,2.468651e-01
0.812500,0.900000,2.506901e-01
0.825000,0.900000,2.545082e-01
0.837500,0.900000,2.583194e-01
0.850000,0.900000,2.621237e-01
0.862500,0.900000,2.659210e-01
0.875000,0.900000,2.697115e-01
0.887500,0.900000,2.734950e-01
0.900000,0.900000,2.770798e-01
0.912500,0.900000,2.796093e-01
0.925000,0.900000,2.809807e-01
0.937500,0.900000,2.807587e-01
0.950000,0.900000,2.755695e-01
0.962500,0.900000,2.609788e-01
0.975000,0.900000,2.271197e-01
0.987500,0.900000,1.538453e-01
1.000000,0.900000,0.000000e+00
0.000000,0.912500,0.000000e+00
0.012500,0.912500,3.383219e-03
0.025000,0.912500,6.766620e-03
0.037500,0.912500,1.015020e-02
0.050000,0.912500,1.353397e-02
0.062500,0.912500,1.691791e-02
0.075000,0.912500,2.030203e-02
0.087500,0.912500,2.368634e-02
0.100000,0.912500,2.707083e-02
0.112500,0.912500,3.045550e-02
0.125000,0.912500,3.384035e-02
0.137500,0.912500,3.722538e-02
0.150000,0.912500,4.061059e-02
0.162500,0.912500,4.399598e-02
0.175000,0.912500,4.738156e-02
0.187500,0.912500,5.076732e-02
0.200000,0.912500,5.415325e-02
0.212500,0.912500,5.753937e-02
0.225000,0.912500,6.092567e-02
0.237500,0.912500,6.431215e-02
0.250000,0.912500,6.769881e-02
0.262500,0.912500,7.108566e-02
0.275000,0.912500,7.447268e-02
0.287500,0.912500,7.785988e-02
0.300000,0.912500,8.124727e-02
0.312500,0.912500,8.463484e-02
0.325000,0.912500,8.802259e-02
0.337500,0.912500,9.141052e-02
0.350000,0.912500,9.479863e-02
0.362500,0.912500,9.818692e-02
0.375000,0.912500,1.015754e-01
0.387500,0.912500,1.049640e-01
0.400000,0.912500,1.083529e-01
0.412500,0.912500,1.117419e-01
0.425000,0.912500,1.151311e-01
0.437500,0.912500,1.185205e-01
0.450000,0.912500,1.219100e-01
0.462500,0.912500,1.252998e-01
0.475000,0.912500,1.286897e-01
0.487500,0.912500,1.320798e-01
0.500000,0.912500,1.354701e-01
0.512500,0.912500,1.388606e-01
0.525000,0.912500,1.422512e-01
0.537500,0.912500,1.456420e-01
0.550000,0.912500,1.490330e-01
0.562500,0.912500,1.524242e-01
0.575000,0.912500,1.558156e-01
0.587500,0.912500,1.592072e-01
0.600000,0.912500,1.625989e-01
0.612500,0.912500,1.659908e-01
0.625000,0.912500,1.693829e-01
0.637500,0.912500,1.727752e-01
0.650000,0.912500,1.761676e-01
0.662500,0.912500,1.795603e-01
0.675000,0.912500,1.829531e-01
0.687500,0.912500,1.863461e-01
0.700000,0.912500,1.897393e-01
0.712500,0.912500,1.931327e-01
0.725000,0.912500,1.965262e-01
0.737500,0.912500,1.999198e-01
0.750000,0.912500,2.033095e-01
0.762500,0.912500,2.066930e-01
0.775000,0.912500,2.100705e-01
0.787500,0.912500,2.134419e-01
0.800000,0.912500,2.168073e-01
0.812500,0.912500,2.201665e-01
0.825000,0.912500,2.235197e-01
0.837500,0.912500,2.268669e-01
0.850000,0.912500,2.302079e-01
0.862500,0.912500,2.335429e-01
0.875000,0.912500,2.368718e-01
0.887500,0.912500,2.401947e-01
0.900000,0.912500,2.433430e-01
0.912500,0.912500,2.455645e-01
0.925000,0.912500,2.467689e-01
0.937500,0.912500,2.465739e-01
0.950000,0.912500,2.420165e-01
0.962500,0.912500,2.292024e-01
0.975000,0.912500,1.994659e-01
0.987500,0.912500,1.351133e-01
1.000000,0.912500,0.000000e+00
0.000000,0.925000,0.000000e+00
0.012500,0.925000,2.910618e-03
0.025000,0.925000,5.821391e-03
0.037500,0.925000,8.732320e-03
0.050000,0.925000,1.164340e-02
0.062500,0.925000,1.455464e-02
0.075000,0.925000,1.746604e-02
0.087500,0.925000,2.037759e-02
0.100000,0.925000,2.328930e-02
0.112500,0.925000,2.620116e-02
0.125000,0.925000,2.911318e-02
0.137500,0.925000,3.202535e-02
0.150000,0.925000,3.493768e-02
0.162500,0.925000,3.785016e-02
0.175000,0.925000,4.076280e-02
0.187500,0.925000,4.367560e-02
0.200000,0.925000,4.658855e-02
0.212500,0.925000,4.950165e-02
0.225000,0.925000,5.241491e-02
0.237500,0.925000,5.532833e-02
0.250000,0.925000,5.824190e-02
0.262500,0.925000,6.115563e-02
0.275000,0.925000,6.406951e-02
0.287500,0.925000,6.698355e-02
0.300000,0.925000,6.989775e-02
0.312500,0.925000,7.281210e-02
0.325000,0.925000,7.572660e-02
0.337500,0.925000,7.864127e-02
0.350000,0.925000,8.155608e-02
0.362500,0.925000,8.447105e-02
0.375000,0.925000,8.738618e-02
0.387500,0.925000,9.030147e-02
0.400000,0.925000,9.321690e-02
0.412500,0.925000,9.613250e-02
0.425000,0.925000,9.904825e-02
0.437500,0.925000,1.019642e-01
0.450000,0.925000,1.048802e-01
0.462500,0.925000,1.077964e-01
0.475000,0.925000,1.107128e-01
0.487500,0.925000,1.136293e-01
0.500000,0.925000,1.165460e-01
0.512500,0.925000,1.194629e-01
0.525000,0.925000,1.223798e-01
0.537500,0.925000,1.252970e-01
0.550000,0.925000,1.282143e-01
0.562500,0.925000,1.311318e-01
0.575000,0.925000,1.340494e-01
0.587500,0.925000,1.369671e-01
0.600000,0.925000,1.398851e-01
0.612500,0.925000,1.428032e-01
0.625000,0.925000,1.457214e-01
0.637500,0.925000,1.486398e-01
0.650000,0.925000,1.515583e-01
0.662500,0.925000,1.544770e-01
0.675000,0.925000,1.573959e-01
0.687500,0.925000,1.603149e-01
0.700000,0.925000,1.632341e-01
0.712500,0.925000,1.661534e-01
0.725000,0.925000,1.690729e-01
0.737500,0.925000,1.719924e-01
0.750000,0.925000,1.749086e-01
0.762500,0.925000,1.778194e-01
0.775000,0.925000,1.807251e-01
0.787500,0.925000,1.836256e-01
0.800000,0.925000,1.865208e-01
0.812500,0.925000,1.894108e-01
0.825000,0.925000,1.922955e-01
0.837500,0.925000,1.951751e-01
0.850000,0.925000,1.980494e-01
0.862500,0.925000,2.009185e-01
0.875000,0.925000,2.037824e-01
0.887500,0.925000,2.066410e-01
0.900000,0.925000,2.093495e-01
0.912500,0.925000,2.112607e-01
0.925000,0.925000,2.122968e-01
0.937500,0.925000,2.121290e-01
0.950000,0.925000,2.082083e-01
0.962500,0.925000,1.971843e-01
0.975000,0.925000,1.716018e-01
0.987500,0.925000,1.162388e-01
1.000000,0.925000,0.000000e+00
0.000000,0.937500,0.000000e+00
0.012500,0.937500,2.434444e-03
0.025000,0.937500,4.869018e-03
0.037500,0.937500,7.303722e-03
0.050000,0.937500,9.738556e-03
0.062500,0.937500,1.217352e-02
0.075000,0.937500,1.460861e-02
0.087500,0.937500,1.704384e-02
0.100000,0.937500,1.947919e-02
0.112500,0.937500,2.191467e-02
0.125000,0.937500,2.435028e-02
0.137500,0.937500,2.678602e-02
0.150000,0.937500,2.922190e-02
0.162500,0.937500,3.165790e-02
0.175000,0.937500,3.409403e-02
0.187500,0.937500,3.653029e-02
0.200000,0.937500,3.896668e-02
0.212500,0.937500,4.140320e-02
0.225000,0.937500,4.383985e-02
0.237500,0.937500,4.627663e-02
0.250000,0.937500,4.871354e-02
0.262500,0.937500,5.115058e-02
0.275000,0.937500,5.358775e-02
0.287500,0.937500,5.602505e-02
0.300000,0.937500,5.846248e-02
0.312500,0.937500,6.090004e-02
0.325000,0.937500,6.333773e-02
0.337500,0.937500,6.577555e-02
0.350000,0.937500,6.821350e-02
0.362500,0.937500,7.065158e-02
0.375000,0.937500,7.308978e-02
0.387500,0.937500,7.552812e-02
0.400000,0.937500,7.796659e-02
0.412500,0.937500,8.040519e-02
0.425000,0.937500,8.284391e-02
0.437500,0.937500,8.528277e-02
0.450000,0.937500,8.772176e-02
0.462500,0.937500,9.016088e-02
0.475000,0.937500,9.260012e-02
0.487500,0.937500,9.503950e-02
0.500000,0.937500,9.747900e-02
0.512500,0.937500,9.991864e-02
0.525000,0.937500,1.023584e-01
0.537500,0.937500,1.047983e-01
0.550000,0.937500,1.072383e-01
0.562500,0.937500,1.096785e-01
0.575000,0.937500,1.121188e-01
0.587500,0.937500,1.145592e-01
0.600000,0.937500,1.169997e-01
0.612500,0.937500,1.194404e-01
0.625000,0.937500,1.218812e-01
0.637500,0.937500,1.243221e-01
0.650000,0.937500,1.267632e-01
0.662500,0.937500,1.292044e-01
0.675000,0.937500,1.316457e-01
0.687500,0.937500,1.340872e-01
0.700000,0.937500,1.365288e-01
0.712500,0.937500,1.389705e-01
0.725000,0.937500,1.414123e-01
0.737500,0.937500,1.438542e-01
0.750000,0.937500,1.462932e-01
0.762500,0.937500,1.487279e-01
0.775000,0.937500,1.511582e-01
0.787500,0.937500,1.535841e-01
0.800000,0.937500,1.560056e-01
0.812500,0.937500,1.584228e-01
0.825000,0.937500,1.608356e-01
0.837500,0.937500,1.632440e-01
0.850000,0.937500,1.656481e-01
0.862500,0.937500,1.680478e-01
0.875000,0.937500,1.704431e-01
0.887500,0.937500,1.728341e-01
0.900000,0.937500,1.750995e-01
0.912500,0.937500,1.766979e-01
0.925000,0.937500,1.775646e-01
0.937500,0.937500,1.774242e-01
0.950000,0.937500,1.741450e-01
0.962500,0.937500,1.649244e-01
0.975000,0.937500,1.435273e-01
0.987500,0.937500,9.722181e-02
1.000000,0.937500,0.000000e+00
0.000000,0.950000,0.000000e+00
0.012500,0.950000,1.954699e-03
0.025000,0.950000,3.909502e-03
0.037500,0.950000,5.864409e-03
0.050000,0.950000,7.819420e-03
0.062500,0.950000,9.774534e-03
0.075000,0.950000,1.172975e-02
0.087500,0.950000,1.368508e-02
0.100000,0.950000,1.564050e-02
0.112500,0.950000,1.759603e-02
0.125000,0.950000,1.955167e-02
0.137500,0.950000,2.150741e-02
0.150000,0.950000,2.346325e-02
0.162500,0.950000,2.541920e-02
0.175000,0.950000,2.737525e-02
0.187500,0.950000,2.933140e-02
0.200000,0.950000,3.128766e-02
0.212500,0.950000,3.324402e-02
0.225000,0.950000,3.520049e-02
0.237500,0.950000,3.715706e-02
0.250000,0.950000,3.911374e-02
0.262500,0.950000,4.107051e-02
0.275000,0.950000,4.302740e-02
0.287500,0.950000,4.498438e-02
0.300000,0.950000,4.694147e-02
0.312500,0.950000,4.889867e-02
0.325000,0.950000,5.085597e-02
0.337500,0.950000,5.281337e-02
0.350000,0.950000,5.477088e-02
0.362500,0.950000,5.672849e-02
0.375000,0.950000,5.868620e-02
0.387500,0.950000,6.064402e-02
0.400000,0.950000,6.260194e-02
0.412500,0.950000,6.455997e-02
0.425000,0.950000,6.651810e-02
0.437500,0.950000,6.847633e-02
0.450000,0.950000,7.043467e-02
0.462500,0.950000,7.239311e-02
0.475000,0.950000,7.435166e-02
0.487500,0.950000,7.631031e-02
0.500000,0.950000,7.826906e-02
0.512500,0.950000,8.022792e-02
0.525000,0.950000,8.218688e-02
0.537500,0.950000,8.414595e-02
0.550000,0.950000,8.610512e-02
0.562500,0.950000,8.806439e-02
0.575000,0.950000,9.002377e-02
0.587500,0.950000,9.198326e-02
0.600000,0.950000,9.394284e-02
0.612500,0.950000,9.590253e-02
0.625000,0.950000,9.786233e-02
0.637500,0.950000,9.982222e-02
0.650000,0.950000,1.017822e-01
0.662500,0.950000,1.037423e-01
0.675000,0.950000,1.057025e-01
0.687500,0.950000,1.076629e-01
0.700000,0.950000,1.096233e-01
0.712500,0.950000,1.115838e-01
0.725000,0.950000,1.135444e-01
0.737500,0.950000,1.155051e-01
0.750000,0.950000,1.174635e-01
0.762500,0.950000,1.194183e-01
0.775000,0.950000,1.213697e-01
0.787500,0.950000,1.233175e-01
0.800000,0.950000,1.252618e-01
0.812500,0.950000,1.272026e-01
0.825000,0.950000,1.291399e-01
0.837500,0.950000,1.310737e-01
0.850000,0.950000,1.330040e-01
0.862500,0.950000,1.349308e-01
0.875000,0.950000,1.368541e-01
0.887500,0.950000,1.387739e-01
0.900000,0.950000,1.405928e-01
0.912500,0.950000,1.418763e-01
0.925000,0.950000,1.425721e-01
0.937500,0.950000,1.424594e-01
0.950000,0.950000,1.398264e-01
0.962500,0.950000,1.324229e-01
0.975000,0.950000,1.152425e-01
0.987500,0.950000,7.806239e-02
1.000000,0.950000,0.000000e+00
0.000000,0.962500,0.000000e+00
0.012500,0.962500,1.471382e-03
0.025000,0.962500,2.942842e-03
0.037500,0.962500,4.414380e-03
0.050000,0.962500,5.885996e-03
0.062500,0.962500,7.357690e-03
0.075000,0.962500,8.829463e-03
0.087500,0.962500,1.030131e-02
0.100000,0.962500,1.177324e-02
0.112500,0.962500,1.324525e-02
0.125000,0.962500,1.471733e-02
0.137500,0.962500,1.618950e-02
0.150000,0.962500,1.766174e-02
0.162500,0.962500,1.913406e-02
0.175000,0.962500,2.060645e-02
0.187500,0.962500,2.207893e-02
0.200000,0.962500,2.355148e-02
0.212500,0.962500,2.502411e-02
0.225000,0.962500,2.649682e-02
0.237500,0.962500,2.796961e-02
0.250000,0.962500,2.944248e-02
0.262500,0.962500,3.091542e-02
0.275000,0.962500,3.238844e-02
0.287500,0.962500,3.386154e-02
0.300000,0.962500,3.533472e-02
0.312500,0.962500,3.680798e-02
0.325000,0.962500,3.828131e-02
0.337500,0.962500,3.975472e-02
0.350000,0.962500,4.122821e-02
0.362500,0.962500,4.270178e-02
0.375000,0.962500,4.417543e-02
0.387500,0.962500,4.564915e-02
0.400000,0.962500,4.712296e-02
0.412500,0.962500,4.859684e-02
0.425000,0.962500,5.007080e-02
0.437500,0.962500,5.154484e-02
0.450000,0.962500,5.301895e-02
0.462500,0.962500,5.449314e-02
0.475000,0.962500,5.596742e-02
0.487500,0.962500,5.744177e-02
0.500000,0.962500,5.891619e-02
0.512500,0.962500,6.039070e-02
0.525000,0.962500,6.186528e-02
0.537500,0.962500,6.333995e-02
0.550000,0.962500,6.481469e-02
0.562500,0.962500,6.628950e-02
0.575000,0.962500,6.776440e-02
0.587500,0.962500,6.923938e-02
0.600000,0.962500,7.071443e-02
0.612500,0.962500,7.218956e-02
0.625000,0.962500,7.366477e-02
0.637500,0.962500,7.514005e-02
0.650000,0.962500,7.661542e-02
0.662500,0.962500,7.809086e-02
0.675000,0.962500,7.956638e-02
0.687500,0.962500,8.104198e-02
0.700000,0.962500,8.251766e-02
0.712500,0.962500,8.399342e-02
0.725000,0.962500,8.546925e-02
0.737500,0.962500,8.694512e-02
0.750000,0.962500,8.841924e-02
0.762500,0.962500,8.989073e-02
0.775000,0.962500,9.135958e-02
0.787500,0.962500,9.282578e-02
0.800000,0.962500,9.428935e-02
0.812500,0.962500,9.575027e-02
0.825000,0.962500,9.720855e-02
0.837500,0.962500,9.866419e-02
0.850000,0.962500,1.001172e-01
0.862500,0.962500,1.015675e-01
0.875000,0.962500,1.030153e-01
0.887500,0.962500,1.044603e-01
0.900000,0.962500,1.058295e-01
0.912500,0.962500,1.067956e-01
0.925000,0.962500,1.073194e-01
0.937500,0.962500,1.072346e-01
0.950000,0.962500,1.052526e-01
0.962500,0.962500,9.967971e-02
0.975000,0.962500,8.674736e-02
0.987500,0.962500,5.876049e-02
1.000000,0.962500,0.000000e+00
0.000000,0.975000,0.000000e+00
0.012500,0.975000,9.844930e-04
0.025000,0.975000,1.969038e-03
0.037500,0.975000,2.953635e-03
0.050000,0.975000,3.938285e-03
0.062500,0.975000,4.922986e-03
0.075000,0.975000,5.907740e-03
0.087500,0.975000,6.892546e-03
0.100000,0.975000,7.877404e-03
0.112500,0.975000,8.862314e-03
0.125000,0.975000,9.847277e-03
0.137500,0.975000,1.083229e-02
0.150000,0.975000,1.181736e-02
0.162500,0.975000,1.280248e-02
0.175000,0.975000,1.378765e-02
0.187500,0.975000,1.477287e-02
0.200000,0.975000,1.575815e-02
0.212500,0.975000,1.674347e-02
0.225000,0.975000,1.772885e-02
0.237500,0.975000,1.871428e-02
0.250000,0.975000,1.969977e-02
0.262500,0.975000,2.068530e-02
0.275000,0.975000,2.167089e-02
0.287500,0.975000,2.265653e-02
0.300000,0.975000,2.364222e-02
0.312500,0.975000,2.462797e-02
0.325000,0.975000,2.561377e-02
0.337500,0.975000,2.659961e-02
0.350000,0.975000,2.758551e-02
0.362500,0.975000,2.857147e-02
0.375000,0.975000,2.955747e-02
0.387500,0.975000,3.054353e-02
0.400000,0.975000,3.152964e-02
0.412500,0.975000,3.251580e-02
0.425000,0.975000,3.350202e-02
0.437500,0.975000,3.448828e-02
0.450000,0.975000,3.547460e-02
0.462500,0.975000,3.646097e-02
0.475000,0.975000,3.744739e-02
0.487500,0.975000,3.843387e-02
0.500000,0.975000,3.942039e-02
0.512500,0.975000,4.040697e-02
0.525000,0.975000,4.139360e-02
0.537500,0.975000,4.238029e-02
0.550000,0.975000,4.336702e-02
0.562500,0.975000,4.435381e-02
0.575000,0.975000,4.534065e-02
0.587500,0.975000,4.632754e-02
0.600000,0.975000,4.731448e-02
0.612500,0.975000,4.830148e-02
0.625000,0.975000,4.928853e-02
0.637500,0.975000,5.027563e-02
0.650000,0.975000,5.126278e-02
0.662500,0.975000,5.224998e-02
0.675000,0.975000,5.323724e-02
0.687500,0.975000,5.422455e-02
0.700000,0.975000,5.521191e-02
0.712500,0.975000,5.619932e-02
0.725000,0.975000,5.718679e-02
0.737500,0.975000,5.817428e-02
0.750000,0.975000,5.916060e-02
0.762500,0.975000,6.014516e-02
0.775000,0.975000,6.112795e-02
0.787500,0.975000,6.210897e-02
0.800000,0.975000,6.308822e-02
0.812500,0.975000,6.406571e-02
0.825000,0.975000,6.504143e-02
0.837500,0.975000,6.601538e-02
0.850000,0.975000,6.698757e-02
0.862500,0.975000,6.795799e-02
0.875000,0.975000,6.892664e-02
0.887500,0.975000,6.989352e-02
0.900000,0.975000,7.080961e-02
0.912500,0.975000,7.145602e-02
0.925000,0.975000,7.180648e-02
0.937500,0.975000,7.174971e-02
0.950000,0.975000,7.042358e-02
0.962500,0.975000,6.669483e-02
0.975000,0.975000,5.804190e-02
0.987500,0.975000,3.931613e-02
1.000000,0.975000,0.000000e+00
0.000000,0.987500,0.000000e+00
0.012500,0.987500,4.940324e-04
0.025000,0.987500,9.880909e-04
0.037500,0.987500,1.482176e-03
0.050000,0.987500,1.976286e-03
0.062500,0.987500,2.470423e-03
0.075000,0.987500,2.964586e-03
0.087500,0.987500,3.458775e-03
0.100000,0.987500,3.952990e-03
0.112500,0.987500,4.447231e-03
0.125000,0.987500,4.941499e-03
0.137500,0.987500,5.435792e-03
0.150000,0.987500,5.930112e-03
0.162500,0.987500,6.424458e-03
0.175000,0.987500,6.918830e-03
0.187500,0.987500,7.413227e-03
0.200000,0.987500,7.907651e-03
0.212500,0.987500,8.402102e-03
0.225000,0.987500,8.896578e-03
0.237500,0.987500,9.391080e-03
0.250000,0.987500,9.885609e-03
0.262500,0.987500,1.038016e-02
0.275000,0.987500,1.087474e-02
0.287500,0.987500,1.136935e-02
0.300000,0.987500,1.186398e-02
0.312500,0.987500,1.235864e-02
0.325000,0.987500,1.285333e-02
0.337500,0.987500,1.334804e-02
0.350000,0.987500,1.384278e-02
0.362500,0.987500,1.433754e-02
0.375000,0.987500,1.483233e-02
0.387500,0.987500,1.532715e-02
0.400000,0.987500,1.582199e-02
0.412500,0.987500,1.631686e-02
0.425000,0.987500,1.681175e-02
0.437500,0.987500,1.730667e-02
0.450000,0.987500,1.780162e-02
0.462500,0.987500,1.829659e-02
0.475000,0.987500,1.879159e-02
0.487500,0.987500,1.928661e-02
0.500000,0.987500,1.978166e-02
0.512500,0.987500,2.027674e-02
0.525000,0.987500,2.077184e-02
0.537500,0.987500,2.126697e-02
0.550000,0.987500,2.176213e-02
0.562500,0.987500,2.225731e-02
0.575000,0.987500,2.275251e-02
0.587500,0.987500,2.324775e-02
0.600000,0.987500,2.374301e-02
0.612500,0.987500,2.423829e-02
0.625000,0.987500,2.473360e-02
0.637500,0.987500,2.522894e-02
0.650000,0.987500,2.572431e-02
0.662500,0.987500,2.621970e-02
0.675000,0.987500,2.671511e-02
0.687500,0.987500,2.721056e-02
0.700000,0.987500,2.770602e-02
0.712500,0.987500,2.820152e-02
0.725000,0.987500,2.869704e-02
0.737500,0.987500,2.919257e-02
0.750000,0.987500,2.968752e-02
0.762500,0.987500,3.018158e-02
0.775000,0.987500,3.067475e-02
0.787500,0.987500,3.116704e-02
0.800000,0.987500,3.165844e-02
0.812500,0.987500,3.214895e-02
0.825000,0.987500,3.263858e-02
0.837500,0.987500,3.312732e-02
0.850000,0.987500,3.361517e-02
0.862500,0.987500,3.410214e-02
0.875000,0.987500,3.458821e-02
0.887500,0.987500,3.507341e-02
0.900000,0.987500,3.553311e-02
0.912500,0.987500,3.585749e-02
0.925000,0.987500,3.603335e-02
0.937500,0.987500,3.600486e-02
0.950000,0.987500,3.533939e-02
0.962500,0.987500,3.346826e-02
0.975000,0.987500,2.912611e-02
0.987500,0.987500,1.972930e-02
1.000000,0.987500,0.000000e+00
0.000000,1.000000,0.000000e+00
0.012500,1.000000,0.000000e+00
0.025000,1.000000,0.000000e+00
0.037500,1.000000,0.000000e+00
0.050000,1.000000,0.000000e+00
0.062500,1.000000,0.000000e+00
0.075000,1.000000,0.000000e+00
0.087500,1.000000,0.000000e+00
0.100000,1.000000,0.000000e+00
0.112500,1.000000,0.000000e+00
0.125000,1.000000,0.000000e+00
0.137500,1.000000,0.000000e+00
0.150000,1.000000,0.000000e+00
0.162500,1.000000,0.000000e+00
0.175000,1.000000,0.000000e+00
0.187500,1.000000,0.000000e+00
0.200000,1.000000,0.000000e+00
0.212500,1.000000,0.000000e+00
0.225000,1.000000,0.000000e+00
0.237500,1.000000,0.000000e+00
0.250000,1.000000,0.000000e+00
0.262500,1.000000,0.000000e+00
0.275000,1.000000,0.000000e+00
0.287500,1.000000,0.000000e+00
0.300000,1.000000,0.000000e+00
0.312500,1.000000,0.000000e+00
0.325000,1.000000,0.000000e+00
0.337500,1.000000,0.000000e+00
0.350000,1.000000,0.000000e+00
0.362500,1.000000,0.000000e+00
0.375000,1.000000,0.000000e+00
0.387500,1.000000,0.000000e+00
0.400000,1.000000,0.000000e+00
0.412500,1.000000,0.000000e+00
0.425000,1.000000,0.000000e+00
0.437500,1.000000,0.000000e+00
0.450000,1.000000,0.000000e+00
0.462500,1.000000,0.000000e+00
0.475000,1.000000,0.000000e+00
0.487500,1.000000,0.000000e+00
0.500000,1.000000,0.000000e+00
0.512500,1.000000,0.000000e+00
0.525000,1.000000,0.000000e+00
0.537500,1.000000,0.000000e+00
0.550000,1.000000,0.000000e+00
0.562500,1.000000,0.000000e+00
0.575000,1.000000,0.000000e+00
0.587500,1.000000,0.000000e+00
0.600000,1.000000,0.000000e+00
0.612500,1.000000,0.000000e+00
0.625000,1.000000,0.000000e+00
0.637500,1.000000,0.000000e+00
0.650000,1.000000,0.000000e+00
0.662500,1.000000,0.000000e+00
0.675000,1.000000,0.000000e+00
0.687500,1.000000,0.000000e+00
0.700000,1.000000,0.000000e+00
0.712500,1.000000,0.000000e+00
0.725000,1.000000,0.000000e+00
0.737500,1.000000,0.000000e+00
0.750000,1.000000,0.000000e+00
0.762500,1.000000,0.000000e+00
0.775000,1.000000,0.000000e+00
0.787500,1.000000,0.000000e+00
0.800000,1.000000,0.000000e+00
0.812500,1.000000,0.000000e+00
0.825000,1.000000,0.000000e+00
0.837500,1.000000,0.000000e+00
0.850000,1.000000,0.000000e+00
0.862500,1.000000,0.000000e+00
0.875000,1.000000,0.000000e+00
0.887500,1.000000,0.000000e+00
0.900000,1.000000,0.000000e+00
0.912500,1.000000,0.000000e+00
0.925000,1.000000,0.000000e+00
0.937500,1.000000,0.000000e+00
0.950000,1.000000,0.000000e+00
0.962500,1.000000,0.000000e+00
0.975000,1.000000,0.000000e+00
0.987500,1.000000,0.000000e+00
1.000000,1.000000,0.000000e+00
